current_day,current_hour,current_minute,clicks,leads,spend,cpa,realized_cpc,daily_budget,max_bid,volatility,budget_status,current_day_spend
8,168,10080,0,0,0.0,0.0,0.0,1000.0,1.78,1.0,normal,0.0
8,168,10095,4,0,5.5963,5.5963,1.3991,1000.0,1.78,1.0,normal,5.5963
8,168,10110,8,1,14.24,14.24,1.78,1000.0,1.78,1.0,normal,19.8363
8,168,10125,5,0,0.2249,0.2249,0.045,1000.0,1.78,1.0,normal,20.0612
8,169,10140,4,0,7.48,7.48,1.87,1000.0,1.87,1.0,normal,27.5412
8,169,10155,3,0,5.61,5.61,1.87,1000.0,1.87,1.0,normal,33.1512
8,169,10170,1,0,0.2648,0.2648,0.2648,1000.0,1.87,1.0,normal,33.416
8,169,10185,3,0,5.61,5.61,1.87,1000.0,1.87,1.0,normal,39.026
8,170,10200,5,0,9.0281,9.0281,1.8056,1000.0,1.96,1.0,normal,48.0541
8,170,10215,6,0,11.76,11.76,1.96,1000.0,1.96,1.0,normal,59.8141
8,170,10230,4,1,7.1293,7.1293,1.7823,1000.0,1.96,1.0,normal,66.9434
8,170,10245,4,0,4.3507,4.3507,1.0877,1000.0,1.96,1.0,normal,71.2941
8,171,10260,2,0,4.06,4.06,2.03,1000.0,2.03,1.0,normal,75.3541
8,171,10275,6,0,0.2824,0.2824,0.0471,1000.0,2.03,1.0,normal,75.6365
8,171,10290,7,0,12.2232,12.2232,1.7462,1000.0,2.03,1.0,normal,87.8597
8,171,10305,3,0,6.09,6.09,2.03,1000.0,2.03,1.0,normal,93.9497
8,172,10320,6,0,12.18,12.18,2.03,1000.0,2.03,1.0,normal,106.1297
8,172,10335,6,0,8.7048,8.7048,1.4508,1000.0,2.03,1.0,normal,114.8345
8,172,10350,8,0,16.24,16.24,2.03,1000.0,2.03,1.0,normal,131.0745
8,172,10365,8,0,16.24,16.24,2.03,1000.0,2.03,1.0,normal,147.3145
8,173,10380,2,0,3.6018,3.6018,1.8009,1000.0,2.13,1.0,normal,150.9163
8,173,10395,7,0,1.6531,1.6531,0.2362,1000.0,2.13,1.0,normal,152.5694
8,173,10410,2,0,4.26,4.26,2.13,1000.0,2.13,1.0,normal,156.8294
8,173,10425,2,0,2.1679,2.1679,1.0839,1000.0,2.13,1.0,normal,158.9973
8,174,10440,3,0,6.93,6.93,2.31,1000.0,2.31,1.0,normal,165.9273
8,174,10455,4,0,9.24,9.24,2.31,1000.0,2.31,1.0,normal,175.1673
8,174,10470,3,2,6.93,3.465,2.31,1000.0,2.31,1.0,normal,182.0973
8,174,10485,4,0,9.24,9.24,2.31,1000.0,2.31,1.0,normal,191.3373
8,175,10500,4,0,6.587,6.587,1.6468,1000.0,1.83,1.0,normal,197.9243
8,175,10515,7,0,12.81,12.81,1.83,1000.0,1.83,1.0,normal,210.7343
8,175,10530,4,0,1.1401,1.1401,0.285,1000.0,1.83,1.0,normal,211.8744
8,175,10545,5,0,1.0158,1.0158,0.2032,1000.0,1.83,1.0,normal,212.8902
8,176,10560,5,0,5.3318,5.3318,1.0664,1000.0,1.83,1.0,normal,218.222
8,176,10575,3,0,5.49,5.49,1.83,1000.0,1.83,1.0,normal,223.712
8,176,10590,5,0,9.15,9.15,1.83,1000.0,1.83,1.0,normal,232.862
8,176,10605,5,0,9.15,9.15,1.83,1000.0,1.83,1.0,normal,242.012
8,177,10620,3,0,4.8212,4.8212,1.6071,1000.0,1.99,1.0,normal,246.8332
8,177,10635,3,0,2.3012,2.3012,0.7671,1000.0,1.99,1.0,normal,249.1344
8,177,10650,5,0,9.95,9.95,1.99,1000.0,1.99,1.0,normal,259.0844
8,177,10665,3,0,3.2293,3.2293,1.0764,1000.0,1.99,1.0,normal,262.3137
8,178,10680,6,0,8.864,8.864,1.4773,1000.0,2.09,1.0,normal,271.1777
8,178,10695,7,0,14.63,14.63,2.09,1000.0,2.09,1.0,normal,285.8077
8,178,10710,6,0,10.8805,10.8805,1.8134,1000.0,2.09,1.0,normal,296.6882
8,178,10725,9,0,18.81,18.81,2.09,1000.0,2.09,1.0,normal,315.4982
8,179,10740,3,0,5.686,5.686,1.8953,1000.0,2.05,1.0,normal,321.1842
8,179,10755,4,0,2.3877,2.3877,0.5969,1000.0,2.05,1.0,normal,323.5719
8,179,10770,7,0,14.35,14.35,2.05,1000.0,2.05,1.0,normal,337.9219
8,179,10785,3,0,2.8508,2.8508,0.9503,1000.0,2.05,1.0,normal,340.7727
8,180,10800,5,0,10.25,10.25,2.05,1000.0,2.05,1.0,normal,351.0227
8,180,10815,3,0,6.15,6.15,2.05,1000.0,2.05,1.0,normal,357.1727
8,180,10830,6,0,0.5472,0.5472,0.0912,1000.0,2.05,1.0,normal,357.7199
8,180,10845,5,0,7.8642,7.8642,1.5728,1000.0,2.05,1.0,normal,365.5841
8,181,10860,2,0,1.8273,1.8273,0.9136,1000.0,1.97,1.0,normal,367.4114
8,181,10875,8,0,15.76,15.76,1.97,1000.0,1.97,1.0,normal,383.1714
8,181,10890,1,0,0.3993,0.3993,0.3993,1000.0,1.97,1.0,normal,383.5707
8,181,10905,7,0,12.8582,12.8582,1.8369,1000.0,1.97,1.0,normal,396.4289
8,182,10920,4,0,6.7605,6.7605,1.6901,1000.0,1.89,1.0,normal,403.1894
8,182,10935,2,0,0.7489,0.7489,0.3745,1000.0,1.89,1.0,normal,403.9383
8,182,10950,9,0,5.2278,5.2278,0.5809,1000.0,1.89,1.0,normal,409.1661
8,182,10965,2,0,2.6303,2.6303,1.3151,1000.0,1.89,1.0,normal,411.7964
8,183,10980,6,0,3.2547,3.2547,0.5425,1000.0,1.8,1.0,normal,415.0511
8,183,10995,2,0,3.6,3.6,1.8,1000.0,1.8,1.0,normal,418.6511
8,183,11010,6,0,10.8,10.8,1.8,1000.0,1.8,1.0,normal,429.4511
8,183,11025,5,0,8.7207,8.7207,1.7441,1000.0,1.8,1.0,normal,438.1718
8,184,11040,7,0,12.6,12.6,1.8,1000.0,1.8,1.0,normal,450.7718
8,184,11055,2,0,1.8072,1.8072,0.9036,1000.0,1.8,1.0,normal,452.579
8,184,11070,4,0,7.2,7.2,1.8,1000.0,1.8,1.0,normal,459.779
8,184,11085,6,0,1.7721,1.7721,0.2954,1000.0,1.8,1.0,normal,461.5511
8,185,11100,4,0,0.2045,0.2045,0.0511,1000.0,1.73,1.0,normal,461.7556
8,185,11115,0,0,0.0,0.0,1.73,1000.0,1.73,1.0,normal,461.7556
8,185,11130,0,0,0.0,0.0,1.2596,1000.0,1.73,1.0,normal,461.7556
8,185,11145,3,0,5.19,5.19,1.73,1000.0,1.73,1.0,normal,466.9456
8,186,11160,4,0,6.64,6.64,1.66,1000.0,1.66,1.0,normal,473.5856
8,186,11175,4,1,6.0646,6.0646,1.5162,1000.0,1.66,1.0,normal,479.6502
8,186,11190,6,0,5.942,5.942,0.9903,1000.0,1.66,1.0,normal,485.5922
8,186,11205,4,0,6.64,6.64,1.66,1000.0,1.66,1.0,normal,492.2322
8,187,11220,5,1,7.6551,7.6551,1.531,1000.0,1.58,1.0,normal,499.8873
8,187,11235,4,0,2.9187,2.9187,0.7297,1000.0,1.58,1.0,normal,502.806
8,187,11250,2,0,3.16,3.16,1.58,1000.0,1.58,1.0,normal,505.966
8,187,11265,4,0,6.32,6.32,1.58,1000.0,1.58,1.0,normal,512.286
8,188,11280,4,0,4.4094,4.4094,1.1023,1000.0,1.58,1.0,normal,516.6954
8,188,11295,0,0,0.0,0.0,1.58,1000.0,1.58,1.0,normal,516.6954
8,188,11310,7,0,11.06,11.06,1.58,1000.0,1.58,1.0,normal,527.7554
8,188,11325,4,0,6.32,6.32,1.58,1000.0,1.58,1.0,normal,534.0754
8,189,11340,3,0,4.65,4.65,1.55,1000.0,1.55,1.0,normal,538.7254
8,189,11355,6,1,9.3,9.3,1.55,1000.0,1.55,1.0,normal,548.0254
8,189,11370,6,0,9.3,9.3,1.55,1000.0,1.55,1.0,normal,557.3254
8,189,11385,5,0,4.7377,4.7377,0.9475,1000.0,1.55,1.0,normal,562.0631
8,190,11400,4,0,5.3665,5.3665,1.3416,1000.0,1.52,1.0,normal,567.4296
8,190,11415,1,0,0.2801,0.2801,0.2801,1000.0,1.52,1.0,normal,567.7097
8,190,11430,2,0,3.04,3.04,1.52,1000.0,1.52,1.0,normal,570.7497
8,190,11445,2,0,3.04,3.04,1.52,1000.0,1.52,1.0,normal,573.7897
8,191,11460,3,0,4.47,4.47,1.49,1000.0,1.49,1.0,normal,578.2597
8,191,11475,7,0,10.43,10.43,1.49,1000.0,1.49,1.0,normal,588.6897
8,191,11490,8,1,11.92,11.92,1.49,1000.0,1.49,1.0,normal,600.6097
8,191,11505,3,0,4.2911,4.2911,1.4304,1000.0,1.49,1.0,normal,604.9008
9,192,11520,2,0,0.455,0.455,0.2275,1000.0,1.49,1.0,normal,0.455
9,192,11535,4,0,0.7243,0.7243,0.1811,1000.0,1.49,1.0,normal,1.1793
9,192,11550,2,0,0.7967,0.7967,0.3983,1000.0,1.49,1.0,normal,1.976
9,192,11565,2,0,2.98,2.98,1.49,1000.0,1.49,1.0,normal,4.956
9,193,11580,4,1,5.0403,5.0403,1.2601,1000.0,1.55,1.0,normal,9.9963
9,193,11595,1,0,0.5841,0.5841,0.5841,1000.0,1.55,1.0,normal,10.5804
9,193,11610,3,0,3.2108,3.2108,1.0703,1000.0,1.55,1.0,normal,13.7912
9,193,11625,5,0,7.75,7.75,1.55,1000.0,1.55,1.0,normal,21.5412
9,194,11640,2,0,1.82,1.82,0.91,1000.0,1.58,1.0,normal,23.3612
9,194,11655,2,0,3.16,3.16,1.58,1000.0,1.58,1.0,normal,26.5212
9,194,11670,5,0,0.3269,0.3269,0.0654,1000.0,1.58,1.0,normal,26.8481
9,194,11685,1,0,1.3621,1.3621,1.3621,1000.0,1.58,1.0,normal,28.2102
9,195,11700,7,0,11.48,11.48,1.64,1000.0,1.64,1.0,normal,39.6902
9,195,11715,6,0,1.6896,1.6896,0.2816,1000.0,1.64,1.0,normal,41.3798
9,195,11730,3,1,2.0175,2.0175,0.6725,1000.0,1.64,1.0,normal,43.3973
9,195,11745,2,0,2.2057,2.2057,1.1029,1000.0,1.64,1.0,normal,45.603
9,196,11760,4,0,6.56,6.56,1.64,1000.0,1.64,1.0,normal,52.163
9,196,11775,4,0,6.56,6.56,1.64,1000.0,1.64,1.0,normal,58.723
9,196,11790,3,0,4.92,4.92,1.64,1000.0,1.64,1.0,normal,63.643
9,196,11805,4,0,6.1762,6.1762,1.544,1000.0,1.64,1.0,normal,69.8192
9,197,11820,6,2,5.6816,2.8408,0.9469,1000.0,1.7,1.0,normal,75.5008
9,197,11835,4,0,6.8,6.8,1.7,1000.0,1.7,1.0,normal,82.3008
9,197,11850,2,0,1.0096,1.0096,0.5048,1000.0,1.7,1.0,normal,83.3104
9,197,11865,4,0,6.8,6.8,1.7,1000.0,1.7,1.0,normal,90.1104
9,198,11880,6,0,5.03,5.03,0.8383,1000.0,1.76,1.0,normal,95.1404
9,198,11895,7,0,6.6069,6.6069,0.9438,1000.0,1.76,1.0,normal,101.7473
9,198,11910,4,0,7.04,7.04,1.76,1000.0,1.76,1.0,normal,108.7873
9,198,11925,2,0,3.52,3.52,1.76,1000.0,1.76,1.0,normal,112.3073
9,199,11940,2,0,3.64,3.64,1.82,1000.0,1.82,1.0,normal,115.9473
9,199,11955,5,0,6.514,6.514,1.3028,1000.0,1.82,1.0,normal,122.4613
9,199,11970,5,0,1.0633,1.0633,0.2127,1000.0,1.82,1.0,normal,123.5246
9,199,11985,5,0,3.6807,3.6807,0.7361,1000.0,1.82,1.0,normal,127.2053
9,200,12000,4,0,7.28,7.28,1.82,1000.0,1.82,1.0,normal,134.4853
9,200,12015,6,0,10.92,10.92,1.82,1000.0,1.82,1.0,normal,145.4053
9,200,12030,6,0,4.8147,4.8147,0.8024,1000.0,1.82,1.0,normal,150.22
9,200,12045,6,0,10.92,10.92,1.82,1000.0,1.82,1.0,normal,161.14
9,201,12060,7,0,13.16,13.16,1.88,1000.0,1.88,1.0,normal,174.3
9,201,12075,4,0,7.52,7.52,1.88,1000.0,1.88,1.0,normal,181.82
9,201,12090,7,0,13.16,13.16,1.88,1000.0,1.88,1.0,normal,194.98
9,201,12105,1,0,0.9192,0.9192,0.9192,1000.0,1.88,1.0,normal,195.8992
9,202,12120,6,0,11.7,11.7,1.95,1000.0,1.95,1.0,normal,207.5992
9,202,12135,5,0,4.7909,4.7909,0.9582,1000.0,1.95,1.0,normal,212.3901
9,202,12150,5,0,9.75,9.75,1.95,1000.0,1.95,1.0,normal,222.1401
9,202,12165,5,0,9.75,9.75,1.95,1000.0,1.95,1.0,normal,231.8901
9,203,12180,5,0,5.2914,5.2914,1.0583,1000.0,2.02,1.0,normal,237.1815
9,203,12195,5,0,4.7052,4.7052,0.941,1000.0,2.02,1.0,normal,241.8867
9,203,12210,3,1,6.06,6.06,2.02,1000.0,2.02,1.0,normal,247.9467
9,203,12225,5,0,0.6129,0.6129,0.1226,1000.0,2.02,1.0,normal,248.5596
9,204,12240,3,0,6.06,6.06,2.02,1000.0,2.02,1.0,normal,254.6196
9,204,12255,4,0,8.08,8.08,2.02,1000.0,2.02,1.0,normal,262.6996
9,204,12270,6,0,8.4664,8.4664,1.4111,1000.0,2.02,1.0,normal,271.166
9,204,12285,3,0,5.2393,5.2393,1.7464,1000.0,2.02,1.0,normal,276.4053
9,205,12300,5,0,4.2546,4.2546,0.8509,1000.0,2.09,1.0,normal,280.6599
9,205,12315,3,0,6.27,6.27,2.09,1000.0,2.09,1.0,normal,286.9299
9,205,12330,11,1,20.611,20.611,1.8737,1000.0,2.09,1.0,normal,307.5409
9,205,12345,4,0,8.36,8.36,2.09,1000.0,2.09,1.0,normal,315.9009
9,206,12360,0,0,0.0,0.0,1.4126,1000.0,2.16,1.0,normal,315.9009
9,206,12375,5,0,10.8,10.8,2.16,1000.0,2.16,1.0,normal,326.7009
9,206,12390,5,0,10.8,10.8,2.16,1000.0,2.16,1.0,normal,337.5009
9,206,12405,3,0,6.2669,6.2669,2.089,1000.0,2.16,1.0,normal,343.7678
9,207,12420,4,0,4.0125,4.0125,1.0031,1000.0,2.24,1.0,normal,347.7803
9,207,12435,8,0,8.2059,8.2059,1.0257,1000.0,2.24,1.0,normal,355.9862
9,207,12450,5,1,11.2,11.2,2.24,1000.0,2.24,1.0,normal,367.1862
9,207,12465,6,1,6.8422,6.8422,1.1404,1000.0,2.24,1.0,normal,374.0284
9,208,12480,0,0,0.0,0.0,0.01,1000.0,0.01,1.0,normal,374.0284
9,208,12495,0,0,0.0,0.0,0.01,1000.0,0.01,1.0,normal,374.0284
9,208,12510,0,0,0.0,0.0,0.01,1000.0,0.01,1.0,normal,374.0284
9,208,12525,0,0,0.0,0.0,0.01,1000.0,0.01,1.0,normal,374.0284
9,209,12540,0,0,0.0,0.0,0.01,1000.0,0.01,1.0,normal,374.0284
9,209,12555,0,0,0.0,0.0,0.01,1000.0,0.01,1.0,normal,374.0284
9,209,12570,0,0,0.0,0.0,0.01,1000.0,0.01,1.0,normal,374.0284
9,209,12585,0,0,0.0,0.0,0.01,1000.0,0.01,1.0,normal,374.0284
9,210,12600,0,0,0.0,0.0,0.01,1000.0,0.01,1.0,normal,374.0284
9,210,12615,0,0,0.0,0.0,0.01,1000.0,0.01,1.0,normal,374.0284
9,210,12630,0,0,0.0,0.0,0.01,1000.0,0.01,1.0,normal,374.0284
9,210,12645,0,0,0.0,0.0,0.01,1000.0,0.01,1.0,normal,374.0284
9,211,12660,0,0,0.0,0.0,0.01,1000.0,0.01,1.0,normal,374.0284
9,211,12675,0,0,0.0,0.0,0.01,1000.0,0.01,1.0,normal,374.0284
9,211,12690,0,0,0.0,0.0,0.01,1000.0,0.01,1.0,normal,374.0284
9,211,12705,0,0,0.0,0.0,0.01,1000.0,0.01,1.0,normal,374.0284
9,212,12720,10,0,42.0,42.0,4.2,1000.0,4.2,1.0,normal,416.0284
9,212,12735,5,0,21.0,21.0,4.2,1000.0,4.2,1.0,normal,437.0284
9,212,12750,9,0,15.495,15.495,1.7217,1000.0,4.2,1.0,normal,452.5234
9,212,12765,10,0,42.0,42.0,4.2,1000.0,4.2,1.0,normal,494.5234
9,213,12780,7,0,20.4514,20.4514,2.9216,1000.0,4.35,1.0,normal,514.9748
9,213,12795,9,0,35.5599,35.5599,3.9511,1000.0,4.35,1.0,normal,550.5347
9,213,12810,18,0,78.3,78.3,4.35,1000.0,4.35,1.0,normal,628.8347
9,213,12825,7,0,17.6927,17.6927,2.5275,1000.0,4.35,1.0,normal,646.5274
9,214,12840,13,0,31.9767,31.9767,2.4597,1000.0,4.24,1.0,normal,678.5041
9,214,12855,9,0,16.0643,16.0643,1.7849,1000.0,4.24,1.0,normal,694.5684
9,214,12870,12,1,6.4889,6.4889,0.5407,1000.0,4.24,1.0,normal,701.0573
9,214,12885,8,0,33.92,33.92,4.24,1000.0,4.24,1.0,normal,734.9773
9,215,12900,14,1,12.7444,12.7444,0.9103,1000.0,4.13,1.0,normal,747.7217
9,215,12915,6,0,14.0663,14.0663,2.3444,1000.0,4.13,1.0,normal,761.788
9,215,12930,15,0,11.8528,11.8528,0.7902,1000.0,4.13,1.0,normal,773.6408
9,215,12945,15,1,61.95,61.95,4.13,1000.0,4.13,1.0,normal,835.5908
10,216,12960,8,0,33.6,33.6,4.2,1000.0,4.2,1.0,normal,33.6
10,216,12975,6,0,17.651,17.651,2.9418,1000.0,4.2,1.0,normal,51.251
10,216,12990,11,0,46.2,46.2,4.2,1000.0,4.2,1.0,normal,97.451
10,216,13005,11,0,30.1966,30.1966,2.7451,1000.0,4.2,1.0,normal,127.6476
10,217,13020,13,0,52.39,52.39,4.03,1000.0,4.03,1.0,normal,180.0376
10,217,13035,8,0,11.0438,11.0438,1.3805,1000.0,4.03,1.0,normal,191.0814
10,217,13050,13,1,21.2456,21.2456,1.6343,1000.0,4.03,1.0,normal,212.327
10,217,13065,9,0,12.2884,12.2884,1.3654,1000.0,4.03,1.0,normal,224.6154
10,218,13080,10,0,1.3833,1.3833,0.1383,1000.0,3.87,1.0,normal,225.9987
10,218,13095,12,0,25.0631,25.0631,2.0886,1000.0,3.87,1.0,normal,251.0618
10,218,13110,11,0,33.8755,33.8755,3.0796,1000.0,3.87,1.0,normal,284.9373
10,218,13125,14,1,25.0749,25.0749,1.7911,1000.0,3.87,1.0,normal,310.0122
10,219,13140,13,0,33.2267,33.2267,2.5559,1000.0,3.72,1.0,normal,343.2389
10,219,13155,12,0,12.5683,12.5683,1.0474,1000.0,3.72,1.0,normal,355.8072
10,219,13170,6,0,10.26,10.26,1.71,1000.0,3.72,1.0,normal,366.0672
10,219,13185,10,1,37.2,37.2,3.72,1000.0,3.72,1.0,normal,403.2672
10,220,13200,11,0,40.92,40.92,3.72,1000.0,3.72,1.0,normal,444.1872
10,220,13215,5,0,14.542,14.542,2.9084,1000.0,3.72,1.0,normal,458.7292
10,220,13230,6,0,13.9704,13.9704,2.3284,1000.0,3.72,1.0,normal,472.6996
10,220,13245,6,0,2.8152,2.8152,0.4692,1000.0,3.72,1.0,normal,475.5148
10,221,13260,12,0,15.6814,15.6814,1.3068,1000.0,3.6,1.0,normal,491.1962
10,221,13275,13,0,18.7045,18.7045,1.4388,1000.0,3.6,1.0,normal,509.9007
10,221,13290,8,0,3.5793,3.5793,0.4474,1000.0,3.6,1.0,normal,513.48
10,221,13305,7,0,14.1116,14.1116,2.0159,1000.0,3.6,1.0,normal,527.5916
10,222,13320,11,2,14.949,7.4745,1.359,1000.0,3.47,1.0,normal,542.5406
10,222,13335,6,1,4.2875,4.2875,0.7146,1000.0,3.47,1.0,normal,546.8281
10,222,13350,11,0,7.5904,7.5904,0.69,1000.0,3.47,1.0,normal,554.4185
10,222,13365,7,0,13.3613,13.3613,1.9088,1000.0,3.47,1.0,normal,567.7798
10,223,13380,7,0,13.1598,13.1598,1.88,1000.0,3.35,1.0,normal,580.9396
10,223,13395,4,0,5.0754,5.0754,1.2689,1000.0,3.35,1.0,normal,586.015
10,223,13410,8,1,26.8,26.8,3.35,1000.0,3.35,1.0,normal,612.815
10,223,13425,13,1,29.148,29.148,2.2422,1000.0,3.35,1.0,normal,641.963
10,224,13440,4,0,0.5021,0.5021,0.1255,1000.0,3.35,1.0,normal,642.4651
10,224,13455,7,0,23.45,23.45,3.35,1000.0,3.35,1.0,normal,665.9151
10,224,13470,17,0,56.95,56.95,3.35,1000.0,3.35,1.0,normal,722.8651
10,224,13485,8,0,26.8,26.8,3.35,1000.0,3.35,1.0,normal,749.6651
10,225,13500,10,0,22.2695,22.2695,2.2269,1000.0,3.24,1.0,normal,771.9346
10,225,13515,6,0,13.5207,13.5207,2.2534,1000.0,3.24,1.0,normal,785.4553
10,225,13530,6,0,10.7713,10.7713,1.7952,1000.0,3.24,1.0,normal,796.2266
10,225,13545,8,0,16.0611,16.0611,2.0076,1000.0,3.24,1.0,normal,812.2877
10,226,13560,10,2,15.9455,7.9728,1.5946,1000.0,3.13,1.0,normal,828.2332
10,226,13575,10,0,23.6828,23.6828,2.3683,1000.0,3.13,1.0,normal,851.916
10,226,13590,1,1,1.2254,1.2254,1.2254,1000.0,3.13,1.0,normal,853.1414
10,226,13605,8,0,25.04,25.04,3.13,1000.0,3.13,1.0,normal,878.1814
10,227,13620,8,1,10.965,10.965,1.3706,1000.0,3.02,1.0,normal,889.1464
10,227,13635,2,0,0.7739,0.7739,0.3869,1000.0,3.02,1.0,normal,889.9203
10,227,13650,8,1,24.16,24.16,3.02,1000.0,3.02,1.0,budget_constrained,914.0803
10,227,13665,4,0,7.5717,7.5717,1.8929,1000.0,3.02,1.0,budget_constrained,921.652
10,228,13680,9,0,8.6267,8.6267,0.9585,1000.0,3.32,1.0,budget_constrained,930.2787
10,228,13695,7,0,23.24,23.24,3.32,1000.0,3.32,1.0,budget_constrained,953.5187
10,228,13710,9,0,1.5294,1.5294,0.1699,1000.0,3.32,1.0,budget_constrained,955.0481
10,228,13725,4,0,4.207,4.207,1.0517,1000.0,3.32,1.0,budget_constrained,959.2551
10,229,13740,11,1,8.5055,8.5055,0.7732,1000.0,3.32,1.0,budget_constrained,967.7606
10,229,13755,5,0,16.6,16.6,3.32,1000.0,3.32,1.0,budget_constrained,984.3606
10,229,13770,8,0,11.3566,11.3566,1.4196,1000.0,3.32,1.0,budget_constrained,995.7172
10,229,13785,1,0,4.2828,4.2828,3.32,1000.0,3.32,1.0,budget_depleted,1000.0
10,230,13800,0,0,0.0,0.0,0.0,1000.0,3.32,1.0,budget_depleted,1000.0
10,230,13815,0,0,0.0,0.0,0.0,1000.0,3.32,1.0,budget_depleted,1000.0
10,230,13830,0,0,0.0,0.0,0.0,1000.0,3.32,1.0,budget_depleted,1000.0
10,230,13845,0,0,0.0,0.0,0.0,1000.0,3.32,1.0,budget_depleted,1000.0
10,231,13860,0,0,0.0,0.0,0.0,1000.0,3.32,1.0,budget_depleted,1000.0
10,231,13875,0,0,0.0,0.0,0.0,1000.0,3.32,1.0,budget_depleted,1000.0
10,231,13890,0,0,0.0,0.0,0.0,1000.0,3.32,1.0,budget_depleted,1000.0
10,231,13905,0,0,0.0,0.0,0.0,1000.0,3.32,1.0,budget_depleted,1000.0
10,232,13920,0,0,0.0,0.0,0.0,1000.0,4.32,1.0,budget_depleted,1000.0
10,232,13935,0,0,0.0,0.0,0.0,1000.0,4.32,1.0,budget_depleted,1000.0
10,232,13950,0,0,0.0,0.0,0.0,1000.0,4.32,1.0,budget_depleted,1000.0
10,232,13965,0,0,0.0,0.0,0.0,1000.0,4.32,1.0,budget_depleted,1000.0
10,233,13980,0,0,0.0,0.0,0.0,1000.0,4.32,1.0,budget_depleted,1000.0
10,233,13995,0,0,0.0,0.0,0.0,1000.0,4.32,1.0,budget_depleted,1000.0
10,233,14010,0,0,0.0,0.0,0.0,1000.0,4.32,1.0,budget_depleted,1000.0
10,233,14025,0,0,0.0,0.0,0.0,1000.0,4.32,1.0,budget_depleted,1000.0
10,234,14040,0,0,0.0,0.0,0.0,1000.0,4.32,1.0,budget_depleted,1000.0
10,234,14055,0,0,0.0,0.0,0.0,1000.0,4.32,1.0,budget_depleted,1000.0
10,234,14070,0,0,0.0,0.0,0.0,1000.0,4.32,1.0,budget_depleted,1000.0
10,234,14085,0,0,0.0,0.0,0.0,1000.0,4.32,1.0,budget_depleted,1000.0
10,235,14100,0,0,0.0,0.0,0.0,1000.0,4.32,1.0,budget_depleted,1000.0
10,235,14115,0,0,0.0,0.0,0.0,1000.0,4.32,1.0,budget_depleted,1000.0
10,235,14130,0,0,0.0,0.0,0.0,1000.0,4.32,1.0,budget_depleted,1000.0
10,235,14145,0,0,0.0,0.0,0.0,1000.0,4.32,1.0,budget_depleted,1000.0
10,236,14160,0,0,0.0,0.0,0.0,1000.0,4.32,1.0,budget_depleted,1000.0
10,236,14175,0,0,0.0,0.0,0.0,1000.0,4.32,1.0,budget_depleted,1000.0
10,236,14190,0,0,0.0,0.0,0.0,1000.0,4.32,1.0,budget_depleted,1000.0
10,236,14205,0,0,0.0,0.0,0.0,1000.0,4.32,1.0,budget_depleted,1000.0
10,237,14220,0,0,0.0,0.0,0.0,1000.0,3.54,1.0,budget_depleted,1000.0
10,237,14235,0,0,0.0,0.0,0.0,1000.0,3.54,1.0,budget_depleted,1000.0
10,237,14250,0,0,0.0,0.0,0.0,1000.0,3.54,1.0,budget_depleted,1000.0
10,237,14265,0,0,0.0,0.0,0.0,1000.0,3.54,1.0,budget_depleted,1000.0
10,238,14280,0,0,0.0,0.0,0.0,1000.0,2.9,1.0,budget_depleted,1000.0
10,238,14295,0,0,0.0,0.0,0.0,1000.0,2.9,1.0,budget_depleted,1000.0
10,238,14310,0,0,0.0,0.0,0.0,1000.0,2.9,1.0,budget_depleted,1000.0
10,238,14325,0,0,0.0,0.0,0.0,1000.0,2.9,1.0,budget_depleted,1000.0
10,239,14340,0,0,0.0,0.0,0.0,1000.0,1.3,1.0,budget_depleted,1000.0
10,239,14355,0,0,0.0,0.0,0.0,1000.0,1.3,1.0,budget_depleted,1000.0
10,239,14370,0,0,0.0,0.0,0.0,1000.0,1.3,1.0,budget_depleted,1000.0
10,239,14385,0,0,0.0,0.0,0.0,1000.0,1.3,1.0,budget_depleted,1000.0
11,240,14400,0,0,0.0,0.0,0.0,1000.0,1.69,1.0,normal,0.0
11,240,14415,5,1,8.45,8.45,1.69,1000.0,1.69,1.0,normal,8.45
11,240,14430,7,0,11.83,11.83,1.69,1000.0,1.69,1.0,normal,20.28
11,240,14445,4,0,2.6652,2.6652,0.6663,1000.0,1.69,1.0,normal,22.9452
11,241,14460,5,1,7.2656,7.2656,1.4531,1000.0,1.75,1.0,normal,30.2108
11,241,14475,5,0,8.75,8.75,1.75,1000.0,1.75,1.0,normal,38.9608
11,241,14490,5,0,8.75,8.75,1.75,1000.0,1.75,1.0,normal,47.7108
11,241,14505,2,0,3.5,3.5,1.75,1000.0,1.75,1.0,normal,51.2108
11,242,14520,3,0,5.43,5.43,1.81,1000.0,1.81,1.0,normal,56.6408
11,242,14535,4,0,3.2256,3.2256,0.8064,1000.0,1.81,1.0,normal,59.8664
11,242,14550,1,0,1.81,1.81,1.81,1000.0,1.81,1.0,normal,61.6764
11,242,14565,3,0,4.7507,4.7507,1.5836,1000.0,1.81,1.0,normal,66.4271
11,243,14580,7,0,10.9904,10.9904,1.5701,1000.0,1.87,1.0,normal,77.4175
11,243,14595,7,0,13.09,13.09,1.87,1000.0,1.87,1.0,normal,90.5075
11,243,14610,6,0,4.4853,4.4853,0.7476,1000.0,1.87,1.0,normal,94.9928
11,243,14625,5,0,8.3393,8.3393,1.6679,1000.0,1.87,1.0,normal,103.3321
11,244,14640,3,0,2.3677,2.3677,0.7892,1000.0,1.87,1.0,normal,105.6998
11,244,14655,5,0,9.35,9.35,1.87,1000.0,1.87,1.0,normal,115.0498
11,244,14670,6,0,3.1802,3.1802,0.53,1000.0,1.87,1.0,normal,118.23
11,244,14685,5,0,9.35,9.35,1.87,1000.0,1.87,1.0,normal,127.58
11,245,14700,7,0,6.2204,6.2204,0.8886,1000.0,1.94,1.0,normal,133.8004
11,245,14715,7,0,13.58,13.58,1.94,1000.0,1.94,1.0,normal,147.3804
11,245,14730,5,0,8.7777,8.7777,1.7555,1000.0,1.94,1.0,normal,156.1581
11,245,14745,5,0,2.8025,2.8025,0.5605,1000.0,1.94,1.0,normal,158.9606
11,246,14760,7,0,14.07,14.07,2.01,1000.0,2.01,1.0,normal,173.0306
11,246,14775,6,0,12.06,12.06,2.01,1000.0,2.01,1.0,normal,185.0906
11,246,14790,1,0,0.9276,0.9276,0.9276,1000.0,2.01,1.0,normal,186.0182
11,246,14805,2,0,4.02,4.02,2.01,1000.0,2.01,1.0,normal,190.0382
11,247,14820,8,0,5.4856,5.4856,0.6857,1000.0,2.08,1.0,normal,195.5238
11,247,14835,6,0,10.7914,10.7914,1.7986,1000.0,2.08,1.0,normal,206.3152
11,247,14850,5,0,10.4,10.4,2.08,1000.0,2.08,1.0,normal,216.7152
11,247,14865,4,0,3.8615,3.8615,0.9654,1000.0,2.08,1.0,normal,220.5767
11,248,14880,5,1,10.4,10.4,2.08,1000.0,2.08,1.0,normal,230.9767
11,248,14895,4,0,8.32,8.32,2.08,1000.0,2.08,1.0,normal,239.2967
11,248,14910,8,1,16.64,16.64,2.08,1000.0,2.08,1.0,normal,255.9367
11,248,14925,4,1,3.3901,3.3901,0.8475,1000.0,2.08,1.0,normal,259.3268
11,249,14940,1,0,2.15,2.15,2.15,1000.0,2.15,1.0,normal,261.4768
11,249,14955,8,0,17.2,17.2,2.15,1000.0,2.15,1.0,normal,278.6768
11,249,14970,7,0,2.0747,2.0747,0.2964,1000.0,2.15,1.0,normal,280.7515
11,249,14985,3,0,6.45,6.45,2.15,1000.0,2.15,1.0,normal,287.2015
11,250,15000,6,1,13.38,13.38,2.23,1000.0,2.23,1.0,normal,300.5815
11,250,15015,5,0,9.1618,9.1618,1.8324,1000.0,2.23,1.0,normal,309.7433
11,250,15030,6,1,13.38,13.38,2.23,1000.0,2.23,1.0,normal,323.1233
11,250,15045,5,0,6.7554,6.7554,1.3511,1000.0,2.23,1.0,normal,329.8787
11,251,15060,9,0,4.0103,4.0103,0.4456,1000.0,2.31,1.0,normal,333.889
11,251,15075,8,0,7.7112,7.7112,0.9639,1000.0,2.31,1.0,normal,341.6002
11,251,15090,4,0,9.24,9.24,2.31,1000.0,2.31,1.0,normal,350.8402
11,251,15105,5,0,0.9125,0.9125,0.1825,1000.0,2.31,1.0,normal,351.7527
11,252,15120,6,0,0.6867,0.6867,0.1145,1000.0,2.31,1.0,normal,352.4394
11,252,15135,6,0,13.86,13.86,2.31,1000.0,2.31,1.0,normal,366.2994
11,252,15150,6,1,4.1345,4.1345,0.6891,1000.0,2.31,1.0,normal,370.4339
11,252,15165,7,0,14.8076,14.8076,2.1154,1000.0,2.31,1.0,normal,385.2415
11,253,15180,4,0,9.56,9.56,2.39,1000.0,2.39,1.0,normal,394.8015
11,253,15195,9,1,1.0485,1.0485,0.1165,1000.0,2.39,1.0,normal,395.85
11,253,15210,8,1,12.9427,12.9427,1.6178,1000.0,2.39,1.0,normal,408.7927
11,253,15225,5,0,11.95,11.95,2.39,1000.0,2.39,1.0,normal,420.7427
11,254,15240,4,0,2.5205,2.5205,0.6301,1000.0,2.47,1.0,normal,423.2632
11,254,15255,2,0,2.5015,2.5015,1.2508,1000.0,2.47,1.0,normal,425.7647
11,254,15270,6,0,4.1557,4.1557,0.6926,1000.0,2.47,1.0,normal,429.9204
11,254,15285,5,0,12.35,12.35,2.47,1000.0,2.47,1.0,normal,442.2704
11,255,15300,15,1,30.0502,30.0502,2.0033,1000.0,2.56,1.0,normal,472.3206
11,255,15315,11,0,0.8446,0.8446,0.0768,1000.0,2.56,1.0,normal,473.1652
11,255,15330,8,0,5.6813,5.6813,0.7102,1000.0,2.56,1.0,normal,478.8465
11,255,15345,6,0,13.9383,13.9383,2.3231,1000.0,2.56,1.0,normal,492.7848
11,256,15360,7,0,8.5015,8.5015,1.2145,1000.0,2.56,1.0,normal,501.2863
11,256,15375,1,0,1.86,1.86,1.86,1000.0,2.56,1.0,normal,503.1463
11,256,15390,9,2,3.0613,1.5306,0.3401,1000.0,2.56,1.0,normal,506.2076
11,256,15405,6,0,15.36,15.36,2.56,1000.0,2.56,1.0,normal,521.5676
11,257,15420,8,0,9.5291,9.5291,1.1911,1000.0,2.65,1.0,normal,531.0967
11,257,15435,5,0,9.0004,9.0004,1.8001,1000.0,2.65,1.0,normal,540.0971
11,257,15450,11,0,23.707,23.707,2.1552,1000.0,2.65,1.0,normal,563.8041
11,257,15465,8,1,9.3229,9.3229,1.1654,1000.0,2.65,1.0,normal,573.127
11,258,15480,8,1,12.9618,12.9618,1.6202,1000.0,2.74,1.0,normal,586.0888
11,258,15495,5,0,12.695,12.695,2.539,1000.0,2.74,1.0,normal,598.7838
11,258,15510,5,0,3.7342,3.7342,0.7468,1000.0,2.74,1.0,normal,602.518
11,258,15525,4,1,9.8518,9.8518,2.4629,1000.0,2.74,1.0,normal,612.3698
11,259,15540,4,0,11.36,11.36,2.84,1000.0,2.84,1.0,normal,623.7298
11,259,15555,8,1,22.72,22.72,2.84,1000.0,2.84,1.0,normal,646.4498
11,259,15570,6,0,17.04,17.04,2.84,1000.0,2.84,1.0,normal,663.4898
11,259,15585,6,1,17.04,17.04,2.84,1000.0,2.84,1.0,normal,680.5298
11,260,15600,9,0,13.2949,13.2949,1.4772,1000.0,2.84,1.0,normal,693.8247
11,260,15615,9,0,22.6149,22.6149,2.5128,1000.0,2.84,1.0,normal,716.4396
11,260,15630,6,1,1.2504,1.2504,0.2084,1000.0,2.84,1.0,normal,717.69
11,260,15645,2,0,1.1753,1.1753,0.5876,1000.0,2.84,1.0,normal,718.8653
11,261,15660,4,0,2.0309,2.0309,0.5077,1000.0,2.94,1.0,normal,720.8962
11,261,15675,11,1,32.34,32.34,2.94,1000.0,2.94,1.0,normal,753.2362
11,261,15690,3,0,6.4576,6.4576,2.1525,1000.0,2.94,1.0,normal,759.6938
11,261,15705,6,0,13.09,13.09,2.1817,1000.0,2.94,1.0,normal,772.7838
11,262,15720,8,0,16.6274,16.6274,2.0784,1000.0,3.04,1.0,normal,789.4112
11,262,15735,5,1,6.3836,6.3836,1.2767,1000.0,3.04,1.0,normal,795.7948
11,262,15750,6,0,13.5353,13.5353,2.2559,1000.0,3.04,1.0,normal,809.3301
11,262,15765,11,1,25.6128,25.6128,2.3284,1000.0,3.04,1.0,normal,834.9429
11,263,15780,10,0,31.2,31.2,3.12,1000.0,3.12,1.0,normal,866.1429
11,263,15795,11,0,16.0363,16.0363,1.4578,1000.0,3.12,1.0,normal,882.1792
11,263,15810,12,0,9.9063,9.9063,0.8255,1000.0,3.12,1.0,normal,892.0855
11,263,15825,11,0,15.0345,15.0345,1.3668,1000.0,3.12,1.0,budget_constrained,907.12
12,264,15840,7,0,16.6586,16.6586,2.3798,1000.0,3.12,1.0,normal,16.6586
12,264,15855,6,0,14.443,14.443,2.4072,1000.0,3.12,1.0,normal,31.1016
12,264,15870,1,0,2.0901,2.0901,2.0901,1000.0,3.12,1.0,normal,33.1917
12,264,15885,13,2,40.56,20.28,3.12,1000.0,3.12,1.0,normal,73.7517
12,265,15900,7,0,22.61,22.61,3.23,1000.0,3.23,1.0,normal,96.3617
12,265,15915,9,0,14.7726,14.7726,1.6414,1000.0,3.23,1.0,normal,111.1343
12,265,15930,6,0,17.0416,17.0416,2.8403,1000.0,3.23,1.0,normal,128.1759
12,265,15945,4,1,0.2715,0.2715,0.0679,1000.0,3.23,1.0,normal,128.4474
12,266,15960,7,0,21.6473,21.6473,3.0925,1000.0,3.34,1.0,normal,150.0947
12,266,15975,15,0,40.4059,40.4059,2.6937,1000.0,3.34,1.0,normal,190.5006
12,266,15990,8,0,26.72,26.72,3.34,1000.0,3.34,1.0,normal,217.2206
12,266,16005,13,0,43.42,43.42,3.34,1000.0,3.34,1.0,normal,260.6406
12,267,16020,10,0,34.6,34.6,3.46,1000.0,3.46,1.0,normal,295.2406
12,267,16035,11,0,21.0324,21.0324,1.912,1000.0,3.46,1.0,normal,316.273
12,267,16050,5,0,7.9396,7.9396,1.5879,1000.0,3.46,1.0,normal,324.2126
12,267,16065,13,0,6.9024,6.9024,0.531,1000.0,3.46,1.0,normal,331.115
12,268,16080,8,0,5.0662,5.0662,0.6333,1000.0,3.46,1.0,normal,336.1812
12,268,16095,7,0,24.22,24.22,3.46,1000.0,3.46,1.0,normal,360.4012
12,268,16110,9,0,31.14,31.14,3.46,1000.0,3.46,1.0,normal,391.5412
12,268,16125,12,0,41.52,41.52,3.46,1000.0,3.46,1.0,normal,433.0612
12,269,16140,7,0,15.1705,15.1705,2.1672,1000.0,3.34,1.0,normal,448.2317
12,269,16155,6,1,6.1425,6.1425,1.0238,1000.0,3.34,1.0,normal,454.3742
12,269,16170,7,1,23.38,23.38,3.34,1000.0,3.34,1.0,normal,477.7542
12,269,16185,10,0,9.519,9.519,0.9519,1000.0,3.34,1.0,normal,487.2732
12,270,16200,11,0,11.9927,11.9927,1.0902,1000.0,3.23,1.0,normal,499.2659
12,270,16215,8,0,25.84,25.84,3.23,1000.0,3.23,1.0,normal,525.1059
12,270,16230,5,0,11.6409,11.6409,2.3282,1000.0,3.23,1.0,normal,536.7468
12,270,16245,11,0,35.53,35.53,3.23,1000.0,3.23,1.0,normal,572.2768
12,271,16260,8,0,0.6268,0.6268,0.0784,1000.0,3.11,1.0,normal,572.9036
12,271,16275,9,0,19.4546,19.4546,2.1616,1000.0,3.11,1.0,normal,592.3582
12,271,16290,13,0,28.9517,28.9517,2.2271,1000.0,3.11,1.0,normal,621.3099
12,271,16305,12,0,17.7477,17.7477,1.479,1000.0,3.11,1.0,normal,639.0576
12,272,16320,8,0,12.5052,12.5052,1.5631,1000.0,3.11,1.0,normal,651.5628
12,272,16335,16,0,49.76,49.76,3.11,1000.0,3.11,1.0,normal,701.3228
12,272,16350,6,0,18.66,18.66,3.11,1000.0,3.11,1.0,normal,719.9828
12,272,16365,7,0,21.77,21.77,3.11,1000.0,3.11,1.0,normal,741.7528
12,273,16380,7,0,21.07,21.07,3.01,1000.0,3.01,1.0,normal,762.8228
12,273,16395,7,0,13.0195,13.0195,1.8599,1000.0,3.01,1.0,normal,775.8423
12,273,16410,5,1,15.05,15.05,3.01,1000.0,3.01,1.0,normal,790.8923
12,273,16425,9,1,27.09,27.09,3.01,1000.0,3.01,1.0,normal,817.9823
12,274,16440,8,0,20.2147,20.2147,2.5268,1000.0,2.9,1.0,normal,838.197
12,274,16455,4,0,0.8844,0.8844,0.2211,1000.0,2.9,1.0,normal,839.0814
12,274,16470,6,0,3.8511,3.8511,0.6419,1000.0,2.9,1.0,normal,842.9325
12,274,16485,6,0,15.0291,15.0291,2.5049,1000.0,2.9,1.0,normal,857.9616
12,275,16500,3,0,8.2317,8.2317,2.7439,1000.0,2.8,1.0,normal,866.1933
12,275,16515,3,0,8.4,8.4,2.8,1000.0,2.8,1.0,normal,874.5933
12,275,16530,1,0,2.8,2.8,2.8,1000.0,2.8,1.0,normal,877.3933
12,275,16545,9,1,13.4188,13.4188,1.491,1000.0,2.8,1.0,normal,890.8121
12,276,16560,1,0,1.9633,1.9633,1.9633,1000.0,2.8,1.0,normal,892.7754
12,276,16575,7,0,13.8953,13.8953,1.985,1000.0,2.8,1.0,budget_constrained,906.6707
12,276,16590,5,0,14.0,14.0,2.8,1000.0,2.8,1.0,budget_constrained,920.6707
12,276,16605,11,1,30.8,30.8,2.8,1000.0,2.8,1.0,budget_constrained,951.4707
12,277,16620,3,0,1.6075,1.6075,0.5358,1000.0,2.71,1.0,budget_constrained,953.0782
12,277,16635,8,0,7.5586,7.5586,0.9448,1000.0,2.71,1.0,budget_constrained,960.6368
12,277,16650,6,0,16.26,16.26,2.71,1000.0,2.71,1.0,budget_constrained,976.8968
12,277,16665,7,0,6.2545,6.2545,0.8935,1000.0,2.71,1.0,budget_constrained,983.1513
12,278,16680,3,0,6.1383,6.1383,2.0461,1000.0,2.61,1.0,budget_constrained,989.2896
12,278,16695,4,0,10.7104,10.7104,2.61,1000.0,2.61,1.0,budget_constrained,1000.0
12,278,16710,0,0,0.0,0.0,0.5108,1000.0,2.61,1.0,budget_constrained,1000.0
12,278,16725,0,0,0.0,0.0,0.2825,1000.0,2.61,1.0,budget_constrained,1000.0
12,279,16740,0,0,0.0,0.0,2.52,1000.0,2.52,1.0,budget_constrained,1000.0
12,279,16755,0,0,0.0,0.0,2.52,1000.0,2.52,1.0,budget_constrained,1000.0
12,279,16770,0,0,0.0,0.0,2.52,1000.0,2.52,1.0,budget_constrained,1000.0
12,279,16785,0,0,0.0,0.0,2.3744,1000.0,2.52,1.0,budget_constrained,1000.0
12,280,16800,0,0,0.0,0.0,1.8201,1000.0,2.52,1.0,budget_constrained,1000.0
12,280,16815,0,0,0.0,0.0,2.52,1000.0,2.52,1.0,budget_constrained,1000.0
12,280,16830,0,0,0.0,0.0,2.52,1000.0,2.52,1.0,budget_constrained,1000.0
12,280,16845,0,0,0.0,0.0,0.4031,1000.0,2.52,1.0,budget_constrained,1000.0
12,281,16860,0,0,0.0,0.0,2.44,1000.0,2.44,1.0,budget_constrained,1000.0
12,281,16875,0,0,0.0,0.0,1.2482,1000.0,2.44,1.0,budget_constrained,1000.0
12,281,16890,0,0,0.0,0.0,0.1221,1000.0,2.44,1.0,budget_constrained,1000.0
12,281,16905,0,0,0.0,0.0,2.44,1000.0,2.44,1.0,budget_constrained,1000.0
12,282,16920,0,0,0.0,0.0,2.35,1000.0,2.35,1.0,budget_constrained,1000.0
12,282,16935,0,0,0.0,0.0,2.35,1000.0,2.35,1.0,budget_constrained,1000.0
12,282,16950,0,0,0.0,0.0,2.1678,1000.0,2.35,1.0,budget_constrained,1000.0
12,282,16965,0,0,0.0,0.0,0.4794,1000.0,2.35,1.0,budget_constrained,1000.0
12,283,16980,0,0,0.0,0.0,2.27,1000.0,2.27,1.0,budget_constrained,1000.0
12,283,16995,0,0,0.0,0.0,0.7845,1000.0,2.27,1.0,budget_constrained,1000.0
12,283,17010,0,0,0.0,0.0,1.2658,1000.0,2.27,1.0,budget_constrained,1000.0
12,283,17025,0,0,0.0,0.0,1.9953,1000.0,2.27,1.0,budget_constrained,1000.0
12,284,17040,0,0,0.0,0.0,2.234,1000.0,2.27,1.0,budget_constrained,1000.0
12,284,17055,0,0,0.0,0.0,2.27,1000.0,2.27,1.0,budget_constrained,1000.0
12,284,17070,0,0,0.0,0.0,1.9615,1000.0,2.27,1.0,budget_constrained,1000.0
12,284,17085,0,0,0.0,0.0,2.27,1000.0,2.27,1.0,budget_constrained,1000.0
12,285,17100,0,0,0.0,0.0,0.1717,1000.0,2.19,1.0,budget_constrained,1000.0
12,285,17115,0,0,0.0,0.0,2.19,1000.0,2.19,1.0,budget_constrained,1000.0
12,285,17130,0,0,0.0,0.0,2.19,1000.0,2.19,1.0,budget_constrained,1000.0
12,285,17145,0,0,0.0,0.0,2.1804,1000.0,2.19,1.0,budget_constrained,1000.0
12,286,17160,0,0,0.0,0.0,1.7336,1000.0,2.12,1.0,budget_constrained,1000.0
12,286,17175,0,0,0.0,0.0,0.2436,1000.0,2.12,1.0,budget_constrained,1000.0
12,286,17190,0,0,0.0,0.0,2.11,1000.0,2.12,1.0,budget_constrained,1000.0
12,286,17205,0,0,0.0,0.0,0.8785,1000.0,2.12,1.0,budget_constrained,1000.0
12,287,17220,0,0,0.0,0.0,2.04,1000.0,2.04,1.0,budget_constrained,1000.0
12,287,17235,0,0,0.0,0.0,2.04,1000.0,2.04,1.0,budget_constrained,1000.0
12,287,17250,0,0,0.0,0.0,2.04,1000.0,2.04,1.0,budget_constrained,1000.0
12,287,17265,0,0,0.0,0.0,2.04,1000.0,2.04,1.0,budget_constrained,1000.0
13,288,17280,0,0,0.0,0.0,0.7356,1000.0,2.04,0.0,normal,0.0
13,288,17295,2,0,4.08,4.08,2.04,1000.0,2.04,0.0,normal,4.08
13,288,17310,3,0,4.4045,4.4045,1.4682,1000.0,2.04,0.0,normal,8.4845
13,288,17325,7,0,6.9992,6.9992,0.9999,1000.0,2.04,0.0,normal,15.4837
13,289,17340,0,0,0.0,0.0,0.01,1000.0,0.01,0.0,normal,15.4837
13,289,17355,0,0,0.0,0.0,0.01,1000.0,0.01,0.0,normal,15.4837
13,289,17370,0,0,0.0,0.0,0.01,1000.0,0.01,0.0,normal,15.4837
13,289,17385,0,0,0.0,0.0,0.01,1000.0,0.01,0.0,normal,15.4837
13,290,17400,0,0,0.0,0.0,0.01,1000.0,0.01,0.0,normal,15.4837
13,290,17415,0,0,0.0,0.0,0.01,1000.0,0.01,0.0,normal,15.4837
13,290,17430,0,0,0.0,0.0,0.01,1000.0,0.01,0.0,normal,15.4837
13,290,17445,0,0,0.0,0.0,0.01,1000.0,0.01,0.0,normal,15.4837
13,291,17460,0,0,0.0,0.0,0.01,1000.0,0.01,0.0,normal,15.4837
13,291,17475,0,0,0.0,0.0,0.01,1000.0,0.01,0.0,normal,15.4837
13,291,17490,0,0,0.0,0.0,0.01,1000.0,0.01,0.0,normal,15.4837
13,291,17505,0,0,0.0,0.0,0.01,1000.0,0.01,0.0,normal,15.4837
13,292,17520,0,0,0.0,0.0,0.01,1000.0,0.01,0.0,normal,15.4837
13,292,17535,0,0,0.0,0.0,0.01,1000.0,0.01,0.0,normal,15.4837
13,292,17550,0,0,0.0,0.0,0.01,1000.0,0.01,0.0,normal,15.4837
13,292,17565,0,0,0.0,0.0,0.01,1000.0,0.01,0.0,normal,15.4837
13,293,17580,1,0,0.01,0.01,0.01,1000.0,0.01,0.0,normal,15.4937
13,293,17595,0,0,0.0,0.0,0.01,1000.0,0.01,0.0,normal,15.4937
13,293,17610,0,0,0.0,0.0,0.01,1000.0,0.01,0.0,normal,15.4937
13,293,17625,0,0,0.0,0.0,0.01,1000.0,0.01,0.0,normal,15.4937
13,294,17640,0,0,0.0,0.0,0.01,1000.0,0.01,0.0,normal,15.4937
13,294,17655,0,0,0.0,0.0,0.01,1000.0,0.01,0.0,normal,15.4937
13,294,17670,0,0,0.0,0.0,0.01,1000.0,0.01,0.0,normal,15.4937
13,294,17685,0,0,0.0,0.0,0.01,1000.0,0.01,0.0,normal,15.4937
13,295,17700,0,0,0.0,0.0,0.01,1000.0,0.01,0.0,normal,15.4937
13,295,17715,0,0,0.0,0.0,0.01,1000.0,0.01,0.0,normal,15.4937
13,295,17730,0,0,0.0,0.0,0.01,1000.0,0.01,0.0,normal,15.4937
13,295,17745,0,0,0.0,0.0,0.01,1000.0,0.01,0.0,normal,15.4937
13,296,17760,0,0,0.0,0.0,0.01,1000.0,0.01,0.0,normal,15.4937
13,296,17775,0,0,0.0,0.0,0.01,1000.0,0.01,0.0,normal,15.4937
13,296,17790,0,0,0.0,0.0,0.01,1000.0,0.01,0.0,normal,15.4937
13,296,17805,0,0,0.0,0.0,0.01,1000.0,0.01,0.0,normal,15.4937
13,297,17820,0,0,0.0,0.0,0.01,1000.0,0.01,0.0,normal,15.4937
13,297,17835,0,0,0.0,0.0,0.01,1000.0,0.01,0.0,normal,15.4937
13,297,17850,0,0,0.0,0.0,0.01,1000.0,0.01,0.0,normal,15.4937
13,297,17865,0,0,0.0,0.0,0.01,1000.0,0.01,0.0,normal,15.4937
13,298,17880,0,0,0.0,0.0,0.01,1000.0,0.01,0.0,normal,15.4937
13,298,17895,0,0,0.0,0.0,0.01,1000.0,0.01,0.0,normal,15.4937
13,298,17910,0,0,0.0,0.0,0.01,1000.0,0.01,0.0,normal,15.4937
13,298,17925,0,0,0.0,0.0,0.01,1000.0,0.01,0.0,normal,15.4937
13,299,17940,0,0,0.0,0.0,0.01,1000.0,0.01,0.0,normal,15.4937
13,299,17955,0,0,0.0,0.0,0.01,1000.0,0.01,0.0,normal,15.4937
13,299,17970,0,0,0.0,0.0,0.01,1000.0,0.01,0.0,normal,15.4937
13,299,17985,0,0,0.0,0.0,0.01,1000.0,0.01,0.0,normal,15.4937
13,300,18000,0,0,0.0,0.0,0.01,1000.0,0.01,0.0,normal,15.4937
13,300,18015,0,0,0.0,0.0,0.01,1000.0,0.01,0.0,normal,15.4937
13,300,18030,0,0,0.0,0.0,0.01,1000.0,0.01,0.0,normal,15.4937
13,300,18045,0,0,0.0,0.0,0.01,1000.0,0.01,0.0,normal,15.4937
13,301,18060,0,0,0.0,0.0,0.01,1000.0,0.01,0.0,normal,15.4937
13,301,18075,0,0,0.0,0.0,0.01,1000.0,0.01,0.0,normal,15.4937
13,301,18090,0,0,0.0,0.0,0.01,1000.0,0.01,0.0,normal,15.4937
13,301,18105,0,0,0.0,0.0,0.01,1000.0,0.01,0.0,normal,15.4937
13,302,18120,0,0,0.0,0.0,0.01,1000.0,0.01,0.0,normal,15.4937
13,302,18135,0,0,0.0,0.0,0.01,1000.0,0.01,0.0,normal,15.4937
13,302,18150,0,0,0.0,0.0,0.01,1000.0,0.01,0.0,normal,15.4937
13,302,18165,0,0,0.0,0.0,0.01,1000.0,0.01,0.0,normal,15.4937
13,303,18180,0,0,0.0,0.0,0.01,1000.0,0.01,0.0,normal,15.4937
13,303,18195,0,0,0.0,0.0,0.01,1000.0,0.01,0.0,normal,15.4937
13,303,18210,0,0,0.0,0.0,0.01,1000.0,0.01,0.0,normal,15.4937
13,303,18225,0,0,0.0,0.0,0.01,1000.0,0.01,0.0,normal,15.4937
13,304,18240,0,0,0.0,0.0,0.01,1000.0,0.01,0.0,normal,15.4937
13,304,18255,0,0,0.0,0.0,0.01,1000.0,0.01,0.0,normal,15.4937
13,304,18270,0,0,0.0,0.0,0.01,1000.0,0.01,0.0,normal,15.4937
13,304,18285,0,0,0.0,0.0,0.01,1000.0,0.01,0.0,normal,15.4937
13,305,18300,0,0,0.0,0.0,0.01,1000.0,0.01,0.0,normal,15.4937
13,305,18315,0,0,0.0,0.0,0.01,1000.0,0.01,0.0,normal,15.4937
13,305,18330,0,0,0.0,0.0,0.01,1000.0,0.01,0.0,normal,15.4937
13,305,18345,0,0,0.0,0.0,0.01,1000.0,0.01,0.0,normal,15.4937
13,306,18360,0,0,0.0,0.0,0.01,1000.0,0.01,0.0,normal,15.4937
13,306,18375,0,0,0.0,0.0,0.01,1000.0,0.01,0.0,normal,15.4937
13,306,18390,0,0,0.0,0.0,0.01,1000.0,0.01,0.0,normal,15.4937
13,306,18405,0,0,0.0,0.0,0.01,1000.0,0.01,0.0,normal,15.4937
13,307,18420,0,0,0.0,0.0,0.01,1000.0,0.01,0.0,normal,15.4937
13,307,18435,0,0,0.0,0.0,0.01,1000.0,0.01,0.0,normal,15.4937
13,307,18450,0,0,0.0,0.0,0.01,1000.0,0.01,0.0,normal,15.4937
13,307,18465,0,0,0.0,0.0,0.01,1000.0,0.01,0.0,normal,15.4937
13,308,18480,0,0,0.0,0.0,0.01,1000.0,0.01,0.0,normal,15.4937
13,308,18495,0,0,0.0,0.0,0.01,1000.0,0.01,0.0,normal,15.4937
13,308,18510,0,0,0.0,0.0,0.01,1000.0,0.01,0.0,normal,15.4937
13,308,18525,0,0,0.0,0.0,0.01,1000.0,0.01,0.0,normal,15.4937
13,309,18540,0,0,0.0,0.0,0.01,1000.0,0.01,0.0,normal,15.4937
13,309,18555,0,0,0.0,0.0,0.01,1000.0,0.01,0.0,normal,15.4937
13,309,18570,0,0,0.0,0.0,0.01,1000.0,0.01,0.0,normal,15.4937
13,309,18585,0,0,0.0,0.0,0.01,1000.0,0.01,0.0,normal,15.4937
13,310,18600,0,0,0.0,0.0,0.01,1000.0,0.01,0.0,normal,15.4937
13,310,18615,0,0,0.0,0.0,0.01,1000.0,0.01,0.0,normal,15.4937
13,310,18630,0,0,0.0,0.0,0.01,1000.0,0.01,0.0,normal,15.4937
13,310,18645,0,0,0.0,0.0,0.01,1000.0,0.01,0.0,normal,15.4937
13,311,18660,0,0,0.0,0.0,0.01,1000.0,0.01,0.0,normal,15.4937
13,311,18675,0,0,0.0,0.0,0.01,1000.0,0.01,0.0,normal,15.4937
13,311,18690,0,0,0.0,0.0,0.01,1000.0,0.01,0.0,normal,15.4937
13,311,18705,0,0,0.0,0.0,0.01,1000.0,0.01,0.0,normal,15.4937
14,312,18720,0,0,0.0,0.0,0.01,1000.0,0.01,0.0,normal,0.0
14,312,18735,0,0,0.0,0.0,0.01,1000.0,0.01,0.0,normal,0.0
14,312,18750,0,0,0.0,0.0,0.01,1000.0,0.01,0.0,normal,0.0
14,312,18765,0,0,0.0,0.0,0.01,1000.0,0.01,0.0,normal,0.0
14,313,18780,0,0,0.0,0.0,0.01,1000.0,0.01,0.0,normal,0.0
14,313,18795,0,0,0.0,0.0,0.01,1000.0,0.01,0.0,normal,0.0
14,313,18810,0,0,0.0,0.0,0.01,1000.0,0.01,0.0,normal,0.0
14,313,18825,0,0,0.0,0.0,0.01,1000.0,0.01,0.0,normal,0.0
14,314,18840,0,0,0.0,0.0,0.01,1000.0,0.01,0.0,normal,0.0
14,314,18855,0,0,0.0,0.0,0.01,1000.0,0.01,0.0,normal,0.0
14,314,18870,0,0,0.0,0.0,0.01,1000.0,0.01,0.0,normal,0.0
14,314,18885,0,0,0.0,0.0,0.01,1000.0,0.01,0.0,normal,0.0
14,315,18900,0,0,0.0,0.0,0.01,1000.0,0.01,0.0,normal,0.0
14,315,18915,0,0,0.0,0.0,0.01,1000.0,0.01,0.0,normal,0.0
14,315,18930,0,0,0.0,0.0,0.01,1000.0,0.01,0.0,normal,0.0
14,315,18945,0,0,0.0,0.0,0.01,1000.0,0.01,0.0,normal,0.0
14,316,18960,0,0,0.0,0.0,0.01,1000.0,0.01,0.0,normal,0.0
14,316,18975,0,0,0.0,0.0,0.01,1000.0,0.01,0.0,normal,0.0
14,316,18990,0,0,0.0,0.0,0.01,1000.0,0.01,0.0,normal,0.0
14,316,19005,0,0,0.0,0.0,0.01,1000.0,0.01,0.0,normal,0.0
14,317,19020,0,0,0.0,0.0,0.01,1000.0,0.01,0.0,normal,0.0
14,317,19035,0,0,0.0,0.0,0.01,1000.0,0.01,0.0,normal,0.0
14,317,19050,0,0,0.0,0.0,0.01,1000.0,0.01,0.0,normal,0.0
14,317,19065,0,0,0.0,0.0,0.01,1000.0,0.01,0.0,normal,0.0
14,318,19080,0,0,0.0,0.0,0.01,1000.0,0.01,0.0,normal,0.0
14,318,19095,0,0,0.0,0.0,0.01,1000.0,0.01,0.0,normal,0.0
14,318,19110,0,0,0.0,0.0,0.01,1000.0,0.01,0.0,normal,0.0
14,318,19125,0,0,0.0,0.0,0.01,1000.0,0.01,0.0,normal,0.0
14,319,19140,0,0,0.0,0.0,0.01,1000.0,0.01,0.0,normal,0.0
14,319,19155,0,0,0.0,0.0,0.01,1000.0,0.01,0.0,normal,0.0
14,319,19170,0,0,0.0,0.0,0.01,1000.0,0.01,0.0,normal,0.0
14,319,19185,0,0,0.0,0.0,0.01,1000.0,0.01,0.0,normal,0.0
14,320,19200,0,0,0.0,0.0,0.01,1000.0,0.01,0.0,normal,0.0
14,320,19215,0,0,0.0,0.0,0.01,1000.0,0.01,0.0,normal,0.0
14,320,19230,0,0,0.0,0.0,0.01,1000.0,0.01,0.0,normal,0.0
14,320,19245,0,0,0.0,0.0,0.01,1000.0,0.01,0.0,normal,0.0
14,321,19260,0,0,0.0,0.0,0.01,1000.0,0.01,0.0,normal,0.0
14,321,19275,1,0,0.01,0.01,0.01,1000.0,0.01,0.0,normal,0.01
14,321,19290,0,0,0.0,0.0,0.01,1000.0,0.01,0.0,normal,0.01
14,321,19305,0,0,0.0,0.0,0.01,1000.0,0.01,0.0,normal,0.01
14,322,19320,0,0,0.0,0.0,0.01,1000.0,0.01,0.0,normal,0.01
14,322,19335,0,0,0.0,0.0,0.01,1000.0,0.01,0.0,normal,0.01
14,322,19350,0,0,0.0,0.0,0.01,1000.0,0.01,0.0,normal,0.01
14,322,19365,0,0,0.0,0.0,0.01,1000.0,0.01,0.0,normal,0.01
14,323,19380,0,0,0.0,0.0,0.01,1000.0,0.01,0.0,normal,0.01
14,323,19395,0,0,0.0,0.0,0.01,1000.0,0.01,0.0,normal,0.01
14,323,19410,0,0,0.0,0.0,0.01,1000.0,0.01,0.0,normal,0.01
14,323,19425,1,0,0.01,0.01,0.01,1000.0,0.01,0.0,normal,0.02
14,324,19440,0,0,0.0,0.0,0.01,1000.0,0.01,0.0,normal,0.02
14,324,19455,0,0,0.0,0.0,0.01,1000.0,0.01,0.0,normal,0.02
14,324,19470,0,0,0.0,0.0,0.01,1000.0,0.01,0.0,normal,0.02
14,324,19485,0,0,0.0,0.0,0.01,1000.0,0.01,0.0,normal,0.02
14,325,19500,0,0,0.0,0.0,0.01,1000.0,0.01,0.0,normal,0.02
14,325,19515,0,0,0.0,0.0,0.01,1000.0,0.01,0.0,normal,0.02
14,325,19530,0,0,0.0,0.0,0.01,1000.0,0.01,0.0,normal,0.02
14,325,19545,0,0,0.0,0.0,0.01,1000.0,0.01,0.0,normal,0.02
14,326,19560,0,0,0.0,0.0,0.01,1000.0,0.01,0.0,normal,0.02
14,326,19575,0,0,0.0,0.0,0.01,1000.0,0.01,0.0,normal,0.02
14,326,19590,0,0,0.0,0.0,0.01,1000.0,0.01,0.0,normal,0.02
14,326,19605,0,0,0.0,0.0,0.01,1000.0,0.01,0.0,normal,0.02
14,327,19620,0,0,0.0,0.0,0.01,1000.0,0.01,0.0,normal,0.02
14,327,19635,0,0,0.0,0.0,0.01,1000.0,0.01,0.0,normal,0.02
14,327,19650,0,0,0.0,0.0,0.01,1000.0,0.01,0.0,normal,0.02
14,327,19665,0,0,0.0,0.0,0.01,1000.0,0.01,0.0,normal,0.02
14,328,19680,0,0,0.0,0.0,0.01,1000.0,0.01,0.0,normal,0.02
14,328,19695,0,0,0.0,0.0,0.01,1000.0,0.01,0.0,normal,0.02
14,328,19710,0,0,0.0,0.0,0.01,1000.0,0.01,0.0,normal,0.02
14,328,19725,0,0,0.0,0.0,0.01,1000.0,0.01,0.0,normal,0.02
14,329,19740,0,0,0.0,0.0,0.01,1000.0,0.01,0.0,normal,0.02
14,329,19755,0,0,0.0,0.0,0.01,1000.0,0.01,0.0,normal,0.02
14,329,19770,0,0,0.0,0.0,0.01,1000.0,0.01,0.0,normal,0.02
14,329,19785,0,0,0.0,0.0,0.01,1000.0,0.01,0.0,normal,0.02
14,330,19800,0,0,0.0,0.0,0.01,1000.0,0.01,0.0,normal,0.02
14,330,19815,0,0,0.0,0.0,0.01,1000.0,0.01,0.0,normal,0.02
14,330,19830,0,0,0.0,0.0,0.01,1000.0,0.01,0.0,normal,0.02
14,330,19845,0,0,0.0,0.0,0.01,1000.0,0.01,0.0,normal,0.02
14,331,19860,0,0,0.0,0.0,0.01,1000.0,0.01,0.0,normal,0.02
14,331,19875,0,0,0.0,0.0,0.01,1000.0,0.01,0.0,normal,0.02
14,331,19890,0,0,0.0,0.0,0.01,1000.0,0.01,0.0,normal,0.02
14,331,19905,0,0,0.0,0.0,0.01,1000.0,0.01,0.0,normal,0.02
14,332,19920,0,0,0.0,0.0,0.01,1000.0,0.01,0.0,normal,0.02
14,332,19935,0,0,0.0,0.0,0.01,1000.0,0.01,0.0,normal,0.02
14,332,19950,0,0,0.0,0.0,0.01,1000.0,0.01,0.0,normal,0.02
14,332,19965,0,0,0.0,0.0,0.01,1000.0,0.01,0.0,normal,0.02
14,333,19980,0,0,0.0,0.0,0.01,1000.0,0.01,0.0,normal,0.02
14,333,19995,0,0,0.0,0.0,0.01,1000.0,0.01,0.0,normal,0.02
14,333,20010,0,0,0.0,0.0,0.01,1000.0,0.01,0.0,normal,0.02
14,333,20025,0,0,0.0,0.0,0.01,1000.0,0.01,0.0,normal,0.02
14,334,20040,0,0,0.0,0.0,0.01,1000.0,0.01,0.0,normal,0.02
14,334,20055,0,0,0.0,0.0,0.01,1000.0,0.01,0.0,normal,0.02
14,334,20070,0,0,0.0,0.0,0.01,1000.0,0.01,0.0,normal,0.02
14,334,20085,0,0,0.0,0.0,0.01,1000.0,0.01,0.0,normal,0.02
14,335,20100,0,0,0.0,0.0,0.01,1000.0,0.01,0.0,normal,0.02
14,335,20115,0,0,0.0,0.0,0.01,1000.0,0.01,0.0,normal,0.02
14,335,20130,0,0,0.0,0.0,0.01,1000.0,0.01,0.0,normal,0.02
14,335,20145,0,0,0.0,0.0,0.01,1000.0,0.01,0.0,normal,0.02
15,336,20160,0,0,0.0,0.0,0.01,1000.0,0.01,0.0,normal,0.0
15,336,20175,0,0,0.0,0.0,0.01,1000.0,0.01,0.0,normal,0.0
15,336,20190,0,0,0.0,0.0,0.01,1000.0,0.01,0.0,normal,0.0
15,336,20205,0,0,0.0,0.0,0.01,1000.0,0.01,0.0,normal,0.0
15,337,20220,0,0,0.0,0.0,0.01,1000.0,0.01,0.0,normal,0.0
15,337,20235,0,0,0.0,0.0,0.01,1000.0,0.01,0.0,normal,0.0
15,337,20250,0,0,0.0,0.0,0.01,1000.0,0.01,0.0,normal,0.0
15,337,20265,0,0,0.0,0.0,0.01,1000.0,0.01,0.0,normal,0.0
15,338,20280,0,0,0.0,0.0,0.01,1000.0,0.01,0.0,normal,0.0
15,338,20295,0,0,0.0,0.0,0.01,1000.0,0.01,0.0,normal,0.0
15,338,20310,0,0,0.0,0.0,0.01,1000.0,0.01,0.0,normal,0.0
15,338,20325,0,0,0.0,0.0,0.01,1000.0,0.01,0.0,normal,0.0
15,339,20340,0,0,0.0,0.0,0.01,1000.0,0.01,0.0,normal,0.0
15,339,20355,0,0,0.0,0.0,0.01,1000.0,0.01,0.0,normal,0.0
15,339,20370,0,0,0.0,0.0,0.01,1000.0,0.01,0.0,normal,0.0
15,339,20385,0,0,0.0,0.0,0.01,1000.0,0.01,0.0,normal,0.0
15,340,20400,0,0,0.0,0.0,0.01,1000.0,0.01,0.0,normal,0.0
15,340,20415,0,0,0.0,0.0,0.01,1000.0,0.01,0.0,normal,0.0
15,340,20430,0,0,0.0,0.0,0.01,1000.0,0.01,0.0,normal,0.0
15,340,20445,0,0,0.0,0.0,0.01,1000.0,0.01,0.0,normal,0.0
15,341,20460,0,0,0.0,0.0,0.01,1000.0,0.01,0.0,normal,0.0
15,341,20475,0,0,0.0,0.0,0.01,1000.0,0.01,0.0,normal,0.0
15,341,20490,0,0,0.0,0.0,0.01,1000.0,0.01,0.0,normal,0.0
15,341,20505,0,0,0.0,0.0,0.01,1000.0,0.01,0.0,normal,0.0
15,342,20520,0,0,0.0,0.0,0.01,1000.0,0.01,0.0,normal,0.0
15,342,20535,0,0,0.0,0.0,0.01,1000.0,0.01,0.0,normal,0.0
15,342,20550,0,0,0.0,0.0,0.01,1000.0,0.01,0.0,normal,0.0
15,342,20565,0,0,0.0,0.0,0.01,1000.0,0.01,0.0,normal,0.0
15,343,20580,0,0,0.0,0.0,0.01,1000.0,0.01,0.0,normal,0.0
15,343,20595,0,0,0.0,0.0,0.01,1000.0,0.01,0.0,normal,0.0
15,343,20610,0,0,0.0,0.0,0.01,1000.0,0.01,0.0,normal,0.0
15,343,20625,0,0,0.0,0.0,0.01,1000.0,0.01,0.0,normal,0.0
15,344,20640,0,0,0.0,0.0,0.01,1000.0,0.01,0.0,normal,0.0
15,344,20655,0,0,0.0,0.0,0.01,1000.0,0.01,0.0,normal,0.0
15,344,20670,0,0,0.0,0.0,0.01,1000.0,0.01,0.0,normal,0.0
15,344,20685,0,0,0.0,0.0,0.01,1000.0,0.01,0.0,normal,0.0
15,345,20700,0,0,0.0,0.0,0.01,1000.0,0.01,0.0,normal,0.0
15,345,20715,0,0,0.0,0.0,0.01,1000.0,0.01,0.0,normal,0.0
15,345,20730,0,0,0.0,0.0,0.01,1000.0,0.01,0.0,normal,0.0
15,345,20745,0,0,0.0,0.0,0.01,1000.0,0.01,0.0,normal,0.0
15,346,20760,0,0,0.0,0.0,0.01,1000.0,0.01,0.0,normal,0.0
15,346,20775,0,0,0.0,0.0,0.01,1000.0,0.01,0.0,normal,0.0
15,346,20790,0,0,0.0,0.0,0.01,1000.0,0.01,0.0,normal,0.0
15,346,20805,0,0,0.0,0.0,0.01,1000.0,0.01,0.0,normal,0.0
15,347,20820,0,0,0.0,0.0,0.01,1000.0,0.01,0.0,normal,0.0
15,347,20835,0,0,0.0,0.0,0.01,1000.0,0.01,0.0,normal,0.0
15,347,20850,0,0,0.0,0.0,0.01,1000.0,0.01,0.0,normal,0.0
15,347,20865,0,0,0.0,0.0,0.01,1000.0,0.01,0.0,normal,0.0
15,348,20880,0,0,0.0,0.0,0.01,1000.0,0.01,0.0,normal,0.0
15,348,20895,0,0,0.0,0.0,0.01,1000.0,0.01,0.0,normal,0.0
15,348,20910,0,0,0.0,0.0,0.01,1000.0,0.01,0.0,normal,0.0
15,348,20925,0,0,0.0,0.0,0.01,1000.0,0.01,0.0,normal,0.0
15,349,20940,0,0,0.0,0.0,0.01,1000.0,0.01,0.0,normal,0.0
15,349,20955,0,0,0.0,0.0,0.01,1000.0,0.01,0.0,normal,0.0
15,349,20970,0,0,0.0,0.0,0.01,1000.0,0.01,0.0,normal,0.0
15,349,20985,0,0,0.0,0.0,0.01,1000.0,0.01,0.0,normal,0.0
15,350,21000,0,0,0.0,0.0,0.01,1000.0,0.01,0.0,normal,0.0
15,350,21015,0,0,0.0,0.0,0.01,1000.0,0.01,0.0,normal,0.0
15,350,21030,0,0,0.0,0.0,0.01,1000.0,0.01,0.0,normal,0.0
15,350,21045,0,0,0.0,0.0,0.01,1000.0,0.01,0.0,normal,0.0
15,351,21060,0,0,0.0,0.0,0.01,1000.0,0.01,0.0,normal,0.0
15,351,21075,0,0,0.0,0.0,0.01,1000.0,0.01,0.0,normal,0.0
15,351,21090,0,0,0.0,0.0,0.01,1000.0,0.01,0.0,normal,0.0
15,351,21105,0,0,0.0,0.0,0.01,1000.0,0.01,0.0,normal,0.0
15,352,21120,0,0,0.0,0.0,0.01,1000.0,0.01,0.0,normal,0.0
15,352,21135,0,0,0.0,0.0,0.01,1000.0,0.01,0.0,normal,0.0
15,352,21150,0,0,0.0,0.0,0.01,1000.0,0.01,0.0,normal,0.0
15,352,21165,0,0,0.0,0.0,0.01,1000.0,0.01,0.0,normal,0.0
15,353,21180,0,0,0.0,0.0,0.01,1000.0,0.01,0.0,normal,0.0
15,353,21195,0,0,0.0,0.0,0.01,1000.0,0.01,0.0,normal,0.0
15,353,21210,0,0,0.0,0.0,0.01,1000.0,0.01,0.0,normal,0.0
15,353,21225,0,0,0.0,0.0,0.01,1000.0,0.01,0.0,normal,0.0
15,354,21240,0,0,0.0,0.0,0.01,1000.0,0.01,0.0,normal,0.0
15,354,21255,0,0,0.0,0.0,0.01,1000.0,0.01,0.0,normal,0.0
15,354,21270,0,0,0.0,0.0,0.01,1000.0,0.01,0.0,normal,0.0
15,354,21285,0,0,0.0,0.0,0.01,1000.0,0.01,0.0,normal,0.0
15,355,21300,0,0,0.0,0.0,0.01,1000.0,0.01,0.0,normal,0.0
15,355,21315,0,0,0.0,0.0,0.01,1000.0,0.01,0.0,normal,0.0
15,355,21330,0,0,0.0,0.0,0.01,1000.0,0.01,0.0,normal,0.0
15,355,21345,0,0,0.0,0.0,0.01,1000.0,0.01,0.0,normal,0.0
15,356,21360,0,0,0.0,0.0,0.01,1000.0,0.01,0.0,normal,0.0
15,356,21375,0,0,0.0,0.0,0.01,1000.0,0.01,0.0,normal,0.0
15,356,21390,0,0,0.0,0.0,0.01,1000.0,0.01,0.0,normal,0.0
15,356,21405,0,0,0.0,0.0,0.01,1000.0,0.01,0.0,normal,0.0
15,357,21420,0,0,0.0,0.0,0.01,1000.0,0.01,0.0,normal,0.0
15,357,21435,0,0,0.0,0.0,0.01,1000.0,0.01,0.0,normal,0.0
15,357,21450,0,0,0.0,0.0,0.01,1000.0,0.01,0.0,normal,0.0
15,357,21465,0,0,0.0,0.0,0.01,1000.0,0.01,0.0,normal,0.0
15,358,21480,0,0,0.0,0.0,0.01,1000.0,0.01,0.0,normal,0.0
15,358,21495,0,0,0.0,0.0,0.01,1000.0,0.01,0.0,normal,0.0
15,358,21510,0,0,0.0,0.0,0.01,1000.0,0.01,0.0,normal,0.0
15,358,21525,0,0,0.0,0.0,0.01,1000.0,0.01,0.0,normal,0.0
15,359,21540,0,0,0.0,0.0,0.01,1000.0,0.01,0.0,normal,0.0
15,359,21555,0,0,0.0,0.0,0.01,1000.0,0.01,0.0,normal,0.0
15,359,21570,0,0,0.0,0.0,0.01,1000.0,0.01,0.0,normal,0.0
15,359,21585,0,0,0.0,0.0,0.01,1000.0,0.01,0.0,normal,0.0
16,360,21600,0,0,0.0,0.0,0.01,1000.0,0.01,0.0,normal,0.0
16,360,21615,0,0,0.0,0.0,0.01,1000.0,0.01,0.0,normal,0.0
16,360,21630,0,0,0.0,0.0,0.01,1000.0,0.01,0.0,normal,0.0
16,360,21645,0,0,0.0,0.0,0.01,1000.0,0.01,0.0,normal,0.0
16,361,21660,0,0,0.0,0.0,0.01,1000.0,0.01,0.0,normal,0.0
16,361,21675,0,0,0.0,0.0,0.01,1000.0,0.01,0.0,normal,0.0
16,361,21690,0,0,0.0,0.0,0.01,1000.0,0.01,0.0,normal,0.0
16,361,21705,0,0,0.0,0.0,0.01,1000.0,0.01,0.0,normal,0.0
16,362,21720,0,0,0.0,0.0,0.01,1000.0,0.01,0.0,normal,0.0
16,362,21735,0,0,0.0,0.0,0.01,1000.0,0.01,0.0,normal,0.0
16,362,21750,0,0,0.0,0.0,0.01,1000.0,0.01,0.0,normal,0.0
16,362,21765,0,0,0.0,0.0,0.01,1000.0,0.01,0.0,normal,0.0
16,363,21780,0,0,0.0,0.0,0.01,1000.0,0.01,0.0,normal,0.0
16,363,21795,0,0,0.0,0.0,0.01,1000.0,0.01,0.0,normal,0.0
16,363,21810,0,0,0.0,0.0,0.01,1000.0,0.01,0.0,normal,0.0
16,363,21825,0,0,0.0,0.0,0.01,1000.0,0.01,0.0,normal,0.0
16,364,21840,0,0,0.0,0.0,0.01,1000.0,0.01,0.0,normal,0.0
16,364,21855,0,0,0.0,0.0,0.01,1000.0,0.01,0.0,normal,0.0
16,364,21870,0,0,0.0,0.0,0.01,1000.0,0.01,0.0,normal,0.0
16,364,21885,0,0,0.0,0.0,0.01,1000.0,0.01,0.0,normal,0.0
16,365,21900,0,0,0.0,0.0,0.01,1000.0,0.01,0.0,normal,0.0
16,365,21915,0,0,0.0,0.0,0.01,1000.0,0.01,0.0,normal,0.0
16,365,21930,0,0,0.0,0.0,0.01,1000.0,0.01,0.0,normal,0.0
16,365,21945,0,0,0.0,0.0,0.01,1000.0,0.01,0.0,normal,0.0
16,366,21960,0,0,0.0,0.0,0.01,1000.0,0.01,0.0,normal,0.0
16,366,21975,0,0,0.0,0.0,0.01,1000.0,0.01,0.0,normal,0.0
16,366,21990,0,0,0.0,0.0,0.01,1000.0,0.01,0.0,normal,0.0
16,366,22005,0,0,0.0,0.0,0.01,1000.0,0.01,0.0,normal,0.0
16,367,22020,0,0,0.0,0.0,0.01,1000.0,0.01,0.0,normal,0.0
16,367,22035,0,0,0.0,0.0,0.01,1000.0,0.01,0.0,normal,0.0
16,367,22050,0,0,0.0,0.0,0.01,1000.0,0.01,0.0,normal,0.0
16,367,22065,0,0,0.0,0.0,0.01,1000.0,0.01,0.0,normal,0.0
16,368,22080,0,0,0.0,0.0,0.01,1000.0,0.01,0.0,normal,0.0
16,368,22095,0,0,0.0,0.0,0.01,1000.0,0.01,0.0,normal,0.0
16,368,22110,0,0,0.0,0.0,0.01,1000.0,0.01,0.0,normal,0.0
16,368,22125,0,0,0.0,0.0,0.01,1000.0,0.01,0.0,normal,0.0
16,369,22140,0,0,0.0,0.0,0.01,1000.0,0.01,0.0,normal,0.0
16,369,22155,0,0,0.0,0.0,0.01,1000.0,0.01,0.0,normal,0.0
16,369,22170,0,0,0.0,0.0,0.01,1000.0,0.01,0.0,normal,0.0
16,369,22185,0,0,0.0,0.0,0.01,1000.0,0.01,0.0,normal,0.0
16,370,22200,0,0,0.0,0.0,0.01,1000.0,0.01,0.0,normal,0.0
16,370,22215,0,0,0.0,0.0,0.01,1000.0,0.01,0.0,normal,0.0
16,370,22230,0,0,0.0,0.0,0.01,1000.0,0.01,0.0,normal,0.0
16,370,22245,1,0,0.01,0.01,0.01,1000.0,0.01,0.0,normal,0.01
16,371,22260,0,0,0.0,0.0,0.01,1000.0,0.01,0.0,normal,0.01
16,371,22275,0,0,0.0,0.0,0.01,1000.0,0.01,0.0,normal,0.01
16,371,22290,0,0,0.0,0.0,0.01,1000.0,0.01,0.0,normal,0.01
16,371,22305,0,0,0.0,0.0,0.01,1000.0,0.01,0.0,normal,0.01
16,372,22320,0,0,0.0,0.0,0.01,1000.0,0.01,0.0,normal,0.01
16,372,22335,0,0,0.0,0.0,0.01,1000.0,0.01,0.0,normal,0.01
16,372,22350,0,0,0.0,0.0,0.01,1000.0,0.01,0.0,normal,0.01
16,372,22365,0,0,0.0,0.0,0.01,1000.0,0.01,0.0,normal,0.01
16,373,22380,0,0,0.0,0.0,0.01,1000.0,0.01,0.0,normal,0.01
16,373,22395,0,0,0.0,0.0,0.01,1000.0,0.01,0.0,normal,0.01
16,373,22410,0,0,0.0,0.0,0.01,1000.0,0.01,0.0,normal,0.01
16,373,22425,0,0,0.0,0.0,0.01,1000.0,0.01,0.0,normal,0.01
16,374,22440,0,0,0.0,0.0,0.01,1000.0,0.01,0.0,normal,0.01
16,374,22455,0,0,0.0,0.0,0.01,1000.0,0.01,0.0,normal,0.01
16,374,22470,0,0,0.0,0.0,0.01,1000.0,0.01,0.0,normal,0.01
16,374,22485,0,0,0.0,0.0,0.01,1000.0,0.01,0.0,normal,0.01
16,375,22500,0,0,0.0,0.0,0.01,1000.0,0.01,0.0,normal,0.01
16,375,22515,0,0,0.0,0.0,0.01,1000.0,0.01,0.0,normal,0.01
16,375,22530,0,0,0.0,0.0,0.01,1000.0,0.01,0.0,normal,0.01
16,375,22545,0,0,0.0,0.0,0.01,1000.0,0.01,0.0,normal,0.01
16,376,22560,0,0,0.0,0.0,0.01,1000.0,0.01,0.0,normal,0.01
16,376,22575,0,0,0.0,0.0,0.01,1000.0,0.01,0.0,normal,0.01
16,376,22590,0,0,0.0,0.0,0.01,1000.0,0.01,0.0,normal,0.01
16,376,22605,0,0,0.0,0.0,0.01,1000.0,0.01,0.0,normal,0.01
16,377,22620,0,0,0.0,0.0,0.01,1000.0,0.01,0.0,normal,0.01
16,377,22635,0,0,0.0,0.0,0.01,1000.0,0.01,0.0,normal,0.01
16,377,22650,0,0,0.0,0.0,0.01,1000.0,0.01,0.0,normal,0.01
16,377,22665,0,0,0.0,0.0,0.01,1000.0,0.01,0.0,normal,0.01
16,378,22680,0,0,0.0,0.0,0.01,1000.0,0.01,0.0,normal,0.01
16,378,22695,0,0,0.0,0.0,0.01,1000.0,0.01,0.0,normal,0.01
16,378,22710,0,0,0.0,0.0,0.01,1000.0,0.01,0.0,normal,0.01
16,378,22725,0,0,0.0,0.0,0.01,1000.0,0.01,0.0,normal,0.01
16,379,22740,0,0,0.0,0.0,0.01,1000.0,0.01,0.0,normal,0.01
16,379,22755,1,0,0.01,0.01,0.01,1000.0,0.01,0.0,normal,0.02
16,379,22770,0,0,0.0,0.0,0.01,1000.0,0.01,0.0,normal,0.02
16,379,22785,0,0,0.0,0.0,0.01,1000.0,0.01,0.0,normal,0.02
16,380,22800,0,0,0.0,0.0,0.01,1000.0,0.01,0.0,normal,0.02
16,380,22815,0,0,0.0,0.0,0.01,1000.0,0.01,0.0,normal,0.02
16,380,22830,0,0,0.0,0.0,0.01,1000.0,0.01,0.0,normal,0.02
16,380,22845,0,0,0.0,0.0,0.01,1000.0,0.01,0.0,normal,0.02
16,381,22860,0,0,0.0,0.0,0.01,1000.0,0.01,0.0,normal,0.02
16,381,22875,0,0,0.0,0.0,0.01,1000.0,0.01,0.0,normal,0.02
16,381,22890,0,0,0.0,0.0,0.01,1000.0,0.01,0.0,normal,0.02
16,381,22905,0,0,0.0,0.0,0.01,1000.0,0.01,0.0,normal,0.02
16,382,22920,0,0,0.0,0.0,0.01,1000.0,0.01,0.0,normal,0.02
16,382,22935,0,0,0.0,0.0,0.01,1000.0,0.01,0.0,normal,0.02
16,382,22950,0,0,0.0,0.0,0.01,1000.0,0.01,0.0,normal,0.02
16,382,22965,0,0,0.0,0.0,0.01,1000.0,0.01,0.0,normal,0.02
16,383,22980,0,0,0.0,0.0,0.01,1000.0,0.01,0.0,normal,0.02
16,383,22995,0,0,0.0,0.0,0.01,1000.0,0.01,0.0,normal,0.02
16,383,23010,0,0,0.0,0.0,0.01,1000.0,0.01,0.0,normal,0.02
16,383,23025,0,0,0.0,0.0,0.01,1000.0,0.01,0.0,normal,0.02
17,384,23040,0,0,0.0,0.0,0.01,1000.0,0.01,0.0,normal,0.0
17,384,23055,0,0,0.0,0.0,0.01,1000.0,0.01,0.0,normal,0.0
17,384,23070,0,0,0.0,0.0,0.01,1000.0,0.01,0.0,normal,0.0
17,384,23085,0,0,0.0,0.0,0.01,1000.0,0.01,0.0,normal,0.0
17,385,23100,0,0,0.0,0.0,0.01,1000.0,0.01,0.0,normal,0.0
17,385,23115,0,0,0.0,0.0,0.01,1000.0,0.01,0.0,normal,0.0
17,385,23130,0,0,0.0,0.0,0.01,1000.0,0.01,0.0,normal,0.0
17,385,23145,0,0,0.0,0.0,0.01,1000.0,0.01,0.0,normal,0.0
17,386,23160,0,0,0.0,0.0,0.01,1000.0,0.01,0.0,normal,0.0
17,386,23175,0,0,0.0,0.0,0.01,1000.0,0.01,0.0,normal,0.0
17,386,23190,0,0,0.0,0.0,0.01,1000.0,0.01,0.0,normal,0.0
17,386,23205,0,0,0.0,0.0,0.01,1000.0,0.01,0.0,normal,0.0
17,387,23220,0,0,0.0,0.0,0.01,1000.0,0.01,0.0,normal,0.0
17,387,23235,0,0,0.0,0.0,0.01,1000.0,0.01,0.0,normal,0.0
17,387,23250,0,0,0.0,0.0,0.01,1000.0,0.01,0.0,normal,0.0
17,387,23265,0,0,0.0,0.0,0.01,1000.0,0.01,0.0,normal,0.0
17,388,23280,0,0,0.0,0.0,0.01,1000.0,0.01,0.0,normal,0.0
17,388,23295,1,0,0.01,0.01,0.01,1000.0,0.01,0.0,normal,0.01
17,388,23310,0,0,0.0,0.0,0.01,1000.0,0.01,0.0,normal,0.01
17,388,23325,0,0,0.0,0.0,0.01,1000.0,0.01,0.0,normal,0.01
17,389,23340,0,0,0.0,0.0,0.01,1000.0,0.01,0.0,normal,0.01
17,389,23355,0,0,0.0,0.0,0.01,1000.0,0.01,0.0,normal,0.01
17,389,23370,0,0,0.0,0.0,0.01,1000.0,0.01,0.0,normal,0.01
17,389,23385,0,0,0.0,0.0,0.01,1000.0,0.01,0.0,normal,0.01
17,390,23400,0,0,0.0,0.0,0.01,1000.0,0.01,0.0,normal,0.01
17,390,23415,0,0,0.0,0.0,0.01,1000.0,0.01,0.0,normal,0.01
17,390,23430,0,0,0.0,0.0,0.01,1000.0,0.01,0.0,normal,0.01
17,390,23445,0,0,0.0,0.0,0.01,1000.0,0.01,0.0,normal,0.01
17,391,23460,0,0,0.0,0.0,0.01,1000.0,0.01,0.0,normal,0.01
17,391,23475,0,0,0.0,0.0,0.01,1000.0,0.01,0.0,normal,0.01
17,391,23490,0,0,0.0,0.0,0.01,1000.0,0.01,0.0,normal,0.01
17,391,23505,0,0,0.0,0.0,0.01,1000.0,0.01,0.0,normal,0.01
17,392,23520,0,0,0.0,0.0,0.01,1000.0,0.01,0.0,normal,0.01
17,392,23535,0,0,0.0,0.0,0.01,1000.0,0.01,0.0,normal,0.01
17,392,23550,0,0,0.0,0.0,0.01,1000.0,0.01,0.0,normal,0.01
17,392,23565,0,0,0.0,0.0,0.01,1000.0,0.01,0.0,normal,0.01
17,393,23580,0,0,0.0,0.0,0.01,1000.0,0.01,0.0,normal,0.01
17,393,23595,0,0,0.0,0.0,0.01,1000.0,0.01,0.0,normal,0.01
17,393,23610,0,0,0.0,0.0,0.01,1000.0,0.01,0.0,normal,0.01
17,393,23625,0,0,0.0,0.0,0.01,1000.0,0.01,0.0,normal,0.01
17,394,23640,0,0,0.0,0.0,0.01,1000.0,0.01,0.0,normal,0.01
17,394,23655,0,0,0.0,0.0,0.01,1000.0,0.01,0.0,normal,0.01
17,394,23670,0,0,0.0,0.0,0.01,1000.0,0.01,0.0,normal,0.01
17,394,23685,0,0,0.0,0.0,0.01,1000.0,0.01,0.0,normal,0.01
17,395,23700,0,0,0.0,0.0,0.01,1000.0,0.01,0.0,normal,0.01
17,395,23715,0,0,0.0,0.0,0.01,1000.0,0.01,0.0,normal,0.01
17,395,23730,0,0,0.0,0.0,0.01,1000.0,0.01,0.0,normal,0.01
17,395,23745,0,0,0.0,0.0,0.01,1000.0,0.01,0.0,normal,0.01
17,396,23760,0,0,0.0,0.0,0.01,1000.0,0.01,0.0,normal,0.01
17,396,23775,0,0,0.0,0.0,0.01,1000.0,0.01,0.0,normal,0.01
17,396,23790,0,0,0.0,0.0,0.01,1000.0,0.01,0.0,normal,0.01
17,396,23805,0,0,0.0,0.0,0.01,1000.0,0.01,0.0,normal,0.01
17,397,23820,0,0,0.0,0.0,0.01,1000.0,0.01,0.0,normal,0.01
17,397,23835,0,0,0.0,0.0,0.01,1000.0,0.01,0.0,normal,0.01
17,397,23850,0,0,0.0,0.0,0.01,1000.0,0.01,0.0,normal,0.01
17,397,23865,0,0,0.0,0.0,0.01,1000.0,0.01,0.0,normal,0.01
17,398,23880,0,0,0.0,0.0,0.01,1000.0,0.01,0.0,normal,0.01
17,398,23895,0,0,0.0,0.0,0.01,1000.0,0.01,0.0,normal,0.01
17,398,23910,0,0,0.0,0.0,0.01,1000.0,0.01,0.0,normal,0.01
17,398,23925,0,0,0.0,0.0,0.01,1000.0,0.01,0.0,normal,0.01
17,399,23940,0,0,0.0,0.0,0.01,1000.0,0.01,0.0,normal,0.01
17,399,23955,0,0,0.0,0.0,0.01,1000.0,0.01,0.0,normal,0.01
17,399,23970,0,0,0.0,0.0,0.01,1000.0,0.01,0.0,normal,0.01
17,399,23985,0,0,0.0,0.0,0.01,1000.0,0.01,0.0,normal,0.01
17,400,24000,0,0,0.0,0.0,0.01,1000.0,0.01,0.0,normal,0.01
17,400,24015,0,0,0.0,0.0,0.01,1000.0,0.01,0.0,normal,0.01
17,400,24030,0,0,0.0,0.0,0.01,1000.0,0.01,0.0,normal,0.01
17,400,24045,0,0,0.0,0.0,0.01,1000.0,0.01,0.0,normal,0.01
17,401,24060,0,0,0.0,0.0,0.01,1000.0,0.01,0.0,normal,0.01
17,401,24075,0,0,0.0,0.0,0.01,1000.0,0.01,0.0,normal,0.01
17,401,24090,0,0,0.0,0.0,0.01,1000.0,0.01,0.0,normal,0.01
17,401,24105,0,0,0.0,0.0,0.01,1000.0,0.01,0.0,normal,0.01
17,402,24120,0,0,0.0,0.0,0.01,1000.0,0.01,0.0,normal,0.01
17,402,24135,0,0,0.0,0.0,0.01,1000.0,0.01,0.0,normal,0.01
17,402,24150,0,0,0.0,0.0,0.01,1000.0,0.01,0.0,normal,0.01
17,402,24165,0,0,0.0,0.0,0.01,1000.0,0.01,0.0,normal,0.01
17,403,24180,0,0,0.0,0.0,0.01,1000.0,0.01,0.0,normal,0.01
17,403,24195,0,0,0.0,0.0,0.01,1000.0,0.01,0.0,normal,0.01
17,403,24210,0,0,0.0,0.0,0.01,1000.0,0.01,0.0,normal,0.01
17,403,24225,0,0,0.0,0.0,0.01,1000.0,0.01,0.0,normal,0.01
17,404,24240,0,0,0.0,0.0,0.0057,1000.0,0.01,0.0,normal,0.01
17,404,24255,0,0,0.0,0.0,0.01,1000.0,0.01,0.0,normal,0.01
17,404,24270,0,0,0.0,0.0,0.01,1000.0,0.01,0.0,normal,0.01
17,404,24285,0,0,0.0,0.0,0.01,1000.0,0.01,0.0,normal,0.01
17,405,24300,0,0,0.0,0.0,0.01,1000.0,0.01,0.0,normal,0.01
17,405,24315,0,0,0.0,0.0,0.01,1000.0,0.01,0.0,normal,0.01
17,405,24330,0,0,0.0,0.0,0.01,1000.0,0.01,0.0,normal,0.01
17,405,24345,0,0,0.0,0.0,0.01,1000.0,0.01,0.0,normal,0.01
17,406,24360,0,0,0.0,0.0,0.01,1000.0,0.01,0.0,normal,0.01
17,406,24375,0,0,0.0,0.0,0.01,1000.0,0.01,0.0,normal,0.01
17,406,24390,0,0,0.0,0.0,0.01,1000.0,0.01,0.0,normal,0.01
17,406,24405,0,0,0.0,0.0,0.01,1000.0,0.01,0.0,normal,0.01
17,407,24420,0,0,0.0,0.0,0.01,1000.0,0.01,0.0,normal,0.01
17,407,24435,0,0,0.0,0.0,0.01,1000.0,0.01,0.0,normal,0.01
17,407,24450,0,0,0.0,0.0,0.01,1000.0,0.01,0.0,normal,0.01
17,407,24465,0,0,0.0,0.0,0.01,1000.0,0.01,0.0,normal,0.01
18,408,24480,0,0,0.0,0.0,0.01,1000.0,0.01,0.0,normal,0.0
18,408,24495,0,0,0.0,0.0,0.01,1000.0,0.01,0.0,normal,0.0
18,408,24510,0,0,0.0,0.0,0.01,1000.0,0.01,0.0,normal,0.0
18,408,24525,0,0,0.0,0.0,0.01,1000.0,0.01,0.0,normal,0.0
18,409,24540,0,0,0.0,0.0,0.01,1000.0,0.01,0.0,normal,0.0
18,409,24555,0,0,0.0,0.0,0.01,1000.0,0.01,0.0,normal,0.0
18,409,24570,0,0,0.0,0.0,0.01,1000.0,0.01,0.0,normal,0.0
18,409,24585,0,0,0.0,0.0,0.01,1000.0,0.01,0.0,normal,0.0
18,410,24600,0,0,0.0,0.0,0.01,1000.0,0.01,0.0,normal,0.0
18,410,24615,0,0,0.0,0.0,0.01,1000.0,0.01,0.0,normal,0.0
18,410,24630,0,0,0.0,0.0,0.01,1000.0,0.01,0.0,normal,0.0
18,410,24645,0,0,0.0,0.0,0.01,1000.0,0.01,0.0,normal,0.0
18,411,24660,0,0,0.0,0.0,0.01,1000.0,0.01,0.0,normal,0.0
18,411,24675,0,0,0.0,0.0,0.01,1000.0,0.01,0.0,normal,0.0
18,411,24690,0,0,0.0,0.0,0.01,1000.0,0.01,0.0,normal,0.0
18,411,24705,0,0,0.0,0.0,0.01,1000.0,0.01,0.0,normal,0.0
18,412,24720,0,0,0.0,0.0,0.01,1000.0,0.01,0.0,normal,0.0
18,412,24735,0,0,0.0,0.0,0.01,1000.0,0.01,0.0,normal,0.0
18,412,24750,0,0,0.0,0.0,0.01,1000.0,0.01,0.0,normal,0.0
18,412,24765,0,0,0.0,0.0,0.01,1000.0,0.01,0.0,normal,0.0
18,413,24780,0,0,0.0,0.0,0.01,1000.0,0.01,0.0,normal,0.0
18,413,24795,1,0,0.01,0.01,0.01,1000.0,0.01,0.0,normal,0.01
18,413,24810,0,0,0.0,0.0,0.01,1000.0,0.01,0.0,normal,0.01
18,413,24825,0,0,0.0,0.0,0.01,1000.0,0.01,0.0,normal,0.01
18,414,24840,0,0,0.0,0.0,0.01,1000.0,0.01,0.0,normal,0.01
18,414,24855,1,0,0.01,0.01,0.01,1000.0,0.01,0.0,normal,0.02
18,414,24870,0,0,0.0,0.0,0.01,1000.0,0.01,0.0,normal,0.02
18,414,24885,0,0,0.0,0.0,0.01,1000.0,0.01,0.0,normal,0.02
18,415,24900,0,0,0.0,0.0,0.01,1000.0,0.01,0.0,normal,0.02
18,415,24915,0,0,0.0,0.0,0.01,1000.0,0.01,0.0,normal,0.02
18,415,24930,0,0,0.0,0.0,0.01,1000.0,0.01,0.0,normal,0.02
18,415,24945,0,0,0.0,0.0,0.01,1000.0,0.01,0.0,normal,0.02
18,416,24960,0,0,0.0,0.0,0.01,1000.0,0.01,0.0,normal,0.02
18,416,24975,0,0,0.0,0.0,0.01,1000.0,0.01,0.0,normal,0.02
18,416,24990,0,0,0.0,0.0,0.01,1000.0,0.01,0.0,normal,0.02
18,416,25005,0,0,0.0,0.0,0.01,1000.0,0.01,0.0,normal,0.02
18,417,25020,0,0,0.0,0.0,0.01,1000.0,0.01,0.0,normal,0.02
18,417,25035,0,0,0.0,0.0,0.01,1000.0,0.01,0.0,normal,0.02
18,417,25050,0,0,0.0,0.0,0.01,1000.0,0.01,0.0,normal,0.02
18,417,25065,0,0,0.0,0.0,0.01,1000.0,0.01,0.0,normal,0.02
18,418,25080,0,0,0.0,0.0,0.01,1000.0,0.01,0.0,normal,0.02
18,418,25095,0,0,0.0,0.0,0.01,1000.0,0.01,0.0,normal,0.02
18,418,25110,0,0,0.0,0.0,0.01,1000.0,0.01,0.0,normal,0.02
18,418,25125,0,0,0.0,0.0,0.01,1000.0,0.01,0.0,normal,0.02
18,419,25140,0,0,0.0,0.0,0.01,1000.0,0.01,0.0,normal,0.02
18,419,25155,0,0,0.0,0.0,0.01,1000.0,0.01,0.0,normal,0.02
18,419,25170,0,0,0.0,0.0,0.01,1000.0,0.01,0.0,normal,0.02
18,419,25185,0,0,0.0,0.0,0.01,1000.0,0.01,0.0,normal,0.02
18,420,25200,0,0,0.0,0.0,0.01,1000.0,0.01,0.0,normal,0.02
18,420,25215,0,0,0.0,0.0,0.01,1000.0,0.01,0.0,normal,0.02
18,420,25230,0,0,0.0,0.0,0.01,1000.0,0.01,0.0,normal,0.02
18,420,25245,0,0,0.0,0.0,0.01,1000.0,0.01,0.0,normal,0.02
18,421,25260,0,0,0.0,0.0,0.01,1000.0,0.01,0.0,normal,0.02
18,421,25275,0,0,0.0,0.0,0.01,1000.0,0.01,0.0,normal,0.02
18,421,25290,0,0,0.0,0.0,0.01,1000.0,0.01,0.0,normal,0.02
18,421,25305,0,0,0.0,0.0,0.01,1000.0,0.01,0.0,normal,0.02
18,422,25320,0,0,0.0,0.0,0.01,1000.0,0.01,0.0,normal,0.02
18,422,25335,0,0,0.0,0.0,0.01,1000.0,0.01,0.0,normal,0.02
18,422,25350,0,0,0.0,0.0,0.01,1000.0,0.01,0.0,normal,0.02
18,422,25365,0,0,0.0,0.0,0.01,1000.0,0.01,0.0,normal,0.02
18,423,25380,0,0,0.0,0.0,0.01,1000.0,0.01,0.0,normal,0.02
18,423,25395,0,0,0.0,0.0,0.01,1000.0,0.01,0.0,normal,0.02
18,423,25410,0,0,0.0,0.0,0.01,1000.0,0.01,0.0,normal,0.02
18,423,25425,0,0,0.0,0.0,0.01,1000.0,0.01,0.0,normal,0.02
18,424,25440,0,0,0.0,0.0,0.01,1000.0,0.01,0.0,normal,0.02
18,424,25455,0,0,0.0,0.0,0.01,1000.0,0.01,0.0,normal,0.02
18,424,25470,0,0,0.0,0.0,0.01,1000.0,0.01,0.0,normal,0.02
18,424,25485,0,0,0.0,0.0,0.01,1000.0,0.01,0.0,normal,0.02
18,425,25500,0,0,0.0,0.0,0.01,1000.0,0.01,0.0,normal,0.02
18,425,25515,0,0,0.0,0.0,0.01,1000.0,0.01,0.0,normal,0.02
18,425,25530,0,0,0.0,0.0,0.01,1000.0,0.01,0.0,normal,0.02
18,425,25545,0,0,0.0,0.0,0.01,1000.0,0.01,0.0,normal,0.02
18,426,25560,0,0,0.0,0.0,0.01,1000.0,0.01,0.0,normal,0.02
18,426,25575,0,0,0.0,0.0,0.01,1000.0,0.01,0.0,normal,0.02
18,426,25590,0,0,0.0,0.0,0.01,1000.0,0.01,0.0,normal,0.02
18,426,25605,0,0,0.0,0.0,0.01,1000.0,0.01,0.0,normal,0.02
18,427,25620,0,0,0.0,0.0,0.01,1000.0,0.01,0.0,normal,0.02
18,427,25635,0,0,0.0,0.0,0.01,1000.0,0.01,0.0,normal,0.02
18,427,25650,0,0,0.0,0.0,0.01,1000.0,0.01,0.0,normal,0.02
18,427,25665,0,0,0.0,0.0,0.01,1000.0,0.01,0.0,normal,0.02
18,428,25680,0,0,0.0,0.0,0.01,1000.0,0.01,0.0,normal,0.02
18,428,25695,0,0,0.0,0.0,0.01,1000.0,0.01,0.0,normal,0.02
18,428,25710,0,0,0.0,0.0,0.01,1000.0,0.01,0.0,normal,0.02
18,428,25725,0,0,0.0,0.0,0.01,1000.0,0.01,0.0,normal,0.02
18,429,25740,0,0,0.0,0.0,0.01,1000.0,0.01,0.0,normal,0.02
18,429,25755,0,0,0.0,0.0,0.01,1000.0,0.01,0.0,normal,0.02
18,429,25770,0,0,0.0,0.0,0.01,1000.0,0.01,0.0,normal,0.02
18,429,25785,0,0,0.0,0.0,0.01,1000.0,0.01,0.0,normal,0.02
18,430,25800,0,0,0.0,0.0,0.01,1000.0,0.01,0.0,normal,0.02
18,430,25815,0,0,0.0,0.0,0.01,1000.0,0.01,0.0,normal,0.02
18,430,25830,0,0,0.0,0.0,0.01,1000.0,0.01,0.0,normal,0.02
18,430,25845,0,0,0.0,0.0,0.01,1000.0,0.01,0.0,normal,0.02
18,431,25860,0,0,0.0,0.0,0.01,1000.0,0.01,0.0,normal,0.02
18,431,25875,0,0,0.0,0.0,0.01,1000.0,0.01,0.0,normal,0.02
18,431,25890,1,0,0.01,0.01,0.01,1000.0,0.01,0.0,normal,0.03
18,431,25905,0,0,0.0,0.0,0.01,1000.0,0.01,0.0,normal,0.03
19,432,25920,0,0,0.0,0.0,0.01,1000.0,0.01,0.0,normal,0.0
19,432,25935,0,0,0.0,0.0,0.01,1000.0,0.01,0.0,normal,0.0
19,432,25950,0,0,0.0,0.0,0.01,1000.0,0.01,0.0,normal,0.0
19,432,25965,0,0,0.0,0.0,0.01,1000.0,0.01,0.0,normal,0.0
19,433,25980,0,0,0.0,0.0,0.01,1000.0,0.01,1.0,normal,0.0
19,433,25995,0,0,0.0,0.0,0.01,1000.0,0.01,1.0,normal,0.0
19,433,26010,4,0,16.8,16.8,4.2,1000.0,4.2,1.0,normal,16.8
19,433,26025,11,1,17.0373,17.0373,1.5488,1000.0,4.2,1.0,normal,33.8373
19,434,26040,12,0,5.5426,5.5426,0.4619,1000.0,4.35,1.0,normal,39.3799
19,434,26055,12,0,42.2561,42.2561,3.5213,1000.0,4.35,1.0,normal,81.636
19,434,26070,20,1,75.5002,75.5002,3.775,1000.0,4.35,1.0,normal,157.1362
19,434,26085,13,0,27.5812,27.5812,2.1216,1000.0,4.35,1.0,normal,184.7174
19,435,26100,10,1,4.8968,4.8968,0.4897,1000.0,4.24,1.0,normal,189.6142
19,435,26115,9,1,38.16,38.16,4.24,1000.0,4.24,1.0,normal,227.7742
19,435,26130,9,0,6.465,6.465,0.7183,1000.0,4.24,1.0,normal,234.2392
19,435,26145,7,0,29.5638,29.5638,4.2234,1000.0,4.24,1.0,normal,263.803
19,436,26160,13,0,35.772,35.772,2.7517,1000.0,4.39,1.0,normal,299.575
19,436,26175,9,1,12.1487,12.1487,1.3499,1000.0,4.39,1.0,normal,311.7237
19,436,26190,13,0,31.7775,31.7775,2.4444,1000.0,4.39,1.0,normal,343.5012
19,436,26205,12,0,36.6044,36.6044,3.0504,1000.0,4.39,1.0,normal,380.1056
19,437,26220,16,1,72.64,72.64,4.54,1000.0,4.54,1.0,normal,452.7456
19,437,26235,15,0,40.4082,40.4082,2.6939,1000.0,4.54,1.0,normal,493.1538
19,437,26250,13,0,59.02,59.02,4.54,1000.0,4.54,1.0,normal,552.1738
19,437,26265,9,0,8.6006,8.6006,0.9556,1000.0,4.54,1.0,normal,560.7744
19,438,26280,9,0,39.87,39.87,4.43,1000.0,4.43,1.0,normal,600.6444
19,438,26295,14,0,62.02,62.02,4.43,1000.0,4.43,1.0,normal,662.6644
19,438,26310,12,0,23.7483,23.7483,1.979,1000.0,4.43,1.0,normal,686.4127
19,438,26325,16,0,70.88,70.88,4.43,1000.0,4.43,1.0,normal,757.2927
19,439,26340,11,0,46.31,46.31,4.21,1000.0,4.21,1.0,normal,803.6027
19,439,26355,12,0,7.2164,7.2164,0.6014,1000.0,4.21,1.0,normal,810.8191
19,439,26370,15,0,3.5956,3.5956,0.2397,1000.0,4.21,1.0,normal,814.4147
19,439,26385,12,0,15.4481,15.4481,1.2873,1000.0,4.21,1.0,normal,829.8628
19,440,26400,14,1,2.9859,2.9859,0.2133,1000.0,4.21,1.0,normal,832.8487
19,440,26415,13,0,54.6917,54.6917,4.2071,1000.0,4.21,1.0,normal,887.5404
19,440,26430,5,0,6.9926,6.9926,1.3985,1000.0,4.21,1.0,normal,894.533
19,440,26445,12,0,39.0731,39.0731,3.2561,1000.0,4.21,1.0,budget_constrained,933.6061
19,441,26460,16,0,28.2088,28.2088,1.7631,1000.0,3.93,1.0,budget_constrained,961.8149
19,441,26475,8,1,9.8474,9.8474,1.2309,1000.0,3.93,1.0,budget_constrained,971.6623
19,441,26490,7,0,28.3377,28.3377,3.93,1000.0,3.93,1.0,budget_constrained,1000.0
19,441,26505,0,0,0.0,0.0,1.1236,1000.0,3.93,1.0,budget_constrained,1000.0
19,442,26520,0,0,0.0,0.0,2.739,1000.0,3.65,1.0,budget_constrained,1000.0
19,442,26535,0,0,0.0,0.0,0.6141,1000.0,3.65,1.0,budget_constrained,1000.0
19,442,26550,0,0,0.0,0.0,3.65,1000.0,3.65,1.0,budget_constrained,1000.0
19,442,26565,0,0,0.0,0.0,3.65,1000.0,3.65,1.0,budget_constrained,1000.0
19,443,26580,0,0,0.0,0.0,0.4861,1000.0,3.37,1.0,budget_constrained,1000.0
19,443,26595,0,0,0.0,0.0,1.8783,1000.0,3.37,1.0,budget_constrained,1000.0
19,443,26610,0,0,0.0,0.0,1.9731,1000.0,3.37,1.0,budget_constrained,1000.0
19,443,26625,0,0,0.0,0.0,2.3794,1000.0,3.37,1.0,budget_constrained,1000.0
19,444,26640,9,0,39.33,39.33,4.37,1650.0,4.37,1.0,normal,1039.33
19,444,26655,6,0,0.7608,0.7608,0.1268,1650.0,4.37,1.0,normal,1040.0908
19,444,26670,5,1,5.187,5.187,1.0374,1650.0,4.37,1.0,normal,1045.2778
19,444,26685,16,1,8.4011,8.4011,0.5251,1650.0,4.37,1.0,normal,1053.6789
19,445,26700,13,1,53.95,53.95,4.15,1650.0,4.15,1.0,normal,1107.6289
19,445,26715,21,1,6.1828,6.1828,0.2944,1650.0,4.15,1.0,normal,1113.8117
19,445,26730,8,1,19.9757,19.9757,2.497,1650.0,4.15,1.0,normal,1133.7874
19,445,26745,11,0,45.65,45.65,4.15,1650.0,4.15,1.0,normal,1179.4374
19,446,26760,11,0,26.0066,26.0066,2.3642,1650.0,4.05,1.0,normal,1205.444
19,446,26775,12,0,47.0563,47.0563,3.9214,1650.0,4.05,1.0,normal,1252.5003
19,446,26790,11,1,24.4213,24.4213,2.2201,1650.0,4.05,1.0,normal,1276.9216
19,446,26805,14,0,7.0463,7.0463,0.5033,1650.0,4.05,1.0,normal,1283.9679
19,447,26820,9,0,27.8114,27.8114,3.0902,1650.0,3.95,1.0,normal,1311.7793
19,447,26835,12,0,47.4,47.4,3.95,1650.0,3.95,1.0,normal,1359.1793
19,447,26850,12,1,3.8154,3.8154,0.318,1650.0,3.95,1.0,normal,1362.9947
19,447,26865,12,1,9.9935,9.9935,0.8328,1650.0,3.95,1.0,normal,1372.9882
19,448,26880,8,1,15.8863,15.8863,1.9858,1650.0,3.95,1.0,normal,1388.8745
19,448,26895,9,0,15.2552,15.2552,1.695,1650.0,3.95,1.0,normal,1404.1297
19,448,26910,10,0,17.7321,17.7321,1.7732,1650.0,3.95,1.0,normal,1421.8618
19,448,26925,6,0,10.8086,10.8086,1.8014,1650.0,3.95,1.0,normal,1432.6704
19,449,26940,14,0,22.3213,22.3213,1.5944,1650.0,4.08,1.0,normal,1454.9917
19,449,26955,8,0,19.6813,19.6813,2.4602,1650.0,4.08,1.0,normal,1474.673
19,449,26970,7,0,0.6872,0.6872,0.0982,1650.0,4.08,1.0,normal,1475.3602
19,449,26985,10,0,25.1361,25.1361,2.5136,1650.0,4.08,1.0,budget_constrained,1500.4963
19,450,27000,8,0,8.0138,8.0138,1.0017,1650.0,4.22,1.0,budget_constrained,1508.5101
19,450,27015,11,0,46.3119,46.3119,4.2102,1650.0,4.22,1.0,budget_constrained,1554.822
19,450,27030,8,0,8.2217,8.2217,1.0277,1650.0,4.22,1.0,budget_constrained,1563.0437
19,450,27045,14,1,15.4791,15.4791,1.1056,1650.0,4.22,1.0,budget_constrained,1578.5228
19,451,27060,10,0,15.4658,15.4658,1.5466,1650.0,4.35,1.0,budget_constrained,1593.9886
19,451,27075,13,0,56.0114,56.0114,4.1335,1650.0,4.35,1.0,budget_depleted,1650.0
19,451,27090,0,0,0.0,0.0,0.0,1650.0,4.35,1.0,budget_depleted,1650.0
19,451,27105,0,0,0.0,0.0,0.0,1650.0,4.35,1.0,budget_depleted,1650.0
19,452,27120,0,0,0.0,0.0,0.0,1650.0,4.35,1.0,budget_depleted,1650.0
19,452,27135,0,0,0.0,0.0,0.0,1650.0,4.35,1.0,budget_depleted,1650.0
19,452,27150,0,0,0.0,0.0,0.0,1650.0,4.35,1.0,budget_depleted,1650.0
19,452,27165,0,0,0.0,0.0,0.0,1650.0,4.35,1.0,budget_depleted,1650.0
19,453,27180,0,0,0.0,0.0,0.0,1650.0,3.57,1.0,budget_depleted,1650.0
19,453,27195,0,0,0.0,0.0,0.0,1650.0,3.57,1.0,budget_depleted,1650.0
19,453,27210,0,0,0.0,0.0,0.0,1650.0,3.57,1.0,budget_depleted,1650.0
19,453,27225,0,0,0.0,0.0,0.0,1650.0,3.57,1.0,budget_depleted,1650.0
19,454,27240,0,0,0.0,0.0,0.0,1650.0,2.92,1.0,budget_depleted,1650.0
19,454,27255,0,0,0.0,0.0,0.0,1650.0,2.92,1.0,budget_depleted,1650.0
19,454,27270,0,0,0.0,0.0,0.0,1650.0,2.92,1.0,budget_depleted,1650.0
19,454,27285,0,0,0.0,0.0,0.0,1650.0,2.92,1.0,budget_depleted,1650.0
19,455,27300,0,0,0.0,0.0,0.0,1650.0,1.19,1.0,budget_depleted,1650.0
19,455,27315,0,0,0.0,0.0,0.0,1650.0,1.19,1.0,budget_depleted,1650.0
19,455,27330,0,0,0.0,0.0,0.0,1650.0,1.19,1.0,budget_depleted,1650.0
19,455,27345,0,0,0.0,0.0,0.0,1650.0,1.19,1.0,budget_depleted,1650.0
20,456,27360,0,0,0.0,0.0,0.0,1650.0,1.55,1.0,normal,0.0
20,456,27375,6,0,9.3,9.3,1.55,1650.0,1.55,1.0,normal,9.3
20,456,27390,8,0,9.7962,9.7962,1.2245,1650.0,1.55,1.0,normal,19.0962
20,456,27405,4,0,6.2,6.2,1.55,1650.0,1.55,1.0,normal,25.2962
20,457,27420,3,0,2.2788,2.2788,0.7596,1650.0,1.6,1.0,normal,27.575
20,457,27435,3,0,4.8,4.8,1.6,1650.0,1.6,1.0,normal,32.375
20,457,27450,11,1,17.6,17.6,1.6,1650.0,1.6,1.0,normal,49.975
20,457,27465,3,0,3.3176,3.3176,1.1059,1650.0,1.6,1.0,normal,53.2926
20,458,27480,4,0,6.64,6.64,1.66,1650.0,1.66,1.0,normal,59.9326
20,458,27495,4,0,6.64,6.64,1.66,1650.0,1.66,1.0,normal,66.5726
20,458,27510,11,0,18.26,18.26,1.66,1650.0,1.66,1.0,normal,84.8326
20,458,27525,5,1,8.3,8.3,1.66,1650.0,1.66,1.0,normal,93.1326
20,459,27540,3,1,3.5233,3.5233,1.1744,1650.0,1.72,1.0,normal,96.6559
20,459,27555,4,0,3.0235,3.0235,0.7559,1650.0,1.72,1.0,normal,99.6794
20,459,27570,2,0,3.44,3.44,1.72,1650.0,1.72,1.0,normal,103.1194
20,459,27585,5,0,8.6,8.6,1.72,1650.0,1.72,1.0,normal,111.7194
20,460,27600,7,0,12.04,12.04,1.72,1650.0,1.72,1.0,normal,123.7594
20,460,27615,8,1,13.76,13.76,1.72,1650.0,1.72,1.0,normal,137.5194
20,460,27630,2,0,0.2869,0.2869,0.1434,1650.0,1.72,1.0,normal,137.8063
20,460,27645,8,0,13.76,13.76,1.72,1650.0,1.72,1.0,normal,151.5663
20,461,27660,4,0,7.12,7.12,1.78,1650.0,1.78,1.0,normal,158.6863
20,461,27675,7,0,12.46,12.46,1.78,1650.0,1.78,1.0,normal,171.1463
20,461,27690,6,0,10.68,10.68,1.78,1650.0,1.78,1.0,normal,181.8263
20,461,27705,6,0,5.0462,5.0462,0.841,1650.0,1.78,1.0,normal,186.8725
20,462,27720,3,0,3.8536,3.8536,1.2845,1650.0,1.84,1.0,normal,190.7261
20,462,27735,5,1,5.2724,5.2724,1.0545,1650.0,1.84,1.0,normal,195.9985
20,462,27750,5,0,8.9177,8.9177,1.7835,1650.0,1.84,1.0,normal,204.9162
20,462,27765,4,0,7.0394,7.0394,1.7599,1650.0,1.84,1.0,normal,211.9556
20,463,27780,8,0,15.2,15.2,1.9,1650.0,1.9,1.0,normal,227.1556
20,463,27795,2,0,2.6098,2.6098,1.3049,1650.0,1.9,1.0,normal,229.7654
20,463,27810,4,0,6.0097,6.0097,1.5024,1650.0,1.9,1.0,normal,235.7751
20,463,27825,6,0,11.4,11.4,1.9,1650.0,1.9,1.0,normal,247.1751
20,464,27840,5,0,6.5233,6.5233,1.3047,1650.0,1.9,1.0,normal,253.6984
20,464,27855,6,0,11.4,11.4,1.9,1650.0,1.9,1.0,normal,265.0984
20,464,27870,4,1,1.9753,1.9753,0.4938,1650.0,1.9,1.0,normal,267.0737
20,464,27885,7,0,10.4087,10.4087,1.487,1650.0,1.9,1.0,normal,277.4824
20,465,27900,3,1,1.73,1.73,0.5767,1650.0,1.97,1.0,normal,279.2124
20,465,27915,4,0,7.88,7.88,1.97,1650.0,1.97,1.0,normal,287.0924
20,465,27930,2,0,1.7287,1.7287,0.8644,1650.0,1.97,1.0,normal,288.8211
20,465,27945,6,0,2.3366,2.3366,0.3894,1650.0,1.97,1.0,normal,291.1577
20,466,27960,7,0,2.3504,2.3504,0.3358,1650.0,2.04,1.0,normal,293.5081
20,466,27975,8,0,16.32,16.32,2.04,1650.0,2.04,1.0,normal,309.8281
20,466,27990,8,0,16.32,16.32,2.04,1650.0,2.04,1.0,normal,326.1481
20,466,28005,5,0,10.2,10.2,2.04,1650.0,2.04,1.0,normal,336.3481
20,467,28020,2,0,4.22,4.22,2.11,1650.0,2.11,1.0,normal,340.5681
20,467,28035,1,1,1.8318,1.8318,1.8318,1650.0,2.11,1.0,normal,342.3999
20,467,28050,3,0,6.33,6.33,2.11,1650.0,2.11,1.0,normal,348.7299
20,467,28065,5,0,10.55,10.55,2.11,1650.0,2.11,1.0,normal,359.2799
20,468,28080,4,0,7.6213,7.6213,1.9053,1650.0,2.11,1.3,normal,366.9012
20,468,28095,6,1,5.8365,5.8365,0.9728,1650.0,2.11,1.3,normal,372.7377
20,468,28110,4,0,8.44,8.44,2.11,1650.0,2.11,1.3,normal,381.1777
20,468,28125,9,0,10.9846,10.9846,1.2205,1650.0,2.11,1.3,normal,392.1623
20,469,28140,2,1,2.9962,2.9962,1.4981,1650.0,2.18,1.3,normal,395.1585
20,469,28155,7,0,15.26,15.26,2.18,1650.0,2.18,1.3,normal,410.4185
20,469,28170,8,0,2.6975,2.6975,0.3372,1650.0,2.18,1.3,normal,413.116
20,469,28185,6,0,13.08,13.08,2.18,1650.0,2.18,1.3,normal,426.196
20,470,28200,6,2,13.08,6.54,2.18,1650.0,2.18,1.3,normal,439.276
20,470,28215,1,0,2.18,2.18,2.18,1650.0,2.18,1.3,normal,441.456
20,470,28230,5,0,10.9,10.9,2.18,1650.0,2.18,1.3,normal,452.356
20,470,28245,4,0,5.421,5.421,1.3552,1650.0,2.18,1.3,normal,457.777
20,471,28260,4,0,2.5082,2.5082,0.627,1650.0,2.27,1.3,normal,460.2852
20,471,28275,6,0,7.617,7.617,1.2695,1650.0,2.27,1.3,normal,467.9022
20,471,28290,3,0,6.81,6.81,2.27,1650.0,2.27,1.3,normal,474.7122
20,471,28305,6,0,7.35,7.35,1.225,1650.0,2.27,1.3,normal,482.0622
20,472,28320,0,0,0.0,0.0,0.01,1650.0,0.01,1.3,normal,482.0622
20,472,28335,0,0,0.0,0.0,0.01,1650.0,0.01,1.3,normal,482.0622
20,472,28350,0,0,0.0,0.0,0.01,1650.0,0.01,1.3,normal,482.0622
20,472,28365,0,0,0.0,0.0,0.01,1650.0,0.01,1.3,normal,482.0622
20,473,28380,0,0,0.0,0.0,0.01,1650.0,0.01,1.3,normal,482.0622
20,473,28395,0,0,0.0,0.0,0.01,1650.0,0.01,1.3,normal,482.0622
20,473,28410,0,0,0.0,0.0,0.01,1650.0,0.01,1.3,normal,482.0622
20,473,28425,0,0,0.0,0.0,0.01,1650.0,0.01,1.3,normal,482.0622
20,474,28440,5,0,1.1071,1.1071,0.2214,1650.0,4.2,1.3,normal,483.1693
20,474,28455,6,1,25.2,25.2,4.2,1650.0,4.2,1.3,normal,508.3693
20,474,28470,17,0,64.5499,64.5499,3.7971,1650.0,4.2,1.3,normal,572.9192
20,474,28485,13,0,28.9844,28.9844,2.2296,1650.0,4.2,1.3,normal,601.9036
20,475,28500,16,0,35.2808,35.2808,2.2051,1650.0,4.38,1.3,normal,637.1844
20,475,28515,7,0,30.66,30.66,4.38,1650.0,4.38,1.3,normal,667.8444
20,475,28530,13,0,17.4253,17.4253,1.3404,1650.0,4.38,1.3,normal,685.2697
20,475,28545,12,1,46.5219,46.5219,3.8768,1650.0,4.38,1.3,normal,731.7916
20,476,28560,0,0,0.0,0.0,0.01,1650.0,0.01,1.3,normal,731.7916
20,476,28575,0,0,0.0,0.0,0.01,1650.0,0.01,1.3,normal,731.7916
20,476,28590,0,0,0.0,0.0,0.01,1650.0,0.01,1.3,normal,731.7916
20,476,28605,0,0,0.0,0.0,0.01,1650.0,0.01,1.3,normal,731.7916
20,477,28620,0,0,0.0,0.0,0.01,1650.0,0.01,1.3,normal,731.7916
20,477,28635,0,0,0.0,0.0,0.01,1650.0,0.01,1.3,normal,731.7916
20,477,28650,0,0,0.0,0.0,0.01,1650.0,0.01,1.3,normal,731.7916
20,477,28665,0,0,0.0,0.0,0.01,1650.0,0.01,1.3,normal,731.7916
20,478,28680,14,1,24.3966,24.3966,1.7426,1650.0,4.2,1.3,normal,756.1882
20,478,28695,11,0,1.9503,1.9503,0.1773,1650.0,4.2,1.3,normal,758.1385
20,478,28710,7,0,29.4,29.4,4.2,1650.0,4.2,1.3,normal,787.5385
20,478,28725,8,0,33.6,33.6,4.2,1650.0,4.2,1.3,normal,821.1385
20,479,28740,9,1,39.42,39.42,4.38,1650.0,4.38,1.3,normal,860.5585
20,479,28755,11,0,48.18,48.18,4.38,1650.0,4.38,1.3,normal,908.7385
20,479,28770,13,0,27.3486,27.3486,2.1037,1650.0,4.38,1.3,normal,936.0871
20,479,28785,9,0,39.42,39.42,4.38,1650.0,4.38,1.3,normal,975.5071
21,480,28800,4,1,5.7502,5.7502,1.4376,1650.0,2.46,1.3,normal,5.7502
21,480,28815,1,0,2.46,2.46,2.46,1650.0,2.46,1.3,normal,8.2102
21,480,28830,10,0,6.1246,6.1246,0.6125,1650.0,2.46,1.3,normal,14.3348
21,480,28845,6,1,14.76,14.76,2.46,1650.0,2.46,1.3,normal,29.0948
21,481,28860,10,0,8.0527,8.0527,0.8053,1650.0,3.5,1.3,normal,37.1475
21,481,28875,10,1,35.0,35.0,3.5,1650.0,3.5,1.3,normal,72.1475
21,481,28890,3,0,2.9845,2.9845,0.9948,1650.0,3.5,1.3,normal,75.132
21,481,28905,8,0,8.1029,8.1029,1.0129,1650.0,3.5,1.3,normal,83.2349
21,482,28920,14,1,49.0,49.0,3.5,1650.0,3.5,1.3,normal,132.2349
21,482,28935,7,1,7.2787,7.2787,1.0398,1650.0,3.5,1.3,normal,139.5136
21,482,28950,9,2,31.3746,15.6873,3.4861,1650.0,3.5,1.3,normal,170.8882
21,482,28965,11,1,38.5,38.5,3.5,1650.0,3.5,1.3,normal,209.3882
21,483,28980,12,1,22.4583,22.4583,1.8715,1650.0,3.62,1.3,normal,231.8465
21,483,28995,5,0,4.2906,4.2906,0.8581,1650.0,3.62,1.3,normal,236.1371
21,483,29010,9,0,32.58,32.58,3.62,1650.0,3.62,1.3,normal,268.7171
21,483,29025,13,0,47.06,47.06,3.62,1650.0,3.62,1.3,normal,315.7771
21,484,29040,8,0,28.96,28.96,3.62,1650.0,3.62,1.3,normal,344.7371
21,484,29055,12,1,21.9356,21.9356,1.828,1650.0,3.62,1.3,normal,366.6727
21,484,29070,10,0,11.4527,11.4527,1.1453,1650.0,3.62,1.3,normal,378.1254
21,484,29085,10,1,36.2,36.2,3.62,1650.0,3.62,1.3,normal,414.3254
21,485,29100,10,0,20.9904,20.9904,2.099,1650.0,3.77,1.3,normal,435.3158
21,485,29115,9,1,19.3212,19.3212,2.1468,1650.0,3.77,1.3,normal,454.637
21,485,29130,12,1,45.24,45.24,3.77,1650.0,3.77,1.3,normal,499.877
21,485,29145,10,1,37.7,37.7,3.77,1650.0,3.77,1.3,normal,537.577
21,486,29160,11,0,5.4518,5.4518,0.4956,1650.0,3.77,1.3,normal,543.0288
21,486,29175,8,0,0.4646,0.4646,0.0581,1650.0,3.77,1.3,normal,543.4934
21,486,29190,6,0,22.62,22.62,3.77,1650.0,3.77,1.3,normal,566.1134
21,486,29205,16,0,11.2258,11.2258,0.7016,1650.0,3.77,1.3,normal,577.3392
21,487,29220,8,0,5.7169,5.7169,0.7146,1650.0,3.93,1.3,normal,583.0561
21,487,29235,13,1,25.7882,25.7882,1.9837,1650.0,3.93,1.3,normal,608.8443
21,487,29250,15,0,20.7184,20.7184,1.3812,1650.0,3.93,1.3,normal,629.5627
21,487,29265,8,0,31.44,31.44,3.93,1650.0,3.93,1.3,normal,661.0027
21,488,29280,10,1,23.5813,23.5813,2.3581,1650.0,3.93,1.3,normal,684.584
21,488,29295,6,0,4.6063,4.6063,0.7677,1650.0,3.93,1.3,normal,689.1903
21,488,29310,6,1,15.6283,15.6283,2.6047,1650.0,3.93,1.3,normal,704.8186
21,488,29325,12,0,3.9098,3.9098,0.3258,1650.0,3.93,1.3,normal,708.7284
21,489,29340,8,0,32.8,32.8,4.1,1650.0,4.1,1.3,normal,741.5284
21,489,29355,17,0,40.5524,40.5524,2.3854,1650.0,4.1,1.3,normal,782.0808
21,489,29370,9,1,35.052,35.052,3.8947,1650.0,4.1,1.3,normal,817.1328
21,489,29385,9,0,36.9,36.9,4.1,1650.0,4.1,1.3,normal,854.0328
21,490,29400,6,0,11.3824,11.3824,1.8971,1650.0,4.1,1.3,normal,865.4152
21,490,29415,15,1,41.247,41.247,2.7498,1650.0,4.1,1.3,normal,906.6622
21,490,29430,10,0,20.3177,20.3177,2.0318,1650.0,4.1,1.3,normal,926.9799
21,490,29445,8,0,32.8,32.8,4.1,1650.0,4.1,1.3,normal,959.7799
21,491,29460,7,0,14.8468,14.8468,2.121,1650.0,4.27,1.3,normal,974.6267
21,491,29475,13,0,42.1211,42.1211,3.2401,1650.0,4.27,1.3,normal,1016.7478
21,491,29490,8,1,12.7252,12.7252,1.5906,1650.0,4.27,1.3,normal,1029.473
21,491,29505,8,0,29.0003,29.0003,3.625,1650.0,4.27,1.3,normal,1058.4733
21,492,29520,11,1,29.8818,29.8818,2.7165,1650.0,4.27,1.3,normal,1088.3551
21,492,29535,15,0,33.6065,33.6065,2.2404,1650.0,4.27,1.3,normal,1121.9616
21,492,29550,14,1,14.1435,14.1435,1.0102,1650.0,4.27,1.3,normal,1136.1051
21,492,29565,8,0,0.8337,0.8337,0.1042,1650.0,4.27,1.3,normal,1136.9388
21,493,29580,13,0,21.0414,21.0414,1.6186,1650.0,4.45,1.3,normal,1157.9802
21,493,29595,11,1,15.5094,15.5094,1.4099,1650.0,4.45,1.3,normal,1173.4896
21,493,29610,8,0,35.6,35.6,4.45,1650.0,4.45,1.3,normal,1209.0896
21,493,29625,10,1,28.1112,28.1112,2.8111,1650.0,4.45,1.3,normal,1237.2008
21,494,29640,10,0,38.9314,38.9314,3.8931,1650.0,4.45,1.3,normal,1276.1322
21,494,29655,14,0,13.0374,13.0374,0.9312,1650.0,4.45,1.3,normal,1289.1696
21,494,29670,6,0,12.8113,12.8113,2.1352,1650.0,4.45,1.3,normal,1301.9809
21,494,29685,9,1,28.9959,28.9959,3.2218,1650.0,4.45,1.3,normal,1330.9768
21,495,29700,9,1,20.1067,20.1067,2.2341,1650.0,4.9,1.3,normal,1351.0835
21,495,29715,10,1,28.4692,28.4692,2.8469,1650.0,4.9,1.3,normal,1379.5527
21,495,29730,5,1,11.2366,11.2366,2.2473,1650.0,4.9,1.3,normal,1390.7893
21,495,29745,14,0,17.4881,17.4881,1.2492,1650.0,4.9,1.3,normal,1408.2774
21,496,29760,12,1,54.4035,54.4035,4.5336,1650.0,4.9,1.3,normal,1462.6809
21,496,29775,6,0,23.0249,23.0249,3.8375,1650.0,4.9,1.3,budget_constrained,1485.7058
21,496,29790,12,0,51.145,51.145,4.2621,1650.0,4.9,1.3,budget_constrained,1536.8508
21,496,29805,8,0,39.0712,39.0712,4.8839,1650.0,4.9,1.3,budget_constrained,1575.922
21,497,29820,16,1,36.8335,36.8335,2.3021,1650.0,5.88,1.3,budget_constrained,1612.7555
21,497,29835,9,1,37.2445,37.2445,3.7403,1650.0,5.88,1.3,budget_constrained,1650.0
21,497,29850,0,0,0.0,0.0,3.811,1650.0,5.88,1.3,budget_constrained,1650.0
21,497,29865,0,0,0.0,0.0,4.5332,1650.0,5.88,1.3,budget_constrained,1650.0
21,498,29880,0,0,0.0,0.0,0.01,1650.0,0.01,1.3,budget_constrained,1650.0
21,498,29895,0,0,0.0,0.0,0.01,1650.0,0.01,1.3,budget_constrained,1650.0
21,498,29910,0,0,0.0,0.0,0.01,1650.0,0.01,1.3,budget_constrained,1650.0
21,498,29925,0,0,0.0,0.0,0.01,1650.0,0.01,1.3,budget_constrained,1650.0
21,499,29940,0,0,0.0,0.0,0.01,1650.0,0.01,1.3,budget_constrained,1650.0
21,499,29955,0,0,0.0,0.0,0.01,1650.0,0.01,1.3,budget_constrained,1650.0
21,499,29970,0,0,0.0,0.0,0.01,1650.0,0.01,1.3,budget_constrained,1650.0
21,499,29985,0,0,0.0,0.0,0.01,1650.0,0.01,1.3,budget_constrained,1650.0
21,500,30000,0,0,0.0,0.0,4.05,1650.0,4.2,1.3,budget_constrained,1650.0
21,500,30015,0,0,0.0,0.0,3.2429,1650.0,4.2,1.3,budget_constrained,1650.0
21,500,30030,0,0,0.0,0.0,1.6972,1650.0,4.2,1.3,budget_constrained,1650.0
21,500,30045,0,0,0.0,0.0,0.1887,1650.0,4.2,1.3,budget_constrained,1650.0
21,501,30060,0,0,0.0,0.0,3.8179,1650.0,4.2,1.3,budget_constrained,1650.0
21,501,30075,0,0,0.0,0.0,2.6,1650.0,4.2,1.3,budget_constrained,1650.0
21,501,30090,0,0,0.0,0.0,0.1405,1650.0,4.2,1.3,budget_constrained,1650.0
21,501,30105,0,0,0.0,0.0,1.5554,1650.0,4.2,1.3,budget_constrained,1650.0
21,502,30120,0,0,0.0,0.0,4.2,1650.0,4.2,1.3,budget_constrained,1650.0
21,502,30135,0,0,0.0,0.0,4.2,1650.0,4.2,1.3,budget_constrained,1650.0
21,502,30150,0,0,0.0,0.0,4.2,1650.0,4.2,1.3,budget_constrained,1650.0
21,502,30165,0,0,0.0,0.0,1.8012,1650.0,4.2,1.3,budget_constrained,1650.0
21,503,30180,0,0,0.0,0.0,1.0636,1650.0,5.46,1.3,budget_constrained,1650.0
21,503,30195,0,0,0.0,0.0,4.3454,1650.0,5.46,1.3,budget_constrained,1650.0
21,503,30210,0,0,0.0,0.0,3.5333,1650.0,5.46,1.3,budget_constrained,1650.0
21,503,30225,0,0,0.0,0.0,3.283,1650.0,5.46,1.3,budget_constrained,1650.0
22,504,30240,0,0,0.0,0.0,5.0768,1650.0,5.46,1.3,normal,0.0
22,504,30255,12,0,22.3587,22.3587,1.8632,1650.0,5.46,1.3,normal,22.3587
22,504,30270,9,0,24.1693,24.1693,2.6855,1650.0,5.46,1.3,normal,46.528
22,504,30285,14,0,15.1072,15.1072,1.0791,1650.0,5.46,1.3,normal,61.6352
22,505,30300,12,0,41.9007,41.9007,3.4917,1650.0,5.69,1.3,normal,103.5359
22,505,30315,12,0,35.5858,35.5858,2.9655,1650.0,5.69,1.3,normal,139.1217
22,505,30330,20,0,10.2661,10.2661,0.5133,1650.0,5.69,1.3,normal,149.3878
22,505,30345,12,0,6.5408,6.5408,0.5451,1650.0,5.69,1.3,normal,155.9286
22,506,30360,12,1,11.4353,11.4353,0.9529,1650.0,5.69,1.3,normal,167.3639
22,506,30375,12,1,8.5248,8.5248,0.7104,1650.0,5.69,1.3,normal,175.8887
22,506,30390,13,0,12.4817,12.4817,0.9601,1650.0,5.69,1.3,normal,188.3704
22,506,30405,13,0,5.5186,5.5186,0.4245,1650.0,5.69,1.3,normal,193.889
22,507,30420,18,1,55.2758,55.2758,3.0709,1650.0,5.89,1.3,normal,249.1648
22,507,30435,15,0,22.5278,22.5278,1.5019,1650.0,5.89,1.3,normal,271.6926
22,507,30450,8,0,16.3219,16.3219,2.0402,1650.0,5.89,1.3,normal,288.0145
22,507,30465,17,0,4.7489,4.7489,0.2793,1650.0,5.89,1.3,normal,292.7634
22,508,30480,1,0,0.01,0.01,0.01,1650.0,0.01,1.3,normal,292.7734
22,508,30495,0,0,0.0,0.0,0.01,1650.0,0.01,1.3,normal,292.7734
22,508,30510,0,0,0.0,0.0,0.01,1650.0,0.01,1.3,normal,292.7734
22,508,30525,0,0,0.0,0.0,0.01,1650.0,0.01,1.3,normal,292.7734
22,509,30540,0,0,0.0,0.0,0.01,1650.0,0.01,1.3,normal,292.7734
22,509,30555,0,0,0.0,0.0,0.01,1650.0,0.01,1.3,normal,292.7734
22,509,30570,0,0,0.0,0.0,0.01,1650.0,0.01,1.3,normal,292.7734
22,509,30585,0,0,0.0,0.0,0.01,1650.0,0.01,1.3,normal,292.7734
22,510,30600,10,0,42.0,42.0,4.2,1650.0,4.2,1.3,normal,334.7734
22,510,30615,14,0,28.2042,28.2042,2.0146,1650.0,4.2,1.3,normal,362.9776
22,510,30630,9,0,23.334,23.334,2.5927,1650.0,4.2,1.3,normal,386.3116
22,510,30645,12,0,37.5482,37.5482,3.129,1650.0,4.2,1.3,normal,423.8598
22,511,30660,14,0,61.32,61.32,4.38,1650.0,4.38,1.3,normal,485.1798
22,511,30675,7,0,0.0213,0.0213,0.003,1650.0,4.38,1.3,normal,485.2011
22,511,30690,15,0,26.5265,26.5265,1.7684,1650.0,4.38,1.3,normal,511.7276
22,511,30705,14,0,22.468,22.468,1.6049,1650.0,4.38,1.3,normal,534.1956
22,512,30720,7,0,8.9512,8.9512,1.2787,1650.0,4.38,1.3,normal,543.1468
22,512,30735,10,0,6.9998,6.9998,0.7,1650.0,4.38,1.3,normal,550.1466
22,512,30750,10,0,34.1811,34.1811,3.4181,1650.0,4.38,1.3,normal,584.3277
22,512,30765,13,1,24.7811,24.7811,1.9062,1650.0,4.38,1.3,normal,609.1088
22,513,30780,13,0,55.9,55.9,4.3,1650.0,4.3,1.3,normal,665.0088
22,513,30795,13,0,55.9,55.9,4.3,1650.0,4.3,1.3,normal,720.9088
22,513,30810,7,0,9.451,9.451,1.3501,1650.0,4.3,1.3,normal,730.3598
22,513,30825,13,1,21.8178,21.8178,1.6783,1650.0,4.3,1.3,normal,752.1776
22,514,30840,12,0,31.6401,31.6401,2.6367,1650.0,4.3,1.3,normal,783.8177
22,514,30855,6,0,14.5081,14.5081,2.418,1650.0,4.3,1.3,normal,798.3258
22,514,30870,12,1,25.3174,25.3174,2.1098,1650.0,4.3,1.3,normal,823.6432
22,514,30885,20,1,18.3003,18.3003,0.915,1650.0,4.3,1.3,normal,841.9435
22,515,30900,17,0,61.869,61.869,3.6394,1650.0,4.19,1.3,normal,903.8125
22,515,30915,15,0,5.9908,5.9908,0.3994,1650.0,4.19,1.3,normal,909.8033
22,515,30930,7,0,21.4283,21.4283,3.0612,1650.0,4.19,1.3,normal,931.2316
22,515,30945,7,3,20.7125,6.9042,2.9589,1650.0,4.19,1.3,normal,951.9441
22,516,30960,4,1,2.5246,2.5246,0.6312,1650.0,4.19,1.3,normal,954.4687
22,516,30975,9,0,24.2403,24.2403,2.6934,1650.0,4.19,1.3,normal,978.709
22,516,30990,18,1,75.42,75.42,4.19,1650.0,4.19,1.3,normal,1054.129
22,516,31005,11,0,40.7274,40.7274,3.7025,1650.0,4.19,1.3,normal,1094.8564
22,517,31020,16,0,14.9263,14.9263,0.9329,1650.0,4.69,1.3,normal,1109.7827
22,517,31035,9,1,42.21,42.21,4.69,1650.0,4.69,1.3,normal,1151.9927
22,517,31050,11,1,10.485,10.485,0.9532,1650.0,4.69,1.3,normal,1162.4777
22,517,31065,7,1,21.065,21.065,3.0093,1650.0,4.69,1.3,normal,1183.5427
22,518,31080,7,0,16.7634,16.7634,2.3948,1650.0,4.69,1.3,normal,1200.3061
22,518,31095,7,0,9.9945,9.9945,1.4278,1650.0,4.69,1.3,normal,1210.3006
22,518,31110,11,0,47.0258,47.0258,4.2751,1650.0,4.69,1.3,normal,1257.3264
22,518,31125,16,0,75.04,75.04,4.69,1650.0,4.69,1.3,normal,1332.3664
22,519,31140,5,0,11.4675,11.4675,2.2935,1650.0,4.61,1.3,normal,1343.8339
22,519,31155,10,0,4.6945,4.6945,0.4695,1650.0,4.61,1.3,normal,1348.5284
22,519,31170,8,0,27.0076,27.0076,3.3759,1650.0,4.61,1.3,normal,1375.536
22,519,31185,13,1,0.8447,0.8447,0.065,1650.0,4.61,1.3,normal,1376.3807
22,520,31200,0,0,0.0,0.0,0.01,1650.0,0.01,1.3,normal,1376.3807
22,520,31215,0,0,0.0,0.0,0.01,1650.0,0.01,1.3,normal,1376.3807
22,520,31230,0,0,0.0,0.0,0.01,1650.0,0.01,1.3,normal,1376.3807
22,520,31245,0,0,0.0,0.0,0.01,1650.0,0.01,1.3,normal,1376.3807
22,521,31260,0,0,0.0,0.0,0.01,1650.0,0.01,1.3,normal,1376.3807
22,521,31275,0,0,0.0,0.0,0.01,1650.0,0.01,1.3,normal,1376.3807
22,521,31290,0,0,0.0,0.0,0.01,1650.0,0.01,1.3,normal,1376.3807
22,521,31305,0,0,0.0,0.0,0.01,1650.0,0.01,1.3,normal,1376.3807
22,522,31320,8,0,17.0108,17.0108,2.1263,1650.0,4.2,1.3,normal,1393.3915
22,522,31335,11,1,21.308,21.308,1.9371,1650.0,4.2,1.3,normal,1414.6995
22,522,31350,3,0,12.6,12.6,4.2,1650.0,4.2,1.3,normal,1427.2995
22,522,31365,12,0,49.0087,49.0087,4.0841,1650.0,4.2,1.3,normal,1476.3082
22,523,31380,14,0,23.1114,23.1114,1.6508,1650.0,4.13,1.3,budget_constrained,1499.4196
22,523,31395,15,0,59.7743,59.7743,3.985,1650.0,4.13,1.3,budget_constrained,1559.1939
22,523,31410,7,0,28.789,28.789,4.1127,1650.0,4.13,1.3,budget_constrained,1587.9829
22,523,31425,10,0,37.7186,37.7186,3.7719,1650.0,4.13,1.3,budget_constrained,1625.7015
22,524,31440,0,0,0.0,0.0,0.01,1650.0,0.01,1.3,budget_constrained,1625.7015
22,524,31455,0,0,0.0,0.0,0.01,1650.0,0.01,1.3,budget_constrained,1625.7015
22,524,31470,0,0,0.0,0.0,0.01,1650.0,0.01,1.3,budget_constrained,1625.7015
22,524,31485,0,0,0.0,0.0,0.01,1650.0,0.01,1.3,budget_constrained,1625.7015
22,525,31500,0,0,0.0,0.0,0.01,1650.0,0.01,1.3,budget_constrained,1625.7015
22,525,31515,0,0,0.0,0.0,0.01,1650.0,0.01,1.3,budget_constrained,1625.7015
22,525,31530,0,0,0.0,0.0,0.01,1650.0,0.01,1.3,budget_constrained,1625.7015
22,525,31545,0,0,0.0,0.0,0.01,1650.0,0.01,1.3,budget_constrained,1625.7015
22,526,31560,5,0,16.6905,16.6905,3.3381,1650.0,4.2,1.3,budget_constrained,1642.392
22,526,31575,4,0,7.608,7.608,1.5308,1650.0,4.2,1.3,budget_depleted,1650.0
22,526,31590,0,0,0.0,0.0,0.0,1650.0,4.2,1.3,budget_depleted,1650.0
22,526,31605,0,0,0.0,0.0,0.0,1650.0,4.2,1.3,budget_depleted,1650.0
22,527,31620,0,0,0.0,0.0,0.0,1650.0,4.2,1.3,budget_depleted,1650.0
22,527,31635,0,0,0.0,0.0,0.0,1650.0,4.2,1.3,budget_depleted,1650.0
22,527,31650,0,0,0.0,0.0,0.0,1650.0,4.2,1.3,budget_depleted,1650.0
22,527,31665,0,0,0.0,0.0,0.0,1650.0,4.2,1.3,budget_depleted,1650.0
23,528,31680,0,0,0.0,0.0,0.0,1650.0,4.2,1.3,normal,0.0
23,528,31695,14,1,19.9719,19.9719,1.4266,1650.0,4.2,1.3,normal,19.9719
23,528,31710,13,0,54.6,54.6,4.2,1650.0,4.2,1.3,normal,74.5719
23,528,31725,11,0,46.2,46.2,4.2,1650.0,4.2,1.3,normal,120.7719
23,529,31740,13,0,49.0423,49.0423,3.7725,1650.0,4.13,1.3,normal,169.8142
23,529,31755,5,1,15.6643,15.6643,3.1329,1650.0,4.13,1.3,normal,185.4785
23,529,31770,12,1,49.56,49.56,4.13,1650.0,4.13,1.3,normal,235.0385
23,529,31785,6,0,24.78,24.78,4.13,1650.0,4.13,1.3,normal,259.8185
23,530,31800,6,0,16.9713,16.9713,2.8285,1650.0,4.13,1.3,normal,276.7898
23,530,31815,17,2,62.4737,31.2369,3.6749,1650.0,4.13,1.3,normal,339.2635
23,530,31830,9,0,37.17,37.17,4.13,1650.0,4.13,1.3,normal,376.4335
23,530,31845,12,0,43.4222,43.4222,3.6185,1650.0,4.13,1.3,normal,419.8557
23,531,31860,19,0,67.9153,67.9153,3.5745,1650.0,5.37,1.3,normal,487.771
23,531,31875,17,0,91.29,91.29,5.37,1650.0,5.37,1.3,normal,579.061
23,531,31890,18,0,9.5709,9.5709,0.5317,1650.0,5.37,1.3,normal,588.6319
23,531,31905,6,0,32.22,32.22,5.37,1650.0,5.37,1.3,normal,620.8519
23,532,31920,12,0,25.2921,25.2921,2.1077,1650.0,4.94,1.3,normal,646.144
23,532,31935,14,1,19.4569,19.4569,1.3898,1650.0,4.94,1.3,normal,665.6009
23,532,31950,9,2,19.7274,9.8637,2.1919,1650.0,4.94,1.3,normal,685.3283
23,532,31965,8,0,17.8546,17.8546,2.2318,1650.0,4.94,1.3,normal,703.1829
23,533,31980,12,1,54.4344,54.4344,4.5362,1650.0,4.54,1.3,normal,757.6173
23,533,31995,11,0,49.94,49.94,4.54,1650.0,4.54,1.3,normal,807.5573
23,533,32010,16,0,72.64,72.64,4.54,1650.0,4.54,1.3,normal,880.1973
23,533,32025,12,0,10.5712,10.5712,0.8809,1650.0,4.54,1.3,normal,890.7685
23,534,32040,10,0,7.5004,7.5004,0.75,1650.0,4.07,1.3,normal,898.2689
23,534,32055,5,0,20.35,20.35,4.07,1650.0,4.07,1.3,normal,918.6189
23,534,32070,8,0,5.8528,5.8528,0.7316,1650.0,4.07,1.3,normal,924.4717
23,534,32085,13,1,8.0624,8.0624,0.6202,1650.0,4.07,1.3,normal,932.5341
23,535,32100,10,0,37.4,37.4,3.74,1650.0,3.74,1.3,normal,969.9341
23,535,32115,7,0,11.5405,11.5405,1.6486,1650.0,3.74,1.3,normal,981.4746
23,535,32130,7,0,25.606,25.606,3.658,1650.0,3.74,1.3,normal,1007.0806
23,535,32145,10,0,15.9205,15.9205,1.5921,1650.0,3.74,1.3,normal,1023.0011
23,536,32160,7,0,23.94,23.94,3.42,1650.0,3.42,1.3,normal,1046.9411
23,536,32175,16,0,18.8775,18.8775,1.1798,1650.0,3.42,1.3,normal,1065.8186
23,536,32190,12,0,21.0755,21.0755,1.7563,1650.0,3.42,1.3,normal,1086.8941
23,536,32205,8,0,17.5277,17.5277,2.191,1650.0,3.42,1.3,normal,1104.4218
23,537,32220,10,0,6.3598,6.3598,0.636,1650.0,3.13,1.3,normal,1110.7816
23,537,32235,9,1,14.8694,14.8694,1.6522,1650.0,3.13,1.3,normal,1125.651
23,537,32250,4,0,9.9096,9.9096,2.4774,1650.0,3.13,1.3,normal,1135.5606
23,537,32265,8,0,18.9323,18.9323,2.3665,1650.0,3.13,1.3,normal,1154.4929
23,538,32280,7,0,20.16,20.16,2.88,1650.0,2.88,1.3,normal,1174.6529
23,538,32295,8,0,10.8705,10.8705,1.3588,1650.0,2.88,1.3,normal,1185.5234
23,538,32310,8,0,23.04,23.04,2.88,1650.0,2.88,1.3,normal,1208.5634
23,538,32325,10,1,28.8,28.8,2.88,1650.0,2.88,1.3,normal,1237.3634
23,539,32340,7,0,18.55,18.55,2.65,1650.0,2.65,1.3,normal,1255.9134
23,539,32355,6,0,9.1534,9.1534,1.5256,1650.0,2.65,1.3,normal,1265.0668
23,539,32370,5,0,3.8954,3.8954,0.7791,1650.0,2.65,1.3,normal,1268.9622
23,539,32385,6,0,13.449,13.449,2.2415,1650.0,2.65,1.3,normal,1282.4112
23,540,32400,7,1,10.9514,10.9514,1.5645,1650.0,2.44,1.3,normal,1293.3626
23,540,32415,5,0,12.2,12.2,2.44,1650.0,2.44,1.3,normal,1305.5626
23,540,32430,3,0,7.32,7.32,2.44,1650.0,2.44,1.3,normal,1312.8826
23,540,32445,5,0,12.2,12.2,2.44,1650.0,2.44,1.3,normal,1325.0826
23,541,32460,6,1,8.7586,8.7586,1.4598,1650.0,2.24,1.3,normal,1333.8412
23,541,32475,4,0,8.96,8.96,2.24,1650.0,2.24,1.3,normal,1342.8012
23,541,32490,11,0,9.8867,9.8867,0.8988,1650.0,2.24,1.3,normal,1352.6879
23,541,32505,4,0,0.1801,0.1801,0.045,1650.0,2.24,1.3,normal,1352.868
23,542,32520,6,0,7.7996,7.7996,1.2999,1650.0,2.24,1.3,normal,1360.6676
23,542,32535,4,0,8.96,8.96,2.24,1650.0,2.24,1.3,normal,1369.6276
23,542,32550,12,0,1.8624,1.8624,0.1552,1650.0,2.24,1.3,normal,1371.49
23,542,32565,3,0,6.72,6.72,2.24,1650.0,2.24,1.3,normal,1378.21
23,543,32580,5,0,0.5705,0.5705,0.1141,1650.0,2.2,1.3,normal,1378.7805
23,543,32595,6,0,3.6101,3.6101,0.6017,1650.0,2.2,1.3,normal,1382.3906
23,543,32610,6,0,10.015,10.015,1.6692,1650.0,2.2,1.3,normal,1392.4056
23,543,32625,7,0,12.065,12.065,1.7236,1650.0,2.2,1.3,normal,1404.4706
23,544,32640,6,1,6.4674,6.4674,1.0779,1650.0,2.24,1.3,normal,1410.938
23,544,32655,4,0,5.82,5.82,1.455,1650.0,2.24,1.3,normal,1416.758
23,544,32670,5,0,11.2,11.2,2.24,1650.0,2.24,1.3,normal,1427.958
23,544,32685,5,0,2.6315,2.6315,0.5263,1650.0,2.24,1.3,normal,1430.5895
23,545,32700,8,2,17.2526,8.6263,2.1566,1650.0,2.86,1.3,normal,1447.8421
23,545,32715,5,0,14.3,14.3,2.86,1650.0,2.86,1.3,normal,1462.1421
23,545,32730,7,0,20.02,20.02,2.86,1650.0,2.86,1.3,normal,1482.1621
23,545,32745,7,0,13.4059,13.4059,1.9151,1650.0,2.86,1.3,budget_constrained,1495.568
23,546,32760,10,0,25.1776,25.1776,2.5178,1650.0,2.86,1.3,budget_constrained,1520.7456
23,546,32775,6,0,17.16,17.16,2.86,1650.0,2.86,1.3,budget_constrained,1537.9056
23,546,32790,10,1,6.6423,6.6423,0.6642,1650.0,2.86,1.3,budget_constrained,1544.5479
23,546,32805,5,0,1.6079,1.6079,0.3216,1650.0,2.86,1.3,budget_constrained,1546.1558
23,547,32820,12,0,20.9264,20.9264,1.7439,1650.0,3.43,1.3,budget_constrained,1567.0822
23,547,32835,4,0,0.4679,0.4679,0.117,1650.0,3.43,1.3,budget_constrained,1567.5501
23,547,32850,10,0,17.0866,17.0866,1.7087,1650.0,3.43,1.3,budget_constrained,1584.6367
23,547,32865,10,0,34.3,34.3,3.43,1650.0,3.43,1.3,budget_constrained,1618.9367
23,548,32880,0,0,0.0,0.0,0.01,1650.0,0.01,1.3,budget_constrained,1618.9367
23,548,32895,0,0,0.0,0.0,0.01,1650.0,0.01,1.3,budget_constrained,1618.9367
23,548,32910,0,0,0.0,0.0,0.01,1650.0,0.01,1.3,budget_constrained,1618.9367
23,548,32925,0,0,0.0,0.0,0.01,1650.0,0.01,1.3,budget_constrained,1618.9367
23,549,32940,0,0,0.0,0.0,0.01,1650.0,0.01,1.3,budget_constrained,1618.9367
23,549,32955,0,0,0.0,0.0,0.01,1650.0,0.01,1.3,budget_constrained,1618.9367
23,549,32970,0,0,0.0,0.0,0.01,1650.0,0.01,1.3,budget_constrained,1618.9367
23,549,32985,0,0,0.0,0.0,0.01,1650.0,0.01,1.3,budget_constrained,1618.9367
23,550,33000,13,0,24.1116,24.1116,1.8547,1650.0,4.2,1.3,budget_constrained,1643.0483
23,550,33015,1,0,6.9517,6.9517,3.5495,1650.0,4.2,1.3,budget_depleted,1650.0
23,550,33030,0,0,0.0,0.0,0.0,1650.0,4.2,1.3,budget_depleted,1650.0
23,550,33045,0,0,0.0,0.0,0.0,1650.0,4.2,1.3,budget_depleted,1650.0
23,551,33060,0,0,0.0,0.0,0.0,1650.0,4.2,1.3,budget_depleted,1650.0
23,551,33075,0,0,0.0,0.0,0.0,1650.0,4.2,1.3,budget_depleted,1650.0
23,551,33090,0,0,0.0,0.0,0.0,1650.0,4.2,1.3,budget_depleted,1650.0
23,551,33105,0,0,0.0,0.0,0.0,1650.0,4.2,1.3,budget_depleted,1650.0
24,552,33120,0,0,0.0,0.0,0.0,1650.0,4.2,1.3,normal,0.0
24,552,33135,7,1,7.6533,7.6533,1.0933,1650.0,4.2,1.3,normal,7.6533
24,552,33150,13,0,16.1011,16.1011,1.2385,1650.0,4.2,1.3,normal,23.7544
24,552,33165,10,1,1.703,1.703,0.1703,1650.0,4.2,1.3,normal,25.4574
24,553,33180,11,0,45.725,45.725,4.1568,1650.0,4.38,1.3,normal,71.1824
24,553,33195,6,0,26.28,26.28,4.38,1650.0,4.38,1.3,normal,97.4624
24,553,33210,9,0,28.1179,28.1179,3.1242,1650.0,4.38,1.3,normal,125.5803
24,553,33225,5,1,13.3604,13.3604,2.6721,1650.0,4.38,1.3,normal,138.9407
24,554,33240,13,1,47.3228,47.3228,3.6402,1650.0,4.38,1.3,normal,186.2635
24,554,33255,12,0,4.5726,4.5726,0.3811,1650.0,4.38,1.3,normal,190.8361
24,554,33270,14,1,61.32,61.32,4.38,1650.0,4.38,1.3,normal,252.1561
24,554,33285,6,2,8.5324,4.2662,1.4221,1650.0,4.38,1.3,normal,260.6885
24,555,33300,11,1,50.16,50.16,4.56,1650.0,4.56,1.3,normal,310.8485
24,555,33315,15,1,48.8847,48.8847,3.259,1650.0,4.56,1.3,normal,359.7332
24,555,33330,14,0,62.8248,62.8248,4.4875,1650.0,4.56,1.3,normal,422.558
24,555,33345,10,0,45.6,45.6,4.56,1650.0,4.56,1.3,normal,468.158
24,556,33360,9,0,41.04,41.04,4.56,1650.0,4.56,1.3,normal,509.198
24,556,33375,16,0,70.9808,70.9808,4.4363,1650.0,4.56,1.3,normal,580.1788
24,556,33390,13,0,29.4742,29.4742,2.2672,1650.0,4.56,1.3,normal,609.653
24,556,33405,6,0,27.36,27.36,4.56,1650.0,4.56,1.3,normal,637.013
24,557,33420,14,1,4.8649,4.8649,0.3475,1650.0,4.2,1.3,normal,641.8779
24,557,33435,7,0,13.1478,13.1478,1.8783,1650.0,4.2,1.3,normal,655.0257
24,557,33450,15,2,15.7557,7.8778,1.0504,1650.0,4.2,1.3,normal,670.7814
24,557,33465,6,0,23.9788,23.9788,3.9965,1650.0,4.2,1.3,normal,694.7602
24,558,33480,11,0,50.82,50.82,4.62,1650.0,4.62,1.3,normal,745.5802
24,558,33495,19,0,3.9687,3.9687,0.2089,1650.0,4.62,1.3,normal,749.5489
24,558,33510,7,0,20.2337,20.2337,2.8905,1650.0,4.62,1.3,normal,769.7826
24,558,33525,8,0,10.8261,10.8261,1.3533,1650.0,4.62,1.3,normal,780.6087
24,559,33540,14,1,50.0902,50.0902,3.5779,1650.0,4.81,1.3,normal,830.6989
24,559,33555,11,1,2.4702,2.4702,0.2246,1650.0,4.81,1.3,normal,833.1691
24,559,33570,7,0,5.9307,5.9307,0.8472,1650.0,4.81,1.3,normal,839.0998
24,559,33585,13,0,62.53,62.53,4.81,1650.0,4.81,1.3,normal,901.6298
24,560,33600,5,1,22.15,22.15,4.43,1650.0,4.43,1.3,normal,923.7798
24,560,33615,7,1,30.2135,30.2135,4.3162,1650.0,4.43,1.3,normal,953.9933
24,560,33630,12,0,53.16,53.16,4.43,1650.0,4.43,1.3,normal,1007.1533
24,560,33645,10,0,44.3,44.3,4.43,1650.0,4.43,1.3,normal,1051.4533
24,561,33660,10,1,3.8409,3.8409,0.3841,1650.0,4.08,1.3,normal,1055.2942
24,561,33675,10,1,9.7956,9.7956,0.9796,1650.0,4.08,1.3,normal,1065.0898
24,561,33690,10,0,25.5111,25.5111,2.5511,1650.0,4.08,1.3,normal,1090.6009
24,561,33705,7,1,28.56,28.56,4.08,1650.0,4.08,1.3,normal,1119.1609
24,562,33720,10,0,25.7993,25.7993,2.5799,1650.0,3.75,1.3,normal,1144.9602
24,562,33735,7,0,1.0292,1.0292,0.147,1650.0,3.75,1.3,normal,1145.9894
24,562,33750,10,0,14.992,14.992,1.4992,1650.0,3.75,1.3,normal,1160.9814
24,562,33765,9,0,24.8209,24.8209,2.7579,1650.0,3.75,1.3,normal,1185.8023
24,563,33780,11,0,37.95,37.95,3.45,1650.0,3.45,1.3,normal,1223.7523
24,563,33795,7,1,14.4149,14.4149,2.0593,1650.0,3.45,1.3,normal,1238.1672
24,563,33810,9,1,31.05,31.05,3.45,1650.0,3.45,1.3,normal,1269.2172
24,563,33825,10,1,18.0832,18.0832,1.8083,1650.0,3.45,1.3,normal,1287.3004
24,564,33840,8,1,25.36,25.36,3.17,1650.0,3.17,1.3,normal,1312.6604
24,564,33855,13,0,41.21,41.21,3.17,1650.0,3.17,1.3,normal,1353.8704
24,564,33870,9,0,28.53,28.53,3.17,1650.0,3.17,1.3,normal,1382.4004
24,564,33885,12,0,38.04,38.04,3.17,1650.0,3.17,1.3,normal,1420.4404
24,565,33900,8,0,9.5374,9.5374,1.1922,1650.0,2.92,1.3,normal,1429.9778
24,565,33915,7,0,20.44,20.44,2.92,1650.0,2.92,1.3,normal,1450.4178
24,565,33930,20,0,9.8954,9.8954,0.4948,1650.0,2.92,1.3,normal,1460.3132
24,565,33945,4,0,11.68,11.68,2.92,1650.0,2.92,1.3,normal,1471.9932
24,566,33960,3,0,6.2131,6.2131,2.071,1650.0,2.69,1.3,normal,1478.2063
24,566,33975,5,0,13.198,13.198,2.6396,1650.0,2.69,1.3,budget_constrained,1491.4043
24,566,33990,11,1,29.59,29.59,2.69,1650.0,2.69,1.3,budget_constrained,1520.9943
24,566,34005,7,0,5.2421,5.2421,0.7489,1650.0,2.69,1.3,budget_constrained,1526.2364
24,567,34020,5,0,7.9134,7.9134,1.5827,1650.0,3.5,1.3,budget_constrained,1534.1498
24,567,34035,7,0,24.4899,24.4899,3.4986,1650.0,3.5,1.3,budget_constrained,1558.6397
24,567,34050,7,1,19.4574,19.4574,2.7796,1650.0,3.5,1.3,budget_constrained,1578.0971
24,567,34065,6,0,18.2512,18.2512,3.0419,1650.0,3.5,1.3,budget_constrained,1596.3483
24,568,34080,0,0,0.0,0.0,0.01,1650.0,0.01,1.3,budget_constrained,1596.3483
24,568,34095,0,0,0.0,0.0,0.01,1650.0,0.01,1.3,budget_constrained,1596.3483
24,568,34110,0,0,0.0,0.0,0.01,1650.0,0.01,1.3,budget_constrained,1596.3483
24,568,34125,0,0,0.0,0.0,0.01,1650.0,0.01,1.3,budget_constrained,1596.3483
24,569,34140,0,0,0.0,0.0,0.01,1650.0,0.01,1.3,budget_constrained,1596.3483
24,569,34155,0,0,0.0,0.0,0.01,1650.0,0.01,1.3,budget_constrained,1596.3483
24,569,34170,0,0,0.0,0.0,0.01,1650.0,0.01,1.3,budget_constrained,1596.3483
24,569,34185,0,0,0.0,0.0,0.01,1650.0,0.01,1.3,budget_constrained,1596.3483
24,570,34200,0,0,0.0,0.0,0.01,1650.0,0.01,1.3,budget_constrained,1596.3483
24,570,34215,0,0,0.0,0.0,0.01,1650.0,0.01,1.3,budget_constrained,1596.3483
24,570,34230,0,0,0.0,0.0,0.01,1650.0,0.01,1.3,budget_constrained,1596.3483
24,570,34245,0,0,0.0,0.0,0.01,1650.0,0.01,1.3,budget_constrained,1596.3483
24,571,34260,0,0,0.0,0.0,0.01,1650.0,0.01,1.3,budget_constrained,1596.3483
24,571,34275,0,0,0.0,0.0,0.01,1650.0,0.01,1.3,budget_constrained,1596.3483
24,571,34290,0,0,0.0,0.0,0.01,1650.0,0.01,1.3,budget_constrained,1596.3483
24,571,34305,0,0,0.0,0.0,0.01,1650.0,0.01,1.3,budget_constrained,1596.3483
24,572,34320,12,0,53.6517,53.6517,4.2,1650.0,4.2,1.3,budget_constrained,1650.0
24,572,34335,0,0,0.0,0.0,4.2,1650.0,4.2,1.3,budget_constrained,1650.0
24,572,34350,0,0,0.0,0.0,2.5503,1650.0,4.2,1.3,budget_constrained,1650.0
24,572,34365,0,0,0.0,0.0,2.5203,1650.0,4.2,1.3,budget_constrained,1650.0
24,573,34380,0,0,0.0,0.0,4.2,1650.0,4.2,1.3,budget_constrained,1650.0
24,573,34395,0,0,0.0,0.0,1.2983,1650.0,4.2,1.3,budget_constrained,1650.0
24,573,34410,0,0,0.0,0.0,4.2,1650.0,4.2,1.3,budget_constrained,1650.0
24,573,34425,0,0,0.0,0.0,4.2,1650.0,4.2,1.3,budget_constrained,1650.0
24,574,34440,0,0,0.0,0.0,1.5102,1650.0,4.2,1.3,budget_constrained,1650.0
24,574,34455,0,0,0.0,0.0,0.0741,1650.0,4.2,1.3,budget_constrained,1650.0
24,574,34470,0,0,0.0,0.0,1.9391,1650.0,4.2,1.3,budget_constrained,1650.0
24,574,34485,0,0,0.0,0.0,4.2,1650.0,4.2,1.3,budget_constrained,1650.0
24,575,34500,0,0,0.0,0.0,4.181,1650.0,4.2,1.3,budget_constrained,1650.0
24,575,34515,0,0,0.0,0.0,0.75,1650.0,4.2,1.3,budget_constrained,1650.0
24,575,34530,0,0,0.0,0.0,0.4572,1650.0,4.2,1.3,budget_constrained,1650.0
24,575,34545,0,0,0.0,0.0,2.3221,1650.0,4.2,1.3,budget_constrained,1650.0
25,576,34560,0,0,0.0,0.0,2.7101,1650.0,4.2,1.3,normal,0.0
25,576,34575,12,0,20.0001,20.0001,1.6667,1650.0,4.2,1.3,normal,20.0001
25,576,34590,10,2,42.0,21.0,4.2,1650.0,4.2,1.3,normal,62.0001
25,576,34605,8,0,33.6,33.6,4.2,1650.0,4.2,1.3,normal,95.6001
25,577,34620,14,0,14.3611,14.3611,1.0258,1650.0,4.38,1.3,normal,109.9612
25,577,34635,9,1,16.1618,16.1618,1.7958,1650.0,4.38,1.3,normal,126.123
25,577,34650,11,2,48.18,24.09,4.38,1650.0,4.38,1.3,normal,174.303
25,577,34665,16,0,52.9817,52.9817,3.3114,1650.0,4.38,1.3,normal,227.2847
25,578,34680,12,0,52.56,52.56,4.38,1650.0,4.38,1.3,normal,279.8447
25,578,34695,12,0,36.4696,36.4696,3.0391,1650.0,4.38,1.3,normal,316.3143
25,578,34710,10,0,13.9307,13.9307,1.3931,1650.0,4.38,1.3,normal,330.245
25,578,34725,8,0,23.6595,23.6595,2.9574,1650.0,4.38,1.3,normal,353.9045
25,579,34740,8,0,9.1499,9.1499,1.1437,1650.0,4.56,1.3,normal,363.0544
25,579,34755,13,0,18.6596,18.6596,1.4354,1650.0,4.56,1.3,normal,381.714
25,579,34770,10,0,15.9385,15.9385,1.5939,1650.0,4.56,1.3,normal,397.6525
25,579,34785,16,0,28.0824,28.0824,1.7552,1650.0,4.56,1.3,normal,425.7349
25,580,34800,8,0,12.4845,12.4845,1.5606,1650.0,4.56,1.3,normal,438.2194
25,580,34815,9,0,29.9373,29.9373,3.3264,1650.0,4.56,1.3,normal,468.1567
25,580,34830,14,0,11.5491,11.5491,0.8249,1650.0,4.56,1.3,normal,479.7058
25,580,34845,8,1,10.5279,10.5279,1.316,1650.0,4.56,1.3,normal,490.2337
25,581,34860,9,0,0.0621,0.0621,0.0069,1650.0,4.72,1.3,normal,490.2958
25,581,34875,14,0,66.08,66.08,4.72,1650.0,4.72,1.3,normal,556.3758
25,581,34890,14,1,66.08,66.08,4.72,1650.0,4.72,1.3,normal,622.4558
25,581,34905,15,0,40.0447,40.0447,2.6696,1650.0,4.72,1.3,normal,662.5005
25,582,34920,0,0,0.0,0.0,0.01,1650.0,0.01,1.3,normal,662.5005
25,582,34935,0,0,0.0,0.0,0.01,1650.0,0.01,1.3,normal,662.5005
25,582,34950,0,0,0.0,0.0,0.01,1650.0,0.01,1.3,normal,662.5005
25,582,34965,0,0,0.0,0.0,0.01,1650.0,0.01,1.3,normal,662.5005
25,583,34980,0,0,0.0,0.0,0.01,1650.0,0.01,1.3,normal,662.5005
25,583,34995,0,0,0.0,0.0,0.01,1650.0,0.01,1.3,normal,662.5005
25,583,35010,0,0,0.0,0.0,0.01,1650.0,0.01,1.3,normal,662.5005
25,583,35025,0,0,0.0,0.0,0.01,1650.0,0.01,1.3,normal,662.5005
25,584,35040,18,0,1.5959,1.5959,0.0887,1650.0,4.2,1.3,normal,664.0964
25,584,35055,13,0,54.6,54.6,4.2,1650.0,4.2,1.3,normal,718.6964
25,584,35070,11,1,2.868,2.868,0.2607,1650.0,4.2,1.3,normal,721.5644
25,584,35085,12,0,45.4505,45.4505,3.7875,1650.0,4.2,1.3,normal,767.0149
25,585,35100,14,1,41.3716,41.3716,2.9551,1650.0,4.13,1.3,normal,808.3865
25,585,35115,13,0,0.2804,0.2804,0.0216,1650.0,4.13,1.3,normal,808.6669
25,585,35130,10,0,25.2934,25.2934,2.5293,1650.0,4.13,1.3,normal,833.9603
25,585,35145,14,0,53.8118,53.8118,3.8437,1650.0,4.13,1.3,normal,887.7721
25,586,35160,0,0,0.0,0.0,0.01,1650.0,0.01,1.3,normal,887.7721
25,586,35175,0,0,0.0,0.0,0.01,1650.0,0.01,1.3,normal,887.7721
25,586,35190,0,0,0.0,0.0,0.01,1650.0,0.01,1.3,normal,887.7721
25,586,35205,0,0,0.0,0.0,0.01,1650.0,0.01,1.3,normal,887.7721
25,587,35220,0,0,0.0,0.0,0.01,1650.0,0.01,1.3,normal,887.7721
25,587,35235,1,0,0.01,0.01,0.01,1650.0,0.01,1.3,normal,887.7821
25,587,35250,0,0,0.0,0.0,0.01,1650.0,0.01,1.3,normal,887.7821
25,587,35265,0,0,0.0,0.0,0.01,1650.0,0.01,1.3,normal,887.7821
25,588,35280,7,0,12.1485,12.1485,1.7355,1650.0,4.2,1.3,normal,899.9306
25,588,35295,8,0,16.1536,16.1536,2.0192,1650.0,4.2,1.3,normal,916.0842
25,588,35310,13,0,45.3101,45.3101,3.4854,1650.0,4.2,1.3,normal,961.3943
25,588,35325,3,0,8.4433,8.4433,2.8144,1650.0,4.2,1.3,normal,969.8376
25,589,35340,10,0,13.8137,13.8137,1.3814,1650.0,3.99,1.3,normal,983.6513
25,589,35355,11,0,43.89,43.89,3.99,1650.0,3.99,1.3,normal,1027.5413
25,589,35370,9,0,35.91,35.91,3.99,1650.0,3.99,1.3,normal,1063.4513
25,589,35385,6,0,7.7542,7.7542,1.2924,1650.0,3.99,1.3,normal,1071.2055
25,590,35400,10,0,41.9931,41.9931,4.1993,1650.0,4.2,1.3,normal,1113.1986
25,590,35415,11,0,8.5387,8.5387,0.7762,1650.0,4.2,1.3,normal,1121.7373
25,590,35430,10,2,10.0876,5.0438,1.0088,1650.0,4.2,1.3,normal,1131.8249
25,590,35445,7,1,20.0224,20.0224,2.8603,1650.0,4.2,1.3,normal,1151.8473
25,591,35460,9,1,36.81,36.81,4.09,1650.0,4.09,1.3,normal,1188.6573
25,591,35475,3,0,9.7098,9.7098,3.2366,1650.0,4.09,1.3,normal,1198.3671
25,591,35490,7,0,28.63,28.63,4.09,1650.0,4.09,1.3,normal,1226.9971
25,591,35505,7,0,14.5682,14.5682,2.0812,1650.0,4.09,1.3,normal,1241.5653
25,592,35520,15,1,2.7485,2.7485,0.1832,1650.0,4.09,1.3,normal,1244.3138
25,592,35535,11,0,44.99,44.99,4.09,1650.0,4.09,1.3,normal,1289.3038
25,592,35550,13,0,1.0341,1.0341,0.0795,1650.0,4.09,1.3,normal,1290.3379
25,592,35565,7,0,11.7372,11.7372,1.6767,1650.0,4.09,1.3,normal,1302.0751
25,593,35580,6,0,10.861,10.861,1.8102,1650.0,4.02,1.3,normal,1312.9361
25,593,35595,5,0,13.4984,13.4984,2.6997,1650.0,4.02,1.3,normal,1326.4345
25,593,35610,8,1,6.9605,6.9605,0.8701,1650.0,4.02,1.3,normal,1333.395
25,593,35625,11,0,1.5075,1.5075,0.137,1650.0,4.02,1.3,normal,1334.9025
25,594,35640,12,0,21.2012,21.2012,1.7668,1650.0,4.02,1.3,normal,1356.1037
25,594,35655,13,0,52.26,52.26,4.02,1650.0,4.02,1.3,normal,1408.3637
25,594,35670,15,0,56.1384,56.1384,3.7426,1650.0,4.02,1.3,normal,1464.5021
25,594,35685,14,1,8.4209,8.4209,0.6015,1650.0,4.02,1.3,normal,1472.923
25,595,35700,4,0,5.4514,5.4514,1.3628,1650.0,3.95,1.3,normal,1478.3744
25,595,35715,7,0,27.65,27.65,3.95,1650.0,3.95,1.3,budget_constrained,1506.0244
25,595,35730,12,0,41.1349,41.1349,3.4279,1650.0,3.95,1.3,budget_constrained,1547.1593
25,595,35745,5,0,7.3865,7.3865,1.4773,1650.0,3.95,1.3,budget_constrained,1554.5458
25,596,35760,0,0,0.0,0.0,0.01,1650.0,0.01,1.3,budget_constrained,1554.5458
25,596,35775,0,0,0.0,0.0,0.01,1650.0,0.01,1.3,budget_constrained,1554.5458
25,596,35790,1,0,0.01,0.01,0.01,1650.0,0.01,1.3,budget_constrained,1554.5558
25,596,35805,1,0,0.01,0.01,0.01,1650.0,0.01,1.3,budget_constrained,1554.5658
25,597,35820,0,0,0.0,0.0,0.01,1650.0,0.01,1.3,budget_constrained,1554.5658
25,597,35835,0,0,0.0,0.0,0.01,1650.0,0.01,1.3,budget_constrained,1554.5658
25,597,35850,0,0,0.0,0.0,0.01,1650.0,0.01,1.3,budget_constrained,1554.5658
25,597,35865,0,0,0.0,0.0,0.01,1650.0,0.01,1.3,budget_constrained,1554.5658
25,598,35880,11,0,36.2571,36.2571,3.2961,1650.0,4.2,1.3,budget_constrained,1590.8229
25,598,35895,9,0,6.4339,6.4339,0.7149,1650.0,4.2,1.3,budget_constrained,1597.2568
25,598,35910,7,0,13.3433,13.3433,1.9062,1650.0,4.2,1.3,budget_constrained,1610.6001
25,598,35925,21,1,30.1313,30.1313,1.4348,1650.0,4.2,1.3,budget_constrained,1640.7314
25,599,35940,5,1,9.2686,9.2686,1.8531,1650.0,4.2,1.3,budget_depleted,1650.0
25,599,35955,0,0,0.0,0.0,0.0,1650.0,4.2,1.3,budget_depleted,1650.0
25,599,35970,0,0,0.0,0.0,0.0,1650.0,4.2,1.3,budget_depleted,1650.0
25,599,35985,0,0,0.0,0.0,0.0,1650.0,4.2,1.3,budget_depleted,1650.0
26,600,36000,0,0,0.0,0.0,0.0,1650.0,4.2,1.3,normal,0.0
26,600,36015,17,0,44.3486,44.3486,2.6087,1650.0,4.2,1.3,normal,44.3486
26,600,36030,9,0,37.642,37.642,4.1824,1650.0,4.2,1.3,normal,81.9906
26,600,36045,10,0,0.315,0.315,0.0315,1650.0,4.2,1.3,normal,82.3056
26,601,36060,6,0,13.9906,13.9906,2.3318,1650.0,4.13,1.3,normal,96.2962
26,601,36075,12,0,13.4188,13.4188,1.1182,1650.0,4.13,1.3,normal,109.715
26,601,36090,11,0,13.2232,13.2232,1.2021,1650.0,4.13,1.3,normal,122.9382
26,601,36105,11,0,27.5382,27.5382,2.5035,1650.0,4.13,1.3,normal,150.4764
26,602,36120,0,0,0.0,0.0,0.01,1650.0,0.01,1.3,normal,150.4764
26,602,36135,0,0,0.0,0.0,0.01,1650.0,0.01,1.3,normal,150.4764
26,602,36150,0,0,0.0,0.0,0.01,1650.0,0.01,1.3,normal,150.4764
26,602,36165,0,0,0.0,0.0,0.01,1650.0,0.01,1.3,normal,150.4764
26,603,36180,2,0,0.3138,0.3138,0.1569,1650.0,3.5,1.3,normal,150.7902
26,603,36195,7,0,7.2633,7.2633,1.0376,1650.0,3.5,1.3,normal,158.0535
26,603,36210,11,1,33.7461,33.7461,3.0678,1650.0,3.5,1.3,normal,191.7996
26,603,36225,9,0,29.164,29.164,3.2404,1650.0,3.5,1.3,normal,220.9636
26,604,36240,0,0,0.0,0.0,0.01,1650.0,0.01,1.3,normal,220.9636
26,604,36255,0,0,0.0,0.0,0.01,1650.0,0.01,1.3,normal,220.9636
26,604,36270,0,0,0.0,0.0,0.01,1650.0,0.01,1.3,normal,220.9636
26,604,36285,0,0,0.0,0.0,0.01,1650.0,0.01,1.3,normal,220.9636
26,605,36300,0,0,0.0,0.0,0.01,1650.0,0.01,1.3,normal,220.9636
26,605,36315,0,0,0.0,0.0,0.01,1650.0,0.01,1.3,normal,220.9636
26,605,36330,0,0,0.0,0.0,0.01,1650.0,0.01,1.3,normal,220.9636
26,605,36345,0,0,0.0,0.0,0.01,1650.0,0.01,1.3,normal,220.9636
26,606,36360,18,0,11.8191,11.8191,0.6566,1650.0,4.2,1.3,normal,232.7827
26,606,36375,8,0,11.3489,11.3489,1.4186,1650.0,4.2,1.3,normal,244.1316
26,606,36390,10,0,42.0,42.0,4.2,1650.0,4.2,1.3,normal,286.1316
26,606,36405,6,0,22.3312,22.3312,3.7219,1650.0,4.2,1.3,normal,308.4628
26,607,36420,16,1,17.0442,17.0442,1.0653,1650.0,4.09,1.3,normal,325.507
26,607,36435,13,0,30.4451,30.4451,2.3419,1650.0,4.09,1.3,normal,355.9521
26,607,36450,11,0,44.99,44.99,4.09,1650.0,4.09,1.3,normal,400.9421
26,607,36465,16,0,65.1512,65.1512,4.072,1650.0,4.09,1.3,normal,466.0933
26,608,36480,0,0,0.0,0.0,0.01,1650.0,0.01,1.3,normal,466.0933
26,608,36495,0,0,0.0,0.0,0.01,1650.0,0.01,1.3,normal,466.0933
26,608,36510,0,0,0.0,0.0,0.01,1650.0,0.01,1.3,normal,466.0933
26,608,36525,0,0,0.0,0.0,0.01,1650.0,0.01,1.3,normal,466.0933
26,609,36540,0,0,0.0,0.0,0.01,1650.0,0.01,1.3,normal,466.0933
26,609,36555,0,0,0.0,0.0,0.01,1650.0,0.01,1.3,normal,466.0933
26,609,36570,0,0,0.0,0.0,0.01,1650.0,0.01,1.3,normal,466.0933
26,609,36585,0,0,0.0,0.0,0.01,1650.0,0.01,1.3,normal,466.0933
26,610,36600,10,1,0.9483,0.9483,0.0948,1650.0,4.2,1.3,normal,467.0416
26,610,36615,15,0,63.0,63.0,4.2,1650.0,4.2,1.3,normal,530.0416
26,610,36630,11,0,33.2718,33.2718,3.0247,1650.0,4.2,1.3,normal,563.3134
26,610,36645,7,0,2.1078,2.1078,0.3011,1650.0,4.2,1.3,normal,565.4212
26,611,36660,9,1,0.343,0.343,0.0381,1650.0,4.05,1.3,normal,565.7642
26,611,36675,14,0,32.1366,32.1366,2.2955,1650.0,4.05,1.3,normal,597.9008
26,611,36690,9,0,30.1817,30.1817,3.3535,1650.0,4.05,1.3,normal,628.0825
26,611,36705,13,0,42.1854,42.1854,3.245,1650.0,4.05,1.3,normal,670.2679
26,612,36720,15,0,48.5762,48.5762,3.2384,1650.0,4.2,1.3,normal,718.8441
26,612,36735,10,0,9.0349,9.0349,0.9035,1650.0,4.2,1.3,normal,727.879
26,612,36750,5,0,3.4654,3.4654,0.6931,1650.0,4.2,1.3,normal,731.3444
26,612,36765,11,1,43.0383,43.0383,3.9126,1650.0,4.2,1.3,normal,774.3827
26,613,36780,12,0,48.6,48.6,4.05,1650.0,4.05,1.3,normal,822.9827
26,613,36795,13,0,52.65,52.65,4.05,1650.0,4.05,1.3,normal,875.6327
26,613,36810,13,1,9.6133,9.6133,0.7395,1650.0,4.05,1.3,normal,885.246
26,613,36825,10,1,1.2268,1.2268,0.1227,1650.0,4.05,1.3,normal,886.4728
26,614,36840,9,1,12.6802,12.6802,1.4089,1650.0,4.05,1.3,normal,899.153
26,614,36855,8,1,27.3474,27.3474,3.4184,1650.0,4.05,1.3,normal,926.5004
26,614,36870,18,1,26.5876,26.5876,1.4771,1650.0,4.05,1.3,normal,953.088
26,614,36885,7,0,3.2413,3.2413,0.463,1650.0,4.05,1.3,normal,956.3293
26,615,36900,7,0,24.6362,24.6362,3.5195,1650.0,4.54,1.3,normal,980.9655
26,615,36915,11,0,47.2442,47.2442,4.2949,1650.0,4.54,1.3,normal,1028.2097
26,615,36930,19,1,72.1036,72.1036,3.7949,1650.0,4.54,1.3,normal,1100.3133
26,615,36945,15,1,68.1,68.1,4.54,1650.0,4.54,1.3,normal,1168.4133
26,616,36960,19,0,86.26,86.26,4.54,1650.0,4.54,1.3,normal,1254.6733
26,616,36975,7,0,17.6002,17.6002,2.5143,1650.0,4.54,1.3,normal,1272.2735
26,616,36990,9,2,30.6936,15.3468,3.4104,1650.0,4.54,1.3,normal,1302.9671
26,616,37005,13,0,4.1603,4.1603,0.32,1650.0,4.54,1.3,normal,1307.1274
26,617,37020,9,0,35.2942,35.2942,3.9216,1650.0,4.46,1.3,normal,1342.4216
26,617,37035,11,1,24.6886,24.6886,2.2444,1650.0,4.46,1.3,normal,1367.1102
26,617,37050,10,0,2.3687,2.3687,0.2369,1650.0,4.46,1.3,normal,1369.4789
26,617,37065,14,0,33.7223,33.7223,2.4087,1650.0,4.46,1.3,normal,1403.2012
26,618,37080,15,1,57.8271,57.8271,3.8551,1650.0,4.46,1.3,normal,1461.0283
26,618,37095,11,0,26.9783,26.9783,2.4526,1650.0,4.46,1.3,budget_constrained,1488.0066
26,618,37110,10,0,6.8472,6.8472,0.6847,1650.0,4.46,1.3,budget_constrained,1494.8538
26,618,37125,14,0,58.43,58.43,4.1736,1650.0,4.46,1.3,budget_constrained,1553.2838
26,619,37140,11,0,36.5148,36.5148,3.3195,1650.0,5.35,1.3,budget_constrained,1589.7986
26,619,37155,13,0,6.3139,6.3139,0.4857,1650.0,5.35,1.3,budget_constrained,1596.1125
26,619,37170,10,0,53.8875,53.8875,5.35,1650.0,5.35,1.3,budget_depleted,1650.0
26,619,37185,0,0,0.0,0.0,0.0,1650.0,5.35,1.3,budget_depleted,1650.0
26,620,37200,0,0,0.0,0.0,0.0,1650.0,0.01,1.3,budget_depleted,1650.0
26,620,37215,0,0,0.0,0.0,0.0,1650.0,0.01,1.3,budget_depleted,1650.0
26,620,37230,0,0,0.0,0.0,0.0,1650.0,0.01,1.3,budget_depleted,1650.0
26,620,37245,0,0,0.0,0.0,0.0,1650.0,0.01,1.3,budget_depleted,1650.0
26,621,37260,0,0,0.0,0.0,0.0,1650.0,0.01,1.3,budget_depleted,1650.0
26,621,37275,0,0,0.0,0.0,0.0,1650.0,0.01,1.3,budget_depleted,1650.0
26,621,37290,0,0,0.0,0.0,0.0,1650.0,0.01,1.3,budget_depleted,1650.0
26,621,37305,0,0,0.0,0.0,0.0,1650.0,0.01,1.3,budget_depleted,1650.0
26,622,37320,0,0,0.0,0.0,0.0,1650.0,4.2,1.3,budget_depleted,1650.0
26,622,37335,0,0,0.0,0.0,0.0,1650.0,4.2,1.3,budget_depleted,1650.0
26,622,37350,0,0,0.0,0.0,0.0,1650.0,4.2,1.3,budget_depleted,1650.0
26,622,37365,0,0,0.0,0.0,0.0,1650.0,4.2,1.3,budget_depleted,1650.0
26,623,37380,0,0,0.0,0.0,0.0,1650.0,4.2,1.3,budget_depleted,1650.0
26,623,37395,0,0,0.0,0.0,0.0,1650.0,4.2,1.3,budget_depleted,1650.0
26,623,37410,0,0,0.0,0.0,0.0,1650.0,4.2,1.3,budget_depleted,1650.0
26,623,37425,0,0,0.0,0.0,0.0,1650.0,4.2,1.3,budget_depleted,1650.0
27,624,37440,0,0,0.0,0.0,0.0,1650.0,4.2,1.3,normal,0.0
27,624,37455,2,1,8.4,8.4,4.2,1650.0,4.2,1.3,normal,8.4
27,624,37470,10,0,42.0,42.0,4.2,1650.0,4.2,1.3,normal,50.4
27,624,37485,10,2,29.0788,14.5394,2.9079,1650.0,4.2,1.3,normal,79.4788
27,625,37500,7,0,6.5266,6.5266,0.9324,1650.0,4.38,1.0,normal,86.0054
27,625,37515,6,0,23.2315,23.2315,3.8719,1650.0,4.38,1.0,normal,109.2369
27,625,37530,14,0,27.7645,27.7645,1.9832,1650.0,4.38,1.0,normal,137.0014
27,625,37545,18,0,78.84,78.84,4.38,1650.0,4.38,1.0,normal,215.8414
27,626,37560,8,0,21.8009,21.8009,2.7251,1650.0,4.38,1.0,normal,237.6423
27,626,37575,11,0,2.561,2.561,0.2328,1650.0,4.38,1.0,normal,240.2033
27,626,37590,8,0,17.0399,17.0399,2.13,1650.0,4.38,1.0,normal,257.2432
27,626,37605,16,1,42.6517,42.6517,2.6657,1650.0,4.38,1.0,normal,299.8949
27,627,37620,11,0,26.3057,26.3057,2.3914,1650.0,4.3,1.0,normal,326.2006
27,627,37635,11,0,0.6056,0.6056,0.0551,1650.0,4.3,1.0,normal,326.8062
27,627,37650,6,0,1.874,1.874,0.3123,1650.0,4.3,1.0,normal,328.6802
27,627,37665,10,0,20.1709,20.1709,2.0171,1650.0,4.3,1.0,normal,348.8511
27,628,37680,10,1,43.0,43.0,4.3,1650.0,4.3,1.0,normal,391.8511
27,628,37695,11,0,9.7868,9.7868,0.8897,1650.0,4.3,1.0,normal,401.6379
27,628,37710,10,0,17.1064,17.1064,1.7106,1650.0,4.3,1.0,normal,418.7443
27,628,37725,6,0,25.8,25.8,4.3,1650.0,4.3,1.0,normal,444.5443
27,629,37740,10,0,33.5111,33.5111,3.3511,1650.0,4.19,1.0,normal,478.0554
27,629,37755,10,0,19.9913,19.9913,1.9991,1650.0,4.19,1.0,normal,498.0467
27,629,37770,14,1,36.0956,36.0956,2.5783,1650.0,4.19,1.0,normal,534.1423
27,629,37785,8,0,5.9782,5.9782,0.7473,1650.0,4.19,1.0,normal,540.1205
27,630,37800,15,0,24.7067,24.7067,1.6471,1650.0,4.19,1.0,normal,564.8272
27,630,37815,9,0,12.5219,12.5219,1.3913,1650.0,4.19,1.0,normal,577.3491
27,630,37830,10,0,22.7868,22.7868,2.2787,1650.0,4.19,1.0,normal,600.1359
27,630,37845,13,0,54.47,54.47,4.19,1650.0,4.19,1.0,normal,654.6059
27,631,37860,8,0,34.64,34.64,4.33,1650.0,4.33,1.0,normal,689.2459
27,631,37875,6,1,8.7874,8.7874,1.4646,1650.0,4.33,1.0,normal,698.0333
27,631,37890,14,0,12.044,12.044,0.8603,1650.0,4.33,1.0,normal,710.0773
27,631,37905,11,0,23.8328,23.8328,2.1666,1650.0,4.33,1.0,normal,733.9101
27,632,37920,12,0,37.3753,37.3753,3.1146,1650.0,4.33,1.0,normal,771.2854
27,632,37935,10,0,27.7731,27.7731,2.7773,1650.0,4.33,1.0,normal,799.0585
27,632,37950,8,0,0.4904,0.4904,0.0613,1650.0,4.33,1.0,normal,799.5489
27,632,37965,13,0,2.6421,2.6421,0.2032,1650.0,4.33,1.0,normal,802.191
27,633,37980,7,0,28.3961,28.3961,4.0566,1650.0,4.11,1.0,normal,830.5871
27,633,37995,8,1,20.5811,20.5811,2.5726,1650.0,4.11,1.0,normal,851.1682
27,633,38010,9,0,33.3827,33.3827,3.7092,1650.0,4.11,1.0,normal,884.5509
27,633,38025,6,0,8.6357,8.6357,1.4393,1650.0,4.11,1.0,normal,893.1866
27,634,38040,12,0,19.6572,19.6572,1.6381,1650.0,4.11,1.0,normal,912.8438
27,634,38055,8,0,32.88,32.88,4.11,1650.0,4.11,1.0,normal,945.7238
27,634,38070,9,1,29.4379,29.4379,3.2709,1650.0,4.11,1.0,normal,975.1617
27,634,38085,10,0,32.6423,32.6423,3.2642,1650.0,4.11,1.0,normal,1007.804
27,635,38100,6,0,17.0386,17.0386,2.8398,1650.0,3.7,1.0,normal,1024.8426
27,635,38115,7,0,20.1207,20.1207,2.8744,1650.0,3.7,1.0,normal,1044.9633
27,635,38130,8,0,3.2266,3.2266,0.4033,1650.0,3.7,1.0,normal,1048.1899
27,635,38145,19,0,70.3,70.3,3.7,1650.0,3.7,1.0,normal,1118.4899
27,636,38160,0,0,0.0,0.0,0.01,1000.0,0.01,1.0,budget_depleted,1118.4899
27,636,38175,0,0,0.0,0.0,0.0,1000.0,0.01,1.0,budget_depleted,1118.4899
27,636,38190,0,0,0.0,0.0,0.0,1000.0,0.01,1.0,budget_depleted,1118.4899
27,636,38205,0,0,0.0,0.0,0.0,1000.0,0.01,1.0,budget_depleted,1118.4899
27,637,38220,0,0,0.0,0.0,0.0,1000.0,0.01,1.0,budget_depleted,1118.4899
27,637,38235,0,0,0.0,0.0,0.0,1000.0,0.01,1.0,budget_depleted,1118.4899
27,637,38250,0,0,0.0,0.0,0.0,1000.0,0.01,1.0,budget_depleted,1118.4899
27,637,38265,0,0,0.0,0.0,0.0,1000.0,0.01,1.0,budget_depleted,1118.4899
27,638,38280,0,0,0.0,0.0,0.0,1000.0,4.2,1.0,budget_depleted,1118.4899
27,638,38295,0,0,0.0,0.0,0.0,1000.0,4.2,1.0,budget_depleted,1118.4899
27,638,38310,0,0,0.0,0.0,0.0,1000.0,4.2,1.0,budget_depleted,1118.4899
27,638,38325,0,0,0.0,0.0,0.0,1000.0,4.2,1.0,budget_depleted,1118.4899
27,639,38340,0,0,0.0,0.0,0.0,1000.0,4.2,1.0,budget_depleted,1118.4899
27,639,38355,0,0,0.0,0.0,0.0,1000.0,4.2,1.0,budget_depleted,1118.4899
27,639,38370,0,0,0.0,0.0,0.0,1000.0,4.2,1.0,budget_depleted,1118.4899
27,639,38385,0,0,0.0,0.0,0.0,1000.0,4.2,1.0,budget_depleted,1118.4899
27,640,38400,0,0,0.0,0.0,0.0,1000.0,4.2,1.0,budget_depleted,1118.4899
27,640,38415,0,0,0.0,0.0,0.0,1000.0,4.2,1.0,budget_depleted,1118.4899
27,640,38430,0,0,0.0,0.0,0.0,1000.0,4.2,1.0,budget_depleted,1118.4899
27,640,38445,0,0,0.0,0.0,0.0,1000.0,4.2,1.0,budget_depleted,1118.4899
27,641,38460,0,0,0.0,0.0,0.0,1000.0,4.2,1.0,budget_depleted,1118.4899
27,641,38475,0,0,0.0,0.0,0.0,1000.0,4.2,1.0,budget_depleted,1118.4899
27,641,38490,0,0,0.0,0.0,0.0,1000.0,4.2,1.0,budget_depleted,1118.4899
27,641,38505,0,0,0.0,0.0,0.0,1000.0,4.2,1.0,budget_depleted,1118.4899
27,642,38520,0,0,0.0,0.0,0.0,1000.0,4.2,1.0,budget_depleted,1118.4899
27,642,38535,0,0,0.0,0.0,0.0,1000.0,4.2,1.0,budget_depleted,1118.4899
27,642,38550,0,0,0.0,0.0,0.0,1000.0,4.2,1.0,budget_depleted,1118.4899
27,642,38565,0,0,0.0,0.0,0.0,1000.0,4.2,1.0,budget_depleted,1118.4899
27,643,38580,0,0,0.0,0.0,0.0,1000.0,0.63,1.0,budget_depleted,1118.4899
27,643,38595,0,0,0.0,0.0,0.0,1000.0,0.63,1.0,budget_depleted,1118.4899
27,643,38610,0,0,0.0,0.0,0.0,1000.0,0.63,1.0,budget_depleted,1118.4899
27,643,38625,0,0,0.0,0.0,0.0,1000.0,0.63,1.0,budget_depleted,1118.4899
27,644,38640,0,0,0.0,0.0,0.0,1000.0,0.63,1.0,budget_depleted,1118.4899
27,644,38655,0,0,0.0,0.0,0.0,1000.0,0.63,1.0,budget_depleted,1118.4899
27,644,38670,0,0,0.0,0.0,0.0,1000.0,0.63,1.0,budget_depleted,1118.4899
27,644,38685,0,0,0.0,0.0,0.0,1000.0,0.63,1.0,budget_depleted,1118.4899
27,645,38700,0,0,0.0,0.0,0.0,1000.0,0.5,1.0,budget_depleted,1118.4899
27,645,38715,0,0,0.0,0.0,0.0,1000.0,0.5,1.0,budget_depleted,1118.4899
27,645,38730,0,0,0.0,0.0,0.0,1000.0,0.5,1.0,budget_depleted,1118.4899
27,645,38745,0,0,0.0,0.0,0.0,1000.0,0.5,1.0,budget_depleted,1118.4899
27,646,38760,0,0,0.0,0.0,0.0,1000.0,0.5,1.0,budget_depleted,1118.4899
27,646,38775,0,0,0.0,0.0,0.0,1000.0,0.5,1.0,budget_depleted,1118.4899
27,646,38790,0,0,0.0,0.0,0.0,1000.0,0.5,1.0,budget_depleted,1118.4899
27,646,38805,0,0,0.0,0.0,0.0,1000.0,0.5,1.0,budget_depleted,1118.4899
27,647,38820,0,0,0.0,0.0,0.0,1000.0,0.5,1.0,budget_depleted,1118.4899
27,647,38835,0,0,0.0,0.0,0.0,1000.0,0.5,1.0,budget_depleted,1118.4899
27,647,38850,0,0,0.0,0.0,0.0,1000.0,0.5,1.0,budget_depleted,1118.4899
27,647,38865,0,0,0.0,0.0,0.0,1000.0,0.5,1.0,budget_depleted,1118.4899
28,648,38880,0,0,0.0,0.0,0.0,1000.0,0.5,1.0,normal,0.0
28,648,38895,1,0,0.3187,0.3187,0.3187,1000.0,0.5,1.0,normal,0.3187
28,648,38910,1,0,0.5,0.5,0.5,1000.0,0.5,1.0,normal,0.8187
28,648,38925,2,0,1.0,1.0,0.5,1000.0,0.5,1.0,normal,1.8187
28,649,38940,2,0,1.0,1.0,0.5,1000.0,0.5,1.0,normal,2.8187
28,649,38955,0,0,0.0,0.0,0.5,1000.0,0.5,1.0,normal,2.8187
28,649,38970,1,0,0.5,0.5,0.5,1000.0,0.5,1.0,normal,3.3187
28,649,38985,2,0,1.0,1.0,0.5,1000.0,0.5,1.0,normal,4.3187
28,650,39000,1,0,0.2731,0.2731,0.2731,1000.0,0.5,1.0,normal,4.5918
28,650,39015,1,0,0.0683,0.0683,0.0683,1000.0,0.5,1.0,normal,4.6601
28,650,39030,2,0,1.0,1.0,0.5,1000.0,0.5,1.0,normal,5.6601
28,650,39045,4,0,2.0,2.0,0.5,1000.0,0.5,1.0,normal,7.6601
28,651,39060,3,0,1.4956,1.4956,0.4985,1000.0,0.5,1.0,normal,9.1557
28,651,39075,2,0,1.0,1.0,0.5,1000.0,0.5,1.0,normal,10.1557
28,651,39090,1,0,0.5,0.5,0.5,1000.0,0.5,1.0,normal,10.6557
28,651,39105,4,0,2.0,2.0,0.5,1000.0,0.5,1.0,normal,12.6557
28,652,39120,3,0,1.6478,1.6478,0.5493,1000.0,0.65,1.0,normal,14.3035
28,652,39135,2,0,1.3,1.3,0.65,1000.0,0.65,1.0,normal,15.6035
28,652,39150,5,0,3.25,3.25,0.65,1000.0,0.65,1.0,normal,18.8535
28,652,39165,0,0,0.0,0.0,0.4207,1000.0,0.65,1.0,normal,18.8535
28,653,39180,1,0,0.3957,0.3957,0.3957,1000.0,0.65,1.0,normal,19.2492
28,653,39195,2,0,1.3,1.3,0.65,1000.0,0.65,1.0,normal,20.5492
28,653,39210,3,0,1.95,1.95,0.65,1000.0,0.65,1.0,normal,22.4992
28,653,39225,3,0,1.95,1.95,0.65,1000.0,0.65,1.0,normal,24.4492
28,654,39240,1,0,0.65,0.65,0.65,1000.0,0.65,1.0,normal,25.0992
28,654,39255,3,0,1.911,1.911,0.637,1000.0,0.65,1.0,normal,27.0102
28,654,39270,3,0,0.4535,0.4535,0.1512,1000.0,0.65,1.0,normal,27.4637
28,654,39285,0,0,0.0,0.0,0.65,1000.0,0.65,1.0,normal,27.4637
28,655,39300,1,0,0.65,0.65,0.65,1000.0,0.65,1.0,normal,28.1137
28,655,39315,1,0,0.65,0.65,0.65,1000.0,0.65,1.0,normal,28.7637
28,655,39330,2,0,0.9564,0.9564,0.4782,1000.0,0.65,1.0,normal,29.7201
28,655,39345,3,0,1.95,1.95,0.65,1000.0,0.65,1.0,normal,31.6701
28,656,39360,1,0,0.3003,0.3003,0.3003,1000.0,0.65,1.0,normal,31.9704
28,656,39375,3,0,1.95,1.95,0.65,1000.0,0.65,1.0,normal,33.9204
28,656,39390,2,0,1.3,1.3,0.65,1000.0,0.65,1.0,normal,35.2204
28,656,39405,2,0,1.3,1.3,0.65,1000.0,0.65,1.0,normal,36.5204
28,657,39420,1,0,0.3172,0.3172,0.3172,1000.0,0.61,1.0,normal,36.8376
28,657,39435,1,0,0.4367,0.4367,0.4367,1000.0,0.61,1.0,normal,37.2743
28,657,39450,3,0,1.83,1.83,0.61,1000.0,0.61,1.0,normal,39.1043
28,657,39465,2,0,1.22,1.22,0.61,1000.0,0.61,1.0,normal,40.3243
28,658,39480,0,0,0.0,0.0,0.3725,1000.0,0.56,1.0,normal,40.3243
28,658,39495,1,0,0.56,0.56,0.56,1000.0,0.56,1.0,normal,40.8843
28,658,39510,2,0,1.12,1.12,0.56,1000.0,0.56,1.0,normal,42.0043
28,658,39525,0,0,0.0,0.0,0.3935,1000.0,0.56,1.0,normal,42.0043
28,659,39540,2,0,1.04,1.04,0.52,1000.0,0.52,1.0,normal,43.0443
28,659,39555,2,0,1.04,1.04,0.52,1000.0,0.52,1.0,normal,44.0843
28,659,39570,1,0,0.52,0.52,0.52,1000.0,0.52,1.0,normal,44.6043
28,659,39585,1,0,0.3324,0.3324,0.3324,1000.0,0.52,1.0,normal,44.9367
28,660,39600,0,0,0.0,0.0,0.52,1000.0,0.52,1.0,normal,44.9367
28,660,39615,1,0,0.3344,0.3344,0.3344,1000.0,0.52,1.0,normal,45.2711
28,660,39630,0,0,0.0,0.0,0.52,1000.0,0.52,1.0,normal,45.2711
28,660,39645,1,0,0.52,0.52,0.52,1000.0,0.52,1.0,normal,45.7911
28,661,39660,1,0,0.2708,0.2708,0.2708,1000.0,0.51,1.0,normal,46.0619
28,661,39675,0,0,0.0,0.0,0.51,1000.0,0.51,1.0,normal,46.0619
28,661,39690,1,0,0.4101,0.4101,0.4101,1000.0,0.51,1.0,normal,46.472
28,661,39705,2,0,1.02,1.02,0.51,1000.0,0.51,1.0,normal,47.492
28,662,39720,1,0,0.4269,0.4269,0.4269,1000.0,0.51,1.0,normal,47.9189
28,662,39735,2,0,1.02,1.02,0.51,1000.0,0.51,1.0,normal,48.9389
28,662,39750,1,0,0.51,0.51,0.51,1000.0,0.51,1.0,normal,49.4489
28,662,39765,0,0,0.0,0.0,0.51,1000.0,0.51,1.0,normal,49.4489
28,663,39780,2,0,1.0,1.0,0.5,1000.0,0.5,1.0,normal,50.4489
28,663,39795,0,0,0.0,0.0,0.5,1000.0,0.5,1.0,normal,50.4489
28,663,39810,2,0,1.0,1.0,0.5,1000.0,0.5,1.0,normal,51.4489
28,663,39825,1,0,0.0896,0.0896,0.0896,1000.0,0.5,1.0,normal,51.5385
28,664,39840,1,1,0.5,0.5,0.5,1000.0,0.5,1.0,normal,52.0385
28,664,39855,1,0,0.5,0.5,0.5,1000.0,0.5,1.0,normal,52.5385
28,664,39870,2,0,0.9466,0.9466,0.4733,1000.0,0.5,1.0,normal,53.4851
28,664,39885,0,0,0.0,0.0,0.5,1000.0,0.5,1.0,normal,53.4851
28,665,39900,2,0,1.04,1.04,0.52,1000.0,0.52,1.0,normal,54.5251
28,665,39915,1,0,0.52,0.52,0.52,1000.0,0.52,1.0,normal,55.0451
28,665,39930,3,0,1.56,1.56,0.52,1000.0,0.52,1.0,normal,56.6051
28,665,39945,1,0,0.52,0.52,0.52,1000.0,0.52,1.0,normal,57.1251
28,666,39960,2,0,1.08,1.08,0.54,1000.0,0.54,1.0,normal,58.2051
28,666,39975,0,0,0.0,0.0,0.54,1000.0,0.54,1.0,normal,58.2051
28,666,39990,2,0,1.08,1.08,0.54,1000.0,0.54,1.0,normal,59.2851
28,666,40005,1,0,0.54,0.54,0.54,1000.0,0.54,1.0,normal,59.8251
28,667,40020,1,0,0.56,0.56,0.56,1000.0,0.56,1.0,normal,60.3851
28,667,40035,1,0,0.0367,0.0367,0.0367,1000.0,0.56,1.0,normal,60.4218
28,667,40050,0,0,0.0,0.0,0.1622,1000.0,0.56,1.0,normal,60.4218
28,667,40065,1,0,0.346,0.346,0.346,1000.0,0.56,1.0,normal,60.7678
28,668,40080,3,0,0.5818,0.5818,0.1939,1000.0,0.56,1.0,normal,61.3496
28,668,40095,0,0,0.0,0.0,0.56,1000.0,0.56,1.0,normal,61.3496
28,668,40110,0,0,0.0,0.0,0.56,1000.0,0.56,1.0,normal,61.3496
28,668,40125,1,0,0.1327,0.1327,0.1327,1000.0,0.56,1.0,normal,61.4823
28,669,40140,0,0,0.0,0.0,0.2185,1000.0,0.58,1.0,normal,61.4823
28,669,40155,3,0,1.74,1.74,0.58,1000.0,0.58,1.0,normal,63.2223
28,669,40170,3,0,1.74,1.74,0.58,1000.0,0.58,1.0,normal,64.9623
28,669,40185,0,0,0.0,0.0,0.1549,1000.0,0.58,1.0,normal,64.9623
28,670,40200,2,0,1.2,1.2,0.6,1000.0,0.6,1.0,normal,66.1623
28,670,40215,0,0,0.0,0.0,0.6,1000.0,0.6,1.0,normal,66.1623
28,670,40230,3,0,1.3736,1.3736,0.4579,1000.0,0.6,1.0,normal,67.5359
28,670,40245,2,0,1.2,1.2,0.6,1000.0,0.6,1.0,normal,68.7359
28,671,40260,3,0,1.86,1.86,0.62,1000.0,0.62,1.0,normal,70.5959
28,671,40275,2,0,0.8829,0.8829,0.4414,1000.0,0.62,1.0,normal,71.4788
28,671,40290,1,0,0.62,0.62,0.62,1000.0,0.62,1.0,normal,72.0988
28,671,40305,0,0,0.0,0.0,0.5374,1000.0,0.62,1.0,normal,72.0988
29,672,40320,0,0,0.0,0.0,0.2953,1000.0,0.62,1.0,normal,0.0
29,672,40335,1,1,0.62,0.62,0.62,1000.0,0.62,1.0,normal,0.62
29,672,40350,1,0,0.62,0.62,0.62,1000.0,0.62,1.0,normal,1.24
29,672,40365,1,0,0.62,0.62,0.62,1000.0,0.62,1.0,normal,1.86
29,673,40380,3,0,0.2652,0.2652,0.0884,1000.0,0.64,1.0,normal,2.1252
29,673,40395,2,0,0.1374,0.1374,0.0687,1000.0,0.64,1.0,normal,2.2626
29,673,40410,3,1,1.92,1.92,0.64,1000.0,0.64,1.0,normal,4.1826
29,673,40425,2,0,1.28,1.28,0.64,1000.0,0.64,1.0,normal,5.4626
29,674,40440,2,0,1.32,1.32,0.66,1000.0,0.66,1.0,normal,6.7826
29,674,40455,2,0,0.5482,0.5482,0.2741,1000.0,0.66,1.0,normal,7.3308
29,674,40470,2,0,1.32,1.32,0.66,1000.0,0.66,1.0,normal,8.6508
29,674,40485,1,0,0.0281,0.0281,0.0281,1000.0,0.66,1.0,normal,8.6789
29,675,40500,1,0,0.68,0.68,0.68,1000.0,0.68,1.0,normal,9.3589
29,675,40515,0,0,0.0,0.0,0.68,1000.0,0.68,1.0,normal,9.3589
29,675,40530,3,0,2.04,2.04,0.68,1000.0,0.68,1.0,normal,11.3989
29,675,40545,1,0,0.68,0.68,0.68,1000.0,0.68,1.0,normal,12.0789
29,676,40560,0,0,0.0,0.0,0.68,1000.0,0.68,1.0,normal,12.0789
29,676,40575,2,0,1.2212,1.2212,0.6106,1000.0,0.68,1.0,normal,13.3001
29,676,40590,0,0,0.0,0.0,0.68,1000.0,0.68,1.0,normal,13.3001
29,676,40605,2,0,1.36,1.36,0.68,1000.0,0.68,1.0,normal,14.6601
29,677,40620,2,0,1.4,1.4,0.7,1000.0,0.7,1.0,normal,16.0601
29,677,40635,2,0,1.4,1.4,0.7,1000.0,0.7,1.0,normal,17.4601
29,677,40650,2,0,0.0719,0.0719,0.036,1000.0,0.7,1.0,normal,17.532
29,677,40665,2,0,1.4,1.4,0.7,1000.0,0.7,1.0,normal,18.932
29,678,40680,1,1,0.0981,0.0981,0.0981,1000.0,0.72,1.0,normal,19.0301
29,678,40695,1,0,0.72,0.72,0.72,1000.0,0.72,1.0,normal,19.7501
29,678,40710,0,0,0.0,0.0,0.72,1000.0,0.72,1.0,normal,19.7501
29,678,40725,1,0,0.72,0.72,0.72,1000.0,0.72,1.0,normal,20.4701
29,679,40740,2,0,1.5,1.5,0.75,1000.0,0.75,1.0,normal,21.9701
29,679,40755,3,0,2.25,2.25,0.75,1000.0,0.75,1.0,normal,24.2201
29,679,40770,3,0,2.25,2.25,0.75,1000.0,0.75,1.0,normal,26.4701
29,679,40785,3,0,0.0416,0.0416,0.0139,1000.0,0.75,1.0,normal,26.5117
29,680,40800,3,0,1.9693,1.9693,0.6564,1000.0,0.75,1.0,normal,28.481
29,680,40815,1,0,0.75,0.75,0.75,1000.0,0.75,1.0,normal,29.231
29,680,40830,1,0,0.1126,0.1126,0.1126,1000.0,0.75,1.0,normal,29.3436
29,680,40845,1,0,0.75,0.75,0.75,1000.0,0.75,1.0,normal,30.0936
29,681,40860,0,0,0.0,0.0,0.2176,1000.0,0.78,1.0,normal,30.0936
29,681,40875,0,0,0.0,0.0,0.78,1000.0,0.78,1.0,normal,30.0936
29,681,40890,1,0,0.78,0.78,0.78,1000.0,0.78,1.0,normal,30.8736
29,681,40905,0,0,0.0,0.0,0.78,1000.0,0.78,1.0,normal,30.8736
29,682,40920,5,0,4.05,4.05,0.81,1000.0,0.81,1.0,normal,34.9236
29,682,40935,2,0,1.4408,1.4408,0.7204,1000.0,0.81,1.0,normal,36.3644
29,682,40950,6,0,4.86,4.86,0.81,1000.0,0.81,1.0,normal,41.2244
29,682,40965,3,1,2.43,2.43,0.81,1000.0,0.81,1.0,normal,43.6544
29,683,40980,3,0,1.0017,1.0017,0.3339,1000.0,0.84,1.0,normal,44.6561
29,683,40995,4,0,3.36,3.36,0.84,1000.0,0.84,1.0,normal,48.0161
29,683,41010,3,0,2.52,2.52,0.84,1000.0,0.84,1.0,normal,50.5361
29,683,41025,1,0,0.3776,0.3776,0.3776,1000.0,0.84,1.0,normal,50.9137
29,684,41040,3,0,2.52,2.52,0.84,1000.0,0.84,1.0,normal,53.4337
29,684,41055,2,0,1.3112,1.3112,0.6556,1000.0,0.84,1.0,normal,54.7449
29,684,41070,2,0,1.68,1.68,0.84,1000.0,0.84,1.0,normal,56.4249
29,684,41085,1,0,0.84,0.84,0.84,1000.0,0.84,1.0,normal,57.2649
29,685,41100,1,0,0.87,0.87,0.87,1000.0,0.87,1.0,normal,58.1349
29,685,41115,3,0,2.052,2.052,0.684,1000.0,0.87,1.0,normal,60.1869
29,685,41130,0,0,0.0,0.0,0.0834,1000.0,0.87,1.0,normal,60.1869
29,685,41145,3,0,2.61,2.61,0.87,1000.0,0.87,1.0,normal,62.7969
29,686,41160,4,0,3.6,3.6,0.9,1000.0,0.9,1.0,normal,66.3969
29,686,41175,2,0,1.1309,1.1309,0.5654,1000.0,0.9,1.0,normal,67.5278
29,686,41190,1,0,0.3437,0.3437,0.3437,1000.0,0.9,1.0,normal,67.8715
29,686,41205,2,0,1.8,1.8,0.9,1000.0,0.9,1.0,normal,69.6715
29,687,41220,3,0,2.325,2.325,0.775,1000.0,0.93,1.0,normal,71.9965
29,687,41235,3,0,2.79,2.79,0.93,1000.0,0.93,1.0,normal,74.7865
29,687,41250,1,0,0.3992,0.3992,0.3992,1000.0,0.93,1.0,normal,75.1857
29,687,41265,5,0,4.65,4.65,0.93,1000.0,0.93,1.0,normal,79.8357
29,688,41280,1,1,0.93,0.93,0.93,1000.0,0.93,1.0,normal,80.7657
29,688,41295,5,0,4.65,4.65,0.93,1000.0,0.93,1.0,normal,85.4157
29,688,41310,4,0,3.72,3.72,0.93,1000.0,0.93,1.0,normal,89.1357
29,688,41325,0,0,0.0,0.0,0.93,1000.0,0.93,1.0,normal,89.1357
29,689,41340,2,0,1.92,1.92,0.96,1000.0,0.96,1.0,normal,91.0557
29,689,41355,4,0,3.84,3.84,0.96,1000.0,0.96,1.0,normal,94.8957
29,689,41370,4,0,3.84,3.84,0.96,1000.0,0.96,1.0,normal,98.7357
29,689,41385,1,0,0.96,0.96,0.96,1000.0,0.96,1.0,normal,99.6957
29,690,41400,1,0,0.99,0.99,0.99,1000.0,0.99,1.0,normal,100.6857
29,690,41415,2,0,1.98,1.98,0.99,1000.0,0.99,1.0,normal,102.6657
29,690,41430,2,0,0.7592,0.7592,0.3796,1000.0,0.99,1.0,normal,103.4249
29,690,41445,5,2,2.5421,1.2711,0.5084,1000.0,0.99,1.0,normal,105.967
29,691,41460,0,0,0.0,0.0,1.02,1000.0,1.02,1.0,normal,105.967
29,691,41475,2,0,2.04,2.04,1.02,1000.0,1.02,1.0,normal,108.007
29,691,41490,4,0,2.5879,2.5879,0.647,1000.0,1.02,1.0,normal,110.5949
29,691,41505,4,0,3.0539,3.0539,0.7635,1000.0,1.02,1.0,normal,113.6488
29,692,41520,0,0,0.0,0.0,1.02,1000.0,1.02,1.0,normal,113.6488
29,692,41535,1,0,1.02,1.02,1.02,1000.0,1.02,1.0,normal,114.6688
29,692,41550,6,0,6.12,6.12,1.02,1000.0,1.02,1.0,normal,120.7888
29,692,41565,4,0,4.08,4.08,1.02,1000.0,1.02,1.0,normal,124.8688
29,693,41580,1,0,1.06,1.06,1.06,1000.0,1.06,1.0,normal,125.9288
29,693,41595,5,0,5.3,5.3,1.06,1000.0,1.06,1.0,normal,131.2288
29,693,41610,3,0,3.18,3.18,1.06,1000.0,1.06,1.0,normal,134.4088
29,693,41625,4,0,4.24,4.24,1.06,1000.0,1.06,1.0,normal,138.6488
29,694,41640,4,0,3.8311,3.8311,0.9578,1000.0,1.1,1.0,normal,142.4799
29,694,41655,0,0,0.0,0.0,1.1,1000.0,1.1,1.0,normal,142.4799
29,694,41670,3,0,3.3,3.3,1.1,1000.0,1.1,1.0,normal,145.7799
29,694,41685,1,0,0.097,0.097,0.097,1000.0,1.1,1.0,normal,145.8769
29,695,41700,2,0,1.4586,1.4586,0.7293,1000.0,1.14,1.0,normal,147.3355
29,695,41715,3,0,1.0254,1.0254,0.3418,1000.0,1.14,1.0,normal,148.3609
29,695,41730,1,0,0.539,0.539,0.539,1000.0,1.14,1.0,normal,148.8999
29,695,41745,2,0,2.28,2.28,1.14,1000.0,1.14,1.0,normal,151.1799
30,696,41760,0,0,0.0,0.0,1.14,1000.0,1.14,1.0,normal,0.0
30,696,41775,8,0,9.12,9.12,1.14,1000.0,1.14,1.0,normal,9.12
30,696,41790,5,0,5.7,5.7,1.14,1000.0,1.14,1.0,normal,14.82
30,696,41805,4,1,4.56,4.56,1.14,1000.0,1.14,1.0,normal,19.38
30,697,41820,2,0,0.1467,0.1467,0.0734,1000.0,1.18,1.0,normal,19.5267
30,697,41835,3,0,2.9433,2.9433,0.9811,1000.0,1.18,1.0,normal,22.47
30,697,41850,3,0,3.54,3.54,1.18,1000.0,1.18,1.0,normal,26.01
30,697,41865,4,0,4.72,4.72,1.18,1000.0,1.18,1.0,normal,30.73
30,698,41880,4,0,0.0058,0.0058,0.0015,1000.0,1.22,1.0,normal,30.7358
30,698,41895,1,0,1.22,1.22,1.22,1000.0,1.22,1.0,normal,31.9558
30,698,41910,5,0,6.1,6.1,1.22,1000.0,1.22,1.0,normal,38.0558
30,698,41925,0,0,0.0,0.0,0.2555,1000.0,1.22,1.0,normal,38.0558
30,699,41940,5,0,2.1577,2.1577,0.4315,1000.0,1.26,1.0,normal,40.2135
30,699,41955,7,0,3.3401,3.3401,0.4772,1000.0,1.26,1.0,normal,43.5536
30,699,41970,4,0,2.4457,2.4457,0.6114,1000.0,1.26,1.0,normal,45.9993
30,699,41985,2,0,2.52,2.52,1.26,1000.0,1.26,1.0,normal,48.5193
30,700,42000,3,0,3.78,3.78,1.26,1000.0,1.26,1.0,normal,52.2993
30,700,42015,7,0,7.5098,7.5098,1.0728,1000.0,1.26,1.0,normal,59.8091
30,700,42030,5,0,6.3,6.3,1.26,1000.0,1.26,1.0,normal,66.1091
30,700,42045,3,0,3.78,3.78,1.26,1000.0,1.26,1.0,normal,69.8891
30,701,42060,3,0,3.9,3.9,1.3,1000.0,1.3,1.0,normal,73.7891
30,701,42075,5,0,6.5,6.5,1.3,1000.0,1.3,1.0,normal,80.2891
30,701,42090,4,0,2.2935,2.2935,0.5734,1000.0,1.3,1.0,normal,82.5826
30,701,42105,2,0,2.6,2.6,1.3,1000.0,1.3,1.0,normal,85.1826
30,702,42120,2,0,2.2613,2.2613,1.1307,1000.0,1.35,1.0,normal,87.4439
30,702,42135,2,0,0.6576,0.6576,0.3288,1000.0,1.35,1.0,normal,88.1015
30,702,42150,2,0,2.7,2.7,1.35,1000.0,1.35,1.0,normal,90.8015
30,702,42165,1,0,1.35,1.35,1.35,1000.0,1.35,1.0,normal,92.1515
30,703,42180,1,0,1.4,1.4,1.4,1000.0,1.4,1.0,normal,93.5515
30,703,42195,5,0,7.0,7.0,1.4,1000.0,1.4,1.0,normal,100.5515
30,703,42210,2,0,0.4275,0.4275,0.2138,1000.0,1.4,1.0,normal,100.979
30,703,42225,2,0,2.8,2.8,1.4,1000.0,1.4,1.0,normal,103.779
30,704,42240,3,0,4.2,4.2,1.4,1000.0,1.4,1.0,normal,107.979
30,704,42255,4,0,5.6,5.6,1.4,1000.0,1.4,1.0,normal,113.579
30,704,42270,3,0,2.4684,2.4684,0.8228,1000.0,1.4,1.0,normal,116.0474
30,704,42285,7,0,3.9249,3.9249,0.5607,1000.0,1.4,1.0,normal,119.9723
30,705,42300,4,0,5.8,5.8,1.45,1000.0,1.45,1.0,normal,125.7723
30,705,42315,1,0,0.5328,0.5328,0.5328,1000.0,1.45,1.0,normal,126.3051
30,705,42330,2,0,2.9,2.9,1.45,1000.0,1.45,1.0,normal,129.2051
30,705,42345,4,0,0.5287,0.5287,0.1322,1000.0,1.45,1.0,normal,129.7338
30,706,42360,1,0,1.5,1.5,1.5,1000.0,1.5,1.0,normal,131.2338
30,706,42375,0,0,0.0,0.0,0.5663,1000.0,1.5,1.0,normal,131.2338
30,706,42390,2,0,3.0,3.0,1.5,1000.0,1.5,1.0,normal,134.2338
30,706,42405,3,0,4.5,4.5,1.5,1000.0,1.5,1.0,normal,138.7338
30,707,42420,7,1,10.85,10.85,1.55,1000.0,1.55,1.0,normal,149.5838
30,707,42435,2,0,3.1,3.1,1.55,1000.0,1.55,1.0,normal,152.6838
30,707,42450,7,0,10.85,10.85,1.55,1000.0,1.55,1.0,normal,163.5338
30,707,42465,2,1,3.1,3.1,1.55,1000.0,1.55,1.0,normal,166.6338
30,708,42480,3,0,1.0693,1.0693,0.3564,1000.0,1.55,1.0,normal,167.7031
30,708,42495,3,1,4.65,4.65,1.55,1000.0,1.55,1.0,normal,172.3531
30,708,42510,4,0,6.2,6.2,1.55,1000.0,1.55,1.0,normal,178.5531
30,708,42525,4,0,4.6085,4.6085,1.1521,1000.0,1.55,1.0,normal,183.1616
30,709,42540,5,0,2.3395,2.3395,0.4679,1000.0,1.6,1.0,normal,185.5011
30,709,42555,4,0,5.4234,5.4234,1.3558,1000.0,1.6,1.0,normal,190.9245
30,709,42570,2,0,3.2,3.2,1.6,1000.0,1.6,1.0,normal,194.1245
30,709,42585,3,0,1.9294,1.9294,0.6431,1000.0,1.6,1.0,normal,196.0539
30,710,42600,2,0,1.8396,1.8396,0.9198,1000.0,1.66,1.0,normal,197.8935
30,710,42615,2,0,3.32,3.32,1.66,1000.0,1.66,1.0,normal,201.2135
30,710,42630,2,0,2.806,2.806,1.403,1000.0,1.66,1.0,normal,204.0195
30,710,42645,6,0,9.96,9.96,1.66,1000.0,1.66,1.0,normal,213.9795
30,711,42660,7,0,12.04,12.04,1.72,1000.0,1.72,1.0,normal,226.0195
30,711,42675,3,0,4.3085,4.3085,1.4362,1000.0,1.72,1.0,normal,230.328
30,711,42690,6,0,5.5629,5.5629,0.9271,1000.0,1.72,1.0,normal,235.8909
30,711,42705,3,0,3.288,3.288,1.096,1000.0,1.72,1.0,normal,239.1789
30,712,42720,7,0,6.1202,6.1202,0.8743,1000.0,1.72,1.0,normal,245.2991
30,712,42735,6,0,10.32,10.32,1.72,1000.0,1.72,1.0,normal,255.6191
30,712,42750,4,0,6.88,6.88,1.72,1000.0,1.72,1.0,normal,262.4991
30,712,42765,2,0,3.44,3.44,1.72,1000.0,1.72,1.0,normal,265.9391
30,713,42780,5,0,8.4112,8.4112,1.6822,1000.0,1.78,1.0,normal,274.3503
30,713,42795,7,0,12.46,12.46,1.78,1000.0,1.78,1.0,normal,286.8103
30,713,42810,5,0,8.9,8.9,1.78,1000.0,1.78,1.0,normal,295.7103
30,713,42825,4,0,3.2578,3.2578,0.8145,1000.0,1.78,1.0,normal,298.9681
30,714,42840,4,0,7.36,7.36,1.84,1000.0,1.84,1.0,normal,306.3281
30,714,42855,7,0,12.88,12.88,1.84,1000.0,1.84,1.0,normal,319.2081
30,714,42870,3,0,1.9695,1.9695,0.6565,1000.0,1.84,1.0,normal,321.1776
30,714,42885,7,0,12.88,12.88,1.84,1000.0,1.84,1.0,normal,334.0576
30,715,42900,4,1,7.72,7.72,1.93,1000.0,1.93,1.0,normal,341.7776
30,715,42915,8,0,13.7446,13.7446,1.7181,1000.0,1.93,1.0,normal,355.5222
30,715,42930,4,0,7.72,7.72,1.93,1000.0,1.93,1.0,normal,363.2422
30,715,42945,9,1,17.37,17.37,1.93,1000.0,1.93,1.0,normal,380.6122
30,716,42960,5,0,9.65,9.65,1.93,1000.0,1.93,1.0,normal,390.2622
30,716,42975,0,0,0.0,0.0,0.5163,1000.0,1.93,1.0,normal,390.2622
30,716,42990,6,0,11.58,11.58,1.93,1000.0,1.93,1.0,normal,401.8422
30,716,43005,3,0,5.7052,5.7052,1.9017,1000.0,1.93,1.0,normal,407.5474
30,717,43020,6,0,5.3837,5.3837,0.8973,1000.0,2.0,1.0,normal,412.9311
30,717,43035,7,0,8.6161,8.6161,1.2309,1000.0,2.0,1.0,normal,421.5472
30,717,43050,4,1,3.6517,3.6517,0.9129,1000.0,2.0,1.0,normal,425.1989
30,717,43065,5,0,0.7642,0.7642,0.1528,1000.0,2.0,1.0,normal,425.9631
30,718,43080,2,0,4.14,4.14,2.07,1000.0,2.07,1.0,normal,430.1031
30,718,43095,5,0,2.4307,2.4307,0.4861,1000.0,2.07,1.0,normal,432.5338
30,718,43110,5,0,10.35,10.35,2.07,1000.0,2.07,1.0,normal,442.8838
30,718,43125,2,0,1.616,1.616,0.808,1000.0,2.07,1.0,normal,444.4998
30,719,43140,5,0,10.7,10.7,2.14,1000.0,2.14,1.0,normal,455.1998
30,719,43155,6,0,9.7281,9.7281,1.6214,1000.0,2.14,1.0,normal,464.9279
30,719,43170,8,0,2.4148,2.4148,0.3019,1000.0,2.14,1.0,normal,467.3427
30,719,43185,5,0,4.5907,4.5907,0.9181,1000.0,2.14,1.0,normal,471.9334
31,720,43200,3,0,6.42,6.42,2.14,1000.0,2.14,1.0,normal,6.42
31,720,43215,10,0,21.4,21.4,2.14,1000.0,2.14,1.0,normal,27.82
31,720,43230,7,0,7.7753,7.7753,1.1108,1000.0,2.14,1.0,normal,35.5953
31,720,43245,6,0,8.7207,8.7207,1.4534,1000.0,2.14,1.0,normal,44.316
31,721,43260,7,0,1.2484,1.2484,0.1783,1000.0,2.21,1.0,normal,45.5644
31,721,43275,9,1,19.89,19.89,2.21,1000.0,2.21,1.0,normal,65.4544
31,721,43290,7,2,10.6779,5.339,1.5254,1000.0,2.21,1.0,normal,76.1323
31,721,43305,5,0,6.3375,6.3375,1.2675,1000.0,2.21,1.0,normal,82.4698
31,722,43320,3,0,3.8276,3.8276,1.2759,1000.0,2.29,1.0,normal,86.2974
31,722,43335,6,0,13.74,13.74,2.29,1000.0,2.29,1.0,normal,100.0374
31,722,43350,6,1,13.74,13.74,2.29,1000.0,2.29,1.0,normal,113.7774
31,722,43365,7,0,15.5014,15.5014,2.2145,1000.0,2.29,1.0,normal,129.2788
31,723,43380,4,0,9.48,9.48,2.37,1000.0,2.37,1.0,normal,138.7588
31,723,43395,5,1,1.4945,1.4945,0.2989,1000.0,2.37,1.0,normal,140.2533
31,723,43410,14,0,33.18,33.18,2.37,1000.0,2.37,1.0,normal,173.4333
31,723,43425,6,0,14.22,14.22,2.37,1000.0,2.37,1.0,normal,187.6533
31,724,43440,0,0,0.0,0.0,0.01,1000.0,0.01,1.0,normal,187.6533
31,724,43455,0,0,0.0,0.0,0.01,1000.0,0.01,1.0,normal,187.6533
31,724,43470,0,0,0.0,0.0,0.01,1000.0,0.01,1.0,normal,187.6533
31,724,43485,0,0,0.0,0.0,0.01,1000.0,0.01,1.0,normal,187.6533
31,725,43500,0,0,0.0,0.0,0.01,1000.0,0.01,1.0,normal,187.6533
31,725,43515,0,0,0.0,0.0,0.01,1000.0,0.01,1.0,normal,187.6533
31,725,43530,0,0,0.0,0.0,0.01,1000.0,0.01,1.0,normal,187.6533
31,725,43545,0,0,0.0,0.0,0.01,1000.0,0.01,1.0,normal,187.6533
31,726,43560,0,0,0.0,0.0,0.01,1000.0,0.01,1.0,normal,187.6533
31,726,43575,0,0,0.0,0.0,0.01,1000.0,0.01,1.0,normal,187.6533
31,726,43590,0,0,0.0,0.0,0.01,1000.0,0.01,1.0,normal,187.6533
31,726,43605,0,0,0.0,0.0,0.01,1000.0,0.01,1.0,normal,187.6533
31,727,43620,0,0,0.0,0.0,0.01,1000.0,0.01,1.0,normal,187.6533
31,727,43635,0,0,0.0,0.0,0.01,1000.0,0.01,1.0,normal,187.6533
31,727,43650,0,0,0.0,0.0,0.01,1000.0,0.01,1.0,normal,187.6533
31,727,43665,0,0,0.0,0.0,0.01,1000.0,0.01,1.0,normal,187.6533
31,728,43680,11,0,40.1728,40.1728,3.6521,1000.0,4.2,1.0,normal,227.8261
31,728,43695,7,0,29.4,29.4,4.2,1000.0,4.2,1.0,normal,257.2261
31,728,43710,7,0,29.4,29.4,4.2,1000.0,4.2,1.0,normal,286.6261
31,728,43725,6,0,5.8035,5.8035,0.9672,1000.0,4.2,1.0,normal,292.4296
31,729,43740,7,0,30.45,30.45,4.35,1000.0,4.35,1.0,normal,322.8796
31,729,43755,9,1,36.2303,36.2303,4.0256,1000.0,4.35,1.0,normal,359.1099
31,729,43770,12,1,52.2,52.2,4.35,1000.0,4.35,1.0,normal,411.3099
31,729,43785,9,0,16.947,16.947,1.883,1000.0,4.35,1.0,normal,428.2569
31,730,43800,9,1,3.5759,3.5759,0.3973,1000.0,4.5,1.0,normal,431.8328
31,730,43815,15,0,43.2889,43.2889,2.8859,1000.0,4.5,1.0,normal,475.1217
31,730,43830,8,0,17.2842,17.2842,2.1605,1000.0,4.5,1.0,normal,492.4059
31,730,43845,14,0,63.0,63.0,4.5,1000.0,4.5,1.0,normal,555.4059
31,731,43860,12,2,52.1515,26.0758,4.346,1000.0,4.66,1.0,normal,607.5574
31,731,43875,3,0,13.98,13.98,4.66,1000.0,4.66,1.0,normal,621.5374
31,731,43890,15,0,5.1939,5.1939,0.3463,1000.0,4.66,1.0,normal,626.7313
31,731,43905,8,0,32.5738,32.5738,4.0717,1000.0,4.66,1.0,normal,659.3051
31,732,43920,11,1,0.292,0.292,0.0265,1000.0,4.66,1.0,normal,659.5971
31,732,43935,9,0,0.7468,0.7468,0.083,1000.0,4.66,1.0,normal,660.3439
31,732,43950,12,0,52.3307,52.3307,4.3609,1000.0,4.66,1.0,normal,712.6746
31,732,43965,10,0,41.1222,41.1222,4.1122,1000.0,4.66,1.0,normal,753.7968
31,733,43980,9,0,19.6533,19.6533,2.1837,1000.0,4.82,1.0,normal,773.4501
31,733,43995,15,1,31.5709,31.5709,2.1047,1000.0,4.82,1.0,normal,805.021
31,733,44010,10,0,17.3775,17.3775,1.7378,1000.0,4.82,1.0,normal,822.3985
31,733,44025,7,0,4.847,4.847,0.6924,1000.0,4.82,1.0,normal,827.2455
31,734,44040,10,1,27.6985,27.6985,2.7699,1000.0,4.97,1.0,normal,854.944
31,734,44055,7,0,14.6769,14.6769,2.0967,1000.0,4.97,1.0,normal,869.6209
31,734,44070,14,0,40.9017,40.9017,2.9215,1000.0,4.97,1.0,budget_constrained,910.5226
31,734,44085,12,1,34.572,34.572,2.881,1000.0,4.97,1.0,budget_constrained,945.0946
31,735,44100,11,0,32.5914,32.5914,2.9629,1000.0,5.13,1.0,budget_constrained,977.686
31,735,44115,7,0,22.314,22.314,3.1876,1000.0,5.13,1.0,budget_depleted,1000.0
31,735,44130,0,0,0.0,0.0,0.0,1000.0,5.13,1.0,budget_depleted,1000.0
31,735,44145,0,0,0.0,0.0,0.0,1000.0,5.13,1.0,budget_depleted,1000.0
31,736,44160,0,0,0.0,0.0,0.0,1000.0,5.13,1.0,budget_depleted,1000.0
31,736,44175,0,0,0.0,0.0,0.0,1000.0,5.13,1.0,budget_depleted,1000.0
31,736,44190,0,0,0.0,0.0,0.0,1000.0,5.13,1.0,budget_depleted,1000.0
31,736,44205,0,0,0.0,0.0,0.0,1000.0,5.13,1.0,budget_depleted,1000.0
31,737,44220,0,0,0.0,0.0,0.0,1000.0,4.21,1.0,budget_depleted,1000.0
31,737,44235,0,0,0.0,0.0,0.0,1000.0,4.21,1.0,budget_depleted,1000.0
31,737,44250,0,0,0.0,0.0,0.0,1000.0,4.21,1.0,budget_depleted,1000.0
31,737,44265,0,0,0.0,0.0,0.0,1000.0,4.21,1.0,budget_depleted,1000.0
31,738,44280,0,0,0.0,0.0,0.0,1000.0,3.45,1.0,budget_depleted,1000.0
31,738,44295,0,0,0.0,0.0,0.0,1000.0,3.45,1.0,budget_depleted,1000.0
31,738,44310,0,0,0.0,0.0,0.0,1000.0,3.45,1.0,budget_depleted,1000.0
31,738,44325,0,0,0.0,0.0,0.0,1000.0,3.45,1.0,budget_depleted,1000.0
31,739,44340,0,0,0.0,0.0,0.0,1000.0,1.4,1.0,budget_depleted,1000.0
31,739,44355,0,0,0.0,0.0,0.0,1000.0,1.4,1.0,budget_depleted,1000.0
31,739,44370,0,0,0.0,0.0,0.0,1000.0,1.4,1.0,budget_depleted,1000.0
31,739,44385,0,0,0.0,0.0,0.0,1000.0,1.4,1.0,budget_depleted,1000.0
31,740,44400,0,0,0.0,0.0,0.0,1000.0,1.4,1.0,budget_depleted,1000.0
31,740,44415,0,0,0.0,0.0,0.0,1000.0,1.4,1.0,budget_depleted,1000.0
31,740,44430,0,0,0.0,0.0,0.0,1000.0,1.4,1.0,budget_depleted,1000.0
31,740,44445,0,0,0.0,0.0,0.0,1000.0,1.4,1.0,budget_depleted,1000.0
31,741,44460,0,0,0.0,0.0,0.0,1000.0,1.35,1.0,budget_depleted,1000.0
31,741,44475,0,0,0.0,0.0,0.0,1000.0,1.35,1.0,budget_depleted,1000.0
31,741,44490,0,0,0.0,0.0,0.0,1000.0,1.35,1.0,budget_depleted,1000.0
31,741,44505,0,0,0.0,0.0,0.0,1000.0,1.35,1.0,budget_depleted,1000.0
31,742,44520,0,0,0.0,0.0,0.0,1000.0,1.31,1.0,budget_depleted,1000.0
31,742,44535,0,0,0.0,0.0,0.0,1000.0,1.31,1.0,budget_depleted,1000.0
31,742,44550,0,0,0.0,0.0,0.0,1000.0,1.31,1.0,budget_depleted,1000.0
31,742,44565,0,0,0.0,0.0,0.0,1000.0,1.31,1.0,budget_depleted,1000.0
31,743,44580,0,0,0.0,0.0,0.0,1000.0,1.26,1.0,budget_depleted,1000.0
31,743,44595,0,0,0.0,0.0,0.0,1000.0,1.26,1.0,budget_depleted,1000.0
31,743,44610,0,0,0.0,0.0,0.0,1000.0,1.26,1.0,budget_depleted,1000.0
31,743,44625,0,0,0.0,0.0,0.0,1000.0,1.26,1.0,budget_depleted,1000.0
32,744,44640,0,0,0.0,0.0,0.0,1000.0,1.26,1.0,normal,0.0
32,744,44655,3,0,1.766,1.766,0.5887,1000.0,1.26,1.0,normal,1.766
32,744,44670,1,0,1.26,1.26,1.26,1000.0,1.26,1.0,normal,3.026
32,744,44685,5,0,6.3,6.3,1.26,1000.0,1.26,1.0,normal,9.326
32,745,44700,4,0,2.6267,2.6267,0.6567,1000.0,1.11,1.0,normal,11.9527
32,745,44715,3,0,1.0804,1.0804,0.3601,1000.0,1.11,1.0,normal,13.0331
32,745,44730,3,0,3.33,3.33,1.11,1000.0,1.11,1.0,normal,16.3631
32,745,44745,4,0,4.44,4.44,1.11,1000.0,1.11,1.0,normal,20.8031
32,746,44760,4,0,0.9392,0.9392,0.2348,1000.0,0.95,1.0,normal,21.7423
32,746,44775,2,0,1.9,1.9,0.95,1000.0,0.95,1.0,normal,23.6423
32,746,44790,2,0,1.9,1.9,0.95,1000.0,0.95,1.0,normal,25.5423
32,746,44805,4,0,3.8,3.8,0.95,1000.0,0.95,1.0,normal,29.3423
32,747,44820,2,0,2.14,2.14,1.07,1000.0,1.07,1.0,normal,31.4823
32,747,44835,4,0,0.158,0.158,0.0395,1000.0,1.07,1.0,normal,31.6403
32,747,44850,3,0,3.21,3.21,1.07,1000.0,1.07,1.0,normal,34.8503
32,747,44865,5,0,3.8941,3.8941,0.7788,1000.0,1.07,1.0,normal,38.7444
32,748,44880,2,0,2.14,2.14,1.07,1000.0,1.07,1.0,normal,40.8844
32,748,44895,1,0,1.07,1.07,1.07,1000.0,1.07,1.0,normal,41.9544
32,748,44910,3,0,3.21,3.21,1.07,1000.0,1.07,1.0,normal,45.1644
32,748,44925,2,0,2.14,2.14,1.07,1000.0,1.07,1.0,normal,47.3044
32,749,44940,2,0,2.18,2.18,1.09,1000.0,1.09,1.0,normal,49.4844
32,749,44955,4,0,3.9189,3.9189,0.9797,1000.0,1.09,1.0,normal,53.4033
32,749,44970,4,1,0.2371,0.2371,0.0593,1000.0,1.09,1.0,normal,53.6404
32,749,44985,2,0,2.18,2.18,1.09,1000.0,1.09,1.0,normal,55.8204
32,750,45000,1,0,1.13,1.13,1.13,1000.0,1.13,1.0,normal,56.9504
32,750,45015,1,0,1.13,1.13,1.13,1000.0,1.13,1.0,normal,58.0804
32,750,45030,7,0,7.5536,7.5536,1.0791,1000.0,1.13,1.0,normal,65.634
32,750,45045,4,0,0.5494,0.5494,0.1373,1000.0,1.13,1.0,normal,66.1834
32,751,45060,5,0,5.01,5.01,1.002,1000.0,1.17,1.0,normal,71.1934
32,751,45075,3,0,3.0966,3.0966,1.0322,1000.0,1.17,1.0,normal,74.29
32,751,45090,3,0,3.51,3.51,1.17,1000.0,1.17,1.0,normal,77.8
32,751,45105,3,0,3.51,3.51,1.17,1000.0,1.17,1.0,normal,81.31
32,752,45120,4,0,4.68,4.68,1.17,1000.0,1.17,1.0,normal,85.99
32,752,45135,1,0,0.9184,0.9184,0.9184,1000.0,1.17,1.0,normal,86.9084
32,752,45150,3,0,3.51,3.51,1.17,1000.0,1.17,1.0,normal,90.4184
32,752,45165,4,0,3.9639,3.9639,0.991,1000.0,1.17,1.0,normal,94.3823
32,753,45180,2,0,2.42,2.42,1.21,1000.0,1.21,1.0,normal,96.8023
32,753,45195,4,0,4.84,4.84,1.21,1000.0,1.21,1.0,normal,101.6423
32,753,45210,4,1,4.84,4.84,1.21,1000.0,1.21,1.0,normal,106.4823
32,753,45225,3,0,3.63,3.63,1.21,1000.0,1.21,1.0,normal,110.1123
32,754,45240,1,0,0.3913,0.3913,0.3913,1000.0,1.25,1.0,normal,110.5036
32,754,45255,3,0,2.0406,2.0406,0.6802,1000.0,1.25,1.0,normal,112.5442
32,754,45270,2,0,2.5,2.5,1.25,1000.0,1.25,1.0,normal,115.0442
32,754,45285,3,0,3.75,3.75,1.25,1000.0,1.25,1.0,normal,118.7942
32,755,45300,2,0,2.58,2.58,1.29,1000.0,1.29,1.0,normal,121.3742
32,755,45315,2,0,2.58,2.58,1.29,1000.0,1.29,1.0,normal,123.9542
32,755,45330,1,0,1.29,1.29,1.29,1000.0,1.29,1.0,normal,125.2442
32,755,45345,4,0,5.16,5.16,1.29,1000.0,1.29,1.0,normal,130.4042
32,756,45360,1,0,1.29,1.29,1.29,1000.0,1.29,1.0,normal,131.6942
32,756,45375,4,0,5.16,5.16,1.29,1000.0,1.29,1.0,normal,136.8542
32,756,45390,5,0,2.6314,2.6314,0.5263,1000.0,1.29,1.0,normal,139.4856
32,756,45405,0,0,0.0,0.0,1.29,1000.0,1.29,1.0,normal,139.4856
32,757,45420,1,0,1.34,1.34,1.34,1000.0,1.34,1.0,normal,140.8256
32,757,45435,2,0,2.68,2.68,1.34,1000.0,1.34,1.0,normal,143.5056
32,757,45450,8,0,10.72,10.72,1.34,1000.0,1.34,1.0,normal,154.2256
32,757,45465,4,0,4.8023,4.8023,1.2006,1000.0,1.34,1.0,normal,159.0279
32,758,45480,4,0,4.0251,4.0251,1.0063,1000.0,1.39,1.0,normal,163.053
32,758,45495,5,0,6.95,6.95,1.39,1000.0,1.39,1.0,normal,170.003
32,758,45510,8,0,11.12,11.12,1.39,1000.0,1.39,1.0,normal,181.123
32,758,45525,4,1,5.56,5.56,1.39,1000.0,1.39,1.0,normal,186.683
32,759,45540,0,0,0.0,0.0,1.0284,1000.0,1.44,1.0,normal,186.683
32,759,45555,4,0,5.76,5.76,1.44,1000.0,1.44,1.0,normal,192.443
32,759,45570,3,0,4.32,4.32,1.44,1000.0,1.44,1.0,normal,196.763
32,759,45585,4,0,5.76,5.76,1.44,1000.0,1.44,1.0,normal,202.523
32,760,45600,2,0,2.1874,2.1874,1.0937,1000.0,1.44,1.0,normal,204.7104
32,760,45615,6,1,2.5836,2.5836,0.4306,1000.0,1.44,1.0,normal,207.294
32,760,45630,6,0,8.64,8.64,1.44,1000.0,1.44,1.0,normal,215.934
32,760,45645,0,0,0.0,0.0,1.44,1000.0,1.44,1.0,normal,215.934
32,761,45660,2,0,2.98,2.98,1.49,1000.0,1.49,1.0,normal,218.914
32,761,45675,2,0,0.2874,0.2874,0.1437,1000.0,1.49,1.0,normal,219.2014
32,761,45690,7,0,7.1702,7.1702,1.0243,1000.0,1.49,1.0,normal,226.3716
32,761,45705,3,0,3.9712,3.9712,1.3237,1000.0,1.49,1.0,normal,230.3428
32,762,45720,4,0,4.1067,4.1067,1.0267,1000.0,1.54,1.0,normal,234.4495
32,762,45735,0,0,0.0,0.0,1.0998,1000.0,1.54,1.0,normal,234.4495
32,762,45750,1,0,1.54,1.54,1.54,1000.0,1.54,1.0,normal,235.9895
32,762,45765,8,0,12.32,12.32,1.54,1000.0,1.54,1.0,normal,248.3095
32,763,45780,2,0,3.18,3.18,1.59,1000.0,1.59,1.0,normal,251.4895
32,763,45795,4,0,6.25,6.25,1.5625,1000.0,1.59,1.0,normal,257.7395
32,763,45810,6,0,9.54,9.54,1.59,1000.0,1.59,1.0,normal,267.2795
32,763,45825,5,0,1.0555,1.0555,0.2111,1000.0,1.59,1.0,normal,268.335
32,764,45840,4,0,4.0447,4.0447,1.0112,1000.0,1.59,1.0,normal,272.3797
32,764,45855,5,0,7.95,7.95,1.59,1000.0,1.59,1.0,normal,280.3297
32,764,45870,4,0,3.3677,3.3677,0.8419,1000.0,1.59,1.0,normal,283.6974
32,764,45885,6,0,6.9722,6.9722,1.162,1000.0,1.59,1.0,normal,290.6696
32,765,45900,5,0,8.25,8.25,1.65,1000.0,1.65,1.0,normal,298.9196
32,765,45915,4,1,6.6,6.6,1.65,1000.0,1.65,1.0,normal,305.5196
32,765,45930,3,0,4.95,4.95,1.65,1000.0,1.65,1.0,normal,310.4696
32,765,45945,6,0,9.9,9.9,1.65,1000.0,1.65,1.0,normal,320.3696
32,766,45960,5,0,8.55,8.55,1.71,1000.0,1.71,1.0,normal,328.9196
32,766,45975,5,0,8.55,8.55,1.71,1000.0,1.71,1.0,normal,337.4696
32,766,45990,2,0,3.42,3.42,1.71,1000.0,1.71,1.0,normal,340.8896
32,766,46005,2,0,2.8576,2.8576,1.4288,1000.0,1.71,1.0,normal,343.7472
32,767,46020,3,0,3.1593,3.1593,1.0531,1000.0,1.77,1.0,normal,346.9065
32,767,46035,5,0,8.85,8.85,1.77,1000.0,1.77,1.0,normal,355.7565
32,767,46050,4,1,6.9752,6.9752,1.7438,1000.0,1.77,1.0,normal,362.7317
32,767,46065,3,0,5.31,5.31,1.77,1000.0,1.77,1.0,normal,368.0417
33,768,46080,5,1,8.85,8.85,1.77,1000.0,1.77,1.0,normal,8.85
33,768,46095,3,0,5.31,5.31,1.77,1000.0,1.77,1.0,normal,14.16
33,768,46110,3,0,5.31,5.31,1.77,1000.0,1.77,1.0,normal,19.47
33,768,46125,6,0,7.8966,7.8966,1.3161,1000.0,1.77,1.0,normal,27.3666
33,769,46140,2,0,3.66,3.66,1.83,1000.0,1.83,1.0,normal,31.0266
33,769,46155,4,0,3.0884,3.0884,0.7721,1000.0,1.83,1.0,normal,34.115
33,769,46170,6,0,10.98,10.98,1.83,1000.0,1.83,1.0,normal,45.095
33,769,46185,5,0,1.9273,1.9273,0.3855,1000.0,1.83,1.0,normal,47.0223
33,770,46200,5,1,9.45,9.45,1.89,1000.0,1.89,1.0,normal,56.4723
33,770,46215,4,0,7.56,7.56,1.89,1000.0,1.89,1.0,normal,64.0323
33,770,46230,5,0,5.772,5.772,1.1544,1000.0,1.89,1.0,normal,69.8043
33,770,46245,4,1,2.491,2.491,0.6227,1000.0,1.89,1.0,normal,72.2953
33,771,46260,7,0,13.72,13.72,1.96,1000.0,1.96,1.0,normal,86.0153
33,771,46275,3,0,5.88,5.88,1.96,1000.0,1.96,1.0,normal,91.8953
33,771,46290,5,0,9.8,9.8,1.96,1000.0,1.96,1.0,normal,101.6953
33,771,46305,3,0,5.88,5.88,1.96,1000.0,1.96,1.0,normal,107.5753
33,772,46320,4,0,10.2,10.2,2.55,1000.0,2.55,1.0,normal,117.7753
33,772,46335,3,0,6.0134,6.0134,2.0045,1000.0,2.55,1.0,normal,123.7887
33,772,46350,5,0,12.75,12.75,2.55,1000.0,2.55,1.0,normal,136.5387
33,772,46365,7,0,1.347,1.347,0.1924,1000.0,2.55,1.0,normal,137.8857
33,773,46380,8,0,21.12,21.12,2.64,1000.0,2.64,1.0,normal,159.0057
33,773,46395,4,0,5.7152,5.7152,1.4288,1000.0,2.64,1.0,normal,164.7209
33,773,46410,6,0,5.9371,5.9371,0.9895,1000.0,2.64,1.0,normal,170.658
33,773,46425,6,0,12.5743,12.5743,2.0957,1000.0,2.64,1.0,normal,183.2323
33,774,46440,11,0,30.03,30.03,2.73,1000.0,2.73,1.0,normal,213.2623
33,774,46455,4,1,5.3293,5.3293,1.3323,1000.0,2.73,1.0,normal,218.5916
33,774,46470,7,0,4.9632,4.9632,0.709,1000.0,2.73,1.0,normal,223.5548
33,774,46485,8,0,21.84,21.84,2.73,1000.0,2.73,1.0,normal,245.3948
33,775,46500,8,0,17.7939,17.7939,2.2242,1000.0,2.83,1.0,normal,263.1887
33,775,46515,5,0,14.15,14.15,2.83,1000.0,2.83,1.0,normal,277.3387
33,775,46530,6,0,4.5484,4.5484,0.7581,1000.0,2.83,1.0,normal,281.8871
33,775,46545,17,1,48.11,48.11,2.83,1000.0,2.83,1.0,normal,329.9971
33,776,46560,7,0,4.1064,4.1064,0.5866,1000.0,2.83,1.0,normal,334.1035
33,776,46575,8,0,4.2654,4.2654,0.5332,1000.0,2.83,1.0,normal,338.3689
33,776,46590,11,0,29.4676,29.4676,2.6789,1000.0,2.83,1.0,normal,367.8365
33,776,46605,5,0,14.15,14.15,2.83,1000.0,2.83,1.0,normal,381.9865
33,777,46620,4,0,11.72,11.72,2.93,1000.0,2.93,1.0,normal,393.7065
33,777,46635,9,0,16.1525,16.1525,1.7947,1000.0,2.93,1.0,normal,409.859
33,777,46650,13,0,25.3183,25.3183,1.9476,1000.0,2.93,1.0,normal,435.1773
33,777,46665,5,0,14.65,14.65,2.93,1000.0,2.93,1.0,normal,449.8273
33,778,46680,15,0,39.66,39.66,2.644,1000.0,3.03,1.0,normal,489.4873
33,778,46695,7,0,21.21,21.21,3.03,1000.0,3.03,1.0,normal,510.6973
33,778,46710,13,1,8.7121,8.7121,0.6702,1000.0,3.03,1.0,normal,519.4094
33,778,46725,5,0,15.15,15.15,3.03,1000.0,3.03,1.0,normal,534.5594
33,779,46740,13,0,40.8353,40.8353,3.1412,1000.0,3.17,1.0,normal,575.3947
33,779,46755,4,0,12.68,12.68,3.17,1000.0,3.17,1.0,normal,588.0747
33,779,46770,7,1,16.6818,16.6818,2.3831,1000.0,3.17,1.0,normal,604.7565
33,779,46785,8,0,22.9351,22.9351,2.8669,1000.0,3.17,1.0,normal,627.6916
33,780,46800,12,0,38.04,38.04,3.17,1000.0,3.17,1.0,normal,665.7316
33,780,46815,5,0,15.85,15.85,3.17,1000.0,3.17,1.0,normal,681.5816
33,780,46830,15,0,43.3706,43.3706,2.8914,1000.0,3.17,1.0,normal,724.9522
33,780,46845,13,0,3.6521,3.6521,0.2809,1000.0,3.17,1.0,normal,728.6043
33,781,46860,7,0,17.7528,17.7528,2.5361,1000.0,3.28,1.0,normal,746.3571
33,781,46875,8,0,8.4599,8.4599,1.0575,1000.0,3.28,1.0,normal,754.817
33,781,46890,3,1,2.5056,2.5056,0.8352,1000.0,3.28,1.0,normal,757.3226
33,781,46905,10,1,20.7108,20.7108,2.0711,1000.0,3.28,1.0,normal,778.0334
33,782,46920,11,0,37.29,37.29,3.39,1000.0,3.39,1.0,normal,815.3234
33,782,46935,8,0,9.9929,9.9929,1.2491,1000.0,3.39,1.0,normal,825.3163
33,782,46950,6,0,20.34,20.34,3.39,1000.0,3.39,1.0,normal,845.6563
33,782,46965,3,0,6.2739,6.2739,2.0913,1000.0,3.39,1.0,normal,851.9302
33,783,46980,9,0,31.41,31.41,3.49,1000.0,3.49,1.0,normal,883.3402
33,783,46995,12,2,41.88,20.94,3.49,1000.0,3.49,1.0,budget_constrained,925.2202
33,783,47010,9,0,3.7785,3.7785,0.4198,1000.0,3.49,1.0,budget_constrained,928.9987
33,783,47025,11,0,34.9225,34.9225,3.1748,1000.0,3.49,1.0,budget_constrained,963.9212
33,784,47040,8,0,27.92,27.92,3.49,1000.0,3.49,1.0,budget_constrained,991.8412
33,784,47055,7,0,4.8246,4.8246,0.6892,1000.0,3.49,1.0,budget_constrained,996.6658
33,784,47070,0,0,3.3342,3.3342,3.49,1000.0,3.49,1.0,budget_constrained,1000.0
33,784,47085,0,0,0.0,0.0,2.7148,1000.0,3.49,1.0,budget_constrained,1000.0
33,785,47100,0,0,0.0,0.0,2.0632,1000.0,3.63,1.0,budget_constrained,1000.0
33,785,47115,0,0,0.0,0.0,1.97,1000.0,3.63,1.0,budget_constrained,1000.0
33,785,47130,0,0,0.0,0.0,0.0159,1000.0,3.63,1.0,budget_constrained,1000.0
33,785,47145,0,0,0.0,0.0,3.4307,1000.0,3.63,1.0,budget_constrained,1000.0
33,786,47160,0,0,0.0,0.0,3.77,1000.0,3.77,1.0,budget_constrained,1000.0
33,786,47175,0,0,0.0,0.0,1.4816,1000.0,3.77,1.0,budget_constrained,1000.0
33,786,47190,0,0,0.0,0.0,3.77,1000.0,3.77,1.0,budget_constrained,1000.0
33,786,47205,0,0,0.0,0.0,3.2064,1000.0,3.77,1.0,budget_constrained,1000.0
33,787,47220,0,0,0.0,0.0,3.91,1000.0,3.91,1.0,budget_constrained,1000.0
33,787,47235,0,0,0.0,0.0,3.1961,1000.0,3.91,1.0,budget_constrained,1000.0
33,787,47250,0,0,0.0,0.0,2.7603,1000.0,3.91,1.0,budget_constrained,1000.0
33,787,47265,0,0,0.0,0.0,0.6221,1000.0,3.91,1.0,budget_constrained,1000.0
33,788,47280,0,0,0.0,0.0,2.471,1000.0,3.91,1.0,budget_constrained,1000.0
33,788,47295,0,0,0.0,0.0,1.4067,1000.0,3.91,1.0,budget_constrained,1000.0
33,788,47310,0,0,0.0,0.0,3.0442,1000.0,3.91,1.0,budget_constrained,1000.0
33,788,47325,0,0,0.0,0.0,0.1681,1000.0,3.91,1.0,budget_constrained,1000.0
33,789,47340,0,0,0.0,0.0,3.78,1000.0,3.78,1.0,budget_constrained,1000.0
33,789,47355,0,0,0.0,0.0,1.3642,1000.0,3.78,1.0,budget_constrained,1000.0
33,789,47370,0,0,0.0,0.0,1.8999,1000.0,3.78,1.0,budget_constrained,1000.0
33,789,47385,0,0,0.0,0.0,0.143,1000.0,3.78,1.0,budget_constrained,1000.0
33,790,47400,0,0,0.0,0.0,0.1288,1000.0,3.65,1.0,budget_constrained,1000.0
33,790,47415,0,0,0.0,0.0,3.4151,1000.0,3.65,1.0,budget_constrained,1000.0
33,790,47430,0,0,0.0,0.0,0.6776,1000.0,3.65,1.0,budget_constrained,1000.0
33,790,47445,0,0,0.0,0.0,1.1502,1000.0,3.65,1.0,budget_constrained,1000.0
33,791,47460,0,0,0.0,0.0,0.2626,1000.0,3.52,1.0,budget_constrained,1000.0
33,791,47475,0,0,0.0,0.0,0.3984,1000.0,3.52,1.0,budget_constrained,1000.0
33,791,47490,0,0,0.0,0.0,1.4305,1000.0,3.52,1.0,budget_constrained,1000.0
33,791,47505,0,0,0.0,0.0,3.52,1000.0,3.52,1.0,budget_constrained,1000.0
34,792,47520,0,0,0.0,0.0,3.4376,1000.0,3.52,1.0,normal,0.0
34,792,47535,10,1,14.8425,14.8425,1.4843,1000.0,3.52,1.0,normal,14.8425
34,792,47550,3,0,10.56,10.56,3.52,1000.0,3.52,1.0,normal,25.4025
34,792,47565,4,0,14.08,14.08,3.52,1000.0,3.52,1.0,normal,39.4825
34,793,47580,13,0,19.5402,19.5402,1.5031,1000.0,3.66,1.0,normal,59.0227
34,793,47595,8,1,29.28,29.28,3.66,1000.0,3.66,1.0,normal,88.3027
34,793,47610,11,1,40.26,40.26,3.66,1000.0,3.66,1.0,normal,128.5627
34,793,47625,9,0,25.9605,25.9605,2.8845,1000.0,3.66,1.0,normal,154.5232
34,794,47640,9,1,34.2,34.2,3.8,1000.0,3.8,1.0,normal,188.7232
34,794,47655,9,0,0.4608,0.4608,0.0512,1000.0,3.8,1.0,normal,189.184
34,794,47670,8,1,12.9407,12.9407,1.6176,1000.0,3.8,1.0,normal,202.1247
34,794,47685,6,0,9.3679,9.3679,1.5613,1000.0,3.8,1.0,normal,211.4926
34,795,47700,10,0,28.1565,28.1565,2.8157,1000.0,3.93,1.0,normal,239.6491
34,795,47715,10,1,28.1899,28.1899,2.819,1000.0,3.93,1.0,normal,267.839
34,795,47730,12,0,45.3812,45.3812,3.7818,1000.0,3.93,1.0,normal,313.2202
34,795,47745,9,0,13.8164,13.8164,1.5352,1000.0,3.93,1.0,normal,327.0366
34,796,47760,8,0,31.44,31.44,3.93,1000.0,3.93,1.0,normal,358.4766
34,796,47775,14,0,4.717,4.717,0.3369,1000.0,3.93,1.0,normal,363.1936
34,796,47790,5,0,19.65,19.65,3.93,1000.0,3.93,1.0,normal,382.8436
34,796,47805,5,0,10.1742,10.1742,2.0348,1000.0,3.93,1.0,normal,393.0178
34,797,47820,15,0,2.722,2.722,0.1815,1000.0,4.07,1.0,normal,395.7398
34,797,47835,6,0,11.334,11.334,1.889,1000.0,4.07,1.0,normal,407.0738
34,797,47850,8,0,32.56,32.56,4.07,1000.0,4.07,1.0,normal,439.6338
34,797,47865,12,0,48.84,48.84,4.07,1000.0,4.07,1.0,normal,488.4738
34,798,47880,11,0,38.8947,38.8947,3.5359,1000.0,3.67,1.0,normal,527.3685
34,798,47895,4,0,4.1593,4.1593,1.0398,1000.0,3.67,1.0,normal,531.5278
34,798,47910,8,0,13.8596,13.8596,1.7325,1000.0,3.67,1.0,normal,545.3874
34,798,47925,8,0,11.3772,11.3772,1.4222,1000.0,3.67,1.0,normal,556.7646
34,799,47940,10,0,2.3214,2.3214,0.2321,1000.0,3.73,1.0,normal,559.086
34,799,47955,10,2,15.2723,7.6362,1.5272,1000.0,3.73,1.0,normal,574.3583
34,799,47970,8,0,22.0175,22.0175,2.7522,1000.0,3.73,1.0,normal,596.3758
34,799,47985,10,0,14.948,14.948,1.4948,1000.0,3.73,1.0,normal,611.3238
34,800,48000,13,0,18.1609,18.1609,1.397,1000.0,3.73,1.0,normal,629.4847
34,800,48015,11,0,8.9868,8.9868,0.817,1000.0,3.73,1.0,normal,638.4715
34,800,48030,5,0,18.65,18.65,3.73,1000.0,3.73,1.0,normal,657.1215
34,800,48045,10,0,3.6601,3.6601,0.366,1000.0,3.73,1.0,normal,660.7816
34,801,48060,5,0,12.0603,12.0603,2.4121,1000.0,3.8,1.0,normal,672.8419
34,801,48075,11,0,32.9067,32.9067,2.9915,1000.0,3.8,1.0,normal,705.7486
34,801,48090,6,1,12.2266,12.2266,2.0378,1000.0,3.8,1.0,normal,717.9752
34,801,48105,11,0,29.5423,29.5423,2.6857,1000.0,3.8,1.0,normal,747.5175
34,802,48120,10,0,8.0626,8.0626,0.8063,1000.0,3.48,1.0,normal,755.5801
34,802,48135,4,0,11.4857,11.4857,2.8714,1000.0,3.48,1.0,normal,767.0658
34,802,48150,10,0,21.1836,21.1836,2.1184,1000.0,3.48,1.0,normal,788.2494
34,802,48165,5,0,17.4,17.4,3.48,1000.0,3.48,1.0,normal,805.6494
34,803,48180,9,0,17.4931,17.4931,1.9437,1000.0,3.36,1.0,normal,823.1425
34,803,48195,10,2,13.6496,6.8248,1.365,1000.0,3.36,1.0,normal,836.7921
34,803,48210,12,0,40.32,40.32,3.36,1000.0,3.36,1.0,normal,877.1121
34,803,48225,8,0,26.88,26.88,3.36,1000.0,3.36,1.0,budget_constrained,903.9921
34,804,48240,0,0,0.0,0.0,0.01,1000.0,0.01,1.0,budget_constrained,903.9921
34,804,48255,0,0,0.0,0.0,0.01,1000.0,0.01,1.0,budget_constrained,903.9921
34,804,48270,0,0,0.0,0.0,0.01,1000.0,0.01,1.0,budget_constrained,903.9921
34,804,48285,0,0,0.0,0.0,0.01,1000.0,0.01,1.0,budget_constrained,903.9921
34,805,48300,0,0,0.0,0.0,0.01,1000.0,0.01,1.0,budget_constrained,903.9921
34,805,48315,0,0,0.0,0.0,0.01,1000.0,0.01,1.0,budget_constrained,903.9921
34,805,48330,0,0,0.0,0.0,0.01,1000.0,0.01,1.0,budget_constrained,903.9921
34,805,48345,0,0,0.0,0.0,0.01,1000.0,0.01,1.0,budget_constrained,903.9921
34,806,48360,0,0,0.0,0.0,0.01,1000.0,0.01,1.0,budget_constrained,903.9921
34,806,48375,0,0,0.0,0.0,0.01,1000.0,0.01,1.0,budget_constrained,903.9921
34,806,48390,0,0,0.0,0.0,0.01,1000.0,0.01,1.0,budget_constrained,903.9921
34,806,48405,0,0,0.0,0.0,0.01,1000.0,0.01,1.0,budget_constrained,903.9921
34,807,48420,0,0,0.0,0.0,0.01,1000.0,0.01,1.0,budget_constrained,903.9921
34,807,48435,0,0,0.0,0.0,0.01,1000.0,0.01,1.0,budget_constrained,903.9921
34,807,48450,0,0,0.0,0.0,0.01,1000.0,0.01,1.0,budget_constrained,903.9921
34,807,48465,0,0,0.0,0.0,0.01,1000.0,0.01,1.0,budget_constrained,903.9921
34,808,48480,6,0,2.4345,2.4345,0.4058,1000.0,4.2,1.0,budget_constrained,906.4266
34,808,48495,11,0,46.2,46.2,4.2,1000.0,4.2,1.0,budget_constrained,952.6266
34,808,48510,8,0,16.7394,16.7394,2.0924,1000.0,4.2,1.0,budget_constrained,969.366
34,808,48525,7,0,30.634,30.634,4.2,1000.0,4.2,1.0,budget_constrained,1000.0
34,809,48540,0,0,0.0,0.0,0.885,1000.0,4.2,1.0,budget_constrained,1000.0
34,809,48555,0,0,0.0,0.0,4.1498,1000.0,4.2,1.0,budget_constrained,1000.0
34,809,48570,0,0,0.0,0.0,2.178,1000.0,4.2,1.0,budget_constrained,1000.0
34,809,48585,0,0,0.0,0.0,4.2,1000.0,4.2,1.0,budget_constrained,1000.0
34,810,48600,0,0,0.0,0.0,3.5341,1000.0,4.2,1.0,budget_constrained,1000.0
34,810,48615,0,0,0.0,0.0,0.4631,1000.0,4.2,1.0,budget_constrained,1000.0
34,810,48630,0,0,0.0,0.0,0.3448,1000.0,4.2,1.0,budget_constrained,1000.0
34,810,48645,0,0,0.0,0.0,1.2754,1000.0,4.2,1.0,budget_constrained,1000.0
34,811,48660,0,0,0.0,0.0,1.0777,1000.0,4.2,1.0,budget_constrained,1000.0
34,811,48675,0,0,0.0,0.0,4.2,1000.0,4.2,1.0,budget_constrained,1000.0
34,811,48690,0,0,0.0,0.0,3.3291,1000.0,4.2,1.0,budget_constrained,1000.0
34,811,48705,0,0,0.0,0.0,2.0554,1000.0,4.2,1.0,budget_constrained,1000.0
34,812,48720,0,0,0.0,0.0,1.2175,1000.0,5.46,1.0,budget_constrained,1000.0
34,812,48735,0,0,0.0,0.0,5.46,1000.0,5.46,1.0,budget_constrained,1000.0
34,812,48750,0,0,0.0,0.0,1.0554,1000.0,5.46,1.0,budget_constrained,1000.0
34,812,48765,0,0,0.0,0.0,2.1051,1000.0,5.46,1.0,budget_constrained,1000.0
34,813,48780,0,0,0.0,0.0,2.7609,1000.0,5.46,1.0,budget_constrained,1000.0
34,813,48795,0,0,0.0,0.0,0.9122,1000.0,5.46,1.0,budget_constrained,1000.0
34,813,48810,0,0,0.0,0.0,2.0894,1000.0,5.46,1.0,budget_constrained,1000.0
34,813,48825,0,0,0.0,0.0,3.2194,1000.0,5.46,1.0,budget_constrained,1000.0
34,814,48840,0,0,0.0,0.0,3.2394,1000.0,5.46,1.0,budget_constrained,1000.0
34,814,48855,0,0,0.0,0.0,5.4156,1000.0,5.46,1.0,budget_constrained,1000.0
34,814,48870,0,0,0.0,0.0,4.0279,1000.0,5.46,1.0,budget_constrained,1000.0
34,814,48885,0,0,0.0,0.0,0.1515,1000.0,5.46,1.0,budget_constrained,1000.0
34,815,48900,0,0,0.0,0.0,3.6672,1000.0,5.46,1.0,budget_constrained,1000.0
34,815,48915,0,0,0.0,0.0,4.2932,1000.0,5.46,1.0,budget_constrained,1000.0
34,815,48930,0,0,0.0,0.0,1.5653,1000.0,5.46,1.0,budget_constrained,1000.0
34,815,48945,0,0,0.0,0.0,3.8974,1000.0,5.46,1.0,budget_constrained,1000.0
35,816,48960,0,0,0.0,0.0,0.4314,1000.0,6.01,1.0,normal,0.0
35,816,48975,13,0,53.6213,53.6213,4.1247,1000.0,6.01,1.0,normal,53.6213
35,816,48990,14,1,2.2124,2.2124,0.158,1000.0,6.01,1.0,normal,55.8337
35,816,49005,16,1,76.1611,76.1611,4.7601,1000.0,6.01,1.0,normal,131.9948
35,817,49020,17,0,99.62,99.62,5.86,1000.0,5.86,1.0,normal,231.6148
35,817,49035,14,2,8.6617,4.3308,0.6187,1000.0,5.86,1.0,normal,240.2765
35,817,49050,8,0,18.3446,18.3446,2.2931,1000.0,5.86,1.0,normal,258.6211
35,817,49065,14,0,17.6753,17.6753,1.2625,1000.0,5.86,1.0,normal,276.2964
35,818,49080,8,0,45.68,45.68,5.71,1000.0,5.71,1.0,normal,321.9764
35,818,49095,15,1,59.2001,59.2001,3.9467,1000.0,5.71,1.0,normal,381.1765
35,818,49110,13,0,68.8977,68.8977,5.2998,1000.0,5.71,1.0,normal,450.0742
35,818,49125,14,0,14.7486,14.7486,1.0535,1000.0,5.71,1.0,normal,464.8228
35,819,49140,16,0,23.7673,23.7673,1.4855,1000.0,5.57,1.0,normal,488.5901
35,819,49155,19,0,105.83,105.83,5.57,1000.0,5.57,1.0,normal,594.4201
35,819,49170,19,1,45.662,45.662,2.4033,1000.0,5.57,1.0,normal,640.0821
35,819,49185,18,1,82.9014,82.9014,4.6056,1000.0,5.57,1.0,normal,722.9835
35,820,49200,16,1,80.289,80.289,5.0181,1000.0,6.13,1.0,normal,803.2725
35,820,49215,10,0,51.6098,51.6098,5.161,1000.0,6.13,1.0,normal,854.8823
35,820,49230,9,0,48.8477,48.8477,5.4275,1000.0,6.13,1.0,budget_constrained,903.73
35,820,49245,16,0,24.2373,24.2373,1.5148,1000.0,6.13,1.0,budget_constrained,927.9673
35,821,49260,15,0,63.7427,63.7427,4.2495,1000.0,6.13,1.0,budget_constrained,991.71
35,821,49275,2,0,8.29,8.29,3.0776,1000.0,6.13,1.0,budget_depleted,1000.0
35,821,49290,0,0,0.0,0.0,0.0,1000.0,6.13,1.0,budget_depleted,1000.0
35,821,49305,0,0,0.0,0.0,0.0,1000.0,6.13,1.0,budget_depleted,1000.0
35,822,49320,0,0,0.0,0.0,0.0,1000.0,6.13,1.0,budget_depleted,1000.0
35,822,49335,0,0,0.0,0.0,0.0,1000.0,6.13,1.0,budget_depleted,1000.0
35,822,49350,0,0,0.0,0.0,0.0,1000.0,6.13,1.0,budget_depleted,1000.0
35,822,49365,0,0,0.0,0.0,0.0,1000.0,6.13,1.0,budget_depleted,1000.0
35,823,49380,0,0,0.0,0.0,0.0,1000.0,6.13,1.0,budget_depleted,1000.0
35,823,49395,0,0,0.0,0.0,0.0,1000.0,6.13,1.0,budget_depleted,1000.0
35,823,49410,0,0,0.0,0.0,0.0,1000.0,6.13,1.0,budget_depleted,1000.0
35,823,49425,0,0,0.0,0.0,0.0,1000.0,6.13,1.0,budget_depleted,1000.0
35,824,49440,0,0,0.0,0.0,0.0,1000.0,6.13,1.0,budget_depleted,1000.0
35,824,49455,0,0,0.0,0.0,0.0,1000.0,6.13,1.0,budget_depleted,1000.0
35,824,49470,0,0,0.0,0.0,0.0,1000.0,6.13,1.0,budget_depleted,1000.0
35,824,49485,0,0,0.0,0.0,0.0,1000.0,6.13,1.0,budget_depleted,1000.0
35,825,49500,0,0,0.0,0.0,0.0,1000.0,5.03,1.0,budget_depleted,1000.0
35,825,49515,0,0,0.0,0.0,0.0,1000.0,5.03,1.0,budget_depleted,1000.0
35,825,49530,0,0,0.0,0.0,0.0,1000.0,5.03,1.0,budget_depleted,1000.0
35,825,49545,0,0,0.0,0.0,0.0,1000.0,5.03,1.0,budget_depleted,1000.0
35,826,49560,0,0,0.0,0.0,0.0,1000.0,4.12,1.0,budget_depleted,1000.0
35,826,49575,0,0,0.0,0.0,0.0,1000.0,4.12,1.0,budget_depleted,1000.0
35,826,49590,0,0,0.0,0.0,0.0,1000.0,4.12,1.0,budget_depleted,1000.0
35,826,49605,0,0,0.0,0.0,0.0,1000.0,4.12,1.0,budget_depleted,1000.0
35,827,49620,0,0,0.0,0.0,0.0,1000.0,1.84,1.0,budget_depleted,1000.0
35,827,49635,0,0,0.0,0.0,0.0,1000.0,1.84,1.0,budget_depleted,1000.0
35,827,49650,0,0,0.0,0.0,0.0,1000.0,1.84,1.0,budget_depleted,1000.0
35,827,49665,0,0,0.0,0.0,0.0,1000.0,1.84,1.0,budget_depleted,1000.0
35,828,49680,0,0,0.0,0.0,0.0,1000.0,1.84,1.0,budget_depleted,1000.0
35,828,49695,0,0,0.0,0.0,0.0,1000.0,1.84,1.0,budget_depleted,1000.0
35,828,49710,0,0,0.0,0.0,0.0,1000.0,1.84,1.0,budget_depleted,1000.0
35,828,49725,0,0,0.0,0.0,0.0,1000.0,1.84,1.0,budget_depleted,1000.0
35,829,49740,0,0,0.0,0.0,0.0,1000.0,1.72,1.0,budget_depleted,1000.0
35,829,49755,0,0,0.0,0.0,0.0,1000.0,1.72,1.0,budget_depleted,1000.0
35,829,49770,0,0,0.0,0.0,0.0,1000.0,1.72,1.0,budget_depleted,1000.0
35,829,49785,0,0,0.0,0.0,0.0,1000.0,1.72,1.0,budget_depleted,1000.0
35,830,49800,0,0,0.0,0.0,0.0,1000.0,1.59,1.0,budget_depleted,1000.0
35,830,49815,0,0,0.0,0.0,0.0,1000.0,1.59,1.0,budget_depleted,1000.0
35,830,49830,0,0,0.0,0.0,0.0,1000.0,1.59,1.0,budget_depleted,1000.0
35,830,49845,0,0,0.0,0.0,0.0,1000.0,1.59,1.0,budget_depleted,1000.0
35,831,49860,0,0,0.0,0.0,0.0,1000.0,1.47,1.0,budget_depleted,1000.0
35,831,49875,0,0,0.0,0.0,0.0,1000.0,1.47,1.0,budget_depleted,1000.0
35,831,49890,0,0,0.0,0.0,0.0,1000.0,1.47,1.0,budget_depleted,1000.0
35,831,49905,0,0,0.0,0.0,0.0,1000.0,1.47,1.0,budget_depleted,1000.0
35,832,49920,0,0,0.0,0.0,0.0,1000.0,1.47,1.0,budget_depleted,1000.0
35,832,49935,0,0,0.0,0.0,0.0,1000.0,1.47,1.0,budget_depleted,1000.0
35,832,49950,0,0,0.0,0.0,0.0,1000.0,1.47,1.0,budget_depleted,1000.0
35,832,49965,0,0,0.0,0.0,0.0,1000.0,1.47,1.0,budget_depleted,1000.0
35,833,49980,0,0,0.0,0.0,0.0,1000.0,1.25,1.0,budget_depleted,1000.0
35,833,49995,0,0,0.0,0.0,0.0,1000.0,1.25,1.0,budget_depleted,1000.0
35,833,50010,0,0,0.0,0.0,0.0,1000.0,1.25,1.0,budget_depleted,1000.0
35,833,50025,0,0,0.0,0.0,0.0,1000.0,1.25,1.0,budget_depleted,1000.0
35,834,50040,0,0,0.0,0.0,0.0,1000.0,1.02,1.0,budget_depleted,1000.0
35,834,50055,0,0,0.0,0.0,0.0,1000.0,1.02,1.0,budget_depleted,1000.0
35,834,50070,0,0,0.0,0.0,0.0,1000.0,1.02,1.0,budget_depleted,1000.0
35,834,50085,0,0,0.0,0.0,0.0,1000.0,1.02,1.0,budget_depleted,1000.0
35,835,50100,0,0,0.0,0.0,0.0,1000.0,0.8,1.0,budget_depleted,1000.0
35,835,50115,0,0,0.0,0.0,0.0,1000.0,0.8,1.0,budget_depleted,1000.0
35,835,50130,0,0,0.0,0.0,0.0,1000.0,0.8,1.0,budget_depleted,1000.0
35,835,50145,0,0,0.0,0.0,0.0,1000.0,0.8,1.0,budget_depleted,1000.0
35,836,50160,0,0,0.0,0.0,0.0,1000.0,0.8,1.0,budget_depleted,1000.0
35,836,50175,0,0,0.0,0.0,0.0,1000.0,0.8,1.0,budget_depleted,1000.0
35,836,50190,0,0,0.0,0.0,0.0,1000.0,0.8,1.0,budget_depleted,1000.0
35,836,50205,0,0,0.0,0.0,0.0,1000.0,0.8,1.0,budget_depleted,1000.0
35,837,50220,0,0,0.0,0.0,0.0,1000.0,0.75,1.0,budget_depleted,1000.0
35,837,50235,0,0,0.0,0.0,0.0,1000.0,0.75,1.0,budget_depleted,1000.0
35,837,50250,0,0,0.0,0.0,0.0,1000.0,0.75,1.0,budget_depleted,1000.0
35,837,50265,0,0,0.0,0.0,0.0,1000.0,0.75,1.0,budget_depleted,1000.0
35,838,50280,0,0,0.0,0.0,0.0,1000.0,0.69,1.0,budget_depleted,1000.0
35,838,50295,0,0,0.0,0.0,0.0,1000.0,0.69,1.0,budget_depleted,1000.0
35,838,50310,0,0,0.0,0.0,0.0,1000.0,0.69,1.0,budget_depleted,1000.0
35,838,50325,0,0,0.0,0.0,0.0,1000.0,0.69,1.0,budget_depleted,1000.0
35,839,50340,0,0,0.0,0.0,0.0,1000.0,0.64,1.0,budget_depleted,1000.0
35,839,50355,0,0,0.0,0.0,0.0,1000.0,0.64,1.0,budget_depleted,1000.0
35,839,50370,0,0,0.0,0.0,0.0,1000.0,0.64,1.0,budget_depleted,1000.0
35,839,50385,0,0,0.0,0.0,0.0,1000.0,0.64,1.0,budget_depleted,1000.0
36,840,50400,0,0,0.0,0.0,0.0,1000.0,0.64,1.0,normal,0.0
36,840,50415,2,0,0.0012,0.0012,0.0006,1000.0,0.64,1.0,normal,0.0012
36,840,50430,1,0,0.2259,0.2259,0.2259,1000.0,0.64,1.0,normal,0.2271
36,840,50445,6,1,3.331,3.331,0.5552,1000.0,0.64,1.0,normal,3.5581
36,841,50460,3,0,1.98,1.98,0.66,1000.0,0.66,1.0,normal,5.5381
36,841,50475,1,0,0.66,0.66,0.66,1000.0,0.66,1.0,normal,6.1981
36,841,50490,5,0,3.3,3.3,0.66,1000.0,0.66,1.0,normal,9.4981
36,841,50505,0,0,0.0,0.0,0.3985,1000.0,0.66,1.0,normal,9.4981
36,842,50520,0,0,0.0,0.0,0.68,1000.0,0.68,1.0,normal,9.4981
36,842,50535,1,0,0.68,0.68,0.68,1000.0,0.68,1.0,normal,10.1781
36,842,50550,3,0,0.692,0.692,0.2307,1000.0,0.68,1.0,normal,10.8701
36,842,50565,2,0,1.36,1.36,0.68,1000.0,0.68,1.0,normal,12.2301
36,843,50580,1,0,0.7,0.7,0.7,1000.0,0.7,1.0,normal,12.9301
36,843,50595,2,0,1.0729,1.0729,0.5364,1000.0,0.7,1.0,normal,14.003
36,843,50610,0,0,0.0,0.0,0.7,1000.0,0.7,1.0,normal,14.003
36,843,50625,5,0,3.5,3.5,0.7,1000.0,0.7,1.0,normal,17.503
36,844,50640,2,0,0.0181,0.0181,0.009,1000.0,0.7,1.0,normal,17.5211
36,844,50655,1,0,0.7,0.7,0.7,1000.0,0.7,1.0,normal,18.2211
36,844,50670,0,0,0.0,0.0,0.7,1000.0,0.7,1.0,normal,18.2211
36,844,50685,0,0,0.0,0.0,0.7,1000.0,0.7,1.0,normal,18.2211
36,845,50700,0,0,0.0,0.0,0.72,1000.0,0.72,1.0,normal,18.2211
36,845,50715,1,0,0.1016,0.1016,0.1016,1000.0,0.72,1.0,normal,18.3227
36,845,50730,2,0,1.44,1.44,0.72,1000.0,0.72,1.0,normal,19.7627
36,845,50745,4,1,2.88,2.88,0.72,1000.0,0.72,1.0,normal,22.6427
36,846,50760,4,2,3.0,1.5,0.75,1000.0,0.75,1.0,normal,25.6427
36,846,50775,1,0,0.2597,0.2597,0.2597,1000.0,0.75,1.0,normal,25.9024
36,846,50790,2,0,1.5,1.5,0.75,1000.0,0.75,1.0,normal,27.4024
36,846,50805,3,0,2.25,2.25,0.75,1000.0,0.75,1.0,normal,29.6524
36,847,50820,2,0,1.56,1.56,0.78,1000.0,0.78,1.0,normal,31.2124
36,847,50835,4,1,0.6868,0.6868,0.1717,1000.0,0.78,1.0,normal,31.8992
36,847,50850,1,0,0.3182,0.3182,0.3182,1000.0,0.78,1.0,normal,32.2174
36,847,50865,1,0,0.3697,0.3697,0.3697,1000.0,0.78,1.0,normal,32.5871
36,848,50880,0,0,0.0,0.0,1.01,1000.0,1.01,1.0,normal,32.5871
36,848,50895,3,0,3.03,3.03,1.01,1000.0,1.01,1.0,normal,35.6171
36,848,50910,1,0,1.01,1.01,1.01,1000.0,1.01,1.0,normal,36.6271
36,848,50925,3,0,3.03,3.03,1.01,1000.0,1.01,1.0,normal,39.6571
36,849,50940,2,0,2.1,2.1,1.05,1000.0,1.05,1.0,normal,41.7571
36,849,50955,2,0,2.1,2.1,1.05,1000.0,1.05,1.0,normal,43.8571
36,849,50970,6,0,1.6125,1.6125,0.2688,1000.0,1.05,1.0,normal,45.4696
36,849,50985,5,0,0.2822,0.2822,0.0564,1000.0,1.05,1.0,normal,45.7518
36,850,51000,0,0,0.0,0.0,0.7134,1000.0,1.09,1.0,normal,45.7518
36,850,51015,4,0,4.36,4.36,1.09,1000.0,1.09,1.0,normal,50.1118
36,850,51030,3,0,3.27,3.27,1.09,1000.0,1.09,1.0,normal,53.3818
36,850,51045,5,0,0.2178,0.2178,0.0436,1000.0,1.09,1.0,normal,53.5996
36,851,51060,2,0,2.26,2.26,1.13,1000.0,1.13,1.0,normal,55.8596
36,851,51075,2,0,2.26,2.26,1.13,1000.0,1.13,1.0,normal,58.1196
36,851,51090,3,0,2.9475,2.9475,0.9825,1000.0,1.13,1.0,normal,61.0671
36,851,51105,4,0,4.52,4.52,1.13,1000.0,1.13,1.0,normal,65.5871
36,852,51120,0,0,0.0,0.0,1.13,1000.0,1.13,1.0,normal,65.5871
36,852,51135,3,0,3.39,3.39,1.13,1000.0,1.13,1.0,normal,68.9771
36,852,51150,4,0,2.4105,2.4105,0.6026,1000.0,1.13,1.0,normal,71.3876
36,852,51165,2,0,2.26,2.26,1.13,1000.0,1.13,1.0,normal,73.6476
36,853,51180,3,0,3.51,3.51,1.17,1000.0,1.17,1.0,normal,77.1576
36,853,51195,2,0,1.9091,1.9091,0.9545,1000.0,1.17,1.0,normal,79.0667
36,853,51210,3,0,3.51,3.51,1.17,1000.0,1.17,1.0,normal,82.5767
36,853,51225,3,0,2.3867,2.3867,0.7956,1000.0,1.17,1.0,normal,84.9634
36,854,51240,0,0,0.0,0.0,1.21,1000.0,1.21,1.0,normal,84.9634
36,854,51255,3,0,3.63,3.63,1.21,1000.0,1.21,1.0,normal,88.5934
36,854,51270,1,0,1.21,1.21,1.21,1000.0,1.21,1.0,normal,89.8034
36,854,51285,6,0,4.2895,4.2895,0.7149,1000.0,1.21,1.0,normal,94.0929
36,855,51300,3,0,3.6351,3.6351,1.2117,1000.0,1.25,1.0,normal,97.728
36,855,51315,6,0,7.5,7.5,1.25,1000.0,1.25,1.0,normal,105.228
36,855,51330,1,0,1.25,1.25,1.25,1000.0,1.25,1.0,normal,106.478
36,855,51345,2,0,2.5,2.5,1.25,1000.0,1.25,1.0,normal,108.978
36,856,51360,2,0,2.5,2.5,1.25,1000.0,1.25,1.0,normal,111.478
36,856,51375,7,0,8.75,8.75,1.25,1000.0,1.25,1.0,normal,120.228
36,856,51390,2,0,2.5,2.5,1.25,1000.0,1.25,1.0,normal,122.728
36,856,51405,8,0,10.0,10.0,1.25,1000.0,1.25,1.0,normal,132.728
36,857,51420,3,0,3.87,3.87,1.29,1000.0,1.29,1.0,normal,136.598
36,857,51435,2,1,2.58,2.58,1.29,1000.0,1.29,1.0,normal,139.178
36,857,51450,3,0,3.87,3.87,1.29,1000.0,1.29,1.0,normal,143.048
36,857,51465,4,0,5.16,5.16,1.29,1000.0,1.29,1.0,normal,148.208
36,858,51480,1,0,0.061,0.061,0.061,1000.0,1.34,1.0,normal,148.269
36,858,51495,1,0,1.34,1.34,1.34,1000.0,1.34,1.0,normal,149.609
36,858,51510,1,0,1.34,1.34,1.34,1000.0,1.34,1.0,normal,150.949
36,858,51525,3,0,4.02,4.02,1.34,1000.0,1.34,1.0,normal,154.969
36,859,51540,2,0,2.78,2.78,1.39,1000.0,1.39,1.0,normal,157.749
36,859,51555,4,0,4.3618,4.3618,1.0904,1000.0,1.39,1.0,normal,162.1108
36,859,51570,3,0,1.2317,1.2317,0.4106,1000.0,1.39,1.0,normal,163.3425
36,859,51585,5,0,6.95,6.95,1.39,1000.0,1.39,1.0,normal,170.2925
36,860,51600,5,0,6.95,6.95,1.39,1000.0,1.39,1.0,normal,177.2425
36,860,51615,2,0,2.78,2.78,1.39,1000.0,1.39,1.0,normal,180.0225
36,860,51630,5,0,6.95,6.95,1.39,1000.0,1.39,1.0,normal,186.9725
36,860,51645,2,0,2.78,2.78,1.39,1000.0,1.39,1.0,normal,189.7525
36,861,51660,3,0,4.32,4.32,1.44,1000.0,1.44,1.0,normal,194.0725
36,861,51675,4,0,5.76,5.76,1.44,1000.0,1.44,1.0,normal,199.8325
36,861,51690,4,0,5.76,5.76,1.44,1000.0,1.44,1.0,normal,205.5925
36,861,51705,3,0,0.7628,0.7628,0.2543,1000.0,1.44,1.0,normal,206.3553
36,862,51720,2,0,0.2197,0.2197,0.1099,1000.0,1.49,1.0,normal,206.575
36,862,51735,6,1,7.8404,7.8404,1.3067,1000.0,1.49,1.0,normal,214.4154
36,862,51750,3,0,4.47,4.47,1.49,1000.0,1.49,1.0,normal,218.8854
36,862,51765,4,0,1.9406,1.9406,0.4852,1000.0,1.49,1.0,normal,220.826
36,863,51780,2,0,1.3962,1.3962,0.6981,1000.0,1.54,1.0,normal,222.2222
36,863,51795,2,0,0.4801,0.4801,0.2401,1000.0,1.54,1.0,normal,222.7023
36,863,51810,2,1,2.5094,2.5094,1.2547,1000.0,1.54,1.0,normal,225.2117
36,863,51825,3,0,4.62,4.62,1.54,1000.0,1.54,1.0,normal,229.8317
37,864,51840,3,1,4.62,4.62,1.54,1000.0,1.54,1.0,normal,4.62
37,864,51855,7,0,9.0551,9.0551,1.2936,1000.0,1.54,1.0,normal,13.6751
37,864,51870,1,0,0.5321,0.5321,0.5321,1000.0,1.54,1.0,normal,14.2072
37,864,51885,5,0,7.7,7.7,1.54,1000.0,1.54,1.0,normal,21.9072
37,865,51900,8,1,10.9518,10.9518,1.369,1000.0,1.59,1.0,normal,32.859
37,865,51915,4,0,6.36,6.36,1.59,1000.0,1.59,1.0,normal,39.219
37,865,51930,3,0,3.2175,3.2175,1.0725,1000.0,1.59,1.0,normal,42.4365
37,865,51945,4,0,1.0718,1.0718,0.268,1000.0,1.59,1.0,normal,43.5083
37,866,51960,8,0,13.2,13.2,1.65,1000.0,1.65,1.0,normal,56.7083
37,866,51975,6,0,9.9,9.9,1.65,1000.0,1.65,1.0,normal,66.6083
37,866,51990,6,0,0.0406,0.0406,0.0068,1000.0,1.65,1.0,normal,66.6489
37,866,52005,4,0,6.6,6.6,1.65,1000.0,1.65,1.0,normal,73.2489
37,867,52020,3,0,0.1008,0.1008,0.0336,1000.0,1.71,1.0,normal,73.3497
37,867,52035,3,0,2.2585,2.2585,0.7528,1000.0,1.71,1.0,normal,75.6082
37,867,52050,5,0,8.55,8.55,1.71,1000.0,1.71,1.0,normal,84.1582
37,867,52065,4,0,1.885,1.885,0.4712,1000.0,1.71,1.0,normal,86.0432
37,868,52080,5,0,1.041,1.041,0.2082,1000.0,1.71,1.0,normal,87.0842
37,868,52095,3,0,5.13,5.13,1.71,1000.0,1.71,1.0,normal,92.2142
37,868,52110,2,1,1.206,1.206,0.603,1000.0,1.71,1.0,normal,93.4202
37,868,52125,2,0,1.368,1.368,0.684,1000.0,1.71,1.0,normal,94.7882
37,869,52140,4,0,3.5374,3.5374,0.8843,1000.0,1.77,1.0,normal,98.3256
37,869,52155,2,0,3.54,3.54,1.77,1000.0,1.77,1.0,normal,101.8656
37,869,52170,6,0,10.62,10.62,1.77,1000.0,1.77,1.0,normal,112.4856
37,869,52185,7,1,7.0736,7.0736,1.0105,1000.0,1.77,1.0,normal,119.5592
37,870,52200,3,1,5.1161,5.1161,1.7054,1000.0,1.83,1.0,normal,124.6753
37,870,52215,4,0,1.3441,1.3441,0.336,1000.0,1.83,1.0,normal,126.0194
37,870,52230,0,0,0.0,0.0,0.0759,1000.0,1.83,1.0,normal,126.0194
37,870,52245,3,0,1.4781,1.4781,0.4927,1000.0,1.83,1.0,normal,127.4975
37,871,52260,6,1,0.6505,0.6505,0.1084,1000.0,1.89,1.0,normal,128.148
37,871,52275,6,0,2.363,2.363,0.3938,1000.0,1.89,1.0,normal,130.511
37,871,52290,4,0,0.7375,0.7375,0.1844,1000.0,1.89,1.0,normal,131.2485
37,871,52305,4,0,6.3829,6.3829,1.5957,1000.0,1.89,1.0,normal,137.6314
37,872,52320,6,0,11.34,11.34,1.89,1000.0,1.89,1.0,normal,148.9714
37,872,52335,6,0,6.4698,6.4698,1.0783,1000.0,1.89,1.0,normal,155.4412
37,872,52350,11,0,20.79,20.79,1.89,1000.0,1.89,1.0,normal,176.2312
37,872,52365,3,0,5.67,5.67,1.89,1000.0,1.89,1.0,normal,181.9012
37,873,52380,2,0,0.5847,0.5847,0.2923,1000.0,1.96,1.0,normal,182.4859
37,873,52395,2,0,3.92,3.92,1.96,1000.0,1.96,1.0,normal,186.4059
37,873,52410,8,0,7.3033,7.3033,0.9129,1000.0,1.96,1.0,normal,193.7092
37,873,52425,3,0,5.88,5.88,1.96,1000.0,1.96,1.0,normal,199.5892
37,874,52440,7,0,14.21,14.21,2.03,1000.0,2.03,1.0,normal,213.7992
37,874,52455,9,0,9.5515,9.5515,1.0613,1000.0,2.03,1.0,normal,223.3507
37,874,52470,3,0,1.7605,1.7605,0.5868,1000.0,2.03,1.0,normal,225.1112
37,874,52485,5,1,9.2785,9.2785,1.8557,1000.0,2.03,1.0,normal,234.3897
37,875,52500,2,0,4.2,4.2,2.1,1000.0,2.1,1.0,normal,238.5897
37,875,52515,10,0,7.8697,7.8697,0.787,1000.0,2.1,1.0,normal,246.4594
37,875,52530,7,0,12.3364,12.3364,1.7623,1000.0,2.1,1.0,normal,258.7958
37,875,52545,4,0,8.4,8.4,2.1,1000.0,2.1,1.0,normal,267.1958
37,876,52560,3,0,6.3,6.3,2.1,1000.0,2.1,1.0,normal,273.4958
37,876,52575,5,0,10.3773,10.3773,2.0755,1000.0,2.1,1.0,normal,283.8731
37,876,52590,6,0,12.6,12.6,2.1,1000.0,2.1,1.0,normal,296.4731
37,876,52605,2,0,4.2,4.2,2.1,1000.0,2.1,1.0,normal,300.6731
37,877,52620,10,1,21.7,21.7,2.17,1000.0,2.17,1.0,normal,322.3731
37,877,52635,3,0,6.51,6.51,2.17,1000.0,2.17,1.0,normal,328.8831
37,877,52650,8,0,0.0047,0.0047,0.0006,1000.0,2.17,1.0,normal,328.8878
37,877,52665,4,0,1.6608,1.6608,0.4152,1000.0,2.17,1.0,normal,330.5486
37,878,52680,9,1,8.1605,8.1605,0.9067,1000.0,2.25,1.0,normal,338.7091
37,878,52695,4,0,9.0,9.0,2.25,1000.0,2.25,1.0,normal,347.7091
37,878,52710,5,0,11.25,11.25,2.25,1000.0,2.25,1.0,normal,358.9591
37,878,52725,5,0,7.7794,7.7794,1.5559,1000.0,2.25,1.0,normal,366.7385
37,879,52740,7,0,2.8677,2.8677,0.4097,1000.0,2.33,1.0,normal,369.6062
37,879,52755,7,0,1.3115,1.3115,0.1874,1000.0,2.33,1.0,normal,370.9177
37,879,52770,10,0,8.8938,8.8938,0.8894,1000.0,2.33,1.0,normal,379.8115
37,879,52785,9,0,20.97,20.97,2.33,1000.0,2.33,1.0,normal,400.7815
37,880,52800,2,0,4.66,4.66,2.33,1000.0,2.33,1.0,normal,405.4415
37,880,52815,5,0,11.65,11.65,2.33,1000.0,2.33,1.0,normal,417.0915
37,880,52830,6,0,2.0527,2.0527,0.3421,1000.0,2.33,1.0,normal,419.1442
37,880,52845,5,0,10.581,10.581,2.1162,1000.0,2.33,1.0,normal,429.7252
37,881,52860,8,1,19.28,19.28,2.41,1000.0,2.41,1.0,normal,449.0052
37,881,52875,3,0,7.23,7.23,2.41,1000.0,2.41,1.0,normal,456.2352
37,881,52890,2,0,2.4248,2.4248,1.2124,1000.0,2.41,1.0,normal,458.66
37,881,52905,5,0,10.758,10.758,2.1516,1000.0,2.41,1.0,normal,469.418
37,882,52920,8,0,1.5249,1.5249,0.1906,1000.0,2.49,1.0,normal,470.9429
37,882,52935,9,0,12.2767,12.2767,1.3641,1000.0,2.49,1.0,normal,483.2196
37,882,52950,5,1,8.8069,8.8069,1.7614,1000.0,2.49,1.0,normal,492.0265
37,882,52965,7,0,10.4336,10.4336,1.4905,1000.0,2.49,1.0,normal,502.4601
37,883,52980,11,0,28.38,28.38,2.58,1000.0,2.58,1.0,normal,530.8401
37,883,52995,6,0,8.1693,8.1693,1.3615,1000.0,2.58,1.0,normal,539.0094
37,883,53010,9,0,4.5673,4.5673,0.5075,1000.0,2.58,1.0,normal,543.5767
37,883,53025,3,0,1.517,1.517,0.5057,1000.0,2.58,1.0,normal,545.0937
37,884,53040,5,0,12.9,12.9,2.58,1000.0,2.58,1.0,normal,557.9937
37,884,53055,7,1,10.2839,10.2839,1.4691,1000.0,2.58,1.0,normal,568.2776
37,884,53070,4,1,10.32,10.32,2.58,1000.0,2.58,1.0,normal,578.5976
37,884,53085,8,0,7.6873,7.6873,0.9609,1000.0,2.58,1.0,normal,586.2849
37,885,53100,3,0,7.5969,7.5969,2.5323,1000.0,2.67,1.0,normal,593.8818
37,885,53115,7,0,18.69,18.69,2.67,1000.0,2.67,1.0,normal,612.5718
37,885,53130,12,0,32.04,32.04,2.67,1000.0,2.67,1.0,normal,644.6118
37,885,53145,4,0,10.68,10.68,2.67,1000.0,2.67,1.0,normal,655.2918
37,886,53160,13,1,35.88,35.88,2.76,1000.0,2.76,1.0,normal,691.1718
37,886,53175,7,0,19.32,19.32,2.76,1000.0,2.76,1.0,normal,710.4918
37,886,53190,6,1,5.3328,5.3328,0.8888,1000.0,2.76,1.0,normal,715.8246
37,886,53205,5,0,13.8,13.8,2.76,1000.0,2.76,1.0,normal,729.6246
37,887,53220,5,0,6.628,6.628,1.3256,1000.0,2.86,1.0,normal,736.2526
37,887,53235,9,0,5.904,5.904,0.656,1000.0,2.86,1.0,normal,742.1566
37,887,53250,4,0,11.44,11.44,2.86,1000.0,2.86,1.0,normal,753.5966
37,887,53265,8,0,22.88,22.88,2.86,1000.0,2.86,1.0,normal,776.4766
