current_day,current_hour,current_minute,clicks,leads,spend,cpa,realized_cpc,daily_budget,max_bid,volatility,budget_status,current_day_spend
8,168,10080,0,0,0.0,0.0,3.46,1000.0,3.46,1.0,normal,0.0
8,168,10095,11,1,35.9444,35.9444,3.2677,1000.0,3.46,1.0,normal,35.9444
8,168,10110,1,0,1.3764,1.3764,1.3764,1000.0,3.46,1.0,normal,37.3208
8,168,10125,12,0,1.2667,1.2667,0.1056,1000.0,3.46,1.0,normal,38.5875
8,169,10140,8,0,1.6486,1.6486,0.2061,1000.0,3.63,1.0,normal,40.2361
8,169,10155,9,0,29.491,29.491,3.2768,1000.0,3.63,1.0,normal,69.7271
8,169,10170,12,1,43.56,43.56,3.63,1000.0,3.63,1.0,normal,113.2871
8,169,10185,7,0,25.41,25.41,3.63,1000.0,3.63,1.0,normal,138.6971
8,170,10200,14,2,45.0802,22.5401,3.22,1000.0,3.81,1.0,normal,183.7773
8,170,10215,14,0,47.9924,47.9924,3.428,1000.0,3.81,1.0,normal,231.7697
8,170,10230,6,0,6.4657,6.4657,1.0776,1000.0,3.81,1.0,normal,238.2354
8,170,10245,7,0,9.1922,9.1922,1.3132,1000.0,3.81,1.0,normal,247.4276
8,171,10260,10,0,24.4648,24.4648,2.4465,1000.0,3.94,1.0,normal,271.8924
8,171,10275,13,0,50.035,50.035,3.8488,1000.0,3.94,1.0,normal,321.9274
8,171,10290,9,0,4.906,4.906,0.5451,1000.0,3.94,1.0,normal,326.8334
8,171,10305,12,1,9.115,9.115,0.7596,1000.0,3.94,1.0,normal,335.9484
8,172,10320,14,0,55.16,55.16,3.94,1000.0,3.94,1.0,normal,391.1084
8,172,10335,8,0,29.1528,29.1528,3.6441,1000.0,3.94,1.0,normal,420.2612
8,172,10350,16,1,44.6435,44.6435,2.7902,1000.0,3.94,1.0,normal,464.9047
8,172,10365,11,0,43.34,43.34,3.94,1000.0,3.94,1.0,normal,508.2447
8,173,10380,12,0,48.84,48.84,4.07,1000.0,4.07,1.0,normal,557.0847
8,173,10395,12,2,4.4044,2.2022,0.367,1000.0,4.07,1.0,normal,561.4891
8,173,10410,14,0,4.9288,4.9288,0.3521,1000.0,4.07,1.0,normal,566.4179
8,173,10425,11,1,19.1524,19.1524,1.7411,1000.0,4.07,1.0,normal,585.5703
8,174,10440,11,0,45.2482,45.2482,4.1135,1000.0,4.21,1.0,normal,630.8185
8,174,10455,17,2,35.388,17.694,2.0816,1000.0,4.21,1.0,normal,666.2065
8,174,10470,4,0,16.84,16.84,4.21,1000.0,4.21,1.0,normal,683.0465
8,174,10485,15,0,3.2885,3.2885,0.2192,1000.0,4.21,1.0,normal,686.335
8,175,10500,12,0,36.6039,36.6039,3.0503,1000.0,4.36,1.0,normal,722.9389
8,175,10515,9,0,20.8067,20.8067,2.3119,1000.0,4.36,1.0,normal,743.7456
8,175,10530,11,1,47.96,47.96,4.36,1000.0,4.36,1.0,normal,791.7056
8,175,10545,12,0,11.0277,11.0277,0.919,1000.0,4.36,1.0,normal,802.7333
8,176,10560,4,0,5.4811,5.4811,1.3703,1000.0,4.36,1.0,normal,808.2144
8,176,10575,10,0,32.4723,32.4723,3.2472,1000.0,4.36,1.0,normal,840.6867
8,176,10590,11,0,27.6084,27.6084,2.5099,1000.0,4.36,1.0,normal,868.2951
8,176,10605,10,0,32.2673,32.2673,3.2267,1000.0,4.36,1.0,budget_constrained,900.5624
8,177,10620,4,1,2.3142,2.3142,0.5786,1000.0,4.51,1.0,budget_constrained,902.8766
8,177,10635,6,0,22.0628,22.0628,3.6771,1000.0,4.51,1.0,budget_constrained,924.9394
8,177,10650,13,0,58.63,58.63,4.51,1000.0,4.51,1.0,budget_constrained,983.5694
8,177,10665,14,0,9.7799,9.7799,0.6986,1000.0,4.51,1.0,budget_constrained,993.3493
8,178,10680,3,0,6.6507,6.6507,1.9253,1000.0,4.65,1.0,budget_depleted,1000.0
8,178,10695,0,0,0.0,0.0,0.0,1000.0,4.65,1.0,budget_depleted,1000.0
8,178,10710,0,0,0.0,0.0,0.0,1000.0,4.65,1.0,budget_depleted,1000.0
8,178,10725,0,0,0.0,0.0,0.0,1000.0,4.65,1.0,budget_depleted,1000.0
8,179,10740,0,0,0.0,0.0,0.0,1000.0,4.8,1.0,budget_depleted,1000.0
8,179,10755,0,0,0.0,0.0,0.0,1000.0,4.8,1.0,budget_depleted,1000.0
8,179,10770,0,0,0.0,0.0,0.0,1000.0,4.8,1.0,budget_depleted,1000.0
8,179,10785,0,0,0.0,0.0,0.0,1000.0,4.8,1.0,budget_depleted,1000.0
8,180,10800,0,0,0.0,0.0,0.0,1000.0,4.8,1.0,budget_depleted,1000.0
8,180,10815,0,0,0.0,0.0,0.0,1000.0,4.8,1.0,budget_depleted,1000.0
8,180,10830,0,0,0.0,0.0,0.0,1000.0,4.8,1.0,budget_depleted,1000.0
8,180,10845,0,0,0.0,0.0,0.0,1000.0,4.8,1.0,budget_depleted,1000.0
8,181,10860,0,0,0.0,0.0,0.0,1000.0,3.94,1.0,budget_depleted,1000.0
8,181,10875,0,0,0.0,0.0,0.0,1000.0,3.94,1.0,budget_depleted,1000.0
8,181,10890,0,0,0.0,0.0,0.0,1000.0,3.94,1.0,budget_depleted,1000.0
8,181,10905,0,0,0.0,0.0,0.0,1000.0,3.94,1.0,budget_depleted,1000.0
8,182,10920,0,0,0.0,0.0,0.0,1000.0,3.23,1.0,budget_depleted,1000.0
8,182,10935,0,0,0.0,0.0,0.0,1000.0,3.23,1.0,budget_depleted,1000.0
8,182,10950,0,0,0.0,0.0,0.0,1000.0,3.23,1.0,budget_depleted,1000.0
8,182,10965,0,0,0.0,0.0,0.0,1000.0,3.23,1.0,budget_depleted,1000.0
8,183,10980,0,0,0.0,0.0,0.0,1000.0,1.31,1.0,budget_depleted,1000.0
8,183,10995,0,0,0.0,0.0,0.0,1000.0,1.31,1.0,budget_depleted,1000.0
8,183,11010,0,0,0.0,0.0,0.0,1000.0,1.31,1.0,budget_depleted,1000.0
8,183,11025,0,0,0.0,0.0,0.0,1000.0,1.31,1.0,budget_depleted,1000.0
8,184,11040,0,0,0.0,0.0,0.0,1000.0,1.31,1.0,budget_depleted,1000.0
8,184,11055,0,0,0.0,0.0,0.0,1000.0,1.31,1.0,budget_depleted,1000.0
8,184,11070,0,0,0.0,0.0,0.0,1000.0,1.31,1.0,budget_depleted,1000.0
8,184,11085,0,0,0.0,0.0,0.0,1000.0,1.31,1.0,budget_depleted,1000.0
8,185,11100,0,0,0.0,0.0,0.0,1000.0,1.31,1.0,budget_depleted,1000.0
8,185,11115,0,0,0.0,0.0,0.0,1000.0,1.31,1.0,budget_depleted,1000.0
8,185,11130,0,0,0.0,0.0,0.0,1000.0,1.31,1.0,budget_depleted,1000.0
8,185,11145,0,0,0.0,0.0,0.0,1000.0,1.31,1.0,budget_depleted,1000.0
8,186,11160,0,0,0.0,0.0,0.0,1000.0,1.31,1.0,budget_depleted,1000.0
8,186,11175,0,0,0.0,0.0,0.0,1000.0,1.31,1.0,budget_depleted,1000.0
8,186,11190,0,0,0.0,0.0,0.0,1000.0,1.31,1.0,budget_depleted,1000.0
8,186,11205,0,0,0.0,0.0,0.0,1000.0,1.31,1.0,budget_depleted,1000.0
8,187,11220,0,0,0.0,0.0,0.0,1000.0,1.31,1.0,budget_depleted,1000.0
8,187,11235,0,0,0.0,0.0,0.0,1000.0,1.31,1.0,budget_depleted,1000.0
8,187,11250,0,0,0.0,0.0,0.0,1000.0,1.31,1.0,budget_depleted,1000.0
8,187,11265,0,0,0.0,0.0,0.0,1000.0,1.31,1.0,budget_depleted,1000.0
8,188,11280,0,0,0.0,0.0,0.0,1000.0,1.31,1.0,budget_depleted,1000.0
8,188,11295,0,0,0.0,0.0,0.0,1000.0,1.31,1.0,budget_depleted,1000.0
8,188,11310,0,0,0.0,0.0,0.0,1000.0,1.31,1.0,budget_depleted,1000.0
8,188,11325,0,0,0.0,0.0,0.0,1000.0,1.31,1.0,budget_depleted,1000.0
8,189,11340,0,0,0.0,0.0,0.0,1000.0,1.14,1.0,budget_depleted,1000.0
8,189,11355,0,0,0.0,0.0,0.0,1000.0,1.14,1.0,budget_depleted,1000.0
8,189,11370,0,0,0.0,0.0,0.0,1000.0,1.14,1.0,budget_depleted,1000.0
8,189,11385,0,0,0.0,0.0,0.0,1000.0,1.14,1.0,budget_depleted,1000.0
8,190,11400,0,0,0.0,0.0,0.0,1000.0,0.97,1.0,budget_depleted,1000.0
8,190,11415,0,0,0.0,0.0,0.0,1000.0,0.97,1.0,budget_depleted,1000.0
8,190,11430,0,0,0.0,0.0,0.0,1000.0,0.97,1.0,budget_depleted,1000.0
8,190,11445,0,0,0.0,0.0,0.0,1000.0,0.97,1.0,budget_depleted,1000.0
8,191,11460,0,0,0.0,0.0,0.0,1000.0,0.8,1.0,budget_depleted,1000.0
8,191,11475,0,0,0.0,0.0,0.0,1000.0,0.8,1.0,budget_depleted,1000.0
8,191,11490,0,0,0.0,0.0,0.0,1000.0,0.8,1.0,budget_depleted,1000.0
8,191,11505,0,0,0.0,0.0,0.0,1000.0,0.8,1.0,budget_depleted,1000.0
9,192,11520,0,0,0.0,0.0,0.0,1000.0,0.8,1.0,normal,0.0
9,192,11535,4,0,3.2,3.2,0.8,1000.0,0.8,1.0,normal,3.2
9,192,11550,0,0,0.0,0.0,0.7433,1000.0,0.8,1.0,normal,3.2
9,192,11565,3,0,0.0028,0.0028,0.0009,1000.0,0.8,1.0,normal,3.2028
9,193,11580,2,0,1.6,1.6,0.8,1000.0,0.8,1.0,normal,4.8028
9,193,11595,0,0,0.0,0.0,0.8,1000.0,0.8,1.0,normal,4.8028
9,193,11610,0,0,0.0,0.0,0.8,1000.0,0.8,1.0,normal,4.8028
9,193,11625,1,0,0.0554,0.0554,0.0554,1000.0,0.8,1.0,normal,4.8582
9,194,11640,1,0,0.3536,0.3536,0.3536,1000.0,0.8,1.0,normal,5.2118
9,194,11655,3,0,2.4,2.4,0.8,1000.0,0.8,1.0,normal,7.6118
9,194,11670,1,0,0.8,0.8,0.8,1000.0,0.8,1.0,normal,8.4118
9,194,11685,4,0,3.2,3.2,0.8,1000.0,0.8,1.0,normal,11.6118
9,195,11700,1,0,0.6208,0.6208,0.6208,1000.0,0.8,1.0,normal,12.2326
9,195,11715,4,0,1.0672,1.0672,0.2668,1000.0,0.8,1.0,normal,13.2998
9,195,11730,2,0,1.6,1.6,0.8,1000.0,0.8,1.0,normal,14.8998
9,195,11745,1,0,0.4047,0.4047,0.4047,1000.0,0.8,1.0,normal,15.3045
9,196,11760,1,0,0.8,0.8,0.8,1000.0,0.8,1.0,normal,16.1045
9,196,11775,0,0,0.0,0.0,0.8,1000.0,0.8,1.0,normal,16.1045
9,196,11790,1,0,0.8,0.8,0.8,1000.0,0.8,1.0,normal,16.9045
9,196,11805,0,0,0.0,0.0,0.0301,1000.0,0.8,1.0,normal,16.9045
9,197,11820,1,0,0.83,0.83,0.83,1000.0,0.83,1.0,normal,17.7345
9,197,11835,1,0,0.8251,0.8251,0.8251,1000.0,0.83,1.0,normal,18.5596
9,197,11850,2,0,1.66,1.66,0.83,1000.0,0.83,1.0,normal,20.2196
9,197,11865,2,0,1.66,1.66,0.83,1000.0,0.83,1.0,normal,21.8796
9,198,11880,1,0,0.91,0.91,0.91,1000.0,0.91,1.0,normal,22.7896
9,198,11895,2,0,1.82,1.82,0.91,1000.0,0.91,1.0,normal,24.6096
9,198,11910,4,0,0.68,0.68,0.17,1000.0,0.91,1.0,normal,25.2896
9,198,11925,0,0,0.0,0.0,0.91,1000.0,0.91,1.0,normal,25.2896
9,199,11940,0,0,0.0,0.0,0.9,1000.0,0.9,1.0,normal,25.2896
9,199,11955,6,0,5.4,5.4,0.9,1000.0,0.9,1.0,normal,30.6896
9,199,11970,3,0,2.7,2.7,0.9,1000.0,0.9,1.0,normal,33.3896
9,199,11985,2,0,1.8,1.8,0.9,1000.0,0.9,1.0,normal,35.1896
9,200,12000,1,0,0.9,0.9,0.9,1000.0,0.9,1.0,normal,36.0896
9,200,12015,0,0,0.0,0.0,0.7327,1000.0,0.9,1.0,normal,36.0896
9,200,12030,2,0,1.8,1.8,0.9,1000.0,0.9,1.0,normal,37.8896
9,200,12045,2,0,0.3911,0.3911,0.1956,1000.0,0.9,1.0,normal,38.2807
9,201,12060,1,0,0.99,0.99,0.99,1000.0,0.99,1.0,normal,39.2707
9,201,12075,2,0,1.98,1.98,0.99,1000.0,0.99,1.0,normal,41.2507
9,201,12090,2,0,1.98,1.98,0.99,1000.0,0.99,1.0,normal,43.2307
9,201,12105,2,0,1.8185,1.8185,0.9093,1000.0,0.99,1.0,normal,45.0492
9,202,12120,5,0,0.9153,0.9153,0.1831,1000.0,1.03,1.0,normal,45.9645
9,202,12135,3,0,3.09,3.09,1.03,1000.0,1.03,1.0,normal,49.0545
9,202,12150,1,0,1.03,1.03,1.03,1000.0,1.03,1.0,normal,50.0845
9,202,12165,1,0,1.03,1.03,1.03,1000.0,1.03,1.0,normal,51.1145
9,203,12180,4,0,4.0,4.0,1.0,1000.0,1.0,1.0,normal,55.1145
9,203,12195,2,1,0.5924,0.5924,0.2962,1000.0,1.0,1.0,normal,55.7069
9,203,12210,1,0,1.0,1.0,1.0,1000.0,1.0,1.0,normal,56.7069
9,203,12225,3,0,3.0,3.0,1.0,1000.0,1.0,1.0,normal,59.7069
9,204,12240,2,0,2.6,2.6,1.3,1000.0,1.3,1.0,normal,62.3069
9,204,12255,1,0,1.3,1.3,1.3,1000.0,1.3,1.0,normal,63.6069
9,204,12270,5,0,3.5015,3.5015,0.7003,1000.0,1.3,1.0,normal,67.1084
9,204,12285,1,0,1.3,1.3,1.3,1000.0,1.3,1.0,normal,68.4084
9,205,12300,6,0,8.52,8.52,1.42,1000.0,1.42,1.0,normal,76.9284
9,205,12315,3,1,4.26,4.26,1.42,1000.0,1.42,1.0,normal,81.1884
9,205,12330,5,0,7.1,7.1,1.42,1000.0,1.42,1.0,normal,88.2884
9,205,12345,3,0,4.26,4.26,1.42,1000.0,1.42,1.0,normal,92.5484
9,206,12360,5,0,7.4,7.4,1.48,1000.0,1.48,1.0,normal,99.9484
9,206,12375,4,0,3.7057,3.7057,0.9264,1000.0,1.48,1.0,normal,103.6541
9,206,12390,3,0,4.44,4.44,1.48,1000.0,1.48,1.0,normal,108.0941
9,206,12405,2,0,2.96,2.96,1.48,1000.0,1.48,1.0,normal,111.0541
9,207,12420,3,0,3.9,3.9,1.3,1000.0,1.3,1.0,normal,114.9541
9,207,12435,2,0,0.0953,0.0953,0.0477,1000.0,1.3,1.0,normal,115.0494
9,207,12450,2,0,1.3133,1.3133,0.6566,1000.0,1.3,1.0,normal,116.3627
9,207,12465,3,0,3.9,3.9,1.3,1000.0,1.3,1.0,normal,120.2627
9,208,12480,4,0,5.2,5.2,1.3,1000.0,1.3,1.0,normal,125.4627
9,208,12495,5,0,3.004,3.004,0.6008,1000.0,1.3,1.0,normal,128.4667
9,208,12510,4,0,4.593,4.593,1.1483,1000.0,1.3,1.0,normal,133.0597
9,208,12525,3,0,3.9,3.9,1.3,1000.0,1.3,1.0,normal,136.9597
9,209,12540,8,0,11.36,11.36,1.42,1000.0,1.42,1.0,normal,148.3197
9,209,12555,2,0,1.2601,1.2601,0.6301,1000.0,1.42,1.0,normal,149.5798
9,209,12570,5,0,6.0895,6.0895,1.2179,1000.0,1.42,1.0,normal,155.6693
9,209,12585,4,0,5.68,5.68,1.42,1000.0,1.42,1.0,normal,161.3493
9,210,12600,2,0,2.5476,2.5476,1.2738,1000.0,1.48,1.0,normal,163.8969
9,210,12615,4,0,5.92,5.92,1.48,1000.0,1.48,1.0,normal,169.8169
9,210,12630,6,0,8.88,8.88,1.48,1000.0,1.48,1.0,normal,178.6969
9,210,12645,5,0,5.2277,5.2277,1.0455,1000.0,1.48,1.0,normal,183.9246
9,211,12660,1,0,0.3616,0.3616,0.3616,1000.0,1.43,1.0,normal,184.2862
9,211,12675,2,0,0.9227,0.9227,0.4613,1000.0,1.43,1.0,normal,185.2089
9,211,12690,10,0,7.2386,7.2386,0.7239,1000.0,1.43,1.0,normal,192.4475
9,211,12705,2,0,1.1733,1.1733,0.5867,1000.0,1.43,1.0,normal,193.6208
9,212,12720,3,1,1.6551,1.6551,0.5517,1000.0,1.43,1.0,normal,195.2759
9,212,12735,4,0,5.72,5.72,1.43,1000.0,1.43,1.0,normal,200.9959
9,212,12750,2,0,2.86,2.86,1.43,1000.0,1.43,1.0,normal,203.8559
9,212,12765,1,0,1.43,1.43,1.43,1000.0,1.43,1.0,normal,205.2859
9,213,12780,4,0,6.24,6.24,1.56,1000.0,1.56,1.0,normal,211.5259
9,213,12795,4,0,6.24,6.24,1.56,1000.0,1.56,1.0,normal,217.7659
9,213,12810,6,0,1.7911,1.7911,0.2985,1000.0,1.56,1.0,normal,219.557
9,213,12825,3,0,3.7014,3.7014,1.2338,1000.0,1.56,1.0,normal,223.2584
9,214,12840,3,1,4.89,4.89,1.63,1000.0,1.63,1.0,normal,228.1484
9,214,12855,4,0,2.3591,2.3591,0.5898,1000.0,1.63,1.0,normal,230.5075
9,214,12870,1,0,1.63,1.63,1.63,1000.0,1.63,1.0,normal,232.1375
9,214,12885,2,0,3.26,3.26,1.63,1000.0,1.63,1.0,normal,235.3975
9,215,12900,3,0,3.5223,3.5223,1.1741,1000.0,1.26,1.0,normal,238.9198
9,215,12915,1,0,1.26,1.26,1.26,1000.0,1.26,1.0,normal,240.1798
9,215,12930,4,0,5.04,5.04,1.26,1000.0,1.26,1.0,normal,245.2198
9,215,12945,2,0,2.52,2.52,1.26,1000.0,1.26,1.0,normal,247.7398
10,216,12960,2,0,0.8696,0.8696,0.4348,1000.0,1.26,1.0,normal,0.8696
10,216,12975,4,0,5.04,5.04,1.26,1000.0,1.26,1.0,normal,5.9096
10,216,12990,2,0,0.5292,0.5292,0.2646,1000.0,1.26,1.0,normal,6.4388
10,216,13005,2,0,0.0973,0.0973,0.0487,1000.0,1.26,1.0,normal,6.5361
10,217,13020,1,0,1.37,1.37,1.37,1000.0,1.37,1.0,normal,7.9061
10,217,13035,2,0,1.9118,1.9118,0.9559,1000.0,1.37,1.0,normal,9.8179
10,217,13050,2,0,2.74,2.74,1.37,1000.0,1.37,1.0,normal,12.5579
10,217,13065,4,0,5.48,5.48,1.37,1000.0,1.37,1.0,normal,18.0379
10,218,13080,5,0,7.2,7.2,1.44,1000.0,1.44,1.0,normal,25.2379
10,218,13095,3,0,4.1615,4.1615,1.3872,1000.0,1.44,1.0,normal,29.3994
10,218,13110,2,0,0.7649,0.7649,0.3824,1000.0,1.44,1.0,normal,30.1643
10,218,13125,1,0,1.44,1.44,1.44,1000.0,1.44,1.0,normal,31.6043
10,219,13140,7,0,7.0721,7.0721,1.0103,1000.0,1.41,1.0,normal,38.6764
10,219,13155,7,1,9.87,9.87,1.41,1000.0,1.41,1.0,normal,48.5464
10,219,13170,4,0,0.0258,0.0258,0.0065,1000.0,1.41,1.0,normal,48.5722
10,219,13185,2,0,2.82,2.82,1.41,1000.0,1.41,1.0,normal,51.3922
10,220,13200,0,0,0.0,0.0,1.41,1000.0,1.41,1.0,normal,51.3922
10,220,13215,2,0,2.82,2.82,1.41,1000.0,1.41,1.0,normal,54.2122
10,220,13230,3,0,4.23,4.23,1.41,1000.0,1.41,1.0,normal,58.4422
10,220,13245,5,0,7.05,7.05,1.41,1000.0,1.41,1.0,normal,65.4922
10,221,13260,2,0,0.2362,0.2362,0.1181,1000.0,1.54,1.0,normal,65.7284
10,221,13275,4,0,6.16,6.16,1.54,1000.0,1.54,1.0,normal,71.8884
10,221,13290,5,0,5.0615,5.0615,1.0123,1000.0,1.54,1.0,normal,76.9499
10,221,13305,7,1,10.78,10.78,1.54,1000.0,1.54,1.0,normal,87.7299
10,222,13320,2,0,3.22,3.22,1.61,1000.0,1.61,1.0,normal,90.9499
10,222,13335,5,0,8.05,8.05,1.61,1000.0,1.61,1.0,normal,98.9999
10,222,13350,7,0,11.27,11.27,1.61,1000.0,1.61,1.0,normal,110.2699
10,222,13365,3,0,4.83,4.83,1.61,1000.0,1.61,1.0,normal,115.0999
10,223,13380,3,0,1.0284,1.0284,0.3428,1000.0,1.55,1.0,normal,116.1283
10,223,13395,1,0,1.1439,1.1439,1.1439,1000.0,1.55,1.0,normal,117.2722
10,223,13410,7,0,6.4959,6.4959,0.928,1000.0,1.55,1.0,normal,123.7681
10,223,13425,6,0,9.3,9.3,1.55,1000.0,1.55,1.0,normal,133.0681
10,224,13440,8,0,12.4,12.4,1.55,1000.0,1.55,1.0,normal,145.4681
10,224,13455,2,0,3.1,3.1,1.55,1000.0,1.55,1.0,normal,148.5681
10,224,13470,6,1,8.1074,8.1074,1.3512,1000.0,1.55,1.0,normal,156.6755
10,224,13485,6,0,8.6629,8.6629,1.4438,1000.0,1.55,1.0,normal,165.3384
10,225,13500,4,0,6.76,6.76,1.69,1000.0,1.69,1.0,normal,172.0984
10,225,13515,6,0,7.0324,7.0324,1.1721,1000.0,1.69,1.0,normal,179.1308
10,225,13530,6,0,7.8266,7.8266,1.3044,1000.0,1.69,1.0,normal,186.9574
10,225,13545,2,0,1.8797,1.8797,0.9398,1000.0,1.69,1.0,normal,188.8371
10,226,13560,7,0,7.6278,7.6278,1.0897,1000.0,1.77,1.0,normal,196.4649
10,226,13575,2,0,2.3397,2.3397,1.1699,1000.0,1.77,1.0,normal,198.8046
10,226,13590,4,0,5.9102,5.9102,1.4776,1000.0,1.77,1.0,normal,204.7148
10,226,13605,4,0,1.1971,1.1971,0.2993,1000.0,1.77,1.0,normal,205.9119
10,227,13620,6,0,4.6907,4.6907,0.7818,1000.0,3.41,1.0,normal,210.6026
10,227,13635,12,1,5.6986,5.6986,0.4749,1000.0,3.41,1.0,normal,216.3012
10,227,13650,15,0,32.6798,32.6798,2.1787,1000.0,3.41,1.0,normal,248.981
10,227,13665,8,0,27.28,27.28,3.41,1000.0,3.41,1.0,normal,276.261
10,228,13680,12,1,13.2201,13.2201,1.1017,1000.0,3.41,1.0,normal,289.4811
10,228,13695,13,0,42.0365,42.0365,3.2336,1000.0,3.41,1.0,normal,331.5176
10,228,13710,8,0,27.28,27.28,3.41,1000.0,3.41,1.0,normal,358.7976
10,228,13725,10,0,17.541,17.541,1.7541,1000.0,3.41,1.0,normal,376.3386
10,229,13740,5,0,7.7234,7.7234,1.5447,1000.0,3.72,1.0,normal,384.062
10,229,13755,6,0,8.7278,8.7278,1.4546,1000.0,3.72,1.0,normal,392.7898
10,229,13770,15,0,53.8898,53.8898,3.5927,1000.0,3.72,1.0,normal,446.6796
10,229,13785,8,0,29.76,29.76,3.72,1000.0,3.72,1.0,normal,476.4396
10,230,13800,11,0,5.9588,5.9588,0.5417,1000.0,3.89,1.0,normal,482.3984
10,230,13815,9,0,17.4727,17.4727,1.9414,1000.0,3.89,1.0,normal,499.8711
10,230,13830,11,0,42.79,42.79,3.89,1000.0,3.89,1.0,normal,542.6611
10,230,13845,8,0,16.0544,16.0544,2.0068,1000.0,3.89,1.0,normal,558.7155
10,231,13860,11,0,42.02,42.02,3.82,1000.0,3.82,1.0,normal,600.7355
10,231,13875,9,0,9.5499,9.5499,1.0611,1000.0,3.82,1.0,normal,610.2854
10,231,13890,6,1,18.1289,18.1289,3.0215,1000.0,3.82,1.0,normal,628.4143
10,231,13905,14,0,53.48,53.48,3.82,1000.0,3.82,1.0,normal,681.8943
10,232,13920,8,0,16.8948,16.8948,2.1118,1000.0,3.82,1.0,normal,698.7891
10,232,13935,9,0,34.38,34.38,3.82,1000.0,3.82,1.0,normal,733.1691
10,232,13950,7,0,20.4299,20.4299,2.9186,1000.0,3.82,1.0,normal,753.599
10,232,13965,9,0,34.38,34.38,3.82,1000.0,3.82,1.0,normal,787.979
10,233,13980,9,0,27.3295,27.3295,3.0366,1000.0,3.96,1.0,normal,815.3085
10,233,13995,9,0,28.939,28.939,3.2154,1000.0,3.96,1.0,normal,844.2475
10,233,14010,8,0,31.68,31.68,3.96,1000.0,3.96,1.0,normal,875.9275
10,233,14025,7,0,0.8542,0.8542,0.122,1000.0,3.96,1.0,normal,876.7817
10,234,14040,12,0,10.9724,10.9724,0.9144,1000.0,4.09,1.0,normal,887.7541
10,234,14055,4,0,7.0605,7.0605,1.7651,1000.0,4.09,1.0,normal,894.8146
10,234,14070,11,1,44.99,44.99,4.09,1000.0,4.09,1.0,budget_constrained,939.8046
10,234,14085,5,1,20.45,20.45,4.09,1000.0,4.09,1.0,budget_constrained,960.2546
10,235,14100,10,0,39.7454,39.7454,3.8133,1000.0,4.23,1.0,budget_depleted,1000.0
10,235,14115,0,0,0.0,0.0,0.0,1000.0,4.23,1.0,budget_depleted,1000.0
10,235,14130,0,0,0.0,0.0,0.0,1000.0,4.23,1.0,budget_depleted,1000.0
10,235,14145,0,0,0.0,0.0,0.0,1000.0,4.23,1.0,budget_depleted,1000.0
10,236,14160,0,0,0.0,0.0,0.0,1000.0,0.01,1.0,budget_depleted,1000.0
10,236,14175,0,0,0.0,0.0,0.0,1000.0,0.01,1.0,budget_depleted,1000.0
10,236,14190,0,0,0.0,0.0,0.0,1000.0,0.01,1.0,budget_depleted,1000.0
10,236,14205,0,0,0.0,0.0,0.0,1000.0,0.01,1.0,budget_depleted,1000.0
10,237,14220,0,0,0.0,0.0,0.0,1000.0,0.01,1.0,budget_depleted,1000.0
10,237,14235,0,0,0.0,0.0,0.0,1000.0,0.01,1.0,budget_depleted,1000.0
10,237,14250,0,0,0.0,0.0,0.0,1000.0,0.01,1.0,budget_depleted,1000.0
10,237,14265,0,0,0.0,0.0,0.0,1000.0,0.01,1.0,budget_depleted,1000.0
10,238,14280,0,0,0.0,0.0,0.0,1000.0,0.01,1.0,budget_depleted,1000.0
10,238,14295,0,0,0.0,0.0,0.0,1000.0,0.01,1.0,budget_depleted,1000.0
10,238,14310,0,0,0.0,0.0,0.0,1000.0,0.01,1.0,budget_depleted,1000.0
10,238,14325,0,0,0.0,0.0,0.0,1000.0,0.01,1.0,budget_depleted,1000.0
10,239,14340,0,0,0.0,0.0,0.0,1000.0,0.01,1.0,budget_depleted,1000.0
10,239,14355,0,0,0.0,0.0,0.0,1000.0,0.01,1.0,budget_depleted,1000.0
10,239,14370,0,0,0.0,0.0,0.0,1000.0,0.01,1.0,budget_depleted,1000.0
10,239,14385,0,0,0.0,0.0,0.0,1000.0,0.01,1.0,budget_depleted,1000.0
11,240,14400,0,0,0.0,0.0,0.0,1000.0,4.2,1.0,normal,0.0
11,240,14415,9,0,37.8,37.8,4.2,1000.0,4.2,1.0,normal,37.8
11,240,14430,6,0,23.2874,23.2874,3.8812,1000.0,4.2,1.0,normal,61.0874
11,240,14445,7,0,20.5585,20.5585,2.9369,1000.0,4.2,1.0,normal,81.6459
11,241,14460,13,1,16.5099,16.5099,1.27,1000.0,4.03,1.0,normal,98.1558
11,241,14475,8,0,8.6909,8.6909,1.0864,1000.0,4.03,1.0,normal,106.8467
11,241,14490,5,0,20.15,20.15,4.03,1000.0,4.03,1.0,normal,126.9967
11,241,14505,8,0,8.6141,8.6141,1.0768,1000.0,4.03,1.0,normal,135.6108
11,242,14520,12,0,6.1283,6.1283,0.5107,1000.0,3.87,1.0,normal,141.7391
11,242,14535,11,0,37.9636,37.9636,3.4512,1000.0,3.87,1.0,normal,179.7027
11,242,14550,9,2,30.5882,15.2941,3.3987,1000.0,3.87,1.0,normal,210.2909
11,242,14565,14,0,54.18,54.18,3.87,1000.0,3.87,1.0,normal,264.4709
11,243,14580,11,1,17.0743,17.0743,1.5522,1000.0,3.72,1.0,normal,281.5452
11,243,14595,6,0,13.9116,13.9116,2.3186,1000.0,3.72,1.0,normal,295.4568
11,243,14610,4,0,14.88,14.88,3.72,1000.0,3.72,1.0,normal,310.3368
11,243,14625,10,0,37.2,37.2,3.72,1000.0,3.72,1.0,normal,347.5368
11,244,14640,13,0,34.8443,34.8443,2.6803,1000.0,4.2,1.0,normal,382.3811
11,244,14655,11,1,46.2,46.2,4.2,1000.0,4.2,1.0,normal,428.5811
11,244,14670,14,0,15.1427,15.1427,1.0816,1000.0,4.2,1.0,normal,443.7238
11,244,14685,7,0,29.4,29.4,4.2,1000.0,4.2,1.0,normal,473.1238
11,245,14700,13,0,13.513,13.513,1.0395,1000.0,4.03,1.0,normal,486.6368
11,245,14715,9,0,36.27,36.27,4.03,1000.0,4.03,1.0,normal,522.9068
11,245,14730,11,1,31.1112,31.1112,2.8283,1000.0,4.03,1.0,normal,554.018
11,245,14745,11,0,4.1939,4.1939,0.3813,1000.0,4.03,1.0,normal,558.2119
11,246,14760,13,0,32.1132,32.1132,2.4702,1000.0,3.87,1.0,normal,590.3251
11,246,14775,7,1,5.7957,5.7957,0.828,1000.0,3.87,1.0,normal,596.1208
11,246,14790,15,2,8.3412,4.1706,0.5561,1000.0,3.87,1.0,normal,604.462
11,246,14805,9,0,30.7538,30.7538,3.4171,1000.0,3.87,1.0,normal,635.2158
11,247,14820,4,0,5.2499,5.2499,1.3125,1000.0,3.72,1.0,normal,640.4657
11,247,14835,8,0,0.0578,0.0578,0.0072,1000.0,3.72,1.0,normal,640.5235
11,247,14850,7,0,7.2823,7.2823,1.0403,1000.0,3.72,1.0,normal,647.8058
11,247,14865,14,0,1.4809,1.4809,0.1058,1000.0,3.72,1.0,normal,649.2867
11,248,14880,10,0,27.642,27.642,2.7642,1000.0,3.72,1.0,normal,676.9287
11,248,14895,9,1,20.0463,20.0463,2.2274,1000.0,3.72,1.0,normal,696.975
11,248,14910,6,0,16.1398,16.1398,2.69,1000.0,3.72,1.0,normal,713.1148
11,248,14925,10,0,20.81,20.81,2.081,1000.0,3.72,1.0,normal,733.9248
11,249,14940,11,0,27.0697,27.0697,2.4609,1000.0,3.6,1.0,normal,760.9945
11,249,14955,15,0,20.3848,20.3848,1.359,1000.0,3.6,1.0,normal,781.3793
11,249,14970,7,0,15.2196,15.2196,2.1742,1000.0,3.6,1.0,normal,796.5989
11,249,14985,4,1,9.2872,9.2872,2.3218,1000.0,3.6,1.0,normal,805.8861
11,250,15000,4,0,5.2645,5.2645,1.3161,1000.0,3.47,1.0,normal,811.1506
11,250,15015,6,1,7.7715,7.7715,1.2953,1000.0,3.47,1.0,normal,818.9221
11,250,15030,5,0,17.35,17.35,3.47,1000.0,3.47,1.0,normal,836.2721
11,250,15045,7,0,24.29,24.29,3.47,1000.0,3.47,1.0,normal,860.5621
11,251,15060,19,0,63.65,63.65,3.35,1000.0,3.35,1.0,budget_constrained,924.2121
11,251,15075,5,1,0.7219,0.7219,0.1444,1000.0,3.35,1.0,budget_constrained,924.934
11,251,15090,9,1,21.9161,21.9161,2.4351,1000.0,3.35,1.0,budget_constrained,946.8501
11,251,15105,10,0,13.1724,13.1724,1.3172,1000.0,3.35,1.0,budget_constrained,960.0225
11,252,15120,9,0,21.9888,21.9888,2.4432,1000.0,3.35,1.0,budget_constrained,982.0113
11,252,15135,11,0,16.0434,16.0434,1.4585,1000.0,3.35,1.0,budget_constrained,998.0547
11,252,15150,7,0,0.0726,0.0726,0.0104,1000.0,3.35,1.0,budget_constrained,998.1273
11,252,15165,1,0,1.8727,1.8727,1.3381,1000.0,3.35,1.0,budget_constrained,1000.0
11,253,15180,0,0,0.0,0.0,0.9665,1000.0,3.24,1.0,budget_constrained,1000.0
11,253,15195,0,0,0.0,0.0,2.2552,1000.0,3.24,1.0,budget_constrained,1000.0
11,253,15210,0,0,0.0,0.0,1.9046,1000.0,3.24,1.0,budget_constrained,1000.0
11,253,15225,0,0,0.0,0.0,3.0097,1000.0,3.24,1.0,budget_constrained,1000.0
11,254,15240,0,0,0.0,0.0,3.0141,1000.0,3.13,1.0,budget_constrained,1000.0
11,254,15255,0,0,0.0,0.0,3.1275,1000.0,3.13,1.0,budget_constrained,1000.0
11,254,15270,0,0,0.0,0.0,2.0758,1000.0,3.13,1.0,budget_constrained,1000.0
11,254,15285,0,0,0.0,0.0,0.3483,1000.0,3.13,1.0,budget_constrained,1000.0
11,255,15300,0,0,0.0,0.0,0.8145,1000.0,3.02,1.0,budget_constrained,1000.0
11,255,15315,0,0,0.0,0.0,3.02,1000.0,3.02,1.0,budget_constrained,1000.0
11,255,15330,0,0,0.0,0.0,3.02,1000.0,3.02,1.0,budget_constrained,1000.0
11,255,15345,0,0,0.0,0.0,2.4971,1000.0,3.02,1.0,budget_constrained,1000.0
11,256,15360,0,0,0.0,0.0,0.7588,1000.0,3.02,1.0,budget_constrained,1000.0
11,256,15375,0,0,0.0,0.0,0.4647,1000.0,3.02,1.0,budget_constrained,1000.0
11,256,15390,0,0,0.0,0.0,3.02,1000.0,3.02,1.0,budget_constrained,1000.0
11,256,15405,0,0,0.0,0.0,0.2097,1000.0,3.02,1.0,budget_constrained,1000.0
11,257,15420,0,0,0.0,0.0,2.92,1000.0,2.92,1.0,budget_constrained,1000.0
11,257,15435,0,0,0.0,0.0,1.5672,1000.0,2.92,1.0,budget_constrained,1000.0
11,257,15450,0,0,0.0,0.0,0.5472,1000.0,2.92,1.0,budget_constrained,1000.0
11,257,15465,0,0,0.0,0.0,2.92,1000.0,2.92,1.0,budget_constrained,1000.0
11,258,15480,0,0,0.0,0.0,2.6605,1000.0,2.82,1.0,budget_constrained,1000.0
11,258,15495,0,0,0.0,0.0,2.82,1000.0,2.82,1.0,budget_constrained,1000.0
11,258,15510,0,0,0.0,0.0,0.8548,1000.0,2.82,1.0,budget_constrained,1000.0
11,258,15525,0,0,0.0,0.0,0.3873,1000.0,2.82,1.0,budget_constrained,1000.0
11,259,15540,0,0,0.0,0.0,2.72,1000.0,2.72,1.0,budget_constrained,1000.0
11,259,15555,0,0,0.0,0.0,1.9419,1000.0,2.72,1.0,budget_constrained,1000.0
11,259,15570,0,0,0.0,0.0,0.1814,1000.0,2.72,1.0,budget_constrained,1000.0
11,259,15585,0,0,0.0,0.0,0.1375,1000.0,2.72,1.0,budget_constrained,1000.0
11,260,15600,0,0,0.0,0.0,3.54,1000.0,3.54,1.0,budget_constrained,1000.0
11,260,15615,0,0,0.0,0.0,3.54,1000.0,3.54,1.0,budget_constrained,1000.0
11,260,15630,0,0,0.0,0.0,1.1671,1000.0,3.54,1.0,budget_constrained,1000.0
11,260,15645,0,0,0.0,0.0,1.398,1000.0,3.54,1.0,budget_constrained,1000.0
11,261,15660,0,0,0.0,0.0,1.0911,1000.0,3.54,1.0,budget_constrained,1000.0
11,261,15675,0,0,0.0,0.0,0.1933,1000.0,3.54,1.0,budget_constrained,1000.0
11,261,15690,0,0,0.0,0.0,3.54,1000.0,3.54,1.0,budget_constrained,1000.0
11,261,15705,0,0,0.0,0.0,3.54,1000.0,3.54,1.0,budget_constrained,1000.0
11,262,15720,0,0,0.0,0.0,3.54,1000.0,3.54,1.0,budget_constrained,1000.0
11,262,15735,0,0,0.0,0.0,2.2503,1000.0,3.54,1.0,budget_constrained,1000.0
11,262,15750,0,0,0.0,0.0,3.54,1000.0,3.54,1.0,budget_constrained,1000.0
11,262,15765,0,0,0.0,0.0,0.0535,1000.0,3.54,1.0,budget_constrained,1000.0
11,263,15780,0,0,0.0,0.0,3.54,1000.0,3.54,1.0,budget_constrained,1000.0
11,263,15795,0,0,0.0,0.0,1.3925,1000.0,3.54,1.0,budget_constrained,1000.0
11,263,15810,0,0,0.0,0.0,0.4338,1000.0,3.54,1.0,budget_constrained,1000.0
11,263,15825,0,0,0.0,0.0,3.54,1000.0,3.54,1.0,budget_constrained,1000.0
12,264,15840,0,0,0.0,0.0,3.54,1000.0,3.54,1.0,normal,0.0
12,264,15855,11,0,7.3382,7.3382,0.6671,1000.0,3.54,1.0,normal,7.3382
12,264,15870,8,2,5.4289,2.7145,0.6786,1000.0,3.54,1.0,normal,12.7671
12,264,15885,5,0,2.1462,2.1462,0.4292,1000.0,3.54,1.0,normal,14.9133
12,265,15900,8,0,11.7291,11.7291,1.4661,1000.0,3.86,1.0,normal,26.6424
12,265,15915,9,0,17.4756,17.4756,1.9417,1000.0,3.86,1.0,normal,44.118
12,265,15930,12,2,46.32,23.16,3.86,1000.0,3.86,1.0,normal,90.438
12,265,15945,10,0,13.5782,13.5782,1.3578,1000.0,3.86,1.0,normal,104.0162
12,266,15960,9,1,20.0957,20.0957,2.2329,1000.0,4.04,1.0,normal,124.1119
12,266,15975,11,1,36.273,36.273,3.2975,1000.0,4.04,1.0,normal,160.3849
12,266,15990,5,0,8.746,8.746,1.7492,1000.0,4.04,1.0,normal,169.1309
12,266,16005,6,0,13.7818,13.7818,2.297,1000.0,4.04,1.0,normal,182.9127
12,267,16020,15,0,5.7713,5.7713,0.3848,1000.0,3.96,1.0,normal,188.684
12,267,16035,9,0,2.5318,2.5318,0.2813,1000.0,3.96,1.0,normal,191.2158
12,267,16050,8,0,10.8332,10.8332,1.3541,1000.0,3.96,1.0,normal,202.049
12,267,16065,12,1,47.52,47.52,3.96,1000.0,3.96,1.0,normal,249.569
12,268,16080,0,0,0.0,0.0,0.01,1000.0,0.01,1.0,normal,249.569
12,268,16095,0,0,0.0,0.0,0.01,1000.0,0.01,1.0,normal,249.569
12,268,16110,0,0,0.0,0.0,0.01,1000.0,0.01,1.0,normal,249.569
12,268,16125,0,0,0.0,0.0,0.01,1000.0,0.01,1.0,normal,249.569
12,269,16140,0,0,0.0,0.0,0.01,1000.0,0.01,1.0,normal,249.569
12,269,16155,0,0,0.0,0.0,0.01,1000.0,0.01,1.0,normal,249.569
12,269,16170,0,0,0.0,0.0,0.01,1000.0,0.01,1.0,normal,249.569
12,269,16185,0,0,0.0,0.0,0.01,1000.0,0.01,1.0,normal,249.569
12,270,16200,0,0,0.0,0.0,0.01,1000.0,0.01,1.0,normal,249.569
12,270,16215,0,0,0.0,0.0,0.01,1000.0,0.01,1.0,normal,249.569
12,270,16230,0,0,0.0,0.0,0.01,1000.0,0.01,1.0,normal,249.569
12,270,16245,0,0,0.0,0.0,0.01,1000.0,0.01,1.0,normal,249.569
12,271,16260,0,0,0.0,0.0,0.01,1000.0,0.01,1.0,normal,249.569
12,271,16275,0,0,0.0,0.0,0.01,1000.0,0.01,1.0,normal,249.569
12,271,16290,0,0,0.0,0.0,0.01,1000.0,0.01,1.0,normal,249.569
12,271,16305,0,0,0.0,0.0,0.01,1000.0,0.01,1.0,normal,249.569
12,272,16320,12,0,46.119,46.119,3.8433,1000.0,4.2,1.0,normal,295.688
12,272,16335,9,1,31.5717,31.5717,3.508,1000.0,4.2,1.0,normal,327.2597
12,272,16350,13,0,54.6,54.6,4.2,1000.0,4.2,1.0,normal,381.8597
12,272,16365,6,0,16.8645,16.8645,2.8107,1000.0,4.2,1.0,normal,398.7242
12,273,16380,13,0,35.159,35.159,2.7045,1000.0,4.41,1.0,normal,433.8832
12,273,16395,12,0,13.5599,13.5599,1.13,1000.0,4.41,1.0,normal,447.4431
12,273,16410,8,0,15.0571,15.0571,1.8821,1000.0,4.41,1.0,normal,462.5002
12,273,16425,11,1,0.3652,0.3652,0.0332,1000.0,4.41,1.0,normal,462.8654
12,274,16440,14,1,27.8974,27.8974,1.9927,1000.0,4.63,1.0,normal,490.7628
12,274,16455,14,0,60.9325,60.9325,4.3523,1000.0,4.63,1.0,normal,551.6953
12,274,16470,14,1,15.9301,15.9301,1.1379,1000.0,4.63,1.0,normal,567.6254
12,274,16485,9,1,20.3189,20.3189,2.2577,1000.0,4.63,1.0,normal,587.9443
12,275,16500,13,0,2.7534,2.7534,0.2118,1000.0,4.79,1.0,normal,590.6977
12,275,16515,7,1,1.43,1.43,0.2043,1000.0,4.79,1.0,normal,592.1277
12,275,16530,10,0,45.7642,45.7642,4.5764,1000.0,4.79,1.0,normal,637.8919
12,275,16545,11,0,52.69,52.69,4.79,1000.0,4.79,1.0,normal,690.5819
12,276,16560,14,0,40.6303,40.6303,2.9022,1000.0,4.79,1.0,normal,731.2122
12,276,16575,9,0,43.11,43.11,4.79,1000.0,4.79,1.0,normal,774.3222
12,276,16590,14,1,67.06,67.06,4.79,1000.0,4.79,1.0,normal,841.3822
12,276,16605,9,1,24.7315,24.7315,2.7479,1000.0,4.79,1.0,normal,866.1137
12,277,16620,8,0,39.6,39.6,4.95,1000.0,4.95,1.0,budget_constrained,905.7137
12,277,16635,7,0,32.264,32.264,4.6091,1000.0,4.95,1.0,budget_constrained,937.9777
12,277,16650,12,0,62.0223,62.0223,4.95,1000.0,4.95,1.0,budget_depleted,1000.0
12,277,16665,0,0,0.0,0.0,0.0,1000.0,4.95,1.0,budget_depleted,1000.0
12,278,16680,0,0,0.0,0.0,0.0,1000.0,5.11,1.0,budget_depleted,1000.0
12,278,16695,0,0,0.0,0.0,0.0,1000.0,5.11,1.0,budget_depleted,1000.0
12,278,16710,0,0,0.0,0.0,0.0,1000.0,5.11,1.0,budget_depleted,1000.0
12,278,16725,0,0,0.0,0.0,0.0,1000.0,5.11,1.0,budget_depleted,1000.0
12,279,16740,0,0,0.0,0.0,0.0,1000.0,5.27,1.0,budget_depleted,1000.0
12,279,16755,0,0,0.0,0.0,0.0,1000.0,5.27,1.0,budget_depleted,1000.0
12,279,16770,0,0,0.0,0.0,0.0,1000.0,5.27,1.0,budget_depleted,1000.0
12,279,16785,0,0,0.0,0.0,0.0,1000.0,5.27,1.0,budget_depleted,1000.0
12,280,16800,0,0,0.0,0.0,0.0,1000.0,5.27,1.0,budget_depleted,1000.0
12,280,16815,0,0,0.0,0.0,0.0,1000.0,5.27,1.0,budget_depleted,1000.0
12,280,16830,0,0,0.0,0.0,0.0,1000.0,5.27,1.0,budget_depleted,1000.0
12,280,16845,0,0,0.0,0.0,0.0,1000.0,5.27,1.0,budget_depleted,1000.0
12,281,16860,0,0,0.0,0.0,0.0,1000.0,4.32,1.0,budget_depleted,1000.0
12,281,16875,0,0,0.0,0.0,0.0,1000.0,4.32,1.0,budget_depleted,1000.0
12,281,16890,0,0,0.0,0.0,0.0,1000.0,4.32,1.0,budget_depleted,1000.0
12,281,16905,0,0,0.0,0.0,0.0,1000.0,4.32,1.0,budget_depleted,1000.0
12,282,16920,0,0,0.0,0.0,0.0,1000.0,3.54,1.0,budget_depleted,1000.0
12,282,16935,0,0,0.0,0.0,0.0,1000.0,3.54,1.0,budget_depleted,1000.0
12,282,16950,0,0,0.0,0.0,0.0,1000.0,3.54,1.0,budget_depleted,1000.0
12,282,16965,0,0,0.0,0.0,0.0,1000.0,3.54,1.0,budget_depleted,1000.0
12,283,16980,0,0,0.0,0.0,0.0,1000.0,1.44,1.0,budget_depleted,1000.0
12,283,16995,0,0,0.0,0.0,0.0,1000.0,1.44,1.0,budget_depleted,1000.0
12,283,17010,0,0,0.0,0.0,0.0,1000.0,1.44,1.0,budget_depleted,1000.0
12,283,17025,0,0,0.0,0.0,0.0,1000.0,1.44,1.0,budget_depleted,1000.0
12,284,17040,0,0,0.0,0.0,0.0,1000.0,1.44,1.0,budget_depleted,1000.0
12,284,17055,0,0,0.0,0.0,0.0,1000.0,1.44,1.0,budget_depleted,1000.0
12,284,17070,0,0,0.0,0.0,0.0,1000.0,1.44,1.0,budget_depleted,1000.0
12,284,17085,0,0,0.0,0.0,0.0,1000.0,1.44,1.0,budget_depleted,1000.0
12,285,17100,0,0,0.0,0.0,0.0,1000.0,1.49,1.0,budget_depleted,1000.0
12,285,17115,0,0,0.0,0.0,0.0,1000.0,1.49,1.0,budget_depleted,1000.0
12,285,17130,0,0,0.0,0.0,0.0,1000.0,1.49,1.0,budget_depleted,1000.0
12,285,17145,0,0,0.0,0.0,0.0,1000.0,1.49,1.0,budget_depleted,1000.0
12,286,17160,0,0,0.0,0.0,0.0,1000.0,1.53,1.0,budget_depleted,1000.0
12,286,17175,0,0,0.0,0.0,0.0,1000.0,1.53,1.0,budget_depleted,1000.0
12,286,17190,0,0,0.0,0.0,0.0,1000.0,1.53,1.0,budget_depleted,1000.0
12,286,17205,0,0,0.0,0.0,0.0,1000.0,1.53,1.0,budget_depleted,1000.0
12,287,17220,0,0,0.0,0.0,0.0,1000.0,1.58,1.0,budget_depleted,1000.0
12,287,17235,0,0,0.0,0.0,0.0,1000.0,1.58,1.0,budget_depleted,1000.0
12,287,17250,0,0,0.0,0.0,0.0,1000.0,1.58,1.0,budget_depleted,1000.0
12,287,17265,0,0,0.0,0.0,0.0,1000.0,1.58,1.0,budget_depleted,1000.0
13,288,17280,0,0,0.0,0.0,0.0,1000.0,1.58,0.0,normal,0.0
13,288,17295,2,0,3.16,3.16,1.58,1000.0,1.58,0.0,normal,3.16
13,288,17310,2,0,3.16,3.16,1.58,1000.0,1.58,0.0,normal,6.32
13,288,17325,0,0,0.0,0.0,0.6131,1000.0,1.58,0.0,normal,6.32
13,289,17340,0,0,0.0,0.0,0.01,1000.0,0.01,0.0,normal,6.32
13,289,17355,0,0,0.0,0.0,0.01,1000.0,0.01,0.0,normal,6.32
13,289,17370,0,0,0.0,0.0,0.01,1000.0,0.01,0.0,normal,6.32
13,289,17385,0,0,0.0,0.0,0.01,1000.0,0.01,0.0,normal,6.32
13,290,17400,0,0,0.0,0.0,0.01,1000.0,0.01,0.0,normal,6.32
13,290,17415,0,0,0.0,0.0,0.01,1000.0,0.01,0.0,normal,6.32
13,290,17430,0,0,0.0,0.0,0.01,1000.0,0.01,0.0,normal,6.32
13,290,17445,0,0,0.0,0.0,0.01,1000.0,0.01,0.0,normal,6.32
13,291,17460,0,0,0.0,0.0,0.01,1000.0,0.01,0.0,normal,6.32
13,291,17475,0,0,0.0,0.0,0.01,1000.0,0.01,0.0,normal,6.32
13,291,17490,0,0,0.0,0.0,0.01,1000.0,0.01,0.0,normal,6.32
13,291,17505,0,0,0.0,0.0,0.01,1000.0,0.01,0.0,normal,6.32
13,292,17520,0,0,0.0,0.0,0.01,1000.0,0.01,0.0,normal,6.32
13,292,17535,0,0,0.0,0.0,0.01,1000.0,0.01,0.0,normal,6.32
13,292,17550,0,0,0.0,0.0,0.01,1000.0,0.01,0.0,normal,6.32
13,292,17565,0,0,0.0,0.0,0.01,1000.0,0.01,0.0,normal,6.32
13,293,17580,0,0,0.0,0.0,0.01,1000.0,0.01,0.0,normal,6.32
13,293,17595,0,0,0.0,0.0,0.01,1000.0,0.01,0.0,normal,6.32
13,293,17610,0,0,0.0,0.0,0.01,1000.0,0.01,0.0,normal,6.32
13,293,17625,0,0,0.0,0.0,0.01,1000.0,0.01,0.0,normal,6.32
13,294,17640,0,0,0.0,0.0,0.01,1000.0,0.01,0.0,normal,6.32
13,294,17655,0,0,0.0,0.0,0.01,1000.0,0.01,0.0,normal,6.32
13,294,17670,0,0,0.0,0.0,0.01,1000.0,0.01,0.0,normal,6.32
13,294,17685,0,0,0.0,0.0,0.01,1000.0,0.01,0.0,normal,6.32
13,295,17700,0,0,0.0,0.0,0.01,1000.0,0.01,0.0,normal,6.32
13,295,17715,0,0,0.0,0.0,0.01,1000.0,0.01,0.0,normal,6.32
13,295,17730,0,0,0.0,0.0,0.01,1000.0,0.01,0.0,normal,6.32
13,295,17745,0,0,0.0,0.0,0.01,1000.0,0.01,0.0,normal,6.32
13,296,17760,0,0,0.0,0.0,0.01,1000.0,0.01,0.0,normal,6.32
13,296,17775,0,0,0.0,0.0,0.01,1000.0,0.01,0.0,normal,6.32
13,296,17790,0,0,0.0,0.0,0.01,1000.0,0.01,0.0,normal,6.32
13,296,17805,0,0,0.0,0.0,0.01,1000.0,0.01,0.0,normal,6.32
13,297,17820,0,0,0.0,0.0,0.01,1000.0,0.01,0.0,normal,6.32
13,297,17835,0,0,0.0,0.0,0.01,1000.0,0.01,0.0,normal,6.32
13,297,17850,0,0,0.0,0.0,0.01,1000.0,0.01,0.0,normal,6.32
13,297,17865,0,0,0.0,0.0,0.01,1000.0,0.01,0.0,normal,6.32
13,298,17880,0,0,0.0,0.0,0.01,1000.0,0.01,0.0,normal,6.32
13,298,17895,0,0,0.0,0.0,0.01,1000.0,0.01,0.0,normal,6.32
13,298,17910,0,0,0.0,0.0,0.01,1000.0,0.01,0.0,normal,6.32
13,298,17925,0,0,0.0,0.0,0.01,1000.0,0.01,0.0,normal,6.32
13,299,17940,0,0,0.0,0.0,0.01,1000.0,0.01,0.0,normal,6.32
13,299,17955,0,0,0.0,0.0,0.01,1000.0,0.01,0.0,normal,6.32
13,299,17970,0,0,0.0,0.0,0.01,1000.0,0.01,0.0,normal,6.32
13,299,17985,0,0,0.0,0.0,0.01,1000.0,0.01,0.0,normal,6.32
13,300,18000,0,0,0.0,0.0,0.01,1000.0,0.01,0.0,normal,6.32
13,300,18015,0,0,0.0,0.0,0.01,1000.0,0.01,0.0,normal,6.32
13,300,18030,0,0,0.0,0.0,0.01,1000.0,0.01,0.0,normal,6.32
13,300,18045,0,0,0.0,0.0,0.01,1000.0,0.01,0.0,normal,6.32
13,301,18060,0,0,0.0,0.0,0.01,1000.0,0.01,0.0,normal,6.32
13,301,18075,0,0,0.0,0.0,0.01,1000.0,0.01,0.0,normal,6.32
13,301,18090,0,0,0.0,0.0,0.01,1000.0,0.01,0.0,normal,6.32
13,301,18105,0,0,0.0,0.0,0.01,1000.0,0.01,0.0,normal,6.32
13,302,18120,0,0,0.0,0.0,0.01,1000.0,0.01,0.0,normal,6.32
13,302,18135,0,0,0.0,0.0,0.01,1000.0,0.01,0.0,normal,6.32
13,302,18150,0,0,0.0,0.0,0.01,1000.0,0.01,0.0,normal,6.32
13,302,18165,0,0,0.0,0.0,0.01,1000.0,0.01,0.0,normal,6.32
13,303,18180,0,0,0.0,0.0,0.01,1000.0,0.01,0.0,normal,6.32
13,303,18195,0,0,0.0,0.0,0.01,1000.0,0.01,0.0,normal,6.32
13,303,18210,0,0,0.0,0.0,0.01,1000.0,0.01,0.0,normal,6.32
13,303,18225,0,0,0.0,0.0,0.01,1000.0,0.01,0.0,normal,6.32
13,304,18240,0,0,0.0,0.0,0.01,1000.0,0.01,0.0,normal,6.32
13,304,18255,0,0,0.0,0.0,0.01,1000.0,0.01,0.0,normal,6.32
13,304,18270,0,0,0.0,0.0,0.01,1000.0,0.01,0.0,normal,6.32
13,304,18285,0,0,0.0,0.0,0.01,1000.0,0.01,0.0,normal,6.32
13,305,18300,0,0,0.0,0.0,0.01,1000.0,0.01,0.0,normal,6.32
13,305,18315,0,0,0.0,0.0,0.01,1000.0,0.01,0.0,normal,6.32
13,305,18330,0,0,0.0,0.0,0.01,1000.0,0.01,0.0,normal,6.32
13,305,18345,0,0,0.0,0.0,0.01,1000.0,0.01,0.0,normal,6.32
13,306,18360,0,0,0.0,0.0,0.01,1000.0,0.01,0.0,normal,6.32
13,306,18375,0,0,0.0,0.0,0.01,1000.0,0.01,0.0,normal,6.32
13,306,18390,0,0,0.0,0.0,0.01,1000.0,0.01,0.0,normal,6.32
13,306,18405,0,0,0.0,0.0,0.01,1000.0,0.01,0.0,normal,6.32
13,307,18420,0,0,0.0,0.0,0.01,1000.0,0.01,0.0,normal,6.32
13,307,18435,0,0,0.0,0.0,0.01,1000.0,0.01,0.0,normal,6.32
13,307,18450,0,0,0.0,0.0,0.01,1000.0,0.01,0.0,normal,6.32
13,307,18465,0,0,0.0,0.0,0.01,1000.0,0.01,0.0,normal,6.32
13,308,18480,0,0,0.0,0.0,0.01,1000.0,0.01,0.0,normal,6.32
13,308,18495,0,0,0.0,0.0,0.01,1000.0,0.01,0.0,normal,6.32
13,308,18510,0,0,0.0,0.0,0.01,1000.0,0.01,0.0,normal,6.32
13,308,18525,0,0,0.0,0.0,0.01,1000.0,0.01,0.0,normal,6.32
13,309,18540,0,0,0.0,0.0,0.01,1000.0,0.01,0.0,normal,6.32
13,309,18555,0,0,0.0,0.0,0.01,1000.0,0.01,0.0,normal,6.32
13,309,18570,0,0,0.0,0.0,0.01,1000.0,0.01,0.0,normal,6.32
13,309,18585,0,0,0.0,0.0,0.01,1000.0,0.01,0.0,normal,6.32
13,310,18600,0,0,0.0,0.0,0.01,1000.0,0.01,0.0,normal,6.32
13,310,18615,0,0,0.0,0.0,0.01,1000.0,0.01,0.0,normal,6.32
13,310,18630,0,0,0.0,0.0,0.01,1000.0,0.01,0.0,normal,6.32
13,310,18645,0,0,0.0,0.0,0.01,1000.0,0.01,0.0,normal,6.32
13,311,18660,0,0,0.0,0.0,0.01,1000.0,0.01,0.0,normal,6.32
13,311,18675,0,0,0.0,0.0,0.01,1000.0,0.01,0.0,normal,6.32
13,311,18690,0,0,0.0,0.0,0.01,1000.0,0.01,0.0,normal,6.32
13,311,18705,0,0,0.0,0.0,0.01,1000.0,0.01,0.0,normal,6.32
14,312,18720,0,0,0.0,0.0,0.01,1000.0,0.01,0.0,normal,0.0
14,312,18735,0,0,0.0,0.0,0.01,1000.0,0.01,0.0,normal,0.0
14,312,18750,0,0,0.0,0.0,0.0004,1000.0,0.01,0.0,normal,0.0
14,312,18765,0,0,0.0,0.0,0.01,1000.0,0.01,0.0,normal,0.0
14,313,18780,0,0,0.0,0.0,0.01,1000.0,0.01,0.0,normal,0.0
14,313,18795,0,0,0.0,0.0,0.01,1000.0,0.01,0.0,normal,0.0
14,313,18810,0,0,0.0,0.0,0.01,1000.0,0.01,0.0,normal,0.0
14,313,18825,0,0,0.0,0.0,0.01,1000.0,0.01,0.0,normal,0.0
14,314,18840,0,0,0.0,0.0,0.01,1000.0,0.01,0.0,normal,0.0
14,314,18855,0,0,0.0,0.0,0.01,1000.0,0.01,0.0,normal,0.0
14,314,18870,0,0,0.0,0.0,0.01,1000.0,0.01,0.0,normal,0.0
14,314,18885,0,0,0.0,0.0,0.01,1000.0,0.01,0.0,normal,0.0
14,315,18900,0,0,0.0,0.0,0.01,1000.0,0.01,0.0,normal,0.0
14,315,18915,0,0,0.0,0.0,0.01,1000.0,0.01,0.0,normal,0.0
14,315,18930,0,0,0.0,0.0,0.01,1000.0,0.01,0.0,normal,0.0
14,315,18945,0,0,0.0,0.0,0.01,1000.0,0.01,0.0,normal,0.0
14,316,18960,0,0,0.0,0.0,0.01,1000.0,0.01,0.0,normal,0.0
14,316,18975,0,0,0.0,0.0,0.01,1000.0,0.01,0.0,normal,0.0
14,316,18990,0,0,0.0,0.0,0.01,1000.0,0.01,0.0,normal,0.0
14,316,19005,0,0,0.0,0.0,0.01,1000.0,0.01,0.0,normal,0.0
14,317,19020,0,0,0.0,0.0,0.01,1000.0,0.01,0.0,normal,0.0
14,317,19035,0,0,0.0,0.0,0.01,1000.0,0.01,0.0,normal,0.0
14,317,19050,0,0,0.0,0.0,0.01,1000.0,0.01,0.0,normal,0.0
14,317,19065,0,0,0.0,0.0,0.01,1000.0,0.01,0.0,normal,0.0
14,318,19080,0,0,0.0,0.0,0.01,1000.0,0.01,0.0,normal,0.0
14,318,19095,0,0,0.0,0.0,0.01,1000.0,0.01,0.0,normal,0.0
14,318,19110,0,0,0.0,0.0,0.01,1000.0,0.01,0.0,normal,0.0
14,318,19125,0,0,0.0,0.0,0.01,1000.0,0.01,0.0,normal,0.0
14,319,19140,0,0,0.0,0.0,0.01,1000.0,0.01,0.0,normal,0.0
14,319,19155,0,0,0.0,0.0,0.01,1000.0,0.01,0.0,normal,0.0
14,319,19170,0,0,0.0,0.0,0.01,1000.0,0.01,0.0,normal,0.0
14,319,19185,0,0,0.0,0.0,0.01,1000.0,0.01,0.0,normal,0.0
14,320,19200,0,0,0.0,0.0,0.01,1000.0,0.01,0.0,normal,0.0
14,320,19215,0,0,0.0,0.0,0.01,1000.0,0.01,0.0,normal,0.0
14,320,19230,0,0,0.0,0.0,0.01,1000.0,0.01,0.0,normal,0.0
14,320,19245,0,0,0.0,0.0,0.01,1000.0,0.01,0.0,normal,0.0
14,321,19260,0,0,0.0,0.0,0.01,1000.0,0.01,0.0,normal,0.0
14,321,19275,0,0,0.0,0.0,0.01,1000.0,0.01,0.0,normal,0.0
14,321,19290,0,0,0.0,0.0,0.01,1000.0,0.01,0.0,normal,0.0
14,321,19305,0,0,0.0,0.0,0.01,1000.0,0.01,0.0,normal,0.0
14,322,19320,0,0,0.0,0.0,0.01,1000.0,0.01,0.0,normal,0.0
14,322,19335,0,0,0.0,0.0,0.01,1000.0,0.01,0.0,normal,0.0
14,322,19350,0,0,0.0,0.0,0.01,1000.0,0.01,0.0,normal,0.0
14,322,19365,0,0,0.0,0.0,0.01,1000.0,0.01,0.0,normal,0.0
14,323,19380,0,0,0.0,0.0,0.01,1000.0,0.01,0.0,normal,0.0
14,323,19395,0,0,0.0,0.0,0.01,1000.0,0.01,0.0,normal,0.0
14,323,19410,0,0,0.0,0.0,0.01,1000.0,0.01,0.0,normal,0.0
14,323,19425,0,0,0.0,0.0,0.01,1000.0,0.01,0.0,normal,0.0
14,324,19440,0,0,0.0,0.0,0.01,1000.0,0.01,0.0,normal,0.0
14,324,19455,0,0,0.0,0.0,0.01,1000.0,0.01,0.0,normal,0.0
14,324,19470,0,0,0.0,0.0,0.01,1000.0,0.01,0.0,normal,0.0
14,324,19485,0,0,0.0,0.0,0.01,1000.0,0.01,0.0,normal,0.0
14,325,19500,0,0,0.0,0.0,0.01,1000.0,0.01,0.0,normal,0.0
14,325,19515,0,0,0.0,0.0,0.01,1000.0,0.01,0.0,normal,0.0
14,325,19530,0,0,0.0,0.0,0.01,1000.0,0.01,0.0,normal,0.0
14,325,19545,0,0,0.0,0.0,0.01,1000.0,0.01,0.0,normal,0.0
14,326,19560,0,0,0.0,0.0,0.01,1000.0,0.01,0.0,normal,0.0
14,326,19575,0,0,0.0,0.0,0.01,1000.0,0.01,0.0,normal,0.0
14,326,19590,0,0,0.0,0.0,0.01,1000.0,0.01,0.0,normal,0.0
14,326,19605,0,0,0.0,0.0,0.01,1000.0,0.01,0.0,normal,0.0
14,327,19620,0,0,0.0,0.0,0.01,1000.0,0.01,0.0,normal,0.0
14,327,19635,0,0,0.0,0.0,0.01,1000.0,0.01,0.0,normal,0.0
14,327,19650,0,0,0.0,0.0,0.01,1000.0,0.01,0.0,normal,0.0
14,327,19665,0,0,0.0,0.0,0.01,1000.0,0.01,0.0,normal,0.0
14,328,19680,0,0,0.0,0.0,0.01,1000.0,0.01,0.0,normal,0.0
14,328,19695,0,0,0.0,0.0,0.01,1000.0,0.01,0.0,normal,0.0
14,328,19710,0,0,0.0,0.0,0.01,1000.0,0.01,0.0,normal,0.0
14,328,19725,0,0,0.0,0.0,0.01,1000.0,0.01,0.0,normal,0.0
14,329,19740,0,0,0.0,0.0,0.01,1000.0,0.01,0.0,normal,0.0
14,329,19755,0,0,0.0,0.0,0.01,1000.0,0.01,0.0,normal,0.0
14,329,19770,0,0,0.0,0.0,0.01,1000.0,0.01,0.0,normal,0.0
14,329,19785,0,0,0.0,0.0,0.01,1000.0,0.01,0.0,normal,0.0
14,330,19800,0,0,0.0,0.0,0.01,1000.0,0.01,0.0,normal,0.0
14,330,19815,0,0,0.0,0.0,0.01,1000.0,0.01,0.0,normal,0.0
14,330,19830,0,0,0.0,0.0,0.01,1000.0,0.01,0.0,normal,0.0
14,330,19845,0,0,0.0,0.0,0.01,1000.0,0.01,0.0,normal,0.0
14,331,19860,0,0,0.0,0.0,0.01,1000.0,0.01,0.0,normal,0.0
14,331,19875,0,0,0.0,0.0,0.01,1000.0,0.01,0.0,normal,0.0
14,331,19890,0,0,0.0,0.0,0.01,1000.0,0.01,0.0,normal,0.0
14,331,19905,0,0,0.0,0.0,0.01,1000.0,0.01,0.0,normal,0.0
14,332,19920,0,0,0.0,0.0,0.01,1000.0,0.01,0.0,normal,0.0
14,332,19935,0,0,0.0,0.0,0.01,1000.0,0.01,0.0,normal,0.0
14,332,19950,0,0,0.0,0.0,0.01,1000.0,0.01,0.0,normal,0.0
14,332,19965,0,0,0.0,0.0,0.01,1000.0,0.01,0.0,normal,0.0
14,333,19980,0,0,0.0,0.0,0.01,1000.0,0.01,0.0,normal,0.0
14,333,19995,0,0,0.0,0.0,0.01,1000.0,0.01,0.0,normal,0.0
14,333,20010,0,0,0.0,0.0,0.01,1000.0,0.01,0.0,normal,0.0
14,333,20025,0,0,0.0,0.0,0.01,1000.0,0.01,0.0,normal,0.0
14,334,20040,0,0,0.0,0.0,0.01,1000.0,0.01,0.0,normal,0.0
14,334,20055,0,0,0.0,0.0,0.01,1000.0,0.01,0.0,normal,0.0
14,334,20070,0,0,0.0,0.0,0.01,1000.0,0.01,0.0,normal,0.0
14,334,20085,0,0,0.0,0.0,0.01,1000.0,0.01,0.0,normal,0.0
14,335,20100,0,0,0.0,0.0,0.01,1000.0,0.01,0.0,normal,0.0
14,335,20115,0,0,0.0,0.0,0.01,1000.0,0.01,0.0,normal,0.0
14,335,20130,0,0,0.0,0.0,0.01,1000.0,0.01,0.0,normal,0.0
14,335,20145,0,0,0.0,0.0,0.01,1000.0,0.01,0.0,normal,0.0
15,336,20160,0,0,0.0,0.0,0.01,1000.0,0.01,0.0,normal,0.0
15,336,20175,0,0,0.0,0.0,0.01,1000.0,0.01,0.0,normal,0.0
15,336,20190,0,0,0.0,0.0,0.01,1000.0,0.01,0.0,normal,0.0
15,336,20205,0,0,0.0,0.0,0.01,1000.0,0.01,0.0,normal,0.0
15,337,20220,0,0,0.0,0.0,0.01,1000.0,0.01,0.0,normal,0.0
15,337,20235,0,0,0.0,0.0,0.01,1000.0,0.01,0.0,normal,0.0
15,337,20250,0,0,0.0,0.0,0.01,1000.0,0.01,0.0,normal,0.0
15,337,20265,0,0,0.0,0.0,0.01,1000.0,0.01,0.0,normal,0.0
15,338,20280,0,0,0.0,0.0,0.01,1000.0,0.01,0.0,normal,0.0
15,338,20295,0,0,0.0,0.0,0.01,1000.0,0.01,0.0,normal,0.0
15,338,20310,0,0,0.0,0.0,0.01,1000.0,0.01,0.0,normal,0.0
15,338,20325,0,0,0.0,0.0,0.01,1000.0,0.01,0.0,normal,0.0
15,339,20340,0,0,0.0,0.0,0.01,1000.0,0.01,0.0,normal,0.0
15,339,20355,0,0,0.0,0.0,0.01,1000.0,0.01,0.0,normal,0.0
15,339,20370,0,0,0.0,0.0,0.01,1000.0,0.01,0.0,normal,0.0
15,339,20385,0,0,0.0,0.0,0.01,1000.0,0.01,0.0,normal,0.0
15,340,20400,0,0,0.0,0.0,0.01,1000.0,0.01,0.0,normal,0.0
15,340,20415,0,0,0.0,0.0,0.01,1000.0,0.01,0.0,normal,0.0
15,340,20430,0,0,0.0,0.0,0.01,1000.0,0.01,0.0,normal,0.0
15,340,20445,0,0,0.0,0.0,0.01,1000.0,0.01,0.0,normal,0.0
15,341,20460,0,0,0.0,0.0,0.01,1000.0,0.01,0.0,normal,0.0
15,341,20475,0,0,0.0,0.0,0.01,1000.0,0.01,0.0,normal,0.0
15,341,20490,0,0,0.0,0.0,0.01,1000.0,0.01,0.0,normal,0.0
15,341,20505,0,0,0.0,0.0,0.01,1000.0,0.01,0.0,normal,0.0
15,342,20520,0,0,0.0,0.0,0.01,1000.0,0.01,0.0,normal,0.0
15,342,20535,0,0,0.0,0.0,0.01,1000.0,0.01,0.0,normal,0.0
15,342,20550,0,0,0.0,0.0,0.01,1000.0,0.01,0.0,normal,0.0
15,342,20565,0,0,0.0,0.0,0.01,1000.0,0.01,0.0,normal,0.0
15,343,20580,0,0,0.0,0.0,0.01,1000.0,0.01,0.0,normal,0.0
15,343,20595,0,0,0.0,0.0,0.01,1000.0,0.01,0.0,normal,0.0
15,343,20610,0,0,0.0,0.0,0.01,1000.0,0.01,0.0,normal,0.0
15,343,20625,0,0,0.0,0.0,0.01,1000.0,0.01,0.0,normal,0.0
15,344,20640,0,0,0.0,0.0,0.01,1000.0,0.01,0.0,normal,0.0
15,344,20655,0,0,0.0,0.0,0.01,1000.0,0.01,0.0,normal,0.0
15,344,20670,0,0,0.0,0.0,0.01,1000.0,0.01,0.0,normal,0.0
15,344,20685,0,0,0.0,0.0,0.01,1000.0,0.01,0.0,normal,0.0
15,345,20700,0,0,0.0,0.0,0.01,1000.0,0.01,0.0,normal,0.0
15,345,20715,0,0,0.0,0.0,0.01,1000.0,0.01,0.0,normal,0.0
15,345,20730,0,0,0.0,0.0,0.01,1000.0,0.01,0.0,normal,0.0
15,345,20745,0,0,0.0,0.0,0.01,1000.0,0.01,0.0,normal,0.0
15,346,20760,0,0,0.0,0.0,0.01,1000.0,0.01,0.0,normal,0.0
15,346,20775,0,0,0.0,0.0,0.01,1000.0,0.01,0.0,normal,0.0
15,346,20790,0,0,0.0,0.0,0.01,1000.0,0.01,0.0,normal,0.0
15,346,20805,0,0,0.0,0.0,0.01,1000.0,0.01,0.0,normal,0.0
15,347,20820,0,0,0.0,0.0,0.01,1000.0,0.01,0.0,normal,0.0
15,347,20835,0,0,0.0,0.0,0.01,1000.0,0.01,0.0,normal,0.0
15,347,20850,0,0,0.0,0.0,0.01,1000.0,0.01,0.0,normal,0.0
15,347,20865,0,0,0.0,0.0,0.01,1000.0,0.01,0.0,normal,0.0
15,348,20880,0,0,0.0,0.0,0.01,1000.0,0.01,0.0,normal,0.0
15,348,20895,0,0,0.0,0.0,0.01,1000.0,0.01,0.0,normal,0.0
15,348,20910,0,0,0.0,0.0,0.01,1000.0,0.01,0.0,normal,0.0
15,348,20925,0,0,0.0,0.0,0.01,1000.0,0.01,0.0,normal,0.0
15,349,20940,0,0,0.0,0.0,0.01,1000.0,0.01,0.0,normal,0.0
15,349,20955,1,0,0.01,0.01,0.01,1000.0,0.01,0.0,normal,0.01
15,349,20970,0,0,0.0,0.0,0.01,1000.0,0.01,0.0,normal,0.01
15,349,20985,0,0,0.0,0.0,0.01,1000.0,0.01,0.0,normal,0.01
15,350,21000,0,0,0.0,0.0,0.01,1000.0,0.01,0.0,normal,0.01
15,350,21015,0,0,0.0,0.0,0.01,1000.0,0.01,0.0,normal,0.01
15,350,21030,0,0,0.0,0.0,0.01,1000.0,0.01,0.0,normal,0.01
15,350,21045,0,0,0.0,0.0,0.01,1000.0,0.01,0.0,normal,0.01
15,351,21060,0,0,0.0,0.0,0.01,1000.0,0.01,0.0,normal,0.01
15,351,21075,0,0,0.0,0.0,0.01,1000.0,0.01,0.0,normal,0.01
15,351,21090,0,0,0.0,0.0,0.01,1000.0,0.01,0.0,normal,0.01
15,351,21105,0,0,0.0,0.0,0.01,1000.0,0.01,0.0,normal,0.01
15,352,21120,0,0,0.0,0.0,0.01,1000.0,0.01,0.0,normal,0.01
15,352,21135,0,0,0.0,0.0,0.01,1000.0,0.01,0.0,normal,0.01
15,352,21150,0,0,0.0,0.0,0.01,1000.0,0.01,0.0,normal,0.01
15,352,21165,0,0,0.0,0.0,0.01,1000.0,0.01,0.0,normal,0.01
15,353,21180,0,0,0.0,0.0,0.01,1000.0,0.01,0.0,normal,0.01
15,353,21195,0,0,0.0,0.0,0.01,1000.0,0.01,0.0,normal,0.01
15,353,21210,0,0,0.0,0.0,0.01,1000.0,0.01,0.0,normal,0.01
15,353,21225,0,0,0.0,0.0,0.01,1000.0,0.01,0.0,normal,0.01
15,354,21240,0,0,0.0,0.0,0.01,1000.0,0.01,0.0,normal,0.01
15,354,21255,0,0,0.0,0.0,0.01,1000.0,0.01,0.0,normal,0.01
15,354,21270,0,0,0.0,0.0,0.01,1000.0,0.01,0.0,normal,0.01
15,354,21285,0,0,0.0,0.0,0.01,1000.0,0.01,0.0,normal,0.01
15,355,21300,0,0,0.0,0.0,0.01,1000.0,0.01,0.0,normal,0.01
15,355,21315,0,0,0.0,0.0,0.01,1000.0,0.01,0.0,normal,0.01
15,355,21330,0,0,0.0,0.0,0.01,1000.0,0.01,0.0,normal,0.01
15,355,21345,0,0,0.0,0.0,0.01,1000.0,0.01,0.0,normal,0.01
15,356,21360,0,0,0.0,0.0,0.01,1000.0,0.01,0.0,normal,0.01
15,356,21375,0,0,0.0,0.0,0.01,1000.0,0.01,0.0,normal,0.01
15,356,21390,0,0,0.0,0.0,0.01,1000.0,0.01,0.0,normal,0.01
15,356,21405,0,0,0.0,0.0,0.01,1000.0,0.01,0.0,normal,0.01
15,357,21420,0,0,0.0,0.0,0.01,1000.0,0.01,0.0,normal,0.01
15,357,21435,0,0,0.0,0.0,0.01,1000.0,0.01,0.0,normal,0.01
15,357,21450,0,0,0.0,0.0,0.01,1000.0,0.01,0.0,normal,0.01
15,357,21465,0,0,0.0,0.0,0.01,1000.0,0.01,0.0,normal,0.01
15,358,21480,0,0,0.0,0.0,0.01,1000.0,0.01,0.0,normal,0.01
15,358,21495,0,0,0.0,0.0,0.01,1000.0,0.01,0.0,normal,0.01
15,358,21510,0,0,0.0,0.0,0.01,1000.0,0.01,0.0,normal,0.01
15,358,21525,0,0,0.0,0.0,0.01,1000.0,0.01,0.0,normal,0.01
15,359,21540,0,0,0.0,0.0,0.01,1000.0,0.01,0.0,normal,0.01
15,359,21555,0,0,0.0,0.0,0.01,1000.0,0.01,0.0,normal,0.01
15,359,21570,0,0,0.0,0.0,0.01,1000.0,0.01,0.0,normal,0.01
15,359,21585,0,0,0.0,0.0,0.01,1000.0,0.01,0.0,normal,0.01
16,360,21600,0,0,0.0,0.0,0.01,1000.0,0.01,0.0,normal,0.0
16,360,21615,0,0,0.0,0.0,0.01,1000.0,0.01,0.0,normal,0.0
16,360,21630,0,0,0.0,0.0,0.01,1000.0,0.01,0.0,normal,0.0
16,360,21645,0,0,0.0,0.0,0.01,1000.0,0.01,0.0,normal,0.0
16,361,21660,0,0,0.0,0.0,0.01,1000.0,0.01,0.0,normal,0.0
16,361,21675,0,0,0.0,0.0,0.01,1000.0,0.01,0.0,normal,0.0
16,361,21690,0,0,0.0,0.0,0.01,1000.0,0.01,0.0,normal,0.0
16,361,21705,0,0,0.0,0.0,0.01,1000.0,0.01,0.0,normal,0.0
16,362,21720,0,0,0.0,0.0,0.01,1000.0,0.01,0.0,normal,0.0
16,362,21735,0,0,0.0,0.0,0.01,1000.0,0.01,0.0,normal,0.0
16,362,21750,0,0,0.0,0.0,0.01,1000.0,0.01,0.0,normal,0.0
16,362,21765,0,0,0.0,0.0,0.0092,1000.0,0.01,0.0,normal,0.0
16,363,21780,0,0,0.0,0.0,0.01,1000.0,0.01,0.0,normal,0.0
16,363,21795,0,0,0.0,0.0,0.01,1000.0,0.01,0.0,normal,0.0
16,363,21810,0,0,0.0,0.0,0.01,1000.0,0.01,0.0,normal,0.0
16,363,21825,0,0,0.0,0.0,0.01,1000.0,0.01,0.0,normal,0.0
16,364,21840,1,0,0.01,0.01,0.01,1000.0,0.01,0.0,normal,0.01
16,364,21855,0,0,0.0,0.0,0.01,1000.0,0.01,0.0,normal,0.01
16,364,21870,0,0,0.0,0.0,0.01,1000.0,0.01,0.0,normal,0.01
16,364,21885,0,0,0.0,0.0,0.01,1000.0,0.01,0.0,normal,0.01
16,365,21900,0,0,0.0,0.0,0.01,1000.0,0.01,0.0,normal,0.01
16,365,21915,0,0,0.0,0.0,0.01,1000.0,0.01,0.0,normal,0.01
16,365,21930,0,0,0.0,0.0,0.01,1000.0,0.01,0.0,normal,0.01
16,365,21945,0,0,0.0,0.0,0.01,1000.0,0.01,0.0,normal,0.01
16,366,21960,0,0,0.0,0.0,0.01,1000.0,0.01,0.0,normal,0.01
16,366,21975,0,0,0.0,0.0,0.01,1000.0,0.01,0.0,normal,0.01
16,366,21990,0,0,0.0,0.0,0.01,1000.0,0.01,0.0,normal,0.01
16,366,22005,0,0,0.0,0.0,0.01,1000.0,0.01,0.0,normal,0.01
16,367,22020,0,0,0.0,0.0,0.01,1000.0,0.01,0.0,normal,0.01
16,367,22035,0,0,0.0,0.0,0.01,1000.0,0.01,0.0,normal,0.01
16,367,22050,0,0,0.0,0.0,0.01,1000.0,0.01,0.0,normal,0.01
16,367,22065,0,0,0.0,0.0,0.01,1000.0,0.01,0.0,normal,0.01
16,368,22080,0,0,0.0,0.0,0.01,1000.0,0.01,0.0,normal,0.01
16,368,22095,0,0,0.0,0.0,0.01,1000.0,0.01,0.0,normal,0.01
16,368,22110,1,0,0.01,0.01,0.01,1000.0,0.01,0.0,normal,0.02
16,368,22125,0,0,0.0,0.0,0.01,1000.0,0.01,0.0,normal,0.02
16,369,22140,0,0,0.0,0.0,0.01,1000.0,0.01,0.0,normal,0.02
16,369,22155,0,0,0.0,0.0,0.01,1000.0,0.01,0.0,normal,0.02
16,369,22170,0,0,0.0,0.0,0.01,1000.0,0.01,0.0,normal,0.02
16,369,22185,0,0,0.0,0.0,0.01,1000.0,0.01,0.0,normal,0.02
16,370,22200,0,0,0.0,0.0,0.01,1000.0,0.01,0.0,normal,0.02
16,370,22215,0,0,0.0,0.0,0.01,1000.0,0.01,0.0,normal,0.02
16,370,22230,0,0,0.0,0.0,0.01,1000.0,0.01,0.0,normal,0.02
16,370,22245,0,0,0.0,0.0,0.01,1000.0,0.01,0.0,normal,0.02
16,371,22260,0,0,0.0,0.0,0.01,1000.0,0.01,0.0,normal,0.02
16,371,22275,0,0,0.0,0.0,0.01,1000.0,0.01,0.0,normal,0.02
16,371,22290,0,0,0.0,0.0,0.01,1000.0,0.01,0.0,normal,0.02
16,371,22305,0,0,0.0,0.0,0.01,1000.0,0.01,0.0,normal,0.02
16,372,22320,0,0,0.0,0.0,0.01,1000.0,0.01,0.0,normal,0.02
16,372,22335,0,0,0.0,0.0,0.01,1000.0,0.01,0.0,normal,0.02
16,372,22350,0,0,0.0,0.0,0.01,1000.0,0.01,0.0,normal,0.02
16,372,22365,0,0,0.0,0.0,0.01,1000.0,0.01,0.0,normal,0.02
16,373,22380,0,0,0.0,0.0,0.01,1000.0,0.01,0.0,normal,0.02
16,373,22395,0,0,0.0,0.0,0.01,1000.0,0.01,0.0,normal,0.02
16,373,22410,1,0,0.01,0.01,0.01,1000.0,0.01,0.0,normal,0.03
16,373,22425,0,0,0.0,0.0,0.01,1000.0,0.01,0.0,normal,0.03
16,374,22440,0,0,0.0,0.0,0.01,1000.0,0.01,0.0,normal,0.03
16,374,22455,1,0,0.01,0.01,0.01,1000.0,0.01,0.0,normal,0.04
16,374,22470,0,0,0.0,0.0,0.01,1000.0,0.01,0.0,normal,0.04
16,374,22485,0,0,0.0,0.0,0.01,1000.0,0.01,0.0,normal,0.04
16,375,22500,0,0,0.0,0.0,0.01,1000.0,0.01,0.0,normal,0.04
16,375,22515,0,0,0.0,0.0,0.01,1000.0,0.01,0.0,normal,0.04
16,375,22530,0,0,0.0,0.0,0.01,1000.0,0.01,0.0,normal,0.04
16,375,22545,0,0,0.0,0.0,0.01,1000.0,0.01,0.0,normal,0.04
16,376,22560,0,0,0.0,0.0,0.01,1000.0,0.01,0.0,normal,0.04
16,376,22575,0,0,0.0,0.0,0.01,1000.0,0.01,0.0,normal,0.04
16,376,22590,1,0,0.01,0.01,0.01,1000.0,0.01,0.0,normal,0.05
16,376,22605,0,0,0.0,0.0,0.01,1000.0,0.01,0.0,normal,0.05
16,377,22620,0,0,0.0,0.0,0.01,1000.0,0.01,0.0,normal,0.05
16,377,22635,0,0,0.0,0.0,0.01,1000.0,0.01,0.0,normal,0.05
16,377,22650,0,0,0.0,0.0,0.01,1000.0,0.01,0.0,normal,0.05
16,377,22665,0,0,0.0,0.0,0.01,1000.0,0.01,0.0,normal,0.05
16,378,22680,0,0,0.0,0.0,0.01,1000.0,0.01,0.0,normal,0.05
16,378,22695,0,0,0.0,0.0,0.01,1000.0,0.01,0.0,normal,0.05
16,378,22710,0,0,0.0,0.0,0.01,1000.0,0.01,0.0,normal,0.05
16,378,22725,0,0,0.0,0.0,0.01,1000.0,0.01,0.0,normal,0.05
16,379,22740,0,0,0.0,0.0,0.01,1000.0,0.01,0.0,normal,0.05
16,379,22755,0,0,0.0,0.0,0.01,1000.0,0.01,0.0,normal,0.05
16,379,22770,0,0,0.0,0.0,0.01,1000.0,0.01,0.0,normal,0.05
16,379,22785,0,0,0.0,0.0,0.01,1000.0,0.01,0.0,normal,0.05
16,380,22800,0,0,0.0,0.0,0.01,1000.0,0.01,0.0,normal,0.05
16,380,22815,0,0,0.0,0.0,0.01,1000.0,0.01,0.0,normal,0.05
16,380,22830,0,0,0.0,0.0,0.01,1000.0,0.01,0.0,normal,0.05
16,380,22845,0,0,0.0,0.0,0.01,1000.0,0.01,0.0,normal,0.05
16,381,22860,0,0,0.0,0.0,0.01,1000.0,0.01,0.0,normal,0.05
16,381,22875,0,0,0.0,0.0,0.01,1000.0,0.01,0.0,normal,0.05
16,381,22890,0,0,0.0,0.0,0.01,1000.0,0.01,0.0,normal,0.05
16,381,22905,0,0,0.0,0.0,0.01,1000.0,0.01,0.0,normal,0.05
16,382,22920,0,0,0.0,0.0,0.01,1000.0,0.01,0.0,normal,0.05
16,382,22935,0,0,0.0,0.0,0.01,1000.0,0.01,0.0,normal,0.05
16,382,22950,0,0,0.0,0.0,0.01,1000.0,0.01,0.0,normal,0.05
16,382,22965,0,0,0.0,0.0,0.01,1000.0,0.01,0.0,normal,0.05
16,383,22980,0,0,0.0,0.0,0.01,1000.0,0.01,0.0,normal,0.05
16,383,22995,0,0,0.0,0.0,0.01,1000.0,0.01,0.0,normal,0.05
16,383,23010,0,0,0.0,0.0,0.01,1000.0,0.01,0.0,normal,0.05
16,383,23025,0,0,0.0,0.0,0.01,1000.0,0.01,0.0,normal,0.05
17,384,23040,0,0,0.0,0.0,0.01,1000.0,0.01,0.0,normal,0.0
17,384,23055,0,0,0.0,0.0,0.01,1000.0,0.01,0.0,normal,0.0
17,384,23070,0,0,0.0,0.0,0.01,1000.0,0.01,0.0,normal,0.0
17,384,23085,0,0,0.0,0.0,0.01,1000.0,0.01,0.0,normal,0.0
17,385,23100,0,0,0.0,0.0,0.01,1000.0,0.01,0.0,normal,0.0
17,385,23115,0,0,0.0,0.0,0.01,1000.0,0.01,0.0,normal,0.0
17,385,23130,0,0,0.0,0.0,0.01,1000.0,0.01,0.0,normal,0.0
17,385,23145,0,0,0.0,0.0,0.01,1000.0,0.01,0.0,normal,0.0
17,386,23160,0,0,0.0,0.0,0.01,1000.0,0.01,0.0,normal,0.0
17,386,23175,0,0,0.0,0.0,0.01,1000.0,0.01,0.0,normal,0.0
17,386,23190,0,0,0.0,0.0,0.01,1000.0,0.01,0.0,normal,0.0
17,386,23205,0,0,0.0,0.0,0.01,1000.0,0.01,0.0,normal,0.0
17,387,23220,0,0,0.0,0.0,0.01,1000.0,0.01,0.0,normal,0.0
17,387,23235,0,0,0.0,0.0,0.01,1000.0,0.01,0.0,normal,0.0
17,387,23250,0,0,0.0,0.0,0.01,1000.0,0.01,0.0,normal,0.0
17,387,23265,0,0,0.0,0.0,0.01,1000.0,0.01,0.0,normal,0.0
17,388,23280,0,0,0.0,0.0,0.01,1000.0,0.01,0.0,normal,0.0
17,388,23295,1,0,0.01,0.01,0.01,1000.0,0.01,0.0,normal,0.01
17,388,23310,0,0,0.0,0.0,0.01,1000.0,0.01,0.0,normal,0.01
17,388,23325,0,0,0.0,0.0,0.01,1000.0,0.01,0.0,normal,0.01
17,389,23340,0,0,0.0,0.0,0.01,1000.0,0.01,0.0,normal,0.01
17,389,23355,0,0,0.0,0.0,0.01,1000.0,0.01,0.0,normal,0.01
17,389,23370,0,0,0.0,0.0,0.01,1000.0,0.01,0.0,normal,0.01
17,389,23385,0,0,0.0,0.0,0.01,1000.0,0.01,0.0,normal,0.01
17,390,23400,0,0,0.0,0.0,0.01,1000.0,0.01,0.0,normal,0.01
17,390,23415,0,0,0.0,0.0,0.01,1000.0,0.01,0.0,normal,0.01
17,390,23430,0,0,0.0,0.0,0.01,1000.0,0.01,0.0,normal,0.01
17,390,23445,0,0,0.0,0.0,0.01,1000.0,0.01,0.0,normal,0.01
17,391,23460,0,0,0.0,0.0,0.01,1000.0,0.01,0.0,normal,0.01
17,391,23475,0,0,0.0,0.0,0.01,1000.0,0.01,0.0,normal,0.01
17,391,23490,0,0,0.0,0.0,0.01,1000.0,0.01,0.0,normal,0.01
17,391,23505,0,0,0.0,0.0,0.01,1000.0,0.01,0.0,normal,0.01
17,392,23520,0,0,0.0,0.0,0.01,1000.0,0.01,0.0,normal,0.01
17,392,23535,1,0,0.01,0.01,0.01,1000.0,0.01,0.0,normal,0.02
17,392,23550,0,0,0.0,0.0,0.01,1000.0,0.01,0.0,normal,0.02
17,392,23565,0,0,0.0,0.0,0.01,1000.0,0.01,0.0,normal,0.02
17,393,23580,0,0,0.0,0.0,0.01,1000.0,0.01,0.0,normal,0.02
17,393,23595,0,0,0.0,0.0,0.01,1000.0,0.01,0.0,normal,0.02
17,393,23610,0,0,0.0,0.0,0.01,1000.0,0.01,0.0,normal,0.02
17,393,23625,0,0,0.0,0.0,0.01,1000.0,0.01,0.0,normal,0.02
17,394,23640,0,0,0.0,0.0,0.01,1000.0,0.01,0.0,normal,0.02
17,394,23655,0,0,0.0,0.0,0.01,1000.0,0.01,0.0,normal,0.02
17,394,23670,0,0,0.0,0.0,0.01,1000.0,0.01,0.0,normal,0.02
17,394,23685,0,0,0.0,0.0,0.01,1000.0,0.01,0.0,normal,0.02
17,395,23700,0,0,0.0,0.0,0.01,1000.0,0.01,0.0,normal,0.02
17,395,23715,0,0,0.0,0.0,0.01,1000.0,0.01,0.0,normal,0.02
17,395,23730,0,0,0.0,0.0,0.01,1000.0,0.01,0.0,normal,0.02
17,395,23745,0,0,0.0,0.0,0.01,1000.0,0.01,0.0,normal,0.02
17,396,23760,0,0,0.0,0.0,0.01,1000.0,0.01,0.0,normal,0.02
17,396,23775,0,0,0.0,0.0,0.01,1000.0,0.01,0.0,normal,0.02
17,396,23790,0,0,0.0,0.0,0.01,1000.0,0.01,0.0,normal,0.02
17,396,23805,0,0,0.0,0.0,0.01,1000.0,0.01,0.0,normal,0.02
17,397,23820,0,0,0.0,0.0,0.01,1000.0,0.01,0.0,normal,0.02
17,397,23835,0,0,0.0,0.0,0.01,1000.0,0.01,0.0,normal,0.02
17,397,23850,0,0,0.0,0.0,0.01,1000.0,0.01,0.0,normal,0.02
17,397,23865,0,0,0.0,0.0,0.01,1000.0,0.01,0.0,normal,0.02
17,398,23880,0,0,0.0,0.0,0.01,1000.0,0.01,0.0,normal,0.02
17,398,23895,0,0,0.0,0.0,0.01,1000.0,0.01,0.0,normal,0.02
17,398,23910,0,0,0.0,0.0,0.01,1000.0,0.01,0.0,normal,0.02
17,398,23925,0,0,0.0,0.0,0.01,1000.0,0.01,0.0,normal,0.02
17,399,23940,0,0,0.0,0.0,0.0013,1000.0,0.01,0.0,normal,0.02
17,399,23955,0,0,0.0,0.0,0.01,1000.0,0.01,0.0,normal,0.02
17,399,23970,0,0,0.0,0.0,0.01,1000.0,0.01,0.0,normal,0.02
17,399,23985,0,0,0.0,0.0,0.01,1000.0,0.01,0.0,normal,0.02
17,400,24000,0,0,0.0,0.0,0.01,1000.0,0.01,0.0,normal,0.02
17,400,24015,0,0,0.0,0.0,0.01,1000.0,0.01,0.0,normal,0.02
17,400,24030,0,0,0.0,0.0,0.01,1000.0,0.01,0.0,normal,0.02
17,400,24045,0,0,0.0,0.0,0.01,1000.0,0.01,0.0,normal,0.02
17,401,24060,0,0,0.0,0.0,0.01,1000.0,0.01,0.0,normal,0.02
17,401,24075,0,0,0.0,0.0,0.01,1000.0,0.01,0.0,normal,0.02
17,401,24090,0,0,0.0,0.0,0.01,1000.0,0.01,0.0,normal,0.02
17,401,24105,0,0,0.0,0.0,0.01,1000.0,0.01,0.0,normal,0.02
17,402,24120,0,0,0.0,0.0,0.01,1000.0,0.01,0.0,normal,0.02
17,402,24135,0,0,0.0,0.0,0.01,1000.0,0.01,0.0,normal,0.02
17,402,24150,0,0,0.0,0.0,0.01,1000.0,0.01,0.0,normal,0.02
17,402,24165,0,0,0.0,0.0,0.01,1000.0,0.01,0.0,normal,0.02
17,403,24180,0,0,0.0,0.0,0.01,1000.0,0.01,0.0,normal,0.02
17,403,24195,0,0,0.0,0.0,0.01,1000.0,0.01,0.0,normal,0.02
17,403,24210,0,0,0.0,0.0,0.01,1000.0,0.01,0.0,normal,0.02
17,403,24225,0,0,0.0,0.0,0.01,1000.0,0.01,0.0,normal,0.02
17,404,24240,0,0,0.0,0.0,0.01,1000.0,0.01,0.0,normal,0.02
17,404,24255,0,0,0.0,0.0,0.01,1000.0,0.01,0.0,normal,0.02
17,404,24270,0,0,0.0,0.0,0.01,1000.0,0.01,0.0,normal,0.02
17,404,24285,0,0,0.0,0.0,0.01,1000.0,0.01,0.0,normal,0.02
17,405,24300,1,0,0.01,0.01,0.01,1000.0,0.01,0.0,normal,0.03
17,405,24315,0,0,0.0,0.0,0.01,1000.0,0.01,0.0,normal,0.03
17,405,24330,0,0,0.0,0.0,0.01,1000.0,0.01,0.0,normal,0.03
17,405,24345,1,0,0.01,0.01,0.01,1000.0,0.01,0.0,normal,0.04
17,406,24360,1,0,0.01,0.01,0.01,1000.0,0.01,0.0,normal,0.05
17,406,24375,0,0,0.0,0.0,0.01,1000.0,0.01,0.0,normal,0.05
17,406,24390,0,0,0.0,0.0,0.01,1000.0,0.01,0.0,normal,0.05
17,406,24405,0,0,0.0,0.0,0.01,1000.0,0.01,0.0,normal,0.05
17,407,24420,0,0,0.0,0.0,0.01,1000.0,0.01,0.0,normal,0.05
17,407,24435,0,0,0.0,0.0,0.01,1000.0,0.01,0.0,normal,0.05
17,407,24450,0,0,0.0,0.0,0.01,1000.0,0.01,0.0,normal,0.05
17,407,24465,1,0,0.01,0.01,0.01,1000.0,0.01,0.0,normal,0.06
18,408,24480,0,0,0.0,0.0,0.01,1000.0,0.01,0.0,normal,0.0
18,408,24495,0,0,0.0,0.0,0.01,1000.0,0.01,0.0,normal,0.0
18,408,24510,0,0,0.0,0.0,0.01,1000.0,0.01,0.0,normal,0.0
18,408,24525,0,0,0.0,0.0,0.01,1000.0,0.01,0.0,normal,0.0
18,409,24540,0,0,0.0,0.0,0.01,1000.0,0.01,0.0,normal,0.0
18,409,24555,0,0,0.0,0.0,0.01,1000.0,0.01,0.0,normal,0.0
18,409,24570,0,0,0.0,0.0,0.01,1000.0,0.01,0.0,normal,0.0
18,409,24585,0,0,0.0,0.0,0.01,1000.0,0.01,0.0,normal,0.0
18,410,24600,0,0,0.0,0.0,0.01,1000.0,0.01,0.0,normal,0.0
18,410,24615,0,0,0.0,0.0,0.01,1000.0,0.01,0.0,normal,0.0
18,410,24630,0,0,0.0,0.0,0.0004,1000.0,0.01,0.0,normal,0.0
18,410,24645,0,0,0.0,0.0,0.01,1000.0,0.01,0.0,normal,0.0
18,411,24660,0,0,0.0,0.0,0.01,1000.0,0.01,0.0,normal,0.0
18,411,24675,0,0,0.0,0.0,0.01,1000.0,0.01,0.0,normal,0.0
18,411,24690,0,0,0.0,0.0,0.01,1000.0,0.01,0.0,normal,0.0
18,411,24705,0,0,0.0,0.0,0.01,1000.0,0.01,0.0,normal,0.0
18,412,24720,0,0,0.0,0.0,0.01,1000.0,0.01,0.0,normal,0.0
18,412,24735,0,0,0.0,0.0,0.01,1000.0,0.01,0.0,normal,0.0
18,412,24750,0,0,0.0,0.0,0.01,1000.0,0.01,0.0,normal,0.0
18,412,24765,0,0,0.0,0.0,0.01,1000.0,0.01,0.0,normal,0.0
18,413,24780,0,0,0.0,0.0,0.005,1000.0,0.01,0.0,normal,0.0
18,413,24795,0,0,0.0,0.0,0.01,1000.0,0.01,0.0,normal,0.0
18,413,24810,0,0,0.0,0.0,0.01,1000.0,0.01,0.0,normal,0.0
18,413,24825,0,0,0.0,0.0,0.01,1000.0,0.01,0.0,normal,0.0
18,414,24840,0,0,0.0,0.0,0.01,1000.0,0.01,0.0,normal,0.0
18,414,24855,0,0,0.0,0.0,0.01,1000.0,0.01,0.0,normal,0.0
18,414,24870,0,0,0.0,0.0,0.01,1000.0,0.01,0.0,normal,0.0
18,414,24885,0,0,0.0,0.0,0.01,1000.0,0.01,0.0,normal,0.0
18,415,24900,0,0,0.0,0.0,0.01,1000.0,0.01,0.0,normal,0.0
18,415,24915,0,0,0.0,0.0,0.01,1000.0,0.01,0.0,normal,0.0
18,415,24930,0,0,0.0,0.0,0.01,1000.0,0.01,0.0,normal,0.0
18,415,24945,0,0,0.0,0.0,0.01,1000.0,0.01,0.0,normal,0.0
18,416,24960,0,0,0.0,0.0,0.01,1000.0,0.01,0.0,normal,0.0
18,416,24975,0,0,0.0,0.0,0.01,1000.0,0.01,0.0,normal,0.0
18,416,24990,0,0,0.0,0.0,0.01,1000.0,0.01,0.0,normal,0.0
18,416,25005,0,0,0.0,0.0,0.01,1000.0,0.01,0.0,normal,0.0
18,417,25020,0,0,0.0,0.0,0.01,1000.0,0.01,0.0,normal,0.0
18,417,25035,0,0,0.0,0.0,0.01,1000.0,0.01,0.0,normal,0.0
18,417,25050,0,0,0.0,0.0,0.01,1000.0,0.01,0.0,normal,0.0
18,417,25065,0,0,0.0,0.0,0.01,1000.0,0.01,0.0,normal,0.0
18,418,25080,0,0,0.0,0.0,0.01,1000.0,0.01,0.0,normal,0.0
18,418,25095,0,0,0.0,0.0,0.01,1000.0,0.01,0.0,normal,0.0
18,418,25110,0,0,0.0,0.0,0.01,1000.0,0.01,0.0,normal,0.0
18,418,25125,0,0,0.0,0.0,0.01,1000.0,0.01,0.0,normal,0.0
18,419,25140,0,0,0.0,0.0,0.01,1000.0,0.01,0.0,normal,0.0
18,419,25155,0,0,0.0,0.0,0.01,1000.0,0.01,0.0,normal,0.0
18,419,25170,0,0,0.0,0.0,0.01,1000.0,0.01,0.0,normal,0.0
18,419,25185,0,0,0.0,0.0,0.01,1000.0,0.01,0.0,normal,0.0
18,420,25200,0,0,0.0,0.0,0.01,1000.0,0.01,0.0,normal,0.0
18,420,25215,0,0,0.0,0.0,0.01,1000.0,0.01,0.0,normal,0.0
18,420,25230,0,0,0.0,0.0,0.01,1000.0,0.01,0.0,normal,0.0
18,420,25245,0,0,0.0,0.0,0.01,1000.0,0.01,0.0,normal,0.0
18,421,25260,0,0,0.0,0.0,0.01,1000.0,0.01,0.0,normal,0.0
18,421,25275,0,0,0.0,0.0,0.01,1000.0,0.01,0.0,normal,0.0
18,421,25290,0,0,0.0,0.0,0.01,1000.0,0.01,0.0,normal,0.0
18,421,25305,0,0,0.0,0.0,0.01,1000.0,0.01,0.0,normal,0.0
18,422,25320,0,0,0.0,0.0,0.01,1000.0,0.01,0.0,normal,0.0
18,422,25335,0,0,0.0,0.0,0.01,1000.0,0.01,0.0,normal,0.0
18,422,25350,0,0,0.0,0.0,0.01,1000.0,0.01,0.0,normal,0.0
18,422,25365,0,0,0.0,0.0,0.01,1000.0,0.01,0.0,normal,0.0
18,423,25380,0,0,0.0,0.0,0.01,1000.0,0.01,0.0,normal,0.0
18,423,25395,0,0,0.0,0.0,0.01,1000.0,0.01,0.0,normal,0.0
18,423,25410,0,0,0.0,0.0,0.01,1000.0,0.01,0.0,normal,0.0
18,423,25425,0,0,0.0,0.0,0.01,1000.0,0.01,0.0,normal,0.0
18,424,25440,0,0,0.0,0.0,0.01,1000.0,0.01,0.0,normal,0.0
18,424,25455,0,0,0.0,0.0,0.01,1000.0,0.01,0.0,normal,0.0
18,424,25470,0,0,0.0,0.0,0.01,1000.0,0.01,0.0,normal,0.0
18,424,25485,0,0,0.0,0.0,0.01,1000.0,0.01,0.0,normal,0.0
18,425,25500,0,0,0.0,0.0,0.01,1000.0,0.01,0.0,normal,0.0
18,425,25515,0,0,0.0,0.0,0.01,1000.0,0.01,0.0,normal,0.0
18,425,25530,0,0,0.0,0.0,0.01,1000.0,0.01,0.0,normal,0.0
18,425,25545,0,0,0.0,0.0,0.01,1000.0,0.01,0.0,normal,0.0
18,426,25560,0,0,0.0,0.0,0.01,1000.0,0.01,0.0,normal,0.0
18,426,25575,0,0,0.0,0.0,0.01,1000.0,0.01,0.0,normal,0.0
18,426,25590,0,0,0.0,0.0,0.01,1000.0,0.01,0.0,normal,0.0
18,426,25605,0,0,0.0,0.0,0.01,1000.0,0.01,0.0,normal,0.0
18,427,25620,0,0,0.0,0.0,0.01,1000.0,0.01,0.0,normal,0.0
18,427,25635,0,0,0.0,0.0,0.01,1000.0,0.01,0.0,normal,0.0
18,427,25650,0,0,0.0,0.0,0.01,1000.0,0.01,0.0,normal,0.0
18,427,25665,0,0,0.0,0.0,0.01,1000.0,0.01,0.0,normal,0.0
18,428,25680,0,0,0.0,0.0,0.01,1000.0,0.01,0.0,normal,0.0
18,428,25695,0,0,0.0,0.0,0.01,1000.0,0.01,0.0,normal,0.0
18,428,25710,0,0,0.0,0.0,0.01,1000.0,0.01,0.0,normal,0.0
18,428,25725,0,0,0.0,0.0,0.01,1000.0,0.01,0.0,normal,0.0
18,429,25740,1,0,0.01,0.01,0.01,1000.0,0.01,0.0,normal,0.01
18,429,25755,0,0,0.0,0.0,0.01,1000.0,0.01,0.0,normal,0.01
18,429,25770,0,0,0.0,0.0,0.01,1000.0,0.01,0.0,normal,0.01
18,429,25785,0,0,0.0,0.0,0.01,1000.0,0.01,0.0,normal,0.01
18,430,25800,1,0,0.01,0.01,0.01,1000.0,0.01,0.0,normal,0.02
18,430,25815,0,0,0.0,0.0,0.01,1000.0,0.01,0.0,normal,0.02
18,430,25830,0,0,0.0,0.0,0.01,1000.0,0.01,0.0,normal,0.02
18,430,25845,0,0,0.0,0.0,0.01,1000.0,0.01,0.0,normal,0.02
18,431,25860,0,0,0.0,0.0,0.01,1000.0,0.01,0.0,normal,0.02
18,431,25875,0,0,0.0,0.0,0.01,1000.0,0.01,0.0,normal,0.02
18,431,25890,0,0,0.0,0.0,0.01,1000.0,0.01,0.0,normal,0.02
18,431,25905,0,0,0.0,0.0,0.01,1000.0,0.01,0.0,normal,0.02
19,432,25920,0,0,0.0,0.0,0.01,1000.0,0.01,0.0,normal,0.0
19,432,25935,0,0,0.0,0.0,0.01,1000.0,0.01,0.0,normal,0.0
19,432,25950,0,0,0.0,0.0,0.01,1000.0,0.01,0.0,normal,0.0
19,432,25965,0,0,0.0,0.0,0.01,1000.0,0.01,0.0,normal,0.0
19,433,25980,0,0,0.0,0.0,0.01,1000.0,0.01,1.0,normal,0.0
19,433,25995,0,0,0.0,0.0,0.01,1000.0,0.01,1.0,normal,0.0
19,433,26010,11,1,10.9203,10.9203,0.9928,1000.0,4.2,1.0,normal,10.9203
19,433,26025,7,0,23.2513,23.2513,3.3216,1000.0,4.2,1.0,normal,34.1716
19,434,26040,10,0,12.8472,12.8472,1.2847,1000.0,4.41,1.0,normal,47.0188
19,434,26055,21,0,28.2706,28.2706,1.3462,1000.0,4.41,1.0,normal,75.2894
19,434,26070,6,0,2.6782,2.6782,0.4464,1000.0,4.41,1.0,normal,77.9676
19,434,26085,14,0,18.0726,18.0726,1.2909,1000.0,4.41,1.0,normal,96.0402
19,435,26100,9,0,37.0944,37.0944,4.1216,1000.0,4.32,1.0,normal,133.1346
19,435,26115,10,0,15.0159,15.0159,1.5016,1000.0,4.32,1.0,normal,148.1505
19,435,26130,8,0,8.3235,8.3235,1.0404,1000.0,4.32,1.0,normal,156.474
19,435,26145,12,1,35.0402,35.0402,2.92,1000.0,4.32,1.0,normal,191.5142
19,436,26160,5,0,21.6,21.6,4.32,1000.0,4.32,1.0,normal,213.1142
19,436,26175,6,1,25.92,25.92,4.32,1000.0,4.32,1.0,normal,239.0342
19,436,26190,11,0,6.8766,6.8766,0.6251,1000.0,4.32,1.0,normal,245.9108
19,436,26205,12,0,8.7904,8.7904,0.7325,1000.0,4.32,1.0,normal,254.7012
19,437,26220,11,0,46.53,46.53,4.23,1000.0,4.23,1.0,normal,301.2312
19,437,26235,12,0,39.5881,39.5881,3.299,1000.0,4.23,1.0,normal,340.8193
19,437,26250,10,0,1.4254,1.4254,0.1425,1000.0,4.23,1.0,normal,342.2447
19,437,26265,9,1,14.9883,14.9883,1.6654,1000.0,4.23,1.0,normal,357.233
19,438,26280,8,1,29.412,29.412,3.6765,1000.0,4.15,1.0,normal,386.645
19,438,26295,5,0,17.9641,17.9641,3.5928,1000.0,4.15,1.0,normal,404.6091
19,438,26310,11,0,10.2326,10.2326,0.9302,1000.0,4.15,1.0,normal,414.8417
19,438,26325,7,0,19.7772,19.7772,2.8253,1000.0,4.15,1.0,normal,434.6189
19,439,26340,10,1,40.7,40.7,4.07,1000.0,4.07,1.0,normal,475.3189
19,439,26355,11,0,44.77,44.77,4.07,1000.0,4.07,1.0,normal,520.0889
19,439,26370,6,0,24.42,24.42,4.07,1000.0,4.07,1.0,normal,544.5089
19,439,26385,13,2,26.4563,13.2281,2.0351,1000.0,4.07,1.0,normal,570.9652
19,440,26400,9,0,5.3215,5.3215,0.5913,1000.0,4.32,1.0,normal,576.2867
19,440,26415,7,0,29.3597,29.3597,4.1942,1000.0,4.32,1.0,normal,605.6464
19,440,26430,12,0,43.4733,43.4733,3.6228,1000.0,4.32,1.0,normal,649.1197
19,440,26445,16,0,14.0862,14.0862,0.8804,1000.0,4.32,1.0,normal,663.2059
19,441,26460,9,1,38.07,38.07,4.23,1000.0,4.23,1.0,normal,701.2759
19,441,26475,13,1,34.9099,34.9099,2.6854,1000.0,4.23,1.0,normal,736.1858
19,441,26490,6,0,22.9428,22.9428,3.8238,1000.0,4.23,1.0,normal,759.1286
19,441,26505,9,0,38.07,38.07,4.23,1000.0,4.23,1.0,normal,797.1986
19,442,26520,15,0,68.0804,68.0804,4.5387,1000.0,4.61,1.0,normal,865.279
19,442,26535,13,0,26.6749,26.6749,2.0519,1000.0,4.61,1.0,normal,891.9539
19,442,26550,5,0,17.2086,17.2086,3.4417,1000.0,4.61,1.0,budget_constrained,909.1625
19,442,26565,14,0,34.9554,34.9554,2.4968,1000.0,4.61,1.0,budget_constrained,944.1179
19,443,26580,3,0,13.5257,13.5257,4.5086,1000.0,4.75,1.0,budget_constrained,957.6436
19,443,26595,8,0,42.3564,42.3564,4.75,1000.0,4.75,1.0,budget_depleted,1000.0
19,443,26610,0,0,0.0,0.0,0.0,1000.0,4.75,1.0,budget_depleted,1000.0
19,443,26625,0,0,0.0,0.0,0.0,1000.0,4.75,1.0,budget_depleted,1000.0
19,444,26640,0,0,0.0,0.0,0.0,1650.0,4.75,1.0,normal,1000.0
19,444,26655,12,1,57.0,57.0,4.75,1650.0,4.75,1.0,normal,1057.0
19,444,26670,14,0,28.1117,28.1117,2.008,1650.0,4.75,1.0,normal,1085.1117
19,444,26685,13,1,61.75,61.75,4.75,1650.0,4.75,1.0,normal,1146.8617
19,445,26700,11,0,14.9008,14.9008,1.3546,1650.0,4.66,1.0,normal,1161.7625
19,445,26715,14,1,7.4337,7.4337,0.531,1650.0,4.66,1.0,normal,1169.1962
19,445,26730,3,0,9.6179,9.6179,3.206,1650.0,4.66,1.0,normal,1178.8141
19,445,26745,14,1,65.24,65.24,4.66,1650.0,4.66,1.0,normal,1244.0541
19,446,26760,6,0,27.42,27.42,4.57,1650.0,4.57,1.0,normal,1271.4741
19,446,26775,12,0,32.9974,32.9974,2.7498,1650.0,4.57,1.0,normal,1304.4715
19,446,26790,9,1,12.6852,12.6852,1.4095,1650.0,4.57,1.0,normal,1317.1567
19,446,26805,11,0,50.27,50.27,4.57,1650.0,4.57,1.0,normal,1367.4267
19,447,26820,6,0,7.8,7.8,1.3,1650.0,1.3,1.0,normal,1375.2267
19,447,26835,3,0,3.9,3.9,1.3,1650.0,1.3,1.0,normal,1379.1267
19,447,26850,1,0,1.1337,1.1337,1.1337,1650.0,1.3,1.0,normal,1380.2604
19,447,26865,3,0,3.9,3.9,1.3,1650.0,1.3,1.0,normal,1384.1604
19,448,26880,5,0,5.8425,5.8425,1.1685,1650.0,1.3,1.0,normal,1390.0029
19,448,26895,1,0,1.3,1.3,1.3,1650.0,1.3,1.0,normal,1391.3029
19,448,26910,4,0,1.5063,1.5063,0.3766,1650.0,1.3,1.0,normal,1392.8092
19,448,26925,6,0,7.8,7.8,1.3,1650.0,1.3,1.0,normal,1400.6092
19,449,26940,5,0,6.75,6.75,1.35,1650.0,1.35,1.0,normal,1407.3592
19,449,26955,2,0,2.7,2.7,1.35,1650.0,1.35,1.0,normal,1410.0592
19,449,26970,6,0,8.1,8.1,1.35,1650.0,1.35,1.0,normal,1418.1592
19,449,26985,4,0,5.4,5.4,1.35,1650.0,1.35,1.0,normal,1423.5592
19,450,27000,5,0,2.1322,2.1322,0.4264,1650.0,1.41,1.0,normal,1425.6914
19,450,27015,1,0,0.107,0.107,0.107,1650.0,1.41,1.0,normal,1425.7984
19,450,27030,5,0,7.05,7.05,1.41,1650.0,1.41,1.0,normal,1432.8484
19,450,27045,4,0,0.0324,0.0324,0.0081,1650.0,1.41,1.0,normal,1432.8808
19,451,27060,5,0,7.3,7.3,1.46,1650.0,1.46,1.0,normal,1440.1808
19,451,27075,3,0,4.38,4.38,1.46,1650.0,1.46,1.0,normal,1444.5608
19,451,27090,7,1,0.1768,0.1768,0.0253,1650.0,1.46,1.0,normal,1444.7376
19,451,27105,6,0,8.76,8.76,1.46,1650.0,1.46,1.0,normal,1453.4976
19,452,27120,4,0,1.879,1.879,0.4698,1650.0,1.46,1.0,normal,1455.3766
19,452,27135,6,0,3.2273,3.2273,0.5379,1650.0,1.46,1.0,normal,1458.6039
19,452,27150,3,0,4.38,4.38,1.46,1650.0,1.46,1.0,normal,1462.9839
19,452,27165,4,2,3.1374,1.5687,0.7843,1650.0,1.46,1.0,normal,1466.1213
19,453,27180,3,0,3.2815,3.2815,1.0938,1650.0,1.52,1.0,normal,1469.4028
19,453,27195,4,0,6.08,6.08,1.52,1650.0,1.52,1.0,normal,1475.4828
19,453,27210,5,0,7.6,7.6,1.52,1650.0,1.52,1.0,normal,1483.0828
19,453,27225,6,0,9.12,9.12,1.52,1650.0,1.52,1.0,budget_constrained,1492.2028
19,454,27240,5,0,7.9,7.9,1.58,1650.0,1.58,1.0,budget_constrained,1500.1028
19,454,27255,7,0,8.54,8.54,1.22,1650.0,1.58,1.0,budget_constrained,1508.6428
19,454,27270,3,0,4.2467,4.2467,1.4156,1650.0,1.58,1.0,budget_constrained,1512.8895
19,454,27285,5,0,7.9,7.9,1.58,1650.0,1.58,1.0,budget_constrained,1520.7895
19,455,27300,6,0,2.1299,2.1299,0.355,1650.0,1.64,1.0,budget_constrained,1522.9194
19,455,27315,6,0,9.84,9.84,1.64,1650.0,1.64,1.0,budget_constrained,1532.7594
19,455,27330,6,0,1.9927,1.9927,0.3321,1650.0,1.64,1.0,budget_constrained,1534.7521
19,455,27345,5,0,8.2,8.2,1.64,1650.0,1.64,1.0,budget_constrained,1542.9521
20,456,27360,4,0,6.56,6.56,1.64,1650.0,1.64,1.0,normal,6.56
20,456,27375,0,0,0.0,0.0,0.6637,1650.0,1.64,1.0,normal,6.56
20,456,27390,3,0,4.92,4.92,1.64,1650.0,1.64,1.0,normal,11.48
20,456,27405,5,0,6.3392,6.3392,1.2678,1650.0,1.64,1.0,normal,17.8192
20,457,27420,8,0,11.7648,11.7648,1.4706,1650.0,1.71,1.0,normal,29.584
20,457,27435,6,0,10.26,10.26,1.71,1650.0,1.71,1.0,normal,39.844
20,457,27450,4,0,6.84,6.84,1.71,1650.0,1.71,1.0,normal,46.684
20,457,27465,3,0,1.9356,1.9356,0.6452,1650.0,1.71,1.0,normal,48.6196
20,458,27480,4,0,7.08,7.08,1.77,1650.0,1.77,1.0,normal,55.6996
20,458,27495,5,1,8.85,8.85,1.77,1650.0,1.77,1.0,normal,64.5496
20,458,27510,2,0,0.2127,0.2127,0.1064,1650.0,1.77,1.0,normal,64.7623
20,458,27525,4,0,7.08,7.08,1.77,1650.0,1.77,1.0,normal,71.8423
20,459,27540,7,0,12.88,12.88,1.84,1650.0,1.84,1.0,normal,84.7223
20,459,27555,2,0,3.68,3.68,1.84,1650.0,1.84,1.0,normal,88.4023
20,459,27570,7,0,9.951,9.951,1.4216,1650.0,1.84,1.0,normal,98.3533
20,459,27585,6,0,11.04,11.04,1.84,1650.0,1.84,1.0,normal,109.3933
20,460,27600,6,0,11.04,11.04,1.84,1650.0,1.84,1.0,normal,120.4333
20,460,27615,3,1,1.235,1.235,0.4117,1650.0,1.84,1.0,normal,121.6683
20,460,27630,2,0,3.3407,3.3407,1.6704,1650.0,1.84,1.0,normal,125.009
20,460,27645,6,1,8.6427,8.6427,1.4404,1650.0,1.84,1.0,normal,133.6517
20,461,27660,4,0,4.2692,4.2692,1.0673,1650.0,1.93,1.0,normal,137.9209
20,461,27675,4,0,5.8958,5.8958,1.4739,1650.0,1.93,1.0,normal,143.8167
20,461,27690,2,0,3.86,3.86,1.93,1650.0,1.93,1.0,normal,147.6767
20,461,27705,2,0,3.86,3.86,1.93,1650.0,1.93,1.0,normal,151.5367
20,462,27720,1,0,1.5768,1.5768,1.5768,1650.0,2.0,1.0,normal,153.1135
20,462,27735,5,0,7.0067,7.0067,1.4013,1650.0,2.0,1.0,normal,160.1202
20,462,27750,5,0,6.4747,6.4747,1.2949,1650.0,2.0,1.0,normal,166.5949
20,462,27765,9,0,18.0,18.0,2.0,1650.0,2.0,1.0,normal,184.5949
20,463,27780,6,0,12.42,12.42,2.07,1650.0,2.07,1.0,normal,197.0149
20,463,27795,3,0,6.21,6.21,2.07,1650.0,2.07,1.0,normal,203.2249
20,463,27810,3,0,6.21,6.21,2.07,1650.0,2.07,1.0,normal,209.4349
20,463,27825,5,0,6.9512,6.9512,1.3902,1650.0,2.07,1.0,normal,216.3861
20,464,27840,4,0,1.0139,1.0139,0.2535,1650.0,2.07,1.0,normal,217.4
20,464,27855,6,1,2.4795,2.4795,0.4132,1650.0,2.07,1.0,normal,219.8795
20,464,27870,5,0,2.5309,2.5309,0.5062,1650.0,2.07,1.0,normal,222.4104
20,464,27885,6,0,12.42,12.42,2.07,1650.0,2.07,1.0,normal,234.8304
20,465,27900,5,1,3.6193,3.6193,0.7239,1650.0,2.14,1.0,normal,238.4497
20,465,27915,5,0,4.4522,4.4522,0.8904,1650.0,2.14,1.0,normal,242.9019
20,465,27930,7,0,9.7108,9.7108,1.3873,1650.0,2.14,1.0,normal,252.6127
20,465,27945,6,0,12.84,12.84,2.14,1650.0,2.14,1.0,normal,265.4527
20,466,27960,9,0,19.89,19.89,2.21,1650.0,2.21,1.0,normal,285.3427
20,466,27975,4,0,8.84,8.84,2.21,1650.0,2.21,1.0,normal,294.1827
20,466,27990,6,0,6.2863,6.2863,1.0477,1650.0,2.21,1.0,normal,300.469
20,466,28005,1,0,0.68,0.68,0.68,1650.0,2.21,1.0,normal,301.149
20,467,28020,7,0,9.677,9.677,1.3824,1650.0,2.29,1.0,normal,310.826
20,467,28035,5,0,7.1176,7.1176,1.4235,1650.0,2.29,1.0,normal,317.9436
20,467,28050,7,1,16.03,16.03,2.29,1650.0,2.29,1.0,normal,333.9736
20,467,28065,2,0,4.58,4.58,2.29,1650.0,2.29,1.0,normal,338.5536
20,468,28080,4,0,1.1497,1.1497,0.2874,1650.0,2.29,1.3,normal,339.7033
20,468,28095,8,0,15.1901,15.1901,1.8988,1650.0,2.29,1.3,normal,354.8934
20,468,28110,3,0,6.87,6.87,2.29,1650.0,2.29,1.3,normal,361.7634
20,468,28125,6,0,5.8656,5.8656,0.9776,1650.0,2.29,1.3,normal,367.629
20,469,28140,9,0,21.33,21.33,2.37,1650.0,2.37,1.3,normal,388.959
20,469,28155,3,0,0.5462,0.5462,0.1821,1650.0,2.37,1.3,normal,389.5052
20,469,28170,5,0,3.3696,3.3696,0.6739,1650.0,2.37,1.3,normal,392.8748
20,469,28185,5,0,11.85,11.85,2.37,1650.0,2.37,1.3,normal,404.7248
20,470,28200,0,0,0.0,0.0,0.01,1650.0,0.01,1.3,normal,404.7248
20,470,28215,0,0,0.0,0.0,0.01,1650.0,0.01,1.3,normal,404.7248
20,470,28230,0,0,0.0,0.0,0.01,1650.0,0.01,1.3,normal,404.7248
20,470,28245,0,0,0.0,0.0,0.01,1650.0,0.01,1.3,normal,404.7248
20,471,28260,0,0,0.0,0.0,0.01,1650.0,0.01,1.3,normal,404.7248
20,471,28275,0,0,0.0,0.0,0.01,1650.0,0.01,1.3,normal,404.7248
20,471,28290,0,0,0.0,0.0,0.01,1650.0,0.01,1.3,normal,404.7248
20,471,28305,0,0,0.0,0.0,0.01,1650.0,0.01,1.3,normal,404.7248
20,472,28320,21,0,68.9362,68.9362,3.2827,1650.0,4.2,1.3,normal,473.661
20,472,28335,13,0,54.6,54.6,4.2,1650.0,4.2,1.3,normal,528.261
20,472,28350,7,0,3.2346,3.2346,0.4621,1650.0,4.2,1.3,normal,531.4956
20,472,28365,9,0,34.6898,34.6898,3.8544,1650.0,4.2,1.3,normal,566.1854
20,473,28380,13,0,38.398,38.398,2.9537,1650.0,4.09,1.3,normal,604.5834
20,473,28395,12,0,37.5874,37.5874,3.1323,1650.0,4.09,1.3,normal,642.1708
20,473,28410,15,1,20.0855,20.0855,1.339,1650.0,4.09,1.3,normal,662.2563
20,473,28425,9,0,36.81,36.81,4.09,1650.0,4.09,1.3,normal,699.0663
20,474,28440,0,0,0.0,0.0,0.01,1650.0,0.01,1.3,normal,699.0663
20,474,28455,0,0,0.0,0.0,0.01,1650.0,0.01,1.3,normal,699.0663
20,474,28470,0,0,0.0,0.0,0.01,1650.0,0.01,1.3,normal,699.0663
20,474,28485,0,0,0.0,0.0,0.01,1650.0,0.01,1.3,normal,699.0663
20,475,28500,0,0,0.0,0.0,0.01,1650.0,0.01,1.3,normal,699.0663
20,475,28515,0,0,0.0,0.0,0.01,1650.0,0.01,1.3,normal,699.0663
20,475,28530,0,0,0.0,0.0,0.01,1650.0,0.01,1.3,normal,699.0663
20,475,28545,0,0,0.0,0.0,0.01,1650.0,0.01,1.3,normal,699.0663
20,476,28560,10,1,32.5821,32.5821,3.2582,1650.0,4.2,1.3,normal,731.6484
20,476,28575,15,0,7.2484,7.2484,0.4832,1650.0,4.2,1.3,normal,738.8968
20,476,28590,9,0,23.8873,23.8873,2.6541,1650.0,4.2,1.3,normal,762.7841
20,476,28605,13,1,42.7274,42.7274,3.2867,1650.0,4.2,1.3,normal,805.5115
20,477,28620,18,0,73.62,73.62,4.09,1650.0,4.09,1.3,normal,879.1315
20,477,28635,10,0,40.9,40.9,4.09,1650.0,4.09,1.3,normal,920.0315
20,477,28650,15,1,61.35,61.35,4.09,1650.0,4.09,1.3,normal,981.3815
20,477,28665,13,1,38.7176,38.7176,2.9783,1650.0,4.09,1.3,normal,1020.0991
20,478,28680,9,0,13.7566,13.7566,1.5285,1650.0,4.2,1.3,normal,1033.8557
20,478,28695,10,1,42.0,42.0,4.2,1650.0,4.2,1.3,normal,1075.8557
20,478,28710,8,0,27.2791,27.2791,3.4099,1650.0,4.2,1.3,normal,1103.1348
20,478,28725,17,0,37.1203,37.1203,2.1835,1650.0,4.2,1.3,normal,1140.2551
20,479,28740,14,0,47.2675,47.2675,3.3763,1650.0,4.05,1.3,normal,1187.5226
20,479,28755,6,0,9.7591,9.7591,1.6265,1650.0,4.05,1.3,normal,1197.2817
20,479,28770,10,1,11.4623,11.4623,1.1462,1650.0,4.05,1.3,normal,1208.744
20,479,28785,10,1,40.5,40.5,4.05,1650.0,4.05,1.3,normal,1249.244
21,480,28800,4,0,2.9736,2.9736,0.7434,1650.0,2.23,1.3,normal,2.9736
21,480,28815,6,0,11.0914,11.0914,1.8486,1650.0,2.23,1.3,normal,14.065
21,480,28830,3,0,1.0906,1.0906,0.3635,1650.0,2.23,1.3,normal,15.1556
21,480,28845,4,0,8.92,8.92,2.23,1650.0,2.23,1.3,normal,24.0756
21,481,28860,7,0,24.5,24.5,3.5,1650.0,3.5,1.3,normal,48.5756
21,481,28875,7,0,24.5,24.5,3.5,1650.0,3.5,1.3,normal,73.0756
21,481,28890,7,0,22.5504,22.5504,3.2215,1650.0,3.5,1.3,normal,95.626
21,481,28905,9,1,16.8651,16.8651,1.8739,1650.0,3.5,1.3,normal,112.4911
21,482,28920,5,1,3.9683,3.9683,0.7937,1650.0,3.5,1.3,normal,116.4594
21,482,28935,8,0,5.979,5.979,0.7474,1650.0,3.5,1.3,normal,122.4384
21,482,28950,2,0,2.3404,2.3404,1.1702,1650.0,3.5,1.3,normal,124.7788
21,482,28965,9,0,22.4855,22.4855,2.4984,1650.0,3.5,1.3,normal,147.2643
21,483,28980,10,1,38.5,38.5,3.85,1650.0,3.85,1.3,normal,185.7643
21,483,28995,11,1,42.35,42.35,3.85,1650.0,3.85,1.3,normal,228.1143
21,483,29010,3,0,0.0983,0.0983,0.0328,1650.0,3.85,1.3,normal,228.2126
21,483,29025,9,0,29.3405,29.3405,3.2601,1650.0,3.85,1.3,normal,257.5531
21,484,29040,10,0,5.8482,5.8482,0.5848,1650.0,3.85,1.3,normal,263.4013
21,484,29055,7,0,5.4989,5.4989,0.7856,1650.0,3.85,1.3,normal,268.9002
21,484,29070,8,0,3.0294,3.0294,0.3787,1650.0,3.85,1.3,normal,271.9296
21,484,29085,10,1,28.2753,28.2753,2.8275,1650.0,3.85,1.3,normal,300.2049
21,485,29100,9,0,10.2725,10.2725,1.1414,1650.0,3.8,1.3,normal,310.4774
21,485,29115,11,0,20.8369,20.8369,1.8943,1650.0,3.8,1.3,normal,331.3143
21,485,29130,9,0,10.0865,10.0865,1.1207,1650.0,3.8,1.3,normal,341.4008
21,485,29145,7,1,12.641,12.641,1.8059,1650.0,3.8,1.3,normal,354.0418
21,486,29160,0,0,0.0,0.0,0.01,1650.0,0.01,1.3,normal,354.0418
21,486,29175,0,0,0.0,0.0,0.01,1650.0,0.01,1.3,normal,354.0418
21,486,29190,0,0,0.0,0.0,0.01,1650.0,0.01,1.3,normal,354.0418
21,486,29205,0,0,0.0,0.0,0.01,1650.0,0.01,1.3,normal,354.0418
21,487,29220,0,0,0.0,0.0,0.01,1650.0,0.01,1.3,normal,354.0418
21,487,29235,0,0,0.0,0.0,0.01,1650.0,0.01,1.3,normal,354.0418
21,487,29250,0,0,0.0,0.0,0.01,1650.0,0.01,1.3,normal,354.0418
21,487,29265,0,0,0.0,0.0,0.01,1650.0,0.01,1.3,normal,354.0418
21,488,29280,13,0,49.732,49.732,3.8255,1650.0,4.2,1.3,normal,403.7738
21,488,29295,13,1,13.3109,13.3109,1.0239,1650.0,4.2,1.3,normal,417.0847
21,488,29310,8,0,33.6,33.6,4.2,1650.0,4.2,1.3,normal,450.6847
21,488,29325,12,0,8.5185,8.5185,0.7099,1650.0,4.2,1.3,normal,459.2032
21,489,29340,4,0,16.48,16.48,4.12,1650.0,4.12,1.3,normal,475.6832
21,489,29355,15,0,23.8703,23.8703,1.5914,1650.0,4.12,1.3,normal,499.5535
21,489,29370,9,0,22.976,22.976,2.5529,1650.0,4.12,1.3,normal,522.5295
21,489,29385,10,1,10.4275,10.4275,1.0427,1650.0,4.12,1.3,normal,532.957
21,490,29400,8,0,23.2146,23.2146,2.9018,1650.0,4.2,1.3,normal,556.1716
21,490,29415,7,0,29.4,29.4,4.2,1650.0,4.2,1.3,normal,585.5716
21,490,29430,11,0,46.2,46.2,4.2,1650.0,4.2,1.3,normal,631.7716
21,490,29445,6,0,25.2,25.2,4.2,1650.0,4.2,1.3,normal,656.9716
21,491,29460,15,0,26.8248,26.8248,1.7883,1650.0,4.14,1.3,normal,683.7964
21,491,29475,10,0,13.1531,13.1531,1.3153,1650.0,4.14,1.3,normal,696.9495
21,491,29490,9,0,8.7458,8.7458,0.9718,1650.0,4.14,1.3,normal,705.6953
21,491,29505,9,1,4.4266,4.4266,0.4918,1650.0,4.14,1.3,normal,710.1219
21,492,29520,12,0,34.0433,34.0433,2.8369,1650.0,4.14,1.3,normal,744.1652
21,492,29535,11,0,18.094,18.094,1.6449,1650.0,4.14,1.3,normal,762.2592
21,492,29550,15,0,6.5537,6.5537,0.4369,1650.0,4.14,1.3,normal,768.8129
21,492,29565,14,2,52.272,26.136,3.7337,1650.0,4.14,1.3,normal,821.0849
21,493,29580,6,1,27.06,27.06,4.51,1650.0,4.51,1.3,normal,848.1449
21,493,29595,10,0,3.1974,3.1974,0.3197,1650.0,4.51,1.3,normal,851.3423
21,493,29610,8,0,27.3509,27.3509,3.4189,1650.0,4.51,1.3,normal,878.6932
21,493,29625,13,0,26.5598,26.5598,2.0431,1650.0,4.51,1.3,normal,905.253
21,494,29640,8,0,36.08,36.08,4.51,1650.0,4.51,1.3,normal,941.333
21,494,29655,10,1,9.9948,9.9948,0.9995,1650.0,4.51,1.3,normal,951.3278
21,494,29670,13,2,58.63,29.315,4.51,1650.0,4.51,1.3,normal,1009.9578
21,494,29685,9,1,4.1824,4.1824,0.4647,1650.0,4.51,1.3,normal,1014.1402
21,495,29700,14,0,70.0,70.0,5.0,1650.0,5.0,1.3,normal,1084.1402
21,495,29715,14,0,35.9336,35.9336,2.5667,1650.0,5.0,1.3,normal,1120.0738
21,495,29730,13,0,0.0382,0.0382,0.0029,1650.0,5.0,1.3,normal,1120.112
21,495,29745,12,1,60.0,60.0,5.0,1650.0,5.0,1.3,normal,1180.112
21,496,29760,14,1,67.6587,67.6587,4.8328,1650.0,6.5,1.3,normal,1247.7707
21,496,29775,20,0,89.4986,89.4986,4.4749,1650.0,6.5,1.3,normal,1337.2693
21,496,29790,16,0,10.2331,10.2331,0.6396,1650.0,6.5,1.3,normal,1347.5024
21,496,29805,22,1,33.6289,33.6289,1.5286,1650.0,6.5,1.3,normal,1381.1313
21,497,29820,18,2,123.4166,61.7083,6.8565,1650.0,7.2,1.3,budget_constrained,1504.5479
21,497,29835,18,0,0.2139,0.2139,0.0119,1650.0,7.2,1.3,budget_constrained,1504.7618
21,497,29850,20,0,0.0243,0.0243,0.0012,1650.0,7.2,1.3,budget_constrained,1504.7861
21,497,29865,12,0,53.84,53.84,4.4867,1650.0,7.2,1.3,budget_constrained,1558.6261
21,498,29880,18,0,84.607,84.607,4.7004,1650.0,7.2,1.3,budget_constrained,1643.2331
21,498,29895,1,0,6.7669,6.7669,6.4259,1650.0,7.2,1.3,budget_depleted,1650.0
21,498,29910,0,0,0.0,0.0,0.0,1650.0,7.2,1.3,budget_depleted,1650.0
21,498,29925,0,0,0.0,0.0,0.0,1650.0,7.2,1.3,budget_depleted,1650.0
21,499,29940,0,0,0.0,0.0,0.0,1650.0,8.64,1.3,budget_depleted,1650.0
21,499,29955,0,0,0.0,0.0,0.0,1650.0,8.64,1.3,budget_depleted,1650.0
21,499,29970,0,0,0.0,0.0,0.0,1650.0,8.64,1.3,budget_depleted,1650.0
21,499,29985,0,0,0.0,0.0,0.0,1650.0,8.64,1.3,budget_depleted,1650.0
21,500,30000,0,0,0.0,0.0,0.0,1650.0,8.64,1.3,budget_depleted,1650.0
21,500,30015,0,0,0.0,0.0,0.0,1650.0,8.64,1.3,budget_depleted,1650.0
21,500,30030,0,0,0.0,0.0,0.0,1650.0,8.64,1.3,budget_depleted,1650.0
21,500,30045,0,0,0.0,0.0,0.0,1650.0,8.64,1.3,budget_depleted,1650.0
21,501,30060,0,0,0.0,0.0,0.0,1650.0,3.96,1.3,budget_depleted,1650.0
21,501,30075,0,0,0.0,0.0,0.0,1650.0,3.96,1.3,budget_depleted,1650.0
21,501,30090,0,0,0.0,0.0,0.0,1650.0,3.96,1.3,budget_depleted,1650.0
21,501,30105,0,0,0.0,0.0,0.0,1650.0,3.96,1.3,budget_depleted,1650.0
21,502,30120,0,0,0.0,0.0,0.0,1650.0,4.5,1.3,budget_depleted,1650.0
21,502,30135,0,0,0.0,0.0,0.0,1650.0,4.5,1.3,budget_depleted,1650.0
21,502,30150,0,0,0.0,0.0,0.0,1650.0,4.5,1.3,budget_depleted,1650.0
21,502,30165,0,0,0.0,0.0,0.0,1650.0,4.5,1.3,budget_depleted,1650.0
21,503,30180,0,0,0.0,0.0,0.0,1650.0,4.5,1.3,budget_depleted,1650.0
21,503,30195,0,0,0.0,0.0,0.0,1650.0,4.5,1.3,budget_depleted,1650.0
21,503,30210,0,0,0.0,0.0,0.0,1650.0,4.5,1.3,budget_depleted,1650.0
21,503,30225,0,0,0.0,0.0,0.0,1650.0,4.5,1.3,budget_depleted,1650.0
22,504,30240,0,0,0.0,0.0,0.0,1650.0,4.5,1.3,normal,0.0
22,504,30255,14,0,45.8021,45.8021,3.2716,1650.0,4.5,1.3,normal,45.8021
22,504,30270,22,2,12.0581,6.0291,0.5481,1650.0,4.5,1.3,normal,57.8602
22,504,30285,6,0,26.1449,26.1449,4.3575,1650.0,4.5,1.3,normal,84.0051
22,505,30300,14,1,64.26,64.26,4.59,1650.0,4.59,1.3,normal,148.2651
22,505,30315,11,0,16.0981,16.0981,1.4635,1650.0,4.59,1.3,normal,164.3632
22,505,30330,12,0,30.3066,30.3066,2.5256,1650.0,4.59,1.3,normal,194.6698
22,505,30345,12,0,51.6067,51.6067,4.3006,1650.0,4.59,1.3,normal,246.2765
22,506,30360,7,0,21.0803,21.0803,3.0115,1650.0,4.59,1.3,normal,267.3568
22,506,30375,13,0,59.67,59.67,4.59,1650.0,4.59,1.3,normal,327.0268
22,506,30390,9,1,6.6442,6.6442,0.7382,1650.0,4.59,1.3,normal,333.671
22,506,30405,17,0,48.0577,48.0577,2.8269,1650.0,4.59,1.3,normal,381.7287
22,507,30420,10,1,34.5918,34.5918,3.4592,1650.0,4.51,1.3,normal,416.3205
22,507,30435,21,2,94.71,47.355,4.51,1650.0,4.51,1.3,normal,511.0305
22,507,30450,6,0,8.0533,8.0533,1.3422,1650.0,4.51,1.3,normal,519.0838
22,507,30465,14,0,1.8894,1.8894,0.135,1650.0,4.51,1.3,normal,520.9732
22,508,30480,13,0,55.0212,55.0212,4.2324,1650.0,4.51,1.3,normal,575.9944
22,508,30495,11,0,8.8639,8.8639,0.8058,1650.0,4.51,1.3,normal,584.8583
22,508,30510,15,0,67.65,67.65,4.51,1650.0,4.51,1.3,normal,652.5083
22,508,30525,8,0,2.091,2.091,0.2614,1650.0,4.51,1.3,normal,654.5993
22,509,30540,13,0,9.1874,9.1874,0.7067,1650.0,4.15,1.3,normal,663.7867
22,509,30555,5,0,15.8361,15.8361,3.1672,1650.0,4.15,1.3,normal,679.6228
22,509,30570,9,1,29.6646,29.6646,3.2961,1650.0,4.15,1.3,normal,709.2874
22,509,30585,11,0,0.6151,0.6151,0.0559,1650.0,4.15,1.3,normal,709.9025
22,510,30600,10,1,38.2,38.2,3.82,1650.0,3.82,1.3,normal,748.1025
22,510,30615,7,0,26.74,26.74,3.82,1650.0,3.82,1.3,normal,774.8425
22,510,30630,8,0,28.0166,28.0166,3.5021,1650.0,3.82,1.3,normal,802.8591
22,510,30645,8,0,6.449,6.449,0.8061,1650.0,3.82,1.3,normal,809.3081
22,511,30660,11,0,1.5026,1.5026,0.1366,1650.0,3.51,1.3,normal,810.8107
22,511,30675,7,1,24.57,24.57,3.51,1650.0,3.51,1.3,normal,835.3807
22,511,30690,8,0,10.0024,10.0024,1.2503,1650.0,3.51,1.3,normal,845.3831
22,511,30705,9,0,14.7852,14.7852,1.6428,1650.0,3.51,1.3,normal,860.1683
22,512,30720,8,1,8.8757,8.8757,1.1095,1650.0,3.51,1.3,normal,869.044
22,512,30735,11,1,4.2423,4.2423,0.3857,1650.0,3.51,1.3,normal,873.2863
22,512,30750,10,2,24.9562,12.4781,2.4956,1650.0,3.51,1.3,normal,898.2425
22,512,30765,12,0,34.5605,34.5605,2.88,1650.0,3.51,1.3,normal,932.803
22,513,30780,9,0,2.7037,2.7037,0.3004,1650.0,3.45,1.3,normal,935.5067
22,513,30795,6,0,2.5404,2.5404,0.4234,1650.0,3.45,1.3,normal,938.0471
22,513,30810,9,0,8.5676,8.5676,0.952,1650.0,3.45,1.3,normal,946.6147
22,513,30825,6,0,0.8225,0.8225,0.1371,1650.0,3.45,1.3,normal,947.4372
22,514,30840,8,0,5.8566,5.8566,0.7321,1650.0,3.45,1.3,normal,953.2938
22,514,30855,5,0,4.8296,4.8296,0.9659,1650.0,3.45,1.3,normal,958.1234
22,514,30870,3,0,2.2374,2.2374,0.7458,1650.0,3.45,1.3,normal,960.3608
22,514,30885,6,1,20.7,20.7,3.45,1650.0,3.45,1.3,normal,981.0608
22,515,30900,8,0,16.3869,16.3869,2.0484,1650.0,3.59,1.3,normal,997.4477
22,515,30915,3,0,0.5386,0.5386,0.1795,1650.0,3.59,1.3,normal,997.9863
22,515,30930,9,0,3.4174,3.4174,0.3797,1650.0,3.59,1.3,normal,1001.4037
22,515,30945,10,0,30.9732,30.9732,3.0973,1650.0,3.59,1.3,normal,1032.3769
22,516,30960,14,0,50.26,50.26,3.59,1650.0,3.59,1.3,normal,1082.6369
22,516,30975,15,0,12.7491,12.7491,0.8499,1650.0,3.59,1.3,normal,1095.386
22,516,30990,12,0,43.08,43.08,3.59,1650.0,3.59,1.3,normal,1138.466
22,516,31005,6,0,11.9873,11.9873,1.9979,1650.0,3.59,1.3,normal,1150.4533
22,517,31020,10,1,15.0177,15.0177,1.5018,1650.0,3.74,1.3,normal,1165.471
22,517,31035,13,1,48.62,48.62,3.74,1650.0,3.74,1.3,normal,1214.091
22,517,31050,7,0,20.6991,20.6991,2.957,1650.0,3.74,1.3,normal,1234.7901
22,517,31065,10,0,10.218,10.218,1.0218,1650.0,3.74,1.3,normal,1245.0081
22,518,31080,7,0,14.4652,14.4652,2.0665,1650.0,3.74,1.3,normal,1259.4733
22,518,31095,9,0,3.5877,3.5877,0.3986,1650.0,3.74,1.3,normal,1263.061
22,518,31110,11,1,5.9937,5.9937,0.5449,1650.0,3.74,1.3,normal,1269.0547
22,518,31125,7,0,7.3701,7.3701,1.0529,1650.0,3.74,1.3,normal,1276.4248
22,519,31140,10,0,5.0592,5.0592,0.5059,1650.0,3.87,1.3,normal,1281.484
22,519,31155,10,0,4.1887,4.1887,0.4189,1650.0,3.87,1.3,normal,1285.6727
22,519,31170,8,0,30.96,30.96,3.87,1650.0,3.87,1.3,normal,1316.6327
22,519,31185,10,0,24.0237,24.0237,2.4024,1650.0,3.87,1.3,normal,1340.6564
22,520,31200,12,0,10.6743,10.6743,0.8895,1650.0,3.87,1.3,normal,1351.3307
22,520,31215,11,0,12.3473,12.3473,1.1225,1650.0,3.87,1.3,normal,1363.678
22,520,31230,5,0,1.6086,1.6086,0.3217,1650.0,3.87,1.3,normal,1365.2866
22,520,31245,13,0,24.4275,24.4275,1.879,1650.0,3.87,1.3,normal,1389.7141
22,521,31260,9,0,36.27,36.27,4.03,1650.0,4.03,1.3,normal,1425.9841
22,521,31275,15,0,49.0874,49.0874,3.2725,1650.0,4.03,1.3,normal,1475.0715
22,521,31290,9,0,2.5188,2.5188,0.2799,1650.0,4.03,1.3,normal,1477.5903
22,521,31305,8,0,27.7464,27.7464,3.4683,1650.0,4.03,1.3,budget_constrained,1505.3367
22,522,31320,0,0,0.0,0.0,0.01,1650.0,0.01,1.3,budget_constrained,1505.3367
22,522,31335,0,0,0.0,0.0,0.01,1650.0,0.01,1.3,budget_constrained,1505.3367
22,522,31350,0,0,0.0,0.0,0.01,1650.0,0.01,1.3,budget_constrained,1505.3367
22,522,31365,0,0,0.0,0.0,0.01,1650.0,0.01,1.3,budget_constrained,1505.3367
22,523,31380,0,0,0.0,0.0,0.01,1650.0,0.01,1.3,budget_constrained,1505.3367
22,523,31395,0,0,0.0,0.0,0.01,1650.0,0.01,1.3,budget_constrained,1505.3367
22,523,31410,0,0,0.0,0.0,0.01,1650.0,0.01,1.3,budget_constrained,1505.3367
22,523,31425,0,0,0.0,0.0,0.01,1650.0,0.01,1.3,budget_constrained,1505.3367
22,524,31440,12,0,15.7597,15.7597,1.3133,1650.0,4.2,1.3,budget_constrained,1521.0964
22,524,31455,11,1,46.2,46.2,4.2,1650.0,4.2,1.3,budget_constrained,1567.2964
22,524,31470,14,0,58.8,58.8,4.2,1650.0,4.2,1.3,budget_constrained,1626.0964
22,524,31485,12,0,20.0478,20.0478,1.6707,1650.0,4.2,1.3,budget_constrained,1646.1442
22,525,31500,1,0,3.8558,3.8558,2.5833,1650.0,4.2,1.3,budget_depleted,1650.0
22,525,31515,0,0,0.0,0.0,0.0,1650.0,4.2,1.3,budget_depleted,1650.0
22,525,31530,0,0,0.0,0.0,0.0,1650.0,4.2,1.3,budget_depleted,1650.0
22,525,31545,0,0,0.0,0.0,0.0,1650.0,4.2,1.3,budget_depleted,1650.0
22,526,31560,0,0,0.0,0.0,0.0,1650.0,4.62,1.3,budget_depleted,1650.0
22,526,31575,0,0,0.0,0.0,0.0,1650.0,4.62,1.3,budget_depleted,1650.0
22,526,31590,0,0,0.0,0.0,0.0,1650.0,4.62,1.3,budget_depleted,1650.0
22,526,31605,0,0,0.0,0.0,0.0,1650.0,4.62,1.3,budget_depleted,1650.0
22,527,31620,0,0,0.0,0.0,0.0,1650.0,4.62,1.3,budget_depleted,1650.0
22,527,31635,0,0,0.0,0.0,0.0,1650.0,4.62,1.3,budget_depleted,1650.0
22,527,31650,0,0,0.0,0.0,0.0,1650.0,4.62,1.3,budget_depleted,1650.0
22,527,31665,0,0,0.0,0.0,0.0,1650.0,4.62,1.3,budget_depleted,1650.0
23,528,31680,0,0,0.0,0.0,0.0,1650.0,0.01,1.3,normal,0.0
23,528,31695,0,0,0.0,0.0,0.01,1650.0,0.01,1.3,normal,0.0
23,528,31710,0,0,0.0,0.0,0.01,1650.0,0.01,1.3,normal,0.0
23,528,31725,1,0,0.01,0.01,0.01,1650.0,0.01,1.3,normal,0.01
23,529,31740,11,0,5.6354,5.6354,0.5123,1650.0,3.5,1.3,normal,5.6454
23,529,31755,9,0,31.5,31.5,3.5,1650.0,3.5,1.3,normal,37.1454
23,529,31770,8,0,22.5277,22.5277,2.816,1650.0,3.5,1.3,normal,59.6731
23,529,31785,8,0,27.5986,27.5986,3.4498,1650.0,3.5,1.3,normal,87.2717
23,530,31800,0,0,0.0,0.0,0.01,1650.0,0.01,1.3,normal,87.2717
23,530,31815,0,0,0.0,0.0,0.01,1650.0,0.01,1.3,normal,87.2717
23,530,31830,0,0,0.0,0.0,0.01,1650.0,0.01,1.3,normal,87.2717
23,530,31845,0,0,0.0,0.0,0.01,1650.0,0.01,1.3,normal,87.2717
23,531,31860,8,2,26.8838,13.4419,3.3605,1650.0,3.5,1.3,normal,114.1555
23,531,31875,4,0,9.3298,9.3298,2.3324,1650.0,3.5,1.3,normal,123.4853
23,531,31890,11,0,32.4245,32.4245,2.9477,1650.0,3.5,1.3,normal,155.9098
23,531,31905,12,0,11.8629,11.8629,0.9886,1650.0,3.5,1.3,normal,167.7727
23,532,31920,11,0,37.2321,37.2321,3.3847,1650.0,4.55,1.3,normal,205.0048
23,532,31935,16,1,58.2356,58.2356,3.6397,1650.0,4.55,1.3,normal,263.2404
23,532,31950,11,2,50.05,25.025,4.55,1650.0,4.55,1.3,normal,313.2904
23,532,31965,6,0,6.254,6.254,1.0423,1650.0,4.55,1.3,normal,319.5444
23,533,31980,10,1,12.488,12.488,1.2488,1650.0,4.37,1.3,normal,332.0324
23,533,31995,18,0,49.6485,49.6485,2.7582,1650.0,4.37,1.3,normal,381.6809
23,533,32010,8,0,11.9666,11.9666,1.4958,1650.0,4.37,1.3,normal,393.6475
23,533,32025,10,0,43.7,43.7,4.37,1650.0,4.37,1.3,normal,437.3475
23,534,32040,8,1,18.7368,18.7368,2.3421,1650.0,4.37,1.3,normal,456.0843
23,534,32055,8,1,34.96,34.96,4.37,1650.0,4.37,1.3,normal,491.0443
23,534,32070,12,0,35.6574,35.6574,2.9714,1650.0,4.37,1.3,normal,526.7017
23,534,32085,9,1,1.4243,1.4243,0.1583,1650.0,4.37,1.3,normal,528.126
23,535,32100,14,0,37.2362,37.2362,2.6597,1650.0,4.63,1.3,normal,565.3622
23,535,32115,14,0,3.6341,3.6341,0.2596,1650.0,4.63,1.3,normal,568.9963
23,535,32130,11,0,8.7324,8.7324,0.7939,1650.0,4.63,1.3,normal,577.7287
23,535,32145,7,0,32.41,32.41,4.63,1650.0,4.63,1.3,normal,610.1387
23,536,32160,13,1,55.0221,55.0221,4.2325,1650.0,4.63,1.3,normal,665.1608
23,536,32175,14,0,27.9148,27.9148,1.9939,1650.0,4.63,1.3,normal,693.0756
23,536,32190,7,1,0.5002,0.5002,0.0715,1650.0,4.63,1.3,normal,693.5758
23,536,32205,14,1,64.82,64.82,4.63,1650.0,4.63,1.3,normal,758.3958
23,537,32220,16,0,29.1994,29.1994,1.825,1650.0,4.57,1.3,normal,787.5952
23,537,32235,17,0,27.792,27.792,1.6348,1650.0,4.57,1.3,normal,815.3872
23,537,32250,14,0,62.3497,62.3497,4.4535,1650.0,4.57,1.3,normal,877.7369
23,537,32265,11,0,11.079,11.079,1.0072,1650.0,4.57,1.3,normal,888.8159
23,538,32280,0,0,0.0,0.0,0.01,1650.0,0.01,1.3,normal,888.8159
23,538,32295,0,0,0.0,0.0,0.01,1650.0,0.01,1.3,normal,888.8159
23,538,32310,0,0,0.0,0.0,0.01,1650.0,0.01,1.3,normal,888.8159
23,538,32325,0,0,0.0,0.0,0.01,1650.0,0.01,1.3,normal,888.8159
23,539,32340,0,0,0.0,0.0,0.01,1650.0,0.01,1.3,normal,888.8159
23,539,32355,0,0,0.0,0.0,0.01,1650.0,0.01,1.3,normal,888.8159
23,539,32370,0,0,0.0,0.0,0.01,1650.0,0.01,1.3,normal,888.8159
23,539,32385,0,0,0.0,0.0,0.01,1650.0,0.01,1.3,normal,888.8159
23,540,32400,12,0,0.0223,0.0223,0.0019,1650.0,4.2,1.3,normal,888.8382
23,540,32415,12,1,48.7636,48.7636,4.0636,1650.0,4.2,1.3,normal,937.6018
23,540,32430,3,0,11.5927,11.5927,3.8642,1650.0,4.2,1.3,normal,949.1945
23,540,32445,11,0,46.2,46.2,4.2,1650.0,4.2,1.3,normal,995.3945
23,541,32460,13,1,56.29,56.29,4.33,1650.0,4.33,1.3,normal,1051.6845
23,541,32475,10,1,23.2683,23.2683,2.3268,1650.0,4.33,1.3,normal,1074.9528
23,541,32490,12,0,11.8531,11.8531,0.9878,1650.0,4.33,1.3,normal,1086.8059
23,541,32505,6,0,10.3477,10.3477,1.7246,1650.0,4.33,1.3,normal,1097.1536
23,542,32520,9,1,23.1898,23.1898,2.5766,1650.0,4.33,1.3,normal,1120.3434
23,542,32535,14,1,18.3856,18.3856,1.3133,1650.0,4.33,1.3,normal,1138.729
23,542,32550,7,0,3.8034,3.8034,0.5433,1650.0,4.33,1.3,normal,1142.5324
23,542,32565,6,0,21.4795,21.4795,3.5799,1650.0,4.33,1.3,normal,1164.0119
23,543,32580,10,0,9.3179,9.3179,0.9318,1650.0,4.59,1.3,normal,1173.3298
23,543,32595,16,1,60.0102,60.0102,3.7506,1650.0,4.59,1.3,normal,1233.34
23,543,32610,16,1,10.3844,10.3844,0.649,1650.0,4.59,1.3,normal,1243.7244
23,543,32625,14,0,64.26,64.26,4.59,1650.0,4.59,1.3,normal,1307.9844
23,544,32640,10,1,45.7657,45.7657,4.5766,1650.0,4.59,1.3,normal,1353.7501
23,544,32655,17,2,62.7997,31.3999,3.6941,1650.0,4.59,1.3,normal,1416.5498
23,544,32670,8,0,0.394,0.394,0.0492,1650.0,4.59,1.3,normal,1416.9438
23,544,32685,11,1,50.49,50.49,4.59,1650.0,4.59,1.3,normal,1467.4338
23,545,32700,7,1,12.2753,12.2753,1.7536,1650.0,4.87,1.3,normal,1479.7091
23,545,32715,9,0,43.83,43.83,4.87,1650.0,4.87,1.3,budget_constrained,1523.5391
23,545,32730,13,1,42.9554,42.9554,3.3043,1650.0,4.87,1.3,budget_constrained,1566.4945
23,545,32745,15,1,42.2598,42.2598,2.8173,1650.0,4.87,1.3,budget_constrained,1608.7543
23,546,32760,8,1,30.9375,30.9375,3.8672,1650.0,4.87,1.3,budget_constrained,1639.6918
23,546,32775,4,0,10.3082,10.3082,2.26,1650.0,4.87,1.3,budget_depleted,1650.0
23,546,32790,0,0,0.0,0.0,0.0,1650.0,4.87,1.3,budget_depleted,1650.0
23,546,32805,0,0,0.0,0.0,0.0,1650.0,4.87,1.3,budget_depleted,1650.0
23,547,32820,0,0,0.0,0.0,0.0,1650.0,5.84,1.3,budget_depleted,1650.0
23,547,32835,0,0,0.0,0.0,0.0,1650.0,5.84,1.3,budget_depleted,1650.0
23,547,32850,0,0,0.0,0.0,0.0,1650.0,5.84,1.3,budget_depleted,1650.0
23,547,32865,0,0,0.0,0.0,0.0,1650.0,5.84,1.3,budget_depleted,1650.0
23,548,32880,0,0,0.0,0.0,0.0,1650.0,5.84,1.3,budget_depleted,1650.0
23,548,32895,0,0,0.0,0.0,0.0,1650.0,5.84,1.3,budget_depleted,1650.0
23,548,32910,0,0,0.0,0.0,0.0,1650.0,5.84,1.3,budget_depleted,1650.0
23,548,32925,0,0,0.0,0.0,0.0,1650.0,5.84,1.3,budget_depleted,1650.0
23,549,32940,0,0,0.0,0.0,0.0,1650.0,2.68,1.3,budget_depleted,1650.0
23,549,32955,0,0,0.0,0.0,0.0,1650.0,2.68,1.3,budget_depleted,1650.0
23,549,32970,0,0,0.0,0.0,0.0,1650.0,2.68,1.3,budget_depleted,1650.0
23,549,32985,0,0,0.0,0.0,0.0,1650.0,2.68,1.3,budget_depleted,1650.0
23,550,33000,0,0,0.0,0.0,0.0,1650.0,2.68,1.3,budget_depleted,1650.0
23,550,33015,0,0,0.0,0.0,0.0,1650.0,2.68,1.3,budget_depleted,1650.0
23,550,33030,0,0,0.0,0.0,0.0,1650.0,2.68,1.3,budget_depleted,1650.0
23,550,33045,0,0,0.0,0.0,0.0,1650.0,2.68,1.3,budget_depleted,1650.0
23,551,33060,0,0,0.0,0.0,0.0,1650.0,3.21,1.3,budget_depleted,1650.0
23,551,33075,0,0,0.0,0.0,0.0,1650.0,3.21,1.3,budget_depleted,1650.0
23,551,33090,0,0,0.0,0.0,0.0,1650.0,3.21,1.3,budget_depleted,1650.0
23,551,33105,0,0,0.0,0.0,0.0,1650.0,3.21,1.3,budget_depleted,1650.0
24,552,33120,0,0,0.0,0.0,0.0,1650.0,3.21,1.3,normal,0.0
24,552,33135,8,0,25.68,25.68,3.21,1650.0,3.21,1.3,normal,25.68
24,552,33150,4,0,4.5885,4.5885,1.1471,1650.0,3.21,1.3,normal,30.2685
24,552,33165,5,0,16.05,16.05,3.21,1650.0,3.21,1.3,normal,46.3185
24,553,33180,14,1,18.3251,18.3251,1.3089,1650.0,3.5,1.3,normal,64.6436
24,553,33195,11,1,38.5,38.5,3.5,1650.0,3.5,1.3,normal,103.1436
24,553,33210,2,0,7.0,7.0,3.5,1650.0,3.5,1.3,normal,110.1436
24,553,33225,7,0,3.3379,3.3379,0.4768,1650.0,3.5,1.3,normal,113.4815
24,554,33240,11,1,18.6979,18.6979,1.6998,1650.0,4.55,1.3,normal,132.1794
24,554,33255,8,0,8.7698,8.7698,1.0962,1650.0,4.55,1.3,normal,140.9492
24,554,33270,5,0,21.5612,21.5612,4.3122,1650.0,4.55,1.3,normal,162.5104
24,554,33285,13,2,59.15,29.575,4.55,1650.0,4.55,1.3,normal,221.6604
24,555,33300,21,4,99.54,24.885,4.74,1650.0,4.74,1.3,normal,321.2004
24,555,33315,13,0,49.835,49.835,3.8335,1650.0,4.74,1.3,normal,371.0354
24,555,33330,12,0,38.6025,38.6025,3.2169,1650.0,4.74,1.3,normal,409.6379
24,555,33345,10,0,29.1806,29.1806,2.9181,1650.0,4.74,1.3,normal,438.8185
24,556,33360,6,0,27.2751,27.2751,4.5458,1650.0,4.74,1.3,normal,466.0936
24,556,33375,8,2,25.3437,12.6718,3.168,1650.0,4.74,1.3,normal,491.4373
24,556,33390,7,0,17.4508,17.4508,2.493,1650.0,4.74,1.3,normal,508.8881
24,556,33405,10,1,40.5438,40.5438,4.0544,1650.0,4.74,1.3,normal,549.4319
24,557,33420,6,0,8.4546,8.4546,1.4091,1650.0,4.94,1.3,normal,557.8865
24,557,33435,9,2,1.2366,0.6183,0.1374,1650.0,4.94,1.3,normal,559.1231
24,557,33450,11,0,54.34,54.34,4.94,1650.0,4.94,1.3,normal,613.4631
24,557,33465,12,2,5.6563,2.8281,0.4714,1650.0,4.94,1.3,normal,619.1194
24,558,33480,15,0,6.6075,6.6075,0.4405,1650.0,4.94,1.3,normal,625.7269
24,558,33495,12,1,32.9003,32.9003,2.7417,1650.0,4.94,1.3,normal,658.6272
24,558,33510,14,2,27.1018,13.5509,1.9358,1650.0,4.94,1.3,normal,685.729
24,558,33525,7,0,5.6949,5.6949,0.8136,1650.0,4.94,1.3,normal,691.4239
24,559,33540,17,0,32.9983,32.9983,1.9411,1650.0,5.15,1.3,normal,724.4222
24,559,33555,15,1,75.0533,75.0533,5.0036,1650.0,5.15,1.3,normal,799.4755
24,559,33570,18,1,91.0252,91.0252,5.057,1650.0,5.15,1.3,normal,890.5007
24,559,33585,18,0,18.0161,18.0161,1.0009,1650.0,5.15,1.3,normal,908.5168
24,560,33600,5,0,14.5362,14.5362,2.9072,1650.0,4.74,1.3,normal,923.053
24,560,33615,8,0,23.0582,23.0582,2.8823,1650.0,4.74,1.3,normal,946.1112
24,560,33630,9,2,21.3763,10.6881,2.3751,1650.0,4.74,1.3,normal,967.4875
24,560,33645,10,1,5.812,5.812,0.5812,1650.0,4.74,1.3,normal,973.2995
24,561,33660,11,1,46.3008,46.3008,4.2092,1650.0,4.36,1.3,normal,1019.6003
24,561,33675,15,0,14.9306,14.9306,0.9954,1650.0,4.36,1.3,normal,1034.5309
24,561,33690,11,0,5.2762,5.2762,0.4797,1650.0,4.36,1.3,normal,1039.8071
24,561,33705,15,1,24.3393,24.3393,1.6226,1650.0,4.36,1.3,normal,1064.1464
24,562,33720,15,1,5.5969,5.5969,0.3731,1650.0,4.01,1.3,normal,1069.7433
24,562,33735,10,0,29.9536,29.9536,2.9954,1650.0,4.01,1.3,normal,1099.6969
24,562,33750,8,0,32.08,32.08,4.01,1650.0,4.01,1.3,normal,1131.7769
24,562,33765,7,0,28.07,28.07,4.01,1650.0,4.01,1.3,normal,1159.8469
24,563,33780,9,0,25.9576,25.9576,2.8842,1650.0,3.69,1.3,normal,1185.8045
24,563,33795,7,0,8.8186,8.8186,1.2598,1650.0,3.69,1.3,normal,1194.6231
24,563,33810,8,0,29.52,29.52,3.69,1650.0,3.69,1.3,normal,1224.1431
24,563,33825,10,0,31.3973,31.3973,3.1397,1650.0,3.69,1.3,normal,1255.5404
24,564,33840,11,1,13.9221,13.9221,1.2656,1650.0,3.39,1.3,normal,1269.4625
24,564,33855,14,1,47.46,47.46,3.39,1650.0,3.39,1.3,normal,1316.9225
24,564,33870,6,0,20.34,20.34,3.39,1650.0,3.39,1.3,normal,1337.2625
24,564,33885,8,0,19.4762,19.4762,2.4345,1650.0,3.39,1.3,normal,1356.7387
24,565,33900,8,0,24.96,24.96,3.12,1650.0,3.12,1.3,normal,1381.6987
24,565,33915,11,0,33.5207,33.5207,3.0473,1650.0,3.12,1.3,normal,1415.2194
24,565,33930,9,1,18.998,18.998,2.1109,1650.0,3.12,1.3,normal,1434.2174
24,565,33945,6,0,14.6076,14.6076,2.4346,1650.0,3.12,1.3,normal,1448.825
24,566,33960,7,0,20.09,20.09,2.87,1650.0,2.87,1.3,normal,1468.915
24,566,33975,10,0,28.5541,28.5541,2.8554,1650.0,2.87,1.3,budget_constrained,1497.4691
24,566,33990,11,0,31.57,31.57,2.87,1650.0,2.87,1.3,budget_constrained,1529.0391
24,566,34005,10,0,17.8524,17.8524,1.7852,1650.0,2.87,1.3,budget_constrained,1546.8915
24,567,34020,10,1,34.3,34.3,3.43,1650.0,3.43,1.3,budget_constrained,1581.1915
24,567,34035,9,0,25.2615,25.2615,2.8068,1650.0,3.43,1.3,budget_constrained,1606.453
24,567,34050,5,0,2.4411,2.4411,0.4882,1650.0,3.43,1.3,budget_constrained,1608.8941
24,567,34065,11,0,25.2962,25.2962,2.2997,1650.0,3.43,1.3,budget_constrained,1634.1903
24,568,34080,6,0,14.2708,14.2708,2.3785,1650.0,3.43,1.3,budget_constrained,1648.4611
24,568,34095,1,0,1.5389,1.5389,1.2242,1650.0,3.43,1.3,budget_depleted,1650.0
24,568,34110,0,0,0.0,0.0,0.0,1650.0,3.43,1.3,budget_depleted,1650.0
24,568,34125,0,0,0.0,0.0,0.0,1650.0,3.43,1.3,budget_depleted,1650.0
24,569,34140,0,0,0.0,0.0,0.0,1650.0,4.12,1.3,budget_depleted,1650.0
24,569,34155,0,0,0.0,0.0,0.0,1650.0,4.12,1.3,budget_depleted,1650.0
24,569,34170,0,0,0.0,0.0,0.0,1650.0,4.12,1.3,budget_depleted,1650.0
24,569,34185,0,0,0.0,0.0,0.0,1650.0,4.12,1.3,budget_depleted,1650.0
24,570,34200,0,0,0.0,0.0,0.0,1650.0,4.12,1.3,budget_depleted,1650.0
24,570,34215,0,0,0.0,0.0,0.0,1650.0,4.12,1.3,budget_depleted,1650.0
24,570,34230,0,0,0.0,0.0,0.0,1650.0,4.12,1.3,budget_depleted,1650.0
24,570,34245,0,0,0.0,0.0,0.0,1650.0,4.12,1.3,budget_depleted,1650.0
24,571,34260,0,0,0.0,0.0,0.0,1650.0,1.89,1.3,budget_depleted,1650.0
24,571,34275,0,0,0.0,0.0,0.0,1650.0,1.89,1.3,budget_depleted,1650.0
24,571,34290,0,0,0.0,0.0,0.0,1650.0,1.89,1.3,budget_depleted,1650.0
24,571,34305,0,0,0.0,0.0,0.0,1650.0,1.89,1.3,budget_depleted,1650.0
24,572,34320,0,0,0.0,0.0,0.0,1650.0,0.01,1.3,budget_depleted,1650.0
24,572,34335,0,0,0.0,0.0,0.0,1650.0,0.01,1.3,budget_depleted,1650.0
24,572,34350,0,0,0.0,0.0,0.0,1650.0,0.01,1.3,budget_depleted,1650.0
24,572,34365,0,0,0.0,0.0,0.0,1650.0,0.01,1.3,budget_depleted,1650.0
24,573,34380,0,0,0.0,0.0,0.0,1650.0,0.01,1.3,budget_depleted,1650.0
24,573,34395,0,0,0.0,0.0,0.0,1650.0,0.01,1.3,budget_depleted,1650.0
24,573,34410,0,0,0.0,0.0,0.0,1650.0,0.01,1.3,budget_depleted,1650.0
24,573,34425,0,0,0.0,0.0,0.0,1650.0,0.01,1.3,budget_depleted,1650.0
24,574,34440,0,0,0.0,0.0,0.0,1650.0,4.2,1.3,budget_depleted,1650.0
24,574,34455,0,0,0.0,0.0,0.0,1650.0,4.2,1.3,budget_depleted,1650.0
24,574,34470,0,0,0.0,0.0,0.0,1650.0,4.2,1.3,budget_depleted,1650.0
24,574,34485,0,0,0.0,0.0,0.0,1650.0,4.2,1.3,budget_depleted,1650.0
24,575,34500,0,0,0.0,0.0,0.0,1650.0,4.2,1.3,budget_depleted,1650.0
24,575,34515,0,0,0.0,0.0,0.0,1650.0,4.2,1.3,budget_depleted,1650.0
24,575,34530,0,0,0.0,0.0,0.0,1650.0,4.2,1.3,budget_depleted,1650.0
24,575,34545,0,0,0.0,0.0,0.0,1650.0,4.2,1.3,budget_depleted,1650.0
25,576,34560,0,0,0.0,0.0,0.0,1650.0,4.2,1.3,normal,0.0
25,576,34575,11,0,18.8473,18.8473,1.7134,1650.0,4.2,1.3,normal,18.8473
25,576,34590,14,0,10.8754,10.8754,0.7768,1650.0,4.2,1.3,normal,29.7227
25,576,34605,9,1,26.9375,26.9375,2.9931,1650.0,4.2,1.3,normal,56.6602
25,577,34620,9,1,18.0082,18.0082,2.0009,1650.0,4.38,1.3,normal,74.6684
25,577,34635,9,0,18.013,18.013,2.0014,1650.0,4.38,1.3,normal,92.6814
25,577,34650,7,0,30.66,30.66,4.38,1650.0,4.38,1.3,normal,123.3414
25,577,34665,12,0,24.8394,24.8394,2.07,1650.0,4.38,1.3,normal,148.1808
25,578,34680,11,0,4.2308,4.2308,0.3846,1650.0,4.38,1.3,normal,152.4116
25,578,34695,12,1,12.2974,12.2974,1.0248,1650.0,4.38,1.3,normal,164.709
25,578,34710,12,0,14.9787,14.9787,1.2482,1650.0,4.38,1.3,normal,179.6877
25,578,34725,8,1,35.04,35.04,4.38,1650.0,4.38,1.3,normal,214.7277
25,579,34740,10,0,44.5175,44.5175,4.4518,1650.0,4.47,1.3,normal,259.2452
25,579,34755,20,1,78.6911,78.6911,3.9346,1650.0,4.47,1.3,normal,337.9363
25,579,34770,15,0,41.558,41.558,2.7705,1650.0,4.47,1.3,normal,379.4943
25,579,34785,21,0,87.3976,87.3976,4.1618,1650.0,4.47,1.3,normal,466.8919
25,580,34800,9,0,30.1801,30.1801,3.3533,1650.0,4.38,1.3,normal,497.072
25,580,34815,18,0,8.8496,8.8496,0.4916,1650.0,4.38,1.3,normal,505.9216
25,580,34830,13,0,36.2169,36.2169,2.7859,1650.0,4.38,1.3,normal,542.1385
25,580,34845,9,1,23.7948,23.7948,2.6439,1650.0,4.38,1.3,normal,565.9333
25,581,34860,12,0,11.8209,11.8209,0.9851,1650.0,4.23,1.3,normal,577.7542
25,581,34875,13,0,26.5668,26.5668,2.0436,1650.0,4.23,1.3,normal,604.321
25,581,34890,17,0,64.9825,64.9825,3.8225,1650.0,4.23,1.3,normal,669.3035
25,581,34905,13,1,34.7088,34.7088,2.6699,1650.0,4.23,1.3,normal,704.0123
25,582,34920,0,0,0.0,0.0,0.01,1650.0,0.01,1.3,normal,704.0123
25,582,34935,0,0,0.0,0.0,0.01,1650.0,0.01,1.3,normal,704.0123
25,582,34950,0,0,0.0,0.0,0.01,1650.0,0.01,1.3,normal,704.0123
25,582,34965,0,0,0.0,0.0,0.01,1650.0,0.01,1.3,normal,704.0123
25,583,34980,0,0,0.0,0.0,0.01,1650.0,0.01,1.3,normal,704.0123
25,583,34995,0,0,0.0,0.0,0.01,1650.0,0.01,1.3,normal,704.0123
25,583,35010,0,0,0.0,0.0,0.01,1650.0,0.01,1.3,normal,704.0123
25,583,35025,0,0,0.0,0.0,0.01,1650.0,0.01,1.3,normal,704.0123
25,584,35040,7,0,20.6813,20.6813,2.9545,1650.0,4.2,1.3,normal,724.6936
25,584,35055,10,0,24.9621,24.9621,2.4962,1650.0,4.2,1.3,normal,749.6557
25,584,35070,11,2,1.3087,0.6543,0.119,1650.0,4.2,1.3,normal,750.9644
25,584,35085,14,1,3.0428,3.0428,0.2173,1650.0,4.2,1.3,normal,754.0072
25,585,35100,10,1,32.9468,32.9468,3.2947,1650.0,4.35,1.3,normal,786.954
25,585,35115,10,0,21.4892,21.4892,2.1489,1650.0,4.35,1.3,normal,808.4432
25,585,35130,8,0,29.9517,29.9517,3.744,1650.0,4.35,1.3,normal,838.3949
25,585,35145,6,0,7.9925,7.9925,1.3321,1650.0,4.35,1.3,normal,846.3874
25,586,35160,0,0,0.0,0.0,0.01,1650.0,0.01,1.3,normal,846.3874
25,586,35175,0,0,0.0,0.0,0.01,1650.0,0.01,1.3,normal,846.3874
25,586,35190,0,0,0.0,0.0,0.01,1650.0,0.01,1.3,normal,846.3874
25,586,35205,0,0,0.0,0.0,0.01,1650.0,0.01,1.3,normal,846.3874
25,587,35220,0,0,0.0,0.0,0.01,1650.0,0.01,1.3,normal,846.3874
25,587,35235,0,0,0.0,0.0,0.01,1650.0,0.01,1.3,normal,846.3874
25,587,35250,0,0,0.0,0.0,0.01,1650.0,0.01,1.3,normal,846.3874
25,587,35265,0,0,0.0,0.0,0.01,1650.0,0.01,1.3,normal,846.3874
25,588,35280,12,0,8.2619,8.2619,0.6885,1650.0,4.2,1.3,normal,854.6493
25,588,35295,8,1,33.6,33.6,4.2,1650.0,4.2,1.3,normal,888.2493
25,588,35310,13,2,25.5155,12.7577,1.9627,1650.0,4.2,1.3,normal,913.7648
25,588,35325,10,0,42.0,42.0,4.2,1650.0,4.2,1.3,normal,955.7648
25,589,35340,4,0,14.2565,14.2565,3.5641,1650.0,4.35,1.3,normal,970.0213
25,589,35355,6,0,26.1,26.1,4.35,1650.0,4.35,1.3,normal,996.1213
25,589,35370,9,0,39.15,39.15,4.35,1650.0,4.35,1.3,normal,1035.2713
25,589,35385,12,0,26.1467,26.1467,2.1789,1650.0,4.35,1.3,normal,1061.418
25,590,35400,11,1,47.85,47.85,4.35,1650.0,4.35,1.3,normal,1109.268
25,590,35415,15,0,60.3562,60.3562,4.0237,1650.0,4.35,1.3,normal,1169.6242
25,590,35430,14,1,17.0675,17.0675,1.2191,1650.0,4.35,1.3,normal,1186.6917
25,590,35445,18,0,72.6945,72.6945,4.0386,1650.0,4.35,1.3,normal,1259.3862
25,591,35460,11,0,49.5,49.5,4.5,1650.0,4.5,1.3,normal,1308.8862
25,591,35475,12,0,26.7221,26.7221,2.2268,1650.0,4.5,1.3,normal,1335.6083
25,591,35490,16,0,1.2762,1.2762,0.0798,1650.0,4.5,1.3,normal,1336.8845
25,591,35505,17,1,10.7027,10.7027,0.6296,1650.0,4.5,1.3,normal,1347.5872
25,592,35520,21,1,50.0266,50.0266,2.3822,1650.0,4.5,1.3,normal,1397.6138
25,592,35535,8,0,36.0,36.0,4.5,1650.0,4.5,1.3,normal,1433.6138
25,592,35550,13,0,32.085,32.085,2.4681,1650.0,4.5,1.3,normal,1465.6988
25,592,35565,8,1,4.5612,4.5612,0.5702,1650.0,4.5,1.3,normal,1470.26
25,593,35580,12,0,46.3461,46.3461,3.8622,1650.0,4.69,1.3,budget_constrained,1516.6061
25,593,35595,11,0,24.3178,24.3178,2.2107,1650.0,4.69,1.3,budget_constrained,1540.9239
25,593,35610,11,0,18.3275,18.3275,1.6661,1650.0,4.69,1.3,budget_constrained,1559.2514
25,593,35625,10,1,25.8519,25.8519,2.5852,1650.0,4.69,1.3,budget_constrained,1585.1033
25,594,35640,14,2,40.0803,20.0401,2.8629,1650.0,4.69,1.3,budget_constrained,1625.1836
25,594,35655,12,0,21.8085,21.8085,1.8174,1650.0,4.69,1.3,budget_constrained,1646.9921
25,594,35670,0,0,3.0079,3.0079,3.0518,1650.0,4.69,1.3,budget_depleted,1650.0
25,594,35685,0,0,0.0,0.0,0.0,1650.0,4.69,1.3,budget_depleted,1650.0
25,595,35700,0,0,0.0,0.0,0.0,1650.0,5.63,1.3,budget_depleted,1650.0
25,595,35715,0,0,0.0,0.0,0.0,1650.0,5.63,1.3,budget_depleted,1650.0
25,595,35730,0,0,0.0,0.0,0.0,1650.0,5.63,1.3,budget_depleted,1650.0
25,595,35745,0,0,0.0,0.0,0.0,1650.0,5.63,1.3,budget_depleted,1650.0
25,596,35760,0,0,0.0,0.0,0.0,1650.0,0.01,1.3,budget_depleted,1650.0
25,596,35775,0,0,0.0,0.0,0.0,1650.0,0.01,1.3,budget_depleted,1650.0
25,596,35790,0,0,0.0,0.0,0.0,1650.0,0.01,1.3,budget_depleted,1650.0
25,596,35805,0,0,0.0,0.0,0.0,1650.0,0.01,1.3,budget_depleted,1650.0
25,597,35820,0,0,0.0,0.0,0.0,1650.0,0.01,1.3,budget_depleted,1650.0
25,597,35835,0,0,0.0,0.0,0.0,1650.0,0.01,1.3,budget_depleted,1650.0
25,597,35850,0,0,0.0,0.0,0.0,1650.0,0.01,1.3,budget_depleted,1650.0
25,597,35865,0,0,0.0,0.0,0.0,1650.0,0.01,1.3,budget_depleted,1650.0
25,598,35880,0,0,0.0,0.0,0.0,1650.0,4.2,1.3,budget_depleted,1650.0
25,598,35895,0,0,0.0,0.0,0.0,1650.0,4.2,1.3,budget_depleted,1650.0
25,598,35910,0,0,0.0,0.0,0.0,1650.0,4.2,1.3,budget_depleted,1650.0
25,598,35925,0,0,0.0,0.0,0.0,1650.0,4.2,1.3,budget_depleted,1650.0
25,599,35940,0,0,0.0,0.0,0.0,1650.0,4.2,1.3,budget_depleted,1650.0
25,599,35955,0,0,0.0,0.0,0.0,1650.0,4.2,1.3,budget_depleted,1650.0
25,599,35970,0,0,0.0,0.0,0.0,1650.0,4.2,1.3,budget_depleted,1650.0
25,599,35985,0,0,0.0,0.0,0.0,1650.0,4.2,1.3,budget_depleted,1650.0
26,600,36000,0,0,0.0,0.0,0.0,1650.0,4.2,1.3,normal,0.0
26,600,36015,17,1,13.2986,13.2986,0.7823,1650.0,4.2,1.3,normal,13.2986
26,600,36030,15,2,27.6435,13.8217,1.8429,1650.0,4.2,1.3,normal,40.9421
26,600,36045,14,0,48.8101,48.8101,3.4864,1650.0,4.2,1.3,normal,89.7522
26,601,36060,10,0,40.9981,40.9981,4.0998,1650.0,4.38,1.3,normal,130.7503
26,601,36075,10,1,13.3092,13.3092,1.3309,1650.0,4.38,1.3,normal,144.0595
26,601,36090,12,0,3.9362,3.9362,0.328,1650.0,4.38,1.3,normal,147.9957
26,601,36105,9,0,1.351,1.351,0.1501,1650.0,4.38,1.3,normal,149.3467
26,602,36120,8,0,18.6563,18.6563,2.332,1650.0,4.38,1.3,normal,168.003
26,602,36135,8,0,31.9642,31.9642,3.9955,1650.0,4.38,1.3,normal,199.9672
26,602,36150,10,0,13.6042,13.6042,1.3604,1650.0,4.38,1.3,normal,213.5714
26,602,36165,14,0,29.6868,29.6868,2.1205,1650.0,4.38,1.3,normal,243.2582
26,603,36180,17,1,77.52,77.52,4.56,1650.0,4.56,1.3,normal,320.7782
26,603,36195,8,0,7.8428,7.8428,0.9804,1650.0,4.56,1.3,normal,328.621
26,603,36210,14,1,12.877,12.877,0.9198,1650.0,4.56,1.3,normal,341.498
26,603,36225,9,1,0.4005,0.4005,0.0445,1650.0,4.56,1.3,normal,341.8985
26,604,36240,9,0,41.04,41.04,4.56,1650.0,4.56,1.3,normal,382.9385
26,604,36255,12,1,54.72,54.72,4.56,1650.0,4.56,1.3,normal,437.6585
26,604,36270,10,0,20.1445,20.1445,2.0145,1650.0,4.56,1.3,normal,457.803
26,604,36285,12,1,54.72,54.72,4.56,1650.0,4.56,1.3,normal,512.523
26,605,36300,13,0,20.0464,20.0464,1.542,1650.0,4.75,1.3,normal,532.5694
26,605,36315,10,0,42.6974,42.6974,4.2697,1650.0,4.75,1.3,normal,575.2668
26,605,36330,13,0,50.1182,50.1182,3.8552,1650.0,4.75,1.3,normal,625.385
26,605,36345,8,0,19.3361,19.3361,2.417,1650.0,4.75,1.3,normal,644.7211
26,606,36360,0,0,0.0,0.0,0.01,1650.0,0.01,1.3,normal,644.7211
26,606,36375,0,0,0.0,0.0,0.01,1650.0,0.01,1.3,normal,644.7211
26,606,36390,0,0,0.0,0.0,0.01,1650.0,0.01,1.3,normal,644.7211
26,606,36405,0,0,0.0,0.0,0.01,1650.0,0.01,1.3,normal,644.7211
26,607,36420,0,0,0.0,0.0,0.01,1650.0,0.01,1.3,normal,644.7211
26,607,36435,0,0,0.0,0.0,0.01,1650.0,0.01,1.3,normal,644.7211
26,607,36450,0,0,0.0,0.0,0.01,1650.0,0.01,1.3,normal,644.7211
26,607,36465,0,0,0.0,0.0,0.01,1650.0,0.01,1.3,normal,644.7211
26,608,36480,7,1,29.4,29.4,4.2,1650.0,4.2,1.3,normal,674.1211
26,608,36495,6,0,13.7474,13.7474,2.2912,1650.0,4.2,1.3,normal,687.8685
26,608,36510,11,2,46.2,23.1,4.2,1650.0,4.2,1.3,normal,734.0685
26,608,36525,11,0,6.3716,6.3716,0.5792,1650.0,4.2,1.3,normal,740.4401
26,609,36540,11,1,32.7506,32.7506,2.9773,1650.0,4.35,1.3,normal,773.1907
26,609,36555,13,0,37.1107,37.1107,2.8547,1650.0,4.35,1.3,normal,810.3014
26,609,36570,11,0,29.8457,29.8457,2.7132,1650.0,4.35,1.3,normal,840.1471
26,609,36585,12,0,38.0224,38.0224,3.1685,1650.0,4.35,1.3,normal,878.1695
26,610,36600,12,0,29.4326,29.4326,2.4527,1650.0,4.35,1.3,normal,907.6021
26,610,36615,9,0,2.8756,2.8756,0.3195,1650.0,4.35,1.3,normal,910.4777
26,610,36630,7,0,8.2477,8.2477,1.1782,1650.0,4.35,1.3,normal,918.7254
26,610,36645,20,1,7.3886,7.3886,0.3694,1650.0,4.35,1.3,normal,926.114
26,611,36660,11,0,29.0883,29.0883,2.6444,1650.0,4.53,1.3,normal,955.2023
26,611,36675,8,0,36.24,36.24,4.53,1650.0,4.53,1.3,normal,991.4423
26,611,36690,8,0,25.4329,25.4329,3.1791,1650.0,4.53,1.3,normal,1016.8752
26,611,36705,15,1,39.9988,39.9988,2.6666,1650.0,4.53,1.3,normal,1056.874
26,612,36720,0,0,0.0,0.0,0.01,1650.0,0.01,1.3,normal,1056.874
26,612,36735,0,0,0.0,0.0,0.01,1650.0,0.01,1.3,normal,1056.874
26,612,36750,0,0,0.0,0.0,0.01,1650.0,0.01,1.3,normal,1056.874
26,612,36765,0,0,0.0,0.0,0.01,1650.0,0.01,1.3,normal,1056.874
26,613,36780,0,0,0.0,0.0,0.01,1650.0,0.01,1.3,normal,1056.874
26,613,36795,0,0,0.0,0.0,0.01,1650.0,0.01,1.3,normal,1056.874
26,613,36810,0,0,0.0,0.0,0.01,1650.0,0.01,1.3,normal,1056.874
26,613,36825,0,0,0.0,0.0,0.01,1650.0,0.01,1.3,normal,1056.874
26,614,36840,6,1,12.2052,12.2052,2.0342,1650.0,4.2,1.3,normal,1069.0792
26,614,36855,9,0,37.8,37.8,4.2,1650.0,4.2,1.3,normal,1106.8792
26,614,36870,8,0,33.6,33.6,4.2,1650.0,4.2,1.3,normal,1140.4792
26,614,36885,3,0,12.6,12.6,4.2,1650.0,4.2,1.3,normal,1153.0792
26,615,36900,11,0,48.18,48.18,4.38,1650.0,4.38,1.3,normal,1201.2592
26,615,36915,12,1,23.0029,23.0029,1.9169,1650.0,4.38,1.3,normal,1224.2621
26,615,36930,11,1,14.5613,14.5613,1.3238,1650.0,4.38,1.3,normal,1238.8234
26,615,36945,13,0,44.0305,44.0305,3.387,1650.0,4.38,1.3,normal,1282.8539
26,616,36960,14,0,44.7097,44.7097,3.1936,1650.0,4.38,1.3,normal,1327.5636
26,616,36975,13,0,7.0035,7.0035,0.5387,1650.0,4.38,1.3,normal,1334.5671
26,616,36990,10,1,2.1767,2.1767,0.2177,1650.0,4.38,1.3,normal,1336.7438
26,616,37005,11,1,13.2489,13.2489,1.2044,1650.0,4.38,1.3,normal,1349.9927
26,617,37020,16,0,36.9817,36.9817,2.3114,1650.0,4.56,1.3,normal,1386.9744
26,617,37035,13,0,33.226,33.226,2.5558,1650.0,4.56,1.3,normal,1420.2004
26,617,37050,13,1,16.0814,16.0814,1.237,1650.0,4.56,1.3,normal,1436.2818
26,617,37065,12,1,54.72,54.72,4.56,1650.0,4.56,1.3,budget_constrained,1491.0018
26,618,37080,13,0,14.2341,14.2341,1.0949,1650.0,4.56,1.3,budget_constrained,1505.2359
26,618,37095,11,2,24.6322,12.3161,2.2393,1650.0,4.56,1.3,budget_constrained,1529.8681
26,618,37110,13,0,25.5349,25.5349,1.9642,1650.0,4.56,1.3,budget_constrained,1555.403
26,618,37125,8,0,27.2486,27.2486,3.4061,1650.0,4.56,1.3,budget_constrained,1582.6516
26,619,37140,15,0,34.9753,34.9753,2.3317,1650.0,5.47,1.3,budget_constrained,1617.6269
26,619,37155,11,0,8.5278,8.5278,0.7753,1650.0,5.47,1.3,budget_constrained,1626.1547
26,619,37170,6,0,23.8453,23.8453,3.5357,1650.0,5.47,1.3,budget_depleted,1650.0
26,619,37185,0,0,0.0,0.0,0.0,1650.0,5.47,1.3,budget_depleted,1650.0
26,620,37200,0,0,0.0,0.0,0.0,1650.0,0.01,1.3,budget_depleted,1650.0
26,620,37215,0,0,0.0,0.0,0.0,1650.0,0.01,1.3,budget_depleted,1650.0
26,620,37230,0,0,0.0,0.0,0.0,1650.0,0.01,1.3,budget_depleted,1650.0
26,620,37245,0,0,0.0,0.0,0.0,1650.0,0.01,1.3,budget_depleted,1650.0
26,621,37260,0,0,0.0,0.0,0.0,1650.0,0.01,1.3,budget_depleted,1650.0
26,621,37275,0,0,0.0,0.0,0.0,1650.0,0.01,1.3,budget_depleted,1650.0
26,621,37290,0,0,0.0,0.0,0.0,1650.0,0.01,1.3,budget_depleted,1650.0
26,621,37305,0,0,0.0,0.0,0.0,1650.0,0.01,1.3,budget_depleted,1650.0
26,622,37320,0,0,0.0,0.0,0.0,1650.0,4.2,1.3,budget_depleted,1650.0
26,622,37335,0,0,0.0,0.0,0.0,1650.0,4.2,1.3,budget_depleted,1650.0
26,622,37350,0,0,0.0,0.0,0.0,1650.0,4.2,1.3,budget_depleted,1650.0
26,622,37365,0,0,0.0,0.0,0.0,1650.0,4.2,1.3,budget_depleted,1650.0
26,623,37380,0,0,0.0,0.0,0.0,1650.0,4.2,1.3,budget_depleted,1650.0
26,623,37395,0,0,0.0,0.0,0.0,1650.0,4.2,1.3,budget_depleted,1650.0
26,623,37410,0,0,0.0,0.0,0.0,1650.0,4.2,1.3,budget_depleted,1650.0
26,623,37425,0,0,0.0,0.0,0.0,1650.0,4.2,1.3,budget_depleted,1650.0
27,624,37440,0,0,0.0,0.0,0.0,1650.0,4.2,1.3,normal,0.0
27,624,37455,11,1,46.2,46.2,4.2,1650.0,4.2,1.3,normal,46.2
27,624,37470,12,0,46.8716,46.8716,3.906,1650.0,4.2,1.3,normal,93.0716
27,624,37485,19,1,79.8,79.8,4.2,1650.0,4.2,1.3,normal,172.8716
27,625,37500,14,0,9.6418,9.6418,0.6887,1650.0,4.38,1.0,normal,182.5134
27,625,37515,6,0,13.9558,13.9558,2.326,1650.0,4.38,1.0,normal,196.4692
27,625,37530,12,1,21.4933,21.4933,1.7911,1650.0,4.38,1.0,normal,217.9625
27,625,37545,9,1,39.42,39.42,4.38,1650.0,4.38,1.0,normal,257.3825
27,626,37560,13,0,56.94,56.94,4.38,1650.0,4.38,1.0,normal,314.3225
27,626,37575,10,0,17.4168,17.4168,1.7417,1650.0,4.38,1.0,normal,331.7393
27,626,37590,15,0,65.7,65.7,4.38,1650.0,4.38,1.0,normal,397.4393
27,626,37605,12,0,42.6305,42.6305,3.5525,1650.0,4.38,1.0,normal,440.0698
27,627,37620,15,1,39.783,39.783,2.6522,1650.0,4.3,1.0,normal,479.8528
27,627,37635,12,0,51.6,51.6,4.3,1650.0,4.3,1.0,normal,531.4528
27,627,37650,2,0,8.4862,8.4862,4.2431,1650.0,4.3,1.0,normal,539.939
27,627,37665,17,0,50.8651,50.8651,2.9921,1650.0,4.3,1.0,normal,590.8041
27,628,37680,8,1,16.4374,16.4374,2.0547,1650.0,4.3,1.0,normal,607.2415
27,628,37695,14,1,60.2,60.2,4.3,1650.0,4.3,1.0,normal,667.4415
27,628,37710,7,0,10.0353,10.0353,1.4336,1650.0,4.3,1.0,normal,677.4768
27,628,37725,13,0,55.9,55.9,4.3,1650.0,4.3,1.0,normal,733.3768
27,629,37740,9,0,34.8263,34.8263,3.8696,1650.0,4.19,1.0,normal,768.2031
27,629,37755,12,1,35.888,35.888,2.9907,1650.0,4.19,1.0,normal,804.0911
27,629,37770,7,0,7.5985,7.5985,1.0855,1650.0,4.19,1.0,normal,811.6896
27,629,37785,13,0,42.8285,42.8285,3.2945,1650.0,4.19,1.0,normal,854.5181
27,630,37800,17,1,71.23,71.23,4.19,1650.0,4.19,1.0,normal,925.7481
27,630,37815,8,0,8.2685,8.2685,1.0336,1650.0,4.19,1.0,normal,934.0166
27,630,37830,18,0,75.42,75.42,4.19,1650.0,4.19,1.0,normal,1009.4366
27,630,37845,7,0,29.33,29.33,4.19,1650.0,4.19,1.0,normal,1038.7666
27,631,37860,11,1,11.027,11.027,1.0025,1650.0,3.77,1.0,normal,1049.7936
27,631,37875,1,0,1.6579,1.6579,1.6579,1650.0,3.77,1.0,normal,1051.4515
27,631,37890,15,0,56.55,56.55,3.77,1650.0,3.77,1.0,normal,1108.0015
27,631,37905,11,0,2.1984,2.1984,0.1999,1650.0,3.77,1.0,normal,1110.1999
27,632,37920,11,1,16.5136,16.5136,1.5012,1650.0,3.77,1.0,normal,1126.7135
27,632,37935,5,0,0.3244,0.3244,0.0649,1650.0,3.77,1.0,normal,1127.0379
27,632,37950,12,0,45.24,45.24,3.77,1650.0,3.77,1.0,normal,1172.2779
27,632,37965,13,0,33.1241,33.1241,2.548,1650.0,3.77,1.0,normal,1205.402
27,633,37980,12,0,40.68,40.68,3.39,1650.0,3.39,1.0,normal,1246.082
27,633,37995,5,0,0.369,0.369,0.0738,1650.0,3.39,1.0,normal,1246.451
27,633,38010,16,1,7.1101,7.1101,0.4444,1650.0,3.39,1.0,normal,1253.5611
27,633,38025,6,0,9.6401,9.6401,1.6067,1650.0,3.39,1.0,normal,1263.2012
27,634,38040,13,0,6.0417,6.0417,0.4647,1650.0,3.39,1.0,normal,1269.2429
27,634,38055,9,1,30.51,30.51,3.39,1650.0,3.39,1.0,normal,1299.7529
27,634,38070,5,0,14.3626,14.3626,2.8725,1650.0,3.39,1.0,normal,1314.1155
27,634,38085,8,1,27.12,27.12,3.39,1650.0,3.39,1.0,normal,1341.2355
27,635,38100,9,0,7.016,7.016,0.7796,1650.0,3.05,1.0,normal,1348.2515
27,635,38115,7,0,11.5682,11.5682,1.6526,1650.0,3.05,1.0,normal,1359.8197
27,635,38130,2,0,5.5272,5.5272,2.7636,1650.0,3.05,1.0,normal,1365.3469
27,635,38145,5,0,11.0665,11.0665,2.2133,1650.0,3.05,1.0,normal,1376.4134
27,636,38160,0,0,0.0,0.0,3.36,1000.0,3.36,1.0,budget_depleted,1376.4134
27,636,38175,0,0,0.0,0.0,0.0,1000.0,3.36,1.0,budget_depleted,1376.4134
27,636,38190,0,0,0.0,0.0,0.0,1000.0,3.36,1.0,budget_depleted,1376.4134
27,636,38205,0,0,0.0,0.0,0.0,1000.0,3.36,1.0,budget_depleted,1376.4134
27,637,38220,0,0,0.0,0.0,0.0,1000.0,3.69,1.0,budget_depleted,1376.4134
27,637,38235,0,0,0.0,0.0,0.0,1000.0,3.69,1.0,budget_depleted,1376.4134
27,637,38250,0,0,0.0,0.0,0.0,1000.0,3.69,1.0,budget_depleted,1376.4134
27,637,38265,0,0,0.0,0.0,0.0,1000.0,3.69,1.0,budget_depleted,1376.4134
27,638,38280,0,0,0.0,0.0,0.0,1000.0,3.69,1.0,budget_depleted,1376.4134
27,638,38295,0,0,0.0,0.0,0.0,1000.0,3.69,1.0,budget_depleted,1376.4134
27,638,38310,0,0,0.0,0.0,0.0,1000.0,3.69,1.0,budget_depleted,1376.4134
27,638,38325,0,0,0.0,0.0,0.0,1000.0,3.69,1.0,budget_depleted,1376.4134
27,639,38340,0,0,0.0,0.0,0.0,1000.0,4.8,1.0,budget_depleted,1376.4134
27,639,38355,0,0,0.0,0.0,0.0,1000.0,4.8,1.0,budget_depleted,1376.4134
27,639,38370,0,0,0.0,0.0,0.0,1000.0,4.8,1.0,budget_depleted,1376.4134
27,639,38385,0,0,0.0,0.0,0.0,1000.0,4.8,1.0,budget_depleted,1376.4134
27,640,38400,0,0,0.0,0.0,0.0,1000.0,4.8,1.0,budget_depleted,1376.4134
27,640,38415,0,0,0.0,0.0,0.0,1000.0,4.8,1.0,budget_depleted,1376.4134
27,640,38430,0,0,0.0,0.0,0.0,1000.0,4.8,1.0,budget_depleted,1376.4134
27,640,38445,0,0,0.0,0.0,0.0,1000.0,4.8,1.0,budget_depleted,1376.4134
27,641,38460,0,0,0.0,0.0,0.0,1000.0,0.55,1.0,budget_depleted,1376.4134
27,641,38475,0,0,0.0,0.0,0.0,1000.0,0.55,1.0,budget_depleted,1376.4134
27,641,38490,0,0,0.0,0.0,0.0,1000.0,0.55,1.0,budget_depleted,1376.4134
27,641,38505,0,0,0.0,0.0,0.0,1000.0,0.55,1.0,budget_depleted,1376.4134
27,642,38520,0,0,0.0,0.0,0.0,1000.0,0.55,1.0,budget_depleted,1376.4134
27,642,38535,0,0,0.0,0.0,0.0,1000.0,0.55,1.0,budget_depleted,1376.4134
27,642,38550,0,0,0.0,0.0,0.0,1000.0,0.55,1.0,budget_depleted,1376.4134
27,642,38565,0,0,0.0,0.0,0.0,1000.0,0.55,1.0,budget_depleted,1376.4134
27,643,38580,0,0,0.0,0.0,0.0,1000.0,0.5,1.0,budget_depleted,1376.4134
27,643,38595,0,0,0.0,0.0,0.0,1000.0,0.5,1.0,budget_depleted,1376.4134
27,643,38610,0,0,0.0,0.0,0.0,1000.0,0.5,1.0,budget_depleted,1376.4134
27,643,38625,0,0,0.0,0.0,0.0,1000.0,0.5,1.0,budget_depleted,1376.4134
27,644,38640,0,0,0.0,0.0,0.0,1000.0,0.5,1.0,budget_depleted,1376.4134
27,644,38655,0,0,0.0,0.0,0.0,1000.0,0.5,1.0,budget_depleted,1376.4134
27,644,38670,0,0,0.0,0.0,0.0,1000.0,0.5,1.0,budget_depleted,1376.4134
27,644,38685,0,0,0.0,0.0,0.0,1000.0,0.5,1.0,budget_depleted,1376.4134
27,645,38700,0,0,0.0,0.0,0.0,1000.0,0.5,1.0,budget_depleted,1376.4134
27,645,38715,0,0,0.0,0.0,0.0,1000.0,0.5,1.0,budget_depleted,1376.4134
27,645,38730,0,0,0.0,0.0,0.0,1000.0,0.5,1.0,budget_depleted,1376.4134
27,645,38745,0,0,0.0,0.0,0.0,1000.0,0.5,1.0,budget_depleted,1376.4134
27,646,38760,0,0,0.0,0.0,0.0,1000.0,0.5,1.0,budget_depleted,1376.4134
27,646,38775,0,0,0.0,0.0,0.0,1000.0,0.5,1.0,budget_depleted,1376.4134
27,646,38790,0,0,0.0,0.0,0.0,1000.0,0.5,1.0,budget_depleted,1376.4134
27,646,38805,0,0,0.0,0.0,0.0,1000.0,0.5,1.0,budget_depleted,1376.4134
27,647,38820,0,0,0.0,0.0,0.0,1000.0,0.5,1.0,budget_depleted,1376.4134
27,647,38835,0,0,0.0,0.0,0.0,1000.0,0.5,1.0,budget_depleted,1376.4134
27,647,38850,0,0,0.0,0.0,0.0,1000.0,0.5,1.0,budget_depleted,1376.4134
27,647,38865,0,0,0.0,0.0,0.0,1000.0,0.5,1.0,budget_depleted,1376.4134
28,648,38880,0,0,0.0,0.0,0.0,1000.0,0.65,1.0,normal,0.0
28,648,38895,1,0,0.65,0.65,0.65,1000.0,0.65,1.0,normal,0.65
28,648,38910,4,0,2.6,2.6,0.65,1000.0,0.65,1.0,normal,3.25
28,648,38925,3,0,1.95,1.95,0.65,1000.0,0.65,1.0,normal,5.2
28,649,38940,1,0,0.67,0.67,0.67,1000.0,0.67,1.0,normal,5.87
28,649,38955,2,0,1.34,1.34,0.67,1000.0,0.67,1.0,normal,7.21
28,649,38970,4,0,2.68,2.68,0.67,1000.0,0.67,1.0,normal,9.89
28,649,38985,1,0,0.67,0.67,0.67,1000.0,0.67,1.0,normal,10.56
28,650,39000,2,0,1.3762,1.3762,0.6881,1000.0,0.69,1.0,normal,11.9362
28,650,39015,4,0,2.76,2.76,0.69,1000.0,0.69,1.0,normal,14.6962
28,650,39030,2,1,1.38,1.38,0.69,1000.0,0.69,1.0,normal,16.0762
28,650,39045,1,0,0.5967,0.5967,0.5967,1000.0,0.69,1.0,normal,16.6729
28,651,39060,1,0,0.527,0.527,0.527,1000.0,0.69,1.0,normal,17.1999
28,651,39075,0,0,0.0,0.0,0.69,1000.0,0.69,1.0,normal,17.1999
28,651,39090,1,0,0.69,0.69,0.69,1000.0,0.69,1.0,normal,17.8899
28,651,39105,4,0,2.76,2.76,0.69,1000.0,0.69,1.0,normal,20.6499
28,652,39120,4,0,2.5979,2.5979,0.6495,1000.0,0.69,1.0,normal,23.2478
28,652,39135,2,0,1.2633,1.2633,0.6317,1000.0,0.69,1.0,normal,24.5111
28,652,39150,2,0,1.38,1.38,0.69,1000.0,0.69,1.0,normal,25.8911
28,652,39165,0,0,0.0,0.0,0.69,1000.0,0.69,1.0,normal,25.8911
28,653,39180,2,0,1.42,1.42,0.71,1000.0,0.71,1.0,normal,27.3111
28,653,39195,0,0,0.0,0.0,0.71,1000.0,0.71,1.0,normal,27.3111
28,653,39210,2,0,1.2775,1.2775,0.6388,1000.0,0.71,1.0,normal,28.5886
28,653,39225,2,0,1.42,1.42,0.71,1000.0,0.71,1.0,normal,30.0086
28,654,39240,0,0,0.0,0.0,0.73,1000.0,0.73,1.0,normal,30.0086
28,654,39255,0,0,0.0,0.0,0.73,1000.0,0.73,1.0,normal,30.0086
28,654,39270,1,0,0.73,0.73,0.73,1000.0,0.73,1.0,normal,30.7386
28,654,39285,1,0,0.5772,0.5772,0.5772,1000.0,0.73,1.0,normal,31.3158
28,655,39300,2,0,0.2282,0.2282,0.1141,1000.0,0.76,1.0,normal,31.544
28,655,39315,4,0,2.9372,2.9372,0.7343,1000.0,0.76,1.0,normal,34.4812
28,655,39330,3,0,2.28,2.28,0.76,1000.0,0.76,1.0,normal,36.7612
28,655,39345,2,0,1.52,1.52,0.76,1000.0,0.76,1.0,normal,38.2812
28,656,39360,3,0,2.28,2.28,0.76,1000.0,0.76,1.0,normal,40.5612
28,656,39375,4,0,0.4813,0.4813,0.1203,1000.0,0.76,1.0,normal,41.0425
28,656,39390,1,0,0.7306,0.7306,0.7306,1000.0,0.76,1.0,normal,41.7731
28,656,39405,1,0,0.76,0.76,0.76,1000.0,0.76,1.0,normal,42.5331
28,657,39420,4,0,3.16,3.16,0.79,1000.0,0.79,1.0,normal,45.6931
28,657,39435,2,0,1.58,1.58,0.79,1000.0,0.79,1.0,normal,47.2731
28,657,39450,2,0,1.58,1.58,0.79,1000.0,0.79,1.0,normal,48.8531
28,657,39465,3,0,0.539,0.539,0.1797,1000.0,0.79,1.0,normal,49.3921
28,658,39480,1,0,0.82,0.82,0.82,1000.0,0.82,1.0,normal,50.2121
28,658,39495,3,0,2.46,2.46,0.82,1000.0,0.82,1.0,normal,52.6721
28,658,39510,1,0,0.0243,0.0243,0.0243,1000.0,0.82,1.0,normal,52.6964
28,658,39525,4,0,3.28,3.28,0.82,1000.0,0.82,1.0,normal,55.9764
28,659,39540,2,0,1.7,1.7,0.85,1000.0,0.85,1.0,normal,57.6764
28,659,39555,4,0,3.4,3.4,0.85,1000.0,0.85,1.0,normal,61.0764
28,659,39570,2,0,1.7,1.7,0.85,1000.0,0.85,1.0,normal,62.7764
28,659,39585,2,0,1.7,1.7,0.85,1000.0,0.85,1.0,normal,64.4764
28,660,39600,2,0,1.7,1.7,0.85,1000.0,0.85,1.0,normal,66.1764
28,660,39615,2,0,0.399,0.399,0.1995,1000.0,0.85,1.0,normal,66.5754
28,660,39630,3,2,2.55,1.275,0.85,1000.0,0.85,1.0,normal,69.1254
28,660,39645,3,1,2.55,2.55,0.85,1000.0,0.85,1.0,normal,71.6754
28,661,39660,4,0,3.52,3.52,0.88,1000.0,0.88,1.0,normal,75.1954
28,661,39675,4,0,3.52,3.52,0.88,1000.0,0.88,1.0,normal,78.7154
28,661,39690,1,0,0.88,0.88,0.88,1000.0,0.88,1.0,normal,79.5954
28,661,39705,3,0,2.64,2.64,0.88,1000.0,0.88,1.0,normal,82.2354
28,662,39720,1,0,0.9044,0.9044,0.9044,1000.0,0.91,1.0,normal,83.1398
28,662,39735,2,0,1.82,1.82,0.91,1000.0,0.91,1.0,normal,84.9598
28,662,39750,5,0,4.55,4.55,0.91,1000.0,0.91,1.0,normal,89.5098
28,662,39765,0,0,0.0,0.0,0.75,1000.0,0.91,1.0,normal,89.5098
28,663,39780,2,0,1.88,1.88,0.94,1000.0,0.94,1.0,normal,91.3898
28,663,39795,2,0,1.88,1.88,0.94,1000.0,0.94,1.0,normal,93.2698
28,663,39810,2,0,1.7828,1.7828,0.8914,1000.0,0.94,1.0,normal,95.0526
28,663,39825,5,0,4.7,4.7,0.94,1000.0,0.94,1.0,normal,99.7526
28,664,39840,4,0,2.1746,2.1746,0.5436,1000.0,0.94,1.0,normal,101.9272
28,664,39855,1,0,0.94,0.94,0.94,1000.0,0.94,1.0,normal,102.8672
28,664,39870,1,0,0.2096,0.2096,0.2096,1000.0,0.94,1.0,normal,103.0768
28,664,39885,0,0,0.0,0.0,0.5543,1000.0,0.94,1.0,normal,103.0768
28,665,39900,1,0,0.584,0.584,0.584,1000.0,0.97,1.0,normal,103.6608
28,665,39915,3,0,2.91,2.91,0.97,1000.0,0.97,1.0,normal,106.5708
28,665,39930,4,0,0.228,0.228,0.057,1000.0,0.97,1.0,normal,106.7988
28,665,39945,2,1,1.8897,1.8897,0.9449,1000.0,0.97,1.0,normal,108.6885
28,666,39960,2,0,2.0,2.0,1.0,1000.0,1.0,1.0,normal,110.6885
28,666,39975,3,0,2.9884,2.9884,0.9961,1000.0,1.0,1.0,normal,113.6769
28,666,39990,3,0,3.0,3.0,1.0,1000.0,1.0,1.0,normal,116.6769
28,666,40005,3,0,0.8269,0.8269,0.2756,1000.0,1.0,1.0,normal,117.5038
28,667,40020,1,0,1.03,1.03,1.03,1000.0,1.03,1.0,normal,118.5338
28,667,40035,3,0,3.09,3.09,1.03,1000.0,1.03,1.0,normal,121.6238
28,667,40050,2,0,2.06,2.06,1.03,1000.0,1.03,1.0,normal,123.6838
28,667,40065,3,0,0.6523,0.6523,0.2174,1000.0,1.03,1.0,normal,124.3361
28,668,40080,2,0,0.2537,0.2537,0.1268,1000.0,1.03,1.0,normal,124.5898
28,668,40095,4,0,4.12,4.12,1.03,1000.0,1.03,1.0,normal,128.7098
28,668,40110,4,0,4.12,4.12,1.03,1000.0,1.03,1.0,normal,132.8298
28,668,40125,1,0,1.03,1.03,1.03,1000.0,1.03,1.0,normal,133.8598
28,669,40140,5,0,0.8275,0.8275,0.1655,1000.0,1.07,1.0,normal,134.6873
28,669,40155,0,0,0.0,0.0,1.07,1000.0,1.07,1.0,normal,134.6873
28,669,40170,4,0,4.28,4.28,1.07,1000.0,1.07,1.0,normal,138.9673
28,669,40185,4,0,4.28,4.28,1.07,1000.0,1.07,1.0,normal,143.2473
28,670,40200,1,0,0.8781,0.8781,0.8781,1000.0,1.11,1.0,normal,144.1254
28,670,40215,1,0,1.11,1.11,1.11,1000.0,1.11,1.0,normal,145.2354
28,670,40230,1,0,1.11,1.11,1.11,1000.0,1.11,1.0,normal,146.3454
28,670,40245,4,0,4.44,4.44,1.11,1000.0,1.11,1.0,normal,150.7854
28,671,40260,4,0,2.5866,2.5866,0.6466,1000.0,1.15,1.0,normal,153.372
28,671,40275,1,0,0.3647,0.3647,0.3647,1000.0,1.15,1.0,normal,153.7367
28,671,40290,1,0,1.15,1.15,1.15,1000.0,1.15,1.0,normal,154.8867
28,671,40305,2,0,1.9251,1.9251,0.9625,1000.0,1.15,1.0,normal,156.8118
29,672,40320,3,0,3.45,3.45,1.15,1000.0,1.15,1.0,normal,3.45
29,672,40335,3,0,3.45,3.45,1.15,1000.0,1.15,1.0,normal,6.9
29,672,40350,3,0,0.3545,0.3545,0.1182,1000.0,1.15,1.0,normal,7.2545
29,672,40365,8,0,6.9329,6.9329,0.8666,1000.0,1.15,1.0,normal,14.1874
29,673,40380,4,0,4.76,4.76,1.19,1000.0,1.19,1.0,normal,18.9474
29,673,40395,2,0,0.8254,0.8254,0.4127,1000.0,1.19,1.0,normal,19.7728
29,673,40410,6,0,5.9351,5.9351,0.9892,1000.0,1.19,1.0,normal,25.7079
29,673,40425,4,1,4.76,4.76,1.19,1000.0,1.19,1.0,normal,30.4679
29,674,40440,3,0,3.69,3.69,1.23,1000.0,1.23,1.0,normal,34.1579
29,674,40455,2,0,2.46,2.46,1.23,1000.0,1.23,1.0,normal,36.6179
29,674,40470,4,0,3.4503,3.4503,0.8626,1000.0,1.23,1.0,normal,40.0682
29,674,40485,3,0,2.5401,2.5401,0.8467,1000.0,1.23,1.0,normal,42.6083
29,675,40500,4,0,3.5715,3.5715,0.8929,1000.0,1.27,1.0,normal,46.1798
29,675,40515,4,0,3.6474,3.6474,0.9119,1000.0,1.27,1.0,normal,49.8272
29,675,40530,4,0,5.08,5.08,1.27,1000.0,1.27,1.0,normal,54.9072
29,675,40545,7,1,8.89,8.89,1.27,1000.0,1.27,1.0,normal,63.7972
29,676,40560,3,0,3.81,3.81,1.27,1000.0,1.27,1.0,normal,67.6072
29,676,40575,0,0,0.0,0.0,1.27,1000.0,1.27,1.0,normal,67.6072
29,676,40590,2,0,2.54,2.54,1.27,1000.0,1.27,1.0,normal,70.1472
29,676,40605,4,0,3.429,3.429,0.8573,1000.0,1.27,1.0,normal,73.5762
29,677,40620,8,0,10.48,10.48,1.31,1000.0,1.31,1.0,normal,84.0562
29,677,40635,4,1,5.24,5.24,1.31,1000.0,1.31,1.0,normal,89.2962
29,677,40650,8,0,10.48,10.48,1.31,1000.0,1.31,1.0,normal,99.7762
29,677,40665,3,0,3.93,3.93,1.31,1000.0,1.31,1.0,normal,103.7062
29,678,40680,1,0,1.36,1.36,1.36,1000.0,1.36,1.0,normal,105.0662
29,678,40695,5,0,6.8,6.8,1.36,1000.0,1.36,1.0,normal,111.8662
29,678,40710,3,0,0.5196,0.5196,0.1732,1000.0,1.36,1.0,normal,112.3858
29,678,40725,7,0,9.52,9.52,1.36,1000.0,1.36,1.0,normal,121.9058
29,679,40740,2,0,0.9579,0.9579,0.4789,1000.0,1.41,1.0,normal,122.8637
29,679,40755,3,0,1.8896,1.8896,0.6299,1000.0,1.41,1.0,normal,124.7533
29,679,40770,5,0,7.05,7.05,1.41,1000.0,1.41,1.0,normal,131.8033
29,679,40785,3,1,3.9348,3.9348,1.3116,1000.0,1.41,1.0,normal,135.7381
29,680,40800,6,0,8.46,8.46,1.41,1000.0,1.41,1.0,normal,144.1981
29,680,40815,3,0,4.23,4.23,1.41,1000.0,1.41,1.0,normal,148.4281
29,680,40830,7,0,9.87,9.87,1.41,1000.0,1.41,1.0,normal,158.2981
29,680,40845,3,0,2.9385,2.9385,0.9795,1000.0,1.41,1.0,normal,161.2366
29,681,40860,5,0,7.3,7.3,1.46,1000.0,1.46,1.0,normal,168.5366
29,681,40875,4,0,5.84,5.84,1.46,1000.0,1.46,1.0,normal,174.3766
29,681,40890,0,0,0.0,0.0,0.4753,1000.0,1.46,1.0,normal,174.3766
29,681,40905,1,0,0.3834,0.3834,0.3834,1000.0,1.46,1.0,normal,174.76
29,682,40920,7,0,6.3245,6.3245,0.9035,1000.0,1.51,1.0,normal,181.0845
29,682,40935,5,0,6.6466,6.6466,1.3293,1000.0,1.51,1.0,normal,187.7311
29,682,40950,3,0,3.7329,3.7329,1.2443,1000.0,1.51,1.0,normal,191.464
29,682,40965,5,0,4.5358,4.5358,0.9072,1000.0,1.51,1.0,normal,195.9998
29,683,40980,4,0,6.24,6.24,1.56,1000.0,1.56,1.0,normal,202.2398
29,683,40995,8,0,12.48,12.48,1.56,1000.0,1.56,1.0,normal,214.7198
29,683,41010,7,0,10.92,10.92,1.56,1000.0,1.56,1.0,normal,225.6398
29,683,41025,3,0,4.68,4.68,1.56,1000.0,1.56,1.0,normal,230.3198
29,684,41040,9,0,14.04,14.04,1.56,1000.0,1.56,1.0,normal,244.3598
29,684,41055,2,0,3.12,3.12,1.56,1000.0,1.56,1.0,normal,247.4798
29,684,41070,2,0,3.12,3.12,1.56,1000.0,1.56,1.0,normal,250.5998
29,684,41085,5,0,7.8,7.8,1.56,1000.0,1.56,1.0,normal,258.3998
29,685,41100,6,0,8.4306,8.4306,1.4051,1000.0,1.61,1.0,normal,266.8304
29,685,41115,5,0,8.05,8.05,1.61,1000.0,1.61,1.0,normal,274.8804
29,685,41130,4,0,4.4131,4.4131,1.1033,1000.0,1.61,1.0,normal,279.2935
29,685,41145,2,0,3.22,3.22,1.61,1000.0,1.61,1.0,normal,282.5135
29,686,41160,2,0,2.4143,2.4143,1.2071,1000.0,1.67,1.0,normal,284.9278
29,686,41175,3,0,5.01,5.01,1.67,1000.0,1.67,1.0,normal,289.9378
29,686,41190,2,0,2.213,2.213,1.1065,1000.0,1.67,1.0,normal,292.1508
29,686,41205,8,0,11.6123,11.6123,1.4515,1000.0,1.67,1.0,normal,303.7631
29,687,41220,2,0,3.4,3.4,1.7,1000.0,1.7,1.0,normal,307.1631
29,687,41235,4,0,6.8,6.8,1.7,1000.0,1.7,1.0,normal,313.9631
29,687,41250,4,0,6.8,6.8,1.7,1000.0,1.7,1.0,normal,320.7631
29,687,41265,3,0,5.1,5.1,1.7,1000.0,1.7,1.0,normal,325.8631
29,688,41280,6,0,6.0287,6.0287,1.0048,1000.0,2.21,1.0,normal,331.8918
29,688,41295,5,0,11.05,11.05,2.21,1000.0,2.21,1.0,normal,342.9418
29,688,41310,3,0,6.486,6.486,2.162,1000.0,2.21,1.0,normal,349.4278
29,688,41325,10,0,22.1,22.1,2.21,1000.0,2.21,1.0,normal,371.5278
29,689,41340,4,1,8.84,8.84,2.21,1000.0,2.21,1.0,normal,380.3678
29,689,41355,8,1,17.68,17.68,2.21,1000.0,2.21,1.0,normal,398.0478
29,689,41370,9,0,19.89,19.89,2.21,1000.0,2.21,1.0,normal,417.9378
29,689,41385,7,0,15.47,15.47,2.21,1000.0,2.21,1.0,normal,433.4078
29,690,41400,8,0,2.8611,2.8611,0.3576,1000.0,2.29,1.0,normal,436.2689
29,690,41415,6,0,13.3556,13.3556,2.2259,1000.0,2.29,1.0,normal,449.6245
29,690,41430,1,0,2.2412,2.2412,2.2412,1000.0,2.29,1.0,normal,451.8657
29,690,41445,5,0,11.45,11.45,2.29,1000.0,2.29,1.0,normal,463.3157
29,691,41460,6,0,12.3425,12.3425,2.0571,1000.0,2.37,1.0,normal,475.6582
29,691,41475,5,0,7.8638,7.8638,1.5728,1000.0,2.37,1.0,normal,483.522
29,691,41490,5,0,11.85,11.85,2.37,1000.0,2.37,1.0,normal,495.372
29,691,41505,8,0,3.402,3.402,0.4253,1000.0,2.37,1.0,normal,498.774
29,692,41520,6,1,15.6,15.6,2.6,1000.0,2.6,1.0,normal,514.374
29,692,41535,5,0,1.4535,1.4535,0.2907,1000.0,2.6,1.0,normal,515.8275
29,692,41550,12,0,0.506,0.506,0.0422,1000.0,2.6,1.0,normal,516.3335
29,692,41565,6,0,14.1608,14.1608,2.3601,1000.0,2.6,1.0,normal,530.4943
29,693,41580,8,0,18.6966,18.6966,2.3371,1000.0,2.65,1.0,normal,549.1909
29,693,41595,10,0,26.5,26.5,2.65,1000.0,2.65,1.0,normal,575.6909
29,693,41610,6,0,3.5803,3.5803,0.5967,1000.0,2.65,1.0,normal,579.2712
29,693,41625,11,1,20.5345,20.5345,1.8668,1000.0,2.65,1.0,normal,599.8057
29,694,41640,6,1,5.7064,5.7064,0.9511,1000.0,2.6,1.0,normal,605.5121
29,694,41655,7,1,13.2806,13.2806,1.8972,1000.0,2.6,1.0,normal,618.7927
29,694,41670,4,0,0.823,0.823,0.2058,1000.0,2.6,1.0,normal,619.6157
29,694,41685,6,0,15.6,15.6,2.6,1000.0,2.6,1.0,normal,635.2157
29,695,41700,7,0,0.3117,0.3117,0.0445,1000.0,2.69,1.0,normal,635.5274
29,695,41715,10,0,0.8625,0.8625,0.0862,1000.0,2.69,1.0,normal,636.3899
29,695,41730,3,0,4.1225,4.1225,1.3742,1000.0,2.69,1.0,normal,640.5124
29,695,41745,8,0,0.793,0.793,0.0991,1000.0,2.69,1.0,normal,641.3054
30,696,41760,7,0,18.83,18.83,2.69,1000.0,2.69,1.0,normal,18.83
30,696,41775,9,0,23.8389,23.8389,2.6488,1000.0,2.69,1.0,normal,42.6689
30,696,41790,13,0,34.97,34.97,2.69,1000.0,2.69,1.0,normal,77.6389
30,696,41805,5,0,4.0032,4.0032,0.8006,1000.0,2.69,1.0,normal,81.6421
30,697,41820,5,0,13.6833,13.6833,2.7367,1000.0,2.8,1.0,normal,95.3254
30,697,41835,6,1,2.0495,2.0495,0.3416,1000.0,2.8,1.0,normal,97.3749
30,697,41850,11,0,30.8,30.8,2.8,1000.0,2.8,1.0,normal,128.1749
30,697,41865,6,0,0.3545,0.3545,0.0591,1000.0,2.8,1.0,normal,128.5294
30,698,41880,4,1,2.2013,2.2013,0.5503,1000.0,2.9,1.0,normal,130.7307
30,698,41895,6,0,17.4,17.4,2.9,1000.0,2.9,1.0,normal,148.1307
30,698,41910,10,0,3.8202,3.8202,0.382,1000.0,2.9,1.0,normal,151.9509
30,698,41925,5,0,14.5,14.5,2.9,1000.0,2.9,1.0,normal,166.4509
30,699,41940,8,0,9.5619,9.5619,1.1952,1000.0,2.95,1.0,normal,176.0128
30,699,41955,8,0,1.0351,1.0351,0.1294,1000.0,2.95,1.0,normal,177.0479
30,699,41970,5,0,14.75,14.75,2.95,1000.0,2.95,1.0,normal,191.7979
30,699,41985,4,0,10.4251,10.4251,2.6063,1000.0,2.95,1.0,normal,202.223
30,700,42000,7,0,4.8032,4.8032,0.6862,1000.0,2.95,1.0,normal,207.0262
30,700,42015,8,0,12.4706,12.4706,1.5588,1000.0,2.95,1.0,normal,219.4968
30,700,42030,10,0,5.6696,5.6696,0.567,1000.0,2.95,1.0,normal,225.1664
30,700,42045,4,0,2.0883,2.0883,0.5221,1000.0,2.95,1.0,normal,227.2547
30,701,42060,10,0,18.5417,18.5417,1.8542,1000.0,3.05,1.0,normal,245.7964
30,701,42075,6,0,18.3,18.3,3.05,1000.0,3.05,1.0,normal,264.0964
30,701,42090,9,0,3.4612,3.4612,0.3846,1000.0,3.05,1.0,normal,267.5576
30,701,42105,5,0,6.207,6.207,1.2414,1000.0,3.05,1.0,normal,273.7646
30,702,42120,9,0,16.5916,16.5916,1.8435,1000.0,3.15,1.0,normal,290.3562
30,702,42135,6,0,5.8053,5.8053,0.9676,1000.0,3.15,1.0,normal,296.1615
30,702,42150,1,0,2.8983,2.8983,2.8983,1000.0,3.15,1.0,normal,299.0598
30,702,42165,8,0,25.2,25.2,3.15,1000.0,3.15,1.0,normal,324.2598
30,703,42180,8,0,7.3004,7.3004,0.9126,1000.0,3.25,1.0,normal,331.5602
30,703,42195,7,0,19.9234,19.9234,2.8462,1000.0,3.25,1.0,normal,351.4836
30,703,42210,14,2,22.3353,11.1677,1.5954,1000.0,3.25,1.0,normal,373.8189
30,703,42225,6,0,12.6808,12.6808,2.1135,1000.0,3.25,1.0,normal,386.4997
30,704,42240,10,0,28.5591,28.5591,2.8559,1000.0,3.25,1.0,normal,415.0588
30,704,42255,11,0,35.75,35.75,3.25,1000.0,3.25,1.0,normal,450.8088
30,704,42270,12,0,2.5426,2.5426,0.2119,1000.0,3.25,1.0,normal,453.3514
30,704,42285,5,0,16.25,16.25,3.25,1000.0,3.25,1.0,normal,469.6014
30,705,42300,6,2,8.977,4.4885,1.4962,1000.0,3.31,1.0,normal,478.5784
30,705,42315,7,0,17.5258,17.5258,2.5037,1000.0,3.31,1.0,normal,496.1042
30,705,42330,9,0,29.79,29.79,3.31,1000.0,3.31,1.0,normal,525.8942
30,705,42345,6,0,19.86,19.86,3.31,1000.0,3.31,1.0,normal,545.7542
30,706,42360,3,0,10.29,10.29,3.43,1000.0,3.43,1.0,normal,556.0442
30,706,42375,10,0,34.3,34.3,3.43,1000.0,3.43,1.0,normal,590.3442
30,706,42390,6,0,20.58,20.58,3.43,1000.0,3.43,1.0,normal,610.9242
30,706,42405,8,0,17.8327,17.8327,2.2291,1000.0,3.43,1.0,normal,628.7569
30,707,42420,9,0,8.5284,8.5284,0.9476,1000.0,3.55,1.0,normal,637.2853
30,707,42435,4,0,14.2,14.2,3.55,1000.0,3.55,1.0,normal,651.4853
30,707,42450,12,1,23.2342,23.2342,1.9362,1000.0,3.55,1.0,normal,674.7195
30,707,42465,13,0,46.15,46.15,3.55,1000.0,3.55,1.0,normal,720.8695
30,708,42480,12,0,21.9516,21.9516,1.8293,1000.0,3.91,1.0,normal,742.8211
30,708,42495,19,0,74.29,74.29,3.91,1000.0,3.91,1.0,normal,817.1111
30,708,42510,4,0,1.047,1.047,0.2617,1000.0,3.91,1.0,normal,818.1581
30,708,42525,9,0,35.19,35.19,3.91,1000.0,3.91,1.0,normal,853.3481
30,709,42540,8,1,18.6329,18.6329,2.3291,1000.0,4.05,1.0,normal,871.981
30,709,42555,12,0,27.6436,27.6436,2.3036,1000.0,4.05,1.0,normal,899.6246
30,709,42570,14,0,29.3913,29.3913,2.0994,1000.0,4.05,1.0,budget_constrained,929.0159
30,709,42585,11,1,5.2263,5.2263,0.4751,1000.0,4.05,1.0,budget_constrained,934.2422
30,710,42600,7,0,29.4,29.4,4.2,1000.0,4.2,1.0,budget_constrained,963.6422
30,710,42615,11,1,3.0,3.0,0.2727,1000.0,4.2,1.0,budget_constrained,966.6422
30,710,42630,7,0,33.3578,33.3578,4.2,1000.0,4.2,1.0,budget_depleted,1000.0
30,710,42645,0,0,0.0,0.0,0.0,1000.0,4.2,1.0,budget_depleted,1000.0
30,711,42660,0,0,0.0,0.0,0.0,1000.0,4.35,1.0,budget_depleted,1000.0
30,711,42675,0,0,0.0,0.0,0.0,1000.0,4.35,1.0,budget_depleted,1000.0
30,711,42690,0,0,0.0,0.0,0.0,1000.0,4.35,1.0,budget_depleted,1000.0
30,711,42705,0,0,0.0,0.0,0.0,1000.0,4.35,1.0,budget_depleted,1000.0
30,712,42720,0,0,0.0,0.0,0.0,1000.0,4.35,1.0,budget_depleted,1000.0
30,712,42735,0,0,0.0,0.0,0.0,1000.0,4.35,1.0,budget_depleted,1000.0
30,712,42750,0,0,0.0,0.0,0.0,1000.0,4.35,1.0,budget_depleted,1000.0
30,712,42765,0,0,0.0,0.0,0.0,1000.0,4.35,1.0,budget_depleted,1000.0
30,713,42780,0,0,0.0,0.0,0.0,1000.0,3.57,1.0,budget_depleted,1000.0
30,713,42795,0,0,0.0,0.0,0.0,1000.0,3.57,1.0,budget_depleted,1000.0
30,713,42810,0,0,0.0,0.0,0.0,1000.0,3.57,1.0,budget_depleted,1000.0
30,713,42825,0,0,0.0,0.0,0.0,1000.0,3.57,1.0,budget_depleted,1000.0
30,714,42840,0,0,0.0,0.0,0.0,1000.0,2.92,1.0,budget_depleted,1000.0
30,714,42855,0,0,0.0,0.0,0.0,1000.0,2.92,1.0,budget_depleted,1000.0
30,714,42870,0,0,0.0,0.0,0.0,1000.0,2.92,1.0,budget_depleted,1000.0
30,714,42885,0,0,0.0,0.0,0.0,1000.0,2.92,1.0,budget_depleted,1000.0
30,715,42900,0,0,0.0,0.0,0.0,1000.0,1.17,1.0,budget_depleted,1000.0
30,715,42915,0,0,0.0,0.0,0.0,1000.0,1.17,1.0,budget_depleted,1000.0
30,715,42930,0,0,0.0,0.0,0.0,1000.0,1.17,1.0,budget_depleted,1000.0
30,715,42945,0,0,0.0,0.0,0.0,1000.0,1.17,1.0,budget_depleted,1000.0
30,716,42960,0,0,0.0,0.0,0.0,1000.0,1.17,1.0,budget_depleted,1000.0
30,716,42975,0,0,0.0,0.0,0.0,1000.0,1.17,1.0,budget_depleted,1000.0
30,716,42990,0,0,0.0,0.0,0.0,1000.0,1.17,1.0,budget_depleted,1000.0
30,716,43005,0,0,0.0,0.0,0.0,1000.0,1.17,1.0,budget_depleted,1000.0
30,717,43020,0,0,0.0,0.0,0.0,1000.0,1.13,1.0,budget_depleted,1000.0
30,717,43035,0,0,0.0,0.0,0.0,1000.0,1.13,1.0,budget_depleted,1000.0
30,717,43050,0,0,0.0,0.0,0.0,1000.0,1.13,1.0,budget_depleted,1000.0
30,717,43065,0,0,0.0,0.0,0.0,1000.0,1.13,1.0,budget_depleted,1000.0
30,718,43080,0,0,0.0,0.0,0.0,1000.0,1.09,1.0,budget_depleted,1000.0
30,718,43095,0,0,0.0,0.0,0.0,1000.0,1.09,1.0,budget_depleted,1000.0
30,718,43110,0,0,0.0,0.0,0.0,1000.0,1.09,1.0,budget_depleted,1000.0
30,718,43125,0,0,0.0,0.0,0.0,1000.0,1.09,1.0,budget_depleted,1000.0
30,719,43140,0,0,0.0,0.0,0.0,1000.0,1.05,1.0,budget_depleted,1000.0
30,719,43155,0,0,0.0,0.0,0.0,1000.0,1.05,1.0,budget_depleted,1000.0
30,719,43170,0,0,0.0,0.0,0.0,1000.0,1.05,1.0,budget_depleted,1000.0
30,719,43185,0,0,0.0,0.0,0.0,1000.0,1.05,1.0,budget_depleted,1000.0
31,720,43200,0,0,0.0,0.0,0.0,1000.0,1.05,1.0,normal,0.0
31,720,43215,2,0,2.1,2.1,1.05,1000.0,1.05,1.0,normal,2.1
31,720,43230,2,0,2.1,2.1,1.05,1000.0,1.05,1.0,normal,4.2
31,720,43245,1,0,1.05,1.05,1.05,1000.0,1.05,1.0,normal,5.25
31,721,43260,3,0,2.91,2.91,0.97,1000.0,0.97,1.0,normal,8.16
31,721,43275,2,0,1.94,1.94,0.97,1000.0,0.97,1.0,normal,10.1
31,721,43290,1,0,0.97,0.97,0.97,1000.0,0.97,1.0,normal,11.07
31,721,43305,2,0,1.94,1.94,0.97,1000.0,0.97,1.0,normal,13.01
31,722,43320,3,0,2.64,2.64,0.88,1000.0,0.88,1.0,normal,15.65
31,722,43335,1,0,0.88,0.88,0.88,1000.0,0.88,1.0,normal,16.53
31,722,43350,4,0,3.52,3.52,0.88,1000.0,0.88,1.0,normal,20.05
31,722,43365,1,0,0.88,0.88,0.88,1000.0,0.88,1.0,normal,20.93
31,723,43380,1,0,0.89,0.89,0.89,1000.0,0.89,1.0,normal,21.82
31,723,43395,4,0,3.56,3.56,0.89,1000.0,0.89,1.0,normal,25.38
31,723,43410,2,0,1.78,1.78,0.89,1000.0,0.89,1.0,normal,27.16
31,723,43425,1,0,0.89,0.89,0.89,1000.0,0.89,1.0,normal,28.05
31,724,43440,4,0,2.4853,2.4853,0.6213,1000.0,0.89,1.0,normal,30.5353
31,724,43455,2,0,1.78,1.78,0.89,1000.0,0.89,1.0,normal,32.3153
31,724,43470,0,0,0.0,0.0,0.89,1000.0,0.89,1.0,normal,32.3153
31,724,43485,6,0,4.7119,4.7119,0.7853,1000.0,0.89,1.0,normal,37.0272
31,725,43500,1,0,0.87,0.87,0.87,1000.0,0.87,1.0,normal,37.8972
31,725,43515,2,0,1.74,1.74,0.87,1000.0,0.87,1.0,normal,39.6372
31,725,43530,2,0,1.2609,1.2609,0.6305,1000.0,0.87,1.0,normal,40.8981
31,725,43545,2,0,1.74,1.74,0.87,1000.0,0.87,1.0,normal,42.6381
31,726,43560,2,0,1.68,1.68,0.84,1000.0,0.84,1.0,normal,44.3181
31,726,43575,3,0,2.52,2.52,0.84,1000.0,0.84,1.0,normal,46.8381
31,726,43590,1,0,0.7125,0.7125,0.7125,1000.0,0.84,1.0,normal,47.5506
31,726,43605,5,0,4.2,4.2,0.84,1000.0,0.84,1.0,normal,51.7506
31,727,43620,0,0,0.0,0.0,0.87,1000.0,0.87,1.0,normal,51.7506
31,727,43635,3,0,2.61,2.61,0.87,1000.0,0.87,1.0,normal,54.3606
31,727,43650,2,0,1.74,1.74,0.87,1000.0,0.87,1.0,normal,56.1006
31,727,43665,6,0,3.9394,3.9394,0.6566,1000.0,0.87,1.0,normal,60.04
31,728,43680,4,0,0.9407,0.9407,0.2352,1000.0,0.87,1.0,normal,60.9807
31,728,43695,2,0,1.74,1.74,0.87,1000.0,0.87,1.0,normal,62.7207
31,728,43710,3,0,2.61,2.61,0.87,1000.0,0.87,1.0,normal,65.3307
31,728,43725,2,0,1.74,1.74,0.87,1000.0,0.87,1.0,normal,67.0707
31,729,43740,2,0,1.7,1.7,0.85,1000.0,0.85,1.0,normal,68.7707
31,729,43755,1,0,0.4344,0.4344,0.4344,1000.0,0.85,1.0,normal,69.2051
31,729,43770,2,0,1.5928,1.5928,0.7964,1000.0,0.85,1.0,normal,70.7979
31,729,43785,1,0,0.7957,0.7957,0.7957,1000.0,0.85,1.0,normal,71.5936
31,730,43800,3,0,2.46,2.46,0.82,1000.0,0.82,1.0,normal,74.0536
31,730,43815,2,0,0.2338,0.2338,0.1169,1000.0,0.82,1.0,normal,74.2874
31,730,43830,1,0,0.2473,0.2473,0.2473,1000.0,0.82,1.0,normal,74.5347
31,730,43845,3,0,2.46,2.46,0.82,1000.0,0.82,1.0,normal,76.9947
31,731,43860,0,0,0.0,0.0,0.8,1000.0,0.8,1.0,normal,76.9947
31,731,43875,3,0,2.4,2.4,0.8,1000.0,0.8,1.0,normal,79.3947
31,731,43890,2,1,1.6,1.6,0.8,1000.0,0.8,1.0,normal,80.9947
31,731,43905,5,0,4.0,4.0,0.8,1000.0,0.8,1.0,normal,84.9947
31,732,43920,0,0,0.0,0.0,0.8,1000.0,0.8,1.0,normal,84.9947
31,732,43935,3,0,2.4,2.4,0.8,1000.0,0.8,1.0,normal,87.3947
31,732,43950,2,0,1.6,1.6,0.8,1000.0,0.8,1.0,normal,88.9947
31,732,43965,3,1,2.4,2.4,0.8,1000.0,0.8,1.0,normal,91.3947
31,733,43980,1,0,0.83,0.83,0.83,1000.0,0.83,1.0,normal,92.2247
31,733,43995,2,0,1.66,1.66,0.83,1000.0,0.83,1.0,normal,93.8847
31,733,44010,1,0,0.83,0.83,0.83,1000.0,0.83,1.0,normal,94.7147
31,733,44025,1,0,0.83,0.83,0.83,1000.0,0.83,1.0,normal,95.5447
31,734,44040,3,0,2.58,2.58,0.86,1000.0,0.86,1.0,normal,98.1247
31,734,44055,0,0,0.0,0.0,0.86,1000.0,0.86,1.0,normal,98.1247
31,734,44070,3,2,1.8431,0.9216,0.6144,1000.0,0.86,1.0,normal,99.9678
31,734,44085,2,0,1.72,1.72,0.86,1000.0,0.86,1.0,normal,101.6878
31,735,44100,3,0,2.67,2.67,0.89,1000.0,0.89,1.0,normal,104.3578
31,735,44115,3,0,0.9131,0.9131,0.3044,1000.0,0.89,1.0,normal,105.2709
31,735,44130,1,0,0.6267,0.6267,0.6267,1000.0,0.89,1.0,normal,105.8976
31,735,44145,2,0,0.2465,0.2465,0.1233,1000.0,0.89,1.0,normal,106.1441
31,736,44160,0,0,0.0,0.0,0.3342,1000.0,0.89,1.0,normal,106.1441
31,736,44175,2,0,0.4309,0.4309,0.2154,1000.0,0.89,1.0,normal,106.575
31,736,44190,2,0,1.78,1.78,0.89,1000.0,0.89,1.0,normal,108.355
31,736,44205,2,0,1.78,1.78,0.89,1000.0,0.89,1.0,normal,110.135
31,737,44220,1,0,0.92,0.92,0.92,1000.0,0.92,1.0,normal,111.055
31,737,44235,4,0,3.68,3.68,0.92,1000.0,0.92,1.0,normal,114.735
31,737,44250,7,0,6.44,6.44,0.92,1000.0,0.92,1.0,normal,121.175
31,737,44265,2,0,1.751,1.751,0.8755,1000.0,0.92,1.0,normal,122.926
31,738,44280,3,0,2.85,2.85,0.95,1000.0,0.95,1.0,normal,125.776
31,738,44295,8,0,7.6,7.6,0.95,1000.0,0.95,1.0,normal,133.376
31,738,44310,1,0,0.95,0.95,0.95,1000.0,0.95,1.0,normal,134.326
31,738,44325,2,0,0.4755,0.4755,0.2377,1000.0,0.95,1.0,normal,134.8015
31,739,44340,2,0,1.7506,1.7506,0.8753,1000.0,0.98,1.0,normal,136.5521
31,739,44355,4,0,3.92,3.92,0.98,1000.0,0.98,1.0,normal,140.4721
31,739,44370,7,1,6.86,6.86,0.98,1000.0,0.98,1.0,normal,147.3321
31,739,44385,6,0,5.88,5.88,0.98,1000.0,0.98,1.0,normal,153.2121
31,740,44400,0,0,0.0,0.0,0.98,1000.0,0.98,1.0,normal,153.2121
31,740,44415,2,1,1.96,1.96,0.98,1000.0,0.98,1.0,normal,155.1721
31,740,44430,3,0,2.7585,2.7585,0.9195,1000.0,0.98,1.0,normal,157.9306
31,740,44445,3,0,0.2521,0.2521,0.084,1000.0,0.98,1.0,normal,158.1827
31,741,44460,4,0,2.0342,2.0342,0.5085,1000.0,1.01,1.0,normal,160.2169
31,741,44475,2,0,1.7879,1.7879,0.894,1000.0,1.01,1.0,normal,162.0048
31,741,44490,3,0,3.03,3.03,1.01,1000.0,1.01,1.0,normal,165.0348
31,741,44505,3,0,3.03,3.03,1.01,1000.0,1.01,1.0,normal,168.0648
31,742,44520,4,1,4.2,4.2,1.05,1000.0,1.05,1.0,normal,172.2648
31,742,44535,0,0,0.0,0.0,1.05,1000.0,1.05,1.0,normal,172.2648
31,742,44550,2,0,0.8191,0.8191,0.4096,1000.0,1.05,1.0,normal,173.0839
31,742,44565,7,0,7.35,7.35,1.05,1000.0,1.05,1.0,normal,180.4339
31,743,44580,2,0,2.18,2.18,1.09,1000.0,1.09,1.0,normal,182.6139
31,743,44595,3,0,3.27,3.27,1.09,1000.0,1.09,1.0,normal,185.8839
31,743,44610,6,0,6.54,6.54,1.09,1000.0,1.09,1.0,normal,192.4239
31,743,44625,3,1,1.5148,1.5148,0.5049,1000.0,1.09,1.0,normal,193.9387
32,744,44640,1,0,0.6166,0.6166,0.6166,1000.0,1.09,1.0,normal,0.6166
32,744,44655,3,0,3.27,3.27,1.09,1000.0,1.09,1.0,normal,3.8866
32,744,44670,2,0,2.18,2.18,1.09,1000.0,1.09,1.0,normal,6.0666
32,744,44685,2,0,2.18,2.18,1.09,1000.0,1.09,1.0,normal,8.2466
32,745,44700,4,0,0.8279,0.8279,0.207,1000.0,1.13,1.0,normal,9.0745
32,745,44715,2,0,2.26,2.26,1.13,1000.0,1.13,1.0,normal,11.3345
32,745,44730,2,0,2.26,2.26,1.13,1000.0,1.13,1.0,normal,13.5945
32,745,44745,1,0,0.6165,0.6165,0.6165,1000.0,1.13,1.0,normal,14.211
32,746,44760,4,0,4.68,4.68,1.17,1000.0,1.17,1.0,normal,18.891
32,746,44775,3,0,3.51,3.51,1.17,1000.0,1.17,1.0,normal,22.401
32,746,44790,2,0,2.34,2.34,1.17,1000.0,1.17,1.0,normal,24.741
32,746,44805,2,0,0.4738,0.4738,0.2369,1000.0,1.17,1.0,normal,25.2148
32,747,44820,2,0,2.3231,2.3231,1.1615,1000.0,1.21,1.0,normal,27.5379
32,747,44835,3,0,3.63,3.63,1.21,1000.0,1.21,1.0,normal,31.1679
32,747,44850,3,0,3.63,3.63,1.21,1000.0,1.21,1.0,normal,34.7979
32,747,44865,2,0,2.42,2.42,1.21,1000.0,1.21,1.0,normal,37.2179
32,748,44880,5,0,6.05,6.05,1.21,1000.0,1.21,1.0,normal,43.2679
32,748,44895,4,0,1.6038,1.6038,0.4009,1000.0,1.21,1.0,normal,44.8717
32,748,44910,2,0,2.42,2.42,1.21,1000.0,1.21,1.0,normal,47.2917
32,748,44925,0,0,0.0,0.0,1.21,1000.0,1.21,1.0,normal,47.2917
32,749,44940,4,0,5.0,5.0,1.25,1000.0,1.25,1.0,normal,52.2917
32,749,44955,6,0,7.5,7.5,1.25,1000.0,1.25,1.0,normal,59.7917
32,749,44970,3,0,3.75,3.75,1.25,1000.0,1.25,1.0,normal,63.5417
32,749,44985,3,0,0.604,0.604,0.2013,1000.0,1.25,1.0,normal,64.1457
32,750,45000,5,0,6.45,6.45,1.29,1000.0,1.29,1.0,normal,70.5957
32,750,45015,5,0,6.45,6.45,1.29,1000.0,1.29,1.0,normal,77.0457
32,750,45030,7,0,9.03,9.03,1.29,1000.0,1.29,1.0,normal,86.0757
32,750,45045,5,0,2.8529,2.8529,0.5706,1000.0,1.29,1.0,normal,88.9286
32,751,45060,5,0,6.7,6.7,1.34,1000.0,1.34,1.0,normal,95.6286
32,751,45075,3,1,4.02,4.02,1.34,1000.0,1.34,1.0,normal,99.6486
32,751,45090,1,0,1.34,1.34,1.34,1000.0,1.34,1.0,normal,100.9886
32,751,45105,6,0,8.04,8.04,1.34,1000.0,1.34,1.0,normal,109.0286
32,752,45120,1,0,1.34,1.34,1.34,1000.0,1.34,1.0,normal,110.3686
32,752,45135,5,0,2.1088,2.1088,0.4218,1000.0,1.34,1.0,normal,112.4774
32,752,45150,3,0,3.467,3.467,1.1557,1000.0,1.34,1.0,normal,115.9444
32,752,45165,2,0,2.68,2.68,1.34,1000.0,1.34,1.0,normal,118.6244
32,753,45180,3,0,4.17,4.17,1.39,1000.0,1.39,1.0,normal,122.7944
32,753,45195,3,0,4.17,4.17,1.39,1000.0,1.39,1.0,normal,126.9644
32,753,45210,7,1,0.574,0.574,0.082,1000.0,1.39,1.0,normal,127.5384
32,753,45225,2,0,1.8284,1.8284,0.9142,1000.0,1.39,1.0,normal,129.3668
32,754,45240,0,0,0.0,0.0,0.3711,1000.0,1.44,1.0,normal,129.3668
32,754,45255,5,0,7.2,7.2,1.44,1000.0,1.44,1.0,normal,136.5668
32,754,45270,3,0,4.32,4.32,1.44,1000.0,1.44,1.0,normal,140.8868
32,754,45285,2,0,2.88,2.88,1.44,1000.0,1.44,1.0,normal,143.7668
32,755,45300,1,0,0.0307,0.0307,0.0307,1000.0,1.49,1.0,normal,143.7975
32,755,45315,7,1,2.2941,2.2941,0.3277,1000.0,1.49,1.0,normal,146.0916
32,755,45330,3,0,3.9487,3.9487,1.3162,1000.0,1.49,1.0,normal,150.0403
32,755,45345,2,0,2.98,2.98,1.49,1000.0,1.49,1.0,normal,153.0203
32,756,45360,1,0,0.5083,0.5083,0.5083,1000.0,1.49,1.0,normal,153.5286
32,756,45375,3,0,4.47,4.47,1.49,1000.0,1.49,1.0,normal,157.9986
32,756,45390,2,0,2.98,2.98,1.49,1000.0,1.49,1.0,normal,160.9786
32,756,45405,4,0,5.96,5.96,1.49,1000.0,1.49,1.0,normal,166.9386
32,757,45420,3,0,1.6604,1.6604,0.5535,1000.0,1.54,1.0,normal,168.599
32,757,45435,3,0,2.674,2.674,0.8913,1000.0,1.54,1.0,normal,171.273
32,757,45450,2,0,3.08,3.08,1.54,1000.0,1.54,1.0,normal,174.353
32,757,45465,5,0,7.7,7.7,1.54,1000.0,1.54,1.0,normal,182.053
32,758,45480,3,1,4.77,4.77,1.59,1000.0,1.59,1.0,normal,186.823
32,758,45495,4,0,2.7584,2.7584,0.6896,1000.0,1.59,1.0,normal,189.5814
32,758,45510,3,0,4.77,4.77,1.59,1000.0,1.59,1.0,normal,194.3514
32,758,45525,2,0,3.0943,3.0943,1.5472,1000.0,1.59,1.0,normal,197.4457
32,759,45540,2,0,3.3,3.3,1.65,1000.0,1.65,1.0,normal,200.7457
32,759,45555,1,0,1.6391,1.6391,1.6391,1000.0,1.65,1.0,normal,202.3848
32,759,45570,4,0,6.0871,6.0871,1.5218,1000.0,1.65,1.0,normal,208.4719
32,759,45585,3,0,4.4785,4.4785,1.4928,1000.0,1.65,1.0,normal,212.9504
32,760,45600,4,0,6.6,6.6,1.65,1000.0,1.65,1.0,normal,219.5504
32,760,45615,4,0,1.7323,1.7323,0.4331,1000.0,1.65,1.0,normal,221.2827
32,760,45630,2,0,0.2891,0.2891,0.1446,1000.0,1.65,1.0,normal,221.5718
32,760,45645,3,0,1.7169,1.7169,0.5723,1000.0,1.65,1.0,normal,223.2887
32,761,45660,4,0,6.0476,6.0476,1.5119,1000.0,1.71,1.0,normal,229.3363
32,761,45675,3,0,2.0572,2.0572,0.6857,1000.0,1.71,1.0,normal,231.3935
32,761,45690,2,1,1.2588,1.2588,0.6294,1000.0,1.71,1.0,normal,232.6523
32,761,45705,5,1,7.421,7.421,1.4842,1000.0,1.71,1.0,normal,240.0733
32,762,45720,6,0,10.62,10.62,1.77,1000.0,1.77,1.0,normal,250.6933
32,762,45735,3,0,5.31,5.31,1.77,1000.0,1.77,1.0,normal,256.0033
32,762,45750,4,0,7.08,7.08,1.77,1000.0,1.77,1.0,normal,263.0833
32,762,45765,5,0,8.85,8.85,1.77,1000.0,1.77,1.0,normal,271.9333
32,763,45780,2,0,3.66,3.66,1.83,1000.0,1.83,1.0,normal,275.5933
32,763,45795,4,0,3.6798,3.6798,0.92,1000.0,1.83,1.0,normal,279.2731
32,763,45810,4,0,1.9007,1.9007,0.4752,1000.0,1.83,1.0,normal,281.1738
32,763,45825,5,0,5.65,5.65,1.13,1000.0,1.83,1.0,normal,286.8238
32,764,45840,3,0,0.7174,0.7174,0.2391,1000.0,1.83,1.0,normal,287.5412
32,764,45855,5,0,9.15,9.15,1.83,1000.0,1.83,1.0,normal,296.6912
32,764,45870,4,1,7.32,7.32,1.83,1000.0,1.83,1.0,normal,304.0112
32,764,45885,6,0,3.4522,3.4522,0.5754,1000.0,1.83,1.0,normal,307.4634
32,765,45900,7,1,13.23,13.23,1.89,1000.0,1.89,1.0,normal,320.6934
32,765,45915,6,1,2.5482,2.5482,0.4247,1000.0,1.89,1.0,normal,323.2416
32,765,45930,4,0,4.843,4.843,1.2107,1000.0,1.89,1.0,normal,328.0846
32,765,45945,2,0,1.2252,1.2252,0.6126,1000.0,1.89,1.0,normal,329.3098
32,766,45960,1,0,1.4566,1.4566,1.4566,1000.0,1.96,1.0,normal,330.7664
32,766,45975,6,0,11.76,11.76,1.96,1000.0,1.96,1.0,normal,342.5264
32,766,45990,8,1,5.2847,5.2847,0.6606,1000.0,1.96,1.0,normal,347.8111
32,766,46005,3,0,5.7089,5.7089,1.903,1000.0,1.96,1.0,normal,353.52
32,767,46020,6,0,12.18,12.18,2.03,1000.0,2.03,1.0,normal,365.7
32,767,46035,5,0,10.15,10.15,2.03,1000.0,2.03,1.0,normal,375.85
32,767,46050,2,0,4.06,4.06,2.03,1000.0,2.03,1.0,normal,379.91
32,767,46065,7,0,5.6384,5.6384,0.8055,1000.0,2.03,1.0,normal,385.5484
33,768,46080,7,0,14.21,14.21,2.03,1000.0,2.03,1.0,normal,14.21
33,768,46095,1,0,2.03,2.03,2.03,1000.0,2.03,1.0,normal,16.24
33,768,46110,6,1,4.9454,4.9454,0.8242,1000.0,2.03,1.0,normal,21.1854
33,768,46125,2,0,1.3566,1.3566,0.6783,1000.0,2.03,1.0,normal,22.542
33,769,46140,4,0,7.9189,7.9189,1.9797,1000.0,2.1,1.0,normal,30.4609
33,769,46155,6,1,12.6,12.6,2.1,1000.0,2.1,1.0,normal,43.0609
33,769,46170,5,0,0.1453,0.1453,0.0291,1000.0,2.1,1.0,normal,43.2062
33,769,46185,4,0,8.4,8.4,2.1,1000.0,2.1,1.0,normal,51.6062
33,770,46200,7,0,14.4443,14.4443,2.0635,1000.0,2.17,1.0,normal,66.0505
33,770,46215,3,0,3.9629,3.9629,1.321,1000.0,2.17,1.0,normal,70.0134
33,770,46230,4,0,6.6609,6.6609,1.6652,1000.0,2.17,1.0,normal,76.6743
33,770,46245,4,1,4.8322,4.8322,1.208,1000.0,2.17,1.0,normal,81.5065
33,771,46260,5,0,11.25,11.25,2.25,1000.0,2.25,1.0,normal,92.7565
33,771,46275,4,0,9.0,9.0,2.25,1000.0,2.25,1.0,normal,101.7565
33,771,46290,3,0,5.9403,5.9403,1.9801,1000.0,2.25,1.0,normal,107.6968
33,771,46305,6,0,13.5,13.5,2.25,1000.0,2.25,1.0,normal,121.1968
33,772,46320,6,0,13.3926,13.3926,2.2321,1000.0,2.25,1.0,normal,134.5894
33,772,46335,11,0,4.0877,4.0877,0.3716,1000.0,2.25,1.0,normal,138.6771
33,772,46350,3,0,6.75,6.75,2.25,1000.0,2.25,1.0,normal,145.4271
33,772,46365,7,0,15.75,15.75,2.25,1000.0,2.25,1.0,normal,161.1771
33,773,46380,11,0,7.3732,7.3732,0.6703,1000.0,2.33,1.0,normal,168.5503
33,773,46395,6,0,10.4428,10.4428,1.7405,1000.0,2.33,1.0,normal,178.9931
33,773,46410,4,0,0.0485,0.0485,0.0121,1000.0,2.33,1.0,normal,179.0416
33,773,46425,11,0,14.1761,14.1761,1.2887,1000.0,2.33,1.0,normal,193.2177
33,774,46440,3,0,7.23,7.23,2.41,1000.0,2.41,1.0,normal,200.4477
33,774,46455,7,0,11.9277,11.9277,1.704,1000.0,2.41,1.0,normal,212.3754
33,774,46470,6,0,14.46,14.46,2.41,1000.0,2.41,1.0,normal,226.8354
33,774,46485,8,0,4.7849,4.7849,0.5981,1000.0,2.41,1.0,normal,231.6203
33,775,46500,6,0,14.94,14.94,2.49,1000.0,2.49,1.0,normal,246.5603
33,775,46515,8,0,4.1293,4.1293,0.5162,1000.0,2.49,1.0,normal,250.6896
33,775,46530,6,0,14.94,14.94,2.49,1000.0,2.49,1.0,normal,265.6296
33,775,46545,6,0,2.0716,2.0716,0.3453,1000.0,2.49,1.0,normal,267.7012
33,776,46560,4,0,9.96,9.96,2.49,1000.0,2.49,1.0,normal,277.6612
33,776,46575,15,0,37.35,37.35,2.49,1000.0,2.49,1.0,normal,315.0112
33,776,46590,3,0,7.47,7.47,2.49,1000.0,2.49,1.0,normal,322.4812
33,776,46605,5,0,12.45,12.45,2.49,1000.0,2.49,1.0,normal,334.9312
33,777,46620,6,0,15.48,15.48,2.58,1000.0,2.58,1.0,normal,350.4112
33,777,46635,9,1,23.22,23.22,2.58,1000.0,2.58,1.0,normal,373.6312
33,777,46650,4,0,5.6159,5.6159,1.404,1000.0,2.58,1.0,normal,379.2471
33,777,46665,11,0,28.38,28.38,2.58,1000.0,2.58,1.0,normal,407.6271
33,778,46680,4,0,4.7269,4.7269,1.1817,1000.0,2.67,1.0,normal,412.354
33,778,46695,5,0,7.2861,7.2861,1.4572,1000.0,2.67,1.0,normal,419.6401
33,778,46710,8,0,21.36,21.36,2.67,1000.0,2.67,1.0,normal,441.0001
33,778,46725,5,0,11.302,11.302,2.2604,1000.0,2.67,1.0,normal,452.3021
33,779,46740,6,0,7.7765,7.7765,1.2961,1000.0,2.76,1.0,normal,460.0786
33,779,46755,8,0,22.08,22.08,2.76,1000.0,2.76,1.0,normal,482.1586
33,779,46770,5,0,13.8,13.8,2.76,1000.0,2.76,1.0,normal,495.9586
33,779,46785,5,0,2.0176,2.0176,0.4035,1000.0,2.76,1.0,normal,497.9762
33,780,46800,10,0,32.8606,32.8606,3.2861,1000.0,3.58,1.0,normal,530.8368
33,780,46815,10,0,31.3209,31.3209,3.1321,1000.0,3.58,1.0,normal,562.1577
33,780,46830,8,0,2.9801,2.9801,0.3725,1000.0,3.58,1.0,normal,565.1378
33,780,46845,14,0,41.9294,41.9294,2.995,1000.0,3.58,1.0,normal,607.0672
33,781,46860,6,0,4.0084,4.0084,0.6681,1000.0,3.58,1.0,normal,611.0756
33,781,46875,8,0,28.64,28.64,3.58,1000.0,3.58,1.0,normal,639.7156
33,781,46890,2,0,4.0965,4.0965,2.0482,1000.0,3.58,1.0,normal,643.8121
33,781,46905,11,0,16.892,16.892,1.5356,1000.0,3.58,1.0,normal,660.7041
33,782,46920,9,0,2.623,2.623,0.2914,1000.0,3.58,1.0,normal,663.3271
33,782,46935,7,0,8.0296,8.0296,1.1471,1000.0,3.58,1.0,normal,671.3567
33,782,46950,7,0,5.0608,5.0608,0.723,1000.0,3.58,1.0,normal,676.4175
33,782,46965,11,0,27.9733,27.9733,2.543,1000.0,3.58,1.0,normal,704.3908
33,783,46980,10,0,30.3169,30.3169,3.0317,1000.0,3.58,1.0,normal,734.7077
33,783,46995,7,0,25.06,25.06,3.58,1000.0,3.58,1.0,normal,759.7677
33,783,47010,7,1,5.2648,5.2648,0.7521,1000.0,3.58,1.0,normal,765.0325
33,783,47025,11,0,29.0053,29.0053,2.6368,1000.0,3.58,1.0,normal,794.0378
33,784,47040,10,0,16.4575,16.4575,1.6457,1000.0,3.58,1.0,normal,810.4953
33,784,47055,6,0,18.3258,18.3258,3.0543,1000.0,3.58,1.0,normal,828.8211
33,784,47070,8,0,28.64,28.64,3.58,1000.0,3.58,1.0,normal,857.4611
33,784,47085,6,0,2.9225,2.9225,0.4871,1000.0,3.58,1.0,normal,860.3836
33,785,47100,11,0,25.9515,25.9515,2.3592,1000.0,3.7,1.0,normal,886.3351
33,785,47115,10,2,15.4637,7.7318,1.5464,1000.0,3.7,1.0,budget_constrained,901.7988
33,785,47130,6,2,20.3405,10.1703,3.3901,1000.0,3.7,1.0,budget_constrained,922.1393
33,785,47145,9,0,28.3502,28.3502,3.15,1000.0,3.7,1.0,budget_constrained,950.4895
33,786,47160,10,0,33.9163,33.9163,3.3916,1000.0,3.82,1.0,budget_constrained,984.4058
33,786,47175,4,0,15.5942,15.5942,3.82,1000.0,3.82,1.0,budget_depleted,1000.0
33,786,47190,0,0,0.0,0.0,0.0,1000.0,3.82,1.0,budget_depleted,1000.0
33,786,47205,0,0,0.0,0.0,0.0,1000.0,3.82,1.0,budget_depleted,1000.0
33,787,47220,0,0,0.0,0.0,0.0,1000.0,3.94,1.0,budget_depleted,1000.0
33,787,47235,0,0,0.0,0.0,0.0,1000.0,3.94,1.0,budget_depleted,1000.0
33,787,47250,0,0,0.0,0.0,0.0,1000.0,3.94,1.0,budget_depleted,1000.0
33,787,47265,0,0,0.0,0.0,0.0,1000.0,3.94,1.0,budget_depleted,1000.0
33,788,47280,0,0,0.0,0.0,0.0,1000.0,3.94,1.0,budget_depleted,1000.0
33,788,47295,0,0,0.0,0.0,0.0,1000.0,3.94,1.0,budget_depleted,1000.0
33,788,47310,0,0,0.0,0.0,0.0,1000.0,3.94,1.0,budget_depleted,1000.0
33,788,47325,0,0,0.0,0.0,0.0,1000.0,3.94,1.0,budget_depleted,1000.0
33,789,47340,0,0,0.0,0.0,0.0,1000.0,3.23,1.0,budget_depleted,1000.0
33,789,47355,0,0,0.0,0.0,0.0,1000.0,3.23,1.0,budget_depleted,1000.0
33,789,47370,0,0,0.0,0.0,0.0,1000.0,3.23,1.0,budget_depleted,1000.0
33,789,47385,0,0,0.0,0.0,0.0,1000.0,3.23,1.0,budget_depleted,1000.0
33,790,47400,0,0,0.0,0.0,0.0,1000.0,2.65,1.0,budget_depleted,1000.0
33,790,47415,0,0,0.0,0.0,0.0,1000.0,2.65,1.0,budget_depleted,1000.0
33,790,47430,0,0,0.0,0.0,0.0,1000.0,2.65,1.0,budget_depleted,1000.0
33,790,47445,0,0,0.0,0.0,0.0,1000.0,2.65,1.0,budget_depleted,1000.0
33,791,47460,0,0,0.0,0.0,0.0,1000.0,1.07,1.0,budget_depleted,1000.0
33,791,47475,0,0,0.0,0.0,0.0,1000.0,1.07,1.0,budget_depleted,1000.0
33,791,47490,0,0,0.0,0.0,0.0,1000.0,1.07,1.0,budget_depleted,1000.0
33,791,47505,0,0,0.0,0.0,0.0,1000.0,1.07,1.0,budget_depleted,1000.0
34,792,47520,0,0,0.0,0.0,0.0,1000.0,1.07,1.0,normal,0.0
34,792,47535,2,0,0.9569,0.9569,0.4784,1000.0,1.07,1.0,normal,0.9569
34,792,47550,1,0,0.5148,0.5148,0.5148,1000.0,1.07,1.0,normal,1.4717
34,792,47565,1,0,0.3677,0.3677,0.3677,1000.0,1.07,1.0,normal,1.8394
34,793,47580,2,0,0.9937,0.9937,0.4968,1000.0,1.04,1.0,normal,2.8331
34,793,47595,2,1,2.08,2.08,1.04,1000.0,1.04,1.0,normal,4.9131
34,793,47610,2,0,2.08,2.08,1.04,1000.0,1.04,1.0,normal,6.9931
34,793,47625,3,0,2.8545,2.8545,0.9515,1000.0,1.04,1.0,normal,9.8476
34,794,47640,0,0,0.0,0.0,1.01,1000.0,1.01,1.0,normal,9.8476
34,794,47655,4,0,4.04,4.04,1.01,1000.0,1.01,1.0,normal,13.8876
34,794,47670,5,0,4.6515,4.6515,0.9303,1000.0,1.01,1.0,normal,18.5391
34,794,47685,4,0,4.04,4.04,1.01,1000.0,1.01,1.0,normal,22.5791
34,795,47700,5,0,2.4654,2.4654,0.4931,1000.0,0.98,1.0,normal,25.0445
34,795,47715,3,0,2.94,2.94,0.98,1000.0,0.98,1.0,normal,27.9845
34,795,47730,0,0,0.0,0.0,0.98,1000.0,0.98,1.0,normal,27.9845
34,795,47745,1,0,0.98,0.98,0.98,1000.0,0.98,1.0,normal,28.9645
34,796,47760,2,0,1.96,1.96,0.98,1000.0,0.98,1.0,normal,30.9245
34,796,47775,4,0,3.92,3.92,0.98,1000.0,0.98,1.0,normal,34.8445
34,796,47790,2,0,1.96,1.96,0.98,1000.0,0.98,1.0,normal,36.8045
34,796,47805,0,0,0.0,0.0,0.98,1000.0,0.98,1.0,normal,36.8045
34,797,47820,5,0,4.55,4.55,0.91,1000.0,0.91,1.0,normal,41.3545
34,797,47835,3,0,2.73,2.73,0.91,1000.0,0.91,1.0,normal,44.0845
34,797,47850,0,0,0.0,0.0,0.91,1000.0,0.91,1.0,normal,44.0845
34,797,47865,1,0,0.91,0.91,0.91,1000.0,0.91,1.0,normal,44.9945
34,798,47880,1,0,0.85,0.85,0.85,1000.0,0.85,1.0,normal,45.8445
34,798,47895,4,0,3.4,3.4,0.85,1000.0,0.85,1.0,normal,49.2445
34,798,47910,3,1,2.55,2.55,0.85,1000.0,0.85,1.0,normal,51.7945
34,798,47925,2,0,1.7,1.7,0.85,1000.0,0.85,1.0,normal,53.4945
34,799,47940,1,0,0.88,0.88,0.88,1000.0,0.88,1.0,normal,54.3745
34,799,47955,1,0,0.3499,0.3499,0.3499,1000.0,0.88,1.0,normal,54.7244
34,799,47970,1,0,0.2525,0.2525,0.2525,1000.0,0.88,1.0,normal,54.9769
34,799,47985,3,0,2.64,2.64,0.88,1000.0,0.88,1.0,normal,57.6169
34,800,48000,1,0,0.88,0.88,0.88,1000.0,0.88,1.0,normal,58.4969
34,800,48015,2,0,1.76,1.76,0.88,1000.0,0.88,1.0,normal,60.2569
34,800,48030,5,0,4.4,4.4,0.88,1000.0,0.88,1.0,normal,64.6569
34,800,48045,2,0,1.3708,1.3708,0.6854,1000.0,0.88,1.0,normal,66.0277
34,801,48060,4,0,3.64,3.64,0.91,1000.0,0.91,1.0,normal,69.6677
34,801,48075,3,0,2.73,2.73,0.91,1000.0,0.91,1.0,normal,72.3977
34,801,48090,3,0,0.3926,0.3926,0.1309,1000.0,0.91,1.0,normal,72.7903
34,801,48105,3,0,2.73,2.73,0.91,1000.0,0.91,1.0,normal,75.5203
34,802,48120,2,0,1.88,1.88,0.94,1000.0,0.94,1.0,normal,77.4003
34,802,48135,4,1,3.76,3.76,0.94,1000.0,0.94,1.0,normal,81.1603
34,802,48150,1,0,0.94,0.94,0.94,1000.0,0.94,1.0,normal,82.1003
34,802,48165,5,0,4.4361,4.4361,0.8872,1000.0,0.94,1.0,normal,86.5364
34,803,48180,5,0,3.6338,3.6338,0.7268,1000.0,0.97,1.0,normal,90.1702
34,803,48195,4,0,1.471,1.471,0.3678,1000.0,0.97,1.0,normal,91.6412
34,803,48210,2,0,1.5389,1.5389,0.7695,1000.0,0.97,1.0,normal,93.1801
34,803,48225,3,0,2.91,2.91,0.97,1000.0,0.97,1.0,normal,96.0901
34,804,48240,2,0,1.94,1.94,0.97,1000.0,0.97,1.0,normal,98.0301
34,804,48255,6,1,5.6876,5.6876,0.9479,1000.0,0.97,1.0,normal,103.7177
34,804,48270,3,0,2.91,2.91,0.97,1000.0,0.97,1.0,normal,106.6277
34,804,48285,3,0,2.91,2.91,0.97,1000.0,0.97,1.0,normal,109.5377
34,805,48300,4,0,4.0,4.0,1.0,1000.0,1.0,1.0,normal,113.5377
34,805,48315,1,0,1.0,1.0,1.0,1000.0,1.0,1.0,normal,114.5377
34,805,48330,4,0,4.0,4.0,1.0,1000.0,1.0,1.0,normal,118.5377
34,805,48345,5,0,5.0,5.0,1.0,1000.0,1.0,1.0,normal,123.5377
34,806,48360,4,0,4.12,4.12,1.03,1000.0,1.03,1.0,normal,127.6577
34,806,48375,3,0,1.4783,1.4783,0.4928,1000.0,1.03,1.0,normal,129.136
34,806,48390,1,0,1.03,1.03,1.03,1000.0,1.03,1.0,normal,130.166
34,806,48405,2,0,2.06,2.06,1.03,1000.0,1.03,1.0,normal,132.226
34,807,48420,1,0,0.175,0.175,0.175,1000.0,1.07,1.0,normal,132.401
34,807,48435,3,0,0.4053,0.4053,0.1351,1000.0,1.07,1.0,normal,132.8063
34,807,48450,2,0,2.14,2.14,1.07,1000.0,1.07,1.0,normal,134.9463
34,807,48465,2,0,2.14,2.14,1.07,1000.0,1.07,1.0,normal,137.0863
34,808,48480,2,0,2.14,2.14,1.07,1000.0,1.07,1.0,normal,139.2263
34,808,48495,6,0,6.42,6.42,1.07,1000.0,1.07,1.0,normal,145.6463
34,808,48510,2,0,0.1446,0.1446,0.0723,1000.0,1.07,1.0,normal,145.7909
34,808,48525,4,1,1.8346,1.8346,0.4587,1000.0,1.07,1.0,normal,147.6255
34,809,48540,2,0,2.1084,2.1084,1.0542,1000.0,1.11,1.0,normal,149.7339
34,809,48555,2,0,2.22,2.22,1.11,1000.0,1.11,1.0,normal,151.9539
34,809,48570,1,0,0.0412,0.0412,0.0412,1000.0,1.11,1.0,normal,151.9951
34,809,48585,2,0,0.6751,0.6751,0.3376,1000.0,1.11,1.0,normal,152.6702
34,810,48600,5,0,5.75,5.75,1.15,1000.0,1.15,1.0,normal,158.4202
34,810,48615,2,0,2.3,2.3,1.15,1000.0,1.15,1.0,normal,160.7202
34,810,48630,5,0,5.75,5.75,1.15,1000.0,1.15,1.0,normal,166.4702
34,810,48645,4,0,4.5067,4.5067,1.1267,1000.0,1.15,1.0,normal,170.9769
34,811,48660,4,0,3.0228,3.0228,0.7557,1000.0,1.19,1.0,normal,173.9997
34,811,48675,2,0,2.38,2.38,1.19,1000.0,1.19,1.0,normal,176.3797
34,811,48690,0,0,0.0,0.0,1.19,1000.0,1.19,1.0,normal,176.3797
34,811,48705,3,0,1.2737,1.2737,0.4246,1000.0,1.19,1.0,normal,177.6534
34,812,48720,3,0,3.57,3.57,1.19,1000.0,1.19,1.0,normal,181.2234
34,812,48735,2,0,2.38,2.38,1.19,1000.0,1.19,1.0,normal,183.6034
34,812,48750,2,0,2.38,2.38,1.19,1000.0,1.19,1.0,normal,185.9834
34,812,48765,3,0,3.57,3.57,1.19,1000.0,1.19,1.0,normal,189.5534
34,813,48780,2,0,2.46,2.46,1.23,1000.0,1.23,1.0,normal,192.0134
34,813,48795,2,0,1.901,1.901,0.9505,1000.0,1.23,1.0,normal,193.9144
34,813,48810,0,0,0.0,0.0,0.7486,1000.0,1.23,1.0,normal,193.9144
34,813,48825,1,0,1.0341,1.0341,1.0341,1000.0,1.23,1.0,normal,194.9485
34,814,48840,1,0,1.27,1.27,1.27,1000.0,1.27,1.0,normal,196.2185
34,814,48855,0,0,0.0,0.0,1.27,1000.0,1.27,1.0,normal,196.2185
34,814,48870,6,0,7.62,7.62,1.27,1000.0,1.27,1.0,normal,203.8385
34,814,48885,4,0,5.08,5.08,1.27,1000.0,1.27,1.0,normal,208.9185
34,815,48900,7,0,9.17,9.17,1.31,1000.0,1.31,1.0,normal,218.0885
34,815,48915,3,0,3.93,3.93,1.31,1000.0,1.31,1.0,normal,222.0185
34,815,48930,5,1,6.55,6.55,1.31,1000.0,1.31,1.0,normal,228.5685
34,815,48945,2,0,2.62,2.62,1.31,1000.0,1.31,1.0,normal,231.1885
35,816,48960,5,0,2.3504,2.3504,0.4701,1000.0,1.31,1.0,normal,2.3504
35,816,48975,6,1,7.86,7.86,1.31,1000.0,1.31,1.0,normal,10.2104
35,816,48990,1,0,1.31,1.31,1.31,1000.0,1.31,1.0,normal,11.5204
35,816,49005,4,0,5.24,5.24,1.31,1000.0,1.31,1.0,normal,16.7604
35,817,49020,3,0,4.08,4.08,1.36,1000.0,1.36,1.0,normal,20.8404
35,817,49035,0,0,0.0,0.0,1.36,1000.0,1.36,1.0,normal,20.8404
35,817,49050,2,0,1.0298,1.0298,0.5149,1000.0,1.36,1.0,normal,21.8702
35,817,49065,2,0,2.72,2.72,1.36,1000.0,1.36,1.0,normal,24.5902
35,818,49080,6,0,6.3815,6.3815,1.0636,1000.0,1.41,1.0,normal,30.9717
35,818,49095,11,0,15.51,15.51,1.41,1000.0,1.41,1.0,normal,46.4817
35,818,49110,3,0,4.23,4.23,1.41,1000.0,1.41,1.0,normal,50.7117
35,818,49125,3,0,3.9029,3.9029,1.301,1000.0,1.41,1.0,normal,54.6146
35,819,49140,6,0,8.76,8.76,1.46,1000.0,1.46,1.0,normal,63.3746
35,819,49155,8,1,11.68,11.68,1.46,1000.0,1.46,1.0,normal,75.0546
35,819,49170,1,0,1.46,1.46,1.46,1000.0,1.46,1.0,normal,76.5146
35,819,49185,6,0,3.9584,3.9584,0.6597,1000.0,1.46,1.0,normal,80.473
35,820,49200,3,0,0.2036,0.2036,0.0679,1000.0,1.46,1.0,normal,80.6766
35,820,49215,2,0,1.5044,1.5044,0.7522,1000.0,1.46,1.0,normal,82.181
35,820,49230,8,0,3.0784,3.0784,0.3848,1000.0,1.46,1.0,normal,85.2594
35,820,49245,4,0,5.84,5.84,1.46,1000.0,1.46,1.0,normal,91.0994
35,821,49260,5,0,5.2134,5.2134,1.0427,1000.0,1.51,1.0,normal,96.3128
35,821,49275,4,0,0.4552,0.4552,0.1138,1000.0,1.51,1.0,normal,96.768
35,821,49290,4,0,4.3672,4.3672,1.0918,1000.0,1.51,1.0,normal,101.1352
35,821,49305,5,0,7.55,7.55,1.51,1000.0,1.51,1.0,normal,108.6852
35,822,49320,6,1,9.36,9.36,1.56,1000.0,1.56,1.0,normal,118.0452
35,822,49335,7,0,10.92,10.92,1.56,1000.0,1.56,1.0,normal,128.9652
35,822,49350,2,0,3.12,3.12,1.56,1000.0,1.56,1.0,normal,132.0852
35,822,49365,3,0,4.68,4.68,1.56,1000.0,1.56,1.0,normal,136.7652
35,823,49380,1,0,1.61,1.61,1.61,1000.0,1.61,1.0,normal,138.3752
35,823,49395,2,0,3.22,3.22,1.61,1000.0,1.61,1.0,normal,141.5952
35,823,49410,4,0,6.44,6.44,1.61,1000.0,1.61,1.0,normal,148.0352
35,823,49425,5,0,5.0701,5.0701,1.014,1000.0,1.61,1.0,normal,153.1053
35,824,49440,4,0,6.44,6.44,1.61,1000.0,1.61,1.0,normal,159.5453
35,824,49455,5,0,8.05,8.05,1.61,1000.0,1.61,1.0,normal,167.5953
35,824,49470,3,0,1.6605,1.6605,0.5535,1000.0,1.61,1.0,normal,169.2558
35,824,49485,2,0,0.502,0.502,0.251,1000.0,1.61,1.0,normal,169.7578
35,825,49500,7,0,8.5823,8.5823,1.226,1000.0,1.67,1.0,normal,178.3401
35,825,49515,5,0,8.35,8.35,1.67,1000.0,1.67,1.0,normal,186.6901
35,825,49530,4,0,6.68,6.68,1.67,1000.0,1.67,1.0,normal,193.3701
35,825,49545,6,0,5.532,5.532,0.922,1000.0,1.67,1.0,normal,198.9021
35,826,49560,3,0,5.19,5.19,1.73,1000.0,1.73,1.0,normal,204.0921
35,826,49575,11,0,19.03,19.03,1.73,1000.0,1.73,1.0,normal,223.1221
35,826,49590,5,0,6.0262,6.0262,1.2052,1000.0,1.73,1.0,normal,229.1483
35,826,49605,2,0,1.1979,1.1979,0.599,1000.0,1.73,1.0,normal,230.3462
35,827,49620,7,0,12.53,12.53,1.79,1000.0,1.79,1.0,normal,242.8762
35,827,49635,3,0,4.621,4.621,1.5403,1000.0,1.79,1.0,normal,247.4972
35,827,49650,8,0,14.32,14.32,1.79,1000.0,1.79,1.0,normal,261.8172
35,827,49665,6,0,10.74,10.74,1.79,1000.0,1.79,1.0,normal,272.5572
35,828,49680,1,0,1.3605,1.3605,1.3605,1000.0,1.79,1.0,normal,273.9177
35,828,49695,4,0,2.7564,2.7564,0.6891,1000.0,1.79,1.0,normal,276.6741
35,828,49710,7,1,12.53,12.53,1.79,1000.0,1.79,1.0,normal,289.2041
35,828,49725,5,0,8.95,8.95,1.79,1000.0,1.79,1.0,normal,298.1541
35,829,49740,6,1,11.1,11.1,1.85,1000.0,1.85,1.0,normal,309.2541
35,829,49755,5,0,7.3443,7.3443,1.4689,1000.0,1.85,1.0,normal,316.5984
35,829,49770,8,0,6.9692,6.9692,0.8711,1000.0,1.85,1.0,normal,323.5676
35,829,49785,6,0,11.1,11.1,1.85,1000.0,1.85,1.0,normal,334.6676
35,830,49800,4,0,2.1213,2.1213,0.5303,1000.0,1.91,1.0,normal,336.7889
35,830,49815,1,0,1.91,1.91,1.91,1000.0,1.91,1.0,normal,338.6989
35,830,49830,5,0,9.55,9.55,1.91,1000.0,1.91,1.0,normal,348.2489
35,830,49845,0,0,0.0,0.0,0.9924,1000.0,1.91,1.0,normal,348.2489
35,831,49860,5,0,9.9,9.9,1.98,1000.0,1.98,1.0,normal,358.1489
35,831,49875,5,0,9.0324,9.0324,1.8065,1000.0,1.98,1.0,normal,367.1813
35,831,49890,6,0,11.88,11.88,1.98,1000.0,1.98,1.0,normal,379.0613
35,831,49905,3,0,5.94,5.94,1.98,1000.0,1.98,1.0,normal,385.0013
35,832,49920,7,0,7.4858,7.4858,1.0694,1000.0,1.98,1.0,normal,392.4871
35,832,49935,8,1,15.84,15.84,1.98,1000.0,1.98,1.0,normal,408.3271
35,832,49950,2,0,0.0071,0.0071,0.0036,1000.0,1.98,1.0,normal,408.3342
35,832,49965,4,0,7.92,7.92,1.98,1000.0,1.98,1.0,normal,416.2542
35,833,49980,5,0,10.25,10.25,2.05,1000.0,2.05,1.0,normal,426.5042
35,833,49995,9,0,18.45,18.45,2.05,1000.0,2.05,1.0,normal,444.9542
35,833,50010,7,0,14.35,14.35,2.05,1000.0,2.05,1.0,normal,459.3042
35,833,50025,4,0,8.2,8.2,2.05,1000.0,2.05,1.0,normal,467.5042
35,834,50040,4,0,8.48,8.48,2.12,1000.0,2.12,1.0,normal,475.9842
35,834,50055,4,0,8.48,8.48,2.12,1000.0,2.12,1.0,normal,484.4642
35,834,50070,7,0,14.1269,14.1269,2.0181,1000.0,2.12,1.0,normal,498.5911
35,834,50085,6,0,12.72,12.72,2.12,1000.0,2.12,1.0,normal,511.3111
35,835,50100,7,0,12.3856,12.3856,1.7694,1000.0,2.22,1.0,normal,523.6967
35,835,50115,6,0,13.0163,13.0163,2.1694,1000.0,2.22,1.0,normal,536.713
35,835,50130,8,0,17.76,17.76,2.22,1000.0,2.22,1.0,normal,554.473
35,835,50145,5,0,11.1,11.1,2.22,1000.0,2.22,1.0,normal,565.573
35,836,50160,7,0,6.0152,6.0152,0.8593,1000.0,2.89,1.0,normal,571.5882
35,836,50175,10,0,14.6908,14.6908,1.4691,1000.0,2.89,1.0,normal,586.279
35,836,50190,7,1,20.23,20.23,2.89,1000.0,2.89,1.0,normal,606.509
35,836,50205,11,0,22.6074,22.6074,2.0552,1000.0,2.89,1.0,normal,629.1164
35,837,50220,12,0,24.0079,24.0079,2.0007,1000.0,3.01,1.0,normal,653.1243
35,837,50235,10,1,14.0046,14.0046,1.4005,1000.0,3.01,1.0,normal,667.1289
35,837,50250,11,0,2.8818,2.8818,0.262,1000.0,3.01,1.0,normal,670.0107
35,837,50265,3,0,6.0806,6.0806,2.0269,1000.0,3.01,1.0,normal,676.0913
35,838,50280,8,1,25.04,25.04,3.13,1000.0,3.13,1.0,normal,701.1313
35,838,50295,4,0,12.52,12.52,3.13,1000.0,3.13,1.0,normal,713.6513
35,838,50310,12,0,36.2772,36.2772,3.0231,1000.0,3.13,1.0,normal,749.9285
35,838,50325,7,0,5.9724,5.9724,0.8532,1000.0,3.13,1.0,normal,755.9009
35,839,50340,7,0,17.1001,17.1001,2.4429,1000.0,3.25,1.0,normal,773.001
35,839,50355,8,0,9.0736,9.0736,1.1342,1000.0,3.25,1.0,normal,782.0746
35,839,50370,10,0,1.1361,1.1361,0.1136,1000.0,3.25,1.0,normal,783.2107
35,839,50385,10,0,17.0529,17.0529,1.7053,1000.0,3.25,1.0,normal,800.2636
36,840,50400,6,0,17.1967,17.1967,2.8661,1000.0,3.25,1.0,normal,17.1967
36,840,50415,5,0,13.2609,13.2609,2.6522,1000.0,3.25,1.0,normal,30.4576
36,840,50430,5,1,16.25,16.25,3.25,1000.0,3.25,1.0,normal,46.7076
36,840,50445,7,0,21.9827,21.9827,3.1404,1000.0,3.25,1.0,normal,68.6903
36,841,50460,15,1,19.8522,19.8522,1.3235,1000.0,3.36,1.0,normal,88.5425
36,841,50475,9,0,30.24,30.24,3.36,1000.0,3.36,1.0,normal,118.7825
36,841,50490,10,0,3.5138,3.5138,0.3514,1000.0,3.36,1.0,normal,122.2963
36,841,50505,10,0,0.3902,0.3902,0.039,1000.0,3.36,1.0,normal,122.6865
36,842,50520,7,0,24.29,24.29,3.47,1000.0,3.47,1.0,normal,146.9765
36,842,50535,4,0,1.1486,1.1486,0.2872,1000.0,3.47,1.0,normal,148.1251
36,842,50550,6,0,7.0372,7.0372,1.1729,1000.0,3.47,1.0,normal,155.1623
36,842,50565,10,0,1.6528,1.6528,0.1653,1000.0,3.47,1.0,normal,156.8151
36,843,50580,7,0,25.06,25.06,3.58,1000.0,3.58,1.0,normal,181.8751
36,843,50595,10,1,17.9315,17.9315,1.7931,1000.0,3.58,1.0,normal,199.8066
36,843,50610,6,0,21.48,21.48,3.58,1000.0,3.58,1.0,normal,221.2866
36,843,50625,10,1,26.6109,26.6109,2.6611,1000.0,3.58,1.0,normal,247.8975
36,844,50640,7,0,5.6667,5.6667,0.8095,1000.0,3.58,1.0,normal,253.5642
36,844,50655,8,0,28.64,28.64,3.58,1000.0,3.58,1.0,normal,282.2042
36,844,50670,8,0,11.9164,11.9164,1.4895,1000.0,3.58,1.0,normal,294.1206
36,844,50685,11,0,6.8032,6.8032,0.6185,1000.0,3.58,1.0,normal,300.9238
36,845,50700,10,0,44.458,44.458,4.4458,1000.0,4.65,1.0,normal,345.3818
36,845,50715,10,0,13.9333,13.9333,1.3933,1000.0,4.65,1.0,normal,359.3151
36,845,50730,13,0,17.4795,17.4795,1.3446,1000.0,4.65,1.0,normal,376.7946
36,845,50745,13,1,20.1093,20.1093,1.5469,1000.0,4.65,1.0,normal,396.9039
36,846,50760,11,0,42.2395,42.2395,3.84,1000.0,4.08,1.0,normal,439.1434
36,846,50775,10,1,40.8,40.8,4.08,1000.0,4.08,1.0,normal,479.9434
36,846,50790,13,1,0.701,0.701,0.0539,1000.0,4.08,1.0,normal,480.6444
36,846,50805,11,0,4.5308,4.5308,0.4119,1000.0,4.08,1.0,normal,485.1752
36,847,50820,14,0,71.7119,71.7119,5.1223,1000.0,7.87,1.0,normal,556.8871
36,847,50835,15,2,107.4535,53.7267,7.1636,1000.0,7.87,1.0,normal,664.3406
36,847,50850,10,1,27.7038,27.7038,2.7704,1000.0,7.87,1.0,normal,692.0444
36,847,50865,19,0,8.704,8.704,0.4581,1000.0,7.87,1.0,normal,700.7484
36,848,50880,22,0,83.0253,83.0253,3.7739,1000.0,7.87,1.0,normal,783.7737
36,848,50895,18,2,80.9093,40.4546,4.495,1000.0,7.87,1.0,normal,864.683
36,848,50910,12,0,36.3354,36.3354,3.0279,1000.0,7.87,1.0,budget_constrained,901.0184
36,848,50925,20,0,54.8602,54.8602,2.743,1000.0,7.87,1.0,budget_constrained,955.8786
36,849,50940,7,1,44.1214,44.1214,6.2357,1000.0,7.61,1.0,budget_depleted,1000.0
36,849,50955,0,0,0.0,0.0,0.0,1000.0,7.61,1.0,budget_depleted,1000.0
36,849,50970,0,0,0.0,0.0,0.0,1000.0,7.61,1.0,budget_depleted,1000.0
36,849,50985,0,0,0.0,0.0,0.0,1000.0,7.61,1.0,budget_depleted,1000.0
36,850,51000,0,0,0.0,0.0,0.0,1000.0,7.34,1.0,budget_depleted,1000.0
36,850,51015,0,0,0.0,0.0,0.0,1000.0,7.34,1.0,budget_depleted,1000.0
36,850,51030,0,0,0.0,0.0,0.0,1000.0,7.34,1.0,budget_depleted,1000.0
36,850,51045,0,0,0.0,0.0,0.0,1000.0,7.34,1.0,budget_depleted,1000.0
36,851,51060,0,0,0.0,0.0,0.0,1000.0,7.08,1.0,budget_depleted,1000.0
36,851,51075,0,0,0.0,0.0,0.0,1000.0,7.08,1.0,budget_depleted,1000.0
36,851,51090,0,0,0.0,0.0,0.0,1000.0,7.08,1.0,budget_depleted,1000.0
36,851,51105,0,0,0.0,0.0,0.0,1000.0,7.08,1.0,budget_depleted,1000.0
36,852,51120,0,0,0.0,0.0,0.0,1000.0,7.79,1.0,budget_depleted,1000.0
36,852,51135,0,0,0.0,0.0,0.0,1000.0,7.79,1.0,budget_depleted,1000.0
36,852,51150,0,0,0.0,0.0,0.0,1000.0,7.79,1.0,budget_depleted,1000.0
36,852,51165,0,0,0.0,0.0,0.0,1000.0,7.79,1.0,budget_depleted,1000.0
36,853,51180,0,0,0.0,0.0,0.0,1000.0,7.61,1.0,budget_depleted,1000.0
36,853,51195,0,0,0.0,0.0,0.0,1000.0,7.61,1.0,budget_depleted,1000.0
36,853,51210,0,0,0.0,0.0,0.0,1000.0,7.61,1.0,budget_depleted,1000.0
36,853,51225,0,0,0.0,0.0,0.0,1000.0,7.61,1.0,budget_depleted,1000.0
36,854,51240,0,0,0.0,0.0,0.0,1000.0,7.43,1.0,budget_depleted,1000.0
36,854,51255,0,0,0.0,0.0,0.0,1000.0,7.43,1.0,budget_depleted,1000.0
36,854,51270,0,0,0.0,0.0,0.0,1000.0,7.43,1.0,budget_depleted,1000.0
36,854,51285,0,0,0.0,0.0,0.0,1000.0,7.43,1.0,budget_depleted,1000.0
36,855,51300,0,0,0.0,0.0,0.0,1000.0,7.25,1.0,budget_depleted,1000.0
36,855,51315,0,0,0.0,0.0,0.0,1000.0,7.25,1.0,budget_depleted,1000.0
36,855,51330,0,0,0.0,0.0,0.0,1000.0,7.25,1.0,budget_depleted,1000.0
36,855,51345,0,0,0.0,0.0,0.0,1000.0,7.25,1.0,budget_depleted,1000.0
36,856,51360,0,0,0.0,0.0,0.0,1000.0,7.25,1.0,budget_depleted,1000.0
36,856,51375,0,0,0.0,0.0,0.0,1000.0,7.25,1.0,budget_depleted,1000.0
36,856,51390,0,0,0.0,0.0,0.0,1000.0,7.25,1.0,budget_depleted,1000.0
36,856,51405,0,0,0.0,0.0,0.0,1000.0,7.25,1.0,budget_depleted,1000.0
36,857,51420,0,0,0.0,0.0,0.0,1000.0,5.94,1.0,budget_depleted,1000.0
36,857,51435,0,0,0.0,0.0,0.0,1000.0,5.94,1.0,budget_depleted,1000.0
36,857,51450,0,0,0.0,0.0,0.0,1000.0,5.94,1.0,budget_depleted,1000.0
36,857,51465,0,0,0.0,0.0,0.0,1000.0,5.94,1.0,budget_depleted,1000.0
36,858,51480,0,0,0.0,0.0,0.0,1000.0,4.87,1.0,budget_depleted,1000.0
36,858,51495,0,0,0.0,0.0,0.0,1000.0,4.87,1.0,budget_depleted,1000.0
36,858,51510,0,0,0.0,0.0,0.0,1000.0,4.87,1.0,budget_depleted,1000.0
36,858,51525,0,0,0.0,0.0,0.0,1000.0,4.87,1.0,budget_depleted,1000.0
36,859,51540,0,0,0.0,0.0,0.0,1000.0,2.34,1.0,budget_depleted,1000.0
36,859,51555,0,0,0.0,0.0,0.0,1000.0,2.34,1.0,budget_depleted,1000.0
36,859,51570,0,0,0.0,0.0,0.0,1000.0,2.34,1.0,budget_depleted,1000.0
36,859,51585,0,0,0.0,0.0,0.0,1000.0,2.34,1.0,budget_depleted,1000.0
36,860,51600,0,0,0.0,0.0,0.0,1000.0,2.34,1.0,budget_depleted,1000.0
36,860,51615,0,0,0.0,0.0,0.0,1000.0,2.34,1.0,budget_depleted,1000.0
36,860,51630,0,0,0.0,0.0,0.0,1000.0,2.34,1.0,budget_depleted,1000.0
36,860,51645,0,0,0.0,0.0,0.0,1000.0,2.34,1.0,budget_depleted,1000.0
36,861,51660,0,0,0.0,0.0,0.0,1000.0,2.26,1.0,budget_depleted,1000.0
36,861,51675,0,0,0.0,0.0,0.0,1000.0,2.26,1.0,budget_depleted,1000.0
36,861,51690,0,0,0.0,0.0,0.0,1000.0,2.26,1.0,budget_depleted,1000.0
36,861,51705,0,0,0.0,0.0,0.0,1000.0,2.26,1.0,budget_depleted,1000.0
36,862,51720,0,0,0.0,0.0,0.0,1000.0,2.19,1.0,budget_depleted,1000.0
36,862,51735,0,0,0.0,0.0,0.0,1000.0,2.19,1.0,budget_depleted,1000.0
36,862,51750,0,0,0.0,0.0,0.0,1000.0,2.19,1.0,budget_depleted,1000.0
36,862,51765,0,0,0.0,0.0,0.0,1000.0,2.19,1.0,budget_depleted,1000.0
36,863,51780,0,0,0.0,0.0,0.0,1000.0,2.11,1.0,budget_depleted,1000.0
36,863,51795,0,0,0.0,0.0,0.0,1000.0,2.11,1.0,budget_depleted,1000.0
36,863,51810,0,0,0.0,0.0,0.0,1000.0,2.11,1.0,budget_depleted,1000.0
36,863,51825,0,0,0.0,0.0,0.0,1000.0,2.11,1.0,budget_depleted,1000.0
37,864,51840,0,0,0.0,0.0,0.0,1000.0,2.11,1.0,normal,0.0
37,864,51855,3,0,4.1042,4.1042,1.3681,1000.0,2.11,1.0,normal,4.1042
37,864,51870,6,0,12.66,12.66,2.11,1000.0,2.11,1.0,normal,16.7642
37,864,51885,6,0,1.5258,1.5258,0.2543,1000.0,2.11,1.0,normal,18.29
37,865,51900,6,0,10.38,10.38,1.73,1000.0,1.73,1.0,normal,28.67
37,865,51915,5,0,6.4442,6.4442,1.2888,1000.0,1.73,1.0,normal,35.1142
37,865,51930,4,0,6.5208,6.5208,1.6302,1000.0,1.73,1.0,normal,41.635
37,865,51945,6,0,1.0613,1.0613,0.1769,1000.0,1.73,1.0,normal,42.6963
37,866,51960,6,0,10.74,10.74,1.79,1000.0,1.79,1.0,normal,53.4363
37,866,51975,6,0,3.8818,3.8818,0.647,1000.0,1.79,1.0,normal,57.3181
37,866,51990,5,0,8.95,8.95,1.79,1000.0,1.79,1.0,normal,66.2681
37,866,52005,4,0,7.16,7.16,1.79,1000.0,1.79,1.0,normal,73.4281
37,867,52020,1,0,0.8,0.8,0.8,1000.0,0.8,1.0,normal,74.2281
37,867,52035,2,0,1.4948,1.4948,0.7474,1000.0,0.8,1.0,normal,75.7229
37,867,52050,1,0,0.8,0.8,0.8,1000.0,0.8,1.0,normal,76.5229
37,867,52065,2,1,1.6,1.6,0.8,1000.0,0.8,1.0,normal,78.1229
37,868,52080,2,0,2.08,2.08,1.04,1000.0,1.04,1.0,normal,80.2029
37,868,52095,5,0,5.2,5.2,1.04,1000.0,1.04,1.0,normal,85.4029
37,868,52110,0,0,0.0,0.0,0.7202,1000.0,1.04,1.0,normal,85.4029
37,868,52125,2,0,1.0507,1.0507,0.5254,1000.0,1.04,1.0,normal,86.4536
37,869,52140,1,0,1.04,1.04,1.04,1000.0,1.04,1.0,normal,87.4936
37,869,52155,2,0,2.08,2.08,1.04,1000.0,1.04,1.0,normal,89.5736
37,869,52170,1,0,1.04,1.04,1.04,1000.0,1.04,1.0,normal,90.6136
37,869,52185,1,0,1.04,1.04,1.04,1000.0,1.04,1.0,normal,91.6536
37,870,52200,4,0,4.16,4.16,1.04,1000.0,1.04,1.0,normal,95.8136
37,870,52215,2,0,1.4999,1.4999,0.75,1000.0,1.04,1.0,normal,97.3135
37,870,52230,3,0,3.12,3.12,1.04,1000.0,1.04,1.0,normal,100.4335
37,870,52245,1,0,1.04,1.04,1.04,1000.0,1.04,1.0,normal,101.4735
37,871,52260,1,0,0.3256,0.3256,0.3256,1000.0,1.04,1.0,normal,101.7991
37,871,52275,2,0,0.5642,0.5642,0.2821,1000.0,1.04,1.0,normal,102.3633
37,871,52290,1,0,1.04,1.04,1.04,1000.0,1.04,1.0,normal,103.4033
37,871,52305,0,0,0.0,0.0,1.04,1000.0,1.04,1.0,normal,103.4033
37,872,52320,4,0,5.2788,5.2788,1.3197,1000.0,1.35,1.0,normal,108.6821
37,872,52335,2,0,2.7,2.7,1.35,1000.0,1.35,1.0,normal,111.3821
37,872,52350,2,0,2.7,2.7,1.35,1000.0,1.35,1.0,normal,114.0821
37,872,52365,2,0,2.7,2.7,1.35,1000.0,1.35,1.0,normal,116.7821
37,873,52380,3,0,4.05,4.05,1.35,1000.0,1.35,1.0,normal,120.8321
37,873,52395,2,0,2.7,2.7,1.35,1000.0,1.35,1.0,normal,123.5321
37,873,52410,4,0,4.2176,4.2176,1.0544,1000.0,1.35,1.0,normal,127.7497
37,873,52425,3,0,4.05,4.05,1.35,1000.0,1.35,1.0,normal,131.7997
37,874,52440,2,0,2.6815,2.6815,1.3407,1000.0,1.35,1.0,normal,134.4812
37,874,52455,2,0,2.7,2.7,1.35,1000.0,1.35,1.0,normal,137.1812
37,874,52470,1,0,1.1644,1.1644,1.1644,1000.0,1.35,1.0,normal,138.3456
37,874,52485,1,0,1.35,1.35,1.35,1000.0,1.35,1.0,normal,139.6956
37,875,52500,3,0,1.6691,1.6691,0.5564,1000.0,1.35,1.0,normal,141.3647
37,875,52515,6,0,7.5423,7.5423,1.257,1000.0,1.35,1.0,normal,148.907
37,875,52530,7,0,0.6211,0.6211,0.0887,1000.0,1.35,1.0,normal,149.5281
37,875,52545,0,0,0.0,0.0,1.35,1000.0,1.35,1.0,normal,149.5281
37,876,52560,4,0,5.4,5.4,1.35,1000.0,1.35,1.0,normal,154.9281
37,876,52575,4,0,5.065,5.065,1.2663,1000.0,1.35,1.0,normal,159.9931
37,876,52590,3,2,3.7675,1.8837,1.2558,1000.0,1.35,1.0,normal,163.7606
37,876,52605,4,0,5.4,5.4,1.35,1000.0,1.35,1.0,normal,169.1606
37,877,52620,4,0,3.1789,3.1789,0.7947,1000.0,1.4,1.0,normal,172.3395
37,877,52635,2,0,2.8,2.8,1.4,1000.0,1.4,1.0,normal,175.1395
37,877,52650,2,1,2.8,2.8,1.4,1000.0,1.4,1.0,normal,177.9395
37,877,52665,6,0,2.9765,2.9765,0.4961,1000.0,1.4,1.0,normal,180.916
37,878,52680,6,0,8.7,8.7,1.45,1000.0,1.45,1.0,normal,189.616
37,878,52695,1,0,1.3527,1.3527,1.3527,1000.0,1.45,1.0,normal,190.9687
37,878,52710,3,0,1.2758,1.2758,0.4253,1000.0,1.45,1.0,normal,192.2445
37,878,52725,4,0,5.8,5.8,1.45,1000.0,1.45,1.0,normal,198.0445
37,879,52740,7,0,10.5,10.5,1.5,1000.0,1.5,1.0,normal,208.5445
37,879,52755,3,0,4.5,4.5,1.5,1000.0,1.5,1.0,normal,213.0445
37,879,52770,2,0,0.2943,0.2943,0.1472,1000.0,1.5,1.0,normal,213.3388
37,879,52785,4,0,0.0783,0.0783,0.0196,1000.0,1.5,1.0,normal,213.4171
37,880,52800,2,0,1.7609,1.7609,0.8804,1000.0,1.5,1.0,normal,215.178
37,880,52815,5,1,7.5,7.5,1.5,1000.0,1.5,1.0,normal,222.678
37,880,52830,3,0,3.7437,3.7437,1.2479,1000.0,1.5,1.0,normal,226.4217
37,880,52845,6,0,1.6069,1.6069,0.2678,1000.0,1.5,1.0,normal,228.0286
37,881,52860,5,0,7.75,7.75,1.55,1000.0,1.55,1.0,normal,235.7786
37,881,52875,1,0,1.55,1.55,1.55,1000.0,1.55,1.0,normal,237.3286
37,881,52890,0,0,0.0,0.0,1.55,1000.0,1.55,1.0,normal,237.3286
37,881,52905,0,0,0.0,0.0,1.55,1000.0,1.55,1.0,normal,237.3286
37,882,52920,3,0,1.6819,1.6819,0.5606,1000.0,1.6,1.0,normal,239.0105
37,882,52935,2,0,3.2,3.2,1.6,1000.0,1.6,1.0,normal,242.2105
37,882,52950,7,0,2.9379,2.9379,0.4197,1000.0,1.6,1.0,normal,245.1484
37,882,52965,6,0,4.1133,4.1133,0.6855,1000.0,1.6,1.0,normal,249.2617
37,883,52980,4,0,6.64,6.64,1.66,1000.0,1.66,1.0,normal,255.9017
37,883,52995,8,1,13.28,13.28,1.66,1000.0,1.66,1.0,normal,269.1817
37,883,53010,3,0,4.98,4.98,1.66,1000.0,1.66,1.0,normal,274.1617
37,883,53025,4,1,0.6686,0.6686,0.1671,1000.0,1.66,1.0,normal,274.8303
37,884,53040,3,0,1.5935,1.5935,0.5312,1000.0,1.66,1.0,normal,276.4238
37,884,53055,6,0,9.96,9.96,1.66,1000.0,1.66,1.0,normal,286.3838
37,884,53070,4,0,6.64,6.64,1.66,1000.0,1.66,1.0,normal,293.0238
37,884,53085,4,0,0.907,0.907,0.2267,1000.0,1.66,1.0,normal,293.9308
37,885,53100,7,0,8.6159,8.6159,1.2308,1000.0,1.72,1.0,normal,302.5467
37,885,53115,1,0,0.0041,0.0041,0.0041,1000.0,1.72,1.0,normal,302.5508
37,885,53130,3,0,5.16,5.16,1.72,1000.0,1.72,1.0,normal,307.7108
37,885,53145,1,0,0.0094,0.0094,0.0094,1000.0,1.72,1.0,normal,307.7202
37,886,53160,3,0,1.8932,1.8932,0.6311,1000.0,1.78,1.0,normal,309.6134
37,886,53175,5,1,8.9,8.9,1.78,1000.0,1.78,1.0,normal,318.5134
37,886,53190,4,0,2.7502,2.7502,0.6876,1000.0,1.78,1.0,normal,321.2636
37,886,53205,8,1,14.24,14.24,1.78,1000.0,1.78,1.0,normal,335.5036
37,887,53220,2,0,3.68,3.68,1.84,1000.0,1.84,1.0,normal,339.1836
37,887,53235,6,0,11.04,11.04,1.84,1000.0,1.84,1.0,normal,350.2236
37,887,53250,4,0,7.36,7.36,1.84,1000.0,1.84,1.0,normal,357.5836
37,887,53265,5,0,9.2,9.2,1.84,1000.0,1.84,1.0,normal,366.7836
