current_day,current_hour,current_minute,clicks,leads,spend,cpa,realized_cpc,daily_budget,max_bid,volatility,budget_status,current_day_spend
8,168,10080,0,0,0.0,0.0,3.0327,1000.0,3.75,1.0,normal,0.0
8,168,10095,12,0,45.0,45.0,3.75,1000.0,3.75,1.0,normal,45.0
8,168,10110,6,0,20.2875,20.2875,3.3813,1000.0,3.75,1.0,normal,65.2875
8,168,10125,9,0,2.8574,2.8574,0.3175,1000.0,3.75,1.0,normal,68.1449
8,169,10140,9,0,35.46,35.46,3.94,1000.0,3.94,1.0,normal,103.6049
8,169,10155,15,1,27.7437,27.7437,1.8496,1000.0,3.94,1.0,normal,131.3486
8,169,10170,15,1,36.5876,36.5876,2.4392,1000.0,3.94,1.0,normal,167.9362
8,169,10185,11,0,5.3737,5.3737,0.4885,1000.0,3.94,1.0,normal,173.3099
8,170,10200,5,0,9.6945,9.6945,1.9389,1000.0,4.05,1.0,normal,183.0044
8,170,10215,8,0,13.0262,13.0262,1.6283,1000.0,4.05,1.0,normal,196.0306
8,170,10230,14,0,27.9721,27.9721,1.998,1000.0,4.05,1.0,normal,224.0027
8,170,10245,8,0,32.0224,32.0224,4.0028,1000.0,4.05,1.0,normal,256.0251
8,171,10260,9,0,26.4011,26.4011,2.9335,1000.0,4.2,1.0,normal,282.4262
8,171,10275,7,0,13.0528,13.0528,1.8647,1000.0,4.2,1.0,normal,295.479
8,171,10290,11,0,46.2,46.2,4.2,1000.0,4.2,1.0,normal,341.679
8,171,10305,13,0,7.7719,7.7719,0.5978,1000.0,4.2,1.0,normal,349.4509
8,172,10320,17,0,39.1202,39.1202,2.3012,1000.0,4.2,1.0,normal,388.5711
8,172,10335,24,0,72.5571,72.5571,3.0232,1000.0,4.2,1.0,normal,461.1282
8,172,10350,8,0,33.6,33.6,4.2,1000.0,4.2,1.0,normal,494.7282
8,172,10365,15,2,63.0,31.5,4.2,1000.0,4.2,1.0,normal,557.7282
8,173,10380,11,2,4.8858,2.4429,0.4442,1000.0,4.03,1.0,normal,562.614
8,173,10395,12,0,37.4667,37.4667,3.1222,1000.0,4.03,1.0,normal,600.0807
8,173,10410,6,0,9.4766,9.4766,1.5794,1000.0,4.03,1.0,normal,609.5573
8,173,10425,7,0,21.1475,21.1475,3.0211,1000.0,4.03,1.0,normal,630.7048
8,174,10440,9,1,34.83,34.83,3.87,1000.0,3.87,1.0,normal,665.5348
8,174,10455,7,0,9.0562,9.0562,1.2937,1000.0,3.87,1.0,normal,674.591
8,174,10470,4,0,12.608,12.608,3.152,1000.0,3.87,1.0,normal,687.199
8,174,10485,10,0,1.769,1.769,0.1769,1000.0,3.87,1.0,normal,688.968
8,175,10500,6,0,19.7328,19.7328,3.2888,1000.0,3.72,1.0,normal,708.7008
8,175,10515,10,0,22.463,22.463,2.2463,1000.0,3.72,1.0,normal,731.1638
8,175,10530,6,0,20.4222,20.4222,3.4037,1000.0,3.72,1.0,normal,751.586
8,175,10545,11,1,12.3539,12.3539,1.1231,1000.0,3.72,1.0,normal,763.9399
8,176,10560,0,0,0.0,0.0,0.01,1000.0,0.01,1.0,normal,763.9399
8,176,10575,0,0,0.0,0.0,0.01,1000.0,0.01,1.0,normal,763.9399
8,176,10590,0,0,0.0,0.0,0.01,1000.0,0.01,1.0,normal,763.9399
8,176,10605,0,0,0.0,0.0,0.01,1000.0,0.01,1.0,normal,763.9399
8,177,10620,0,0,0.0,0.0,0.01,1000.0,0.01,1.0,normal,763.9399
8,177,10635,0,0,0.0,0.0,0.01,1000.0,0.01,1.0,normal,763.9399
8,177,10650,0,0,0.0,0.0,0.01,1000.0,0.01,1.0,normal,763.9399
8,177,10665,0,0,0.0,0.0,0.01,1000.0,0.01,1.0,normal,763.9399
8,178,10680,0,0,0.0,0.0,0.01,1000.0,0.01,1.0,normal,763.9399
8,178,10695,1,0,0.01,0.01,0.01,1000.0,0.01,1.0,normal,763.9499
8,178,10710,0,0,0.0,0.0,0.01,1000.0,0.01,1.0,normal,763.9499
8,178,10725,0,0,0.0,0.0,0.01,1000.0,0.01,1.0,normal,763.9499
8,179,10740,1,0,0.01,0.01,0.01,1000.0,0.01,1.0,normal,763.9599
8,179,10755,0,0,0.0,0.0,0.01,1000.0,0.01,1.0,normal,763.9599
8,179,10770,0,0,0.0,0.0,0.01,1000.0,0.01,1.0,normal,763.9599
8,179,10785,0,0,0.0,0.0,0.01,1000.0,0.01,1.0,normal,763.9599
8,180,10800,13,2,6.059,3.0295,0.4661,1000.0,4.2,1.0,normal,770.0189
8,180,10815,19,0,70.9647,70.9647,3.735,1000.0,4.2,1.0,normal,840.9836
8,180,10830,16,0,32.7283,32.7283,2.0455,1000.0,4.2,1.0,normal,873.7119
8,180,10845,8,1,33.6,33.6,4.2,1000.0,4.2,1.0,budget_constrained,907.3119
8,181,10860,8,0,1.0559,1.0559,0.132,1000.0,4.2,1.0,budget_constrained,908.3678
8,181,10875,10,0,7.5707,7.5707,0.7571,1000.0,4.2,1.0,budget_constrained,915.9385
8,181,10890,13,1,54.6,54.6,4.2,1000.0,4.2,1.0,budget_constrained,970.5385
8,181,10905,8,0,29.4615,29.4615,3.5321,1000.0,4.2,1.0,budget_constrained,1000.0
8,182,10920,0,0,0.0,0.0,4.2,1000.0,4.2,1.0,budget_constrained,1000.0
8,182,10935,0,0,0.0,0.0,4.1049,1000.0,4.2,1.0,budget_constrained,1000.0
8,182,10950,0,0,0.0,0.0,1.8395,1000.0,4.2,1.0,budget_constrained,1000.0
8,182,10965,0,0,0.0,0.0,2.2921,1000.0,4.2,1.0,budget_constrained,1000.0
8,183,10980,0,0,0.0,0.0,3.2255,1000.0,4.2,1.0,budget_constrained,1000.0
8,183,10995,0,0,0.0,0.0,4.0928,1000.0,4.2,1.0,budget_constrained,1000.0
8,183,11010,0,0,0.0,0.0,1.3185,1000.0,4.2,1.0,budget_constrained,1000.0
8,183,11025,0,0,0.0,0.0,4.2,1000.0,4.2,1.0,budget_constrained,1000.0
8,184,11040,0,0,0.0,0.0,4.134,1000.0,4.2,1.0,budget_constrained,1000.0
8,184,11055,0,0,0.0,0.0,1.9599,1000.0,4.2,1.0,budget_constrained,1000.0
8,184,11070,0,0,0.0,0.0,0.7268,1000.0,4.2,1.0,budget_constrained,1000.0
8,184,11085,0,0,0.0,0.0,3.6069,1000.0,4.2,1.0,budget_constrained,1000.0
8,185,11100,0,0,0.0,0.0,4.2,1000.0,4.2,1.0,budget_constrained,1000.0
8,185,11115,0,0,0.0,0.0,3.0192,1000.0,4.2,1.0,budget_constrained,1000.0
8,185,11130,0,0,0.0,0.0,1.9072,1000.0,4.2,1.0,budget_constrained,1000.0
8,185,11145,0,0,0.0,0.0,4.2,1000.0,4.2,1.0,budget_constrained,1000.0
8,186,11160,0,0,0.0,0.0,3.7255,1000.0,4.2,1.0,budget_constrained,1000.0
8,186,11175,0,0,0.0,0.0,1.0606,1000.0,4.2,1.0,budget_constrained,1000.0
8,186,11190,0,0,0.0,0.0,1.3477,1000.0,4.2,1.0,budget_constrained,1000.0
8,186,11205,0,0,0.0,0.0,4.0002,1000.0,4.2,1.0,budget_constrained,1000.0
8,187,11220,0,0,0.0,0.0,3.5741,1000.0,4.2,1.0,budget_constrained,1000.0
8,187,11235,0,0,0.0,0.0,4.2,1000.0,4.2,1.0,budget_constrained,1000.0
8,187,11250,0,0,0.0,0.0,2.2348,1000.0,4.2,1.0,budget_constrained,1000.0
8,187,11265,0,0,0.0,0.0,3.6512,1000.0,4.2,1.0,budget_constrained,1000.0
8,188,11280,0,0,0.0,0.0,2.1121,1000.0,4.2,1.0,budget_constrained,1000.0
8,188,11295,0,0,0.0,0.0,2.6725,1000.0,4.2,1.0,budget_constrained,1000.0
8,188,11310,0,0,0.0,0.0,1.9078,1000.0,4.2,1.0,budget_constrained,1000.0
8,188,11325,0,0,0.0,0.0,2.5897,1000.0,4.2,1.0,budget_constrained,1000.0
8,189,11340,0,0,0.0,0.0,4.33,1000.0,4.33,1.0,budget_constrained,1000.0
8,189,11355,0,0,0.0,0.0,4.33,1000.0,4.33,1.0,budget_constrained,1000.0
8,189,11370,0,0,0.0,0.0,1.4934,1000.0,4.33,1.0,budget_constrained,1000.0
8,189,11385,0,0,0.0,0.0,4.1,1000.0,4.33,1.0,budget_constrained,1000.0
8,190,11400,0,0,0.0,0.0,0.6412,1000.0,4.46,1.0,budget_constrained,1000.0
8,190,11415,0,0,0.0,0.0,4.46,1000.0,4.46,1.0,budget_constrained,1000.0
8,190,11430,0,0,0.0,0.0,2.9141,1000.0,4.46,1.0,budget_constrained,1000.0
8,190,11445,0,0,0.0,0.0,4.46,1000.0,4.46,1.0,budget_constrained,1000.0
8,191,11460,0,0,0.0,0.0,3.4049,1000.0,4.59,1.0,budget_constrained,1000.0
8,191,11475,0,0,0.0,0.0,1.0719,1000.0,4.59,1.0,budget_constrained,1000.0
8,191,11490,0,0,0.0,0.0,3.3241,1000.0,4.59,1.0,budget_constrained,1000.0
8,191,11505,0,0,0.0,0.0,1.6221,1000.0,4.59,1.0,budget_constrained,1000.0
9,192,11520,0,0,0.0,0.0,4.59,1000.0,4.59,1.0,normal,0.0
9,192,11535,11,2,50.49,25.245,4.59,1000.0,4.59,1.0,normal,50.49
9,192,11550,9,1,1.9934,1.9934,0.2215,1000.0,4.59,1.0,normal,52.4834
9,192,11565,11,0,40.0305,40.0305,3.6391,1000.0,4.59,1.0,normal,92.5139
9,193,11580,8,0,13.4822,13.4822,1.6853,1000.0,4.75,1.0,normal,105.9961
9,193,11595,10,1,44.0233,44.0233,4.4023,1000.0,4.75,1.0,normal,150.0194
9,193,11610,20,1,50.5681,50.5681,2.5284,1000.0,4.75,1.0,normal,200.5875
9,193,11625,14,1,15.8077,15.8077,1.1291,1000.0,4.75,1.0,normal,216.3952
9,194,11640,8,0,39.36,39.36,4.92,1000.0,4.92,1.0,normal,255.7552
9,194,11655,11,0,42.1585,42.1585,3.8326,1000.0,4.92,1.0,normal,297.9137
9,194,11670,19,1,12.373,12.373,0.6512,1000.0,4.92,1.0,normal,310.2867
9,194,11685,19,0,61.1103,61.1103,3.2163,1000.0,4.92,1.0,normal,371.397
9,195,11700,7,0,35.63,35.63,5.09,1000.0,5.09,1.0,normal,407.027
9,195,11715,12,0,28.8051,28.8051,2.4004,1000.0,5.09,1.0,normal,435.8321
9,195,11730,15,1,48.741,48.741,3.2494,1000.0,5.09,1.0,normal,484.5731
9,195,11745,16,0,54.4862,54.4862,3.4054,1000.0,5.09,1.0,normal,539.0593
9,196,11760,15,0,24.4739,24.4739,1.6316,1000.0,5.09,1.0,normal,563.5332
9,196,11775,6,0,12.7299,12.7299,2.1216,1000.0,5.09,1.0,normal,576.2631
9,196,11790,9,0,3.212,3.212,0.3569,1000.0,5.09,1.0,normal,579.4751
9,196,11805,9,0,43.2132,43.2132,4.8015,1000.0,5.09,1.0,normal,622.6883
9,197,11820,8,0,35.5476,35.5476,4.4435,1000.0,5.27,1.0,normal,658.2359
9,197,11835,14,0,73.78,73.78,5.27,1000.0,5.27,1.0,normal,732.0159
9,197,11850,8,1,29.6998,29.6998,3.7125,1000.0,5.27,1.0,normal,761.7157
9,197,11865,19,0,13.0772,13.0772,0.6883,1000.0,5.27,1.0,normal,774.7929
9,198,11880,16,1,57.9682,57.9682,3.623,1000.0,5.14,1.0,normal,832.7611
9,198,11895,15,1,19.0898,19.0898,1.2727,1000.0,5.14,1.0,normal,851.8509
9,198,11910,8,0,32.9661,32.9661,4.1208,1000.0,5.14,1.0,normal,884.817
9,198,11925,9,0,25.9776,25.9776,2.8864,1000.0,5.14,1.0,budget_constrained,910.7946
9,199,11940,11,0,30.0347,30.0347,2.7304,1000.0,4.58,1.0,budget_constrained,940.8293
9,199,11955,9,0,8.7811,8.7811,0.9757,1000.0,4.58,1.0,budget_constrained,949.6104
9,199,11970,10,1,23.6659,23.6659,2.3666,1000.0,4.58,1.0,budget_constrained,973.2763
9,199,11985,13,1,5.6206,5.6206,0.4324,1000.0,4.58,1.0,budget_constrained,978.8969
9,200,12000,7,0,21.1031,21.1031,2.7111,1000.0,4.58,1.0,budget_depleted,1000.0
9,200,12015,0,0,0.0,0.0,0.0,1000.0,4.58,1.0,budget_depleted,1000.0
9,200,12030,0,0,0.0,0.0,0.0,1000.0,4.58,1.0,budget_depleted,1000.0
9,200,12045,0,0,0.0,0.0,0.0,1000.0,4.58,1.0,budget_depleted,1000.0
9,201,12060,0,0,0.0,0.0,0.0,1000.0,4.75,1.0,budget_depleted,1000.0
9,201,12075,0,0,0.0,0.0,0.0,1000.0,4.75,1.0,budget_depleted,1000.0
9,201,12090,0,0,0.0,0.0,0.0,1000.0,4.75,1.0,budget_depleted,1000.0
9,201,12105,0,0,0.0,0.0,0.0,1000.0,4.75,1.0,budget_depleted,1000.0
9,202,12120,0,0,0.0,0.0,0.0,1000.0,4.92,1.0,budget_depleted,1000.0
9,202,12135,0,0,0.0,0.0,0.0,1000.0,4.92,1.0,budget_depleted,1000.0
9,202,12150,0,0,0.0,0.0,0.0,1000.0,4.92,1.0,budget_depleted,1000.0
9,202,12165,0,0,0.0,0.0,0.0,1000.0,4.92,1.0,budget_depleted,1000.0
9,203,12180,0,0,0.0,0.0,0.0,1000.0,5.09,1.0,budget_depleted,1000.0
9,203,12195,0,0,0.0,0.0,0.0,1000.0,5.09,1.0,budget_depleted,1000.0
9,203,12210,0,0,0.0,0.0,0.0,1000.0,5.09,1.0,budget_depleted,1000.0
9,203,12225,0,0,0.0,0.0,0.0,1000.0,5.09,1.0,budget_depleted,1000.0
9,204,12240,0,0,0.0,0.0,0.0,1000.0,5.09,1.0,budget_depleted,1000.0
9,204,12255,0,0,0.0,0.0,0.0,1000.0,5.09,1.0,budget_depleted,1000.0
9,204,12270,0,0,0.0,0.0,0.0,1000.0,5.09,1.0,budget_depleted,1000.0
9,204,12285,0,0,0.0,0.0,0.0,1000.0,5.09,1.0,budget_depleted,1000.0
9,205,12300,0,0,0.0,0.0,0.0,1000.0,4.17,1.0,budget_depleted,1000.0
9,205,12315,0,0,0.0,0.0,0.0,1000.0,4.17,1.0,budget_depleted,1000.0
9,205,12330,0,0,0.0,0.0,0.0,1000.0,4.17,1.0,budget_depleted,1000.0
9,205,12345,0,0,0.0,0.0,0.0,1000.0,4.17,1.0,budget_depleted,1000.0
9,206,12360,0,0,0.0,0.0,0.0,1000.0,3.42,1.0,budget_depleted,1000.0
9,206,12375,0,0,0.0,0.0,0.0,1000.0,3.42,1.0,budget_depleted,1000.0
9,206,12390,0,0,0.0,0.0,0.0,1000.0,3.42,1.0,budget_depleted,1000.0
9,206,12405,0,0,0.0,0.0,0.0,1000.0,3.42,1.0,budget_depleted,1000.0
9,207,12420,0,0,0.0,0.0,0.0,1000.0,1.37,1.0,budget_depleted,1000.0
9,207,12435,0,0,0.0,0.0,0.0,1000.0,1.37,1.0,budget_depleted,1000.0
9,207,12450,0,0,0.0,0.0,0.0,1000.0,1.37,1.0,budget_depleted,1000.0
9,207,12465,0,0,0.0,0.0,0.0,1000.0,1.37,1.0,budget_depleted,1000.0
9,208,12480,0,0,0.0,0.0,0.0,1000.0,1.37,1.0,budget_depleted,1000.0
9,208,12495,0,0,0.0,0.0,0.0,1000.0,1.37,1.0,budget_depleted,1000.0
9,208,12510,0,0,0.0,0.0,0.0,1000.0,1.37,1.0,budget_depleted,1000.0
9,208,12525,0,0,0.0,0.0,0.0,1000.0,1.37,1.0,budget_depleted,1000.0
9,209,12540,0,0,0.0,0.0,0.0,1000.0,1.42,1.0,budget_depleted,1000.0
9,209,12555,0,0,0.0,0.0,0.0,1000.0,1.42,1.0,budget_depleted,1000.0
9,209,12570,0,0,0.0,0.0,0.0,1000.0,1.42,1.0,budget_depleted,1000.0
9,209,12585,0,0,0.0,0.0,0.0,1000.0,1.42,1.0,budget_depleted,1000.0
9,210,12600,0,0,0.0,0.0,0.0,1000.0,1.47,1.0,budget_depleted,1000.0
9,210,12615,0,0,0.0,0.0,0.0,1000.0,1.47,1.0,budget_depleted,1000.0
9,210,12630,0,0,0.0,0.0,0.0,1000.0,1.47,1.0,budget_depleted,1000.0
9,210,12645,0,0,0.0,0.0,0.0,1000.0,1.47,1.0,budget_depleted,1000.0
9,211,12660,0,0,0.0,0.0,0.0,1000.0,1.53,1.0,budget_depleted,1000.0
9,211,12675,0,0,0.0,0.0,0.0,1000.0,1.53,1.0,budget_depleted,1000.0
9,211,12690,0,0,0.0,0.0,0.0,1000.0,1.53,1.0,budget_depleted,1000.0
9,211,12705,0,0,0.0,0.0,0.0,1000.0,1.53,1.0,budget_depleted,1000.0
9,212,12720,0,0,0.0,0.0,0.0,1000.0,1.53,1.0,budget_depleted,1000.0
9,212,12735,0,0,0.0,0.0,0.0,1000.0,1.53,1.0,budget_depleted,1000.0
9,212,12750,0,0,0.0,0.0,0.0,1000.0,1.53,1.0,budget_depleted,1000.0
9,212,12765,0,0,0.0,0.0,0.0,1000.0,1.53,1.0,budget_depleted,1000.0
9,213,12780,0,0,0.0,0.0,0.0,1000.0,1.29,1.0,budget_depleted,1000.0
9,213,12795,0,0,0.0,0.0,0.0,1000.0,1.29,1.0,budget_depleted,1000.0
9,213,12810,0,0,0.0,0.0,0.0,1000.0,1.29,1.0,budget_depleted,1000.0
9,213,12825,0,0,0.0,0.0,0.0,1000.0,1.29,1.0,budget_depleted,1000.0
9,214,12840,0,0,0.0,0.0,0.0,1000.0,1.06,1.0,budget_depleted,1000.0
9,214,12855,0,0,0.0,0.0,0.0,1000.0,1.06,1.0,budget_depleted,1000.0
9,214,12870,0,0,0.0,0.0,0.0,1000.0,1.06,1.0,budget_depleted,1000.0
9,214,12885,0,0,0.0,0.0,0.0,1000.0,1.06,1.0,budget_depleted,1000.0
9,215,12900,0,0,0.0,0.0,0.0,1000.0,0.8,1.0,budget_depleted,1000.0
9,215,12915,0,0,0.0,0.0,0.0,1000.0,0.8,1.0,budget_depleted,1000.0
9,215,12930,0,0,0.0,0.0,0.0,1000.0,0.8,1.0,budget_depleted,1000.0
9,215,12945,0,0,0.0,0.0,0.0,1000.0,0.8,1.0,budget_depleted,1000.0
10,216,12960,0,0,0.0,0.0,0.0,1000.0,1.04,1.0,normal,0.0
10,216,12975,5,0,5.2,5.2,1.04,1000.0,1.04,1.0,normal,5.2
10,216,12990,2,0,2.08,2.08,1.04,1000.0,1.04,1.0,normal,7.28
10,216,13005,5,1,5.2,5.2,1.04,1000.0,1.04,1.0,normal,12.48
10,217,13020,1,0,1.13,1.13,1.13,1000.0,1.13,1.0,normal,13.61
10,217,13035,2,0,1.9677,1.9677,0.9839,1000.0,1.13,1.0,normal,15.5777
10,217,13050,2,0,2.26,2.26,1.13,1000.0,1.13,1.0,normal,17.8377
10,217,13065,3,0,0.6168,0.6168,0.2056,1000.0,1.13,1.0,normal,18.4545
10,218,13080,7,0,8.33,8.33,1.19,1000.0,1.19,1.0,normal,26.7845
10,218,13095,4,0,4.76,4.76,1.19,1000.0,1.19,1.0,normal,31.5445
10,218,13110,1,0,1.19,1.19,1.19,1000.0,1.19,1.0,normal,32.7345
10,218,13125,7,0,8.33,8.33,1.19,1000.0,1.19,1.0,normal,41.0645
10,219,13140,1,0,1.04,1.04,1.04,1000.0,1.04,1.0,normal,42.1045
10,219,13155,2,0,2.08,2.08,1.04,1000.0,1.04,1.0,normal,44.1845
10,219,13170,3,0,3.12,3.12,1.04,1000.0,1.04,1.0,normal,47.3045
10,219,13185,0,0,0.0,0.0,0.6194,1000.0,1.04,1.0,normal,47.3045
10,220,13200,3,0,3.12,3.12,1.04,1000.0,1.04,1.0,normal,50.4245
10,220,13215,6,0,4.7533,4.7533,0.7922,1000.0,1.04,1.0,normal,55.1778
10,220,13230,4,0,4.16,4.16,1.04,1000.0,1.04,1.0,normal,59.3378
10,220,13245,2,0,2.08,2.08,1.04,1000.0,1.04,1.0,normal,61.4178
10,221,13260,4,0,2.308,2.308,0.577,1000.0,1.13,1.0,normal,63.7258
10,221,13275,2,0,1.3555,1.3555,0.6778,1000.0,1.13,1.0,normal,65.0813
10,221,13290,1,0,0.5708,0.5708,0.5708,1000.0,1.13,1.0,normal,65.6521
10,221,13305,1,0,1.13,1.13,1.13,1000.0,1.13,1.0,normal,66.7821
10,222,13320,2,0,0.4079,0.4079,0.204,1000.0,1.19,1.0,normal,67.19
10,222,13335,2,0,1.5508,1.5508,0.7754,1000.0,1.19,1.0,normal,68.7408
10,222,13350,3,0,0.1088,0.1088,0.0363,1000.0,1.19,1.0,normal,68.8496
10,222,13365,3,0,3.57,3.57,1.19,1000.0,1.19,1.0,normal,72.4196
10,223,13380,1,0,1.16,1.16,1.16,1000.0,1.16,1.0,normal,73.5796
10,223,13395,5,0,5.8,5.8,1.16,1000.0,1.16,1.0,normal,79.3796
10,223,13410,5,0,5.8,5.8,1.16,1000.0,1.16,1.0,normal,85.1796
10,223,13425,4,0,4.64,4.64,1.16,1000.0,1.16,1.0,normal,89.8196
10,224,13440,4,0,4.64,4.64,1.16,1000.0,1.16,1.0,normal,94.4596
10,224,13455,3,0,1.8101,1.8101,0.6034,1000.0,1.16,1.0,normal,96.2697
10,224,13470,4,0,4.1254,4.1254,1.0314,1000.0,1.16,1.0,normal,100.3951
10,224,13485,5,0,2.2601,2.2601,0.452,1000.0,1.16,1.0,normal,102.6552
10,225,13500,2,0,2.18,2.18,1.09,1000.0,1.09,1.0,normal,104.8352
10,225,13515,3,0,1.5831,1.5831,0.5277,1000.0,1.09,1.0,normal,106.4183
10,225,13530,2,0,2.18,2.18,1.09,1000.0,1.09,1.0,normal,108.5983
10,225,13545,1,0,0.4241,0.4241,0.4241,1000.0,1.09,1.0,normal,109.0224
10,226,13560,2,0,0.0245,0.0245,0.0123,1000.0,1.01,1.0,normal,109.0469
10,226,13575,2,0,2.02,2.02,1.01,1000.0,1.01,1.0,normal,111.0669
10,226,13590,4,0,3.6996,3.6996,0.9249,1000.0,1.01,1.0,normal,114.7665
10,226,13605,0,0,0.0,0.0,1.01,1000.0,1.01,1.0,normal,114.7665
10,227,13620,1,0,0.94,0.94,0.94,1000.0,0.94,1.0,normal,115.7065
10,227,13635,4,0,3.76,3.76,0.94,1000.0,0.94,1.0,normal,119.4665
10,227,13650,3,0,2.82,2.82,0.94,1000.0,0.94,1.0,normal,122.2865
10,227,13665,2,0,1.88,1.88,0.94,1000.0,0.94,1.0,normal,124.1665
10,228,13680,0,0,0.0,0.0,1.16,1000.0,1.16,1.0,normal,124.1665
10,228,13695,2,0,2.32,2.32,1.16,1000.0,1.16,1.0,normal,126.4865
10,228,13710,1,0,1.16,1.16,1.16,1000.0,1.16,1.0,normal,127.6465
10,228,13725,2,0,2.32,2.32,1.16,1000.0,1.16,1.0,normal,129.9665
10,229,13740,1,0,0.3045,0.3045,0.3045,1000.0,1.09,1.0,normal,130.271
10,229,13755,2,0,2.18,2.18,1.09,1000.0,1.09,1.0,normal,132.451
10,229,13770,3,0,3.27,3.27,1.09,1000.0,1.09,1.0,normal,135.721
10,229,13785,2,1,2.18,2.18,1.09,1000.0,1.09,1.0,normal,137.901
10,230,13800,1,0,1.1266,1.1266,1.1266,1000.0,1.19,1.0,normal,139.0276
10,230,13815,1,0,1.19,1.19,1.19,1000.0,1.19,1.0,normal,140.2176
10,230,13830,2,0,2.38,2.38,1.19,1000.0,1.19,1.0,normal,142.5976
10,230,13845,4,0,4.76,4.76,1.19,1000.0,1.19,1.0,normal,147.3576
10,231,13860,2,0,2.6,2.6,1.3,1000.0,1.3,1.0,normal,149.9576
10,231,13875,0,0,0.0,0.0,1.3,1000.0,1.3,1.0,normal,149.9576
10,231,13890,2,0,2.1292,2.1292,1.0646,1000.0,1.3,1.0,normal,152.0868
10,231,13905,2,0,0.4035,0.4035,0.2018,1000.0,1.3,1.0,normal,152.4903
10,232,13920,4,1,3.1346,3.1346,0.7836,1000.0,1.3,1.0,normal,155.6249
10,232,13935,5,0,6.5,6.5,1.3,1000.0,1.3,1.0,normal,162.1249
10,232,13950,3,0,3.01,3.01,1.0033,1000.0,1.3,1.0,normal,165.1349
10,232,13965,4,0,3.5827,3.5827,0.8957,1000.0,1.3,1.0,normal,168.7176
10,233,13980,4,0,5.68,5.68,1.42,1000.0,1.42,1.0,normal,174.3976
10,233,13995,3,0,4.26,4.26,1.42,1000.0,1.42,1.0,normal,178.6576
10,233,14010,1,0,0.9648,0.9648,0.9648,1000.0,1.42,1.0,normal,179.6224
10,233,14025,2,0,1.1463,1.1463,0.5731,1000.0,1.42,1.0,normal,180.7687
10,234,14040,6,1,6.3816,6.3816,1.0636,1000.0,1.48,1.0,normal,187.1503
10,234,14055,1,0,1.48,1.48,1.48,1000.0,1.48,1.0,normal,188.6303
10,234,14070,5,0,7.4,7.4,1.48,1000.0,1.48,1.0,normal,196.0303
10,234,14085,7,0,10.36,10.36,1.48,1000.0,1.48,1.0,normal,206.3903
10,235,14100,3,0,0.2703,0.2703,0.0901,1000.0,1.46,1.0,normal,206.6606
10,235,14115,4,0,4.1351,4.1351,1.0338,1000.0,1.46,1.0,normal,210.7957
10,235,14130,3,0,4.38,4.38,1.46,1000.0,1.46,1.0,normal,215.1757
10,235,14145,2,0,2.1763,2.1763,1.0881,1000.0,1.46,1.0,normal,217.352
10,236,14160,2,0,0.6542,0.6542,0.3271,1000.0,1.46,1.0,normal,218.0062
10,236,14175,1,0,0.1226,0.1226,0.1226,1000.0,1.46,1.0,normal,218.1288
10,236,14190,4,0,5.84,5.84,1.46,1000.0,1.46,1.0,normal,223.9688
10,236,14205,1,0,1.46,1.46,1.46,1000.0,1.46,1.0,normal,225.4288
10,237,14220,8,1,4.069,4.069,0.5086,1000.0,1.59,1.0,normal,229.4978
10,237,14235,5,0,7.95,7.95,1.59,1000.0,1.59,1.0,normal,237.4478
10,237,14250,3,0,3.5424,3.5424,1.1808,1000.0,1.59,1.0,normal,240.9902
10,237,14265,5,0,7.95,7.95,1.59,1000.0,1.59,1.0,normal,248.9402
10,238,14280,5,0,6.2071,6.2071,1.2414,1000.0,1.66,1.0,normal,255.1473
10,238,14295,3,1,4.98,4.98,1.66,1000.0,1.66,1.0,normal,260.1273
10,238,14310,2,0,2.3696,2.3696,1.1848,1000.0,1.66,1.0,normal,262.4969
10,238,14325,2,0,3.32,3.32,1.66,1000.0,1.66,1.0,normal,265.8169
10,239,14340,3,0,4.92,4.92,1.64,1000.0,1.64,1.0,normal,270.7369
10,239,14355,1,0,1.3211,1.3211,1.3211,1000.0,1.64,1.0,normal,272.058
10,239,14370,2,1,3.28,3.28,1.64,1000.0,1.64,1.0,normal,275.338
10,239,14385,5,0,8.2,8.2,1.64,1000.0,1.64,1.0,normal,283.538
11,240,14400,4,1,5.3253,5.3253,1.3313,1000.0,1.64,1.0,normal,5.3253
11,240,14415,2,0,3.2772,3.2772,1.6386,1000.0,1.64,1.0,normal,8.6025
11,240,14430,5,1,0.8582,0.8582,0.1716,1000.0,1.64,1.0,normal,9.4607
11,240,14445,2,0,3.28,3.28,1.64,1000.0,1.64,1.0,normal,12.7407
11,241,14460,6,0,10.74,10.74,1.79,1000.0,1.79,1.0,normal,23.4807
11,241,14475,3,0,5.37,5.37,1.79,1000.0,1.79,1.0,normal,28.8507
11,241,14490,3,0,5.37,5.37,1.79,1000.0,1.79,1.0,normal,34.2207
11,241,14505,2,0,3.2625,3.2625,1.6312,1000.0,1.79,1.0,normal,37.4832
11,242,14520,5,0,9.35,9.35,1.87,1000.0,1.87,1.0,normal,46.8332
11,242,14535,6,1,6.2062,6.2062,1.0344,1000.0,1.87,1.0,normal,53.0394
11,242,14550,4,0,4.8547,4.8547,1.2137,1000.0,1.87,1.0,normal,57.8941
11,242,14565,3,0,5.61,5.61,1.87,1000.0,1.87,1.0,normal,63.5041
11,243,14580,2,0,3.68,3.68,1.84,1000.0,1.84,1.0,normal,67.1841
11,243,14595,2,0,1.1031,1.1031,0.5516,1000.0,1.84,1.0,normal,68.2872
11,243,14610,6,0,1.1321,1.1321,0.1887,1000.0,1.84,1.0,normal,69.4193
11,243,14625,5,0,6.5362,6.5362,1.3072,1000.0,1.84,1.0,normal,75.9555
11,244,14640,2,0,2.3405,2.3405,1.1702,1000.0,1.84,1.0,normal,78.296
11,244,14655,6,0,11.04,11.04,1.84,1000.0,1.84,1.0,normal,89.336
11,244,14670,4,0,6.8093,6.8093,1.7023,1000.0,1.84,1.0,normal,96.1453
11,244,14685,3,0,5.4452,5.4452,1.8151,1000.0,1.84,1.0,normal,101.5905
11,245,14700,10,0,20.1,20.1,2.01,1000.0,2.01,1.0,normal,121.6905
11,245,14715,8,0,16.08,16.08,2.01,1000.0,2.01,1.0,normal,137.7705
11,245,14730,5,0,8.067,8.067,1.6134,1000.0,2.01,1.0,normal,145.8375
11,245,14745,3,0,6.03,6.03,2.01,1000.0,2.01,1.0,normal,151.8675
11,246,14760,4,0,6.6753,6.6753,1.6688,1000.0,2.1,1.0,normal,158.5428
11,246,14775,5,0,10.5,10.5,2.1,1000.0,2.1,1.0,normal,169.0428
11,246,14790,5,0,10.5,10.5,2.1,1000.0,2.1,1.0,normal,179.5428
11,246,14805,5,0,10.5,10.5,2.1,1000.0,2.1,1.0,normal,190.0428
11,247,14820,5,0,7.6053,7.6053,1.5211,1000.0,2.06,1.0,normal,197.6481
11,247,14835,4,0,0.5562,0.5562,0.139,1000.0,2.06,1.0,normal,198.2043
11,247,14850,5,0,10.3,10.3,2.06,1000.0,2.06,1.0,normal,208.5043
11,247,14865,6,0,12.36,12.36,2.06,1000.0,2.06,1.0,normal,220.8643
11,248,14880,8,1,12.7051,12.7051,1.5881,1000.0,2.68,1.0,normal,233.5694
11,248,14895,4,0,10.1312,10.1312,2.5328,1000.0,2.68,1.0,normal,243.7006
11,248,14910,6,0,4.84,4.84,0.8067,1000.0,2.68,1.0,normal,248.5406
11,248,14925,9,0,16.7803,16.7803,1.8645,1000.0,2.68,1.0,normal,265.3209
11,249,14940,7,0,20.44,20.44,2.92,1000.0,2.92,1.0,normal,285.7609
11,249,14955,9,1,22.4658,22.4658,2.4962,1000.0,2.92,1.0,normal,308.2267
11,249,14970,4,0,1.5644,1.5644,0.3911,1000.0,2.92,1.0,normal,309.7911
11,249,14985,6,0,8.1585,8.1585,1.3598,1000.0,2.92,1.0,normal,317.9496
11,250,15000,7,0,3.591,3.591,0.513,1000.0,3.06,1.0,normal,321.5406
11,250,15015,12,0,3.7059,3.7059,0.3088,1000.0,3.06,1.0,normal,325.2465
11,250,15030,4,0,7.8452,7.8452,1.9613,1000.0,3.06,1.0,normal,333.0917
11,250,15045,4,0,12.24,12.24,3.06,1000.0,3.06,1.0,normal,345.3317
11,251,15060,15,1,16.1508,16.1508,1.0767,1000.0,2.96,1.0,normal,361.4825
11,251,15075,10,0,29.6,29.6,2.96,1000.0,2.96,1.0,normal,391.0825
11,251,15090,11,0,31.0135,31.0135,2.8194,1000.0,2.96,1.0,normal,422.096
11,251,15105,7,1,20.72,20.72,2.96,1000.0,2.96,1.0,normal,442.816
11,252,15120,5,1,10.0069,10.0069,2.0014,1000.0,3.26,1.0,normal,452.8229
11,252,15135,5,0,11.7061,11.7061,2.3412,1000.0,3.26,1.0,normal,464.529
11,252,15150,9,1,29.34,29.34,3.26,1000.0,3.26,1.0,normal,493.869
11,252,15165,10,0,24.2397,24.2397,2.424,1000.0,3.26,1.0,normal,518.1087
11,253,15180,3,0,10.65,10.65,3.55,1000.0,3.55,1.0,normal,528.7587
11,253,15195,11,0,1.1918,1.1918,0.1083,1000.0,3.55,1.0,normal,529.9505
11,253,15210,17,0,60.35,60.35,3.55,1000.0,3.55,1.0,normal,590.3005
11,253,15225,11,0,39.05,39.05,3.55,1000.0,3.55,1.0,normal,629.3505
11,254,15240,5,0,8.1236,8.1236,1.6247,1000.0,3.72,1.0,normal,637.4741
11,254,15255,10,1,26.5226,26.5226,2.6523,1000.0,3.72,1.0,normal,663.9967
11,254,15270,9,0,1.4498,1.4498,0.1611,1000.0,3.72,1.0,normal,665.4465
11,254,15285,13,0,17.2611,17.2611,1.3278,1000.0,3.72,1.0,normal,682.7076
11,255,15300,8,0,4.8717,4.8717,0.609,1000.0,3.65,1.0,normal,687.5793
11,255,15315,6,0,16.4943,16.4943,2.7491,1000.0,3.65,1.0,normal,704.0736
11,255,15330,6,0,21.9,21.9,3.65,1000.0,3.65,1.0,normal,725.9736
11,255,15345,6,0,14.5676,14.5676,2.4279,1000.0,3.65,1.0,normal,740.5412
11,256,15360,8,0,10.0561,10.0561,1.257,1000.0,3.8,1.0,normal,750.5973
11,256,15375,8,1,4.6325,4.6325,0.5791,1000.0,3.8,1.0,normal,755.2298
11,256,15390,11,0,21.9738,21.9738,1.9976,1000.0,3.8,1.0,normal,777.2036
11,256,15405,10,0,13.417,13.417,1.3417,1000.0,3.8,1.0,normal,790.6206
11,257,15420,10,0,41.4,41.4,4.14,1000.0,4.14,1.0,normal,832.0206
11,257,15435,10,0,30.7799,30.7799,3.078,1000.0,4.14,1.0,normal,862.8005
11,257,15450,15,0,51.7916,51.7916,3.4528,1000.0,4.14,1.0,budget_constrained,914.5921
11,257,15465,5,0,19.0843,19.0843,3.8169,1000.0,4.14,1.0,budget_constrained,933.6764
11,258,15480,7,0,26.6,26.6,3.8,1000.0,3.8,1.0,budget_constrained,960.2764
11,258,15495,17,0,11.4582,11.4582,0.674,1000.0,3.8,1.0,budget_constrained,971.7346
11,258,15510,6,0,7.8087,7.8087,1.3014,1000.0,3.8,1.0,budget_constrained,979.5433
11,258,15525,7,1,20.4567,20.4567,2.6634,1000.0,3.8,1.0,budget_depleted,1000.0
11,259,15540,0,0,0.0,0.0,0.0,1000.0,3.8,1.0,budget_depleted,1000.0
11,259,15555,0,0,0.0,0.0,0.0,1000.0,3.8,1.0,budget_depleted,1000.0
11,259,15570,0,0,0.0,0.0,0.0,1000.0,3.8,1.0,budget_depleted,1000.0
11,259,15585,0,0,0.0,0.0,0.0,1000.0,3.8,1.0,budget_depleted,1000.0
11,260,15600,0,0,0.0,0.0,0.0,1000.0,3.8,1.0,budget_depleted,1000.0
11,260,15615,0,0,0.0,0.0,0.0,1000.0,3.8,1.0,budget_depleted,1000.0
11,260,15630,0,0,0.0,0.0,0.0,1000.0,3.8,1.0,budget_depleted,1000.0
11,260,15645,0,0,0.0,0.0,0.0,1000.0,3.8,1.0,budget_depleted,1000.0
11,261,15660,0,0,0.0,0.0,0.0,1000.0,3.12,1.0,budget_depleted,1000.0
11,261,15675,0,0,0.0,0.0,0.0,1000.0,3.12,1.0,budget_depleted,1000.0
11,261,15690,0,0,0.0,0.0,0.0,1000.0,3.12,1.0,budget_depleted,1000.0
11,261,15705,0,0,0.0,0.0,0.0,1000.0,3.12,1.0,budget_depleted,1000.0
11,262,15720,0,0,0.0,0.0,0.0,1000.0,2.56,1.0,budget_depleted,1000.0
11,262,15735,0,0,0.0,0.0,0.0,1000.0,2.56,1.0,budget_depleted,1000.0
11,262,15750,0,0,0.0,0.0,0.0,1000.0,2.56,1.0,budget_depleted,1000.0
11,262,15765,0,0,0.0,0.0,0.0,1000.0,2.56,1.0,budget_depleted,1000.0
11,263,15780,0,0,0.0,0.0,0.0,1000.0,1.14,1.0,budget_depleted,1000.0
11,263,15795,0,0,0.0,0.0,0.0,1000.0,1.14,1.0,budget_depleted,1000.0
11,263,15810,0,0,0.0,0.0,0.0,1000.0,1.14,1.0,budget_depleted,1000.0
11,263,15825,0,0,0.0,0.0,0.0,1000.0,1.14,1.0,budget_depleted,1000.0
12,264,15840,0,0,0.0,0.0,0.0,1000.0,1.14,1.0,normal,0.0
12,264,15855,3,0,3.42,3.42,1.14,1000.0,1.14,1.0,normal,3.42
12,264,15870,3,0,1.8498,1.8498,0.6166,1000.0,1.14,1.0,normal,5.2698
12,264,15885,3,0,3.42,3.42,1.14,1000.0,1.14,1.0,normal,8.6898
12,265,15900,3,0,3.42,3.42,1.14,1000.0,1.14,1.0,normal,12.1098
12,265,15915,4,0,3.2591,3.2591,0.8148,1000.0,1.14,1.0,normal,15.3689
12,265,15930,7,0,1.7205,1.7205,0.2458,1000.0,1.14,1.0,normal,17.0894
12,265,15945,0,0,0.0,0.0,1.14,1000.0,1.14,1.0,normal,17.0894
12,266,15960,0,0,0.0,0.0,0.7322,1000.0,1.14,1.0,normal,17.0894
12,266,15975,0,0,0.0,0.0,1.1128,1000.0,1.14,1.0,normal,17.0894
12,266,15990,4,0,2.1311,2.1311,0.5328,1000.0,1.14,1.0,normal,19.2205
12,266,16005,1,0,1.14,1.14,1.14,1000.0,1.14,1.0,normal,20.3605
12,267,16020,1,0,1.14,1.14,1.14,1000.0,1.14,1.0,normal,21.5005
12,267,16035,4,0,4.56,4.56,1.14,1000.0,1.14,1.0,normal,26.0605
12,267,16050,2,0,0.9724,0.9724,0.4862,1000.0,1.14,1.0,normal,27.0329
12,267,16065,1,0,1.14,1.14,1.14,1000.0,1.14,1.0,normal,28.1729
12,268,16080,4,0,4.56,4.56,1.14,1000.0,1.14,1.0,normal,32.7329
12,268,16095,0,0,0.0,0.0,0.2951,1000.0,1.14,1.0,normal,32.7329
12,268,16110,2,0,2.28,2.28,1.14,1000.0,1.14,1.0,normal,35.0129
12,268,16125,1,0,1.0974,1.0974,1.0974,1000.0,1.14,1.0,normal,36.1103
12,269,16140,1,0,1.1,1.1,1.1,1000.0,1.1,1.0,normal,37.2103
12,269,16155,2,0,2.2,2.2,1.1,1000.0,1.1,1.0,normal,39.4103
12,269,16170,3,0,3.1606,3.1606,1.0535,1000.0,1.1,1.0,normal,42.5709
12,269,16185,2,0,2.2,2.2,1.1,1000.0,1.1,1.0,normal,44.7709
12,270,16200,4,0,4.24,4.24,1.06,1000.0,1.06,1.0,normal,49.0109
12,270,16215,2,0,2.12,2.12,1.06,1000.0,1.06,1.0,normal,51.1309
12,270,16230,4,0,4.24,4.24,1.06,1000.0,1.06,1.0,normal,55.3709
12,270,16245,5,1,2.7044,2.7044,0.5409,1000.0,1.06,1.0,normal,58.0753
12,271,16260,4,0,4.12,4.12,1.03,1000.0,1.03,1.0,normal,62.1953
12,271,16275,0,0,0.0,0.0,1.03,1000.0,1.03,1.0,normal,62.1953
12,271,16290,1,0,0.5895,0.5895,0.5895,1000.0,1.03,1.0,normal,62.7848
12,271,16305,3,0,0.2028,0.2028,0.0676,1000.0,1.03,1.0,normal,62.9876
12,272,16320,0,0,0.0,0.0,0.1113,1000.0,1.34,1.0,normal,62.9876
12,272,16335,0,0,0.0,0.0,0.7988,1000.0,1.34,1.0,normal,62.9876
12,272,16350,2,0,2.68,2.68,1.34,1000.0,1.34,1.0,normal,65.6676
12,272,16365,2,0,1.8184,1.8184,0.9092,1000.0,1.34,1.0,normal,67.486
12,273,16380,2,0,2.8,2.8,1.4,1000.0,1.4,1.0,normal,70.286
12,273,16395,6,0,8.4,8.4,1.4,1000.0,1.4,1.0,normal,78.686
12,273,16410,3,0,4.2,4.2,1.4,1000.0,1.4,1.0,normal,82.886
12,273,16425,0,0,0.0,0.0,0.217,1000.0,1.4,1.0,normal,82.886
12,274,16440,5,0,0.1319,0.1319,0.0264,1000.0,1.46,1.0,normal,83.0179
12,274,16455,4,0,5.84,5.84,1.46,1000.0,1.46,1.0,normal,88.8579
12,274,16470,2,0,1.9067,1.9067,0.9534,1000.0,1.46,1.0,normal,90.7646
12,274,16485,1,0,1.46,1.46,1.46,1000.0,1.46,1.0,normal,92.2246
12,275,16500,7,0,10.64,10.64,1.52,1000.0,1.52,1.0,normal,102.8646
12,275,16515,6,0,1.8274,1.8274,0.3046,1000.0,1.52,1.0,normal,104.692
12,275,16530,3,0,4.56,4.56,1.52,1000.0,1.52,1.0,normal,109.252
12,275,16545,5,0,3.9589,3.9589,0.7918,1000.0,1.52,1.0,normal,113.2109
12,276,16560,3,0,4.1653,4.1653,1.3884,1000.0,1.52,1.0,normal,117.3762
12,276,16575,2,0,3.04,3.04,1.52,1000.0,1.52,1.0,normal,120.4162
12,276,16590,7,0,7.5009,7.5009,1.0716,1000.0,1.52,1.0,normal,127.9171
12,276,16605,7,0,10.64,10.64,1.52,1000.0,1.52,1.0,normal,138.5571
12,277,16620,7,0,9.94,9.94,1.42,1000.0,1.42,1.0,normal,148.4971
12,277,16635,3,0,1.9868,1.9868,0.6623,1000.0,1.42,1.0,normal,150.4839
12,277,16650,5,0,0.6404,0.6404,0.1281,1000.0,1.42,1.0,normal,151.1243
12,277,16665,5,0,1.5412,1.5412,0.3082,1000.0,1.42,1.0,normal,152.6655
12,278,16680,8,0,10.48,10.48,1.31,1000.0,1.31,1.0,normal,163.1455
12,278,16695,5,0,0.3896,0.3896,0.0779,1000.0,1.31,1.0,normal,163.5351
12,278,16710,6,0,1.272,1.272,0.212,1000.0,1.31,1.0,normal,164.8071
12,278,16725,3,0,3.93,3.93,1.31,1000.0,1.31,1.0,normal,168.7371
12,279,16740,1,0,0.1771,0.1771,0.1771,1000.0,1.21,1.0,normal,168.9142
12,279,16755,3,1,1.4151,1.4151,0.4717,1000.0,1.21,1.0,normal,170.3293
12,279,16770,2,0,2.42,2.42,1.21,1000.0,1.21,1.0,normal,172.7493
12,279,16785,3,1,2.9104,2.9104,0.9701,1000.0,1.21,1.0,normal,175.6597
12,280,16800,6,0,7.26,7.26,1.21,1000.0,1.21,1.0,normal,182.9197
12,280,16815,2,0,2.42,2.42,1.21,1000.0,1.21,1.0,normal,185.3397
12,280,16830,4,0,4.84,4.84,1.21,1000.0,1.21,1.0,normal,190.1797
12,280,16845,5,0,3.0579,3.0579,0.6116,1000.0,1.21,1.0,normal,193.2376
12,281,16860,6,0,7.92,7.92,1.32,1000.0,1.32,1.0,normal,201.1576
12,281,16875,3,0,1.6346,1.6346,0.5449,1000.0,1.32,1.0,normal,202.7922
12,281,16890,4,0,5.28,5.28,1.32,1000.0,1.32,1.0,normal,208.0722
12,281,16905,1,0,0.4709,0.4709,0.4709,1000.0,1.32,1.0,normal,208.5431
12,282,16920,0,0,0.0,0.0,1.38,1000.0,1.38,1.0,normal,208.5431
12,282,16935,9,0,12.42,12.42,1.38,1000.0,1.38,1.0,normal,220.9631
12,282,16950,4,0,5.52,5.52,1.38,1000.0,1.38,1.0,normal,226.4831
12,282,16965,6,1,0.0721,0.0721,0.012,1000.0,1.38,1.0,normal,226.5552
12,283,16980,2,0,1.3178,1.3178,0.6589,1000.0,1.33,1.0,normal,227.873
12,283,16995,10,0,13.3,13.3,1.33,1000.0,1.33,1.0,normal,241.173
12,283,17010,2,0,2.66,2.66,1.33,1000.0,1.33,1.0,normal,243.833
12,283,17025,5,0,0.9266,0.9266,0.1853,1000.0,1.33,1.0,normal,244.7596
12,284,17040,4,0,5.32,5.32,1.33,1000.0,1.33,1.0,normal,250.0796
12,284,17055,3,0,3.1732,3.1732,1.0577,1000.0,1.33,1.0,normal,253.2528
12,284,17070,2,0,2.66,2.66,1.33,1000.0,1.33,1.0,normal,255.9128
12,284,17085,3,0,3.99,3.99,1.33,1000.0,1.33,1.0,normal,259.9028
12,285,17100,2,0,1.4073,1.4073,0.7036,1000.0,1.45,1.0,normal,261.3101
12,285,17115,3,1,4.35,4.35,1.45,1000.0,1.45,1.0,normal,265.6601
12,285,17130,6,0,8.7,8.7,1.45,1000.0,1.45,1.0,normal,274.3601
12,285,17145,3,0,1.3861,1.3861,0.462,1000.0,1.45,1.0,normal,275.7462
12,286,17160,3,0,4.56,4.56,1.52,1000.0,1.52,1.0,normal,280.3062
12,286,17175,6,0,9.12,9.12,1.52,1000.0,1.52,1.0,normal,289.4262
12,286,17190,1,0,0.0198,0.0198,0.0198,1000.0,1.52,1.0,normal,289.446
12,286,17205,5,0,1.2594,1.2594,0.2519,1000.0,1.52,1.0,normal,290.7054
12,287,17220,4,0,5.96,5.96,1.49,1000.0,1.49,1.0,normal,296.6654
12,287,17235,6,0,8.94,8.94,1.49,1000.0,1.49,1.0,normal,305.6054
12,287,17250,4,1,3.8689,3.8689,0.9672,1000.0,1.49,1.0,normal,309.4743
12,287,17265,1,0,1.49,1.49,1.49,1000.0,1.49,1.0,normal,310.9643
13,288,17280,0,0,0.0,0.0,0.01,1000.0,0.01,0.0,normal,0.0
13,288,17295,0,0,0.0,0.0,0.01,1000.0,0.01,0.0,normal,0.0
13,288,17310,0,0,0.0,0.0,0.01,1000.0,0.01,0.0,normal,0.0
13,288,17325,0,0,0.0,0.0,0.01,1000.0,0.01,0.0,normal,0.0
13,289,17340,0,0,0.0,0.0,0.01,1000.0,0.01,0.0,normal,0.0
13,289,17355,0,0,0.0,0.0,0.01,1000.0,0.01,0.0,normal,0.0
13,289,17370,0,0,0.0,0.0,0.01,1000.0,0.01,0.0,normal,0.0
13,289,17385,0,0,0.0,0.0,0.01,1000.0,0.01,0.0,normal,0.0
13,290,17400,0,0,0.0,0.0,0.01,1000.0,0.01,0.0,normal,0.0
13,290,17415,0,0,0.0,0.0,0.01,1000.0,0.01,0.0,normal,0.0
13,290,17430,0,0,0.0,0.0,0.01,1000.0,0.01,0.0,normal,0.0
13,290,17445,0,0,0.0,0.0,0.01,1000.0,0.01,0.0,normal,0.0
13,291,17460,0,0,0.0,0.0,0.01,1000.0,0.01,0.0,normal,0.0
13,291,17475,0,0,0.0,0.0,0.01,1000.0,0.01,0.0,normal,0.0
13,291,17490,0,0,0.0,0.0,0.01,1000.0,0.01,0.0,normal,0.0
13,291,17505,0,0,0.0,0.0,0.01,1000.0,0.01,0.0,normal,0.0
13,292,17520,0,0,0.0,0.0,0.01,1000.0,0.01,0.0,normal,0.0
13,292,17535,0,0,0.0,0.0,0.01,1000.0,0.01,0.0,normal,0.0
13,292,17550,0,0,0.0,0.0,0.01,1000.0,0.01,0.0,normal,0.0
13,292,17565,0,0,0.0,0.0,0.01,1000.0,0.01,0.0,normal,0.0
13,293,17580,0,0,0.0,0.0,0.01,1000.0,0.01,0.0,normal,0.0
13,293,17595,0,0,0.0,0.0,0.01,1000.0,0.01,0.0,normal,0.0
13,293,17610,0,0,0.0,0.0,0.01,1000.0,0.01,0.0,normal,0.0
13,293,17625,0,0,0.0,0.0,0.01,1000.0,0.01,0.0,normal,0.0
13,294,17640,0,0,0.0,0.0,0.01,1000.0,0.01,0.0,normal,0.0
13,294,17655,0,0,0.0,0.0,0.01,1000.0,0.01,0.0,normal,0.0
13,294,17670,0,0,0.0,0.0,0.01,1000.0,0.01,0.0,normal,0.0
13,294,17685,0,0,0.0,0.0,0.01,1000.0,0.01,0.0,normal,0.0
13,295,17700,0,0,0.0,0.0,0.01,1000.0,0.01,0.0,normal,0.0
13,295,17715,0,0,0.0,0.0,0.01,1000.0,0.01,0.0,normal,0.0
13,295,17730,0,0,0.0,0.0,0.01,1000.0,0.01,0.0,normal,0.0
13,295,17745,0,0,0.0,0.0,0.01,1000.0,0.01,0.0,normal,0.0
13,296,17760,0,0,0.0,0.0,0.01,1000.0,0.01,0.0,normal,0.0
13,296,17775,0,0,0.0,0.0,0.01,1000.0,0.01,0.0,normal,0.0
13,296,17790,0,0,0.0,0.0,0.01,1000.0,0.01,0.0,normal,0.0
13,296,17805,0,0,0.0,0.0,0.01,1000.0,0.01,0.0,normal,0.0
13,297,17820,0,0,0.0,0.0,0.01,1000.0,0.01,0.0,normal,0.0
13,297,17835,0,0,0.0,0.0,0.01,1000.0,0.01,0.0,normal,0.0
13,297,17850,0,0,0.0,0.0,0.01,1000.0,0.01,0.0,normal,0.0
13,297,17865,0,0,0.0,0.0,0.01,1000.0,0.01,0.0,normal,0.0
13,298,17880,0,0,0.0,0.0,0.01,1000.0,0.01,0.0,normal,0.0
13,298,17895,0,0,0.0,0.0,0.01,1000.0,0.01,0.0,normal,0.0
13,298,17910,0,0,0.0,0.0,0.01,1000.0,0.01,0.0,normal,0.0
13,298,17925,0,0,0.0,0.0,0.01,1000.0,0.01,0.0,normal,0.0
13,299,17940,0,0,0.0,0.0,0.01,1000.0,0.01,0.0,normal,0.0
13,299,17955,0,0,0.0,0.0,0.01,1000.0,0.01,0.0,normal,0.0
13,299,17970,0,0,0.0,0.0,0.01,1000.0,0.01,0.0,normal,0.0
13,299,17985,0,0,0.0,0.0,0.01,1000.0,0.01,0.0,normal,0.0
13,300,18000,0,0,0.0,0.0,0.01,1000.0,0.01,0.0,normal,0.0
13,300,18015,0,0,0.0,0.0,0.01,1000.0,0.01,0.0,normal,0.0
13,300,18030,0,0,0.0,0.0,0.01,1000.0,0.01,0.0,normal,0.0
13,300,18045,0,0,0.0,0.0,0.01,1000.0,0.01,0.0,normal,0.0
13,301,18060,0,0,0.0,0.0,0.01,1000.0,0.01,0.0,normal,0.0
13,301,18075,0,0,0.0,0.0,0.01,1000.0,0.01,0.0,normal,0.0
13,301,18090,0,0,0.0,0.0,0.01,1000.0,0.01,0.0,normal,0.0
13,301,18105,0,0,0.0,0.0,0.01,1000.0,0.01,0.0,normal,0.0
13,302,18120,0,0,0.0,0.0,0.01,1000.0,0.01,0.0,normal,0.0
13,302,18135,0,0,0.0,0.0,0.01,1000.0,0.01,0.0,normal,0.0
13,302,18150,0,0,0.0,0.0,0.01,1000.0,0.01,0.0,normal,0.0
13,302,18165,0,0,0.0,0.0,0.01,1000.0,0.01,0.0,normal,0.0
13,303,18180,0,0,0.0,0.0,0.01,1000.0,0.01,0.0,normal,0.0
13,303,18195,0,0,0.0,0.0,0.01,1000.0,0.01,0.0,normal,0.0
13,303,18210,0,0,0.0,0.0,0.01,1000.0,0.01,0.0,normal,0.0
13,303,18225,0,0,0.0,0.0,0.01,1000.0,0.01,0.0,normal,0.0
13,304,18240,0,0,0.0,0.0,0.01,1000.0,0.01,0.0,normal,0.0
13,304,18255,0,0,0.0,0.0,0.01,1000.0,0.01,0.0,normal,0.0
13,304,18270,0,0,0.0,0.0,0.01,1000.0,0.01,0.0,normal,0.0
13,304,18285,0,0,0.0,0.0,0.01,1000.0,0.01,0.0,normal,0.0
13,305,18300,0,0,0.0,0.0,0.01,1000.0,0.01,0.0,normal,0.0
13,305,18315,0,0,0.0,0.0,0.01,1000.0,0.01,0.0,normal,0.0
13,305,18330,0,0,0.0,0.0,0.01,1000.0,0.01,0.0,normal,0.0
13,305,18345,0,0,0.0,0.0,0.01,1000.0,0.01,0.0,normal,0.0
13,306,18360,0,0,0.0,0.0,0.01,1000.0,0.01,0.0,normal,0.0
13,306,18375,0,0,0.0,0.0,0.01,1000.0,0.01,0.0,normal,0.0
13,306,18390,0,0,0.0,0.0,0.01,1000.0,0.01,0.0,normal,0.0
13,306,18405,0,0,0.0,0.0,0.01,1000.0,0.01,0.0,normal,0.0
13,307,18420,0,0,0.0,0.0,0.01,1000.0,0.01,0.0,normal,0.0
13,307,18435,0,0,0.0,0.0,0.01,1000.0,0.01,0.0,normal,0.0
13,307,18450,0,0,0.0,0.0,0.01,1000.0,0.01,0.0,normal,0.0
13,307,18465,0,0,0.0,0.0,0.01,1000.0,0.01,0.0,normal,0.0
13,308,18480,0,0,0.0,0.0,0.01,1000.0,0.01,0.0,normal,0.0
13,308,18495,0,0,0.0,0.0,0.01,1000.0,0.01,0.0,normal,0.0
13,308,18510,0,0,0.0,0.0,0.01,1000.0,0.01,0.0,normal,0.0
13,308,18525,0,0,0.0,0.0,0.01,1000.0,0.01,0.0,normal,0.0
13,309,18540,0,0,0.0,0.0,0.01,1000.0,0.01,0.0,normal,0.0
13,309,18555,0,0,0.0,0.0,0.01,1000.0,0.01,0.0,normal,0.0
13,309,18570,0,0,0.0,0.0,0.01,1000.0,0.01,0.0,normal,0.0
13,309,18585,1,0,0.01,0.01,0.01,1000.0,0.01,0.0,normal,0.01
13,310,18600,0,0,0.0,0.0,0.01,1000.0,0.01,0.0,normal,0.01
13,310,18615,0,0,0.0,0.0,0.01,1000.0,0.01,0.0,normal,0.01
13,310,18630,0,0,0.0,0.0,0.01,1000.0,0.01,0.0,normal,0.01
13,310,18645,0,0,0.0,0.0,0.01,1000.0,0.01,0.0,normal,0.01
13,311,18660,0,0,0.0,0.0,0.01,1000.0,0.01,0.0,normal,0.01
13,311,18675,0,0,0.0,0.0,0.01,1000.0,0.01,0.0,normal,0.01
13,311,18690,0,0,0.0,0.0,0.01,1000.0,0.01,0.0,normal,0.01
13,311,18705,0,0,0.0,0.0,0.01,1000.0,0.01,0.0,normal,0.01
14,312,18720,0,0,0.0,0.0,0.01,1000.0,0.01,0.0,normal,0.0
14,312,18735,0,0,0.0,0.0,0.01,1000.0,0.01,0.0,normal,0.0
14,312,18750,0,0,0.0,0.0,0.01,1000.0,0.01,0.0,normal,0.0
14,312,18765,0,0,0.0,0.0,0.01,1000.0,0.01,0.0,normal,0.0
14,313,18780,0,0,0.0,0.0,0.01,1000.0,0.01,0.0,normal,0.0
14,313,18795,0,0,0.0,0.0,0.01,1000.0,0.01,0.0,normal,0.0
14,313,18810,0,0,0.0,0.0,0.01,1000.0,0.01,0.0,normal,0.0
14,313,18825,0,0,0.0,0.0,0.01,1000.0,0.01,0.0,normal,0.0
14,314,18840,0,0,0.0,0.0,0.01,1000.0,0.01,0.0,normal,0.0
14,314,18855,0,0,0.0,0.0,0.01,1000.0,0.01,0.0,normal,0.0
14,314,18870,0,0,0.0,0.0,0.01,1000.0,0.01,0.0,normal,0.0
14,314,18885,0,0,0.0,0.0,0.01,1000.0,0.01,0.0,normal,0.0
14,315,18900,0,0,0.0,0.0,0.01,1000.0,0.01,0.0,normal,0.0
14,315,18915,0,0,0.0,0.0,0.01,1000.0,0.01,0.0,normal,0.0
14,315,18930,0,0,0.0,0.0,0.01,1000.0,0.01,0.0,normal,0.0
14,315,18945,0,0,0.0,0.0,0.01,1000.0,0.01,0.0,normal,0.0
14,316,18960,0,0,0.0,0.0,0.01,1000.0,0.01,0.0,normal,0.0
14,316,18975,0,0,0.0,0.0,0.01,1000.0,0.01,0.0,normal,0.0
14,316,18990,0,0,0.0,0.0,0.01,1000.0,0.01,0.0,normal,0.0
14,316,19005,0,0,0.0,0.0,0.01,1000.0,0.01,0.0,normal,0.0
14,317,19020,0,0,0.0,0.0,0.01,1000.0,0.01,0.0,normal,0.0
14,317,19035,0,0,0.0,0.0,0.01,1000.0,0.01,0.0,normal,0.0
14,317,19050,0,0,0.0,0.0,0.01,1000.0,0.01,0.0,normal,0.0
14,317,19065,0,0,0.0,0.0,0.01,1000.0,0.01,0.0,normal,0.0
14,318,19080,0,0,0.0,0.0,0.01,1000.0,0.01,0.0,normal,0.0
14,318,19095,0,0,0.0,0.0,0.01,1000.0,0.01,0.0,normal,0.0
14,318,19110,0,0,0.0,0.0,0.01,1000.0,0.01,0.0,normal,0.0
14,318,19125,0,0,0.0,0.0,0.01,1000.0,0.01,0.0,normal,0.0
14,319,19140,0,0,0.0,0.0,0.01,1000.0,0.01,0.0,normal,0.0
14,319,19155,0,0,0.0,0.0,0.01,1000.0,0.01,0.0,normal,0.0
14,319,19170,0,0,0.0,0.0,0.01,1000.0,0.01,0.0,normal,0.0
14,319,19185,0,0,0.0,0.0,0.01,1000.0,0.01,0.0,normal,0.0
14,320,19200,0,0,0.0,0.0,0.01,1000.0,0.01,0.0,normal,0.0
14,320,19215,0,0,0.0,0.0,0.01,1000.0,0.01,0.0,normal,0.0
14,320,19230,0,0,0.0,0.0,0.01,1000.0,0.01,0.0,normal,0.0
14,320,19245,0,0,0.0,0.0,0.01,1000.0,0.01,0.0,normal,0.0
14,321,19260,0,0,0.0,0.0,0.01,1000.0,0.01,0.0,normal,0.0
14,321,19275,0,0,0.0,0.0,0.01,1000.0,0.01,0.0,normal,0.0
14,321,19290,0,0,0.0,0.0,0.01,1000.0,0.01,0.0,normal,0.0
14,321,19305,0,0,0.0,0.0,0.01,1000.0,0.01,0.0,normal,0.0
14,322,19320,0,0,0.0,0.0,0.01,1000.0,0.01,0.0,normal,0.0
14,322,19335,0,0,0.0,0.0,0.01,1000.0,0.01,0.0,normal,0.0
14,322,19350,0,0,0.0,0.0,0.01,1000.0,0.01,0.0,normal,0.0
14,322,19365,0,0,0.0,0.0,0.01,1000.0,0.01,0.0,normal,0.0
14,323,19380,0,0,0.0,0.0,0.01,1000.0,0.01,0.0,normal,0.0
14,323,19395,0,0,0.0,0.0,0.01,1000.0,0.01,0.0,normal,0.0
14,323,19410,0,0,0.0,0.0,0.01,1000.0,0.01,0.0,normal,0.0
14,323,19425,0,0,0.0,0.0,0.01,1000.0,0.01,0.0,normal,0.0
14,324,19440,0,0,0.0,0.0,0.01,1000.0,0.01,0.0,normal,0.0
14,324,19455,0,0,0.0,0.0,0.01,1000.0,0.01,0.0,normal,0.0
14,324,19470,0,0,0.0,0.0,0.01,1000.0,0.01,0.0,normal,0.0
14,324,19485,0,0,0.0,0.0,0.01,1000.0,0.01,0.0,normal,0.0
14,325,19500,0,0,0.0,0.0,0.01,1000.0,0.01,0.0,normal,0.0
14,325,19515,0,0,0.0,0.0,0.01,1000.0,0.01,0.0,normal,0.0
14,325,19530,0,0,0.0,0.0,0.01,1000.0,0.01,0.0,normal,0.0
14,325,19545,0,0,0.0,0.0,0.01,1000.0,0.01,0.0,normal,0.0
14,326,19560,0,0,0.0,0.0,0.01,1000.0,0.01,0.0,normal,0.0
14,326,19575,0,0,0.0,0.0,0.01,1000.0,0.01,0.0,normal,0.0
14,326,19590,0,0,0.0,0.0,0.01,1000.0,0.01,0.0,normal,0.0
14,326,19605,0,0,0.0,0.0,0.01,1000.0,0.01,0.0,normal,0.0
14,327,19620,0,0,0.0,0.0,0.01,1000.0,0.01,0.0,normal,0.0
14,327,19635,0,0,0.0,0.0,0.01,1000.0,0.01,0.0,normal,0.0
14,327,19650,0,0,0.0,0.0,0.01,1000.0,0.01,0.0,normal,0.0
14,327,19665,0,0,0.0,0.0,0.01,1000.0,0.01,0.0,normal,0.0
14,328,19680,0,0,0.0,0.0,0.01,1000.0,0.01,0.0,normal,0.0
14,328,19695,0,0,0.0,0.0,0.01,1000.0,0.01,0.0,normal,0.0
14,328,19710,0,0,0.0,0.0,0.01,1000.0,0.01,0.0,normal,0.0
14,328,19725,0,0,0.0,0.0,0.01,1000.0,0.01,0.0,normal,0.0
14,329,19740,0,0,0.0,0.0,0.01,1000.0,0.01,0.0,normal,0.0
14,329,19755,0,0,0.0,0.0,0.01,1000.0,0.01,0.0,normal,0.0
14,329,19770,0,0,0.0,0.0,0.01,1000.0,0.01,0.0,normal,0.0
14,329,19785,0,0,0.0,0.0,0.01,1000.0,0.01,0.0,normal,0.0
14,330,19800,0,0,0.0,0.0,0.01,1000.0,0.01,0.0,normal,0.0
14,330,19815,0,0,0.0,0.0,0.01,1000.0,0.01,0.0,normal,0.0
14,330,19830,0,0,0.0,0.0,0.01,1000.0,0.01,0.0,normal,0.0
14,330,19845,0,0,0.0,0.0,0.01,1000.0,0.01,0.0,normal,0.0
14,331,19860,0,0,0.0,0.0,0.01,1000.0,0.01,0.0,normal,0.0
14,331,19875,0,0,0.0,0.0,0.01,1000.0,0.01,0.0,normal,0.0
14,331,19890,0,0,0.0,0.0,0.01,1000.0,0.01,0.0,normal,0.0
14,331,19905,0,0,0.0,0.0,0.01,1000.0,0.01,0.0,normal,0.0
14,332,19920,0,0,0.0,0.0,0.01,1000.0,0.01,0.0,normal,0.0
14,332,19935,0,0,0.0,0.0,0.01,1000.0,0.01,0.0,normal,0.0
14,332,19950,0,0,0.0,0.0,0.01,1000.0,0.01,0.0,normal,0.0
14,332,19965,0,0,0.0,0.0,0.01,1000.0,0.01,0.0,normal,0.0
14,333,19980,0,0,0.0,0.0,0.01,1000.0,0.01,0.0,normal,0.0
14,333,19995,0,0,0.0,0.0,0.01,1000.0,0.01,0.0,normal,0.0
14,333,20010,0,0,0.0,0.0,0.01,1000.0,0.01,0.0,normal,0.0
14,333,20025,0,0,0.0,0.0,0.01,1000.0,0.01,0.0,normal,0.0
14,334,20040,0,0,0.0,0.0,0.01,1000.0,0.01,0.0,normal,0.0
14,334,20055,0,0,0.0,0.0,0.01,1000.0,0.01,0.0,normal,0.0
14,334,20070,0,0,0.0,0.0,0.01,1000.0,0.01,0.0,normal,0.0
14,334,20085,0,0,0.0,0.0,0.01,1000.0,0.01,0.0,normal,0.0
14,335,20100,0,0,0.0,0.0,0.01,1000.0,0.01,0.0,normal,0.0
14,335,20115,0,0,0.0,0.0,0.01,1000.0,0.01,0.0,normal,0.0
14,335,20130,0,0,0.0,0.0,0.01,1000.0,0.01,0.0,normal,0.0
14,335,20145,0,0,0.0,0.0,0.01,1000.0,0.01,0.0,normal,0.0
15,336,20160,0,0,0.0,0.0,0.01,1000.0,0.01,0.0,normal,0.0
15,336,20175,0,0,0.0,0.0,0.01,1000.0,0.01,0.0,normal,0.0
15,336,20190,0,0,0.0,0.0,0.01,1000.0,0.01,0.0,normal,0.0
15,336,20205,0,0,0.0,0.0,0.01,1000.0,0.01,0.0,normal,0.0
15,337,20220,0,0,0.0,0.0,0.01,1000.0,0.01,0.0,normal,0.0
15,337,20235,0,0,0.0,0.0,0.01,1000.0,0.01,0.0,normal,0.0
15,337,20250,0,0,0.0,0.0,0.01,1000.0,0.01,0.0,normal,0.0
15,337,20265,0,0,0.0,0.0,0.01,1000.0,0.01,0.0,normal,0.0
15,338,20280,0,0,0.0,0.0,0.01,1000.0,0.01,0.0,normal,0.0
15,338,20295,0,0,0.0,0.0,0.01,1000.0,0.01,0.0,normal,0.0
15,338,20310,0,0,0.0,0.0,0.01,1000.0,0.01,0.0,normal,0.0
15,338,20325,0,0,0.0,0.0,0.01,1000.0,0.01,0.0,normal,0.0
15,339,20340,0,0,0.0,0.0,0.01,1000.0,0.01,0.0,normal,0.0
15,339,20355,0,0,0.0,0.0,0.01,1000.0,0.01,0.0,normal,0.0
15,339,20370,0,0,0.0,0.0,0.01,1000.0,0.01,0.0,normal,0.0
15,339,20385,0,0,0.0,0.0,0.01,1000.0,0.01,0.0,normal,0.0
15,340,20400,0,0,0.0,0.0,0.01,1000.0,0.01,0.0,normal,0.0
15,340,20415,0,0,0.0,0.0,0.01,1000.0,0.01,0.0,normal,0.0
15,340,20430,0,0,0.0,0.0,0.01,1000.0,0.01,0.0,normal,0.0
15,340,20445,0,0,0.0,0.0,0.01,1000.0,0.01,0.0,normal,0.0
15,341,20460,0,0,0.0,0.0,0.01,1000.0,0.01,0.0,normal,0.0
15,341,20475,0,0,0.0,0.0,0.01,1000.0,0.01,0.0,normal,0.0
15,341,20490,0,0,0.0,0.0,0.01,1000.0,0.01,0.0,normal,0.0
15,341,20505,0,0,0.0,0.0,0.01,1000.0,0.01,0.0,normal,0.0
15,342,20520,0,0,0.0,0.0,0.01,1000.0,0.01,0.0,normal,0.0
15,342,20535,0,0,0.0,0.0,0.01,1000.0,0.01,0.0,normal,0.0
15,342,20550,0,0,0.0,0.0,0.01,1000.0,0.01,0.0,normal,0.0
15,342,20565,0,0,0.0,0.0,0.01,1000.0,0.01,0.0,normal,0.0
15,343,20580,0,0,0.0,0.0,0.01,1000.0,0.01,0.0,normal,0.0
15,343,20595,0,0,0.0,0.0,0.01,1000.0,0.01,0.0,normal,0.0
15,343,20610,0,0,0.0,0.0,0.01,1000.0,0.01,0.0,normal,0.0
15,343,20625,0,0,0.0,0.0,0.01,1000.0,0.01,0.0,normal,0.0
15,344,20640,0,0,0.0,0.0,0.01,1000.0,0.01,0.0,normal,0.0
15,344,20655,0,0,0.0,0.0,0.01,1000.0,0.01,0.0,normal,0.0
15,344,20670,0,0,0.0,0.0,0.01,1000.0,0.01,0.0,normal,0.0
15,344,20685,0,0,0.0,0.0,0.01,1000.0,0.01,0.0,normal,0.0
15,345,20700,0,0,0.0,0.0,0.01,1000.0,0.01,0.0,normal,0.0
15,345,20715,0,0,0.0,0.0,0.01,1000.0,0.01,0.0,normal,0.0
15,345,20730,0,0,0.0,0.0,0.01,1000.0,0.01,0.0,normal,0.0
15,345,20745,0,0,0.0,0.0,0.01,1000.0,0.01,0.0,normal,0.0
15,346,20760,0,0,0.0,0.0,0.01,1000.0,0.01,0.0,normal,0.0
15,346,20775,0,0,0.0,0.0,0.01,1000.0,0.01,0.0,normal,0.0
15,346,20790,0,0,0.0,0.0,0.01,1000.0,0.01,0.0,normal,0.0
15,346,20805,0,0,0.0,0.0,0.01,1000.0,0.01,0.0,normal,0.0
15,347,20820,0,0,0.0,0.0,0.01,1000.0,0.01,0.0,normal,0.0
15,347,20835,0,0,0.0,0.0,0.01,1000.0,0.01,0.0,normal,0.0
15,347,20850,0,0,0.0,0.0,0.01,1000.0,0.01,0.0,normal,0.0
15,347,20865,0,0,0.0,0.0,0.01,1000.0,0.01,0.0,normal,0.0
15,348,20880,0,0,0.0,0.0,0.01,1000.0,0.01,0.0,normal,0.0
15,348,20895,0,0,0.0,0.0,0.01,1000.0,0.01,0.0,normal,0.0
15,348,20910,0,0,0.0,0.0,0.01,1000.0,0.01,0.0,normal,0.0
15,348,20925,0,0,0.0,0.0,0.01,1000.0,0.01,0.0,normal,0.0
15,349,20940,0,0,0.0,0.0,0.01,1000.0,0.01,0.0,normal,0.0
15,349,20955,0,0,0.0,0.0,0.01,1000.0,0.01,0.0,normal,0.0
15,349,20970,0,0,0.0,0.0,0.01,1000.0,0.01,0.0,normal,0.0
15,349,20985,0,0,0.0,0.0,0.01,1000.0,0.01,0.0,normal,0.0
15,350,21000,0,0,0.0,0.0,0.01,1000.0,0.01,0.0,normal,0.0
15,350,21015,0,0,0.0,0.0,0.01,1000.0,0.01,0.0,normal,0.0
15,350,21030,0,0,0.0,0.0,0.01,1000.0,0.01,0.0,normal,0.0
15,350,21045,0,0,0.0,0.0,0.01,1000.0,0.01,0.0,normal,0.0
15,351,21060,0,0,0.0,0.0,0.01,1000.0,0.01,0.0,normal,0.0
15,351,21075,0,0,0.0,0.0,0.01,1000.0,0.01,0.0,normal,0.0
15,351,21090,0,0,0.0,0.0,0.01,1000.0,0.01,0.0,normal,0.0
15,351,21105,0,0,0.0,0.0,0.01,1000.0,0.01,0.0,normal,0.0
15,352,21120,0,0,0.0,0.0,0.01,1000.0,0.01,0.0,normal,0.0
15,352,21135,0,0,0.0,0.0,0.01,1000.0,0.01,0.0,normal,0.0
15,352,21150,0,0,0.0,0.0,0.01,1000.0,0.01,0.0,normal,0.0
15,352,21165,0,0,0.0,0.0,0.01,1000.0,0.01,0.0,normal,0.0
15,353,21180,0,0,0.0,0.0,0.01,1000.0,0.01,0.0,normal,0.0
15,353,21195,0,0,0.0,0.0,0.01,1000.0,0.01,0.0,normal,0.0
15,353,21210,0,0,0.0,0.0,0.01,1000.0,0.01,0.0,normal,0.0
15,353,21225,0,0,0.0,0.0,0.01,1000.0,0.01,0.0,normal,0.0
15,354,21240,0,0,0.0,0.0,0.01,1000.0,0.01,0.0,normal,0.0
15,354,21255,0,0,0.0,0.0,0.01,1000.0,0.01,0.0,normal,0.0
15,354,21270,0,0,0.0,0.0,0.01,1000.0,0.01,0.0,normal,0.0
15,354,21285,0,0,0.0,0.0,0.01,1000.0,0.01,0.0,normal,0.0
15,355,21300,0,0,0.0,0.0,0.01,1000.0,0.01,0.0,normal,0.0
15,355,21315,0,0,0.0,0.0,0.01,1000.0,0.01,0.0,normal,0.0
15,355,21330,0,0,0.0,0.0,0.01,1000.0,0.01,0.0,normal,0.0
15,355,21345,0,0,0.0,0.0,0.01,1000.0,0.01,0.0,normal,0.0
15,356,21360,0,0,0.0,0.0,0.01,1000.0,0.01,0.0,normal,0.0
15,356,21375,0,0,0.0,0.0,0.01,1000.0,0.01,0.0,normal,0.0
15,356,21390,0,0,0.0,0.0,0.01,1000.0,0.01,0.0,normal,0.0
15,356,21405,0,0,0.0,0.0,0.01,1000.0,0.01,0.0,normal,0.0
15,357,21420,0,0,0.0,0.0,0.01,1000.0,0.01,0.0,normal,0.0
15,357,21435,0,0,0.0,0.0,0.01,1000.0,0.01,0.0,normal,0.0
15,357,21450,0,0,0.0,0.0,0.01,1000.0,0.01,0.0,normal,0.0
15,357,21465,0,0,0.0,0.0,0.01,1000.0,0.01,0.0,normal,0.0
15,358,21480,0,0,0.0,0.0,0.01,1000.0,0.01,0.0,normal,0.0
15,358,21495,0,0,0.0,0.0,0.01,1000.0,0.01,0.0,normal,0.0
15,358,21510,0,0,0.0,0.0,0.01,1000.0,0.01,0.0,normal,0.0
15,358,21525,0,0,0.0,0.0,0.01,1000.0,0.01,0.0,normal,0.0
15,359,21540,0,0,0.0,0.0,0.01,1000.0,0.01,0.0,normal,0.0
15,359,21555,0,0,0.0,0.0,0.01,1000.0,0.01,0.0,normal,0.0
15,359,21570,0,0,0.0,0.0,0.01,1000.0,0.01,0.0,normal,0.0
15,359,21585,0,0,0.0,0.0,0.01,1000.0,0.01,0.0,normal,0.0
16,360,21600,0,0,0.0,0.0,0.01,1000.0,0.01,0.0,normal,0.0
16,360,21615,0,0,0.0,0.0,0.01,1000.0,0.01,0.0,normal,0.0
16,360,21630,0,0,0.0,0.0,0.01,1000.0,0.01,0.0,normal,0.0
16,360,21645,0,0,0.0,0.0,0.01,1000.0,0.01,0.0,normal,0.0
16,361,21660,0,0,0.0,0.0,0.01,1000.0,0.01,0.0,normal,0.0
16,361,21675,0,0,0.0,0.0,0.01,1000.0,0.01,0.0,normal,0.0
16,361,21690,0,0,0.0,0.0,0.01,1000.0,0.01,0.0,normal,0.0
16,361,21705,0,0,0.0,0.0,0.01,1000.0,0.01,0.0,normal,0.0
16,362,21720,0,0,0.0,0.0,0.01,1000.0,0.01,0.0,normal,0.0
16,362,21735,0,0,0.0,0.0,0.01,1000.0,0.01,0.0,normal,0.0
16,362,21750,0,0,0.0,0.0,0.01,1000.0,0.01,0.0,normal,0.0
16,362,21765,0,0,0.0,0.0,0.01,1000.0,0.01,0.0,normal,0.0
16,363,21780,0,0,0.0,0.0,0.01,1000.0,0.01,0.0,normal,0.0
16,363,21795,0,0,0.0,0.0,0.01,1000.0,0.01,0.0,normal,0.0
16,363,21810,0,0,0.0,0.0,0.01,1000.0,0.01,0.0,normal,0.0
16,363,21825,0,0,0.0,0.0,0.01,1000.0,0.01,0.0,normal,0.0
16,364,21840,0,0,0.0,0.0,0.01,1000.0,0.01,0.0,normal,0.0
16,364,21855,0,0,0.0,0.0,0.01,1000.0,0.01,0.0,normal,0.0
16,364,21870,0,0,0.0,0.0,0.01,1000.0,0.01,0.0,normal,0.0
16,364,21885,0,0,0.0,0.0,0.01,1000.0,0.01,0.0,normal,0.0
16,365,21900,0,0,0.0,0.0,0.01,1000.0,0.01,0.0,normal,0.0
16,365,21915,0,0,0.0,0.0,0.01,1000.0,0.01,0.0,normal,0.0
16,365,21930,0,0,0.0,0.0,0.01,1000.0,0.01,0.0,normal,0.0
16,365,21945,0,0,0.0,0.0,0.01,1000.0,0.01,0.0,normal,0.0
16,366,21960,0,0,0.0,0.0,0.0083,1000.0,0.01,0.0,normal,0.0
16,366,21975,0,0,0.0,0.0,0.01,1000.0,0.01,0.0,normal,0.0
16,366,21990,0,0,0.0,0.0,0.01,1000.0,0.01,0.0,normal,0.0
16,366,22005,0,0,0.0,0.0,0.01,1000.0,0.01,0.0,normal,0.0
16,367,22020,0,0,0.0,0.0,0.01,1000.0,0.01,0.0,normal,0.0
16,367,22035,0,0,0.0,0.0,0.01,1000.0,0.01,0.0,normal,0.0
16,367,22050,0,0,0.0,0.0,0.01,1000.0,0.01,0.0,normal,0.0
16,367,22065,0,0,0.0,0.0,0.01,1000.0,0.01,0.0,normal,0.0
16,368,22080,0,0,0.0,0.0,0.01,1000.0,0.01,0.0,normal,0.0
16,368,22095,0,0,0.0,0.0,0.01,1000.0,0.01,0.0,normal,0.0
16,368,22110,0,0,0.0,0.0,0.01,1000.0,0.01,0.0,normal,0.0
16,368,22125,0,0,0.0,0.0,0.01,1000.0,0.01,0.0,normal,0.0
16,369,22140,0,0,0.0,0.0,0.01,1000.0,0.01,0.0,normal,0.0
16,369,22155,0,0,0.0,0.0,0.01,1000.0,0.01,0.0,normal,0.0
16,369,22170,0,0,0.0,0.0,0.01,1000.0,0.01,0.0,normal,0.0
16,369,22185,0,0,0.0,0.0,0.01,1000.0,0.01,0.0,normal,0.0
16,370,22200,0,0,0.0,0.0,0.01,1000.0,0.01,0.0,normal,0.0
16,370,22215,0,0,0.0,0.0,0.01,1000.0,0.01,0.0,normal,0.0
16,370,22230,0,0,0.0,0.0,0.01,1000.0,0.01,0.0,normal,0.0
16,370,22245,0,0,0.0,0.0,0.01,1000.0,0.01,0.0,normal,0.0
16,371,22260,0,0,0.0,0.0,0.01,1000.0,0.01,0.0,normal,0.0
16,371,22275,1,0,0.01,0.01,0.01,1000.0,0.01,0.0,normal,0.01
16,371,22290,0,0,0.0,0.0,0.01,1000.0,0.01,0.0,normal,0.01
16,371,22305,0,0,0.0,0.0,0.01,1000.0,0.01,0.0,normal,0.01
16,372,22320,1,0,0.01,0.01,0.01,1000.0,0.01,0.0,normal,0.02
16,372,22335,0,0,0.0,0.0,0.01,1000.0,0.01,0.0,normal,0.02
16,372,22350,0,0,0.0,0.0,0.01,1000.0,0.01,0.0,normal,0.02
16,372,22365,0,0,0.0,0.0,0.01,1000.0,0.01,0.0,normal,0.02
16,373,22380,0,0,0.0,0.0,0.01,1000.0,0.01,0.0,normal,0.02
16,373,22395,0,0,0.0,0.0,0.01,1000.0,0.01,0.0,normal,0.02
16,373,22410,0,0,0.0,0.0,0.01,1000.0,0.01,0.0,normal,0.02
16,373,22425,0,0,0.0,0.0,0.01,1000.0,0.01,0.0,normal,0.02
16,374,22440,0,0,0.0,0.0,0.01,1000.0,0.01,0.0,normal,0.02
16,374,22455,0,0,0.0,0.0,0.01,1000.0,0.01,0.0,normal,0.02
16,374,22470,0,0,0.0,0.0,0.01,1000.0,0.01,0.0,normal,0.02
16,374,22485,0,0,0.0,0.0,0.01,1000.0,0.01,0.0,normal,0.02
16,375,22500,0,0,0.0,0.0,0.01,1000.0,0.01,0.0,normal,0.02
16,375,22515,0,0,0.0,0.0,0.01,1000.0,0.01,0.0,normal,0.02
16,375,22530,0,0,0.0,0.0,0.01,1000.0,0.01,0.0,normal,0.02
16,375,22545,0,0,0.0,0.0,0.01,1000.0,0.01,0.0,normal,0.02
16,376,22560,0,0,0.0,0.0,0.01,1000.0,0.01,0.0,normal,0.02
16,376,22575,0,0,0.0,0.0,0.01,1000.0,0.01,0.0,normal,0.02
16,376,22590,0,0,0.0,0.0,0.01,1000.0,0.01,0.0,normal,0.02
16,376,22605,0,0,0.0,0.0,0.01,1000.0,0.01,0.0,normal,0.02
16,377,22620,0,0,0.0,0.0,0.01,1000.0,0.01,0.0,normal,0.02
16,377,22635,0,0,0.0,0.0,0.01,1000.0,0.01,0.0,normal,0.02
16,377,22650,0,0,0.0,0.0,0.01,1000.0,0.01,0.0,normal,0.02
16,377,22665,0,0,0.0,0.0,0.01,1000.0,0.01,0.0,normal,0.02
16,378,22680,0,0,0.0,0.0,0.01,1000.0,0.01,0.0,normal,0.02
16,378,22695,0,0,0.0,0.0,0.01,1000.0,0.01,0.0,normal,0.02
16,378,22710,0,0,0.0,0.0,0.01,1000.0,0.01,0.0,normal,0.02
16,378,22725,0,0,0.0,0.0,0.01,1000.0,0.01,0.0,normal,0.02
16,379,22740,0,0,0.0,0.0,0.01,1000.0,0.01,0.0,normal,0.02
16,379,22755,0,0,0.0,0.0,0.01,1000.0,0.01,0.0,normal,0.02
16,379,22770,0,0,0.0,0.0,0.01,1000.0,0.01,0.0,normal,0.02
16,379,22785,0,0,0.0,0.0,0.01,1000.0,0.01,0.0,normal,0.02
16,380,22800,0,0,0.0,0.0,0.01,1000.0,0.01,0.0,normal,0.02
16,380,22815,0,0,0.0,0.0,0.01,1000.0,0.01,0.0,normal,0.02
16,380,22830,0,0,0.0,0.0,0.01,1000.0,0.01,0.0,normal,0.02
16,380,22845,0,0,0.0,0.0,0.01,1000.0,0.01,0.0,normal,0.02
16,381,22860,0,0,0.0,0.0,0.01,1000.0,0.01,0.0,normal,0.02
16,381,22875,0,0,0.0,0.0,0.01,1000.0,0.01,0.0,normal,0.02
16,381,22890,1,0,0.01,0.01,0.01,1000.0,0.01,0.0,normal,0.03
16,381,22905,0,0,0.0,0.0,0.01,1000.0,0.01,0.0,normal,0.03
16,382,22920,0,0,0.0,0.0,0.01,1000.0,0.01,0.0,normal,0.03
16,382,22935,0,0,0.0,0.0,0.01,1000.0,0.01,0.0,normal,0.03
16,382,22950,0,0,0.0,0.0,0.01,1000.0,0.01,0.0,normal,0.03
16,382,22965,0,0,0.0,0.0,0.01,1000.0,0.01,0.0,normal,0.03
16,383,22980,0,0,0.0,0.0,0.01,1000.0,0.01,0.0,normal,0.03
16,383,22995,1,0,0.01,0.01,0.01,1000.0,0.01,0.0,normal,0.04
16,383,23010,0,0,0.0,0.0,0.01,1000.0,0.01,0.0,normal,0.04
16,383,23025,0,0,0.0,0.0,0.01,1000.0,0.01,0.0,normal,0.04
17,384,23040,0,0,0.0,0.0,0.01,1000.0,0.01,0.0,normal,0.0
17,384,23055,0,0,0.0,0.0,0.01,1000.0,0.01,0.0,normal,0.0
17,384,23070,0,0,0.0,0.0,0.01,1000.0,0.01,0.0,normal,0.0
17,384,23085,0,0,0.0,0.0,0.01,1000.0,0.01,0.0,normal,0.0
17,385,23100,0,0,0.0,0.0,0.01,1000.0,0.01,0.0,normal,0.0
17,385,23115,0,0,0.0,0.0,0.01,1000.0,0.01,0.0,normal,0.0
17,385,23130,0,0,0.0,0.0,0.01,1000.0,0.01,0.0,normal,0.0
17,385,23145,0,0,0.0,0.0,0.01,1000.0,0.01,0.0,normal,0.0
17,386,23160,0,0,0.0,0.0,0.01,1000.0,0.01,0.0,normal,0.0
17,386,23175,0,0,0.0,0.0,0.01,1000.0,0.01,0.0,normal,0.0
17,386,23190,0,0,0.0,0.0,0.01,1000.0,0.01,0.0,normal,0.0
17,386,23205,0,0,0.0,0.0,0.01,1000.0,0.01,0.0,normal,0.0
17,387,23220,0,0,0.0,0.0,0.01,1000.0,0.01,0.0,normal,0.0
17,387,23235,0,0,0.0,0.0,0.01,1000.0,0.01,0.0,normal,0.0
17,387,23250,0,0,0.0,0.0,0.01,1000.0,0.01,0.0,normal,0.0
17,387,23265,0,0,0.0,0.0,0.01,1000.0,0.01,0.0,normal,0.0
17,388,23280,0,0,0.0,0.0,0.01,1000.0,0.01,0.0,normal,0.0
17,388,23295,0,0,0.0,0.0,0.01,1000.0,0.01,0.0,normal,0.0
17,388,23310,0,0,0.0,0.0,0.01,1000.0,0.01,0.0,normal,0.0
17,388,23325,0,0,0.0,0.0,0.01,1000.0,0.01,0.0,normal,0.0
17,389,23340,0,0,0.0,0.0,0.01,1000.0,0.01,0.0,normal,0.0
17,389,23355,0,0,0.0,0.0,0.01,1000.0,0.01,0.0,normal,0.0
17,389,23370,0,0,0.0,0.0,0.01,1000.0,0.01,0.0,normal,0.0
17,389,23385,0,0,0.0,0.0,0.01,1000.0,0.01,0.0,normal,0.0
17,390,23400,0,0,0.0,0.0,0.01,1000.0,0.01,0.0,normal,0.0
17,390,23415,0,0,0.0,0.0,0.01,1000.0,0.01,0.0,normal,0.0
17,390,23430,0,0,0.0,0.0,0.01,1000.0,0.01,0.0,normal,0.0
17,390,23445,0,0,0.0,0.0,0.01,1000.0,0.01,0.0,normal,0.0
17,391,23460,0,0,0.0,0.0,0.01,1000.0,0.01,0.0,normal,0.0
17,391,23475,0,0,0.0,0.0,0.01,1000.0,0.01,0.0,normal,0.0
17,391,23490,0,0,0.0,0.0,0.01,1000.0,0.01,0.0,normal,0.0
17,391,23505,0,0,0.0,0.0,0.01,1000.0,0.01,0.0,normal,0.0
17,392,23520,0,0,0.0,0.0,0.01,1000.0,0.01,0.0,normal,0.0
17,392,23535,0,0,0.0,0.0,0.01,1000.0,0.01,0.0,normal,0.0
17,392,23550,0,0,0.0,0.0,0.01,1000.0,0.01,0.0,normal,0.0
17,392,23565,0,0,0.0,0.0,0.01,1000.0,0.01,0.0,normal,0.0
17,393,23580,0,0,0.0,0.0,0.01,1000.0,0.01,0.0,normal,0.0
17,393,23595,0,0,0.0,0.0,0.01,1000.0,0.01,0.0,normal,0.0
17,393,23610,0,0,0.0,0.0,0.01,1000.0,0.01,0.0,normal,0.0
17,393,23625,0,0,0.0,0.0,0.01,1000.0,0.01,0.0,normal,0.0
17,394,23640,0,0,0.0,0.0,0.01,1000.0,0.01,0.0,normal,0.0
17,394,23655,0,0,0.0,0.0,0.01,1000.0,0.01,0.0,normal,0.0
17,394,23670,0,0,0.0,0.0,0.01,1000.0,0.01,0.0,normal,0.0
17,394,23685,0,0,0.0,0.0,0.01,1000.0,0.01,0.0,normal,0.0
17,395,23700,0,0,0.0,0.0,0.01,1000.0,0.01,0.0,normal,0.0
17,395,23715,0,0,0.0,0.0,0.01,1000.0,0.01,0.0,normal,0.0
17,395,23730,0,0,0.0,0.0,0.01,1000.0,0.01,0.0,normal,0.0
17,395,23745,0,0,0.0,0.0,0.01,1000.0,0.01,0.0,normal,0.0
17,396,23760,0,0,0.0,0.0,0.01,1000.0,0.01,0.0,normal,0.0
17,396,23775,0,0,0.0,0.0,0.01,1000.0,0.01,0.0,normal,0.0
17,396,23790,0,0,0.0,0.0,0.01,1000.0,0.01,0.0,normal,0.0
17,396,23805,0,0,0.0,0.0,0.01,1000.0,0.01,0.0,normal,0.0
17,397,23820,0,0,0.0,0.0,0.01,1000.0,0.01,0.0,normal,0.0
17,397,23835,0,0,0.0,0.0,0.01,1000.0,0.01,0.0,normal,0.0
17,397,23850,0,0,0.0,0.0,0.01,1000.0,0.01,0.0,normal,0.0
17,397,23865,0,0,0.0,0.0,0.01,1000.0,0.01,0.0,normal,0.0
17,398,23880,0,0,0.0,0.0,0.01,1000.0,0.01,0.0,normal,0.0
17,398,23895,0,0,0.0,0.0,0.01,1000.0,0.01,0.0,normal,0.0
17,398,23910,0,0,0.0,0.0,0.01,1000.0,0.01,0.0,normal,0.0
17,398,23925,1,0,0.01,0.01,0.01,1000.0,0.01,0.0,normal,0.01
17,399,23940,0,0,0.0,0.0,0.01,1000.0,0.01,0.0,normal,0.01
17,399,23955,0,0,0.0,0.0,0.01,1000.0,0.01,0.0,normal,0.01
17,399,23970,0,0,0.0,0.0,0.01,1000.0,0.01,0.0,normal,0.01
17,399,23985,0,0,0.0,0.0,0.01,1000.0,0.01,0.0,normal,0.01
17,400,24000,0,0,0.0,0.0,0.01,1000.0,0.01,0.0,normal,0.01
17,400,24015,0,0,0.0,0.0,0.01,1000.0,0.01,0.0,normal,0.01
17,400,24030,0,0,0.0,0.0,0.01,1000.0,0.01,0.0,normal,0.01
17,400,24045,0,0,0.0,0.0,0.01,1000.0,0.01,0.0,normal,0.01
17,401,24060,0,0,0.0,0.0,0.01,1000.0,0.01,0.0,normal,0.01
17,401,24075,0,0,0.0,0.0,0.01,1000.0,0.01,0.0,normal,0.01
17,401,24090,0,0,0.0,0.0,0.01,1000.0,0.01,0.0,normal,0.01
17,401,24105,1,0,0.01,0.01,0.01,1000.0,0.01,0.0,normal,0.02
17,402,24120,0,0,0.0,0.0,0.01,1000.0,0.01,0.0,normal,0.02
17,402,24135,0,0,0.0,0.0,0.01,1000.0,0.01,0.0,normal,0.02
17,402,24150,0,0,0.0,0.0,0.01,1000.0,0.01,0.0,normal,0.02
17,402,24165,0,0,0.0,0.0,0.01,1000.0,0.01,0.0,normal,0.02
17,403,24180,0,0,0.0,0.0,0.01,1000.0,0.01,0.0,normal,0.02
17,403,24195,0,0,0.0,0.0,0.01,1000.0,0.01,0.0,normal,0.02
17,403,24210,0,0,0.0,0.0,0.0027,1000.0,0.01,0.0,normal,0.02
17,403,24225,0,0,0.0,0.0,0.01,1000.0,0.01,0.0,normal,0.02
17,404,24240,0,0,0.0,0.0,0.01,1000.0,0.01,0.0,normal,0.02
17,404,24255,0,0,0.0,0.0,0.01,1000.0,0.01,0.0,normal,0.02
17,404,24270,0,0,0.0,0.0,0.01,1000.0,0.01,0.0,normal,0.02
17,404,24285,0,0,0.0,0.0,0.01,1000.0,0.01,0.0,normal,0.02
17,405,24300,0,0,0.0,0.0,0.01,1000.0,0.01,0.0,normal,0.02
17,405,24315,0,0,0.0,0.0,0.01,1000.0,0.01,0.0,normal,0.02
17,405,24330,0,0,0.0,0.0,0.01,1000.0,0.01,0.0,normal,0.02
17,405,24345,0,0,0.0,0.0,0.01,1000.0,0.01,0.0,normal,0.02
17,406,24360,0,0,0.0,0.0,0.01,1000.0,0.01,0.0,normal,0.02
17,406,24375,0,0,0.0,0.0,0.01,1000.0,0.01,0.0,normal,0.02
17,406,24390,0,0,0.0,0.0,0.01,1000.0,0.01,0.0,normal,0.02
17,406,24405,0,0,0.0,0.0,0.01,1000.0,0.01,0.0,normal,0.02
17,407,24420,0,0,0.0,0.0,0.01,1000.0,0.01,0.0,normal,0.02
17,407,24435,0,0,0.0,0.0,0.01,1000.0,0.01,0.0,normal,0.02
17,407,24450,0,0,0.0,0.0,0.01,1000.0,0.01,0.0,normal,0.02
17,407,24465,0,0,0.0,0.0,0.01,1000.0,0.01,0.0,normal,0.02
18,408,24480,0,0,0.0,0.0,0.01,1000.0,0.01,0.0,normal,0.0
18,408,24495,0,0,0.0,0.0,0.01,1000.0,0.01,0.0,normal,0.0
18,408,24510,0,0,0.0,0.0,0.01,1000.0,0.01,0.0,normal,0.0
18,408,24525,0,0,0.0,0.0,0.01,1000.0,0.01,0.0,normal,0.0
18,409,24540,0,0,0.0,0.0,0.01,1000.0,0.01,0.0,normal,0.0
18,409,24555,0,0,0.0,0.0,0.01,1000.0,0.01,0.0,normal,0.0
18,409,24570,0,0,0.0,0.0,0.01,1000.0,0.01,0.0,normal,0.0
18,409,24585,0,0,0.0,0.0,0.01,1000.0,0.01,0.0,normal,0.0
18,410,24600,1,0,0.01,0.01,0.01,1000.0,0.01,0.0,normal,0.01
18,410,24615,0,0,0.0,0.0,0.01,1000.0,0.01,0.0,normal,0.01
18,410,24630,0,0,0.0,0.0,0.01,1000.0,0.01,0.0,normal,0.01
18,410,24645,0,0,0.0,0.0,0.01,1000.0,0.01,0.0,normal,0.01
18,411,24660,0,0,0.0,0.0,0.01,1000.0,0.01,0.0,normal,0.01
18,411,24675,0,0,0.0,0.0,0.01,1000.0,0.01,0.0,normal,0.01
18,411,24690,0,0,0.0,0.0,0.01,1000.0,0.01,0.0,normal,0.01
18,411,24705,0,0,0.0,0.0,0.01,1000.0,0.01,0.0,normal,0.01
18,412,24720,0,0,0.0,0.0,0.01,1000.0,0.01,0.0,normal,0.01
18,412,24735,0,0,0.0,0.0,0.01,1000.0,0.01,0.0,normal,0.01
18,412,24750,0,0,0.0,0.0,0.01,1000.0,0.01,0.0,normal,0.01
18,412,24765,1,0,0.01,0.01,0.01,1000.0,0.01,0.0,normal,0.02
18,413,24780,0,0,0.0,0.0,0.01,1000.0,0.01,0.0,normal,0.02
18,413,24795,0,0,0.0,0.0,0.01,1000.0,0.01,0.0,normal,0.02
18,413,24810,0,0,0.0,0.0,0.01,1000.0,0.01,0.0,normal,0.02
18,413,24825,0,0,0.0,0.0,0.01,1000.0,0.01,0.0,normal,0.02
18,414,24840,0,0,0.0,0.0,0.01,1000.0,0.01,0.0,normal,0.02
18,414,24855,0,0,0.0,0.0,0.01,1000.0,0.01,0.0,normal,0.02
18,414,24870,1,0,0.01,0.01,0.01,1000.0,0.01,0.0,normal,0.03
18,414,24885,0,0,0.0,0.0,0.01,1000.0,0.01,0.0,normal,0.03
18,415,24900,0,0,0.0,0.0,0.01,1000.0,0.01,0.0,normal,0.03
18,415,24915,0,0,0.0,0.0,0.01,1000.0,0.01,0.0,normal,0.03
18,415,24930,0,0,0.0,0.0,0.01,1000.0,0.01,0.0,normal,0.03
18,415,24945,0,0,0.0,0.0,0.01,1000.0,0.01,0.0,normal,0.03
18,416,24960,0,0,0.0,0.0,0.01,1000.0,0.01,0.0,normal,0.03
18,416,24975,1,0,0.01,0.01,0.01,1000.0,0.01,0.0,normal,0.04
18,416,24990,0,0,0.0,0.0,0.01,1000.0,0.01,0.0,normal,0.04
18,416,25005,0,0,0.0,0.0,0.01,1000.0,0.01,0.0,normal,0.04
18,417,25020,0,0,0.0,0.0,0.01,1000.0,0.01,0.0,normal,0.04
18,417,25035,0,0,0.0,0.0,0.01,1000.0,0.01,0.0,normal,0.04
18,417,25050,0,0,0.0,0.0,0.01,1000.0,0.01,0.0,normal,0.04
18,417,25065,0,0,0.0,0.0,0.01,1000.0,0.01,0.0,normal,0.04
18,418,25080,0,0,0.0,0.0,0.01,1000.0,0.01,0.0,normal,0.04
18,418,25095,0,0,0.0,0.0,0.01,1000.0,0.01,0.0,normal,0.04
18,418,25110,0,0,0.0,0.0,0.01,1000.0,0.01,0.0,normal,0.04
18,418,25125,0,0,0.0,0.0,0.01,1000.0,0.01,0.0,normal,0.04
18,419,25140,0,0,0.0,0.0,0.01,1000.0,0.01,0.0,normal,0.04
18,419,25155,0,0,0.0,0.0,0.01,1000.0,0.01,0.0,normal,0.04
18,419,25170,0,0,0.0,0.0,0.01,1000.0,0.01,0.0,normal,0.04
18,419,25185,0,0,0.0,0.0,0.01,1000.0,0.01,0.0,normal,0.04
18,420,25200,0,0,0.0,0.0,0.01,1000.0,0.01,0.0,normal,0.04
18,420,25215,1,0,0.01,0.01,0.01,1000.0,0.01,0.0,normal,0.05
18,420,25230,0,0,0.0,0.0,0.01,1000.0,0.01,0.0,normal,0.05
18,420,25245,0,0,0.0,0.0,0.01,1000.0,0.01,0.0,normal,0.05
18,421,25260,0,0,0.0,0.0,0.01,1000.0,0.01,0.0,normal,0.05
18,421,25275,0,0,0.0,0.0,0.01,1000.0,0.01,0.0,normal,0.05
18,421,25290,0,0,0.0,0.0,0.01,1000.0,0.01,0.0,normal,0.05
18,421,25305,0,0,0.0,0.0,0.01,1000.0,0.01,0.0,normal,0.05
18,422,25320,0,0,0.0,0.0,0.01,1000.0,0.01,0.0,normal,0.05
18,422,25335,0,0,0.0,0.0,0.01,1000.0,0.01,0.0,normal,0.05
18,422,25350,1,0,0.01,0.01,0.01,1000.0,0.01,0.0,normal,0.06
18,422,25365,0,0,0.0,0.0,0.01,1000.0,0.01,0.0,normal,0.06
18,423,25380,0,0,0.0,0.0,0.01,1000.0,0.01,0.0,normal,0.06
18,423,25395,0,0,0.0,0.0,0.01,1000.0,0.01,0.0,normal,0.06
18,423,25410,0,0,0.0,0.0,0.01,1000.0,0.01,0.0,normal,0.06
18,423,25425,0,0,0.0,0.0,0.01,1000.0,0.01,0.0,normal,0.06
18,424,25440,0,0,0.0,0.0,0.01,1000.0,0.01,0.0,normal,0.06
18,424,25455,0,0,0.0,0.0,0.01,1000.0,0.01,0.0,normal,0.06
18,424,25470,0,0,0.0,0.0,0.01,1000.0,0.01,0.0,normal,0.06
18,424,25485,0,0,0.0,0.0,0.01,1000.0,0.01,0.0,normal,0.06
18,425,25500,0,0,0.0,0.0,0.01,1000.0,0.01,0.0,normal,0.06
18,425,25515,0,0,0.0,0.0,0.01,1000.0,0.01,0.0,normal,0.06
18,425,25530,0,0,0.0,0.0,0.01,1000.0,0.01,0.0,normal,0.06
18,425,25545,0,0,0.0,0.0,0.01,1000.0,0.01,0.0,normal,0.06
18,426,25560,0,0,0.0,0.0,0.01,1000.0,0.01,0.0,normal,0.06
18,426,25575,0,0,0.0,0.0,0.01,1000.0,0.01,0.0,normal,0.06
18,426,25590,0,0,0.0,0.0,0.01,1000.0,0.01,0.0,normal,0.06
18,426,25605,0,0,0.0,0.0,0.01,1000.0,0.01,0.0,normal,0.06
18,427,25620,0,0,0.0,0.0,0.01,1000.0,0.01,0.0,normal,0.06
18,427,25635,0,0,0.0,0.0,0.01,1000.0,0.01,0.0,normal,0.06
18,427,25650,0,0,0.0,0.0,0.01,1000.0,0.01,0.0,normal,0.06
18,427,25665,0,0,0.0,0.0,0.01,1000.0,0.01,0.0,normal,0.06
18,428,25680,0,0,0.0,0.0,0.01,1000.0,0.01,0.0,normal,0.06
18,428,25695,0,0,0.0,0.0,0.01,1000.0,0.01,0.0,normal,0.06
18,428,25710,0,0,0.0,0.0,0.01,1000.0,0.01,0.0,normal,0.06
18,428,25725,0,0,0.0,0.0,0.01,1000.0,0.01,0.0,normal,0.06
18,429,25740,0,0,0.0,0.0,0.01,1000.0,0.01,0.0,normal,0.06
18,429,25755,0,0,0.0,0.0,0.01,1000.0,0.01,0.0,normal,0.06
18,429,25770,0,0,0.0,0.0,0.01,1000.0,0.01,0.0,normal,0.06
18,429,25785,0,0,0.0,0.0,0.01,1000.0,0.01,0.0,normal,0.06
18,430,25800,0,0,0.0,0.0,0.01,1000.0,0.01,0.0,normal,0.06
18,430,25815,0,0,0.0,0.0,0.01,1000.0,0.01,0.0,normal,0.06
18,430,25830,0,0,0.0,0.0,0.01,1000.0,0.01,0.0,normal,0.06
18,430,25845,0,0,0.0,0.0,0.01,1000.0,0.01,0.0,normal,0.06
18,431,25860,0,0,0.0,0.0,0.01,1000.0,0.01,0.0,normal,0.06
18,431,25875,0,0,0.0,0.0,0.01,1000.0,0.01,0.0,normal,0.06
18,431,25890,0,0,0.0,0.0,0.01,1000.0,0.01,0.0,normal,0.06
18,431,25905,0,0,0.0,0.0,0.01,1000.0,0.01,0.0,normal,0.06
19,432,25920,0,0,0.0,0.0,0.01,1000.0,0.01,0.0,normal,0.0
19,432,25935,0,0,0.0,0.0,0.01,1000.0,0.01,0.0,normal,0.0
19,432,25950,0,0,0.0,0.0,0.01,1000.0,0.01,0.0,normal,0.0
19,432,25965,0,0,0.0,0.0,0.01,1000.0,0.01,0.0,normal,0.0
19,433,25980,0,0,0.0,0.0,0.01,1000.0,0.01,1.0,normal,0.0
19,433,25995,0,0,0.0,0.0,0.01,1000.0,0.01,1.0,normal,0.0
19,433,26010,14,1,8.5031,8.5031,0.6074,1000.0,4.2,1.0,normal,8.5031
19,433,26025,24,0,78.653,78.653,3.2772,1000.0,4.2,1.0,normal,87.1561
19,434,26040,12,0,45.7074,45.7074,3.8089,1000.0,4.12,1.0,normal,132.8635
19,434,26055,6,0,20.068,20.068,3.3447,1000.0,4.12,1.0,normal,152.9315
19,434,26070,10,1,30.0038,30.0038,3.0004,1000.0,4.12,1.0,normal,182.9353
19,434,26085,10,1,25.9207,25.9207,2.5921,1000.0,4.12,1.0,normal,208.856
19,435,26100,14,0,2.4491,2.4491,0.1749,1000.0,4.49,1.0,normal,211.3051
19,435,26115,14,0,34.9596,34.9596,2.4971,1000.0,4.49,1.0,normal,246.2647
19,435,26130,8,0,16.0081,16.0081,2.001,1000.0,4.49,1.0,normal,262.2728
19,435,26145,15,0,67.35,67.35,4.49,1000.0,4.49,1.0,normal,329.6228
19,436,26160,9,0,20.8001,20.8001,2.3111,1000.0,4.49,1.0,normal,350.4229
19,436,26175,11,1,49.39,49.39,4.49,1000.0,4.49,1.0,normal,399.8129
19,436,26190,14,1,9.3236,9.3236,0.666,1000.0,4.49,1.0,normal,409.1365
19,436,26205,7,0,23.6915,23.6915,3.3845,1000.0,4.49,1.0,normal,432.828
19,437,26220,14,0,18.1954,18.1954,1.2997,1000.0,4.4,1.0,normal,451.0234
19,437,26235,13,0,15.7979,15.7979,1.2152,1000.0,4.4,1.0,normal,466.8213
19,437,26250,7,0,22.0047,22.0047,3.1435,1000.0,4.4,1.0,normal,488.826
19,437,26265,12,0,47.7591,47.7591,3.9799,1000.0,4.4,1.0,normal,536.5851
19,438,26280,10,0,12.3982,12.3982,1.2398,1000.0,4.22,1.0,normal,548.9833
19,438,26295,12,0,9.8284,9.8284,0.819,1000.0,4.22,1.0,normal,558.8117
19,438,26310,7,1,23.007,23.007,3.2867,1000.0,4.22,1.0,normal,581.8187
19,438,26325,9,1,28.1116,28.1116,3.1235,1000.0,4.22,1.0,normal,609.9303
19,439,26340,11,0,0.9662,0.9662,0.0878,1000.0,4.14,1.0,normal,610.8965
19,439,26355,8,1,33.12,33.12,4.14,1000.0,4.14,1.0,normal,644.0165
19,439,26370,10,0,41.4,41.4,4.14,1000.0,4.14,1.0,normal,685.4165
19,439,26385,14,0,37.4842,37.4842,2.6774,1000.0,4.14,1.0,normal,722.9007
19,440,26400,9,0,37.26,37.26,4.14,1000.0,4.14,1.0,normal,760.1607
19,440,26415,8,0,15.9123,15.9123,1.989,1000.0,4.14,1.0,normal,776.073
19,440,26430,12,0,20.4004,20.4004,1.7,1000.0,4.14,1.0,normal,796.4734
19,440,26445,9,0,27.6786,27.6786,3.0754,1000.0,4.14,1.0,normal,824.152
19,441,26460,8,1,27.6169,27.6169,3.4521,1000.0,4.31,1.0,normal,851.7689
19,441,26475,14,0,3.9312,3.9312,0.2808,1000.0,4.31,1.0,normal,855.7001
19,441,26490,12,0,16.7088,16.7088,1.3924,1000.0,4.31,1.0,normal,872.4089
19,441,26505,6,0,25.86,25.86,4.31,1000.0,4.31,1.0,normal,898.2689
19,442,26520,8,0,2.9802,2.9802,0.3725,1000.0,4.47,1.0,budget_constrained,901.2491
19,442,26535,11,0,49.17,49.17,4.47,1000.0,4.47,1.0,budget_constrained,950.4191
19,442,26550,15,1,2.3039,2.3039,0.1536,1000.0,4.47,1.0,budget_constrained,952.723
19,442,26565,16,0,15.4645,15.4645,0.9665,1000.0,4.47,1.0,budget_constrained,968.1875
19,443,26580,6,0,31.8125,31.8125,4.64,1000.0,4.64,1.0,budget_constrained,1000.0
19,443,26595,0,0,0.0,0.0,0.5905,1000.0,4.64,1.0,budget_constrained,1000.0
19,443,26610,0,0,0.0,0.0,1.4602,1000.0,4.64,1.0,budget_constrained,1000.0
19,443,26625,0,0,0.0,0.0,4.64,1000.0,4.64,1.0,budget_constrained,1000.0
19,444,26640,0,0,0.0,0.0,0.01,1650.0,0.01,1.0,normal,1000.0
19,444,26655,0,0,0.0,0.0,0.01,1650.0,0.01,1.0,normal,1000.0
19,444,26670,0,0,0.0,0.0,0.01,1650.0,0.01,1.0,normal,1000.0
19,444,26685,0,0,0.0,0.0,0.01,1650.0,0.01,1.0,normal,1000.0
19,445,26700,0,0,0.0,0.0,0.01,1650.0,0.01,1.0,normal,1000.0
19,445,26715,0,0,0.0,0.0,0.01,1650.0,0.01,1.0,normal,1000.0
19,445,26730,0,0,0.0,0.0,0.01,1650.0,0.01,1.0,normal,1000.0
19,445,26745,0,0,0.0,0.0,0.01,1650.0,0.01,1.0,normal,1000.0
19,446,26760,0,0,0.0,0.0,0.01,1650.0,0.01,1.0,normal,1000.0
19,446,26775,0,0,0.0,0.0,0.01,1650.0,0.01,1.0,normal,1000.0
19,446,26790,0,0,0.0,0.0,0.01,1650.0,0.01,1.0,normal,1000.0
19,446,26805,0,0,0.0,0.0,0.01,1650.0,0.01,1.0,normal,1000.0
19,447,26820,0,0,0.0,0.0,0.01,1650.0,0.01,1.0,normal,1000.0
19,447,26835,0,0,0.0,0.0,0.01,1650.0,0.01,1.0,normal,1000.0
19,447,26850,0,0,0.0,0.0,0.01,1650.0,0.01,1.0,normal,1000.0
19,447,26865,0,0,0.0,0.0,0.01,1650.0,0.01,1.0,normal,1000.0
19,448,26880,13,0,54.3725,54.3725,4.1825,1650.0,4.2,1.0,normal,1054.3725
19,448,26895,12,1,49.4154,49.4154,4.118,1650.0,4.2,1.0,normal,1103.7879
19,448,26910,5,0,6.2426,6.2426,1.2485,1650.0,4.2,1.0,normal,1110.0305
19,448,26925,7,1,26.7426,26.7426,3.8204,1650.0,4.2,1.0,normal,1136.7731
19,449,26940,5,0,3.7627,3.7627,0.7525,1650.0,4.12,1.0,normal,1140.5358
19,449,26955,15,0,8.8754,8.8754,0.5917,1650.0,4.12,1.0,normal,1149.4112
19,449,26970,9,0,20.6721,20.6721,2.2969,1650.0,4.12,1.0,normal,1170.0833
19,449,26985,6,0,24.72,24.72,4.12,1650.0,4.12,1.0,normal,1194.8033
19,450,27000,9,0,36.36,36.36,4.04,1650.0,4.04,1.0,normal,1231.1633
19,450,27015,9,0,19.4032,19.4032,2.1559,1650.0,4.04,1.0,normal,1250.5665
19,450,27030,10,0,17.9071,17.9071,1.7907,1650.0,4.04,1.0,normal,1268.4736
19,450,27045,8,1,20.2456,20.2456,2.5307,1650.0,4.04,1.0,normal,1288.7192
19,451,27060,7,0,3.1966,3.1966,0.4567,1650.0,3.96,1.0,normal,1291.9158
19,451,27075,7,0,27.72,27.72,3.96,1650.0,3.96,1.0,normal,1319.6358
19,451,27090,9,0,35.64,35.64,3.96,1650.0,3.96,1.0,normal,1355.2758
19,451,27105,7,0,8.4171,8.4171,1.2024,1650.0,3.96,1.0,normal,1363.6929
19,452,27120,4,0,12.8913,12.8913,3.2228,1650.0,4.2,1.0,normal,1376.5842
19,452,27135,11,0,34.9671,34.9671,3.1788,1650.0,4.2,1.0,normal,1411.5513
19,452,27150,3,0,12.6,12.6,4.2,1650.0,4.2,1.0,normal,1424.1513
19,452,27165,12,0,12.6674,12.6674,1.0556,1650.0,4.2,1.0,normal,1436.8187
19,453,27180,18,1,44.0973,44.0973,2.4498,1650.0,4.2,1.0,normal,1480.916
19,453,27195,14,0,0.4833,0.4833,0.0345,1650.0,4.2,1.0,normal,1481.3993
19,453,27210,9,0,1.6726,1.6726,0.1858,1650.0,4.2,1.0,normal,1483.0719
19,453,27225,10,0,8.5415,8.5415,0.8541,1650.0,4.2,1.0,budget_constrained,1491.6134
19,454,27240,11,1,34.6483,34.6483,3.1498,1650.0,4.2,1.0,budget_constrained,1526.2617
19,454,27255,9,1,0.8963,0.8963,0.0996,1650.0,4.2,1.0,budget_constrained,1527.158
19,454,27270,8,0,33.6,33.6,4.2,1650.0,4.2,1.0,budget_constrained,1560.758
19,454,27285,14,0,58.8,58.8,4.2,1650.0,4.2,1.0,budget_constrained,1619.558
19,455,27300,7,0,11.9397,11.9397,1.7057,1650.0,4.2,1.0,budget_constrained,1631.4977
19,455,27315,4,0,18.5023,18.5023,4.2,1650.0,4.2,1.0,budget_constrained,1650.0
19,455,27330,0,0,0.0,0.0,4.2,1650.0,4.2,1.0,budget_constrained,1650.0
19,455,27345,0,0,0.0,0.0,0.7379,1650.0,4.2,1.0,budget_constrained,1650.0
20,456,27360,0,0,0.0,0.0,2.907,1650.0,4.2,1.0,normal,0.0
20,456,27375,6,0,17.5747,17.5747,2.9291,1650.0,4.2,1.0,normal,17.5747
20,456,27390,9,0,8.1875,8.1875,0.9097,1650.0,4.2,1.0,normal,25.7622
20,456,27405,17,1,38.237,38.237,2.2492,1650.0,4.2,1.0,normal,63.9992
20,457,27420,6,0,11.6546,11.6546,1.9424,1650.0,4.03,1.0,normal,75.6538
20,457,27435,15,0,60.45,60.45,4.03,1650.0,4.03,1.0,normal,136.1038
20,457,27450,7,0,13.4916,13.4916,1.9274,1650.0,4.03,1.0,normal,149.5954
20,457,27465,11,0,27.6131,27.6131,2.5103,1650.0,4.03,1.0,normal,177.2085
20,458,27480,9,0,28.7141,28.7141,3.1905,1650.0,3.87,1.0,normal,205.9226
20,458,27495,9,1,15.7292,15.7292,1.7477,1650.0,3.87,1.0,normal,221.6518
20,458,27510,9,0,8.7271,8.7271,0.9697,1650.0,3.87,1.0,normal,230.3789
20,458,27525,7,0,12.2994,12.2994,1.7571,1650.0,3.87,1.0,normal,242.6783
20,459,27540,9,0,33.48,33.48,3.72,1650.0,3.72,1.0,normal,276.1583
20,459,27555,15,1,42.9986,42.9986,2.8666,1650.0,3.72,1.0,normal,319.1569
20,459,27570,7,0,26.04,26.04,3.72,1650.0,3.72,1.0,normal,345.1969
20,459,27585,8,0,9.8033,9.8033,1.2254,1650.0,3.72,1.0,normal,355.0002
20,460,27600,12,0,27.7166,27.7166,2.3097,1650.0,3.72,1.0,normal,382.7168
20,460,27615,13,0,14.4262,14.4262,1.1097,1650.0,3.72,1.0,normal,397.143
20,460,27630,4,0,2.4568,2.4568,0.6142,1650.0,3.72,1.0,normal,399.5998
20,460,27645,3,0,11.16,11.16,3.72,1650.0,3.72,1.0,normal,410.7598
20,461,27660,8,0,28.96,28.96,3.62,1650.0,3.62,1.0,normal,439.7198
20,461,27675,9,0,16.7885,16.7885,1.8654,1650.0,3.62,1.0,normal,456.5083
20,461,27690,14,0,12.9332,12.9332,0.9238,1650.0,3.62,1.0,normal,469.4415
20,461,27705,7,0,23.4594,23.4594,3.3513,1650.0,3.62,1.0,normal,492.9009
20,462,27720,6,0,13.1204,13.1204,2.1867,1650.0,3.52,1.0,normal,506.0213
20,462,27735,7,0,3.1513,3.1513,0.4502,1650.0,3.52,1.0,normal,509.1726
20,462,27750,7,0,3.475,3.475,0.4964,1650.0,3.52,1.0,normal,512.6476
20,462,27765,4,0,0.8127,0.8127,0.2032,1650.0,3.52,1.0,normal,513.4603
20,463,27780,13,0,44.46,44.46,3.42,1650.0,3.42,1.0,normal,557.9203
20,463,27795,9,1,30.78,30.78,3.42,1650.0,3.42,1.0,normal,588.7003
20,463,27810,8,0,27.36,27.36,3.42,1650.0,3.42,1.0,normal,616.0603
20,463,27825,8,0,17.2257,17.2257,2.1532,1650.0,3.42,1.0,normal,633.286
20,464,27840,7,0,23.94,23.94,3.42,1650.0,3.42,1.0,normal,657.226
20,464,27855,5,0,17.1,17.1,3.42,1650.0,3.42,1.0,normal,674.326
20,464,27870,6,0,20.52,20.52,3.42,1650.0,3.42,1.0,normal,694.846
20,464,27885,4,0,13.68,13.68,3.42,1650.0,3.42,1.0,normal,708.526
20,465,27900,8,0,12.0115,12.0115,1.5014,1650.0,3.19,1.0,normal,720.5375
20,465,27915,10,0,16.7294,16.7294,1.6729,1650.0,3.19,1.0,normal,737.2669
20,465,27930,7,0,11.4162,11.4162,1.6309,1650.0,3.19,1.0,normal,748.6831
20,465,27945,7,0,18.5594,18.5594,2.6513,1650.0,3.19,1.0,normal,767.2425
20,466,27960,11,0,2.5684,2.5684,0.2335,1650.0,2.97,1.0,normal,769.8109
20,466,27975,7,1,9.097,9.097,1.2996,1650.0,2.97,1.0,normal,778.9079
20,466,27990,9,0,10.1209,10.1209,1.1245,1650.0,2.97,1.0,normal,789.0288
20,466,28005,6,0,17.82,17.82,2.97,1650.0,2.97,1.0,normal,806.8488
20,467,28020,10,0,2.5669,2.5669,0.2567,1650.0,2.74,1.0,normal,809.4157
20,467,28035,5,0,7.7523,7.7523,1.5505,1650.0,2.74,1.0,normal,817.168
20,467,28050,5,0,11.51,11.51,2.302,1650.0,2.74,1.0,normal,828.678
20,467,28065,6,0,16.44,16.44,2.74,1650.0,2.74,1.0,normal,845.118
20,468,28080,6,2,16.5129,8.2564,2.7521,1650.0,3.56,1.3,normal,861.6309
20,468,28095,13,0,6.7325,6.7325,0.5179,1650.0,3.56,1.3,normal,868.3634
20,468,28110,4,0,11.6338,11.6338,2.9084,1650.0,3.56,1.3,normal,879.9972
20,468,28125,12,0,42.72,42.72,3.56,1650.0,3.56,1.3,normal,922.7172
20,469,28140,8,0,21.6851,21.6851,2.7106,1650.0,3.68,1.3,normal,944.4023
20,469,28155,13,0,20.2373,20.2373,1.5567,1650.0,3.68,1.3,normal,964.6396
20,469,28170,6,0,3.3185,3.3185,0.5531,1650.0,3.68,1.3,normal,967.9581
20,469,28185,7,0,21.4787,21.4787,3.0684,1650.0,3.68,1.3,normal,989.4368
20,470,28200,0,0,0.0,0.0,0.01,1650.0,0.01,1.3,normal,989.4368
20,470,28215,0,0,0.0,0.0,0.01,1650.0,0.01,1.3,normal,989.4368
20,470,28230,0,0,0.0,0.0,0.01,1650.0,0.01,1.3,normal,989.4368
20,470,28245,0,0,0.0,0.0,0.01,1650.0,0.01,1.3,normal,989.4368
20,471,28260,0,0,0.0,0.0,0.01,1650.0,0.01,1.3,normal,989.4368
20,471,28275,0,0,0.0,0.0,0.01,1650.0,0.01,1.3,normal,989.4368
20,471,28290,0,0,0.0,0.0,0.01,1650.0,0.01,1.3,normal,989.4368
20,471,28305,0,0,0.0,0.0,0.01,1650.0,0.01,1.3,normal,989.4368
20,472,28320,14,1,4.437,4.437,0.3169,1650.0,4.2,1.3,normal,993.8738
20,472,28335,11,0,3.0705,3.0705,0.2791,1650.0,4.2,1.3,normal,996.9443
20,472,28350,12,0,28.5004,28.5004,2.375,1650.0,4.2,1.3,normal,1025.4447
20,472,28365,16,0,30.3464,30.3464,1.8967,1650.0,4.2,1.3,normal,1055.7911
20,473,28380,12,0,48.36,48.36,4.03,1650.0,4.03,1.3,normal,1104.1511
20,473,28395,10,1,19.6135,19.6135,1.9613,1650.0,4.03,1.3,normal,1123.7646
20,473,28410,8,0,32.24,32.24,4.03,1650.0,4.03,1.3,normal,1156.0046
20,473,28425,7,0,3.2121,3.2121,0.4589,1650.0,4.03,1.3,normal,1159.2167
20,474,28440,11,0,18.3819,18.3819,1.6711,1650.0,4.2,1.3,normal,1177.5986
20,474,28455,6,0,12.4153,12.4153,2.0692,1650.0,4.2,1.3,normal,1190.0139
20,474,28470,11,0,40.092,40.092,3.6447,1650.0,4.2,1.3,normal,1230.1059
20,474,28485,15,0,26.3044,26.3044,1.7536,1650.0,4.2,1.3,normal,1256.4103
20,475,28500,8,0,32.64,32.64,4.08,1650.0,4.08,1.3,normal,1289.0503
20,475,28515,13,1,6.9638,6.9638,0.5357,1650.0,4.08,1.3,normal,1296.0141
20,475,28530,13,0,24.8587,24.8587,1.9122,1650.0,4.08,1.3,normal,1320.8728
20,475,28545,7,1,12.151,12.151,1.7359,1650.0,4.08,1.3,normal,1333.0238
20,476,28560,14,1,6.4679,6.4679,0.462,1650.0,4.08,1.3,normal,1339.4917
20,476,28575,11,0,29.5443,29.5443,2.6858,1650.0,4.08,1.3,normal,1369.036
20,476,28590,11,0,3.7666,3.7666,0.3424,1650.0,4.08,1.3,normal,1372.8026
20,476,28605,8,0,32.64,32.64,4.08,1650.0,4.08,1.3,normal,1405.4426
20,477,28620,8,0,31.76,31.76,3.97,1650.0,3.97,1.3,normal,1437.2026
20,477,28635,12,0,28.1932,28.1932,2.3494,1650.0,3.97,1.3,normal,1465.3958
20,477,28650,6,0,23.82,23.82,3.97,1650.0,3.97,1.3,budget_constrained,1489.2158
20,477,28665,11,0,22.6732,22.6732,2.0612,1650.0,3.97,1.3,budget_constrained,1511.889
20,478,28680,11,0,43.67,43.67,3.97,1650.0,3.97,1.3,budget_constrained,1555.559
20,478,28695,12,0,9.4033,9.4033,0.7836,1650.0,3.97,1.3,budget_constrained,1564.9623
20,478,28710,15,1,59.55,59.55,3.97,1650.0,3.97,1.3,budget_constrained,1624.5123
20,478,28725,12,2,13.4429,6.7214,1.1202,1650.0,3.97,1.3,budget_constrained,1637.9552
20,479,28740,3,1,12.0448,12.0448,3.7041,1650.0,4.45,1.3,budget_constrained,1650.0
20,479,28755,0,0,0.0,0.0,4.45,1650.0,4.45,1.3,budget_constrained,1650.0
20,479,28770,0,0,0.0,0.0,3.6807,1650.0,4.45,1.3,budget_constrained,1650.0
20,479,28785,0,0,0.0,0.0,3.429,1650.0,4.45,1.3,budget_constrained,1650.0
21,480,28800,0,0,0.0,0.0,2.5678,1650.0,4.45,1.3,normal,0.0
21,480,28815,13,0,1.3089,1.3089,0.1007,1650.0,4.45,1.3,normal,1.3089
21,480,28830,10,0,10.5253,10.5253,1.0525,1650.0,4.45,1.3,normal,11.8342
21,480,28845,12,0,5.3489,5.3489,0.4457,1650.0,4.45,1.3,normal,17.1831
21,481,28860,10,0,28.444,28.444,2.8444,1650.0,4.39,1.3,normal,45.6271
21,481,28875,6,0,26.34,26.34,4.39,1650.0,4.39,1.3,normal,71.9671
21,481,28890,9,0,1.846,1.846,0.2051,1650.0,4.39,1.3,normal,73.8131
21,481,28905,12,0,13.3614,13.3614,1.1135,1650.0,4.39,1.3,normal,87.1745
21,482,28920,9,0,6.287,6.287,0.6986,1650.0,4.39,1.3,normal,93.4615
21,482,28935,9,0,39.0119,39.0119,4.3347,1650.0,4.39,1.3,normal,132.4734
21,482,28950,12,0,12.5813,12.5813,1.0484,1650.0,4.39,1.3,normal,145.0547
21,482,28965,17,0,8.7959,8.7959,0.5174,1650.0,4.39,1.3,normal,153.8506
21,483,28980,12,2,8.3655,4.1828,0.6971,1650.0,4.3,1.3,normal,162.2161
21,483,28995,8,0,19.3405,19.3405,2.4176,1650.0,4.3,1.3,normal,181.5566
21,483,29010,12,0,36.3685,36.3685,3.0307,1650.0,4.3,1.3,normal,217.9251
21,483,29025,16,0,68.8,68.8,4.3,1650.0,4.3,1.3,normal,286.7251
21,484,29040,0,0,0.0,0.0,0.01,1650.0,0.01,1.3,normal,286.7251
21,484,29055,0,0,0.0,0.0,0.01,1650.0,0.01,1.3,normal,286.7251
21,484,29070,0,0,0.0,0.0,0.01,1650.0,0.01,1.3,normal,286.7251
21,484,29085,0,0,0.0,0.0,0.01,1650.0,0.01,1.3,normal,286.7251
21,485,29100,0,0,0.0,0.0,0.01,1650.0,0.01,1.3,normal,286.7251
21,485,29115,0,0,0.0,0.0,0.01,1650.0,0.01,1.3,normal,286.7251
21,485,29130,0,0,0.0,0.0,0.01,1650.0,0.01,1.3,normal,286.7251
21,485,29145,0,0,0.0,0.0,0.01,1650.0,0.01,1.3,normal,286.7251
21,486,29160,8,1,4.3412,4.3412,0.5426,1650.0,4.2,1.3,normal,291.0663
21,486,29175,9,0,33.3359,33.3359,3.704,1650.0,4.2,1.3,normal,324.4022
21,486,29190,19,0,70.0296,70.0296,3.6858,1650.0,4.2,1.3,normal,394.4318
21,486,29205,10,1,22.3187,22.3187,2.2319,1650.0,4.2,1.3,normal,416.7505
21,487,29220,17,2,15.5137,7.7569,0.9126,1650.0,4.14,1.3,normal,432.2642
21,487,29235,15,0,2.5722,2.5722,0.1715,1650.0,4.14,1.3,normal,434.8364
21,487,29250,5,0,2.6879,2.6879,0.5376,1650.0,4.14,1.3,normal,437.5243
21,487,29265,8,0,27.6365,27.6365,3.4546,1650.0,4.14,1.3,normal,465.1608
21,488,29280,7,0,4.6512,4.6512,0.6645,1650.0,4.2,1.3,normal,469.812
21,488,29295,16,0,39.7747,39.7747,2.4859,1650.0,4.2,1.3,normal,509.5867
21,488,29310,13,2,16.8916,8.4458,1.2994,1650.0,4.2,1.3,normal,526.4783
21,488,29325,10,0,4.9705,4.9705,0.4971,1650.0,4.2,1.3,normal,531.4488
21,489,29340,17,1,79.05,79.05,4.65,1650.0,4.65,1.3,normal,610.4988
21,489,29355,16,0,74.4,74.4,4.65,1650.0,4.65,1.3,normal,684.8988
21,489,29370,8,1,37.2,37.2,4.65,1650.0,4.65,1.3,normal,722.0988
21,489,29385,9,0,15.0804,15.0804,1.6756,1650.0,4.65,1.3,normal,737.1792
21,490,29400,15,1,9.0472,9.0472,0.6031,1650.0,4.65,1.3,normal,746.2264
21,490,29415,16,0,44.3881,44.3881,2.7743,1650.0,4.65,1.3,normal,790.6145
21,490,29430,12,0,55.8,55.8,4.65,1650.0,4.65,1.3,normal,846.4145
21,490,29445,9,1,41.85,41.85,4.65,1650.0,4.65,1.3,normal,888.2645
21,491,29460,4,0,11.5485,11.5485,2.8871,1650.0,5.15,1.3,normal,899.813
21,491,29475,13,1,27.5283,27.5283,2.1176,1650.0,5.15,1.3,normal,927.3413
21,491,29490,12,0,15.3098,15.3098,1.2758,1650.0,5.15,1.3,normal,942.6511
21,491,29505,19,0,38.6785,38.6785,2.0357,1650.0,5.15,1.3,normal,981.3296
21,492,29520,0,0,0.0,0.0,0.01,1650.0,0.01,1.3,normal,981.3296
21,492,29535,0,0,0.0,0.0,0.01,1650.0,0.01,1.3,normal,981.3296
21,492,29550,0,0,0.0,0.0,0.01,1650.0,0.01,1.3,normal,981.3296
21,492,29565,0,0,0.0,0.0,0.01,1650.0,0.01,1.3,normal,981.3296
21,493,29580,0,0,0.0,0.0,0.01,1650.0,0.01,1.3,normal,981.3296
21,493,29595,0,0,0.0,0.0,0.01,1650.0,0.01,1.3,normal,981.3296
21,493,29610,0,0,0.0,0.0,0.01,1650.0,0.01,1.3,normal,981.3296
21,493,29625,0,0,0.0,0.0,0.01,1650.0,0.01,1.3,normal,981.3296
21,494,29640,8,0,29.9015,29.9015,3.7377,1650.0,4.2,1.3,normal,1011.2311
21,494,29655,8,0,25.134,25.134,3.1418,1650.0,4.2,1.3,normal,1036.3651
21,494,29670,5,0,0.0967,0.0967,0.0193,1650.0,4.2,1.3,normal,1036.4618
21,494,29685,8,2,33.6,16.8,4.2,1650.0,4.2,1.3,normal,1070.0618
21,495,29700,9,1,41.22,41.22,4.58,1650.0,4.58,1.3,normal,1111.2818
21,495,29715,12,0,25.1826,25.1826,2.0985,1650.0,4.58,1.3,normal,1136.4644
21,495,29730,14,1,14.0903,14.0903,1.0065,1650.0,4.58,1.3,normal,1150.5547
21,495,29745,12,0,35.9432,35.9432,2.9953,1650.0,4.58,1.3,normal,1186.4979
21,496,29760,11,0,35.1406,35.1406,3.1946,1650.0,4.58,1.3,normal,1221.6385
21,496,29775,16,0,60.2293,60.2293,3.7643,1650.0,4.58,1.3,normal,1281.8678
21,496,29790,14,1,64.12,64.12,4.58,1650.0,4.58,1.3,normal,1345.9878
21,496,29805,10,1,45.8,45.8,4.58,1650.0,4.58,1.3,normal,1391.7878
21,497,29820,7,0,35.49,35.49,5.07,1650.0,5.07,1.3,normal,1427.2778
21,497,29835,11,0,44.8859,44.8859,4.0805,1650.0,5.07,1.3,normal,1472.1637
21,497,29850,14,0,10.2915,10.2915,0.7351,1650.0,5.07,1.3,normal,1482.4552
21,497,29865,8,2,40.56,20.28,5.07,1650.0,5.07,1.3,budget_constrained,1523.0152
21,498,29880,10,0,50.7,50.7,5.07,1650.0,5.07,1.3,budget_constrained,1573.7152
21,498,29895,11,1,12.1837,12.1837,1.1076,1650.0,5.07,1.3,budget_constrained,1585.8989
21,498,29910,13,0,19.5111,19.5111,1.5009,1650.0,5.07,1.3,budget_constrained,1605.41
21,498,29925,13,0,29.934,29.934,2.3026,1650.0,5.07,1.3,budget_constrained,1635.344
21,499,29940,2,0,14.656,14.656,5.3723,1650.0,6.59,1.3,budget_constrained,1650.0
21,499,29955,0,0,0.0,0.0,5.5373,1650.0,6.59,1.3,budget_constrained,1650.0
21,499,29970,0,0,0.0,0.0,2.9896,1650.0,6.59,1.3,budget_constrained,1650.0
21,499,29985,0,0,0.0,0.0,1.7134,1650.0,6.59,1.3,budget_constrained,1650.0
21,500,30000,0,0,0.0,0.0,0.01,1650.0,0.01,1.3,budget_constrained,1650.0
21,500,30015,0,0,0.0,0.0,0.01,1650.0,0.01,1.3,budget_constrained,1650.0
21,500,30030,0,0,0.0,0.0,0.01,1650.0,0.01,1.3,budget_constrained,1650.0
21,500,30045,0,0,0.0,0.0,0.01,1650.0,0.01,1.3,budget_constrained,1650.0
21,501,30060,0,0,0.0,0.0,0.01,1650.0,0.01,1.3,budget_constrained,1650.0
21,501,30075,0,0,0.0,0.0,0.01,1650.0,0.01,1.3,budget_constrained,1650.0
21,501,30090,0,0,0.0,0.0,0.01,1650.0,0.01,1.3,budget_constrained,1650.0
21,501,30105,0,0,0.0,0.0,0.01,1650.0,0.01,1.3,budget_constrained,1650.0
21,502,30120,0,0,0.0,0.0,2.8836,1650.0,4.2,1.3,budget_constrained,1650.0
21,502,30135,0,0,0.0,0.0,0.6381,1650.0,4.2,1.3,budget_constrained,1650.0
21,502,30150,0,0,0.0,0.0,0.9121,1650.0,4.2,1.3,budget_constrained,1650.0
21,502,30165,0,0,0.0,0.0,0.2175,1650.0,4.2,1.3,budget_constrained,1650.0
21,503,30180,0,0,0.0,0.0,0.5614,1650.0,4.2,1.3,budget_constrained,1650.0
21,503,30195,0,0,0.0,0.0,1.5075,1650.0,4.2,1.3,budget_constrained,1650.0
21,503,30210,0,0,0.0,0.0,2.4011,1650.0,4.2,1.3,budget_constrained,1650.0
21,503,30225,0,0,0.0,0.0,0.1742,1650.0,4.2,1.3,budget_constrained,1650.0
22,504,30240,0,0,0.0,0.0,0.6362,1650.0,4.2,1.3,normal,0.0
22,504,30255,7,1,29.4,29.4,4.2,1650.0,4.2,1.3,normal,29.4
22,504,30270,10,0,34.4412,34.4412,3.4441,1650.0,4.2,1.3,normal,63.8412
22,504,30285,12,0,32.2704,32.2704,2.6892,1650.0,4.2,1.3,normal,96.1116
22,505,30300,14,1,19.0647,19.0647,1.3618,1650.0,4.65,1.3,normal,115.1763
22,505,30315,9,1,20.1146,20.1146,2.235,1650.0,4.65,1.3,normal,135.2909
22,505,30330,10,0,46.5,46.5,4.65,1650.0,4.65,1.3,normal,181.7909
22,505,30345,19,0,49.3496,49.3496,2.5973,1650.0,4.65,1.3,normal,231.1405
22,506,30360,19,2,43.1603,21.5802,2.2716,1650.0,4.65,1.3,normal,274.3008
22,506,30375,10,2,46.5,23.25,4.65,1650.0,4.65,1.3,normal,320.8008
22,506,30390,12,0,55.8,55.8,4.65,1650.0,4.65,1.3,normal,376.6008
22,506,30405,9,0,41.85,41.85,4.65,1650.0,4.65,1.3,normal,418.4508
22,507,30420,15,0,0.7256,0.7256,0.0484,1650.0,5.15,1.3,normal,419.1764
22,507,30435,13,2,54.1074,27.0537,4.1621,1650.0,5.15,1.3,normal,473.2838
22,507,30450,17,1,24.1514,24.1514,1.4207,1650.0,5.15,1.3,normal,497.4352
22,507,30465,13,0,62.5445,62.5445,4.8111,1650.0,5.15,1.3,normal,559.9797
22,508,30480,15,3,48.4612,16.1537,3.2307,1650.0,4.74,1.3,normal,608.4409
22,508,30495,14,0,61.8361,61.8361,4.4169,1650.0,4.74,1.3,normal,670.277
22,508,30510,7,1,10.2641,10.2641,1.4663,1650.0,4.74,1.3,normal,680.5411
22,508,30525,13,0,50.8793,50.8793,3.9138,1650.0,4.74,1.3,normal,731.4204
22,509,30540,13,1,30.3951,30.3951,2.3381,1650.0,4.36,1.3,normal,761.8155
22,509,30555,9,0,39.24,39.24,4.36,1650.0,4.36,1.3,normal,801.0555
22,509,30570,10,0,3.426,3.426,0.3426,1650.0,4.36,1.3,normal,804.4815
22,509,30585,9,0,29.6421,29.6421,3.2936,1650.0,4.36,1.3,normal,834.1236
22,510,30600,10,0,12.7593,12.7593,1.2759,1650.0,4.01,1.3,normal,846.8829
22,510,30615,11,1,6.1134,6.1134,0.5558,1650.0,4.01,1.3,normal,852.9963
22,510,30630,7,1,6.8292,6.8292,0.9756,1650.0,4.01,1.3,normal,859.8255
22,510,30645,8,0,4.4085,4.4085,0.5511,1650.0,4.01,1.3,normal,864.234
22,511,30660,10,1,36.9,36.9,3.69,1650.0,3.69,1.3,normal,901.134
22,511,30675,10,0,27.5357,27.5357,2.7536,1650.0,3.69,1.3,normal,928.6697
22,511,30690,11,0,36.454,36.454,3.314,1650.0,3.69,1.3,normal,965.1237
22,511,30705,12,0,14.4128,14.4128,1.2011,1650.0,3.69,1.3,normal,979.5365
22,512,30720,14,0,47.46,47.46,3.39,1650.0,3.39,1.3,normal,1026.9965
22,512,30735,12,0,40.68,40.68,3.39,1650.0,3.39,1.3,normal,1067.6765
22,512,30750,12,1,38.0738,38.0738,3.1728,1650.0,3.39,1.3,normal,1105.7503
22,512,30765,8,0,27.12,27.12,3.39,1650.0,3.39,1.3,normal,1132.8703
22,513,30780,6,0,11.5103,11.5103,1.9184,1650.0,3.05,1.3,normal,1144.3806
22,513,30795,11,1,33.55,33.55,3.05,1650.0,3.05,1.3,normal,1177.9306
22,513,30810,6,1,18.3,18.3,3.05,1650.0,3.05,1.3,normal,1196.2306
22,513,30825,7,1,0.0573,0.0573,0.0082,1650.0,3.05,1.3,normal,1196.2879
22,514,30840,8,0,2.4361,2.4361,0.3045,1650.0,2.77,1.3,normal,1198.724
22,514,30855,8,0,22.16,22.16,2.77,1650.0,2.77,1.3,normal,1220.884
22,514,30870,6,1,13.2308,13.2308,2.2051,1650.0,2.77,1.3,normal,1234.1148
22,514,30885,9,0,5.1237,5.1237,0.5693,1650.0,2.77,1.3,normal,1239.2385
22,515,30900,10,0,25.5,25.5,2.55,1650.0,2.55,1.3,normal,1264.7385
22,515,30915,6,0,15.3,15.3,2.55,1650.0,2.55,1.3,normal,1280.0385
22,515,30930,4,0,10.2,10.2,2.55,1650.0,2.55,1.3,normal,1290.2385
22,515,30945,8,0,20.4,20.4,2.55,1650.0,2.55,1.3,normal,1310.6385
22,516,30960,9,0,21.15,21.15,2.35,1650.0,2.35,1.3,normal,1331.7885
22,516,30975,5,0,8.1123,8.1123,1.6225,1650.0,2.35,1.3,normal,1339.9008
22,516,30990,2,0,4.7,4.7,2.35,1650.0,2.35,1.3,normal,1344.6008
22,516,31005,9,0,17.9215,17.9215,1.9913,1650.0,2.35,1.3,normal,1362.5223
22,517,31020,4,0,0.4597,0.4597,0.1149,1650.0,2.16,1.3,normal,1362.982
22,517,31035,5,0,10.8,10.8,2.16,1650.0,2.16,1.3,normal,1373.782
22,517,31050,5,0,10.0784,10.0784,2.0157,1650.0,2.16,1.3,normal,1383.8604
22,517,31065,1,0,1.7551,1.7551,1.7551,1650.0,2.16,1.3,normal,1385.6155
22,518,31080,2,1,3.98,3.98,1.99,1650.0,1.99,1.3,normal,1389.5955
22,518,31095,9,0,7.4147,7.4147,0.8239,1650.0,1.99,1.3,normal,1397.0102
22,518,31110,8,0,12.4391,12.4391,1.5549,1650.0,1.99,1.3,normal,1409.4493
22,518,31125,6,0,2.9827,2.9827,0.4971,1650.0,1.99,1.3,normal,1412.432
22,519,31140,11,1,45.7062,45.7062,4.1551,1650.0,4.2,1.3,normal,1458.1382
22,519,31155,12,0,7.7748,7.7748,0.6479,1650.0,4.2,1.3,normal,1465.913
22,519,31170,6,0,21.5393,21.5393,3.5899,1650.0,4.2,1.3,budget_constrained,1487.4523
22,519,31185,11,1,39.9317,39.9317,3.6302,1650.0,4.2,1.3,budget_constrained,1527.384
22,520,31200,0,0,0.0,0.0,0.01,1650.0,0.01,1.3,budget_constrained,1527.384
22,520,31215,0,0,0.0,0.0,0.01,1650.0,0.01,1.3,budget_constrained,1527.384
22,520,31230,0,0,0.0,0.0,0.01,1650.0,0.01,1.3,budget_constrained,1527.384
22,520,31245,0,0,0.0,0.0,0.01,1650.0,0.01,1.3,budget_constrained,1527.384
22,521,31260,0,0,0.0,0.0,0.01,1650.0,0.01,1.3,budget_constrained,1527.384
22,521,31275,0,0,0.0,0.0,0.01,1650.0,0.01,1.3,budget_constrained,1527.384
22,521,31290,0,0,0.0,0.0,0.01,1650.0,0.01,1.3,budget_constrained,1527.384
22,521,31305,0,0,0.0,0.0,0.01,1650.0,0.01,1.3,budget_constrained,1527.384
22,522,31320,0,0,0.0,0.0,0.01,1650.0,0.01,1.3,budget_constrained,1527.384
22,522,31335,0,0,0.0,0.0,0.01,1650.0,0.01,1.3,budget_constrained,1527.384
22,522,31350,0,0,0.0,0.0,0.01,1650.0,0.01,1.3,budget_constrained,1527.384
22,522,31365,0,0,0.0,0.0,0.01,1650.0,0.01,1.3,budget_constrained,1527.384
22,523,31380,0,0,0.0,0.0,0.01,1650.0,0.01,1.3,budget_constrained,1527.384
22,523,31395,0,0,0.0,0.0,0.01,1650.0,0.01,1.3,budget_constrained,1527.384
22,523,31410,1,0,0.01,0.01,0.01,1650.0,0.01,1.3,budget_constrained,1527.394
22,523,31425,0,0,0.0,0.0,0.01,1650.0,0.01,1.3,budget_constrained,1527.394
22,524,31440,7,0,8.2615,8.2615,1.1802,1650.0,4.2,1.3,budget_constrained,1535.6555
22,524,31455,8,1,6.7517,6.7517,0.844,1650.0,4.2,1.3,budget_constrained,1542.4072
22,524,31470,9,1,11.9555,11.9555,1.3284,1650.0,4.2,1.3,budget_constrained,1554.3627
22,524,31485,9,0,37.8,37.8,4.2,1650.0,4.2,1.3,budget_constrained,1592.1627
22,525,31500,8,0,31.073,31.073,3.8841,1650.0,4.2,1.3,budget_constrained,1623.2357
22,525,31515,6,0,26.7643,26.7643,4.2,1650.0,4.2,1.3,budget_depleted,1650.0
22,525,31530,0,0,0.0,0.0,0.0,1650.0,4.2,1.3,budget_depleted,1650.0
22,525,31545,0,0,0.0,0.0,0.0,1650.0,4.2,1.3,budget_depleted,1650.0
22,526,31560,0,0,0.0,0.0,0.0,1650.0,4.2,1.3,budget_depleted,1650.0
22,526,31575,0,0,0.0,0.0,0.0,1650.0,4.2,1.3,budget_depleted,1650.0
22,526,31590,0,0,0.0,0.0,0.0,1650.0,4.2,1.3,budget_depleted,1650.0
22,526,31605,0,0,0.0,0.0,0.0,1650.0,4.2,1.3,budget_depleted,1650.0
22,527,31620,0,0,0.0,0.0,0.0,1650.0,4.2,1.3,budget_depleted,1650.0
22,527,31635,0,0,0.0,0.0,0.0,1650.0,4.2,1.3,budget_depleted,1650.0
22,527,31650,0,0,0.0,0.0,0.0,1650.0,4.2,1.3,budget_depleted,1650.0
22,527,31665,0,0,0.0,0.0,0.0,1650.0,4.2,1.3,budget_depleted,1650.0
23,528,31680,0,0,0.0,0.0,0.0,1650.0,4.2,1.3,normal,0.0
23,528,31695,12,0,50.4,50.4,4.2,1650.0,4.2,1.3,normal,50.4
23,528,31710,13,0,54.6,54.6,4.2,1650.0,4.2,1.3,normal,105.0
23,528,31725,8,1,33.6,33.6,4.2,1650.0,4.2,1.3,normal,138.6
23,529,31740,7,0,26.8479,26.8479,3.8354,1650.0,4.65,1.3,normal,165.4479
23,529,31755,11,0,42.9484,42.9484,3.9044,1650.0,4.65,1.3,normal,208.3963
23,529,31770,9,0,41.85,41.85,4.65,1650.0,4.65,1.3,normal,250.2463
23,529,31785,10,0,3.849,3.849,0.3849,1650.0,4.65,1.3,normal,254.0953
23,530,31800,0,0,0.0,0.0,0.01,1650.0,0.01,1.3,normal,254.0953
23,530,31815,0,0,0.0,0.0,0.01,1650.0,0.01,1.3,normal,254.0953
23,530,31830,0,0,0.0,0.0,0.01,1650.0,0.01,1.3,normal,254.0953
23,530,31845,0,0,0.0,0.0,0.01,1650.0,0.01,1.3,normal,254.0953
23,531,31860,6,0,20.3484,20.3484,3.3914,1650.0,3.5,1.3,normal,274.4437
23,531,31875,8,0,5.4527,5.4527,0.6816,1650.0,3.5,1.3,normal,279.8964
23,531,31890,6,1,15.3839,15.3839,2.564,1650.0,3.5,1.3,normal,295.2803
23,531,31905,9,1,29.7108,29.7108,3.3012,1650.0,3.5,1.3,normal,324.9911
23,532,31920,13,0,24.4719,24.4719,1.8825,1650.0,4.2,1.3,normal,349.463
23,532,31935,7,1,2.0617,2.0617,0.2945,1650.0,4.2,1.3,normal,351.5247
23,532,31950,10,0,26.1062,26.1062,2.6106,1650.0,4.2,1.3,normal,377.6309
23,532,31965,14,1,47.2883,47.2883,3.3777,1650.0,4.2,1.3,normal,424.9192
23,533,31980,12,0,14.055,14.055,1.1713,1650.0,4.14,1.3,normal,438.9742
23,533,31995,9,0,4.5862,4.5862,0.5096,1650.0,4.14,1.3,normal,443.5604
23,533,32010,9,2,37.26,18.63,4.14,1650.0,4.14,1.3,normal,480.8204
23,533,32025,7,0,28.98,28.98,4.14,1650.0,4.14,1.3,normal,509.8004
23,534,32040,6,0,2.3306,2.3306,0.3884,1650.0,4.2,1.3,normal,512.131
23,534,32055,12,1,25.0358,25.0358,2.0863,1650.0,4.2,1.3,normal,537.1668
23,534,32070,7,1,5.1213,5.1213,0.7316,1650.0,4.2,1.3,normal,542.2881
23,534,32085,13,0,28.7164,28.7164,2.209,1650.0,4.2,1.3,normal,571.0045
23,535,32100,8,1,15.1638,15.1638,1.8955,1650.0,4.65,1.3,normal,586.1683
23,535,32115,10,2,46.5,23.25,4.65,1650.0,4.65,1.3,normal,632.6683
23,535,32130,14,0,61.6521,61.6521,4.4037,1650.0,4.65,1.3,normal,694.3204
23,535,32145,11,3,11.4373,3.8124,1.0398,1650.0,4.65,1.3,normal,705.7577
23,536,32160,10,0,33.9365,33.9365,3.3936,1650.0,4.65,1.3,normal,739.6942
23,536,32175,16,1,9.2691,9.2691,0.5793,1650.0,4.65,1.3,normal,748.9633
23,536,32190,9,0,22.4771,22.4771,2.4975,1650.0,4.65,1.3,normal,771.4404
23,536,32205,7,0,3.6493,3.6493,0.5213,1650.0,4.65,1.3,normal,775.0897
23,537,32220,19,0,44.7897,44.7897,2.3574,1650.0,5.15,1.3,normal,819.8794
23,537,32235,8,1,2.4187,2.4187,0.3023,1650.0,5.15,1.3,normal,822.2981
23,537,32250,13,0,66.95,66.95,5.15,1650.0,5.15,1.3,normal,889.2481
23,537,32265,11,1,10.5181,10.5181,0.9562,1650.0,5.15,1.3,normal,899.7662
23,538,32280,16,0,57.0779,57.0779,3.5674,1650.0,5.15,1.3,normal,956.8441
23,538,32295,12,1,18.4453,18.4453,1.5371,1650.0,5.15,1.3,normal,975.2894
23,538,32310,11,0,32.5164,32.5164,2.956,1650.0,5.15,1.3,normal,1007.8058
23,538,32325,18,0,42.5745,42.5745,2.3653,1650.0,5.15,1.3,normal,1050.3803
23,539,32340,21,0,49.7914,49.7914,2.371,1650.0,5.71,1.3,normal,1100.1717
23,539,32355,14,0,10.058,10.058,0.7184,1650.0,5.71,1.3,normal,1110.2297
23,539,32370,13,1,4.2941,4.2941,0.3303,1650.0,5.71,1.3,normal,1114.5238
23,539,32385,12,0,36.3854,36.3854,3.0321,1650.0,5.71,1.3,normal,1150.9092
23,540,32400,6,0,31.7255,31.7255,5.2876,1650.0,5.71,1.3,normal,1182.6347
23,540,32415,12,0,9.5192,9.5192,0.7933,1650.0,5.71,1.3,normal,1192.1539
23,540,32430,10,0,57.1,57.1,5.71,1650.0,5.71,1.3,normal,1249.2539
23,540,32445,14,1,74.1039,74.1039,5.2931,1650.0,5.71,1.3,normal,1323.3578
23,541,32460,12,1,52.7757,52.7757,4.398,1650.0,5.25,1.3,normal,1376.1335
23,541,32475,10,0,33.5242,33.5242,3.3524,1650.0,5.25,1.3,normal,1409.6577
23,541,32490,14,0,29.6463,29.6463,2.1176,1650.0,5.25,1.3,normal,1439.304
23,541,32505,12,1,4.6664,4.6664,0.3889,1650.0,5.25,1.3,normal,1443.9704
23,542,32520,11,0,31.4158,31.4158,2.856,1650.0,4.83,1.3,normal,1475.3862
23,542,32535,13,1,51.3491,51.3491,3.9499,1650.0,4.83,1.3,budget_constrained,1526.7353
23,542,32550,16,0,66.8588,66.8588,4.1787,1650.0,4.83,1.3,budget_constrained,1593.5941
23,542,32565,8,0,11.2144,11.2144,1.4018,1650.0,4.83,1.3,budget_constrained,1604.8085
23,543,32580,11,0,20.0481,20.0481,1.8226,1650.0,6.85,1.3,budget_constrained,1624.8566
23,543,32595,4,0,25.1434,25.1434,5.4846,1650.0,6.85,1.3,budget_depleted,1650.0
23,543,32610,0,0,0.0,0.0,0.0,1650.0,6.85,1.3,budget_depleted,1650.0
23,543,32625,0,0,0.0,0.0,0.0,1650.0,6.85,1.3,budget_depleted,1650.0
23,544,32640,0,0,0.0,0.0,0.0,1650.0,6.85,1.3,budget_depleted,1650.0
23,544,32655,0,0,0.0,0.0,0.0,1650.0,6.85,1.3,budget_depleted,1650.0
23,544,32670,0,0,0.0,0.0,0.0,1650.0,6.85,1.3,budget_depleted,1650.0
23,544,32685,0,0,0.0,0.0,0.0,1650.0,6.85,1.3,budget_depleted,1650.0
23,545,32700,0,0,0.0,0.0,0.0,1650.0,3.14,1.3,budget_depleted,1650.0
23,545,32715,0,0,0.0,0.0,0.0,1650.0,3.14,1.3,budget_depleted,1650.0
23,545,32730,0,0,0.0,0.0,0.0,1650.0,3.14,1.3,budget_depleted,1650.0
23,545,32745,0,0,0.0,0.0,0.0,1650.0,3.14,1.3,budget_depleted,1650.0
23,546,32760,0,0,0.0,0.0,0.0,1650.0,0.01,1.3,budget_depleted,1650.0
23,546,32775,0,0,0.0,0.0,0.0,1650.0,0.01,1.3,budget_depleted,1650.0
23,546,32790,0,0,0.0,0.0,0.0,1650.0,0.01,1.3,budget_depleted,1650.0
23,546,32805,0,0,0.0,0.0,0.0,1650.0,0.01,1.3,budget_depleted,1650.0
23,547,32820,0,0,0.0,0.0,0.0,1650.0,0.01,1.3,budget_depleted,1650.0
23,547,32835,0,0,0.0,0.0,0.0,1650.0,0.01,1.3,budget_depleted,1650.0
23,547,32850,0,0,0.0,0.0,0.0,1650.0,0.01,1.3,budget_depleted,1650.0
23,547,32865,0,0,0.0,0.0,0.0,1650.0,0.01,1.3,budget_depleted,1650.0
23,548,32880,0,0,0.0,0.0,0.0,1650.0,4.2,1.3,budget_depleted,1650.0
23,548,32895,0,0,0.0,0.0,0.0,1650.0,4.2,1.3,budget_depleted,1650.0
23,548,32910,0,0,0.0,0.0,0.0,1650.0,4.2,1.3,budget_depleted,1650.0
23,548,32925,0,0,0.0,0.0,0.0,1650.0,4.2,1.3,budget_depleted,1650.0
23,549,32940,0,0,0.0,0.0,0.0,1650.0,4.2,1.3,budget_depleted,1650.0
23,549,32955,0,0,0.0,0.0,0.0,1650.0,4.2,1.3,budget_depleted,1650.0
23,549,32970,0,0,0.0,0.0,0.0,1650.0,4.2,1.3,budget_depleted,1650.0
23,549,32985,0,0,0.0,0.0,0.0,1650.0,4.2,1.3,budget_depleted,1650.0
23,550,33000,0,0,0.0,0.0,0.0,1650.0,4.2,1.3,budget_depleted,1650.0
23,550,33015,0,0,0.0,0.0,0.0,1650.0,4.2,1.3,budget_depleted,1650.0
23,550,33030,0,0,0.0,0.0,0.0,1650.0,4.2,1.3,budget_depleted,1650.0
23,550,33045,0,0,0.0,0.0,0.0,1650.0,4.2,1.3,budget_depleted,1650.0
23,551,33060,0,0,0.0,0.0,0.0,1650.0,4.2,1.3,budget_depleted,1650.0
23,551,33075,0,0,0.0,0.0,0.0,1650.0,4.2,1.3,budget_depleted,1650.0
23,551,33090,0,0,0.0,0.0,0.0,1650.0,4.2,1.3,budget_depleted,1650.0
23,551,33105,0,0,0.0,0.0,0.0,1650.0,4.2,1.3,budget_depleted,1650.0
24,552,33120,0,0,0.0,0.0,0.0,1650.0,4.2,1.3,normal,0.0
24,552,33135,8,0,13.125,13.125,1.6406,1650.0,4.2,1.3,normal,13.125
24,552,33150,13,2,27.3184,13.6592,2.1014,1650.0,4.2,1.3,normal,40.4434
24,552,33165,17,0,71.4,71.4,4.2,1650.0,4.2,1.3,normal,111.8434
24,553,33180,8,0,16.4301,16.4301,2.0538,1650.0,4.45,1.3,normal,128.2735
24,553,33195,10,0,20.3341,20.3341,2.0334,1650.0,4.45,1.3,normal,148.6076
24,553,33210,7,0,19.1769,19.1769,2.7396,1650.0,4.45,1.3,normal,167.7845
24,553,33225,12,0,43.2239,43.2239,3.602,1650.0,4.45,1.3,normal,211.0084
24,554,33240,14,1,46.6708,46.6708,3.3336,1650.0,4.45,1.3,normal,257.6792
24,554,33255,10,0,16.64,16.64,1.664,1650.0,4.45,1.3,normal,274.3192
24,554,33270,12,1,49.4794,49.4794,4.1233,1650.0,4.45,1.3,normal,323.7986
24,554,33285,16,1,44.3529,44.3529,2.7721,1650.0,4.45,1.3,normal,368.1515
24,555,33300,19,1,83.41,83.41,4.39,1650.0,4.39,1.3,normal,451.5615
24,555,33315,15,1,49.5048,49.5048,3.3003,1650.0,4.39,1.3,normal,501.0663
24,555,33330,7,1,27.4169,27.4169,3.9167,1650.0,4.39,1.3,normal,528.4832
24,555,33345,14,3,31.7571,10.5857,2.2684,1650.0,4.39,1.3,normal,560.2403
24,556,33360,11,0,35.0711,35.0711,3.1883,1650.0,4.04,1.3,normal,595.3114
24,556,33375,11,0,9.7296,9.7296,0.8845,1650.0,4.04,1.3,normal,605.041
24,556,33390,9,1,21.7371,21.7371,2.4152,1650.0,4.04,1.3,normal,626.7781
24,556,33405,9,1,32.1698,32.1698,3.5744,1650.0,4.04,1.3,normal,658.9479
24,557,33420,18,1,60.1554,60.1554,3.342,1650.0,3.72,1.3,normal,719.1033
24,557,33435,11,0,40.92,40.92,3.72,1650.0,3.72,1.3,normal,760.0233
24,557,33450,7,0,4.9673,4.9673,0.7096,1650.0,3.72,1.3,normal,764.9906
24,557,33465,10,0,32.1435,32.1435,3.2143,1650.0,3.72,1.3,normal,797.1341
24,558,33480,11,0,4.4345,4.4345,0.4031,1650.0,3.42,1.3,normal,801.5686
24,558,33495,10,0,34.2,34.2,3.42,1650.0,3.42,1.3,normal,835.7686
24,558,33510,9,0,10.9827,10.9827,1.2203,1650.0,3.42,1.3,normal,846.7513
24,558,33525,13,0,34.5047,34.5047,2.6542,1650.0,3.42,1.3,normal,881.256
24,559,33540,8,0,10.3845,10.3845,1.2981,1650.0,3.15,1.3,normal,891.6405
24,559,33555,8,0,25.2,25.2,3.15,1650.0,3.15,1.3,normal,916.8405
24,559,33570,4,0,9.7178,9.7178,2.4295,1650.0,3.15,1.3,normal,926.5583
24,559,33585,9,0,26.5982,26.5982,2.9554,1650.0,3.15,1.3,normal,953.1565
24,560,33600,4,0,4.6198,4.6198,1.155,1650.0,2.9,1.3,normal,957.7763
24,560,33615,10,0,18.8109,18.8109,1.8811,1650.0,2.9,1.3,normal,976.5872
24,560,33630,6,0,17.4,17.4,2.9,1650.0,2.9,1.3,normal,993.9872
24,560,33645,10,0,27.4639,27.4639,2.7464,1650.0,2.9,1.3,normal,1021.4511
24,561,33660,12,0,32.04,32.04,2.67,1650.0,2.67,1.3,normal,1053.4911
24,561,33675,7,1,18.69,18.69,2.67,1650.0,2.67,1.3,normal,1072.1811
24,561,33690,6,1,16.02,16.02,2.67,1650.0,2.67,1.3,normal,1088.2011
24,561,33705,12,0,32.04,32.04,2.67,1650.0,2.67,1.3,normal,1120.2411
24,562,33720,8,0,1.8004,1.8004,0.2251,1650.0,2.46,1.3,normal,1122.0415
24,562,33735,10,0,21.6838,21.6838,2.1684,1650.0,2.46,1.3,normal,1143.7253
24,562,33750,6,0,14.76,14.76,2.46,1650.0,2.46,1.3,normal,1158.4853
24,562,33765,8,0,19.68,19.68,2.46,1650.0,2.46,1.3,normal,1178.1653
24,563,33780,7,0,15.82,15.82,2.26,1650.0,2.26,1.3,normal,1193.9853
24,563,33795,4,0,0.3677,0.3677,0.0919,1650.0,2.26,1.3,normal,1194.353
24,563,33810,4,1,9.04,9.04,2.26,1650.0,2.26,1.3,normal,1203.393
24,563,33825,2,0,2.0347,2.0347,1.0173,1650.0,2.26,1.3,normal,1205.4277
24,564,33840,1,0,0.7657,0.7657,0.7657,1650.0,2.08,1.3,normal,1206.1934
24,564,33855,1,0,1.8484,1.8484,1.8484,1650.0,2.08,1.3,normal,1208.0418
24,564,33870,3,0,6.24,6.24,2.08,1650.0,2.08,1.3,normal,1214.2818
24,564,33885,2,0,4.16,4.16,2.08,1650.0,2.08,1.3,normal,1218.4418
24,565,33900,4,0,6.0999,6.0999,1.525,1650.0,2.17,1.3,normal,1224.5417
24,565,33915,6,0,11.7692,11.7692,1.9615,1650.0,2.17,1.3,normal,1236.3109
24,565,33930,5,0,10.85,10.85,2.17,1650.0,2.17,1.3,normal,1247.1609
24,565,33945,5,1,2.3118,2.3118,0.4624,1650.0,2.17,1.3,normal,1249.4727
24,566,33960,5,0,9.4481,9.4481,1.8896,1650.0,2.17,1.3,normal,1258.9208
24,566,33975,5,0,4.1512,4.1512,0.8302,1650.0,2.17,1.3,normal,1263.072
24,566,33990,3,0,6.51,6.51,2.17,1650.0,2.17,1.3,normal,1269.582
24,566,34005,6,0,1.5007,1.5007,0.2501,1650.0,2.17,1.3,normal,1271.0827
24,567,34020,8,0,18.08,18.08,2.26,1650.0,2.26,1.3,normal,1289.1627
24,567,34035,5,0,11.3,11.3,2.26,1650.0,2.26,1.3,normal,1300.4627
24,567,34050,8,0,1.5638,1.5638,0.1955,1650.0,2.26,1.3,normal,1302.0265
24,567,34065,6,0,10.8668,10.8668,1.8111,1650.0,2.26,1.3,normal,1312.8933
24,568,34080,10,0,15.2757,15.2757,1.5276,1650.0,2.26,1.3,normal,1328.169
24,568,34095,2,0,2.2443,2.2443,1.1221,1650.0,2.26,1.3,normal,1330.4133
24,568,34110,10,0,22.6,22.6,2.26,1650.0,2.26,1.3,normal,1353.0133
24,568,34125,8,2,18.08,9.04,2.26,1650.0,2.26,1.3,normal,1371.0933
24,569,34140,10,0,8.5784,8.5784,0.8578,1650.0,2.35,1.3,normal,1379.6717
24,569,34155,2,0,0.451,0.451,0.2255,1650.0,2.35,1.3,normal,1380.1227
24,569,34170,5,0,11.75,11.75,2.35,1650.0,2.35,1.3,normal,1391.8727
24,569,34185,4,0,9.4,9.4,2.35,1650.0,2.35,1.3,normal,1401.2727
24,570,34200,2,0,4.7,4.7,2.35,1650.0,2.35,1.3,normal,1405.9727
24,570,34215,5,0,11.75,11.75,2.35,1650.0,2.35,1.3,normal,1417.7227
24,570,34230,8,0,8.8743,8.8743,1.1093,1650.0,2.35,1.3,normal,1426.597
24,570,34245,7,0,16.45,16.45,2.35,1650.0,2.35,1.3,normal,1443.047
24,571,34260,4,0,9.3917,9.3917,2.3479,1650.0,2.45,1.3,normal,1452.4387
24,571,34275,5,1,9.3406,9.3406,1.8681,1650.0,2.45,1.3,normal,1461.7793
24,571,34290,7,0,8.8395,8.8395,1.2628,1650.0,2.45,1.3,normal,1470.6188
24,571,34305,5,0,3.3854,3.3854,0.6771,1650.0,2.45,1.3,normal,1474.0042
24,572,34320,8,0,5.4796,5.4796,0.685,1650.0,2.45,1.3,normal,1479.4838
24,572,34335,5,0,8.0587,8.0587,1.6117,1650.0,2.45,1.3,budget_constrained,1487.5425
24,572,34350,7,0,17.15,17.15,2.45,1650.0,2.45,1.3,budget_constrained,1504.6925
24,572,34365,7,0,8.5119,8.5119,1.216,1650.0,2.45,1.3,budget_constrained,1513.2044
24,573,34380,12,0,38.28,38.28,3.19,1650.0,3.19,1.3,budget_constrained,1551.4844
24,573,34395,6,0,11.2581,11.2581,1.8763,1650.0,3.19,1.3,budget_constrained,1562.7425
24,573,34410,11,0,30.3456,30.3456,2.7587,1650.0,3.19,1.3,budget_constrained,1593.0881
24,573,34425,5,0,9.9443,9.9443,1.9889,1650.0,3.19,1.3,budget_constrained,1603.0324
24,574,34440,6,1,19.14,19.14,3.19,1650.0,3.19,1.3,budget_constrained,1622.1724
24,574,34455,7,0,14.9995,14.9995,2.1428,1650.0,3.19,1.3,budget_constrained,1637.1719
24,574,34470,4,0,12.8281,12.8281,3.1256,1650.0,3.19,1.3,budget_constrained,1650.0
24,574,34485,0,0,0.0,0.0,2.0336,1650.0,3.19,1.3,budget_constrained,1650.0
24,575,34500,0,0,0.0,0.0,1.2494,1650.0,3.83,1.3,budget_constrained,1650.0
24,575,34515,0,0,0.0,0.0,2.2486,1650.0,3.83,1.3,budget_constrained,1650.0
24,575,34530,0,0,0.0,0.0,3.0206,1650.0,3.83,1.3,budget_constrained,1650.0
24,575,34545,0,0,0.0,0.0,3.5183,1650.0,3.83,1.3,budget_constrained,1650.0
25,576,34560,0,0,0.0,0.0,0.01,1650.0,0.01,1.3,normal,0.0
25,576,34575,0,0,0.0,0.0,0.01,1650.0,0.01,1.3,normal,0.0
25,576,34590,0,0,0.0,0.0,0.01,1650.0,0.01,1.3,normal,0.0
25,576,34605,1,0,0.01,0.01,0.01,1650.0,0.01,1.3,normal,0.01
25,577,34620,3,1,10.5,10.5,3.5,1650.0,3.5,1.3,normal,10.51
25,577,34635,11,0,28.4325,28.4325,2.5848,1650.0,3.5,1.3,normal,38.9425
25,577,34650,4,0,14.0,14.0,3.5,1650.0,3.5,1.3,normal,52.9425
25,577,34665,9,0,31.5,31.5,3.5,1650.0,3.5,1.3,normal,84.4425
25,578,34680,14,0,52.7278,52.7278,3.7663,1650.0,4.2,1.3,normal,137.1703
25,578,34695,10,1,42.0,42.0,4.2,1650.0,4.2,1.3,normal,179.1703
25,578,34710,15,0,63.0,63.0,4.2,1650.0,4.2,1.3,normal,242.1703
25,578,34725,13,0,39.9208,39.9208,3.0708,1650.0,4.2,1.3,normal,282.0911
25,579,34740,10,0,26.4982,26.4982,2.6498,1650.0,4.13,1.3,normal,308.5893
25,579,34755,10,1,35.6675,35.6675,3.5667,1650.0,4.13,1.3,normal,344.2568
25,579,34770,12,0,0.2764,0.2764,0.023,1650.0,4.13,1.3,normal,344.5332
25,579,34785,10,0,18.5364,18.5364,1.8536,1650.0,4.13,1.3,normal,363.0696
25,580,34800,10,0,32.2509,32.2509,3.2251,1650.0,4.2,1.3,normal,395.3205
25,580,34815,10,0,22.5069,22.5069,2.2507,1650.0,4.2,1.3,normal,417.8274
25,580,34830,19,0,71.1865,71.1865,3.7467,1650.0,4.2,1.3,normal,489.0139
25,580,34845,12,1,28.8789,28.8789,2.4066,1650.0,4.2,1.3,normal,517.8928
25,581,34860,7,2,28.63,14.315,4.09,1650.0,4.09,1.3,normal,546.5228
25,581,34875,9,2,5.7454,2.8727,0.6384,1650.0,4.09,1.3,normal,552.2682
25,581,34890,9,1,34.4818,34.4818,3.8313,1650.0,4.09,1.3,normal,586.75
25,581,34905,11,1,17.0424,17.0424,1.5493,1650.0,4.09,1.3,normal,603.7924
25,582,34920,11,1,39.3865,39.3865,3.5806,1650.0,4.09,1.3,normal,643.1789
25,582,34935,7,0,16.5074,16.5074,2.3582,1650.0,4.09,1.3,normal,659.6863
25,582,34950,8,1,0.0294,0.0294,0.0037,1650.0,4.09,1.3,normal,659.7157
25,582,34965,8,0,3.0769,3.0769,0.3846,1650.0,4.09,1.3,normal,662.7926
25,583,34980,11,0,16.1574,16.1574,1.4689,1650.0,4.23,1.3,normal,678.95
25,583,34995,13,1,38.4785,38.4785,2.9599,1650.0,4.23,1.3,normal,717.4285
25,583,35010,10,0,41.2393,41.2393,4.1239,1650.0,4.23,1.3,normal,758.6678
25,583,35025,13,1,4.645,4.645,0.3573,1650.0,4.23,1.3,normal,763.3128
25,584,35040,13,0,4.0979,4.0979,0.3152,1650.0,4.23,1.3,normal,767.4107
25,584,35055,16,1,18.3521,18.3521,1.147,1650.0,4.23,1.3,normal,785.7628
25,584,35070,16,0,67.68,67.68,4.23,1650.0,4.23,1.3,normal,853.4428
25,584,35085,10,0,36.7109,36.7109,3.6711,1650.0,4.23,1.3,normal,890.1537
25,585,35100,10,0,20.5686,20.5686,2.0569,1650.0,4.41,1.3,normal,910.7223
25,585,35115,10,0,5.1571,5.1571,0.5157,1650.0,4.41,1.3,normal,915.8794
25,585,35130,8,0,28.4382,28.4382,3.5548,1650.0,4.41,1.3,normal,944.3176
25,585,35145,4,0,12.3094,12.3094,3.0774,1650.0,4.41,1.3,normal,956.627
25,586,35160,12,2,43.9196,21.9598,3.66,1650.0,4.41,1.3,normal,1000.5466
25,586,35175,8,0,20.7913,20.7913,2.5989,1650.0,4.41,1.3,normal,1021.3379
25,586,35190,15,1,17.8161,17.8161,1.1877,1650.0,4.41,1.3,normal,1039.154
25,586,35205,12,0,52.92,52.92,4.41,1650.0,4.41,1.3,normal,1092.074
25,587,35220,13,0,24.6694,24.6694,1.8976,1650.0,4.6,1.3,normal,1116.7434
25,587,35235,6,0,0.6498,0.6498,0.1083,1650.0,4.6,1.3,normal,1117.3932
25,587,35250,12,1,52.0132,52.0132,4.3344,1650.0,4.6,1.3,normal,1169.4064
25,587,35265,15,1,65.5422,65.5422,4.3695,1650.0,4.6,1.3,normal,1234.9486
25,588,35280,10,0,42.3,42.3,4.23,1650.0,4.23,1.3,normal,1277.2486
25,588,35295,20,0,84.6,84.6,4.23,1650.0,4.23,1.3,normal,1361.8486
25,588,35310,5,1,7.7586,7.7586,1.5517,1650.0,4.23,1.3,normal,1369.6072
25,588,35325,11,0,6.1365,6.1365,0.5579,1650.0,4.23,1.3,normal,1375.7437
25,589,35340,9,0,19.6354,19.6354,2.1817,1650.0,3.89,1.3,normal,1395.3791
25,589,35355,6,0,10.8413,10.8413,1.8069,1650.0,3.89,1.3,normal,1406.2204
25,589,35370,16,0,62.24,62.24,3.89,1650.0,3.89,1.3,normal,1468.4604
25,589,35385,9,0,26.9397,26.9397,2.9933,1650.0,3.89,1.3,budget_constrained,1495.4001
25,590,35400,0,0,0.0,0.0,0.01,1650.0,0.01,1.3,budget_constrained,1495.4001
25,590,35415,0,0,0.0,0.0,0.01,1650.0,0.01,1.3,budget_constrained,1495.4001
25,590,35430,0,0,0.0,0.0,0.01,1650.0,0.01,1.3,budget_constrained,1495.4001
25,590,35445,0,0,0.0,0.0,0.01,1650.0,0.01,1.3,budget_constrained,1495.4001
25,591,35460,0,0,0.0,0.0,0.01,1650.0,0.01,1.3,budget_constrained,1495.4001
25,591,35475,0,0,0.0,0.0,0.01,1650.0,0.01,1.3,budget_constrained,1495.4001
25,591,35490,0,0,0.0,0.0,0.01,1650.0,0.01,1.3,budget_constrained,1495.4001
25,591,35505,0,0,0.0,0.0,0.01,1650.0,0.01,1.3,budget_constrained,1495.4001
25,592,35520,9,0,24.7381,24.7381,2.7487,1650.0,4.2,1.3,budget_constrained,1520.1382
25,592,35535,11,2,19.5038,9.7519,1.7731,1650.0,4.2,1.3,budget_constrained,1539.642
25,592,35550,13,0,40.3639,40.3639,3.1049,1650.0,4.2,1.3,budget_constrained,1580.0059
25,592,35565,9,1,14.1785,14.1785,1.5754,1650.0,4.2,1.3,budget_constrained,1594.1844
25,593,35580,12,1,45.4413,45.4413,3.7868,1650.0,4.2,1.3,budget_constrained,1639.6257
25,593,35595,20,0,10.3743,10.3743,0.5023,1650.0,4.2,1.3,budget_constrained,1650.0
25,593,35610,0,0,0.0,0.0,1.5103,1650.0,4.2,1.3,budget_constrained,1650.0
25,593,35625,0,0,0.0,0.0,4.1665,1650.0,4.2,1.3,budget_constrained,1650.0
25,594,35640,0,0,0.0,0.0,1.948,1650.0,4.2,1.3,budget_constrained,1650.0
25,594,35655,0,0,0.0,0.0,4.2,1650.0,4.2,1.3,budget_constrained,1650.0
25,594,35670,0,0,0.0,0.0,1.4095,1650.0,4.2,1.3,budget_constrained,1650.0
25,594,35685,0,0,0.0,0.0,1.5067,1650.0,4.2,1.3,budget_constrained,1650.0
25,595,35700,0,0,0.0,0.0,1.864,1650.0,5.46,1.3,budget_constrained,1650.0
25,595,35715,0,0,0.0,0.0,1.7094,1650.0,5.46,1.3,budget_constrained,1650.0
25,595,35730,0,0,0.0,0.0,1.1734,1650.0,5.46,1.3,budget_constrained,1650.0
25,595,35745,0,0,0.0,0.0,3.7363,1650.0,5.46,1.3,budget_constrained,1650.0
25,596,35760,0,0,0.0,0.0,4.1506,1650.0,5.46,1.3,budget_constrained,1650.0
25,596,35775,0,0,0.0,0.0,2.4417,1650.0,5.46,1.3,budget_constrained,1650.0
25,596,35790,0,0,0.0,0.0,2.8683,1650.0,5.46,1.3,budget_constrained,1650.0
25,596,35805,0,0,0.0,0.0,3.6462,1650.0,5.46,1.3,budget_constrained,1650.0
25,597,35820,0,0,0.0,0.0,1.3382,1650.0,6.12,1.3,budget_constrained,1650.0
25,597,35835,0,0,0.0,0.0,6.12,1650.0,6.12,1.3,budget_constrained,1650.0
25,597,35850,0,0,0.0,0.0,0.023,1650.0,6.12,1.3,budget_constrained,1650.0
25,597,35865,0,0,0.0,0.0,4.4017,1650.0,6.12,1.3,budget_constrained,1650.0
25,598,35880,0,0,0.0,0.0,0.468,1650.0,6.12,1.3,budget_constrained,1650.0
25,598,35895,0,0,0.0,0.0,0.2044,1650.0,6.12,1.3,budget_constrained,1650.0
25,598,35910,0,0,0.0,0.0,1.457,1650.0,6.12,1.3,budget_constrained,1650.0
25,598,35925,0,0,0.0,0.0,1.2588,1650.0,6.12,1.3,budget_constrained,1650.0
25,599,35940,0,0,0.0,0.0,0.5928,1650.0,7.34,1.3,budget_constrained,1650.0
25,599,35955,0,0,0.0,0.0,0.0109,1650.0,7.34,1.3,budget_constrained,1650.0
25,599,35970,0,0,0.0,0.0,3.4002,1650.0,7.34,1.3,budget_constrained,1650.0
25,599,35985,0,0,0.0,0.0,0.694,1650.0,7.34,1.3,budget_constrained,1650.0
26,600,36000,0,0,0.0,0.0,4.682,1650.0,7.34,1.3,normal,0.0
26,600,36015,18,0,6.8021,6.8021,0.3779,1650.0,7.34,1.3,normal,6.8021
26,600,36030,15,1,35.218,35.218,2.3479,1650.0,7.34,1.3,normal,42.0201
26,600,36045,22,1,80.1957,80.1957,3.6453,1650.0,7.34,1.3,normal,122.2158
26,601,36060,19,0,48.9527,48.9527,2.5765,1650.0,7.65,1.3,normal,171.1685
26,601,36075,24,0,157.9083,157.9083,6.5795,1650.0,7.65,1.3,normal,329.0768
26,601,36090,21,0,99.1948,99.1948,4.7236,1650.0,7.65,1.3,normal,428.2716
26,601,36105,19,1,69.1592,69.1592,3.64,1650.0,7.65,1.3,normal,497.4308
26,602,36120,29,1,64.9488,64.9488,2.2396,1650.0,7.04,1.3,normal,562.3796
26,602,36135,19,1,129.4077,129.4077,6.8109,1650.0,7.04,1.3,normal,691.7873
26,602,36150,18,0,14.0974,14.0974,0.7832,1650.0,7.04,1.3,normal,705.8847
26,602,36165,11,1,73.855,73.855,6.7141,1650.0,7.04,1.3,normal,779.7397
26,603,36180,17,0,71.9558,71.9558,4.2327,1650.0,5.75,1.3,normal,851.6955
26,603,36195,23,0,103.7934,103.7934,4.5128,1650.0,5.75,1.3,normal,955.4889
26,603,36210,11,0,32.7128,32.7128,2.9739,1650.0,5.75,1.3,normal,988.2017
26,603,36225,14,0,0.4386,0.4386,0.0313,1650.0,5.75,1.3,normal,988.6403
26,604,36240,11,0,27.2124,27.2124,2.4739,1650.0,4.28,1.3,normal,1015.8527
26,604,36255,14,0,56.8677,56.8677,4.062,1650.0,4.28,1.3,normal,1072.7204
26,604,36270,14,0,36.7982,36.7982,2.6284,1650.0,4.28,1.3,normal,1109.5186
26,604,36285,11,0,31.5145,31.5145,2.865,1650.0,4.28,1.3,normal,1141.0331
26,605,36300,6,0,18.06,18.06,3.01,1650.0,3.01,1.3,normal,1159.0931
26,605,36315,6,1,13.6113,13.6113,2.2686,1650.0,3.01,1.3,normal,1172.7044
26,605,36330,9,0,27.09,27.09,3.01,1650.0,3.01,1.3,normal,1199.7944
26,605,36345,6,0,18.06,18.06,3.01,1650.0,3.01,1.3,normal,1217.8544
26,606,36360,4,0,0.5046,0.5046,0.1262,1650.0,2.13,1.3,normal,1218.359
26,606,36375,2,0,4.26,4.26,2.13,1650.0,2.13,1.3,normal,1222.619
26,606,36390,7,0,14.91,14.91,2.13,1650.0,2.13,1.3,normal,1237.529
26,606,36405,3,0,3.9274,3.9274,1.3091,1650.0,2.13,1.3,normal,1241.4564
26,607,36420,2,0,2.8899,2.8899,1.445,1650.0,1.58,1.3,normal,1244.3463
26,607,36435,2,0,1.1384,1.1384,0.5692,1650.0,1.58,1.3,normal,1245.4847
26,607,36450,6,0,9.48,9.48,1.58,1650.0,1.58,1.3,normal,1254.9647
26,607,36465,4,0,4.2849,4.2849,1.0712,1650.0,1.58,1.3,normal,1259.2496
26,608,36480,4,0,4.92,4.92,1.23,1650.0,1.23,1.3,normal,1264.1696
26,608,36495,3,0,3.69,3.69,1.23,1650.0,1.23,1.3,normal,1267.8596
26,608,36510,3,0,3.69,3.69,1.23,1650.0,1.23,1.3,normal,1271.5496
26,608,36525,4,0,4.92,4.92,1.23,1650.0,1.23,1.3,normal,1276.4696
26,609,36540,6,0,6.0,6.0,1.0,1650.0,1.0,1.3,normal,1282.4696
26,609,36555,0,0,0.0,0.0,1.0,1650.0,1.0,1.3,normal,1282.4696
26,609,36570,1,0,1.0,1.0,1.0,1650.0,1.0,1.3,normal,1283.4696
26,609,36585,1,0,1.0,1.0,1.0,1650.0,1.0,1.3,normal,1284.4696
26,610,36600,5,0,4.3,4.3,0.86,1650.0,0.86,1.3,normal,1288.7696
26,610,36615,1,0,0.86,0.86,0.86,1650.0,0.86,1.3,normal,1289.6296
26,610,36630,2,0,1.0232,1.0232,0.5116,1650.0,0.86,1.3,normal,1290.6528
26,610,36645,2,0,0.0616,0.0616,0.0308,1650.0,0.86,1.3,normal,1290.7144
26,611,36660,4,0,3.12,3.12,0.78,1650.0,0.78,1.3,normal,1293.8344
26,611,36675,1,0,0.1392,0.1392,0.1392,1650.0,0.78,1.3,normal,1293.9736
26,611,36690,2,0,1.56,1.56,0.78,1650.0,0.78,1.3,normal,1295.5336
26,611,36705,1,0,0.78,0.78,0.78,1650.0,0.78,1.3,normal,1296.3136
26,612,36720,4,0,2.88,2.88,0.72,1650.0,0.72,1.3,normal,1299.1936
26,612,36735,1,0,0.1798,0.1798,0.1798,1650.0,0.72,1.3,normal,1299.3734
26,612,36750,1,1,0.72,0.72,0.72,1650.0,0.72,1.3,normal,1300.0934
26,612,36765,1,0,0.72,0.72,0.72,1650.0,0.72,1.3,normal,1300.8134
26,613,36780,3,0,1.98,1.98,0.66,1650.0,0.66,1.3,normal,1302.7934
26,613,36795,0,0,0.0,0.0,0.66,1650.0,0.66,1.3,normal,1302.7934
26,613,36810,3,0,1.98,1.98,0.66,1650.0,0.66,1.3,normal,1304.7734
26,613,36825,1,0,0.66,0.66,0.66,1650.0,0.66,1.3,normal,1305.4334
26,614,36840,1,0,0.66,0.66,0.66,1650.0,0.66,1.3,normal,1306.0934
26,614,36855,1,0,0.66,0.66,0.66,1650.0,0.66,1.3,normal,1306.7534
26,614,36870,4,0,2.64,2.64,0.66,1650.0,0.66,1.3,normal,1309.3934
26,614,36885,0,0,0.0,0.0,0.6591,1650.0,0.66,1.3,normal,1309.3934
26,615,36900,3,0,2.22,2.22,0.74,1650.0,0.74,1.3,normal,1311.6134
26,615,36915,1,0,0.74,0.74,0.74,1650.0,0.74,1.3,normal,1312.3534
26,615,36930,2,0,1.48,1.48,0.74,1650.0,0.74,1.3,normal,1313.8334
26,615,36945,1,0,0.74,0.74,0.74,1650.0,0.74,1.3,normal,1314.5734
26,616,36960,0,0,0.0,0.0,0.01,1650.0,0.01,1.3,normal,1314.5734
26,616,36975,0,0,0.0,0.0,0.01,1650.0,0.01,1.3,normal,1314.5734
26,616,36990,0,0,0.0,0.0,0.01,1650.0,0.01,1.3,normal,1314.5734
26,616,37005,0,0,0.0,0.0,0.01,1650.0,0.01,1.3,normal,1314.5734
26,617,37020,0,0,0.0,0.0,0.01,1650.0,0.01,1.3,normal,1314.5734
26,617,37035,0,0,0.0,0.0,0.01,1650.0,0.01,1.3,normal,1314.5734
26,617,37050,0,0,0.0,0.0,0.01,1650.0,0.01,1.3,normal,1314.5734
26,617,37065,0,0,0.0,0.0,0.01,1650.0,0.01,1.3,normal,1314.5734
26,618,37080,18,0,75.6,75.6,4.2,1650.0,4.2,1.3,normal,1390.1734
26,618,37095,10,1,11.913,11.913,1.1913,1650.0,4.2,1.3,normal,1402.0864
26,618,37110,8,0,33.6,33.6,4.2,1650.0,4.2,1.3,normal,1435.6864
26,618,37125,12,1,50.4,50.4,4.2,1650.0,4.2,1.3,budget_constrained,1486.0864
26,619,37140,13,0,5.2292,5.2292,0.4022,1650.0,4.2,1.3,budget_constrained,1491.3156
26,619,37155,7,0,22.3175,22.3175,3.1882,1650.0,4.2,1.3,budget_constrained,1513.6331
26,619,37170,11,1,25.1029,25.1029,2.2821,1650.0,4.2,1.3,budget_constrained,1538.736
26,619,37185,15,0,6.8743,6.8743,0.4583,1650.0,4.2,1.3,budget_constrained,1545.6103
26,620,37200,13,0,54.6,54.6,4.2,1650.0,4.2,1.3,budget_constrained,1600.2103
26,620,37215,12,1,42.7324,42.7324,3.561,1650.0,4.2,1.3,budget_constrained,1642.9427
26,620,37230,2,0,7.0573,7.0573,2.7996,1650.0,4.2,1.3,budget_depleted,1650.0
26,620,37245,0,0,0.0,0.0,0.0,1650.0,4.2,1.3,budget_depleted,1650.0
26,621,37260,0,0,0.0,0.0,0.0,1650.0,4.2,1.3,budget_depleted,1650.0
26,621,37275,0,0,0.0,0.0,0.0,1650.0,4.2,1.3,budget_depleted,1650.0
26,621,37290,0,0,0.0,0.0,0.0,1650.0,4.2,1.3,budget_depleted,1650.0
26,621,37305,0,0,0.0,0.0,0.0,1650.0,4.2,1.3,budget_depleted,1650.0
26,622,37320,0,0,0.0,0.0,0.0,1650.0,4.2,1.3,budget_depleted,1650.0
26,622,37335,0,0,0.0,0.0,0.0,1650.0,4.2,1.3,budget_depleted,1650.0
26,622,37350,0,0,0.0,0.0,0.0,1650.0,4.2,1.3,budget_depleted,1650.0
26,622,37365,0,0,0.0,0.0,0.0,1650.0,4.2,1.3,budget_depleted,1650.0
26,623,37380,0,0,0.0,0.0,0.0,1650.0,2.31,1.3,budget_depleted,1650.0
26,623,37395,0,0,0.0,0.0,0.0,1650.0,2.31,1.3,budget_depleted,1650.0
26,623,37410,0,0,0.0,0.0,0.0,1650.0,2.31,1.3,budget_depleted,1650.0
26,623,37425,0,0,0.0,0.0,0.0,1650.0,2.31,1.3,budget_depleted,1650.0
27,624,37440,0,0,0.0,0.0,0.0,1650.0,0.01,1.3,normal,0.0
27,624,37455,0,0,0.0,0.0,0.01,1650.0,0.01,1.3,normal,0.0
27,624,37470,0,0,0.0,0.0,0.01,1650.0,0.01,1.3,normal,0.0
27,624,37485,0,0,0.0,0.0,0.01,1650.0,0.01,1.3,normal,0.0
27,625,37500,1,0,0.01,0.01,0.01,1650.0,0.01,1.0,normal,0.01
27,625,37515,0,0,0.0,0.0,0.01,1650.0,0.01,1.0,normal,0.01
27,625,37530,0,0,0.0,0.0,0.01,1650.0,0.01,1.0,normal,0.01
27,625,37545,1,0,0.01,0.01,0.01,1650.0,0.01,1.0,normal,0.02
27,626,37560,6,0,25.2,25.2,4.2,1650.0,4.2,1.0,normal,25.22
27,626,37575,12,1,9.4588,9.4588,0.7882,1650.0,4.2,1.0,normal,34.6788
27,626,37590,9,0,32.061,32.061,3.5623,1650.0,4.2,1.0,normal,66.7398
27,626,37605,10,2,13.4164,6.7082,1.3416,1650.0,4.2,1.0,normal,80.1562
27,627,37620,13,1,1.0593,1.0593,0.0815,1650.0,4.35,1.0,normal,81.2155
27,627,37635,16,1,61.7938,61.7938,3.8621,1650.0,4.35,1.0,normal,143.0093
27,627,37650,11,0,16.4875,16.4875,1.4989,1650.0,4.35,1.0,normal,159.4968
27,627,37665,9,2,25.4217,12.7108,2.8246,1650.0,4.35,1.0,normal,184.9185
27,628,37680,6,0,18.4578,18.4578,3.0763,1650.0,4.35,1.0,normal,203.3763
27,628,37695,16,1,69.6,69.6,4.35,1650.0,4.35,1.0,normal,272.9763
27,628,37710,10,1,37.5983,37.5983,3.7598,1650.0,4.35,1.0,normal,310.5746
27,628,37725,9,1,24.9098,24.9098,2.7678,1650.0,4.35,1.0,normal,335.4844
27,629,37740,11,1,15.7586,15.7586,1.4326,1650.0,4.5,1.0,normal,351.243
27,629,37755,9,0,27.0625,27.0625,3.0069,1650.0,4.5,1.0,normal,378.3055
27,629,37770,6,0,15.5548,15.5548,2.5925,1650.0,4.5,1.0,normal,393.8603
27,629,37785,17,1,49.2814,49.2814,2.8989,1650.0,4.5,1.0,normal,443.1417
27,630,37800,0,0,0.0,0.0,0.01,1650.0,0.01,1.0,normal,443.1417
27,630,37815,0,0,0.0,0.0,0.01,1650.0,0.01,1.0,normal,443.1417
27,630,37830,0,0,0.0,0.0,0.01,1650.0,0.01,1.0,normal,443.1417
27,630,37845,0,0,0.0,0.0,0.01,1650.0,0.01,1.0,normal,443.1417
27,631,37860,0,0,0.0,0.0,0.01,1650.0,0.01,1.0,normal,443.1417
27,631,37875,0,0,0.0,0.0,0.01,1650.0,0.01,1.0,normal,443.1417
27,631,37890,0,0,0.0,0.0,0.01,1650.0,0.01,1.0,normal,443.1417
27,631,37905,0,0,0.0,0.0,0.01,1650.0,0.01,1.0,normal,443.1417
27,632,37920,5,0,15.7735,15.7735,3.1547,1650.0,4.2,1.0,normal,458.9152
27,632,37935,13,0,34.3058,34.3058,2.6389,1650.0,4.2,1.0,normal,493.221
27,632,37950,8,1,31.4529,31.4529,3.9316,1650.0,4.2,1.0,normal,524.6739
27,632,37965,12,1,8.9075,8.9075,0.7423,1650.0,4.2,1.0,normal,533.5814
27,633,37980,5,0,13.7876,13.7876,2.7575,1650.0,4.35,1.0,normal,547.369
27,633,37995,8,0,13.4232,13.4232,1.6779,1650.0,4.35,1.0,normal,560.7922
27,633,38010,14,1,25.8905,25.8905,1.8493,1650.0,4.35,1.0,normal,586.6827
27,633,38025,14,0,60.9,60.9,4.35,1650.0,4.35,1.0,normal,647.5827
27,634,38040,9,1,6.4709,6.4709,0.719,1650.0,4.35,1.0,normal,654.0536
27,634,38055,6,0,8.2208,8.2208,1.3701,1650.0,4.35,1.0,normal,662.2744
27,634,38070,9,0,3.0042,3.0042,0.3338,1650.0,4.35,1.0,normal,665.2786
27,634,38085,7,0,29.9719,29.9719,4.2817,1650.0,4.35,1.0,normal,695.2505
27,635,38100,11,1,4.4921,4.4921,0.4084,1650.0,4.5,1.0,normal,699.7426
27,635,38115,19,0,85.5,85.5,4.5,1650.0,4.5,1.0,normal,785.2426
27,635,38130,17,0,76.5,76.5,4.5,1650.0,4.5,1.0,normal,861.7426
27,635,38145,12,1,2.2411,2.2411,0.1868,1650.0,4.5,1.0,normal,863.9837
27,636,38160,13,0,38.7897,38.7897,2.9838,1000.0,4.5,1.0,budget_constrained,902.7734
27,636,38175,13,2,58.5,29.25,4.5,1000.0,4.5,1.0,budget_constrained,961.2734
27,636,38190,9,0,38.7266,38.7266,3.9089,1000.0,4.5,1.0,budget_depleted,1000.0
27,636,38205,0,0,0.0,0.0,0.0,1000.0,4.5,1.0,budget_depleted,1000.0
27,637,38220,0,0,0.0,0.0,0.0,1000.0,4.95,1.0,budget_depleted,1000.0
27,637,38235,0,0,0.0,0.0,0.0,1000.0,4.95,1.0,budget_depleted,1000.0
27,637,38250,0,0,0.0,0.0,0.0,1000.0,4.95,1.0,budget_depleted,1000.0
27,637,38265,0,0,0.0,0.0,0.0,1000.0,4.95,1.0,budget_depleted,1000.0
27,638,38280,0,0,0.0,0.0,0.0,1000.0,4.95,1.0,budget_depleted,1000.0
27,638,38295,0,0,0.0,0.0,0.0,1000.0,4.95,1.0,budget_depleted,1000.0
27,638,38310,0,0,0.0,0.0,0.0,1000.0,4.95,1.0,budget_depleted,1000.0
27,638,38325,0,0,0.0,0.0,0.0,1000.0,4.95,1.0,budget_depleted,1000.0
27,639,38340,0,0,0.0,0.0,0.0,1000.0,1.35,1.0,budget_depleted,1000.0
27,639,38355,0,0,0.0,0.0,0.0,1000.0,1.35,1.0,budget_depleted,1000.0
27,639,38370,0,0,0.0,0.0,0.0,1000.0,1.35,1.0,budget_depleted,1000.0
27,639,38385,0,0,0.0,0.0,0.0,1000.0,1.35,1.0,budget_depleted,1000.0
27,640,38400,0,0,0.0,0.0,0.0,1000.0,1.35,1.0,budget_depleted,1000.0
27,640,38415,0,0,0.0,0.0,0.0,1000.0,1.35,1.0,budget_depleted,1000.0
27,640,38430,0,0,0.0,0.0,0.0,1000.0,1.35,1.0,budget_depleted,1000.0
27,640,38445,0,0,0.0,0.0,0.0,1000.0,1.35,1.0,budget_depleted,1000.0
27,641,38460,0,0,0.0,0.0,0.0,1000.0,1.22,1.0,budget_depleted,1000.0
27,641,38475,0,0,0.0,0.0,0.0,1000.0,1.22,1.0,budget_depleted,1000.0
27,641,38490,0,0,0.0,0.0,0.0,1000.0,1.22,1.0,budget_depleted,1000.0
27,641,38505,0,0,0.0,0.0,0.0,1000.0,1.22,1.0,budget_depleted,1000.0
27,642,38520,0,0,0.0,0.0,0.0,1000.0,1.22,1.0,budget_depleted,1000.0
27,642,38535,0,0,0.0,0.0,0.0,1000.0,1.22,1.0,budget_depleted,1000.0
27,642,38550,0,0,0.0,0.0,0.0,1000.0,1.22,1.0,budget_depleted,1000.0
27,642,38565,0,0,0.0,0.0,0.0,1000.0,1.22,1.0,budget_depleted,1000.0
27,643,38580,0,0,0.0,0.0,0.0,1000.0,0.8,1.0,budget_depleted,1000.0
27,643,38595,0,0,0.0,0.0,0.0,1000.0,0.8,1.0,budget_depleted,1000.0
27,643,38610,0,0,0.0,0.0,0.0,1000.0,0.8,1.0,budget_depleted,1000.0
27,643,38625,0,0,0.0,0.0,0.0,1000.0,0.8,1.0,budget_depleted,1000.0
27,644,38640,0,0,0.0,0.0,0.0,1000.0,0.8,1.0,budget_depleted,1000.0
27,644,38655,0,0,0.0,0.0,0.0,1000.0,0.8,1.0,budget_depleted,1000.0
27,644,38670,0,0,0.0,0.0,0.0,1000.0,0.8,1.0,budget_depleted,1000.0
27,644,38685,0,0,0.0,0.0,0.0,1000.0,0.8,1.0,budget_depleted,1000.0
27,645,38700,0,0,0.0,0.0,0.0,1000.0,0.72,1.0,budget_depleted,1000.0
27,645,38715,0,0,0.0,0.0,0.0,1000.0,0.72,1.0,budget_depleted,1000.0
27,645,38730,0,0,0.0,0.0,0.0,1000.0,0.72,1.0,budget_depleted,1000.0
27,645,38745,0,0,0.0,0.0,0.0,1000.0,0.72,1.0,budget_depleted,1000.0
27,646,38760,0,0,0.0,0.0,0.0,1000.0,0.94,1.0,budget_depleted,1000.0
27,646,38775,0,0,0.0,0.0,0.0,1000.0,0.94,1.0,budget_depleted,1000.0
27,646,38790,0,0,0.0,0.0,0.0,1000.0,0.94,1.0,budget_depleted,1000.0
27,646,38805,0,0,0.0,0.0,0.0,1000.0,0.94,1.0,budget_depleted,1000.0
27,647,38820,0,0,0.0,0.0,0.0,1000.0,0.94,1.0,budget_depleted,1000.0
27,647,38835,0,0,0.0,0.0,0.0,1000.0,0.94,1.0,budget_depleted,1000.0
27,647,38850,0,0,0.0,0.0,0.0,1000.0,0.94,1.0,budget_depleted,1000.0
27,647,38865,0,0,0.0,0.0,0.0,1000.0,0.94,1.0,budget_depleted,1000.0
28,648,38880,0,0,0.0,0.0,0.0,1000.0,0.94,1.0,normal,0.0
28,648,38895,4,0,3.76,3.76,0.94,1000.0,0.94,1.0,normal,3.76
28,648,38910,3,0,2.82,2.82,0.94,1000.0,0.94,1.0,normal,6.58
28,648,38925,1,0,0.94,0.94,0.94,1000.0,0.94,1.0,normal,7.52
28,649,38940,4,0,0.5621,0.5621,0.1405,1000.0,0.97,1.0,normal,8.0821
28,649,38955,0,0,0.0,0.0,0.97,1000.0,0.97,1.0,normal,8.0821
28,649,38970,3,0,2.91,2.91,0.97,1000.0,0.97,1.0,normal,10.9921
28,649,38985,2,0,1.94,1.94,0.97,1000.0,0.97,1.0,normal,12.9321
28,650,39000,2,0,2.0,2.0,1.0,1000.0,1.0,1.0,normal,14.9321
28,650,39015,7,0,7.0,7.0,1.0,1000.0,1.0,1.0,normal,21.9321
28,650,39030,3,0,0.9218,0.9218,0.3073,1000.0,1.0,1.0,normal,22.8539
28,650,39045,2,0,2.0,2.0,1.0,1000.0,1.0,1.0,normal,24.8539
28,651,39060,0,0,0.0,0.0,1.0,1000.0,1.0,1.0,normal,24.8539
28,651,39075,4,0,0.0941,0.0941,0.0235,1000.0,1.0,1.0,normal,24.948
28,651,39090,3,0,3.0,3.0,1.0,1000.0,1.0,1.0,normal,27.948
28,651,39105,2,0,2.0,2.0,1.0,1000.0,1.0,1.0,normal,29.948
28,652,39120,2,1,0.3617,0.3617,0.1808,1000.0,1.0,1.0,normal,30.3097
28,652,39135,4,0,4.0,4.0,1.0,1000.0,1.0,1.0,normal,34.3097
28,652,39150,1,0,0.3768,0.3768,0.3768,1000.0,1.0,1.0,normal,34.6865
28,652,39165,2,1,2.0,2.0,1.0,1000.0,1.0,1.0,normal,36.6865
28,653,39180,4,0,4.12,4.12,1.03,1000.0,1.03,1.0,normal,40.8065
28,653,39195,0,0,0.0,0.0,1.03,1000.0,1.03,1.0,normal,40.8065
28,653,39210,2,0,2.06,2.06,1.03,1000.0,1.03,1.0,normal,42.8665
28,653,39225,3,0,3.09,3.09,1.03,1000.0,1.03,1.0,normal,45.9565
28,654,39240,6,0,6.42,6.42,1.07,1000.0,1.07,1.0,normal,52.3765
28,654,39255,3,0,2.6991,2.6991,0.8997,1000.0,1.07,1.0,normal,55.0756
28,654,39270,2,0,2.14,2.14,1.07,1000.0,1.07,1.0,normal,57.2156
28,654,39285,4,0,4.28,4.28,1.07,1000.0,1.07,1.0,normal,61.4956
28,655,39300,4,0,4.44,4.44,1.11,1000.0,1.11,1.0,normal,65.9356
28,655,39315,3,0,2.2987,2.2987,0.7662,1000.0,1.11,1.0,normal,68.2343
28,655,39330,0,0,0.0,0.0,0.3839,1000.0,1.11,1.0,normal,68.2343
28,655,39345,2,0,2.22,2.22,1.11,1000.0,1.11,1.0,normal,70.4543
28,656,39360,4,0,4.44,4.44,1.11,1000.0,1.11,1.0,normal,74.8943
28,656,39375,2,0,0.7096,0.7096,0.3548,1000.0,1.11,1.0,normal,75.6039
28,656,39390,6,1,1.8686,1.8686,0.3114,1000.0,1.11,1.0,normal,77.4725
28,656,39405,3,0,3.33,3.33,1.11,1000.0,1.11,1.0,normal,80.8025
28,657,39420,2,0,2.3,2.3,1.15,1000.0,1.15,1.0,normal,83.1025
28,657,39435,4,0,4.6,4.6,1.15,1000.0,1.15,1.0,normal,87.7025
28,657,39450,2,0,2.3,2.3,1.15,1000.0,1.15,1.0,normal,90.0025
28,657,39465,8,0,8.8324,8.8324,1.1041,1000.0,1.15,1.0,normal,98.8349
28,658,39480,2,0,2.38,2.38,1.19,1000.0,1.19,1.0,normal,101.2149
28,658,39495,2,0,2.3753,2.3753,1.1876,1000.0,1.19,1.0,normal,103.5902
28,658,39510,5,0,1.533,1.533,0.3066,1000.0,1.19,1.0,normal,105.1232
28,658,39525,4,0,4.76,4.76,1.19,1000.0,1.19,1.0,normal,109.8832
28,659,39540,4,0,2.4655,2.4655,0.6164,1000.0,1.23,1.0,normal,112.3487
28,659,39555,4,0,4.4056,4.4056,1.1014,1000.0,1.23,1.0,normal,116.7543
28,659,39570,4,0,4.92,4.92,1.23,1000.0,1.23,1.0,normal,121.6743
28,659,39585,6,0,7.38,7.38,1.23,1000.0,1.23,1.0,normal,129.0543
28,660,39600,1,0,1.0188,1.0188,1.0188,1000.0,1.23,1.0,normal,130.0731
28,660,39615,3,0,3.388,3.388,1.1293,1000.0,1.23,1.0,normal,133.4611
28,660,39630,3,0,3.69,3.69,1.23,1000.0,1.23,1.0,normal,137.1511
28,660,39645,4,1,4.92,4.92,1.23,1000.0,1.23,1.0,normal,142.0711
28,661,39660,2,0,2.54,2.54,1.27,1000.0,1.27,1.0,normal,144.6111
28,661,39675,1,0,1.27,1.27,1.27,1000.0,1.27,1.0,normal,145.8811
28,661,39690,4,0,1.2397,1.2397,0.3099,1000.0,1.27,1.0,normal,147.1208
28,661,39705,5,0,2.6721,2.6721,0.5344,1000.0,1.27,1.0,normal,149.7929
28,662,39720,2,0,0.7553,0.7553,0.3776,1000.0,1.31,1.0,normal,150.5482
28,662,39735,1,0,1.0895,1.0895,1.0895,1000.0,1.31,1.0,normal,151.6377
28,662,39750,2,0,2.62,2.62,1.31,1000.0,1.31,1.0,normal,154.2577
28,662,39765,5,0,5.2788,5.2788,1.0558,1000.0,1.31,1.0,normal,159.5365
28,663,39780,4,0,4.3312,4.3312,1.0828,1000.0,1.36,1.0,normal,163.8677
28,663,39795,5,0,6.8,6.8,1.36,1000.0,1.36,1.0,normal,170.6677
28,663,39810,2,0,2.72,2.72,1.36,1000.0,1.36,1.0,normal,173.3877
28,663,39825,1,0,1.2452,1.2452,1.2452,1000.0,1.36,1.0,normal,174.6329
28,664,39840,4,0,5.44,5.44,1.36,1000.0,1.36,1.0,normal,180.0729
28,664,39855,1,0,1.0263,1.0263,1.0263,1000.0,1.36,1.0,normal,181.0992
28,664,39870,0,0,0.0,0.0,0.9413,1000.0,1.36,1.0,normal,181.0992
28,664,39885,1,0,1.36,1.36,1.36,1000.0,1.36,1.0,normal,182.4592
28,665,39900,4,0,5.64,5.64,1.41,1000.0,1.41,1.0,normal,188.0992
28,665,39915,5,0,5.1774,5.1774,1.0355,1000.0,1.41,1.0,normal,193.2766
28,665,39930,4,0,5.64,5.64,1.41,1000.0,1.41,1.0,normal,198.9166
28,665,39945,4,0,5.64,5.64,1.41,1000.0,1.41,1.0,normal,204.5566
28,666,39960,6,0,1.1373,1.1373,0.1896,1000.0,1.48,1.0,normal,205.6939
28,666,39975,3,0,1.307,1.307,0.4357,1000.0,1.48,1.0,normal,207.0009
28,666,39990,3,1,4.44,4.44,1.48,1000.0,1.48,1.0,normal,211.4409
28,666,40005,4,0,5.92,5.92,1.48,1000.0,1.48,1.0,normal,217.3609
28,667,40020,1,0,1.55,1.55,1.55,1000.0,1.55,1.0,normal,218.9109
28,667,40035,5,0,7.75,7.75,1.55,1000.0,1.55,1.0,normal,226.6609
28,667,40050,4,0,6.2,6.2,1.55,1000.0,1.55,1.0,normal,232.8609
28,667,40065,4,1,6.2,6.2,1.55,1000.0,1.55,1.0,normal,239.0609
28,668,40080,5,0,7.75,7.75,1.55,1000.0,1.55,1.0,normal,246.8109
28,668,40095,6,0,2.0981,2.0981,0.3497,1000.0,1.55,1.0,normal,248.909
28,668,40110,5,0,7.75,7.75,1.55,1000.0,1.55,1.0,normal,256.659
28,668,40125,4,0,4.7662,4.7662,1.1915,1000.0,1.55,1.0,normal,261.4252
28,669,40140,10,1,16.3,16.3,1.63,1000.0,1.63,1.0,normal,277.7252
28,669,40155,3,0,1.8415,1.8415,0.6138,1000.0,1.63,1.0,normal,279.5667
28,669,40170,4,0,6.52,6.52,1.63,1000.0,1.63,1.0,normal,286.0867
28,669,40185,3,1,2.7958,2.7958,0.9319,1000.0,1.63,1.0,normal,288.8825
28,670,40200,7,0,1.3198,1.3198,0.1885,1000.0,1.71,1.0,normal,290.2023
28,670,40215,7,0,8.4304,8.4304,1.2043,1000.0,1.71,1.0,normal,298.6327
28,670,40230,3,0,5.13,5.13,1.71,1000.0,1.71,1.0,normal,303.7627
28,670,40245,4,0,6.84,6.84,1.71,1000.0,1.71,1.0,normal,310.6027
28,671,40260,11,0,14.9056,14.9056,1.3551,1000.0,1.77,1.0,normal,325.5083
28,671,40275,5,0,0.4165,0.4165,0.0833,1000.0,1.77,1.0,normal,325.9248
28,671,40290,5,1,8.85,8.85,1.77,1000.0,1.77,1.0,normal,334.7748
28,671,40305,8,0,2.2267,2.2267,0.2783,1000.0,1.77,1.0,normal,337.0015
29,672,40320,4,0,7.08,7.08,1.77,1000.0,1.77,1.0,normal,7.08
29,672,40335,5,0,0.7717,0.7717,0.1543,1000.0,1.77,1.0,normal,7.8517
29,672,40350,6,0,8.1525,8.1525,1.3588,1000.0,1.77,1.0,normal,16.0042
29,672,40365,2,0,3.54,3.54,1.77,1000.0,1.77,1.0,normal,19.5442
29,673,40380,7,0,12.81,12.81,1.83,1000.0,1.83,1.0,normal,32.3542
29,673,40395,5,0,8.4973,8.4973,1.6995,1000.0,1.83,1.0,normal,40.8515
29,673,40410,1,0,1.83,1.83,1.83,1000.0,1.83,1.0,normal,42.6815
29,673,40425,4,0,7.32,7.32,1.83,1000.0,1.83,1.0,normal,50.0015
29,674,40440,5,0,9.45,9.45,1.89,1000.0,1.89,1.0,normal,59.4515
29,674,40455,3,0,5.67,5.67,1.89,1000.0,1.89,1.0,normal,65.1215
29,674,40470,4,0,7.56,7.56,1.89,1000.0,1.89,1.0,normal,72.6815
29,674,40485,11,0,14.3522,14.3522,1.3047,1000.0,1.89,1.0,normal,87.0337
29,675,40500,2,0,3.92,3.92,1.96,1000.0,1.96,1.0,normal,90.9537
29,675,40515,5,0,9.8,9.8,1.96,1000.0,1.96,1.0,normal,100.7537
29,675,40530,3,0,5.88,5.88,1.96,1000.0,1.96,1.0,normal,106.6337
29,675,40545,7,0,13.72,13.72,1.96,1000.0,1.96,1.0,normal,120.3537
29,676,40560,7,1,13.72,13.72,1.96,1000.0,1.96,1.0,normal,134.0737
29,676,40575,3,0,5.88,5.88,1.96,1000.0,1.96,1.0,normal,139.9537
29,676,40590,8,2,9.0375,4.5188,1.1297,1000.0,1.96,1.0,normal,148.9912
29,676,40605,5,0,4.6734,4.6734,0.9347,1000.0,1.96,1.0,normal,153.6646
29,677,40620,2,0,4.06,4.06,2.03,1000.0,2.03,1.0,normal,157.7246
29,677,40635,4,0,8.12,8.12,2.03,1000.0,2.03,1.0,normal,165.8446
29,677,40650,4,0,2.1025,2.1025,0.5256,1000.0,2.03,1.0,normal,167.9471
29,677,40665,8,0,0.1741,0.1741,0.0218,1000.0,2.03,1.0,normal,168.1212
29,678,40680,9,0,16.6669,16.6669,1.8519,1000.0,2.1,1.0,normal,184.7881
29,678,40695,3,0,6.3,6.3,2.1,1000.0,2.1,1.0,normal,191.0881
29,678,40710,7,0,12.6461,12.6461,1.8066,1000.0,2.1,1.0,normal,203.7342
29,678,40725,7,1,5.4351,5.4351,0.7764,1000.0,2.1,1.0,normal,209.1693
29,679,40740,3,0,4.6138,4.6138,1.5379,1000.0,2.17,1.0,normal,213.7831
29,679,40755,3,0,3.9164,3.9164,1.3055,1000.0,2.17,1.0,normal,217.6995
29,679,40770,7,0,1.3299,1.3299,0.19,1000.0,2.17,1.0,normal,219.0294
29,679,40785,3,0,0.3089,0.3089,0.103,1000.0,2.17,1.0,normal,219.3383
29,680,40800,8,0,22.56,22.56,2.82,1000.0,2.82,1.0,normal,241.8983
29,680,40815,7,0,19.74,19.74,2.82,1000.0,2.82,1.0,normal,261.6383
29,680,40830,9,0,24.4244,24.4244,2.7138,1000.0,2.82,1.0,normal,286.0627
29,680,40845,10,0,25.8043,25.8043,2.5804,1000.0,2.82,1.0,normal,311.867
29,681,40860,8,1,22.4538,22.4538,2.8067,1000.0,2.92,1.0,normal,334.3208
29,681,40875,8,0,6.5412,6.5412,0.8176,1000.0,2.92,1.0,normal,340.862
29,681,40890,4,0,2.0494,2.0494,0.5123,1000.0,2.92,1.0,normal,342.9114
29,681,40905,8,0,21.2582,21.2582,2.6573,1000.0,2.92,1.0,normal,364.1696
29,682,40920,11,1,33.22,33.22,3.02,1000.0,3.02,1.0,normal,397.3896
29,682,40935,9,0,27.18,27.18,3.02,1000.0,3.02,1.0,normal,424.5696
29,682,40950,4,0,5.806,5.806,1.4515,1000.0,3.02,1.0,normal,430.3756
29,682,40965,8,0,24.16,24.16,3.02,1000.0,3.02,1.0,normal,454.5356
29,683,40980,6,0,4.2438,4.2438,0.7073,1000.0,3.13,1.0,normal,458.7794
29,683,40995,6,1,4.7259,4.7259,0.7876,1000.0,3.13,1.0,normal,463.5053
29,683,41010,9,0,20.9204,20.9204,2.3245,1000.0,3.13,1.0,normal,484.4257
29,683,41025,10,0,5.5631,5.5631,0.5563,1000.0,3.13,1.0,normal,489.9888
29,684,41040,3,1,6.1791,6.1791,2.0597,1000.0,3.13,1.0,normal,496.1679
29,684,41055,8,0,25.04,25.04,3.13,1000.0,3.13,1.0,normal,521.2079
29,684,41070,6,0,15.8359,15.8359,2.6393,1000.0,3.13,1.0,normal,537.0438
29,684,41085,9,0,28.17,28.17,3.13,1000.0,3.13,1.0,normal,565.2138
29,685,41100,5,0,4.0298,4.0298,0.806,1000.0,3.24,1.0,normal,569.2436
29,685,41115,12,0,38.88,38.88,3.24,1000.0,3.24,1.0,normal,608.1236
29,685,41130,11,1,18.0173,18.0173,1.6379,1000.0,3.24,1.0,normal,626.1409
29,685,41145,6,1,0.1318,0.1318,0.022,1000.0,3.24,1.0,normal,626.2727
29,686,41160,3,0,10.05,10.05,3.35,1000.0,3.35,1.0,normal,636.3227
29,686,41175,6,0,9.8642,9.8642,1.644,1000.0,3.35,1.0,normal,646.1869
29,686,41190,8,1,26.8,26.8,3.35,1000.0,3.35,1.0,normal,672.9869
29,686,41205,8,0,26.8,26.8,3.35,1000.0,3.35,1.0,normal,699.7869
29,687,41220,4,0,13.2917,13.2917,3.3229,1000.0,3.47,1.0,normal,713.0786
29,687,41235,3,0,1.8246,1.8246,0.6082,1000.0,3.47,1.0,normal,714.9032
29,687,41250,9,0,12.3396,12.3396,1.3711,1000.0,3.47,1.0,normal,727.2428
29,687,41265,7,0,12.0839,12.0839,1.7263,1000.0,3.47,1.0,normal,739.3267
29,688,41280,10,0,34.7,34.7,3.47,1000.0,3.47,1.0,normal,774.0267
29,688,41295,7,0,24.29,24.29,3.47,1000.0,3.47,1.0,normal,798.3167
29,688,41310,5,0,5.5608,5.5608,1.1122,1000.0,3.47,1.0,normal,803.8775
29,688,41325,9,0,6.0159,6.0159,0.6684,1000.0,3.47,1.0,normal,809.8934
29,689,41340,10,0,21.3526,21.3526,2.1353,1000.0,3.59,1.0,normal,831.246
29,689,41355,12,0,43.08,43.08,3.59,1000.0,3.59,1.0,normal,874.326
29,689,41370,9,1,32.31,32.31,3.59,1000.0,3.59,1.0,budget_constrained,906.636
29,689,41385,5,0,17.95,17.95,3.59,1000.0,3.59,1.0,budget_constrained,924.586
29,690,41400,12,0,37.7924,37.7924,3.1494,1000.0,3.75,1.0,budget_constrained,962.3784
29,690,41415,10,0,37.6216,37.6216,3.75,1000.0,3.75,1.0,budget_depleted,1000.0
29,690,41430,0,0,0.0,0.0,0.0,1000.0,3.75,1.0,budget_depleted,1000.0
29,690,41445,0,0,0.0,0.0,0.0,1000.0,3.75,1.0,budget_depleted,1000.0
29,691,41460,0,0,0.0,0.0,0.0,1000.0,3.89,1.0,budget_depleted,1000.0
29,691,41475,0,0,0.0,0.0,0.0,1000.0,3.89,1.0,budget_depleted,1000.0
29,691,41490,0,0,0.0,0.0,0.0,1000.0,3.89,1.0,budget_depleted,1000.0
29,691,41505,0,0,0.0,0.0,0.0,1000.0,3.89,1.0,budget_depleted,1000.0
29,692,41520,0,0,0.0,0.0,0.0,1000.0,3.89,1.0,budget_depleted,1000.0
29,692,41535,0,0,0.0,0.0,0.0,1000.0,3.89,1.0,budget_depleted,1000.0
29,692,41550,0,0,0.0,0.0,0.0,1000.0,3.89,1.0,budget_depleted,1000.0
29,692,41565,0,0,0.0,0.0,0.0,1000.0,3.89,1.0,budget_depleted,1000.0
29,693,41580,0,0,0.0,0.0,0.0,1000.0,3.19,1.0,budget_depleted,1000.0
29,693,41595,0,0,0.0,0.0,0.0,1000.0,3.19,1.0,budget_depleted,1000.0
29,693,41610,0,0,0.0,0.0,0.0,1000.0,3.19,1.0,budget_depleted,1000.0
29,693,41625,0,0,0.0,0.0,0.0,1000.0,3.19,1.0,budget_depleted,1000.0
29,694,41640,0,0,0.0,0.0,0.0,1000.0,2.62,1.0,budget_depleted,1000.0
29,694,41655,0,0,0.0,0.0,0.0,1000.0,2.62,1.0,budget_depleted,1000.0
29,694,41670,0,0,0.0,0.0,0.0,1000.0,2.62,1.0,budget_depleted,1000.0
29,694,41685,0,0,0.0,0.0,0.0,1000.0,2.62,1.0,budget_depleted,1000.0
29,695,41700,0,0,0.0,0.0,0.0,1000.0,1.04,1.0,budget_depleted,1000.0
29,695,41715,0,0,0.0,0.0,0.0,1000.0,1.04,1.0,budget_depleted,1000.0
29,695,41730,0,0,0.0,0.0,0.0,1000.0,1.04,1.0,budget_depleted,1000.0
29,695,41745,0,0,0.0,0.0,0.0,1000.0,1.04,1.0,budget_depleted,1000.0
30,696,41760,0,0,0.0,0.0,0.0,1000.0,1.04,1.0,normal,0.0
30,696,41775,2,0,1.0043,1.0043,0.5021,1000.0,1.04,1.0,normal,1.0043
30,696,41790,2,0,1.0784,1.0784,0.5392,1000.0,1.04,1.0,normal,2.0827
30,696,41805,1,0,0.3219,0.3219,0.3219,1000.0,1.04,1.0,normal,2.4046
30,697,41820,2,0,0.6521,0.6521,0.3261,1000.0,1.35,1.0,normal,3.0567
30,697,41835,2,0,2.7,2.7,1.35,1000.0,1.35,1.0,normal,5.7567
30,697,41850,3,0,4.05,4.05,1.35,1000.0,1.35,1.0,normal,9.8067
30,697,41865,4,1,5.4,5.4,1.35,1000.0,1.35,1.0,normal,15.2067
30,698,41880,3,0,3.57,3.57,1.19,1000.0,1.19,1.0,normal,18.7767
30,698,41895,2,0,2.38,2.38,1.19,1000.0,1.19,1.0,normal,21.1567
30,698,41910,1,0,0.6745,0.6745,0.6745,1000.0,1.19,1.0,normal,21.8312
30,698,41925,2,1,2.38,2.38,1.19,1000.0,1.19,1.0,normal,24.2112
30,699,41940,6,0,10.7978,10.7978,1.7996,1000.0,2.29,1.0,normal,35.009
30,699,41955,4,0,6.2754,6.2754,1.5688,1000.0,2.29,1.0,normal,41.2844
30,699,41970,3,0,6.87,6.87,2.29,1000.0,2.29,1.0,normal,48.1544
30,699,41985,11,0,25.19,25.19,2.29,1000.0,2.29,1.0,normal,73.3444
30,700,42000,3,0,6.87,6.87,2.29,1000.0,2.29,1.0,normal,80.2144
30,700,42015,3,0,6.87,6.87,2.29,1000.0,2.29,1.0,normal,87.0844
30,700,42030,4,0,6.7602,6.7602,1.69,1000.0,2.29,1.0,normal,93.8446
30,700,42045,6,0,13.74,13.74,2.29,1000.0,2.29,1.0,normal,107.5846
30,701,42060,7,0,16.31,16.31,2.33,1000.0,2.33,1.0,normal,123.8946
30,701,42075,5,0,8.8932,8.8932,1.7786,1000.0,2.33,1.0,normal,132.7878
30,701,42090,4,0,6.0507,6.0507,1.5127,1000.0,2.33,1.0,normal,138.8385
30,701,42105,7,0,16.31,16.31,2.33,1000.0,2.33,1.0,normal,155.1485
30,702,42120,10,0,11.2337,11.2337,1.1234,1000.0,2.47,1.0,normal,166.3822
30,702,42135,6,0,5.8645,5.8645,0.9774,1000.0,2.47,1.0,normal,172.2467
30,702,42150,10,0,24.7,24.7,2.47,1000.0,2.47,1.0,normal,196.9467
30,702,42165,5,0,7.1007,7.1007,1.4201,1000.0,2.47,1.0,normal,204.0474
30,703,42180,7,0,17.92,17.92,2.56,1000.0,2.56,1.0,normal,221.9674
30,703,42195,5,0,0.039,0.039,0.0078,1000.0,2.56,1.0,normal,222.0064
30,703,42210,10,0,25.6,25.6,2.56,1000.0,2.56,1.0,normal,247.6064
30,703,42225,6,1,15.36,15.36,2.56,1000.0,2.56,1.0,normal,262.9664
30,704,42240,5,1,12.8,12.8,2.56,1000.0,2.56,1.0,normal,275.7664
30,704,42255,6,0,15.36,15.36,2.56,1000.0,2.56,1.0,normal,291.1264
30,704,42270,1,0,0.572,0.572,0.572,1000.0,2.56,1.0,normal,291.6984
30,704,42285,8,0,19.1526,19.1526,2.3941,1000.0,2.56,1.0,normal,310.851
30,705,42300,6,0,6.2485,6.2485,1.0414,1000.0,2.66,1.0,normal,317.0995
30,705,42315,7,0,1.7693,1.7693,0.2528,1000.0,2.66,1.0,normal,318.8688
30,705,42330,5,0,13.3,13.3,2.66,1000.0,2.66,1.0,normal,332.1688
30,705,42345,6,0,15.96,15.96,2.66,1000.0,2.66,1.0,normal,348.1288
30,706,42360,7,1,19.39,19.39,2.77,1000.0,2.77,1.0,normal,367.5188
30,706,42375,12,0,33.24,33.24,2.77,1000.0,2.77,1.0,normal,400.7588
30,706,42390,5,0,0.1179,0.1179,0.0236,1000.0,2.77,1.0,normal,400.8767
30,706,42405,6,0,13.7945,13.7945,2.2991,1000.0,2.77,1.0,normal,414.6712
30,707,42420,5,1,2.9195,2.9195,0.5839,1000.0,2.87,1.0,normal,417.5907
30,707,42435,3,0,2.694,2.694,0.898,1000.0,2.87,1.0,normal,420.2847
30,707,42450,8,1,7.4852,7.4852,0.9357,1000.0,2.87,1.0,normal,427.7699
30,707,42465,6,1,0.7598,0.7598,0.1266,1000.0,2.87,1.0,normal,428.5297
30,708,42480,9,1,25.83,25.83,2.87,1000.0,2.87,1.0,normal,454.3597
30,708,42495,6,0,2.0777,2.0777,0.3463,1000.0,2.87,1.0,normal,456.4374
30,708,42510,3,0,6.4713,6.4713,2.1571,1000.0,2.87,1.0,normal,462.9087
30,708,42525,8,1,12.6536,12.6536,1.5817,1000.0,2.87,1.0,normal,475.5623
30,709,42540,5,0,13.4277,13.4277,2.6855,1000.0,2.97,1.0,normal,488.99
30,709,42555,5,0,0.3201,0.3201,0.064,1000.0,2.97,1.0,normal,489.3101
30,709,42570,7,0,2.1904,2.1904,0.3129,1000.0,2.97,1.0,normal,491.5005
30,709,42585,9,0,26.73,26.73,2.97,1000.0,2.97,1.0,normal,518.2305
30,710,42600,6,0,18.42,18.42,3.07,1000.0,3.07,1.0,normal,536.6505
30,710,42615,6,0,18.42,18.42,3.07,1000.0,3.07,1.0,normal,555.0705
30,710,42630,7,0,21.49,21.49,3.07,1000.0,3.07,1.0,normal,576.5605
30,710,42645,7,1,3.9533,3.9533,0.5648,1000.0,3.07,1.0,normal,580.5138
30,711,42660,7,0,1.3762,1.3762,0.1966,1000.0,3.18,1.0,normal,581.89
30,711,42675,2,0,2.6759,2.6759,1.3379,1000.0,3.18,1.0,normal,584.5659
30,711,42690,7,1,3.7238,3.7238,0.532,1000.0,3.18,1.0,normal,588.2897
30,711,42705,6,0,7.1484,7.1484,1.1914,1000.0,3.18,1.0,normal,595.4381
30,712,42720,11,3,32.0168,10.6723,2.9106,1000.0,3.18,1.0,normal,627.4549
30,712,42735,5,0,15.9,15.9,3.18,1000.0,3.18,1.0,normal,643.3549
30,712,42750,11,0,6.8607,6.8607,0.6237,1000.0,3.18,1.0,normal,650.2156
30,712,42765,17,1,15.2961,15.2961,0.8998,1000.0,3.18,1.0,normal,665.5117
30,713,42780,5,0,10.3664,10.3664,2.0733,1000.0,3.29,1.0,normal,675.8781
30,713,42795,13,0,18.7248,18.7248,1.4404,1000.0,3.29,1.0,normal,694.6029
30,713,42810,7,0,23.03,23.03,3.29,1000.0,3.29,1.0,normal,717.6329
30,713,42825,9,0,16.4557,16.4557,1.8284,1000.0,3.29,1.0,normal,734.0886
30,714,42840,15,0,23.4129,23.4129,1.5609,1000.0,3.41,1.0,normal,757.5015
30,714,42855,9,0,24.9083,24.9083,2.7676,1000.0,3.41,1.0,normal,782.4098
30,714,42870,13,0,39.2932,39.2932,3.0226,1000.0,3.41,1.0,normal,821.703
30,714,42885,9,0,22.1686,22.1686,2.4632,1000.0,3.41,1.0,normal,843.8716
30,715,42900,6,0,8.6614,8.6614,1.4436,1000.0,3.56,1.0,normal,852.533
30,715,42915,7,0,24.92,24.92,3.56,1000.0,3.56,1.0,normal,877.453
30,715,42930,10,0,35.6,35.6,3.56,1000.0,3.56,1.0,budget_constrained,913.053
30,715,42945,8,0,9.6894,9.6894,1.2112,1000.0,3.56,1.0,budget_constrained,922.7424
30,716,42960,11,1,14.351,14.351,1.3046,1000.0,3.56,1.0,budget_constrained,937.0934
30,716,42975,10,1,35.6,35.6,3.56,1000.0,3.56,1.0,budget_constrained,972.6934
30,716,42990,4,0,1.7803,1.7803,0.4451,1000.0,3.56,1.0,budget_constrained,974.4737
30,716,43005,9,0,3.3421,3.3421,0.3713,1000.0,3.56,1.0,budget_constrained,977.8158
30,717,43020,7,0,15.7796,15.7796,2.2542,1000.0,3.7,1.0,budget_constrained,993.5954
30,717,43035,4,0,6.4046,6.4046,1.4477,1000.0,3.7,1.0,budget_constrained,1000.0
30,717,43050,0,0,0.0,0.0,3.7,1000.0,3.7,1.0,budget_constrained,1000.0
30,717,43065,0,0,0.0,0.0,2.3902,1000.0,3.7,1.0,budget_constrained,1000.0
30,718,43080,0,0,0.0,0.0,0.6933,1000.0,3.85,1.0,budget_constrained,1000.0
30,718,43095,0,0,0.0,0.0,3.85,1000.0,3.85,1.0,budget_constrained,1000.0
30,718,43110,0,0,0.0,0.0,2.0478,1000.0,3.85,1.0,budget_constrained,1000.0
30,718,43125,0,0,0.0,0.0,0.2964,1000.0,3.85,1.0,budget_constrained,1000.0
30,719,43140,0,0,0.0,0.0,3.99,1000.0,3.99,1.0,budget_constrained,1000.0
30,719,43155,0,0,0.0,0.0,1.0681,1000.0,3.99,1.0,budget_constrained,1000.0
30,719,43170,0,0,0.0,0.0,3.99,1000.0,3.99,1.0,budget_constrained,1000.0
30,719,43185,0,0,0.0,0.0,2.5717,1000.0,3.99,1.0,budget_constrained,1000.0
31,720,43200,0,0,0.0,0.0,0.8784,1000.0,3.99,1.0,normal,0.0
31,720,43215,8,1,24.3888,24.3888,3.0486,1000.0,3.99,1.0,normal,24.3888
31,720,43230,12,1,5.1649,5.1649,0.4304,1000.0,3.99,1.0,normal,29.5537
31,720,43245,6,0,23.94,23.94,3.99,1000.0,3.99,1.0,normal,53.4937
31,721,43260,12,2,19.9165,9.9582,1.6597,1000.0,4.13,1.0,normal,73.4102
31,721,43275,17,0,70.21,70.21,4.13,1000.0,4.13,1.0,normal,143.6202
31,721,43290,9,0,18.1908,18.1908,2.0212,1000.0,4.13,1.0,normal,161.811
31,721,43305,16,1,37.0014,37.0014,2.3126,1000.0,4.13,1.0,normal,198.8124
31,722,43320,7,0,24.5748,24.5748,3.5107,1000.0,4.27,1.0,normal,223.3872
31,722,43335,5,0,21.35,21.35,4.27,1000.0,4.27,1.0,normal,244.7372
31,722,43350,12,0,33.7099,33.7099,2.8092,1000.0,4.27,1.0,normal,278.4471
31,722,43365,7,0,22.1919,22.1919,3.1703,1000.0,4.27,1.0,normal,300.639
31,723,43380,12,0,44.1746,44.1746,3.6812,1000.0,4.47,1.0,normal,344.8136
31,723,43395,10,0,28.4282,28.4282,2.8428,1000.0,4.47,1.0,normal,373.2418
31,723,43410,14,1,30.0816,30.0816,2.1487,1000.0,4.47,1.0,normal,403.3234
31,723,43425,10,0,0.7715,0.7715,0.0771,1000.0,4.47,1.0,normal,404.0949
31,724,43440,16,1,71.52,71.52,4.47,1000.0,4.47,1.0,normal,475.6149
31,724,43455,13,0,50.5485,50.5485,3.8883,1000.0,4.47,1.0,normal,526.1634
31,724,43470,6,0,6.2379,6.2379,1.0396,1000.0,4.47,1.0,normal,532.4013
31,724,43485,14,0,44.317,44.317,3.1655,1000.0,4.47,1.0,normal,576.7183
31,725,43500,13,0,55.25,55.25,4.25,1000.0,4.25,1.0,normal,631.9683
31,725,43515,17,2,17.2224,8.6112,1.0131,1000.0,4.25,1.0,normal,649.1907
31,725,43530,5,1,19.1194,19.1194,3.8239,1000.0,4.25,1.0,normal,668.3101
31,725,43545,14,0,59.5,59.5,4.25,1000.0,4.25,1.0,normal,727.8101
31,726,43560,13,0,25.5932,25.5932,1.9687,1000.0,4.04,1.0,normal,753.4033
31,726,43575,12,1,9.3044,9.3044,0.7754,1000.0,4.04,1.0,normal,762.7077
31,726,43590,8,1,30.348,30.348,3.7935,1000.0,4.04,1.0,normal,793.0557
31,726,43605,10,0,1.1438,1.1438,0.1144,1000.0,4.04,1.0,normal,794.1995
31,727,43620,10,0,38.4,38.4,3.84,1000.0,3.84,1.0,normal,832.5995
31,727,43635,10,0,28.8308,28.8308,2.8831,1000.0,3.84,1.0,normal,861.4303
31,727,43650,8,0,7.027,7.027,0.8784,1000.0,3.84,1.0,normal,868.4573
31,727,43665,5,0,16.4229,16.4229,3.2846,1000.0,3.84,1.0,normal,884.8802
31,728,43680,8,0,24.8721,24.8721,3.109,1000.0,3.84,1.0,budget_constrained,909.7523
31,728,43695,1,0,0.7858,0.7858,0.7858,1000.0,3.84,1.0,budget_constrained,910.5381
31,728,43710,8,0,14.3211,14.3211,1.7901,1000.0,3.84,1.0,budget_constrained,924.8592
31,728,43725,10,0,38.4,38.4,3.84,1000.0,3.84,1.0,budget_constrained,963.2592
31,729,43740,8,0,24.1647,24.1647,3.0206,1000.0,3.71,1.0,budget_constrained,987.4239
31,729,43755,3,1,12.5761,12.5761,3.71,1000.0,3.71,1.0,budget_depleted,1000.0
31,729,43770,0,0,0.0,0.0,0.0,1000.0,3.71,1.0,budget_depleted,1000.0
31,729,43785,0,0,0.0,0.0,0.0,1000.0,3.71,1.0,budget_depleted,1000.0
31,730,43800,0,0,0.0,0.0,0.0,1000.0,3.59,1.0,budget_depleted,1000.0
31,730,43815,0,0,0.0,0.0,0.0,1000.0,3.59,1.0,budget_depleted,1000.0
31,730,43830,0,0,0.0,0.0,0.0,1000.0,3.59,1.0,budget_depleted,1000.0
31,730,43845,0,0,0.0,0.0,0.0,1000.0,3.59,1.0,budget_depleted,1000.0
31,731,43860,0,0,0.0,0.0,0.0,1000.0,3.46,1.0,budget_depleted,1000.0
31,731,43875,0,0,0.0,0.0,0.0,1000.0,3.46,1.0,budget_depleted,1000.0
31,731,43890,0,0,0.0,0.0,0.0,1000.0,3.46,1.0,budget_depleted,1000.0
31,731,43905,0,0,0.0,0.0,0.0,1000.0,3.46,1.0,budget_depleted,1000.0
31,732,43920,0,0,0.0,0.0,0.0,1000.0,3.84,1.0,budget_depleted,1000.0
31,732,43935,0,0,0.0,0.0,0.0,1000.0,3.84,1.0,budget_depleted,1000.0
31,732,43950,0,0,0.0,0.0,0.0,1000.0,3.84,1.0,budget_depleted,1000.0
31,732,43965,0,0,0.0,0.0,0.0,1000.0,3.84,1.0,budget_depleted,1000.0
31,733,43980,0,0,0.0,0.0,0.0,1000.0,3.71,1.0,budget_depleted,1000.0
31,733,43995,0,0,0.0,0.0,0.0,1000.0,3.71,1.0,budget_depleted,1000.0
31,733,44010,0,0,0.0,0.0,0.0,1000.0,3.71,1.0,budget_depleted,1000.0
31,733,44025,0,0,0.0,0.0,0.0,1000.0,3.71,1.0,budget_depleted,1000.0
31,734,44040,0,0,0.0,0.0,0.0,1000.0,3.59,1.0,budget_depleted,1000.0
31,734,44055,0,0,0.0,0.0,0.0,1000.0,3.59,1.0,budget_depleted,1000.0
31,734,44070,0,0,0.0,0.0,0.0,1000.0,3.59,1.0,budget_depleted,1000.0
31,734,44085,0,0,0.0,0.0,0.0,1000.0,3.59,1.0,budget_depleted,1000.0
31,735,44100,0,0,0.0,0.0,0.0,1000.0,3.46,1.0,budget_depleted,1000.0
31,735,44115,0,0,0.0,0.0,0.0,1000.0,3.46,1.0,budget_depleted,1000.0
31,735,44130,0,0,0.0,0.0,0.0,1000.0,3.46,1.0,budget_depleted,1000.0
31,735,44145,0,0,0.0,0.0,0.0,1000.0,3.46,1.0,budget_depleted,1000.0
31,736,44160,0,0,0.0,0.0,0.0,1000.0,3.84,1.0,budget_depleted,1000.0
31,736,44175,0,0,0.0,0.0,0.0,1000.0,3.84,1.0,budget_depleted,1000.0
31,736,44190,0,0,0.0,0.0,0.0,1000.0,3.84,1.0,budget_depleted,1000.0
31,736,44205,0,0,0.0,0.0,0.0,1000.0,3.84,1.0,budget_depleted,1000.0
31,737,44220,0,0,0.0,0.0,0.0,1000.0,3.99,1.0,budget_depleted,1000.0
31,737,44235,0,0,0.0,0.0,0.0,1000.0,3.99,1.0,budget_depleted,1000.0
31,737,44250,0,0,0.0,0.0,0.0,1000.0,3.99,1.0,budget_depleted,1000.0
31,737,44265,0,0,0.0,0.0,0.0,1000.0,3.99,1.0,budget_depleted,1000.0
31,738,44280,0,0,0.0,0.0,0.0,1000.0,4.14,1.0,budget_depleted,1000.0
31,738,44295,0,0,0.0,0.0,0.0,1000.0,4.14,1.0,budget_depleted,1000.0
31,738,44310,0,0,0.0,0.0,0.0,1000.0,4.14,1.0,budget_depleted,1000.0
31,738,44325,0,0,0.0,0.0,0.0,1000.0,4.14,1.0,budget_depleted,1000.0
31,739,44340,0,0,0.0,0.0,0.0,1000.0,4.5,1.0,budget_depleted,1000.0
31,739,44355,0,0,0.0,0.0,0.0,1000.0,4.5,1.0,budget_depleted,1000.0
31,739,44370,0,0,0.0,0.0,0.0,1000.0,4.5,1.0,budget_depleted,1000.0
31,739,44385,0,0,0.0,0.0,0.0,1000.0,4.5,1.0,budget_depleted,1000.0
31,740,44400,0,0,0.0,0.0,0.0,1000.0,4.5,1.0,budget_depleted,1000.0
31,740,44415,0,0,0.0,0.0,0.0,1000.0,4.5,1.0,budget_depleted,1000.0
31,740,44430,0,0,0.0,0.0,0.0,1000.0,4.5,1.0,budget_depleted,1000.0
31,740,44445,0,0,0.0,0.0,0.0,1000.0,4.5,1.0,budget_depleted,1000.0
31,741,44460,0,0,0.0,0.0,0.0,1000.0,4.65,1.0,budget_depleted,1000.0
31,741,44475,0,0,0.0,0.0,0.0,1000.0,4.65,1.0,budget_depleted,1000.0
31,741,44490,0,0,0.0,0.0,0.0,1000.0,4.65,1.0,budget_depleted,1000.0
31,741,44505,0,0,0.0,0.0,0.0,1000.0,4.65,1.0,budget_depleted,1000.0
31,742,44520,0,0,0.0,0.0,0.0,1000.0,4.8,1.0,budget_depleted,1000.0
31,742,44535,0,0,0.0,0.0,0.0,1000.0,4.8,1.0,budget_depleted,1000.0
31,742,44550,0,0,0.0,0.0,0.0,1000.0,4.8,1.0,budget_depleted,1000.0
31,742,44565,0,0,0.0,0.0,0.0,1000.0,4.8,1.0,budget_depleted,1000.0
31,743,44580,0,0,0.0,0.0,0.0,1000.0,4.94,1.0,budget_depleted,1000.0
31,743,44595,0,0,0.0,0.0,0.0,1000.0,4.94,1.0,budget_depleted,1000.0
31,743,44610,0,0,0.0,0.0,0.0,1000.0,4.94,1.0,budget_depleted,1000.0
31,743,44625,0,0,0.0,0.0,0.0,1000.0,4.94,1.0,budget_depleted,1000.0
32,744,44640,0,0,0.0,0.0,0.0,1000.0,4.94,1.0,normal,0.0
32,744,44655,16,0,79.04,79.04,4.94,1000.0,4.94,1.0,normal,79.04
32,744,44670,3,0,11.2146,11.2146,3.7382,1000.0,4.94,1.0,normal,90.2546
32,744,44685,14,1,40.0076,40.0076,2.8577,1000.0,4.94,1.0,normal,130.2622
32,745,44700,9,0,27.6714,27.6714,3.0746,1000.0,4.69,1.0,normal,157.9336
32,745,44715,3,0,14.07,14.07,4.69,1000.0,4.69,1.0,normal,172.0036
32,745,44730,13,0,60.97,60.97,4.69,1000.0,4.69,1.0,normal,232.9736
32,745,44745,7,0,10.8068,10.8068,1.5438,1000.0,4.69,1.0,normal,243.7804
32,746,44760,3,0,1.1601,1.1601,0.3867,1000.0,4.46,1.0,normal,244.9405
32,746,44775,14,0,61.317,61.317,4.3798,1000.0,4.46,1.0,normal,306.2575
32,746,44790,17,1,30.9841,30.9841,1.8226,1000.0,4.46,1.0,normal,337.2416
32,746,44805,11,0,19.6961,19.6961,1.7906,1000.0,4.46,1.0,normal,356.9377
32,747,44820,9,0,3.496,3.496,0.3884,1000.0,4.24,1.0,normal,360.4337
32,747,44835,8,0,6.8519,6.8519,0.8565,1000.0,4.24,1.0,normal,367.2856
32,747,44850,10,0,42.4,42.4,4.24,1000.0,4.24,1.0,normal,409.6856
32,747,44865,9,0,26.0098,26.0098,2.89,1000.0,4.24,1.0,normal,435.6954
32,748,44880,10,0,42.4,42.4,4.24,1000.0,4.24,1.0,normal,478.0954
32,748,44895,11,0,0.3777,0.3777,0.0343,1000.0,4.24,1.0,normal,478.4731
32,748,44910,13,0,44.6951,44.6951,3.4381,1000.0,4.24,1.0,normal,523.1682
32,748,44925,13,0,31.6737,31.6737,2.4364,1000.0,4.24,1.0,normal,554.8419
32,749,44940,8,0,2.7597,2.7597,0.345,1000.0,4.03,1.0,normal,557.6016
32,749,44955,9,1,33.0727,33.0727,3.6747,1000.0,4.03,1.0,normal,590.6743
32,749,44970,8,0,22.8791,22.8791,2.8599,1000.0,4.03,1.0,normal,613.5534
32,749,44985,11,0,40.0514,40.0514,3.641,1000.0,4.03,1.0,normal,653.6048
32,750,45000,9,0,34.47,34.47,3.83,1000.0,3.83,1.0,normal,688.0748
32,750,45015,11,0,4.206,4.206,0.3824,1000.0,3.83,1.0,normal,692.2808
32,750,45030,6,0,9.7331,9.7331,1.6222,1000.0,3.83,1.0,normal,702.0139
32,750,45045,15,0,55.3731,55.3731,3.6915,1000.0,3.83,1.0,normal,757.387
32,751,45060,8,0,16.3656,16.3656,2.0457,1000.0,3.64,1.0,normal,773.7526
32,751,45075,10,0,5.2121,5.2121,0.5212,1000.0,3.64,1.0,normal,778.9647
32,751,45090,12,0,30.3843,30.3843,2.532,1000.0,3.64,1.0,normal,809.349
32,751,45105,5,0,3.9808,3.9808,0.7962,1000.0,3.64,1.0,normal,813.3298
32,752,45120,1,0,0.01,0.01,0.01,1000.0,0.01,1.0,normal,813.3398
32,752,45135,0,0,0.0,0.0,0.01,1000.0,0.01,1.0,normal,813.3398
32,752,45150,0,0,0.0,0.0,0.01,1000.0,0.01,1.0,normal,813.3398
32,752,45165,0,0,0.0,0.0,0.01,1000.0,0.01,1.0,normal,813.3398
32,753,45180,0,0,0.0,0.0,0.01,1000.0,0.01,1.0,normal,813.3398
32,753,45195,0,0,0.0,0.0,0.01,1000.0,0.01,1.0,normal,813.3398
32,753,45210,0,0,0.0,0.0,0.01,1000.0,0.01,1.0,normal,813.3398
32,753,45225,0,0,0.0,0.0,0.01,1000.0,0.01,1.0,normal,813.3398
32,754,45240,0,0,0.0,0.0,0.01,1000.0,0.01,1.0,normal,813.3398
32,754,45255,0,0,0.0,0.0,0.01,1000.0,0.01,1.0,normal,813.3398
32,754,45270,1,0,0.01,0.01,0.01,1000.0,0.01,1.0,normal,813.3498
32,754,45285,0,0,0.0,0.0,0.01,1000.0,0.01,1.0,normal,813.3498
32,755,45300,0,0,0.0,0.0,0.01,1000.0,0.01,1.0,normal,813.3498
32,755,45315,0,0,0.0,0.0,0.01,1000.0,0.01,1.0,normal,813.3498
32,755,45330,0,0,0.0,0.0,0.01,1000.0,0.01,1.0,normal,813.3498
32,755,45345,0,0,0.0,0.0,0.01,1000.0,0.01,1.0,normal,813.3498
32,756,45360,12,0,42.1688,42.1688,3.5141,1000.0,4.2,1.0,normal,855.5186
32,756,45375,14,0,58.8,58.8,4.2,1000.0,4.2,1.0,budget_constrained,914.3186
32,756,45390,6,0,17.3418,17.3418,2.8903,1000.0,4.2,1.0,budget_constrained,931.6604
32,756,45405,10,0,24.106,24.106,2.4106,1000.0,4.2,1.0,budget_constrained,955.7664
32,757,45420,8,1,27.3785,27.3785,3.4223,1000.0,4.2,1.0,budget_constrained,983.1449
32,757,45435,11,0,6.0873,6.0873,0.5534,1000.0,4.2,1.0,budget_constrained,989.2322
32,757,45450,2,0,10.7678,10.7678,4.0105,1000.0,4.2,1.0,budget_depleted,1000.0
32,757,45465,0,0,0.0,0.0,0.0,1000.0,4.2,1.0,budget_depleted,1000.0
32,758,45480,0,0,0.0,0.0,0.0,1000.0,4.2,1.0,budget_depleted,1000.0
32,758,45495,0,0,0.0,0.0,0.0,1000.0,4.2,1.0,budget_depleted,1000.0
32,758,45510,0,0,0.0,0.0,0.0,1000.0,4.2,1.0,budget_depleted,1000.0
32,758,45525,0,0,0.0,0.0,0.0,1000.0,4.2,1.0,budget_depleted,1000.0
32,759,45540,0,0,0.0,0.0,0.0,1000.0,4.2,1.0,budget_depleted,1000.0
32,759,45555,0,0,0.0,0.0,0.0,1000.0,4.2,1.0,budget_depleted,1000.0
32,759,45570,0,0,0.0,0.0,0.0,1000.0,4.2,1.0,budget_depleted,1000.0
32,759,45585,0,0,0.0,0.0,0.0,1000.0,4.2,1.0,budget_depleted,1000.0
32,760,45600,0,0,0.0,0.0,0.0,1000.0,4.86,1.0,budget_depleted,1000.0
32,760,45615,0,0,0.0,0.0,0.0,1000.0,4.86,1.0,budget_depleted,1000.0
32,760,45630,0,0,0.0,0.0,0.0,1000.0,4.86,1.0,budget_depleted,1000.0
32,760,45645,0,0,0.0,0.0,0.0,1000.0,4.86,1.0,budget_depleted,1000.0
32,761,45660,0,0,0.0,0.0,0.0,1000.0,4.86,1.0,budget_depleted,1000.0
32,761,45675,0,0,0.0,0.0,0.0,1000.0,4.86,1.0,budget_depleted,1000.0
32,761,45690,0,0,0.0,0.0,0.0,1000.0,4.86,1.0,budget_depleted,1000.0
32,761,45705,0,0,0.0,0.0,0.0,1000.0,4.86,1.0,budget_depleted,1000.0
32,762,45720,0,0,0.0,0.0,0.0,1000.0,4.86,1.0,budget_depleted,1000.0
32,762,45735,0,0,0.0,0.0,0.0,1000.0,4.86,1.0,budget_depleted,1000.0
32,762,45750,0,0,0.0,0.0,0.0,1000.0,4.86,1.0,budget_depleted,1000.0
32,762,45765,0,0,0.0,0.0,0.0,1000.0,4.86,1.0,budget_depleted,1000.0
32,763,45780,0,0,0.0,0.0,0.0,1000.0,4.86,1.0,budget_depleted,1000.0
32,763,45795,0,0,0.0,0.0,0.0,1000.0,4.86,1.0,budget_depleted,1000.0
32,763,45810,0,0,0.0,0.0,0.0,1000.0,4.86,1.0,budget_depleted,1000.0
32,763,45825,0,0,0.0,0.0,0.0,1000.0,4.86,1.0,budget_depleted,1000.0
32,764,45840,0,0,0.0,0.0,0.0,1000.0,4.86,1.0,budget_depleted,1000.0
32,764,45855,0,0,0.0,0.0,0.0,1000.0,4.86,1.0,budget_depleted,1000.0
32,764,45870,0,0,0.0,0.0,0.0,1000.0,4.86,1.0,budget_depleted,1000.0
32,764,45885,0,0,0.0,0.0,0.0,1000.0,4.86,1.0,budget_depleted,1000.0
32,765,45900,0,0,0.0,0.0,0.0,1000.0,3.99,1.0,budget_depleted,1000.0
32,765,45915,0,0,0.0,0.0,0.0,1000.0,3.99,1.0,budget_depleted,1000.0
32,765,45930,0,0,0.0,0.0,0.0,1000.0,3.99,1.0,budget_depleted,1000.0
32,765,45945,0,0,0.0,0.0,0.0,1000.0,3.99,1.0,budget_depleted,1000.0
32,766,45960,0,0,0.0,0.0,0.0,1000.0,3.27,1.0,budget_depleted,1000.0
32,766,45975,0,0,0.0,0.0,0.0,1000.0,3.27,1.0,budget_depleted,1000.0
32,766,45990,0,0,0.0,0.0,0.0,1000.0,3.27,1.0,budget_depleted,1000.0
32,766,46005,0,0,0.0,0.0,0.0,1000.0,3.27,1.0,budget_depleted,1000.0
32,767,46020,0,0,0.0,0.0,0.0,1000.0,1.46,1.0,budget_depleted,1000.0
32,767,46035,0,0,0.0,0.0,0.0,1000.0,1.46,1.0,budget_depleted,1000.0
32,767,46050,0,0,0.0,0.0,0.0,1000.0,1.46,1.0,budget_depleted,1000.0
32,767,46065,0,0,0.0,0.0,0.0,1000.0,1.46,1.0,budget_depleted,1000.0
33,768,46080,0,0,0.0,0.0,0.0,1000.0,1.46,1.0,normal,0.0
33,768,46095,2,0,2.2858,2.2858,1.1429,1000.0,1.46,1.0,normal,2.2858
33,768,46110,7,0,10.1284,10.1284,1.4469,1000.0,1.46,1.0,normal,12.4142
33,768,46125,2,0,2.92,2.92,1.46,1000.0,1.46,1.0,normal,15.3342
33,769,46140,4,1,2.9398,2.9398,0.735,1000.0,1.36,1.0,normal,18.274
33,769,46155,3,1,1.5864,1.5864,0.5288,1000.0,1.36,1.0,normal,19.8604
33,769,46170,4,0,4.316,4.316,1.079,1000.0,1.36,1.0,normal,24.1764
33,769,46185,3,0,4.08,4.08,1.36,1000.0,1.36,1.0,normal,28.2564
33,770,46200,1,0,0.6798,0.6798,0.6798,1000.0,1.41,1.0,normal,28.9362
33,770,46215,2,0,2.82,2.82,1.41,1000.0,1.41,1.0,normal,31.7562
33,770,46230,1,0,0.2813,0.2813,0.2813,1000.0,1.41,1.0,normal,32.0375
33,770,46245,3,0,4.23,4.23,1.41,1000.0,1.41,1.0,normal,36.2675
33,771,46260,8,0,3.9621,3.9621,0.4953,1000.0,1.46,1.0,normal,40.2296
33,771,46275,4,0,5.84,5.84,1.46,1000.0,1.46,1.0,normal,46.0696
33,771,46290,2,0,2.92,2.92,1.46,1000.0,1.46,1.0,normal,48.9896
33,771,46305,6,0,4.5251,4.5251,0.7542,1000.0,1.46,1.0,normal,53.5147
33,772,46320,4,0,5.84,5.84,1.46,1000.0,1.46,1.0,normal,59.3547
33,772,46335,7,1,10.22,10.22,1.46,1000.0,1.46,1.0,normal,69.5747
33,772,46350,4,0,5.84,5.84,1.46,1000.0,1.46,1.0,normal,75.4147
33,772,46365,3,0,2.0159,2.0159,0.672,1000.0,1.46,1.0,normal,77.4306
33,773,46380,4,0,4.387,4.387,1.0967,1000.0,1.51,1.0,normal,81.8176
33,773,46395,3,0,2.8258,2.8258,0.9419,1000.0,1.51,1.0,normal,84.6434
33,773,46410,6,1,9.06,9.06,1.51,1000.0,1.51,1.0,normal,93.7034
33,773,46425,2,0,2.7046,2.7046,1.3523,1000.0,1.51,1.0,normal,96.408
33,774,46440,4,0,6.24,6.24,1.56,1000.0,1.56,1.0,normal,102.648
33,774,46455,5,0,0.6562,0.6562,0.1312,1000.0,1.56,1.0,normal,103.3042
33,774,46470,4,0,6.24,6.24,1.56,1000.0,1.56,1.0,normal,109.5442
33,774,46485,3,0,4.68,4.68,1.56,1000.0,1.56,1.0,normal,114.2242
33,775,46500,2,0,3.22,3.22,1.61,1000.0,1.61,1.0,normal,117.4442
33,775,46515,4,0,5.0708,5.0708,1.2677,1000.0,1.61,1.0,normal,122.515
33,775,46530,5,0,5.6147,5.6147,1.1229,1000.0,1.61,1.0,normal,128.1297
33,775,46545,4,0,6.44,6.44,1.61,1000.0,1.61,1.0,normal,134.5697
33,776,46560,6,0,6.2021,6.2021,1.0337,1000.0,2.09,1.0,normal,140.7718
33,776,46575,3,0,6.27,6.27,2.09,1000.0,2.09,1.0,normal,147.0418
33,776,46590,12,0,25.08,25.08,2.09,1000.0,2.09,1.0,normal,172.1218
33,776,46605,0,0,0.0,0.0,0.026,1000.0,2.09,1.0,normal,172.1218
33,777,46620,3,0,6.3222,6.3222,2.1074,1000.0,2.16,1.0,normal,178.444
33,777,46635,4,0,8.3755,8.3755,2.0939,1000.0,2.16,1.0,normal,186.8195
33,777,46650,9,1,19.44,19.44,2.16,1000.0,2.16,1.0,normal,206.2595
33,777,46665,5,1,10.0817,10.0817,2.0163,1000.0,2.16,1.0,normal,216.3412
33,778,46680,6,2,2.7977,1.3988,0.4663,1000.0,2.24,1.0,normal,219.1389
33,778,46695,4,0,6.8682,6.8682,1.717,1000.0,2.24,1.0,normal,226.0071
33,778,46710,1,0,0.6752,0.6752,0.6752,1000.0,2.24,1.0,normal,226.6823
33,778,46725,9,0,20.16,20.16,2.24,1000.0,2.24,1.0,normal,246.8423
33,779,46740,6,1,13.1183,13.1183,2.1864,1000.0,2.32,1.0,normal,259.9606
33,779,46755,4,0,6.4597,6.4597,1.6149,1000.0,2.32,1.0,normal,266.4203
33,779,46770,6,0,13.92,13.92,2.32,1000.0,2.32,1.0,normal,280.3403
33,779,46785,8,1,18.56,18.56,2.32,1000.0,2.32,1.0,normal,298.9003
33,780,46800,8,0,4.9,4.9,0.6125,1000.0,2.32,1.0,normal,303.8003
33,780,46815,3,1,3.6484,3.6484,1.2161,1000.0,2.32,1.0,normal,307.4487
33,780,46830,5,0,4.8123,4.8123,0.9625,1000.0,2.32,1.0,normal,312.261
33,780,46845,9,0,12.6904,12.6904,1.41,1000.0,2.32,1.0,normal,324.9514
33,781,46860,6,0,10.3388,10.3388,1.7231,1000.0,2.4,1.0,normal,335.2902
33,781,46875,8,0,19.2,19.2,2.4,1000.0,2.4,1.0,normal,354.4902
33,781,46890,11,0,26.4,26.4,2.4,1000.0,2.4,1.0,normal,380.8902
33,781,46905,6,0,10.8926,10.8926,1.8154,1000.0,2.4,1.0,normal,391.7828
33,782,46920,5,0,7.0892,7.0892,1.4178,1000.0,2.48,1.0,normal,398.872
33,782,46935,7,0,17.36,17.36,2.48,1000.0,2.48,1.0,normal,416.232
33,782,46950,5,0,5.4772,5.4772,1.0954,1000.0,2.48,1.0,normal,421.7092
33,782,46965,4,0,2.771,2.771,0.6928,1000.0,2.48,1.0,normal,424.4802
33,783,46980,3,0,4.2735,4.2735,1.4245,1000.0,2.57,1.0,normal,428.7537
33,783,46995,5,0,12.85,12.85,2.57,1000.0,2.57,1.0,normal,441.6037
33,783,47010,2,0,0.7384,0.7384,0.3692,1000.0,2.57,1.0,normal,442.3421
33,783,47025,4,0,8.7312,8.7312,2.1828,1000.0,2.57,1.0,normal,451.0733
33,784,47040,8,0,4.4211,4.4211,0.5526,1000.0,2.57,1.0,normal,455.4944
33,784,47055,5,0,1.1289,1.1289,0.2258,1000.0,2.57,1.0,normal,456.6233
33,784,47070,6,0,15.42,15.42,2.57,1000.0,2.57,1.0,normal,472.0433
33,784,47085,4,0,1.1842,1.1842,0.296,1000.0,2.57,1.0,normal,473.2275
33,785,47100,13,0,2.4776,2.4776,0.1906,1000.0,2.66,1.0,normal,475.7051
33,785,47115,6,0,4.3285,4.3285,0.7214,1000.0,2.66,1.0,normal,480.0336
33,785,47130,4,0,3.4405,3.4405,0.8601,1000.0,2.66,1.0,normal,483.4741
33,785,47145,9,0,6.4738,6.4738,0.7193,1000.0,2.66,1.0,normal,489.9479
33,786,47160,8,0,9.9481,9.9481,1.2435,1000.0,2.75,1.0,normal,499.896
33,786,47175,7,1,2.6415,2.6415,0.3774,1000.0,2.75,1.0,normal,502.5375
33,786,47190,7,0,19.25,19.25,2.75,1000.0,2.75,1.0,normal,521.7875
33,786,47205,15,0,27.1047,27.1047,1.807,1000.0,2.75,1.0,normal,548.8922
33,787,47220,3,0,8.5271,8.5271,2.8424,1000.0,2.85,1.0,normal,557.4193
33,787,47235,7,0,19.95,19.95,2.85,1000.0,2.85,1.0,normal,577.3693
33,787,47250,6,1,17.1,17.1,2.85,1000.0,2.85,1.0,normal,594.4693
33,787,47265,3,0,0.2328,0.2328,0.0776,1000.0,2.85,1.0,normal,594.7021
33,788,47280,4,0,11.4,11.4,2.85,1000.0,2.85,1.0,normal,606.1021
33,788,47295,5,0,0.7385,0.7385,0.1477,1000.0,2.85,1.0,normal,606.8406
33,788,47310,6,0,17.1,17.1,2.85,1000.0,2.85,1.0,normal,623.9406
33,788,47325,6,0,16.7167,16.7167,2.7861,1000.0,2.85,1.0,normal,640.6573
33,789,47340,6,0,11.4527,11.4527,1.9088,1000.0,2.95,1.0,normal,652.11
33,789,47355,7,0,11.6999,11.6999,1.6714,1000.0,2.95,1.0,normal,663.8099
33,789,47370,11,0,32.45,32.45,2.95,1000.0,2.95,1.0,normal,696.2599
33,789,47385,6,0,0.6012,0.6012,0.1002,1000.0,2.95,1.0,normal,696.8611
33,790,47400,5,0,9.7067,9.7067,1.9413,1000.0,3.05,1.0,normal,706.5678
33,790,47415,6,0,18.3,18.3,3.05,1000.0,3.05,1.0,normal,724.8678
33,790,47430,7,0,21.35,21.35,3.05,1000.0,3.05,1.0,normal,746.2178
33,790,47445,9,0,25.1021,25.1021,2.7891,1000.0,3.05,1.0,normal,771.3199
33,791,47460,6,0,18.96,18.96,3.16,1000.0,3.16,1.0,normal,790.2799
33,791,47475,9,0,28.44,28.44,3.16,1000.0,3.16,1.0,normal,818.7199
33,791,47490,6,0,15.8388,15.8388,2.6398,1000.0,3.16,1.0,normal,834.5587
33,791,47505,7,0,12.3772,12.3772,1.7682,1000.0,3.16,1.0,normal,846.9359
34,792,47520,12,0,37.92,37.92,3.16,1000.0,3.16,1.0,normal,37.92
34,792,47535,11,1,12.833,12.833,1.1666,1000.0,3.16,1.0,normal,50.753
34,792,47550,5,0,5.2294,5.2294,1.0459,1000.0,3.16,1.0,normal,55.9824
34,792,47565,8,1,15.5372,15.5372,1.9422,1000.0,3.16,1.0,normal,71.5196
34,793,47580,12,0,39.24,39.24,3.27,1000.0,3.27,1.0,normal,110.7596
34,793,47595,8,0,23.2674,23.2674,2.9084,1000.0,3.27,1.0,normal,134.027
34,793,47610,15,1,14.9176,14.9176,0.9945,1000.0,3.27,1.0,normal,148.9446
34,793,47625,7,0,22.2346,22.2346,3.1764,1000.0,3.27,1.0,normal,171.1792
34,794,47640,3,0,8.7425,8.7425,2.9142,1000.0,3.38,1.0,normal,179.9217
34,794,47655,8,0,18.3419,18.3419,2.2927,1000.0,3.38,1.0,normal,198.2636
34,794,47670,6,0,20.28,20.28,3.38,1000.0,3.38,1.0,normal,218.5436
34,794,47685,6,0,18.773,18.773,3.1288,1000.0,3.38,1.0,normal,237.3166
34,795,47700,10,0,10.3501,10.3501,1.035,1000.0,3.5,1.0,normal,247.6667
34,795,47715,12,0,42.0,42.0,3.5,1000.0,3.5,1.0,normal,289.6667
34,795,47730,8,0,0.829,0.829,0.1036,1000.0,3.5,1.0,normal,290.4957
34,795,47745,9,0,6.3221,6.3221,0.7025,1000.0,3.5,1.0,normal,296.8178
34,796,47760,0,0,0.0,0.0,0.01,1000.0,0.01,1.0,normal,296.8178
34,796,47775,0,0,0.0,0.0,0.01,1000.0,0.01,1.0,normal,296.8178
34,796,47790,0,0,0.0,0.0,0.01,1000.0,0.01,1.0,normal,296.8178
34,796,47805,0,0,0.0,0.0,0.01,1000.0,0.01,1.0,normal,296.8178
34,797,47820,0,0,0.0,0.0,0.01,1000.0,0.01,1.0,normal,296.8178
34,797,47835,0,0,0.0,0.0,0.01,1000.0,0.01,1.0,normal,296.8178
34,797,47850,0,0,0.0,0.0,0.01,1000.0,0.01,1.0,normal,296.8178
34,797,47865,0,0,0.0,0.0,0.01,1000.0,0.01,1.0,normal,296.8178
34,798,47880,0,0,0.0,0.0,0.01,1000.0,0.01,1.0,normal,296.8178
34,798,47895,0,0,0.0,0.0,0.01,1000.0,0.01,1.0,normal,296.8178
34,798,47910,0,0,0.0,0.0,0.01,1000.0,0.01,1.0,normal,296.8178
34,798,47925,0,0,0.0,0.0,0.01,1000.0,0.01,1.0,normal,296.8178
34,799,47940,0,0,0.0,0.0,0.01,1000.0,0.01,1.0,normal,296.8178
34,799,47955,0,0,0.0,0.0,0.01,1000.0,0.01,1.0,normal,296.8178
34,799,47970,0,0,0.0,0.0,0.01,1000.0,0.01,1.0,normal,296.8178
34,799,47985,0,0,0.0,0.0,0.01,1000.0,0.01,1.0,normal,296.8178
34,800,48000,6,0,25.2,25.2,4.2,1000.0,4.2,1.0,normal,322.0178
34,800,48015,14,0,17.8432,17.8432,1.2745,1000.0,4.2,1.0,normal,339.861
34,800,48030,4,0,1.0173,1.0173,0.2543,1000.0,4.2,1.0,normal,340.8783
34,800,48045,12,0,28.5641,28.5641,2.3803,1000.0,4.2,1.0,normal,369.4424
34,801,48060,7,0,18.3966,18.3966,2.6281,1000.0,3.99,1.0,normal,387.839
34,801,48075,12,0,35.0167,35.0167,2.9181,1000.0,3.99,1.0,normal,422.8557
34,801,48090,8,0,27.8626,27.8626,3.4828,1000.0,3.99,1.0,normal,450.7183
34,801,48105,5,0,16.5924,16.5924,3.3185,1000.0,3.99,1.0,normal,467.3107
34,802,48120,16,2,37.7433,18.8716,2.359,1000.0,3.79,1.0,normal,505.054
34,802,48135,3,0,4.7867,4.7867,1.5956,1000.0,3.79,1.0,normal,509.8407
34,802,48150,15,0,36.823,36.823,2.4549,1000.0,3.79,1.0,normal,546.6637
34,802,48165,11,0,25.7827,25.7827,2.3439,1000.0,3.79,1.0,normal,572.4464
34,803,48180,8,1,28.8,28.8,3.6,1000.0,3.6,1.0,normal,601.2464
34,803,48195,11,0,39.6,39.6,3.6,1000.0,3.6,1.0,normal,640.8464
34,803,48210,11,0,29.9864,29.9864,2.726,1000.0,3.6,1.0,normal,670.8328
34,803,48225,9,0,27.3249,27.3249,3.0361,1000.0,3.6,1.0,normal,698.1577
34,804,48240,8,0,33.6,33.6,4.2,1000.0,4.2,1.0,normal,731.7577
34,804,48255,10,1,14.3478,14.3478,1.4348,1000.0,4.2,1.0,normal,746.1055
34,804,48270,7,0,9.3675,9.3675,1.3382,1000.0,4.2,1.0,normal,755.473
34,804,48285,10,0,14.4816,14.4816,1.4482,1000.0,4.2,1.0,normal,769.9546
34,805,48300,5,0,12.0263,12.0263,2.4053,1000.0,3.99,1.0,normal,781.9809
34,805,48315,11,0,6.0525,6.0525,0.5502,1000.0,3.99,1.0,normal,788.0334
34,805,48330,8,1,4.8663,4.8663,0.6083,1000.0,3.99,1.0,normal,792.8997
34,805,48345,15,0,29.9083,29.9083,1.9939,1000.0,3.99,1.0,normal,822.808
34,806,48360,10,2,29.8353,14.9176,2.9835,1000.0,4.2,1.0,normal,852.6433
34,806,48375,6,0,10.0954,10.0954,1.6826,1000.0,4.2,1.0,normal,862.7387
34,806,48390,14,1,47.9664,47.9664,3.4262,1000.0,4.2,1.0,budget_constrained,910.7051
34,806,48405,8,0,3.5058,3.5058,0.4382,1000.0,4.2,1.0,budget_constrained,914.2109
34,807,48420,12,0,12.8241,12.8241,1.0687,1000.0,4.2,1.0,budget_constrained,927.035
34,807,48435,10,0,42.0,42.0,4.2,1000.0,4.2,1.0,budget_constrained,969.035
34,807,48450,14,2,27.1933,13.5966,1.9424,1000.0,4.2,1.0,budget_constrained,996.2283
34,807,48465,9,0,1.8224,1.8224,0.2025,1000.0,4.2,1.0,budget_constrained,998.0507
34,808,48480,0,0,1.9493,1.9493,2.3235,1000.0,4.2,1.0,budget_depleted,1000.0
34,808,48495,0,0,0.0,0.0,0.0,1000.0,4.2,1.0,budget_depleted,1000.0
34,808,48510,0,0,0.0,0.0,0.0,1000.0,4.2,1.0,budget_depleted,1000.0
34,808,48525,0,0,0.0,0.0,0.0,1000.0,4.2,1.0,budget_depleted,1000.0
34,809,48540,0,0,0.0,0.0,0.0,1000.0,4.06,1.0,budget_depleted,1000.0
34,809,48555,0,0,0.0,0.0,0.0,1000.0,4.06,1.0,budget_depleted,1000.0
34,809,48570,0,0,0.0,0.0,0.0,1000.0,4.06,1.0,budget_depleted,1000.0
34,809,48585,0,0,0.0,0.0,0.0,1000.0,4.06,1.0,budget_depleted,1000.0
34,810,48600,0,0,0.0,0.0,0.0,1000.0,3.92,1.0,budget_depleted,1000.0
34,810,48615,0,0,0.0,0.0,0.0,1000.0,3.92,1.0,budget_depleted,1000.0
34,810,48630,0,0,0.0,0.0,0.0,1000.0,3.92,1.0,budget_depleted,1000.0
34,810,48645,0,0,0.0,0.0,0.0,1000.0,3.92,1.0,budget_depleted,1000.0
34,811,48660,0,0,0.0,0.0,0.0,1000.0,3.78,1.0,budget_depleted,1000.0
34,811,48675,0,0,0.0,0.0,0.0,1000.0,3.78,1.0,budget_depleted,1000.0
34,811,48690,0,0,0.0,0.0,0.0,1000.0,3.78,1.0,budget_depleted,1000.0
34,811,48705,0,0,0.0,0.0,0.0,1000.0,3.78,1.0,budget_depleted,1000.0
34,812,48720,0,0,0.0,0.0,0.0,1000.0,3.78,1.0,budget_depleted,1000.0
34,812,48735,0,0,0.0,0.0,0.0,1000.0,3.78,1.0,budget_depleted,1000.0
34,812,48750,0,0,0.0,0.0,0.0,1000.0,3.78,1.0,budget_depleted,1000.0
34,812,48765,0,0,0.0,0.0,0.0,1000.0,3.78,1.0,budget_depleted,1000.0
34,813,48780,0,0,0.0,0.0,0.0,1000.0,3.1,1.0,budget_depleted,1000.0
34,813,48795,0,0,0.0,0.0,0.0,1000.0,3.1,1.0,budget_depleted,1000.0
34,813,48810,0,0,0.0,0.0,0.0,1000.0,3.1,1.0,budget_depleted,1000.0
34,813,48825,0,0,0.0,0.0,0.0,1000.0,3.1,1.0,budget_depleted,1000.0
34,814,48840,0,0,0.0,0.0,0.0,1000.0,2.54,1.0,budget_depleted,1000.0
34,814,48855,0,0,0.0,0.0,0.0,1000.0,2.54,1.0,budget_depleted,1000.0
34,814,48870,0,0,0.0,0.0,0.0,1000.0,2.54,1.0,budget_depleted,1000.0
34,814,48885,0,0,0.0,0.0,0.0,1000.0,2.54,1.0,budget_depleted,1000.0
34,815,48900,0,0,0.0,0.0,0.0,1000.0,1.26,1.0,budget_depleted,1000.0
34,815,48915,0,0,0.0,0.0,0.0,1000.0,1.26,1.0,budget_depleted,1000.0
34,815,48930,0,0,0.0,0.0,0.0,1000.0,1.26,1.0,budget_depleted,1000.0
34,815,48945,0,0,0.0,0.0,0.0,1000.0,1.26,1.0,budget_depleted,1000.0
35,816,48960,0,0,0.0,0.0,0.0,1000.0,1.26,1.0,normal,0.0
35,816,48975,5,0,6.3,6.3,1.26,1000.0,1.26,1.0,normal,6.3
35,816,48990,3,1,3.78,3.78,1.26,1000.0,1.26,1.0,normal,10.08
35,816,49005,6,0,2.2049,2.2049,0.3675,1000.0,1.26,1.0,normal,12.2849
35,817,49020,4,0,5.2,5.2,1.3,1000.0,1.3,1.0,normal,17.4849
35,817,49035,4,1,3.0949,3.0949,0.7737,1000.0,1.3,1.0,normal,20.5798
35,817,49050,3,0,3.9,3.9,1.3,1000.0,1.3,1.0,normal,24.4798
35,817,49065,3,1,3.4918,3.4918,1.1639,1000.0,1.3,1.0,normal,27.9716
35,818,49080,5,0,2.8646,2.8646,0.5729,1000.0,1.35,1.0,normal,30.8362
35,818,49095,1,0,1.35,1.35,1.35,1000.0,1.35,1.0,normal,32.1862
35,818,49110,6,1,8.1,8.1,1.35,1000.0,1.35,1.0,normal,40.2862
35,818,49125,1,0,1.1407,1.1407,1.1407,1000.0,1.35,1.0,normal,41.4269
35,819,49140,6,0,8.4,8.4,1.4,1000.0,1.4,1.0,normal,49.8269
35,819,49155,8,0,3.6098,3.6098,0.4512,1000.0,1.4,1.0,normal,53.4367
35,819,49170,5,0,7.0,7.0,1.4,1000.0,1.4,1.0,normal,60.4367
35,819,49185,1,0,0.4638,0.4638,0.4638,1000.0,1.4,1.0,normal,60.9005
35,820,49200,3,0,1.2661,1.2661,0.422,1000.0,1.4,1.0,normal,62.1666
35,820,49215,1,0,1.4,1.4,1.4,1000.0,1.4,1.0,normal,63.5666
35,820,49230,3,0,0.7343,0.7343,0.2448,1000.0,1.4,1.0,normal,64.3009
35,820,49245,2,0,2.2749,2.2749,1.1374,1000.0,1.4,1.0,normal,66.5758
35,821,49260,3,0,4.35,4.35,1.45,1000.0,1.45,1.0,normal,70.9258
35,821,49275,5,0,1.7941,1.7941,0.3588,1000.0,1.45,1.0,normal,72.7199
35,821,49290,3,0,0.9986,0.9986,0.3329,1000.0,1.45,1.0,normal,73.7185
35,821,49305,4,0,0.401,0.401,0.1002,1000.0,1.45,1.0,normal,74.1195
35,822,49320,2,0,3.0,3.0,1.5,1000.0,1.5,1.0,normal,77.1195
35,822,49335,3,0,4.5,4.5,1.5,1000.0,1.5,1.0,normal,81.6195
35,822,49350,3,0,0.8396,0.8396,0.2799,1000.0,1.5,1.0,normal,82.4591
35,822,49365,7,0,8.4782,8.4782,1.2112,1000.0,1.5,1.0,normal,90.9373
35,823,49380,6,0,9.3,9.3,1.55,1000.0,1.55,1.0,normal,100.2373
35,823,49395,7,0,10.85,10.85,1.55,1000.0,1.55,1.0,normal,111.0873
35,823,49410,1,0,1.55,1.55,1.55,1000.0,1.55,1.0,normal,112.6373
35,823,49425,2,0,3.0845,3.0845,1.5422,1000.0,1.55,1.0,normal,115.7218
35,824,49440,3,0,3.6242,3.6242,1.2081,1000.0,1.55,1.0,normal,119.346
35,824,49455,8,0,12.4,12.4,1.55,1000.0,1.55,1.0,normal,131.746
35,824,49470,2,0,2.7738,2.7738,1.3869,1000.0,1.55,1.0,normal,134.5198
35,824,49485,2,0,2.2955,2.2955,1.1478,1000.0,1.55,1.0,normal,136.8153
35,825,49500,3,0,3.8291,3.8291,1.2764,1000.0,1.6,1.0,normal,140.6444
35,825,49515,2,0,3.2,3.2,1.6,1000.0,1.6,1.0,normal,143.8444
35,825,49530,6,0,9.6,9.6,1.6,1000.0,1.6,1.0,normal,153.4444
35,825,49545,6,1,9.6,9.6,1.6,1000.0,1.6,1.0,normal,163.0444
35,826,49560,2,1,0.8913,0.8913,0.4457,1000.0,1.66,1.0,normal,163.9357
35,826,49575,6,0,9.96,9.96,1.66,1000.0,1.66,1.0,normal,173.8957
35,826,49590,2,0,2.2946,2.2946,1.1473,1000.0,1.66,1.0,normal,176.1903
35,826,49605,5,0,5.8075,5.8075,1.1615,1000.0,1.66,1.0,normal,181.9978
35,827,49620,4,0,6.88,6.88,1.72,1000.0,1.72,1.0,normal,188.8778
35,827,49635,3,0,5.16,5.16,1.72,1000.0,1.72,1.0,normal,194.0378
35,827,49650,6,0,3.3898,3.3898,0.565,1000.0,1.72,1.0,normal,197.4276
35,827,49665,5,0,5.5896,5.5896,1.1179,1000.0,1.72,1.0,normal,203.0172
35,828,49680,4,0,6.88,6.88,1.72,1000.0,1.72,1.0,normal,209.8972
35,828,49695,9,0,15.48,15.48,1.72,1000.0,1.72,1.0,normal,225.3772
35,828,49710,6,0,10.32,10.32,1.72,1000.0,1.72,1.0,normal,235.6972
35,828,49725,3,1,5.16,5.16,1.72,1000.0,1.72,1.0,normal,240.8572
35,829,49740,4,0,1.8774,1.8774,0.4693,1000.0,1.78,1.0,normal,242.7346
35,829,49755,9,2,16.02,8.01,1.78,1000.0,1.78,1.0,normal,258.7546
35,829,49770,3,0,5.34,5.34,1.78,1000.0,1.78,1.0,normal,264.0946
35,829,49785,2,0,1.3583,1.3583,0.6791,1000.0,1.78,1.0,normal,265.4529
35,830,49800,5,0,9.2,9.2,1.84,1000.0,1.84,1.0,normal,274.6529
35,830,49815,10,1,4.8155,4.8155,0.4816,1000.0,1.84,1.0,normal,279.4684
35,830,49830,4,0,3.7273,3.7273,0.9318,1000.0,1.84,1.0,normal,283.1957
35,830,49845,5,0,7.188,7.188,1.4376,1000.0,1.84,1.0,normal,290.3837
35,831,49860,5,0,9.5,9.5,1.9,1000.0,1.9,1.0,normal,299.8837
35,831,49875,5,1,9.5,9.5,1.9,1000.0,1.9,1.0,normal,309.3837
35,831,49890,5,0,7.0167,7.0167,1.4033,1000.0,1.9,1.0,normal,316.4004
35,831,49905,5,0,9.5,9.5,1.9,1000.0,1.9,1.0,normal,325.9004
35,832,49920,5,0,6.1513,6.1513,1.2303,1000.0,1.9,1.0,normal,332.0517
35,832,49935,8,0,4.8503,4.8503,0.6063,1000.0,1.9,1.0,normal,336.902
35,832,49950,4,0,7.6,7.6,1.9,1000.0,1.9,1.0,normal,344.502
35,832,49965,3,0,1.2246,1.2246,0.4082,1000.0,1.9,1.0,normal,345.7266
35,833,49980,6,0,10.1395,10.1395,1.6899,1000.0,1.97,1.0,normal,355.8661
35,833,49995,3,0,5.91,5.91,1.97,1000.0,1.97,1.0,normal,361.7761
35,833,50010,5,0,9.85,9.85,1.97,1000.0,1.97,1.0,normal,371.6261
35,833,50025,4,0,7.88,7.88,1.97,1000.0,1.97,1.0,normal,379.5061
35,834,50040,7,0,5.8039,5.8039,0.8291,1000.0,2.04,1.0,normal,385.31
35,834,50055,8,0,15.0969,15.0969,1.8871,1000.0,2.04,1.0,normal,400.4069
35,834,50070,2,0,2.3314,2.3314,1.1657,1000.0,2.04,1.0,normal,402.7383
35,834,50085,5,0,0.9809,0.9809,0.1962,1000.0,2.04,1.0,normal,403.7192
35,835,50100,9,1,18.99,18.99,2.11,1000.0,2.11,1.0,normal,422.7092
35,835,50115,5,0,4.9534,4.9534,0.9907,1000.0,2.11,1.0,normal,427.6626
35,835,50130,5,0,6.0733,6.0733,1.2147,1000.0,2.11,1.0,normal,433.7359
35,835,50145,6,0,8.9393,8.9393,1.4899,1000.0,2.11,1.0,normal,442.6752
35,836,50160,7,0,14.77,14.77,2.11,1000.0,2.11,1.0,normal,457.4452
35,836,50175,4,0,6.6645,6.6645,1.6661,1000.0,2.11,1.0,normal,464.1097
35,836,50190,2,0,1.9061,1.9061,0.9531,1000.0,2.11,1.0,normal,466.0158
35,836,50205,3,0,6.33,6.33,2.11,1000.0,2.11,1.0,normal,472.3458
35,837,50220,4,0,8.72,8.72,2.18,1000.0,2.18,1.0,normal,481.0658
35,837,50235,4,0,8.72,8.72,2.18,1000.0,2.18,1.0,normal,489.7858
35,837,50250,5,0,10.9,10.9,2.18,1000.0,2.18,1.0,normal,500.6858
35,837,50265,4,0,8.72,8.72,2.18,1000.0,2.18,1.0,normal,509.4058
35,838,50280,2,0,4.52,4.52,2.26,1000.0,2.26,1.0,normal,513.9258
35,838,50295,11,0,24.86,24.86,2.26,1000.0,2.26,1.0,normal,538.7858
35,838,50310,5,0,7.8784,7.8784,1.5757,1000.0,2.26,1.0,normal,546.6642
35,838,50325,9,0,18.7779,18.7779,2.0864,1000.0,2.26,1.0,normal,565.4421
35,839,50340,8,0,12.666,12.666,1.5833,1000.0,2.34,1.0,normal,578.1081
35,839,50355,3,0,5.0194,5.0194,1.6731,1000.0,2.34,1.0,normal,583.1275
35,839,50370,4,0,3.553,3.553,0.8882,1000.0,2.34,1.0,normal,586.6805
35,839,50385,7,0,14.3708,14.3708,2.053,1000.0,2.34,1.0,normal,601.0513
36,840,50400,8,0,17.9135,17.9135,2.2392,1000.0,2.34,1.0,normal,17.9135
36,840,50415,1,0,0.22,0.22,0.22,1000.0,2.34,1.0,normal,18.1335
36,840,50430,10,0,22.0971,22.0971,2.2097,1000.0,2.34,1.0,normal,40.2306
36,840,50445,3,1,7.02,7.02,2.34,1000.0,2.34,1.0,normal,47.2506
36,841,50460,7,1,16.94,16.94,2.42,1000.0,2.42,1.0,normal,64.1906
36,841,50475,8,1,11.0358,11.0358,1.3795,1000.0,2.42,1.0,normal,75.2264
36,841,50490,5,0,8.4061,8.4061,1.6812,1000.0,2.42,1.0,normal,83.6325
36,841,50505,10,0,3.0563,3.0563,0.3056,1000.0,2.42,1.0,normal,86.6888
36,842,50520,8,2,20.0,10.0,2.5,1000.0,2.5,1.0,normal,106.6888
36,842,50535,2,0,1.253,1.253,0.6265,1000.0,2.5,1.0,normal,107.9418
36,842,50550,5,0,2.8457,2.8457,0.5691,1000.0,2.5,1.0,normal,110.7875
36,842,50565,4,0,10.0,10.0,2.5,1000.0,2.5,1.0,normal,120.7875
36,843,50580,9,0,23.31,23.31,2.59,1000.0,2.59,1.0,normal,144.0975
36,843,50595,8,0,20.72,20.72,2.59,1000.0,2.59,1.0,normal,164.8175
36,843,50610,3,0,7.77,7.77,2.59,1000.0,2.59,1.0,normal,172.5875
36,843,50625,5,0,7.0397,7.0397,1.4079,1000.0,2.59,1.0,normal,179.6272
36,844,50640,9,0,29.9438,29.9438,3.3271,1000.0,3.37,1.0,normal,209.571
36,844,50655,7,1,20.5611,20.5611,2.9373,1000.0,3.37,1.0,normal,230.1321
36,844,50670,12,1,5.0621,5.0621,0.4218,1000.0,3.37,1.0,normal,235.1942
36,844,50685,9,0,21.1438,21.1438,2.3493,1000.0,3.37,1.0,normal,256.338
36,845,50700,14,1,48.86,48.86,3.49,1000.0,3.49,1.0,normal,305.198
36,845,50715,11,0,36.5001,36.5001,3.3182,1000.0,3.49,1.0,normal,341.6981
36,845,50730,16,0,9.9368,9.9368,0.6211,1000.0,3.49,1.0,normal,351.6349
36,845,50745,6,0,12.1792,12.1792,2.0299,1000.0,3.49,1.0,normal,363.8141
36,846,50760,10,1,31.9514,31.9514,3.1951,1000.0,3.61,1.0,normal,395.7655
36,846,50775,10,1,15.9005,15.9005,1.59,1000.0,3.61,1.0,normal,411.666
36,846,50790,9,0,32.49,32.49,3.61,1000.0,3.61,1.0,normal,444.156
36,846,50805,9,0,32.49,32.49,3.61,1000.0,3.61,1.0,normal,476.646
36,847,50820,10,1,1.7159,1.7159,0.1716,1000.0,3.74,1.0,normal,478.3619
36,847,50835,13,1,38.8011,38.8011,2.9847,1000.0,3.74,1.0,normal,517.163
36,847,50850,9,0,27.514,27.514,3.0571,1000.0,3.74,1.0,normal,544.677
36,847,50865,10,0,37.4,37.4,3.74,1000.0,3.74,1.0,normal,582.077
36,848,50880,11,0,41.14,41.14,3.74,1000.0,3.74,1.0,normal,623.217
36,848,50895,7,1,9.2803,9.2803,1.3258,1000.0,3.74,1.0,normal,632.4973
36,848,50910,14,0,50.2368,50.2368,3.5883,1000.0,3.74,1.0,normal,682.7341
36,848,50925,5,0,18.7,18.7,3.74,1000.0,3.74,1.0,normal,701.4341
36,849,50940,9,0,9.922,9.922,1.1024,1000.0,3.62,1.0,normal,711.3561
36,849,50955,13,0,47.06,47.06,3.62,1000.0,3.62,1.0,normal,758.4161
36,849,50970,8,0,28.96,28.96,3.62,1000.0,3.62,1.0,normal,787.3761
36,849,50985,6,0,21.72,21.72,3.62,1000.0,3.62,1.0,normal,809.0961
36,850,51000,8,1,27.5949,27.5949,3.4494,1000.0,3.49,1.0,normal,836.691
36,850,51015,8,1,11.6317,11.6317,1.454,1000.0,3.49,1.0,normal,848.3227
36,850,51030,8,0,27.92,27.92,3.49,1000.0,3.49,1.0,normal,876.2427
36,850,51045,8,0,3.3103,3.3103,0.4138,1000.0,3.49,1.0,normal,879.553
36,851,51060,14,2,47.18,23.59,3.37,1000.0,3.37,1.0,budget_constrained,926.733
36,851,51075,5,0,7.7077,7.7077,1.5415,1000.0,3.37,1.0,budget_constrained,934.4407
36,851,51090,7,0,18.0663,18.0663,2.5809,1000.0,3.37,1.0,budget_constrained,952.507
36,851,51105,9,0,29.0542,29.0542,3.2282,1000.0,3.37,1.0,budget_constrained,981.5612
36,852,51120,5,0,18.4388,18.4388,3.37,1000.0,3.37,1.0,budget_depleted,1000.0
36,852,51135,0,0,0.0,0.0,0.0,1000.0,3.37,1.0,budget_depleted,1000.0
36,852,51150,0,0,0.0,0.0,0.0,1000.0,3.37,1.0,budget_depleted,1000.0
36,852,51165,0,0,0.0,0.0,0.0,1000.0,3.37,1.0,budget_depleted,1000.0
36,853,51180,0,0,0.0,0.0,0.0,1000.0,3.26,1.0,budget_depleted,1000.0
36,853,51195,0,0,0.0,0.0,0.0,1000.0,3.26,1.0,budget_depleted,1000.0
36,853,51210,0,0,0.0,0.0,0.0,1000.0,3.26,1.0,budget_depleted,1000.0
36,853,51225,0,0,0.0,0.0,0.0,1000.0,3.26,1.0,budget_depleted,1000.0
36,854,51240,0,0,0.0,0.0,0.0,1000.0,3.14,1.0,budget_depleted,1000.0
36,854,51255,0,0,0.0,0.0,0.0,1000.0,3.14,1.0,budget_depleted,1000.0
36,854,51270,0,0,0.0,0.0,0.0,1000.0,3.14,1.0,budget_depleted,1000.0
36,854,51285,0,0,0.0,0.0,0.0,1000.0,3.14,1.0,budget_depleted,1000.0
36,855,51300,0,0,0.0,0.0,0.0,1000.0,3.03,1.0,budget_depleted,1000.0
36,855,51315,0,0,0.0,0.0,0.0,1000.0,3.03,1.0,budget_depleted,1000.0
36,855,51330,0,0,0.0,0.0,0.0,1000.0,3.03,1.0,budget_depleted,1000.0
36,855,51345,0,0,0.0,0.0,0.0,1000.0,3.03,1.0,budget_depleted,1000.0
36,856,51360,0,0,0.0,0.0,0.0,1000.0,3.03,1.0,budget_depleted,1000.0
36,856,51375,0,0,0.0,0.0,0.0,1000.0,3.03,1.0,budget_depleted,1000.0
36,856,51390,0,0,0.0,0.0,0.0,1000.0,3.03,1.0,budget_depleted,1000.0
36,856,51405,0,0,0.0,0.0,0.0,1000.0,3.03,1.0,budget_depleted,1000.0
36,857,51420,0,0,0.0,0.0,0.0,1000.0,2.48,1.0,budget_depleted,1000.0
36,857,51435,0,0,0.0,0.0,0.0,1000.0,2.48,1.0,budget_depleted,1000.0
36,857,51450,0,0,0.0,0.0,0.0,1000.0,2.48,1.0,budget_depleted,1000.0
36,857,51465,0,0,0.0,0.0,0.0,1000.0,2.48,1.0,budget_depleted,1000.0
36,858,51480,0,0,0.0,0.0,0.0,1000.0,2.04,1.0,budget_depleted,1000.0
36,858,51495,0,0,0.0,0.0,0.0,1000.0,2.04,1.0,budget_depleted,1000.0
36,858,51510,0,0,0.0,0.0,0.0,1000.0,2.04,1.0,budget_depleted,1000.0
36,858,51525,0,0,0.0,0.0,0.0,1000.0,2.04,1.0,budget_depleted,1000.0
36,859,51540,0,0,0.0,0.0,0.0,1000.0,1.01,1.0,budget_depleted,1000.0
36,859,51555,0,0,0.0,0.0,0.0,1000.0,1.01,1.0,budget_depleted,1000.0
36,859,51570,0,0,0.0,0.0,0.0,1000.0,1.01,1.0,budget_depleted,1000.0
36,859,51585,0,0,0.0,0.0,0.0,1000.0,1.01,1.0,budget_depleted,1000.0
36,860,51600,0,0,0.0,0.0,0.0,1000.0,1.01,1.0,budget_depleted,1000.0
36,860,51615,0,0,0.0,0.0,0.0,1000.0,1.01,1.0,budget_depleted,1000.0
36,860,51630,0,0,0.0,0.0,0.0,1000.0,1.01,1.0,budget_depleted,1000.0
36,860,51645,0,0,0.0,0.0,0.0,1000.0,1.01,1.0,budget_depleted,1000.0
36,861,51660,0,0,0.0,0.0,0.0,1000.0,0.98,1.0,budget_depleted,1000.0
36,861,51675,0,0,0.0,0.0,0.0,1000.0,0.98,1.0,budget_depleted,1000.0
36,861,51690,0,0,0.0,0.0,0.0,1000.0,0.98,1.0,budget_depleted,1000.0
36,861,51705,0,0,0.0,0.0,0.0,1000.0,0.98,1.0,budget_depleted,1000.0
36,862,51720,0,0,0.0,0.0,0.0,1000.0,0.94,1.0,budget_depleted,1000.0
36,862,51735,0,0,0.0,0.0,0.0,1000.0,0.94,1.0,budget_depleted,1000.0
36,862,51750,0,0,0.0,0.0,0.0,1000.0,0.94,1.0,budget_depleted,1000.0
36,862,51765,0,0,0.0,0.0,0.0,1000.0,0.94,1.0,budget_depleted,1000.0
36,863,51780,0,0,0.0,0.0,0.0,1000.0,0.91,1.0,budget_depleted,1000.0
36,863,51795,0,0,0.0,0.0,0.0,1000.0,0.91,1.0,budget_depleted,1000.0
36,863,51810,0,0,0.0,0.0,0.0,1000.0,0.91,1.0,budget_depleted,1000.0
36,863,51825,0,0,0.0,0.0,0.0,1000.0,0.91,1.0,budget_depleted,1000.0
37,864,51840,0,0,0.0,0.0,0.0,1000.0,0.91,1.0,normal,0.0
37,864,51855,3,0,2.73,2.73,0.91,1000.0,0.91,1.0,normal,2.73
37,864,51870,0,0,0.0,0.0,0.91,1000.0,0.91,1.0,normal,2.73
37,864,51885,3,0,2.73,2.73,0.91,1000.0,0.91,1.0,normal,5.46
37,865,51900,3,0,2.82,2.82,0.94,1000.0,0.94,1.0,normal,8.28
37,865,51915,1,0,0.5847,0.5847,0.5847,1000.0,0.94,1.0,normal,8.8647
37,865,51930,0,0,0.0,0.0,0.94,1000.0,0.94,1.0,normal,8.8647
37,865,51945,3,0,2.82,2.82,0.94,1000.0,0.94,1.0,normal,11.6847
37,866,51960,1,0,0.7156,0.7156,0.7156,1000.0,0.84,1.0,normal,12.4003
37,866,51975,0,0,0.0,0.0,0.84,1000.0,0.84,1.0,normal,12.4003
37,866,51990,1,0,0.84,0.84,0.84,1000.0,0.84,1.0,normal,13.2403
37,866,52005,2,0,1.68,1.68,0.84,1000.0,0.84,1.0,normal,14.9203
37,867,52020,1,0,0.172,0.172,0.172,1000.0,0.87,1.0,normal,15.0923
37,867,52035,4,1,3.48,3.48,0.87,1000.0,0.87,1.0,normal,18.5723
37,867,52050,1,0,0.87,0.87,0.87,1000.0,0.87,1.0,normal,19.4423
37,867,52065,2,0,1.74,1.74,0.87,1000.0,0.87,1.0,normal,21.1823
37,868,52080,1,0,0.87,0.87,0.87,1000.0,0.87,1.0,normal,22.0523
37,868,52095,3,0,2.61,2.61,0.87,1000.0,0.87,1.0,normal,24.6623
37,868,52110,4,0,3.48,3.48,0.87,1000.0,0.87,1.0,normal,28.1423
37,868,52125,2,0,1.1083,1.1083,0.5541,1000.0,0.87,1.0,normal,29.2506
37,869,52140,2,0,1.8,1.8,0.9,1000.0,0.9,1.0,normal,31.0506
37,869,52155,1,0,0.9,0.9,0.9,1000.0,0.9,1.0,normal,31.9506
37,869,52170,4,0,3.6,3.6,0.9,1000.0,0.9,1.0,normal,35.5506
37,869,52185,2,0,1.8,1.8,0.9,1000.0,0.9,1.0,normal,37.3506
37,870,52200,0,0,0.0,0.0,0.93,1000.0,0.93,1.0,normal,37.3506
37,870,52215,3,1,2.79,2.79,0.93,1000.0,0.93,1.0,normal,40.1406
37,870,52230,4,0,3.72,3.72,0.93,1000.0,0.93,1.0,normal,43.8606
37,870,52245,2,0,1.86,1.86,0.93,1000.0,0.93,1.0,normal,45.7206
37,871,52260,3,0,0.2238,0.2238,0.0746,1000.0,0.96,1.0,normal,45.9444
37,871,52275,5,0,4.5195,4.5195,0.9039,1000.0,0.96,1.0,normal,50.4639
37,871,52290,0,0,0.0,0.0,0.96,1000.0,0.96,1.0,normal,50.4639
37,871,52305,3,0,2.88,2.88,0.96,1000.0,0.96,1.0,normal,53.3439
37,872,52320,3,0,0.7629,0.7629,0.2543,1000.0,0.96,1.0,normal,54.1068
37,872,52335,2,0,0.0233,0.0233,0.0116,1000.0,0.96,1.0,normal,54.1301
37,872,52350,5,0,2.138,2.138,0.4276,1000.0,0.96,1.0,normal,56.2681
37,872,52365,2,0,1.92,1.92,0.96,1000.0,0.96,1.0,normal,58.1881
37,873,52380,3,0,2.97,2.97,0.99,1000.0,0.99,1.0,normal,61.1581
37,873,52395,2,0,1.3107,1.3107,0.6553,1000.0,0.99,1.0,normal,62.4688
37,873,52410,2,0,1.98,1.98,0.99,1000.0,0.99,1.0,normal,64.4488
37,873,52425,3,0,2.97,2.97,0.99,1000.0,0.99,1.0,normal,67.4188
37,874,52440,3,0,3.06,3.06,1.02,1000.0,1.02,1.0,normal,70.4788
37,874,52455,2,0,2.04,2.04,1.02,1000.0,1.02,1.0,normal,72.5188
37,874,52470,3,0,2.2635,2.2635,0.7545,1000.0,1.02,1.0,normal,74.7823
37,874,52485,2,0,2.04,2.04,1.02,1000.0,1.02,1.0,normal,76.8223
37,875,52500,2,1,1.0319,1.0319,0.516,1000.0,1.06,1.0,normal,77.8542
37,875,52515,2,0,1.6472,1.6472,0.8236,1000.0,1.06,1.0,normal,79.5014
37,875,52530,6,0,6.36,6.36,1.06,1000.0,1.06,1.0,normal,85.8614
37,875,52545,3,0,3.18,3.18,1.06,1000.0,1.06,1.0,normal,89.0414
37,876,52560,5,0,5.3,5.3,1.06,1000.0,1.06,1.0,normal,94.3414
37,876,52575,1,0,1.06,1.06,1.06,1000.0,1.06,1.0,normal,95.4014
37,876,52590,4,0,4.24,4.24,1.06,1000.0,1.06,1.0,normal,99.6414
37,876,52605,4,0,2.503,2.503,0.6257,1000.0,1.06,1.0,normal,102.1444
37,877,52620,3,0,1.6591,1.6591,0.553,1000.0,1.1,1.0,normal,103.8035
37,877,52635,3,0,3.3,3.3,1.1,1000.0,1.1,1.0,normal,107.1035
37,877,52650,2,0,2.2,2.2,1.1,1000.0,1.1,1.0,normal,109.3035
37,877,52665,3,0,3.3,3.3,1.1,1000.0,1.1,1.0,normal,112.6035
37,878,52680,2,0,2.28,2.28,1.14,1000.0,1.14,1.0,normal,114.8835
37,878,52695,1,0,1.14,1.14,1.14,1000.0,1.14,1.0,normal,116.0235
37,878,52710,3,0,3.42,3.42,1.14,1000.0,1.14,1.0,normal,119.4435
37,878,52725,5,0,4.1022,4.1022,0.8204,1000.0,1.14,1.0,normal,123.5457
37,879,52740,4,0,4.72,4.72,1.18,1000.0,1.18,1.0,normal,128.2657
37,879,52755,4,0,4.72,4.72,1.18,1000.0,1.18,1.0,normal,132.9857
37,879,52770,2,0,2.1666,2.1666,1.0833,1000.0,1.18,1.0,normal,135.1523
37,879,52785,3,0,3.54,3.54,1.18,1000.0,1.18,1.0,normal,138.6923
37,880,52800,3,1,3.54,3.54,1.18,1000.0,1.18,1.0,normal,142.2323
37,880,52815,2,0,2.36,2.36,1.18,1000.0,1.18,1.0,normal,144.5923
37,880,52830,3,0,3.54,3.54,1.18,1000.0,1.18,1.0,normal,148.1323
37,880,52845,2,0,2.36,2.36,1.18,1000.0,1.18,1.0,normal,150.4923
37,881,52860,4,0,4.88,4.88,1.22,1000.0,1.22,1.0,normal,155.3723
37,881,52875,3,0,3.66,3.66,1.22,1000.0,1.22,1.0,normal,159.0323
37,881,52890,3,0,3.66,3.66,1.22,1000.0,1.22,1.0,normal,162.6923
37,881,52905,2,0,1.5474,1.5474,0.7737,1000.0,1.22,1.0,normal,164.2397
37,882,52920,1,0,1.26,1.26,1.26,1000.0,1.26,1.0,normal,165.4997
37,882,52935,7,0,8.82,8.82,1.26,1000.0,1.26,1.0,normal,174.3197
37,882,52950,4,0,5.04,5.04,1.26,1000.0,1.26,1.0,normal,179.3597
37,882,52965,7,0,8.82,8.82,1.26,1000.0,1.26,1.0,normal,188.1797
37,883,52980,3,0,3.9,3.9,1.3,1000.0,1.3,1.0,normal,192.0797
37,883,52995,5,0,2.5443,2.5443,0.5089,1000.0,1.3,1.0,normal,194.624
37,883,53010,0,0,0.0,0.0,1.3,1000.0,1.3,1.0,normal,194.624
37,883,53025,3,0,1.2685,1.2685,0.4228,1000.0,1.3,1.0,normal,195.8925
37,884,53040,3,0,3.9,3.9,1.3,1000.0,1.3,1.0,normal,199.7925
37,884,53055,4,0,4.6443,4.6443,1.1611,1000.0,1.3,1.0,normal,204.4368
37,884,53070,5,0,6.5,6.5,1.3,1000.0,1.3,1.0,normal,210.9368
37,884,53085,4,0,0.291,0.291,0.0728,1000.0,1.3,1.0,normal,211.2278
37,885,53100,2,0,2.7,2.7,1.35,1000.0,1.35,1.0,normal,213.9278
37,885,53115,6,1,8.1,8.1,1.35,1000.0,1.35,1.0,normal,222.0278
37,885,53130,5,0,0.4076,0.4076,0.0815,1000.0,1.35,1.0,normal,222.4354
37,885,53145,4,0,2.4304,2.4304,0.6076,1000.0,1.35,1.0,normal,224.8658
37,886,53160,1,0,1.4,1.4,1.4,1000.0,1.4,1.0,normal,226.2658
37,886,53175,2,1,2.8,2.8,1.4,1000.0,1.4,1.0,normal,229.0658
37,886,53190,6,0,8.4,8.4,1.4,1000.0,1.4,1.0,normal,237.4658
37,886,53205,4,0,1.6036,1.6036,0.4009,1000.0,1.4,1.0,normal,239.0694
37,887,53220,3,0,4.35,4.35,1.45,1000.0,1.45,1.0,normal,243.4194
37,887,53235,2,0,2.9,2.9,1.45,1000.0,1.45,1.0,normal,246.3194
37,887,53250,3,0,1.0396,1.0396,0.3465,1000.0,1.45,1.0,normal,247.359
37,887,53265,5,0,7.25,7.25,1.45,1000.0,1.45,1.0,normal,254.609
