current_day,current_hour,current_minute,clicks,leads,spend,cpa,realized_cpc,daily_budget,max_bid,volatility,budget_status,current_day_spend
8,168,10080,0,0,0.0,0.0,0.0,1000.0,0.51,1.0,normal,0.0
8,168,10095,1,0,0.51,0.51,0.51,1000.0,0.51,1.0,normal,0.51
8,168,10110,0,0,0.0,0.0,0.51,1000.0,0.51,1.0,normal,0.51
8,168,10125,3,0,1.53,1.53,0.51,1000.0,0.51,1.0,normal,2.04
8,169,10140,1,0,0.51,0.51,0.51,1000.0,0.51,1.0,normal,2.55
8,169,10155,0,0,0.0,0.0,0.51,1000.0,0.51,1.0,normal,2.55
8,169,10170,1,0,0.51,0.51,0.51,1000.0,0.51,1.0,normal,3.06
8,169,10185,2,1,1.02,1.02,0.51,1000.0,0.51,1.0,normal,4.08
8,170,10200,0,0,0.0,0.0,0.51,1000.0,0.51,1.0,normal,4.08
8,170,10215,1,0,0.51,0.51,0.51,1000.0,0.51,1.0,normal,4.59
8,170,10230,0,0,0.0,0.0,0.51,1000.0,0.51,1.0,normal,4.59
8,170,10245,3,0,1.53,1.53,0.51,1000.0,0.51,1.0,normal,6.12
8,171,10260,2,0,0.4151,0.4151,0.2076,1000.0,0.54,1.0,normal,6.5351
8,171,10275,1,0,0.54,0.54,0.54,1000.0,0.54,1.0,normal,7.0751
8,171,10290,2,0,0.2806,0.2806,0.1403,1000.0,0.54,1.0,normal,7.3557
8,171,10305,1,0,0.54,0.54,0.54,1000.0,0.54,1.0,normal,7.8957
8,172,10320,0,0,0.0,0.0,0.3639,1000.0,0.5,1.0,normal,7.8957
8,172,10335,1,0,0.5,0.5,0.5,1000.0,0.5,1.0,normal,8.3957
8,172,10350,2,0,1.0,1.0,0.5,1000.0,0.5,1.0,normal,9.3957
8,172,10365,2,0,1.0,1.0,0.5,1000.0,0.5,1.0,normal,10.3957
8,173,10380,2,0,1.06,1.06,0.53,1000.0,0.53,1.0,normal,11.4557
8,173,10395,1,0,0.53,0.53,0.53,1000.0,0.53,1.0,normal,11.9857
8,173,10410,0,0,0.0,0.0,0.53,1000.0,0.53,1.0,normal,11.9857
8,173,10425,2,0,1.06,1.06,0.53,1000.0,0.53,1.0,normal,13.0457
8,174,10440,1,0,0.56,0.56,0.56,1000.0,0.56,1.0,normal,13.6057
8,174,10455,3,0,1.68,1.68,0.56,1000.0,0.56,1.0,normal,15.2857
8,174,10470,0,0,0.0,0.0,0.56,1000.0,0.56,1.0,normal,15.2857
8,174,10485,1,0,0.56,0.56,0.56,1000.0,0.56,1.0,normal,15.8457
8,175,10500,1,0,0.57,0.57,0.57,1000.0,0.57,1.0,normal,16.4157
8,175,10515,0,0,0.0,0.0,0.57,1000.0,0.57,1.0,normal,16.4157
8,175,10530,1,0,0.57,0.57,0.57,1000.0,0.57,1.0,normal,16.9857
8,175,10545,4,0,2.28,2.28,0.57,1000.0,0.57,1.0,normal,19.2657
8,176,10560,1,0,0.5,0.5,0.5,1000.0,0.5,1.0,normal,19.7657
8,176,10575,2,0,1.0,1.0,0.5,1000.0,0.5,1.0,normal,20.7657
8,176,10590,2,0,1.0,1.0,0.5,1000.0,0.5,1.0,normal,21.7657
8,176,10605,1,0,0.1284,0.1284,0.1284,1000.0,0.5,1.0,normal,21.8941
8,177,10620,0,0,0.0,0.0,0.53,1000.0,0.53,1.0,normal,21.8941
8,177,10635,3,0,1.59,1.59,0.53,1000.0,0.53,1.0,normal,23.4841
8,177,10650,2,1,1.06,1.06,0.53,1000.0,0.53,1.0,normal,24.5441
8,177,10665,4,0,2.12,2.12,0.53,1000.0,0.53,1.0,normal,26.6641
8,178,10680,2,0,1.12,1.12,0.56,1000.0,0.56,1.0,normal,27.7841
8,178,10695,1,0,0.56,0.56,0.56,1000.0,0.56,1.0,normal,28.3441
8,178,10710,0,0,0.0,0.0,0.4669,1000.0,0.56,1.0,normal,28.3441
8,178,10725,1,0,0.4155,0.4155,0.4155,1000.0,0.56,1.0,normal,28.7596
8,179,10740,3,0,1.71,1.71,0.57,1000.0,0.57,1.0,normal,30.4696
8,179,10755,2,0,1.14,1.14,0.57,1000.0,0.57,1.0,normal,31.6096
8,179,10770,2,0,1.14,1.14,0.57,1000.0,0.57,1.0,normal,32.7496
8,179,10785,2,0,0.5829,0.5829,0.2915,1000.0,0.57,1.0,normal,33.3325
8,180,10800,2,0,0.0062,0.0062,0.0031,1000.0,0.64,1.0,normal,33.3387
8,180,10815,5,0,3.2,3.2,0.64,1000.0,0.64,1.0,normal,36.5387
8,180,10830,1,0,0.64,0.64,0.64,1000.0,0.64,1.0,normal,37.1787
8,180,10845,0,0,0.0,0.0,0.64,1000.0,0.64,1.0,normal,37.1787
8,181,10860,0,0,0.0,0.0,0.67,1000.0,0.67,1.0,normal,37.1787
8,181,10875,0,0,0.0,0.0,0.67,1000.0,0.67,1.0,normal,37.1787
8,181,10890,0,0,0.0,0.0,0.67,1000.0,0.67,1.0,normal,37.1787
8,181,10905,2,0,1.34,1.34,0.67,1000.0,0.67,1.0,normal,38.5187
8,182,10920,3,0,2.1,2.1,0.7,1000.0,0.7,1.0,normal,40.6187
8,182,10935,3,0,1.2695,1.2695,0.4232,1000.0,0.7,1.0,normal,41.8882
8,182,10950,1,0,0.7,0.7,0.7,1000.0,0.7,1.0,normal,42.5882
8,182,10965,1,0,0.0887,0.0887,0.0887,1000.0,0.7,1.0,normal,42.6769
8,183,10980,3,0,2.19,2.19,0.73,1000.0,0.73,1.0,normal,44.8669
8,183,10995,1,0,0.6685,0.6685,0.6685,1000.0,0.73,1.0,normal,45.5354
8,183,11010,3,0,2.19,2.19,0.73,1000.0,0.73,1.0,normal,47.7254
8,183,11025,1,0,0.73,0.73,0.73,1000.0,0.73,1.0,normal,48.4554
8,184,11040,0,0,0.0,0.0,0.01,1000.0,0.01,1.0,normal,48.4554
8,184,11055,0,0,0.0,0.0,0.01,1000.0,0.01,1.0,normal,48.4554
8,184,11070,0,0,0.0,0.0,0.01,1000.0,0.01,1.0,normal,48.4554
8,184,11085,0,0,0.0,0.0,0.01,1000.0,0.01,1.0,normal,48.4554
8,185,11100,0,0,0.0,0.0,0.01,1000.0,0.01,1.0,normal,48.4554
8,185,11115,0,0,0.0,0.0,0.01,1000.0,0.01,1.0,normal,48.4554
8,185,11130,0,0,0.0,0.0,0.01,1000.0,0.01,1.0,normal,48.4554
8,185,11145,0,0,0.0,0.0,0.01,1000.0,0.01,1.0,normal,48.4554
8,186,11160,0,0,0.0,0.0,0.01,1000.0,0.01,1.0,normal,48.4554
8,186,11175,0,0,0.0,0.0,0.01,1000.0,0.01,1.0,normal,48.4554
8,186,11190,0,0,0.0,0.0,0.01,1000.0,0.01,1.0,normal,48.4554
8,186,11205,0,0,0.0,0.0,0.01,1000.0,0.01,1.0,normal,48.4554
8,187,11220,0,0,0.0,0.0,0.01,1000.0,0.01,1.0,normal,48.4554
8,187,11235,0,0,0.0,0.0,0.01,1000.0,0.01,1.0,normal,48.4554
8,187,11250,0,0,0.0,0.0,0.01,1000.0,0.01,1.0,normal,48.4554
8,187,11265,0,0,0.0,0.0,0.01,1000.0,0.01,1.0,normal,48.4554
8,188,11280,12,0,34.1887,34.1887,2.8491,1000.0,4.2,1.0,normal,82.6441
8,188,11295,6,0,20.6583,20.6583,3.4431,1000.0,4.2,1.0,normal,103.3024
8,188,11310,12,1,50.4,50.4,4.2,1000.0,4.2,1.0,normal,153.7024
8,188,11325,8,0,31.7305,31.7305,3.9663,1000.0,4.2,1.0,normal,185.4329
8,189,11340,8,0,32.96,32.96,4.12,1000.0,4.12,1.0,normal,218.3929
8,189,11355,9,0,11.7241,11.7241,1.3027,1000.0,4.12,1.0,normal,230.117
8,189,11370,14,0,13.1243,13.1243,0.9375,1000.0,4.12,1.0,normal,243.2413
8,189,11385,8,0,4.569,4.569,0.5711,1000.0,4.12,1.0,normal,247.8103
8,190,11400,9,0,0.111,0.111,0.0123,1000.0,3.96,1.0,normal,247.9213
8,190,11415,9,0,30.0839,30.0839,3.3427,1000.0,3.96,1.0,normal,278.0052
8,190,11430,9,0,20.4087,20.4087,2.2676,1000.0,3.96,1.0,normal,298.4139
8,190,11445,9,1,28.5961,28.5961,3.1773,1000.0,3.96,1.0,normal,327.01
8,191,11460,17,0,1.7839,1.7839,0.1049,1000.0,3.8,1.0,normal,328.7939
8,191,11475,11,0,7.0615,7.0615,0.642,1000.0,3.8,1.0,normal,335.8554
8,191,11490,14,2,15.5905,7.7953,1.1136,1000.0,3.8,1.0,normal,351.4459
8,191,11505,10,0,38.0,38.0,3.8,1000.0,3.8,1.0,normal,389.4459
9,192,11520,7,0,15.6709,15.6709,2.2387,1000.0,4.2,1.0,normal,15.6709
9,192,11535,11,0,46.2,46.2,4.2,1000.0,4.2,1.0,normal,61.8709
9,192,11550,14,0,58.8,58.8,4.2,1000.0,4.2,1.0,normal,120.6709
9,192,11565,6,1,21.7306,21.7306,3.6218,1000.0,4.2,1.0,normal,142.4015
9,193,11580,9,0,37.08,37.08,4.12,1000.0,4.12,1.0,normal,179.4815
9,193,11595,11,0,7.2282,7.2282,0.6571,1000.0,4.12,1.0,normal,186.7097
9,193,11610,12,0,0.0568,0.0568,0.0047,1000.0,4.12,1.0,normal,186.7665
9,193,11625,7,0,13.6789,13.6789,1.9541,1000.0,4.12,1.0,normal,200.4454
9,194,11640,16,0,29.5713,29.5713,1.8482,1000.0,4.04,1.0,normal,230.0167
9,194,11655,4,0,16.16,16.16,4.04,1000.0,4.04,1.0,normal,246.1767
9,194,11670,16,1,64.64,64.64,4.04,1000.0,4.04,1.0,normal,310.8167
9,194,11685,20,1,59.4553,59.4553,2.9728,1000.0,4.04,1.0,normal,370.272
9,195,11700,3,0,11.88,11.88,3.96,1000.0,3.96,1.0,normal,382.152
9,195,11715,15,0,49.0825,49.0825,3.2722,1000.0,3.96,1.0,normal,431.2345
9,195,11730,13,0,11.765,11.765,0.905,1000.0,3.96,1.0,normal,442.9995
9,195,11745,10,0,0.4284,0.4284,0.0428,1000.0,3.96,1.0,normal,443.4279
9,196,11760,12,1,41.7295,41.7295,3.4775,1000.0,3.64,1.0,normal,485.1574
9,196,11775,10,0,8.4564,8.4564,0.8456,1000.0,3.64,1.0,normal,493.6138
9,196,11790,6,0,20.4267,20.4267,3.4044,1000.0,3.64,1.0,normal,514.0405
9,196,11805,13,1,4.9111,4.9111,0.3778,1000.0,3.64,1.0,normal,518.9516
9,197,11820,6,0,2.5379,2.5379,0.423,1000.0,3.64,1.0,normal,521.4895
9,197,11835,5,0,14.9393,14.9393,2.9879,1000.0,3.64,1.0,normal,536.4288
9,197,11850,6,0,20.1138,20.1138,3.3523,1000.0,3.64,1.0,normal,556.5426
9,197,11865,9,0,0.8112,0.8112,0.0901,1000.0,3.64,1.0,normal,557.3538
9,198,11880,11,0,9.3565,9.3565,0.8506,1000.0,3.64,1.0,normal,566.7103
9,198,11895,8,2,3.2362,1.6181,0.4045,1000.0,3.64,1.0,normal,569.9465
9,198,11910,9,1,12.9693,12.9693,1.441,1000.0,3.64,1.0,normal,582.9158
9,198,11925,9,0,24.5502,24.5502,2.7278,1000.0,3.64,1.0,normal,607.466
9,199,11940,10,0,13.8616,13.8616,1.3862,1000.0,3.64,1.0,normal,621.3276
9,199,11955,9,1,25.0877,25.0877,2.7875,1000.0,3.64,1.0,normal,646.4153
9,199,11970,10,0,35.4896,35.4896,3.549,1000.0,3.64,1.0,normal,681.9049
9,199,11985,15,2,11.4461,5.7231,0.7631,1000.0,3.64,1.0,normal,693.351
9,200,12000,12,0,22.6964,22.6964,1.8914,1000.0,3.28,1.0,normal,716.0474
9,200,12015,8,0,13.178,13.178,1.6472,1000.0,3.28,1.0,normal,729.2254
9,200,12030,4,0,9.6014,9.6014,2.4004,1000.0,3.28,1.0,normal,738.8268
9,200,12045,7,0,12.6464,12.6464,1.8066,1000.0,3.28,1.0,normal,751.4732
9,201,12060,9,0,11.741,11.741,1.3046,1000.0,3.28,1.0,normal,763.2142
9,201,12075,4,0,10.4523,10.4523,2.6131,1000.0,3.28,1.0,normal,773.6665
9,201,12090,9,0,25.3307,25.3307,2.8145,1000.0,3.28,1.0,normal,798.9972
9,201,12105,8,0,14.0545,14.0545,1.7568,1000.0,3.28,1.0,normal,813.0517
9,202,12120,4,0,7.9189,7.9189,1.9797,1000.0,3.28,1.0,normal,820.9706
9,202,12135,4,0,4.4728,4.4728,1.1182,1000.0,3.28,1.0,normal,825.4434
9,202,12150,8,1,25.4525,25.4525,3.1816,1000.0,3.28,1.0,normal,850.8959
9,202,12165,7,0,12.4088,12.4088,1.7727,1000.0,3.28,1.0,normal,863.3047
9,203,12180,9,0,17.3182,17.3182,1.9242,1000.0,3.28,1.0,normal,880.6229
9,203,12195,8,0,26.24,26.24,3.28,1000.0,3.28,1.0,budget_constrained,906.8629
9,203,12210,8,0,23.2522,23.2522,2.9065,1000.0,3.28,1.0,budget_constrained,930.1151
9,203,12225,9,0,11.4634,11.4634,1.2737,1000.0,3.28,1.0,budget_constrained,941.5785
9,204,12240,12,0,35.4,35.4,2.95,1000.0,2.95,1.0,budget_constrained,976.9785
9,204,12255,5,0,14.75,14.75,2.95,1000.0,2.95,1.0,budget_constrained,991.7285
9,204,12270,9,0,2.3063,2.3063,0.2563,1000.0,2.95,1.0,budget_constrained,994.0348
9,204,12285,3,0,5.9652,5.9652,1.8554,1000.0,2.95,1.0,budget_depleted,1000.0
9,205,12300,0,0,0.0,0.0,0.0,1000.0,2.95,1.0,budget_depleted,1000.0
9,205,12315,0,0,0.0,0.0,0.0,1000.0,2.95,1.0,budget_depleted,1000.0
9,205,12330,0,0,0.0,0.0,0.0,1000.0,2.95,1.0,budget_depleted,1000.0
9,205,12345,0,0,0.0,0.0,0.0,1000.0,2.95,1.0,budget_depleted,1000.0
9,206,12360,0,0,0.0,0.0,0.0,1000.0,2.95,1.0,budget_depleted,1000.0
9,206,12375,0,0,0.0,0.0,0.0,1000.0,2.95,1.0,budget_depleted,1000.0
9,206,12390,0,0,0.0,0.0,0.0,1000.0,2.95,1.0,budget_depleted,1000.0
9,206,12405,0,0,0.0,0.0,0.0,1000.0,2.95,1.0,budget_depleted,1000.0
9,207,12420,0,0,0.0,0.0,0.0,1000.0,2.95,1.0,budget_depleted,1000.0
9,207,12435,0,0,0.0,0.0,0.0,1000.0,2.95,1.0,budget_depleted,1000.0
9,207,12450,0,0,0.0,0.0,0.0,1000.0,2.95,1.0,budget_depleted,1000.0
9,207,12465,0,0,0.0,0.0,0.0,1000.0,2.95,1.0,budget_depleted,1000.0
9,208,12480,0,0,0.0,0.0,0.0,1000.0,0.89,1.0,budget_depleted,1000.0
9,208,12495,0,0,0.0,0.0,0.0,1000.0,0.89,1.0,budget_depleted,1000.0
9,208,12510,0,0,0.0,0.0,0.0,1000.0,0.89,1.0,budget_depleted,1000.0
9,208,12525,0,0,0.0,0.0,0.0,1000.0,0.89,1.0,budget_depleted,1000.0
9,209,12540,0,0,0.0,0.0,0.0,1000.0,0.89,1.0,budget_depleted,1000.0
9,209,12555,0,0,0.0,0.0,0.0,1000.0,0.89,1.0,budget_depleted,1000.0
9,209,12570,0,0,0.0,0.0,0.0,1000.0,0.89,1.0,budget_depleted,1000.0
9,209,12585,0,0,0.0,0.0,0.0,1000.0,0.89,1.0,budget_depleted,1000.0
9,210,12600,0,0,0.0,0.0,0.0,1000.0,0.89,1.0,budget_depleted,1000.0
9,210,12615,0,0,0.0,0.0,0.0,1000.0,0.89,1.0,budget_depleted,1000.0
9,210,12630,0,0,0.0,0.0,0.0,1000.0,0.89,1.0,budget_depleted,1000.0
9,210,12645,0,0,0.0,0.0,0.0,1000.0,0.89,1.0,budget_depleted,1000.0
9,211,12660,0,0,0.0,0.0,0.0,1000.0,0.89,1.0,budget_depleted,1000.0
9,211,12675,0,0,0.0,0.0,0.0,1000.0,0.89,1.0,budget_depleted,1000.0
9,211,12690,0,0,0.0,0.0,0.0,1000.0,0.89,1.0,budget_depleted,1000.0
9,211,12705,0,0,0.0,0.0,0.0,1000.0,0.89,1.0,budget_depleted,1000.0
9,212,12720,0,0,0.0,0.0,0.0,1000.0,0.8,1.0,budget_depleted,1000.0
9,212,12735,0,0,0.0,0.0,0.0,1000.0,0.8,1.0,budget_depleted,1000.0
9,212,12750,0,0,0.0,0.0,0.0,1000.0,0.8,1.0,budget_depleted,1000.0
9,212,12765,0,0,0.0,0.0,0.0,1000.0,0.8,1.0,budget_depleted,1000.0
9,213,12780,0,0,0.0,0.0,0.0,1000.0,0.8,1.0,budget_depleted,1000.0
9,213,12795,0,0,0.0,0.0,0.0,1000.0,0.8,1.0,budget_depleted,1000.0
9,213,12810,0,0,0.0,0.0,0.0,1000.0,0.8,1.0,budget_depleted,1000.0
9,213,12825,0,0,0.0,0.0,0.0,1000.0,0.8,1.0,budget_depleted,1000.0
9,214,12840,0,0,0.0,0.0,0.0,1000.0,0.8,1.0,budget_depleted,1000.0
9,214,12855,0,0,0.0,0.0,0.0,1000.0,0.8,1.0,budget_depleted,1000.0
9,214,12870,0,0,0.0,0.0,0.0,1000.0,0.8,1.0,budget_depleted,1000.0
9,214,12885,0,0,0.0,0.0,0.0,1000.0,0.8,1.0,budget_depleted,1000.0
9,215,12900,0,0,0.0,0.0,0.0,1000.0,0.8,1.0,budget_depleted,1000.0
9,215,12915,0,0,0.0,0.0,0.0,1000.0,0.8,1.0,budget_depleted,1000.0
9,215,12930,0,0,0.0,0.0,0.0,1000.0,0.8,1.0,budget_depleted,1000.0
9,215,12945,0,0,0.0,0.0,0.0,1000.0,0.8,1.0,budget_depleted,1000.0
10,216,12960,0,0,0.0,0.0,0.0,1000.0,0.8,1.0,normal,0.0
10,216,12975,2,0,1.6,1.6,0.8,1000.0,0.8,1.0,normal,1.6
10,216,12990,4,0,3.2,3.2,0.8,1000.0,0.8,1.0,normal,4.8
10,216,13005,2,0,0.6997,0.6997,0.3498,1000.0,0.8,1.0,normal,5.4997
10,217,13020,2,0,1.6,1.6,0.8,1000.0,0.8,1.0,normal,7.0997
10,217,13035,1,0,0.8,0.8,0.8,1000.0,0.8,1.0,normal,7.8997
10,217,13050,6,1,4.8,4.8,0.8,1000.0,0.8,1.0,normal,12.6997
10,217,13065,2,0,0.4402,0.4402,0.2201,1000.0,0.8,1.0,normal,13.1399
10,218,13080,2,0,1.6,1.6,0.8,1000.0,0.8,1.0,normal,14.7399
10,218,13095,4,1,3.2,3.2,0.8,1000.0,0.8,1.0,normal,17.9399
10,218,13110,1,0,0.8,0.8,0.8,1000.0,0.8,1.0,normal,18.7399
10,218,13125,1,0,0.8,0.8,0.8,1000.0,0.8,1.0,normal,19.5399
10,219,13140,3,1,2.4,2.4,0.8,1000.0,0.8,1.0,normal,21.9399
10,219,13155,3,0,2.4,2.4,0.8,1000.0,0.8,1.0,normal,24.3399
10,219,13170,2,0,1.6,1.6,0.8,1000.0,0.8,1.0,normal,25.9399
10,219,13185,4,0,0.8231,0.8231,0.2058,1000.0,0.8,1.0,normal,26.763
10,220,13200,2,0,1.3311,1.3311,0.6655,1000.0,0.9,1.0,normal,28.0941
10,220,13215,1,0,0.9,0.9,0.9,1000.0,0.9,1.0,normal,28.9941
10,220,13230,1,0,0.5129,0.5129,0.5129,1000.0,0.9,1.0,normal,29.507
10,220,13245,6,0,5.4,5.4,0.9,1000.0,0.9,1.0,normal,34.907
10,221,13260,3,0,2.79,2.79,0.93,1000.0,0.93,1.0,normal,37.697
10,221,13275,4,0,3.72,3.72,0.93,1000.0,0.93,1.0,normal,41.417
10,221,13290,1,0,0.6388,0.6388,0.6388,1000.0,0.93,1.0,normal,42.0558
10,221,13305,6,0,5.58,5.58,0.93,1000.0,0.93,1.0,normal,47.6358
10,222,13320,3,0,1.661,1.661,0.5537,1000.0,0.96,1.0,normal,49.2968
10,222,13335,3,0,2.88,2.88,0.96,1000.0,0.96,1.0,normal,52.1768
10,222,13350,2,0,1.92,1.92,0.96,1000.0,0.96,1.0,normal,54.0968
10,222,13365,0,0,0.0,0.0,0.96,1000.0,0.96,1.0,normal,54.0968
10,223,13380,1,0,0.99,0.99,0.99,1000.0,0.99,1.0,normal,55.0868
10,223,13395,2,0,1.5385,1.5385,0.7692,1000.0,0.99,1.0,normal,56.6253
10,223,13410,1,0,0.8514,0.8514,0.8514,1000.0,0.99,1.0,normal,57.4767
10,223,13425,3,0,2.8117,2.8117,0.9372,1000.0,0.99,1.0,normal,60.2884
10,224,13440,3,0,3.33,3.33,1.11,1000.0,1.11,1.0,normal,63.6184
10,224,13455,4,0,4.44,4.44,1.11,1000.0,1.11,1.0,normal,68.0584
10,224,13470,4,0,4.44,4.44,1.11,1000.0,1.11,1.0,normal,72.4984
10,224,13485,3,0,3.33,3.33,1.11,1000.0,1.11,1.0,normal,75.8284
10,225,13500,3,0,0.1146,0.1146,0.0382,1000.0,1.15,1.0,normal,75.943
10,225,13515,2,0,0.4698,0.4698,0.2349,1000.0,1.15,1.0,normal,76.4128
10,225,13530,2,0,2.3,2.3,1.15,1000.0,1.15,1.0,normal,78.7128
10,225,13545,1,0,1.15,1.15,1.15,1000.0,1.15,1.0,normal,79.8628
10,226,13560,2,1,2.38,2.38,1.19,1000.0,1.19,1.0,normal,82.2428
10,226,13575,4,0,4.76,4.76,1.19,1000.0,1.19,1.0,normal,87.0028
10,226,13590,0,0,0.0,0.0,1.0747,1000.0,1.19,1.0,normal,87.0028
10,226,13605,5,0,5.95,5.95,1.19,1000.0,1.19,1.0,normal,92.9528
10,227,13620,2,0,2.46,2.46,1.23,1000.0,1.23,1.0,normal,95.4128
10,227,13635,3,0,0.1876,0.1876,0.0625,1000.0,1.23,1.0,normal,95.6004
10,227,13650,1,0,1.23,1.23,1.23,1000.0,1.23,1.0,normal,96.8304
10,227,13665,1,1,1.23,1.23,1.23,1000.0,1.23,1.0,normal,98.0604
10,228,13680,6,0,2.199,2.199,0.3665,1000.0,1.35,1.0,normal,100.2594
10,228,13695,3,0,4.05,4.05,1.35,1000.0,1.35,1.0,normal,104.3094
10,228,13710,3,0,4.05,4.05,1.35,1000.0,1.35,1.0,normal,108.3594
10,228,13725,4,0,5.4,5.4,1.35,1000.0,1.35,1.0,normal,113.7594
10,229,13740,2,0,0.4623,0.4623,0.2312,1000.0,1.4,1.0,normal,114.2217
10,229,13755,4,0,5.6,5.6,1.4,1000.0,1.4,1.0,normal,119.8217
10,229,13770,1,0,0.6962,0.6962,0.6962,1000.0,1.4,1.0,normal,120.5179
10,229,13785,1,0,1.4,1.4,1.4,1000.0,1.4,1.0,normal,121.9179
10,230,13800,3,0,2.7088,2.7088,0.9029,1000.0,1.45,1.0,normal,124.6267
10,230,13815,4,0,5.1873,5.1873,1.2968,1000.0,1.45,1.0,normal,129.814
10,230,13830,5,0,2.4975,2.4975,0.4995,1000.0,1.45,1.0,normal,132.3115
10,230,13845,4,0,5.8,5.8,1.45,1000.0,1.45,1.0,normal,138.1115
10,231,13860,6,1,2.8535,2.8535,0.4756,1000.0,1.5,1.0,normal,140.965
10,231,13875,5,0,7.1652,7.1652,1.433,1000.0,1.5,1.0,normal,148.1302
10,231,13890,3,0,1.259,1.259,0.4197,1000.0,1.5,1.0,normal,149.3892
10,231,13905,6,0,9.0,9.0,1.5,1000.0,1.5,1.0,normal,158.3892
10,232,13920,4,0,6.3315,6.3315,1.5829,1000.0,1.65,1.0,normal,164.7207
10,232,13935,2,0,3.3,3.3,1.65,1000.0,1.65,1.0,normal,168.0207
10,232,13950,3,0,2.1062,2.1062,0.7021,1000.0,1.65,1.0,normal,170.1269
10,232,13965,4,0,1.3166,1.3166,0.3291,1000.0,1.65,1.0,normal,171.4435
10,233,13980,3,0,5.13,5.13,1.71,1000.0,1.71,1.0,normal,176.5735
10,233,13995,5,0,8.55,8.55,1.71,1000.0,1.71,1.0,normal,185.1235
10,233,14010,3,0,5.13,5.13,1.71,1000.0,1.71,1.0,normal,190.2535
10,233,14025,4,0,6.84,6.84,1.71,1000.0,1.71,1.0,normal,197.0935
10,234,14040,9,0,7.1023,7.1023,0.7891,1000.0,1.77,1.0,normal,204.1958
10,234,14055,5,0,8.85,8.85,1.77,1000.0,1.77,1.0,normal,213.0458
10,234,14070,9,1,0.4401,0.4401,0.0489,1000.0,1.77,1.0,normal,213.4859
10,234,14085,4,0,7.08,7.08,1.77,1000.0,1.77,1.0,normal,220.5659
10,235,14100,12,0,21.96,21.96,1.83,1000.0,1.83,1.0,normal,242.5259
10,235,14115,9,0,0.9596,0.9596,0.1066,1000.0,1.83,1.0,normal,243.4855
10,235,14130,3,0,5.3323,5.3323,1.7774,1000.0,1.83,1.0,normal,248.8178
10,235,14145,3,0,3.6044,3.6044,1.2015,1000.0,1.83,1.0,normal,252.4222
10,236,14160,3,0,3.9408,3.9408,1.3136,1000.0,2.05,1.0,normal,256.363
10,236,14175,6,0,10.5194,10.5194,1.7532,1000.0,2.05,1.0,normal,266.8824
10,236,14190,1,0,0.0269,0.0269,0.0269,1000.0,2.05,1.0,normal,266.9093
10,236,14205,5,0,10.25,10.25,2.05,1000.0,2.05,1.0,normal,277.1593
10,237,14220,4,0,8.48,8.48,2.12,1000.0,2.12,1.0,normal,285.6393
10,237,14235,2,0,0.8477,0.8477,0.4238,1000.0,2.12,1.0,normal,286.487
10,237,14250,4,0,8.48,8.48,2.12,1000.0,2.12,1.0,normal,294.967
10,237,14265,15,1,31.8,31.8,2.12,1000.0,2.12,1.0,normal,326.767
10,238,14280,6,0,1.8496,1.8496,0.3083,1000.0,2.19,1.0,normal,328.6166
10,238,14295,9,0,9.9143,9.9143,1.1016,1000.0,2.19,1.0,normal,338.5309
10,238,14310,4,0,8.76,8.76,2.19,1000.0,2.19,1.0,normal,347.2909
10,238,14325,1,0,1.789,1.789,1.789,1000.0,2.19,1.0,normal,349.0799
10,239,14340,6,0,7.6197,7.6197,1.2699,1000.0,2.27,1.0,normal,356.6996
10,239,14355,3,0,6.81,6.81,2.27,1000.0,2.27,1.0,normal,363.5096
10,239,14370,4,0,8.0597,8.0597,2.0149,1000.0,2.27,1.0,normal,371.5693
10,239,14385,6,0,13.62,13.62,2.27,1000.0,2.27,1.0,normal,385.1893
11,240,14400,0,0,0.0,0.0,0.01,1000.0,0.01,1.0,normal,0.0
11,240,14415,0,0,0.0,0.0,0.01,1000.0,0.01,1.0,normal,0.0
11,240,14430,0,0,0.0,0.0,0.01,1000.0,0.01,1.0,normal,0.0
11,240,14445,0,0,0.0,0.0,0.01,1000.0,0.01,1.0,normal,0.0
11,241,14460,0,0,0.0,0.0,0.01,1000.0,0.01,1.0,normal,0.0
11,241,14475,0,0,0.0,0.0,0.01,1000.0,0.01,1.0,normal,0.0
11,241,14490,0,0,0.0,0.0,0.01,1000.0,0.01,1.0,normal,0.0
11,241,14505,0,0,0.0,0.0,0.01,1000.0,0.01,1.0,normal,0.0
11,242,14520,0,0,0.0,0.0,0.01,1000.0,0.01,1.0,normal,0.0
11,242,14535,0,0,0.0,0.0,0.01,1000.0,0.01,1.0,normal,0.0
11,242,14550,0,0,0.0,0.0,0.01,1000.0,0.01,1.0,normal,0.0
11,242,14565,0,0,0.0,0.0,0.01,1000.0,0.01,1.0,normal,0.0
11,243,14580,0,0,0.0,0.0,0.01,1000.0,0.01,1.0,normal,0.0
11,243,14595,0,0,0.0,0.0,0.01,1000.0,0.01,1.0,normal,0.0
11,243,14610,0,0,0.0,0.0,0.01,1000.0,0.01,1.0,normal,0.0
11,243,14625,0,0,0.0,0.0,0.01,1000.0,0.01,1.0,normal,0.0
11,244,14640,9,0,37.8,37.8,4.2,1000.0,4.2,1.0,normal,37.8
11,244,14655,9,1,34.5122,34.5122,3.8347,1000.0,4.2,1.0,normal,72.3122
11,244,14670,6,0,16.7944,16.7944,2.7991,1000.0,4.2,1.0,normal,89.1066
11,244,14685,14,0,35.6511,35.6511,2.5465,1000.0,4.2,1.0,normal,124.7577
11,245,14700,15,0,0.6331,0.6331,0.0422,1000.0,4.09,1.0,normal,125.3908
11,245,14715,13,0,53.17,53.17,4.09,1000.0,4.09,1.0,normal,178.5608
11,245,14730,9,1,25.7853,25.7853,2.865,1000.0,4.09,1.0,normal,204.3461
11,245,14745,8,0,17.5771,17.5771,2.1971,1000.0,4.09,1.0,normal,221.9232
11,246,14760,8,0,10.1635,10.1635,1.2704,1000.0,3.99,1.0,normal,232.0867
11,246,14775,10,1,39.9,39.9,3.99,1000.0,3.99,1.0,normal,271.9867
11,246,14790,9,0,35.91,35.91,3.99,1000.0,3.99,1.0,normal,307.8967
11,246,14805,11,0,22.5138,22.5138,2.0467,1000.0,3.99,1.0,normal,330.4105
11,247,14820,16,1,44.4117,44.4117,2.7757,1000.0,3.89,1.0,normal,374.8222
11,247,14835,12,0,7.8342,7.8342,0.6529,1000.0,3.89,1.0,normal,382.6564
11,247,14850,10,0,38.9,38.9,3.89,1000.0,3.89,1.0,normal,421.5564
11,247,14865,3,0,9.6096,9.6096,3.2032,1000.0,3.89,1.0,normal,431.166
11,248,14880,11,0,42.8126,42.8126,3.8921,1000.0,4.36,1.0,normal,473.9786
11,248,14895,11,1,47.96,47.96,4.36,1000.0,4.36,1.0,normal,521.9386
11,248,14910,11,0,13.9445,13.9445,1.2677,1000.0,4.36,1.0,normal,535.8831
11,248,14925,9,0,28.1884,28.1884,3.132,1000.0,4.36,1.0,normal,564.0715
11,249,14940,11,0,23.7922,23.7922,2.1629,1000.0,4.25,1.0,normal,587.8637
11,249,14955,7,0,14.472,14.472,2.0674,1000.0,4.25,1.0,normal,602.3357
11,249,14970,14,0,4.7331,4.7331,0.3381,1000.0,4.25,1.0,normal,607.0688
11,249,14985,6,0,18.5906,18.5906,3.0984,1000.0,4.25,1.0,normal,625.6594
11,250,15000,9,0,32.8934,32.8934,3.6548,1000.0,4.04,1.0,normal,658.5528
11,250,15015,12,0,21.7644,21.7644,1.8137,1000.0,4.04,1.0,normal,680.3172
11,250,15030,12,0,6.0258,6.0258,0.5021,1000.0,4.04,1.0,normal,686.343
11,250,15045,8,0,30.1137,30.1137,3.7642,1000.0,4.04,1.0,normal,716.4567
11,251,15060,14,1,53.6304,53.6304,3.8307,1000.0,3.84,1.0,normal,770.0871
11,251,15075,11,0,14.0605,14.0605,1.2782,1000.0,3.84,1.0,normal,784.1476
11,251,15090,11,0,42.24,42.24,3.84,1000.0,3.84,1.0,normal,826.3876
11,251,15105,12,1,46.08,46.08,3.84,1000.0,3.84,1.0,normal,872.4676
11,252,15120,7,0,13.3723,13.3723,1.9103,1000.0,3.46,1.0,normal,885.8399
11,252,15135,17,1,19.9392,19.9392,1.1729,1000.0,3.46,1.0,budget_constrained,905.7791
11,252,15150,8,0,27.68,27.68,3.46,1000.0,3.46,1.0,budget_constrained,933.4591
11,252,15165,9,1,3.1381,3.1381,0.3487,1000.0,3.46,1.0,budget_constrained,936.5972
11,253,15180,5,0,6.9022,6.9022,1.3804,1000.0,3.46,1.0,budget_constrained,943.4994
11,253,15195,6,0,20.76,20.76,3.46,1000.0,3.46,1.0,budget_constrained,964.2594
11,253,15210,11,1,24.1595,24.1595,2.1963,1000.0,3.46,1.0,budget_constrained,988.4189
11,253,15225,2,0,0.6321,0.6321,0.316,1000.0,3.46,1.0,budget_constrained,989.051
11,254,15240,3,0,10.949,10.949,3.325,1000.0,3.46,1.0,budget_depleted,1000.0
11,254,15255,0,0,0.0,0.0,0.0,1000.0,3.46,1.0,budget_depleted,1000.0
11,254,15270,0,0,0.0,0.0,0.0,1000.0,3.46,1.0,budget_depleted,1000.0
11,254,15285,0,0,0.0,0.0,0.0,1000.0,3.46,1.0,budget_depleted,1000.0
11,255,15300,0,0,0.0,0.0,0.0,1000.0,3.46,1.0,budget_depleted,1000.0
11,255,15315,0,0,0.0,0.0,0.0,1000.0,3.46,1.0,budget_depleted,1000.0
11,255,15330,0,0,0.0,0.0,0.0,1000.0,3.46,1.0,budget_depleted,1000.0
11,255,15345,0,0,0.0,0.0,0.0,1000.0,3.46,1.0,budget_depleted,1000.0
11,256,15360,0,0,0.0,0.0,0.0,1000.0,1.04,1.0,budget_depleted,1000.0
11,256,15375,0,0,0.0,0.0,0.0,1000.0,1.04,1.0,budget_depleted,1000.0
11,256,15390,0,0,0.0,0.0,0.0,1000.0,1.04,1.0,budget_depleted,1000.0
11,256,15405,0,0,0.0,0.0,0.0,1000.0,1.04,1.0,budget_depleted,1000.0
11,257,15420,0,0,0.0,0.0,0.0,1000.0,1.04,1.0,budget_depleted,1000.0
11,257,15435,0,0,0.0,0.0,0.0,1000.0,1.04,1.0,budget_depleted,1000.0
11,257,15450,0,0,0.0,0.0,0.0,1000.0,1.04,1.0,budget_depleted,1000.0
11,257,15465,0,0,0.0,0.0,0.0,1000.0,1.04,1.0,budget_depleted,1000.0
11,258,15480,0,0,0.0,0.0,0.0,1000.0,1.04,1.0,budget_depleted,1000.0
11,258,15495,0,0,0.0,0.0,0.0,1000.0,1.04,1.0,budget_depleted,1000.0
11,258,15510,0,0,0.0,0.0,0.0,1000.0,1.04,1.0,budget_depleted,1000.0
11,258,15525,0,0,0.0,0.0,0.0,1000.0,1.04,1.0,budget_depleted,1000.0
11,259,15540,0,0,0.0,0.0,0.0,1000.0,1.04,1.0,budget_depleted,1000.0
11,259,15555,0,0,0.0,0.0,0.0,1000.0,1.04,1.0,budget_depleted,1000.0
11,259,15570,0,0,0.0,0.0,0.0,1000.0,1.04,1.0,budget_depleted,1000.0
11,259,15585,0,0,0.0,0.0,0.0,1000.0,1.04,1.0,budget_depleted,1000.0
11,260,15600,0,0,0.0,0.0,0.0,1000.0,0.8,1.0,budget_depleted,1000.0
11,260,15615,0,0,0.0,0.0,0.0,1000.0,0.8,1.0,budget_depleted,1000.0
11,260,15630,0,0,0.0,0.0,0.0,1000.0,0.8,1.0,budget_depleted,1000.0
11,260,15645,0,0,0.0,0.0,0.0,1000.0,0.8,1.0,budget_depleted,1000.0
11,261,15660,0,0,0.0,0.0,0.0,1000.0,0.8,1.0,budget_depleted,1000.0
11,261,15675,0,0,0.0,0.0,0.0,1000.0,0.8,1.0,budget_depleted,1000.0
11,261,15690,0,0,0.0,0.0,0.0,1000.0,0.8,1.0,budget_depleted,1000.0
11,261,15705,0,0,0.0,0.0,0.0,1000.0,0.8,1.0,budget_depleted,1000.0
11,262,15720,0,0,0.0,0.0,0.0,1000.0,0.8,1.0,budget_depleted,1000.0
11,262,15735,0,0,0.0,0.0,0.0,1000.0,0.8,1.0,budget_depleted,1000.0
11,262,15750,0,0,0.0,0.0,0.0,1000.0,0.8,1.0,budget_depleted,1000.0
11,262,15765,0,0,0.0,0.0,0.0,1000.0,0.8,1.0,budget_depleted,1000.0
11,263,15780,0,0,0.0,0.0,0.0,1000.0,0.8,1.0,budget_depleted,1000.0
11,263,15795,0,0,0.0,0.0,0.0,1000.0,0.8,1.0,budget_depleted,1000.0
11,263,15810,0,0,0.0,0.0,0.0,1000.0,0.8,1.0,budget_depleted,1000.0
11,263,15825,0,0,0.0,0.0,0.0,1000.0,0.8,1.0,budget_depleted,1000.0
12,264,15840,0,0,0.0,0.0,0.0,1000.0,0.72,1.0,normal,0.0
12,264,15855,1,0,0.72,0.72,0.72,1000.0,0.72,1.0,normal,0.72
12,264,15870,3,0,0.1512,0.1512,0.0504,1000.0,0.72,1.0,normal,0.8712
12,264,15885,3,0,2.16,2.16,0.72,1000.0,0.72,1.0,normal,3.0312
12,265,15900,3,0,2.16,2.16,0.72,1000.0,0.72,1.0,normal,5.1912
12,265,15915,0,0,0.0,0.0,0.72,1000.0,0.72,1.0,normal,5.1912
12,265,15930,2,0,1.44,1.44,0.72,1000.0,0.72,1.0,normal,6.6312
12,265,15945,2,0,1.4041,1.4041,0.7021,1000.0,0.72,1.0,normal,8.0353
12,266,15960,2,0,1.44,1.44,0.72,1000.0,0.72,1.0,normal,9.4753
12,266,15975,1,0,0.72,0.72,0.72,1000.0,0.72,1.0,normal,10.1953
12,266,15990,2,0,1.44,1.44,0.72,1000.0,0.72,1.0,normal,11.6353
12,266,16005,1,0,0.72,0.72,0.72,1000.0,0.72,1.0,normal,12.3553
12,267,16020,0,0,0.0,0.0,0.72,1000.0,0.72,1.0,normal,12.3553
12,267,16035,1,0,0.72,0.72,0.72,1000.0,0.72,1.0,normal,13.0753
12,267,16050,6,1,4.32,4.32,0.72,1000.0,0.72,1.0,normal,17.3953
12,267,16065,1,0,0.3927,0.3927,0.3927,1000.0,0.72,1.0,normal,17.788
12,268,16080,2,0,1.62,1.62,0.81,1000.0,0.81,1.0,normal,19.408
12,268,16095,3,0,2.43,2.43,0.81,1000.0,0.81,1.0,normal,21.838
12,268,16110,5,0,4.05,4.05,0.81,1000.0,0.81,1.0,normal,25.888
12,268,16125,1,0,0.81,0.81,0.81,1000.0,0.81,1.0,normal,26.698
12,269,16140,1,0,0.1817,0.1817,0.1817,1000.0,0.84,1.0,normal,26.8797
12,269,16155,0,0,0.0,0.0,0.84,1000.0,0.84,1.0,normal,26.8797
12,269,16170,1,0,0.84,0.84,0.84,1000.0,0.84,1.0,normal,27.7197
12,269,16185,0,0,0.0,0.0,0.84,1000.0,0.84,1.0,normal,27.7197
12,270,16200,8,0,6.96,6.96,0.87,1000.0,0.87,1.0,normal,34.6797
12,270,16215,6,0,4.4703,4.4703,0.7451,1000.0,0.87,1.0,normal,39.15
12,270,16230,2,0,0.2008,0.2008,0.1004,1000.0,0.87,1.0,normal,39.3508
12,270,16245,0,0,0.0,0.0,0.1481,1000.0,0.87,1.0,normal,39.3508
12,271,16260,4,0,3.6,3.6,0.9,1000.0,0.9,1.0,normal,42.9508
12,271,16275,2,0,1.8,1.8,0.9,1000.0,0.9,1.0,normal,44.7508
12,271,16290,4,0,0.7481,0.7481,0.187,1000.0,0.9,1.0,normal,45.4989
12,271,16305,1,0,0.9,0.9,0.9,1000.0,0.9,1.0,normal,46.3989
12,272,16320,3,0,0.7721,0.7721,0.2574,1000.0,1.01,1.0,normal,47.171
12,272,16335,0,0,0.0,0.0,1.01,1000.0,1.01,1.0,normal,47.171
12,272,16350,4,0,1.2643,1.2643,0.3161,1000.0,1.01,1.0,normal,48.4353
12,272,16365,3,0,3.03,3.03,1.01,1000.0,1.01,1.0,normal,51.4653
12,273,16380,4,1,4.2,4.2,1.05,1000.0,1.05,1.0,normal,55.6653
12,273,16395,0,0,0.0,0.0,1.05,1000.0,1.05,1.0,normal,55.6653
12,273,16410,2,0,2.1,2.1,1.05,1000.0,1.05,1.0,normal,57.7653
12,273,16425,2,0,1.8274,1.8274,0.9137,1000.0,1.05,1.0,normal,59.5927
12,274,16440,3,0,2.2899,2.2899,0.7633,1000.0,1.09,1.0,normal,61.8826
12,274,16455,1,0,0.2758,0.2758,0.2758,1000.0,1.09,1.0,normal,62.1584
12,274,16470,3,0,3.27,3.27,1.09,1000.0,1.09,1.0,normal,65.4284
12,274,16485,1,0,0.0476,0.0476,0.0476,1000.0,1.09,1.0,normal,65.476
12,275,16500,4,0,4.52,4.52,1.13,1000.0,1.13,1.0,normal,69.996
12,275,16515,3,0,3.39,3.39,1.13,1000.0,1.13,1.0,normal,73.386
12,275,16530,1,0,1.13,1.13,1.13,1000.0,1.13,1.0,normal,74.516
12,275,16545,2,0,2.26,2.26,1.13,1000.0,1.13,1.0,normal,76.776
12,276,16560,1,0,1.24,1.24,1.24,1000.0,1.24,1.0,normal,78.016
12,276,16575,1,0,1.24,1.24,1.24,1000.0,1.24,1.0,normal,79.256
12,276,16590,1,0,1.24,1.24,1.24,1000.0,1.24,1.0,normal,80.496
12,276,16605,2,0,2.48,2.48,1.24,1000.0,1.24,1.0,normal,82.976
12,277,16620,3,0,3.84,3.84,1.28,1000.0,1.28,1.0,normal,86.816
12,277,16635,3,0,1.58,1.58,0.5267,1000.0,1.28,1.0,normal,88.396
12,277,16650,5,0,4.8716,4.8716,0.9743,1000.0,1.28,1.0,normal,93.2676
12,277,16665,3,0,3.84,3.84,1.28,1000.0,1.28,1.0,normal,97.1076
12,278,16680,1,0,1.32,1.32,1.32,1000.0,1.32,1.0,normal,98.4276
12,278,16695,1,0,1.32,1.32,1.32,1000.0,1.32,1.0,normal,99.7476
12,278,16710,2,0,2.64,2.64,1.32,1000.0,1.32,1.0,normal,102.3876
12,278,16725,4,0,5.28,5.28,1.32,1000.0,1.32,1.0,normal,107.6676
12,279,16740,3,1,4.11,4.11,1.37,1000.0,1.37,1.0,normal,111.7776
12,279,16755,7,0,9.59,9.59,1.37,1000.0,1.37,1.0,normal,121.3676
12,279,16770,3,0,1.5169,1.5169,0.5056,1000.0,1.37,1.0,normal,122.8845
12,279,16785,5,0,6.85,6.85,1.37,1000.0,1.37,1.0,normal,129.7345
12,280,16800,4,0,0.4647,0.4647,0.1162,1000.0,1.51,1.0,normal,130.1992
12,280,16815,2,0,3.02,3.02,1.51,1000.0,1.51,1.0,normal,133.2192
12,280,16830,1,0,0.4235,0.4235,0.4235,1000.0,1.51,1.0,normal,133.6427
12,280,16845,5,0,4.5032,4.5032,0.9006,1000.0,1.51,1.0,normal,138.1459
12,281,16860,6,1,9.36,9.36,1.56,1000.0,1.56,1.0,normal,147.5059
12,281,16875,5,1,3.8292,3.8292,0.7658,1000.0,1.56,1.0,normal,151.3351
12,281,16890,1,0,1.4746,1.4746,1.4746,1000.0,1.56,1.0,normal,152.8097
12,281,16905,3,0,1.6864,1.6864,0.5621,1000.0,1.56,1.0,normal,154.4961
12,282,16920,3,0,4.83,4.83,1.61,1000.0,1.61,1.0,normal,159.3261
12,282,16935,6,0,2.4825,2.4825,0.4138,1000.0,1.61,1.0,normal,161.8086
12,282,16950,2,0,3.22,3.22,1.61,1000.0,1.61,1.0,normal,165.0286
12,282,16965,6,0,2.1057,2.1057,0.351,1000.0,1.61,1.0,normal,167.1343
12,283,16980,6,0,10.02,10.02,1.67,1000.0,1.67,1.0,normal,177.1543
12,283,16995,3,0,5.01,5.01,1.67,1000.0,1.67,1.0,normal,182.1643
12,283,17010,2,0,2.0309,2.0309,1.0154,1000.0,1.67,1.0,normal,184.1952
12,283,17025,6,1,0.2727,0.2727,0.0454,1000.0,1.67,1.0,normal,184.4679
12,284,17040,0,0,0.0,0.0,0.01,1000.0,0.01,1.0,normal,184.4679
12,284,17055,0,0,0.0,0.0,0.01,1000.0,0.01,1.0,normal,184.4679
12,284,17070,0,0,0.0,0.0,0.01,1000.0,0.01,1.0,normal,184.4679
12,284,17085,0,0,0.0,0.0,0.01,1000.0,0.01,1.0,normal,184.4679
12,285,17100,0,0,0.0,0.0,0.01,1000.0,0.01,1.0,normal,184.4679
12,285,17115,0,0,0.0,0.0,0.01,1000.0,0.01,1.0,normal,184.4679
12,285,17130,0,0,0.0,0.0,0.01,1000.0,0.01,1.0,normal,184.4679
12,285,17145,0,0,0.0,0.0,0.01,1000.0,0.01,1.0,normal,184.4679
12,286,17160,0,0,0.0,0.0,0.01,1000.0,0.01,1.0,normal,184.4679
12,286,17175,0,0,0.0,0.0,0.01,1000.0,0.01,1.0,normal,184.4679
12,286,17190,0,0,0.0,0.0,0.01,1000.0,0.01,1.0,normal,184.4679
12,286,17205,0,0,0.0,0.0,0.01,1000.0,0.01,1.0,normal,184.4679
12,287,17220,0,0,0.0,0.0,0.01,1000.0,0.01,1.0,normal,184.4679
12,287,17235,1,0,0.01,0.01,0.01,1000.0,0.01,1.0,normal,184.4779
12,287,17250,1,0,0.01,0.01,0.01,1000.0,0.01,1.0,normal,184.4879
12,287,17265,0,0,0.0,0.0,0.01,1000.0,0.01,1.0,normal,184.4879
13,288,17280,19,0,30.67,30.67,1.6142,1000.0,4.2,0.0,normal,30.67
13,288,17295,12,0,50.4,50.4,4.2,1000.0,4.2,0.0,normal,81.07
13,288,17310,14,0,55.578,55.578,3.9699,1000.0,4.2,0.0,normal,136.648
13,288,17325,6,0,4.1063,4.1063,0.6844,1000.0,4.2,0.0,normal,140.7543
13,289,17340,0,0,0.0,0.0,0.01,1000.0,0.01,0.0,normal,140.7543
13,289,17355,1,0,0.01,0.01,0.01,1000.0,0.01,0.0,normal,140.7643
13,289,17370,0,0,0.0,0.0,0.01,1000.0,0.01,0.0,normal,140.7643
13,289,17385,0,0,0.0,0.0,0.01,1000.0,0.01,0.0,normal,140.7643
13,290,17400,0,0,0.0,0.0,0.01,1000.0,0.01,0.0,normal,140.7643
13,290,17415,0,0,0.0,0.0,0.01,1000.0,0.01,0.0,normal,140.7643
13,290,17430,0,0,0.0,0.0,0.01,1000.0,0.01,0.0,normal,140.7643
13,290,17445,0,0,0.0,0.0,0.01,1000.0,0.01,0.0,normal,140.7643
13,291,17460,1,0,0.01,0.01,0.01,1000.0,0.01,0.0,normal,140.7743
13,291,17475,0,0,0.0,0.0,0.01,1000.0,0.01,0.0,normal,140.7743
13,291,17490,0,0,0.0,0.0,0.01,1000.0,0.01,0.0,normal,140.7743
13,291,17505,0,0,0.0,0.0,0.01,1000.0,0.01,0.0,normal,140.7743
13,292,17520,0,0,0.0,0.0,0.01,1000.0,0.01,0.0,normal,140.7743
13,292,17535,0,0,0.0,0.0,0.01,1000.0,0.01,0.0,normal,140.7743
13,292,17550,0,0,0.0,0.0,0.01,1000.0,0.01,0.0,normal,140.7743
13,292,17565,1,0,0.01,0.01,0.01,1000.0,0.01,0.0,normal,140.7843
13,293,17580,0,0,0.0,0.0,0.01,1000.0,0.01,0.0,normal,140.7843
13,293,17595,1,0,0.01,0.01,0.01,1000.0,0.01,0.0,normal,140.7943
13,293,17610,0,0,0.0,0.0,0.01,1000.0,0.01,0.0,normal,140.7943
13,293,17625,0,0,0.0,0.0,0.01,1000.0,0.01,0.0,normal,140.7943
13,294,17640,0,0,0.0,0.0,0.01,1000.0,0.01,0.0,normal,140.7943
13,294,17655,0,0,0.0,0.0,0.01,1000.0,0.01,0.0,normal,140.7943
13,294,17670,0,0,0.0,0.0,0.01,1000.0,0.01,0.0,normal,140.7943
13,294,17685,0,0,0.0,0.0,0.01,1000.0,0.01,0.0,normal,140.7943
13,295,17700,0,0,0.0,0.0,0.01,1000.0,0.01,0.0,normal,140.7943
13,295,17715,0,0,0.0,0.0,0.01,1000.0,0.01,0.0,normal,140.7943
13,295,17730,0,0,0.0,0.0,0.01,1000.0,0.01,0.0,normal,140.7943
13,295,17745,0,0,0.0,0.0,0.01,1000.0,0.01,0.0,normal,140.7943
13,296,17760,0,0,0.0,0.0,0.01,1000.0,0.01,0.0,normal,140.7943
13,296,17775,0,0,0.0,0.0,0.01,1000.0,0.01,0.0,normal,140.7943
13,296,17790,0,0,0.0,0.0,0.01,1000.0,0.01,0.0,normal,140.7943
13,296,17805,0,0,0.0,0.0,0.01,1000.0,0.01,0.0,normal,140.7943
13,297,17820,0,0,0.0,0.0,0.01,1000.0,0.01,0.0,normal,140.7943
13,297,17835,0,0,0.0,0.0,0.01,1000.0,0.01,0.0,normal,140.7943
13,297,17850,0,0,0.0,0.0,0.01,1000.0,0.01,0.0,normal,140.7943
13,297,17865,0,0,0.0,0.0,0.01,1000.0,0.01,0.0,normal,140.7943
13,298,17880,0,0,0.0,0.0,0.01,1000.0,0.01,0.0,normal,140.7943
13,298,17895,0,0,0.0,0.0,0.01,1000.0,0.01,0.0,normal,140.7943
13,298,17910,0,0,0.0,0.0,0.01,1000.0,0.01,0.0,normal,140.7943
13,298,17925,0,0,0.0,0.0,0.01,1000.0,0.01,0.0,normal,140.7943
13,299,17940,0,0,0.0,0.0,0.01,1000.0,0.01,0.0,normal,140.7943
13,299,17955,0,0,0.0,0.0,0.01,1000.0,0.01,0.0,normal,140.7943
13,299,17970,0,0,0.0,0.0,0.01,1000.0,0.01,0.0,normal,140.7943
13,299,17985,0,0,0.0,0.0,0.01,1000.0,0.01,0.0,normal,140.7943
13,300,18000,0,0,0.0,0.0,0.01,1000.0,0.01,0.0,normal,140.7943
13,300,18015,0,0,0.0,0.0,0.01,1000.0,0.01,0.0,normal,140.7943
13,300,18030,0,0,0.0,0.0,0.01,1000.0,0.01,0.0,normal,140.7943
13,300,18045,0,0,0.0,0.0,0.01,1000.0,0.01,0.0,normal,140.7943
13,301,18060,0,0,0.0,0.0,0.01,1000.0,0.01,0.0,normal,140.7943
13,301,18075,0,0,0.0,0.0,0.01,1000.0,0.01,0.0,normal,140.7943
13,301,18090,0,0,0.0,0.0,0.01,1000.0,0.01,0.0,normal,140.7943
13,301,18105,1,0,0.01,0.01,0.01,1000.0,0.01,0.0,normal,140.8043
13,302,18120,0,0,0.0,0.0,0.01,1000.0,0.01,0.0,normal,140.8043
13,302,18135,0,0,0.0,0.0,0.01,1000.0,0.01,0.0,normal,140.8043
13,302,18150,0,0,0.0,0.0,0.01,1000.0,0.01,0.0,normal,140.8043
13,302,18165,0,0,0.0,0.0,0.01,1000.0,0.01,0.0,normal,140.8043
13,303,18180,0,0,0.0,0.0,0.01,1000.0,0.01,0.0,normal,140.8043
13,303,18195,0,0,0.0,0.0,0.01,1000.0,0.01,0.0,normal,140.8043
13,303,18210,0,0,0.0,0.0,0.01,1000.0,0.01,0.0,normal,140.8043
13,303,18225,0,0,0.0,0.0,0.01,1000.0,0.01,0.0,normal,140.8043
13,304,18240,0,0,0.0,0.0,0.01,1000.0,0.01,0.0,normal,140.8043
13,304,18255,1,0,0.01,0.01,0.01,1000.0,0.01,0.0,normal,140.8143
13,304,18270,0,0,0.0,0.0,0.01,1000.0,0.01,0.0,normal,140.8143
13,304,18285,0,0,0.0,0.0,0.01,1000.0,0.01,0.0,normal,140.8143
13,305,18300,0,0,0.0,0.0,0.01,1000.0,0.01,0.0,normal,140.8143
13,305,18315,0,0,0.0,0.0,0.01,1000.0,0.01,0.0,normal,140.8143
13,305,18330,0,0,0.0,0.0,0.01,1000.0,0.01,0.0,normal,140.8143
13,305,18345,0,0,0.0,0.0,0.01,1000.0,0.01,0.0,normal,140.8143
13,306,18360,0,0,0.0,0.0,0.01,1000.0,0.01,0.0,normal,140.8143
13,306,18375,0,0,0.0,0.0,0.01,1000.0,0.01,0.0,normal,140.8143
13,306,18390,0,0,0.0,0.0,0.01,1000.0,0.01,0.0,normal,140.8143
13,306,18405,0,0,0.0,0.0,0.01,1000.0,0.01,0.0,normal,140.8143
13,307,18420,0,0,0.0,0.0,0.01,1000.0,0.01,0.0,normal,140.8143
13,307,18435,0,0,0.0,0.0,0.01,1000.0,0.01,0.0,normal,140.8143
13,307,18450,0,0,0.0,0.0,0.01,1000.0,0.01,0.0,normal,140.8143
13,307,18465,1,0,0.01,0.01,0.01,1000.0,0.01,0.0,normal,140.8243
13,308,18480,0,0,0.0,0.0,0.01,1000.0,0.01,0.0,normal,140.8243
13,308,18495,0,0,0.0,0.0,0.01,1000.0,0.01,0.0,normal,140.8243
13,308,18510,0,0,0.0,0.0,0.01,1000.0,0.01,0.0,normal,140.8243
13,308,18525,0,0,0.0,0.0,0.01,1000.0,0.01,0.0,normal,140.8243
13,309,18540,0,0,0.0,0.0,0.01,1000.0,0.01,0.0,normal,140.8243
13,309,18555,0,0,0.0,0.0,0.01,1000.0,0.01,0.0,normal,140.8243
13,309,18570,0,0,0.0,0.0,0.01,1000.0,0.01,0.0,normal,140.8243
13,309,18585,0,0,0.0,0.0,0.01,1000.0,0.01,0.0,normal,140.8243
13,310,18600,0,0,0.0,0.0,0.01,1000.0,0.01,0.0,normal,140.8243
13,310,18615,0,0,0.0,0.0,0.01,1000.0,0.01,0.0,normal,140.8243
13,310,18630,0,0,0.0,0.0,0.01,1000.0,0.01,0.0,normal,140.8243
13,310,18645,0,0,0.0,0.0,0.01,1000.0,0.01,0.0,normal,140.8243
13,311,18660,0,0,0.0,0.0,0.01,1000.0,0.01,0.0,normal,140.8243
13,311,18675,0,0,0.0,0.0,0.01,1000.0,0.01,0.0,normal,140.8243
13,311,18690,0,0,0.0,0.0,0.01,1000.0,0.01,0.0,normal,140.8243
13,311,18705,0,0,0.0,0.0,0.01,1000.0,0.01,0.0,normal,140.8243
14,312,18720,0,0,0.0,0.0,0.01,1000.0,0.01,0.0,normal,0.0
14,312,18735,0,0,0.0,0.0,0.01,1000.0,0.01,0.0,normal,0.0
14,312,18750,0,0,0.0,0.0,0.01,1000.0,0.01,0.0,normal,0.0
14,312,18765,0,0,0.0,0.0,0.01,1000.0,0.01,0.0,normal,0.0
14,313,18780,0,0,0.0,0.0,0.01,1000.0,0.01,0.0,normal,0.0
14,313,18795,0,0,0.0,0.0,0.01,1000.0,0.01,0.0,normal,0.0
14,313,18810,0,0,0.0,0.0,0.01,1000.0,0.01,0.0,normal,0.0
14,313,18825,0,0,0.0,0.0,0.01,1000.0,0.01,0.0,normal,0.0
14,314,18840,0,0,0.0,0.0,0.01,1000.0,0.01,0.0,normal,0.0
14,314,18855,0,0,0.0,0.0,0.01,1000.0,0.01,0.0,normal,0.0
14,314,18870,0,0,0.0,0.0,0.01,1000.0,0.01,0.0,normal,0.0
14,314,18885,0,0,0.0,0.0,0.01,1000.0,0.01,0.0,normal,0.0
14,315,18900,0,0,0.0,0.0,0.01,1000.0,0.01,0.0,normal,0.0
14,315,18915,0,0,0.0,0.0,0.01,1000.0,0.01,0.0,normal,0.0
14,315,18930,0,0,0.0,0.0,0.01,1000.0,0.01,0.0,normal,0.0
14,315,18945,0,0,0.0,0.0,0.01,1000.0,0.01,0.0,normal,0.0
14,316,18960,0,0,0.0,0.0,0.01,1000.0,0.01,0.0,normal,0.0
14,316,18975,0,0,0.0,0.0,0.01,1000.0,0.01,0.0,normal,0.0
14,316,18990,0,0,0.0,0.0,0.01,1000.0,0.01,0.0,normal,0.0
14,316,19005,0,0,0.0,0.0,0.01,1000.0,0.01,0.0,normal,0.0
14,317,19020,0,0,0.0,0.0,0.01,1000.0,0.01,0.0,normal,0.0
14,317,19035,0,0,0.0,0.0,0.01,1000.0,0.01,0.0,normal,0.0
14,317,19050,0,0,0.0,0.0,0.01,1000.0,0.01,0.0,normal,0.0
14,317,19065,0,0,0.0,0.0,0.01,1000.0,0.01,0.0,normal,0.0
14,318,19080,0,0,0.0,0.0,0.01,1000.0,0.01,0.0,normal,0.0
14,318,19095,0,0,0.0,0.0,0.01,1000.0,0.01,0.0,normal,0.0
14,318,19110,0,0,0.0,0.0,0.01,1000.0,0.01,0.0,normal,0.0
14,318,19125,0,0,0.0,0.0,0.01,1000.0,0.01,0.0,normal,0.0
14,319,19140,0,0,0.0,0.0,0.01,1000.0,0.01,0.0,normal,0.0
14,319,19155,0,0,0.0,0.0,0.01,1000.0,0.01,0.0,normal,0.0
14,319,19170,0,0,0.0,0.0,0.01,1000.0,0.01,0.0,normal,0.0
14,319,19185,0,0,0.0,0.0,0.01,1000.0,0.01,0.0,normal,0.0
14,320,19200,0,0,0.0,0.0,0.01,1000.0,0.01,0.0,normal,0.0
14,320,19215,0,0,0.0,0.0,0.01,1000.0,0.01,0.0,normal,0.0
14,320,19230,0,0,0.0,0.0,0.01,1000.0,0.01,0.0,normal,0.0
14,320,19245,0,0,0.0,0.0,0.01,1000.0,0.01,0.0,normal,0.0
14,321,19260,0,0,0.0,0.0,0.01,1000.0,0.01,0.0,normal,0.0
14,321,19275,0,0,0.0,0.0,0.01,1000.0,0.01,0.0,normal,0.0
14,321,19290,0,0,0.0,0.0,0.01,1000.0,0.01,0.0,normal,0.0
14,321,19305,0,0,0.0,0.0,0.01,1000.0,0.01,0.0,normal,0.0
14,322,19320,0,0,0.0,0.0,0.01,1000.0,0.01,0.0,normal,0.0
14,322,19335,0,0,0.0,0.0,0.01,1000.0,0.01,0.0,normal,0.0
14,322,19350,0,0,0.0,0.0,0.01,1000.0,0.01,0.0,normal,0.0
14,322,19365,0,0,0.0,0.0,0.01,1000.0,0.01,0.0,normal,0.0
14,323,19380,0,0,0.0,0.0,0.01,1000.0,0.01,0.0,normal,0.0
14,323,19395,0,0,0.0,0.0,0.01,1000.0,0.01,0.0,normal,0.0
14,323,19410,0,0,0.0,0.0,0.01,1000.0,0.01,0.0,normal,0.0
14,323,19425,0,0,0.0,0.0,0.01,1000.0,0.01,0.0,normal,0.0
14,324,19440,0,0,0.0,0.0,0.01,1000.0,0.01,0.0,normal,0.0
14,324,19455,0,0,0.0,0.0,0.01,1000.0,0.01,0.0,normal,0.0
14,324,19470,0,0,0.0,0.0,0.01,1000.0,0.01,0.0,normal,0.0
14,324,19485,0,0,0.0,0.0,0.01,1000.0,0.01,0.0,normal,0.0
14,325,19500,0,0,0.0,0.0,0.01,1000.0,0.01,0.0,normal,0.0
14,325,19515,0,0,0.0,0.0,0.01,1000.0,0.01,0.0,normal,0.0
14,325,19530,0,0,0.0,0.0,0.01,1000.0,0.01,0.0,normal,0.0
14,325,19545,0,0,0.0,0.0,0.01,1000.0,0.01,0.0,normal,0.0
14,326,19560,0,0,0.0,0.0,0.01,1000.0,0.01,0.0,normal,0.0
14,326,19575,0,0,0.0,0.0,0.01,1000.0,0.01,0.0,normal,0.0
14,326,19590,0,0,0.0,0.0,0.01,1000.0,0.01,0.0,normal,0.0
14,326,19605,0,0,0.0,0.0,0.01,1000.0,0.01,0.0,normal,0.0
14,327,19620,0,0,0.0,0.0,0.01,1000.0,0.01,0.0,normal,0.0
14,327,19635,0,0,0.0,0.0,0.01,1000.0,0.01,0.0,normal,0.0
14,327,19650,0,0,0.0,0.0,0.01,1000.0,0.01,0.0,normal,0.0
14,327,19665,0,0,0.0,0.0,0.01,1000.0,0.01,0.0,normal,0.0
14,328,19680,0,0,0.0,0.0,0.01,1000.0,0.01,0.0,normal,0.0
14,328,19695,0,0,0.0,0.0,0.01,1000.0,0.01,0.0,normal,0.0
14,328,19710,0,0,0.0,0.0,0.01,1000.0,0.01,0.0,normal,0.0
14,328,19725,0,0,0.0,0.0,0.01,1000.0,0.01,0.0,normal,0.0
14,329,19740,0,0,0.0,0.0,0.01,1000.0,0.01,0.0,normal,0.0
14,329,19755,1,0,0.01,0.01,0.01,1000.0,0.01,0.0,normal,0.01
14,329,19770,0,0,0.0,0.0,0.01,1000.0,0.01,0.0,normal,0.01
14,329,19785,0,0,0.0,0.0,0.01,1000.0,0.01,0.0,normal,0.01
14,330,19800,0,0,0.0,0.0,0.01,1000.0,0.01,0.0,normal,0.01
14,330,19815,0,0,0.0,0.0,0.01,1000.0,0.01,0.0,normal,0.01
14,330,19830,0,0,0.0,0.0,0.01,1000.0,0.01,0.0,normal,0.01
14,330,19845,0,0,0.0,0.0,0.01,1000.0,0.01,0.0,normal,0.01
14,331,19860,0,0,0.0,0.0,0.01,1000.0,0.01,0.0,normal,0.01
14,331,19875,0,0,0.0,0.0,0.01,1000.0,0.01,0.0,normal,0.01
14,331,19890,0,0,0.0,0.0,0.01,1000.0,0.01,0.0,normal,0.01
14,331,19905,0,0,0.0,0.0,0.01,1000.0,0.01,0.0,normal,0.01
14,332,19920,1,0,0.01,0.01,0.01,1000.0,0.01,0.0,normal,0.02
14,332,19935,0,0,0.0,0.0,0.01,1000.0,0.01,0.0,normal,0.02
14,332,19950,0,0,0.0,0.0,0.01,1000.0,0.01,0.0,normal,0.02
14,332,19965,0,0,0.0,0.0,0.01,1000.0,0.01,0.0,normal,0.02
14,333,19980,0,0,0.0,0.0,0.01,1000.0,0.01,0.0,normal,0.02
14,333,19995,0,0,0.0,0.0,0.01,1000.0,0.01,0.0,normal,0.02
14,333,20010,0,0,0.0,0.0,0.01,1000.0,0.01,0.0,normal,0.02
14,333,20025,0,0,0.0,0.0,0.01,1000.0,0.01,0.0,normal,0.02
14,334,20040,0,0,0.0,0.0,0.01,1000.0,0.01,0.0,normal,0.02
14,334,20055,0,0,0.0,0.0,0.01,1000.0,0.01,0.0,normal,0.02
14,334,20070,0,0,0.0,0.0,0.01,1000.0,0.01,0.0,normal,0.02
14,334,20085,0,0,0.0,0.0,0.01,1000.0,0.01,0.0,normal,0.02
14,335,20100,0,0,0.0,0.0,0.01,1000.0,0.01,0.0,normal,0.02
14,335,20115,0,0,0.0,0.0,0.01,1000.0,0.01,0.0,normal,0.02
14,335,20130,0,0,0.0,0.0,0.01,1000.0,0.01,0.0,normal,0.02
14,335,20145,0,0,0.0,0.0,0.01,1000.0,0.01,0.0,normal,0.02
15,336,20160,0,0,0.0,0.0,0.01,1000.0,0.01,0.0,normal,0.0
15,336,20175,0,0,0.0,0.0,0.01,1000.0,0.01,0.0,normal,0.0
15,336,20190,0,0,0.0,0.0,0.01,1000.0,0.01,0.0,normal,0.0
15,336,20205,0,0,0.0,0.0,0.01,1000.0,0.01,0.0,normal,0.0
15,337,20220,0,0,0.0,0.0,0.01,1000.0,0.01,0.0,normal,0.0
15,337,20235,0,0,0.0,0.0,0.01,1000.0,0.01,0.0,normal,0.0
15,337,20250,0,0,0.0,0.0,0.01,1000.0,0.01,0.0,normal,0.0
15,337,20265,0,0,0.0,0.0,0.01,1000.0,0.01,0.0,normal,0.0
15,338,20280,0,0,0.0,0.0,0.01,1000.0,0.01,0.0,normal,0.0
15,338,20295,0,0,0.0,0.0,0.01,1000.0,0.01,0.0,normal,0.0
15,338,20310,0,0,0.0,0.0,0.01,1000.0,0.01,0.0,normal,0.0
15,338,20325,0,0,0.0,0.0,0.01,1000.0,0.01,0.0,normal,0.0
15,339,20340,0,0,0.0,0.0,0.01,1000.0,0.01,0.0,normal,0.0
15,339,20355,1,0,0.01,0.01,0.01,1000.0,0.01,0.0,normal,0.01
15,339,20370,0,0,0.0,0.0,0.01,1000.0,0.01,0.0,normal,0.01
15,339,20385,0,0,0.0,0.0,0.01,1000.0,0.01,0.0,normal,0.01
15,340,20400,0,0,0.0,0.0,0.01,1000.0,0.01,0.0,normal,0.01
15,340,20415,0,0,0.0,0.0,0.01,1000.0,0.01,0.0,normal,0.01
15,340,20430,0,0,0.0,0.0,0.01,1000.0,0.01,0.0,normal,0.01
15,340,20445,0,0,0.0,0.0,0.01,1000.0,0.01,0.0,normal,0.01
15,341,20460,0,0,0.0,0.0,0.01,1000.0,0.01,0.0,normal,0.01
15,341,20475,0,0,0.0,0.0,0.01,1000.0,0.01,0.0,normal,0.01
15,341,20490,0,0,0.0,0.0,0.01,1000.0,0.01,0.0,normal,0.01
15,341,20505,0,0,0.0,0.0,0.01,1000.0,0.01,0.0,normal,0.01
15,342,20520,0,0,0.0,0.0,0.01,1000.0,0.01,0.0,normal,0.01
15,342,20535,0,0,0.0,0.0,0.01,1000.0,0.01,0.0,normal,0.01
15,342,20550,0,0,0.0,0.0,0.01,1000.0,0.01,0.0,normal,0.01
15,342,20565,0,0,0.0,0.0,0.01,1000.0,0.01,0.0,normal,0.01
15,343,20580,0,0,0.0,0.0,0.01,1000.0,0.01,0.0,normal,0.01
15,343,20595,0,0,0.0,0.0,0.01,1000.0,0.01,0.0,normal,0.01
15,343,20610,0,0,0.0,0.0,0.01,1000.0,0.01,0.0,normal,0.01
15,343,20625,0,0,0.0,0.0,0.01,1000.0,0.01,0.0,normal,0.01
15,344,20640,0,0,0.0,0.0,0.01,1000.0,0.01,0.0,normal,0.01
15,344,20655,0,0,0.0,0.0,0.01,1000.0,0.01,0.0,normal,0.01
15,344,20670,0,0,0.0,0.0,0.01,1000.0,0.01,0.0,normal,0.01
15,344,20685,0,0,0.0,0.0,0.01,1000.0,0.01,0.0,normal,0.01
15,345,20700,0,0,0.0,0.0,0.01,1000.0,0.01,0.0,normal,0.01
15,345,20715,0,0,0.0,0.0,0.01,1000.0,0.01,0.0,normal,0.01
15,345,20730,0,0,0.0,0.0,0.01,1000.0,0.01,0.0,normal,0.01
15,345,20745,0,0,0.0,0.0,0.01,1000.0,0.01,0.0,normal,0.01
15,346,20760,0,0,0.0,0.0,0.01,1000.0,0.01,0.0,normal,0.01
15,346,20775,0,0,0.0,0.0,0.01,1000.0,0.01,0.0,normal,0.01
15,346,20790,0,0,0.0,0.0,0.01,1000.0,0.01,0.0,normal,0.01
15,346,20805,0,0,0.0,0.0,0.01,1000.0,0.01,0.0,normal,0.01
15,347,20820,0,0,0.0,0.0,0.01,1000.0,0.01,0.0,normal,0.01
15,347,20835,0,0,0.0,0.0,0.01,1000.0,0.01,0.0,normal,0.01
15,347,20850,0,0,0.0,0.0,0.01,1000.0,0.01,0.0,normal,0.01
15,347,20865,0,0,0.0,0.0,0.01,1000.0,0.01,0.0,normal,0.01
15,348,20880,0,0,0.0,0.0,0.01,1000.0,0.01,0.0,normal,0.01
15,348,20895,0,0,0.0,0.0,0.01,1000.0,0.01,0.0,normal,0.01
15,348,20910,0,0,0.0,0.0,0.01,1000.0,0.01,0.0,normal,0.01
15,348,20925,0,0,0.0,0.0,0.01,1000.0,0.01,0.0,normal,0.01
15,349,20940,0,0,0.0,0.0,0.01,1000.0,0.01,0.0,normal,0.01
15,349,20955,0,0,0.0,0.0,0.01,1000.0,0.01,0.0,normal,0.01
15,349,20970,0,0,0.0,0.0,0.01,1000.0,0.01,0.0,normal,0.01
15,349,20985,0,0,0.0,0.0,0.01,1000.0,0.01,0.0,normal,0.01
15,350,21000,0,0,0.0,0.0,0.01,1000.0,0.01,0.0,normal,0.01
15,350,21015,0,0,0.0,0.0,0.01,1000.0,0.01,0.0,normal,0.01
15,350,21030,0,0,0.0,0.0,0.01,1000.0,0.01,0.0,normal,0.01
15,350,21045,0,0,0.0,0.0,0.01,1000.0,0.01,0.0,normal,0.01
15,351,21060,0,0,0.0,0.0,0.01,1000.0,0.01,0.0,normal,0.01
15,351,21075,0,0,0.0,0.0,0.01,1000.0,0.01,0.0,normal,0.01
15,351,21090,0,0,0.0,0.0,0.01,1000.0,0.01,0.0,normal,0.01
15,351,21105,0,0,0.0,0.0,0.01,1000.0,0.01,0.0,normal,0.01
15,352,21120,0,0,0.0,0.0,0.01,1000.0,0.01,0.0,normal,0.01
15,352,21135,0,0,0.0,0.0,0.01,1000.0,0.01,0.0,normal,0.01
15,352,21150,0,0,0.0,0.0,0.01,1000.0,0.01,0.0,normal,0.01
15,352,21165,0,0,0.0,0.0,0.01,1000.0,0.01,0.0,normal,0.01
15,353,21180,0,0,0.0,0.0,0.01,1000.0,0.01,0.0,normal,0.01
15,353,21195,0,0,0.0,0.0,0.01,1000.0,0.01,0.0,normal,0.01
15,353,21210,0,0,0.0,0.0,0.01,1000.0,0.01,0.0,normal,0.01
15,353,21225,0,0,0.0,0.0,0.01,1000.0,0.01,0.0,normal,0.01
15,354,21240,0,0,0.0,0.0,0.01,1000.0,0.01,0.0,normal,0.01
15,354,21255,0,0,0.0,0.0,0.01,1000.0,0.01,0.0,normal,0.01
15,354,21270,0,0,0.0,0.0,0.01,1000.0,0.01,0.0,normal,0.01
15,354,21285,0,0,0.0,0.0,0.01,1000.0,0.01,0.0,normal,0.01
15,355,21300,0,0,0.0,0.0,0.01,1000.0,0.01,0.0,normal,0.01
15,355,21315,0,0,0.0,0.0,0.01,1000.0,0.01,0.0,normal,0.01
15,355,21330,0,0,0.0,0.0,0.01,1000.0,0.01,0.0,normal,0.01
15,355,21345,0,0,0.0,0.0,0.01,1000.0,0.01,0.0,normal,0.01
15,356,21360,0,0,0.0,0.0,0.01,1000.0,0.01,0.0,normal,0.01
15,356,21375,0,0,0.0,0.0,0.01,1000.0,0.01,0.0,normal,0.01
15,356,21390,0,0,0.0,0.0,0.01,1000.0,0.01,0.0,normal,0.01
15,356,21405,0,0,0.0,0.0,0.01,1000.0,0.01,0.0,normal,0.01
15,357,21420,0,0,0.0,0.0,0.01,1000.0,0.01,0.0,normal,0.01
15,357,21435,0,0,0.0,0.0,0.01,1000.0,0.01,0.0,normal,0.01
15,357,21450,0,0,0.0,0.0,0.01,1000.0,0.01,0.0,normal,0.01
15,357,21465,0,0,0.0,0.0,0.01,1000.0,0.01,0.0,normal,0.01
15,358,21480,0,0,0.0,0.0,0.01,1000.0,0.01,0.0,normal,0.01
15,358,21495,0,0,0.0,0.0,0.01,1000.0,0.01,0.0,normal,0.01
15,358,21510,0,0,0.0,0.0,0.01,1000.0,0.01,0.0,normal,0.01
15,358,21525,0,0,0.0,0.0,0.01,1000.0,0.01,0.0,normal,0.01
15,359,21540,0,0,0.0,0.0,0.01,1000.0,0.01,0.0,normal,0.01
15,359,21555,0,0,0.0,0.0,0.01,1000.0,0.01,0.0,normal,0.01
15,359,21570,0,0,0.0,0.0,0.01,1000.0,0.01,0.0,normal,0.01
15,359,21585,0,0,0.0,0.0,0.01,1000.0,0.01,0.0,normal,0.01
16,360,21600,0,0,0.0,0.0,0.01,1000.0,0.01,0.0,normal,0.0
16,360,21615,0,0,0.0,0.0,0.01,1000.0,0.01,0.0,normal,0.0
16,360,21630,0,0,0.0,0.0,0.01,1000.0,0.01,0.0,normal,0.0
16,360,21645,0,0,0.0,0.0,0.01,1000.0,0.01,0.0,normal,0.0
16,361,21660,0,0,0.0,0.0,0.01,1000.0,0.01,0.0,normal,0.0
16,361,21675,0,0,0.0,0.0,0.01,1000.0,0.01,0.0,normal,0.0
16,361,21690,0,0,0.0,0.0,0.01,1000.0,0.01,0.0,normal,0.0
16,361,21705,0,0,0.0,0.0,0.01,1000.0,0.01,0.0,normal,0.0
16,362,21720,0,0,0.0,0.0,0.01,1000.0,0.01,0.0,normal,0.0
16,362,21735,0,0,0.0,0.0,0.01,1000.0,0.01,0.0,normal,0.0
16,362,21750,0,0,0.0,0.0,0.01,1000.0,0.01,0.0,normal,0.0
16,362,21765,0,0,0.0,0.0,0.01,1000.0,0.01,0.0,normal,0.0
16,363,21780,0,0,0.0,0.0,0.01,1000.0,0.01,0.0,normal,0.0
16,363,21795,0,0,0.0,0.0,0.01,1000.0,0.01,0.0,normal,0.0
16,363,21810,0,0,0.0,0.0,0.01,1000.0,0.01,0.0,normal,0.0
16,363,21825,0,0,0.0,0.0,0.01,1000.0,0.01,0.0,normal,0.0
16,364,21840,0,0,0.0,0.0,0.01,1000.0,0.01,0.0,normal,0.0
16,364,21855,0,0,0.0,0.0,0.01,1000.0,0.01,0.0,normal,0.0
16,364,21870,0,0,0.0,0.0,0.01,1000.0,0.01,0.0,normal,0.0
16,364,21885,0,0,0.0,0.0,0.01,1000.0,0.01,0.0,normal,0.0
16,365,21900,0,0,0.0,0.0,0.01,1000.0,0.01,0.0,normal,0.0
16,365,21915,0,0,0.0,0.0,0.01,1000.0,0.01,0.0,normal,0.0
16,365,21930,0,0,0.0,0.0,0.01,1000.0,0.01,0.0,normal,0.0
16,365,21945,0,0,0.0,0.0,0.01,1000.0,0.01,0.0,normal,0.0
16,366,21960,0,0,0.0,0.0,0.01,1000.0,0.01,0.0,normal,0.0
16,366,21975,0,0,0.0,0.0,0.01,1000.0,0.01,0.0,normal,0.0
16,366,21990,0,0,0.0,0.0,0.01,1000.0,0.01,0.0,normal,0.0
16,366,22005,0,0,0.0,0.0,0.01,1000.0,0.01,0.0,normal,0.0
16,367,22020,0,0,0.0,0.0,0.01,1000.0,0.01,0.0,normal,0.0
16,367,22035,0,0,0.0,0.0,0.01,1000.0,0.01,0.0,normal,0.0
16,367,22050,0,0,0.0,0.0,0.01,1000.0,0.01,0.0,normal,0.0
16,367,22065,0,0,0.0,0.0,0.01,1000.0,0.01,0.0,normal,0.0
16,368,22080,0,0,0.0,0.0,0.01,1000.0,0.01,0.0,normal,0.0
16,368,22095,0,0,0.0,0.0,0.01,1000.0,0.01,0.0,normal,0.0
16,368,22110,0,0,0.0,0.0,0.01,1000.0,0.01,0.0,normal,0.0
16,368,22125,0,0,0.0,0.0,0.01,1000.0,0.01,0.0,normal,0.0
16,369,22140,0,0,0.0,0.0,0.01,1000.0,0.01,0.0,normal,0.0
16,369,22155,0,0,0.0,0.0,0.01,1000.0,0.01,0.0,normal,0.0
16,369,22170,0,0,0.0,0.0,0.01,1000.0,0.01,0.0,normal,0.0
16,369,22185,0,0,0.0,0.0,0.01,1000.0,0.01,0.0,normal,0.0
16,370,22200,0,0,0.0,0.0,0.01,1000.0,0.01,0.0,normal,0.0
16,370,22215,0,0,0.0,0.0,0.01,1000.0,0.01,0.0,normal,0.0
16,370,22230,0,0,0.0,0.0,0.01,1000.0,0.01,0.0,normal,0.0
16,370,22245,0,0,0.0,0.0,0.01,1000.0,0.01,0.0,normal,0.0
16,371,22260,0,0,0.0,0.0,0.01,1000.0,0.01,0.0,normal,0.0
16,371,22275,0,0,0.0,0.0,0.01,1000.0,0.01,0.0,normal,0.0
16,371,22290,0,0,0.0,0.0,0.01,1000.0,0.01,0.0,normal,0.0
16,371,22305,0,0,0.0,0.0,0.01,1000.0,0.01,0.0,normal,0.0
16,372,22320,0,0,0.0,0.0,0.01,1000.0,0.01,0.0,normal,0.0
16,372,22335,0,0,0.0,0.0,0.01,1000.0,0.01,0.0,normal,0.0
16,372,22350,0,0,0.0,0.0,0.01,1000.0,0.01,0.0,normal,0.0
16,372,22365,0,0,0.0,0.0,0.01,1000.0,0.01,0.0,normal,0.0
16,373,22380,0,0,0.0,0.0,0.01,1000.0,0.01,0.0,normal,0.0
16,373,22395,0,0,0.0,0.0,0.01,1000.0,0.01,0.0,normal,0.0
16,373,22410,0,0,0.0,0.0,0.01,1000.0,0.01,0.0,normal,0.0
16,373,22425,0,0,0.0,0.0,0.01,1000.0,0.01,0.0,normal,0.0
16,374,22440,0,0,0.0,0.0,0.01,1000.0,0.01,0.0,normal,0.0
16,374,22455,0,0,0.0,0.0,0.01,1000.0,0.01,0.0,normal,0.0
16,374,22470,0,0,0.0,0.0,0.01,1000.0,0.01,0.0,normal,0.0
16,374,22485,0,0,0.0,0.0,0.01,1000.0,0.01,0.0,normal,0.0
16,375,22500,0,0,0.0,0.0,0.01,1000.0,0.01,0.0,normal,0.0
16,375,22515,0,0,0.0,0.0,0.01,1000.0,0.01,0.0,normal,0.0
16,375,22530,0,0,0.0,0.0,0.01,1000.0,0.01,0.0,normal,0.0
16,375,22545,0,0,0.0,0.0,0.01,1000.0,0.01,0.0,normal,0.0
16,376,22560,0,0,0.0,0.0,0.01,1000.0,0.01,0.0,normal,0.0
16,376,22575,0,0,0.0,0.0,0.01,1000.0,0.01,0.0,normal,0.0
16,376,22590,0,0,0.0,0.0,0.01,1000.0,0.01,0.0,normal,0.0
16,376,22605,0,0,0.0,0.0,0.01,1000.0,0.01,0.0,normal,0.0
16,377,22620,0,0,0.0,0.0,0.01,1000.0,0.01,0.0,normal,0.0
16,377,22635,0,0,0.0,0.0,0.01,1000.0,0.01,0.0,normal,0.0
16,377,22650,0,0,0.0,0.0,0.01,1000.0,0.01,0.0,normal,0.0
16,377,22665,0,0,0.0,0.0,0.01,1000.0,0.01,0.0,normal,0.0
16,378,22680,0,0,0.0,0.0,0.01,1000.0,0.01,0.0,normal,0.0
16,378,22695,0,0,0.0,0.0,0.01,1000.0,0.01,0.0,normal,0.0
16,378,22710,0,0,0.0,0.0,0.01,1000.0,0.01,0.0,normal,0.0
16,378,22725,0,0,0.0,0.0,0.01,1000.0,0.01,0.0,normal,0.0
16,379,22740,0,0,0.0,0.0,0.01,1000.0,0.01,0.0,normal,0.0
16,379,22755,0,0,0.0,0.0,0.01,1000.0,0.01,0.0,normal,0.0
16,379,22770,0,0,0.0,0.0,0.01,1000.0,0.01,0.0,normal,0.0
16,379,22785,0,0,0.0,0.0,0.01,1000.0,0.01,0.0,normal,0.0
16,380,22800,1,0,0.01,0.01,0.01,1000.0,0.01,0.0,normal,0.01
16,380,22815,0,0,0.0,0.0,0.01,1000.0,0.01,0.0,normal,0.01
16,380,22830,0,0,0.0,0.0,0.01,1000.0,0.01,0.0,normal,0.01
16,380,22845,0,0,0.0,0.0,0.01,1000.0,0.01,0.0,normal,0.01
16,381,22860,0,0,0.0,0.0,0.01,1000.0,0.01,0.0,normal,0.01
16,381,22875,0,0,0.0,0.0,0.01,1000.0,0.01,0.0,normal,0.01
16,381,22890,0,0,0.0,0.0,0.01,1000.0,0.01,0.0,normal,0.01
16,381,22905,1,0,0.01,0.01,0.01,1000.0,0.01,0.0,normal,0.02
16,382,22920,0,0,0.0,0.0,0.01,1000.0,0.01,0.0,normal,0.02
16,382,22935,0,0,0.0,0.0,0.01,1000.0,0.01,0.0,normal,0.02
16,382,22950,0,0,0.0,0.0,0.01,1000.0,0.01,0.0,normal,0.02
16,382,22965,0,0,0.0,0.0,0.01,1000.0,0.01,0.0,normal,0.02
16,383,22980,0,0,0.0,0.0,0.01,1000.0,0.01,0.0,normal,0.02
16,383,22995,0,0,0.0,0.0,0.01,1000.0,0.01,0.0,normal,0.02
16,383,23010,0,0,0.0,0.0,0.01,1000.0,0.01,0.0,normal,0.02
16,383,23025,0,0,0.0,0.0,0.01,1000.0,0.01,0.0,normal,0.02
17,384,23040,0,0,0.0,0.0,0.01,1000.0,0.01,0.0,normal,0.0
17,384,23055,0,0,0.0,0.0,0.01,1000.0,0.01,0.0,normal,0.0
17,384,23070,0,0,0.0,0.0,0.01,1000.0,0.01,0.0,normal,0.0
17,384,23085,0,0,0.0,0.0,0.01,1000.0,0.01,0.0,normal,0.0
17,385,23100,0,0,0.0,0.0,0.01,1000.0,0.01,0.0,normal,0.0
17,385,23115,0,0,0.0,0.0,0.01,1000.0,0.01,0.0,normal,0.0
17,385,23130,0,0,0.0,0.0,0.01,1000.0,0.01,0.0,normal,0.0
17,385,23145,0,0,0.0,0.0,0.01,1000.0,0.01,0.0,normal,0.0
17,386,23160,1,0,0.01,0.01,0.01,1000.0,0.01,0.0,normal,0.01
17,386,23175,0,0,0.0,0.0,0.01,1000.0,0.01,0.0,normal,0.01
17,386,23190,0,0,0.0,0.0,0.01,1000.0,0.01,0.0,normal,0.01
17,386,23205,0,0,0.0,0.0,0.01,1000.0,0.01,0.0,normal,0.01
17,387,23220,0,0,0.0,0.0,0.01,1000.0,0.01,0.0,normal,0.01
17,387,23235,0,0,0.0,0.0,0.01,1000.0,0.01,0.0,normal,0.01
17,387,23250,0,0,0.0,0.0,0.01,1000.0,0.01,0.0,normal,0.01
17,387,23265,0,0,0.0,0.0,0.01,1000.0,0.01,0.0,normal,0.01
17,388,23280,0,0,0.0,0.0,0.01,1000.0,0.01,0.0,normal,0.01
17,388,23295,0,0,0.0,0.0,0.01,1000.0,0.01,0.0,normal,0.01
17,388,23310,0,0,0.0,0.0,0.01,1000.0,0.01,0.0,normal,0.01
17,388,23325,0,0,0.0,0.0,0.01,1000.0,0.01,0.0,normal,0.01
17,389,23340,0,0,0.0,0.0,0.01,1000.0,0.01,0.0,normal,0.01
17,389,23355,0,0,0.0,0.0,0.01,1000.0,0.01,0.0,normal,0.01
17,389,23370,0,0,0.0,0.0,0.01,1000.0,0.01,0.0,normal,0.01
17,389,23385,0,0,0.0,0.0,0.01,1000.0,0.01,0.0,normal,0.01
17,390,23400,0,0,0.0,0.0,0.01,1000.0,0.01,0.0,normal,0.01
17,390,23415,0,0,0.0,0.0,0.01,1000.0,0.01,0.0,normal,0.01
17,390,23430,0,0,0.0,0.0,0.01,1000.0,0.01,0.0,normal,0.01
17,390,23445,0,0,0.0,0.0,0.01,1000.0,0.01,0.0,normal,0.01
17,391,23460,0,0,0.0,0.0,0.01,1000.0,0.01,0.0,normal,0.01
17,391,23475,0,0,0.0,0.0,0.01,1000.0,0.01,0.0,normal,0.01
17,391,23490,0,0,0.0,0.0,0.01,1000.0,0.01,0.0,normal,0.01
17,391,23505,0,0,0.0,0.0,0.01,1000.0,0.01,0.0,normal,0.01
17,392,23520,0,0,0.0,0.0,0.01,1000.0,0.01,0.0,normal,0.01
17,392,23535,0,0,0.0,0.0,0.01,1000.0,0.01,0.0,normal,0.01
17,392,23550,0,0,0.0,0.0,0.01,1000.0,0.01,0.0,normal,0.01
17,392,23565,0,0,0.0,0.0,0.01,1000.0,0.01,0.0,normal,0.01
17,393,23580,0,0,0.0,0.0,0.01,1000.0,0.01,0.0,normal,0.01
17,393,23595,0,0,0.0,0.0,0.01,1000.0,0.01,0.0,normal,0.01
17,393,23610,0,0,0.0,0.0,0.01,1000.0,0.01,0.0,normal,0.01
17,393,23625,0,0,0.0,0.0,0.01,1000.0,0.01,0.0,normal,0.01
17,394,23640,0,0,0.0,0.0,0.01,1000.0,0.01,0.0,normal,0.01
17,394,23655,0,0,0.0,0.0,0.01,1000.0,0.01,0.0,normal,0.01
17,394,23670,0,0,0.0,0.0,0.01,1000.0,0.01,0.0,normal,0.01
17,394,23685,0,0,0.0,0.0,0.01,1000.0,0.01,0.0,normal,0.01
17,395,23700,0,0,0.0,0.0,0.01,1000.0,0.01,0.0,normal,0.01
17,395,23715,0,0,0.0,0.0,0.01,1000.0,0.01,0.0,normal,0.01
17,395,23730,0,0,0.0,0.0,0.01,1000.0,0.01,0.0,normal,0.01
17,395,23745,0,0,0.0,0.0,0.01,1000.0,0.01,0.0,normal,0.01
17,396,23760,0,0,0.0,0.0,0.01,1000.0,0.01,0.0,normal,0.01
17,396,23775,0,0,0.0,0.0,0.01,1000.0,0.01,0.0,normal,0.01
17,396,23790,0,0,0.0,0.0,0.01,1000.0,0.01,0.0,normal,0.01
17,396,23805,0,0,0.0,0.0,0.01,1000.0,0.01,0.0,normal,0.01
17,397,23820,0,0,0.0,0.0,0.01,1000.0,0.01,0.0,normal,0.01
17,397,23835,0,0,0.0,0.0,0.01,1000.0,0.01,0.0,normal,0.01
17,397,23850,0,0,0.0,0.0,0.01,1000.0,0.01,0.0,normal,0.01
17,397,23865,0,0,0.0,0.0,0.01,1000.0,0.01,0.0,normal,0.01
17,398,23880,0,0,0.0,0.0,0.01,1000.0,0.01,0.0,normal,0.01
17,398,23895,0,0,0.0,0.0,0.01,1000.0,0.01,0.0,normal,0.01
17,398,23910,0,0,0.0,0.0,0.01,1000.0,0.01,0.0,normal,0.01
17,398,23925,0,0,0.0,0.0,0.01,1000.0,0.01,0.0,normal,0.01
17,399,23940,0,0,0.0,0.0,0.01,1000.0,0.01,0.0,normal,0.01
17,399,23955,0,0,0.0,0.0,0.01,1000.0,0.01,0.0,normal,0.01
17,399,23970,1,0,0.01,0.01,0.01,1000.0,0.01,0.0,normal,0.02
17,399,23985,0,0,0.0,0.0,0.01,1000.0,0.01,0.0,normal,0.02
17,400,24000,0,0,0.0,0.0,0.01,1000.0,0.01,0.0,normal,0.02
17,400,24015,0,0,0.0,0.0,0.01,1000.0,0.01,0.0,normal,0.02
17,400,24030,0,0,0.0,0.0,0.0079,1000.0,0.01,0.0,normal,0.02
17,400,24045,0,0,0.0,0.0,0.01,1000.0,0.01,0.0,normal,0.02
17,401,24060,0,0,0.0,0.0,0.01,1000.0,0.01,0.0,normal,0.02
17,401,24075,0,0,0.0,0.0,0.01,1000.0,0.01,0.0,normal,0.02
17,401,24090,0,0,0.0,0.0,0.01,1000.0,0.01,0.0,normal,0.02
17,401,24105,0,0,0.0,0.0,0.01,1000.0,0.01,0.0,normal,0.02
17,402,24120,0,0,0.0,0.0,0.01,1000.0,0.01,0.0,normal,0.02
17,402,24135,0,0,0.0,0.0,0.01,1000.0,0.01,0.0,normal,0.02
17,402,24150,0,0,0.0,0.0,0.01,1000.0,0.01,0.0,normal,0.02
17,402,24165,0,0,0.0,0.0,0.01,1000.0,0.01,0.0,normal,0.02
17,403,24180,0,0,0.0,0.0,0.01,1000.0,0.01,0.0,normal,0.02
17,403,24195,0,0,0.0,0.0,0.01,1000.0,0.01,0.0,normal,0.02
17,403,24210,0,0,0.0,0.0,0.01,1000.0,0.01,0.0,normal,0.02
17,403,24225,0,0,0.0,0.0,0.01,1000.0,0.01,0.0,normal,0.02
17,404,24240,1,0,0.01,0.01,0.01,1000.0,0.01,0.0,normal,0.03
17,404,24255,0,0,0.0,0.0,0.01,1000.0,0.01,0.0,normal,0.03
17,404,24270,0,0,0.0,0.0,0.01,1000.0,0.01,0.0,normal,0.03
17,404,24285,0,0,0.0,0.0,0.01,1000.0,0.01,0.0,normal,0.03
17,405,24300,0,0,0.0,0.0,0.01,1000.0,0.01,0.0,normal,0.03
17,405,24315,0,0,0.0,0.0,0.01,1000.0,0.01,0.0,normal,0.03
17,405,24330,0,0,0.0,0.0,0.01,1000.0,0.01,0.0,normal,0.03
17,405,24345,0,0,0.0,0.0,0.01,1000.0,0.01,0.0,normal,0.03
17,406,24360,1,0,0.01,0.01,0.01,1000.0,0.01,0.0,normal,0.04
17,406,24375,0,0,0.0,0.0,0.01,1000.0,0.01,0.0,normal,0.04
17,406,24390,0,0,0.0,0.0,0.01,1000.0,0.01,0.0,normal,0.04
17,406,24405,0,0,0.0,0.0,0.01,1000.0,0.01,0.0,normal,0.04
17,407,24420,0,0,0.0,0.0,0.01,1000.0,0.01,0.0,normal,0.04
17,407,24435,0,0,0.0,0.0,0.01,1000.0,0.01,0.0,normal,0.04
17,407,24450,0,0,0.0,0.0,0.01,1000.0,0.01,0.0,normal,0.04
17,407,24465,0,0,0.0,0.0,0.01,1000.0,0.01,0.0,normal,0.04
18,408,24480,0,0,0.0,0.0,0.01,1000.0,0.01,0.0,normal,0.0
18,408,24495,0,0,0.0,0.0,0.01,1000.0,0.01,0.0,normal,0.0
18,408,24510,0,0,0.0,0.0,0.01,1000.0,0.01,0.0,normal,0.0
18,408,24525,0,0,0.0,0.0,0.01,1000.0,0.01,0.0,normal,0.0
18,409,24540,0,0,0.0,0.0,0.01,1000.0,0.01,0.0,normal,0.0
18,409,24555,0,0,0.0,0.0,0.01,1000.0,0.01,0.0,normal,0.0
18,409,24570,0,0,0.0,0.0,0.01,1000.0,0.01,0.0,normal,0.0
18,409,24585,0,0,0.0,0.0,0.01,1000.0,0.01,0.0,normal,0.0
18,410,24600,0,0,0.0,0.0,0.01,1000.0,0.01,0.0,normal,0.0
18,410,24615,0,0,0.0,0.0,0.01,1000.0,0.01,0.0,normal,0.0
18,410,24630,0,0,0.0,0.0,0.01,1000.0,0.01,0.0,normal,0.0
18,410,24645,0,0,0.0,0.0,0.01,1000.0,0.01,0.0,normal,0.0
18,411,24660,0,0,0.0,0.0,0.01,1000.0,0.01,0.0,normal,0.0
18,411,24675,0,0,0.0,0.0,0.01,1000.0,0.01,0.0,normal,0.0
18,411,24690,0,0,0.0,0.0,0.01,1000.0,0.01,0.0,normal,0.0
18,411,24705,0,0,0.0,0.0,0.01,1000.0,0.01,0.0,normal,0.0
18,412,24720,0,0,0.0,0.0,0.01,1000.0,0.01,0.0,normal,0.0
18,412,24735,0,0,0.0,0.0,0.01,1000.0,0.01,0.0,normal,0.0
18,412,24750,0,0,0.0,0.0,0.01,1000.0,0.01,0.0,normal,0.0
18,412,24765,0,0,0.0,0.0,0.01,1000.0,0.01,0.0,normal,0.0
18,413,24780,0,0,0.0,0.0,0.01,1000.0,0.01,0.0,normal,0.0
18,413,24795,0,0,0.0,0.0,0.01,1000.0,0.01,0.0,normal,0.0
18,413,24810,0,0,0.0,0.0,0.01,1000.0,0.01,0.0,normal,0.0
18,413,24825,0,0,0.0,0.0,0.01,1000.0,0.01,0.0,normal,0.0
18,414,24840,1,0,0.01,0.01,0.01,1000.0,0.01,0.0,normal,0.01
18,414,24855,0,0,0.0,0.0,0.01,1000.0,0.01,0.0,normal,0.01
18,414,24870,0,0,0.0,0.0,0.01,1000.0,0.01,0.0,normal,0.01
18,414,24885,0,0,0.0,0.0,0.01,1000.0,0.01,0.0,normal,0.01
18,415,24900,0,0,0.0,0.0,0.01,1000.0,0.01,0.0,normal,0.01
18,415,24915,0,0,0.0,0.0,0.01,1000.0,0.01,0.0,normal,0.01
18,415,24930,0,0,0.0,0.0,0.01,1000.0,0.01,0.0,normal,0.01
18,415,24945,0,0,0.0,0.0,0.01,1000.0,0.01,0.0,normal,0.01
18,416,24960,0,0,0.0,0.0,0.01,1000.0,0.01,0.0,normal,0.01
18,416,24975,0,0,0.0,0.0,0.01,1000.0,0.01,0.0,normal,0.01
18,416,24990,0,0,0.0,0.0,0.01,1000.0,0.01,0.0,normal,0.01
18,416,25005,0,0,0.0,0.0,0.01,1000.0,0.01,0.0,normal,0.01
18,417,25020,0,0,0.0,0.0,0.01,1000.0,0.01,0.0,normal,0.01
18,417,25035,0,0,0.0,0.0,0.01,1000.0,0.01,0.0,normal,0.01
18,417,25050,0,0,0.0,0.0,0.01,1000.0,0.01,0.0,normal,0.01
18,417,25065,0,0,0.0,0.0,0.01,1000.0,0.01,0.0,normal,0.01
18,418,25080,0,0,0.0,0.0,0.01,1000.0,0.01,0.0,normal,0.01
18,418,25095,0,0,0.0,0.0,0.01,1000.0,0.01,0.0,normal,0.01
18,418,25110,0,0,0.0,0.0,0.01,1000.0,0.01,0.0,normal,0.01
18,418,25125,0,0,0.0,0.0,0.01,1000.0,0.01,0.0,normal,0.01
18,419,25140,0,0,0.0,0.0,0.01,1000.0,0.01,0.0,normal,0.01
18,419,25155,0,0,0.0,0.0,0.01,1000.0,0.01,0.0,normal,0.01
18,419,25170,1,0,0.01,0.01,0.01,1000.0,0.01,0.0,normal,0.02
18,419,25185,0,0,0.0,0.0,0.01,1000.0,0.01,0.0,normal,0.02
18,420,25200,0,0,0.0,0.0,0.01,1000.0,0.01,0.0,normal,0.02
18,420,25215,0,0,0.0,0.0,0.01,1000.0,0.01,0.0,normal,0.02
18,420,25230,0,0,0.0,0.0,0.01,1000.0,0.01,0.0,normal,0.02
18,420,25245,1,0,0.01,0.01,0.01,1000.0,0.01,0.0,normal,0.03
18,421,25260,0,0,0.0,0.0,0.01,1000.0,0.01,0.0,normal,0.03
18,421,25275,0,0,0.0,0.0,0.01,1000.0,0.01,0.0,normal,0.03
18,421,25290,0,0,0.0,0.0,0.01,1000.0,0.01,0.0,normal,0.03
18,421,25305,0,0,0.0,0.0,0.01,1000.0,0.01,0.0,normal,0.03
18,422,25320,0,0,0.0,0.0,0.01,1000.0,0.01,0.0,normal,0.03
18,422,25335,0,0,0.0,0.0,0.01,1000.0,0.01,0.0,normal,0.03
18,422,25350,0,0,0.0,0.0,0.01,1000.0,0.01,0.0,normal,0.03
18,422,25365,0,0,0.0,0.0,0.01,1000.0,0.01,0.0,normal,0.03
18,423,25380,0,0,0.0,0.0,0.01,1000.0,0.01,0.0,normal,0.03
18,423,25395,0,0,0.0,0.0,0.01,1000.0,0.01,0.0,normal,0.03
18,423,25410,0,0,0.0,0.0,0.01,1000.0,0.01,0.0,normal,0.03
18,423,25425,0,0,0.0,0.0,0.01,1000.0,0.01,0.0,normal,0.03
18,424,25440,0,0,0.0,0.0,0.01,1000.0,0.01,0.0,normal,0.03
18,424,25455,0,0,0.0,0.0,0.01,1000.0,0.01,0.0,normal,0.03
18,424,25470,0,0,0.0,0.0,0.01,1000.0,0.01,0.0,normal,0.03
18,424,25485,0,0,0.0,0.0,0.01,1000.0,0.01,0.0,normal,0.03
18,425,25500,0,0,0.0,0.0,0.01,1000.0,0.01,0.0,normal,0.03
18,425,25515,0,0,0.0,0.0,0.01,1000.0,0.01,0.0,normal,0.03
18,425,25530,0,0,0.0,0.0,0.01,1000.0,0.01,0.0,normal,0.03
18,425,25545,0,0,0.0,0.0,0.01,1000.0,0.01,0.0,normal,0.03
18,426,25560,0,0,0.0,0.0,0.01,1000.0,0.01,0.0,normal,0.03
18,426,25575,0,0,0.0,0.0,0.01,1000.0,0.01,0.0,normal,0.03
18,426,25590,0,0,0.0,0.0,0.01,1000.0,0.01,0.0,normal,0.03
18,426,25605,0,0,0.0,0.0,0.01,1000.0,0.01,0.0,normal,0.03
18,427,25620,0,0,0.0,0.0,0.01,1000.0,0.01,0.0,normal,0.03
18,427,25635,0,0,0.0,0.0,0.01,1000.0,0.01,0.0,normal,0.03
18,427,25650,0,0,0.0,0.0,0.01,1000.0,0.01,0.0,normal,0.03
18,427,25665,0,0,0.0,0.0,0.01,1000.0,0.01,0.0,normal,0.03
18,428,25680,0,0,0.0,0.0,0.01,1000.0,0.01,0.0,normal,0.03
18,428,25695,0,0,0.0,0.0,0.01,1000.0,0.01,0.0,normal,0.03
18,428,25710,0,0,0.0,0.0,0.01,1000.0,0.01,0.0,normal,0.03
18,428,25725,0,0,0.0,0.0,0.01,1000.0,0.01,0.0,normal,0.03
18,429,25740,0,0,0.0,0.0,0.01,1000.0,0.01,0.0,normal,0.03
18,429,25755,0,0,0.0,0.0,0.01,1000.0,0.01,0.0,normal,0.03
18,429,25770,0,0,0.0,0.0,0.01,1000.0,0.01,0.0,normal,0.03
18,429,25785,0,0,0.0,0.0,0.01,1000.0,0.01,0.0,normal,0.03
18,430,25800,0,0,0.0,0.0,0.01,1000.0,0.01,0.0,normal,0.03
18,430,25815,0,0,0.0,0.0,0.01,1000.0,0.01,0.0,normal,0.03
18,430,25830,0,0,0.0,0.0,0.01,1000.0,0.01,0.0,normal,0.03
18,430,25845,0,0,0.0,0.0,0.01,1000.0,0.01,0.0,normal,0.03
18,431,25860,0,0,0.0,0.0,0.01,1000.0,0.01,0.0,normal,0.03
18,431,25875,0,0,0.0,0.0,0.01,1000.0,0.01,0.0,normal,0.03
18,431,25890,0,0,0.0,0.0,0.01,1000.0,0.01,0.0,normal,0.03
18,431,25905,0,0,0.0,0.0,0.01,1000.0,0.01,0.0,normal,0.03
19,432,25920,0,0,0.0,0.0,0.01,1000.0,0.01,0.0,normal,0.0
19,432,25935,0,0,0.0,0.0,0.01,1000.0,0.01,0.0,normal,0.0
19,432,25950,0,0,0.0,0.0,0.01,1000.0,0.01,0.0,normal,0.0
19,432,25965,0,0,0.0,0.0,0.01,1000.0,0.01,0.0,normal,0.0
19,433,25980,0,0,0.0,0.0,0.01,1000.0,0.01,1.0,normal,0.0
19,433,25995,0,0,0.0,0.0,0.01,1000.0,0.01,1.0,normal,0.0
19,433,26010,15,0,32.6556,32.6556,2.177,1000.0,4.2,1.0,normal,32.6556
19,433,26025,13,0,31.7371,31.7371,2.4413,1000.0,4.2,1.0,normal,64.3927
19,434,26040,14,0,19.4925,19.4925,1.3923,1000.0,3.99,1.0,normal,83.8852
19,434,26055,9,0,27.4825,27.4825,3.0536,1000.0,3.99,1.0,normal,111.3677
19,434,26070,9,0,3.1449,3.1449,0.3494,1000.0,3.99,1.0,normal,114.5126
19,434,26085,9,0,28.2007,28.2007,3.1334,1000.0,3.99,1.0,normal,142.7133
19,435,26100,6,1,22.2493,22.2493,3.7082,1000.0,3.79,1.0,normal,164.9626
19,435,26115,13,0,45.2981,45.2981,3.4845,1000.0,3.79,1.0,normal,210.2607
19,435,26130,15,1,19.2164,19.2164,1.2811,1000.0,3.79,1.0,normal,229.4771
19,435,26145,14,0,33.363,33.363,2.3831,1000.0,3.79,1.0,normal,262.8401
19,436,26160,10,0,30.6402,30.6402,3.064,1000.0,3.36,1.0,normal,293.4803
19,436,26175,6,0,5.0401,5.0401,0.84,1000.0,3.36,1.0,normal,298.5204
19,436,26190,9,0,12.8676,12.8676,1.4297,1000.0,3.36,1.0,normal,311.388
19,436,26205,5,0,16.8,16.8,3.36,1000.0,3.36,1.0,normal,328.188
19,437,26220,10,0,14.6266,14.6266,1.4627,1000.0,3.36,1.0,normal,342.8146
19,437,26235,13,1,40.9612,40.9612,3.1509,1000.0,3.36,1.0,normal,383.7758
19,437,26250,6,0,9.5696,9.5696,1.5949,1000.0,3.36,1.0,normal,393.3454
19,437,26265,10,0,4.4961,4.4961,0.4496,1000.0,3.36,1.0,normal,397.8415
19,438,26280,6,0,6.8529,6.8529,1.1422,1000.0,3.36,1.0,normal,404.6944
19,438,26295,8,1,8.8798,8.8798,1.11,1000.0,3.36,1.0,normal,413.5742
19,438,26310,7,0,23.52,23.52,3.36,1000.0,3.36,1.0,normal,437.0942
19,438,26325,5,0,0.2414,0.2414,0.0483,1000.0,3.36,1.0,normal,437.3356
19,439,26340,11,2,35.8851,17.9425,3.2623,1000.0,3.36,1.0,normal,473.2207
19,439,26355,8,0,20.5283,20.5283,2.566,1000.0,3.36,1.0,normal,493.749
19,439,26370,5,0,10.5275,10.5275,2.1055,1000.0,3.36,1.0,normal,504.2765
19,439,26385,6,0,0.757,0.757,0.1262,1000.0,3.36,1.0,normal,505.0335
19,440,26400,12,0,7.6547,7.6547,0.6379,1000.0,3.76,1.0,normal,512.6882
19,440,26415,11,0,41.36,41.36,3.76,1000.0,3.76,1.0,normal,554.0482
19,440,26430,12,0,45.12,45.12,3.76,1000.0,3.76,1.0,normal,599.1682
19,440,26445,7,0,26.32,26.32,3.76,1000.0,3.76,1.0,normal,625.4882
19,441,26460,10,0,24.2175,24.2175,2.4217,1000.0,3.76,1.0,normal,649.7057
19,441,26475,7,0,23.004,23.004,3.2863,1000.0,3.76,1.0,normal,672.7097
19,441,26490,11,0,7.2509,7.2509,0.6592,1000.0,3.76,1.0,normal,679.9606
19,441,26505,13,0,12.2206,12.2206,0.94,1000.0,3.76,1.0,normal,692.1812
19,442,26520,19,0,56.5108,56.5108,2.9743,1000.0,3.76,1.0,normal,748.692
19,442,26535,6,0,14.9206,14.9206,2.4868,1000.0,3.76,1.0,normal,763.6126
19,442,26550,11,1,15.9473,15.9473,1.4498,1000.0,3.76,1.0,normal,779.5599
19,442,26565,16,1,60.16,60.16,3.76,1000.0,3.76,1.0,normal,839.7199
19,443,26580,6,0,4.1778,4.1778,0.6963,1000.0,3.76,1.0,normal,843.8977
19,443,26595,8,0,18.8161,18.8161,2.352,1000.0,3.76,1.0,normal,862.7138
19,443,26610,14,1,52.64,52.64,3.76,1000.0,3.76,1.0,budget_constrained,915.3538
19,443,26625,15,2,56.4,28.2,3.76,1000.0,3.76,1.0,budget_constrained,971.7538
19,444,26640,9,0,2.9007,2.9007,0.3223,1650.0,4.21,1.0,normal,974.6545
19,444,26655,11,0,20.3671,20.3671,1.8516,1650.0,4.21,1.0,normal,995.0216
19,444,26670,10,0,39.2842,39.2842,3.9284,1650.0,4.21,1.0,normal,1034.3058
19,444,26685,9,0,22.2647,22.2647,2.4739,1650.0,4.21,1.0,normal,1056.5705
19,445,26700,8,0,29.7443,29.7443,3.718,1650.0,4.1,1.0,normal,1086.3148
19,445,26715,9,0,13.5511,13.5511,1.5057,1650.0,4.1,1.0,normal,1099.8659
19,445,26730,9,0,0.3919,0.3919,0.0435,1650.0,4.1,1.0,normal,1100.2578
19,445,26745,13,0,37.028,37.028,2.8483,1650.0,4.1,1.0,normal,1137.2858
19,446,26760,14,0,54.46,54.46,3.89,1650.0,3.89,1.0,normal,1191.7458
19,446,26775,9,0,0.7822,0.7822,0.0869,1650.0,3.89,1.0,normal,1192.528
19,446,26790,14,0,37.535,37.535,2.6811,1650.0,3.89,1.0,normal,1230.063
19,446,26805,17,0,24.408,24.408,1.4358,1650.0,3.89,1.0,normal,1254.471
19,447,26820,12,1,41.8638,41.8638,3.4886,1650.0,3.7,1.0,normal,1296.3348
19,447,26835,12,1,21.4997,21.4997,1.7916,1650.0,3.7,1.0,normal,1317.8345
19,447,26850,4,0,14.8,14.8,3.7,1650.0,3.7,1.0,normal,1332.6345
19,447,26865,6,0,15.6635,15.6635,2.6106,1650.0,3.7,1.0,normal,1348.298
19,448,26880,8,0,27.2,27.2,3.4,1650.0,3.4,1.0,normal,1375.498
19,448,26895,14,0,4.0596,4.0596,0.29,1650.0,3.4,1.0,normal,1379.5576
19,448,26910,5,0,4.2863,4.2863,0.8573,1650.0,3.4,1.0,normal,1383.8439
19,448,26925,5,0,11.7538,11.7538,2.3508,1650.0,3.4,1.0,normal,1395.5977
19,449,26940,8,0,27.2,27.2,3.4,1650.0,3.4,1.0,normal,1422.7977
19,449,26955,6,0,1.1743,1.1743,0.1957,1650.0,3.4,1.0,normal,1423.972
19,449,26970,6,0,20.4,20.4,3.4,1650.0,3.4,1.0,normal,1444.372
19,449,26985,10,0,34.0,34.0,3.4,1650.0,3.4,1.0,normal,1478.372
19,450,27000,8,0,20.5266,20.5266,2.5658,1650.0,3.4,1.0,budget_constrained,1498.8986
19,450,27015,8,0,21.8062,21.8062,2.7258,1650.0,3.4,1.0,budget_constrained,1520.7048
19,450,27030,10,0,17.84,17.84,1.784,1650.0,3.4,1.0,budget_constrained,1538.5448
19,450,27045,7,1,0.1234,0.1234,0.0176,1650.0,3.4,1.0,budget_constrained,1538.6682
19,451,27060,15,0,15.0062,15.0062,1.0004,1650.0,3.4,1.0,budget_constrained,1553.6744
19,451,27075,6,0,11.7551,11.7551,1.9592,1650.0,3.4,1.0,budget_constrained,1565.4295
19,451,27090,7,0,10.1908,10.1908,1.4558,1650.0,3.4,1.0,budget_constrained,1575.6203
19,451,27105,9,0,3.4098,3.4098,0.3789,1650.0,3.4,1.0,budget_constrained,1579.0301
19,452,27120,5,1,13.5105,13.5105,2.7021,1650.0,3.06,1.0,budget_constrained,1592.5406
19,452,27135,10,0,27.1888,27.1888,2.7189,1650.0,3.06,1.0,budget_constrained,1619.7294
19,452,27150,6,0,9.7389,9.7389,1.6232,1650.0,3.06,1.0,budget_constrained,1629.4683
19,452,27165,6,1,20.5317,20.5317,3.06,1650.0,3.06,1.0,budget_depleted,1650.0
19,453,27180,0,0,0.0,0.0,0.0,1650.0,3.06,1.0,budget_depleted,1650.0
19,453,27195,0,0,0.0,0.0,0.0,1650.0,3.06,1.0,budget_depleted,1650.0
19,453,27210,0,0,0.0,0.0,0.0,1650.0,3.06,1.0,budget_depleted,1650.0
19,453,27225,0,0,0.0,0.0,0.0,1650.0,3.06,1.0,budget_depleted,1650.0
19,454,27240,0,0,0.0,0.0,0.0,1650.0,3.06,1.0,budget_depleted,1650.0
19,454,27255,0,0,0.0,0.0,0.0,1650.0,3.06,1.0,budget_depleted,1650.0
19,454,27270,0,0,0.0,0.0,0.0,1650.0,3.06,1.0,budget_depleted,1650.0
19,454,27285,0,0,0.0,0.0,0.0,1650.0,3.06,1.0,budget_depleted,1650.0
19,455,27300,0,0,0.0,0.0,0.0,1650.0,3.06,1.0,budget_depleted,1650.0
19,455,27315,0,0,0.0,0.0,0.0,1650.0,3.06,1.0,budget_depleted,1650.0
19,455,27330,0,0,0.0,0.0,0.0,1650.0,3.06,1.0,budget_depleted,1650.0
19,455,27345,0,0,0.0,0.0,0.0,1650.0,3.06,1.0,budget_depleted,1650.0
20,456,27360,0,0,0.0,0.0,0.0,1650.0,0.92,1.0,normal,0.0
20,456,27375,1,0,0.92,0.92,0.92,1650.0,0.92,1.0,normal,0.92
20,456,27390,0,0,0.0,0.0,0.1195,1650.0,0.92,1.0,normal,0.92
20,456,27405,3,0,2.76,2.76,0.92,1650.0,0.92,1.0,normal,3.68
20,457,27420,2,0,1.84,1.84,0.92,1650.0,0.92,1.0,normal,5.52
20,457,27435,3,0,0.6732,0.6732,0.2244,1650.0,0.92,1.0,normal,6.1932
20,457,27450,0,0,0.0,0.0,0.1123,1650.0,0.92,1.0,normal,6.1932
20,457,27465,4,0,3.68,3.68,0.92,1650.0,0.92,1.0,normal,9.8732
20,458,27480,3,0,2.76,2.76,0.92,1650.0,0.92,1.0,normal,12.6332
20,458,27495,2,0,1.772,1.772,0.886,1650.0,0.92,1.0,normal,14.4052
20,458,27510,2,0,1.84,1.84,0.92,1650.0,0.92,1.0,normal,16.2452
20,458,27525,2,0,1.84,1.84,0.92,1650.0,0.92,1.0,normal,18.0852
20,459,27540,5,0,4.6,4.6,0.92,1650.0,0.92,1.0,normal,22.6852
20,459,27555,5,0,4.6,4.6,0.92,1650.0,0.92,1.0,normal,27.2852
20,459,27570,0,0,0.0,0.0,0.1203,1650.0,0.92,1.0,normal,27.2852
20,459,27585,3,0,2.76,2.76,0.92,1650.0,0.92,1.0,normal,30.0452
20,460,27600,1,0,0.83,0.83,0.83,1650.0,0.83,1.0,normal,30.8752
20,460,27615,0,0,0.0,0.0,0.83,1650.0,0.83,1.0,normal,30.8752
20,460,27630,2,0,1.66,1.66,0.83,1650.0,0.83,1.0,normal,32.5352
20,460,27645,2,0,1.66,1.66,0.83,1650.0,0.83,1.0,normal,34.1952
20,461,27660,0,0,0.0,0.0,0.83,1650.0,0.83,1.0,normal,34.1952
20,461,27675,1,0,0.0268,0.0268,0.0268,1650.0,0.83,1.0,normal,34.222
20,461,27690,1,0,0.83,0.83,0.83,1650.0,0.83,1.0,normal,35.052
20,461,27705,3,0,2.49,2.49,0.83,1650.0,0.83,1.0,normal,37.542
20,462,27720,2,0,1.66,1.66,0.83,1650.0,0.83,1.0,normal,39.202
20,462,27735,2,0,1.66,1.66,0.83,1650.0,0.83,1.0,normal,40.862
20,462,27750,0,0,0.0,0.0,0.1317,1650.0,0.83,1.0,normal,40.862
20,462,27765,2,0,1.66,1.66,0.83,1650.0,0.83,1.0,normal,42.522
20,463,27780,1,0,0.2496,0.2496,0.2496,1650.0,0.83,1.0,normal,42.7716
20,463,27795,0,0,0.0,0.0,0.83,1650.0,0.83,1.0,normal,42.7716
20,463,27810,1,0,0.83,0.83,0.83,1650.0,0.83,1.0,normal,43.6016
20,463,27825,1,1,0.83,0.83,0.83,1650.0,0.83,1.0,normal,44.4316
20,464,27840,2,0,1.5,1.5,0.75,1650.0,0.75,1.0,normal,45.9316
20,464,27855,0,0,0.0,0.0,0.75,1650.0,0.75,1.0,normal,45.9316
20,464,27870,0,0,0.0,0.0,0.75,1650.0,0.75,1.0,normal,45.9316
20,464,27885,2,0,1.5,1.5,0.75,1650.0,0.75,1.0,normal,47.4316
20,465,27900,1,0,0.78,0.78,0.78,1650.0,0.78,1.0,normal,48.2116
20,465,27915,0,0,0.0,0.0,0.78,1650.0,0.78,1.0,normal,48.2116
20,465,27930,0,0,0.0,0.0,0.4671,1650.0,0.78,1.0,normal,48.2116
20,465,27945,1,0,0.78,0.78,0.78,1650.0,0.78,1.0,normal,48.9916
20,466,27960,3,0,0.5217,0.5217,0.1739,1650.0,0.78,1.0,normal,49.5133
20,466,27975,2,0,1.56,1.56,0.78,1650.0,0.78,1.0,normal,51.0733
20,466,27990,1,0,0.3155,0.3155,0.3155,1650.0,0.78,1.0,normal,51.3888
20,466,28005,4,0,3.12,3.12,0.78,1650.0,0.78,1.0,normal,54.5088
20,467,28020,3,0,0.0806,0.0806,0.0269,1650.0,0.81,1.0,normal,54.5894
20,467,28035,4,0,3.24,3.24,0.81,1650.0,0.81,1.0,normal,57.8294
20,467,28050,2,0,1.62,1.62,0.81,1650.0,0.81,1.0,normal,59.4494
20,467,28065,3,1,2.43,2.43,0.81,1650.0,0.81,1.0,normal,61.8794
20,468,28080,0,0,0.0,0.0,0.4312,1650.0,0.68,1.3,normal,61.8794
20,468,28095,2,0,1.36,1.36,0.68,1650.0,0.68,1.3,normal,63.2394
20,468,28110,3,0,2.04,2.04,0.68,1650.0,0.68,1.3,normal,65.2794
20,468,28125,0,0,0.0,0.0,0.68,1650.0,0.68,1.3,normal,65.2794
20,469,28140,0,0,0.0,0.0,0.7,1650.0,0.7,1.3,normal,65.2794
20,469,28155,0,0,0.0,0.0,0.7,1650.0,0.7,1.3,normal,65.2794
20,469,28170,1,0,0.7,0.7,0.7,1650.0,0.7,1.3,normal,65.9794
20,469,28185,1,0,0.7,0.7,0.7,1650.0,0.7,1.3,normal,66.6794
20,470,28200,2,0,1.56,1.56,0.78,1650.0,0.78,1.3,normal,68.2394
20,470,28215,5,0,3.9,3.9,0.78,1650.0,0.78,1.3,normal,72.1394
20,470,28230,6,0,0.9862,0.9862,0.1644,1650.0,0.78,1.3,normal,73.1256
20,470,28245,1,0,0.78,0.78,0.78,1650.0,0.78,1.3,normal,73.9056
20,471,28260,0,0,0.0,0.0,0.81,1650.0,0.81,1.3,normal,73.9056
20,471,28275,3,0,2.43,2.43,0.81,1650.0,0.81,1.3,normal,76.3356
20,471,28290,2,0,1.62,1.62,0.81,1650.0,0.81,1.3,normal,77.9556
20,471,28305,3,0,1.0513,1.0513,0.3504,1650.0,0.81,1.3,normal,79.0069
20,472,28320,1,0,0.97,0.97,0.97,1650.0,0.97,1.3,normal,79.9769
20,472,28335,1,0,0.9053,0.9053,0.9053,1650.0,0.97,1.3,normal,80.8822
20,472,28350,3,0,2.91,2.91,0.97,1650.0,0.97,1.3,normal,83.7922
20,472,28365,2,0,1.5729,1.5729,0.7864,1650.0,0.97,1.3,normal,85.3651
20,473,28380,2,0,0.9928,0.9928,0.4964,1650.0,1.01,1.3,normal,86.3579
20,473,28395,3,0,3.03,3.03,1.01,1650.0,1.01,1.3,normal,89.3879
20,473,28410,5,1,5.05,5.05,1.01,1650.0,1.01,1.3,normal,94.4379
20,473,28425,3,1,3.03,3.03,1.01,1650.0,1.01,1.3,normal,97.4679
20,474,28440,0,0,0.0,0.0,0.5872,1650.0,1.21,1.3,normal,97.4679
20,474,28455,6,0,0.4873,0.4873,0.0812,1650.0,1.21,1.3,normal,97.9552
20,474,28470,1,0,1.21,1.21,1.21,1650.0,1.21,1.3,normal,99.1652
20,474,28485,2,1,2.42,2.42,1.21,1650.0,1.21,1.3,normal,101.5852
20,475,28500,3,0,3.78,3.78,1.26,1650.0,1.26,1.3,normal,105.3652
20,475,28515,4,0,5.04,5.04,1.26,1650.0,1.26,1.3,normal,110.4052
20,475,28530,2,0,0.061,0.061,0.0305,1650.0,1.26,1.3,normal,110.4662
20,475,28545,4,0,5.04,5.04,1.26,1650.0,1.26,1.3,normal,115.5062
20,476,28560,2,0,3.02,3.02,1.51,1650.0,1.51,1.3,normal,118.5262
20,476,28575,4,0,6.04,6.04,1.51,1650.0,1.51,1.3,normal,124.5662
20,476,28590,3,0,4.53,4.53,1.51,1650.0,1.51,1.3,normal,129.0962
20,476,28605,5,0,7.55,7.55,1.51,1650.0,1.51,1.3,normal,136.6462
20,477,28620,1,0,0.7203,0.7203,0.7203,1650.0,1.57,1.3,normal,137.3665
20,477,28635,6,1,9.42,9.42,1.57,1650.0,1.57,1.3,normal,146.7865
20,477,28650,9,0,14.13,14.13,1.57,1650.0,1.57,1.3,normal,160.9165
20,477,28665,4,0,6.28,6.28,1.57,1650.0,1.57,1.3,normal,167.1965
20,478,28680,4,0,7.52,7.52,1.88,1650.0,1.88,1.3,normal,174.7165
20,478,28695,5,0,9.4,9.4,1.88,1650.0,1.88,1.3,normal,184.1165
20,478,28710,6,0,11.2547,11.2547,1.8758,1650.0,1.88,1.3,normal,195.3712
20,478,28725,2,0,0.6478,0.6478,0.3239,1650.0,1.88,1.3,normal,196.019
20,479,28740,3,0,5.88,5.88,1.96,1650.0,1.96,1.3,normal,201.899
20,479,28755,5,0,9.8,9.8,1.96,1650.0,1.96,1.3,normal,211.699
20,479,28770,8,0,10.1364,10.1364,1.2671,1650.0,1.96,1.3,normal,221.8354
20,479,28785,4,0,2.2671,2.2671,0.5668,1650.0,1.96,1.3,normal,224.1025
21,480,28800,7,1,24.5,24.5,3.5,1650.0,3.5,1.3,normal,24.5
21,480,28815,8,0,21.5727,21.5727,2.6966,1650.0,3.5,1.3,normal,46.0727
21,480,28830,12,0,30.5234,30.5234,2.5436,1650.0,3.5,1.3,normal,76.5961
21,480,28845,9,0,1.1868,1.1868,0.1319,1650.0,3.5,1.3,normal,77.7829
21,481,28860,6,0,16.08,16.08,2.68,1650.0,2.68,1.3,normal,93.8629
21,481,28875,4,0,7.147,7.147,1.7867,1650.0,2.68,1.3,normal,101.0099
21,481,28890,11,1,16.315,16.315,1.4832,1650.0,2.68,1.3,normal,117.3249
21,481,28905,6,0,12.1433,12.1433,2.0239,1650.0,2.68,1.3,normal,129.4682
21,482,28920,9,0,27.7167,27.7167,3.0796,1650.0,3.5,1.3,normal,157.1849
21,482,28935,9,0,31.5,31.5,3.5,1650.0,3.5,1.3,normal,188.6849
21,482,28950,6,0,4.5214,4.5214,0.7536,1650.0,3.5,1.3,normal,193.2063
21,482,28965,8,0,28.0,28.0,3.5,1650.0,3.5,1.3,normal,221.2063
21,483,28980,12,0,5.8265,5.8265,0.4855,1650.0,3.65,1.3,normal,227.0328
21,483,28995,8,0,27.8518,27.8518,3.4815,1650.0,3.65,1.3,normal,254.8846
21,483,29010,10,0,27.6115,27.6115,2.7611,1650.0,3.65,1.3,normal,282.4961
21,483,29025,2,0,6.2584,6.2584,3.1292,1650.0,3.65,1.3,normal,288.7545
21,484,29040,11,0,12.4078,12.4078,1.128,1650.0,4.38,1.3,normal,301.1623
21,484,29055,9,0,39.42,39.42,4.38,1650.0,4.38,1.3,normal,340.5823
21,484,29070,15,0,38.3969,38.3969,2.5598,1650.0,4.38,1.3,normal,378.9792
21,484,29085,9,0,19.3203,19.3203,2.1467,1650.0,4.38,1.3,normal,398.2995
21,485,29100,11,1,19.9812,19.9812,1.8165,1650.0,4.47,1.3,normal,418.2807
21,485,29115,14,1,62.58,62.58,4.47,1650.0,4.47,1.3,normal,480.8607
21,485,29130,15,1,57.7697,57.7697,3.8513,1650.0,4.47,1.3,normal,538.6304
21,485,29145,10,0,7.5021,7.5021,0.7502,1650.0,4.47,1.3,normal,546.1325
21,486,29160,17,0,76.3497,76.3497,4.4912,1650.0,5.36,1.3,normal,622.4822
21,486,29175,6,1,27.9928,27.9928,4.6655,1650.0,5.36,1.3,normal,650.475
21,486,29190,13,0,30.5925,30.5925,2.3533,1650.0,5.36,1.3,normal,681.0675
21,486,29205,12,0,38.6135,38.6135,3.2178,1650.0,5.36,1.3,normal,719.681
21,487,29220,6,0,13.0877,13.0877,2.1813,1650.0,5.27,1.3,normal,732.7687
21,487,29235,14,0,30.2062,30.2062,2.1576,1650.0,5.27,1.3,normal,762.9749
21,487,29250,17,1,52.9692,52.9692,3.1158,1650.0,5.27,1.3,normal,815.9441
21,487,29265,15,1,79.05,79.05,5.27,1650.0,5.27,1.3,normal,894.9941
21,488,29280,5,0,6.6793,6.6793,1.3359,1650.0,4.85,1.3,normal,901.6734
21,488,29295,12,0,18.4537,18.4537,1.5378,1650.0,4.85,1.3,normal,920.1271
21,488,29310,13,1,59.1692,59.1692,4.5515,1650.0,4.85,1.3,normal,979.2963
21,488,29325,8,0,23.4283,23.4283,2.9285,1650.0,4.85,1.3,normal,1002.7246
21,489,29340,16,0,51.2573,51.2573,3.2036,1650.0,4.46,1.3,normal,1053.9819
21,489,29355,16,1,57.2588,57.2588,3.5787,1650.0,4.46,1.3,normal,1111.2407
21,489,29370,11,1,11.9786,11.9786,1.089,1650.0,4.46,1.3,normal,1123.2193
21,489,29385,10,0,30.6507,30.6507,3.0651,1650.0,4.46,1.3,normal,1153.87
21,490,29400,5,0,16.7673,16.7673,3.3535,1650.0,4.1,1.3,normal,1170.6373
21,490,29415,13,0,53.3,53.3,4.1,1650.0,4.1,1.3,normal,1223.9373
21,490,29430,9,1,33.4121,33.4121,3.7125,1650.0,4.1,1.3,normal,1257.3494
21,490,29445,7,0,28.7,28.7,4.1,1650.0,4.1,1.3,normal,1286.0494
21,491,29460,11,0,40.81,40.81,3.71,1650.0,3.71,1.3,normal,1326.8594
21,491,29475,6,0,22.26,22.26,3.71,1650.0,3.71,1.3,normal,1349.1194
21,491,29490,9,1,7.3014,7.3014,0.8113,1650.0,3.71,1.3,normal,1356.4208
21,491,29505,9,0,13.7463,13.7463,1.5274,1650.0,3.71,1.3,normal,1370.1671
21,492,29520,5,0,16.8,16.8,3.36,1650.0,3.36,1.3,normal,1386.9671
21,492,29535,15,1,50.4,50.4,3.36,1650.0,3.36,1.3,normal,1437.3671
21,492,29550,7,0,23.52,23.52,3.36,1650.0,3.36,1.3,normal,1460.8871
21,492,29565,7,0,23.52,23.52,3.36,1650.0,3.36,1.3,normal,1484.4071
21,493,29580,4,1,10.3783,10.3783,2.5946,1650.0,2.98,1.3,budget_constrained,1494.7854
21,493,29595,4,0,10.5671,10.5671,2.6418,1650.0,2.98,1.3,budget_constrained,1505.3525
21,493,29610,10,0,29.8,29.8,2.98,1650.0,2.98,1.3,budget_constrained,1535.1525
21,493,29625,9,1,20.4691,20.4691,2.2743,1650.0,2.98,1.3,budget_constrained,1555.6216
21,494,29640,7,1,0.8381,0.8381,0.1197,1650.0,3.58,1.3,budget_constrained,1556.4597
21,494,29655,8,1,28.64,28.64,3.58,1650.0,3.58,1.3,budget_constrained,1585.0997
21,494,29670,15,0,5.5168,5.5168,0.3678,1650.0,3.58,1.3,budget_constrained,1590.6165
21,494,29685,3,1,10.74,10.74,3.58,1650.0,3.58,1.3,budget_constrained,1601.3565
21,495,29700,11,0,13.272,13.272,1.2065,1650.0,3.58,1.3,budget_constrained,1614.6285
21,495,29715,15,0,5.4825,5.4825,0.3655,1650.0,3.58,1.3,budget_constrained,1620.111
21,495,29730,8,0,28.64,28.64,3.58,1650.0,3.58,1.3,budget_constrained,1648.751
21,495,29745,1,0,1.249,1.249,0.7549,1650.0,3.58,1.3,budget_depleted,1650.0
21,496,29760,0,0,0.0,0.0,0.0,1650.0,1.97,1.3,budget_depleted,1650.0
21,496,29775,0,0,0.0,0.0,0.0,1650.0,1.97,1.3,budget_depleted,1650.0
21,496,29790,0,0,0.0,0.0,0.0,1650.0,1.97,1.3,budget_depleted,1650.0
21,496,29805,0,0,0.0,0.0,0.0,1650.0,1.97,1.3,budget_depleted,1650.0
21,497,29820,0,0,0.0,0.0,0.0,1650.0,1.97,1.3,budget_depleted,1650.0
21,497,29835,0,0,0.0,0.0,0.0,1650.0,1.97,1.3,budget_depleted,1650.0
21,497,29850,0,0,0.0,0.0,0.0,1650.0,1.97,1.3,budget_depleted,1650.0
21,497,29865,0,0,0.0,0.0,0.0,1650.0,1.97,1.3,budget_depleted,1650.0
21,498,29880,0,0,0.0,0.0,0.0,1650.0,1.4,1.3,budget_depleted,1650.0
21,498,29895,0,0,0.0,0.0,0.0,1650.0,1.4,1.3,budget_depleted,1650.0
21,498,29910,0,0,0.0,0.0,0.0,1650.0,1.4,1.3,budget_depleted,1650.0
21,498,29925,0,0,0.0,0.0,0.0,1650.0,1.4,1.3,budget_depleted,1650.0
21,499,29940,0,0,0.0,0.0,0.0,1650.0,1.4,1.3,budget_depleted,1650.0
21,499,29955,0,0,0.0,0.0,0.0,1650.0,1.4,1.3,budget_depleted,1650.0
21,499,29970,0,0,0.0,0.0,0.0,1650.0,1.4,1.3,budget_depleted,1650.0
21,499,29985,0,0,0.0,0.0,0.0,1650.0,1.4,1.3,budget_depleted,1650.0
21,500,30000,0,0,0.0,0.0,0.0,1650.0,1.4,1.3,budget_depleted,1650.0
21,500,30015,0,0,0.0,0.0,0.0,1650.0,1.4,1.3,budget_depleted,1650.0
21,500,30030,0,0,0.0,0.0,0.0,1650.0,1.4,1.3,budget_depleted,1650.0
21,500,30045,0,0,0.0,0.0,0.0,1650.0,1.4,1.3,budget_depleted,1650.0
21,501,30060,0,0,0.0,0.0,0.0,1650.0,1.4,1.3,budget_depleted,1650.0
21,501,30075,0,0,0.0,0.0,0.0,1650.0,1.4,1.3,budget_depleted,1650.0
21,501,30090,0,0,0.0,0.0,0.0,1650.0,1.4,1.3,budget_depleted,1650.0
21,501,30105,0,0,0.0,0.0,0.0,1650.0,1.4,1.3,budget_depleted,1650.0
21,502,30120,0,0,0.0,0.0,0.0,1650.0,1.4,1.3,budget_depleted,1650.0
21,502,30135,0,0,0.0,0.0,0.0,1650.0,1.4,1.3,budget_depleted,1650.0
21,502,30150,0,0,0.0,0.0,0.0,1650.0,1.4,1.3,budget_depleted,1650.0
21,502,30165,0,0,0.0,0.0,0.0,1650.0,1.4,1.3,budget_depleted,1650.0
21,503,30180,0,0,0.0,0.0,0.0,1650.0,1.4,1.3,budget_depleted,1650.0
21,503,30195,0,0,0.0,0.0,0.0,1650.0,1.4,1.3,budget_depleted,1650.0
21,503,30210,0,0,0.0,0.0,0.0,1650.0,1.4,1.3,budget_depleted,1650.0
21,503,30225,0,0,0.0,0.0,0.0,1650.0,1.4,1.3,budget_depleted,1650.0
22,504,30240,0,0,0.0,0.0,0.0,1650.0,0.01,1.3,normal,0.0
22,504,30255,0,0,0.0,0.0,0.01,1650.0,0.01,1.3,normal,0.0
22,504,30270,0,0,0.0,0.0,0.01,1650.0,0.01,1.3,normal,0.0
22,504,30285,0,0,0.0,0.0,0.01,1650.0,0.01,1.3,normal,0.0
22,505,30300,9,0,26.7334,26.7334,2.9704,1650.0,3.5,1.3,normal,26.7334
22,505,30315,8,0,22.0625,22.0625,2.7578,1650.0,3.5,1.3,normal,48.7959
22,505,30330,8,0,28.0,28.0,3.5,1650.0,3.5,1.3,normal,76.7959
22,505,30345,4,1,14.0,14.0,3.5,1650.0,3.5,1.3,normal,90.7959
22,506,30360,11,0,41.0235,41.0235,3.7294,1650.0,4.2,1.3,normal,131.8194
22,506,30375,8,1,33.6,33.6,4.2,1650.0,4.2,1.3,normal,165.4194
22,506,30390,9,1,37.8,37.8,4.2,1650.0,4.2,1.3,normal,203.2194
22,506,30405,10,0,17.0627,17.0627,1.7063,1650.0,4.2,1.3,normal,220.2821
22,507,30420,17,1,73.95,73.95,4.35,1650.0,4.35,1.3,normal,294.2321
22,507,30435,16,1,58.7642,58.7642,3.6728,1650.0,4.35,1.3,normal,352.9963
22,507,30450,12,0,20.7996,20.7996,1.7333,1650.0,4.35,1.3,normal,373.7959
22,507,30465,11,0,1.7552,1.7552,0.1596,1650.0,4.35,1.3,normal,375.5511
22,508,30480,11,1,51.3265,51.3265,4.666,1650.0,5.22,1.3,normal,426.8776
22,508,30495,18,0,93.96,93.96,5.22,1650.0,5.22,1.3,normal,520.8376
22,508,30510,13,2,9.9219,4.9609,0.7632,1650.0,5.22,1.3,normal,530.7595
22,508,30525,12,0,15.1699,15.1699,1.2642,1650.0,5.22,1.3,normal,545.9294
22,509,30540,10,0,21.8279,21.8279,2.1828,1650.0,5.44,1.3,normal,567.7573
22,509,30555,9,1,4.6287,4.6287,0.5143,1650.0,5.44,1.3,normal,572.386
22,509,30570,14,0,29.1531,29.1531,2.0824,1650.0,5.44,1.3,normal,601.5391
22,509,30585,14,0,69.6221,69.6221,4.973,1650.0,5.44,1.3,normal,671.1612
22,510,30600,16,1,31.5764,31.5764,1.9735,1650.0,5.98,1.3,normal,702.7376
22,510,30615,10,0,53.6635,53.6635,5.3663,1650.0,5.98,1.3,normal,756.4011
22,510,30630,11,0,3.1336,3.1336,0.2849,1650.0,5.98,1.3,normal,759.5347
22,510,30645,21,2,18.4852,9.2426,0.8802,1650.0,5.98,1.3,normal,778.0199
22,511,30660,16,1,69.9654,69.9654,4.3728,1650.0,6.19,1.3,normal,847.9853
22,511,30675,16,0,81.1663,81.1663,5.0729,1650.0,6.19,1.3,normal,929.1516
22,511,30690,16,3,40.8729,13.6243,2.5546,1650.0,6.19,1.3,normal,970.0245
22,511,30705,13,0,30.7917,30.7917,2.3686,1650.0,6.19,1.3,normal,1000.8162
22,512,30720,9,0,13.274,13.274,1.4749,1650.0,5.69,1.3,normal,1014.0902
22,512,30735,9,0,27.9751,27.9751,3.1083,1650.0,5.69,1.3,normal,1042.0653
22,512,30750,10,0,26.8014,26.8014,2.6801,1650.0,5.69,1.3,normal,1068.8667
22,512,30765,11,0,13.633,13.633,1.2394,1650.0,5.69,1.3,normal,1082.4997
22,513,30780,22,1,70.192,70.192,3.1905,1650.0,5.23,1.3,normal,1152.6917
22,513,30795,17,2,10.8329,5.4164,0.6372,1650.0,5.23,1.3,normal,1163.5246
22,513,30810,11,0,35.5371,35.5371,3.2306,1650.0,5.23,1.3,normal,1199.0617
22,513,30825,14,1,7.6819,7.6819,0.5487,1650.0,5.23,1.3,normal,1206.7436
22,514,30840,8,0,13.1957,13.1957,1.6495,1650.0,4.73,1.3,normal,1219.9393
22,514,30855,4,1,0.2483,0.2483,0.0621,1650.0,4.73,1.3,normal,1220.1876
22,514,30870,12,1,51.9786,51.9786,4.3315,1650.0,4.73,1.3,normal,1272.1662
22,514,30885,10,0,40.9127,40.9127,4.0913,1650.0,4.73,1.3,normal,1313.0789
22,515,30900,12,1,18.5668,18.5668,1.5472,1650.0,4.21,1.3,normal,1331.6457
22,515,30915,8,0,31.8735,31.8735,3.9842,1650.0,4.21,1.3,normal,1363.5192
22,515,30930,13,2,54.73,27.365,4.21,1650.0,4.21,1.3,normal,1418.2492
22,515,30945,12,0,36.2739,36.2739,3.0228,1650.0,4.21,1.3,normal,1454.5231
22,516,30960,6,0,11.25,11.25,1.875,1650.0,3.6,1.3,normal,1465.7731
22,516,30975,16,0,57.6,57.6,3.6,1650.0,3.6,1.3,budget_constrained,1523.3731
22,516,30990,10,0,36.0,36.0,3.6,1650.0,3.6,1.3,budget_constrained,1559.3731
22,516,31005,8,0,24.6928,24.6928,3.0866,1650.0,3.6,1.3,budget_constrained,1584.0659
22,517,31020,8,0,28.8,28.8,3.6,1650.0,3.6,1.3,budget_constrained,1612.8659
22,517,31035,8,0,9.8779,9.8779,1.2347,1650.0,3.6,1.3,budget_constrained,1622.7438
22,517,31050,7,0,27.2562,27.2562,3.6,1650.0,3.6,1.3,budget_depleted,1650.0
22,517,31065,0,0,0.0,0.0,0.0,1650.0,3.6,1.3,budget_depleted,1650.0
22,518,31080,0,0,0.0,0.0,0.0,1650.0,2.78,1.3,budget_depleted,1650.0
22,518,31095,0,0,0.0,0.0,0.0,1650.0,2.78,1.3,budget_depleted,1650.0
22,518,31110,0,0,0.0,0.0,0.0,1650.0,2.78,1.3,budget_depleted,1650.0
22,518,31125,0,0,0.0,0.0,0.0,1650.0,2.78,1.3,budget_depleted,1650.0
22,519,31140,0,0,0.0,0.0,0.0,1650.0,2.78,1.3,budget_depleted,1650.0
22,519,31155,0,0,0.0,0.0,0.0,1650.0,2.78,1.3,budget_depleted,1650.0
22,519,31170,0,0,0.0,0.0,0.0,1650.0,2.78,1.3,budget_depleted,1650.0
22,519,31185,0,0,0.0,0.0,0.0,1650.0,2.78,1.3,budget_depleted,1650.0
22,520,31200,0,0,0.0,0.0,0.0,1650.0,1.53,1.3,budget_depleted,1650.0
22,520,31215,0,0,0.0,0.0,0.0,1650.0,1.53,1.3,budget_depleted,1650.0
22,520,31230,0,0,0.0,0.0,0.0,1650.0,1.53,1.3,budget_depleted,1650.0
22,520,31245,0,0,0.0,0.0,0.0,1650.0,1.53,1.3,budget_depleted,1650.0
22,521,31260,0,0,0.0,0.0,0.0,1650.0,1.53,1.3,budget_depleted,1650.0
22,521,31275,0,0,0.0,0.0,0.0,1650.0,1.53,1.3,budget_depleted,1650.0
22,521,31290,0,0,0.0,0.0,0.0,1650.0,1.53,1.3,budget_depleted,1650.0
22,521,31305,0,0,0.0,0.0,0.0,1650.0,1.53,1.3,budget_depleted,1650.0
22,522,31320,0,0,0.0,0.0,0.0,1650.0,1.4,1.3,budget_depleted,1650.0
22,522,31335,0,0,0.0,0.0,0.0,1650.0,1.4,1.3,budget_depleted,1650.0
22,522,31350,0,0,0.0,0.0,0.0,1650.0,1.4,1.3,budget_depleted,1650.0
22,522,31365,0,0,0.0,0.0,0.0,1650.0,1.4,1.3,budget_depleted,1650.0
22,523,31380,0,0,0.0,0.0,0.0,1650.0,1.4,1.3,budget_depleted,1650.0
22,523,31395,0,0,0.0,0.0,0.0,1650.0,1.4,1.3,budget_depleted,1650.0
22,523,31410,0,0,0.0,0.0,0.0,1650.0,1.4,1.3,budget_depleted,1650.0
22,523,31425,0,0,0.0,0.0,0.0,1650.0,1.4,1.3,budget_depleted,1650.0
22,524,31440,0,0,0.0,0.0,0.0,1650.0,1.4,1.3,budget_depleted,1650.0
22,524,31455,0,0,0.0,0.0,0.0,1650.0,1.4,1.3,budget_depleted,1650.0
22,524,31470,0,0,0.0,0.0,0.0,1650.0,1.4,1.3,budget_depleted,1650.0
22,524,31485,0,0,0.0,0.0,0.0,1650.0,1.4,1.3,budget_depleted,1650.0
22,525,31500,0,0,0.0,0.0,0.0,1650.0,1.4,1.3,budget_depleted,1650.0
22,525,31515,0,0,0.0,0.0,0.0,1650.0,1.4,1.3,budget_depleted,1650.0
22,525,31530,0,0,0.0,0.0,0.0,1650.0,1.4,1.3,budget_depleted,1650.0
22,525,31545,0,0,0.0,0.0,0.0,1650.0,1.4,1.3,budget_depleted,1650.0
22,526,31560,0,0,0.0,0.0,0.0,1650.0,1.4,1.3,budget_depleted,1650.0
22,526,31575,0,0,0.0,0.0,0.0,1650.0,1.4,1.3,budget_depleted,1650.0
22,526,31590,0,0,0.0,0.0,0.0,1650.0,1.4,1.3,budget_depleted,1650.0
22,526,31605,0,0,0.0,0.0,0.0,1650.0,1.4,1.3,budget_depleted,1650.0
22,527,31620,0,0,0.0,0.0,0.0,1650.0,1.4,1.3,budget_depleted,1650.0
22,527,31635,0,0,0.0,0.0,0.0,1650.0,1.4,1.3,budget_depleted,1650.0
22,527,31650,0,0,0.0,0.0,0.0,1650.0,1.4,1.3,budget_depleted,1650.0
22,527,31665,0,0,0.0,0.0,0.0,1650.0,1.4,1.3,budget_depleted,1650.0
23,528,31680,0,0,0.0,0.0,0.0,1650.0,1.4,1.3,normal,0.0
23,528,31695,1,0,0.1289,0.1289,0.1289,1650.0,1.4,1.3,normal,0.1289
23,528,31710,2,0,1.661,1.661,0.8305,1650.0,1.4,1.3,normal,1.7899
23,528,31725,4,0,5.6,5.6,1.4,1650.0,1.4,1.3,normal,7.3899
23,529,31740,7,1,18.0319,18.0319,2.576,1650.0,3.5,1.3,normal,25.4218
23,529,31755,11,1,12.6993,12.6993,1.1545,1650.0,3.5,1.3,normal,38.1211
23,529,31770,13,1,26.5152,26.5152,2.0396,1650.0,3.5,1.3,normal,64.6363
23,529,31785,8,0,13.1051,13.1051,1.6381,1650.0,3.5,1.3,normal,77.7414
23,530,31800,11,0,19.0784,19.0784,1.7344,1650.0,3.92,1.3,normal,96.8198
23,530,31815,16,1,62.72,62.72,3.92,1650.0,3.92,1.3,normal,159.5398
23,530,31830,7,0,26.484,26.484,3.7834,1650.0,3.92,1.3,normal,186.0238
23,530,31845,11,2,1.8352,0.9176,0.1668,1650.0,3.92,1.3,normal,187.859
23,531,31860,11,0,10.7077,10.7077,0.9734,1650.0,4.06,1.3,normal,198.5667
23,531,31875,12,0,10.9427,10.9427,0.9119,1650.0,4.06,1.3,normal,209.5094
23,531,31890,15,1,7.8071,7.8071,0.5205,1650.0,4.06,1.3,normal,217.3165
23,531,31905,10,0,0.592,0.592,0.0592,1650.0,4.06,1.3,normal,217.9085
23,532,31920,12,0,29.8892,29.8892,2.4908,1650.0,4.87,1.3,normal,247.7977
23,532,31935,12,1,50.9939,50.9939,4.2495,1650.0,4.87,1.3,normal,298.7916
23,532,31950,9,0,27.2062,27.2062,3.0229,1650.0,4.87,1.3,normal,325.9978
23,532,31965,11,1,53.57,53.57,4.87,1650.0,4.87,1.3,normal,379.5678
23,533,31980,20,1,78.6483,78.6483,3.9324,1650.0,5.07,1.3,normal,458.2161
23,533,31995,14,1,10.8593,10.8593,0.7757,1650.0,5.07,1.3,normal,469.0754
23,533,32010,14,0,69.0691,69.0691,4.9335,1650.0,5.07,1.3,normal,538.1445
23,533,32025,13,0,25.3371,25.3371,1.949,1650.0,5.07,1.3,normal,563.4816
23,534,32040,12,2,46.8942,23.4471,3.9078,1650.0,6.08,1.3,normal,610.3758
23,534,32055,11,0,3.3076,3.3076,0.3007,1650.0,6.08,1.3,normal,613.6834
23,534,32070,21,0,114.3816,114.3816,5.4467,1650.0,6.08,1.3,normal,728.065
23,534,32085,20,2,121.6,60.8,6.08,1650.0,6.08,1.3,normal,849.665
23,535,32100,17,2,77.205,38.6025,4.5415,1650.0,5.59,1.3,normal,926.87
23,535,32115,8,0,29.945,29.945,3.7431,1650.0,5.59,1.3,normal,956.815
23,535,32130,11,1,9.6029,9.6029,0.873,1650.0,5.59,1.3,normal,966.4179
23,535,32145,13,1,6.3679,6.3679,0.4898,1650.0,5.59,1.3,normal,972.7858
23,536,32160,16,0,82.24,82.24,5.14,1650.0,5.14,1.3,normal,1055.0258
23,536,32175,13,1,44.6916,44.6916,3.4378,1650.0,5.14,1.3,normal,1099.7174
23,536,32190,14,1,53.1299,53.1299,3.795,1650.0,5.14,1.3,normal,1152.8473
23,536,32205,14,0,71.96,71.96,5.14,1650.0,5.14,1.3,normal,1224.8073
23,537,32220,11,0,47.85,47.85,4.35,1650.0,4.35,1.3,normal,1272.6573
23,537,32235,13,0,44.2171,44.2171,3.4013,1650.0,4.35,1.3,normal,1316.8744
23,537,32250,4,0,11.1085,11.1085,2.7771,1650.0,4.35,1.3,normal,1327.9829
23,537,32265,17,1,73.95,73.95,4.35,1650.0,4.35,1.3,normal,1401.9329
23,538,32280,11,0,14.1638,14.1638,1.2876,1650.0,3.44,1.3,normal,1416.0967
23,538,32295,5,0,4.9724,4.9724,0.9945,1650.0,3.44,1.3,normal,1421.0691
23,538,32310,7,0,16.6023,16.6023,2.3718,1650.0,3.44,1.3,normal,1437.6714
23,538,32325,10,0,34.0552,34.0552,3.4055,1650.0,3.44,1.3,normal,1471.7266
23,539,32340,8,0,22.0,22.0,2.75,1650.0,2.75,1.3,budget_constrained,1493.7266
23,539,32355,8,1,22.0,22.0,2.75,1650.0,2.75,1.3,budget_constrained,1515.7266
23,539,32370,6,1,16.5,16.5,2.75,1650.0,2.75,1.3,budget_constrained,1532.2266
23,539,32385,6,0,16.5,16.5,2.75,1650.0,2.75,1.3,budget_constrained,1548.7266
23,540,32400,4,1,10.2968,10.2968,2.5742,1650.0,3.08,1.3,budget_constrained,1559.0234
23,540,32415,3,0,4.2415,4.2415,1.4138,1650.0,3.08,1.3,budget_constrained,1563.2649
23,540,32430,14,0,43.12,43.12,3.08,1650.0,3.08,1.3,budget_constrained,1606.3849
23,540,32445,8,1,23.0888,23.0888,2.8861,1650.0,3.08,1.3,budget_constrained,1629.4737
23,541,32460,6,0,20.5263,20.5263,3.08,1650.0,3.08,1.3,budget_depleted,1650.0
23,541,32475,0,0,0.0,0.0,0.0,1650.0,3.08,1.3,budget_depleted,1650.0
23,541,32490,0,0,0.0,0.0,0.0,1650.0,3.08,1.3,budget_depleted,1650.0
23,541,32505,0,0,0.0,0.0,0.0,1650.0,3.08,1.3,budget_depleted,1650.0
23,542,32520,0,0,0.0,0.0,0.0,1650.0,0.01,1.3,budget_depleted,1650.0
23,542,32535,0,0,0.0,0.0,0.0,1650.0,0.01,1.3,budget_depleted,1650.0
23,542,32550,0,0,0.0,0.0,0.0,1650.0,0.01,1.3,budget_depleted,1650.0
23,542,32565,0,0,0.0,0.0,0.0,1650.0,0.01,1.3,budget_depleted,1650.0
23,543,32580,0,0,0.0,0.0,0.0,1650.0,0.01,1.3,budget_depleted,1650.0
23,543,32595,0,0,0.0,0.0,0.0,1650.0,0.01,1.3,budget_depleted,1650.0
23,543,32610,0,0,0.0,0.0,0.0,1650.0,0.01,1.3,budget_depleted,1650.0
23,543,32625,0,0,0.0,0.0,0.0,1650.0,0.01,1.3,budget_depleted,1650.0
23,544,32640,0,0,0.0,0.0,0.0,1650.0,1.4,1.3,budget_depleted,1650.0
23,544,32655,0,0,0.0,0.0,0.0,1650.0,1.4,1.3,budget_depleted,1650.0
23,544,32670,0,0,0.0,0.0,0.0,1650.0,1.4,1.3,budget_depleted,1650.0
23,544,32685,0,0,0.0,0.0,0.0,1650.0,1.4,1.3,budget_depleted,1650.0
23,545,32700,0,0,0.0,0.0,0.0,1650.0,1.4,1.3,budget_depleted,1650.0
23,545,32715,0,0,0.0,0.0,0.0,1650.0,1.4,1.3,budget_depleted,1650.0
23,545,32730,0,0,0.0,0.0,0.0,1650.0,1.4,1.3,budget_depleted,1650.0
23,545,32745,0,0,0.0,0.0,0.0,1650.0,1.4,1.3,budget_depleted,1650.0
23,546,32760,0,0,0.0,0.0,0.0,1650.0,1.4,1.3,budget_depleted,1650.0
23,546,32775,0,0,0.0,0.0,0.0,1650.0,1.4,1.3,budget_depleted,1650.0
23,546,32790,0,0,0.0,0.0,0.0,1650.0,1.4,1.3,budget_depleted,1650.0
23,546,32805,0,0,0.0,0.0,0.0,1650.0,1.4,1.3,budget_depleted,1650.0
23,547,32820,0,0,0.0,0.0,0.0,1650.0,1.4,1.3,budget_depleted,1650.0
23,547,32835,0,0,0.0,0.0,0.0,1650.0,1.4,1.3,budget_depleted,1650.0
23,547,32850,0,0,0.0,0.0,0.0,1650.0,1.4,1.3,budget_depleted,1650.0
23,547,32865,0,0,0.0,0.0,0.0,1650.0,1.4,1.3,budget_depleted,1650.0
23,548,32880,0,0,0.0,0.0,0.0,1650.0,1.4,1.3,budget_depleted,1650.0
23,548,32895,0,0,0.0,0.0,0.0,1650.0,1.4,1.3,budget_depleted,1650.0
23,548,32910,0,0,0.0,0.0,0.0,1650.0,1.4,1.3,budget_depleted,1650.0
23,548,32925,0,0,0.0,0.0,0.0,1650.0,1.4,1.3,budget_depleted,1650.0
23,549,32940,0,0,0.0,0.0,0.0,1650.0,1.4,1.3,budget_depleted,1650.0
23,549,32955,0,0,0.0,0.0,0.0,1650.0,1.4,1.3,budget_depleted,1650.0
23,549,32970,0,0,0.0,0.0,0.0,1650.0,1.4,1.3,budget_depleted,1650.0
23,549,32985,0,0,0.0,0.0,0.0,1650.0,1.4,1.3,budget_depleted,1650.0
23,550,33000,0,0,0.0,0.0,0.0,1650.0,1.4,1.3,budget_depleted,1650.0
23,550,33015,0,0,0.0,0.0,0.0,1650.0,1.4,1.3,budget_depleted,1650.0
23,550,33030,0,0,0.0,0.0,0.0,1650.0,1.4,1.3,budget_depleted,1650.0
23,550,33045,0,0,0.0,0.0,0.0,1650.0,1.4,1.3,budget_depleted,1650.0
23,551,33060,0,0,0.0,0.0,0.0,1650.0,1.4,1.3,budget_depleted,1650.0
23,551,33075,0,0,0.0,0.0,0.0,1650.0,1.4,1.3,budget_depleted,1650.0
23,551,33090,0,0,0.0,0.0,0.0,1650.0,1.4,1.3,budget_depleted,1650.0
23,551,33105,0,0,0.0,0.0,0.0,1650.0,1.4,1.3,budget_depleted,1650.0
24,552,33120,0,0,0.0,0.0,0.0,1650.0,1.4,1.3,normal,0.0
24,552,33135,1,0,0.9183,0.9183,0.9183,1650.0,1.4,1.3,normal,0.9183
24,552,33150,9,0,11.251,11.251,1.2501,1650.0,1.4,1.3,normal,12.1693
24,552,33165,3,0,3.1663,3.1663,1.0554,1650.0,1.4,1.3,normal,15.3356
24,553,33180,6,0,17.6691,17.6691,2.9448,1650.0,3.5,1.3,normal,33.0047
24,553,33195,9,1,31.5,31.5,3.5,1650.0,3.5,1.3,normal,64.5047
24,553,33210,2,0,7.0,7.0,3.5,1650.0,3.5,1.3,normal,71.5047
24,553,33225,3,0,0.2604,0.2604,0.0868,1650.0,3.5,1.3,normal,71.7651
24,554,33240,7,0,17.5389,17.5389,2.5056,1650.0,4.2,1.3,normal,89.304
24,554,33255,15,0,16.1338,16.1338,1.0756,1650.0,4.2,1.3,normal,105.4378
24,554,33270,16,0,46.9641,46.9641,2.9353,1650.0,4.2,1.3,normal,152.4019
24,554,33285,10,1,39.429,39.429,3.9429,1650.0,4.2,1.3,normal,191.8309
24,555,33300,9,0,16.2638,16.2638,1.8071,1650.0,4.13,1.3,normal,208.0947
24,555,33315,6,0,1.7948,1.7948,0.2991,1650.0,4.13,1.3,normal,209.8895
24,555,33330,11,0,32.2037,32.2037,2.9276,1650.0,4.13,1.3,normal,242.0932
24,555,33345,10,1,29.8424,29.8424,2.9842,1650.0,4.13,1.3,normal,271.9356
24,556,33360,15,0,74.4,74.4,4.96,1650.0,4.96,1.3,normal,346.3356
24,556,33375,19,0,94.24,94.24,4.96,1650.0,4.96,1.3,normal,440.5756
24,556,33390,17,0,2.3635,2.3635,0.139,1650.0,4.96,1.3,normal,442.9391
24,556,33405,16,1,79.36,79.36,4.96,1650.0,4.96,1.3,normal,522.2991
24,557,33420,11,0,24.1877,24.1877,2.1989,1650.0,4.87,1.3,normal,546.4868
24,557,33435,13,1,49.2877,49.2877,3.7914,1650.0,4.87,1.3,normal,595.7745
24,557,33450,10,0,0.3036,0.3036,0.0304,1650.0,4.87,1.3,normal,596.0781
24,557,33465,3,0,7.2191,7.2191,2.4064,1650.0,4.87,1.3,normal,603.2972
24,558,33480,8,1,2.8093,2.8093,0.3512,1650.0,5.36,1.3,normal,606.1065
24,558,33495,16,0,14.9584,14.9584,0.9349,1650.0,5.36,1.3,normal,621.0649
24,558,33510,9,0,23.8872,23.8872,2.6541,1650.0,5.36,1.3,normal,644.9521
24,558,33525,15,0,56.1876,56.1876,3.7458,1650.0,5.36,1.3,normal,701.1397
24,559,33540,14,1,71.26,71.26,5.09,1650.0,5.09,1.3,normal,772.3997
24,559,33555,15,2,21.8916,10.9458,1.4594,1650.0,5.09,1.3,normal,794.2913
24,559,33570,12,1,61.08,61.08,5.09,1650.0,5.09,1.3,normal,855.3713
24,559,33585,18,0,90.987,90.987,5.0548,1650.0,5.09,1.3,normal,946.3583
24,560,33600,16,0,74.88,74.88,4.68,1650.0,4.68,1.3,normal,1021.2383
24,560,33615,11,0,24.3602,24.3602,2.2146,1650.0,4.68,1.3,normal,1045.5985
24,560,33630,11,0,3.7075,3.7075,0.337,1650.0,4.68,1.3,normal,1049.306
24,560,33645,13,0,56.5361,56.5361,4.3489,1650.0,4.68,1.3,normal,1105.8421
24,561,33660,14,0,59.92,59.92,4.28,1650.0,4.28,1.3,normal,1165.7621
24,561,33675,12,0,21.5266,21.5266,1.7939,1650.0,4.28,1.3,normal,1187.2887
24,561,33690,10,0,27.7481,27.7481,2.7748,1650.0,4.28,1.3,normal,1215.0368
24,561,33705,11,0,16.9016,16.9016,1.5365,1650.0,4.28,1.3,normal,1231.9384
24,562,33720,12,0,9.6599,9.6599,0.805,1650.0,3.81,1.3,normal,1241.5983
24,562,33735,8,0,18.9986,18.9986,2.3748,1650.0,3.81,1.3,normal,1260.5969
24,562,33750,11,0,14.3975,14.3975,1.3089,1650.0,3.81,1.3,normal,1274.9944
24,562,33765,11,0,8.1205,8.1205,0.7382,1650.0,3.81,1.3,normal,1283.1149
24,563,33780,13,0,44.98,44.98,3.46,1650.0,3.46,1.3,normal,1328.0949
24,563,33795,12,0,0.4103,0.4103,0.0342,1650.0,3.46,1.3,normal,1328.5052
24,563,33810,5,0,17.3,17.3,3.46,1650.0,3.46,1.3,normal,1345.8052
24,563,33825,8,2,27.68,13.84,3.46,1650.0,3.46,1.3,normal,1373.4852
24,564,33840,6,0,15.2706,15.2706,2.5451,1650.0,3.12,1.3,normal,1388.7558
24,564,33855,13,0,15.8955,15.8955,1.2227,1650.0,3.12,1.3,normal,1404.6513
24,564,33870,9,0,28.08,28.08,3.12,1650.0,3.12,1.3,normal,1432.7313
24,564,33885,4,0,9.1549,9.1549,2.2887,1650.0,3.12,1.3,normal,1441.8862
24,565,33900,9,0,7.5834,7.5834,0.8426,1650.0,2.84,1.3,normal,1449.4696
24,565,33915,10,0,16.217,16.217,1.6217,1650.0,2.84,1.3,normal,1465.6866
24,565,33930,5,1,1.0887,1.0887,0.2177,1650.0,2.84,1.3,normal,1466.7753
24,565,33945,8,0,22.72,22.72,2.84,1650.0,2.84,1.3,budget_constrained,1489.4953
24,566,33960,10,0,8.0302,8.0302,0.803,1650.0,3.12,1.3,budget_constrained,1497.5255
24,566,33975,10,0,27.8897,27.8897,2.789,1650.0,3.12,1.3,budget_constrained,1525.4152
24,566,33990,11,0,19.983,19.983,1.8166,1650.0,3.12,1.3,budget_constrained,1545.3982
24,566,34005,6,0,4.7625,4.7625,0.7938,1650.0,3.12,1.3,budget_constrained,1550.1607
24,567,34020,4,0,12.48,12.48,3.12,1650.0,3.12,1.3,budget_constrained,1562.6407
24,567,34035,6,1,18.72,18.72,3.12,1650.0,3.12,1.3,budget_constrained,1581.3607
24,567,34050,6,0,18.72,18.72,3.12,1650.0,3.12,1.3,budget_constrained,1600.0807
24,567,34065,9,1,27.8795,27.8795,3.0977,1650.0,3.12,1.3,budget_constrained,1627.9602
24,568,34080,5,0,22.0398,22.0398,3.74,1650.0,3.74,1.3,budget_depleted,1650.0
24,568,34095,0,0,0.0,0.0,0.0,1650.0,3.74,1.3,budget_depleted,1650.0
24,568,34110,0,0,0.0,0.0,0.0,1650.0,3.74,1.3,budget_depleted,1650.0
24,568,34125,0,0,0.0,0.0,0.0,1650.0,3.74,1.3,budget_depleted,1650.0
24,569,34140,0,0,0.0,0.0,0.0,1650.0,3.74,1.3,budget_depleted,1650.0
24,569,34155,0,0,0.0,0.0,0.0,1650.0,3.74,1.3,budget_depleted,1650.0
24,569,34170,0,0,0.0,0.0,0.0,1650.0,3.74,1.3,budget_depleted,1650.0
24,569,34185,0,0,0.0,0.0,0.0,1650.0,3.74,1.3,budget_depleted,1650.0
24,570,34200,0,0,0.0,0.0,0.0,1650.0,2.06,1.3,budget_depleted,1650.0
24,570,34215,0,0,0.0,0.0,0.0,1650.0,2.06,1.3,budget_depleted,1650.0
24,570,34230,0,0,0.0,0.0,0.0,1650.0,2.06,1.3,budget_depleted,1650.0
24,570,34245,0,0,0.0,0.0,0.0,1650.0,2.06,1.3,budget_depleted,1650.0
24,571,34260,0,0,0.0,0.0,0.0,1650.0,2.06,1.3,budget_depleted,1650.0
24,571,34275,0,0,0.0,0.0,0.0,1650.0,2.06,1.3,budget_depleted,1650.0
24,571,34290,0,0,0.0,0.0,0.0,1650.0,2.06,1.3,budget_depleted,1650.0
24,571,34305,0,0,0.0,0.0,0.0,1650.0,2.06,1.3,budget_depleted,1650.0
24,572,34320,0,0,0.0,0.0,0.0,1650.0,1.4,1.3,budget_depleted,1650.0
24,572,34335,0,0,0.0,0.0,0.0,1650.0,1.4,1.3,budget_depleted,1650.0
24,572,34350,0,0,0.0,0.0,0.0,1650.0,1.4,1.3,budget_depleted,1650.0
24,572,34365,0,0,0.0,0.0,0.0,1650.0,1.4,1.3,budget_depleted,1650.0
24,573,34380,0,0,0.0,0.0,0.0,1650.0,1.4,1.3,budget_depleted,1650.0
24,573,34395,0,0,0.0,0.0,0.0,1650.0,1.4,1.3,budget_depleted,1650.0
24,573,34410,0,0,0.0,0.0,0.0,1650.0,1.4,1.3,budget_depleted,1650.0
24,573,34425,0,0,0.0,0.0,0.0,1650.0,1.4,1.3,budget_depleted,1650.0
24,574,34440,0,0,0.0,0.0,0.0,1650.0,1.4,1.3,budget_depleted,1650.0
24,574,34455,0,0,0.0,0.0,0.0,1650.0,1.4,1.3,budget_depleted,1650.0
24,574,34470,0,0,0.0,0.0,0.0,1650.0,1.4,1.3,budget_depleted,1650.0
24,574,34485,0,0,0.0,0.0,0.0,1650.0,1.4,1.3,budget_depleted,1650.0
24,575,34500,0,0,0.0,0.0,0.0,1650.0,1.4,1.3,budget_depleted,1650.0
24,575,34515,0,0,0.0,0.0,0.0,1650.0,1.4,1.3,budget_depleted,1650.0
24,575,34530,0,0,0.0,0.0,0.0,1650.0,1.4,1.3,budget_depleted,1650.0
24,575,34545,0,0,0.0,0.0,0.0,1650.0,1.4,1.3,budget_depleted,1650.0
25,576,34560,0,0,0.0,0.0,0.0,1650.0,1.4,1.3,normal,0.0
25,576,34575,4,0,5.6,5.6,1.4,1650.0,1.4,1.3,normal,5.6
25,576,34590,1,0,0.774,0.774,0.774,1650.0,1.4,1.3,normal,6.374
25,576,34605,3,0,3.7826,3.7826,1.2609,1650.0,1.4,1.3,normal,10.1566
25,577,34620,10,1,32.7268,32.7268,3.2727,1650.0,3.5,1.3,normal,42.8834
25,577,34635,10,0,33.1571,33.1571,3.3157,1650.0,3.5,1.3,normal,76.0405
25,577,34650,9,0,4.3734,4.3734,0.4859,1650.0,3.5,1.3,normal,80.4139
25,577,34665,6,0,13.1119,13.1119,2.1853,1650.0,3.5,1.3,normal,93.5258
25,578,34680,5,1,19.6,19.6,3.92,1650.0,3.92,1.3,normal,113.1258
25,578,34695,6,0,23.52,23.52,3.92,1650.0,3.92,1.3,normal,136.6458
25,578,34710,15,0,58.8,58.8,3.92,1650.0,3.92,1.3,normal,195.4458
25,578,34725,13,1,31.2706,31.2706,2.4054,1650.0,3.92,1.3,normal,226.7164
25,579,34740,7,0,27.44,27.44,3.92,1650.0,3.92,1.3,normal,254.1564
25,579,34755,13,0,31.5202,31.5202,2.4246,1650.0,3.92,1.3,normal,285.6766
25,579,34770,3,0,0.4369,0.4369,0.1456,1650.0,3.92,1.3,normal,286.1135
25,579,34785,17,1,66.64,66.64,3.92,1650.0,3.92,1.3,normal,352.7535
25,580,34800,12,0,46.5474,46.5474,3.879,1650.0,4.39,1.3,normal,399.3009
25,580,34815,11,1,38.2975,38.2975,3.4816,1650.0,4.39,1.3,normal,437.5984
25,580,34830,7,1,0.3071,0.3071,0.0439,1650.0,4.39,1.3,normal,437.9055
25,580,34845,8,0,8.5003,8.5003,1.0625,1650.0,4.39,1.3,normal,446.4058
25,581,34860,19,2,35.7065,17.8532,1.8793,1650.0,4.54,1.3,normal,482.1123
25,581,34875,15,3,25.8313,8.6104,1.7221,1650.0,4.54,1.3,normal,507.9436
25,581,34890,14,0,63.56,63.56,4.54,1650.0,4.54,1.3,normal,571.5036
25,581,34905,11,0,49.94,49.94,4.54,1650.0,4.54,1.3,normal,621.4436
25,582,34920,9,0,44.91,44.91,4.99,1650.0,4.99,1.3,normal,666.3536
25,582,34935,12,0,4.1214,4.1214,0.3434,1650.0,4.99,1.3,normal,670.475
25,582,34950,12,0,27.2363,27.2363,2.2697,1650.0,4.99,1.3,normal,697.7113
25,582,34965,11,0,52.4053,52.4053,4.7641,1650.0,4.99,1.3,normal,750.1166
25,583,34980,13,0,64.9358,64.9358,4.9951,1650.0,5.16,1.3,normal,815.0524
25,583,34995,8,0,8.7301,8.7301,1.0913,1650.0,5.16,1.3,normal,823.7825
25,583,35010,17,0,6.2796,6.2796,0.3694,1650.0,5.16,1.3,normal,830.0621
25,583,35025,16,0,40.1416,40.1416,2.5089,1650.0,5.16,1.3,normal,870.2037
25,584,35040,0,0,0.0,0.0,0.01,1650.0,0.01,1.3,normal,870.2037
25,584,35055,0,0,0.0,0.0,0.01,1650.0,0.01,1.3,normal,870.2037
25,584,35070,0,0,0.0,0.0,0.01,1650.0,0.01,1.3,normal,870.2037
25,584,35085,0,0,0.0,0.0,0.01,1650.0,0.01,1.3,normal,870.2037
25,585,35100,0,0,0.0,0.0,0.01,1650.0,0.01,1.3,normal,870.2037
25,585,35115,0,0,0.0,0.0,0.01,1650.0,0.01,1.3,normal,870.2037
25,585,35130,0,0,0.0,0.0,0.01,1650.0,0.01,1.3,normal,870.2037
25,585,35145,0,0,0.0,0.0,0.01,1650.0,0.01,1.3,normal,870.2037
25,586,35160,13,0,41.0008,41.0008,3.1539,1650.0,4.2,1.3,normal,911.2045
25,586,35175,9,0,37.8,37.8,4.2,1650.0,4.2,1.3,normal,949.0045
25,586,35190,7,0,29.4,29.4,4.2,1650.0,4.2,1.3,normal,978.4045
25,586,35205,8,0,24.6581,24.6581,3.0823,1650.0,4.2,1.3,normal,1003.0626
25,587,35220,7,1,28.63,28.63,4.09,1650.0,4.09,1.3,normal,1031.6926
25,587,35235,16,0,50.7277,50.7277,3.1705,1650.0,4.09,1.3,normal,1082.4203
25,587,35250,15,0,48.6151,48.6151,3.241,1650.0,4.09,1.3,normal,1131.0354
25,587,35265,8,0,30.3863,30.3863,3.7983,1650.0,4.09,1.3,normal,1161.4217
25,588,35280,8,2,20.1533,10.0766,2.5192,1650.0,4.91,1.3,normal,1181.575
25,588,35295,13,1,49.9344,49.9344,3.8411,1650.0,4.91,1.3,normal,1231.5094
25,588,35310,13,0,44.7512,44.7512,3.4424,1650.0,4.91,1.3,normal,1276.2606
25,588,35325,17,0,55.5915,55.5915,3.2701,1650.0,4.91,1.3,normal,1331.8521
25,589,35340,7,0,31.64,31.64,4.52,1650.0,4.52,1.3,normal,1363.4921
25,589,35355,16,1,0.2535,0.2535,0.0158,1650.0,4.52,1.3,normal,1363.7456
25,589,35370,12,0,16.1221,16.1221,1.3435,1650.0,4.52,1.3,normal,1379.8677
25,589,35385,7,0,31.64,31.64,4.52,1650.0,4.52,1.3,normal,1411.5077
25,590,35400,10,0,16.019,16.019,1.6019,1650.0,4.16,1.3,normal,1427.5267
25,590,35415,9,0,14.7564,14.7564,1.6396,1650.0,4.16,1.3,normal,1442.2831
25,590,35430,8,0,26.8759,26.8759,3.3595,1650.0,4.16,1.3,normal,1469.159
25,590,35445,10,1,38.1422,38.1422,3.8142,1650.0,4.16,1.3,budget_constrained,1507.3012
25,591,35460,13,0,39.1961,39.1961,3.0151,1650.0,4.16,1.3,budget_constrained,1546.4973
25,591,35475,13,1,32.6321,32.6321,2.5102,1650.0,4.16,1.3,budget_constrained,1579.1294
25,591,35490,5,0,7.4812,7.4812,1.4962,1650.0,4.16,1.3,budget_constrained,1586.6106
25,591,35505,12,0,8.6497,8.6497,0.7208,1650.0,4.16,1.3,budget_constrained,1595.2603
25,592,35520,6,0,15.5507,15.5507,2.5918,1650.0,4.99,1.3,budget_constrained,1610.811
25,592,35535,12,1,7.5241,7.5241,0.627,1650.0,4.99,1.3,budget_constrained,1618.3351
25,592,35550,8,1,27.241,27.241,3.4051,1650.0,4.99,1.3,budget_constrained,1645.5761
25,592,35565,1,0,4.4239,4.4239,2.3337,1650.0,4.99,1.3,budget_depleted,1650.0
25,593,35580,0,0,0.0,0.0,0.0,1650.0,4.99,1.3,budget_depleted,1650.0
25,593,35595,0,0,0.0,0.0,0.0,1650.0,4.99,1.3,budget_depleted,1650.0
25,593,35610,0,0,0.0,0.0,0.0,1650.0,4.99,1.3,budget_depleted,1650.0
25,593,35625,0,0,0.0,0.0,0.0,1650.0,4.99,1.3,budget_depleted,1650.0
25,594,35640,0,0,0.0,0.0,0.0,1650.0,2.74,1.3,budget_depleted,1650.0
25,594,35655,0,0,0.0,0.0,0.0,1650.0,2.74,1.3,budget_depleted,1650.0
25,594,35670,0,0,0.0,0.0,0.0,1650.0,2.74,1.3,budget_depleted,1650.0
25,594,35685,0,0,0.0,0.0,0.0,1650.0,2.74,1.3,budget_depleted,1650.0
25,595,35700,0,0,0.0,0.0,0.0,1650.0,2.74,1.3,budget_depleted,1650.0
25,595,35715,0,0,0.0,0.0,0.0,1650.0,2.74,1.3,budget_depleted,1650.0
25,595,35730,0,0,0.0,0.0,0.0,1650.0,2.74,1.3,budget_depleted,1650.0
25,595,35745,0,0,0.0,0.0,0.0,1650.0,2.74,1.3,budget_depleted,1650.0
25,596,35760,0,0,0.0,0.0,0.0,1650.0,1.51,1.3,budget_depleted,1650.0
25,596,35775,0,0,0.0,0.0,0.0,1650.0,1.51,1.3,budget_depleted,1650.0
25,596,35790,0,0,0.0,0.0,0.0,1650.0,1.51,1.3,budget_depleted,1650.0
25,596,35805,0,0,0.0,0.0,0.0,1650.0,1.51,1.3,budget_depleted,1650.0
25,597,35820,0,0,0.0,0.0,0.0,1650.0,1.51,1.3,budget_depleted,1650.0
25,597,35835,0,0,0.0,0.0,0.0,1650.0,1.51,1.3,budget_depleted,1650.0
25,597,35850,0,0,0.0,0.0,0.0,1650.0,1.51,1.3,budget_depleted,1650.0
25,597,35865,0,0,0.0,0.0,0.0,1650.0,1.51,1.3,budget_depleted,1650.0
25,598,35880,0,0,0.0,0.0,0.0,1650.0,1.4,1.3,budget_depleted,1650.0
25,598,35895,0,0,0.0,0.0,0.0,1650.0,1.4,1.3,budget_depleted,1650.0
25,598,35910,0,0,0.0,0.0,0.0,1650.0,1.4,1.3,budget_depleted,1650.0
25,598,35925,0,0,0.0,0.0,0.0,1650.0,1.4,1.3,budget_depleted,1650.0
25,599,35940,0,0,0.0,0.0,0.0,1650.0,1.4,1.3,budget_depleted,1650.0
25,599,35955,0,0,0.0,0.0,0.0,1650.0,1.4,1.3,budget_depleted,1650.0
25,599,35970,0,0,0.0,0.0,0.0,1650.0,1.4,1.3,budget_depleted,1650.0
25,599,35985,0,0,0.0,0.0,0.0,1650.0,1.4,1.3,budget_depleted,1650.0
26,600,36000,0,0,0.0,0.0,0.0,1650.0,1.4,1.3,normal,0.0
26,600,36015,4,0,5.6,5.6,1.4,1650.0,1.4,1.3,normal,5.6
26,600,36030,8,1,0.4589,0.4589,0.0574,1650.0,1.4,1.3,normal,6.0589
26,600,36045,2,0,0.8179,0.8179,0.4089,1650.0,1.4,1.3,normal,6.8768
26,601,36060,7,0,1.0692,1.0692,0.1527,1650.0,3.5,1.3,normal,7.946
26,601,36075,4,0,12.9881,12.9881,3.247,1650.0,3.5,1.3,normal,20.9341
26,601,36090,11,1,38.5,38.5,3.5,1650.0,3.5,1.3,normal,59.4341
26,601,36105,6,0,11.7144,11.7144,1.9524,1650.0,3.5,1.3,normal,71.1485
26,602,36120,12,2,22.1443,11.0721,1.8454,1650.0,3.85,1.3,normal,93.2928
26,602,36135,6,0,16.1086,16.1086,2.6848,1650.0,3.85,1.3,normal,109.4014
26,602,36150,15,0,27.384,27.384,1.8256,1650.0,3.85,1.3,normal,136.7854
26,602,36165,8,0,4.0176,4.0176,0.5022,1650.0,3.85,1.3,normal,140.803
26,603,36180,12,0,18.6955,18.6955,1.558,1650.0,3.98,1.3,normal,159.4985
26,603,36195,8,0,31.84,31.84,3.98,1650.0,3.98,1.3,normal,191.3385
26,603,36210,12,0,29.4621,29.4621,2.4552,1650.0,3.98,1.3,normal,220.8006
26,603,36225,4,0,3.8565,3.8565,0.9641,1650.0,3.98,1.3,normal,224.6571
26,604,36240,9,0,40.14,40.14,4.46,1650.0,4.46,1.3,normal,264.7971
26,604,36255,11,1,49.06,49.06,4.46,1650.0,4.46,1.3,normal,313.8571
26,604,36270,19,0,28.2236,28.2236,1.4855,1650.0,4.46,1.3,normal,342.0807
26,604,36285,13,2,54.05,27.025,4.1577,1650.0,4.46,1.3,normal,396.1307
26,605,36300,15,0,43.2888,43.2888,2.8859,1650.0,4.62,1.3,normal,439.4195
26,605,36315,7,0,12.7761,12.7761,1.8252,1650.0,4.62,1.3,normal,452.1956
26,605,36330,17,0,39.4406,39.4406,2.32,1650.0,4.62,1.3,normal,491.6362
26,605,36345,14,2,64.68,32.34,4.62,1650.0,4.62,1.3,normal,556.3162
26,606,36360,16,0,67.6225,67.6225,4.2264,1650.0,5.54,1.3,normal,623.9387
26,606,36375,12,1,25.1213,25.1213,2.0934,1650.0,5.54,1.3,normal,649.06
26,606,36390,18,0,33.7817,33.7817,1.8768,1650.0,5.54,1.3,normal,682.8417
26,606,36405,15,1,83.1,83.1,5.54,1650.0,5.54,1.3,normal,765.9417
26,607,36420,17,1,93.939,93.939,5.5258,1650.0,5.77,1.3,normal,859.8807
26,607,36435,15,0,68.5433,68.5433,4.5696,1650.0,5.77,1.3,normal,928.424
26,607,36450,13,1,39.4094,39.4094,3.0315,1650.0,5.77,1.3,normal,967.8334
26,607,36465,15,0,81.4554,81.4554,5.4304,1650.0,5.77,1.3,normal,1049.2888
26,608,36480,11,2,33.9032,16.9516,3.0821,1650.0,5.19,1.3,normal,1083.192
26,608,36495,8,1,41.52,41.52,5.19,1650.0,5.19,1.3,normal,1124.712
26,608,36510,7,0,6.0292,6.0292,0.8613,1650.0,5.19,1.3,normal,1130.7412
26,608,36525,14,0,13.2899,13.2899,0.9493,1650.0,5.19,1.3,normal,1144.0311
26,609,36540,15,0,56.3471,56.3471,3.7565,1650.0,4.63,1.3,normal,1200.3782
26,609,36555,13,0,34.3607,34.3607,2.6431,1650.0,4.63,1.3,normal,1234.7389
26,609,36570,11,0,28.273,28.273,2.5703,1650.0,4.63,1.3,normal,1263.0119
26,609,36585,10,0,46.3,46.3,4.63,1650.0,4.63,1.3,normal,1309.3119
26,610,36600,9,1,30.4242,30.4242,3.3805,1650.0,3.91,1.3,normal,1339.7361
26,610,36615,14,1,16.083,16.083,1.1488,1650.0,3.91,1.3,normal,1355.8191
26,610,36630,11,1,16.6207,16.6207,1.511,1650.0,3.91,1.3,normal,1372.4398
26,610,36645,9,0,8.8864,8.8864,0.9874,1650.0,3.91,1.3,normal,1381.3262
26,611,36660,11,0,17.9504,17.9504,1.6319,1650.0,3.33,1.3,normal,1399.2766
26,611,36675,12,1,23.3287,23.3287,1.9441,1650.0,3.33,1.3,normal,1422.6053
26,611,36690,14,0,46.62,46.62,3.33,1650.0,3.33,1.3,normal,1469.2253
26,611,36705,6,0,19.98,19.98,3.33,1650.0,3.33,1.3,budget_constrained,1489.2053
26,612,36720,10,0,32.056,32.056,3.2056,1650.0,3.73,1.3,budget_constrained,1521.2613
26,612,36735,6,0,22.38,22.38,3.73,1650.0,3.73,1.3,budget_constrained,1543.6413
26,612,36750,7,0,4.9098,4.9098,0.7014,1650.0,3.73,1.3,budget_constrained,1548.5511
26,612,36765,11,1,33.877,33.877,3.0797,1650.0,3.73,1.3,budget_constrained,1582.4281
26,613,36780,11,0,34.2218,34.2218,3.1111,1650.0,3.73,1.3,budget_constrained,1616.6499
26,613,36795,9,0,5.6149,5.6149,0.6239,1650.0,3.73,1.3,budget_constrained,1622.2648
26,613,36810,6,0,22.38,22.38,3.73,1650.0,3.73,1.3,budget_constrained,1644.6448
26,613,36825,1,0,5.3552,5.3552,3.73,1650.0,3.73,1.3,budget_constrained,1650.0
26,614,36840,0,0,0.0,0.0,3.7563,1650.0,4.18,1.3,budget_constrained,1650.0
26,614,36855,0,0,0.0,0.0,2.9227,1650.0,4.18,1.3,budget_constrained,1650.0
26,614,36870,0,0,0.0,0.0,1.0573,1650.0,4.18,1.3,budget_constrained,1650.0
26,614,36885,0,0,0.0,0.0,4.0754,1650.0,4.18,1.3,budget_constrained,1650.0
26,615,36900,0,0,0.0,0.0,4.18,1650.0,4.18,1.3,budget_constrained,1650.0
26,615,36915,0,0,0.0,0.0,3.215,1650.0,4.18,1.3,budget_constrained,1650.0
26,615,36930,0,0,0.0,0.0,4.18,1650.0,4.18,1.3,budget_constrained,1650.0
26,615,36945,0,0,0.0,0.0,2.7298,1650.0,4.18,1.3,budget_constrained,1650.0
26,616,36960,0,0,0.0,0.0,4.68,1650.0,4.68,1.3,budget_constrained,1650.0
26,616,36975,0,0,0.0,0.0,4.4078,1650.0,4.68,1.3,budget_constrained,1650.0
26,616,36990,0,0,0.0,0.0,3.3462,1650.0,4.68,1.3,budget_constrained,1650.0
26,616,37005,0,0,0.0,0.0,1.9762,1650.0,4.68,1.3,budget_constrained,1650.0
26,617,37020,0,0,0.0,0.0,1.7573,1650.0,4.68,1.3,budget_constrained,1650.0
26,617,37035,0,0,0.0,0.0,0.0492,1650.0,4.68,1.3,budget_constrained,1650.0
26,617,37050,0,0,0.0,0.0,2.8724,1650.0,4.68,1.3,budget_constrained,1650.0
26,617,37065,0,0,0.0,0.0,4.5424,1650.0,4.68,1.3,budget_constrained,1650.0
26,618,37080,0,0,0.0,0.0,3.1142,1650.0,5.15,1.3,budget_constrained,1650.0
26,618,37095,0,0,0.0,0.0,1.5072,1650.0,5.15,1.3,budget_constrained,1650.0
26,618,37110,0,0,0.0,0.0,4.733,1650.0,5.15,1.3,budget_constrained,1650.0
26,618,37125,0,0,0.0,0.0,5.15,1650.0,5.15,1.3,budget_constrained,1650.0
26,619,37140,0,0,0.0,0.0,3.4306,1650.0,5.15,1.3,budget_constrained,1650.0
26,619,37155,0,0,0.0,0.0,5.15,1650.0,5.15,1.3,budget_constrained,1650.0
26,619,37170,0,0,0.0,0.0,2.9182,1650.0,5.15,1.3,budget_constrained,1650.0
26,619,37185,0,0,0.0,0.0,4.7944,1650.0,5.15,1.3,budget_constrained,1650.0
26,620,37200,0,0,0.0,0.0,5.67,1650.0,5.67,1.3,budget_constrained,1650.0
26,620,37215,0,0,0.0,0.0,0.9574,1650.0,5.67,1.3,budget_constrained,1650.0
26,620,37230,0,0,0.0,0.0,2.4396,1650.0,5.67,1.3,budget_constrained,1650.0
26,620,37245,0,0,0.0,0.0,5.107,1650.0,5.67,1.3,budget_constrained,1650.0
26,621,37260,0,0,0.0,0.0,2.657,1650.0,5.67,1.3,budget_constrained,1650.0
26,621,37275,0,0,0.0,0.0,1.4663,1650.0,5.67,1.3,budget_constrained,1650.0
26,621,37290,0,0,0.0,0.0,2.7088,1650.0,5.67,1.3,budget_constrained,1650.0
26,621,37305,0,0,0.0,0.0,4.0759,1650.0,5.67,1.3,budget_constrained,1650.0
26,622,37320,0,0,0.0,0.0,6.5524,1650.0,6.8,1.3,budget_constrained,1650.0
26,622,37335,0,0,0.0,0.0,0.3971,1650.0,6.8,1.3,budget_constrained,1650.0
26,622,37350,0,0,0.0,0.0,1.2393,1650.0,6.8,1.3,budget_constrained,1650.0
26,622,37365,0,0,0.0,0.0,1.4382,1650.0,6.8,1.3,budget_constrained,1650.0
26,623,37380,0,0,0.0,0.0,1.8294,1650.0,6.8,1.3,budget_constrained,1650.0
26,623,37395,0,0,0.0,0.0,2.8223,1650.0,6.8,1.3,budget_constrained,1650.0
26,623,37410,0,0,0.0,0.0,4.9793,1650.0,6.8,1.3,budget_constrained,1650.0
26,623,37425,0,0,0.0,0.0,2.3443,1650.0,6.8,1.3,budget_constrained,1650.0
27,624,37440,0,0,0.0,0.0,3.9877,1650.0,8.16,1.3,normal,0.0
27,624,37455,12,0,17.0385,17.0385,1.4199,1650.0,8.16,1.3,normal,17.0385
27,624,37470,21,1,141.2098,141.2098,6.7243,1650.0,8.16,1.3,normal,158.2483
27,624,37485,16,2,22.787,11.3935,1.4242,1650.0,8.16,1.3,normal,181.0353
27,625,37500,19,0,50.3014,50.3014,2.6474,1650.0,8.02,1.0,normal,231.3367
27,625,37515,14,1,84.8613,84.8613,6.0615,1650.0,8.02,1.0,normal,316.198
27,625,37530,21,1,46.9707,46.9707,2.2367,1650.0,8.02,1.0,normal,363.1687
27,625,37545,16,0,53.8287,53.8287,3.3643,1650.0,8.02,1.0,normal,416.9974
27,626,37560,16,1,59.4291,59.4291,3.7143,1650.0,7.22,1.0,normal,476.4265
27,626,37575,11,0,60.0881,60.0881,5.4626,1650.0,7.22,1.0,normal,536.5146
27,626,37590,12,1,66.0868,66.0868,5.5072,1650.0,7.22,1.0,normal,602.6014
27,626,37605,15,1,40.7361,40.7361,2.7157,1650.0,7.22,1.0,normal,643.3375
27,627,37620,21,0,126.182,126.182,6.0087,1650.0,7.04,1.0,normal,769.5195
27,627,37635,11,1,9.5623,9.5623,0.8693,1650.0,7.04,1.0,normal,779.0818
27,627,37650,13,0,2.3906,2.3906,0.1839,1650.0,7.04,1.0,normal,781.4724
27,627,37665,16,0,93.5177,93.5177,5.8449,1650.0,7.04,1.0,normal,874.9901
27,628,37680,12,1,72.8764,72.8764,6.073,1650.0,6.34,1.0,normal,947.8665
27,628,37695,21,2,20.2643,10.1321,0.965,1650.0,6.34,1.0,normal,968.1308
27,628,37710,15,0,20.625,20.625,1.375,1650.0,6.34,1.0,normal,988.7558
27,628,37725,14,0,70.5835,70.5835,5.0417,1650.0,6.34,1.0,normal,1059.3393
27,629,37740,13,0,4.215,4.215,0.3242,1650.0,6.18,1.0,normal,1063.5543
27,629,37755,22,0,128.0354,128.0354,5.8198,1650.0,6.18,1.0,normal,1191.5897
27,629,37770,17,1,59.4856,59.4856,3.4992,1650.0,6.18,1.0,normal,1251.0753
27,629,37785,23,0,140.2146,140.2146,6.0963,1650.0,6.18,1.0,normal,1391.2899
27,630,37800,0,0,0.0,0.0,0.01,1650.0,0.01,1.0,normal,1391.2899
27,630,37815,0,0,0.0,0.0,0.01,1650.0,0.01,1.0,normal,1391.2899
27,630,37830,0,0,0.0,0.0,0.01,1650.0,0.01,1.0,normal,1391.2899
27,630,37845,0,0,0.0,0.0,0.01,1650.0,0.01,1.0,normal,1391.2899
27,631,37860,0,0,0.0,0.0,0.01,1650.0,0.01,1.0,normal,1391.2899
27,631,37875,0,0,0.0,0.0,0.01,1650.0,0.01,1.0,normal,1391.2899
27,631,37890,0,0,0.0,0.0,0.01,1650.0,0.01,1.0,normal,1391.2899
27,631,37905,0,0,0.0,0.0,0.01,1650.0,0.01,1.0,normal,1391.2899
27,632,37920,0,0,0.0,0.0,0.01,1650.0,0.01,1.0,normal,1391.2899
27,632,37935,0,0,0.0,0.0,0.01,1650.0,0.01,1.0,normal,1391.2899
27,632,37950,0,0,0.0,0.0,0.01,1650.0,0.01,1.0,normal,1391.2899
27,632,37965,0,0,0.0,0.0,0.01,1650.0,0.01,1.0,normal,1391.2899
27,633,37980,0,0,0.0,0.0,0.01,1650.0,0.01,1.0,normal,1391.2899
27,633,37995,0,0,0.0,0.0,0.01,1650.0,0.01,1.0,normal,1391.2899
27,633,38010,0,0,0.0,0.0,0.01,1650.0,0.01,1.0,normal,1391.2899
27,633,38025,0,0,0.0,0.0,0.01,1650.0,0.01,1.0,normal,1391.2899
27,634,38040,0,0,0.0,0.0,0.01,1650.0,0.01,1.0,normal,1391.2899
27,634,38055,0,0,0.0,0.0,0.01,1650.0,0.01,1.0,normal,1391.2899
27,634,38070,0,0,0.0,0.0,0.01,1650.0,0.01,1.0,normal,1391.2899
27,634,38085,0,0,0.0,0.0,0.01,1650.0,0.01,1.0,normal,1391.2899
27,635,38100,0,0,0.0,0.0,0.01,1650.0,0.01,1.0,normal,1391.2899
27,635,38115,0,0,0.0,0.0,0.01,1650.0,0.01,1.0,normal,1391.2899
27,635,38130,0,0,0.0,0.0,0.01,1650.0,0.01,1.0,normal,1391.2899
27,635,38145,0,0,0.0,0.0,0.01,1650.0,0.01,1.0,normal,1391.2899
27,636,38160,0,0,0.0,0.0,0.01,1000.0,0.01,1.0,budget_depleted,1391.2899
27,636,38175,0,0,0.0,0.0,0.0,1000.0,0.01,1.0,budget_depleted,1391.2899
27,636,38190,0,0,0.0,0.0,0.0,1000.0,0.01,1.0,budget_depleted,1391.2899
27,636,38205,0,0,0.0,0.0,0.0,1000.0,0.01,1.0,budget_depleted,1391.2899
27,637,38220,0,0,0.0,0.0,0.0,1000.0,0.01,1.0,budget_depleted,1391.2899
27,637,38235,0,0,0.0,0.0,0.0,1000.0,0.01,1.0,budget_depleted,1391.2899
27,637,38250,0,0,0.0,0.0,0.0,1000.0,0.01,1.0,budget_depleted,1391.2899
27,637,38265,0,0,0.0,0.0,0.0,1000.0,0.01,1.0,budget_depleted,1391.2899
27,638,38280,0,0,0.0,0.0,0.0,1000.0,0.01,1.0,budget_depleted,1391.2899
27,638,38295,0,0,0.0,0.0,0.0,1000.0,0.01,1.0,budget_depleted,1391.2899
27,638,38310,0,0,0.0,0.0,0.0,1000.0,0.01,1.0,budget_depleted,1391.2899
27,638,38325,0,0,0.0,0.0,0.0,1000.0,0.01,1.0,budget_depleted,1391.2899
27,639,38340,0,0,0.0,0.0,0.0,1000.0,0.01,1.0,budget_depleted,1391.2899
27,639,38355,0,0,0.0,0.0,0.0,1000.0,0.01,1.0,budget_depleted,1391.2899
27,639,38370,0,0,0.0,0.0,0.0,1000.0,0.01,1.0,budget_depleted,1391.2899
27,639,38385,0,0,0.0,0.0,0.0,1000.0,0.01,1.0,budget_depleted,1391.2899
27,640,38400,0,0,0.0,0.0,0.0,1000.0,0.01,1.0,budget_depleted,1391.2899
27,640,38415,0,0,0.0,0.0,0.0,1000.0,0.01,1.0,budget_depleted,1391.2899
27,640,38430,0,0,0.0,0.0,0.0,1000.0,0.01,1.0,budget_depleted,1391.2899
27,640,38445,0,0,0.0,0.0,0.0,1000.0,0.01,1.0,budget_depleted,1391.2899
27,641,38460,0,0,0.0,0.0,0.0,1000.0,0.01,1.0,budget_depleted,1391.2899
27,641,38475,0,0,0.0,0.0,0.0,1000.0,0.01,1.0,budget_depleted,1391.2899
27,641,38490,0,0,0.0,0.0,0.0,1000.0,0.01,1.0,budget_depleted,1391.2899
27,641,38505,0,0,0.0,0.0,0.0,1000.0,0.01,1.0,budget_depleted,1391.2899
27,642,38520,0,0,0.0,0.0,0.0,1000.0,0.01,1.0,budget_depleted,1391.2899
27,642,38535,0,0,0.0,0.0,0.0,1000.0,0.01,1.0,budget_depleted,1391.2899
27,642,38550,0,0,0.0,0.0,0.0,1000.0,0.01,1.0,budget_depleted,1391.2899
27,642,38565,0,0,0.0,0.0,0.0,1000.0,0.01,1.0,budget_depleted,1391.2899
27,643,38580,0,0,0.0,0.0,0.0,1000.0,0.01,1.0,budget_depleted,1391.2899
27,643,38595,0,0,0.0,0.0,0.0,1000.0,0.01,1.0,budget_depleted,1391.2899
27,643,38610,0,0,0.0,0.0,0.0,1000.0,0.01,1.0,budget_depleted,1391.2899
27,643,38625,0,0,0.0,0.0,0.0,1000.0,0.01,1.0,budget_depleted,1391.2899
27,644,38640,0,0,0.0,0.0,0.0,1000.0,0.01,1.0,budget_depleted,1391.2899
27,644,38655,0,0,0.0,0.0,0.0,1000.0,0.01,1.0,budget_depleted,1391.2899
27,644,38670,0,0,0.0,0.0,0.0,1000.0,0.01,1.0,budget_depleted,1391.2899
27,644,38685,0,0,0.0,0.0,0.0,1000.0,0.01,1.0,budget_depleted,1391.2899
27,645,38700,0,0,0.0,0.0,0.0,1000.0,0.01,1.0,budget_depleted,1391.2899
27,645,38715,0,0,0.0,0.0,0.0,1000.0,0.01,1.0,budget_depleted,1391.2899
27,645,38730,0,0,0.0,0.0,0.0,1000.0,0.01,1.0,budget_depleted,1391.2899
27,645,38745,0,0,0.0,0.0,0.0,1000.0,0.01,1.0,budget_depleted,1391.2899
27,646,38760,0,0,0.0,0.0,0.0,1000.0,0.01,1.0,budget_depleted,1391.2899
27,646,38775,0,0,0.0,0.0,0.0,1000.0,0.01,1.0,budget_depleted,1391.2899
27,646,38790,0,0,0.0,0.0,0.0,1000.0,0.01,1.0,budget_depleted,1391.2899
27,646,38805,0,0,0.0,0.0,0.0,1000.0,0.01,1.0,budget_depleted,1391.2899
27,647,38820,0,0,0.0,0.0,0.0,1000.0,0.01,1.0,budget_depleted,1391.2899
27,647,38835,0,0,0.0,0.0,0.0,1000.0,0.01,1.0,budget_depleted,1391.2899
27,647,38850,0,0,0.0,0.0,0.0,1000.0,0.01,1.0,budget_depleted,1391.2899
27,647,38865,0,0,0.0,0.0,0.0,1000.0,0.01,1.0,budget_depleted,1391.2899
28,648,38880,0,0,0.0,0.0,0.0,1000.0,0.01,1.0,normal,0.0
28,648,38895,0,0,0.0,0.0,0.01,1000.0,0.01,1.0,normal,0.0
28,648,38910,0,0,0.0,0.0,0.01,1000.0,0.01,1.0,normal,0.0
28,648,38925,0,0,0.0,0.0,0.01,1000.0,0.01,1.0,normal,0.0
28,649,38940,0,0,0.0,0.0,0.01,1000.0,0.01,1.0,normal,0.0
28,649,38955,0,0,0.0,0.0,0.01,1000.0,0.01,1.0,normal,0.0
28,649,38970,0,0,0.0,0.0,0.01,1000.0,0.01,1.0,normal,0.0
28,649,38985,0,0,0.0,0.0,0.01,1000.0,0.01,1.0,normal,0.0
28,650,39000,0,0,0.0,0.0,0.01,1000.0,0.01,1.0,normal,0.0
28,650,39015,0,0,0.0,0.0,0.01,1000.0,0.01,1.0,normal,0.0
28,650,39030,0,0,0.0,0.0,0.01,1000.0,0.01,1.0,normal,0.0
28,650,39045,0,0,0.0,0.0,0.01,1000.0,0.01,1.0,normal,0.0
28,651,39060,0,0,0.0,0.0,0.01,1000.0,0.01,1.0,normal,0.0
28,651,39075,0,0,0.0,0.0,0.01,1000.0,0.01,1.0,normal,0.0
28,651,39090,0,0,0.0,0.0,0.01,1000.0,0.01,1.0,normal,0.0
28,651,39105,0,0,0.0,0.0,0.01,1000.0,0.01,1.0,normal,0.0
28,652,39120,1,0,0.5,0.5,0.5,1000.0,0.5,1.0,normal,0.5
28,652,39135,1,0,0.5,0.5,0.5,1000.0,0.5,1.0,normal,1.0
28,652,39150,1,0,0.5,0.5,0.5,1000.0,0.5,1.0,normal,1.5
28,652,39165,0,0,0.0,0.0,0.5,1000.0,0.5,1.0,normal,1.5
28,653,39180,2,0,0.7221,0.7221,0.361,1000.0,0.5,1.0,normal,2.2221
28,653,39195,0,0,0.0,0.0,0.5,1000.0,0.5,1.0,normal,2.2221
28,653,39210,0,0,0.0,0.0,0.5,1000.0,0.5,1.0,normal,2.2221
28,653,39225,1,0,0.5,0.5,0.5,1000.0,0.5,1.0,normal,2.7221
28,654,39240,1,0,0.5,0.5,0.5,1000.0,0.5,1.0,normal,3.2221
28,654,39255,0,0,0.0,0.0,0.0723,1000.0,0.5,1.0,normal,3.2221
28,654,39270,1,0,0.5,0.5,0.5,1000.0,0.5,1.0,normal,3.7221
28,654,39285,2,0,1.0,1.0,0.5,1000.0,0.5,1.0,normal,4.7221
28,655,39300,2,0,0.4653,0.4653,0.2326,1000.0,0.5,1.0,normal,5.1874
28,655,39315,2,0,1.0,1.0,0.5,1000.0,0.5,1.0,normal,6.1874
28,655,39330,1,0,0.5,0.5,0.5,1000.0,0.5,1.0,normal,6.6874
28,655,39345,1,0,0.2586,0.2586,0.2586,1000.0,0.5,1.0,normal,6.946
28,656,39360,2,0,1.2,1.2,0.6,1000.0,0.6,1.0,normal,8.146
28,656,39375,2,0,1.2,1.2,0.6,1000.0,0.6,1.0,normal,9.346
28,656,39390,1,0,0.6,0.6,0.6,1000.0,0.6,1.0,normal,9.946
28,656,39405,2,0,1.2,1.2,0.6,1000.0,0.6,1.0,normal,11.146
28,657,39420,2,1,1.2,1.2,0.6,1000.0,0.6,1.0,normal,12.346
28,657,39435,1,0,0.6,0.6,0.6,1000.0,0.6,1.0,normal,12.946
28,657,39450,2,0,0.1827,0.1827,0.0914,1000.0,0.6,1.0,normal,13.1287
28,657,39465,4,0,2.4,2.4,0.6,1000.0,0.6,1.0,normal,15.5287
28,658,39480,2,0,1.24,1.24,0.62,1000.0,0.62,1.0,normal,16.7687
28,658,39495,2,0,1.1446,1.1446,0.5723,1000.0,0.62,1.0,normal,17.9133
28,658,39510,1,0,0.62,0.62,0.62,1000.0,0.62,1.0,normal,18.5333
28,658,39525,0,0,0.0,0.0,0.62,1000.0,0.62,1.0,normal,18.5333
28,659,39540,2,0,1.28,1.28,0.64,1000.0,0.64,1.0,normal,19.8133
28,659,39555,1,0,0.64,0.64,0.64,1000.0,0.64,1.0,normal,20.4533
28,659,39570,4,1,2.56,2.56,0.64,1000.0,0.64,1.0,normal,23.0133
28,659,39585,0,0,0.0,0.0,0.64,1000.0,0.64,1.0,normal,23.0133
28,660,39600,4,0,2.88,2.88,0.72,1000.0,0.72,1.0,normal,25.8933
28,660,39615,2,0,1.44,1.44,0.72,1000.0,0.72,1.0,normal,27.3333
28,660,39630,2,0,1.44,1.44,0.72,1000.0,0.72,1.0,normal,28.7733
28,660,39645,0,0,0.0,0.0,0.186,1000.0,0.72,1.0,normal,28.7733
28,661,39660,2,1,0.7952,0.7952,0.3976,1000.0,0.75,1.0,normal,29.5685
28,661,39675,0,0,0.0,0.0,0.75,1000.0,0.75,1.0,normal,29.5685
28,661,39690,0,0,0.0,0.0,0.75,1000.0,0.75,1.0,normal,29.5685
28,661,39705,1,0,0.75,0.75,0.75,1000.0,0.75,1.0,normal,30.3185
28,662,39720,0,0,0.0,0.0,0.78,1000.0,0.78,1.0,normal,30.3185
28,662,39735,4,0,3.12,3.12,0.78,1000.0,0.78,1.0,normal,33.4385
28,662,39750,2,0,1.56,1.56,0.78,1000.0,0.78,1.0,normal,34.9985
28,662,39765,1,0,0.7792,0.7792,0.7792,1000.0,0.78,1.0,normal,35.7777
28,663,39780,5,0,2.0884,2.0884,0.4177,1000.0,0.81,1.0,normal,37.8661
28,663,39795,4,0,1.9688,1.9688,0.4922,1000.0,0.81,1.0,normal,39.8349
28,663,39810,1,0,0.81,0.81,0.81,1000.0,0.81,1.0,normal,40.6449
28,663,39825,4,0,2.7879,2.7879,0.697,1000.0,0.81,1.0,normal,43.4328
28,664,39840,3,0,2.2891,2.2891,0.763,1000.0,0.89,1.0,normal,45.7219
28,664,39855,1,0,0.89,0.89,0.89,1000.0,0.89,1.0,normal,46.6119
28,664,39870,2,0,0.7827,0.7827,0.3913,1000.0,0.89,1.0,normal,47.3946
28,664,39885,1,0,0.89,0.89,0.89,1000.0,0.89,1.0,normal,48.2846
28,665,39900,2,0,1.3328,1.3328,0.6664,1000.0,0.92,1.0,normal,49.6174
28,665,39915,1,0,0.4408,0.4408,0.4408,1000.0,0.92,1.0,normal,50.0582
28,665,39930,3,0,2.0634,2.0634,0.6878,1000.0,0.92,1.0,normal,52.1216
28,665,39945,5,0,4.6,4.6,0.92,1000.0,0.92,1.0,normal,56.7216
28,666,39960,2,0,0.4433,0.4433,0.2216,1000.0,0.95,1.0,normal,57.1649
28,666,39975,4,0,3.8,3.8,0.95,1000.0,0.95,1.0,normal,60.9649
28,666,39990,2,0,0.9777,0.9777,0.4889,1000.0,0.95,1.0,normal,61.9426
28,666,40005,5,0,2.281,2.281,0.4562,1000.0,0.95,1.0,normal,64.2236
28,667,40020,0,0,0.0,0.0,0.2806,1000.0,0.98,1.0,normal,64.2236
28,667,40035,2,0,0.9014,0.9014,0.4507,1000.0,0.98,1.0,normal,65.125
28,667,40050,1,0,0.98,0.98,0.98,1000.0,0.98,1.0,normal,66.105
28,667,40065,4,1,0.3409,0.3409,0.0852,1000.0,0.98,1.0,normal,66.4459
28,668,40080,1,0,1.0432,1.0432,1.0432,1000.0,1.1,1.0,normal,67.4891
28,668,40095,2,0,2.2,2.2,1.1,1000.0,1.1,1.0,normal,69.6891
28,668,40110,3,0,3.3,3.3,1.1,1000.0,1.1,1.0,normal,72.9891
28,668,40125,5,0,5.5,5.5,1.1,1000.0,1.1,1.0,normal,78.4891
28,669,40140,2,0,1.7881,1.7881,0.8941,1000.0,1.14,1.0,normal,80.2772
28,669,40155,2,0,2.28,2.28,1.14,1000.0,1.14,1.0,normal,82.5572
28,669,40170,3,0,3.42,3.42,1.14,1000.0,1.14,1.0,normal,85.9772
28,669,40185,0,0,0.0,0.0,0.5974,1000.0,1.14,1.0,normal,85.9772
28,670,40200,2,0,2.36,2.36,1.18,1000.0,1.18,1.0,normal,88.3372
28,670,40215,2,0,1.6831,1.6831,0.8416,1000.0,1.18,1.0,normal,90.0203
28,670,40230,3,0,3.54,3.54,1.18,1000.0,1.18,1.0,normal,93.5603
28,670,40245,3,0,1.1132,1.1132,0.3711,1000.0,1.18,1.0,normal,94.6735
28,671,40260,2,0,2.44,2.44,1.22,1000.0,1.22,1.0,normal,97.1135
28,671,40275,4,0,3.2555,3.2555,0.8139,1000.0,1.22,1.0,normal,100.369
28,671,40290,0,0,0.0,0.0,1.22,1000.0,1.22,1.0,normal,100.369
28,671,40305,3,0,0.0082,0.0082,0.0027,1000.0,1.22,1.0,normal,100.3772
29,672,40320,4,0,5.48,5.48,1.37,1000.0,1.37,1.0,normal,5.48
29,672,40335,1,0,0.2879,0.2879,0.2879,1000.0,1.37,1.0,normal,5.7679
29,672,40350,3,0,4.11,4.11,1.37,1000.0,1.37,1.0,normal,9.8779
29,672,40365,3,0,4.11,4.11,1.37,1000.0,1.37,1.0,normal,13.9879
29,673,40380,1,0,1.42,1.42,1.42,1000.0,1.42,1.0,normal,15.4079
29,673,40395,5,0,1.4237,1.4237,0.2847,1000.0,1.42,1.0,normal,16.8316
29,673,40410,3,0,4.26,4.26,1.42,1000.0,1.42,1.0,normal,21.0916
29,673,40425,9,0,12.78,12.78,1.42,1000.0,1.42,1.0,normal,33.8716
29,674,40440,4,0,5.88,5.88,1.47,1000.0,1.47,1.0,normal,39.7516
29,674,40455,4,1,5.88,5.88,1.47,1000.0,1.47,1.0,normal,45.6316
29,674,40470,2,0,2.94,2.94,1.47,1000.0,1.47,1.0,normal,48.5716
29,674,40485,6,0,3.8925,3.8925,0.6487,1000.0,1.47,1.0,normal,52.4641
29,675,40500,2,0,3.04,3.04,1.52,1000.0,1.52,1.0,normal,55.5041
29,675,40515,5,0,7.6,7.6,1.52,1000.0,1.52,1.0,normal,63.1041
29,675,40530,3,0,4.56,4.56,1.52,1000.0,1.52,1.0,normal,67.6641
29,675,40545,2,0,1.0641,1.0641,0.532,1000.0,1.52,1.0,normal,68.7282
29,676,40560,3,0,5.1,5.1,1.7,1000.0,1.7,1.0,normal,73.8282
29,676,40575,5,0,8.5,8.5,1.7,1000.0,1.7,1.0,normal,82.3282
29,676,40590,4,0,6.8,6.8,1.7,1000.0,1.7,1.0,normal,89.1282
29,676,40605,3,0,5.1,5.1,1.7,1000.0,1.7,1.0,normal,94.2282
29,677,40620,6,0,0.4513,0.4513,0.0752,1000.0,1.76,1.0,normal,94.6795
29,677,40635,3,1,5.28,5.28,1.76,1000.0,1.76,1.0,normal,99.9595
29,677,40650,3,0,2.8268,2.8268,0.9423,1000.0,1.76,1.0,normal,102.7863
29,677,40665,6,0,1.8159,1.8159,0.3026,1000.0,1.76,1.0,normal,104.6022
29,678,40680,4,0,0.6654,0.6654,0.1664,1000.0,1.82,1.0,normal,105.2676
29,678,40695,4,0,6.109,6.109,1.5272,1000.0,1.82,1.0,normal,111.3766
29,678,40710,5,0,9.1,9.1,1.82,1000.0,1.82,1.0,normal,120.4766
29,678,40725,2,0,2.7681,2.7681,1.384,1000.0,1.82,1.0,normal,123.2447
29,679,40740,6,0,11.28,11.28,1.88,1000.0,1.88,1.0,normal,134.5247
29,679,40755,6,0,11.28,11.28,1.88,1000.0,1.88,1.0,normal,145.8047
29,679,40770,2,0,3.76,3.76,1.88,1000.0,1.88,1.0,normal,149.5647
29,679,40785,6,0,11.28,11.28,1.88,1000.0,1.88,1.0,normal,160.8447
29,680,40800,4,0,8.44,8.44,2.11,1000.0,2.11,1.0,normal,169.2847
29,680,40815,5,0,10.55,10.55,2.11,1000.0,2.11,1.0,normal,179.8347
29,680,40830,6,0,12.66,12.66,2.11,1000.0,2.11,1.0,normal,192.4947
29,680,40845,3,0,6.33,6.33,2.11,1000.0,2.11,1.0,normal,198.8247
29,681,40860,3,0,6.33,6.33,2.11,1000.0,2.11,1.0,normal,205.1547
29,681,40875,11,0,10.1415,10.1415,0.922,1000.0,2.11,1.0,normal,215.2962
29,681,40890,4,0,8.44,8.44,2.11,1000.0,2.11,1.0,normal,223.7362
29,681,40905,5,0,10.55,10.55,2.11,1000.0,2.11,1.0,normal,234.2862
29,682,40920,3,1,6.33,6.33,2.11,1000.0,2.11,1.0,normal,240.6162
29,682,40935,6,0,12.66,12.66,2.11,1000.0,2.11,1.0,normal,253.2762
29,682,40950,9,0,9.6569,9.6569,1.073,1000.0,2.11,1.0,normal,262.9331
29,682,40965,3,1,6.33,6.33,2.11,1000.0,2.11,1.0,normal,269.2631
29,683,40980,6,0,13.08,13.08,2.18,1000.0,2.18,1.0,normal,282.3431
29,683,40995,5,0,10.9,10.9,2.18,1000.0,2.18,1.0,normal,293.2431
29,683,41010,3,0,1.7734,1.7734,0.5911,1000.0,2.18,1.0,normal,295.0165
29,683,41025,6,0,4.5805,4.5805,0.7634,1000.0,2.18,1.0,normal,299.597
29,684,41040,4,0,9.76,9.76,2.44,1000.0,2.44,1.0,normal,309.357
29,684,41055,4,0,9.76,9.76,2.44,1000.0,2.44,1.0,normal,319.117
29,684,41070,2,0,4.88,4.88,2.44,1000.0,2.44,1.0,normal,323.997
29,684,41085,10,0,11.9661,11.9661,1.1966,1000.0,2.44,1.0,normal,335.9631
29,685,41100,9,1,22.1022,22.1022,2.4558,1000.0,2.53,1.0,normal,358.0653
29,685,41115,5,0,12.65,12.65,2.53,1000.0,2.53,1.0,normal,370.7153
29,685,41130,5,1,2.0144,2.0144,0.4029,1000.0,2.53,1.0,normal,372.7297
29,685,41145,1,0,2.53,2.53,2.53,1000.0,2.53,1.0,normal,375.2597
29,686,41160,6,0,15.72,15.72,2.62,1000.0,2.62,1.0,normal,390.9797
29,686,41175,5,0,11.369,11.369,2.2738,1000.0,2.62,1.0,normal,402.3487
29,686,41190,8,1,4.3926,4.3926,0.5491,1000.0,2.62,1.0,normal,406.7413
29,686,41205,7,0,17.0413,17.0413,2.4345,1000.0,2.62,1.0,normal,423.7826
29,687,41220,5,0,13.55,13.55,2.71,1000.0,2.71,1.0,normal,437.3326
29,687,41235,8,0,21.68,21.68,2.71,1000.0,2.71,1.0,normal,459.0126
29,687,41250,6,0,7.328,7.328,1.2213,1000.0,2.71,1.0,normal,466.3406
29,687,41265,7,0,18.97,18.97,2.71,1000.0,2.71,1.0,normal,485.3106
29,688,41280,9,1,12.3854,12.3854,1.3762,1000.0,2.98,1.0,normal,497.696
29,688,41295,8,0,7.8399,7.8399,0.98,1000.0,2.98,1.0,normal,505.5359
29,688,41310,5,0,12.3835,12.3835,2.4767,1000.0,2.98,1.0,normal,517.9194
29,688,41325,8,0,6.0307,6.0307,0.7538,1000.0,2.98,1.0,normal,523.9501
29,689,41340,7,0,11.3164,11.3164,1.6166,1000.0,3.08,1.0,normal,535.2665
29,689,41355,5,0,15.4,15.4,3.08,1000.0,3.08,1.0,normal,550.6665
29,689,41370,9,0,27.6835,27.6835,3.0759,1000.0,3.08,1.0,normal,578.35
29,689,41385,10,0,30.8,30.8,3.08,1000.0,3.08,1.0,normal,609.15
29,690,41400,13,1,41.47,41.47,3.19,1000.0,3.19,1.0,normal,650.62
29,690,41415,11,0,35.09,35.09,3.19,1000.0,3.19,1.0,normal,685.71
29,690,41430,11,0,23.0832,23.0832,2.0985,1000.0,3.19,1.0,normal,708.7932
29,690,41445,13,2,29.3812,14.6906,2.2601,1000.0,3.19,1.0,normal,738.1744
29,691,41460,9,0,29.7,29.7,3.3,1000.0,3.3,1.0,normal,767.8744
29,691,41475,10,0,33.0,33.0,3.3,1000.0,3.3,1.0,normal,800.8744
29,691,41490,15,0,26.2022,26.2022,1.7468,1000.0,3.3,1.0,normal,827.0766
29,691,41505,9,2,9.2891,4.6445,1.0321,1000.0,3.3,1.0,normal,836.3657
29,692,41520,7,0,3.386,3.386,0.4837,1000.0,3.7,1.0,normal,839.7517
29,692,41535,10,0,1.0178,1.0178,0.1018,1000.0,3.7,1.0,normal,840.7695
29,692,41550,7,0,18.213,18.213,2.6019,1000.0,3.7,1.0,normal,858.9825
29,692,41565,10,1,37.0,37.0,3.7,1000.0,3.7,1.0,normal,895.9825
29,693,41580,4,0,14.8,14.8,3.7,1000.0,3.7,1.0,budget_constrained,910.7825
29,693,41595,11,0,40.7,40.7,3.7,1000.0,3.7,1.0,budget_constrained,951.4825
29,693,41610,6,0,22.2,22.2,3.7,1000.0,3.7,1.0,budget_constrained,973.6825
29,693,41625,8,0,10.7206,10.7206,1.3401,1000.0,3.7,1.0,budget_constrained,984.4031
29,694,41640,5,0,15.5969,15.5969,2.6983,1000.0,3.7,1.0,budget_constrained,1000.0
29,694,41655,0,0,0.0,0.0,0.035,1000.0,3.7,1.0,budget_constrained,1000.0
29,694,41670,0,0,0.0,0.0,3.395,1000.0,3.7,1.0,budget_constrained,1000.0
29,694,41685,0,0,0.0,0.0,3.075,1000.0,3.7,1.0,budget_constrained,1000.0
29,695,41700,0,0,0.0,0.0,3.4574,1000.0,3.7,1.0,budget_constrained,1000.0
29,695,41715,0,0,0.0,0.0,0.231,1000.0,3.7,1.0,budget_constrained,1000.0
29,695,41730,0,0,0.0,0.0,3.7,1000.0,3.7,1.0,budget_constrained,1000.0
29,695,41745,0,0,0.0,0.0,3.295,1000.0,3.7,1.0,budget_constrained,1000.0
30,696,41760,0,0,0.0,0.0,0.6702,1000.0,4.14,1.0,normal,0.0
30,696,41775,10,0,38.182,38.182,3.8182,1000.0,4.14,1.0,normal,38.182
30,696,41790,12,0,21.2024,21.2024,1.7669,1000.0,4.14,1.0,normal,59.3844
30,696,41805,10,0,28.3983,28.3983,2.8398,1000.0,4.14,1.0,normal,87.7827
30,697,41820,6,0,16.9415,16.9415,2.8236,1000.0,4.14,1.0,normal,104.7242
30,697,41835,14,1,1.7986,1.7986,0.1285,1000.0,4.14,1.0,normal,106.5228
30,697,41850,9,1,23.1068,23.1068,2.5674,1000.0,4.14,1.0,normal,129.6296
30,697,41865,4,0,1.8048,1.8048,0.4512,1000.0,4.14,1.0,normal,131.4344
30,698,41880,13,0,53.82,53.82,4.14,1000.0,4.14,1.0,normal,185.2544
30,698,41895,9,0,24.6019,24.6019,2.7335,1000.0,4.14,1.0,normal,209.8563
30,698,41910,8,1,29.9826,29.9826,3.7478,1000.0,4.14,1.0,normal,239.8389
30,698,41925,14,0,25.4411,25.4411,1.8172,1000.0,4.14,1.0,normal,265.28
30,699,41940,12,0,49.68,49.68,4.14,1000.0,4.14,1.0,normal,314.96
30,699,41955,9,0,30.653,30.653,3.4059,1000.0,4.14,1.0,normal,345.613
30,699,41970,8,0,6.7622,6.7622,0.8453,1000.0,4.14,1.0,normal,352.3752
30,699,41985,10,0,31.6165,31.6165,3.1617,1000.0,4.14,1.0,normal,383.9917
30,700,42000,0,0,0.0,0.0,0.01,1000.0,0.01,1.0,normal,383.9917
30,700,42015,0,0,0.0,0.0,0.01,1000.0,0.01,1.0,normal,383.9917
30,700,42030,0,0,0.0,0.0,0.01,1000.0,0.01,1.0,normal,383.9917
30,700,42045,0,0,0.0,0.0,0.01,1000.0,0.01,1.0,normal,383.9917
30,701,42060,0,0,0.0,0.0,0.01,1000.0,0.01,1.0,normal,383.9917
30,701,42075,0,0,0.0,0.0,0.01,1000.0,0.01,1.0,normal,383.9917
30,701,42090,0,0,0.0,0.0,0.01,1000.0,0.01,1.0,normal,383.9917
30,701,42105,0,0,0.0,0.0,0.01,1000.0,0.01,1.0,normal,383.9917
30,702,42120,1,0,0.01,0.01,0.01,1000.0,0.01,1.0,normal,384.0017
30,702,42135,0,0,0.0,0.0,0.01,1000.0,0.01,1.0,normal,384.0017
30,702,42150,0,0,0.0,0.0,0.01,1000.0,0.01,1.0,normal,384.0017
30,702,42165,0,0,0.0,0.0,0.01,1000.0,0.01,1.0,normal,384.0017
30,703,42180,0,0,0.0,0.0,0.01,1000.0,0.01,1.0,normal,384.0017
30,703,42195,0,0,0.0,0.0,0.01,1000.0,0.01,1.0,normal,384.0017
30,703,42210,0,0,0.0,0.0,0.01,1000.0,0.01,1.0,normal,384.0017
30,703,42225,0,0,0.0,0.0,0.01,1000.0,0.01,1.0,normal,384.0017
30,704,42240,9,2,19.1439,9.5719,2.1271,1000.0,4.2,1.0,normal,403.1456
30,704,42255,10,1,20.2404,20.2404,2.024,1000.0,4.2,1.0,normal,423.386
30,704,42270,15,0,4.3573,4.3573,0.2905,1000.0,4.2,1.0,normal,427.7433
30,704,42285,10,0,11.8894,11.8894,1.1889,1000.0,4.2,1.0,normal,439.6327
30,705,42300,10,0,1.2803,1.2803,0.128,1000.0,4.09,1.0,normal,440.913
30,705,42315,11,1,41.0353,41.0353,3.7305,1000.0,4.09,1.0,normal,481.9483
30,705,42330,7,1,26.3248,26.3248,3.7607,1000.0,4.09,1.0,normal,508.2731
30,705,42345,9,1,27.7248,27.7248,3.0805,1000.0,4.09,1.0,normal,535.9979
30,706,42360,5,0,14.3746,14.3746,2.8749,1000.0,3.99,1.0,normal,550.3725
30,706,42375,11,0,43.89,43.89,3.99,1000.0,3.99,1.0,normal,594.2625
30,706,42390,6,0,20.9681,20.9681,3.4947,1000.0,3.99,1.0,normal,615.2306
30,706,42405,13,1,31.9712,31.9712,2.4593,1000.0,3.99,1.0,normal,647.2018
30,707,42420,2,0,6.7354,6.7354,3.3677,1000.0,3.79,1.0,normal,653.9372
30,707,42435,14,0,10.6138,10.6138,0.7581,1000.0,3.79,1.0,normal,664.551
30,707,42450,11,0,41.69,41.69,3.79,1000.0,3.79,1.0,normal,706.241
30,707,42465,7,0,1.3306,1.3306,0.1901,1000.0,3.79,1.0,normal,707.5716
30,708,42480,12,0,19.3334,19.3334,1.6111,1000.0,4.2,1.0,normal,726.905
30,708,42495,13,1,2.148,2.148,0.1652,1000.0,4.2,1.0,normal,729.053
30,708,42510,11,0,46.2,46.2,4.2,1000.0,4.2,1.0,normal,775.253
30,708,42525,5,2,15.1995,7.5998,3.0399,1000.0,4.2,1.0,normal,790.4525
30,709,42540,11,0,38.0045,38.0045,3.455,1000.0,4.09,1.0,normal,828.457
30,709,42555,10,0,40.9,40.9,4.09,1000.0,4.09,1.0,normal,869.357
30,709,42570,10,1,38.6329,38.6329,3.8633,1000.0,4.09,1.0,budget_constrained,907.9899
30,709,42585,8,0,9.4782,9.4782,1.1848,1000.0,4.09,1.0,budget_constrained,917.4681
30,710,42600,4,0,16.36,16.36,4.09,1000.0,4.09,1.0,budget_constrained,933.8281
30,710,42615,5,0,11.6358,11.6358,2.3272,1000.0,4.09,1.0,budget_constrained,945.4639
30,710,42630,11,0,19.9461,19.9461,1.8133,1000.0,4.09,1.0,budget_constrained,965.41
30,710,42645,7,0,28.63,28.63,4.09,1000.0,4.09,1.0,budget_constrained,994.04
30,711,42660,4,0,5.96,5.96,1.2536,1000.0,4.09,1.0,budget_depleted,1000.0
30,711,42675,0,0,0.0,0.0,0.0,1000.0,4.09,1.0,budget_depleted,1000.0
30,711,42690,0,0,0.0,0.0,0.0,1000.0,4.09,1.0,budget_depleted,1000.0
30,711,42705,0,0,0.0,0.0,0.0,1000.0,4.09,1.0,budget_depleted,1000.0
30,712,42720,0,0,0.0,0.0,0.0,1000.0,1.26,1.0,budget_depleted,1000.0
30,712,42735,0,0,0.0,0.0,0.0,1000.0,1.26,1.0,budget_depleted,1000.0
30,712,42750,0,0,0.0,0.0,0.0,1000.0,1.26,1.0,budget_depleted,1000.0
30,712,42765,0,0,0.0,0.0,0.0,1000.0,1.26,1.0,budget_depleted,1000.0
30,713,42780,0,0,0.0,0.0,0.0,1000.0,1.26,1.0,budget_depleted,1000.0
30,713,42795,0,0,0.0,0.0,0.0,1000.0,1.26,1.0,budget_depleted,1000.0
30,713,42810,0,0,0.0,0.0,0.0,1000.0,1.26,1.0,budget_depleted,1000.0
30,713,42825,0,0,0.0,0.0,0.0,1000.0,1.26,1.0,budget_depleted,1000.0
30,714,42840,0,0,0.0,0.0,0.0,1000.0,1.26,1.0,budget_depleted,1000.0
30,714,42855,0,0,0.0,0.0,0.0,1000.0,1.26,1.0,budget_depleted,1000.0
30,714,42870,0,0,0.0,0.0,0.0,1000.0,1.26,1.0,budget_depleted,1000.0
30,714,42885,0,0,0.0,0.0,0.0,1000.0,1.26,1.0,budget_depleted,1000.0
30,715,42900,0,0,0.0,0.0,0.0,1000.0,1.26,1.0,budget_depleted,1000.0
30,715,42915,0,0,0.0,0.0,0.0,1000.0,1.26,1.0,budget_depleted,1000.0
30,715,42930,0,0,0.0,0.0,0.0,1000.0,1.26,1.0,budget_depleted,1000.0
30,715,42945,0,0,0.0,0.0,0.0,1000.0,1.26,1.0,budget_depleted,1000.0
30,716,42960,0,0,0.0,0.0,0.0,1000.0,0.8,1.0,budget_depleted,1000.0
30,716,42975,0,0,0.0,0.0,0.0,1000.0,0.8,1.0,budget_depleted,1000.0
30,716,42990,0,0,0.0,0.0,0.0,1000.0,0.8,1.0,budget_depleted,1000.0
30,716,43005,0,0,0.0,0.0,0.0,1000.0,0.8,1.0,budget_depleted,1000.0
30,717,43020,0,0,0.0,0.0,0.0,1000.0,0.8,1.0,budget_depleted,1000.0
30,717,43035,0,0,0.0,0.0,0.0,1000.0,0.8,1.0,budget_depleted,1000.0
30,717,43050,0,0,0.0,0.0,0.0,1000.0,0.8,1.0,budget_depleted,1000.0
30,717,43065,0,0,0.0,0.0,0.0,1000.0,0.8,1.0,budget_depleted,1000.0
30,718,43080,0,0,0.0,0.0,0.0,1000.0,0.8,1.0,budget_depleted,1000.0
30,718,43095,0,0,0.0,0.0,0.0,1000.0,0.8,1.0,budget_depleted,1000.0
30,718,43110,0,0,0.0,0.0,0.0,1000.0,0.8,1.0,budget_depleted,1000.0
30,718,43125,0,0,0.0,0.0,0.0,1000.0,0.8,1.0,budget_depleted,1000.0
30,719,43140,0,0,0.0,0.0,0.0,1000.0,0.8,1.0,budget_depleted,1000.0
30,719,43155,0,0,0.0,0.0,0.0,1000.0,0.8,1.0,budget_depleted,1000.0
30,719,43170,0,0,0.0,0.0,0.0,1000.0,0.8,1.0,budget_depleted,1000.0
30,719,43185,0,0,0.0,0.0,0.0,1000.0,0.8,1.0,budget_depleted,1000.0
31,720,43200,0,0,0.0,0.0,0.0,1000.0,0.8,1.0,normal,0.0
31,720,43215,1,0,0.1139,0.1139,0.1139,1000.0,0.8,1.0,normal,0.1139
31,720,43230,2,0,1.6,1.6,0.8,1000.0,0.8,1.0,normal,1.7139
31,720,43245,0,0,0.0,0.0,0.3606,1000.0,0.8,1.0,normal,1.7139
31,721,43260,2,0,0.7984,0.7984,0.3992,1000.0,0.83,1.0,normal,2.5123
31,721,43275,4,0,3.32,3.32,0.83,1000.0,0.83,1.0,normal,5.8323
31,721,43290,2,0,1.66,1.66,0.83,1000.0,0.83,1.0,normal,7.4923
31,721,43305,1,0,0.83,0.83,0.83,1000.0,0.83,1.0,normal,8.3223
31,722,43320,1,0,0.86,0.86,0.86,1000.0,0.86,1.0,normal,9.1823
31,722,43335,4,1,3.44,3.44,0.86,1000.0,0.86,1.0,normal,12.6223
31,722,43350,2,0,1.72,1.72,0.86,1000.0,0.86,1.0,normal,14.3423
31,722,43365,0,0,0.0,0.0,0.86,1000.0,0.86,1.0,normal,14.3423
31,723,43380,1,0,0.89,0.89,0.89,1000.0,0.89,1.0,normal,15.2323
31,723,43395,3,1,2.67,2.67,0.89,1000.0,0.89,1.0,normal,17.9023
31,723,43410,1,0,0.89,0.89,0.89,1000.0,0.89,1.0,normal,18.7923
31,723,43425,0,0,0.0,0.0,0.89,1000.0,0.89,1.0,normal,18.7923
31,724,43440,2,0,2.0,2.0,1.0,1000.0,1.0,1.0,normal,20.7923
31,724,43455,1,0,1.0,1.0,1.0,1000.0,1.0,1.0,normal,21.7923
31,724,43470,6,0,6.0,6.0,1.0,1000.0,1.0,1.0,normal,27.7923
31,724,43485,2,0,1.1852,1.1852,0.5926,1000.0,1.0,1.0,normal,28.9775
31,725,43500,2,0,1.4388,1.4388,0.7194,1000.0,1.03,1.0,normal,30.4163
31,725,43515,2,0,2.06,2.06,1.03,1000.0,1.03,1.0,normal,32.4763
31,725,43530,4,0,4.12,4.12,1.03,1000.0,1.03,1.0,normal,36.5963
31,725,43545,3,0,2.1584,2.1584,0.7195,1000.0,1.03,1.0,normal,38.7547
31,726,43560,3,0,3.21,3.21,1.07,1000.0,1.07,1.0,normal,41.9647
31,726,43575,4,0,4.28,4.28,1.07,1000.0,1.07,1.0,normal,46.2447
31,726,43590,6,0,1.9126,1.9126,0.3188,1000.0,1.07,1.0,normal,48.1573
31,726,43605,2,0,2.14,2.14,1.07,1000.0,1.07,1.0,normal,50.2973
31,727,43620,2,0,2.14,2.14,1.07,1000.0,1.07,1.0,normal,52.4373
31,727,43635,2,0,1.02,1.02,0.51,1000.0,1.07,1.0,normal,53.4573
31,727,43650,2,0,2.14,2.14,1.07,1000.0,1.07,1.0,normal,55.5973
31,727,43665,3,0,3.21,3.21,1.07,1000.0,1.07,1.0,normal,58.8073
31,728,43680,5,0,6.0,6.0,1.2,1000.0,1.2,1.0,normal,64.8073
31,728,43695,6,0,7.2,7.2,1.2,1000.0,1.2,1.0,normal,72.0073
31,728,43710,3,0,3.6,3.6,1.2,1000.0,1.2,1.0,normal,75.6073
31,728,43725,3,0,3.6,3.6,1.2,1000.0,1.2,1.0,normal,79.2073
31,729,43740,3,0,3.72,3.72,1.24,1000.0,1.24,1.0,normal,82.9273
31,729,43755,2,0,1.633,1.633,0.8165,1000.0,1.24,1.0,normal,84.5603
31,729,43770,3,0,3.72,3.72,1.24,1000.0,1.24,1.0,normal,88.2803
31,729,43785,2,0,2.48,2.48,1.24,1000.0,1.24,1.0,normal,90.7603
31,730,43800,3,1,1.4444,1.4444,0.4815,1000.0,1.28,1.0,normal,92.2047
31,730,43815,4,0,5.12,5.12,1.28,1000.0,1.28,1.0,normal,97.3247
31,730,43830,4,0,5.12,5.12,1.28,1000.0,1.28,1.0,normal,102.4447
31,730,43845,3,0,3.84,3.84,1.28,1000.0,1.28,1.0,normal,106.2847
31,731,43860,2,0,2.64,2.64,1.32,1000.0,1.32,1.0,normal,108.9247
31,731,43875,6,1,7.92,7.92,1.32,1000.0,1.32,1.0,normal,116.8447
31,731,43890,3,0,3.96,3.96,1.32,1000.0,1.32,1.0,normal,120.8047
31,731,43905,3,0,3.96,3.96,1.32,1000.0,1.32,1.0,normal,124.7647
31,732,43920,4,0,1.9875,1.9875,0.4969,1000.0,1.45,1.0,normal,126.7522
31,732,43935,6,0,7.1396,7.1396,1.1899,1000.0,1.45,1.0,normal,133.8918
31,732,43950,3,0,1.6083,1.6083,0.5361,1000.0,1.45,1.0,normal,135.5001
31,732,43965,1,0,0.3667,0.3667,0.3667,1000.0,1.45,1.0,normal,135.8668
31,733,43980,2,0,0.14,0.14,0.07,1000.0,1.5,1.0,normal,136.0068
31,733,43995,3,0,3.1694,3.1694,1.0565,1000.0,1.5,1.0,normal,139.1762
31,733,44010,6,0,8.0339,8.0339,1.339,1000.0,1.5,1.0,normal,147.2101
31,733,44025,2,0,2.7158,2.7158,1.3579,1000.0,1.5,1.0,normal,149.9259
31,734,44040,4,0,6.2,6.2,1.55,1000.0,1.55,1.0,normal,156.1259
31,734,44055,4,0,6.2,6.2,1.55,1000.0,1.55,1.0,normal,162.3259
31,734,44070,3,0,0.7934,0.7934,0.2645,1000.0,1.55,1.0,normal,163.1193
31,734,44085,3,0,3.2335,3.2335,1.0778,1000.0,1.55,1.0,normal,166.3528
31,735,44100,3,0,3.5685,3.5685,1.1895,1000.0,1.6,1.0,normal,169.9213
31,735,44115,2,0,3.2,3.2,1.6,1000.0,1.6,1.0,normal,173.1213
31,735,44130,4,0,2.0248,2.0248,0.5062,1000.0,1.6,1.0,normal,175.1461
31,735,44145,3,0,4.8,4.8,1.6,1000.0,1.6,1.0,normal,179.9461
31,736,44160,2,0,2.2131,2.2131,1.1065,1000.0,1.76,1.0,normal,182.1592
31,736,44175,2,0,0.2357,0.2357,0.1179,1000.0,1.76,1.0,normal,182.3949
31,736,44190,7,0,4.4705,4.4705,0.6386,1000.0,1.76,1.0,normal,186.8654
31,736,44205,3,0,1.111,1.111,0.3703,1000.0,1.76,1.0,normal,187.9764
31,737,44220,6,0,5.3206,5.3206,0.8868,1000.0,1.82,1.0,normal,193.297
31,737,44235,5,0,9.1,9.1,1.82,1000.0,1.82,1.0,normal,202.397
31,737,44250,6,0,10.92,10.92,1.82,1000.0,1.82,1.0,normal,213.317
31,737,44265,2,0,1.1746,1.1746,0.5873,1000.0,1.82,1.0,normal,214.4916
31,738,44280,9,2,16.92,8.46,1.88,1000.0,1.88,1.0,normal,231.4116
31,738,44295,6,0,11.28,11.28,1.88,1000.0,1.88,1.0,normal,242.6916
31,738,44310,8,0,5.0489,5.0489,0.6311,1000.0,1.88,1.0,normal,247.7405
31,738,44325,5,0,5.8334,5.8334,1.1667,1000.0,1.88,1.0,normal,253.5739
31,739,44340,3,0,2.986,2.986,0.9953,1000.0,1.95,1.0,normal,256.5599
31,739,44355,2,0,3.9,3.9,1.95,1000.0,1.95,1.0,normal,260.4599
31,739,44370,6,1,6.774,6.774,1.129,1000.0,1.95,1.0,normal,267.2339
31,739,44385,5,0,5.3454,5.3454,1.0691,1000.0,1.95,1.0,normal,272.5793
31,740,44400,7,0,15.26,15.26,2.18,1000.0,2.18,1.0,normal,287.8393
31,740,44415,4,0,8.72,8.72,2.18,1000.0,2.18,1.0,normal,296.5593
31,740,44430,6,0,7.859,7.859,1.3098,1000.0,2.18,1.0,normal,304.4183
31,740,44445,2,0,4.36,4.36,2.18,1000.0,2.18,1.0,normal,308.7783
31,741,44460,6,0,13.56,13.56,2.26,1000.0,2.26,1.0,normal,322.3383
31,741,44475,2,0,3.0126,3.0126,1.5063,1000.0,2.26,1.0,normal,325.3509
31,741,44490,9,0,11.7587,11.7587,1.3065,1000.0,2.26,1.0,normal,337.1096
31,741,44505,10,0,17.9855,17.9855,1.7986,1000.0,2.26,1.0,normal,355.0951
31,742,44520,5,0,11.7,11.7,2.34,1000.0,2.34,1.0,normal,366.7951
31,742,44535,5,0,11.4765,11.4765,2.2953,1000.0,2.34,1.0,normal,378.2716
31,742,44550,4,0,7.278,7.278,1.8195,1000.0,2.34,1.0,normal,385.5496
31,742,44565,7,0,16.38,16.38,2.34,1000.0,2.34,1.0,normal,401.9296
31,743,44580,5,0,12.1,12.1,2.42,1000.0,2.42,1.0,normal,414.0296
31,743,44595,7,0,16.463,16.463,2.3519,1000.0,2.42,1.0,normal,430.4926
31,743,44610,3,0,0.5956,0.5956,0.1985,1000.0,2.42,1.0,normal,431.0882
31,743,44625,5,1,12.1,12.1,2.42,1000.0,2.42,1.0,normal,443.1882
32,744,44640,7,2,18.62,9.31,2.66,1000.0,2.66,1.0,normal,18.62
32,744,44655,8,1,12.9007,12.9007,1.6126,1000.0,2.66,1.0,normal,31.5207
32,744,44670,8,0,9.4684,9.4684,1.1835,1000.0,2.66,1.0,normal,40.9891
32,744,44685,5,0,1.4729,1.4729,0.2946,1000.0,2.66,1.0,normal,42.462
32,745,44700,4,0,11.0,11.0,2.75,1000.0,2.75,1.0,normal,53.462
32,745,44715,9,0,24.75,24.75,2.75,1000.0,2.75,1.0,normal,78.212
32,745,44730,8,0,22.0,22.0,2.75,1000.0,2.75,1.0,normal,100.212
32,745,44745,13,1,35.75,35.75,2.75,1000.0,2.75,1.0,normal,135.962
32,746,44760,3,0,4.7741,4.7741,1.5914,1000.0,2.85,1.0,normal,140.7361
32,746,44775,10,0,18.9514,18.9514,1.8951,1000.0,2.85,1.0,normal,159.6875
32,746,44790,9,1,12.8349,12.8349,1.4261,1000.0,2.85,1.0,normal,172.5224
32,746,44805,9,0,25.65,25.65,2.85,1000.0,2.85,1.0,normal,198.1724
32,747,44820,6,0,17.7,17.7,2.95,1000.0,2.95,1.0,normal,215.8724
32,747,44835,4,0,7.7176,7.7176,1.9294,1000.0,2.95,1.0,normal,223.59
32,747,44850,10,0,28.0381,28.0381,2.8038,1000.0,2.95,1.0,normal,251.6281
32,747,44865,10,1,27.1709,27.1709,2.7171,1000.0,2.95,1.0,normal,278.799
32,748,44880,5,0,12.0756,12.0756,2.4151,1000.0,3.3,1.0,normal,290.8746
32,748,44895,11,0,36.3,36.3,3.3,1000.0,3.3,1.0,normal,327.1746
32,748,44910,12,0,39.6,39.6,3.3,1000.0,3.3,1.0,normal,366.7746
32,748,44925,8,0,16.2888,16.2888,2.0361,1000.0,3.3,1.0,normal,383.0634
32,749,44940,12,0,41.04,41.04,3.42,1000.0,3.42,1.0,normal,424.1034
32,749,44955,9,1,30.4112,30.4112,3.379,1000.0,3.42,1.0,normal,454.5146
32,749,44970,7,0,17.4642,17.4642,2.4949,1000.0,3.42,1.0,normal,471.9788
32,749,44985,12,0,6.5474,6.5474,0.5456,1000.0,3.42,1.0,normal,478.5262
32,750,45000,7,0,18.0068,18.0068,2.5724,1000.0,3.54,1.0,normal,496.533
32,750,45015,8,0,28.32,28.32,3.54,1000.0,3.54,1.0,normal,524.853
32,750,45030,12,0,42.48,42.48,3.54,1000.0,3.54,1.0,normal,567.333
32,750,45045,8,0,21.2787,21.2787,2.6598,1000.0,3.54,1.0,normal,588.6117
32,751,45060,4,0,5.073,5.073,1.2682,1000.0,3.54,1.0,normal,593.6847
32,751,45075,9,0,31.86,31.86,3.54,1000.0,3.54,1.0,normal,625.5447
32,751,45090,5,1,0.8708,0.8708,0.1742,1000.0,3.54,1.0,normal,626.4155
32,751,45105,8,0,6.5469,6.5469,0.8184,1000.0,3.54,1.0,normal,632.9624
32,752,45120,8,1,31.68,31.68,3.96,1000.0,3.96,1.0,normal,664.6424
32,752,45135,15,0,59.4,59.4,3.96,1000.0,3.96,1.0,normal,724.0424
32,752,45150,9,1,2.9819,2.9819,0.3313,1000.0,3.96,1.0,normal,727.0243
32,752,45165,9,0,28.251,28.251,3.139,1000.0,3.96,1.0,normal,755.2753
32,753,45180,12,0,38.0958,38.0958,3.1746,1000.0,3.96,1.0,normal,793.3711
32,753,45195,6,0,11.1522,11.1522,1.8587,1000.0,3.96,1.0,normal,804.5233
32,753,45210,8,0,31.68,31.68,3.96,1000.0,3.96,1.0,normal,836.2033
32,753,45225,7,1,12.8605,12.8605,1.8372,1000.0,3.96,1.0,normal,849.0638
32,754,45240,9,0,21.9277,21.9277,2.4364,1000.0,3.96,1.0,normal,870.9915
32,754,45255,3,0,1.834,1.834,0.6113,1000.0,3.96,1.0,normal,872.8255
32,754,45270,4,0,10.4682,10.4682,2.6171,1000.0,3.96,1.0,normal,883.2937
32,754,45285,11,0,16.4937,16.4937,1.4994,1000.0,3.96,1.0,normal,899.7874
32,755,45300,10,1,7.4625,7.4625,0.7463,1000.0,3.96,1.0,budget_constrained,907.2499
32,755,45315,8,0,31.68,31.68,3.96,1000.0,3.96,1.0,budget_constrained,938.9299
32,755,45330,7,1,12.6354,12.6354,1.8051,1000.0,3.96,1.0,budget_constrained,951.5653
32,755,45345,5,0,17.1795,17.1795,3.4359,1000.0,3.96,1.0,budget_constrained,968.7448
32,756,45360,15,0,29.4752,29.4752,1.965,1000.0,3.56,1.0,budget_constrained,998.22
32,756,45375,1,0,1.78,1.78,1.2209,1000.0,3.56,1.0,budget_constrained,1000.0
32,756,45390,0,0,0.0,0.0,0.7604,1000.0,3.56,1.0,budget_constrained,1000.0
32,756,45405,0,0,0.0,0.0,3.56,1000.0,3.56,1.0,budget_constrained,1000.0
32,757,45420,0,0,0.0,0.0,0.3695,1000.0,3.56,1.0,budget_constrained,1000.0
32,757,45435,0,0,0.0,0.0,1.7957,1000.0,3.56,1.0,budget_constrained,1000.0
32,757,45450,0,0,0.0,0.0,0.6867,1000.0,3.56,1.0,budget_constrained,1000.0
32,757,45465,0,0,0.0,0.0,2.3757,1000.0,3.56,1.0,budget_constrained,1000.0
32,758,45480,0,0,0.0,0.0,0.861,1000.0,3.56,1.0,budget_constrained,1000.0
32,758,45495,0,0,0.0,0.0,3.56,1000.0,3.56,1.0,budget_constrained,1000.0
32,758,45510,0,0,0.0,0.0,3.56,1000.0,3.56,1.0,budget_constrained,1000.0
32,758,45525,0,0,0.0,0.0,1.0422,1000.0,3.56,1.0,budget_constrained,1000.0
32,759,45540,0,0,0.0,0.0,3.56,1000.0,3.56,1.0,budget_constrained,1000.0
32,759,45555,0,0,0.0,0.0,0.588,1000.0,3.56,1.0,budget_constrained,1000.0
32,759,45570,0,0,0.0,0.0,2.051,1000.0,3.56,1.0,budget_constrained,1000.0
32,759,45585,0,0,0.0,0.0,0.5046,1000.0,3.56,1.0,budget_constrained,1000.0
32,760,45600,0,0,0.0,0.0,3.2,1000.0,3.2,1.0,budget_constrained,1000.0
32,760,45615,0,0,0.0,0.0,2.5504,1000.0,3.2,1.0,budget_constrained,1000.0
32,760,45630,0,0,0.0,0.0,3.2,1000.0,3.2,1.0,budget_constrained,1000.0
32,760,45645,0,0,0.0,0.0,1.9235,1000.0,3.2,1.0,budget_constrained,1000.0
32,761,45660,0,0,0.0,0.0,1.9268,1000.0,3.2,1.0,budget_constrained,1000.0
32,761,45675,0,0,0.0,0.0,2.1511,1000.0,3.2,1.0,budget_constrained,1000.0
32,761,45690,0,0,0.0,0.0,3.2,1000.0,3.2,1.0,budget_constrained,1000.0
32,761,45705,0,0,0.0,0.0,0.0959,1000.0,3.2,1.0,budget_constrained,1000.0
32,762,45720,0,0,0.0,0.0,3.2,1000.0,3.2,1.0,budget_constrained,1000.0
32,762,45735,0,0,0.0,0.0,0.4499,1000.0,3.2,1.0,budget_constrained,1000.0
32,762,45750,0,0,0.0,0.0,2.6031,1000.0,3.2,1.0,budget_constrained,1000.0
32,762,45765,0,0,0.0,0.0,2.8681,1000.0,3.2,1.0,budget_constrained,1000.0
32,763,45780,0,0,0.0,0.0,1.2996,1000.0,3.2,1.0,budget_constrained,1000.0
32,763,45795,0,0,0.0,0.0,2.1359,1000.0,3.2,1.0,budget_constrained,1000.0
32,763,45810,0,0,0.0,0.0,2.4132,1000.0,3.2,1.0,budget_constrained,1000.0
32,763,45825,0,0,0.0,0.0,3.0175,1000.0,3.2,1.0,budget_constrained,1000.0
32,764,45840,0,0,0.0,0.0,0.3277,1000.0,2.88,1.0,budget_constrained,1000.0
32,764,45855,0,0,0.0,0.0,2.88,1000.0,2.88,1.0,budget_constrained,1000.0
32,764,45870,0,0,0.0,0.0,0.11,1000.0,2.88,1.0,budget_constrained,1000.0
32,764,45885,0,0,0.0,0.0,1.0259,1000.0,2.88,1.0,budget_constrained,1000.0
32,765,45900,0,0,0.0,0.0,1.2658,1000.0,2.88,1.0,budget_constrained,1000.0
32,765,45915,0,0,0.0,0.0,2.88,1000.0,2.88,1.0,budget_constrained,1000.0
32,765,45930,0,0,0.0,0.0,2.0845,1000.0,2.88,1.0,budget_constrained,1000.0
32,765,45945,0,0,0.0,0.0,2.88,1000.0,2.88,1.0,budget_constrained,1000.0
32,766,45960,0,0,0.0,0.0,0.4759,1000.0,2.88,1.0,budget_constrained,1000.0
32,766,45975,0,0,0.0,0.0,2.88,1000.0,2.88,1.0,budget_constrained,1000.0
32,766,45990,0,0,0.0,0.0,2.88,1000.0,2.88,1.0,budget_constrained,1000.0
32,766,46005,0,0,0.0,0.0,2.2123,1000.0,2.88,1.0,budget_constrained,1000.0
32,767,46020,0,0,0.0,0.0,2.88,1000.0,2.88,1.0,budget_constrained,1000.0
32,767,46035,0,0,0.0,0.0,2.88,1000.0,2.88,1.0,budget_constrained,1000.0
32,767,46050,0,0,0.0,0.0,0.9605,1000.0,2.88,1.0,budget_constrained,1000.0
32,767,46065,0,0,0.0,0.0,2.88,1000.0,2.88,1.0,budget_constrained,1000.0
33,768,46080,0,0,0.0,0.0,3.23,1000.0,3.23,1.0,normal,0.0
33,768,46095,6,0,7.1755,7.1755,1.1959,1000.0,3.23,1.0,normal,7.1755
33,768,46110,9,0,20.3159,20.3159,2.2573,1000.0,3.23,1.0,normal,27.4914
33,768,46125,11,0,16.7995,16.7995,1.5272,1000.0,3.23,1.0,normal,44.2909
33,769,46140,9,0,14.3587,14.3587,1.5954,1000.0,3.34,1.0,normal,58.6496
33,769,46155,9,0,2.2028,2.2028,0.2448,1000.0,3.34,1.0,normal,60.8524
33,769,46170,5,0,0.0042,0.0042,0.0008,1000.0,3.34,1.0,normal,60.8566
33,769,46185,8,0,21.5754,21.5754,2.6969,1000.0,3.34,1.0,normal,82.432
33,770,46200,5,0,15.4249,15.4249,3.085,1000.0,3.34,1.0,normal,97.8569
33,770,46215,6,0,20.04,20.04,3.34,1000.0,3.34,1.0,normal,117.8969
33,770,46230,9,1,18.6208,18.6208,2.069,1000.0,3.34,1.0,normal,136.5177
33,770,46245,7,0,0.2718,0.2718,0.0388,1000.0,3.34,1.0,normal,136.7895
33,771,46260,11,0,13.6507,13.6507,1.241,1000.0,3.34,1.0,normal,150.4402
33,771,46275,7,0,23.38,23.38,3.34,1000.0,3.34,1.0,normal,173.8202
33,771,46290,12,1,18.9183,18.9183,1.5765,1000.0,3.34,1.0,normal,192.7385
33,771,46305,6,0,5.4244,5.4244,0.9041,1000.0,3.34,1.0,normal,198.1629
33,772,46320,7,0,20.37,20.37,2.91,1000.0,2.91,1.0,normal,218.5329
33,772,46335,7,0,20.37,20.37,2.91,1000.0,2.91,1.0,normal,238.9029
33,772,46350,5,0,1.9031,1.9031,0.3806,1000.0,2.91,1.0,normal,240.806
33,772,46365,3,0,6.0956,6.0956,2.0319,1000.0,2.91,1.0,normal,246.9016
33,773,46380,8,1,21.9743,21.9743,2.7468,1000.0,2.91,1.0,normal,268.8759
33,773,46395,7,1,2.8272,2.8272,0.4039,1000.0,2.91,1.0,normal,271.7031
33,773,46410,7,0,5.2639,5.2639,0.752,1000.0,2.91,1.0,normal,276.967
33,773,46425,6,0,16.5599,16.5599,2.76,1000.0,2.91,1.0,normal,293.5269
33,774,46440,6,1,10.5612,10.5612,1.7602,1000.0,2.96,1.0,normal,304.0881
33,774,46455,8,0,23.68,23.68,2.96,1000.0,2.96,1.0,normal,327.7681
33,774,46470,3,0,8.88,8.88,2.96,1000.0,2.96,1.0,normal,336.6481
33,774,46485,4,0,10.0622,10.0622,2.5156,1000.0,2.96,1.0,normal,346.7103
33,775,46500,4,0,12.24,12.24,3.06,1000.0,3.06,1.0,normal,358.9503
33,775,46515,2,0,6.12,6.12,3.06,1000.0,3.06,1.0,normal,365.0703
33,775,46530,5,0,15.3,15.3,3.06,1000.0,3.06,1.0,normal,380.3703
33,775,46545,7,0,2.8442,2.8442,0.4063,1000.0,3.06,1.0,normal,383.2145
33,776,46560,13,1,31.5801,31.5801,2.4292,1000.0,3.43,1.0,normal,414.7946
33,776,46575,11,0,34.9641,34.9641,3.1786,1000.0,3.43,1.0,normal,449.7587
33,776,46590,14,2,30.3599,15.18,2.1686,1000.0,3.43,1.0,normal,480.1186
33,776,46605,11,0,17.0239,17.0239,1.5476,1000.0,3.43,1.0,normal,497.1425
33,777,46620,7,0,7.5077,7.5077,1.0725,1000.0,3.55,1.0,normal,504.6502
33,777,46635,10,0,35.5,35.5,3.55,1000.0,3.55,1.0,normal,540.1502
33,777,46650,6,0,20.8257,20.8257,3.4709,1000.0,3.55,1.0,normal,560.9759
33,777,46665,9,0,31.95,31.95,3.55,1000.0,3.55,1.0,normal,592.9259
33,778,46680,4,0,14.68,14.68,3.67,1000.0,3.67,1.0,normal,607.6059
33,778,46695,1,0,3.2307,3.2307,3.2307,1000.0,3.67,1.0,normal,610.8366
33,778,46710,9,0,6.8291,6.8291,0.7588,1000.0,3.67,1.0,normal,617.6657
33,778,46725,7,0,15.2733,15.2733,2.1819,1000.0,3.67,1.0,normal,632.939
33,779,46740,10,0,38.0,38.0,3.8,1000.0,3.8,1.0,normal,670.939
33,779,46755,10,0,5.5296,5.5296,0.553,1000.0,3.8,1.0,normal,676.4686
33,779,46770,9,1,7.6743,7.6743,0.8527,1000.0,3.8,1.0,normal,684.1429
33,779,46785,9,1,30.5793,30.5793,3.3977,1000.0,3.8,1.0,normal,714.7222
33,780,46800,11,0,16.0749,16.0749,1.4614,1000.0,4.26,1.0,normal,730.7971
33,780,46815,14,0,17.7008,17.7008,1.2643,1000.0,4.26,1.0,normal,748.4979
33,780,46830,12,2,19.7583,9.8792,1.6465,1000.0,4.26,1.0,normal,768.2562
33,780,46845,12,0,51.12,51.12,4.26,1000.0,4.26,1.0,normal,819.3762
33,781,46860,10,0,13.3116,13.3116,1.3312,1000.0,4.41,1.0,normal,832.6878
33,781,46875,9,0,3.5864,3.5864,0.3985,1000.0,4.41,1.0,normal,836.2742
33,781,46890,9,0,39.69,39.69,4.41,1000.0,4.41,1.0,normal,875.9642
33,781,46905,16,0,70.56,70.56,4.41,1000.0,4.41,1.0,budget_constrained,946.5242
33,782,46920,17,4,24.1404,6.0351,1.42,1000.0,4.41,1.0,budget_constrained,970.6646
33,782,46935,8,1,29.3354,29.3354,3.3118,1000.0,4.41,1.0,budget_constrained,1000.0
33,782,46950,0,0,0.0,0.0,4.41,1000.0,4.41,1.0,budget_constrained,1000.0
33,782,46965,0,0,0.0,0.0,3.5408,1000.0,4.41,1.0,budget_constrained,1000.0
33,783,46980,0,0,0.0,0.0,2.2154,1000.0,4.41,1.0,budget_constrained,1000.0
33,783,46995,0,0,0.0,0.0,3.2296,1000.0,4.41,1.0,budget_constrained,1000.0
33,783,47010,0,0,0.0,0.0,0.8356,1000.0,4.41,1.0,budget_constrained,1000.0
33,783,47025,0,0,0.0,0.0,4.0899,1000.0,4.41,1.0,budget_constrained,1000.0
33,784,47040,0,0,0.0,0.0,0.648,1000.0,4.85,1.0,budget_constrained,1000.0
33,784,47055,0,0,0.0,0.0,4.8255,1000.0,4.85,1.0,budget_constrained,1000.0
33,784,47070,0,0,0.0,0.0,2.291,1000.0,4.85,1.0,budget_constrained,1000.0
33,784,47085,0,0,0.0,0.0,3.7653,1000.0,4.85,1.0,budget_constrained,1000.0
33,785,47100,0,0,0.0,0.0,1.3312,1000.0,4.85,1.0,budget_constrained,1000.0
33,785,47115,0,0,0.0,0.0,1.327,1000.0,4.85,1.0,budget_constrained,1000.0
33,785,47130,0,0,0.0,0.0,2.0974,1000.0,4.85,1.0,budget_constrained,1000.0
33,785,47145,0,0,0.0,0.0,1.6895,1000.0,4.85,1.0,budget_constrained,1000.0
33,786,47160,0,0,0.0,0.0,4.7258,1000.0,4.85,1.0,budget_constrained,1000.0
33,786,47175,0,0,0.0,0.0,1.91,1000.0,4.85,1.0,budget_constrained,1000.0
33,786,47190,0,0,0.0,0.0,1.8368,1000.0,4.85,1.0,budget_constrained,1000.0
33,786,47205,0,0,0.0,0.0,1.9126,1000.0,4.85,1.0,budget_constrained,1000.0
33,787,47220,0,0,0.0,0.0,2.3366,1000.0,4.85,1.0,budget_constrained,1000.0
33,787,47235,0,0,0.0,0.0,2.8104,1000.0,4.85,1.0,budget_constrained,1000.0
33,787,47250,0,0,0.0,0.0,4.85,1000.0,4.85,1.0,budget_constrained,1000.0
33,787,47265,0,0,0.0,0.0,0.8768,1000.0,4.85,1.0,budget_constrained,1000.0
33,788,47280,0,0,0.0,0.0,2.7698,1000.0,5.43,1.0,budget_constrained,1000.0
33,788,47295,0,0,0.0,0.0,0.7323,1000.0,5.43,1.0,budget_constrained,1000.0
33,788,47310,0,0,0.0,0.0,2.5252,1000.0,5.43,1.0,budget_constrained,1000.0
33,788,47325,0,0,0.0,0.0,5.43,1000.0,5.43,1.0,budget_constrained,1000.0
33,789,47340,0,0,0.0,0.0,5.43,1000.0,5.43,1.0,budget_constrained,1000.0
33,789,47355,0,0,0.0,0.0,4.3325,1000.0,5.43,1.0,budget_constrained,1000.0
33,789,47370,0,0,0.0,0.0,4.7643,1000.0,5.43,1.0,budget_constrained,1000.0
33,789,47385,0,0,0.0,0.0,5.0178,1000.0,5.43,1.0,budget_constrained,1000.0
33,790,47400,0,0,0.0,0.0,1.715,1000.0,5.43,1.0,budget_constrained,1000.0
33,790,47415,0,0,0.0,0.0,0.31,1000.0,5.43,1.0,budget_constrained,1000.0
33,790,47430,0,0,0.0,0.0,2.9425,1000.0,5.43,1.0,budget_constrained,1000.0
33,790,47445,0,0,0.0,0.0,1.5055,1000.0,5.43,1.0,budget_constrained,1000.0
33,791,47460,0,0,0.0,0.0,2.3749,1000.0,5.43,1.0,budget_constrained,1000.0
33,791,47475,0,0,0.0,0.0,5.067,1000.0,5.43,1.0,budget_constrained,1000.0
33,791,47490,0,0,0.0,0.0,4.1094,1000.0,5.43,1.0,budget_constrained,1000.0
33,791,47505,0,0,0.0,0.0,2.4668,1000.0,5.43,1.0,budget_constrained,1000.0
34,792,47520,0,0,0.0,0.0,2.1164,1000.0,6.08,1.0,normal,0.0
34,792,47535,18,3,32.453,10.8177,1.8029,1000.0,6.08,1.0,normal,32.453
34,792,47550,16,0,73.2917,73.2917,4.5807,1000.0,6.08,1.0,normal,105.7447
34,792,47565,16,0,32.6822,32.6822,2.0426,1000.0,6.08,1.0,normal,138.4269
34,793,47580,18,2,23.2365,11.6183,1.2909,1000.0,6.29,1.0,normal,161.6634
34,793,47595,11,0,31.1205,31.1205,2.8291,1000.0,6.29,1.0,normal,192.7839
34,793,47610,17,0,68.1812,68.1812,4.0107,1000.0,6.29,1.0,normal,260.9651
34,793,47625,17,1,69.916,69.916,4.1127,1000.0,6.29,1.0,normal,330.8811
34,794,47640,14,1,24.9498,24.9498,1.7821,1000.0,6.51,1.0,normal,355.8309
34,794,47655,22,0,143.22,143.22,6.51,1000.0,6.51,1.0,normal,499.0509
34,794,47670,21,2,11.5277,5.7639,0.5489,1000.0,6.51,1.0,normal,510.5786
34,794,47685,14,0,46.4451,46.4451,3.3175,1000.0,6.51,1.0,normal,557.0237
34,795,47700,15,0,67.2741,67.2741,4.4849,1000.0,6.35,1.0,normal,624.2978
34,795,47715,17,0,34.6898,34.6898,2.0406,1000.0,6.35,1.0,normal,658.9876
34,795,47730,16,1,73.3518,73.3518,4.5845,1000.0,6.35,1.0,normal,732.3394
34,795,47745,11,0,21.2124,21.2124,1.9284,1000.0,6.35,1.0,normal,753.5518
34,796,47760,15,0,19.2707,19.2707,1.2847,1000.0,5.71,1.0,normal,772.8225
34,796,47775,16,0,4.8436,4.8436,0.3027,1000.0,5.71,1.0,normal,777.6661
34,796,47790,21,1,119.91,119.91,5.71,1000.0,5.71,1.0,normal,897.5761
34,796,47805,22,0,57.8144,57.8144,2.6279,1000.0,5.71,1.0,budget_constrained,955.3905
34,797,47820,10,0,20.0198,20.0198,2.002,1000.0,5.71,1.0,budget_constrained,975.4103
34,797,47835,13,0,24.5897,24.5897,1.8561,1000.0,5.71,1.0,budget_depleted,1000.0
34,797,47850,0,0,0.0,0.0,0.0,1000.0,5.71,1.0,budget_depleted,1000.0
34,797,47865,0,0,0.0,0.0,0.0,1000.0,5.71,1.0,budget_depleted,1000.0
34,798,47880,0,0,0.0,0.0,0.0,1000.0,5.71,1.0,budget_depleted,1000.0
34,798,47895,0,0,0.0,0.0,0.0,1000.0,5.71,1.0,budget_depleted,1000.0
34,798,47910,0,0,0.0,0.0,0.0,1000.0,5.71,1.0,budget_depleted,1000.0
34,798,47925,0,0,0.0,0.0,0.0,1000.0,5.71,1.0,budget_depleted,1000.0
34,799,47940,0,0,0.0,0.0,0.0,1000.0,5.71,1.0,budget_depleted,1000.0
34,799,47955,0,0,0.0,0.0,0.0,1000.0,5.71,1.0,budget_depleted,1000.0
34,799,47970,0,0,0.0,0.0,0.0,1000.0,5.71,1.0,budget_depleted,1000.0
34,799,47985,0,0,0.0,0.0,0.0,1000.0,5.71,1.0,budget_depleted,1000.0
34,800,48000,0,0,0.0,0.0,0.0,1000.0,1.71,1.0,budget_depleted,1000.0
34,800,48015,0,0,0.0,0.0,0.0,1000.0,1.71,1.0,budget_depleted,1000.0
34,800,48030,0,0,0.0,0.0,0.0,1000.0,1.71,1.0,budget_depleted,1000.0
34,800,48045,0,0,0.0,0.0,0.0,1000.0,1.71,1.0,budget_depleted,1000.0
34,801,48060,0,0,0.0,0.0,0.0,1000.0,1.71,1.0,budget_depleted,1000.0
34,801,48075,0,0,0.0,0.0,0.0,1000.0,1.71,1.0,budget_depleted,1000.0
34,801,48090,0,0,0.0,0.0,0.0,1000.0,1.71,1.0,budget_depleted,1000.0
34,801,48105,0,0,0.0,0.0,0.0,1000.0,1.71,1.0,budget_depleted,1000.0
34,802,48120,0,0,0.0,0.0,0.0,1000.0,1.71,1.0,budget_depleted,1000.0
34,802,48135,0,0,0.0,0.0,0.0,1000.0,1.71,1.0,budget_depleted,1000.0
34,802,48150,0,0,0.0,0.0,0.0,1000.0,1.71,1.0,budget_depleted,1000.0
34,802,48165,0,0,0.0,0.0,0.0,1000.0,1.71,1.0,budget_depleted,1000.0
34,803,48180,0,0,0.0,0.0,0.0,1000.0,1.71,1.0,budget_depleted,1000.0
34,803,48195,0,0,0.0,0.0,0.0,1000.0,1.71,1.0,budget_depleted,1000.0
34,803,48210,0,0,0.0,0.0,0.0,1000.0,1.71,1.0,budget_depleted,1000.0
34,803,48225,0,0,0.0,0.0,0.0,1000.0,1.71,1.0,budget_depleted,1000.0
34,804,48240,0,0,0.0,0.0,0.0,1000.0,0.8,1.0,budget_depleted,1000.0
34,804,48255,0,0,0.0,0.0,0.0,1000.0,0.8,1.0,budget_depleted,1000.0
34,804,48270,0,0,0.0,0.0,0.0,1000.0,0.8,1.0,budget_depleted,1000.0
34,804,48285,0,0,0.0,0.0,0.0,1000.0,0.8,1.0,budget_depleted,1000.0
34,805,48300,0,0,0.0,0.0,0.0,1000.0,0.8,1.0,budget_depleted,1000.0
34,805,48315,0,0,0.0,0.0,0.0,1000.0,0.8,1.0,budget_depleted,1000.0
34,805,48330,0,0,0.0,0.0,0.0,1000.0,0.8,1.0,budget_depleted,1000.0
34,805,48345,0,0,0.0,0.0,0.0,1000.0,0.8,1.0,budget_depleted,1000.0
34,806,48360,0,0,0.0,0.0,0.0,1000.0,0.8,1.0,budget_depleted,1000.0
34,806,48375,0,0,0.0,0.0,0.0,1000.0,0.8,1.0,budget_depleted,1000.0
34,806,48390,0,0,0.0,0.0,0.0,1000.0,0.8,1.0,budget_depleted,1000.0
34,806,48405,0,0,0.0,0.0,0.0,1000.0,0.8,1.0,budget_depleted,1000.0
34,807,48420,0,0,0.0,0.0,0.0,1000.0,0.8,1.0,budget_depleted,1000.0
34,807,48435,0,0,0.0,0.0,0.0,1000.0,0.8,1.0,budget_depleted,1000.0
34,807,48450,0,0,0.0,0.0,0.0,1000.0,0.8,1.0,budget_depleted,1000.0
34,807,48465,0,0,0.0,0.0,0.0,1000.0,0.8,1.0,budget_depleted,1000.0
34,808,48480,0,0,0.0,0.0,0.0,1000.0,0.8,1.0,budget_depleted,1000.0
34,808,48495,0,0,0.0,0.0,0.0,1000.0,0.8,1.0,budget_depleted,1000.0
34,808,48510,0,0,0.0,0.0,0.0,1000.0,0.8,1.0,budget_depleted,1000.0
34,808,48525,0,0,0.0,0.0,0.0,1000.0,0.8,1.0,budget_depleted,1000.0
34,809,48540,0,0,0.0,0.0,0.0,1000.0,0.8,1.0,budget_depleted,1000.0
34,809,48555,0,0,0.0,0.0,0.0,1000.0,0.8,1.0,budget_depleted,1000.0
34,809,48570,0,0,0.0,0.0,0.0,1000.0,0.8,1.0,budget_depleted,1000.0
34,809,48585,0,0,0.0,0.0,0.0,1000.0,0.8,1.0,budget_depleted,1000.0
34,810,48600,0,0,0.0,0.0,0.0,1000.0,0.8,1.0,budget_depleted,1000.0
34,810,48615,0,0,0.0,0.0,0.0,1000.0,0.8,1.0,budget_depleted,1000.0
34,810,48630,0,0,0.0,0.0,0.0,1000.0,0.8,1.0,budget_depleted,1000.0
34,810,48645,0,0,0.0,0.0,0.0,1000.0,0.8,1.0,budget_depleted,1000.0
34,811,48660,0,0,0.0,0.0,0.0,1000.0,0.8,1.0,budget_depleted,1000.0
34,811,48675,0,0,0.0,0.0,0.0,1000.0,0.8,1.0,budget_depleted,1000.0
34,811,48690,0,0,0.0,0.0,0.0,1000.0,0.8,1.0,budget_depleted,1000.0
34,811,48705,0,0,0.0,0.0,0.0,1000.0,0.8,1.0,budget_depleted,1000.0
34,812,48720,0,0,0.0,0.0,0.0,1000.0,0.8,1.0,budget_depleted,1000.0
34,812,48735,0,0,0.0,0.0,0.0,1000.0,0.8,1.0,budget_depleted,1000.0
34,812,48750,0,0,0.0,0.0,0.0,1000.0,0.8,1.0,budget_depleted,1000.0
34,812,48765,0,0,0.0,0.0,0.0,1000.0,0.8,1.0,budget_depleted,1000.0
34,813,48780,0,0,0.0,0.0,0.0,1000.0,0.8,1.0,budget_depleted,1000.0
34,813,48795,0,0,0.0,0.0,0.0,1000.0,0.8,1.0,budget_depleted,1000.0
34,813,48810,0,0,0.0,0.0,0.0,1000.0,0.8,1.0,budget_depleted,1000.0
34,813,48825,0,0,0.0,0.0,0.0,1000.0,0.8,1.0,budget_depleted,1000.0
34,814,48840,0,0,0.0,0.0,0.0,1000.0,0.8,1.0,budget_depleted,1000.0
34,814,48855,0,0,0.0,0.0,0.0,1000.0,0.8,1.0,budget_depleted,1000.0
34,814,48870,0,0,0.0,0.0,0.0,1000.0,0.8,1.0,budget_depleted,1000.0
34,814,48885,0,0,0.0,0.0,0.0,1000.0,0.8,1.0,budget_depleted,1000.0
34,815,48900,0,0,0.0,0.0,0.0,1000.0,0.8,1.0,budget_depleted,1000.0
34,815,48915,0,0,0.0,0.0,0.0,1000.0,0.8,1.0,budget_depleted,1000.0
34,815,48930,0,0,0.0,0.0,0.0,1000.0,0.8,1.0,budget_depleted,1000.0
34,815,48945,0,0,0.0,0.0,0.0,1000.0,0.8,1.0,budget_depleted,1000.0
35,816,48960,0,0,0.0,0.0,0.0,1000.0,0.8,1.0,normal,0.0
35,816,48975,2,0,1.6,1.6,0.8,1000.0,0.8,1.0,normal,1.6
35,816,48990,2,0,1.6,1.6,0.8,1000.0,0.8,1.0,normal,3.2
35,816,49005,2,0,1.2249,1.2249,0.6124,1000.0,0.8,1.0,normal,4.4249
35,817,49020,2,0,1.6,1.6,0.8,1000.0,0.8,1.0,normal,6.0249
35,817,49035,0,0,0.0,0.0,0.6681,1000.0,0.8,1.0,normal,6.0249
35,817,49050,4,0,2.1411,2.1411,0.5353,1000.0,0.8,1.0,normal,8.166
35,817,49065,0,0,0.0,0.0,0.8,1000.0,0.8,1.0,normal,8.166
35,818,49080,2,0,1.6,1.6,0.8,1000.0,0.8,1.0,normal,9.766
35,818,49095,5,0,4.0,4.0,0.8,1000.0,0.8,1.0,normal,13.766
35,818,49110,1,0,0.8,0.8,0.8,1000.0,0.8,1.0,normal,14.566
35,818,49125,5,0,4.0,4.0,0.8,1000.0,0.8,1.0,normal,18.566
35,819,49140,2,0,1.6,1.6,0.8,1000.0,0.8,1.0,normal,20.166
35,819,49155,2,0,1.6,1.6,0.8,1000.0,0.8,1.0,normal,21.766
35,819,49170,4,0,2.3322,2.3322,0.5831,1000.0,0.8,1.0,normal,24.0982
35,819,49185,3,0,2.4,2.4,0.8,1000.0,0.8,1.0,normal,26.4982
35,820,49200,3,0,1.92,1.92,0.64,1000.0,0.64,1.0,normal,28.4182
35,820,49215,2,0,1.0425,1.0425,0.5213,1000.0,0.64,1.0,normal,29.4607
35,820,49230,0,0,0.0,0.0,0.64,1000.0,0.64,1.0,normal,29.4607
35,820,49245,0,0,0.0,0.0,0.64,1000.0,0.64,1.0,normal,29.4607
35,821,49260,2,0,1.28,1.28,0.64,1000.0,0.64,1.0,normal,30.7407
35,821,49275,3,0,1.92,1.92,0.64,1000.0,0.64,1.0,normal,32.6607
35,821,49290,2,0,1.28,1.28,0.64,1000.0,0.64,1.0,normal,33.9407
35,821,49305,1,0,0.64,0.64,0.64,1000.0,0.64,1.0,normal,34.5807
35,822,49320,3,1,1.92,1.92,0.64,1000.0,0.64,1.0,normal,36.5007
35,822,49335,0,0,0.0,0.0,0.2389,1000.0,0.64,1.0,normal,36.5007
35,822,49350,3,0,1.92,1.92,0.64,1000.0,0.64,1.0,normal,38.4207
35,822,49365,3,1,1.92,1.92,0.64,1000.0,0.64,1.0,normal,40.3407
35,823,49380,1,0,0.66,0.66,0.66,1000.0,0.66,1.0,normal,41.0007
35,823,49395,2,0,0.9691,0.9691,0.4845,1000.0,0.66,1.0,normal,41.9698
35,823,49410,0,0,0.0,0.0,0.66,1000.0,0.66,1.0,normal,41.9698
35,823,49425,4,0,2.64,2.64,0.66,1000.0,0.66,1.0,normal,44.6098
35,824,49440,2,0,1.48,1.48,0.74,1000.0,0.74,1.0,normal,46.0898
35,824,49455,3,0,2.22,2.22,0.74,1000.0,0.74,1.0,normal,48.3098
35,824,49470,3,0,1.8654,1.8654,0.6218,1000.0,0.74,1.0,normal,50.1752
35,824,49485,2,0,1.48,1.48,0.74,1000.0,0.74,1.0,normal,51.6552
35,825,49500,1,0,0.77,0.77,0.77,1000.0,0.77,1.0,normal,52.4252
35,825,49515,6,0,4.62,4.62,0.77,1000.0,0.77,1.0,normal,57.0452
35,825,49530,3,0,2.31,2.31,0.77,1000.0,0.77,1.0,normal,59.3552
35,825,49545,3,0,2.31,2.31,0.77,1000.0,0.77,1.0,normal,61.6652
35,826,49560,3,0,2.4,2.4,0.8,1000.0,0.8,1.0,normal,64.0652
35,826,49575,4,0,3.0851,3.0851,0.7713,1000.0,0.8,1.0,normal,67.1503
35,826,49590,4,0,1.4546,1.4546,0.3637,1000.0,0.8,1.0,normal,68.6049
35,826,49605,2,0,1.6,1.6,0.8,1000.0,0.8,1.0,normal,70.2049
35,827,49620,3,0,2.49,2.49,0.83,1000.0,0.83,1.0,normal,72.6949
35,827,49635,3,1,1.0406,1.0406,0.3469,1000.0,0.83,1.0,normal,73.7355
35,827,49650,2,0,1.66,1.66,0.83,1000.0,0.83,1.0,normal,75.3955
35,827,49665,0,0,0.0,0.0,0.0464,1000.0,0.83,1.0,normal,75.3955
35,828,49680,2,0,1.82,1.82,0.91,1000.0,0.91,1.0,normal,77.2155
35,828,49695,2,0,1.82,1.82,0.91,1000.0,0.91,1.0,normal,79.0355
35,828,49710,3,0,0.5963,0.5963,0.1988,1000.0,0.91,1.0,normal,79.6318
35,828,49725,2,0,1.82,1.82,0.91,1000.0,0.91,1.0,normal,81.4518
35,829,49740,5,0,4.7,4.7,0.94,1000.0,0.94,1.0,normal,86.1518
35,829,49755,5,0,4.465,4.465,0.893,1000.0,0.94,1.0,normal,90.6168
35,829,49770,4,1,3.76,3.76,0.94,1000.0,0.94,1.0,normal,94.3768
35,829,49785,3,0,0.6768,0.6768,0.2256,1000.0,0.94,1.0,normal,95.0536
35,830,49800,1,0,0.97,0.97,0.97,1000.0,0.97,1.0,normal,96.0236
35,830,49815,2,0,1.94,1.94,0.97,1000.0,0.97,1.0,normal,97.9636
35,830,49830,4,0,3.88,3.88,0.97,1000.0,0.97,1.0,normal,101.8436
35,830,49845,4,0,1.8751,1.8751,0.4688,1000.0,0.97,1.0,normal,103.7187
35,831,49860,3,0,3.0,3.0,1.0,1000.0,1.0,1.0,normal,106.7187
35,831,49875,6,0,6.0,6.0,1.0,1000.0,1.0,1.0,normal,112.7187
35,831,49890,4,0,1.8926,1.8926,0.4732,1000.0,1.0,1.0,normal,114.6113
35,831,49905,1,0,0.2496,0.2496,0.2496,1000.0,1.0,1.0,normal,114.8609
35,832,49920,8,0,8.96,8.96,1.12,1000.0,1.12,1.0,normal,123.8209
35,832,49935,2,0,0.6978,0.6978,0.3489,1000.0,1.12,1.0,normal,124.5187
35,832,49950,3,0,3.36,3.36,1.12,1000.0,1.12,1.0,normal,127.8787
35,832,49965,3,0,3.36,3.36,1.12,1000.0,1.12,1.0,normal,131.2387
35,833,49980,7,0,8.12,8.12,1.16,1000.0,1.16,1.0,normal,139.3587
35,833,49995,6,0,6.96,6.96,1.16,1000.0,1.16,1.0,normal,146.3187
35,833,50010,1,0,1.16,1.16,1.16,1000.0,1.16,1.0,normal,147.4787
35,833,50025,4,0,4.64,4.64,1.16,1000.0,1.16,1.0,normal,152.1187
35,834,50040,1,0,0.142,0.142,0.142,1000.0,1.2,1.0,normal,152.2607
35,834,50055,6,0,7.2,7.2,1.2,1000.0,1.2,1.0,normal,159.4607
35,834,50070,4,0,4.7312,4.7312,1.1828,1000.0,1.2,1.0,normal,164.1919
35,834,50085,2,0,2.132,2.132,1.066,1000.0,1.2,1.0,normal,166.3239
35,835,50100,1,1,1.24,1.24,1.24,1000.0,1.24,1.0,normal,167.5639
35,835,50115,2,0,2.48,2.48,1.24,1000.0,1.24,1.0,normal,170.0439
35,835,50130,2,0,1.2384,1.2384,0.6192,1000.0,1.24,1.0,normal,171.2823
35,835,50145,5,0,4.7322,4.7322,0.9464,1000.0,1.24,1.0,normal,176.0145
35,836,50160,2,0,2.5593,2.5593,1.2797,1000.0,1.39,1.0,normal,178.5738
35,836,50175,4,0,4.1975,4.1975,1.0494,1000.0,1.39,1.0,normal,182.7713
35,836,50190,5,0,6.95,6.95,1.39,1000.0,1.39,1.0,normal,189.7213
35,836,50205,3,1,4.17,4.17,1.39,1000.0,1.39,1.0,normal,193.8913
35,837,50220,3,0,4.32,4.32,1.44,1000.0,1.44,1.0,normal,198.2113
35,837,50235,7,0,10.08,10.08,1.44,1000.0,1.44,1.0,normal,208.2913
35,837,50250,3,0,0.967,0.967,0.3223,1000.0,1.44,1.0,normal,209.2583
35,837,50265,6,0,5.5784,5.5784,0.9297,1000.0,1.44,1.0,normal,214.8367
35,838,50280,2,0,2.98,2.98,1.49,1000.0,1.49,1.0,normal,217.8167
35,838,50295,3,0,0.7352,0.7352,0.2451,1000.0,1.49,1.0,normal,218.5519
35,838,50310,1,0,1.49,1.49,1.49,1000.0,1.49,1.0,normal,220.0419
35,838,50325,5,0,2.9071,2.9071,0.5814,1000.0,1.49,1.0,normal,222.949
35,839,50340,4,0,4.2552,4.2552,1.0638,1000.0,1.54,1.0,normal,227.2042
35,839,50355,4,1,6.16,6.16,1.54,1000.0,1.54,1.0,normal,233.3642
35,839,50370,1,0,1.54,1.54,1.54,1000.0,1.54,1.0,normal,234.9042
35,839,50385,3,0,1.8739,1.8739,0.6246,1000.0,1.54,1.0,normal,236.7781
36,840,50400,4,0,6.76,6.76,1.69,1000.0,1.69,1.0,normal,6.76
36,840,50415,4,0,6.76,6.76,1.69,1000.0,1.69,1.0,normal,13.52
36,840,50430,5,0,8.45,8.45,1.69,1000.0,1.69,1.0,normal,21.97
36,840,50445,3,0,5.07,5.07,1.69,1000.0,1.69,1.0,normal,27.04
36,841,50460,6,0,10.5,10.5,1.75,1000.0,1.75,1.0,normal,37.54
36,841,50475,9,0,15.75,15.75,1.75,1000.0,1.75,1.0,normal,53.29
36,841,50490,6,0,0.8354,0.8354,0.1392,1000.0,1.75,1.0,normal,54.1254
36,841,50505,6,0,9.7875,9.7875,1.6312,1000.0,1.75,1.0,normal,63.9129
36,842,50520,4,0,3.5155,3.5155,0.8789,1000.0,1.81,1.0,normal,67.4284
36,842,50535,5,0,4.0528,4.0528,0.8106,1000.0,1.81,1.0,normal,71.4812
36,842,50550,2,0,1.6625,1.6625,0.8313,1000.0,1.81,1.0,normal,73.1437
36,842,50565,4,0,1.2275,1.2275,0.3069,1000.0,1.81,1.0,normal,74.3712
36,843,50580,3,1,4.8725,4.8725,1.6242,1000.0,1.87,1.0,normal,79.2437
36,843,50595,6,0,11.22,11.22,1.87,1000.0,1.87,1.0,normal,90.4637
36,843,50610,4,0,5.0287,5.0287,1.2572,1000.0,1.87,1.0,normal,95.4924
36,843,50625,2,0,1.4663,1.4663,0.7332,1000.0,1.87,1.0,normal,96.9587
36,844,50640,8,0,9.7344,9.7344,1.2168,1000.0,2.06,1.0,normal,106.6931
36,844,50655,8,0,16.48,16.48,2.06,1000.0,2.06,1.0,normal,123.1731
36,844,50670,5,1,3.3938,3.3938,0.6788,1000.0,2.06,1.0,normal,126.5669
36,844,50685,3,1,1.9887,1.9887,0.6629,1000.0,2.06,1.0,normal,128.5556
36,845,50700,4,0,8.3955,8.3955,2.0989,1000.0,2.13,1.0,normal,136.9511
36,845,50715,6,0,4.8108,4.8108,0.8018,1000.0,2.13,1.0,normal,141.7619
36,845,50730,7,1,14.91,14.91,2.13,1000.0,2.13,1.0,normal,156.6719
36,845,50745,8,0,6.2962,6.2962,0.787,1000.0,2.13,1.0,normal,162.9681
36,846,50760,8,0,14.3429,14.3429,1.7929,1000.0,2.2,1.0,normal,177.311
36,846,50775,9,0,0.1058,0.1058,0.0118,1000.0,2.2,1.0,normal,177.4168
36,846,50790,7,1,9.726,9.726,1.3894,1000.0,2.2,1.0,normal,187.1428
36,846,50805,7,0,6.018,6.018,0.8597,1000.0,2.2,1.0,normal,193.1608
36,847,50820,10,0,3.3076,3.3076,0.3308,1000.0,2.28,1.0,normal,196.4684
36,847,50835,7,0,15.96,15.96,2.28,1000.0,2.28,1.0,normal,212.4284
36,847,50850,5,0,11.4,11.4,2.28,1000.0,2.28,1.0,normal,223.8284
36,847,50865,5,1,11.4,11.4,2.28,1000.0,2.28,1.0,normal,235.2284
36,848,50880,8,0,6.6914,6.6914,0.8364,1000.0,2.51,1.0,normal,241.9198
36,848,50895,3,0,4.0576,4.0576,1.3525,1000.0,2.51,1.0,normal,245.9774
36,848,50910,3,0,5.6606,5.6606,1.8869,1000.0,2.51,1.0,normal,251.638
36,848,50925,11,0,15.9613,15.9613,1.451,1000.0,2.51,1.0,normal,267.5993
36,849,50940,6,0,5.3316,5.3316,0.8886,1000.0,2.6,1.0,normal,272.9309
36,849,50955,9,0,16.1951,16.1951,1.7995,1000.0,2.6,1.0,normal,289.126
36,849,50970,6,0,15.6,15.6,2.6,1000.0,2.6,1.0,normal,304.726
36,849,50985,10,0,4.4696,4.4696,0.447,1000.0,2.6,1.0,normal,309.1956
36,850,51000,9,0,24.21,24.21,2.69,1000.0,2.69,1.0,normal,333.4056
36,850,51015,2,0,1.4478,1.4478,0.7239,1000.0,2.69,1.0,normal,334.8534
36,850,51030,7,0,0.6314,0.6314,0.0902,1000.0,2.69,1.0,normal,335.4848
36,850,51045,3,0,1.1331,1.1331,0.3777,1000.0,2.69,1.0,normal,336.6179
36,851,51060,9,0,22.6788,22.6788,2.5199,1000.0,2.78,1.0,normal,359.2967
36,851,51075,5,0,5.4983,5.4983,1.0997,1000.0,2.78,1.0,normal,364.795
36,851,51090,6,1,14.1972,14.1972,2.3662,1000.0,2.78,1.0,normal,378.9922
36,851,51105,9,0,25.02,25.02,2.78,1000.0,2.78,1.0,normal,404.0122
36,852,51120,7,0,0.6238,0.6238,0.0891,1000.0,3.11,1.0,normal,404.636
36,852,51135,8,0,11.0779,11.0779,1.3847,1000.0,3.11,1.0,normal,415.7139
36,852,51150,8,0,3.4221,3.4221,0.4278,1000.0,3.11,1.0,normal,419.136
36,852,51165,7,0,21.77,21.77,3.11,1000.0,3.11,1.0,normal,440.906
36,853,51180,8,0,25.76,25.76,3.22,1000.0,3.22,1.0,normal,466.666
36,853,51195,7,0,8.3726,8.3726,1.1961,1000.0,3.22,1.0,normal,475.0386
36,853,51210,9,1,28.7401,28.7401,3.1933,1000.0,3.22,1.0,normal,503.7787
36,853,51225,7,0,7.1278,7.1278,1.0183,1000.0,3.22,1.0,normal,510.9065
36,854,51240,4,0,0.5927,0.5927,0.1482,1000.0,3.33,1.0,normal,511.4992
36,854,51255,7,0,1.7319,1.7319,0.2474,1000.0,3.33,1.0,normal,513.2311
36,854,51270,4,0,1.4932,1.4932,0.3733,1000.0,3.33,1.0,normal,514.7243
36,854,51285,12,1,12.5824,12.5824,1.0485,1000.0,3.33,1.0,normal,527.3067
36,855,51300,19,0,65.55,65.55,3.45,1000.0,3.45,1.0,normal,592.8567
36,855,51315,9,0,5.8605,5.8605,0.6512,1000.0,3.45,1.0,normal,598.7172
36,855,51330,10,1,30.5071,30.5071,3.0507,1000.0,3.45,1.0,normal,629.2243
36,855,51345,7,0,24.15,24.15,3.45,1000.0,3.45,1.0,normal,653.3743
36,856,51360,4,0,0.4331,0.4331,0.1083,1000.0,3.86,1.0,normal,653.8074
36,856,51375,8,0,30.88,30.88,3.86,1000.0,3.86,1.0,normal,684.6874
36,856,51390,7,0,13.4976,13.4976,1.9282,1000.0,3.86,1.0,normal,698.185
36,856,51405,10,0,25.3206,25.3206,2.5321,1000.0,3.86,1.0,normal,723.5056
36,857,51420,17,0,68.0,68.0,4.0,1000.0,4.0,1.0,normal,791.5056
36,857,51435,18,1,72.0,72.0,4.0,1000.0,4.0,1.0,normal,863.5056
36,857,51450,5,1,5.3842,5.3842,1.0768,1000.0,4.0,1.0,normal,868.8898
36,857,51465,11,0,10.4915,10.4915,0.9538,1000.0,4.0,1.0,normal,879.3813
36,858,51480,4,2,7.7132,3.8566,1.9283,1000.0,4.0,1.0,normal,887.0945
36,858,51495,14,0,6.6117,6.6117,0.4723,1000.0,4.0,1.0,normal,893.7062
36,858,51510,8,0,2.1063,2.1063,0.2633,1000.0,4.0,1.0,normal,895.8125
36,858,51525,9,0,7.0123,7.0123,0.7791,1000.0,4.0,1.0,budget_constrained,902.8248
36,859,51540,9,0,23.4826,23.4826,2.6092,1000.0,4.0,1.0,budget_constrained,926.3074
36,859,51555,7,0,22.1648,22.1648,3.1664,1000.0,4.0,1.0,budget_constrained,948.4722
36,859,51570,8,0,31.2799,31.2799,3.91,1000.0,4.0,1.0,budget_constrained,979.7521
36,859,51585,7,0,19.9141,19.9141,2.8449,1000.0,4.0,1.0,budget_constrained,999.6662
36,860,51600,0,0,0.3338,0.3338,2.4903,1000.0,3.6,1.0,budget_depleted,1000.0
36,860,51615,0,0,0.0,0.0,0.0,1000.0,3.6,1.0,budget_depleted,1000.0
36,860,51630,0,0,0.0,0.0,0.0,1000.0,3.6,1.0,budget_depleted,1000.0
36,860,51645,0,0,0.0,0.0,0.0,1000.0,3.6,1.0,budget_depleted,1000.0
36,861,51660,0,0,0.0,0.0,0.0,1000.0,3.6,1.0,budget_depleted,1000.0
36,861,51675,0,0,0.0,0.0,0.0,1000.0,3.6,1.0,budget_depleted,1000.0
36,861,51690,0,0,0.0,0.0,0.0,1000.0,3.6,1.0,budget_depleted,1000.0
36,861,51705,0,0,0.0,0.0,0.0,1000.0,3.6,1.0,budget_depleted,1000.0
36,862,51720,0,0,0.0,0.0,0.0,1000.0,3.6,1.0,budget_depleted,1000.0
36,862,51735,0,0,0.0,0.0,0.0,1000.0,3.6,1.0,budget_depleted,1000.0
36,862,51750,0,0,0.0,0.0,0.0,1000.0,3.6,1.0,budget_depleted,1000.0
36,862,51765,0,0,0.0,0.0,0.0,1000.0,3.6,1.0,budget_depleted,1000.0
36,863,51780,0,0,0.0,0.0,0.0,1000.0,3.6,1.0,budget_depleted,1000.0
36,863,51795,0,0,0.0,0.0,0.0,1000.0,3.6,1.0,budget_depleted,1000.0
36,863,51810,0,0,0.0,0.0,0.0,1000.0,3.6,1.0,budget_depleted,1000.0
36,863,51825,0,0,0.0,0.0,0.0,1000.0,3.6,1.0,budget_depleted,1000.0
37,864,51840,0,0,0.0,0.0,0.0,1000.0,1.08,1.0,normal,0.0
37,864,51855,1,0,1.08,1.08,1.08,1000.0,1.08,1.0,normal,1.08
37,864,51870,0,0,0.0,0.0,0.5168,1000.0,1.08,1.0,normal,1.08
37,864,51885,2,0,2.16,2.16,1.08,1000.0,1.08,1.0,normal,3.24
37,865,51900,4,0,4.32,4.32,1.08,1000.0,1.08,1.0,normal,7.56
37,865,51915,6,0,6.48,6.48,1.08,1000.0,1.08,1.0,normal,14.04
37,865,51930,1,0,0.274,0.274,0.274,1000.0,1.08,1.0,normal,14.314
37,865,51945,5,0,3.7739,3.7739,0.7548,1000.0,1.08,1.0,normal,18.0879
37,866,51960,1,0,0.5261,0.5261,0.5261,1000.0,1.08,1.0,normal,18.614
37,866,51975,5,0,5.4,5.4,1.08,1000.0,1.08,1.0,normal,24.014
37,866,51990,2,0,1.9301,1.9301,0.9651,1000.0,1.08,1.0,normal,25.9441
37,866,52005,3,0,3.24,3.24,1.08,1000.0,1.08,1.0,normal,29.1841
37,867,52020,4,0,4.32,4.32,1.08,1000.0,1.08,1.0,normal,33.5041
37,867,52035,1,0,0.5169,0.5169,0.5169,1000.0,1.08,1.0,normal,34.021
37,867,52050,4,0,4.32,4.32,1.08,1000.0,1.08,1.0,normal,38.341
37,867,52065,1,0,1.08,1.08,1.08,1000.0,1.08,1.0,normal,39.421
37,868,52080,4,0,3.6346,3.6346,0.9086,1000.0,1.21,1.0,normal,43.0556
37,868,52095,3,1,0.2554,0.2554,0.0851,1000.0,1.21,1.0,normal,43.311
37,868,52110,2,0,2.42,2.42,1.21,1000.0,1.21,1.0,normal,45.731
37,868,52125,2,0,2.42,2.42,1.21,1000.0,1.21,1.0,normal,48.151
37,869,52140,3,0,3.75,3.75,1.25,1000.0,1.25,1.0,normal,51.901
37,869,52155,1,0,0.5985,0.5985,0.5985,1000.0,1.25,1.0,normal,52.4995
37,869,52170,1,0,1.25,1.25,1.25,1000.0,1.25,1.0,normal,53.7495
37,869,52185,3,0,3.75,3.75,1.25,1000.0,1.25,1.0,normal,57.4995
37,870,52200,2,0,2.54,2.54,1.27,1000.0,1.27,1.0,normal,60.0395
37,870,52215,3,0,3.81,3.81,1.27,1000.0,1.27,1.0,normal,63.8495
37,870,52230,3,0,0.1689,0.1689,0.0563,1000.0,1.27,1.0,normal,64.0184
37,870,52245,2,0,1.4122,1.4122,0.7061,1000.0,1.27,1.0,normal,65.4306
37,871,52260,4,0,5.24,5.24,1.31,1000.0,1.31,1.0,normal,70.6706
37,871,52275,4,0,5.24,5.24,1.31,1000.0,1.31,1.0,normal,75.9106
37,871,52290,0,0,0.0,0.0,1.31,1000.0,1.31,1.0,normal,75.9106
37,871,52305,7,1,5.0488,5.0488,0.7213,1000.0,1.31,1.0,normal,80.9594
37,872,52320,2,0,0.3958,0.3958,0.1979,1000.0,1.47,1.0,normal,81.3552
37,872,52335,5,0,4.1545,4.1545,0.8309,1000.0,1.47,1.0,normal,85.5097
37,872,52350,4,0,5.88,5.88,1.47,1000.0,1.47,1.0,normal,91.3897
37,872,52365,3,0,4.41,4.41,1.47,1000.0,1.47,1.0,normal,95.7997
37,873,52380,5,0,3.917,3.917,0.7834,1000.0,1.5,1.0,normal,99.7167
37,873,52395,3,0,3.0854,3.0854,1.0285,1000.0,1.5,1.0,normal,102.8021
37,873,52410,6,0,9.0,9.0,1.5,1000.0,1.5,1.0,normal,111.8021
37,873,52425,5,0,7.5,7.5,1.5,1000.0,1.5,1.0,normal,119.3021
37,874,52440,1,0,1.55,1.55,1.55,1000.0,1.55,1.0,normal,120.8521
37,874,52455,3,0,4.65,4.65,1.55,1000.0,1.55,1.0,normal,125.5021
37,874,52470,9,0,13.95,13.95,1.55,1000.0,1.55,1.0,normal,139.4521
37,874,52485,7,1,10.85,10.85,1.55,1000.0,1.55,1.0,normal,150.3021
37,875,52500,1,0,1.1742,1.1742,1.1742,1000.0,1.6,1.0,normal,151.4763
37,875,52515,2,0,3.2,3.2,1.6,1000.0,1.6,1.0,normal,154.6763
37,875,52530,2,0,3.2,3.2,1.6,1000.0,1.6,1.0,normal,157.8763
37,875,52545,3,0,4.8,4.8,1.6,1000.0,1.6,1.0,normal,162.6763
37,876,52560,3,0,4.4482,4.4482,1.4827,1000.0,1.79,1.0,normal,167.1245
37,876,52575,5,0,4.9356,4.9356,0.9871,1000.0,1.79,1.0,normal,172.0601
37,876,52590,3,0,5.37,5.37,1.79,1000.0,1.79,1.0,normal,177.4301
37,876,52605,2,0,0.9589,0.9589,0.4795,1000.0,1.79,1.0,normal,178.389
37,877,52620,9,1,16.11,16.11,1.79,1000.0,1.79,1.0,normal,194.499
37,877,52635,1,0,1.3262,1.3262,1.3262,1000.0,1.79,1.0,normal,195.8252
37,877,52650,4,0,3.8812,3.8812,0.9703,1000.0,1.79,1.0,normal,199.7064
37,877,52665,2,0,3.0337,3.0337,1.5169,1000.0,1.79,1.0,normal,202.7401
37,878,52680,7,0,0.9823,0.9823,0.1403,1000.0,1.85,1.0,normal,203.7224
37,878,52695,4,0,4.5073,4.5073,1.1268,1000.0,1.85,1.0,normal,208.2297
37,878,52710,7,0,12.95,12.95,1.85,1000.0,1.85,1.0,normal,221.1797
37,878,52725,2,0,1.4373,1.4373,0.7186,1000.0,1.85,1.0,normal,222.617
37,879,52740,3,0,5.73,5.73,1.91,1000.0,1.91,1.0,normal,228.347
37,879,52755,2,0,3.5851,3.5851,1.7926,1000.0,1.91,1.0,normal,231.9321
37,879,52770,5,0,9.55,9.55,1.91,1000.0,1.91,1.0,normal,241.4821
37,879,52785,4,0,2.6574,2.6574,0.6643,1000.0,1.91,1.0,normal,244.1395
37,880,52800,2,0,2.7474,2.7474,1.3737,1000.0,2.14,1.0,normal,246.8869
37,880,52815,7,0,12.1904,12.1904,1.7415,1000.0,2.14,1.0,normal,259.0773
37,880,52830,4,0,6.7858,6.7858,1.6965,1000.0,2.14,1.0,normal,265.8631
37,880,52845,3,0,3.1291,3.1291,1.043,1000.0,2.14,1.0,normal,268.9922
37,881,52860,4,0,8.84,8.84,2.21,1000.0,2.21,1.0,normal,277.8322
37,881,52875,9,0,19.89,19.89,2.21,1000.0,2.21,1.0,normal,297.7222
37,881,52890,4,0,8.84,8.84,2.21,1000.0,2.21,1.0,normal,306.5622
37,881,52905,4,0,8.4771,8.4771,2.1193,1000.0,2.21,1.0,normal,315.0393
37,882,52920,3,0,6.87,6.87,2.29,1000.0,2.29,1.0,normal,321.9093
37,882,52935,6,1,8.0291,8.0291,1.3382,1000.0,2.29,1.0,normal,329.9384
37,882,52950,4,0,7.6502,7.6502,1.9125,1000.0,2.29,1.0,normal,337.5886
37,882,52965,5,0,11.45,11.45,2.29,1000.0,2.29,1.0,normal,349.0386
37,883,52980,7,0,5.9429,5.9429,0.849,1000.0,2.37,1.0,normal,354.9815
37,883,52995,6,0,10.7884,10.7884,1.7981,1000.0,2.37,1.0,normal,365.7699
37,883,53010,5,1,10.0245,10.0245,2.0049,1000.0,2.37,1.0,normal,375.7944
37,883,53025,5,0,8.695,8.695,1.739,1000.0,2.37,1.0,normal,384.4894
37,884,53040,2,0,0.02,0.02,0.01,1000.0,0.01,1.0,normal,384.5094
37,884,53055,0,0,0.0,0.0,0.01,1000.0,0.01,1.0,normal,384.5094
37,884,53070,0,0,0.0,0.0,0.01,1000.0,0.01,1.0,normal,384.5094
37,884,53085,0,0,0.0,0.0,0.01,1000.0,0.01,1.0,normal,384.5094
37,885,53100,0,0,0.0,0.0,0.01,1000.0,0.01,1.0,normal,384.5094
37,885,53115,0,0,0.0,0.0,0.01,1000.0,0.01,1.0,normal,384.5094
37,885,53130,1,0,0.01,0.01,0.01,1000.0,0.01,1.0,normal,384.5194
37,885,53145,0,0,0.0,0.0,0.01,1000.0,0.01,1.0,normal,384.5194
37,886,53160,0,0,0.0,0.0,0.01,1000.0,0.01,1.0,normal,384.5194
37,886,53175,0,0,0.0,0.0,0.01,1000.0,0.01,1.0,normal,384.5194
37,886,53190,0,0,0.0,0.0,0.01,1000.0,0.01,1.0,normal,384.5194
37,886,53205,0,0,0.0,0.0,0.01,1000.0,0.01,1.0,normal,384.5194
37,887,53220,0,0,0.0,0.0,0.01,1000.0,0.01,1.0,normal,384.5194
37,887,53235,0,0,0.0,0.0,0.01,1000.0,0.01,1.0,normal,384.5194
37,887,53250,0,0,0.0,0.0,0.01,1000.0,0.01,1.0,normal,384.5194
37,887,53265,0,0,0.0,0.0,0.01,1000.0,0.01,1.0,normal,384.5194
