current_day,current_hour,current_minute,clicks,leads,spend,cpa,realized_cpc,daily_budget,max_bid,volatility,budget_status,current_day_spend
8,168,10080,0,0,0.0,0.0,4.38,700.0,4.38,1.0,normal,0.0
8,168,10095,24,1,58.6662,58.6662,2.4444,700.0,4.38,1.0,normal,58.6662
8,168,10110,5,0,5.8621,5.8621,1.1724,700.0,4.38,1.0,normal,64.5283
8,168,10125,16,0,44.7596,44.7596,2.7975,700.0,4.38,1.0,normal,109.2879
8,169,10140,8,1,9.1572,9.1572,1.1446,700.0,4.29,1.0,normal,118.4451
8,169,10155,14,0,19.2862,19.2862,1.3776,700.0,4.29,1.0,normal,137.7313
8,169,10170,13,0,34.8242,34.8242,2.6788,700.0,4.29,1.0,normal,172.5555
8,169,10185,8,0,20.6386,20.6386,2.5798,700.0,4.29,1.0,normal,193.1941
8,170,10200,10,0,21.4782,21.4782,2.1478,700.0,4.2,1.0,normal,214.6723
8,170,10215,11,0,10.8728,10.8728,0.9884,700.0,4.2,1.0,normal,225.5451
8,170,10230,7,0,29.4,29.4,4.2,700.0,4.2,1.0,normal,254.9451
8,170,10245,9,0,19.9439,19.9439,2.216,700.0,4.2,1.0,normal,274.889
8,171,10260,11,0,21.0947,21.0947,1.9177,700.0,4.03,1.0,normal,295.9837
8,171,10275,13,1,4.9333,4.9333,0.3795,700.0,4.03,1.0,normal,300.917
8,171,10290,11,0,31.8054,31.8054,2.8914,700.0,4.03,1.0,normal,332.7224
8,171,10305,11,1,44.33,44.33,4.03,700.0,4.03,1.0,normal,377.0524
8,172,10320,15,0,18.4691,18.4691,1.2313,700.0,4.03,1.0,normal,395.5215
8,172,10335,5,0,11.5586,11.5586,2.3117,700.0,4.03,1.0,normal,407.0801
8,172,10350,7,0,21.9654,21.9654,3.1379,700.0,4.03,1.0,normal,429.0455
8,172,10365,16,0,47.9149,47.9149,2.9947,700.0,4.03,1.0,normal,476.9604
8,173,10380,6,0,23.4,23.4,3.9,700.0,3.9,1.0,normal,500.3604
8,173,10395,12,1,46.8,46.8,3.9,700.0,3.9,1.0,normal,547.1604
8,173,10410,9,0,35.1,35.1,3.9,700.0,3.9,1.0,normal,582.2604
8,173,10425,16,0,57.462,57.462,3.5914,700.0,3.9,1.0,budget_constrained,639.7224
8,174,10440,15,1,56.4,56.4,3.76,700.0,3.76,1.0,budget_constrained,696.1224
8,174,10455,1,0,3.8776,3.8776,3.618,700.0,3.76,1.0,budget_depleted,700.0
8,174,10470,0,0,0.0,0.0,0.0,700.0,3.76,1.0,budget_depleted,700.0
8,174,10485,0,0,0.0,0.0,0.0,700.0,3.76,1.0,budget_depleted,700.0
8,175,10500,0,0,0.0,0.0,0.0,700.0,3.63,1.0,budget_depleted,700.0
8,175,10515,0,0,0.0,0.0,0.0,700.0,3.63,1.0,budget_depleted,700.0
8,175,10530,0,0,0.0,0.0,0.0,700.0,3.63,1.0,budget_depleted,700.0
8,175,10545,0,0,0.0,0.0,0.0,700.0,3.63,1.0,budget_depleted,700.0
8,176,10560,0,0,0.0,0.0,0.0,700.0,3.63,1.0,budget_depleted,700.0
8,176,10575,0,0,0.0,0.0,0.0,700.0,3.63,1.0,budget_depleted,700.0
8,176,10590,0,0,0.0,0.0,0.0,700.0,3.63,1.0,budget_depleted,700.0
8,176,10605,0,0,0.0,0.0,0.0,700.0,3.63,1.0,budget_depleted,700.0
8,177,10620,0,0,0.0,0.0,0.0,700.0,2.98,1.0,budget_depleted,700.0
8,177,10635,0,0,0.0,0.0,0.0,700.0,2.98,1.0,budget_depleted,700.0
8,177,10650,0,0,0.0,0.0,0.0,700.0,2.98,1.0,budget_depleted,700.0
8,177,10665,0,0,0.0,0.0,0.0,700.0,2.98,1.0,budget_depleted,700.0
8,178,10680,0,0,0.0,0.0,0.0,700.0,2.44,1.0,budget_depleted,700.0
8,178,10695,0,0,0.0,0.0,0.0,700.0,2.44,1.0,budget_depleted,700.0
8,178,10710,0,0,0.0,0.0,0.0,700.0,2.44,1.0,budget_depleted,700.0
8,178,10725,0,0,0.0,0.0,0.0,700.0,2.44,1.0,budget_depleted,700.0
8,179,10740,0,0,0.0,0.0,0.0,700.0,1.21,1.0,budget_depleted,700.0
8,179,10755,0,0,0.0,0.0,0.0,700.0,1.21,1.0,budget_depleted,700.0
8,179,10770,0,0,0.0,0.0,0.0,700.0,1.21,1.0,budget_depleted,700.0
8,179,10785,0,0,0.0,0.0,0.0,700.0,1.21,1.0,budget_depleted,700.0
8,180,10800,0,0,0.0,0.0,0.0,700.0,1.21,1.0,budget_depleted,700.0
8,180,10815,0,0,0.0,0.0,0.0,700.0,1.21,1.0,budget_depleted,700.0
8,180,10830,0,0,0.0,0.0,0.0,700.0,1.21,1.0,budget_depleted,700.0
8,180,10845,0,0,0.0,0.0,0.0,700.0,1.21,1.0,budget_depleted,700.0
8,181,10860,0,0,0.0,0.0,0.0,700.0,1.13,1.0,budget_depleted,700.0
8,181,10875,0,0,0.0,0.0,0.0,700.0,1.13,1.0,budget_depleted,700.0
8,181,10890,0,0,0.0,0.0,0.0,700.0,1.13,1.0,budget_depleted,700.0
8,181,10905,0,0,0.0,0.0,0.0,700.0,1.13,1.0,budget_depleted,700.0
8,182,10920,0,0,0.0,0.0,0.0,700.0,1.05,1.0,budget_depleted,700.0
8,182,10935,0,0,0.0,0.0,0.0,700.0,1.05,1.0,budget_depleted,700.0
8,182,10950,0,0,0.0,0.0,0.0,700.0,1.05,1.0,budget_depleted,700.0
8,182,10965,0,0,0.0,0.0,0.0,700.0,1.05,1.0,budget_depleted,700.0
8,183,10980,0,0,0.0,0.0,0.0,700.0,0.97,1.0,budget_depleted,700.0
8,183,10995,0,0,0.0,0.0,0.0,700.0,0.97,1.0,budget_depleted,700.0
8,183,11010,0,0,0.0,0.0,0.0,700.0,0.97,1.0,budget_depleted,700.0
8,183,11025,0,0,0.0,0.0,0.0,700.0,0.97,1.0,budget_depleted,700.0
8,184,11040,0,0,0.0,0.0,0.0,700.0,1.21,1.0,budget_depleted,700.0
8,184,11055,0,0,0.0,0.0,0.0,700.0,1.21,1.0,budget_depleted,700.0
8,184,11070,0,0,0.0,0.0,0.0,700.0,1.21,1.0,budget_depleted,700.0
8,184,11085,0,0,0.0,0.0,0.0,700.0,1.21,1.0,budget_depleted,700.0
8,185,11100,0,0,0.0,0.0,0.0,700.0,1.13,1.0,budget_depleted,700.0
8,185,11115,0,0,0.0,0.0,0.0,700.0,1.13,1.0,budget_depleted,700.0
8,185,11130,0,0,0.0,0.0,0.0,700.0,1.13,1.0,budget_depleted,700.0
8,185,11145,0,0,0.0,0.0,0.0,700.0,1.13,1.0,budget_depleted,700.0
8,186,11160,0,0,0.0,0.0,0.0,700.0,1.05,1.0,budget_depleted,700.0
8,186,11175,0,0,0.0,0.0,0.0,700.0,1.05,1.0,budget_depleted,700.0
8,186,11190,0,0,0.0,0.0,0.0,700.0,1.05,1.0,budget_depleted,700.0
8,186,11205,0,0,0.0,0.0,0.0,700.0,1.05,1.0,budget_depleted,700.0
8,187,11220,0,0,0.0,0.0,0.0,700.0,1.26,1.0,budget_depleted,700.0
8,187,11235,0,0,0.0,0.0,0.0,700.0,1.26,1.0,budget_depleted,700.0
8,187,11250,0,0,0.0,0.0,0.0,700.0,1.26,1.0,budget_depleted,700.0
8,187,11265,0,0,0.0,0.0,0.0,700.0,1.26,1.0,budget_depleted,700.0
8,188,11280,0,0,0.0,0.0,0.0,700.0,1.26,1.0,budget_depleted,700.0
8,188,11295,0,0,0.0,0.0,0.0,700.0,1.26,1.0,budget_depleted,700.0
8,188,11310,0,0,0.0,0.0,0.0,700.0,1.26,1.0,budget_depleted,700.0
8,188,11325,0,0,0.0,0.0,0.0,700.0,1.26,1.0,budget_depleted,700.0
8,189,11340,0,0,0.0,0.0,0.0,700.0,1.3,1.0,budget_depleted,700.0
8,189,11355,0,0,0.0,0.0,0.0,700.0,1.3,1.0,budget_depleted,700.0
8,189,11370,0,0,0.0,0.0,0.0,700.0,1.3,1.0,budget_depleted,700.0
8,189,11385,0,0,0.0,0.0,0.0,700.0,1.3,1.0,budget_depleted,700.0
8,190,11400,0,0,0.0,0.0,0.0,700.0,1.3,1.0,budget_depleted,700.0
8,190,11415,0,0,0.0,0.0,0.0,700.0,1.3,1.0,budget_depleted,700.0
8,190,11430,0,0,0.0,0.0,0.0,700.0,1.3,1.0,budget_depleted,700.0
8,190,11445,0,0,0.0,0.0,0.0,700.0,1.3,1.0,budget_depleted,700.0
8,191,11460,0,0,0.0,0.0,0.0,700.0,1.3,1.0,budget_depleted,700.0
8,191,11475,0,0,0.0,0.0,0.0,700.0,1.3,1.0,budget_depleted,700.0
8,191,11490,0,0,0.0,0.0,0.0,700.0,1.3,1.0,budget_depleted,700.0
8,191,11505,0,0,0.0,0.0,0.0,700.0,1.3,1.0,budget_depleted,700.0
9,192,11520,0,0,0.0,0.0,0.0,700.0,1.3,1.0,normal,0.0
9,192,11535,4,2,3.8139,1.907,0.9535,700.0,1.3,1.0,normal,3.8139
9,192,11550,4,0,5.2,5.2,1.3,700.0,1.3,1.0,normal,9.0139
9,192,11565,1,0,0.5462,0.5462,0.5462,700.0,1.3,1.0,normal,9.5601
9,193,11580,4,0,4.6906,4.6906,1.1727,700.0,1.37,1.0,normal,14.2507
9,193,11595,5,0,6.85,6.85,1.37,700.0,1.37,1.0,normal,21.1007
9,193,11610,3,0,4.11,4.11,1.37,700.0,1.37,1.0,normal,25.2107
9,193,11625,6,0,7.7143,7.7143,1.2857,700.0,1.37,1.0,normal,32.925
9,194,11640,4,0,1.9368,1.9368,0.4842,700.0,1.44,1.0,normal,34.8618
9,194,11655,4,0,0.032,0.032,0.008,700.0,1.44,1.0,normal,34.8938
9,194,11670,4,0,5.76,5.76,1.44,700.0,1.44,1.0,normal,40.6538
9,194,11685,4,0,0.0675,0.0675,0.0169,700.0,1.44,1.0,normal,40.7213
9,195,11700,1,0,1.48,1.48,1.48,700.0,1.48,1.0,normal,42.2013
9,195,11715,5,0,7.4,7.4,1.48,700.0,1.48,1.0,normal,49.6013
9,195,11730,5,0,7.4,7.4,1.48,700.0,1.48,1.0,normal,57.0013
9,195,11745,1,0,0.2506,0.2506,0.2506,700.0,1.48,1.0,normal,57.2519
9,196,11760,6,1,5.9197,5.9197,0.9866,700.0,1.48,1.0,normal,63.1716
9,196,11775,4,0,4.4712,4.4712,1.1178,700.0,1.48,1.0,normal,67.6428
9,196,11790,3,0,3.8385,3.8385,1.2795,700.0,1.48,1.0,normal,71.4813
9,196,11805,4,0,0.4207,0.4207,0.1052,700.0,1.48,1.0,normal,71.902
9,197,11820,2,0,3.1,3.1,1.55,700.0,1.55,1.0,normal,75.002
9,197,11835,1,0,1.55,1.55,1.55,700.0,1.55,1.0,normal,76.552
9,197,11850,3,0,0.8318,0.8318,0.2773,700.0,1.55,1.0,normal,77.3838
9,197,11865,1,0,1.55,1.55,1.55,700.0,1.55,1.0,normal,78.9338
9,198,11880,2,0,3.38,3.38,1.69,700.0,1.69,1.0,normal,82.3138
9,198,11895,3,1,5.07,5.07,1.69,700.0,1.69,1.0,normal,87.3838
9,198,11910,3,0,4.2971,4.2971,1.4324,700.0,1.69,1.0,normal,91.6809
9,198,11925,7,0,11.3955,11.3955,1.6279,700.0,1.69,1.0,normal,103.0764
9,199,11940,4,1,3.7633,3.7633,0.9408,700.0,1.66,1.0,normal,106.8397
9,199,11955,12,0,19.92,19.92,1.66,700.0,1.66,1.0,normal,126.7597
9,199,11970,4,0,6.64,6.64,1.66,700.0,1.66,1.0,normal,133.3997
9,199,11985,3,0,4.98,4.98,1.66,700.0,1.66,1.0,normal,138.3797
9,200,12000,2,0,3.32,3.32,1.66,700.0,1.66,1.0,normal,141.6997
9,200,12015,4,0,1.2252,1.2252,0.3063,700.0,1.66,1.0,normal,142.9249
9,200,12030,3,0,4.98,4.98,1.66,700.0,1.66,1.0,normal,147.9049
9,200,12045,5,0,7.06,7.06,1.412,700.0,1.66,1.0,normal,154.9649
9,201,12060,4,0,7.24,7.24,1.81,700.0,1.81,1.0,normal,162.2049
9,201,12075,5,0,1.5956,1.5956,0.3191,700.0,1.81,1.0,normal,163.8005
9,201,12090,6,1,10.86,10.86,1.81,700.0,1.81,1.0,normal,174.6605
9,201,12105,6,0,10.86,10.86,1.81,700.0,1.81,1.0,normal,185.5205
9,202,12120,6,1,9.135,9.135,1.5225,700.0,1.89,1.0,normal,194.6555
9,202,12135,3,0,5.67,5.67,1.89,700.0,1.89,1.0,normal,200.3255
9,202,12150,4,0,0.0036,0.0036,0.0009,700.0,1.89,1.0,normal,200.3291
9,202,12165,7,0,13.23,13.23,1.89,700.0,1.89,1.0,normal,213.5591
9,203,12180,3,0,1.8729,1.8729,0.6243,700.0,1.84,1.0,normal,215.432
9,203,12195,7,0,12.88,12.88,1.84,700.0,1.84,1.0,normal,228.312
9,203,12210,9,0,16.56,16.56,1.84,700.0,1.84,1.0,normal,244.872
9,203,12225,3,0,3.3268,3.3268,1.1089,700.0,1.84,1.0,normal,248.1988
9,204,12240,6,0,11.04,11.04,1.84,700.0,1.84,1.0,normal,259.2388
9,204,12255,3,0,5.52,5.52,1.84,700.0,1.84,1.0,normal,264.7588
9,204,12270,6,0,11.04,11.04,1.84,700.0,1.84,1.0,normal,275.7988
9,204,12285,2,0,3.68,3.68,1.84,700.0,1.84,1.0,normal,279.4788
9,205,12300,6,0,11.4522,11.4522,1.9087,700.0,1.93,1.0,normal,290.931
9,205,12315,3,0,2.3737,2.3737,0.7912,700.0,1.93,1.0,normal,293.3047
9,205,12330,7,0,2.8511,2.8511,0.4073,700.0,1.93,1.0,normal,296.1558
9,205,12345,6,0,10.0287,10.0287,1.6715,700.0,1.93,1.0,normal,306.1845
9,206,12360,3,0,6.09,6.09,2.03,700.0,2.03,1.0,normal,312.2745
9,206,12375,2,0,4.06,4.06,2.03,700.0,2.03,1.0,normal,316.3345
9,206,12390,1,0,1.1921,1.1921,1.1921,700.0,2.03,1.0,normal,317.5266
9,206,12405,3,0,1.2034,1.2034,0.4011,700.0,2.03,1.0,normal,318.73
9,207,12420,6,0,10.2,10.2,1.7,700.0,2.1,1.0,normal,328.93
9,207,12435,2,0,4.2,4.2,2.1,700.0,2.1,1.0,normal,333.13
9,207,12450,4,1,8.4,8.4,2.1,700.0,2.1,1.0,normal,341.53
9,207,12465,9,0,18.9,18.9,2.1,700.0,2.1,1.0,normal,360.43
9,208,12480,3,0,3.8427,3.8427,1.2809,700.0,2.1,1.0,normal,364.2727
9,208,12495,6,0,3.0287,3.0287,0.5048,700.0,2.1,1.0,normal,367.3014
9,208,12510,4,0,8.4,8.4,2.1,700.0,2.1,1.0,normal,375.7014
9,208,12525,6,0,9.0977,9.0977,1.5163,700.0,2.1,1.0,normal,384.7991
9,209,12540,5,1,11.05,11.05,2.21,700.0,2.21,1.0,normal,395.8491
9,209,12555,7,0,15.47,15.47,2.21,700.0,2.21,1.0,normal,411.3191
9,209,12570,7,0,15.47,15.47,2.21,700.0,2.21,1.0,normal,426.7891
9,209,12585,0,0,0.0,0.0,0.873,700.0,2.21,1.0,normal,426.7891
9,210,12600,4,0,9.28,9.28,2.32,700.0,2.32,1.0,normal,436.0691
9,210,12615,7,0,16.24,16.24,2.32,700.0,2.32,1.0,normal,452.3091
9,210,12630,10,0,13.0587,13.0587,1.3059,700.0,2.32,1.0,normal,465.3678
9,210,12645,5,0,11.6,11.6,2.32,700.0,2.32,1.0,normal,476.9678
9,211,12660,8,1,5.216,5.216,0.652,700.0,2.39,1.0,normal,482.1838
9,211,12675,1,0,1.7327,1.7327,1.7327,700.0,2.39,1.0,normal,483.9165
9,211,12690,10,1,23.9,23.9,2.39,700.0,2.39,1.0,normal,507.8165
9,211,12705,6,0,13.6259,13.6259,2.271,700.0,2.39,1.0,normal,521.4424
9,212,12720,4,0,9.56,9.56,2.39,700.0,2.39,1.0,normal,531.0024
9,212,12735,4,1,3.946,3.946,0.9865,700.0,2.39,1.0,normal,534.9484
9,212,12750,3,0,7.17,7.17,2.39,700.0,2.39,1.0,normal,542.1184
9,212,12765,5,0,5.0863,5.0863,1.0173,700.0,2.39,1.0,normal,547.2047
9,213,12780,6,0,5.8646,5.8646,0.9774,700.0,2.51,1.0,normal,553.0693
9,213,12795,6,0,4.062,4.062,0.677,700.0,2.51,1.0,normal,557.1313
9,213,12810,8,0,20.08,20.08,2.51,700.0,2.51,1.0,normal,577.2113
9,213,12825,5,0,6.5026,6.5026,1.3005,700.0,2.51,1.0,normal,583.7139
9,214,12840,4,0,3.9885,3.9885,0.9971,700.0,4.07,1.0,normal,587.7024
9,214,12855,14,0,5.3762,5.3762,0.384,700.0,4.07,1.0,normal,593.0786
9,214,12870,7,1,26.4456,26.4456,3.7779,700.0,4.07,1.0,normal,619.5242
9,214,12885,7,0,15.9034,15.9034,2.2719,700.0,4.07,1.0,budget_constrained,635.4276
9,215,12900,16,0,13.3498,13.3498,0.8344,700.0,5.3,1.0,budget_constrained,648.7774
9,215,12915,13,1,27.335,27.335,2.1027,700.0,5.3,1.0,budget_constrained,676.1124
9,215,12930,8,0,4.1598,4.1598,0.52,700.0,5.3,1.0,budget_constrained,680.2722
9,215,12945,6,0,19.7278,19.7278,2.9397,700.0,5.3,1.0,budget_constrained,700.0
10,216,12960,0,0,0.0,0.0,0.01,700.0,0.01,1.0,normal,0.0
10,216,12975,0,0,0.0,0.0,0.01,700.0,0.01,1.0,normal,0.0
10,216,12990,0,0,0.0,0.0,0.01,700.0,0.01,1.0,normal,0.0
10,216,13005,0,0,0.0,0.0,0.01,700.0,0.01,1.0,normal,0.0
10,217,13020,0,0,0.0,0.0,0.01,700.0,0.01,1.0,normal,0.0
10,217,13035,0,0,0.0,0.0,0.01,700.0,0.01,1.0,normal,0.0
10,217,13050,0,0,0.0,0.0,0.01,700.0,0.01,1.0,normal,0.0
10,217,13065,0,0,0.0,0.0,0.01,700.0,0.01,1.0,normal,0.0
10,218,13080,0,0,0.0,0.0,0.01,700.0,0.01,1.0,normal,0.0
10,218,13095,0,0,0.0,0.0,0.01,700.0,0.01,1.0,normal,0.0
10,218,13110,0,0,0.0,0.0,0.01,700.0,0.01,1.0,normal,0.0
10,218,13125,0,0,0.0,0.0,0.01,700.0,0.01,1.0,normal,0.0
10,219,13140,0,0,0.0,0.0,0.01,700.0,0.01,1.0,normal,0.0
10,219,13155,0,0,0.0,0.0,0.01,700.0,0.01,1.0,normal,0.0
10,219,13170,0,0,0.0,0.0,0.01,700.0,0.01,1.0,normal,0.0
10,219,13185,0,0,0.0,0.0,0.01,700.0,0.01,1.0,normal,0.0
10,220,13200,8,0,33.4922,33.4922,4.1865,700.0,4.2,1.0,normal,33.4922
10,220,13215,9,1,7.4723,7.4723,0.8303,700.0,4.2,1.0,normal,40.9645
10,220,13230,15,0,63.0,63.0,4.2,700.0,4.2,1.0,normal,103.9645
10,220,13245,12,0,8.0915,8.0915,0.6743,700.0,4.2,1.0,normal,112.056
10,221,13260,16,0,3.2841,3.2841,0.2053,700.0,4.35,1.0,normal,115.3401
10,221,13275,16,0,8.3716,8.3716,0.5232,700.0,4.35,1.0,normal,123.7117
10,221,13290,13,1,42.0647,42.0647,3.2357,700.0,4.35,1.0,normal,165.7764
10,221,13305,10,0,21.5703,21.5703,2.157,700.0,4.35,1.0,normal,187.3467
10,222,13320,11,0,23.7224,23.7224,2.1566,700.0,4.5,1.0,normal,211.0691
10,222,13335,10,0,13.9424,13.9424,1.3942,700.0,4.5,1.0,normal,225.0115
10,222,13350,4,0,6.1346,6.1346,1.5336,700.0,4.5,1.0,normal,231.1461
10,222,13365,5,0,19.1301,19.1301,3.826,700.0,4.5,1.0,normal,250.2762
10,223,13380,8,0,31.8501,31.8501,3.9813,700.0,4.2,1.0,normal,282.1263
10,223,13395,9,0,1.9367,1.9367,0.2152,700.0,4.2,1.0,normal,284.063
10,223,13410,9,0,29.5502,29.5502,3.2834,700.0,4.2,1.0,normal,313.6132
10,223,13425,7,0,9.2382,9.2382,1.3197,700.0,4.2,1.0,normal,322.8514
10,224,13440,15,1,58.6869,58.6869,3.9125,700.0,4.2,1.0,normal,381.5383
10,224,13455,9,0,22.5295,22.5295,2.5033,700.0,4.2,1.0,normal,404.0678
10,224,13470,9,0,22.5271,22.5271,2.503,700.0,4.2,1.0,normal,426.5949
10,224,13485,10,0,33.8537,33.8537,3.3854,700.0,4.2,1.0,normal,460.4486
10,225,13500,8,0,10.303,10.303,1.2879,700.0,3.99,1.0,normal,470.7516
10,225,13515,12,0,30.1742,30.1742,2.5145,700.0,3.99,1.0,normal,500.9258
10,225,13530,10,0,6.5,6.5,0.65,700.0,3.99,1.0,normal,507.4258
10,225,13545,14,0,51.4242,51.4242,3.6732,700.0,3.99,1.0,normal,558.85
10,226,13560,5,0,18.95,18.95,3.79,700.0,3.79,1.0,normal,577.8
10,226,13575,19,0,52.7002,52.7002,2.7737,700.0,3.79,1.0,budget_constrained,630.5002
10,226,13590,7,1,26.53,26.53,3.79,700.0,3.79,1.0,budget_constrained,657.0302
10,226,13605,20,0,18.6176,18.6176,0.9309,700.0,3.79,1.0,budget_constrained,675.6478
10,227,13620,12,1,17.2057,17.2057,1.4338,700.0,4.2,1.0,budget_constrained,692.8535
10,227,13635,1,0,7.1465,7.1465,4.2,700.0,4.2,1.0,budget_constrained,700.0
10,227,13650,0,0,0.0,0.0,0.4126,700.0,4.2,1.0,budget_constrained,700.0
10,227,13665,0,0,0.0,0.0,0.5941,700.0,4.2,1.0,budget_constrained,700.0
10,228,13680,0,0,0.0,0.0,0.01,700.0,0.01,1.0,budget_constrained,700.0
10,228,13695,0,0,0.0,0.0,0.01,700.0,0.01,1.0,budget_constrained,700.0
10,228,13710,0,0,0.0,0.0,0.01,700.0,0.01,1.0,budget_constrained,700.0
10,228,13725,0,0,0.0,0.0,0.01,700.0,0.01,1.0,budget_constrained,700.0
10,229,13740,0,0,0.0,0.0,0.01,700.0,0.01,1.0,budget_constrained,700.0
10,229,13755,0,0,0.0,0.0,0.01,700.0,0.01,1.0,budget_constrained,700.0
10,229,13770,0,0,0.0,0.0,0.01,700.0,0.01,1.0,budget_constrained,700.0
10,229,13785,0,0,0.0,0.0,0.01,700.0,0.01,1.0,budget_constrained,700.0
10,230,13800,0,0,0.0,0.0,0.01,700.0,0.01,1.0,budget_constrained,700.0
10,230,13815,0,0,0.0,0.0,0.01,700.0,0.01,1.0,budget_constrained,700.0
10,230,13830,0,0,0.0,0.0,0.01,700.0,0.01,1.0,budget_constrained,700.0
10,230,13845,0,0,0.0,0.0,0.01,700.0,0.01,1.0,budget_constrained,700.0
10,231,13860,0,0,0.0,0.0,0.01,700.0,0.01,1.0,budget_constrained,700.0
10,231,13875,0,0,0.0,0.0,0.01,700.0,0.01,1.0,budget_constrained,700.0
10,231,13890,0,0,0.0,0.0,0.01,700.0,0.01,1.0,budget_constrained,700.0
10,231,13905,0,0,0.0,0.0,0.01,700.0,0.01,1.0,budget_constrained,700.0
10,232,13920,0,0,0.0,0.0,4.2,700.0,4.2,1.0,budget_constrained,700.0
10,232,13935,0,0,0.0,0.0,3.3075,700.0,4.2,1.0,budget_constrained,700.0
10,232,13950,0,0,0.0,0.0,0.8022,700.0,4.2,1.0,budget_constrained,700.0
10,232,13965,0,0,0.0,0.0,1.2345,700.0,4.2,1.0,budget_constrained,700.0
10,233,13980,0,0,0.0,0.0,0.4832,700.0,4.2,1.0,budget_constrained,700.0
10,233,13995,0,0,0.0,0.0,4.2,700.0,4.2,1.0,budget_constrained,700.0
10,233,14010,0,0,0.0,0.0,3.1085,700.0,4.2,1.0,budget_constrained,700.0
10,233,14025,0,0,0.0,0.0,3.4065,700.0,4.2,1.0,budget_constrained,700.0
10,234,14040,0,0,0.0,0.0,1.0062,700.0,4.2,1.0,budget_constrained,700.0
10,234,14055,0,0,0.0,0.0,4.2,700.0,4.2,1.0,budget_constrained,700.0
10,234,14070,0,0,0.0,0.0,3.8845,700.0,4.2,1.0,budget_constrained,700.0
10,234,14085,0,0,0.0,0.0,0.9291,700.0,4.2,1.0,budget_constrained,700.0
10,235,14100,0,0,0.0,0.0,0.4057,700.0,4.2,1.0,budget_constrained,700.0
10,235,14115,0,0,0.0,0.0,4.2,700.0,4.2,1.0,budget_constrained,700.0
10,235,14130,0,0,0.0,0.0,0.3065,700.0,4.2,1.0,budget_constrained,700.0
10,235,14145,0,0,0.0,0.0,4.2,700.0,4.2,1.0,budget_constrained,700.0
10,236,14160,0,0,0.0,0.0,4.2,700.0,4.2,1.0,budget_constrained,700.0
10,236,14175,0,0,0.0,0.0,4.2,700.0,4.2,1.0,budget_constrained,700.0
10,236,14190,0,0,0.0,0.0,2.812,700.0,4.2,1.0,budget_constrained,700.0
10,236,14205,0,0,0.0,0.0,1.8194,700.0,4.2,1.0,budget_constrained,700.0
10,237,14220,0,0,0.0,0.0,1.0287,700.0,4.2,1.0,budget_constrained,700.0
10,237,14235,0,0,0.0,0.0,0.1646,700.0,4.2,1.0,budget_constrained,700.0
10,237,14250,0,0,0.0,0.0,3.9081,700.0,4.2,1.0,budget_constrained,700.0
10,237,14265,0,0,0.0,0.0,1.1379,700.0,4.2,1.0,budget_constrained,700.0
10,238,14280,0,0,0.0,0.0,1.4939,700.0,4.2,1.0,budget_constrained,700.0
10,238,14295,0,0,0.0,0.0,0.8461,700.0,4.2,1.0,budget_constrained,700.0
10,238,14310,0,0,0.0,0.0,0.2598,700.0,4.2,1.0,budget_constrained,700.0
10,238,14325,0,0,0.0,0.0,4.2,700.0,4.2,1.0,budget_constrained,700.0
10,239,14340,0,0,0.0,0.0,1.8532,700.0,4.2,1.0,budget_constrained,700.0
10,239,14355,0,0,0.0,0.0,2.2698,700.0,4.2,1.0,budget_constrained,700.0
10,239,14370,0,0,0.0,0.0,4.2,700.0,4.2,1.0,budget_constrained,700.0
10,239,14385,0,0,0.0,0.0,1.0543,700.0,4.2,1.0,budget_constrained,700.0
11,240,14400,0,0,0.0,0.0,0.01,700.0,0.01,1.0,normal,0.0
11,240,14415,0,0,0.0,0.0,0.01,700.0,0.01,1.0,normal,0.0
11,240,14430,0,0,0.0,0.0,0.01,700.0,0.01,1.0,normal,0.0
11,240,14445,0,0,0.0,0.0,0.01,700.0,0.01,1.0,normal,0.0
11,241,14460,0,0,0.0,0.0,0.01,700.0,0.01,1.0,normal,0.0
11,241,14475,0,0,0.0,0.0,0.01,700.0,0.01,1.0,normal,0.0
11,241,14490,0,0,0.0,0.0,0.01,700.0,0.01,1.0,normal,0.0
11,241,14505,0,0,0.0,0.0,0.01,700.0,0.01,1.0,normal,0.0
11,242,14520,0,0,0.0,0.0,0.01,700.0,0.01,1.0,normal,0.0
11,242,14535,0,0,0.0,0.0,0.01,700.0,0.01,1.0,normal,0.0
11,242,14550,0,0,0.0,0.0,0.01,700.0,0.01,1.0,normal,0.0
11,242,14565,0,0,0.0,0.0,0.01,700.0,0.01,1.0,normal,0.0
11,243,14580,0,0,0.0,0.0,0.01,700.0,0.01,1.0,normal,0.0
11,243,14595,0,0,0.0,0.0,0.01,700.0,0.01,1.0,normal,0.0
11,243,14610,0,0,0.0,0.0,0.01,700.0,0.01,1.0,normal,0.0
11,243,14625,0,0,0.0,0.0,0.01,700.0,0.01,1.0,normal,0.0
11,244,14640,14,1,10.0378,10.0378,0.717,700.0,4.2,1.0,normal,10.0378
11,244,14655,15,1,46.121,46.121,3.0747,700.0,4.2,1.0,normal,56.1588
11,244,14670,12,0,32.7452,32.7452,2.7288,700.0,4.2,1.0,normal,88.904
11,244,14685,18,1,31.2857,31.2857,1.7381,700.0,4.2,1.0,normal,120.1897
11,245,14700,15,0,65.25,65.25,4.35,700.0,4.35,1.0,normal,185.4397
11,245,14715,10,0,21.7093,21.7093,2.1709,700.0,4.35,1.0,normal,207.149
11,245,14730,13,0,43.8031,43.8031,3.3695,700.0,4.35,1.0,normal,250.9521
11,245,14745,12,0,52.2,52.2,4.35,700.0,4.35,1.0,normal,303.1521
11,246,14760,10,0,42.4,42.4,4.24,700.0,4.24,1.0,normal,345.5521
11,246,14775,12,0,41.8098,41.8098,3.4842,700.0,4.24,1.0,normal,387.3619
11,246,14790,11,2,43.5523,21.7762,3.9593,700.0,4.24,1.0,normal,430.9142
11,246,14805,8,0,33.2014,33.2014,4.1502,700.0,4.24,1.0,normal,464.1156
11,247,14820,16,0,1.7364,1.7364,0.1085,700.0,4.13,1.0,normal,465.852
11,247,14835,9,0,6.1425,6.1425,0.6825,700.0,4.13,1.0,normal,471.9945
11,247,14850,20,0,39.6486,39.6486,1.9824,700.0,4.13,1.0,normal,511.6431
11,247,14865,16,1,11.2311,11.2311,0.7019,700.0,4.13,1.0,normal,522.8742
11,248,14880,6,0,1.4323,1.4323,0.2387,700.0,4.2,1.0,normal,524.3065
11,248,14895,11,1,2.2892,2.2892,0.2081,700.0,4.2,1.0,normal,526.5957
11,248,14910,7,1,28.7826,28.7826,4.1118,700.0,4.2,1.0,normal,555.3783
11,248,14925,12,0,50.4,50.4,4.2,700.0,4.2,1.0,normal,605.7783
11,249,14940,11,1,9.9277,9.9277,0.9025,700.0,4.2,1.0,normal,615.706
11,249,14955,18,1,59.2653,59.2653,3.2925,700.0,4.2,1.0,budget_constrained,674.9713
11,249,14970,10,0,25.0287,25.0287,2.292,700.0,4.2,1.0,budget_depleted,700.0
11,249,14985,0,0,0.0,0.0,0.0,700.0,4.2,1.0,budget_depleted,700.0
11,250,15000,0,0,0.0,0.0,0.0,700.0,4.2,1.0,budget_depleted,700.0
11,250,15015,0,0,0.0,0.0,0.0,700.0,4.2,1.0,budget_depleted,700.0
11,250,15030,0,0,0.0,0.0,0.0,700.0,4.2,1.0,budget_depleted,700.0
11,250,15045,0,0,0.0,0.0,0.0,700.0,4.2,1.0,budget_depleted,700.0
11,251,15060,0,0,0.0,0.0,0.0,700.0,4.2,1.0,budget_depleted,700.0
11,251,15075,0,0,0.0,0.0,0.0,700.0,4.2,1.0,budget_depleted,700.0
11,251,15090,0,0,0.0,0.0,0.0,700.0,4.2,1.0,budget_depleted,700.0
11,251,15105,0,0,0.0,0.0,0.0,700.0,4.2,1.0,budget_depleted,700.0
11,252,15120,0,0,0.0,0.0,0.0,700.0,4.2,1.0,budget_depleted,700.0
11,252,15135,0,0,0.0,0.0,0.0,700.0,4.2,1.0,budget_depleted,700.0
11,252,15150,0,0,0.0,0.0,0.0,700.0,4.2,1.0,budget_depleted,700.0
11,252,15165,0,0,0.0,0.0,0.0,700.0,4.2,1.0,budget_depleted,700.0
11,253,15180,0,0,0.0,0.0,0.0,700.0,3.44,1.0,budget_depleted,700.0
11,253,15195,0,0,0.0,0.0,0.0,700.0,3.44,1.0,budget_depleted,700.0
11,253,15210,0,0,0.0,0.0,0.0,700.0,3.44,1.0,budget_depleted,700.0
11,253,15225,0,0,0.0,0.0,0.0,700.0,3.44,1.0,budget_depleted,700.0
11,254,15240,0,0,0.0,0.0,0.0,700.0,2.82,1.0,budget_depleted,700.0
11,254,15255,0,0,0.0,0.0,0.0,700.0,2.82,1.0,budget_depleted,700.0
11,254,15270,0,0,0.0,0.0,0.0,700.0,2.82,1.0,budget_depleted,700.0
11,254,15285,0,0,0.0,0.0,0.0,700.0,2.82,1.0,budget_depleted,700.0
11,255,15300,0,0,0.0,0.0,0.0,700.0,1.26,1.0,budget_depleted,700.0
11,255,15315,0,0,0.0,0.0,0.0,700.0,1.26,1.0,budget_depleted,700.0
11,255,15330,0,0,0.0,0.0,0.0,700.0,1.26,1.0,budget_depleted,700.0
11,255,15345,0,0,0.0,0.0,0.0,700.0,1.26,1.0,budget_depleted,700.0
11,256,15360,0,0,0.0,0.0,0.0,700.0,1.26,1.0,budget_depleted,700.0
11,256,15375,0,0,0.0,0.0,0.0,700.0,1.26,1.0,budget_depleted,700.0
11,256,15390,0,0,0.0,0.0,0.0,700.0,1.26,1.0,budget_depleted,700.0
11,256,15405,0,0,0.0,0.0,0.0,700.0,1.26,1.0,budget_depleted,700.0
11,257,15420,0,0,0.0,0.0,0.0,700.0,1.26,1.0,budget_depleted,700.0
11,257,15435,0,0,0.0,0.0,0.0,700.0,1.26,1.0,budget_depleted,700.0
11,257,15450,0,0,0.0,0.0,0.0,700.0,1.26,1.0,budget_depleted,700.0
11,257,15465,0,0,0.0,0.0,0.0,700.0,1.26,1.0,budget_depleted,700.0
11,258,15480,0,0,0.0,0.0,0.0,700.0,1.26,1.0,budget_depleted,700.0
11,258,15495,0,0,0.0,0.0,0.0,700.0,1.26,1.0,budget_depleted,700.0
11,258,15510,0,0,0.0,0.0,0.0,700.0,1.26,1.0,budget_depleted,700.0
11,258,15525,0,0,0.0,0.0,0.0,700.0,1.26,1.0,budget_depleted,700.0
11,259,15540,0,0,0.0,0.0,0.0,700.0,1.26,1.0,budget_depleted,700.0
11,259,15555,0,0,0.0,0.0,0.0,700.0,1.26,1.0,budget_depleted,700.0
11,259,15570,0,0,0.0,0.0,0.0,700.0,1.26,1.0,budget_depleted,700.0
11,259,15585,0,0,0.0,0.0,0.0,700.0,1.26,1.0,budget_depleted,700.0
11,260,15600,0,0,0.0,0.0,0.0,700.0,1.26,1.0,budget_depleted,700.0
11,260,15615,0,0,0.0,0.0,0.0,700.0,1.26,1.0,budget_depleted,700.0
11,260,15630,0,0,0.0,0.0,0.0,700.0,1.26,1.0,budget_depleted,700.0
11,260,15645,0,0,0.0,0.0,0.0,700.0,1.26,1.0,budget_depleted,700.0
11,261,15660,0,0,0.0,0.0,0.0,700.0,1.11,1.0,budget_depleted,700.0
11,261,15675,0,0,0.0,0.0,0.0,700.0,1.11,1.0,budget_depleted,700.0
11,261,15690,0,0,0.0,0.0,0.0,700.0,1.11,1.0,budget_depleted,700.0
11,261,15705,0,0,0.0,0.0,0.0,700.0,1.11,1.0,budget_depleted,700.0
11,262,15720,0,0,0.0,0.0,0.0,700.0,0.95,1.0,budget_depleted,700.0
11,262,15735,0,0,0.0,0.0,0.0,700.0,0.95,1.0,budget_depleted,700.0
11,262,15750,0,0,0.0,0.0,0.0,700.0,0.95,1.0,budget_depleted,700.0
11,262,15765,0,0,0.0,0.0,0.0,700.0,0.95,1.0,budget_depleted,700.0
11,263,15780,0,0,0.0,0.0,0.0,700.0,0.8,1.0,budget_depleted,700.0
11,263,15795,0,0,0.0,0.0,0.0,700.0,0.8,1.0,budget_depleted,700.0
11,263,15810,0,0,0.0,0.0,0.0,700.0,0.8,1.0,budget_depleted,700.0
11,263,15825,0,0,0.0,0.0,0.0,700.0,0.8,1.0,budget_depleted,700.0
12,264,15840,0,0,0.0,0.0,0.0,700.0,0.8,1.0,normal,0.0
12,264,15855,0,0,0.0,0.0,0.6433,700.0,0.8,1.0,normal,0.0
12,264,15870,3,0,2.1255,2.1255,0.7085,700.0,0.8,1.0,normal,2.1255
12,264,15885,4,0,3.2,3.2,0.8,700.0,0.8,1.0,normal,5.3255
12,265,15900,3,0,2.49,2.49,0.83,700.0,0.83,1.0,normal,7.8155
12,265,15915,4,0,3.32,3.32,0.83,700.0,0.83,1.0,normal,11.1355
12,265,15930,1,0,0.1351,0.1351,0.1351,700.0,0.83,1.0,normal,11.2706
12,265,15945,0,0,0.0,0.0,0.1065,700.0,0.83,1.0,normal,11.2706
12,266,15960,0,0,0.0,0.0,0.86,700.0,0.86,1.0,normal,11.2706
12,266,15975,2,0,1.72,1.72,0.86,700.0,0.86,1.0,normal,12.9906
12,266,15990,2,0,1.72,1.72,0.86,700.0,0.86,1.0,normal,14.7106
12,266,16005,2,1,1.72,1.72,0.86,700.0,0.86,1.0,normal,16.4306
12,267,16020,2,0,1.78,1.78,0.89,700.0,0.89,1.0,normal,18.2106
12,267,16035,3,0,2.67,2.67,0.89,700.0,0.89,1.0,normal,20.8806
12,267,16050,2,0,1.78,1.78,0.89,700.0,0.89,1.0,normal,22.6606
12,267,16065,2,0,1.0765,1.0765,0.5382,700.0,0.89,1.0,normal,23.7371
12,268,16080,4,0,3.56,3.56,0.89,700.0,0.89,1.0,normal,27.2971
12,268,16095,4,0,3.56,3.56,0.89,700.0,0.89,1.0,normal,30.8571
12,268,16110,1,0,0.4307,0.4307,0.4307,700.0,0.89,1.0,normal,31.2878
12,268,16125,1,0,0.89,0.89,0.89,700.0,0.89,1.0,normal,32.1778
12,269,16140,0,0,0.0,0.0,0.92,700.0,0.92,1.0,normal,32.1778
12,269,16155,1,0,0.92,0.92,0.92,700.0,0.92,1.0,normal,33.0978
12,269,16170,2,0,1.84,1.84,0.92,700.0,0.92,1.0,normal,34.9378
12,269,16185,1,0,0.92,0.92,0.92,700.0,0.92,1.0,normal,35.8578
12,270,16200,6,0,5.7,5.7,0.95,700.0,0.95,1.0,normal,41.5578
12,270,16215,2,0,1.9,1.9,0.95,700.0,0.95,1.0,normal,43.4578
12,270,16230,0,0,0.0,0.0,0.95,700.0,0.95,1.0,normal,43.4578
12,270,16245,2,0,0.2309,0.2309,0.1155,700.0,0.95,1.0,normal,43.6887
12,271,16260,0,0,0.0,0.0,0.4493,700.0,0.98,1.0,normal,43.6887
12,271,16275,2,0,1.96,1.96,0.98,700.0,0.98,1.0,normal,45.6487
12,271,16290,2,0,1.96,1.96,0.98,700.0,0.98,1.0,normal,47.6087
12,271,16305,1,0,0.98,0.98,0.98,700.0,0.98,1.0,normal,48.5887
12,272,16320,2,0,1.3739,1.3739,0.687,700.0,0.98,1.0,normal,49.9626
12,272,16335,2,0,1.96,1.96,0.98,700.0,0.98,1.0,normal,51.9226
12,272,16350,2,0,0.2813,0.2813,0.1407,700.0,0.98,1.0,normal,52.2039
12,272,16365,2,0,1.96,1.96,0.98,700.0,0.98,1.0,normal,54.1639
12,273,16380,1,0,1.01,1.01,1.01,700.0,1.01,1.0,normal,55.1739
12,273,16395,1,0,0.255,0.255,0.255,700.0,1.01,1.0,normal,55.4289
12,273,16410,4,0,4.04,4.04,1.01,700.0,1.01,1.0,normal,59.4689
12,273,16425,6,0,6.06,6.06,1.01,700.0,1.01,1.0,normal,65.5289
12,274,16440,0,0,0.0,0.0,0.2907,700.0,1.05,1.0,normal,65.5289
12,274,16455,1,0,0.8882,0.8882,0.8882,700.0,1.05,1.0,normal,66.4171
12,274,16470,2,0,0.5998,0.5998,0.2999,700.0,1.05,1.0,normal,67.0169
12,274,16485,7,0,7.35,7.35,1.05,700.0,1.05,1.0,normal,74.3669
12,275,16500,1,0,1.09,1.09,1.09,700.0,1.09,1.0,normal,75.4569
12,275,16515,3,0,3.27,3.27,1.09,700.0,1.09,1.0,normal,78.7269
12,275,16530,2,0,2.18,2.18,1.09,700.0,1.09,1.0,normal,80.9069
12,275,16545,3,0,0.1252,0.1252,0.0417,700.0,1.09,1.0,normal,81.0321
12,276,16560,0,0,0.0,0.0,1.09,700.0,1.09,1.0,normal,81.0321
12,276,16575,3,0,1.0657,1.0657,0.3552,700.0,1.09,1.0,normal,82.0978
12,276,16590,4,0,4.36,4.36,1.09,700.0,1.09,1.0,normal,86.4578
12,276,16605,3,0,3.27,3.27,1.09,700.0,1.09,1.0,normal,89.7278
12,277,16620,1,0,1.13,1.13,1.13,700.0,1.13,1.0,normal,90.8578
12,277,16635,2,0,0.3447,0.3447,0.1723,700.0,1.13,1.0,normal,91.2025
12,277,16650,1,0,1.0552,1.0552,1.0552,700.0,1.13,1.0,normal,92.2577
12,277,16665,2,0,1.4545,1.4545,0.7272,700.0,1.13,1.0,normal,93.7122
12,278,16680,0,0,0.0,0.0,1.18,700.0,1.18,1.0,normal,93.7122
12,278,16695,2,0,2.36,2.36,1.18,700.0,1.18,1.0,normal,96.0722
12,278,16710,0,0,0.0,0.0,0.278,700.0,1.18,1.0,normal,96.0722
12,278,16725,4,0,4.72,4.72,1.18,700.0,1.18,1.0,normal,100.7922
12,279,16740,2,0,2.44,2.44,1.22,700.0,1.22,1.0,normal,103.2322
12,279,16755,3,0,2.0417,2.0417,0.6806,700.0,1.22,1.0,normal,105.2739
12,279,16770,2,0,2.44,2.44,1.22,700.0,1.22,1.0,normal,107.7139
12,279,16785,2,0,2.44,2.44,1.22,700.0,1.22,1.0,normal,110.1539
12,280,16800,7,0,8.54,8.54,1.22,700.0,1.22,1.0,normal,118.6939
12,280,16815,6,0,7.32,7.32,1.22,700.0,1.22,1.0,normal,126.0139
12,280,16830,4,0,4.88,4.88,1.22,700.0,1.22,1.0,normal,130.8939
12,280,16845,1,0,1.22,1.22,1.22,700.0,1.22,1.0,normal,132.1139
12,281,16860,5,0,5.7,5.7,1.14,700.0,1.14,1.0,normal,137.8139
12,281,16875,1,0,0.915,0.915,0.915,700.0,1.14,1.0,normal,138.7289
12,281,16890,4,0,4.56,4.56,1.14,700.0,1.14,1.0,normal,143.2889
12,281,16905,2,0,2.28,2.28,1.14,700.0,1.14,1.0,normal,145.5689
12,282,16920,2,0,2.0502,2.0502,1.0251,700.0,1.06,1.0,normal,147.6191
12,282,16935,3,0,3.18,3.18,1.06,700.0,1.06,1.0,normal,150.7991
12,282,16950,2,0,1.5144,1.5144,0.7572,700.0,1.06,1.0,normal,152.3135
12,282,16965,3,0,0.6339,0.6339,0.2113,700.0,1.06,1.0,normal,152.9474
12,283,16980,0,0,0.0,0.0,0.98,700.0,0.98,1.0,normal,152.9474
12,283,16995,2,0,1.96,1.96,0.98,700.0,0.98,1.0,normal,154.9074
12,283,17010,1,0,0.98,0.98,0.98,700.0,0.98,1.0,normal,155.8874
12,283,17025,5,1,4.9,4.9,0.98,700.0,0.98,1.0,normal,160.7874
12,284,17040,4,0,3.752,3.752,0.938,700.0,1.22,1.0,normal,164.5394
12,284,17055,0,0,0.0,0.0,0.0697,700.0,1.22,1.0,normal,164.5394
12,284,17070,3,0,3.66,3.66,1.22,700.0,1.22,1.0,normal,168.1994
12,284,17085,4,0,4.88,4.88,1.22,700.0,1.22,1.0,normal,173.0794
12,285,17100,0,0,0.0,0.0,1.14,700.0,1.14,1.0,normal,173.0794
12,285,17115,3,0,3.42,3.42,1.14,700.0,1.14,1.0,normal,176.4994
12,285,17130,2,0,2.28,2.28,1.14,700.0,1.14,1.0,normal,178.7794
12,285,17145,8,0,9.12,9.12,1.14,700.0,1.14,1.0,normal,187.8994
12,286,17160,2,1,2.12,2.12,1.06,700.0,1.06,1.0,normal,190.0194
12,286,17175,2,0,2.12,2.12,1.06,700.0,1.06,1.0,normal,192.1394
12,286,17190,4,0,2.8179,2.8179,0.7045,700.0,1.06,1.0,normal,194.9573
12,286,17205,5,0,5.3,5.3,1.06,700.0,1.06,1.0,normal,200.2573
12,287,17220,5,0,2.3946,2.3946,0.4789,700.0,1.27,1.0,normal,202.6519
12,287,17235,2,0,2.54,2.54,1.27,700.0,1.27,1.0,normal,205.1919
12,287,17250,1,0,1.27,1.27,1.27,700.0,1.27,1.0,normal,206.4619
12,287,17265,6,0,7.62,7.62,1.27,700.0,1.27,1.0,normal,214.0819
13,288,17280,1,0,1.27,1.27,1.27,700.0,1.27,0.0,normal,1.27
13,288,17295,1,0,1.27,1.27,1.27,700.0,1.27,0.0,normal,2.54
13,288,17310,4,0,5.08,5.08,1.27,700.0,1.27,0.0,normal,7.62
13,288,17325,2,0,2.54,2.54,1.27,700.0,1.27,0.0,normal,10.16
13,289,17340,0,0,0.0,0.0,0.01,700.0,0.01,0.0,normal,10.16
13,289,17355,0,0,0.0,0.0,0.01,700.0,0.01,0.0,normal,10.16
13,289,17370,0,0,0.0,0.0,0.01,700.0,0.01,0.0,normal,10.16
13,289,17385,0,0,0.0,0.0,0.01,700.0,0.01,0.0,normal,10.16
13,290,17400,0,0,0.0,0.0,0.01,700.0,0.01,0.0,normal,10.16
13,290,17415,0,0,0.0,0.0,0.01,700.0,0.01,0.0,normal,10.16
13,290,17430,0,0,0.0,0.0,0.01,700.0,0.01,0.0,normal,10.16
13,290,17445,0,0,0.0,0.0,0.01,700.0,0.01,0.0,normal,10.16
13,291,17460,0,0,0.0,0.0,0.01,700.0,0.01,0.0,normal,10.16
13,291,17475,0,0,0.0,0.0,0.01,700.0,0.01,0.0,normal,10.16
13,291,17490,0,0,0.0,0.0,0.01,700.0,0.01,0.0,normal,10.16
13,291,17505,0,0,0.0,0.0,0.01,700.0,0.01,0.0,normal,10.16
13,292,17520,0,0,0.0,0.0,0.01,700.0,0.01,0.0,normal,10.16
13,292,17535,0,0,0.0,0.0,0.01,700.0,0.01,0.0,normal,10.16
13,292,17550,0,0,0.0,0.0,0.01,700.0,0.01,0.0,normal,10.16
13,292,17565,0,0,0.0,0.0,0.01,700.0,0.01,0.0,normal,10.16
13,293,17580,0,0,0.0,0.0,0.01,700.0,0.01,0.0,normal,10.16
13,293,17595,0,0,0.0,0.0,0.01,700.0,0.01,0.0,normal,10.16
13,293,17610,0,0,0.0,0.0,0.01,700.0,0.01,0.0,normal,10.16
13,293,17625,0,0,0.0,0.0,0.01,700.0,0.01,0.0,normal,10.16
13,294,17640,0,0,0.0,0.0,0.01,700.0,0.01,0.0,normal,10.16
13,294,17655,0,0,0.0,0.0,0.008,700.0,0.01,0.0,normal,10.16
13,294,17670,0,0,0.0,0.0,0.01,700.0,0.01,0.0,normal,10.16
13,294,17685,0,0,0.0,0.0,0.01,700.0,0.01,0.0,normal,10.16
13,295,17700,0,0,0.0,0.0,0.01,700.0,0.01,0.0,normal,10.16
13,295,17715,0,0,0.0,0.0,0.01,700.0,0.01,0.0,normal,10.16
13,295,17730,0,0,0.0,0.0,0.01,700.0,0.01,0.0,normal,10.16
13,295,17745,0,0,0.0,0.0,0.01,700.0,0.01,0.0,normal,10.16
13,296,17760,0,0,0.0,0.0,0.01,700.0,0.01,0.0,normal,10.16
13,296,17775,0,0,0.0,0.0,0.01,700.0,0.01,0.0,normal,10.16
13,296,17790,0,0,0.0,0.0,0.01,700.0,0.01,0.0,normal,10.16
13,296,17805,0,0,0.0,0.0,0.01,700.0,0.01,0.0,normal,10.16
13,297,17820,0,0,0.0,0.0,0.01,700.0,0.01,0.0,normal,10.16
13,297,17835,0,0,0.0,0.0,0.01,700.0,0.01,0.0,normal,10.16
13,297,17850,0,0,0.0,0.0,0.01,700.0,0.01,0.0,normal,10.16
13,297,17865,0,0,0.0,0.0,0.01,700.0,0.01,0.0,normal,10.16
13,298,17880,0,0,0.0,0.0,0.01,700.0,0.01,0.0,normal,10.16
13,298,17895,0,0,0.0,0.0,0.01,700.0,0.01,0.0,normal,10.16
13,298,17910,0,0,0.0,0.0,0.01,700.0,0.01,0.0,normal,10.16
13,298,17925,0,0,0.0,0.0,0.01,700.0,0.01,0.0,normal,10.16
13,299,17940,0,0,0.0,0.0,0.01,700.0,0.01,0.0,normal,10.16
13,299,17955,0,0,0.0,0.0,0.01,700.0,0.01,0.0,normal,10.16
13,299,17970,0,0,0.0,0.0,0.01,700.0,0.01,0.0,normal,10.16
13,299,17985,0,0,0.0,0.0,0.01,700.0,0.01,0.0,normal,10.16
13,300,18000,0,0,0.0,0.0,0.01,700.0,0.01,0.0,normal,10.16
13,300,18015,0,0,0.0,0.0,0.01,700.0,0.01,0.0,normal,10.16
13,300,18030,0,0,0.0,0.0,0.01,700.0,0.01,0.0,normal,10.16
13,300,18045,0,0,0.0,0.0,0.01,700.0,0.01,0.0,normal,10.16
13,301,18060,0,0,0.0,0.0,0.01,700.0,0.01,0.0,normal,10.16
13,301,18075,0,0,0.0,0.0,0.01,700.0,0.01,0.0,normal,10.16
13,301,18090,0,0,0.0,0.0,0.01,700.0,0.01,0.0,normal,10.16
13,301,18105,0,0,0.0,0.0,0.01,700.0,0.01,0.0,normal,10.16
13,302,18120,0,0,0.0,0.0,0.01,700.0,0.01,0.0,normal,10.16
13,302,18135,0,0,0.0,0.0,0.01,700.0,0.01,0.0,normal,10.16
13,302,18150,1,0,0.01,0.01,0.01,700.0,0.01,0.0,normal,10.17
13,302,18165,0,0,0.0,0.0,0.01,700.0,0.01,0.0,normal,10.17
13,303,18180,0,0,0.0,0.0,0.01,700.0,0.01,0.0,normal,10.17
13,303,18195,0,0,0.0,0.0,0.01,700.0,0.01,0.0,normal,10.17
13,303,18210,0,0,0.0,0.0,0.01,700.0,0.01,0.0,normal,10.17
13,303,18225,0,0,0.0,0.0,0.01,700.0,0.01,0.0,normal,10.17
13,304,18240,0,0,0.0,0.0,0.0047,700.0,0.01,0.0,normal,10.17
13,304,18255,0,0,0.0,0.0,0.01,700.0,0.01,0.0,normal,10.17
13,304,18270,0,0,0.0,0.0,0.01,700.0,0.01,0.0,normal,10.17
13,304,18285,0,0,0.0,0.0,0.01,700.0,0.01,0.0,normal,10.17
13,305,18300,0,0,0.0,0.0,0.01,700.0,0.01,0.0,normal,10.17
13,305,18315,0,0,0.0,0.0,0.01,700.0,0.01,0.0,normal,10.17
13,305,18330,0,0,0.0,0.0,0.01,700.0,0.01,0.0,normal,10.17
13,305,18345,0,0,0.0,0.0,0.01,700.0,0.01,0.0,normal,10.17
13,306,18360,0,0,0.0,0.0,0.01,700.0,0.01,0.0,normal,10.17
13,306,18375,0,0,0.0,0.0,0.01,700.0,0.01,0.0,normal,10.17
13,306,18390,0,0,0.0,0.0,0.01,700.0,0.01,0.0,normal,10.17
13,306,18405,0,0,0.0,0.0,0.01,700.0,0.01,0.0,normal,10.17
13,307,18420,0,0,0.0,0.0,0.01,700.0,0.01,0.0,normal,10.17
13,307,18435,0,0,0.0,0.0,0.01,700.0,0.01,0.0,normal,10.17
13,307,18450,0,0,0.0,0.0,0.01,700.0,0.01,0.0,normal,10.17
13,307,18465,0,0,0.0,0.0,0.01,700.0,0.01,0.0,normal,10.17
13,308,18480,0,0,0.0,0.0,0.01,700.0,0.01,0.0,normal,10.17
13,308,18495,0,0,0.0,0.0,0.01,700.0,0.01,0.0,normal,10.17
13,308,18510,0,0,0.0,0.0,0.01,700.0,0.01,0.0,normal,10.17
13,308,18525,0,0,0.0,0.0,0.01,700.0,0.01,0.0,normal,10.17
13,309,18540,0,0,0.0,0.0,0.01,700.0,0.01,0.0,normal,10.17
13,309,18555,0,0,0.0,0.0,0.01,700.0,0.01,0.0,normal,10.17
13,309,18570,0,0,0.0,0.0,0.01,700.0,0.01,0.0,normal,10.17
13,309,18585,0,0,0.0,0.0,0.01,700.0,0.01,0.0,normal,10.17
13,310,18600,0,0,0.0,0.0,0.01,700.0,0.01,0.0,normal,10.17
13,310,18615,0,0,0.0,0.0,0.01,700.0,0.01,0.0,normal,10.17
13,310,18630,0,0,0.0,0.0,0.01,700.0,0.01,0.0,normal,10.17
13,310,18645,0,0,0.0,0.0,0.01,700.0,0.01,0.0,normal,10.17
13,311,18660,0,0,0.0,0.0,0.01,700.0,0.01,0.0,normal,10.17
13,311,18675,0,0,0.0,0.0,0.01,700.0,0.01,0.0,normal,10.17
13,311,18690,0,0,0.0,0.0,0.01,700.0,0.01,0.0,normal,10.17
13,311,18705,0,0,0.0,0.0,0.01,700.0,0.01,0.0,normal,10.17
14,312,18720,0,0,0.0,0.0,0.01,700.0,0.01,0.0,normal,0.0
14,312,18735,0,0,0.0,0.0,0.01,700.0,0.01,0.0,normal,0.0
14,312,18750,0,0,0.0,0.0,0.01,700.0,0.01,0.0,normal,0.0
14,312,18765,0,0,0.0,0.0,0.01,700.0,0.01,0.0,normal,0.0
14,313,18780,0,0,0.0,0.0,0.01,700.0,0.01,0.0,normal,0.0
14,313,18795,0,0,0.0,0.0,0.01,700.0,0.01,0.0,normal,0.0
14,313,18810,0,0,0.0,0.0,0.01,700.0,0.01,0.0,normal,0.0
14,313,18825,0,0,0.0,0.0,0.01,700.0,0.01,0.0,normal,0.0
14,314,18840,0,0,0.0,0.0,0.01,700.0,0.01,0.0,normal,0.0
14,314,18855,0,0,0.0,0.0,0.01,700.0,0.01,0.0,normal,0.0
14,314,18870,0,0,0.0,0.0,0.01,700.0,0.01,0.0,normal,0.0
14,314,18885,0,0,0.0,0.0,0.01,700.0,0.01,0.0,normal,0.0
14,315,18900,0,0,0.0,0.0,0.01,700.0,0.01,0.0,normal,0.0
14,315,18915,0,0,0.0,0.0,0.01,700.0,0.01,0.0,normal,0.0
14,315,18930,0,0,0.0,0.0,0.01,700.0,0.01,0.0,normal,0.0
14,315,18945,0,0,0.0,0.0,0.01,700.0,0.01,0.0,normal,0.0
14,316,18960,0,0,0.0,0.0,0.0017,700.0,0.01,0.0,normal,0.0
14,316,18975,0,0,0.0,0.0,0.01,700.0,0.01,0.0,normal,0.0
14,316,18990,0,0,0.0,0.0,0.01,700.0,0.01,0.0,normal,0.0
14,316,19005,0,0,0.0,0.0,0.01,700.0,0.01,0.0,normal,0.0
14,317,19020,0,0,0.0,0.0,0.01,700.0,0.01,0.0,normal,0.0
14,317,19035,0,0,0.0,0.0,0.01,700.0,0.01,0.0,normal,0.0
14,317,19050,0,0,0.0,0.0,0.01,700.0,0.01,0.0,normal,0.0
14,317,19065,0,0,0.0,0.0,0.01,700.0,0.01,0.0,normal,0.0
14,318,19080,0,0,0.0,0.0,0.01,700.0,0.01,0.0,normal,0.0
14,318,19095,0,0,0.0,0.0,0.01,700.0,0.01,0.0,normal,0.0
14,318,19110,0,0,0.0,0.0,0.01,700.0,0.01,0.0,normal,0.0
14,318,19125,0,0,0.0,0.0,0.01,700.0,0.01,0.0,normal,0.0
14,319,19140,0,0,0.0,0.0,0.01,700.0,0.01,0.0,normal,0.0
14,319,19155,0,0,0.0,0.0,0.01,700.0,0.01,0.0,normal,0.0
14,319,19170,0,0,0.0,0.0,0.01,700.0,0.01,0.0,normal,0.0
14,319,19185,0,0,0.0,0.0,0.01,700.0,0.01,0.0,normal,0.0
14,320,19200,0,0,0.0,0.0,0.01,700.0,0.01,0.0,normal,0.0
14,320,19215,0,0,0.0,0.0,0.01,700.0,0.01,0.0,normal,0.0
14,320,19230,0,0,0.0,0.0,0.01,700.0,0.01,0.0,normal,0.0
14,320,19245,0,0,0.0,0.0,0.01,700.0,0.01,0.0,normal,0.0
14,321,19260,0,0,0.0,0.0,0.01,700.0,0.01,0.0,normal,0.0
14,321,19275,0,0,0.0,0.0,0.01,700.0,0.01,0.0,normal,0.0
14,321,19290,0,0,0.0,0.0,0.01,700.0,0.01,0.0,normal,0.0
14,321,19305,0,0,0.0,0.0,0.01,700.0,0.01,0.0,normal,0.0
14,322,19320,0,0,0.0,0.0,0.01,700.0,0.01,0.0,normal,0.0
14,322,19335,0,0,0.0,0.0,0.01,700.0,0.01,0.0,normal,0.0
14,322,19350,0,0,0.0,0.0,0.01,700.0,0.01,0.0,normal,0.0
14,322,19365,0,0,0.0,0.0,0.01,700.0,0.01,0.0,normal,0.0
14,323,19380,0,0,0.0,0.0,0.01,700.0,0.01,0.0,normal,0.0
14,323,19395,0,0,0.0,0.0,0.01,700.0,0.01,0.0,normal,0.0
14,323,19410,0,0,0.0,0.0,0.01,700.0,0.01,0.0,normal,0.0
14,323,19425,0,0,0.0,0.0,0.01,700.0,0.01,0.0,normal,0.0
14,324,19440,0,0,0.0,0.0,0.01,700.0,0.01,0.0,normal,0.0
14,324,19455,1,0,0.01,0.01,0.01,700.0,0.01,0.0,normal,0.01
14,324,19470,0,0,0.0,0.0,0.01,700.0,0.01,0.0,normal,0.01
14,324,19485,0,0,0.0,0.0,0.01,700.0,0.01,0.0,normal,0.01
14,325,19500,0,0,0.0,0.0,0.01,700.0,0.01,0.0,normal,0.01
14,325,19515,0,0,0.0,0.0,0.01,700.0,0.01,0.0,normal,0.01
14,325,19530,0,0,0.0,0.0,0.01,700.0,0.01,0.0,normal,0.01
14,325,19545,0,0,0.0,0.0,0.01,700.0,0.01,0.0,normal,0.01
14,326,19560,0,0,0.0,0.0,0.01,700.0,0.01,0.0,normal,0.01
14,326,19575,0,0,0.0,0.0,0.01,700.0,0.01,0.0,normal,0.01
14,326,19590,0,0,0.0,0.0,0.01,700.0,0.01,0.0,normal,0.01
14,326,19605,0,0,0.0,0.0,0.01,700.0,0.01,0.0,normal,0.01
14,327,19620,0,0,0.0,0.0,0.01,700.0,0.01,0.0,normal,0.01
14,327,19635,0,0,0.0,0.0,0.01,700.0,0.01,0.0,normal,0.01
14,327,19650,0,0,0.0,0.0,0.01,700.0,0.01,0.0,normal,0.01
14,327,19665,0,0,0.0,0.0,0.01,700.0,0.01,0.0,normal,0.01
14,328,19680,0,0,0.0,0.0,0.01,700.0,0.01,0.0,normal,0.01
14,328,19695,0,0,0.0,0.0,0.01,700.0,0.01,0.0,normal,0.01
14,328,19710,0,0,0.0,0.0,0.01,700.0,0.01,0.0,normal,0.01
14,328,19725,0,0,0.0,0.0,0.01,700.0,0.01,0.0,normal,0.01
14,329,19740,0,0,0.0,0.0,0.01,700.0,0.01,0.0,normal,0.01
14,329,19755,1,0,0.01,0.01,0.01,700.0,0.01,0.0,normal,0.02
14,329,19770,0,0,0.0,0.0,0.01,700.0,0.01,0.0,normal,0.02
14,329,19785,0,0,0.0,0.0,0.01,700.0,0.01,0.0,normal,0.02
14,330,19800,0,0,0.0,0.0,0.01,700.0,0.01,0.0,normal,0.02
14,330,19815,0,0,0.0,0.0,0.01,700.0,0.01,0.0,normal,0.02
14,330,19830,0,0,0.0,0.0,0.01,700.0,0.01,0.0,normal,0.02
14,330,19845,0,0,0.0,0.0,0.01,700.0,0.01,0.0,normal,0.02
14,331,19860,0,0,0.0,0.0,0.01,700.0,0.01,0.0,normal,0.02
14,331,19875,0,0,0.0,0.0,0.01,700.0,0.01,0.0,normal,0.02
14,331,19890,0,0,0.0,0.0,0.01,700.0,0.01,0.0,normal,0.02
14,331,19905,0,0,0.0,0.0,0.01,700.0,0.01,0.0,normal,0.02
14,332,19920,0,0,0.0,0.0,0.01,700.0,0.01,0.0,normal,0.02
14,332,19935,0,0,0.0,0.0,0.01,700.0,0.01,0.0,normal,0.02
14,332,19950,1,0,0.01,0.01,0.01,700.0,0.01,0.0,normal,0.03
14,332,19965,0,0,0.0,0.0,0.01,700.0,0.01,0.0,normal,0.03
14,333,19980,0,0,0.0,0.0,0.01,700.0,0.01,0.0,normal,0.03
14,333,19995,0,0,0.0,0.0,0.01,700.0,0.01,0.0,normal,0.03
14,333,20010,0,0,0.0,0.0,0.01,700.0,0.01,0.0,normal,0.03
14,333,20025,0,0,0.0,0.0,0.01,700.0,0.01,0.0,normal,0.03
14,334,20040,0,0,0.0,0.0,0.01,700.0,0.01,0.0,normal,0.03
14,334,20055,0,0,0.0,0.0,0.01,700.0,0.01,0.0,normal,0.03
14,334,20070,0,0,0.0,0.0,0.01,700.0,0.01,0.0,normal,0.03
14,334,20085,0,0,0.0,0.0,0.01,700.0,0.01,0.0,normal,0.03
14,335,20100,0,0,0.0,0.0,0.01,700.0,0.01,0.0,normal,0.03
14,335,20115,0,0,0.0,0.0,0.01,700.0,0.01,0.0,normal,0.03
14,335,20130,0,0,0.0,0.0,0.01,700.0,0.01,0.0,normal,0.03
14,335,20145,0,0,0.0,0.0,0.01,700.0,0.01,0.0,normal,0.03
15,336,20160,0,0,0.0,0.0,0.01,700.0,0.01,0.0,normal,0.0
15,336,20175,0,0,0.0,0.0,0.01,700.0,0.01,0.0,normal,0.0
15,336,20190,0,0,0.0,0.0,0.01,700.0,0.01,0.0,normal,0.0
15,336,20205,0,0,0.0,0.0,0.01,700.0,0.01,0.0,normal,0.0
15,337,20220,0,0,0.0,0.0,0.01,700.0,0.01,0.0,normal,0.0
15,337,20235,0,0,0.0,0.0,0.01,700.0,0.01,0.0,normal,0.0
15,337,20250,0,0,0.0,0.0,0.01,700.0,0.01,0.0,normal,0.0
15,337,20265,0,0,0.0,0.0,0.01,700.0,0.01,0.0,normal,0.0
15,338,20280,0,0,0.0,0.0,0.01,700.0,0.01,0.0,normal,0.0
15,338,20295,0,0,0.0,0.0,0.01,700.0,0.01,0.0,normal,0.0
15,338,20310,0,0,0.0,0.0,0.01,700.0,0.01,0.0,normal,0.0
15,338,20325,0,0,0.0,0.0,0.01,700.0,0.01,0.0,normal,0.0
15,339,20340,0,0,0.0,0.0,0.01,700.0,0.01,0.0,normal,0.0
15,339,20355,0,0,0.0,0.0,0.01,700.0,0.01,0.0,normal,0.0
15,339,20370,0,0,0.0,0.0,0.01,700.0,0.01,0.0,normal,0.0
15,339,20385,0,0,0.0,0.0,0.01,700.0,0.01,0.0,normal,0.0
15,340,20400,0,0,0.0,0.0,0.01,700.0,0.01,0.0,normal,0.0
15,340,20415,0,0,0.0,0.0,0.01,700.0,0.01,0.0,normal,0.0
15,340,20430,1,0,0.01,0.01,0.01,700.0,0.01,0.0,normal,0.01
15,340,20445,0,0,0.0,0.0,0.01,700.0,0.01,0.0,normal,0.01
15,341,20460,0,0,0.0,0.0,0.01,700.0,0.01,0.0,normal,0.01
15,341,20475,0,0,0.0,0.0,0.01,700.0,0.01,0.0,normal,0.01
15,341,20490,0,0,0.0,0.0,0.01,700.0,0.01,0.0,normal,0.01
15,341,20505,0,0,0.0,0.0,0.01,700.0,0.01,0.0,normal,0.01
15,342,20520,0,0,0.0,0.0,0.01,700.0,0.01,0.0,normal,0.01
15,342,20535,0,0,0.0,0.0,0.01,700.0,0.01,0.0,normal,0.01
15,342,20550,0,0,0.0,0.0,0.01,700.0,0.01,0.0,normal,0.01
15,342,20565,0,0,0.0,0.0,0.01,700.0,0.01,0.0,normal,0.01
15,343,20580,0,0,0.0,0.0,0.01,700.0,0.01,0.0,normal,0.01
15,343,20595,0,0,0.0,0.0,0.01,700.0,0.01,0.0,normal,0.01
15,343,20610,0,0,0.0,0.0,0.01,700.0,0.01,0.0,normal,0.01
15,343,20625,0,0,0.0,0.0,0.01,700.0,0.01,0.0,normal,0.01
15,344,20640,0,0,0.0,0.0,0.01,700.0,0.01,0.0,normal,0.01
15,344,20655,0,0,0.0,0.0,0.01,700.0,0.01,0.0,normal,0.01
15,344,20670,0,0,0.0,0.0,0.01,700.0,0.01,0.0,normal,0.01
15,344,20685,0,0,0.0,0.0,0.01,700.0,0.01,0.0,normal,0.01
15,345,20700,0,0,0.0,0.0,0.01,700.0,0.01,0.0,normal,0.01
15,345,20715,0,0,0.0,0.0,0.01,700.0,0.01,0.0,normal,0.01
15,345,20730,0,0,0.0,0.0,0.01,700.0,0.01,0.0,normal,0.01
15,345,20745,0,0,0.0,0.0,0.01,700.0,0.01,0.0,normal,0.01
15,346,20760,0,0,0.0,0.0,0.01,700.0,0.01,0.0,normal,0.01
15,346,20775,0,0,0.0,0.0,0.01,700.0,0.01,0.0,normal,0.01
15,346,20790,0,0,0.0,0.0,0.01,700.0,0.01,0.0,normal,0.01
15,346,20805,0,0,0.0,0.0,0.01,700.0,0.01,0.0,normal,0.01
15,347,20820,0,0,0.0,0.0,0.01,700.0,0.01,0.0,normal,0.01
15,347,20835,0,0,0.0,0.0,0.01,700.0,0.01,0.0,normal,0.01
15,347,20850,0,0,0.0,0.0,0.01,700.0,0.01,0.0,normal,0.01
15,347,20865,0,0,0.0,0.0,0.01,700.0,0.01,0.0,normal,0.01
15,348,20880,0,0,0.0,0.0,0.01,700.0,0.01,0.0,normal,0.01
15,348,20895,0,0,0.0,0.0,0.01,700.0,0.01,0.0,normal,0.01
15,348,20910,0,0,0.0,0.0,0.01,700.0,0.01,0.0,normal,0.01
15,348,20925,0,0,0.0,0.0,0.01,700.0,0.01,0.0,normal,0.01
15,349,20940,0,0,0.0,0.0,0.01,700.0,0.01,0.0,normal,0.01
15,349,20955,0,0,0.0,0.0,0.01,700.0,0.01,0.0,normal,0.01
15,349,20970,0,0,0.0,0.0,0.01,700.0,0.01,0.0,normal,0.01
15,349,20985,0,0,0.0,0.0,0.01,700.0,0.01,0.0,normal,0.01
15,350,21000,0,0,0.0,0.0,0.01,700.0,0.01,0.0,normal,0.01
15,350,21015,0,0,0.0,0.0,0.01,700.0,0.01,0.0,normal,0.01
15,350,21030,1,0,0.01,0.01,0.01,700.0,0.01,0.0,normal,0.02
15,350,21045,0,0,0.0,0.0,0.01,700.0,0.01,0.0,normal,0.02
15,351,21060,0,0,0.0,0.0,0.01,700.0,0.01,0.0,normal,0.02
15,351,21075,0,0,0.0,0.0,0.01,700.0,0.01,0.0,normal,0.02
15,351,21090,0,0,0.0,0.0,0.01,700.0,0.01,0.0,normal,0.02
15,351,21105,0,0,0.0,0.0,0.01,700.0,0.01,0.0,normal,0.02
15,352,21120,0,0,0.0,0.0,0.01,700.0,0.01,0.0,normal,0.02
15,352,21135,0,0,0.0,0.0,0.01,700.0,0.01,0.0,normal,0.02
15,352,21150,0,0,0.0,0.0,0.01,700.0,0.01,0.0,normal,0.02
15,352,21165,0,0,0.0,0.0,0.01,700.0,0.01,0.0,normal,0.02
15,353,21180,0,0,0.0,0.0,0.01,700.0,0.01,0.0,normal,0.02
15,353,21195,0,0,0.0,0.0,0.01,700.0,0.01,0.0,normal,0.02
15,353,21210,0,0,0.0,0.0,0.01,700.0,0.01,0.0,normal,0.02
15,353,21225,0,0,0.0,0.0,0.01,700.0,0.01,0.0,normal,0.02
15,354,21240,0,0,0.0,0.0,0.01,700.0,0.01,0.0,normal,0.02
15,354,21255,0,0,0.0,0.0,0.01,700.0,0.01,0.0,normal,0.02
15,354,21270,0,0,0.0,0.0,0.01,700.0,0.01,0.0,normal,0.02
15,354,21285,0,0,0.0,0.0,0.01,700.0,0.01,0.0,normal,0.02
15,355,21300,0,0,0.0,0.0,0.01,700.0,0.01,0.0,normal,0.02
15,355,21315,1,0,0.01,0.01,0.01,700.0,0.01,0.0,normal,0.03
15,355,21330,0,0,0.0,0.0,0.01,700.0,0.01,0.0,normal,0.03
15,355,21345,0,0,0.0,0.0,0.01,700.0,0.01,0.0,normal,0.03
15,356,21360,0,0,0.0,0.0,0.01,700.0,0.01,0.0,normal,0.03
15,356,21375,0,0,0.0,0.0,0.01,700.0,0.01,0.0,normal,0.03
15,356,21390,0,0,0.0,0.0,0.01,700.0,0.01,0.0,normal,0.03
15,356,21405,0,0,0.0,0.0,0.01,700.0,0.01,0.0,normal,0.03
15,357,21420,0,0,0.0,0.0,0.01,700.0,0.01,0.0,normal,0.03
15,357,21435,0,0,0.0,0.0,0.01,700.0,0.01,0.0,normal,0.03
15,357,21450,0,0,0.0,0.0,0.01,700.0,0.01,0.0,normal,0.03
15,357,21465,0,0,0.0,0.0,0.01,700.0,0.01,0.0,normal,0.03
15,358,21480,0,0,0.0,0.0,0.01,700.0,0.01,0.0,normal,0.03
15,358,21495,0,0,0.0,0.0,0.01,700.0,0.01,0.0,normal,0.03
15,358,21510,0,0,0.0,0.0,0.01,700.0,0.01,0.0,normal,0.03
15,358,21525,0,0,0.0,0.0,0.01,700.0,0.01,0.0,normal,0.03
15,359,21540,0,0,0.0,0.0,0.01,700.0,0.01,0.0,normal,0.03
15,359,21555,0,0,0.0,0.0,0.01,700.0,0.01,0.0,normal,0.03
15,359,21570,0,0,0.0,0.0,0.01,700.0,0.01,0.0,normal,0.03
15,359,21585,0,0,0.0,0.0,0.01,700.0,0.01,0.0,normal,0.03
16,360,21600,0,0,0.0,0.0,0.01,700.0,0.01,0.0,normal,0.0
16,360,21615,0,0,0.0,0.0,0.01,700.0,0.01,0.0,normal,0.0
16,360,21630,0,0,0.0,0.0,0.01,700.0,0.01,0.0,normal,0.0
16,360,21645,0,0,0.0,0.0,0.01,700.0,0.01,0.0,normal,0.0
16,361,21660,0,0,0.0,0.0,0.01,700.0,0.01,0.0,normal,0.0
16,361,21675,0,0,0.0,0.0,0.01,700.0,0.01,0.0,normal,0.0
16,361,21690,0,0,0.0,0.0,0.01,700.0,0.01,0.0,normal,0.0
16,361,21705,0,0,0.0,0.0,0.01,700.0,0.01,0.0,normal,0.0
16,362,21720,0,0,0.0,0.0,0.01,700.0,0.01,0.0,normal,0.0
16,362,21735,0,0,0.0,0.0,0.01,700.0,0.01,0.0,normal,0.0
16,362,21750,0,0,0.0,0.0,0.01,700.0,0.01,0.0,normal,0.0
16,362,21765,1,0,0.01,0.01,0.01,700.0,0.01,0.0,normal,0.01
16,363,21780,1,0,0.01,0.01,0.01,700.0,0.01,0.0,normal,0.02
16,363,21795,0,0,0.0,0.0,0.01,700.0,0.01,0.0,normal,0.02
16,363,21810,0,0,0.0,0.0,0.01,700.0,0.01,0.0,normal,0.02
16,363,21825,0,0,0.0,0.0,0.01,700.0,0.01,0.0,normal,0.02
16,364,21840,0,0,0.0,0.0,0.01,700.0,0.01,0.0,normal,0.02
16,364,21855,0,0,0.0,0.0,0.01,700.0,0.01,0.0,normal,0.02
16,364,21870,0,0,0.0,0.0,0.01,700.0,0.01,0.0,normal,0.02
16,364,21885,0,0,0.0,0.0,0.01,700.0,0.01,0.0,normal,0.02
16,365,21900,0,0,0.0,0.0,0.01,700.0,0.01,0.0,normal,0.02
16,365,21915,0,0,0.0,0.0,0.01,700.0,0.01,0.0,normal,0.02
16,365,21930,1,0,0.01,0.01,0.01,700.0,0.01,0.0,normal,0.03
16,365,21945,0,0,0.0,0.0,0.01,700.0,0.01,0.0,normal,0.03
16,366,21960,0,0,0.0,0.0,0.01,700.0,0.01,0.0,normal,0.03
16,366,21975,0,0,0.0,0.0,0.01,700.0,0.01,0.0,normal,0.03
16,366,21990,0,0,0.0,0.0,0.01,700.0,0.01,0.0,normal,0.03
16,366,22005,0,0,0.0,0.0,0.0016,700.0,0.01,0.0,normal,0.03
16,367,22020,0,0,0.0,0.0,0.01,700.0,0.01,0.0,normal,0.03
16,367,22035,0,0,0.0,0.0,0.01,700.0,0.01,0.0,normal,0.03
16,367,22050,0,0,0.0,0.0,0.01,700.0,0.01,0.0,normal,0.03
16,367,22065,0,0,0.0,0.0,0.01,700.0,0.01,0.0,normal,0.03
16,368,22080,0,0,0.0,0.0,0.01,700.0,0.01,0.0,normal,0.03
16,368,22095,0,0,0.0,0.0,0.01,700.0,0.01,0.0,normal,0.03
16,368,22110,0,0,0.0,0.0,0.01,700.0,0.01,0.0,normal,0.03
16,368,22125,0,0,0.0,0.0,0.01,700.0,0.01,0.0,normal,0.03
16,369,22140,0,0,0.0,0.0,0.01,700.0,0.01,0.0,normal,0.03
16,369,22155,0,0,0.0,0.0,0.01,700.0,0.01,0.0,normal,0.03
16,369,22170,0,0,0.0,0.0,0.01,700.0,0.01,0.0,normal,0.03
16,369,22185,0,0,0.0,0.0,0.01,700.0,0.01,0.0,normal,0.03
16,370,22200,0,0,0.0,0.0,0.01,700.0,0.01,0.0,normal,0.03
16,370,22215,0,0,0.0,0.0,0.01,700.0,0.01,0.0,normal,0.03
16,370,22230,0,0,0.0,0.0,0.01,700.0,0.01,0.0,normal,0.03
16,370,22245,0,0,0.0,0.0,0.01,700.0,0.01,0.0,normal,0.03
16,371,22260,0,0,0.0,0.0,0.01,700.0,0.01,0.0,normal,0.03
16,371,22275,0,0,0.0,0.0,0.01,700.0,0.01,0.0,normal,0.03
16,371,22290,0,0,0.0,0.0,0.01,700.0,0.01,0.0,normal,0.03
16,371,22305,0,0,0.0,0.0,0.01,700.0,0.01,0.0,normal,0.03
16,372,22320,0,0,0.0,0.0,0.01,700.0,0.01,0.0,normal,0.03
16,372,22335,0,0,0.0,0.0,0.01,700.0,0.01,0.0,normal,0.03
16,372,22350,0,0,0.0,0.0,0.01,700.0,0.01,0.0,normal,0.03
16,372,22365,0,0,0.0,0.0,0.01,700.0,0.01,0.0,normal,0.03
16,373,22380,0,0,0.0,0.0,0.01,700.0,0.01,0.0,normal,0.03
16,373,22395,0,0,0.0,0.0,0.01,700.0,0.01,0.0,normal,0.03
16,373,22410,0,0,0.0,0.0,0.01,700.0,0.01,0.0,normal,0.03
16,373,22425,0,0,0.0,0.0,0.01,700.0,0.01,0.0,normal,0.03
16,374,22440,0,0,0.0,0.0,0.01,700.0,0.01,0.0,normal,0.03
16,374,22455,0,0,0.0,0.0,0.01,700.0,0.01,0.0,normal,0.03
16,374,22470,0,0,0.0,0.0,0.01,700.0,0.01,0.0,normal,0.03
16,374,22485,0,0,0.0,0.0,0.01,700.0,0.01,0.0,normal,0.03
16,375,22500,0,0,0.0,0.0,0.01,700.0,0.01,0.0,normal,0.03
16,375,22515,0,0,0.0,0.0,0.01,700.0,0.01,0.0,normal,0.03
16,375,22530,0,0,0.0,0.0,0.01,700.0,0.01,0.0,normal,0.03
16,375,22545,0,0,0.0,0.0,0.01,700.0,0.01,0.0,normal,0.03
16,376,22560,0,0,0.0,0.0,0.01,700.0,0.01,0.0,normal,0.03
16,376,22575,0,0,0.0,0.0,0.01,700.0,0.01,0.0,normal,0.03
16,376,22590,0,0,0.0,0.0,0.01,700.0,0.01,0.0,normal,0.03
16,376,22605,0,0,0.0,0.0,0.01,700.0,0.01,0.0,normal,0.03
16,377,22620,0,0,0.0,0.0,0.01,700.0,0.01,0.0,normal,0.03
16,377,22635,0,0,0.0,0.0,0.01,700.0,0.01,0.0,normal,0.03
16,377,22650,0,0,0.0,0.0,0.01,700.0,0.01,0.0,normal,0.03
16,377,22665,0,0,0.0,0.0,0.01,700.0,0.01,0.0,normal,0.03
16,378,22680,0,0,0.0,0.0,0.01,700.0,0.01,0.0,normal,0.03
16,378,22695,0,0,0.0,0.0,0.01,700.0,0.01,0.0,normal,0.03
16,378,22710,0,0,0.0,0.0,0.01,700.0,0.01,0.0,normal,0.03
16,378,22725,0,0,0.0,0.0,0.01,700.0,0.01,0.0,normal,0.03
16,379,22740,0,0,0.0,0.0,0.01,700.0,0.01,0.0,normal,0.03
16,379,22755,0,0,0.0,0.0,0.01,700.0,0.01,0.0,normal,0.03
16,379,22770,0,0,0.0,0.0,0.01,700.0,0.01,0.0,normal,0.03
16,379,22785,0,0,0.0,0.0,0.01,700.0,0.01,0.0,normal,0.03
16,380,22800,0,0,0.0,0.0,0.01,700.0,0.01,0.0,normal,0.03
16,380,22815,0,0,0.0,0.0,0.01,700.0,0.01,0.0,normal,0.03
16,380,22830,0,0,0.0,0.0,0.01,700.0,0.01,0.0,normal,0.03
16,380,22845,0,0,0.0,0.0,0.01,700.0,0.01,0.0,normal,0.03
16,381,22860,0,0,0.0,0.0,0.01,700.0,0.01,0.0,normal,0.03
16,381,22875,0,0,0.0,0.0,0.01,700.0,0.01,0.0,normal,0.03
16,381,22890,0,0,0.0,0.0,0.01,700.0,0.01,0.0,normal,0.03
16,381,22905,0,0,0.0,0.0,0.01,700.0,0.01,0.0,normal,0.03
16,382,22920,0,0,0.0,0.0,0.01,700.0,0.01,0.0,normal,0.03
16,382,22935,0,0,0.0,0.0,0.01,700.0,0.01,0.0,normal,0.03
16,382,22950,0,0,0.0,0.0,0.01,700.0,0.01,0.0,normal,0.03
16,382,22965,0,0,0.0,0.0,0.01,700.0,0.01,0.0,normal,0.03
16,383,22980,0,0,0.0,0.0,0.01,700.0,0.01,0.0,normal,0.03
16,383,22995,0,0,0.0,0.0,0.01,700.0,0.01,0.0,normal,0.03
16,383,23010,0,0,0.0,0.0,0.01,700.0,0.01,0.0,normal,0.03
16,383,23025,0,0,0.0,0.0,0.01,700.0,0.01,0.0,normal,0.03
17,384,23040,0,0,0.0,0.0,0.01,700.0,0.01,0.0,normal,0.0
17,384,23055,0,0,0.0,0.0,0.01,700.0,0.01,0.0,normal,0.0
17,384,23070,0,0,0.0,0.0,0.01,700.0,0.01,0.0,normal,0.0
17,384,23085,1,0,0.01,0.01,0.01,700.0,0.01,0.0,normal,0.01
17,385,23100,0,0,0.0,0.0,0.01,700.0,0.01,0.0,normal,0.01
17,385,23115,0,0,0.0,0.0,0.01,700.0,0.01,0.0,normal,0.01
17,385,23130,0,0,0.0,0.0,0.01,700.0,0.01,0.0,normal,0.01
17,385,23145,0,0,0.0,0.0,0.01,700.0,0.01,0.0,normal,0.01
17,386,23160,0,0,0.0,0.0,0.01,700.0,0.01,0.0,normal,0.01
17,386,23175,0,0,0.0,0.0,0.01,700.0,0.01,0.0,normal,0.01
17,386,23190,0,0,0.0,0.0,0.01,700.0,0.01,0.0,normal,0.01
17,386,23205,0,0,0.0,0.0,0.01,700.0,0.01,0.0,normal,0.01
17,387,23220,0,0,0.0,0.0,0.01,700.0,0.01,0.0,normal,0.01
17,387,23235,0,0,0.0,0.0,0.01,700.0,0.01,0.0,normal,0.01
17,387,23250,0,0,0.0,0.0,0.01,700.0,0.01,0.0,normal,0.01
17,387,23265,0,0,0.0,0.0,0.01,700.0,0.01,0.0,normal,0.01
17,388,23280,0,0,0.0,0.0,0.01,700.0,0.01,0.0,normal,0.01
17,388,23295,0,0,0.0,0.0,0.01,700.0,0.01,0.0,normal,0.01
17,388,23310,0,0,0.0,0.0,0.01,700.0,0.01,0.0,normal,0.01
17,388,23325,0,0,0.0,0.0,0.01,700.0,0.01,0.0,normal,0.01
17,389,23340,0,0,0.0,0.0,0.01,700.0,0.01,0.0,normal,0.01
17,389,23355,0,0,0.0,0.0,0.01,700.0,0.01,0.0,normal,0.01
17,389,23370,0,0,0.0,0.0,0.01,700.0,0.01,0.0,normal,0.01
17,389,23385,0,0,0.0,0.0,0.01,700.0,0.01,0.0,normal,0.01
17,390,23400,0,0,0.0,0.0,0.01,700.0,0.01,0.0,normal,0.01
17,390,23415,0,0,0.0,0.0,0.01,700.0,0.01,0.0,normal,0.01
17,390,23430,1,0,0.01,0.01,0.01,700.0,0.01,0.0,normal,0.02
17,390,23445,0,0,0.0,0.0,0.01,700.0,0.01,0.0,normal,0.02
17,391,23460,0,0,0.0,0.0,0.01,700.0,0.01,0.0,normal,0.02
17,391,23475,0,0,0.0,0.0,0.01,700.0,0.01,0.0,normal,0.02
17,391,23490,0,0,0.0,0.0,0.01,700.0,0.01,0.0,normal,0.02
17,391,23505,0,0,0.0,0.0,0.01,700.0,0.01,0.0,normal,0.02
17,392,23520,0,0,0.0,0.0,0.01,700.0,0.01,0.0,normal,0.02
17,392,23535,0,0,0.0,0.0,0.01,700.0,0.01,0.0,normal,0.02
17,392,23550,0,0,0.0,0.0,0.01,700.0,0.01,0.0,normal,0.02
17,392,23565,0,0,0.0,0.0,0.01,700.0,0.01,0.0,normal,0.02
17,393,23580,0,0,0.0,0.0,0.01,700.0,0.01,0.0,normal,0.02
17,393,23595,0,0,0.0,0.0,0.01,700.0,0.01,0.0,normal,0.02
17,393,23610,0,0,0.0,0.0,0.01,700.0,0.01,0.0,normal,0.02
17,393,23625,0,0,0.0,0.0,0.01,700.0,0.01,0.0,normal,0.02
17,394,23640,0,0,0.0,0.0,0.01,700.0,0.01,0.0,normal,0.02
17,394,23655,0,0,0.0,0.0,0.01,700.0,0.01,0.0,normal,0.02
17,394,23670,0,0,0.0,0.0,0.01,700.0,0.01,0.0,normal,0.02
17,394,23685,0,0,0.0,0.0,0.01,700.0,0.01,0.0,normal,0.02
17,395,23700,0,0,0.0,0.0,0.01,700.0,0.01,0.0,normal,0.02
17,395,23715,0,0,0.0,0.0,0.01,700.0,0.01,0.0,normal,0.02
17,395,23730,0,0,0.0,0.0,0.01,700.0,0.01,0.0,normal,0.02
17,395,23745,0,0,0.0,0.0,0.01,700.0,0.01,0.0,normal,0.02
17,396,23760,0,0,0.0,0.0,0.01,700.0,0.01,0.0,normal,0.02
17,396,23775,0,0,0.0,0.0,0.01,700.0,0.01,0.0,normal,0.02
17,396,23790,0,0,0.0,0.0,0.01,700.0,0.01,0.0,normal,0.02
17,396,23805,0,0,0.0,0.0,0.01,700.0,0.01,0.0,normal,0.02
17,397,23820,0,0,0.0,0.0,0.01,700.0,0.01,0.0,normal,0.02
17,397,23835,1,0,0.01,0.01,0.01,700.0,0.01,0.0,normal,0.03
17,397,23850,0,0,0.0,0.0,0.01,700.0,0.01,0.0,normal,0.03
17,397,23865,0,0,0.0,0.0,0.01,700.0,0.01,0.0,normal,0.03
17,398,23880,0,0,0.0,0.0,0.01,700.0,0.01,0.0,normal,0.03
17,398,23895,0,0,0.0,0.0,0.01,700.0,0.01,0.0,normal,0.03
17,398,23910,0,0,0.0,0.0,0.01,700.0,0.01,0.0,normal,0.03
17,398,23925,0,0,0.0,0.0,0.01,700.0,0.01,0.0,normal,0.03
17,399,23940,0,0,0.0,0.0,0.01,700.0,0.01,0.0,normal,0.03
17,399,23955,1,0,0.01,0.01,0.01,700.0,0.01,0.0,normal,0.04
17,399,23970,0,0,0.0,0.0,0.01,700.0,0.01,0.0,normal,0.04
17,399,23985,0,0,0.0,0.0,0.01,700.0,0.01,0.0,normal,0.04
17,400,24000,0,0,0.0,0.0,0.01,700.0,0.01,0.0,normal,0.04
17,400,24015,0,0,0.0,0.0,0.01,700.0,0.01,0.0,normal,0.04
17,400,24030,0,0,0.0,0.0,0.01,700.0,0.01,0.0,normal,0.04
17,400,24045,0,0,0.0,0.0,0.01,700.0,0.01,0.0,normal,0.04
17,401,24060,0,0,0.0,0.0,0.01,700.0,0.01,0.0,normal,0.04
17,401,24075,0,0,0.0,0.0,0.01,700.0,0.01,0.0,normal,0.04
17,401,24090,0,0,0.0,0.0,0.01,700.0,0.01,0.0,normal,0.04
17,401,24105,0,0,0.0,0.0,0.01,700.0,0.01,0.0,normal,0.04
17,402,24120,0,0,0.0,0.0,0.01,700.0,0.01,0.0,normal,0.04
17,402,24135,0,0,0.0,0.0,0.01,700.0,0.01,0.0,normal,0.04
17,402,24150,0,0,0.0,0.0,0.01,700.0,0.01,0.0,normal,0.04
17,402,24165,0,0,0.0,0.0,0.01,700.0,0.01,0.0,normal,0.04
17,403,24180,0,0,0.0,0.0,0.01,700.0,0.01,0.0,normal,0.04
17,403,24195,0,0,0.0,0.0,0.01,700.0,0.01,0.0,normal,0.04
17,403,24210,0,0,0.0,0.0,0.01,700.0,0.01,0.0,normal,0.04
17,403,24225,0,0,0.0,0.0,0.01,700.0,0.01,0.0,normal,0.04
17,404,24240,0,0,0.0,0.0,0.01,700.0,0.01,0.0,normal,0.04
17,404,24255,0,0,0.0,0.0,0.01,700.0,0.01,0.0,normal,0.04
17,404,24270,0,0,0.0,0.0,0.01,700.0,0.01,0.0,normal,0.04
17,404,24285,1,0,0.01,0.01,0.01,700.0,0.01,0.0,normal,0.05
17,405,24300,0,0,0.0,0.0,0.01,700.0,0.01,0.0,normal,0.05
17,405,24315,0,0,0.0,0.0,0.01,700.0,0.01,0.0,normal,0.05
17,405,24330,0,0,0.0,0.0,0.01,700.0,0.01,0.0,normal,0.05
17,405,24345,0,0,0.0,0.0,0.01,700.0,0.01,0.0,normal,0.05
17,406,24360,0,0,0.0,0.0,0.01,700.0,0.01,0.0,normal,0.05
17,406,24375,0,0,0.0,0.0,0.01,700.0,0.01,0.0,normal,0.05
17,406,24390,0,0,0.0,0.0,0.01,700.0,0.01,0.0,normal,0.05
17,406,24405,0,0,0.0,0.0,0.01,700.0,0.01,0.0,normal,0.05
17,407,24420,0,0,0.0,0.0,0.01,700.0,0.01,0.0,normal,0.05
17,407,24435,0,0,0.0,0.0,0.01,700.0,0.01,0.0,normal,0.05
17,407,24450,0,0,0.0,0.0,0.01,700.0,0.01,0.0,normal,0.05
17,407,24465,0,0,0.0,0.0,0.01,700.0,0.01,0.0,normal,0.05
18,408,24480,0,0,0.0,0.0,0.01,700.0,0.01,0.0,normal,0.0
18,408,24495,0,0,0.0,0.0,0.01,700.0,0.01,0.0,normal,0.0
18,408,24510,0,0,0.0,0.0,0.01,700.0,0.01,0.0,normal,0.0
18,408,24525,0,0,0.0,0.0,0.01,700.0,0.01,0.0,normal,0.0
18,409,24540,0,0,0.0,0.0,0.01,700.0,0.01,0.0,normal,0.0
18,409,24555,0,0,0.0,0.0,0.01,700.0,0.01,0.0,normal,0.0
18,409,24570,0,0,0.0,0.0,0.01,700.0,0.01,0.0,normal,0.0
18,409,24585,0,0,0.0,0.0,0.01,700.0,0.01,0.0,normal,0.0
18,410,24600,0,0,0.0,0.0,0.01,700.0,0.01,0.0,normal,0.0
18,410,24615,0,0,0.0,0.0,0.01,700.0,0.01,0.0,normal,0.0
18,410,24630,0,0,0.0,0.0,0.01,700.0,0.01,0.0,normal,0.0
18,410,24645,0,0,0.0,0.0,0.01,700.0,0.01,0.0,normal,0.0
18,411,24660,0,0,0.0,0.0,0.01,700.0,0.01,0.0,normal,0.0
18,411,24675,0,0,0.0,0.0,0.01,700.0,0.01,0.0,normal,0.0
18,411,24690,0,0,0.0,0.0,0.01,700.0,0.01,0.0,normal,0.0
18,411,24705,0,0,0.0,0.0,0.01,700.0,0.01,0.0,normal,0.0
18,412,24720,0,0,0.0,0.0,0.01,700.0,0.01,0.0,normal,0.0
18,412,24735,0,0,0.0,0.0,0.01,700.0,0.01,0.0,normal,0.0
18,412,24750,0,0,0.0,0.0,0.01,700.0,0.01,0.0,normal,0.0
18,412,24765,0,0,0.0,0.0,0.01,700.0,0.01,0.0,normal,0.0
18,413,24780,0,0,0.0,0.0,0.01,700.0,0.01,0.0,normal,0.0
18,413,24795,0,0,0.0,0.0,0.01,700.0,0.01,0.0,normal,0.0
18,413,24810,0,0,0.0,0.0,0.01,700.0,0.01,0.0,normal,0.0
18,413,24825,0,0,0.0,0.0,0.01,700.0,0.01,0.0,normal,0.0
18,414,24840,0,0,0.0,0.0,0.01,700.0,0.01,0.0,normal,0.0
18,414,24855,0,0,0.0,0.0,0.01,700.0,0.01,0.0,normal,0.0
18,414,24870,0,0,0.0,0.0,0.01,700.0,0.01,0.0,normal,0.0
18,414,24885,0,0,0.0,0.0,0.01,700.0,0.01,0.0,normal,0.0
18,415,24900,0,0,0.0,0.0,0.01,700.0,0.01,0.0,normal,0.0
18,415,24915,0,0,0.0,0.0,0.01,700.0,0.01,0.0,normal,0.0
18,415,24930,0,0,0.0,0.0,0.01,700.0,0.01,0.0,normal,0.0
18,415,24945,0,0,0.0,0.0,0.01,700.0,0.01,0.0,normal,0.0
18,416,24960,0,0,0.0,0.0,0.01,700.0,0.01,0.0,normal,0.0
18,416,24975,0,0,0.0,0.0,0.01,700.0,0.01,0.0,normal,0.0
18,416,24990,0,0,0.0,0.0,0.01,700.0,0.01,0.0,normal,0.0
18,416,25005,0,0,0.0,0.0,0.01,700.0,0.01,0.0,normal,0.0
18,417,25020,0,0,0.0,0.0,0.01,700.0,0.01,0.0,normal,0.0
18,417,25035,0,0,0.0,0.0,0.01,700.0,0.01,0.0,normal,0.0
18,417,25050,0,0,0.0,0.0,0.01,700.0,0.01,0.0,normal,0.0
18,417,25065,0,0,0.0,0.0,0.01,700.0,0.01,0.0,normal,0.0
18,418,25080,0,0,0.0,0.0,0.01,700.0,0.01,0.0,normal,0.0
18,418,25095,0,0,0.0,0.0,0.01,700.0,0.01,0.0,normal,0.0
18,418,25110,0,0,0.0,0.0,0.01,700.0,0.01,0.0,normal,0.0
18,418,25125,0,0,0.0,0.0,0.01,700.0,0.01,0.0,normal,0.0
18,419,25140,0,0,0.0,0.0,0.01,700.0,0.01,0.0,normal,0.0
18,419,25155,0,0,0.0,0.0,0.01,700.0,0.01,0.0,normal,0.0
18,419,25170,0,0,0.0,0.0,0.01,700.0,0.01,0.0,normal,0.0
18,419,25185,0,0,0.0,0.0,0.01,700.0,0.01,0.0,normal,0.0
18,420,25200,1,0,0.01,0.01,0.01,700.0,0.01,0.0,normal,0.01
18,420,25215,0,0,0.0,0.0,0.01,700.0,0.01,0.0,normal,0.01
18,420,25230,0,0,0.0,0.0,0.01,700.0,0.01,0.0,normal,0.01
18,420,25245,0,0,0.0,0.0,0.01,700.0,0.01,0.0,normal,0.01
18,421,25260,0,0,0.0,0.0,0.01,700.0,0.01,0.0,normal,0.01
18,421,25275,0,0,0.0,0.0,0.01,700.0,0.01,0.0,normal,0.01
18,421,25290,0,0,0.0,0.0,0.01,700.0,0.01,0.0,normal,0.01
18,421,25305,0,0,0.0,0.0,0.01,700.0,0.01,0.0,normal,0.01
18,422,25320,0,0,0.0,0.0,0.01,700.0,0.01,0.0,normal,0.01
18,422,25335,0,0,0.0,0.0,0.01,700.0,0.01,0.0,normal,0.01
18,422,25350,0,0,0.0,0.0,0.01,700.0,0.01,0.0,normal,0.01
18,422,25365,0,0,0.0,0.0,0.01,700.0,0.01,0.0,normal,0.01
18,423,25380,0,0,0.0,0.0,0.01,700.0,0.01,0.0,normal,0.01
18,423,25395,0,0,0.0,0.0,0.01,700.0,0.01,0.0,normal,0.01
18,423,25410,0,0,0.0,0.0,0.01,700.0,0.01,0.0,normal,0.01
18,423,25425,0,0,0.0,0.0,0.01,700.0,0.01,0.0,normal,0.01
18,424,25440,0,0,0.0,0.0,0.01,700.0,0.01,0.0,normal,0.01
18,424,25455,0,0,0.0,0.0,0.01,700.0,0.01,0.0,normal,0.01
18,424,25470,0,0,0.0,0.0,0.01,700.0,0.01,0.0,normal,0.01
18,424,25485,0,0,0.0,0.0,0.01,700.0,0.01,0.0,normal,0.01
18,425,25500,0,0,0.0,0.0,0.01,700.0,0.01,0.0,normal,0.01
18,425,25515,0,0,0.0,0.0,0.01,700.0,0.01,0.0,normal,0.01
18,425,25530,0,0,0.0,0.0,0.01,700.0,0.01,0.0,normal,0.01
18,425,25545,0,0,0.0,0.0,0.01,700.0,0.01,0.0,normal,0.01
18,426,25560,0,0,0.0,0.0,0.01,700.0,0.01,0.0,normal,0.01
18,426,25575,0,0,0.0,0.0,0.01,700.0,0.01,0.0,normal,0.01
18,426,25590,0,0,0.0,0.0,0.01,700.0,0.01,0.0,normal,0.01
18,426,25605,0,0,0.0,0.0,0.01,700.0,0.01,0.0,normal,0.01
18,427,25620,0,0,0.0,0.0,0.01,700.0,0.01,0.0,normal,0.01
18,427,25635,0,0,0.0,0.0,0.01,700.0,0.01,0.0,normal,0.01
18,427,25650,0,0,0.0,0.0,0.01,700.0,0.01,0.0,normal,0.01
18,427,25665,0,0,0.0,0.0,0.01,700.0,0.01,0.0,normal,0.01
18,428,25680,0,0,0.0,0.0,0.01,700.0,0.01,0.0,normal,0.01
18,428,25695,0,0,0.0,0.0,0.01,700.0,0.01,0.0,normal,0.01
18,428,25710,0,0,0.0,0.0,0.01,700.0,0.01,0.0,normal,0.01
18,428,25725,0,0,0.0,0.0,0.01,700.0,0.01,0.0,normal,0.01
18,429,25740,0,0,0.0,0.0,0.01,700.0,0.01,0.0,normal,0.01
18,429,25755,0,0,0.0,0.0,0.01,700.0,0.01,0.0,normal,0.01
18,429,25770,0,0,0.0,0.0,0.01,700.0,0.01,0.0,normal,0.01
18,429,25785,0,0,0.0,0.0,0.01,700.0,0.01,0.0,normal,0.01
18,430,25800,0,0,0.0,0.0,0.01,700.0,0.01,0.0,normal,0.01
18,430,25815,0,0,0.0,0.0,0.01,700.0,0.01,0.0,normal,0.01
18,430,25830,0,0,0.0,0.0,0.01,700.0,0.01,0.0,normal,0.01
18,430,25845,0,0,0.0,0.0,0.01,700.0,0.01,0.0,normal,0.01
18,431,25860,0,0,0.0,0.0,0.01,700.0,0.01,0.0,normal,0.01
18,431,25875,0,0,0.0,0.0,0.01,700.0,0.01,0.0,normal,0.01
18,431,25890,0,0,0.0,0.0,0.01,700.0,0.01,0.0,normal,0.01
18,431,25905,0,0,0.0,0.0,0.01,700.0,0.01,0.0,normal,0.01
19,432,25920,0,0,0.0,0.0,0.01,700.0,0.01,0.0,normal,0.0
19,432,25935,0,0,0.0,0.0,0.01,700.0,0.01,0.0,normal,0.0
19,432,25950,0,0,0.0,0.0,0.01,700.0,0.01,0.0,normal,0.0
19,432,25965,0,0,0.0,0.0,0.01,700.0,0.01,0.0,normal,0.0
19,433,25980,0,0,0.0,0.0,0.01,700.0,0.01,1.0,normal,0.0
19,433,25995,0,0,0.0,0.0,0.01,700.0,0.01,1.0,normal,0.0
19,433,26010,7,0,19.6461,19.6461,2.8066,700.0,4.2,1.0,normal,19.6461
19,433,26025,5,0,5.4025,5.4025,1.0805,700.0,4.2,1.0,normal,25.0486
19,434,26040,13,0,36.0193,36.0193,2.7707,700.0,3.99,1.0,normal,61.0679
19,434,26055,16,0,1.8441,1.8441,0.1153,700.0,3.99,1.0,normal,62.912
19,434,26070,11,1,3.6916,3.6916,0.3356,700.0,3.99,1.0,normal,66.6036
19,434,26085,15,0,49.9809,49.9809,3.3321,700.0,3.99,1.0,normal,116.5845
19,435,26100,13,0,5.054,5.054,0.3888,700.0,3.79,1.0,normal,121.6385
19,435,26115,6,0,22.4994,22.4994,3.7499,700.0,3.79,1.0,normal,144.1379
19,435,26130,15,0,44.5196,44.5196,2.968,700.0,3.79,1.0,normal,188.6575
19,435,26145,11,0,7.8774,7.8774,0.7161,700.0,3.79,1.0,normal,196.5349
19,436,26160,8,0,33.6,33.6,4.2,700.0,4.2,1.0,normal,230.1349
19,436,26175,6,1,1.5233,1.5233,0.2539,700.0,4.2,1.0,normal,231.6582
19,436,26190,6,0,11.9876,11.9876,1.9979,700.0,4.2,1.0,normal,243.6458
19,436,26205,13,0,52.8875,52.8875,4.0683,700.0,4.2,1.0,normal,296.5333
19,437,26220,9,0,1.2738,1.2738,0.1415,700.0,3.99,1.0,normal,297.8071
19,437,26235,6,0,3.0332,3.0332,0.5055,700.0,3.99,1.0,normal,300.8403
19,437,26250,11,0,27.1154,27.1154,2.465,700.0,3.99,1.0,normal,327.9557
19,437,26265,8,1,31.92,31.92,3.99,700.0,3.99,1.0,normal,359.8757
19,438,26280,7,0,26.53,26.53,3.79,700.0,3.79,1.0,normal,386.4057
19,438,26295,8,0,30.32,30.32,3.79,700.0,3.79,1.0,normal,416.7257
19,438,26310,7,1,9.3772,9.3772,1.3396,700.0,3.79,1.0,normal,426.1029
19,438,26325,12,0,18.0358,18.0358,1.503,700.0,3.79,1.0,normal,444.1387
19,439,26340,8,0,28.8,28.8,3.6,700.0,3.6,1.0,normal,472.9387
19,439,26355,9,0,3.4524,3.4524,0.3836,700.0,3.6,1.0,normal,476.3911
19,439,26370,4,0,10.0342,10.0342,2.5086,700.0,3.6,1.0,normal,486.4253
19,439,26385,13,0,46.8,46.8,3.6,700.0,3.6,1.0,normal,533.2253
19,440,26400,12,0,16.2638,16.2638,1.3553,700.0,3.6,1.0,normal,549.4891
19,440,26415,9,0,32.4,32.4,3.6,700.0,3.6,1.0,normal,581.8891
19,440,26430,13,0,12.8016,12.8016,0.9847,700.0,3.6,1.0,normal,594.6907
19,440,26445,8,0,28.8,28.8,3.6,700.0,3.6,1.0,normal,623.4907
19,441,26460,8,0,14.1558,14.1558,1.7695,700.0,3.36,1.0,budget_constrained,637.6465
19,441,26475,4,0,13.44,13.44,3.36,700.0,3.36,1.0,budget_constrained,651.0865
19,441,26490,6,0,13.6041,13.6041,2.2674,700.0,3.36,1.0,budget_constrained,664.6906
19,441,26505,8,0,26.88,26.88,3.36,700.0,3.36,1.0,budget_constrained,691.5706
19,442,26520,2,0,8.4294,8.4294,3.12,700.0,3.12,1.0,budget_depleted,700.0
19,442,26535,0,0,0.0,0.0,0.0,700.0,3.12,1.0,budget_depleted,700.0
19,442,26550,0,0,0.0,0.0,0.0,700.0,3.12,1.0,budget_depleted,700.0
19,442,26565,0,0,0.0,0.0,0.0,700.0,3.12,1.0,budget_depleted,700.0
19,443,26580,0,0,0.0,0.0,0.0,700.0,2.88,1.0,budget_depleted,700.0
19,443,26595,0,0,0.0,0.0,0.0,700.0,2.88,1.0,budget_depleted,700.0
19,443,26610,0,0,0.0,0.0,0.0,700.0,2.88,1.0,budget_depleted,700.0
19,443,26625,0,0,0.0,0.0,0.0,700.0,2.88,1.0,budget_depleted,700.0
19,444,26640,0,0,0.0,0.0,0.0,1650.0,2.88,1.0,normal,700.0
19,444,26655,13,0,15.2099,15.2099,1.17,1650.0,2.88,1.0,normal,715.2099
19,444,26670,6,0,13.0615,13.0615,2.1769,1650.0,2.88,1.0,normal,728.2714
19,444,26685,6,1,17.28,17.28,2.88,1650.0,2.88,1.0,normal,745.5514
19,445,26700,8,0,18.88,18.88,2.36,1650.0,2.36,1.0,normal,764.4314
19,445,26715,3,0,4.5642,4.5642,1.5214,1650.0,2.36,1.0,normal,768.9956
19,445,26730,7,0,9.0813,9.0813,1.2973,1650.0,2.36,1.0,normal,778.0769
19,445,26745,13,0,2.6372,2.6372,0.2029,1650.0,2.36,1.0,normal,780.7141
19,446,26760,14,0,1.0959,1.0959,0.0783,1650.0,2.45,1.0,normal,781.81
19,446,26775,3,0,7.35,7.35,2.45,1650.0,2.45,1.0,normal,789.16
19,446,26790,8,1,0.341,0.341,0.0426,1650.0,2.45,1.0,normal,789.501
19,446,26805,8,0,13.3606,13.3606,1.6701,1650.0,2.45,1.0,normal,802.8616
19,447,26820,1,0,1.08,1.08,1.08,1650.0,1.08,1.0,normal,803.9416
19,447,26835,1,0,1.08,1.08,1.08,1650.0,1.08,1.0,normal,805.0216
19,447,26850,1,0,0.8931,0.8931,0.8931,1650.0,1.08,1.0,normal,805.9147
19,447,26865,0,0,0.0,0.0,1.08,1650.0,1.08,1.0,normal,805.9147
19,448,26880,2,0,2.16,2.16,1.08,1650.0,1.08,1.0,normal,808.0747
19,448,26895,2,0,0.5713,0.5713,0.2856,1650.0,1.08,1.0,normal,808.646
19,448,26910,5,1,5.4,5.4,1.08,1650.0,1.08,1.0,normal,814.046
19,448,26925,3,1,0.9717,0.9717,0.3239,1650.0,1.08,1.0,normal,815.0177
19,449,26940,2,0,0.9721,0.9721,0.4861,1650.0,1.01,1.0,normal,815.9898
19,449,26955,0,0,0.0,0.0,1.01,1650.0,1.01,1.0,normal,815.9898
19,449,26970,5,0,0.4372,0.4372,0.0874,1650.0,1.01,1.0,normal,816.427
19,449,26985,3,0,3.03,3.03,1.01,1650.0,1.01,1.0,normal,819.457
19,450,27000,1,0,0.93,0.93,0.93,1650.0,0.93,1.0,normal,820.387
19,450,27015,2,0,1.86,1.86,0.93,1650.0,0.93,1.0,normal,822.247
19,450,27030,1,0,0.93,0.93,0.93,1650.0,0.93,1.0,normal,823.177
19,450,27045,5,0,4.65,4.65,0.93,1650.0,0.93,1.0,normal,827.827
19,451,27060,1,0,0.8034,0.8034,0.8034,1650.0,0.86,1.0,normal,828.6304
19,451,27075,3,0,0.7562,0.7562,0.2521,1650.0,0.86,1.0,normal,829.3866
19,451,27090,1,0,0.2906,0.2906,0.2906,1650.0,0.86,1.0,normal,829.6772
19,451,27105,2,0,1.72,1.72,0.86,1650.0,0.86,1.0,normal,831.3972
19,452,27120,2,0,1.72,1.72,0.86,1650.0,0.86,1.0,normal,833.1172
19,452,27135,5,0,4.3,4.3,0.86,1650.0,0.86,1.0,normal,837.4172
19,452,27150,4,0,3.44,3.44,0.86,1650.0,0.86,1.0,normal,840.8572
19,452,27165,2,0,1.72,1.72,0.86,1650.0,0.86,1.0,normal,842.5772
19,453,27180,2,0,1.68,1.68,0.84,1650.0,0.84,1.0,normal,844.2572
19,453,27195,0,0,0.0,0.0,0.1894,1650.0,0.84,1.0,normal,844.2572
19,453,27210,2,0,1.68,1.68,0.84,1650.0,0.84,1.0,normal,845.9372
19,453,27225,4,0,3.36,3.36,0.84,1650.0,0.84,1.0,normal,849.2972
19,454,27240,1,0,0.81,0.81,0.81,1650.0,0.81,1.0,normal,850.1072
19,454,27255,2,0,1.62,1.62,0.81,1650.0,0.81,1.0,normal,851.7272
19,454,27270,3,0,1.6118,1.6118,0.5373,1650.0,0.81,1.0,normal,853.339
19,454,27285,2,0,1.62,1.62,0.81,1650.0,0.81,1.0,normal,854.959
19,455,27300,1,0,0.6957,0.6957,0.6957,1650.0,0.79,1.0,normal,855.6547
19,455,27315,2,0,1.58,1.58,0.79,1650.0,0.79,1.0,normal,857.2347
19,455,27330,1,0,0.79,0.79,0.79,1650.0,0.79,1.0,normal,858.0247
19,455,27345,2,0,1.58,1.58,0.79,1650.0,0.79,1.0,normal,859.6047
20,456,27360,4,0,1.1628,1.1628,0.2907,1650.0,0.86,1.0,normal,1.1628
20,456,27375,0,0,0.0,0.0,0.86,1650.0,0.86,1.0,normal,1.1628
20,456,27390,2,0,1.0466,1.0466,0.5233,1650.0,0.86,1.0,normal,2.2094
20,456,27405,3,0,0.7165,0.7165,0.2388,1650.0,0.86,1.0,normal,2.9259
20,457,27420,3,0,2.52,2.52,0.84,1650.0,0.84,1.0,normal,5.4459
20,457,27435,1,0,0.84,0.84,0.84,1650.0,0.84,1.0,normal,6.2859
20,457,27450,0,0,0.0,0.0,0.84,1650.0,0.84,1.0,normal,6.2859
20,457,27465,3,0,2.52,2.52,0.84,1650.0,0.84,1.0,normal,8.8059
20,458,27480,1,0,0.85,0.85,0.85,1650.0,0.85,1.0,normal,9.6559
20,458,27495,2,0,1.7,1.7,0.85,1650.0,0.85,1.0,normal,11.3559
20,458,27510,2,0,1.7,1.7,0.85,1650.0,0.85,1.0,normal,13.0559
20,458,27525,3,1,2.55,2.55,0.85,1650.0,0.85,1.0,normal,15.6059
20,459,27540,3,0,2.64,2.64,0.88,1650.0,0.88,1.0,normal,18.2459
20,459,27555,2,1,1.76,1.76,0.88,1650.0,0.88,1.0,normal,20.0059
20,459,27570,5,0,0.3746,0.3746,0.0749,1650.0,0.88,1.0,normal,20.3805
20,459,27585,4,0,3.52,3.52,0.88,1650.0,0.88,1.0,normal,23.9005
20,460,27600,0,0,0.0,0.0,0.3648,1650.0,0.88,1.0,normal,23.9005
20,460,27615,2,0,0.9434,0.9434,0.4717,1650.0,0.88,1.0,normal,24.8439
20,460,27630,2,0,1.76,1.76,0.88,1650.0,0.88,1.0,normal,26.6039
20,460,27645,4,1,3.52,3.52,0.88,1650.0,0.88,1.0,normal,30.1239
20,461,27660,2,0,1.82,1.82,0.91,1650.0,0.91,1.0,normal,31.9439
20,461,27675,1,0,0.3615,0.3615,0.3615,1650.0,0.91,1.0,normal,32.3054
20,461,27690,3,0,2.73,2.73,0.91,1650.0,0.91,1.0,normal,35.0354
20,461,27705,3,0,0.2365,0.2365,0.0788,1650.0,0.91,1.0,normal,35.2719
20,462,27720,3,0,2.82,2.82,0.94,1650.0,0.94,1.0,normal,38.0919
20,462,27735,1,0,0.94,0.94,0.94,1650.0,0.94,1.0,normal,39.0319
20,462,27750,3,0,2.82,2.82,0.94,1650.0,0.94,1.0,normal,41.8519
20,462,27765,3,0,2.82,2.82,0.94,1650.0,0.94,1.0,normal,44.6719
20,463,27780,1,0,0.97,0.97,0.97,1650.0,0.97,1.0,normal,45.6419
20,463,27795,3,0,2.91,2.91,0.97,1650.0,0.97,1.0,normal,48.5519
20,463,27810,2,0,1.94,1.94,0.97,1650.0,0.97,1.0,normal,50.4919
20,463,27825,2,0,1.94,1.94,0.97,1650.0,0.97,1.0,normal,52.4319
20,464,27840,1,0,0.97,0.97,0.97,1650.0,0.97,1.0,normal,53.4019
20,464,27855,3,0,2.91,2.91,0.97,1650.0,0.97,1.0,normal,56.3119
20,464,27870,2,0,0.5006,0.5006,0.2503,1650.0,0.97,1.0,normal,56.8125
20,464,27885,1,0,0.97,0.97,0.97,1650.0,0.97,1.0,normal,57.7825
20,465,27900,2,0,0.4138,0.4138,0.2069,1650.0,1.0,1.0,normal,58.1963
20,465,27915,4,1,3.4056,3.4056,0.8514,1650.0,1.0,1.0,normal,61.6019
20,465,27930,2,0,2.0,2.0,1.0,1650.0,1.0,1.0,normal,63.6019
20,465,27945,4,0,1.8385,1.8385,0.4596,1650.0,1.0,1.0,normal,65.4404
20,466,27960,2,0,1.814,1.814,0.907,1650.0,1.03,1.0,normal,67.2544
20,466,27975,1,0,0.5916,0.5916,0.5916,1650.0,1.03,1.0,normal,67.846
20,466,27990,2,0,2.06,2.06,1.03,1650.0,1.03,1.0,normal,69.906
20,466,28005,0,0,0.0,0.0,1.03,1650.0,1.03,1.0,normal,69.906
20,467,28020,3,0,1.5747,1.5747,0.5249,1650.0,1.07,1.0,normal,71.4807
20,467,28035,2,0,2.14,2.14,1.07,1650.0,1.07,1.0,normal,73.6207
20,467,28050,2,0,2.14,2.14,1.07,1650.0,1.07,1.0,normal,75.7607
20,467,28065,3,0,1.0412,1.0412,0.3471,1650.0,1.07,1.0,normal,76.8019
20,468,28080,2,1,2.6917,2.6917,1.3459,1650.0,1.39,1.3,normal,79.4936
20,468,28095,1,0,1.39,1.39,1.39,1650.0,1.39,1.3,normal,80.8836
20,468,28110,2,0,1.3375,1.3375,0.6687,1650.0,1.39,1.3,normal,82.2211
20,468,28125,5,0,6.95,6.95,1.39,1650.0,1.39,1.3,normal,89.1711
20,469,28140,3,0,0.879,0.879,0.293,1650.0,1.44,1.3,normal,90.0501
20,469,28155,4,0,5.76,5.76,1.44,1650.0,1.44,1.3,normal,95.8101
20,469,28170,4,0,5.76,5.76,1.44,1650.0,1.44,1.3,normal,101.5701
20,469,28185,2,0,1.6241,1.6241,0.8121,1650.0,1.44,1.3,normal,103.1942
20,470,28200,5,0,7.2,7.2,1.44,1650.0,1.44,1.3,normal,110.3942
20,470,28215,4,0,0.5021,0.5021,0.1255,1650.0,1.44,1.3,normal,110.8963
20,470,28230,8,0,11.52,11.52,1.44,1650.0,1.44,1.3,normal,122.4163
20,470,28245,6,1,8.64,8.64,1.44,1650.0,1.44,1.3,normal,131.0563
20,471,28260,6,0,0.5323,0.5323,0.0887,1650.0,1.5,1.3,normal,131.5886
20,471,28275,2,0,3.0,3.0,1.5,1650.0,1.5,1.3,normal,134.5886
20,471,28290,2,0,3.0,3.0,1.5,1650.0,1.5,1.3,normal,137.5886
20,471,28305,4,0,6.0,6.0,1.5,1650.0,1.5,1.3,normal,143.5886
20,472,28320,4,0,2.5866,2.5866,0.6466,1650.0,1.5,1.3,normal,146.1752
20,472,28335,3,0,0.8387,0.8387,0.2796,1650.0,1.5,1.3,normal,147.0139
20,472,28350,6,1,2.5112,2.5112,0.4185,1650.0,1.5,1.3,normal,149.5251
20,472,28365,2,0,3.0,3.0,1.5,1650.0,1.5,1.3,normal,152.5251
20,473,28380,4,0,0.7362,0.7362,0.184,1650.0,1.55,1.3,normal,153.2613
20,473,28395,6,0,5.3065,5.3065,0.8844,1650.0,1.55,1.3,normal,158.5678
20,473,28410,4,0,1.6851,1.6851,0.4213,1650.0,1.55,1.3,normal,160.2529
20,473,28425,4,0,3.8709,3.8709,0.9677,1650.0,1.55,1.3,normal,164.1238
20,474,28440,4,1,6.2,6.2,1.55,1650.0,1.55,1.3,normal,170.3238
20,474,28455,1,0,1.55,1.55,1.55,1650.0,1.55,1.3,normal,171.8738
20,474,28470,3,0,2.9969,2.9969,0.999,1650.0,1.55,1.3,normal,174.8707
20,474,28485,2,0,0.2348,0.2348,0.1174,1650.0,1.55,1.3,normal,175.1055
20,475,28500,6,0,9.6,9.6,1.6,1650.0,1.6,1.3,normal,184.7055
20,475,28515,7,0,1.1441,1.1441,0.1634,1650.0,1.6,1.3,normal,185.8496
20,475,28530,6,1,9.6,9.6,1.6,1650.0,1.6,1.3,normal,195.4496
20,475,28545,4,0,6.4,6.4,1.6,1650.0,1.6,1.3,normal,201.8496
20,476,28560,0,0,0.0,0.0,0.01,1650.0,0.01,1.3,normal,201.8496
20,476,28575,0,0,0.0,0.0,0.01,1650.0,0.01,1.3,normal,201.8496
20,476,28590,0,0,0.0,0.0,0.01,1650.0,0.01,1.3,normal,201.8496
20,476,28605,0,0,0.0,0.0,0.01,1650.0,0.01,1.3,normal,201.8496
20,477,28620,0,0,0.0,0.0,0.01,1650.0,0.01,1.3,normal,201.8496
20,477,28635,0,0,0.0,0.0,0.01,1650.0,0.01,1.3,normal,201.8496
20,477,28650,0,0,0.0,0.0,0.01,1650.0,0.01,1.3,normal,201.8496
20,477,28665,0,0,0.0,0.0,0.01,1650.0,0.01,1.3,normal,201.8496
20,478,28680,13,0,24.6866,24.6866,1.899,1650.0,4.2,1.3,normal,226.5362
20,478,28695,10,1,1.5434,1.5434,0.1543,1650.0,4.2,1.3,normal,228.0796
20,478,28710,10,1,24.9253,24.9253,2.4925,1650.0,4.2,1.3,normal,253.0049
20,478,28725,7,0,2.9732,2.9732,0.4247,1650.0,4.2,1.3,normal,255.9781
20,479,28740,11,0,5.1956,5.1956,0.4723,1650.0,4.38,1.3,normal,261.1737
20,479,28755,13,1,29.818,29.818,2.2937,1650.0,4.38,1.3,normal,290.9917
20,479,28770,18,1,78.84,78.84,4.38,1650.0,4.38,1.3,normal,369.8317
20,479,28785,13,1,8.7167,8.7167,0.6705,1650.0,4.38,1.3,normal,378.5484
21,480,28800,10,0,10.3522,10.3522,1.0352,1650.0,3.97,1.3,normal,10.3522
21,480,28815,10,1,32.1536,32.1536,3.2154,1650.0,3.97,1.3,normal,42.5058
21,480,28830,12,1,38.2895,38.2895,3.1908,1650.0,3.97,1.3,normal,80.7953
21,480,28845,12,0,39.2964,39.2964,3.2747,1650.0,3.97,1.3,normal,120.0917
21,481,28860,5,0,16.0835,16.0835,3.2167,1650.0,4.14,1.3,normal,136.1752
21,481,28875,7,0,26.8305,26.8305,3.8329,1650.0,4.14,1.3,normal,163.0057
21,481,28890,12,0,40.8506,40.8506,3.4042,1650.0,4.14,1.3,normal,203.8563
21,481,28905,9,0,14.8729,14.8729,1.6525,1650.0,4.14,1.3,normal,218.7292
21,482,28920,10,1,8.4391,8.4391,0.8439,1650.0,4.14,1.3,normal,227.1683
21,482,28935,7,0,28.3102,28.3102,4.0443,1650.0,4.14,1.3,normal,255.4785
21,482,28950,14,0,56.9035,56.9035,4.0645,1650.0,4.14,1.3,normal,312.382
21,482,28965,8,0,19.5901,19.5901,2.4488,1650.0,4.14,1.3,normal,331.9721
21,483,28980,13,0,52.8306,52.8306,4.0639,1650.0,4.31,1.3,normal,384.8027
21,483,28995,9,0,13.2797,13.2797,1.4755,1650.0,4.31,1.3,normal,398.0824
21,483,29010,6,0,23.2731,23.2731,3.8789,1650.0,4.31,1.3,normal,421.3555
21,483,29025,10,1,43.1,43.1,4.31,1650.0,4.31,1.3,normal,464.4555
21,484,29040,0,0,0.0,0.0,0.01,1650.0,0.01,1.3,normal,464.4555
21,484,29055,0,0,0.0,0.0,0.01,1650.0,0.01,1.3,normal,464.4555
21,484,29070,0,0,0.0,0.0,0.01,1650.0,0.01,1.3,normal,464.4555
21,484,29085,0,0,0.0,0.0,0.01,1650.0,0.01,1.3,normal,464.4555
21,485,29100,0,0,0.0,0.0,0.01,1650.0,0.01,1.3,normal,464.4555
21,485,29115,0,0,0.0,0.0,0.01,1650.0,0.01,1.3,normal,464.4555
21,485,29130,0,0,0.0,0.0,0.01,1650.0,0.01,1.3,normal,464.4555
21,485,29145,0,0,0.0,0.0,0.01,1650.0,0.01,1.3,normal,464.4555
21,486,29160,11,0,2.5749,2.5749,0.2341,1650.0,4.2,1.3,normal,467.0304
21,486,29175,5,0,13.3651,13.3651,2.673,1650.0,4.2,1.3,normal,480.3955
21,486,29190,11,0,16.5646,16.5646,1.5059,1650.0,4.2,1.3,normal,496.9601
21,486,29205,9,1,26.7511,26.7511,2.9723,1650.0,4.2,1.3,normal,523.7112
21,487,29220,12,0,0.4377,0.4377,0.0365,1650.0,4.35,1.3,normal,524.1489
21,487,29235,14,0,21.4883,21.4883,1.5349,1650.0,4.35,1.3,normal,545.6372
21,487,29250,9,0,27.1858,27.1858,3.0206,1650.0,4.35,1.3,normal,572.823
21,487,29265,10,1,10.0272,10.0272,1.0027,1650.0,4.35,1.3,normal,582.8502
21,488,29280,8,0,3.1244,3.1244,0.3906,1650.0,4.35,1.3,normal,585.9746
21,488,29295,12,1,35.9024,35.9024,2.9919,1650.0,4.35,1.3,normal,621.877
21,488,29310,7,0,12.2438,12.2438,1.7491,1650.0,4.35,1.3,normal,634.1208
21,488,29325,7,0,30.45,30.45,4.35,1650.0,4.35,1.3,normal,664.5708
21,489,29340,21,0,19.0519,19.0519,0.9072,1650.0,4.5,1.3,normal,683.6227
21,489,29355,7,0,1.6794,1.6794,0.2399,1650.0,4.5,1.3,normal,685.3021
21,489,29370,15,1,30.8956,30.8956,2.0597,1650.0,4.5,1.3,normal,716.1977
21,489,29385,8,1,33.4345,33.4345,4.1793,1650.0,4.5,1.3,normal,749.6322
21,490,29400,13,0,27.1623,27.1623,2.0894,1650.0,4.5,1.3,normal,776.7945
21,490,29415,8,0,12.3806,12.3806,1.5476,1650.0,4.5,1.3,normal,789.1751
21,490,29430,11,1,1.5678,1.5678,0.1425,1650.0,4.5,1.3,normal,790.7429
21,490,29445,11,0,49.5,49.5,4.5,1650.0,4.5,1.3,normal,840.2429
21,491,29460,16,2,42.9931,21.4965,2.6871,1650.0,4.69,1.3,normal,883.236
21,491,29475,14,1,59.4906,59.4906,4.2493,1650.0,4.69,1.3,normal,942.7266
21,491,29490,17,1,79.73,79.73,4.69,1650.0,4.69,1.3,normal,1022.4566
21,491,29505,16,0,70.8615,70.8615,4.4288,1650.0,4.69,1.3,normal,1093.3181
21,492,29520,13,1,46.2369,46.2369,3.5567,1650.0,4.69,1.3,normal,1139.555
21,492,29535,9,1,21.8498,21.8498,2.4278,1650.0,4.69,1.3,normal,1161.4048
21,492,29550,18,0,7.3917,7.3917,0.4106,1650.0,4.69,1.3,normal,1168.7965
21,492,29565,13,0,16.6367,16.6367,1.2797,1650.0,4.69,1.3,normal,1185.4332
21,493,29580,20,2,97.8,48.9,4.89,1650.0,4.89,1.3,normal,1283.2332
21,493,29595,16,0,26.0416,26.0416,1.6276,1650.0,4.89,1.3,normal,1309.2748
21,493,29610,13,1,40.4407,40.4407,3.1108,1650.0,4.89,1.3,normal,1349.7155
21,493,29625,9,0,3.1077,3.1077,0.3453,1650.0,4.89,1.3,normal,1352.8232
21,494,29640,14,1,68.46,68.46,4.89,1650.0,4.89,1.3,normal,1421.2832
21,494,29655,12,0,55.5331,55.5331,4.6278,1650.0,4.89,1.3,normal,1476.8163
21,494,29670,12,0,49.8123,49.8123,4.151,1650.0,4.89,1.3,budget_constrained,1526.6286
21,494,29685,11,0,18.908,18.908,1.7189,1650.0,4.89,1.3,budget_constrained,1545.5366
21,495,29700,7,0,6.9859,6.9859,0.998,1650.0,5.87,1.3,budget_constrained,1552.5225
21,495,29715,14,0,24.481,24.481,1.7486,1650.0,5.87,1.3,budget_constrained,1577.0035
21,495,29730,14,0,29.8263,29.8263,2.1305,1650.0,5.87,1.3,budget_constrained,1606.8298
21,495,29745,23,1,18.929,18.929,0.823,1650.0,5.87,1.3,budget_constrained,1625.7588
21,496,29760,0,0,0.0,0.0,0.01,1650.0,0.01,1.3,budget_constrained,1625.7588
21,496,29775,0,0,0.0,0.0,0.01,1650.0,0.01,1.3,budget_constrained,1625.7588
21,496,29790,0,0,0.0,0.0,0.01,1650.0,0.01,1.3,budget_constrained,1625.7588
21,496,29805,0,0,0.0,0.0,0.01,1650.0,0.01,1.3,budget_constrained,1625.7588
21,497,29820,0,0,0.0,0.0,0.01,1650.0,0.01,1.3,budget_constrained,1625.7588
21,497,29835,0,0,0.0,0.0,0.01,1650.0,0.01,1.3,budget_constrained,1625.7588
21,497,29850,0,0,0.0,0.0,0.01,1650.0,0.01,1.3,budget_constrained,1625.7588
21,497,29865,0,0,0.0,0.0,0.01,1650.0,0.01,1.3,budget_constrained,1625.7588
21,498,29880,16,0,17.4632,17.4632,1.0914,1650.0,4.2,1.3,budget_constrained,1643.222
21,498,29895,1,0,6.778,6.778,3.8837,1650.0,4.2,1.3,budget_depleted,1650.0
21,498,29910,0,0,0.0,0.0,0.0,1650.0,4.2,1.3,budget_depleted,1650.0
21,498,29925,0,0,0.0,0.0,0.0,1650.0,4.2,1.3,budget_depleted,1650.0
21,499,29940,0,0,0.0,0.0,0.0,1650.0,4.2,1.3,budget_depleted,1650.0
21,499,29955,0,0,0.0,0.0,0.0,1650.0,4.2,1.3,budget_depleted,1650.0
21,499,29970,0,0,0.0,0.0,0.0,1650.0,4.2,1.3,budget_depleted,1650.0
21,499,29985,0,0,0.0,0.0,0.0,1650.0,4.2,1.3,budget_depleted,1650.0
21,500,30000,0,0,0.0,0.0,0.0,1650.0,4.2,1.3,budget_depleted,1650.0
21,500,30015,0,0,0.0,0.0,0.0,1650.0,4.2,1.3,budget_depleted,1650.0
21,500,30030,0,0,0.0,0.0,0.0,1650.0,4.2,1.3,budget_depleted,1650.0
21,500,30045,0,0,0.0,0.0,0.0,1650.0,4.2,1.3,budget_depleted,1650.0
21,501,30060,0,0,0.0,0.0,0.0,1650.0,4.2,1.3,budget_depleted,1650.0
21,501,30075,0,0,0.0,0.0,0.0,1650.0,4.2,1.3,budget_depleted,1650.0
21,501,30090,0,0,0.0,0.0,0.0,1650.0,4.2,1.3,budget_depleted,1650.0
21,501,30105,0,0,0.0,0.0,0.0,1650.0,4.2,1.3,budget_depleted,1650.0
21,502,30120,0,0,0.0,0.0,0.0,1650.0,4.2,1.3,budget_depleted,1650.0
21,502,30135,0,0,0.0,0.0,0.0,1650.0,4.2,1.3,budget_depleted,1650.0
21,502,30150,0,0,0.0,0.0,0.0,1650.0,4.2,1.3,budget_depleted,1650.0
21,502,30165,0,0,0.0,0.0,0.0,1650.0,4.2,1.3,budget_depleted,1650.0
21,503,30180,0,0,0.0,0.0,0.0,1650.0,2.31,1.3,budget_depleted,1650.0
21,503,30195,0,0,0.0,0.0,0.0,1650.0,2.31,1.3,budget_depleted,1650.0
21,503,30210,0,0,0.0,0.0,0.0,1650.0,2.31,1.3,budget_depleted,1650.0
21,503,30225,0,0,0.0,0.0,0.0,1650.0,2.31,1.3,budget_depleted,1650.0
22,504,30240,0,0,0.0,0.0,0.0,1650.0,2.31,1.3,normal,0.0
22,504,30255,4,0,0.8337,0.8337,0.2084,1650.0,2.31,1.3,normal,0.8337
22,504,30270,5,0,11.55,11.55,2.31,1650.0,2.31,1.3,normal,12.3837
22,504,30285,4,1,9.24,9.24,2.31,1650.0,2.31,1.3,normal,21.6237
22,505,30300,10,1,32.03,32.03,3.203,1650.0,3.5,1.3,normal,53.6537
22,505,30315,9,0,21.5152,21.5152,2.3906,1650.0,3.5,1.3,normal,75.1689
22,505,30330,6,1,7.319,7.319,1.2198,1650.0,3.5,1.3,normal,82.4879
22,505,30345,16,0,44.9916,44.9916,2.812,1650.0,3.5,1.3,normal,127.4795
22,506,30360,8,1,8.6716,8.6716,1.084,1650.0,3.5,1.3,normal,136.1511
22,506,30375,8,0,2.8612,2.8612,0.3576,1650.0,3.5,1.3,normal,139.0123
22,506,30390,8,0,28.0,28.0,3.5,1650.0,3.5,1.3,normal,167.0123
22,506,30405,6,1,16.5344,16.5344,2.7557,1650.0,3.5,1.3,normal,183.5467
22,507,30420,14,0,51.1,51.1,3.65,1650.0,3.65,1.3,normal,234.6467
22,507,30435,7,0,4.0643,4.0643,0.5806,1650.0,3.65,1.3,normal,238.711
22,507,30450,5,0,10.5573,10.5573,2.1115,1650.0,3.65,1.3,normal,249.2683
22,507,30465,10,0,36.5,36.5,3.65,1650.0,3.65,1.3,normal,285.7683
22,508,30480,14,1,51.1,51.1,3.65,1650.0,3.65,1.3,normal,336.8683
22,508,30495,8,0,19.089,19.089,2.3861,1650.0,3.65,1.3,normal,355.9573
22,508,30510,9,0,32.85,32.85,3.65,1650.0,3.65,1.3,normal,388.8073
22,508,30525,11,0,40.15,40.15,3.65,1650.0,3.65,1.3,normal,428.9573
22,509,30540,8,0,30.4,30.4,3.8,1650.0,3.8,1.3,normal,459.3573
22,509,30555,12,1,45.6,45.6,3.8,1650.0,3.8,1.3,normal,504.9573
22,509,30570,15,1,2.1472,2.1472,0.1431,1650.0,3.8,1.3,normal,507.1045
22,509,30585,8,2,30.4,15.2,3.8,1650.0,3.8,1.3,normal,537.5045
22,510,30600,6,1,22.8,22.8,3.8,1650.0,3.8,1.3,normal,560.3045
22,510,30615,11,0,34.5468,34.5468,3.1406,1650.0,3.8,1.3,normal,594.8513
22,510,30630,11,1,20.1958,20.1958,1.836,1650.0,3.8,1.3,normal,615.0471
22,510,30645,7,0,15.8082,15.8082,2.2583,1650.0,3.8,1.3,normal,630.8553
22,511,30660,6,0,0.3093,0.3093,0.0515,1650.0,3.96,1.3,normal,631.1646
22,511,30675,8,1,31.68,31.68,3.96,1650.0,3.96,1.3,normal,662.8446
22,511,30690,9,0,29.4591,29.4591,3.2732,1650.0,3.96,1.3,normal,692.3037
22,511,30705,10,1,28.7016,28.7016,2.8702,1650.0,3.96,1.3,normal,721.0053
22,512,30720,6,0,23.76,23.76,3.96,1650.0,3.96,1.3,normal,744.7653
22,512,30735,6,0,6.6083,6.6083,1.1014,1650.0,3.96,1.3,normal,751.3736
22,512,30750,6,0,16.2302,16.2302,2.705,1650.0,3.96,1.3,normal,767.6038
22,512,30765,13,0,4.3629,4.3629,0.3356,1650.0,3.96,1.3,normal,771.9667
22,513,30780,12,0,36.1317,36.1317,3.011,1650.0,4.13,1.3,normal,808.0984
22,513,30795,12,0,9.8797,9.8797,0.8233,1650.0,4.13,1.3,normal,817.9781
22,513,30810,11,0,45.43,45.43,4.13,1650.0,4.13,1.3,normal,863.4081
22,513,30825,12,0,35.0517,35.0517,2.921,1650.0,4.13,1.3,normal,898.4598
22,514,30840,13,0,37.3787,37.3787,2.8753,1650.0,4.13,1.3,normal,935.8385
22,514,30855,8,0,5.7081,5.7081,0.7135,1650.0,4.13,1.3,normal,941.5466
22,514,30870,9,0,22.0481,22.0481,2.4498,1650.0,4.13,1.3,normal,963.5947
22,514,30885,12,0,40.4264,40.4264,3.3689,1650.0,4.13,1.3,normal,1004.0211
22,515,30900,8,0,23.4666,23.4666,2.9333,1650.0,4.3,1.3,normal,1027.4877
22,515,30915,16,2,57.7452,28.8726,3.6091,1650.0,4.3,1.3,normal,1085.2329
22,515,30930,14,0,24.4464,24.4464,1.7462,1650.0,4.3,1.3,normal,1109.6793
22,515,30945,20,0,68.1324,68.1324,3.4066,1650.0,4.3,1.3,normal,1177.8117
22,516,30960,8,0,30.5858,30.5858,3.8232,1650.0,4.3,1.3,normal,1208.3975
22,516,30975,10,0,34.2541,34.2541,3.4254,1650.0,4.3,1.3,normal,1242.6516
22,516,30990,7,0,4.313,4.313,0.6161,1650.0,4.3,1.3,normal,1246.9646
22,516,31005,12,1,34.356,34.356,2.863,1650.0,4.3,1.3,normal,1281.3206
22,517,31020,16,0,26.3924,26.3924,1.6495,1650.0,4.48,1.3,normal,1307.713
22,517,31035,8,1,35.84,35.84,4.48,1650.0,4.48,1.3,normal,1343.553
22,517,31050,4,0,1.9694,1.9694,0.4924,1650.0,4.48,1.3,normal,1345.5224
22,517,31065,13,0,3.8111,3.8111,0.2932,1650.0,4.48,1.3,normal,1349.3335
22,518,31080,11,0,11.6962,11.6962,1.0633,1650.0,4.48,1.3,normal,1361.0297
22,518,31095,9,0,29.2627,29.2627,3.2514,1650.0,4.48,1.3,normal,1390.2924
22,518,31110,16,0,15.5515,15.5515,0.972,1650.0,4.48,1.3,normal,1405.8439
22,518,31125,10,0,21.7346,21.7346,2.1735,1650.0,4.48,1.3,normal,1427.5785
22,519,31140,4,0,18.68,18.68,4.67,1650.0,4.67,1.3,normal,1446.2585
22,519,31155,14,0,65.38,65.38,4.67,1650.0,4.67,1.3,budget_constrained,1511.6385
22,519,31170,19,0,64.122,64.122,3.3748,1650.0,4.67,1.3,budget_constrained,1575.7605
22,519,31185,15,0,69.3811,69.3811,4.6254,1650.0,4.67,1.3,budget_constrained,1645.1416
22,520,31200,3,0,4.8584,4.8584,1.4549,1650.0,4.67,1.3,budget_depleted,1650.0
22,520,31215,0,0,0.0,0.0,0.0,1650.0,4.67,1.3,budget_depleted,1650.0
22,520,31230,0,0,0.0,0.0,0.0,1650.0,4.67,1.3,budget_depleted,1650.0
22,520,31245,0,0,0.0,0.0,0.0,1650.0,4.67,1.3,budget_depleted,1650.0
22,521,31260,0,0,0.0,0.0,0.0,1650.0,5.6,1.3,budget_depleted,1650.0
22,521,31275,0,0,0.0,0.0,0.0,1650.0,5.6,1.3,budget_depleted,1650.0
22,521,31290,0,0,0.0,0.0,0.0,1650.0,5.6,1.3,budget_depleted,1650.0
22,521,31305,0,0,0.0,0.0,0.0,1650.0,5.6,1.3,budget_depleted,1650.0
22,522,31320,0,0,0.0,0.0,0.0,1650.0,5.6,1.3,budget_depleted,1650.0
22,522,31335,0,0,0.0,0.0,0.0,1650.0,5.6,1.3,budget_depleted,1650.0
22,522,31350,0,0,0.0,0.0,0.0,1650.0,5.6,1.3,budget_depleted,1650.0
22,522,31365,0,0,0.0,0.0,0.0,1650.0,5.6,1.3,budget_depleted,1650.0
22,523,31380,0,0,0.0,0.0,0.0,1650.0,2.57,1.3,budget_depleted,1650.0
22,523,31395,0,0,0.0,0.0,0.0,1650.0,2.57,1.3,budget_depleted,1650.0
22,523,31410,0,0,0.0,0.0,0.0,1650.0,2.57,1.3,budget_depleted,1650.0
22,523,31425,0,0,0.0,0.0,0.0,1650.0,2.57,1.3,budget_depleted,1650.0
22,524,31440,0,0,0.0,0.0,0.0,1650.0,2.57,1.3,budget_depleted,1650.0
22,524,31455,0,0,0.0,0.0,0.0,1650.0,2.57,1.3,budget_depleted,1650.0
22,524,31470,0,0,0.0,0.0,0.0,1650.0,2.57,1.3,budget_depleted,1650.0
22,524,31485,0,0,0.0,0.0,0.0,1650.0,2.57,1.3,budget_depleted,1650.0
22,525,31500,0,0,0.0,0.0,0.0,1650.0,2.88,1.3,budget_depleted,1650.0
22,525,31515,0,0,0.0,0.0,0.0,1650.0,2.88,1.3,budget_depleted,1650.0
22,525,31530,0,0,0.0,0.0,0.0,1650.0,2.88,1.3,budget_depleted,1650.0
22,525,31545,0,0,0.0,0.0,0.0,1650.0,2.88,1.3,budget_depleted,1650.0
22,526,31560,0,0,0.0,0.0,0.0,1650.0,2.88,1.3,budget_depleted,1650.0
22,526,31575,0,0,0.0,0.0,0.0,1650.0,2.88,1.3,budget_depleted,1650.0
22,526,31590,0,0,0.0,0.0,0.0,1650.0,2.88,1.3,budget_depleted,1650.0
22,526,31605,0,0,0.0,0.0,0.0,1650.0,2.88,1.3,budget_depleted,1650.0
22,527,31620,0,0,0.0,0.0,0.0,1650.0,1.41,1.3,budget_depleted,1650.0
22,527,31635,0,0,0.0,0.0,0.0,1650.0,1.41,1.3,budget_depleted,1650.0
22,527,31650,0,0,0.0,0.0,0.0,1650.0,1.41,1.3,budget_depleted,1650.0
22,527,31665,0,0,0.0,0.0,0.0,1650.0,1.41,1.3,budget_depleted,1650.0
23,528,31680,0,0,0.0,0.0,0.0,1650.0,0.01,1.3,normal,0.0
23,528,31695,0,0,0.0,0.0,0.01,1650.0,0.01,1.3,normal,0.0
23,528,31710,0,0,0.0,0.0,0.01,1650.0,0.01,1.3,normal,0.0
23,528,31725,0,0,0.0,0.0,0.01,1650.0,0.01,1.3,normal,0.0
23,529,31740,9,0,12.5837,12.5837,1.3982,1650.0,3.5,1.3,normal,12.5837
23,529,31755,7,0,24.5,24.5,3.5,1650.0,3.5,1.3,normal,37.0837
23,529,31770,6,1,11.1181,11.1181,1.853,1650.0,3.5,1.3,normal,48.2018
23,529,31785,11,0,38.5,38.5,3.5,1650.0,3.5,1.3,normal,86.7018
23,530,31800,11,0,37.043,37.043,3.3675,1650.0,4.2,1.3,normal,123.7448
23,530,31815,13,1,24.38,24.38,1.8754,1650.0,4.2,1.3,normal,148.1248
23,530,31830,11,0,1.8741,1.8741,0.1704,1650.0,4.2,1.3,normal,149.9989
23,530,31845,13,2,1.3324,0.6662,0.1025,1650.0,4.2,1.3,normal,151.3313
23,531,31860,14,0,56.7,56.7,4.05,1650.0,4.05,1.3,normal,208.0313
23,531,31875,8,0,4.2609,4.2609,0.5326,1650.0,4.05,1.3,normal,212.2922
23,531,31890,10,0,29.4197,29.4197,2.942,1650.0,4.05,1.3,normal,241.7119
23,531,31905,8,1,9.4478,9.4478,1.181,1650.0,4.05,1.3,normal,251.1597
23,532,31920,7,1,16.2899,16.2899,2.3271,1650.0,4.2,1.3,normal,267.4496
23,532,31935,11,1,10.8586,10.8586,0.9871,1650.0,4.2,1.3,normal,278.3082
23,532,31950,17,0,56.4549,56.4549,3.3209,1650.0,4.2,1.3,normal,334.7631
23,532,31965,5,0,9.6895,9.6895,1.9379,1650.0,4.2,1.3,normal,344.4526
23,533,31980,9,0,24.3949,24.3949,2.7105,1650.0,4.13,1.3,normal,368.8475
23,533,31995,18,0,74.34,74.34,4.13,1650.0,4.13,1.3,normal,443.1875
23,533,32010,13,0,20.296,20.296,1.5612,1650.0,4.13,1.3,normal,463.4835
23,533,32025,12,1,8.1199,8.1199,0.6767,1650.0,4.13,1.3,normal,471.6034
23,534,32040,8,1,0.8915,0.8915,0.1114,1650.0,4.13,1.3,normal,472.4949
23,534,32055,14,0,30.8134,30.8134,2.201,1650.0,4.13,1.3,normal,503.3083
23,534,32070,11,2,0.9528,0.4764,0.0866,1650.0,4.13,1.3,normal,504.2611
23,534,32085,9,0,27.6634,27.6634,3.0737,1650.0,4.13,1.3,normal,531.9245
23,535,32100,14,1,52.7603,52.7603,3.7686,1650.0,4.3,1.3,normal,584.6848
23,535,32115,14,1,13.8821,13.8821,0.9916,1650.0,4.3,1.3,normal,598.5669
23,535,32130,9,0,30.537,30.537,3.393,1650.0,4.3,1.3,normal,629.1039
23,535,32145,14,1,14.9113,14.9113,1.0651,1650.0,4.3,1.3,normal,644.0152
23,536,32160,10,0,7.2488,7.2488,0.7249,1650.0,4.3,1.3,normal,651.264
23,536,32175,11,0,47.3,47.3,4.3,1650.0,4.3,1.3,normal,698.564
23,536,32190,16,0,68.8,68.8,4.3,1650.0,4.3,1.3,normal,767.364
23,536,32205,8,0,18.5723,18.5723,2.3215,1650.0,4.3,1.3,normal,785.9363
23,537,32220,14,1,2.7765,2.7765,0.1983,1650.0,4.48,1.3,normal,788.7128
23,537,32235,10,0,8.0332,8.0332,0.8033,1650.0,4.48,1.3,normal,796.746
23,537,32250,8,0,30.9594,30.9594,3.8699,1650.0,4.48,1.3,normal,827.7054
23,537,32265,11,1,49.28,49.28,4.48,1650.0,4.48,1.3,normal,876.9854
23,538,32280,14,0,30.52,30.52,2.18,1650.0,4.48,1.3,normal,907.5054
23,538,32295,6,0,5.7985,5.7985,0.9664,1650.0,4.48,1.3,normal,913.3039
23,538,32310,7,0,31.36,31.36,4.48,1650.0,4.48,1.3,normal,944.6639
23,538,32325,10,0,3.3105,3.3105,0.3311,1650.0,4.48,1.3,normal,947.9744
23,539,32340,9,0,30.7723,30.7723,3.4191,1650.0,4.67,1.3,normal,978.7467
23,539,32355,9,0,17.8568,17.8568,1.9841,1650.0,4.67,1.3,normal,996.6035
23,539,32370,10,0,12.8043,12.8043,1.2804,1650.0,4.67,1.3,normal,1009.4078
23,539,32385,18,0,6.8196,6.8196,0.3789,1650.0,4.67,1.3,normal,1016.2274
23,540,32400,13,2,33.7261,16.863,2.5943,1650.0,4.67,1.3,normal,1049.9535
23,540,32415,14,1,65.38,65.38,4.67,1650.0,4.67,1.3,normal,1115.3335
23,540,32430,13,1,32.626,32.626,2.5097,1650.0,4.67,1.3,normal,1147.9595
23,540,32445,11,0,1.7924,1.7924,0.1629,1650.0,4.67,1.3,normal,1149.7519
23,541,32460,12,1,36.2295,36.2295,3.0191,1650.0,4.87,1.3,normal,1185.9814
23,541,32475,8,1,17.9247,17.9247,2.2406,1650.0,4.87,1.3,normal,1203.9061
23,541,32490,16,0,61.65,61.65,3.8531,1650.0,4.87,1.3,normal,1265.5561
23,541,32505,13,1,17.231,17.231,1.3255,1650.0,4.87,1.3,normal,1282.7871
23,542,32520,17,0,82.79,82.79,4.87,1650.0,4.87,1.3,normal,1365.5771
23,542,32535,16,2,77.92,38.96,4.87,1650.0,4.87,1.3,normal,1443.4971
23,542,32550,21,2,87.1359,43.5679,4.1493,1650.0,4.87,1.3,budget_constrained,1530.633
23,542,32565,13,0,63.31,63.31,4.87,1650.0,4.87,1.3,budget_constrained,1593.943
23,543,32580,13,1,22.9623,22.9623,1.7663,1650.0,5.84,1.3,budget_constrained,1616.9053
23,543,32595,15,1,9.9649,9.9649,0.6643,1650.0,5.84,1.3,budget_constrained,1626.8702
23,543,32610,3,0,23.1298,23.1298,5.84,1650.0,5.84,1.3,budget_depleted,1650.0
23,543,32625,0,0,0.0,0.0,0.0,1650.0,5.84,1.3,budget_depleted,1650.0
23,544,32640,0,0,0.0,0.0,0.0,1650.0,5.84,1.3,budget_depleted,1650.0
23,544,32655,0,0,0.0,0.0,0.0,1650.0,5.84,1.3,budget_depleted,1650.0
23,544,32670,0,0,0.0,0.0,0.0,1650.0,5.84,1.3,budget_depleted,1650.0
23,544,32685,0,0,0.0,0.0,0.0,1650.0,5.84,1.3,budget_depleted,1650.0
23,545,32700,0,0,0.0,0.0,0.0,1650.0,2.68,1.3,budget_depleted,1650.0
23,545,32715,0,0,0.0,0.0,0.0,1650.0,2.68,1.3,budget_depleted,1650.0
23,545,32730,0,0,0.0,0.0,0.0,1650.0,2.68,1.3,budget_depleted,1650.0
23,545,32745,0,0,0.0,0.0,0.0,1650.0,2.68,1.3,budget_depleted,1650.0
23,546,32760,0,0,0.0,0.0,0.0,1650.0,0.01,1.3,budget_depleted,1650.0
23,546,32775,0,0,0.0,0.0,0.0,1650.0,0.01,1.3,budget_depleted,1650.0
23,546,32790,0,0,0.0,0.0,0.0,1650.0,0.01,1.3,budget_depleted,1650.0
23,546,32805,0,0,0.0,0.0,0.0,1650.0,0.01,1.3,budget_depleted,1650.0
23,547,32820,0,0,0.0,0.0,0.0,1650.0,0.01,1.3,budget_depleted,1650.0
23,547,32835,0,0,0.0,0.0,0.0,1650.0,0.01,1.3,budget_depleted,1650.0
23,547,32850,0,0,0.0,0.0,0.0,1650.0,0.01,1.3,budget_depleted,1650.0
23,547,32865,0,0,0.0,0.0,0.0,1650.0,0.01,1.3,budget_depleted,1650.0
23,548,32880,0,0,0.0,0.0,0.0,1650.0,4.2,1.3,budget_depleted,1650.0
23,548,32895,0,0,0.0,0.0,0.0,1650.0,4.2,1.3,budget_depleted,1650.0
23,548,32910,0,0,0.0,0.0,0.0,1650.0,4.2,1.3,budget_depleted,1650.0
23,548,32925,0,0,0.0,0.0,0.0,1650.0,4.2,1.3,budget_depleted,1650.0
23,549,32940,0,0,0.0,0.0,0.0,1650.0,4.2,1.3,budget_depleted,1650.0
23,549,32955,0,0,0.0,0.0,0.0,1650.0,4.2,1.3,budget_depleted,1650.0
23,549,32970,0,0,0.0,0.0,0.0,1650.0,4.2,1.3,budget_depleted,1650.0
23,549,32985,0,0,0.0,0.0,0.0,1650.0,4.2,1.3,budget_depleted,1650.0
23,550,33000,0,0,0.0,0.0,0.0,1650.0,4.2,1.3,budget_depleted,1650.0
23,550,33015,0,0,0.0,0.0,0.0,1650.0,4.2,1.3,budget_depleted,1650.0
23,550,33030,0,0,0.0,0.0,0.0,1650.0,4.2,1.3,budget_depleted,1650.0
23,550,33045,0,0,0.0,0.0,0.0,1650.0,4.2,1.3,budget_depleted,1650.0
23,551,33060,0,0,0.0,0.0,0.0,1650.0,4.3,1.3,budget_depleted,1650.0
23,551,33075,0,0,0.0,0.0,0.0,1650.0,4.3,1.3,budget_depleted,1650.0
23,551,33090,0,0,0.0,0.0,0.0,1650.0,4.3,1.3,budget_depleted,1650.0
23,551,33105,0,0,0.0,0.0,0.0,1650.0,4.3,1.3,budget_depleted,1650.0
24,552,33120,0,0,0.0,0.0,0.0,1650.0,4.3,1.3,normal,0.0
24,552,33135,15,0,64.5,64.5,4.3,1650.0,4.3,1.3,normal,64.5
24,552,33150,13,0,13.2105,13.2105,1.0162,1650.0,4.3,1.3,normal,77.7105
24,552,33165,17,2,19.1607,9.5803,1.1271,1650.0,4.3,1.3,normal,96.8712
24,553,33180,16,2,32.8629,16.4315,2.0539,1650.0,4.45,1.3,normal,129.7341
24,553,33195,6,0,26.7,26.7,4.45,1650.0,4.45,1.3,normal,156.4341
24,553,33210,7,0,9.6873,9.6873,1.3839,1650.0,4.45,1.3,normal,166.1214
24,553,33225,9,1,40.05,40.05,4.45,1650.0,4.45,1.3,normal,206.1714
24,554,33240,13,0,10.1751,10.1751,0.7827,1650.0,4.45,1.3,normal,216.3465
24,554,33255,10,0,16.6237,16.6237,1.6624,1650.0,4.45,1.3,normal,232.9702
24,554,33270,17,1,75.65,75.65,4.45,1650.0,4.45,1.3,normal,308.6202
24,554,33285,4,0,17.4354,17.4354,4.3588,1650.0,4.45,1.3,normal,326.0556
24,555,33300,13,1,60.32,60.32,4.64,1650.0,4.64,1.3,normal,386.3756
24,555,33315,12,0,55.68,55.68,4.64,1650.0,4.64,1.3,normal,442.0556
24,555,33330,9,0,25.7133,25.7133,2.857,1650.0,4.64,1.3,normal,467.7689
24,555,33345,11,1,37.5851,37.5851,3.4168,1650.0,4.64,1.3,normal,505.354
24,556,33360,13,0,15.7989,15.7989,1.2153,1650.0,4.64,1.3,normal,521.1529
24,556,33375,9,0,6.5413,6.5413,0.7268,1650.0,4.64,1.3,normal,527.6942
24,556,33390,9,0,8.3313,8.3313,0.9257,1650.0,4.64,1.3,normal,536.0255
24,556,33405,10,0,30.8017,30.8017,3.0802,1650.0,4.64,1.3,normal,566.8272
24,557,33420,10,0,48.3,48.3,4.83,1650.0,4.83,1.3,normal,615.1272
24,557,33435,18,0,45.4321,45.4321,2.524,1650.0,4.83,1.3,normal,660.5593
24,557,33450,13,1,7.9176,7.9176,0.609,1650.0,4.83,1.3,normal,668.4769
24,557,33465,10,0,4.3836,4.3836,0.4384,1650.0,4.83,1.3,normal,672.8605
24,558,33480,0,0,0.0,0.0,0.01,1650.0,0.01,1.3,normal,672.8605
24,558,33495,0,0,0.0,0.0,0.01,1650.0,0.01,1.3,normal,672.8605
24,558,33510,0,0,0.0,0.0,0.01,1650.0,0.01,1.3,normal,672.8605
24,558,33525,0,0,0.0,0.0,0.01,1650.0,0.01,1.3,normal,672.8605
24,559,33540,0,0,0.0,0.0,0.01,1650.0,0.01,1.3,normal,672.8605
24,559,33555,0,0,0.0,0.0,0.01,1650.0,0.01,1.3,normal,672.8605
24,559,33570,0,0,0.0,0.0,0.01,1650.0,0.01,1.3,normal,672.8605
24,559,33585,0,0,0.0,0.0,0.01,1650.0,0.01,1.3,normal,672.8605
24,560,33600,3,0,10.6848,10.6848,3.5616,1650.0,4.2,1.3,normal,683.5453
24,560,33615,8,0,8.9848,8.9848,1.1231,1650.0,4.2,1.3,normal,692.5301
24,560,33630,13,1,53.1133,53.1133,4.0856,1650.0,4.2,1.3,normal,745.6434
24,560,33645,17,0,18.4865,18.4865,1.0874,1650.0,4.2,1.3,normal,764.1299
24,561,33660,8,2,15.8477,7.9238,1.981,1650.0,4.38,1.3,normal,779.9776
24,561,33675,11,0,7.2447,7.2447,0.6586,1650.0,4.38,1.3,normal,787.2223
24,561,33690,9,0,19.5379,19.5379,2.1709,1650.0,4.38,1.3,normal,806.7602
24,561,33705,7,1,28.4966,28.4966,4.0709,1650.0,4.38,1.3,normal,835.2568
24,562,33720,17,1,14.9794,14.9794,0.8811,1650.0,4.38,1.3,normal,850.2362
24,562,33735,7,0,30.66,30.66,4.38,1650.0,4.38,1.3,normal,880.8962
24,562,33750,12,1,13.0365,13.0365,1.0864,1650.0,4.38,1.3,normal,893.9327
24,562,33765,4,0,4.3787,4.3787,1.0947,1650.0,4.38,1.3,normal,898.3114
24,563,33780,15,0,11.717,11.717,0.7811,1650.0,4.56,1.3,normal,910.0284
24,563,33795,15,0,4.6318,4.6318,0.3088,1650.0,4.56,1.3,normal,914.6602
24,563,33810,13,0,12.1275,12.1275,0.9329,1650.0,4.56,1.3,normal,926.7877
24,563,33825,13,0,22.1635,22.1635,1.7049,1650.0,4.56,1.3,normal,948.9512
24,564,33840,9,0,41.04,41.04,4.56,1650.0,4.56,1.3,normal,989.9912
24,564,33855,8,0,10.8347,10.8347,1.3543,1650.0,4.56,1.3,normal,1000.8259
24,564,33870,9,0,29.725,29.725,3.3028,1650.0,4.56,1.3,normal,1030.5509
24,564,33885,12,0,48.3377,48.3377,4.0281,1650.0,4.56,1.3,normal,1078.8886
24,565,33900,18,1,30.5413,30.5413,1.6967,1650.0,4.75,1.3,normal,1109.4299
24,565,33915,11,0,52.25,52.25,4.75,1650.0,4.75,1.3,normal,1161.6799
24,565,33930,15,1,25.8625,25.8625,1.7242,1650.0,4.75,1.3,normal,1187.5424
24,565,33945,21,1,78.3869,78.3869,3.7327,1650.0,4.75,1.3,normal,1265.9293
24,566,33960,15,3,71.25,23.75,4.75,1650.0,4.75,1.3,normal,1337.1793
24,566,33975,12,0,7.2466,7.2466,0.6039,1650.0,4.75,1.3,normal,1344.4259
24,566,33990,11,1,32.0279,32.0279,2.9116,1650.0,4.75,1.3,normal,1376.4538
24,566,34005,11,2,44.8001,22.4001,4.0727,1650.0,4.75,1.3,normal,1421.2539
24,567,34020,11,1,11.2136,11.2136,1.0194,1650.0,4.95,1.3,normal,1432.4675
24,567,34035,17,1,84.15,84.15,4.95,1650.0,4.95,1.3,budget_constrained,1516.6175
24,567,34050,10,0,9.9432,9.9432,0.9943,1650.0,4.95,1.3,budget_constrained,1526.5607
24,567,34065,17,0,84.15,84.15,4.95,1650.0,4.95,1.3,budget_constrained,1610.7107
24,568,34080,5,0,3.5772,3.5772,0.7154,1650.0,4.95,1.3,budget_constrained,1614.2879
24,568,34095,6,1,5.0694,5.0694,0.8449,1650.0,4.95,1.3,budget_constrained,1619.3573
24,568,34110,6,1,30.6427,30.6427,4.95,1650.0,4.95,1.3,budget_depleted,1650.0
24,568,34125,0,0,0.0,0.0,0.0,1650.0,4.95,1.3,budget_depleted,1650.0
24,569,34140,0,0,0.0,0.0,0.0,1650.0,5.94,1.3,budget_depleted,1650.0
24,569,34155,0,0,0.0,0.0,0.0,1650.0,5.94,1.3,budget_depleted,1650.0
24,569,34170,0,0,0.0,0.0,0.0,1650.0,5.94,1.3,budget_depleted,1650.0
24,569,34185,0,0,0.0,0.0,0.0,1650.0,5.94,1.3,budget_depleted,1650.0
24,570,34200,0,0,0.0,0.0,0.0,1650.0,0.01,1.3,budget_depleted,1650.0
24,570,34215,0,0,0.0,0.0,0.0,1650.0,0.01,1.3,budget_depleted,1650.0
24,570,34230,0,0,0.0,0.0,0.0,1650.0,0.01,1.3,budget_depleted,1650.0
24,570,34245,0,0,0.0,0.0,0.0,1650.0,0.01,1.3,budget_depleted,1650.0
24,571,34260,0,0,0.0,0.0,0.0,1650.0,0.01,1.3,budget_depleted,1650.0
24,571,34275,0,0,0.0,0.0,0.0,1650.0,0.01,1.3,budget_depleted,1650.0
24,571,34290,0,0,0.0,0.0,0.0,1650.0,0.01,1.3,budget_depleted,1650.0
24,571,34305,0,0,0.0,0.0,0.0,1650.0,0.01,1.3,budget_depleted,1650.0
24,572,34320,0,0,0.0,0.0,0.0,1650.0,4.2,1.3,budget_depleted,1650.0
24,572,34335,0,0,0.0,0.0,0.0,1650.0,4.2,1.3,budget_depleted,1650.0
24,572,34350,0,0,0.0,0.0,0.0,1650.0,4.2,1.3,budget_depleted,1650.0
24,572,34365,0,0,0.0,0.0,0.0,1650.0,4.2,1.3,budget_depleted,1650.0
24,573,34380,0,0,0.0,0.0,0.0,1650.0,4.2,1.3,budget_depleted,1650.0
24,573,34395,0,0,0.0,0.0,0.0,1650.0,4.2,1.3,budget_depleted,1650.0
24,573,34410,0,0,0.0,0.0,0.0,1650.0,4.2,1.3,budget_depleted,1650.0
24,573,34425,0,0,0.0,0.0,0.0,1650.0,4.2,1.3,budget_depleted,1650.0
24,574,34440,0,0,0.0,0.0,0.0,1650.0,4.2,1.3,budget_depleted,1650.0
24,574,34455,0,0,0.0,0.0,0.0,1650.0,4.2,1.3,budget_depleted,1650.0
24,574,34470,0,0,0.0,0.0,0.0,1650.0,4.2,1.3,budget_depleted,1650.0
24,574,34485,0,0,0.0,0.0,0.0,1650.0,4.2,1.3,budget_depleted,1650.0
24,575,34500,0,0,0.0,0.0,0.0,1650.0,4.2,1.3,budget_depleted,1650.0
24,575,34515,0,0,0.0,0.0,0.0,1650.0,4.2,1.3,budget_depleted,1650.0
24,575,34530,0,0,0.0,0.0,0.0,1650.0,4.2,1.3,budget_depleted,1650.0
24,575,34545,0,0,0.0,0.0,0.0,1650.0,4.2,1.3,budget_depleted,1650.0
25,576,34560,0,0,0.0,0.0,0.0,1650.0,4.2,1.3,normal,0.0
25,576,34575,14,1,57.5336,57.5336,4.1095,1650.0,4.2,1.3,normal,57.5336
25,576,34590,14,0,48.2055,48.2055,3.4432,1650.0,4.2,1.3,normal,105.7391
25,576,34605,10,0,14.6379,14.6379,1.4638,1650.0,4.2,1.3,normal,120.377
25,577,34620,13,1,47.1335,47.1335,3.6257,1650.0,4.38,1.3,normal,167.5105
25,577,34635,12,1,52.56,52.56,4.38,1650.0,4.38,1.3,normal,220.0705
25,577,34650,12,1,52.56,52.56,4.38,1650.0,4.38,1.3,normal,272.6305
25,577,34665,17,1,48.9663,48.9663,2.8804,1650.0,4.38,1.3,normal,321.5968
25,578,34680,6,0,22.3601,22.3601,3.7267,1650.0,4.38,1.3,normal,343.9569
25,578,34695,12,0,52.56,52.56,4.38,1650.0,4.38,1.3,normal,396.5169
25,578,34710,10,0,43.758,43.758,4.3758,1650.0,4.38,1.3,normal,440.2749
25,578,34725,12,0,52.56,52.56,4.38,1650.0,4.38,1.3,normal,492.8349
25,579,34740,8,0,32.24,32.24,4.03,1650.0,4.03,1.3,normal,525.0749
25,579,34755,9,0,14.4681,14.4681,1.6076,1650.0,4.03,1.3,normal,539.543
25,579,34770,6,0,3.4568,3.4568,0.5761,1650.0,4.03,1.3,normal,542.9998
25,579,34785,15,0,2.7937,2.7937,0.1862,1650.0,4.03,1.3,normal,545.7935
25,580,34800,7,1,25.97,25.97,3.71,1650.0,3.71,1.3,normal,571.7635
25,580,34815,11,0,29.5322,29.5322,2.6847,1650.0,3.71,1.3,normal,601.2957
25,580,34830,10,1,28.242,28.242,2.8242,1650.0,3.71,1.3,normal,629.5377
25,580,34845,6,0,4.005,4.005,0.6675,1650.0,3.71,1.3,normal,633.5427
25,581,34860,4,1,1.2813,1.2813,0.3203,1650.0,3.41,1.3,normal,634.824
25,581,34875,9,0,30.69,30.69,3.41,1650.0,3.41,1.3,normal,665.514
25,581,34890,7,0,11.3052,11.3052,1.615,1650.0,3.41,1.3,normal,676.8192
25,581,34905,9,0,30.69,30.69,3.41,1650.0,3.41,1.3,normal,707.5092
25,582,34920,7,0,23.87,23.87,3.41,1650.0,3.41,1.3,normal,731.3792
25,582,34935,12,2,35.9698,17.9849,2.9975,1650.0,3.41,1.3,normal,767.349
25,582,34950,7,1,19.3816,19.3816,2.7688,1650.0,3.41,1.3,normal,786.7306
25,582,34965,8,0,27.28,27.28,3.41,1650.0,3.41,1.3,normal,814.0106
25,583,34980,5,0,6.6454,6.6454,1.3291,1650.0,3.14,1.3,normal,820.656
25,583,34995,6,0,18.84,18.84,3.14,1650.0,3.14,1.3,normal,839.496
25,583,35010,6,2,3.632,1.816,0.6053,1650.0,3.14,1.3,normal,843.128
25,583,35025,9,0,25.8444,25.8444,2.8716,1650.0,3.14,1.3,normal,868.9724
25,584,35040,16,0,14.4355,14.4355,0.9022,1650.0,3.41,1.3,normal,883.4079
25,584,35055,10,0,34.1,34.1,3.41,1650.0,3.41,1.3,normal,917.5079
25,584,35070,19,1,60.0163,60.0163,3.1588,1650.0,3.41,1.3,normal,977.5242
25,584,35085,7,0,14.6148,14.6148,2.0878,1650.0,3.41,1.3,normal,992.139
25,585,35100,2,0,1.6191,1.6191,0.8095,1650.0,3.14,1.3,normal,993.7581
25,585,35115,13,0,3.1498,3.1498,0.2423,1650.0,3.14,1.3,normal,996.9079
25,585,35130,4,0,9.8784,9.8784,2.4696,1650.0,3.14,1.3,normal,1006.7863
25,585,35145,11,0,22.8477,22.8477,2.0771,1650.0,3.14,1.3,normal,1029.634
25,586,35160,4,0,12.56,12.56,3.14,1650.0,3.14,1.3,normal,1042.194
25,586,35175,7,0,11.3289,11.3289,1.6184,1650.0,3.14,1.3,normal,1053.5229
25,586,35190,13,0,12.4468,12.4468,0.9574,1650.0,3.14,1.3,normal,1065.9697
25,586,35205,7,0,19.5475,19.5475,2.7925,1650.0,3.14,1.3,normal,1085.5172
25,587,35220,8,0,15.2649,15.2649,1.9081,1650.0,3.27,1.3,normal,1100.7821
25,587,35235,5,0,15.4155,15.4155,3.0831,1650.0,3.27,1.3,normal,1116.1976
25,587,35250,5,0,14.0158,14.0158,2.8032,1650.0,3.27,1.3,normal,1130.2134
25,587,35265,9,0,29.43,29.43,3.27,1650.0,3.27,1.3,normal,1159.6434
25,588,35280,0,0,0.0,0.0,0.01,1650.0,0.01,1.3,normal,1159.6434
25,588,35295,0,0,0.0,0.0,0.01,1650.0,0.01,1.3,normal,1159.6434
25,588,35310,0,0,0.0,0.0,0.01,1650.0,0.01,1.3,normal,1159.6434
25,588,35325,0,0,0.0,0.0,0.01,1650.0,0.01,1.3,normal,1159.6434
25,589,35340,0,0,0.0,0.0,0.01,1650.0,0.01,1.3,normal,1159.6434
25,589,35355,0,0,0.0,0.0,0.01,1650.0,0.01,1.3,normal,1159.6434
25,589,35370,0,0,0.0,0.0,0.01,1650.0,0.01,1.3,normal,1159.6434
25,589,35385,0,0,0.0,0.0,0.01,1650.0,0.01,1.3,normal,1159.6434
25,590,35400,10,0,28.5584,28.5584,2.8558,1650.0,4.2,1.3,normal,1188.2018
25,590,35415,9,0,35.3578,35.3578,3.9286,1650.0,4.2,1.3,normal,1223.5596
25,590,35430,6,0,25.2,25.2,4.2,1650.0,4.2,1.3,normal,1248.7596
25,590,35445,11,0,46.2,46.2,4.2,1650.0,4.2,1.3,normal,1294.9596
25,591,35460,9,0,2.5071,2.5071,0.2786,1650.0,4.09,1.3,normal,1297.4667
25,591,35475,8,0,6.1197,6.1197,0.765,1650.0,4.09,1.3,normal,1303.5864
25,591,35490,10,0,3.3786,3.3786,0.3379,1650.0,4.09,1.3,normal,1306.965
25,591,35505,10,0,3.2081,3.2081,0.3208,1650.0,4.09,1.3,normal,1310.1731
25,592,35520,5,0,3.0078,3.0078,0.6016,1650.0,4.22,1.3,normal,1313.1809
25,592,35535,20,0,68.7175,68.7175,3.4359,1650.0,4.22,1.3,normal,1381.8984
25,592,35550,11,0,29.9937,29.9937,2.7267,1650.0,4.22,1.3,normal,1411.8921
25,592,35565,11,0,37.5814,37.5814,3.4165,1650.0,4.22,1.3,normal,1449.4735
25,593,35580,14,0,56.98,56.98,4.07,1650.0,4.07,1.3,budget_constrained,1506.4535
25,593,35595,16,0,20.6933,20.6933,1.2933,1650.0,4.07,1.3,budget_constrained,1527.1468
25,593,35610,8,0,27.089,27.089,3.3861,1650.0,4.07,1.3,budget_constrained,1554.2358
25,593,35625,7,0,23.7511,23.7511,3.393,1650.0,4.07,1.3,budget_constrained,1577.9869
25,594,35640,0,0,0.0,0.0,0.01,1650.0,0.01,1.3,budget_constrained,1577.9869
25,594,35655,0,0,0.0,0.0,0.01,1650.0,0.01,1.3,budget_constrained,1577.9869
25,594,35670,0,0,0.0,0.0,0.01,1650.0,0.01,1.3,budget_constrained,1577.9869
25,594,35685,0,0,0.0,0.0,0.01,1650.0,0.01,1.3,budget_constrained,1577.9869
25,595,35700,0,0,0.0,0.0,0.01,1650.0,0.01,1.3,budget_constrained,1577.9869
25,595,35715,0,0,0.0,0.0,0.01,1650.0,0.01,1.3,budget_constrained,1577.9869
25,595,35730,0,0,0.0,0.0,0.01,1650.0,0.01,1.3,budget_constrained,1577.9869
25,595,35745,0,0,0.0,0.0,0.01,1650.0,0.01,1.3,budget_constrained,1577.9869
25,596,35760,7,1,0.223,0.223,0.0319,1650.0,4.2,1.3,budget_constrained,1578.2099
25,596,35775,14,1,58.8,58.8,4.2,1650.0,4.2,1.3,budget_constrained,1637.0099
25,596,35790,3,1,12.4009,12.4009,4.1336,1650.0,4.2,1.3,budget_constrained,1649.4108
25,596,35805,4,1,0.5892,0.5892,0.1468,1650.0,4.2,1.3,budget_constrained,1650.0
25,597,35820,0,0,0.0,0.0,4.2,1650.0,4.2,1.3,budget_constrained,1650.0
25,597,35835,0,0,0.0,0.0,1.4329,1650.0,4.2,1.3,budget_constrained,1650.0
25,597,35850,0,0,0.0,0.0,4.2,1650.0,4.2,1.3,budget_constrained,1650.0
25,597,35865,0,0,0.0,0.0,3.2736,1650.0,4.2,1.3,budget_constrained,1650.0
25,598,35880,0,0,0.0,0.0,0.7652,1650.0,4.2,1.3,budget_constrained,1650.0
25,598,35895,0,0,0.0,0.0,1.7281,1650.0,4.2,1.3,budget_constrained,1650.0
25,598,35910,0,0,0.0,0.0,2.8201,1650.0,4.2,1.3,budget_constrained,1650.0
25,598,35925,0,0,0.0,0.0,0.3391,1650.0,4.2,1.3,budget_constrained,1650.0
25,599,35940,0,0,0.0,0.0,3.3915,1650.0,5.04,1.3,budget_constrained,1650.0
25,599,35955,0,0,0.0,0.0,4.3749,1650.0,5.04,1.3,budget_constrained,1650.0
25,599,35970,0,0,0.0,0.0,5.04,1650.0,5.04,1.3,budget_constrained,1650.0
25,599,35985,0,0,0.0,0.0,3.7105,1650.0,5.04,1.3,budget_constrained,1650.0
26,600,36000,0,0,0.0,0.0,0.01,1650.0,0.01,1.3,normal,0.0
26,600,36015,0,0,0.0,0.0,0.01,1650.0,0.01,1.3,normal,0.0
26,600,36030,0,0,0.0,0.0,0.01,1650.0,0.01,1.3,normal,0.0
26,600,36045,0,0,0.0,0.0,0.01,1650.0,0.01,1.3,normal,0.0
26,601,36060,12,0,4.1461,4.1461,0.3455,1650.0,3.5,1.3,normal,4.1461
26,601,36075,6,0,21.0,21.0,3.5,1650.0,3.5,1.3,normal,25.1461
26,601,36090,11,1,38.5,38.5,3.5,1650.0,3.5,1.3,normal,63.6461
26,601,36105,8,0,3.6913,3.6913,0.4614,1650.0,3.5,1.3,normal,67.3374
26,602,36120,9,1,37.8,37.8,4.2,1650.0,4.2,1.3,normal,105.1374
26,602,36135,10,1,15.2101,15.2101,1.521,1650.0,4.2,1.3,normal,120.3475
26,602,36150,13,0,27.9237,27.9237,2.148,1650.0,4.2,1.3,normal,148.2712
26,602,36165,11,0,26.9434,26.9434,2.4494,1650.0,4.2,1.3,normal,175.2146
26,603,36180,9,1,36.1683,36.1683,4.0187,1650.0,4.05,1.3,normal,211.3829
26,603,36195,4,0,12.8797,12.8797,3.2199,1650.0,4.05,1.3,normal,224.2626
26,603,36210,5,0,20.25,20.25,4.05,1650.0,4.05,1.3,normal,244.5126
26,603,36225,6,0,15.2958,15.2958,2.5493,1650.0,4.05,1.3,normal,259.8084
26,604,36240,9,1,1.5818,1.5818,0.1758,1650.0,4.2,1.3,normal,261.3902
26,604,36255,10,0,15.4682,15.4682,1.5468,1650.0,4.2,1.3,normal,276.8584
26,604,36270,9,0,25.2877,25.2877,2.8097,1650.0,4.2,1.3,normal,302.1461
26,604,36285,13,0,54.6,54.6,4.2,1650.0,4.2,1.3,normal,356.7461
26,605,36300,11,0,42.1117,42.1117,3.8283,1650.0,4.09,1.3,normal,398.8578
26,605,36315,9,0,36.81,36.81,4.09,1650.0,4.09,1.3,normal,435.6678
26,605,36330,12,2,4.6907,2.3453,0.3909,1650.0,4.09,1.3,normal,440.3585
26,605,36345,11,1,44.99,44.99,4.09,1650.0,4.09,1.3,normal,485.3485
26,606,36360,10,0,40.9,40.9,4.09,1650.0,4.09,1.3,normal,526.2485
26,606,36375,7,0,27.2445,27.2445,3.8921,1650.0,4.09,1.3,normal,553.493
26,606,36390,12,0,49.08,49.08,4.09,1650.0,4.09,1.3,normal,602.573
26,606,36405,9,1,21.4793,21.4793,2.3866,1650.0,4.09,1.3,normal,624.0523
26,607,36420,19,0,18.3916,18.3916,0.968,1650.0,4.02,1.3,normal,642.4439
26,607,36435,10,0,40.2,40.2,4.02,1650.0,4.02,1.3,normal,682.6439
26,607,36450,10,0,0.7476,0.7476,0.0748,1650.0,4.02,1.3,normal,683.3915
26,607,36465,8,0,9.6903,9.6903,1.2113,1650.0,4.02,1.3,normal,693.0818
26,608,36480,6,1,23.4347,23.4347,3.9058,1650.0,4.02,1.3,normal,716.5165
26,608,36495,11,0,44.22,44.22,4.02,1650.0,4.02,1.3,normal,760.7365
26,608,36510,14,0,56.28,56.28,4.02,1650.0,4.02,1.3,normal,817.0165
26,608,36525,7,1,11.332,11.332,1.6189,1650.0,4.02,1.3,normal,828.3485
26,609,36540,15,0,41.0817,41.0817,2.7388,1650.0,4.16,1.3,normal,869.4302
26,609,36555,9,0,7.6587,7.6587,0.851,1650.0,4.16,1.3,normal,877.0889
26,609,36570,14,0,43.1854,43.1854,3.0847,1650.0,4.16,1.3,normal,920.2743
26,609,36585,5,1,18.6543,18.6543,3.7309,1650.0,4.16,1.3,normal,938.9286
26,610,36600,11,0,26.0817,26.0817,2.3711,1650.0,4.16,1.3,normal,965.0103
26,610,36615,12,1,35.2425,35.2425,2.9369,1650.0,4.16,1.3,normal,1000.2528
26,610,36630,12,0,41.2767,41.2767,3.4397,1650.0,4.16,1.3,normal,1041.5295
26,610,36645,5,1,0.9476,0.9476,0.1895,1650.0,4.16,1.3,normal,1042.4771
26,611,36660,17,1,55.1227,55.1227,3.2425,1650.0,4.33,1.3,normal,1097.5998
26,611,36675,17,2,44.8177,22.4088,2.6363,1650.0,4.33,1.3,normal,1142.4175
26,611,36690,10,0,11.2772,11.2772,1.1277,1650.0,4.33,1.3,normal,1153.6947
26,611,36705,15,0,64.95,64.95,4.33,1650.0,4.33,1.3,normal,1218.6447
26,612,36720,8,1,31.84,31.84,3.98,1650.0,3.98,1.3,normal,1250.4847
26,612,36735,9,0,14.2947,14.2947,1.5883,1650.0,3.98,1.3,normal,1264.7794
26,612,36750,10,0,39.8,39.8,3.98,1650.0,3.98,1.3,normal,1304.5794
26,612,36765,14,1,17.8345,17.8345,1.2739,1650.0,3.98,1.3,normal,1322.4139
26,613,36780,9,0,18.9305,18.9305,2.1034,1650.0,3.66,1.3,normal,1341.3444
26,613,36795,7,0,0.9481,0.9481,0.1354,1650.0,3.66,1.3,normal,1342.2925
26,613,36810,9,1,0.9051,0.9051,0.1006,1650.0,3.66,1.3,normal,1343.1976
26,613,36825,4,0,5.5179,5.5179,1.3795,1650.0,3.66,1.3,normal,1348.7155
26,614,36840,13,1,47.58,47.58,3.66,1650.0,3.66,1.3,normal,1396.2955
26,614,36855,6,1,7.2687,7.2687,1.2115,1650.0,3.66,1.3,normal,1403.5642
26,614,36870,8,1,16.388,16.388,2.0485,1650.0,3.66,1.3,normal,1419.9522
26,614,36885,7,0,25.62,25.62,3.66,1650.0,3.66,1.3,normal,1445.5722
26,615,36900,11,1,41.91,41.91,3.81,1650.0,3.81,1.3,budget_constrained,1487.4822
26,615,36915,9,0,34.29,34.29,3.81,1650.0,3.81,1.3,budget_constrained,1521.7722
26,615,36930,4,0,0.2397,0.2397,0.0599,1650.0,3.81,1.3,budget_constrained,1522.0119
26,615,36945,13,1,17.6399,17.6399,1.3569,1650.0,3.81,1.3,budget_constrained,1539.6518
26,616,36960,12,0,32.7483,32.7483,2.729,1650.0,3.81,1.3,budget_constrained,1572.4001
26,616,36975,9,0,34.29,34.29,3.81,1650.0,3.81,1.3,budget_constrained,1606.6901
26,616,36990,9,0,6.9691,6.9691,0.7743,1650.0,3.81,1.3,budget_constrained,1613.6592
26,616,37005,11,0,11.7342,11.7342,1.0667,1650.0,3.81,1.3,budget_constrained,1625.3934
26,617,37020,5,0,24.6066,24.6066,4.57,1650.0,4.57,1.3,budget_constrained,1650.0
26,617,37035,0,0,0.0,0.0,3.3286,1650.0,4.57,1.3,budget_constrained,1650.0
26,617,37050,0,0,0.0,0.0,1.6993,1650.0,4.57,1.3,budget_constrained,1650.0
26,617,37065,0,0,0.0,0.0,0.2814,1650.0,4.57,1.3,budget_constrained,1650.0
26,618,37080,0,0,0.0,0.0,0.0433,1650.0,4.57,1.3,budget_constrained,1650.0
26,618,37095,0,0,0.0,0.0,4.3336,1650.0,4.57,1.3,budget_constrained,1650.0
26,618,37110,0,0,0.0,0.0,2.3985,1650.0,4.57,1.3,budget_constrained,1650.0
26,618,37125,0,0,0.0,0.0,4.57,1650.0,4.57,1.3,budget_constrained,1650.0
26,619,37140,0,0,0.0,0.0,0.2537,1650.0,5.48,1.3,budget_constrained,1650.0
26,619,37155,0,0,0.0,0.0,5.48,1650.0,5.48,1.3,budget_constrained,1650.0
26,619,37170,0,0,0.0,0.0,1.6289,1650.0,5.48,1.3,budget_constrained,1650.0
26,619,37185,0,0,0.0,0.0,1.9957,1650.0,5.48,1.3,budget_constrained,1650.0
26,620,37200,0,0,0.0,0.0,3.5602,1650.0,5.48,1.3,budget_constrained,1650.0
26,620,37215,0,0,0.0,0.0,3.6979,1650.0,5.48,1.3,budget_constrained,1650.0
26,620,37230,0,0,0.0,0.0,0.5763,1650.0,5.48,1.3,budget_constrained,1650.0
26,620,37245,0,0,0.0,0.0,0.6027,1650.0,5.48,1.3,budget_constrained,1650.0
26,621,37260,0,0,0.0,0.0,4.82,1650.0,4.82,1.3,budget_constrained,1650.0
26,621,37275,0,0,0.0,0.0,0.8974,1650.0,4.82,1.3,budget_constrained,1650.0
26,621,37290,0,0,0.0,0.0,4.82,1650.0,4.82,1.3,budget_constrained,1650.0
26,621,37305,0,0,0.0,0.0,2.8245,1650.0,4.82,1.3,budget_constrained,1650.0
26,622,37320,0,0,0.0,0.0,0.01,1650.0,0.01,1.3,budget_constrained,1650.0
26,622,37335,0,0,0.0,0.0,0.01,1650.0,0.01,1.3,budget_constrained,1650.0
26,622,37350,0,0,0.0,0.0,0.01,1650.0,0.01,1.3,budget_constrained,1650.0
26,622,37365,0,0,0.0,0.0,0.01,1650.0,0.01,1.3,budget_constrained,1650.0
26,623,37380,0,0,0.0,0.0,0.01,1650.0,0.01,1.3,budget_constrained,1650.0
26,623,37395,0,0,0.0,0.0,0.01,1650.0,0.01,1.3,budget_constrained,1650.0
26,623,37410,0,0,0.0,0.0,0.01,1650.0,0.01,1.3,budget_constrained,1650.0
26,623,37425,0,0,0.0,0.0,0.01,1650.0,0.01,1.3,budget_constrained,1650.0
27,624,37440,0,0,0.0,0.0,4.2,1650.0,4.2,1.3,normal,0.0
27,624,37455,7,0,17.3313,17.3313,2.4759,1650.0,4.2,1.3,normal,17.3313
27,624,37470,9,0,37.8,37.8,4.2,1650.0,4.2,1.3,normal,55.1313
27,624,37485,14,0,39.2598,39.2598,2.8043,1650.0,4.2,1.3,normal,94.3911
27,625,37500,7,0,30.66,30.66,4.38,1650.0,4.38,1.0,normal,125.0511
27,625,37515,15,0,65.7,65.7,4.38,1650.0,4.38,1.0,normal,190.7511
27,625,37530,12,0,28.1821,28.1821,2.3485,1650.0,4.38,1.0,normal,218.9332
27,625,37545,12,0,6.0332,6.0332,0.5028,1650.0,4.38,1.0,normal,224.9664
27,626,37560,0,0,0.0,0.0,0.01,1650.0,0.01,1.0,normal,224.9664
27,626,37575,0,0,0.0,0.0,0.01,1650.0,0.01,1.0,normal,224.9664
27,626,37590,0,0,0.0,0.0,0.01,1650.0,0.01,1.0,normal,224.9664
27,626,37605,0,0,0.0,0.0,0.01,1650.0,0.01,1.0,normal,224.9664
27,627,37620,0,0,0.0,0.0,0.01,1650.0,0.01,1.0,normal,224.9664
27,627,37635,0,0,0.0,0.0,0.01,1650.0,0.01,1.0,normal,224.9664
27,627,37650,0,0,0.0,0.0,0.01,1650.0,0.01,1.0,normal,224.9664
27,627,37665,0,0,0.0,0.0,0.01,1650.0,0.01,1.0,normal,224.9664
27,628,37680,0,0,0.0,0.0,0.01,1650.0,0.01,1.0,normal,224.9664
27,628,37695,0,0,0.0,0.0,0.01,1650.0,0.01,1.0,normal,224.9664
27,628,37710,0,0,0.0,0.0,0.01,1650.0,0.01,1.0,normal,224.9664
27,628,37725,0,0,0.0,0.0,0.01,1650.0,0.01,1.0,normal,224.9664
27,629,37740,0,0,0.0,0.0,0.01,1650.0,0.01,1.0,normal,224.9664
27,629,37755,0,0,0.0,0.0,0.01,1650.0,0.01,1.0,normal,224.9664
27,629,37770,0,0,0.0,0.0,0.01,1650.0,0.01,1.0,normal,224.9664
27,629,37785,0,0,0.0,0.0,0.01,1650.0,0.01,1.0,normal,224.9664
27,630,37800,10,1,42.0,42.0,4.2,1650.0,4.2,1.0,normal,266.9664
27,630,37815,9,1,34.1599,34.1599,3.7955,1650.0,4.2,1.0,normal,301.1263
27,630,37830,4,0,0.2916,0.2916,0.0729,1650.0,4.2,1.0,normal,301.4179
27,630,37845,11,0,41.2497,41.2497,3.75,1650.0,4.2,1.0,normal,342.6676
27,631,37860,11,0,30.1008,30.1008,2.7364,1650.0,4.09,1.0,normal,372.7684
27,631,37875,15,0,61.35,61.35,4.09,1650.0,4.09,1.0,normal,434.1184
27,631,37890,1,0,4.09,4.09,4.09,1650.0,4.09,1.0,normal,438.2084
27,631,37905,14,0,55.2857,55.2857,3.949,1650.0,4.09,1.0,normal,493.4941
27,632,37920,12,0,49.7351,49.7351,4.1446,1650.0,4.2,1.0,normal,543.2292
27,632,37935,7,0,19.2204,19.2204,2.7458,1650.0,4.2,1.0,normal,562.4496
27,632,37950,16,0,6.0453,6.0453,0.3778,1650.0,4.2,1.0,normal,568.4949
27,632,37965,9,2,33.6306,16.8153,3.7367,1650.0,4.2,1.0,normal,602.1255
27,633,37980,7,0,27.93,27.93,3.99,1650.0,3.99,1.0,normal,630.0555
27,633,37995,11,0,43.89,43.89,3.99,1650.0,3.99,1.0,normal,673.9455
27,633,38010,10,0,14.0386,14.0386,1.4039,1650.0,3.99,1.0,normal,687.9841
27,633,38025,13,0,51.87,51.87,3.99,1650.0,3.99,1.0,normal,739.8541
27,634,38040,11,1,22.8066,22.8066,2.0733,1650.0,3.99,1.0,normal,762.6607
27,634,38055,6,0,8.5585,8.5585,1.4264,1650.0,3.99,1.0,normal,771.2192
27,634,38070,8,0,21.537,21.537,2.6921,1650.0,3.99,1.0,normal,792.7562
27,634,38085,15,1,41.082,41.082,2.7388,1650.0,3.99,1.0,normal,833.8382
27,635,38100,13,0,25.9151,25.9151,1.9935,1650.0,4.47,1.0,normal,859.7533
27,635,38115,9,0,37.1671,37.1671,4.1297,1650.0,4.47,1.0,normal,896.9204
27,635,38130,10,0,0.9521,0.9521,0.0952,1650.0,4.47,1.0,normal,897.8725
27,635,38145,20,0,34.2481,34.2481,1.7124,1650.0,4.47,1.0,normal,932.1206
27,636,38160,9,0,18.5797,18.5797,2.0644,1000.0,4.47,1.0,budget_constrained,950.7003
27,636,38175,14,0,9.4413,9.4413,0.6744,1000.0,4.47,1.0,budget_constrained,960.1416
27,636,38190,8,0,14.5175,14.5175,1.8147,1000.0,4.47,1.0,budget_constrained,974.6591
27,636,38205,7,0,0.2972,0.2972,0.0425,1000.0,4.47,1.0,budget_constrained,974.9563
27,637,38220,7,0,16.5682,16.5682,2.3669,1000.0,4.59,1.0,budget_constrained,991.5245
27,637,38235,4,0,8.4755,8.4755,2.0171,1000.0,4.59,1.0,budget_depleted,1000.0
27,637,38250,0,0,0.0,0.0,0.0,1000.0,4.59,1.0,budget_depleted,1000.0
27,637,38265,0,0,0.0,0.0,0.0,1000.0,4.59,1.0,budget_depleted,1000.0
27,638,38280,0,0,0.0,0.0,0.0,1000.0,4.59,1.0,budget_depleted,1000.0
27,638,38295,0,0,0.0,0.0,0.0,1000.0,4.59,1.0,budget_depleted,1000.0
27,638,38310,0,0,0.0,0.0,0.0,1000.0,4.59,1.0,budget_depleted,1000.0
27,638,38325,0,0,0.0,0.0,0.0,1000.0,4.59,1.0,budget_depleted,1000.0
27,639,38340,0,0,0.0,0.0,0.0,1000.0,1.34,1.0,budget_depleted,1000.0
27,639,38355,0,0,0.0,0.0,0.0,1000.0,1.34,1.0,budget_depleted,1000.0
27,639,38370,0,0,0.0,0.0,0.0,1000.0,1.34,1.0,budget_depleted,1000.0
27,639,38385,0,0,0.0,0.0,0.0,1000.0,1.34,1.0,budget_depleted,1000.0
27,640,38400,0,0,0.0,0.0,0.0,1000.0,1.34,1.0,budget_depleted,1000.0
27,640,38415,0,0,0.0,0.0,0.0,1000.0,1.34,1.0,budget_depleted,1000.0
27,640,38430,0,0,0.0,0.0,0.0,1000.0,1.34,1.0,budget_depleted,1000.0
27,640,38445,0,0,0.0,0.0,0.0,1000.0,1.34,1.0,budget_depleted,1000.0
27,641,38460,0,0,0.0,0.0,0.0,1000.0,1.07,1.0,budget_depleted,1000.0
27,641,38475,0,0,0.0,0.0,0.0,1000.0,1.07,1.0,budget_depleted,1000.0
27,641,38490,0,0,0.0,0.0,0.0,1000.0,1.07,1.0,budget_depleted,1000.0
27,641,38505,0,0,0.0,0.0,0.0,1000.0,1.07,1.0,budget_depleted,1000.0
27,642,38520,0,0,0.0,0.0,0.0,1000.0,1.39,1.0,budget_depleted,1000.0
27,642,38535,0,0,0.0,0.0,0.0,1000.0,1.39,1.0,budget_depleted,1000.0
27,642,38550,0,0,0.0,0.0,0.0,1000.0,1.39,1.0,budget_depleted,1000.0
27,642,38565,0,0,0.0,0.0,0.0,1000.0,1.39,1.0,budget_depleted,1000.0
27,643,38580,0,0,0.0,0.0,0.0,1000.0,1.39,1.0,budget_depleted,1000.0
27,643,38595,0,0,0.0,0.0,0.0,1000.0,1.39,1.0,budget_depleted,1000.0
27,643,38610,0,0,0.0,0.0,0.0,1000.0,1.39,1.0,budget_depleted,1000.0
27,643,38625,0,0,0.0,0.0,0.0,1000.0,1.39,1.0,budget_depleted,1000.0
27,644,38640,0,0,0.0,0.0,0.0,1000.0,1.39,1.0,budget_depleted,1000.0
27,644,38655,0,0,0.0,0.0,0.0,1000.0,1.39,1.0,budget_depleted,1000.0
27,644,38670,0,0,0.0,0.0,0.0,1000.0,1.39,1.0,budget_depleted,1000.0
27,644,38685,0,0,0.0,0.0,0.0,1000.0,1.39,1.0,budget_depleted,1000.0
27,645,38700,0,0,0.0,0.0,0.0,1000.0,0.8,1.0,budget_depleted,1000.0
27,645,38715,0,0,0.0,0.0,0.0,1000.0,0.8,1.0,budget_depleted,1000.0
27,645,38730,0,0,0.0,0.0,0.0,1000.0,0.8,1.0,budget_depleted,1000.0
27,645,38745,0,0,0.0,0.0,0.0,1000.0,0.8,1.0,budget_depleted,1000.0
27,646,38760,0,0,0.0,0.0,0.0,1000.0,0.8,1.0,budget_depleted,1000.0
27,646,38775,0,0,0.0,0.0,0.0,1000.0,0.8,1.0,budget_depleted,1000.0
27,646,38790,0,0,0.0,0.0,0.0,1000.0,0.8,1.0,budget_depleted,1000.0
27,646,38805,0,0,0.0,0.0,0.0,1000.0,0.8,1.0,budget_depleted,1000.0
27,647,38820,0,0,0.0,0.0,0.0,1000.0,0.64,1.0,budget_depleted,1000.0
27,647,38835,0,0,0.0,0.0,0.0,1000.0,0.64,1.0,budget_depleted,1000.0
27,647,38850,0,0,0.0,0.0,0.0,1000.0,0.64,1.0,budget_depleted,1000.0
27,647,38865,0,0,0.0,0.0,0.0,1000.0,0.64,1.0,budget_depleted,1000.0
28,648,38880,0,0,0.0,0.0,0.0,1000.0,0.01,1.0,normal,0.0
28,648,38895,0,0,0.0,0.0,0.01,1000.0,0.01,1.0,normal,0.0
28,648,38910,0,0,0.0,0.0,0.01,1000.0,0.01,1.0,normal,0.0
28,648,38925,0,0,0.0,0.0,0.01,1000.0,0.01,1.0,normal,0.0
28,649,38940,0,0,0.0,0.0,0.01,1000.0,0.01,1.0,normal,0.0
28,649,38955,1,0,0.01,0.01,0.01,1000.0,0.01,1.0,normal,0.01
28,649,38970,0,0,0.0,0.0,0.01,1000.0,0.01,1.0,normal,0.01
28,649,38985,0,0,0.0,0.0,0.01,1000.0,0.01,1.0,normal,0.01
28,650,39000,0,0,0.0,0.0,0.01,1000.0,0.01,1.0,normal,0.01
28,650,39015,0,0,0.0,0.0,0.01,1000.0,0.01,1.0,normal,0.01
28,650,39030,0,0,0.0,0.0,0.01,1000.0,0.01,1.0,normal,0.01
28,650,39045,0,0,0.0,0.0,0.01,1000.0,0.01,1.0,normal,0.01
28,651,39060,0,0,0.0,0.0,0.01,1000.0,0.01,1.0,normal,0.01
28,651,39075,0,0,0.0,0.0,0.01,1000.0,0.01,1.0,normal,0.01
28,651,39090,0,0,0.0,0.0,0.01,1000.0,0.01,1.0,normal,0.01
28,651,39105,0,0,0.0,0.0,0.01,1000.0,0.01,1.0,normal,0.01
28,652,39120,7,0,13.9318,13.9318,1.9903,1000.0,4.2,1.0,normal,13.9418
28,652,39135,19,1,5.8321,5.8321,0.307,1000.0,4.2,1.0,normal,19.7739
28,652,39150,10,1,30.5187,30.5187,3.0519,1000.0,4.2,1.0,normal,50.2926
28,652,39165,9,0,37.8,37.8,4.2,1000.0,4.2,1.0,normal,88.0926
28,653,39180,12,0,40.4158,40.4158,3.368,1000.0,3.99,1.0,normal,128.5084
28,653,39195,15,0,48.7972,48.7972,3.2531,1000.0,3.99,1.0,normal,177.3056
28,653,39210,10,0,39.9,39.9,3.99,1000.0,3.99,1.0,normal,217.2056
28,653,39225,13,0,51.87,51.87,3.99,1000.0,3.99,1.0,normal,269.0756
28,654,39240,6,0,2.3825,2.3825,0.3971,1000.0,3.79,1.0,normal,271.4581
28,654,39255,11,1,23.1251,23.1251,2.1023,1000.0,3.79,1.0,normal,294.5832
28,654,39270,9,1,9.7794,9.7794,1.0866,1000.0,3.79,1.0,normal,304.3626
28,654,39285,3,0,8.0088,8.0088,2.6696,1000.0,3.79,1.0,normal,312.3714
28,655,39300,8,0,29.6,29.6,3.7,1000.0,3.7,1.0,normal,341.9714
28,655,39315,12,0,44.4,44.4,3.7,1000.0,3.7,1.0,normal,386.3714
28,655,39330,4,0,11.326,11.326,2.8315,1000.0,3.7,1.0,normal,397.6974
28,655,39345,7,1,23.7396,23.7396,3.3914,1000.0,3.7,1.0,normal,421.437
28,656,39360,9,0,37.8,37.8,4.2,1000.0,4.2,1.0,normal,459.237
28,656,39375,13,0,15.5677,15.5677,1.1975,1000.0,4.2,1.0,normal,474.8047
28,656,39390,8,0,5.421,5.421,0.6776,1000.0,4.2,1.0,normal,480.2257
28,656,39405,11,0,16.1672,16.1672,1.4697,1000.0,4.2,1.0,normal,496.3929
28,657,39420,9,0,9.8314,9.8314,1.0924,1000.0,4.09,1.0,normal,506.2243
28,657,39435,13,0,53.17,53.17,4.09,1000.0,4.09,1.0,normal,559.3943
28,657,39450,12,1,0.4155,0.4155,0.0346,1000.0,4.09,1.0,normal,559.8098
28,657,39465,11,0,31.083,31.083,2.8257,1000.0,4.09,1.0,normal,590.8928
28,658,39480,18,0,42.3263,42.3263,2.3515,1000.0,3.99,1.0,normal,633.2191
28,658,39495,7,0,13.5968,13.5968,1.9424,1000.0,3.99,1.0,normal,646.8159
28,658,39510,14,0,19.9929,19.9929,1.4281,1000.0,3.99,1.0,normal,666.8088
28,658,39525,11,1,26.9663,26.9663,2.4515,1000.0,3.99,1.0,normal,693.7751
28,659,39540,9,0,31.488,31.488,3.4987,1000.0,3.89,1.0,normal,725.2631
28,659,39555,5,0,8.3841,8.3841,1.6768,1000.0,3.89,1.0,normal,733.6472
28,659,39570,10,0,38.9,38.9,3.89,1000.0,3.89,1.0,normal,772.5472
28,659,39585,20,0,72.5356,72.5356,3.6268,1000.0,3.89,1.0,normal,845.0828
28,660,39600,11,0,42.79,42.79,3.89,1000.0,3.89,1.0,normal,887.8728
28,660,39615,9,0,14.5361,14.5361,1.6151,1000.0,3.89,1.0,budget_constrained,902.4089
28,660,39630,4,0,13.9736,13.9736,3.4934,1000.0,3.89,1.0,budget_constrained,916.3825
28,660,39645,11,0,41.1072,41.1072,3.737,1000.0,3.89,1.0,budget_constrained,957.4897
28,661,39660,11,0,0.5359,0.5359,0.0487,1000.0,3.63,1.0,budget_constrained,958.0256
28,661,39675,7,0,19.8273,19.8273,2.8325,1000.0,3.63,1.0,budget_constrained,977.8529
28,661,39690,10,0,16.5878,16.5878,1.6588,1000.0,3.63,1.0,budget_constrained,994.4407
28,661,39705,2,0,5.5593,5.5593,2.6661,1000.0,3.63,1.0,budget_depleted,1000.0
28,662,39720,0,0,0.0,0.0,0.0,1000.0,3.37,1.0,budget_depleted,1000.0
28,662,39735,0,0,0.0,0.0,0.0,1000.0,3.37,1.0,budget_depleted,1000.0
28,662,39750,0,0,0.0,0.0,0.0,1000.0,3.37,1.0,budget_depleted,1000.0
28,662,39765,0,0,0.0,0.0,0.0,1000.0,3.37,1.0,budget_depleted,1000.0
28,663,39780,0,0,0.0,0.0,0.0,1000.0,3.11,1.0,budget_depleted,1000.0
28,663,39795,0,0,0.0,0.0,0.0,1000.0,3.11,1.0,budget_depleted,1000.0
28,663,39810,0,0,0.0,0.0,0.0,1000.0,3.11,1.0,budget_depleted,1000.0
28,663,39825,0,0,0.0,0.0,0.0,1000.0,3.11,1.0,budget_depleted,1000.0
28,664,39840,0,0,0.0,0.0,0.0,1000.0,3.11,1.0,budget_depleted,1000.0
28,664,39855,0,0,0.0,0.0,0.0,1000.0,3.11,1.0,budget_depleted,1000.0
28,664,39870,0,0,0.0,0.0,0.0,1000.0,3.11,1.0,budget_depleted,1000.0
28,664,39885,0,0,0.0,0.0,0.0,1000.0,3.11,1.0,budget_depleted,1000.0
28,665,39900,0,0,0.0,0.0,0.0,1000.0,2.55,1.0,budget_depleted,1000.0
28,665,39915,0,0,0.0,0.0,0.0,1000.0,2.55,1.0,budget_depleted,1000.0
28,665,39930,0,0,0.0,0.0,0.0,1000.0,2.55,1.0,budget_depleted,1000.0
28,665,39945,0,0,0.0,0.0,0.0,1000.0,2.55,1.0,budget_depleted,1000.0
28,666,39960,0,0,0.0,0.0,0.0,1000.0,2.09,1.0,budget_depleted,1000.0
28,666,39975,0,0,0.0,0.0,0.0,1000.0,2.09,1.0,budget_depleted,1000.0
28,666,39990,0,0,0.0,0.0,0.0,1000.0,2.09,1.0,budget_depleted,1000.0
28,666,40005,0,0,0.0,0.0,0.0,1000.0,2.09,1.0,budget_depleted,1000.0
28,667,40020,0,0,0.0,0.0,0.0,1000.0,1.17,1.0,budget_depleted,1000.0
28,667,40035,0,0,0.0,0.0,0.0,1000.0,1.17,1.0,budget_depleted,1000.0
28,667,40050,0,0,0.0,0.0,0.0,1000.0,1.17,1.0,budget_depleted,1000.0
28,667,40065,0,0,0.0,0.0,0.0,1000.0,1.17,1.0,budget_depleted,1000.0
28,668,40080,0,0,0.0,0.0,0.0,1000.0,1.17,1.0,budget_depleted,1000.0
28,668,40095,0,0,0.0,0.0,0.0,1000.0,1.17,1.0,budget_depleted,1000.0
28,668,40110,0,0,0.0,0.0,0.0,1000.0,1.17,1.0,budget_depleted,1000.0
28,668,40125,0,0,0.0,0.0,0.0,1000.0,1.17,1.0,budget_depleted,1000.0
28,669,40140,0,0,0.0,0.0,0.0,1000.0,1.09,1.0,budget_depleted,1000.0
28,669,40155,0,0,0.0,0.0,0.0,1000.0,1.09,1.0,budget_depleted,1000.0
28,669,40170,0,0,0.0,0.0,0.0,1000.0,1.09,1.0,budget_depleted,1000.0
28,669,40185,0,0,0.0,0.0,0.0,1000.0,1.09,1.0,budget_depleted,1000.0
28,670,40200,0,0,0.0,0.0,0.0,1000.0,1.01,1.0,budget_depleted,1000.0
28,670,40215,0,0,0.0,0.0,0.0,1000.0,1.01,1.0,budget_depleted,1000.0
28,670,40230,0,0,0.0,0.0,0.0,1000.0,1.01,1.0,budget_depleted,1000.0
28,670,40245,0,0,0.0,0.0,0.0,1000.0,1.01,1.0,budget_depleted,1000.0
28,671,40260,0,0,0.0,0.0,0.0,1000.0,0.93,1.0,budget_depleted,1000.0
28,671,40275,0,0,0.0,0.0,0.0,1000.0,0.93,1.0,budget_depleted,1000.0
28,671,40290,0,0,0.0,0.0,0.0,1000.0,0.93,1.0,budget_depleted,1000.0
28,671,40305,0,0,0.0,0.0,0.0,1000.0,0.93,1.0,budget_depleted,1000.0
29,672,40320,0,0,0.0,0.0,0.0,1000.0,1.21,1.0,normal,0.0
29,672,40335,3,0,3.63,3.63,1.21,1000.0,1.21,1.0,normal,3.63
29,672,40350,6,0,1.6856,1.6856,0.2809,1000.0,1.21,1.0,normal,5.3156
29,672,40365,2,0,1.4199,1.4199,0.71,1000.0,1.21,1.0,normal,6.7355
29,673,40380,3,1,3.63,3.63,1.21,1000.0,1.21,1.0,normal,10.3655
29,673,40395,2,1,2.42,2.42,1.21,1000.0,1.21,1.0,normal,12.7855
29,673,40410,6,0,7.26,7.26,1.21,1000.0,1.21,1.0,normal,20.0455
29,673,40425,3,0,3.63,3.63,1.21,1000.0,1.21,1.0,normal,23.6755
29,674,40440,2,0,2.42,2.42,1.21,1000.0,1.21,1.0,normal,26.0955
29,674,40455,1,0,1.21,1.21,1.21,1000.0,1.21,1.0,normal,27.3055
29,674,40470,2,0,2.42,2.42,1.21,1000.0,1.21,1.0,normal,29.7255
29,674,40485,1,0,1.21,1.21,1.21,1000.0,1.21,1.0,normal,30.9355
29,675,40500,4,0,1.6448,1.6448,0.4112,1000.0,1.21,1.0,normal,32.5803
29,675,40515,2,0,2.42,2.42,1.21,1000.0,1.21,1.0,normal,35.0003
29,675,40530,5,0,6.05,6.05,1.21,1000.0,1.21,1.0,normal,41.0503
29,675,40545,6,0,0.2502,0.2502,0.0417,1000.0,1.21,1.0,normal,41.3005
29,676,40560,0,0,0.0,0.0,1.21,1000.0,1.21,1.0,normal,41.3005
29,676,40575,1,0,1.21,1.21,1.21,1000.0,1.21,1.0,normal,42.5105
29,676,40590,5,0,6.05,6.05,1.21,1000.0,1.21,1.0,normal,48.5605
29,676,40605,3,0,3.63,3.63,1.21,1000.0,1.21,1.0,normal,52.1905
29,677,40620,5,1,5.85,5.85,1.17,1000.0,1.17,1.0,normal,58.0405
29,677,40635,2,0,1.7831,1.7831,0.8916,1000.0,1.17,1.0,normal,59.8236
29,677,40650,1,0,0.5518,0.5518,0.5518,1000.0,1.17,1.0,normal,60.3754
29,677,40665,2,0,2.34,2.34,1.17,1000.0,1.17,1.0,normal,62.7154
29,678,40680,2,0,2.42,2.42,1.21,1000.0,1.21,1.0,normal,65.1354
29,678,40695,4,0,4.84,4.84,1.21,1000.0,1.21,1.0,normal,69.9754
29,678,40710,1,0,1.21,1.21,1.21,1000.0,1.21,1.0,normal,71.1854
29,678,40725,2,1,2.42,2.42,1.21,1000.0,1.21,1.0,normal,73.6054
29,679,40740,2,0,0.5035,0.5035,0.2518,1000.0,1.25,1.0,normal,74.1089
29,679,40755,4,0,3.1943,3.1943,0.7986,1000.0,1.25,1.0,normal,77.3032
29,679,40770,5,0,6.25,6.25,1.25,1000.0,1.25,1.0,normal,83.5532
29,679,40785,4,0,0.1949,0.1949,0.0487,1000.0,1.25,1.0,normal,83.7481
29,680,40800,3,0,2.795,2.795,0.9317,1000.0,1.25,1.0,normal,86.5431
29,680,40815,1,0,0.902,0.902,0.902,1000.0,1.25,1.0,normal,87.4451
29,680,40830,3,0,1.3879,1.3879,0.4626,1000.0,1.25,1.0,normal,88.833
29,680,40845,4,1,5.0,5.0,1.25,1000.0,1.25,1.0,normal,93.833
29,681,40860,1,0,1.1122,1.1122,1.1122,1000.0,1.29,1.0,normal,94.9452
29,681,40875,4,0,5.16,5.16,1.29,1000.0,1.29,1.0,normal,100.1052
29,681,40890,5,0,0.8876,0.8876,0.1775,1000.0,1.29,1.0,normal,100.9928
29,681,40905,1,0,1.29,1.29,1.29,1000.0,1.29,1.0,normal,102.2828
29,682,40920,3,0,0.5316,0.5316,0.1772,1000.0,1.34,1.0,normal,102.8144
29,682,40935,2,0,2.68,2.68,1.34,1000.0,1.34,1.0,normal,105.4944
29,682,40950,5,0,6.7,6.7,1.34,1000.0,1.34,1.0,normal,112.1944
29,682,40965,2,0,1.3269,1.3269,0.6634,1000.0,1.34,1.0,normal,113.5213
29,683,40980,2,0,1.9989,1.9989,0.9994,1000.0,1.39,1.0,normal,115.5202
29,683,40995,4,0,5.56,5.56,1.39,1000.0,1.39,1.0,normal,121.0802
29,683,41010,5,0,6.95,6.95,1.39,1000.0,1.39,1.0,normal,128.0302
29,683,41025,5,0,6.95,6.95,1.39,1000.0,1.39,1.0,normal,134.9802
29,684,41040,8,0,11.12,11.12,1.39,1000.0,1.39,1.0,normal,146.1002
29,684,41055,7,0,9.73,9.73,1.39,1000.0,1.39,1.0,normal,155.8302
29,684,41070,5,0,6.95,6.95,1.39,1000.0,1.39,1.0,normal,162.7802
29,684,41085,6,0,8.2023,8.2023,1.367,1000.0,1.39,1.0,normal,170.9825
29,685,41100,5,0,6.7271,6.7271,1.3454,1000.0,1.44,1.0,normal,177.7096
29,685,41115,5,0,7.2,7.2,1.44,1000.0,1.44,1.0,normal,184.9096
29,685,41130,4,0,5.1779,5.1779,1.2945,1000.0,1.44,1.0,normal,190.0875
29,685,41145,2,0,2.88,2.88,1.44,1000.0,1.44,1.0,normal,192.9675
29,686,41160,3,0,1.9986,1.9986,0.6662,1000.0,1.49,1.0,normal,194.9661
29,686,41175,6,0,6.3022,6.3022,1.0504,1000.0,1.49,1.0,normal,201.2683
29,686,41190,6,0,8.94,8.94,1.49,1000.0,1.49,1.0,normal,210.2083
29,686,41205,2,0,2.98,2.98,1.49,1000.0,1.49,1.0,normal,213.1883
29,687,41220,6,0,9.24,9.24,1.54,1000.0,1.54,1.0,normal,222.4283
29,687,41235,5,0,1.529,1.529,0.3058,1000.0,1.54,1.0,normal,223.9573
29,687,41250,3,0,4.62,4.62,1.54,1000.0,1.54,1.0,normal,228.5773
29,687,41265,1,0,1.0235,1.0235,1.0235,1000.0,1.54,1.0,normal,229.6008
29,688,41280,8,1,5.6892,5.6892,0.7111,1000.0,1.54,1.0,normal,235.29
29,688,41295,4,0,5.698,5.698,1.4245,1000.0,1.54,1.0,normal,240.988
29,688,41310,6,0,9.24,9.24,1.54,1000.0,1.54,1.0,normal,250.228
29,688,41325,5,0,5.9364,5.9364,1.1873,1000.0,1.54,1.0,normal,256.1644
29,689,41340,5,0,5.6053,5.6053,1.1211,1000.0,1.59,1.0,normal,261.7697
29,689,41355,3,0,4.163,4.163,1.3877,1000.0,1.59,1.0,normal,265.9327
29,689,41370,2,0,2.2716,2.2716,1.1358,1000.0,1.59,1.0,normal,268.2043
29,689,41385,3,0,4.77,4.77,1.59,1000.0,1.59,1.0,normal,272.9743
29,690,41400,10,0,16.5,16.5,1.65,1000.0,1.65,1.0,normal,289.4743
29,690,41415,9,1,10.0104,10.0104,1.1123,1000.0,1.65,1.0,normal,299.4847
29,690,41430,5,1,4.4764,4.4764,0.8953,1000.0,1.65,1.0,normal,303.9611
29,690,41445,5,0,0.4921,0.4921,0.0984,1000.0,1.65,1.0,normal,304.4532
29,691,41460,5,1,1.7166,1.7166,0.3433,1000.0,1.71,1.0,normal,306.1698
29,691,41475,7,0,1.56,1.56,0.2229,1000.0,1.71,1.0,normal,307.7298
29,691,41490,3,0,5.13,5.13,1.71,1000.0,1.71,1.0,normal,312.8598
29,691,41505,2,0,3.42,3.42,1.71,1000.0,1.71,1.0,normal,316.2798
29,692,41520,2,0,3.42,3.42,1.71,1000.0,1.71,1.0,normal,319.6998
29,692,41535,2,0,3.42,3.42,1.71,1000.0,1.71,1.0,normal,323.1198
29,692,41550,3,0,2.267,2.267,0.7557,1000.0,1.71,1.0,normal,325.3868
29,692,41565,6,0,2.2248,2.2248,0.3708,1000.0,1.71,1.0,normal,327.6116
29,693,41580,5,0,8.85,8.85,1.77,1000.0,1.77,1.0,normal,336.4616
29,693,41595,2,0,0.7091,0.7091,0.3545,1000.0,1.77,1.0,normal,337.1707
29,693,41610,4,0,7.08,7.08,1.77,1000.0,1.77,1.0,normal,344.2507
29,693,41625,3,0,5.31,5.31,1.77,1000.0,1.77,1.0,normal,349.5607
29,694,41640,4,1,7.32,7.32,1.83,1000.0,1.83,1.0,normal,356.8807
29,694,41655,6,2,2.2463,1.1231,0.3744,1000.0,1.83,1.0,normal,359.127
29,694,41670,6,1,10.98,10.98,1.83,1000.0,1.83,1.0,normal,370.107
29,694,41685,4,0,7.32,7.32,1.83,1000.0,1.83,1.0,normal,377.427
29,695,41700,6,0,7.493,7.493,1.2488,1000.0,1.89,1.0,normal,384.92
29,695,41715,2,0,1.6815,1.6815,0.8407,1000.0,1.89,1.0,normal,386.6015
29,695,41730,10,0,18.9,18.9,1.89,1000.0,1.89,1.0,normal,405.5015
29,695,41745,8,0,15.12,15.12,1.89,1000.0,1.89,1.0,normal,420.6215
30,696,41760,6,2,11.34,5.67,1.89,1000.0,1.89,1.0,normal,11.34
30,696,41775,3,1,4.1189,4.1189,1.373,1000.0,1.89,1.0,normal,15.4589
30,696,41790,6,1,11.2204,11.2204,1.8701,1000.0,1.89,1.0,normal,26.6793
30,696,41805,6,0,11.34,11.34,1.89,1000.0,1.89,1.0,normal,38.0193
30,697,41820,6,0,11.1534,11.1534,1.8589,1000.0,1.96,1.0,normal,49.1727
30,697,41835,3,0,5.88,5.88,1.96,1000.0,1.96,1.0,normal,55.0527
30,697,41850,4,0,7.84,7.84,1.96,1000.0,1.96,1.0,normal,62.8927
30,697,41865,9,0,0.9351,0.9351,0.1039,1000.0,1.96,1.0,normal,63.8278
30,698,41880,8,0,16.24,16.24,2.03,1000.0,2.03,1.0,normal,80.0678
30,698,41895,6,0,12.18,12.18,2.03,1000.0,2.03,1.0,normal,92.2478
30,698,41910,3,1,4.6745,4.6745,1.5582,1000.0,2.03,1.0,normal,96.9223
30,698,41925,5,0,10.15,10.15,2.03,1000.0,2.03,1.0,normal,107.0723
30,699,41940,8,0,16.8,16.8,2.1,1000.0,2.1,1.0,normal,123.8723
30,699,41955,4,0,8.4,8.4,2.1,1000.0,2.1,1.0,normal,132.2723
30,699,41970,8,0,16.8,16.8,2.1,1000.0,2.1,1.0,normal,149.0723
30,699,41985,3,0,6.3,6.3,2.1,1000.0,2.1,1.0,normal,155.3723
30,700,42000,2,0,1.2528,1.2528,0.6264,1000.0,2.1,1.0,normal,156.6251
30,700,42015,2,0,0.5085,0.5085,0.2543,1000.0,2.1,1.0,normal,157.1336
30,700,42030,7,0,7.8686,7.8686,1.1241,1000.0,2.1,1.0,normal,165.0022
30,700,42045,7,0,14.7,14.7,2.1,1000.0,2.1,1.0,normal,179.7022
30,701,42060,2,0,4.34,4.34,2.17,1000.0,2.17,1.0,normal,184.0422
30,701,42075,5,0,3.3998,3.3998,0.68,1000.0,2.17,1.0,normal,187.442
30,701,42090,3,0,3.6392,3.6392,1.2131,1000.0,2.17,1.0,normal,191.0812
30,701,42105,9,0,19.53,19.53,2.17,1000.0,2.17,1.0,normal,210.6112
30,702,42120,3,0,6.75,6.75,2.25,1000.0,2.25,1.0,normal,217.3612
30,702,42135,5,0,11.25,11.25,2.25,1000.0,2.25,1.0,normal,228.6112
30,702,42150,5,0,11.25,11.25,2.25,1000.0,2.25,1.0,normal,239.8612
30,702,42165,4,0,7.6286,7.6286,1.9072,1000.0,2.25,1.0,normal,247.4898
30,703,42180,6,0,4.763,4.763,0.7938,1000.0,2.33,1.0,normal,252.2528
30,703,42195,2,0,2.0018,2.0018,1.0009,1000.0,2.33,1.0,normal,254.2546
30,703,42210,6,0,2.7068,2.7068,0.4511,1000.0,2.33,1.0,normal,256.9614
30,703,42225,9,0,20.97,20.97,2.33,1000.0,2.33,1.0,normal,277.9314
30,704,42240,3,1,6.99,6.99,2.33,1000.0,2.33,1.0,normal,284.9214
30,704,42255,3,0,6.4537,6.4537,2.1512,1000.0,2.33,1.0,normal,291.3751
30,704,42270,4,0,1.7824,1.7824,0.4456,1000.0,2.33,1.0,normal,293.1575
30,704,42285,4,1,9.32,9.32,2.33,1000.0,2.33,1.0,normal,302.4775
30,705,42300,2,0,4.82,4.82,2.41,1000.0,2.41,1.0,normal,307.2975
30,705,42315,11,0,8.8016,8.8016,0.8001,1000.0,2.41,1.0,normal,316.0991
30,705,42330,5,0,4.4303,4.4303,0.8861,1000.0,2.41,1.0,normal,320.5294
30,705,42345,4,0,9.64,9.64,2.41,1000.0,2.41,1.0,normal,330.1694
30,706,42360,9,1,22.41,22.41,2.49,1000.0,2.49,1.0,normal,352.5794
30,706,42375,5,0,3.213,3.213,0.6426,1000.0,2.49,1.0,normal,355.7924
30,706,42390,5,0,3.5113,3.5113,0.7023,1000.0,2.49,1.0,normal,359.3037
30,706,42405,12,0,1.3733,1.3733,0.1144,1000.0,2.49,1.0,normal,360.677
30,707,42420,4,0,10.32,10.32,2.58,1000.0,2.58,1.0,normal,370.997
30,707,42435,9,1,23.22,23.22,2.58,1000.0,2.58,1.0,normal,394.217
30,707,42450,12,0,1.5857,1.5857,0.1321,1000.0,2.58,1.0,normal,395.8027
30,707,42465,7,1,18.06,18.06,2.58,1000.0,2.58,1.0,normal,413.8627
30,708,42480,6,0,6.7978,6.7978,1.133,1000.0,2.58,1.0,normal,420.6605
30,708,42495,2,0,5.16,5.16,2.58,1000.0,2.58,1.0,normal,425.8205
30,708,42510,10,2,23.7287,11.8644,2.3729,1000.0,2.58,1.0,normal,449.5492
30,708,42525,6,1,2.2693,2.2693,0.3782,1000.0,2.58,1.0,normal,451.8185
30,709,42540,7,0,17.154,17.154,2.4506,1000.0,2.67,1.0,normal,468.9725
30,709,42555,5,0,2.5314,2.5314,0.5063,1000.0,2.67,1.0,normal,471.5039
30,709,42570,5,0,13.0762,13.0762,2.6152,1000.0,2.67,1.0,normal,484.5801
30,709,42585,7,0,18.69,18.69,2.67,1000.0,2.67,1.0,normal,503.2701
30,710,42600,4,0,10.4988,10.4988,2.6247,1000.0,2.76,1.0,normal,513.7689
30,710,42615,7,0,13.5719,13.5719,1.9388,1000.0,2.76,1.0,normal,527.3408
30,710,42630,12,0,29.403,29.403,2.4502,1000.0,2.76,1.0,normal,556.7438
30,710,42645,3,0,1.7738,1.7738,0.5913,1000.0,2.76,1.0,normal,558.5176
30,711,42660,2,0,5.72,5.72,2.86,1000.0,2.86,1.0,normal,564.2376
30,711,42675,2,0,5.1037,5.1037,2.5518,1000.0,2.86,1.0,normal,569.3413
30,711,42690,6,1,17.16,17.16,2.86,1000.0,2.86,1.0,normal,586.5013
30,711,42705,8,0,7.0788,7.0788,0.8849,1000.0,2.86,1.0,normal,593.5801
30,712,42720,11,0,31.46,31.46,2.86,1000.0,2.86,1.0,normal,625.0401
30,712,42735,9,0,25.74,25.74,2.86,1000.0,2.86,1.0,normal,650.7801
30,712,42750,4,0,7.852,7.852,1.963,1000.0,2.86,1.0,normal,658.6321
30,712,42765,8,0,19.8285,19.8285,2.4786,1000.0,2.86,1.0,normal,678.4606
30,713,42780,8,0,16.3387,16.3387,2.0423,1000.0,2.96,1.0,normal,694.7993
30,713,42795,11,0,19.2285,19.2285,1.748,1000.0,2.96,1.0,normal,714.0278
30,713,42810,10,0,5.6355,5.6355,0.5636,1000.0,2.96,1.0,normal,719.6633
30,713,42825,7,0,19.1555,19.1555,2.7365,1000.0,2.96,1.0,normal,738.8188
30,714,42840,7,0,21.42,21.42,3.06,1000.0,3.06,1.0,normal,760.2388
30,714,42855,5,0,14.0239,14.0239,2.8048,1000.0,3.06,1.0,normal,774.2627
30,714,42870,6,0,18.36,18.36,3.06,1000.0,3.06,1.0,normal,792.6227
30,714,42885,7,1,9.7493,9.7493,1.3928,1000.0,3.06,1.0,normal,802.372
30,715,42900,11,0,25.6901,25.6901,2.3355,1000.0,3.17,1.0,normal,828.0621
30,715,42915,8,1,11.4987,11.4987,1.4373,1000.0,3.17,1.0,normal,839.5608
30,715,42930,4,0,3.1841,3.1841,0.796,1000.0,3.17,1.0,normal,842.7449
30,715,42945,8,1,17.1358,17.1358,2.142,1000.0,3.17,1.0,normal,859.8807
30,716,42960,12,0,7.3424,7.3424,0.6119,1000.0,3.48,1.0,normal,867.2231
30,716,42975,6,0,20.88,20.88,3.48,1000.0,3.48,1.0,normal,888.1031
30,716,42990,11,1,32.8512,32.8512,2.9865,1000.0,3.48,1.0,budget_constrained,920.9543
30,716,43005,11,1,19.1687,19.1687,1.7426,1000.0,3.48,1.0,budget_constrained,940.123
30,717,43020,6,1,21.72,21.72,3.62,1000.0,3.62,1.0,budget_constrained,961.843
30,717,43035,5,1,17.3775,17.3775,3.4755,1000.0,3.62,1.0,budget_constrained,979.2205
30,717,43050,8,0,7.8064,7.8064,0.9758,1000.0,3.62,1.0,budget_constrained,987.0269
30,717,43065,4,0,12.9731,12.9731,3.1135,1000.0,3.62,1.0,budget_depleted,1000.0
30,718,43080,0,0,0.0,0.0,0.0,1000.0,3.76,1.0,budget_depleted,1000.0
30,718,43095,0,0,0.0,0.0,0.0,1000.0,3.76,1.0,budget_depleted,1000.0
30,718,43110,0,0,0.0,0.0,0.0,1000.0,3.76,1.0,budget_depleted,1000.0
30,718,43125,0,0,0.0,0.0,0.0,1000.0,3.76,1.0,budget_depleted,1000.0
30,719,43140,0,0,0.0,0.0,0.0,1000.0,3.91,1.0,budget_depleted,1000.0
30,719,43155,0,0,0.0,0.0,0.0,1000.0,3.91,1.0,budget_depleted,1000.0
30,719,43170,0,0,0.0,0.0,0.0,1000.0,3.91,1.0,budget_depleted,1000.0
30,719,43185,0,0,0.0,0.0,0.0,1000.0,3.91,1.0,budget_depleted,1000.0
31,720,43200,0,0,0.0,0.0,0.0,1000.0,3.91,1.0,normal,0.0
31,720,43215,17,0,16.3622,16.3622,0.9625,1000.0,3.91,1.0,normal,16.3622
31,720,43230,14,0,5.8748,5.8748,0.4196,1000.0,3.91,1.0,normal,22.237
31,720,43245,10,0,8.6577,8.6577,0.8658,1000.0,3.91,1.0,normal,30.8947
31,721,43260,7,0,7.4508,7.4508,1.0644,1000.0,4.05,1.0,normal,38.3455
31,721,43275,17,0,37.9944,37.9944,2.235,1000.0,4.05,1.0,normal,76.3399
31,721,43290,8,0,2.6794,2.6794,0.3349,1000.0,4.05,1.0,normal,79.0193
31,721,43305,11,1,44.55,44.55,4.05,1000.0,4.05,1.0,normal,123.5693
31,722,43320,6,0,5.1871,5.1871,0.8645,1000.0,4.19,1.0,normal,128.7564
31,722,43335,6,0,0.4273,0.4273,0.0712,1000.0,4.19,1.0,normal,129.1837
31,722,43350,14,0,25.9524,25.9524,1.8537,1000.0,4.19,1.0,normal,155.1361
31,722,43365,15,0,14.7219,14.7219,0.9815,1000.0,4.19,1.0,normal,169.858
31,723,43380,11,0,34.1903,34.1903,3.1082,1000.0,4.34,1.0,normal,204.0483
31,723,43395,15,0,65.1,65.1,4.34,1000.0,4.34,1.0,normal,269.1483
31,723,43410,12,0,5.4839,5.4839,0.457,1000.0,4.34,1.0,normal,274.6322
31,723,43425,18,1,64.0054,64.0054,3.5559,1000.0,4.34,1.0,normal,338.6376
31,724,43440,19,1,82.46,82.46,4.34,1000.0,4.34,1.0,normal,421.0976
31,724,43455,9,1,15.1967,15.1967,1.6885,1000.0,4.34,1.0,normal,436.2943
31,724,43470,9,1,31.8203,31.8203,3.5356,1000.0,4.34,1.0,normal,468.1146
31,724,43485,18,1,47.8494,47.8494,2.6583,1000.0,4.34,1.0,normal,515.964
31,725,43500,14,0,57.68,57.68,4.12,1000.0,4.12,1.0,normal,573.644
31,725,43515,12,0,26.2559,26.2559,2.188,1000.0,4.12,1.0,normal,599.8999
31,725,43530,13,0,22.3462,22.3462,1.7189,1000.0,4.12,1.0,normal,622.2461
31,725,43545,9,0,26.7678,26.7678,2.9742,1000.0,4.12,1.0,normal,649.0139
31,726,43560,12,1,4.1239,4.1239,0.3437,1000.0,3.91,1.0,normal,653.1378
31,726,43575,9,0,16.3074,16.3074,1.8119,1000.0,3.91,1.0,normal,669.4452
31,726,43590,16,0,23.5044,23.5044,1.469,1000.0,3.91,1.0,normal,692.9496
31,726,43605,13,1,1.1622,1.1622,0.0894,1000.0,3.91,1.0,normal,694.1118
31,727,43620,10,0,6.1771,6.1771,0.6177,1000.0,3.71,1.0,normal,700.2889
31,727,43635,9,0,33.39,33.39,3.71,1000.0,3.71,1.0,normal,733.6789
31,727,43650,15,0,55.65,55.65,3.71,1000.0,3.71,1.0,normal,789.3289
31,727,43665,11,0,34.1598,34.1598,3.1054,1000.0,3.71,1.0,normal,823.4887
31,728,43680,7,1,19.2673,19.2673,2.7525,1000.0,3.71,1.0,normal,842.756
31,728,43695,7,0,25.97,25.97,3.71,1000.0,3.71,1.0,normal,868.726
31,728,43710,12,2,44.52,22.26,3.71,1000.0,3.71,1.0,budget_constrained,913.246
31,728,43725,10,0,37.1,37.1,3.71,1000.0,3.71,1.0,budget_constrained,950.346
31,729,43740,7,0,22.002,22.002,3.1431,1000.0,3.59,1.0,budget_constrained,972.348
31,729,43755,7,0,12.4356,12.4356,1.7765,1000.0,3.59,1.0,budget_constrained,984.7836
31,729,43770,8,0,2.6426,2.6426,0.3303,1000.0,3.59,1.0,budget_constrained,987.4262
31,729,43785,6,1,12.5738,12.5738,1.8117,1000.0,3.59,1.0,budget_constrained,1000.0
31,730,43800,0,0,0.0,0.0,2.1844,1000.0,3.46,1.0,budget_constrained,1000.0
31,730,43815,0,0,0.0,0.0,0.0873,1000.0,3.46,1.0,budget_constrained,1000.0
31,730,43830,0,0,0.0,0.0,3.46,1000.0,3.46,1.0,budget_constrained,1000.0
31,730,43845,0,0,0.0,0.0,3.46,1000.0,3.46,1.0,budget_constrained,1000.0
31,731,43860,0,0,0.0,0.0,3.34,1000.0,3.34,1.0,budget_constrained,1000.0
31,731,43875,0,0,0.0,0.0,1.3074,1000.0,3.34,1.0,budget_constrained,1000.0
31,731,43890,0,0,0.0,0.0,0.8183,1000.0,3.34,1.0,budget_constrained,1000.0
31,731,43905,0,0,0.0,0.0,2.7202,1000.0,3.34,1.0,budget_constrained,1000.0
31,732,43920,0,0,0.0,0.0,1.2673,1000.0,3.34,1.0,budget_constrained,1000.0
31,732,43935,0,0,0.0,0.0,1.8467,1000.0,3.34,1.0,budget_constrained,1000.0
31,732,43950,0,0,0.0,0.0,2.7052,1000.0,3.34,1.0,budget_constrained,1000.0
31,732,43965,0,0,0.0,0.0,3.053,1000.0,3.34,1.0,budget_constrained,1000.0
31,733,43980,0,0,0.0,0.0,3.017,1000.0,3.23,1.0,budget_constrained,1000.0
31,733,43995,0,0,0.0,0.0,3.23,1000.0,3.23,1.0,budget_constrained,1000.0
31,733,44010,0,0,0.0,0.0,0.1218,1000.0,3.23,1.0,budget_constrained,1000.0
31,733,44025,0,0,0.0,0.0,2.2727,1000.0,3.23,1.0,budget_constrained,1000.0
31,734,44040,0,0,0.0,0.0,2.8794,1000.0,3.12,1.0,budget_constrained,1000.0
31,734,44055,0,0,0.0,0.0,3.12,1000.0,3.12,1.0,budget_constrained,1000.0
31,734,44070,0,0,0.0,0.0,2.0962,1000.0,3.12,1.0,budget_constrained,1000.0
31,734,44085,0,0,0.0,0.0,0.5948,1000.0,3.12,1.0,budget_constrained,1000.0
31,735,44100,0,0,0.0,0.0,2.2575,1000.0,3.01,1.0,budget_constrained,1000.0
31,735,44115,0,0,0.0,0.0,0.2412,1000.0,3.01,1.0,budget_constrained,1000.0
31,735,44130,0,0,0.0,0.0,1.939,1000.0,3.01,1.0,budget_constrained,1000.0
31,735,44145,0,0,0.0,0.0,1.3851,1000.0,3.01,1.0,budget_constrained,1000.0
31,736,44160,0,0,0.0,0.0,1.3817,1000.0,3.01,1.0,budget_constrained,1000.0
31,736,44175,0,0,0.0,0.0,0.3352,1000.0,3.01,1.0,budget_constrained,1000.0
31,736,44190,0,0,0.0,0.0,2.3064,1000.0,3.01,1.0,budget_constrained,1000.0
31,736,44205,0,0,0.0,0.0,2.4122,1000.0,3.01,1.0,budget_constrained,1000.0
31,737,44220,0,0,0.0,0.0,2.91,1000.0,2.91,1.0,budget_constrained,1000.0
31,737,44235,0,0,0.0,0.0,2.91,1000.0,2.91,1.0,budget_constrained,1000.0
31,737,44250,0,0,0.0,0.0,2.91,1000.0,2.91,1.0,budget_constrained,1000.0
31,737,44265,0,0,0.0,0.0,0.3755,1000.0,2.91,1.0,budget_constrained,1000.0
31,738,44280,0,0,0.0,0.0,0.5973,1000.0,2.81,1.0,budget_constrained,1000.0
31,738,44295,0,0,0.0,0.0,0.3488,1000.0,2.81,1.0,budget_constrained,1000.0
31,738,44310,0,0,0.0,0.0,2.81,1000.0,2.81,1.0,budget_constrained,1000.0
31,738,44325,0,0,0.0,0.0,1.8343,1000.0,2.81,1.0,budget_constrained,1000.0
31,739,44340,0,0,0.0,0.0,2.71,1000.0,2.71,1.0,budget_constrained,1000.0
31,739,44355,0,0,0.0,0.0,2.71,1000.0,2.71,1.0,budget_constrained,1000.0
31,739,44370,0,0,0.0,0.0,2.71,1000.0,2.71,1.0,budget_constrained,1000.0
31,739,44385,0,0,0.0,0.0,2.71,1000.0,2.71,1.0,budget_constrained,1000.0
31,740,44400,0,0,0.0,0.0,1.4364,1000.0,2.71,1.0,budget_constrained,1000.0
31,740,44415,0,0,0.0,0.0,1.203,1000.0,2.71,1.0,budget_constrained,1000.0
31,740,44430,0,0,0.0,0.0,2.71,1000.0,2.71,1.0,budget_constrained,1000.0
31,740,44445,0,0,0.0,0.0,2.71,1000.0,2.71,1.0,budget_constrained,1000.0
31,741,44460,0,0,0.0,0.0,2.62,1000.0,2.62,1.0,budget_constrained,1000.0
31,741,44475,0,0,0.0,0.0,2.62,1000.0,2.62,1.0,budget_constrained,1000.0
31,741,44490,0,0,0.0,0.0,2.62,1000.0,2.62,1.0,budget_constrained,1000.0
31,741,44505,0,0,0.0,0.0,1.0573,1000.0,2.62,1.0,budget_constrained,1000.0
31,742,44520,0,0,0.0,0.0,2.53,1000.0,2.53,1.0,budget_constrained,1000.0
31,742,44535,0,0,0.0,0.0,1.1254,1000.0,2.53,1.0,budget_constrained,1000.0
31,742,44550,0,0,0.0,0.0,2.53,1000.0,2.53,1.0,budget_constrained,1000.0
31,742,44565,0,0,0.0,0.0,1.3785,1000.0,2.53,1.0,budget_constrained,1000.0
31,743,44580,0,0,0.0,0.0,2.0937,1000.0,2.44,1.0,budget_constrained,1000.0
31,743,44595,0,0,0.0,0.0,0.1885,1000.0,2.44,1.0,budget_constrained,1000.0
31,743,44610,0,0,0.0,0.0,2.44,1000.0,2.44,1.0,budget_constrained,1000.0
31,743,44625,0,0,0.0,0.0,2.44,1000.0,2.44,1.0,budget_constrained,1000.0
32,744,44640,0,0,0.0,0.0,2.44,1000.0,2.44,1.0,normal,0.0
32,744,44655,4,0,7.6678,7.6678,1.9169,1000.0,2.44,1.0,normal,7.6678
32,744,44670,4,1,9.76,9.76,2.44,1000.0,2.44,1.0,normal,17.4278
32,744,44685,7,0,17.08,17.08,2.44,1000.0,2.44,1.0,normal,34.5078
32,745,44700,5,0,5.5365,5.5365,1.1073,1000.0,2.53,1.0,normal,40.0443
32,745,44715,5,0,12.65,12.65,2.53,1000.0,2.53,1.0,normal,52.6943
32,745,44730,4,0,9.1969,9.1969,2.2992,1000.0,2.53,1.0,normal,61.8912
32,745,44745,6,0,3.0081,3.0081,0.5013,1000.0,2.53,1.0,normal,64.8993
32,746,44760,7,0,18.34,18.34,2.62,1000.0,2.62,1.0,normal,83.2393
32,746,44775,7,0,16.503,16.503,2.3576,1000.0,2.62,1.0,normal,99.7423
32,746,44790,11,0,16.7843,16.7843,1.5258,1000.0,2.62,1.0,normal,116.5266
32,746,44805,3,0,7.86,7.86,2.62,1000.0,2.62,1.0,normal,124.3866
32,747,44820,4,0,8.9968,8.9968,2.2492,1000.0,2.73,1.0,normal,133.3834
32,747,44835,9,0,24.57,24.57,2.73,1000.0,2.73,1.0,normal,157.9534
32,747,44850,8,1,18.2251,18.2251,2.2781,1000.0,2.73,1.0,normal,176.1785
32,747,44865,9,0,14.0752,14.0752,1.5639,1000.0,2.73,1.0,normal,190.2537
32,748,44880,5,0,0.6976,0.6976,0.1395,1000.0,2.73,1.0,normal,190.9513
32,748,44895,7,1,19.11,19.11,2.73,1000.0,2.73,1.0,normal,210.0613
32,748,44910,9,0,5.5345,5.5345,0.6149,1000.0,2.73,1.0,normal,215.5958
32,748,44925,5,0,11.9781,11.9781,2.3956,1000.0,2.73,1.0,normal,227.5739
32,749,44940,4,0,5.1007,5.1007,1.2752,1000.0,2.83,1.0,normal,232.6746
32,749,44955,13,1,25.3169,25.3169,1.9475,1000.0,2.83,1.0,normal,257.9915
32,749,44970,15,0,42.45,42.45,2.83,1000.0,2.83,1.0,normal,300.4415
32,749,44985,7,0,12.8315,12.8315,1.8331,1000.0,2.83,1.0,normal,313.273
32,750,45000,8,0,23.44,23.44,2.93,1000.0,2.93,1.0,normal,336.713
32,750,45015,10,0,8.5023,8.5023,0.8502,1000.0,2.93,1.0,normal,345.2153
32,750,45030,11,0,7.1815,7.1815,0.6529,1000.0,2.93,1.0,normal,352.3968
32,750,45045,7,1,20.51,20.51,2.93,1000.0,2.93,1.0,normal,372.9068
32,751,45060,9,0,27.27,27.27,3.03,1000.0,3.03,1.0,normal,400.1768
32,751,45075,5,0,15.15,15.15,3.03,1000.0,3.03,1.0,normal,415.3268
32,751,45090,3,0,9.09,9.09,3.03,1000.0,3.03,1.0,normal,424.4168
32,751,45105,10,0,6.5767,6.5767,0.6577,1000.0,3.03,1.0,normal,430.9935
32,752,45120,11,0,28.8651,28.8651,2.6241,1000.0,3.03,1.0,normal,459.8586
32,752,45135,9,1,24.6091,24.6091,2.7343,1000.0,3.03,1.0,normal,484.4677
32,752,45150,3,0,6.7459,6.7459,2.2486,1000.0,3.03,1.0,normal,491.2136
32,752,45165,9,0,16.3477,16.3477,1.8164,1000.0,3.03,1.0,normal,507.5613
32,753,45180,6,0,18.9,18.9,3.15,1000.0,3.15,1.0,normal,526.4613
32,753,45195,8,0,25.2,25.2,3.15,1000.0,3.15,1.0,normal,551.6613
32,753,45210,7,0,20.1129,20.1129,2.8733,1000.0,3.15,1.0,normal,571.7742
32,753,45225,8,1,20.2301,20.2301,2.5288,1000.0,3.15,1.0,normal,592.0043
32,754,45240,6,0,19.62,19.62,3.27,1000.0,3.27,1.0,normal,611.6243
32,754,45255,11,0,7.7652,7.7652,0.7059,1000.0,3.27,1.0,normal,619.3895
32,754,45270,4,0,13.08,13.08,3.27,1000.0,3.27,1.0,normal,632.4695
32,754,45285,9,0,21.5314,21.5314,2.3924,1000.0,3.27,1.0,normal,654.0009
32,755,45300,7,0,23.73,23.73,3.39,1000.0,3.39,1.0,normal,677.7309
32,755,45315,7,0,23.73,23.73,3.39,1000.0,3.39,1.0,normal,701.4609
32,755,45330,8,0,27.12,27.12,3.39,1000.0,3.39,1.0,normal,728.5809
32,755,45345,11,0,12.2795,12.2795,1.1163,1000.0,3.39,1.0,normal,740.8604
32,756,45360,6,1,15.7151,15.7151,2.6192,1000.0,3.39,1.0,normal,756.5755
32,756,45375,6,0,14.9246,14.9246,2.4874,1000.0,3.39,1.0,normal,771.5001
32,756,45390,9,0,30.51,30.51,3.39,1000.0,3.39,1.0,normal,802.0101
32,756,45405,10,0,17.6879,17.6879,1.7688,1000.0,3.39,1.0,normal,819.698
32,757,45420,11,0,17.874,17.874,1.6249,1000.0,3.17,1.0,normal,837.572
32,757,45435,10,0,5.9148,5.9148,0.5915,1000.0,3.17,1.0,normal,843.4868
32,757,45450,10,0,31.7,31.7,3.17,1000.0,3.17,1.0,normal,875.1868
32,757,45465,5,0,15.85,15.85,3.17,1000.0,3.17,1.0,normal,891.0368
32,758,45480,5,1,0.7282,0.7282,0.1456,1000.0,2.95,1.0,normal,891.765
32,758,45495,5,0,2.5322,2.5322,0.5064,1000.0,2.95,1.0,normal,894.2972
32,758,45510,8,0,23.6,23.6,2.95,1000.0,2.95,1.0,budget_constrained,917.8972
32,758,45525,7,0,20.65,20.65,2.95,1000.0,2.95,1.0,budget_constrained,938.5472
32,759,45540,4,0,6.1822,6.1822,1.5456,1000.0,2.73,1.0,budget_constrained,944.7294
32,759,45555,8,0,21.84,21.84,2.73,1000.0,2.73,1.0,budget_constrained,966.5694
32,759,45570,8,0,6.9977,6.9977,0.8747,1000.0,2.73,1.0,budget_constrained,973.5671
32,759,45585,9,0,26.4329,26.4329,2.73,1000.0,2.73,1.0,budget_depleted,1000.0
32,760,45600,0,0,0.0,0.0,0.0,1000.0,2.73,1.0,budget_depleted,1000.0
32,760,45615,0,0,0.0,0.0,0.0,1000.0,2.73,1.0,budget_depleted,1000.0
32,760,45630,0,0,0.0,0.0,0.0,1000.0,2.73,1.0,budget_depleted,1000.0
32,760,45645,0,0,0.0,0.0,0.0,1000.0,2.73,1.0,budget_depleted,1000.0
32,761,45660,0,0,0.0,0.0,0.0,1000.0,2.24,1.0,budget_depleted,1000.0
32,761,45675,0,0,0.0,0.0,0.0,1000.0,2.24,1.0,budget_depleted,1000.0
32,761,45690,0,0,0.0,0.0,0.0,1000.0,2.24,1.0,budget_depleted,1000.0
32,761,45705,0,0,0.0,0.0,0.0,1000.0,2.24,1.0,budget_depleted,1000.0
32,762,45720,0,0,0.0,0.0,0.0,1000.0,1.84,1.0,budget_depleted,1000.0
32,762,45735,0,0,0.0,0.0,0.0,1000.0,1.84,1.0,budget_depleted,1000.0
32,762,45750,0,0,0.0,0.0,0.0,1000.0,1.84,1.0,budget_depleted,1000.0
32,762,45765,0,0,0.0,0.0,0.0,1000.0,1.84,1.0,budget_depleted,1000.0
32,763,45780,0,0,0.0,0.0,0.0,1000.0,1.02,1.0,budget_depleted,1000.0
32,763,45795,0,0,0.0,0.0,0.0,1000.0,1.02,1.0,budget_depleted,1000.0
32,763,45810,0,0,0.0,0.0,0.0,1000.0,1.02,1.0,budget_depleted,1000.0
32,763,45825,0,0,0.0,0.0,0.0,1000.0,1.02,1.0,budget_depleted,1000.0
32,764,45840,0,0,0.0,0.0,0.0,1000.0,1.02,1.0,budget_depleted,1000.0
32,764,45855,0,0,0.0,0.0,0.0,1000.0,1.02,1.0,budget_depleted,1000.0
32,764,45870,0,0,0.0,0.0,0.0,1000.0,1.02,1.0,budget_depleted,1000.0
32,764,45885,0,0,0.0,0.0,0.0,1000.0,1.02,1.0,budget_depleted,1000.0
32,765,45900,0,0,0.0,0.0,0.0,1000.0,0.95,1.0,budget_depleted,1000.0
32,765,45915,0,0,0.0,0.0,0.0,1000.0,0.95,1.0,budget_depleted,1000.0
32,765,45930,0,0,0.0,0.0,0.0,1000.0,0.95,1.0,budget_depleted,1000.0
32,765,45945,0,0,0.0,0.0,0.0,1000.0,0.95,1.0,budget_depleted,1000.0
32,766,45960,0,0,0.0,0.0,0.0,1000.0,0.89,1.0,budget_depleted,1000.0
32,766,45975,0,0,0.0,0.0,0.0,1000.0,0.89,1.0,budget_depleted,1000.0
32,766,45990,0,0,0.0,0.0,0.0,1000.0,0.89,1.0,budget_depleted,1000.0
32,766,46005,0,0,0.0,0.0,0.0,1000.0,0.89,1.0,budget_depleted,1000.0
32,767,46020,0,0,0.0,0.0,0.0,1000.0,0.82,1.0,budget_depleted,1000.0
32,767,46035,0,0,0.0,0.0,0.0,1000.0,0.82,1.0,budget_depleted,1000.0
32,767,46050,0,0,0.0,0.0,0.0,1000.0,0.82,1.0,budget_depleted,1000.0
32,767,46065,0,0,0.0,0.0,0.0,1000.0,0.82,1.0,budget_depleted,1000.0
33,768,46080,0,0,0.0,0.0,0.0,1000.0,0.82,1.0,normal,0.0
33,768,46095,0,0,0.0,0.0,0.82,1000.0,0.82,1.0,normal,0.0
33,768,46110,2,0,1.64,1.64,0.82,1000.0,0.82,1.0,normal,1.64
33,768,46125,3,0,2.213,2.213,0.7377,1000.0,0.82,1.0,normal,3.853
33,769,46140,0,0,0.0,0.0,0.8,1000.0,0.8,1.0,normal,3.853
33,769,46155,1,0,0.8,0.8,0.8,1000.0,0.8,1.0,normal,4.653
33,769,46170,1,0,0.7681,0.7681,0.7681,1000.0,0.8,1.0,normal,5.4211
33,769,46185,0,0,0.0,0.0,0.8,1000.0,0.8,1.0,normal,5.4211
33,770,46200,4,1,0.8493,0.8493,0.2123,1000.0,0.77,1.0,normal,6.2704
33,770,46215,2,0,1.198,1.198,0.599,1000.0,0.77,1.0,normal,7.4684
33,770,46230,1,0,0.537,0.537,0.537,1000.0,0.77,1.0,normal,8.0054
33,770,46245,2,0,1.54,1.54,0.77,1000.0,0.77,1.0,normal,9.5454
33,771,46260,0,0,0.0,0.0,0.75,1000.0,0.75,1.0,normal,9.5454
33,771,46275,2,0,1.5,1.5,0.75,1000.0,0.75,1.0,normal,11.0454
33,771,46290,2,0,0.9109,0.9109,0.4554,1000.0,0.75,1.0,normal,11.9563
33,771,46305,2,0,1.5,1.5,0.75,1000.0,0.75,1.0,normal,13.4563
33,772,46320,3,0,2.25,2.25,0.75,1000.0,0.75,1.0,normal,15.7063
33,772,46335,1,0,0.75,0.75,0.75,1000.0,0.75,1.0,normal,16.4563
33,772,46350,2,0,1.5,1.5,0.75,1000.0,0.75,1.0,normal,17.9563
33,772,46365,0,0,0.0,0.0,0.75,1000.0,0.75,1.0,normal,17.9563
33,773,46380,2,0,0.3774,0.3774,0.1887,1000.0,0.73,1.0,normal,18.3337
33,773,46395,0,0,0.0,0.0,0.73,1000.0,0.73,1.0,normal,18.3337
33,773,46410,1,0,0.73,0.73,0.73,1000.0,0.73,1.0,normal,19.0637
33,773,46425,2,0,1.46,1.46,0.73,1000.0,0.73,1.0,normal,20.5237
33,774,46440,3,0,2.13,2.13,0.71,1000.0,0.71,1.0,normal,22.6537
33,774,46455,2,0,0.2036,0.2036,0.1018,1000.0,0.71,1.0,normal,22.8573
33,774,46470,3,0,1.459,1.459,0.4863,1000.0,0.71,1.0,normal,24.3163
33,774,46485,3,0,2.13,2.13,0.71,1000.0,0.71,1.0,normal,26.4463
33,775,46500,2,0,1.38,1.38,0.69,1000.0,0.69,1.0,normal,27.8263
33,775,46515,1,0,0.69,0.69,0.69,1000.0,0.69,1.0,normal,28.5163
33,775,46530,0,0,0.0,0.0,0.4816,1000.0,0.69,1.0,normal,28.5163
33,775,46545,4,0,2.76,2.76,0.69,1000.0,0.69,1.0,normal,31.2763
33,776,46560,2,0,1.38,1.38,0.69,1000.0,0.69,1.0,normal,32.6563
33,776,46575,0,0,0.0,0.0,0.69,1000.0,0.69,1.0,normal,32.6563
33,776,46590,1,0,0.69,0.69,0.69,1000.0,0.69,1.0,normal,33.3463
33,776,46605,0,0,0.0,0.0,0.69,1000.0,0.69,1.0,normal,33.3463
33,777,46620,3,0,1.92,1.92,0.64,1000.0,0.64,1.0,normal,35.2663
33,777,46635,1,0,0.64,0.64,0.64,1000.0,0.64,1.0,normal,35.9063
33,777,46650,4,0,2.56,2.56,0.64,1000.0,0.64,1.0,normal,38.4663
33,777,46665,3,0,1.92,1.92,0.64,1000.0,0.64,1.0,normal,40.3863
33,778,46680,2,0,1.32,1.32,0.66,1000.0,0.66,1.0,normal,41.7063
33,778,46695,3,0,1.98,1.98,0.66,1000.0,0.66,1.0,normal,43.6863
33,778,46710,2,0,0.2186,0.2186,0.1093,1000.0,0.66,1.0,normal,43.9049
33,778,46725,2,0,0.0087,0.0087,0.0044,1000.0,0.66,1.0,normal,43.9136
33,779,46740,4,0,2.72,2.72,0.68,1000.0,0.68,1.0,normal,46.6336
33,779,46755,0,0,0.0,0.0,0.68,1000.0,0.68,1.0,normal,46.6336
33,779,46770,4,1,0.7762,0.7762,0.1941,1000.0,0.68,1.0,normal,47.4098
33,779,46785,2,0,0.2019,0.2019,0.101,1000.0,0.68,1.0,normal,47.6117
33,780,46800,0,0,0.0,0.0,0.68,1000.0,0.68,1.0,normal,47.6117
33,780,46815,2,0,0.1833,0.1833,0.0917,1000.0,0.68,1.0,normal,47.795
33,780,46830,3,0,2.04,2.04,0.68,1000.0,0.68,1.0,normal,49.835
33,780,46845,0,0,0.0,0.0,0.68,1000.0,0.68,1.0,normal,49.835
33,781,46860,1,0,0.7,0.7,0.7,1000.0,0.7,1.0,normal,50.535
33,781,46875,1,0,0.3855,0.3855,0.3855,1000.0,0.7,1.0,normal,50.9205
33,781,46890,0,0,0.0,0.0,0.7,1000.0,0.7,1.0,normal,50.9205
33,781,46905,3,0,2.1,2.1,0.7,1000.0,0.7,1.0,normal,53.0205
33,782,46920,5,1,3.6,3.6,0.72,1000.0,0.72,1.0,normal,56.6205
33,782,46935,0,0,0.0,0.0,0.3557,1000.0,0.72,1.0,normal,56.6205
33,782,46950,2,0,0.612,0.612,0.306,1000.0,0.72,1.0,normal,57.2325
33,782,46965,2,0,1.44,1.44,0.72,1000.0,0.72,1.0,normal,58.6725
33,783,46980,4,0,2.0942,2.0942,0.5235,1000.0,0.75,1.0,normal,60.7667
33,783,46995,2,0,1.5,1.5,0.75,1000.0,0.75,1.0,normal,62.2667
33,783,47010,1,0,0.75,0.75,0.75,1000.0,0.75,1.0,normal,63.0167
33,783,47025,3,0,2.25,2.25,0.75,1000.0,0.75,1.0,normal,65.2667
33,784,47040,1,0,0.75,0.75,0.75,1000.0,0.75,1.0,normal,66.0167
33,784,47055,3,0,2.25,2.25,0.75,1000.0,0.75,1.0,normal,68.2667
33,784,47070,3,0,2.25,2.25,0.75,1000.0,0.75,1.0,normal,70.5167
33,784,47085,1,0,0.75,0.75,0.75,1000.0,0.75,1.0,normal,71.2667
33,785,47100,1,0,0.78,0.78,0.78,1000.0,0.78,1.0,normal,72.0467
33,785,47115,2,0,1.56,1.56,0.78,1000.0,0.78,1.0,normal,73.6067
33,785,47130,1,0,0.78,0.78,0.78,1000.0,0.78,1.0,normal,74.3867
33,785,47145,2,0,1.56,1.56,0.78,1000.0,0.78,1.0,normal,75.9467
33,786,47160,1,0,0.81,0.81,0.81,1000.0,0.81,1.0,normal,76.7567
33,786,47175,2,0,1.62,1.62,0.81,1000.0,0.81,1.0,normal,78.3767
33,786,47190,1,0,0.81,0.81,0.81,1000.0,0.81,1.0,normal,79.1867
33,786,47205,3,0,0.1094,0.1094,0.0365,1000.0,0.81,1.0,normal,79.2961
33,787,47220,2,0,0.6497,0.6497,0.3248,1000.0,0.84,1.0,normal,79.9458
33,787,47235,3,0,2.52,2.52,0.84,1000.0,0.84,1.0,normal,82.4658
33,787,47250,5,0,3.9905,3.9905,0.7981,1000.0,0.84,1.0,normal,86.4563
33,787,47265,3,0,2.52,2.52,0.84,1000.0,0.84,1.0,normal,88.9763
33,788,47280,2,0,1.68,1.68,0.84,1000.0,0.84,1.0,normal,90.6563
33,788,47295,1,0,0.84,0.84,0.84,1000.0,0.84,1.0,normal,91.4963
33,788,47310,2,0,1.68,1.68,0.84,1000.0,0.84,1.0,normal,93.1763
33,788,47325,3,0,2.52,2.52,0.84,1000.0,0.84,1.0,normal,95.6963
33,789,47340,7,0,6.09,6.09,0.87,1000.0,0.87,1.0,normal,101.7863
33,789,47355,2,0,1.74,1.74,0.87,1000.0,0.87,1.0,normal,103.5263
33,789,47370,3,0,2.61,2.61,0.87,1000.0,0.87,1.0,normal,106.1363
33,789,47385,3,0,2.61,2.61,0.87,1000.0,0.87,1.0,normal,108.7463
33,790,47400,2,0,0.9586,0.9586,0.4793,1000.0,0.9,1.0,normal,109.7049
33,790,47415,1,0,0.9,0.9,0.9,1000.0,0.9,1.0,normal,110.6049
33,790,47430,3,0,2.7,2.7,0.9,1000.0,0.9,1.0,normal,113.3049
33,790,47445,3,0,2.7,2.7,0.9,1000.0,0.9,1.0,normal,116.0049
33,791,47460,2,0,1.86,1.86,0.93,1000.0,0.93,1.0,normal,117.8649
33,791,47475,4,0,3.0148,3.0148,0.7537,1000.0,0.93,1.0,normal,120.8797
33,791,47490,1,0,0.93,0.93,0.93,1000.0,0.93,1.0,normal,121.8097
33,791,47505,3,0,2.779,2.779,0.9263,1000.0,0.93,1.0,normal,124.5887
34,792,47520,2,0,0.0823,0.0823,0.0412,1000.0,0.93,1.0,normal,0.0823
34,792,47535,3,0,2.79,2.79,0.93,1000.0,0.93,1.0,normal,2.8723
34,792,47550,4,0,3.1633,3.1633,0.7908,1000.0,0.93,1.0,normal,6.0356
34,792,47565,4,0,3.72,3.72,0.93,1000.0,0.93,1.0,normal,9.7556
34,793,47580,1,0,0.96,0.96,0.96,1000.0,0.96,1.0,normal,10.7156
34,793,47595,3,0,2.4148,2.4148,0.8049,1000.0,0.96,1.0,normal,13.1304
34,793,47610,2,0,1.92,1.92,0.96,1000.0,0.96,1.0,normal,15.0504
34,793,47625,2,0,1.92,1.92,0.96,1000.0,0.96,1.0,normal,16.9704
34,794,47640,0,0,0.0,0.0,0.99,1000.0,0.99,1.0,normal,16.9704
34,794,47655,3,0,2.97,2.97,0.99,1000.0,0.99,1.0,normal,19.9404
34,794,47670,3,0,2.97,2.97,0.99,1000.0,0.99,1.0,normal,22.9104
34,794,47685,1,0,0.99,0.99,0.99,1000.0,0.99,1.0,normal,23.9004
34,795,47700,2,0,2.04,2.04,1.02,1000.0,1.02,1.0,normal,25.9404
34,795,47715,4,0,4.08,4.08,1.02,1000.0,1.02,1.0,normal,30.0204
34,795,47730,5,0,5.1,5.1,1.02,1000.0,1.02,1.0,normal,35.1204
34,795,47745,2,0,1.2501,1.2501,0.625,1000.0,1.02,1.0,normal,36.3705
34,796,47760,6,1,2.9455,2.9455,0.4909,1000.0,1.02,1.0,normal,39.316
34,796,47775,3,0,0.8762,0.8762,0.2921,1000.0,1.02,1.0,normal,40.1922
34,796,47790,4,1,4.08,4.08,1.02,1000.0,1.02,1.0,normal,44.2722
34,796,47805,0,0,0.0,0.0,1.02,1000.0,1.02,1.0,normal,44.2722
34,797,47820,3,0,3.18,3.18,1.06,1000.0,1.06,1.0,normal,47.4522
34,797,47835,2,0,2.12,2.12,1.06,1000.0,1.06,1.0,normal,49.5722
34,797,47850,2,0,0.6703,0.6703,0.3351,1000.0,1.06,1.0,normal,50.2425
34,797,47865,1,0,0.9588,0.9588,0.9588,1000.0,1.06,1.0,normal,51.2013
34,798,47880,2,0,2.2,2.2,1.1,1000.0,1.1,1.0,normal,53.4013
34,798,47895,3,0,0.7862,0.7862,0.2621,1000.0,1.1,1.0,normal,54.1875
34,798,47910,3,0,1.6081,1.6081,0.536,1000.0,1.1,1.0,normal,55.7956
34,798,47925,2,0,0.7082,0.7082,0.3541,1000.0,1.1,1.0,normal,56.5038
34,799,47940,4,0,4.56,4.56,1.14,1000.0,1.14,1.0,normal,61.0638
34,799,47955,0,0,0.0,0.0,1.14,1000.0,1.14,1.0,normal,61.0638
34,799,47970,1,0,1.14,1.14,1.14,1000.0,1.14,1.0,normal,62.2038
34,799,47985,2,0,2.28,2.28,1.14,1000.0,1.14,1.0,normal,64.4838
34,800,48000,1,0,1.14,1.14,1.14,1000.0,1.14,1.0,normal,65.6238
34,800,48015,5,0,4.5939,4.5939,0.9188,1000.0,1.14,1.0,normal,70.2177
34,800,48030,2,0,0.6434,0.6434,0.3217,1000.0,1.14,1.0,normal,70.8611
34,800,48045,0,0,0.0,0.0,1.14,1000.0,1.14,1.0,normal,70.8611
34,801,48060,2,0,2.36,2.36,1.18,1000.0,1.18,1.0,normal,73.2211
34,801,48075,6,0,7.08,7.08,1.18,1000.0,1.18,1.0,normal,80.3011
34,801,48090,9,1,10.62,10.62,1.18,1000.0,1.18,1.0,normal,90.9211
34,801,48105,3,0,2.7163,2.7163,0.9054,1000.0,1.18,1.0,normal,93.6374
34,802,48120,2,0,0.5518,0.5518,0.2759,1000.0,1.22,1.0,normal,94.1892
34,802,48135,4,1,4.3419,4.3419,1.0855,1000.0,1.22,1.0,normal,98.5311
34,802,48150,5,0,6.1,6.1,1.22,1000.0,1.22,1.0,normal,104.6311
34,802,48165,6,1,0.5227,0.5227,0.0871,1000.0,1.22,1.0,normal,105.1538
34,803,48180,7,0,8.82,8.82,1.26,1000.0,1.26,1.0,normal,113.9738
34,803,48195,3,0,2.1197,2.1197,0.7066,1000.0,1.26,1.0,normal,116.0935
34,803,48210,4,0,5.04,5.04,1.26,1000.0,1.26,1.0,normal,121.1335
34,803,48225,1,0,1.26,1.26,1.26,1000.0,1.26,1.0,normal,122.3935
34,804,48240,6,0,2.5325,2.5325,0.4221,1000.0,1.26,1.0,normal,124.926
34,804,48255,6,0,7.56,7.56,1.26,1000.0,1.26,1.0,normal,132.486
34,804,48270,4,1,5.04,5.04,1.26,1000.0,1.26,1.0,normal,137.526
34,804,48285,4,0,5.04,5.04,1.26,1000.0,1.26,1.0,normal,142.566
34,805,48300,4,0,5.2,5.2,1.3,1000.0,1.3,1.0,normal,147.766
34,805,48315,4,0,5.2,5.2,1.3,1000.0,1.3,1.0,normal,152.966
34,805,48330,5,1,6.5,6.5,1.3,1000.0,1.3,1.0,normal,159.466
34,805,48345,5,0,5.9278,5.9278,1.1856,1000.0,1.3,1.0,normal,165.3938
34,806,48360,2,0,1.124,1.124,0.562,1000.0,1.35,1.0,normal,166.5178
34,806,48375,3,0,4.05,4.05,1.35,1000.0,1.35,1.0,normal,170.5678
34,806,48390,1,0,1.35,1.35,1.35,1000.0,1.35,1.0,normal,171.9178
34,806,48405,2,0,2.7,2.7,1.35,1000.0,1.35,1.0,normal,174.6178
34,807,48420,4,0,5.6,5.6,1.4,1000.0,1.4,1.0,normal,180.2178
34,807,48435,5,0,7.0,7.0,1.4,1000.0,1.4,1.0,normal,187.2178
34,807,48450,4,0,1.2155,1.2155,0.3039,1000.0,1.4,1.0,normal,188.4333
34,807,48465,3,0,3.3356,3.3356,1.1119,1000.0,1.4,1.0,normal,191.7689
34,808,48480,7,1,9.8,9.8,1.4,1000.0,1.4,1.0,normal,201.5689
34,808,48495,3,0,4.2,4.2,1.4,1000.0,1.4,1.0,normal,205.7689
34,808,48510,4,0,5.3716,5.3716,1.3429,1000.0,1.4,1.0,normal,211.1405
34,808,48525,2,1,1.2896,1.2896,0.6448,1000.0,1.4,1.0,normal,212.4301
34,809,48540,3,0,0.4421,0.4421,0.1474,1000.0,1.45,1.0,normal,212.8722
34,809,48555,5,1,7.25,7.25,1.45,1000.0,1.45,1.0,normal,220.1222
34,809,48570,1,0,0.5282,0.5282,0.5282,1000.0,1.45,1.0,normal,220.6504
34,809,48585,4,0,5.355,5.355,1.3388,1000.0,1.45,1.0,normal,226.0054
34,810,48600,5,0,7.5,7.5,1.5,1000.0,1.5,1.0,normal,233.5054
34,810,48615,3,0,4.5,4.5,1.5,1000.0,1.5,1.0,normal,238.0054
34,810,48630,2,0,1.4326,1.4326,0.7163,1000.0,1.5,1.0,normal,239.438
34,810,48645,2,0,3.0,3.0,1.5,1000.0,1.5,1.0,normal,242.438
34,811,48660,4,0,0.5116,0.5116,0.1279,1000.0,1.55,1.0,normal,242.9496
34,811,48675,6,0,9.3,9.3,1.55,1000.0,1.55,1.0,normal,252.2496
34,811,48690,8,0,1.9269,1.9269,0.2409,1000.0,1.55,1.0,normal,254.1765
34,811,48705,4,0,4.4913,4.4913,1.1228,1000.0,1.55,1.0,normal,258.6678
34,812,48720,6,1,2.2058,2.2058,0.3676,1000.0,1.55,1.0,normal,260.8736
34,812,48735,2,0,2.0442,2.0442,1.0221,1000.0,1.55,1.0,normal,262.9178
34,812,48750,2,0,0.4659,0.4659,0.233,1000.0,1.55,1.0,normal,263.3837
34,812,48765,3,0,4.65,4.65,1.55,1000.0,1.55,1.0,normal,268.0337
34,813,48780,3,0,4.8,4.8,1.6,1000.0,1.6,1.0,normal,272.8337
34,813,48795,6,1,9.6,9.6,1.6,1000.0,1.6,1.0,normal,282.4337
34,813,48810,7,0,8.5444,8.5444,1.2206,1000.0,1.6,1.0,normal,290.9781
34,813,48825,1,1,0.2891,0.2891,0.2891,1000.0,1.6,1.0,normal,291.2672
34,814,48840,1,0,1.66,1.66,1.66,1000.0,1.66,1.0,normal,292.9272
34,814,48855,4,0,6.64,6.64,1.66,1000.0,1.66,1.0,normal,299.5672
34,814,48870,1,0,1.66,1.66,1.66,1000.0,1.66,1.0,normal,301.2272
34,814,48885,10,0,16.6,16.6,1.66,1000.0,1.66,1.0,normal,317.8272
34,815,48900,5,0,4.7682,4.7682,0.9536,1000.0,1.72,1.0,normal,322.5954
34,815,48915,1,0,1.1486,1.1486,1.1486,1000.0,1.72,1.0,normal,323.744
34,815,48930,2,0,0.7463,0.7463,0.3732,1000.0,1.72,1.0,normal,324.4903
34,815,48945,3,0,5.16,5.16,1.72,1000.0,1.72,1.0,normal,329.6503
35,816,48960,5,0,8.6,8.6,1.72,1000.0,1.72,1.0,normal,8.6
35,816,48975,3,0,5.16,5.16,1.72,1000.0,1.72,1.0,normal,13.76
35,816,48990,8,0,13.76,13.76,1.72,1000.0,1.72,1.0,normal,27.52
35,816,49005,4,0,6.88,6.88,1.72,1000.0,1.72,1.0,normal,34.4
35,817,49020,4,0,7.12,7.12,1.78,1000.0,1.78,1.0,normal,41.52
35,817,49035,6,1,9.6937,9.6937,1.6156,1000.0,1.78,1.0,normal,51.2137
35,817,49050,3,0,5.34,5.34,1.78,1000.0,1.78,1.0,normal,56.5537
35,817,49065,5,0,8.9,8.9,1.78,1000.0,1.78,1.0,normal,65.4537
35,818,49080,4,0,7.36,7.36,1.84,1000.0,1.84,1.0,normal,72.8137
35,818,49095,3,1,4.754,4.754,1.5847,1000.0,1.84,1.0,normal,77.5677
35,818,49110,6,0,11.04,11.04,1.84,1000.0,1.84,1.0,normal,88.6077
35,818,49125,5,0,7.4967,7.4967,1.4993,1000.0,1.84,1.0,normal,96.1044
35,819,49140,7,1,13.3,13.3,1.9,1000.0,1.9,1.0,normal,109.4044
35,819,49155,7,0,5.2929,5.2929,0.7561,1000.0,1.9,1.0,normal,114.6973
35,819,49170,3,0,5.7,5.7,1.9,1000.0,1.9,1.0,normal,120.3973
35,819,49185,6,0,11.4,11.4,1.9,1000.0,1.9,1.0,normal,131.7973
35,820,49200,3,0,5.7,5.7,1.9,1000.0,1.9,1.0,normal,137.4973
35,820,49215,4,0,7.6,7.6,1.9,1000.0,1.9,1.0,normal,145.0973
35,820,49230,9,0,17.1,17.1,1.9,1000.0,1.9,1.0,normal,162.1973
35,820,49245,2,0,3.8,3.8,1.9,1000.0,1.9,1.0,normal,165.9973
35,821,49260,7,0,11.3296,11.3296,1.6185,1000.0,1.97,1.0,normal,177.3269
35,821,49275,7,0,1.662,1.662,0.2374,1000.0,1.97,1.0,normal,178.9889
35,821,49290,6,0,11.82,11.82,1.97,1000.0,1.97,1.0,normal,190.8089
35,821,49305,7,0,13.79,13.79,1.97,1000.0,1.97,1.0,normal,204.5989
35,822,49320,7,0,14.28,14.28,2.04,1000.0,2.04,1.0,normal,218.8789
35,822,49335,10,0,20.4,20.4,2.04,1000.0,2.04,1.0,normal,239.2789
35,822,49350,1,0,2.04,2.04,2.04,1000.0,2.04,1.0,normal,241.3189
35,822,49365,6,0,12.24,12.24,2.04,1000.0,2.04,1.0,normal,253.5589
35,823,49380,5,0,8.1397,8.1397,1.6279,1000.0,2.11,1.0,normal,261.6986
35,823,49395,6,0,12.66,12.66,2.11,1000.0,2.11,1.0,normal,274.3586
35,823,49410,5,0,10.55,10.55,2.11,1000.0,2.11,1.0,normal,284.9086
35,823,49425,4,0,8.44,8.44,2.11,1000.0,2.11,1.0,normal,293.3486
35,824,49440,4,0,9.9064,9.9064,2.4766,1000.0,2.75,1.0,normal,303.255
35,824,49455,13,0,1.3951,1.3951,0.1073,1000.0,2.75,1.0,normal,304.6501
35,824,49470,15,0,41.25,41.25,2.75,1000.0,2.75,1.0,normal,345.9001
35,824,49485,9,0,24.75,24.75,2.75,1000.0,2.75,1.0,normal,370.6501
35,825,49500,4,0,11.4,11.4,2.85,1000.0,2.85,1.0,normal,382.0501
35,825,49515,7,0,19.95,19.95,2.85,1000.0,2.85,1.0,normal,402.0001
35,825,49530,7,0,19.95,19.95,2.85,1000.0,2.85,1.0,normal,421.9501
35,825,49545,13,1,5.4885,5.4885,0.4222,1000.0,2.85,1.0,normal,427.4386
35,826,49560,7,0,20.65,20.65,2.95,1000.0,2.95,1.0,normal,448.0886
35,826,49575,13,1,38.35,38.35,2.95,1000.0,2.95,1.0,normal,486.4386
35,826,49590,7,1,3.2375,3.2375,0.4625,1000.0,2.95,1.0,normal,489.6761
35,826,49605,1,0,0.8554,0.8554,0.8554,1000.0,2.95,1.0,normal,490.5315
35,827,49620,4,0,9.2332,9.2332,2.3083,1000.0,3.05,1.0,normal,499.7647
35,827,49635,12,0,30.4196,30.4196,2.535,1000.0,3.05,1.0,normal,530.1843
35,827,49650,10,0,30.3952,30.3952,3.0395,1000.0,3.05,1.0,normal,560.5795
35,827,49665,7,0,21.35,21.35,3.05,1000.0,3.05,1.0,normal,581.9295
35,828,49680,5,0,15.25,15.25,3.05,1000.0,3.05,1.0,normal,597.1795
35,828,49695,3,0,6.417,6.417,2.139,1000.0,3.05,1.0,normal,603.5965
35,828,49710,11,0,33.55,33.55,3.05,1000.0,3.05,1.0,normal,637.1465
35,828,49725,9,0,24.2988,24.2988,2.6999,1000.0,3.05,1.0,normal,661.4453
35,829,49740,4,0,2.3995,2.3995,0.5999,1000.0,3.1,1.0,normal,663.8448
35,829,49755,7,0,21.7,21.7,3.1,1000.0,3.1,1.0,normal,685.5448
35,829,49770,9,0,0.0449,0.0449,0.005,1000.0,3.1,1.0,normal,685.5897
35,829,49785,11,0,10.7928,10.7928,0.9812,1000.0,3.1,1.0,normal,696.3825
35,830,49800,14,0,29.6849,29.6849,2.1203,1000.0,3.25,1.0,normal,726.0674
35,830,49815,4,0,2.7882,2.7882,0.697,1000.0,3.25,1.0,normal,728.8556
35,830,49830,2,0,2.1772,2.1772,1.0886,1000.0,3.25,1.0,normal,731.0328
35,830,49845,5,0,16.25,16.25,3.25,1000.0,3.25,1.0,normal,747.2828
35,831,49860,9,0,30.15,30.15,3.35,1000.0,3.35,1.0,normal,777.4328
35,831,49875,7,0,23.45,23.45,3.35,1000.0,3.35,1.0,normal,800.8828
35,831,49890,9,0,26.0988,26.0988,2.8999,1000.0,3.35,1.0,normal,826.9816
35,831,49905,12,0,40.2,40.2,3.35,1000.0,3.35,1.0,normal,867.1816
35,832,49920,4,0,13.4,13.4,3.35,1000.0,3.35,1.0,normal,880.5816
35,832,49935,8,1,9.666,9.666,1.2082,1000.0,3.35,1.0,normal,890.2476
35,832,49950,4,0,13.4,13.4,3.35,1000.0,3.35,1.0,budget_constrained,903.6476
35,832,49965,8,0,11.1032,11.1032,1.3879,1000.0,3.35,1.0,budget_constrained,914.7508
35,833,49980,10,0,6.2165,6.2165,0.6217,1000.0,3.22,1.0,budget_constrained,920.9673
35,833,49995,8,0,5.1784,5.1784,0.6473,1000.0,3.22,1.0,budget_constrained,926.1457
35,833,50010,10,0,26.1254,26.1254,2.6125,1000.0,3.22,1.0,budget_constrained,952.2711
35,833,50025,6,0,19.32,19.32,3.22,1000.0,3.22,1.0,budget_constrained,971.5911
35,834,50040,9,0,21.4739,21.4739,2.386,1000.0,3.08,1.0,budget_constrained,993.065
35,834,50055,3,0,6.935,6.935,1.9202,1000.0,3.08,1.0,budget_depleted,1000.0
35,834,50070,0,0,0.0,0.0,0.0,1000.0,3.08,1.0,budget_depleted,1000.0
35,834,50085,0,0,0.0,0.0,0.0,1000.0,3.08,1.0,budget_depleted,1000.0
35,835,50100,0,0,0.0,0.0,0.0,1000.0,2.95,1.0,budget_depleted,1000.0
35,835,50115,0,0,0.0,0.0,0.0,1000.0,2.95,1.0,budget_depleted,1000.0
35,835,50130,0,0,0.0,0.0,0.0,1000.0,2.95,1.0,budget_depleted,1000.0
35,835,50145,0,0,0.0,0.0,0.0,1000.0,2.95,1.0,budget_depleted,1000.0
35,836,50160,0,0,0.0,0.0,0.0,1000.0,3.35,1.0,budget_depleted,1000.0
35,836,50175,0,0,0.0,0.0,0.0,1000.0,3.35,1.0,budget_depleted,1000.0
35,836,50190,0,0,0.0,0.0,0.0,1000.0,3.35,1.0,budget_depleted,1000.0
35,836,50205,0,0,0.0,0.0,0.0,1000.0,3.35,1.0,budget_depleted,1000.0
35,837,50220,0,0,0.0,0.0,0.0,1000.0,3.22,1.0,budget_depleted,1000.0
35,837,50235,0,0,0.0,0.0,0.0,1000.0,3.22,1.0,budget_depleted,1000.0
35,837,50250,0,0,0.0,0.0,0.0,1000.0,3.22,1.0,budget_depleted,1000.0
35,837,50265,0,0,0.0,0.0,0.0,1000.0,3.22,1.0,budget_depleted,1000.0
35,838,50280,0,0,0.0,0.0,0.0,1000.0,3.08,1.0,budget_depleted,1000.0
35,838,50295,0,0,0.0,0.0,0.0,1000.0,3.08,1.0,budget_depleted,1000.0
35,838,50310,0,0,0.0,0.0,0.0,1000.0,3.08,1.0,budget_depleted,1000.0
35,838,50325,0,0,0.0,0.0,0.0,1000.0,3.08,1.0,budget_depleted,1000.0
35,839,50340,0,0,0.0,0.0,0.0,1000.0,2.95,1.0,budget_depleted,1000.0
35,839,50355,0,0,0.0,0.0,0.0,1000.0,2.95,1.0,budget_depleted,1000.0
35,839,50370,0,0,0.0,0.0,0.0,1000.0,2.95,1.0,budget_depleted,1000.0
35,839,50385,0,0,0.0,0.0,0.0,1000.0,2.95,1.0,budget_depleted,1000.0
36,840,50400,0,0,0.0,0.0,0.0,1200.0,2.95,1.0,normal,0.0
36,840,50415,8,0,14.6166,14.6166,1.8271,1200.0,2.95,1.0,normal,14.6166
36,840,50430,7,0,8.4604,8.4604,1.2086,1200.0,2.95,1.0,normal,23.077
36,840,50445,6,0,17.7,17.7,2.95,1200.0,2.95,1.0,normal,40.777
36,841,50460,12,0,29.04,29.04,2.42,1200.0,2.42,1.0,normal,69.817
36,841,50475,7,0,15.3349,15.3349,2.1907,1200.0,2.42,1.0,normal,85.1519
36,841,50490,7,0,8.5408,8.5408,1.2201,1200.0,2.42,1.0,normal,93.6927
36,841,50505,5,0,8.6124,8.6124,1.7225,1200.0,2.42,1.0,normal,102.3051
36,842,50520,5,0,10.9846,10.9846,2.1969,1200.0,2.51,1.0,normal,113.2897
36,842,50535,3,0,5.8365,5.8365,1.9455,1200.0,2.51,1.0,normal,119.1262
36,842,50550,4,0,10.04,10.04,2.51,1200.0,2.51,1.0,normal,129.1662
36,842,50565,7,0,7.6837,7.6837,1.0977,1200.0,2.51,1.0,normal,136.8499
36,843,50580,2,0,2.0,2.0,1.0,1200.0,1.0,1.0,normal,138.8499
36,843,50595,2,0,0.4332,0.4332,0.2166,1200.0,1.0,1.0,normal,139.2831
36,843,50610,7,1,7.0,7.0,1.0,1200.0,1.0,1.0,normal,146.2831
36,843,50625,3,0,1.7059,1.7059,0.5686,1200.0,1.0,1.0,normal,147.989
36,844,50640,0,0,0.0,0.0,1.0,1200.0,1.0,1.0,normal,147.989
36,844,50655,2,0,2.0,2.0,1.0,1200.0,1.0,1.0,normal,149.989
36,844,50670,2,0,1.0098,1.0098,0.5049,1200.0,1.0,1.0,normal,150.9988
36,844,50685,1,0,1.0,1.0,1.0,1200.0,1.0,1.0,normal,151.9988
36,845,50700,3,0,2.79,2.79,0.93,1200.0,0.93,1.0,normal,154.7888
36,845,50715,1,0,0.93,0.93,0.93,1200.0,0.93,1.0,normal,155.7188
36,845,50730,6,0,5.58,5.58,0.93,1200.0,0.93,1.0,normal,161.2988
36,845,50745,4,0,3.72,3.72,0.93,1200.0,0.93,1.0,normal,165.0188
36,846,50760,3,0,2.61,2.61,0.87,1200.0,0.87,1.0,normal,167.6288
36,846,50775,2,0,1.74,1.74,0.87,1200.0,0.87,1.0,normal,169.3688
36,846,50790,1,0,0.87,0.87,0.87,1200.0,0.87,1.0,normal,170.2388
36,846,50805,0,0,0.0,0.0,0.1467,1200.0,0.87,1.0,normal,170.2388
36,847,50820,1,0,0.8,0.8,0.8,1200.0,0.8,1.0,normal,171.0388
36,847,50835,1,0,0.8,0.8,0.8,1200.0,0.8,1.0,normal,171.8388
36,847,50850,1,0,0.8,0.8,0.8,1200.0,0.8,1.0,normal,172.6388
36,847,50865,2,0,1.6,1.6,0.8,1200.0,0.8,1.0,normal,174.2388
36,848,50880,3,0,2.2047,2.2047,0.7349,1200.0,0.8,1.0,normal,176.4435
36,848,50895,1,0,0.8,0.8,0.8,1200.0,0.8,1.0,normal,177.2435
36,848,50910,2,0,1.6,1.6,0.8,1200.0,0.8,1.0,normal,178.8435
36,848,50925,1,0,0.0971,0.0971,0.0971,1200.0,0.8,1.0,normal,178.9406
36,849,50940,2,0,1.5,1.5,0.75,1200.0,0.75,1.0,normal,180.4406
36,849,50955,2,0,1.5,1.5,0.75,1200.0,0.75,1.0,normal,181.9406
36,849,50970,1,0,0.75,0.75,0.75,1200.0,0.75,1.0,normal,182.6906
36,849,50985,1,0,0.1085,0.1085,0.1085,1200.0,0.75,1.0,normal,182.7991
36,850,51000,1,0,0.69,0.69,0.69,1200.0,0.69,1.0,normal,183.4891
36,850,51015,4,0,2.76,2.76,0.69,1200.0,0.69,1.0,normal,186.2491
36,850,51030,0,0,0.0,0.0,0.69,1200.0,0.69,1.0,normal,186.2491
36,850,51045,2,1,1.38,1.38,0.69,1200.0,0.69,1.0,normal,187.6291
36,851,51060,1,0,0.64,0.64,0.64,1200.0,0.64,1.0,normal,188.2691
36,851,51075,0,0,0.0,0.0,0.64,1200.0,0.64,1.0,normal,188.2691
36,851,51090,3,0,0.783,0.783,0.261,1200.0,0.64,1.0,normal,189.0521
36,851,51105,0,0,0.0,0.0,0.64,1200.0,0.64,1.0,normal,189.0521
36,852,51120,1,0,0.352,0.352,0.352,1200.0,0.64,1.0,normal,189.4041
36,852,51135,2,0,1.28,1.28,0.64,1200.0,0.64,1.0,normal,190.6841
36,852,51150,1,0,0.64,0.64,0.64,1200.0,0.64,1.0,normal,191.3241
36,852,51165,5,1,2.3475,2.3475,0.4695,1200.0,0.64,1.0,normal,193.6716
36,853,51180,1,0,0.66,0.66,0.66,1200.0,0.66,1.0,normal,194.3316
36,853,51195,1,0,0.66,0.66,0.66,1200.0,0.66,1.0,normal,194.9916
36,853,51210,1,0,0.66,0.66,0.66,1200.0,0.66,1.0,normal,195.6516
36,853,51225,2,1,0.4586,0.4586,0.2293,1200.0,0.66,1.0,normal,196.1102
36,854,51240,0,0,0.0,0.0,0.68,1200.0,0.68,1.0,normal,196.1102
36,854,51255,3,0,0.1608,0.1608,0.0536,1200.0,0.68,1.0,normal,196.271
36,854,51270,3,0,2.04,2.04,0.68,1200.0,0.68,1.0,normal,198.311
36,854,51285,3,0,2.0159,2.0159,0.672,1200.0,0.68,1.0,normal,200.3269
36,855,51300,1,0,0.4251,0.4251,0.4251,1200.0,0.7,1.0,normal,200.752
36,855,51315,1,0,0.1083,0.1083,0.1083,1200.0,0.7,1.0,normal,200.8603
36,855,51330,2,0,1.4,1.4,0.7,1200.0,0.7,1.0,normal,202.2603
36,855,51345,2,0,1.4,1.4,0.7,1200.0,0.7,1.0,normal,203.6603
36,856,51360,3,0,2.1,2.1,0.7,1200.0,0.7,1.0,normal,205.7603
36,856,51375,1,0,0.5,0.5,0.5,1200.0,0.7,1.0,normal,206.2603
36,856,51390,4,1,2.0497,2.0497,0.5124,1200.0,0.7,1.0,normal,208.31
36,856,51405,3,0,2.1,2.1,0.7,1200.0,0.7,1.0,normal,210.41
36,857,51420,2,0,0.9864,0.9864,0.4932,1200.0,0.72,1.0,normal,211.3964
36,857,51435,0,0,0.0,0.0,0.72,1200.0,0.72,1.0,normal,211.3964
36,857,51450,5,0,3.6,3.6,0.72,1200.0,0.72,1.0,normal,214.9964
36,857,51465,3,0,2.0222,2.0222,0.6741,1200.0,0.72,1.0,normal,217.0186
36,858,51480,3,0,2.25,2.25,0.75,1200.0,0.75,1.0,normal,219.2686
36,858,51495,2,0,1.5,1.5,0.75,1200.0,0.75,1.0,normal,220.7686
36,858,51510,3,0,2.25,2.25,0.75,1200.0,0.75,1.0,normal,223.0186
36,858,51525,1,0,0.75,0.75,0.75,1200.0,0.75,1.0,normal,223.7686
36,859,51540,2,0,0.0336,0.0336,0.0168,1200.0,0.78,1.0,normal,223.8022
36,859,51555,2,0,1.56,1.56,0.78,1200.0,0.78,1.0,normal,225.3622
36,859,51570,3,1,2.2084,2.2084,0.7361,1200.0,0.78,1.0,normal,227.5706
36,859,51585,3,0,2.34,2.34,0.78,1200.0,0.78,1.0,normal,229.9106
36,860,51600,3,0,2.34,2.34,0.78,1200.0,0.78,1.0,normal,232.2506
36,860,51615,2,0,0.6766,0.6766,0.3383,1200.0,0.78,1.0,normal,232.9272
36,860,51630,4,1,3.12,3.12,0.78,1200.0,0.78,1.0,normal,236.0472
36,860,51645,5,0,3.9,3.9,0.78,1200.0,0.78,1.0,normal,239.9472
36,861,51660,2,0,1.62,1.62,0.81,1200.0,0.81,1.0,normal,241.5672
36,861,51675,2,0,1.62,1.62,0.81,1200.0,0.81,1.0,normal,243.1872
36,861,51690,1,0,0.81,0.81,0.81,1200.0,0.81,1.0,normal,243.9972
36,861,51705,3,0,0.937,0.937,0.3123,1200.0,0.81,1.0,normal,244.9342
36,862,51720,1,0,0.84,0.84,0.84,1200.0,0.84,1.0,normal,245.7742
36,862,51735,1,0,0.6173,0.6173,0.6173,1200.0,0.84,1.0,normal,246.3915
36,862,51750,2,0,0.5791,0.5791,0.2896,1200.0,0.84,1.0,normal,246.9706
36,862,51765,3,0,0.293,0.293,0.0977,1200.0,0.84,1.0,normal,247.2636
36,863,51780,2,0,1.74,1.74,0.87,1200.0,0.87,1.0,normal,249.0036
36,863,51795,2,0,1.74,1.74,0.87,1200.0,0.87,1.0,normal,250.7436
36,863,51810,1,0,0.87,0.87,0.87,1200.0,0.87,1.0,normal,251.6136
36,863,51825,2,0,1.74,1.74,0.87,1200.0,0.87,1.0,normal,253.3536
37,864,51840,2,0,0.4321,0.4321,0.216,1200.0,0.87,1.0,normal,0.4321
37,864,51855,3,0,2.61,2.61,0.87,1200.0,0.87,1.0,normal,3.0421
37,864,51870,3,0,2.61,2.61,0.87,1200.0,0.87,1.0,normal,5.6521
37,864,51885,5,0,2.0014,2.0014,0.4003,1200.0,0.87,1.0,normal,7.6535
37,865,51900,2,0,1.1276,1.1276,0.5638,1200.0,0.9,1.0,normal,8.7811
37,865,51915,1,0,0.9,0.9,0.9,1200.0,0.9,1.0,normal,9.6811
37,865,51930,1,0,0.9,0.9,0.9,1200.0,0.9,1.0,normal,10.5811
37,865,51945,0,0,0.0,0.0,0.9,1200.0,0.9,1.0,normal,10.5811
37,866,51960,7,0,6.51,6.51,0.93,1200.0,0.93,1.0,normal,17.0911
37,866,51975,4,0,3.72,3.72,0.93,1200.0,0.93,1.0,normal,20.8111
37,866,51990,2,0,1.86,1.86,0.93,1200.0,0.93,1.0,normal,22.6711
37,866,52005,3,0,2.79,2.79,0.93,1200.0,0.93,1.0,normal,25.4611
37,867,52020,3,0,2.7568,2.7568,0.9189,1200.0,0.96,1.0,normal,28.2179
37,867,52035,4,0,0.9128,0.9128,0.2282,1200.0,0.96,1.0,normal,29.1307
37,867,52050,1,0,0.96,0.96,0.96,1200.0,0.96,1.0,normal,30.0907
37,867,52065,3,0,2.88,2.88,0.96,1200.0,0.96,1.0,normal,32.9707
37,868,52080,1,0,0.084,0.084,0.084,1200.0,0.96,1.0,normal,33.0547
37,868,52095,3,0,2.88,2.88,0.96,1200.0,0.96,1.0,normal,35.9347
37,868,52110,1,0,0.4752,0.4752,0.4752,1200.0,0.96,1.0,normal,36.4099
37,868,52125,2,0,1.92,1.92,0.96,1200.0,0.96,1.0,normal,38.3299
37,869,52140,4,0,3.96,3.96,0.99,1200.0,0.99,1.0,normal,42.2899
37,869,52155,3,0,2.97,2.97,0.99,1200.0,0.99,1.0,normal,45.2599
37,869,52170,1,0,0.99,0.99,0.99,1200.0,0.99,1.0,normal,46.2499
37,869,52185,3,1,2.97,2.97,0.99,1200.0,0.99,1.0,normal,49.2199
37,870,52200,2,0,2.04,2.04,1.02,1200.0,1.02,1.0,normal,51.2599
37,870,52215,2,0,2.04,2.04,1.02,1200.0,1.02,1.0,normal,53.2999
37,870,52230,0,0,0.0,0.0,1.02,1200.0,1.02,1.0,normal,53.2999
37,870,52245,4,0,4.08,4.08,1.02,1200.0,1.02,1.0,normal,57.3799
37,871,52260,3,0,3.18,3.18,1.06,1200.0,1.06,1.0,normal,60.5599
37,871,52275,3,0,1.8428,1.8428,0.6143,1200.0,1.06,1.0,normal,62.4027
37,871,52290,6,0,6.36,6.36,1.06,1200.0,1.06,1.0,normal,68.7627
37,871,52305,3,0,3.18,3.18,1.06,1200.0,1.06,1.0,normal,71.9427
37,872,52320,1,0,0.8462,0.8462,0.8462,1200.0,1.06,1.0,normal,72.7889
37,872,52335,4,0,4.24,4.24,1.06,1200.0,1.06,1.0,normal,77.0289
37,872,52350,2,0,0.3114,0.3114,0.1557,1200.0,1.06,1.0,normal,77.3403
37,872,52365,1,0,1.06,1.06,1.06,1200.0,1.06,1.0,normal,78.4003
37,873,52380,2,0,2.2,2.2,1.1,1200.0,1.1,1.0,normal,80.6003
37,873,52395,7,0,7.7,7.7,1.1,1200.0,1.1,1.0,normal,88.3003
37,873,52410,3,0,3.3,3.3,1.1,1200.0,1.1,1.0,normal,91.6003
37,873,52425,3,0,3.3,3.3,1.1,1200.0,1.1,1.0,normal,94.9003
37,874,52440,2,0,2.28,2.28,1.14,1200.0,1.14,1.0,normal,97.1803
37,874,52455,3,0,3.42,3.42,1.14,1200.0,1.14,1.0,normal,100.6003
37,874,52470,1,0,1.14,1.14,1.14,1200.0,1.14,1.0,normal,101.7403
37,874,52485,5,0,5.7,5.7,1.14,1200.0,1.14,1.0,normal,107.4403
37,875,52500,4,0,2.9637,2.9637,0.7409,1200.0,1.18,1.0,normal,110.404
37,875,52515,3,0,3.54,3.54,1.18,1200.0,1.18,1.0,normal,113.944
37,875,52530,1,0,1.18,1.18,1.18,1200.0,1.18,1.0,normal,115.124
37,875,52545,4,0,4.72,4.72,1.18,1200.0,1.18,1.0,normal,119.844
37,876,52560,2,0,0.9476,0.9476,0.4738,1200.0,1.18,1.0,normal,120.7916
37,876,52575,2,0,2.36,2.36,1.18,1200.0,1.18,1.0,normal,123.1516
37,876,52590,2,0,2.36,2.36,1.18,1200.0,1.18,1.0,normal,125.5116
37,876,52605,2,0,2.336,2.336,1.168,1200.0,1.18,1.0,normal,127.8476
37,877,52620,3,0,3.66,3.66,1.22,1200.0,1.22,1.0,normal,131.5076
37,877,52635,1,0,0.6691,0.6691,0.6691,1200.0,1.22,1.0,normal,132.1767
37,877,52650,1,0,1.22,1.22,1.22,1200.0,1.22,1.0,normal,133.3967
37,877,52665,2,0,2.44,2.44,1.22,1200.0,1.22,1.0,normal,135.8367
37,878,52680,5,0,2.7661,2.7661,0.5532,1200.0,1.26,1.0,normal,138.6028
37,878,52695,2,0,2.52,2.52,1.26,1200.0,1.26,1.0,normal,141.1228
37,878,52710,3,0,3.78,3.78,1.26,1200.0,1.26,1.0,normal,144.9028
37,878,52725,4,0,5.04,5.04,1.26,1200.0,1.26,1.0,normal,149.9428
37,879,52740,4,0,4.16,4.16,1.04,1200.0,1.04,1.0,normal,154.1028
37,879,52755,5,1,5.2,5.2,1.04,1200.0,1.04,1.0,normal,159.3028
37,879,52770,1,0,1.04,1.04,1.04,1200.0,1.04,1.0,normal,160.3428
37,879,52785,4,1,2.3075,2.3075,0.5769,1200.0,1.04,1.0,normal,162.6503
37,880,52800,5,0,5.2,5.2,1.04,1200.0,1.04,1.0,normal,167.8503
37,880,52815,2,0,2.08,2.08,1.04,1200.0,1.04,1.0,normal,169.9303
37,880,52830,1,0,1.04,1.04,1.04,1200.0,1.04,1.0,normal,170.9703
37,880,52845,5,0,4.8056,4.8056,0.9611,1200.0,1.04,1.0,normal,175.7759
37,881,52860,2,0,1.819,1.819,0.9095,1200.0,1.08,1.0,normal,177.5949
37,881,52875,2,0,2.16,2.16,1.08,1200.0,1.08,1.0,normal,179.7549
37,881,52890,0,0,0.0,0.0,1.08,1200.0,1.08,1.0,normal,179.7549
37,881,52905,2,0,2.16,2.16,1.08,1200.0,1.08,1.0,normal,181.9149
37,882,52920,2,0,2.24,2.24,1.12,1200.0,1.12,1.0,normal,184.1549
37,882,52935,2,0,2.24,2.24,1.12,1200.0,1.12,1.0,normal,186.3949
37,882,52950,3,0,3.36,3.36,1.12,1200.0,1.12,1.0,normal,189.7549
37,882,52965,0,0,0.0,0.0,1.12,1200.0,1.12,1.0,normal,189.7549
37,883,52980,2,0,2.0817,2.0817,1.0408,1200.0,1.16,1.0,normal,191.8366
37,883,52995,8,0,4.7042,4.7042,0.588,1200.0,1.16,1.0,normal,196.5408
37,883,53010,0,0,0.0,0.0,0.0828,1200.0,1.16,1.0,normal,196.5408
37,883,53025,3,1,3.3556,3.3556,1.1185,1200.0,1.16,1.0,normal,199.8964
37,884,53040,3,0,1.7082,1.7082,0.5694,1200.0,1.16,1.0,normal,201.6046
37,884,53055,2,0,0.3599,0.3599,0.1799,1200.0,1.16,1.0,normal,201.9645
37,884,53070,0,0,0.0,0.0,1.16,1200.0,1.16,1.0,normal,201.9645
37,884,53085,2,0,1.7902,1.7902,0.8951,1200.0,1.16,1.0,normal,203.7547
37,885,53100,2,0,2.4,2.4,1.2,1200.0,1.2,1.0,normal,206.1547
37,885,53115,4,0,4.8,4.8,1.2,1200.0,1.2,1.0,normal,210.9547
37,885,53130,0,0,0.0,0.0,0.3555,1200.0,1.2,1.0,normal,210.9547
37,885,53145,7,0,4.9062,4.9062,0.7009,1200.0,1.2,1.0,normal,215.8609
37,886,53160,5,0,5.5782,5.5782,1.1156,1200.0,1.24,1.0,normal,221.4391
37,886,53175,1,0,1.24,1.24,1.24,1200.0,1.24,1.0,normal,222.6791
37,886,53190,2,0,1.8724,1.8724,0.9362,1200.0,1.24,1.0,normal,224.5515
37,886,53205,3,0,3.72,3.72,1.24,1200.0,1.24,1.0,normal,228.2715
37,887,53220,2,0,0.0788,0.0788,0.0394,1200.0,1.28,1.0,normal,228.3503
37,887,53235,2,0,2.56,2.56,1.28,1200.0,1.28,1.0,normal,230.9103
37,887,53250,5,0,5.4293,5.4293,1.0859,1200.0,1.28,1.0,normal,236.3396
37,887,53265,1,0,1.28,1.28,1.28,1200.0,1.28,1.0,normal,237.6196
