current_day,current_hour,current_minute,clicks,leads,spend,cpa,realized_cpc,daily_budget,max_bid,volatility,budget_status,current_day_spend
8,168,10080,1,0,0.5,0.5,0.5,1000.0,0.5,1.0,normal,0.5
8,168,10095,1,0,0.5,0.5,0.5,1000.0,0.5,1.0,normal,1.0
8,168,10110,1,0,0.5,0.5,0.5,1000.0,0.5,1.0,normal,1.5
8,168,10125,1,0,0.5,0.5,0.5,1000.0,0.5,1.0,normal,2.0
8,169,10140,0,0,0.0,0.0,0.53,1000.0,0.53,1.0,normal,2.0
8,169,10155,0,0,0.0,0.0,0.53,1000.0,0.53,1.0,normal,2.0
8,169,10170,0,0,0.0,0.0,0.53,1000.0,0.53,1.0,normal,2.0
8,169,10185,1,0,0.53,0.53,0.53,1000.0,0.53,1.0,normal,2.53
8,170,10200,1,0,0.56,0.56,0.56,1000.0,0.56,1.0,normal,3.09
8,170,10215,0,0,0.0,0.0,0.4486,1000.0,0.56,1.0,normal,3.09
8,170,10230,0,0,0.0,0.0,0.56,1000.0,0.56,1.0,normal,3.09
8,170,10245,1,0,0.56,0.56,0.56,1000.0,0.56,1.0,normal,3.65
8,171,10260,2,0,1.14,1.14,0.57,1000.0,0.57,1.0,normal,4.79
8,171,10275,3,0,1.71,1.71,0.57,1000.0,0.57,1.0,normal,6.5
8,171,10290,2,0,1.14,1.14,0.57,1000.0,0.57,1.0,normal,7.64
8,171,10305,3,0,1.71,1.71,0.57,1000.0,0.57,1.0,normal,9.35
8,172,10320,2,0,1.28,1.28,0.64,1000.0,0.64,1.0,normal,10.63
8,172,10335,1,0,0.64,0.64,0.64,1000.0,0.64,1.0,normal,11.27
8,172,10350,1,0,0.64,0.64,0.64,1000.0,0.64,1.0,normal,11.91
8,172,10365,1,0,0.144,0.144,0.144,1000.0,0.64,1.0,normal,12.054
8,173,10380,2,0,1.28,1.28,0.64,1000.0,0.64,1.0,normal,13.334
8,173,10395,3,0,1.92,1.92,0.64,1000.0,0.64,1.0,normal,15.254
8,173,10410,1,0,0.64,0.64,0.64,1000.0,0.64,1.0,normal,15.894
8,173,10425,2,0,1.1956,1.1956,0.5978,1000.0,0.64,1.0,normal,17.0896
8,174,10440,1,0,0.633,0.633,0.633,1000.0,0.7,1.0,normal,17.7226
8,174,10455,5,0,3.5,3.5,0.7,1000.0,0.7,1.0,normal,21.2226
8,174,10470,0,0,0.0,0.0,0.7,1000.0,0.7,1.0,normal,21.2226
8,174,10485,2,1,1.4,1.4,0.7,1000.0,0.7,1.0,normal,22.6226
8,175,10500,0,0,0.0,0.0,0.73,1000.0,0.73,1.0,normal,22.6226
8,175,10515,0,0,0.0,0.0,0.73,1000.0,0.73,1.0,normal,22.6226
8,175,10530,1,0,0.73,0.73,0.73,1000.0,0.73,1.0,normal,23.3526
8,175,10545,1,0,0.73,0.73,0.73,1000.0,0.73,1.0,normal,24.0826
8,176,10560,1,1,0.82,0.82,0.82,1000.0,0.82,1.0,normal,24.9026
8,176,10575,1,0,0.82,0.82,0.82,1000.0,0.82,1.0,normal,25.7226
8,176,10590,5,0,4.1,4.1,0.82,1000.0,0.82,1.0,normal,29.8226
8,176,10605,3,0,2.46,2.46,0.82,1000.0,0.82,1.0,normal,32.2826
8,177,10620,5,0,4.45,4.45,0.89,1000.0,0.89,1.0,normal,36.7326
8,177,10635,1,0,0.89,0.89,0.89,1000.0,0.89,1.0,normal,37.6226
8,177,10650,2,0,1.78,1.78,0.89,1000.0,0.89,1.0,normal,39.4026
8,177,10665,6,0,4.2106,4.2106,0.7018,1000.0,0.89,1.0,normal,43.6132
8,178,10680,3,0,2.79,2.79,0.93,1000.0,0.93,1.0,normal,46.4032
8,178,10695,2,0,0.7862,0.7862,0.3931,1000.0,0.93,1.0,normal,47.1894
8,178,10710,0,0,0.0,0.0,0.3305,1000.0,0.93,1.0,normal,47.1894
8,178,10725,5,1,4.65,4.65,0.93,1000.0,0.93,1.0,normal,51.8394
8,179,10740,2,0,1.86,1.86,0.93,1000.0,0.93,1.0,normal,53.6994
8,179,10755,6,0,5.58,5.58,0.93,1000.0,0.93,1.0,normal,59.2794
8,179,10770,2,1,1.86,1.86,0.93,1000.0,0.93,1.0,normal,61.1394
8,179,10785,2,0,1.86,1.86,0.93,1000.0,0.93,1.0,normal,62.9994
8,180,10800,0,0,0.0,0.0,0.01,1000.0,0.01,1.0,normal,62.9994
8,180,10815,0,0,0.0,0.0,0.01,1000.0,0.01,1.0,normal,62.9994
8,180,10830,0,0,0.0,0.0,0.01,1000.0,0.01,1.0,normal,62.9994
8,180,10845,0,0,0.0,0.0,0.01,1000.0,0.01,1.0,normal,62.9994
8,181,10860,0,0,0.0,0.0,0.01,1000.0,0.01,1.0,normal,62.9994
8,181,10875,0,0,0.0,0.0,0.01,1000.0,0.01,1.0,normal,62.9994
8,181,10890,0,0,0.0,0.0,0.01,1000.0,0.01,1.0,normal,62.9994
8,181,10905,0,0,0.0,0.0,0.01,1000.0,0.01,1.0,normal,62.9994
8,182,10920,0,0,0.0,0.0,0.01,1000.0,0.01,1.0,normal,62.9994
8,182,10935,0,0,0.0,0.0,0.01,1000.0,0.01,1.0,normal,62.9994
8,182,10950,0,0,0.0,0.0,0.01,1000.0,0.01,1.0,normal,62.9994
8,182,10965,0,0,0.0,0.0,0.01,1000.0,0.01,1.0,normal,62.9994
8,183,10980,0,0,0.0,0.0,0.01,1000.0,0.01,1.0,normal,62.9994
8,183,10995,0,0,0.0,0.0,0.01,1000.0,0.01,1.0,normal,62.9994
8,183,11010,0,0,0.0,0.0,0.01,1000.0,0.01,1.0,normal,62.9994
8,183,11025,0,0,0.0,0.0,0.01,1000.0,0.01,1.0,normal,62.9994
8,184,11040,13,0,29.8197,29.8197,2.2938,1000.0,4.2,1.0,normal,92.8191
8,184,11055,5,0,7.3542,7.3542,1.4708,1000.0,4.2,1.0,normal,100.1733
8,184,11070,10,0,27.7392,27.7392,2.7739,1000.0,4.2,1.0,normal,127.9125
8,184,11085,10,0,41.6178,41.6178,4.1618,1000.0,4.2,1.0,normal,169.5303
8,185,11100,11,1,25.0059,25.0059,2.2733,1000.0,4.58,1.0,normal,194.5362
8,185,11115,5,0,22.9,22.9,4.58,1000.0,4.58,1.0,normal,217.4362
8,185,11130,13,0,59.54,59.54,4.58,1000.0,4.58,1.0,normal,276.9762
8,185,11145,12,0,26.2988,26.2988,2.1916,1000.0,4.58,1.0,normal,303.275
8,186,11160,13,0,32.4387,32.4387,2.4953,1000.0,4.79,1.0,normal,335.7137
8,186,11175,12,1,57.48,57.48,4.79,1000.0,4.79,1.0,normal,393.1937
8,186,11190,14,0,67.06,67.06,4.79,1000.0,4.79,1.0,normal,460.2537
8,186,11205,12,0,48.5051,48.5051,4.0421,1000.0,4.79,1.0,normal,508.7588
8,187,11220,15,0,50.7525,50.7525,3.3835,1000.0,4.69,1.0,normal,559.5113
8,187,11235,10,0,19.9981,19.9981,1.9998,1000.0,4.69,1.0,normal,579.5094
8,187,11250,12,0,42.1866,42.1866,3.5156,1000.0,4.69,1.0,normal,621.696
8,187,11265,11,0,1.8556,1.8556,0.1687,1000.0,4.69,1.0,normal,623.5516
8,188,11280,0,0,0.0,0.0,0.01,1000.0,0.01,1.0,normal,623.5516
8,188,11295,0,0,0.0,0.0,0.01,1000.0,0.01,1.0,normal,623.5516
8,188,11310,0,0,0.0,0.0,0.01,1000.0,0.01,1.0,normal,623.5516
8,188,11325,0,0,0.0,0.0,0.01,1000.0,0.01,1.0,normal,623.5516
8,189,11340,0,0,0.0,0.0,0.01,1000.0,0.01,1.0,normal,623.5516
8,189,11355,0,0,0.0,0.0,0.01,1000.0,0.01,1.0,normal,623.5516
8,189,11370,0,0,0.0,0.0,0.01,1000.0,0.01,1.0,normal,623.5516
8,189,11385,0,0,0.0,0.0,0.01,1000.0,0.01,1.0,normal,623.5516
8,190,11400,0,0,0.0,0.0,0.01,1000.0,0.01,1.0,normal,623.5516
8,190,11415,0,0,0.0,0.0,0.01,1000.0,0.01,1.0,normal,623.5516
8,190,11430,0,0,0.0,0.0,0.01,1000.0,0.01,1.0,normal,623.5516
8,190,11445,0,0,0.0,0.0,0.01,1000.0,0.01,1.0,normal,623.5516
8,191,11460,0,0,0.0,0.0,0.01,1000.0,0.01,1.0,normal,623.5516
8,191,11475,0,0,0.0,0.0,0.01,1000.0,0.01,1.0,normal,623.5516
8,191,11490,0,0,0.0,0.0,0.01,1000.0,0.01,1.0,normal,623.5516
8,191,11505,0,0,0.0,0.0,0.01,1000.0,0.01,1.0,normal,623.5516
9,192,11520,2,0,1.0,1.0,0.5,1000.0,0.5,1.0,normal,1.0
9,192,11535,1,0,0.0639,0.0639,0.0639,1000.0,0.5,1.0,normal,1.0639
9,192,11550,2,0,1.0,1.0,0.5,1000.0,0.5,1.0,normal,2.0639
9,192,11565,0,0,0.0,0.0,0.3479,1000.0,0.5,1.0,normal,2.0639
9,193,11580,2,0,1.0,1.0,0.5,1000.0,0.5,1.0,normal,3.0639
9,193,11595,2,0,1.0,1.0,0.5,1000.0,0.5,1.0,normal,4.0639
9,193,11610,0,0,0.0,0.0,0.5,1000.0,0.5,1.0,normal,4.0639
9,193,11625,1,0,0.5,0.5,0.5,1000.0,0.5,1.0,normal,4.5639
9,194,11640,3,0,1.5,1.5,0.5,1000.0,0.5,1.0,normal,6.0639
9,194,11655,2,0,0.2383,0.2383,0.1192,1000.0,0.5,1.0,normal,6.3022
9,194,11670,2,0,0.7401,0.7401,0.37,1000.0,0.5,1.0,normal,7.0423
9,194,11685,2,0,1.0,1.0,0.5,1000.0,0.5,1.0,normal,8.0423
9,195,11700,0,0,0.0,0.0,0.5,1000.0,0.5,1.0,normal,8.0423
9,195,11715,4,0,2.0,2.0,0.5,1000.0,0.5,1.0,normal,10.0423
9,195,11730,0,0,0.0,0.0,0.5,1000.0,0.5,1.0,normal,10.0423
9,195,11745,0,0,0.0,0.0,0.5,1000.0,0.5,1.0,normal,10.0423
9,196,11760,0,0,0.0,0.0,0.5,1000.0,0.5,1.0,normal,10.0423
9,196,11775,3,1,1.5,1.5,0.5,1000.0,0.5,1.0,normal,11.5423
9,196,11790,1,0,0.5,0.5,0.5,1000.0,0.5,1.0,normal,12.0423
9,196,11805,0,0,0.0,0.0,0.5,1000.0,0.5,1.0,normal,12.0423
9,197,11820,3,0,1.5,1.5,0.5,1000.0,0.5,1.0,normal,13.5423
9,197,11835,1,0,0.5,0.5,0.5,1000.0,0.5,1.0,normal,14.0423
9,197,11850,1,0,0.5,0.5,0.5,1000.0,0.5,1.0,normal,14.5423
9,197,11865,0,0,0.0,0.0,0.3892,1000.0,0.5,1.0,normal,14.5423
9,198,11880,2,0,1.0,1.0,0.5,1000.0,0.5,1.0,normal,15.5423
9,198,11895,1,0,0.5,0.5,0.5,1000.0,0.5,1.0,normal,16.0423
9,198,11910,2,0,1.0,1.0,0.5,1000.0,0.5,1.0,normal,17.0423
9,198,11925,2,0,1.0,1.0,0.5,1000.0,0.5,1.0,normal,18.0423
9,199,11940,1,0,0.5,0.5,0.5,1000.0,0.5,1.0,normal,18.5423
9,199,11955,0,0,0.0,0.0,0.5,1000.0,0.5,1.0,normal,18.5423
9,199,11970,1,0,0.5,0.5,0.5,1000.0,0.5,1.0,normal,19.0423
9,199,11985,1,0,0.5,0.5,0.5,1000.0,0.5,1.0,normal,19.5423
9,200,12000,0,0,0.0,0.0,0.5,1000.0,0.5,1.0,normal,19.5423
9,200,12015,0,0,0.0,0.0,0.5,1000.0,0.5,1.0,normal,19.5423
9,200,12030,2,0,1.0,1.0,0.5,1000.0,0.5,1.0,normal,20.5423
9,200,12045,2,0,1.0,1.0,0.5,1000.0,0.5,1.0,normal,21.5423
9,201,12060,0,0,0.0,0.0,0.5,1000.0,0.5,1.0,normal,21.5423
9,201,12075,2,0,1.0,1.0,0.5,1000.0,0.5,1.0,normal,22.5423
9,201,12090,4,0,2.0,2.0,0.5,1000.0,0.5,1.0,normal,24.5423
9,201,12105,0,0,0.0,0.0,0.5,1000.0,0.5,1.0,normal,24.5423
9,202,12120,1,0,0.5,0.5,0.5,1000.0,0.5,1.0,normal,25.0423
9,202,12135,0,0,0.0,0.0,0.5,1000.0,0.5,1.0,normal,25.0423
9,202,12150,1,0,0.5,0.5,0.5,1000.0,0.5,1.0,normal,25.5423
9,202,12165,2,0,1.0,1.0,0.5,1000.0,0.5,1.0,normal,26.5423
9,203,12180,3,0,1.5,1.5,0.5,1000.0,0.5,1.0,normal,28.0423
9,203,12195,0,0,0.0,0.0,0.5,1000.0,0.5,1.0,normal,28.0423
9,203,12210,0,0,0.0,0.0,0.5,1000.0,0.5,1.0,normal,28.0423
9,203,12225,1,0,0.2449,0.2449,0.2449,1000.0,0.5,1.0,normal,28.2872
9,204,12240,0,0,0.0,0.0,0.5,1000.0,0.5,1.0,normal,28.2872
9,204,12255,1,0,0.4799,0.4799,0.4799,1000.0,0.5,1.0,normal,28.7671
9,204,12270,1,0,0.4171,0.4171,0.4171,1000.0,0.5,1.0,normal,29.1842
9,204,12285,2,0,0.9469,0.9469,0.4735,1000.0,0.5,1.0,normal,30.1311
9,205,12300,1,0,0.0476,0.0476,0.0476,1000.0,0.5,1.0,normal,30.1787
9,205,12315,2,0,0.7173,0.7173,0.3586,1000.0,0.5,1.0,normal,30.896
9,205,12330,0,0,0.0,0.0,0.5,1000.0,0.5,1.0,normal,30.896
9,205,12345,1,0,0.0967,0.0967,0.0967,1000.0,0.5,1.0,normal,30.9927
9,206,12360,1,0,0.55,0.55,0.55,1000.0,0.55,1.0,normal,31.5427
9,206,12375,0,0,0.0,0.0,0.55,1000.0,0.55,1.0,normal,31.5427
9,206,12390,2,0,1.1,1.1,0.55,1000.0,0.55,1.0,normal,32.6427
9,206,12405,1,0,0.55,0.55,0.55,1000.0,0.55,1.0,normal,33.1927
9,207,12420,3,0,1.71,1.71,0.57,1000.0,0.57,1.0,normal,34.9027
9,207,12435,0,0,0.0,0.0,0.57,1000.0,0.57,1.0,normal,34.9027
9,207,12450,4,0,1.1683,1.1683,0.2921,1000.0,0.57,1.0,normal,36.071
9,207,12465,1,0,0.57,0.57,0.57,1000.0,0.57,1.0,normal,36.641
9,208,12480,1,0,0.5,0.5,0.5,1000.0,0.5,1.0,normal,37.141
9,208,12495,1,0,0.5,0.5,0.5,1000.0,0.5,1.0,normal,37.641
9,208,12510,1,1,0.5,0.5,0.5,1000.0,0.5,1.0,normal,38.141
9,208,12525,1,0,0.5,0.5,0.5,1000.0,0.5,1.0,normal,38.641
9,209,12540,0,0,0.0,0.0,0.55,1000.0,0.55,1.0,normal,38.641
9,209,12555,2,0,1.1,1.1,0.55,1000.0,0.55,1.0,normal,39.741
9,209,12570,3,0,1.65,1.65,0.55,1000.0,0.55,1.0,normal,41.391
9,209,12585,4,0,2.2,2.2,0.55,1000.0,0.55,1.0,normal,43.591
9,210,12600,2,0,1.14,1.14,0.57,1000.0,0.57,1.0,normal,44.731
9,210,12615,1,0,0.57,0.57,0.57,1000.0,0.57,1.0,normal,45.301
9,210,12630,1,0,0.57,0.57,0.57,1000.0,0.57,1.0,normal,45.871
9,210,12645,3,0,0.8373,0.8373,0.2791,1000.0,0.57,1.0,normal,46.7083
9,211,12660,1,0,0.57,0.57,0.57,1000.0,0.57,1.0,normal,47.2783
9,211,12675,1,0,0.57,0.57,0.57,1000.0,0.57,1.0,normal,47.8483
9,211,12690,0,0,0.0,0.0,0.57,1000.0,0.57,1.0,normal,47.8483
9,211,12705,2,0,0.6519,0.6519,0.326,1000.0,0.57,1.0,normal,48.5002
9,212,12720,1,0,0.64,0.64,0.64,1000.0,0.64,1.0,normal,49.1402
9,212,12735,0,0,0.0,0.0,0.64,1000.0,0.64,1.0,normal,49.1402
9,212,12750,2,0,1.28,1.28,0.64,1000.0,0.64,1.0,normal,50.4202
9,212,12765,1,0,0.64,0.64,0.64,1000.0,0.64,1.0,normal,51.0602
9,213,12780,1,0,0.7,0.7,0.7,1000.0,0.7,1.0,normal,51.7602
9,213,12795,2,0,0.8829,0.8829,0.4414,1000.0,0.7,1.0,normal,52.6431
9,213,12810,1,0,0.4251,0.4251,0.4251,1000.0,0.7,1.0,normal,53.0682
9,213,12825,1,0,0.7,0.7,0.7,1000.0,0.7,1.0,normal,53.7682
9,214,12840,3,0,2.19,2.19,0.73,1000.0,0.73,1.0,normal,55.9582
9,214,12855,0,0,0.0,0.0,0.73,1000.0,0.73,1.0,normal,55.9582
9,214,12870,0,0,0.0,0.0,0.73,1000.0,0.73,1.0,normal,55.9582
9,214,12885,3,1,2.19,2.19,0.73,1000.0,0.73,1.0,normal,58.1482
9,215,12900,3,0,2.19,2.19,0.73,1000.0,0.73,1.0,normal,60.3382
9,215,12915,2,0,1.46,1.46,0.73,1000.0,0.73,1.0,normal,61.7982
9,215,12930,2,0,1.46,1.46,0.73,1000.0,0.73,1.0,normal,63.2582
9,215,12945,6,1,4.38,4.38,0.73,1000.0,0.73,1.0,normal,67.6382
10,216,12960,0,0,0.0,0.0,0.7288,1000.0,0.82,1.0,normal,0.0
10,216,12975,1,0,0.1729,0.1729,0.1729,1000.0,0.82,1.0,normal,0.1729
10,216,12990,0,0,0.0,0.0,0.82,1000.0,0.82,1.0,normal,0.1729
10,216,13005,2,0,1.64,1.64,0.82,1000.0,0.82,1.0,normal,1.8129
10,217,13020,2,0,1.78,1.78,0.89,1000.0,0.89,1.0,normal,3.5929
10,217,13035,0,0,0.0,0.0,0.1716,1000.0,0.89,1.0,normal,3.5929
10,217,13050,2,0,1.78,1.78,0.89,1000.0,0.89,1.0,normal,5.3729
10,217,13065,2,0,1.78,1.78,0.89,1000.0,0.89,1.0,normal,7.1529
10,218,13080,1,0,0.4106,0.4106,0.4106,1000.0,0.93,1.0,normal,7.5635
10,218,13095,3,0,2.79,2.79,0.93,1000.0,0.93,1.0,normal,10.3535
10,218,13110,4,0,3.5418,3.5418,0.8855,1000.0,0.93,1.0,normal,13.8953
10,218,13125,1,0,0.93,0.93,0.93,1000.0,0.93,1.0,normal,14.8253
10,219,13140,2,0,1.86,1.86,0.93,1000.0,0.93,1.0,normal,16.6853
10,219,13155,0,0,0.0,0.0,0.93,1000.0,0.93,1.0,normal,16.6853
10,219,13170,0,0,0.0,0.0,0.93,1000.0,0.93,1.0,normal,16.6853
10,219,13185,2,0,1.86,1.86,0.93,1000.0,0.93,1.0,normal,18.5453
10,220,13200,4,0,1.0231,1.0231,0.2558,1000.0,1.02,1.0,normal,19.5684
10,220,13215,1,0,1.02,1.02,1.02,1000.0,1.02,1.0,normal,20.5884
10,220,13230,0,0,0.0,0.0,1.02,1000.0,1.02,1.0,normal,20.5884
10,220,13245,5,0,4.9324,4.9324,0.9865,1000.0,1.02,1.0,normal,25.5208
10,221,13260,1,1,0.4052,0.4052,0.4052,1000.0,1.11,1.0,normal,25.926
10,221,13275,0,0,0.0,0.0,1.11,1000.0,1.11,1.0,normal,25.926
10,221,13290,2,0,2.22,2.22,1.11,1000.0,1.11,1.0,normal,28.146
10,221,13305,3,0,2.2404,2.2404,0.7468,1000.0,1.11,1.0,normal,30.3864
10,222,13320,2,0,2.32,2.32,1.16,1000.0,1.16,1.0,normal,32.7064
10,222,13335,2,0,2.32,2.32,1.16,1000.0,1.16,1.0,normal,35.0264
10,222,13350,5,0,2.6012,2.6012,0.5202,1000.0,1.16,1.0,normal,37.6276
10,222,13365,1,0,1.16,1.16,1.16,1000.0,1.16,1.0,normal,38.7876
10,223,13380,3,0,1.0106,1.0106,0.3369,1000.0,1.16,1.0,normal,39.7982
10,223,13395,1,0,1.16,1.16,1.16,1000.0,1.16,1.0,normal,40.9582
10,223,13410,3,0,3.36,3.36,1.12,1000.0,1.16,1.0,normal,44.3182
10,223,13425,3,0,3.48,3.48,1.16,1000.0,1.16,1.0,normal,47.7982
10,224,13440,3,0,0.2077,0.2077,0.0692,1000.0,1.3,1.0,normal,48.0059
10,224,13455,4,0,3.073,3.073,0.7683,1000.0,1.3,1.0,normal,51.0789
10,224,13470,4,0,5.2,5.2,1.3,1000.0,1.3,1.0,normal,56.2789
10,224,13485,2,0,0.5985,0.5985,0.2993,1000.0,1.3,1.0,normal,56.8774
10,225,13500,2,0,1.6592,1.6592,0.8296,1000.0,1.42,1.0,normal,58.5366
10,225,13515,3,0,0.8637,0.8637,0.2879,1000.0,1.42,1.0,normal,59.4003
10,225,13530,8,1,11.36,11.36,1.42,1000.0,1.42,1.0,normal,70.7603
10,225,13545,4,0,3.6406,3.6406,0.9102,1000.0,1.42,1.0,normal,74.4009
10,226,13560,3,0,4.44,4.44,1.48,1000.0,1.48,1.0,normal,78.8409
10,226,13575,3,0,4.44,4.44,1.48,1000.0,1.48,1.0,normal,83.2809
10,226,13590,3,0,4.44,4.44,1.48,1000.0,1.48,1.0,normal,87.7209
10,226,13605,4,0,2.8439,2.8439,0.711,1000.0,1.48,1.0,normal,90.5648
10,227,13620,3,0,2.9386,2.9386,0.9795,1000.0,1.48,1.0,normal,93.5034
10,227,13635,4,0,5.92,5.92,1.48,1000.0,1.48,1.0,normal,99.4234
10,227,13650,4,0,5.92,5.92,1.48,1000.0,1.48,1.0,normal,105.3434
10,227,13665,3,0,1.1512,1.1512,0.3837,1000.0,1.48,1.0,normal,106.4946
10,228,13680,6,0,4.4906,4.4906,0.7484,1000.0,1.63,1.0,normal,110.9852
10,228,13695,3,0,1.3021,1.3021,0.434,1000.0,1.63,1.0,normal,112.2873
10,228,13710,4,0,4.2991,4.2991,1.0748,1000.0,1.63,1.0,normal,116.5864
10,228,13725,3,0,2.1059,2.1059,0.702,1000.0,1.63,1.0,normal,118.6923
10,229,13740,4,0,4.0165,4.0165,1.0041,1000.0,1.78,1.0,normal,122.7088
10,229,13755,2,0,3.56,3.56,1.78,1000.0,1.78,1.0,normal,126.2688
10,229,13770,2,0,1.7734,1.7734,0.8867,1000.0,1.78,1.0,normal,128.0422
10,229,13785,6,0,10.68,10.68,1.78,1000.0,1.78,1.0,normal,138.7222
10,230,13800,3,0,5.58,5.58,1.86,1000.0,1.86,1.0,normal,144.3022
10,230,13815,6,0,10.4154,10.4154,1.7359,1000.0,1.86,1.0,normal,154.7176
10,230,13830,8,0,14.88,14.88,1.86,1000.0,1.86,1.0,normal,169.5976
10,230,13845,2,0,3.72,3.72,1.86,1000.0,1.86,1.0,normal,173.3176
10,231,13860,2,0,2.3822,2.3822,1.1911,1000.0,1.86,1.0,normal,175.6998
10,231,13875,4,0,1.9779,1.9779,0.4945,1000.0,1.86,1.0,normal,177.6777
10,231,13890,4,0,7.1641,7.1641,1.791,1000.0,1.86,1.0,normal,184.8418
10,231,13905,4,0,7.44,7.44,1.86,1000.0,1.86,1.0,normal,192.2818
10,232,13920,1,0,0.01,0.01,0.01,1000.0,0.01,1.0,normal,192.2918
10,232,13935,0,0,0.0,0.0,0.01,1000.0,0.01,1.0,normal,192.2918
10,232,13950,0,0,0.0,0.0,0.01,1000.0,0.01,1.0,normal,192.2918
10,232,13965,0,0,0.0,0.0,0.01,1000.0,0.01,1.0,normal,192.2918
10,233,13980,0,0,0.0,0.0,0.01,1000.0,0.01,1.0,normal,192.2918
10,233,13995,0,0,0.0,0.0,0.01,1000.0,0.01,1.0,normal,192.2918
10,233,14010,0,0,0.0,0.0,0.01,1000.0,0.01,1.0,normal,192.2918
10,233,14025,0,0,0.0,0.0,0.01,1000.0,0.01,1.0,normal,192.2918
10,234,14040,0,0,0.0,0.0,0.01,1000.0,0.01,1.0,normal,192.2918
10,234,14055,0,0,0.0,0.0,0.01,1000.0,0.01,1.0,normal,192.2918
10,234,14070,0,0,0.0,0.0,0.01,1000.0,0.01,1.0,normal,192.2918
10,234,14085,0,0,0.0,0.0,0.01,1000.0,0.01,1.0,normal,192.2918
10,235,14100,0,0,0.0,0.0,0.01,1000.0,0.01,1.0,normal,192.2918
10,235,14115,0,0,0.0,0.0,0.01,1000.0,0.01,1.0,normal,192.2918
10,235,14130,0,0,0.0,0.0,0.01,1000.0,0.01,1.0,normal,192.2918
10,235,14145,0,0,0.0,0.0,0.01,1000.0,0.01,1.0,normal,192.2918
10,236,14160,8,1,2.7205,2.7205,0.3401,1000.0,4.2,1.0,normal,195.0123
10,236,14175,10,0,25.1698,25.1698,2.517,1000.0,4.2,1.0,normal,220.1821
10,236,14190,13,0,48.9796,48.9796,3.7677,1000.0,4.2,1.0,normal,269.1617
10,236,14205,13,0,50.8541,50.8541,3.9119,1000.0,4.2,1.0,normal,320.0158
10,237,14220,6,0,15.8882,15.8882,2.648,1000.0,4.12,1.0,normal,335.904
10,237,14235,9,0,9.8828,9.8828,1.0981,1000.0,4.12,1.0,normal,345.7868
10,237,14250,8,0,19.8924,19.8924,2.4865,1000.0,4.12,1.0,normal,365.6792
10,237,14265,8,0,3.2153,3.2153,0.4019,1000.0,4.12,1.0,normal,368.8945
10,238,14280,12,1,39.6229,39.6229,3.3019,1000.0,3.96,1.0,normal,408.5174
10,238,14295,5,0,1.6134,1.6134,0.3227,1000.0,3.96,1.0,normal,410.1308
10,238,14310,6,0,23.76,23.76,3.96,1000.0,3.96,1.0,normal,433.8908
10,238,14325,12,0,25.2413,25.2413,2.1034,1000.0,3.96,1.0,normal,459.1321
10,239,14340,8,0,19.7845,19.7845,2.4731,1000.0,3.8,1.0,normal,478.9166
10,239,14355,16,0,48.0246,48.0246,3.0015,1000.0,3.8,1.0,normal,526.9412
10,239,14370,10,0,38.0,38.0,3.8,1000.0,3.8,1.0,normal,564.9412
10,239,14385,9,1,15.7594,15.7594,1.751,1000.0,3.8,1.0,normal,580.7006
11,240,14400,14,0,48.3273,48.3273,3.452,1000.0,3.78,1.0,normal,48.3273
11,240,14415,9,0,33.2349,33.2349,3.6928,1000.0,3.78,1.0,normal,81.5622
11,240,14430,10,0,23.8164,23.8164,2.3816,1000.0,3.78,1.0,normal,105.3786
11,240,14445,10,3,23.0513,7.6838,2.3051,1000.0,3.78,1.0,normal,128.4299
11,241,14460,5,0,18.9,18.9,3.78,1000.0,3.78,1.0,normal,147.3299
11,241,14475,9,0,34.02,34.02,3.78,1000.0,3.78,1.0,normal,181.3499
11,241,14490,13,0,45.7818,45.7818,3.5217,1000.0,3.78,1.0,normal,227.1317
11,241,14505,8,0,24.0458,24.0458,3.0057,1000.0,3.78,1.0,normal,251.1775
11,242,14520,10,0,2.9954,2.9954,0.2995,1000.0,3.78,1.0,normal,254.1729
11,242,14535,14,0,1.8964,1.8964,0.1355,1000.0,3.78,1.0,normal,256.0693
11,242,14550,12,0,28.1038,28.1038,2.342,1000.0,3.78,1.0,normal,284.1731
11,242,14565,13,0,14.9051,14.9051,1.1465,1000.0,3.78,1.0,normal,299.0782
11,243,14580,7,0,9.8661,9.8661,1.4094,1000.0,3.78,1.0,normal,308.9443
11,243,14595,10,0,37.8,37.8,3.78,1000.0,3.78,1.0,normal,346.7443
11,243,14610,9,0,32.7416,32.7416,3.638,1000.0,3.78,1.0,normal,379.4859
11,243,14625,14,0,49.3077,49.3077,3.522,1000.0,3.78,1.0,normal,428.7936
11,244,14640,8,0,10.5518,10.5518,1.319,1000.0,3.02,1.0,normal,439.3454
11,244,14655,10,0,16.4505,16.4505,1.6451,1000.0,3.02,1.0,normal,455.7959
11,244,14670,5,0,10.6305,10.6305,2.1261,1000.0,3.02,1.0,normal,466.4264
11,244,14685,7,1,7.3675,7.3675,1.0525,1000.0,3.02,1.0,normal,473.7939
11,245,14700,7,0,9.6216,9.6216,1.3745,1000.0,3.02,1.0,normal,483.4155
11,245,14715,8,1,19.2563,19.2563,2.407,1000.0,3.02,1.0,normal,502.6718
11,245,14730,5,0,15.1,15.1,3.02,1000.0,3.02,1.0,normal,517.7718
11,245,14745,11,1,33.22,33.22,3.02,1000.0,3.02,1.0,normal,550.9918
11,246,14760,7,2,5.6293,2.8147,0.8042,1000.0,3.02,1.0,normal,556.6211
11,246,14775,2,0,6.04,6.04,3.02,1000.0,3.02,1.0,normal,562.6611
11,246,14790,6,0,14.3595,14.3595,2.3932,1000.0,3.02,1.0,normal,577.0206
11,246,14805,9,0,0.7759,0.7759,0.0862,1000.0,3.02,1.0,normal,577.7965
11,247,14820,7,0,21.14,21.14,3.02,1000.0,3.02,1.0,normal,598.9365
11,247,14835,7,0,9.679,9.679,1.3827,1000.0,3.02,1.0,normal,608.6155
11,247,14850,8,0,24.16,24.16,3.02,1000.0,3.02,1.0,normal,632.7755
11,247,14865,8,0,14.4254,14.4254,1.8032,1000.0,3.02,1.0,normal,647.2009
11,248,14880,7,0,19.04,19.04,2.72,1000.0,2.72,1.0,normal,666.2409
11,248,14895,11,2,29.92,14.96,2.72,1000.0,2.72,1.0,normal,696.1609
11,248,14910,7,0,19.04,19.04,2.72,1000.0,2.72,1.0,normal,715.2009
11,248,14925,8,0,21.76,21.76,2.72,1000.0,2.72,1.0,normal,736.9609
11,249,14940,3,0,5.5284,5.5284,1.8428,1000.0,2.72,1.0,normal,742.4893
11,249,14955,6,0,6.5681,6.5681,1.0947,1000.0,2.72,1.0,normal,749.0574
11,249,14970,4,0,5.6448,5.6448,1.4112,1000.0,2.72,1.0,normal,754.7022
11,249,14985,1,0,2.72,2.72,2.72,1000.0,2.72,1.0,normal,757.4222
11,250,15000,6,0,16.32,16.32,2.72,1000.0,2.72,1.0,normal,773.7422
11,250,15015,6,0,10.5427,10.5427,1.7571,1000.0,2.72,1.0,normal,784.2849
11,250,15030,4,0,10.88,10.88,2.72,1000.0,2.72,1.0,normal,795.1649
11,250,15045,2,0,3.1726,3.1726,1.5863,1000.0,2.72,1.0,normal,798.3375
11,251,15060,4,0,7.6052,7.6052,1.9013,1000.0,2.72,1.0,normal,805.9427
11,251,15075,9,0,7.2033,7.2033,0.8004,1000.0,2.72,1.0,normal,813.146
11,251,15090,3,0,7.2759,7.2759,2.4253,1000.0,2.72,1.0,normal,820.4219
11,251,15105,5,0,8.5643,8.5643,1.7129,1000.0,2.72,1.0,normal,828.9862
11,252,15120,8,0,6.2232,6.2232,0.7779,1000.0,2.45,1.0,normal,835.2094
11,252,15135,4,0,9.8,9.8,2.45,1000.0,2.45,1.0,normal,845.0094
11,252,15150,6,0,14.4213,14.4213,2.4035,1000.0,2.45,1.0,normal,859.4307
11,252,15165,8,0,7.9511,7.9511,0.9939,1000.0,2.45,1.0,normal,867.3818
11,253,15180,5,0,12.25,12.25,2.45,1000.0,2.45,1.0,normal,879.6318
11,253,15195,7,0,17.15,17.15,2.45,1000.0,2.45,1.0,normal,896.7818
11,253,15210,4,1,6.332,6.332,1.583,1000.0,2.45,1.0,budget_constrained,903.1138
11,253,15225,6,1,14.7,14.7,2.45,1000.0,2.45,1.0,budget_constrained,917.8138
11,254,15240,7,0,11.2274,11.2274,1.6039,1000.0,2.45,1.0,budget_constrained,929.0412
11,254,15255,6,0,1.5492,1.5492,0.2582,1000.0,2.45,1.0,budget_constrained,930.5904
11,254,15270,8,1,17.3116,17.3116,2.1639,1000.0,2.45,1.0,budget_constrained,947.902
11,254,15285,5,0,6.0465,6.0465,1.2093,1000.0,2.45,1.0,budget_constrained,953.9485
11,255,15300,4,0,5.336,5.336,1.334,1000.0,2.45,1.0,budget_constrained,959.2845
11,255,15315,7,1,15.0478,15.0478,2.1497,1000.0,2.45,1.0,budget_constrained,974.3323
11,255,15330,6,0,4.484,4.484,0.7473,1000.0,2.45,1.0,budget_constrained,978.8163
11,255,15345,5,0,12.25,12.25,2.45,1000.0,2.45,1.0,budget_constrained,991.0663
11,256,15360,4,0,8.9337,8.9337,2.21,1000.0,2.21,1.0,budget_constrained,1000.0
11,256,15375,0,0,0.0,0.0,2.21,1000.0,2.21,1.0,budget_constrained,1000.0
11,256,15390,0,0,0.0,0.0,0.1628,1000.0,2.21,1.0,budget_constrained,1000.0
11,256,15405,0,0,0.0,0.0,1.3736,1000.0,2.21,1.0,budget_constrained,1000.0
11,257,15420,0,0,0.0,0.0,2.21,1000.0,2.21,1.0,budget_constrained,1000.0
11,257,15435,0,0,0.0,0.0,2.1875,1000.0,2.21,1.0,budget_constrained,1000.0
11,257,15450,0,0,0.0,0.0,0.7428,1000.0,2.21,1.0,budget_constrained,1000.0
11,257,15465,0,0,0.0,0.0,2.21,1000.0,2.21,1.0,budget_constrained,1000.0
11,258,15480,0,0,0.0,0.0,0.3907,1000.0,2.21,1.0,budget_constrained,1000.0
11,258,15495,0,0,0.0,0.0,1.261,1000.0,2.21,1.0,budget_constrained,1000.0
11,258,15510,0,0,0.0,0.0,1.7517,1000.0,2.21,1.0,budget_constrained,1000.0
11,258,15525,0,0,0.0,0.0,2.21,1000.0,2.21,1.0,budget_constrained,1000.0
11,259,15540,0,0,0.0,0.0,1.2564,1000.0,2.21,1.0,budget_constrained,1000.0
11,259,15555,0,0,0.0,0.0,2.21,1000.0,2.21,1.0,budget_constrained,1000.0
11,259,15570,0,0,0.0,0.0,1.6708,1000.0,2.21,1.0,budget_constrained,1000.0
11,259,15585,0,0,0.0,0.0,0.4669,1000.0,2.21,1.0,budget_constrained,1000.0
11,260,15600,0,0,0.0,0.0,0.5339,1000.0,1.99,1.0,budget_constrained,1000.0
11,260,15615,0,0,0.0,0.0,0.2976,1000.0,1.99,1.0,budget_constrained,1000.0
11,260,15630,0,0,0.0,0.0,0.9377,1000.0,1.99,1.0,budget_constrained,1000.0
11,260,15645,0,0,0.0,0.0,0.4291,1000.0,1.99,1.0,budget_constrained,1000.0
11,261,15660,0,0,0.0,0.0,0.6797,1000.0,1.99,1.0,budget_constrained,1000.0
11,261,15675,0,0,0.0,0.0,1.4537,1000.0,1.99,1.0,budget_constrained,1000.0
11,261,15690,0,0,0.0,0.0,1.99,1000.0,1.99,1.0,budget_constrained,1000.0
11,261,15705,0,0,0.0,0.0,0.5941,1000.0,1.99,1.0,budget_constrained,1000.0
11,262,15720,0,0,0.0,0.0,1.472,1000.0,1.99,1.0,budget_constrained,1000.0
11,262,15735,0,0,0.0,0.0,1.99,1000.0,1.99,1.0,budget_constrained,1000.0
11,262,15750,0,0,0.0,0.0,1.99,1000.0,1.99,1.0,budget_constrained,1000.0
11,262,15765,0,0,0.0,0.0,0.9986,1000.0,1.99,1.0,budget_constrained,1000.0
11,263,15780,0,0,0.0,0.0,0.3953,1000.0,1.99,1.0,budget_constrained,1000.0
11,263,15795,0,0,0.0,0.0,1.99,1000.0,1.99,1.0,budget_constrained,1000.0
11,263,15810,0,0,0.0,0.0,1.99,1000.0,1.99,1.0,budget_constrained,1000.0
11,263,15825,0,0,0.0,0.0,1.99,1000.0,1.99,1.0,budget_constrained,1000.0
12,264,15840,0,0,0.0,0.0,2.23,1000.0,2.23,1.0,normal,0.0
12,264,15855,4,0,2.4137,2.4137,0.6034,1000.0,2.23,1.0,normal,2.4137
12,264,15870,7,0,7.2409,7.2409,1.0344,1000.0,2.23,1.0,normal,9.6546
12,264,15885,8,0,2.43,2.43,0.3037,1000.0,2.23,1.0,normal,12.0846
12,265,15900,1,0,0.5496,0.5496,0.5496,1000.0,2.34,1.0,normal,12.6342
12,265,15915,2,0,1.2439,1.2439,0.622,1000.0,2.34,1.0,normal,13.8781
12,265,15930,5,0,3.8422,3.8422,0.7684,1000.0,2.34,1.0,normal,17.7203
12,265,15945,4,0,9.36,9.36,2.34,1000.0,2.34,1.0,normal,27.0803
12,266,15960,6,0,14.76,14.76,2.46,1000.0,2.46,1.0,normal,41.8403
12,266,15975,14,0,32.7206,32.7206,2.3372,1000.0,2.46,1.0,normal,74.5609
12,266,15990,5,0,5.5612,5.5612,1.1122,1000.0,2.46,1.0,normal,80.1221
12,266,16005,8,0,19.68,19.68,2.46,1000.0,2.46,1.0,normal,99.8021
12,267,16020,4,0,7.3463,7.3463,1.8366,1000.0,2.46,1.0,normal,107.1484
12,267,16035,3,0,5.1684,5.1684,1.7228,1000.0,2.46,1.0,normal,112.3168
12,267,16050,12,0,18.276,18.276,1.523,1000.0,2.46,1.0,normal,130.5928
12,267,16065,6,0,14.76,14.76,2.46,1000.0,2.46,1.0,normal,145.3528
12,268,16080,8,0,11.0518,11.0518,1.3815,1000.0,2.76,1.0,normal,156.4046
12,268,16095,11,0,30.36,30.36,2.76,1000.0,2.76,1.0,normal,186.7646
12,268,16110,6,0,3.1039,3.1039,0.5173,1000.0,2.76,1.0,normal,189.8685
12,268,16125,8,0,17.7617,17.7617,2.2202,1000.0,2.76,1.0,normal,207.6302
12,269,16140,8,0,22.08,22.08,2.76,1000.0,2.76,1.0,normal,229.7102
12,269,16155,7,0,14.5861,14.5861,2.0837,1000.0,2.76,1.0,normal,244.2963
12,269,16170,6,1,0.3048,0.3048,0.0508,1000.0,2.76,1.0,normal,244.6011
12,269,16185,6,0,6.8296,6.8296,1.1383,1000.0,2.76,1.0,normal,251.4307
12,270,16200,9,0,24.84,24.84,2.76,1000.0,2.76,1.0,normal,276.2707
12,270,16215,1,1,2.76,2.76,2.76,1000.0,2.76,1.0,normal,279.0307
12,270,16230,7,0,6.029,6.029,0.8613,1000.0,2.76,1.0,normal,285.0597
12,270,16245,11,0,25.3009,25.3009,2.3001,1000.0,2.76,1.0,normal,310.3606
12,271,16260,7,0,1.742,1.742,0.2489,1000.0,2.9,1.0,normal,312.1026
12,271,16275,9,1,11.3054,11.3054,1.2562,1000.0,2.9,1.0,normal,323.408
12,271,16290,4,0,3.1932,3.1932,0.7983,1000.0,2.9,1.0,normal,326.6012
12,271,16305,6,0,6.85,6.85,1.1417,1000.0,2.9,1.0,normal,333.4512
12,272,16320,9,0,15.6419,15.6419,1.738,1000.0,3.25,1.0,normal,349.0931
12,272,16335,9,0,24.9808,24.9808,2.7756,1000.0,3.25,1.0,normal,374.0739
12,272,16350,6,1,0.2825,0.2825,0.0471,1000.0,3.25,1.0,normal,374.3564
12,272,16365,10,0,28.377,28.377,2.8377,1000.0,3.25,1.0,normal,402.7334
12,273,16380,9,0,12.3408,12.3408,1.3712,1000.0,3.25,1.0,normal,415.0742
12,273,16395,11,0,35.75,35.75,3.25,1000.0,3.25,1.0,normal,450.8242
12,273,16410,5,0,2.0172,2.0172,0.4034,1000.0,3.25,1.0,normal,452.8414
12,273,16425,3,0,4.6734,4.6734,1.5578,1000.0,3.25,1.0,normal,457.5148
12,274,16440,8,0,24.6072,24.6072,3.0759,1000.0,3.25,1.0,normal,482.122
12,274,16455,9,2,29.25,14.625,3.25,1000.0,3.25,1.0,normal,511.372
12,274,16470,9,0,14.3126,14.3126,1.5903,1000.0,3.25,1.0,normal,525.6846
12,274,16485,5,0,5.6874,5.6874,1.1375,1000.0,3.25,1.0,normal,531.372
12,275,16500,5,1,7.8144,7.8144,1.5629,1000.0,3.25,1.0,normal,539.1864
12,275,16515,13,0,42.25,42.25,3.25,1000.0,3.25,1.0,normal,581.4364
12,275,16530,7,1,1.5579,1.5579,0.2226,1000.0,3.25,1.0,normal,582.9943
12,275,16545,17,2,50.2551,25.1276,2.9562,1000.0,3.25,1.0,normal,633.2494
12,276,16560,13,0,46.54,46.54,3.58,1000.0,3.58,1.0,normal,679.7894
12,276,16575,12,1,17.5974,17.5974,1.4664,1000.0,3.58,1.0,normal,697.3868
12,276,16590,6,1,16.2383,16.2383,2.7064,1000.0,3.58,1.0,normal,713.6251
12,276,16605,8,0,4.3367,4.3367,0.5421,1000.0,3.58,1.0,normal,717.9618
12,277,16620,9,0,6.2314,6.2314,0.6924,1000.0,3.71,1.0,normal,724.1932
12,277,16635,5,0,6.746,6.746,1.3492,1000.0,3.71,1.0,normal,730.9392
12,277,16650,14,0,51.94,51.94,3.71,1000.0,3.71,1.0,normal,782.8792
12,277,16665,11,1,18.316,18.316,1.6651,1000.0,3.71,1.0,normal,801.1952
12,278,16680,12,2,14.6084,7.3042,1.2174,1000.0,3.84,1.0,normal,815.8036
12,278,16695,11,1,31.4038,31.4038,2.8549,1000.0,3.84,1.0,normal,847.2074
12,278,16710,9,1,22.2713,22.2713,2.4746,1000.0,3.84,1.0,normal,869.4787
12,278,16725,11,0,42.24,42.24,3.84,1000.0,3.84,1.0,budget_constrained,911.7187
12,279,16740,12,1,30.6911,30.6911,2.5576,1000.0,3.84,1.0,budget_constrained,942.4098
12,279,16755,4,0,1.7821,1.7821,0.4455,1000.0,3.84,1.0,budget_constrained,944.1919
12,279,16770,13,0,47.4205,47.4205,3.6477,1000.0,3.84,1.0,budget_constrained,991.6124
12,279,16785,3,0,8.3876,8.3876,2.4864,1000.0,3.84,1.0,budget_depleted,1000.0
12,280,16800,0,0,0.0,0.0,0.0,1000.0,1.07,1.0,budget_depleted,1000.0
12,280,16815,0,0,0.0,0.0,0.0,1000.0,1.07,1.0,budget_depleted,1000.0
12,280,16830,0,0,0.0,0.0,0.0,1000.0,1.07,1.0,budget_depleted,1000.0
12,280,16845,0,0,0.0,0.0,0.0,1000.0,1.07,1.0,budget_depleted,1000.0
12,281,16860,0,0,0.0,0.0,0.0,1000.0,1.07,1.0,budget_depleted,1000.0
12,281,16875,0,0,0.0,0.0,0.0,1000.0,1.07,1.0,budget_depleted,1000.0
12,281,16890,0,0,0.0,0.0,0.0,1000.0,1.07,1.0,budget_depleted,1000.0
12,281,16905,0,0,0.0,0.0,0.0,1000.0,1.07,1.0,budget_depleted,1000.0
12,282,16920,0,0,0.0,0.0,0.0,1000.0,1.07,1.0,budget_depleted,1000.0
12,282,16935,0,0,0.0,0.0,0.0,1000.0,1.07,1.0,budget_depleted,1000.0
12,282,16950,0,0,0.0,0.0,0.0,1000.0,1.07,1.0,budget_depleted,1000.0
12,282,16965,0,0,0.0,0.0,0.0,1000.0,1.07,1.0,budget_depleted,1000.0
12,283,16980,0,0,0.0,0.0,0.0,1000.0,1.07,1.0,budget_depleted,1000.0
12,283,16995,0,0,0.0,0.0,0.0,1000.0,1.07,1.0,budget_depleted,1000.0
12,283,17010,0,0,0.0,0.0,0.0,1000.0,1.07,1.0,budget_depleted,1000.0
12,283,17025,0,0,0.0,0.0,0.0,1000.0,1.07,1.0,budget_depleted,1000.0
12,284,17040,0,0,0.0,0.0,0.0,1000.0,0.8,1.0,budget_depleted,1000.0
12,284,17055,0,0,0.0,0.0,0.0,1000.0,0.8,1.0,budget_depleted,1000.0
12,284,17070,0,0,0.0,0.0,0.0,1000.0,0.8,1.0,budget_depleted,1000.0
12,284,17085,0,0,0.0,0.0,0.0,1000.0,0.8,1.0,budget_depleted,1000.0
12,285,17100,0,0,0.0,0.0,0.0,1000.0,0.8,1.0,budget_depleted,1000.0
12,285,17115,0,0,0.0,0.0,0.0,1000.0,0.8,1.0,budget_depleted,1000.0
12,285,17130,0,0,0.0,0.0,0.0,1000.0,0.8,1.0,budget_depleted,1000.0
12,285,17145,0,0,0.0,0.0,0.0,1000.0,0.8,1.0,budget_depleted,1000.0
12,286,17160,0,0,0.0,0.0,0.0,1000.0,0.8,1.0,budget_depleted,1000.0
12,286,17175,0,0,0.0,0.0,0.0,1000.0,0.8,1.0,budget_depleted,1000.0
12,286,17190,0,0,0.0,0.0,0.0,1000.0,0.8,1.0,budget_depleted,1000.0
12,286,17205,0,0,0.0,0.0,0.0,1000.0,0.8,1.0,budget_depleted,1000.0
12,287,17220,0,0,0.0,0.0,0.0,1000.0,0.8,1.0,budget_depleted,1000.0
12,287,17235,0,0,0.0,0.0,0.0,1000.0,0.8,1.0,budget_depleted,1000.0
12,287,17250,0,0,0.0,0.0,0.0,1000.0,0.8,1.0,budget_depleted,1000.0
12,287,17265,0,0,0.0,0.0,0.0,1000.0,0.8,1.0,budget_depleted,1000.0
13,288,17280,0,0,0.0,0.0,0.0,1000.0,0.8,0.0,normal,0.0
13,288,17295,2,0,1.6,1.6,0.8,1000.0,0.8,0.0,normal,1.6
13,288,17310,3,0,2.4,2.4,0.8,1000.0,0.8,0.0,normal,4.0
13,288,17325,2,0,1.6,1.6,0.8,1000.0,0.8,0.0,normal,5.6
13,289,17340,0,0,0.0,0.0,0.01,1000.0,0.01,0.0,normal,5.6
13,289,17355,0,0,0.0,0.0,0.01,1000.0,0.01,0.0,normal,5.6
13,289,17370,0,0,0.0,0.0,0.01,1000.0,0.01,0.0,normal,5.6
13,289,17385,0,0,0.0,0.0,0.01,1000.0,0.01,0.0,normal,5.6
13,290,17400,0,0,0.0,0.0,0.01,1000.0,0.01,0.0,normal,5.6
13,290,17415,0,0,0.0,0.0,0.01,1000.0,0.01,0.0,normal,5.6
13,290,17430,0,0,0.0,0.0,0.01,1000.0,0.01,0.0,normal,5.6
13,290,17445,0,0,0.0,0.0,0.01,1000.0,0.01,0.0,normal,5.6
13,291,17460,0,0,0.0,0.0,0.01,1000.0,0.01,0.0,normal,5.6
13,291,17475,0,0,0.0,0.0,0.01,1000.0,0.01,0.0,normal,5.6
13,291,17490,0,0,0.0,0.0,0.01,1000.0,0.01,0.0,normal,5.6
13,291,17505,0,0,0.0,0.0,0.01,1000.0,0.01,0.0,normal,5.6
13,292,17520,0,0,0.0,0.0,0.01,1000.0,0.01,0.0,normal,5.6
13,292,17535,0,0,0.0,0.0,0.01,1000.0,0.01,0.0,normal,5.6
13,292,17550,0,0,0.0,0.0,0.01,1000.0,0.01,0.0,normal,5.6
13,292,17565,0,0,0.0,0.0,0.01,1000.0,0.01,0.0,normal,5.6
13,293,17580,0,0,0.0,0.0,0.01,1000.0,0.01,0.0,normal,5.6
13,293,17595,0,0,0.0,0.0,0.01,1000.0,0.01,0.0,normal,5.6
13,293,17610,0,0,0.0,0.0,0.01,1000.0,0.01,0.0,normal,5.6
13,293,17625,0,0,0.0,0.0,0.01,1000.0,0.01,0.0,normal,5.6
13,294,17640,0,0,0.0,0.0,0.01,1000.0,0.01,0.0,normal,5.6
13,294,17655,1,0,0.01,0.01,0.01,1000.0,0.01,0.0,normal,5.61
13,294,17670,0,0,0.0,0.0,0.01,1000.0,0.01,0.0,normal,5.61
13,294,17685,0,0,0.0,0.0,0.01,1000.0,0.01,0.0,normal,5.61
13,295,17700,0,0,0.0,0.0,0.01,1000.0,0.01,0.0,normal,5.61
13,295,17715,0,0,0.0,0.0,0.01,1000.0,0.01,0.0,normal,5.61
13,295,17730,0,0,0.0,0.0,0.01,1000.0,0.01,0.0,normal,5.61
13,295,17745,0,0,0.0,0.0,0.01,1000.0,0.01,0.0,normal,5.61
13,296,17760,0,0,0.0,0.0,0.01,1000.0,0.01,0.0,normal,5.61
13,296,17775,0,0,0.0,0.0,0.01,1000.0,0.01,0.0,normal,5.61
13,296,17790,0,0,0.0,0.0,0.01,1000.0,0.01,0.0,normal,5.61
13,296,17805,0,0,0.0,0.0,0.01,1000.0,0.01,0.0,normal,5.61
13,297,17820,0,0,0.0,0.0,0.01,1000.0,0.01,0.0,normal,5.61
13,297,17835,0,0,0.0,0.0,0.01,1000.0,0.01,0.0,normal,5.61
13,297,17850,0,0,0.0,0.0,0.01,1000.0,0.01,0.0,normal,5.61
13,297,17865,0,0,0.0,0.0,0.01,1000.0,0.01,0.0,normal,5.61
13,298,17880,0,0,0.0,0.0,0.01,1000.0,0.01,0.0,normal,5.61
13,298,17895,0,0,0.0,0.0,0.01,1000.0,0.01,0.0,normal,5.61
13,298,17910,0,0,0.0,0.0,0.01,1000.0,0.01,0.0,normal,5.61
13,298,17925,0,0,0.0,0.0,0.01,1000.0,0.01,0.0,normal,5.61
13,299,17940,0,0,0.0,0.0,0.01,1000.0,0.01,0.0,normal,5.61
13,299,17955,0,0,0.0,0.0,0.01,1000.0,0.01,0.0,normal,5.61
13,299,17970,0,0,0.0,0.0,0.01,1000.0,0.01,0.0,normal,5.61
13,299,17985,0,0,0.0,0.0,0.01,1000.0,0.01,0.0,normal,5.61
13,300,18000,0,0,0.0,0.0,0.01,1000.0,0.01,0.0,normal,5.61
13,300,18015,0,0,0.0,0.0,0.002,1000.0,0.01,0.0,normal,5.61
13,300,18030,0,0,0.0,0.0,0.01,1000.0,0.01,0.0,normal,5.61
13,300,18045,0,0,0.0,0.0,0.01,1000.0,0.01,0.0,normal,5.61
13,301,18060,0,0,0.0,0.0,0.01,1000.0,0.01,0.0,normal,5.61
13,301,18075,0,0,0.0,0.0,0.01,1000.0,0.01,0.0,normal,5.61
13,301,18090,0,0,0.0,0.0,0.01,1000.0,0.01,0.0,normal,5.61
13,301,18105,0,0,0.0,0.0,0.01,1000.0,0.01,0.0,normal,5.61
13,302,18120,0,0,0.0,0.0,0.01,1000.0,0.01,0.0,normal,5.61
13,302,18135,0,0,0.0,0.0,0.01,1000.0,0.01,0.0,normal,5.61
13,302,18150,0,0,0.0,0.0,0.01,1000.0,0.01,0.0,normal,5.61
13,302,18165,0,0,0.0,0.0,0.01,1000.0,0.01,0.0,normal,5.61
13,303,18180,1,0,0.01,0.01,0.01,1000.0,0.01,0.0,normal,5.62
13,303,18195,0,0,0.0,0.0,0.01,1000.0,0.01,0.0,normal,5.62
13,303,18210,0,0,0.0,0.0,0.01,1000.0,0.01,0.0,normal,5.62
13,303,18225,0,0,0.0,0.0,0.01,1000.0,0.01,0.0,normal,5.62
13,304,18240,0,0,0.0,0.0,0.01,1000.0,0.01,0.0,normal,5.62
13,304,18255,0,0,0.0,0.0,0.01,1000.0,0.01,0.0,normal,5.62
13,304,18270,0,0,0.0,0.0,0.01,1000.0,0.01,0.0,normal,5.62
13,304,18285,0,0,0.0,0.0,0.01,1000.0,0.01,0.0,normal,5.62
13,305,18300,0,0,0.0,0.0,0.01,1000.0,0.01,0.0,normal,5.62
13,305,18315,0,0,0.0,0.0,0.01,1000.0,0.01,0.0,normal,5.62
13,305,18330,0,0,0.0,0.0,0.01,1000.0,0.01,0.0,normal,5.62
13,305,18345,0,0,0.0,0.0,0.01,1000.0,0.01,0.0,normal,5.62
13,306,18360,0,0,0.0,0.0,0.01,1000.0,0.01,0.0,normal,5.62
13,306,18375,0,0,0.0,0.0,0.01,1000.0,0.01,0.0,normal,5.62
13,306,18390,0,0,0.0,0.0,0.01,1000.0,0.01,0.0,normal,5.62
13,306,18405,0,0,0.0,0.0,0.01,1000.0,0.01,0.0,normal,5.62
13,307,18420,0,0,0.0,0.0,0.01,1000.0,0.01,0.0,normal,5.62
13,307,18435,0,0,0.0,0.0,0.01,1000.0,0.01,0.0,normal,5.62
13,307,18450,0,0,0.0,0.0,0.01,1000.0,0.01,0.0,normal,5.62
13,307,18465,0,0,0.0,0.0,0.01,1000.0,0.01,0.0,normal,5.62
13,308,18480,0,0,0.0,0.0,0.01,1000.0,0.01,0.0,normal,5.62
13,308,18495,0,0,0.0,0.0,0.01,1000.0,0.01,0.0,normal,5.62
13,308,18510,0,0,0.0,0.0,0.01,1000.0,0.01,0.0,normal,5.62
13,308,18525,0,0,0.0,0.0,0.01,1000.0,0.01,0.0,normal,5.62
13,309,18540,0,0,0.0,0.0,0.01,1000.0,0.01,0.0,normal,5.62
13,309,18555,0,0,0.0,0.0,0.01,1000.0,0.01,0.0,normal,5.62
13,309,18570,0,0,0.0,0.0,0.01,1000.0,0.01,0.0,normal,5.62
13,309,18585,0,0,0.0,0.0,0.01,1000.0,0.01,0.0,normal,5.62
13,310,18600,0,0,0.0,0.0,0.01,1000.0,0.01,0.0,normal,5.62
13,310,18615,0,0,0.0,0.0,0.01,1000.0,0.01,0.0,normal,5.62
13,310,18630,0,0,0.0,0.0,0.01,1000.0,0.01,0.0,normal,5.62
13,310,18645,0,0,0.0,0.0,0.01,1000.0,0.01,0.0,normal,5.62
13,311,18660,0,0,0.0,0.0,0.01,1000.0,0.01,0.0,normal,5.62
13,311,18675,0,0,0.0,0.0,0.01,1000.0,0.01,0.0,normal,5.62
13,311,18690,0,0,0.0,0.0,0.01,1000.0,0.01,0.0,normal,5.62
13,311,18705,0,0,0.0,0.0,0.01,1000.0,0.01,0.0,normal,5.62
14,312,18720,0,0,0.0,0.0,0.01,1000.0,0.01,0.0,normal,0.0
14,312,18735,0,0,0.0,0.0,0.01,1000.0,0.01,0.0,normal,0.0
14,312,18750,0,0,0.0,0.0,0.01,1000.0,0.01,0.0,normal,0.0
14,312,18765,0,0,0.0,0.0,0.01,1000.0,0.01,0.0,normal,0.0
14,313,18780,0,0,0.0,0.0,0.01,1000.0,0.01,0.0,normal,0.0
14,313,18795,0,0,0.0,0.0,0.01,1000.0,0.01,0.0,normal,0.0
14,313,18810,0,0,0.0,0.0,0.01,1000.0,0.01,0.0,normal,0.0
14,313,18825,0,0,0.0,0.0,0.01,1000.0,0.01,0.0,normal,0.0
14,314,18840,0,0,0.0,0.0,0.01,1000.0,0.01,0.0,normal,0.0
14,314,18855,0,0,0.0,0.0,0.01,1000.0,0.01,0.0,normal,0.0
14,314,18870,0,0,0.0,0.0,0.01,1000.0,0.01,0.0,normal,0.0
14,314,18885,0,0,0.0,0.0,0.01,1000.0,0.01,0.0,normal,0.0
14,315,18900,0,0,0.0,0.0,0.01,1000.0,0.01,0.0,normal,0.0
14,315,18915,0,0,0.0,0.0,0.01,1000.0,0.01,0.0,normal,0.0
14,315,18930,0,0,0.0,0.0,0.01,1000.0,0.01,0.0,normal,0.0
14,315,18945,0,0,0.0,0.0,0.01,1000.0,0.01,0.0,normal,0.0
14,316,18960,0,0,0.0,0.0,0.01,1000.0,0.01,0.0,normal,0.0
14,316,18975,0,0,0.0,0.0,0.01,1000.0,0.01,0.0,normal,0.0
14,316,18990,0,0,0.0,0.0,0.01,1000.0,0.01,0.0,normal,0.0
14,316,19005,0,0,0.0,0.0,0.01,1000.0,0.01,0.0,normal,0.0
14,317,19020,0,0,0.0,0.0,0.01,1000.0,0.01,0.0,normal,0.0
14,317,19035,0,0,0.0,0.0,0.01,1000.0,0.01,0.0,normal,0.0
14,317,19050,0,0,0.0,0.0,0.01,1000.0,0.01,0.0,normal,0.0
14,317,19065,0,0,0.0,0.0,0.01,1000.0,0.01,0.0,normal,0.0
14,318,19080,0,0,0.0,0.0,0.01,1000.0,0.01,0.0,normal,0.0
14,318,19095,0,0,0.0,0.0,0.01,1000.0,0.01,0.0,normal,0.0
14,318,19110,0,0,0.0,0.0,0.01,1000.0,0.01,0.0,normal,0.0
14,318,19125,0,0,0.0,0.0,0.01,1000.0,0.01,0.0,normal,0.0
14,319,19140,0,0,0.0,0.0,0.01,1000.0,0.01,0.0,normal,0.0
14,319,19155,0,0,0.0,0.0,0.01,1000.0,0.01,0.0,normal,0.0
14,319,19170,0,0,0.0,0.0,0.01,1000.0,0.01,0.0,normal,0.0
14,319,19185,0,0,0.0,0.0,0.01,1000.0,0.01,0.0,normal,0.0
14,320,19200,0,0,0.0,0.0,0.01,1000.0,0.01,0.0,normal,0.0
14,320,19215,0,0,0.0,0.0,0.01,1000.0,0.01,0.0,normal,0.0
14,320,19230,0,0,0.0,0.0,0.01,1000.0,0.01,0.0,normal,0.0
14,320,19245,0,0,0.0,0.0,0.01,1000.0,0.01,0.0,normal,0.0
14,321,19260,0,0,0.0,0.0,0.01,1000.0,0.01,0.0,normal,0.0
14,321,19275,0,0,0.0,0.0,0.01,1000.0,0.01,0.0,normal,0.0
14,321,19290,0,0,0.0,0.0,0.01,1000.0,0.01,0.0,normal,0.0
14,321,19305,0,0,0.0,0.0,0.01,1000.0,0.01,0.0,normal,0.0
14,322,19320,0,0,0.0,0.0,0.01,1000.0,0.01,0.0,normal,0.0
14,322,19335,0,0,0.0,0.0,0.01,1000.0,0.01,0.0,normal,0.0
14,322,19350,0,0,0.0,0.0,0.01,1000.0,0.01,0.0,normal,0.0
14,322,19365,0,0,0.0,0.0,0.01,1000.0,0.01,0.0,normal,0.0
14,323,19380,0,0,0.0,0.0,0.01,1000.0,0.01,0.0,normal,0.0
14,323,19395,0,0,0.0,0.0,0.01,1000.0,0.01,0.0,normal,0.0
14,323,19410,0,0,0.0,0.0,0.01,1000.0,0.01,0.0,normal,0.0
14,323,19425,0,0,0.0,0.0,0.01,1000.0,0.01,0.0,normal,0.0
14,324,19440,0,0,0.0,0.0,0.01,1000.0,0.01,0.0,normal,0.0
14,324,19455,0,0,0.0,0.0,0.01,1000.0,0.01,0.0,normal,0.0
14,324,19470,0,0,0.0,0.0,0.01,1000.0,0.01,0.0,normal,0.0
14,324,19485,0,0,0.0,0.0,0.01,1000.0,0.01,0.0,normal,0.0
14,325,19500,0,0,0.0,0.0,0.01,1000.0,0.01,0.0,normal,0.0
14,325,19515,0,0,0.0,0.0,0.01,1000.0,0.01,0.0,normal,0.0
14,325,19530,0,0,0.0,0.0,0.01,1000.0,0.01,0.0,normal,0.0
14,325,19545,0,0,0.0,0.0,0.01,1000.0,0.01,0.0,normal,0.0
14,326,19560,0,0,0.0,0.0,0.01,1000.0,0.01,0.0,normal,0.0
14,326,19575,0,0,0.0,0.0,0.01,1000.0,0.01,0.0,normal,0.0
14,326,19590,0,0,0.0,0.0,0.01,1000.0,0.01,0.0,normal,0.0
14,326,19605,0,0,0.0,0.0,0.01,1000.0,0.01,0.0,normal,0.0
14,327,19620,0,0,0.0,0.0,0.01,1000.0,0.01,0.0,normal,0.0
14,327,19635,0,0,0.0,0.0,0.01,1000.0,0.01,0.0,normal,0.0
14,327,19650,0,0,0.0,0.0,0.01,1000.0,0.01,0.0,normal,0.0
14,327,19665,0,0,0.0,0.0,0.01,1000.0,0.01,0.0,normal,0.0
14,328,19680,0,0,0.0,0.0,0.01,1000.0,0.01,0.0,normal,0.0
14,328,19695,0,0,0.0,0.0,0.01,1000.0,0.01,0.0,normal,0.0
14,328,19710,0,0,0.0,0.0,0.01,1000.0,0.01,0.0,normal,0.0
14,328,19725,0,0,0.0,0.0,0.01,1000.0,0.01,0.0,normal,0.0
14,329,19740,0,0,0.0,0.0,0.01,1000.0,0.01,0.0,normal,0.0
14,329,19755,0,0,0.0,0.0,0.01,1000.0,0.01,0.0,normal,0.0
14,329,19770,0,0,0.0,0.0,0.01,1000.0,0.01,0.0,normal,0.0
14,329,19785,0,0,0.0,0.0,0.01,1000.0,0.01,0.0,normal,0.0
14,330,19800,0,0,0.0,0.0,0.01,1000.0,0.01,0.0,normal,0.0
14,330,19815,0,0,0.0,0.0,0.01,1000.0,0.01,0.0,normal,0.0
14,330,19830,0,0,0.0,0.0,0.01,1000.0,0.01,0.0,normal,0.0
14,330,19845,1,0,0.01,0.01,0.01,1000.0,0.01,0.0,normal,0.01
14,331,19860,0,0,0.0,0.0,0.01,1000.0,0.01,0.0,normal,0.01
14,331,19875,0,0,0.0,0.0,0.01,1000.0,0.01,0.0,normal,0.01
14,331,19890,0,0,0.0,0.0,0.01,1000.0,0.01,0.0,normal,0.01
14,331,19905,0,0,0.0,0.0,0.01,1000.0,0.01,0.0,normal,0.01
14,332,19920,0,0,0.0,0.0,0.01,1000.0,0.01,0.0,normal,0.01
14,332,19935,0,0,0.0,0.0,0.01,1000.0,0.01,0.0,normal,0.01
14,332,19950,0,0,0.0,0.0,0.01,1000.0,0.01,0.0,normal,0.01
14,332,19965,0,0,0.0,0.0,0.01,1000.0,0.01,0.0,normal,0.01
14,333,19980,0,0,0.0,0.0,0.01,1000.0,0.01,0.0,normal,0.01
14,333,19995,1,0,0.01,0.01,0.01,1000.0,0.01,0.0,normal,0.02
14,333,20010,0,0,0.0,0.0,0.01,1000.0,0.01,0.0,normal,0.02
14,333,20025,0,0,0.0,0.0,0.01,1000.0,0.01,0.0,normal,0.02
14,334,20040,0,0,0.0,0.0,0.01,1000.0,0.01,0.0,normal,0.02
14,334,20055,0,0,0.0,0.0,0.01,1000.0,0.01,0.0,normal,0.02
14,334,20070,0,0,0.0,0.0,0.01,1000.0,0.01,0.0,normal,0.02
14,334,20085,0,0,0.0,0.0,0.01,1000.0,0.01,0.0,normal,0.02
14,335,20100,0,0,0.0,0.0,0.01,1000.0,0.01,0.0,normal,0.02
14,335,20115,0,0,0.0,0.0,0.01,1000.0,0.01,0.0,normal,0.02
14,335,20130,0,0,0.0,0.0,0.01,1000.0,0.01,0.0,normal,0.02
14,335,20145,0,0,0.0,0.0,0.01,1000.0,0.01,0.0,normal,0.02
15,336,20160,0,0,0.0,0.0,0.01,1000.0,0.01,0.0,normal,0.0
15,336,20175,1,0,0.01,0.01,0.01,1000.0,0.01,0.0,normal,0.01
15,336,20190,0,0,0.0,0.0,0.01,1000.0,0.01,0.0,normal,0.01
15,336,20205,0,0,0.0,0.0,0.01,1000.0,0.01,0.0,normal,0.01
15,337,20220,0,0,0.0,0.0,0.01,1000.0,0.01,0.0,normal,0.01
15,337,20235,0,0,0.0,0.0,0.01,1000.0,0.01,0.0,normal,0.01
15,337,20250,0,0,0.0,0.0,0.01,1000.0,0.01,0.0,normal,0.01
15,337,20265,0,0,0.0,0.0,0.01,1000.0,0.01,0.0,normal,0.01
15,338,20280,0,0,0.0,0.0,0.01,1000.0,0.01,0.0,normal,0.01
15,338,20295,0,0,0.0,0.0,0.01,1000.0,0.01,0.0,normal,0.01
15,338,20310,0,0,0.0,0.0,0.01,1000.0,0.01,0.0,normal,0.01
15,338,20325,0,0,0.0,0.0,0.01,1000.0,0.01,0.0,normal,0.01
15,339,20340,0,0,0.0,0.0,0.01,1000.0,0.01,0.0,normal,0.01
15,339,20355,0,0,0.0,0.0,0.01,1000.0,0.01,0.0,normal,0.01
15,339,20370,0,0,0.0,0.0,0.01,1000.0,0.01,0.0,normal,0.01
15,339,20385,0,0,0.0,0.0,0.01,1000.0,0.01,0.0,normal,0.01
15,340,20400,0,0,0.0,0.0,0.01,1000.0,0.01,0.0,normal,0.01
15,340,20415,0,0,0.0,0.0,0.01,1000.0,0.01,0.0,normal,0.01
15,340,20430,0,0,0.0,0.0,0.01,1000.0,0.01,0.0,normal,0.01
15,340,20445,0,0,0.0,0.0,0.01,1000.0,0.01,0.0,normal,0.01
15,341,20460,0,0,0.0,0.0,0.01,1000.0,0.01,0.0,normal,0.01
15,341,20475,0,0,0.0,0.0,0.01,1000.0,0.01,0.0,normal,0.01
15,341,20490,0,0,0.0,0.0,0.01,1000.0,0.01,0.0,normal,0.01
15,341,20505,0,0,0.0,0.0,0.01,1000.0,0.01,0.0,normal,0.01
15,342,20520,0,0,0.0,0.0,0.01,1000.0,0.01,0.0,normal,0.01
15,342,20535,0,0,0.0,0.0,0.01,1000.0,0.01,0.0,normal,0.01
15,342,20550,0,0,0.0,0.0,0.01,1000.0,0.01,0.0,normal,0.01
15,342,20565,0,0,0.0,0.0,0.01,1000.0,0.01,0.0,normal,0.01
15,343,20580,0,0,0.0,0.0,0.01,1000.0,0.01,0.0,normal,0.01
15,343,20595,0,0,0.0,0.0,0.01,1000.0,0.01,0.0,normal,0.01
15,343,20610,0,0,0.0,0.0,0.01,1000.0,0.01,0.0,normal,0.01
15,343,20625,0,0,0.0,0.0,0.01,1000.0,0.01,0.0,normal,0.01
15,344,20640,0,0,0.0,0.0,0.01,1000.0,0.01,0.0,normal,0.01
15,344,20655,0,0,0.0,0.0,0.01,1000.0,0.01,0.0,normal,0.01
15,344,20670,0,0,0.0,0.0,0.01,1000.0,0.01,0.0,normal,0.01
15,344,20685,0,0,0.0,0.0,0.01,1000.0,0.01,0.0,normal,0.01
15,345,20700,0,0,0.0,0.0,0.01,1000.0,0.01,0.0,normal,0.01
15,345,20715,0,0,0.0,0.0,0.01,1000.0,0.01,0.0,normal,0.01
15,345,20730,0,0,0.0,0.0,0.01,1000.0,0.01,0.0,normal,0.01
15,345,20745,0,0,0.0,0.0,0.01,1000.0,0.01,0.0,normal,0.01
15,346,20760,0,0,0.0,0.0,0.01,1000.0,0.01,0.0,normal,0.01
15,346,20775,0,0,0.0,0.0,0.01,1000.0,0.01,0.0,normal,0.01
15,346,20790,0,0,0.0,0.0,0.01,1000.0,0.01,0.0,normal,0.01
15,346,20805,0,0,0.0,0.0,0.01,1000.0,0.01,0.0,normal,0.01
15,347,20820,0,0,0.0,0.0,0.01,1000.0,0.01,0.0,normal,0.01
15,347,20835,0,0,0.0,0.0,0.01,1000.0,0.01,0.0,normal,0.01
15,347,20850,0,0,0.0,0.0,0.01,1000.0,0.01,0.0,normal,0.01
15,347,20865,0,0,0.0,0.0,0.01,1000.0,0.01,0.0,normal,0.01
15,348,20880,0,0,0.0,0.0,0.01,1000.0,0.01,0.0,normal,0.01
15,348,20895,0,0,0.0,0.0,0.01,1000.0,0.01,0.0,normal,0.01
15,348,20910,0,0,0.0,0.0,0.01,1000.0,0.01,0.0,normal,0.01
15,348,20925,0,0,0.0,0.0,0.01,1000.0,0.01,0.0,normal,0.01
15,349,20940,0,0,0.0,0.0,0.01,1000.0,0.01,0.0,normal,0.01
15,349,20955,0,0,0.0,0.0,0.01,1000.0,0.01,0.0,normal,0.01
15,349,20970,0,0,0.0,0.0,0.01,1000.0,0.01,0.0,normal,0.01
15,349,20985,0,0,0.0,0.0,0.01,1000.0,0.01,0.0,normal,0.01
15,350,21000,0,0,0.0,0.0,0.01,1000.0,0.01,0.0,normal,0.01
15,350,21015,0,0,0.0,0.0,0.01,1000.0,0.01,0.0,normal,0.01
15,350,21030,0,0,0.0,0.0,0.01,1000.0,0.01,0.0,normal,0.01
15,350,21045,0,0,0.0,0.0,0.01,1000.0,0.01,0.0,normal,0.01
15,351,21060,0,0,0.0,0.0,0.01,1000.0,0.01,0.0,normal,0.01
15,351,21075,0,0,0.0,0.0,0.01,1000.0,0.01,0.0,normal,0.01
15,351,21090,0,0,0.0,0.0,0.01,1000.0,0.01,0.0,normal,0.01
15,351,21105,0,0,0.0,0.0,0.01,1000.0,0.01,0.0,normal,0.01
15,352,21120,0,0,0.0,0.0,0.01,1000.0,0.01,0.0,normal,0.01
15,352,21135,0,0,0.0,0.0,0.01,1000.0,0.01,0.0,normal,0.01
15,352,21150,0,0,0.0,0.0,0.01,1000.0,0.01,0.0,normal,0.01
15,352,21165,0,0,0.0,0.0,0.01,1000.0,0.01,0.0,normal,0.01
15,353,21180,0,0,0.0,0.0,0.01,1000.0,0.01,0.0,normal,0.01
15,353,21195,0,0,0.0,0.0,0.01,1000.0,0.01,0.0,normal,0.01
15,353,21210,0,0,0.0,0.0,0.01,1000.0,0.01,0.0,normal,0.01
15,353,21225,0,0,0.0,0.0,0.01,1000.0,0.01,0.0,normal,0.01
15,354,21240,0,0,0.0,0.0,0.01,1000.0,0.01,0.0,normal,0.01
15,354,21255,0,0,0.0,0.0,0.01,1000.0,0.01,0.0,normal,0.01
15,354,21270,0,0,0.0,0.0,0.01,1000.0,0.01,0.0,normal,0.01
15,354,21285,0,0,0.0,0.0,0.01,1000.0,0.01,0.0,normal,0.01
15,355,21300,0,0,0.0,0.0,0.01,1000.0,0.01,0.0,normal,0.01
15,355,21315,0,0,0.0,0.0,0.01,1000.0,0.01,0.0,normal,0.01
15,355,21330,0,0,0.0,0.0,0.01,1000.0,0.01,0.0,normal,0.01
15,355,21345,0,0,0.0,0.0,0.01,1000.0,0.01,0.0,normal,0.01
15,356,21360,0,0,0.0,0.0,0.01,1000.0,0.01,0.0,normal,0.01
15,356,21375,0,0,0.0,0.0,0.01,1000.0,0.01,0.0,normal,0.01
15,356,21390,0,0,0.0,0.0,0.01,1000.0,0.01,0.0,normal,0.01
15,356,21405,0,0,0.0,0.0,0.01,1000.0,0.01,0.0,normal,0.01
15,357,21420,0,0,0.0,0.0,0.01,1000.0,0.01,0.0,normal,0.01
15,357,21435,0,0,0.0,0.0,0.01,1000.0,0.01,0.0,normal,0.01
15,357,21450,1,0,0.01,0.01,0.01,1000.0,0.01,0.0,normal,0.02
15,357,21465,0,0,0.0,0.0,0.01,1000.0,0.01,0.0,normal,0.02
15,358,21480,1,0,0.01,0.01,0.01,1000.0,0.01,0.0,normal,0.03
15,358,21495,0,0,0.0,0.0,0.01,1000.0,0.01,0.0,normal,0.03
15,358,21510,0,0,0.0,0.0,0.01,1000.0,0.01,0.0,normal,0.03
15,358,21525,0,0,0.0,0.0,0.01,1000.0,0.01,0.0,normal,0.03
15,359,21540,0,0,0.0,0.0,0.01,1000.0,0.01,0.0,normal,0.03
15,359,21555,0,0,0.0,0.0,0.01,1000.0,0.01,0.0,normal,0.03
15,359,21570,0,0,0.0,0.0,0.01,1000.0,0.01,0.0,normal,0.03
15,359,21585,0,0,0.0,0.0,0.01,1000.0,0.01,0.0,normal,0.03
16,360,21600,0,0,0.0,0.0,0.01,1000.0,0.01,0.0,normal,0.0
16,360,21615,0,0,0.0,0.0,0.01,1000.0,0.01,0.0,normal,0.0
16,360,21630,0,0,0.0,0.0,0.01,1000.0,0.01,0.0,normal,0.0
16,360,21645,0,0,0.0,0.0,0.01,1000.0,0.01,0.0,normal,0.0
16,361,21660,0,0,0.0,0.0,0.01,1000.0,0.01,0.0,normal,0.0
16,361,21675,0,0,0.0,0.0,0.01,1000.0,0.01,0.0,normal,0.0
16,361,21690,0,0,0.0,0.0,0.01,1000.0,0.01,0.0,normal,0.0
16,361,21705,0,0,0.0,0.0,0.01,1000.0,0.01,0.0,normal,0.0
16,362,21720,0,0,0.0,0.0,0.01,1000.0,0.01,0.0,normal,0.0
16,362,21735,0,0,0.0,0.0,0.01,1000.0,0.01,0.0,normal,0.0
16,362,21750,0,0,0.0,0.0,0.01,1000.0,0.01,0.0,normal,0.0
16,362,21765,0,0,0.0,0.0,0.01,1000.0,0.01,0.0,normal,0.0
16,363,21780,0,0,0.0,0.0,0.01,1000.0,0.01,0.0,normal,0.0
16,363,21795,0,0,0.0,0.0,0.01,1000.0,0.01,0.0,normal,0.0
16,363,21810,0,0,0.0,0.0,0.01,1000.0,0.01,0.0,normal,0.0
16,363,21825,1,0,0.01,0.01,0.01,1000.0,0.01,0.0,normal,0.01
16,364,21840,0,0,0.0,0.0,0.01,1000.0,0.01,0.0,normal,0.01
16,364,21855,0,0,0.0,0.0,0.01,1000.0,0.01,0.0,normal,0.01
16,364,21870,0,0,0.0,0.0,0.01,1000.0,0.01,0.0,normal,0.01
16,364,21885,0,0,0.0,0.0,0.01,1000.0,0.01,0.0,normal,0.01
16,365,21900,0,0,0.0,0.0,0.01,1000.0,0.01,0.0,normal,0.01
16,365,21915,0,0,0.0,0.0,0.01,1000.0,0.01,0.0,normal,0.01
16,365,21930,0,0,0.0,0.0,0.01,1000.0,0.01,0.0,normal,0.01
16,365,21945,0,0,0.0,0.0,0.01,1000.0,0.01,0.0,normal,0.01
16,366,21960,0,0,0.0,0.0,0.01,1000.0,0.01,0.0,normal,0.01
16,366,21975,0,0,0.0,0.0,0.01,1000.0,0.01,0.0,normal,0.01
16,366,21990,0,0,0.0,0.0,0.01,1000.0,0.01,0.0,normal,0.01
16,366,22005,0,0,0.0,0.0,0.01,1000.0,0.01,0.0,normal,0.01
16,367,22020,0,0,0.0,0.0,0.01,1000.0,0.01,0.0,normal,0.01
16,367,22035,0,0,0.0,0.0,0.01,1000.0,0.01,0.0,normal,0.01
16,367,22050,0,0,0.0,0.0,0.01,1000.0,0.01,0.0,normal,0.01
16,367,22065,0,0,0.0,0.0,0.01,1000.0,0.01,0.0,normal,0.01
16,368,22080,0,0,0.0,0.0,0.01,1000.0,0.01,0.0,normal,0.01
16,368,22095,0,0,0.0,0.0,0.01,1000.0,0.01,0.0,normal,0.01
16,368,22110,0,0,0.0,0.0,0.01,1000.0,0.01,0.0,normal,0.01
16,368,22125,0,0,0.0,0.0,0.01,1000.0,0.01,0.0,normal,0.01
16,369,22140,0,0,0.0,0.0,0.01,1000.0,0.01,0.0,normal,0.01
16,369,22155,0,0,0.0,0.0,0.01,1000.0,0.01,0.0,normal,0.01
16,369,22170,0,0,0.0,0.0,0.01,1000.0,0.01,0.0,normal,0.01
16,369,22185,0,0,0.0,0.0,0.01,1000.0,0.01,0.0,normal,0.01
16,370,22200,0,0,0.0,0.0,0.01,1000.0,0.01,0.0,normal,0.01
16,370,22215,0,0,0.0,0.0,0.01,1000.0,0.01,0.0,normal,0.01
16,370,22230,0,0,0.0,0.0,0.01,1000.0,0.01,0.0,normal,0.01
16,370,22245,0,0,0.0,0.0,0.01,1000.0,0.01,0.0,normal,0.01
16,371,22260,0,0,0.0,0.0,0.01,1000.0,0.01,0.0,normal,0.01
16,371,22275,0,0,0.0,0.0,0.01,1000.0,0.01,0.0,normal,0.01
16,371,22290,0,0,0.0,0.0,0.01,1000.0,0.01,0.0,normal,0.01
16,371,22305,0,0,0.0,0.0,0.01,1000.0,0.01,0.0,normal,0.01
16,372,22320,0,0,0.0,0.0,0.01,1000.0,0.01,0.0,normal,0.01
16,372,22335,0,0,0.0,0.0,0.01,1000.0,0.01,0.0,normal,0.01
16,372,22350,0,0,0.0,0.0,0.01,1000.0,0.01,0.0,normal,0.01
16,372,22365,0,0,0.0,0.0,0.01,1000.0,0.01,0.0,normal,0.01
16,373,22380,0,0,0.0,0.0,0.01,1000.0,0.01,0.0,normal,0.01
16,373,22395,0,0,0.0,0.0,0.01,1000.0,0.01,0.0,normal,0.01
16,373,22410,0,0,0.0,0.0,0.01,1000.0,0.01,0.0,normal,0.01
16,373,22425,0,0,0.0,0.0,0.01,1000.0,0.01,0.0,normal,0.01
16,374,22440,0,0,0.0,0.0,0.01,1000.0,0.01,0.0,normal,0.01
16,374,22455,0,0,0.0,0.0,0.01,1000.0,0.01,0.0,normal,0.01
16,374,22470,0,0,0.0,0.0,0.01,1000.0,0.01,0.0,normal,0.01
16,374,22485,0,0,0.0,0.0,0.01,1000.0,0.01,0.0,normal,0.01
16,375,22500,0,0,0.0,0.0,0.01,1000.0,0.01,0.0,normal,0.01
16,375,22515,0,0,0.0,0.0,0.01,1000.0,0.01,0.0,normal,0.01
16,375,22530,0,0,0.0,0.0,0.01,1000.0,0.01,0.0,normal,0.01
16,375,22545,0,0,0.0,0.0,0.01,1000.0,0.01,0.0,normal,0.01
16,376,22560,0,0,0.0,0.0,0.01,1000.0,0.01,0.0,normal,0.01
16,376,22575,0,0,0.0,0.0,0.01,1000.0,0.01,0.0,normal,0.01
16,376,22590,0,0,0.0,0.0,0.01,1000.0,0.01,0.0,normal,0.01
16,376,22605,0,0,0.0,0.0,0.01,1000.0,0.01,0.0,normal,0.01
16,377,22620,0,0,0.0,0.0,0.01,1000.0,0.01,0.0,normal,0.01
16,377,22635,0,0,0.0,0.0,0.01,1000.0,0.01,0.0,normal,0.01
16,377,22650,0,0,0.0,0.0,0.01,1000.0,0.01,0.0,normal,0.01
16,377,22665,0,0,0.0,0.0,0.01,1000.0,0.01,0.0,normal,0.01
16,378,22680,0,0,0.0,0.0,0.01,1000.0,0.01,0.0,normal,0.01
16,378,22695,0,0,0.0,0.0,0.01,1000.0,0.01,0.0,normal,0.01
16,378,22710,0,0,0.0,0.0,0.01,1000.0,0.01,0.0,normal,0.01
16,378,22725,0,0,0.0,0.0,0.01,1000.0,0.01,0.0,normal,0.01
16,379,22740,0,0,0.0,0.0,0.01,1000.0,0.01,0.0,normal,0.01
16,379,22755,0,0,0.0,0.0,0.01,1000.0,0.01,0.0,normal,0.01
16,379,22770,0,0,0.0,0.0,0.01,1000.0,0.01,0.0,normal,0.01
16,379,22785,0,0,0.0,0.0,0.01,1000.0,0.01,0.0,normal,0.01
16,380,22800,0,0,0.0,0.0,0.01,1000.0,0.01,0.0,normal,0.01
16,380,22815,0,0,0.0,0.0,0.01,1000.0,0.01,0.0,normal,0.01
16,380,22830,0,0,0.0,0.0,0.01,1000.0,0.01,0.0,normal,0.01
16,380,22845,0,0,0.0,0.0,0.01,1000.0,0.01,0.0,normal,0.01
16,381,22860,0,0,0.0,0.0,0.01,1000.0,0.01,0.0,normal,0.01
16,381,22875,0,0,0.0,0.0,0.01,1000.0,0.01,0.0,normal,0.01
16,381,22890,0,0,0.0,0.0,0.01,1000.0,0.01,0.0,normal,0.01
16,381,22905,0,0,0.0,0.0,0.01,1000.0,0.01,0.0,normal,0.01
16,382,22920,0,0,0.0,0.0,0.01,1000.0,0.01,0.0,normal,0.01
16,382,22935,0,0,0.0,0.0,0.01,1000.0,0.01,0.0,normal,0.01
16,382,22950,0,0,0.0,0.0,0.01,1000.0,0.01,0.0,normal,0.01
16,382,22965,0,0,0.0,0.0,0.01,1000.0,0.01,0.0,normal,0.01
16,383,22980,0,0,0.0,0.0,0.01,1000.0,0.01,0.0,normal,0.01
16,383,22995,0,0,0.0,0.0,0.01,1000.0,0.01,0.0,normal,0.01
16,383,23010,0,0,0.0,0.0,0.01,1000.0,0.01,0.0,normal,0.01
16,383,23025,0,0,0.0,0.0,0.01,1000.0,0.01,0.0,normal,0.01
17,384,23040,0,0,0.0,0.0,0.01,1000.0,0.01,0.0,normal,0.0
17,384,23055,1,0,0.01,0.01,0.01,1000.0,0.01,0.0,normal,0.01
17,384,23070,1,0,0.01,0.01,0.01,1000.0,0.01,0.0,normal,0.02
17,384,23085,0,0,0.0,0.0,0.01,1000.0,0.01,0.0,normal,0.02
17,385,23100,0,0,0.0,0.0,0.01,1000.0,0.01,0.0,normal,0.02
17,385,23115,0,0,0.0,0.0,0.01,1000.0,0.01,0.0,normal,0.02
17,385,23130,0,0,0.0,0.0,0.01,1000.0,0.01,0.0,normal,0.02
17,385,23145,0,0,0.0,0.0,0.01,1000.0,0.01,0.0,normal,0.02
17,386,23160,0,0,0.0,0.0,0.01,1000.0,0.01,0.0,normal,0.02
17,386,23175,0,0,0.0,0.0,0.01,1000.0,0.01,0.0,normal,0.02
17,386,23190,0,0,0.0,0.0,0.0098,1000.0,0.01,0.0,normal,0.02
17,386,23205,1,0,0.01,0.01,0.01,1000.0,0.01,0.0,normal,0.03
17,387,23220,0,0,0.0,0.0,0.01,1000.0,0.01,0.0,normal,0.03
17,387,23235,0,0,0.0,0.0,0.01,1000.0,0.01,0.0,normal,0.03
17,387,23250,0,0,0.0,0.0,0.01,1000.0,0.01,0.0,normal,0.03
17,387,23265,0,0,0.0,0.0,0.01,1000.0,0.01,0.0,normal,0.03
17,388,23280,0,0,0.0,0.0,0.01,1000.0,0.01,0.0,normal,0.03
17,388,23295,0,0,0.0,0.0,0.01,1000.0,0.01,0.0,normal,0.03
17,388,23310,0,0,0.0,0.0,0.01,1000.0,0.01,0.0,normal,0.03
17,388,23325,0,0,0.0,0.0,0.01,1000.0,0.01,0.0,normal,0.03
17,389,23340,0,0,0.0,0.0,0.01,1000.0,0.01,0.0,normal,0.03
17,389,23355,0,0,0.0,0.0,0.01,1000.0,0.01,0.0,normal,0.03
17,389,23370,0,0,0.0,0.0,0.01,1000.0,0.01,0.0,normal,0.03
17,389,23385,1,0,0.01,0.01,0.01,1000.0,0.01,0.0,normal,0.04
17,390,23400,0,0,0.0,0.0,0.01,1000.0,0.01,0.0,normal,0.04
17,390,23415,0,0,0.0,0.0,0.01,1000.0,0.01,0.0,normal,0.04
17,390,23430,0,0,0.0,0.0,0.01,1000.0,0.01,0.0,normal,0.04
17,390,23445,0,0,0.0,0.0,0.01,1000.0,0.01,0.0,normal,0.04
17,391,23460,0,0,0.0,0.0,0.01,1000.0,0.01,0.0,normal,0.04
17,391,23475,0,0,0.0,0.0,0.01,1000.0,0.01,0.0,normal,0.04
17,391,23490,1,0,0.01,0.01,0.01,1000.0,0.01,0.0,normal,0.05
17,391,23505,0,0,0.0,0.0,0.01,1000.0,0.01,0.0,normal,0.05
17,392,23520,0,0,0.0,0.0,0.01,1000.0,0.01,0.0,normal,0.05
17,392,23535,0,0,0.0,0.0,0.01,1000.0,0.01,0.0,normal,0.05
17,392,23550,0,0,0.0,0.0,0.01,1000.0,0.01,0.0,normal,0.05
17,392,23565,0,0,0.0,0.0,0.01,1000.0,0.01,0.0,normal,0.05
17,393,23580,0,0,0.0,0.0,0.01,1000.0,0.01,0.0,normal,0.05
17,393,23595,0,0,0.0,0.0,0.01,1000.0,0.01,0.0,normal,0.05
17,393,23610,0,0,0.0,0.0,0.01,1000.0,0.01,0.0,normal,0.05
17,393,23625,0,0,0.0,0.0,0.01,1000.0,0.01,0.0,normal,0.05
17,394,23640,0,0,0.0,0.0,0.01,1000.0,0.01,0.0,normal,0.05
17,394,23655,0,0,0.0,0.0,0.01,1000.0,0.01,0.0,normal,0.05
17,394,23670,0,0,0.0,0.0,0.01,1000.0,0.01,0.0,normal,0.05
17,394,23685,0,0,0.0,0.0,0.01,1000.0,0.01,0.0,normal,0.05
17,395,23700,0,0,0.0,0.0,0.01,1000.0,0.01,0.0,normal,0.05
17,395,23715,0,0,0.0,0.0,0.01,1000.0,0.01,0.0,normal,0.05
17,395,23730,0,0,0.0,0.0,0.01,1000.0,0.01,0.0,normal,0.05
17,395,23745,0,0,0.0,0.0,0.01,1000.0,0.01,0.0,normal,0.05
17,396,23760,0,0,0.0,0.0,0.01,1000.0,0.01,0.0,normal,0.05
17,396,23775,0,0,0.0,0.0,0.01,1000.0,0.01,0.0,normal,0.05
17,396,23790,0,0,0.0,0.0,0.01,1000.0,0.01,0.0,normal,0.05
17,396,23805,0,0,0.0,0.0,0.01,1000.0,0.01,0.0,normal,0.05
17,397,23820,0,0,0.0,0.0,0.01,1000.0,0.01,0.0,normal,0.05
17,397,23835,0,0,0.0,0.0,0.01,1000.0,0.01,0.0,normal,0.05
17,397,23850,0,0,0.0,0.0,0.01,1000.0,0.01,0.0,normal,0.05
17,397,23865,0,0,0.0,0.0,0.01,1000.0,0.01,0.0,normal,0.05
17,398,23880,0,0,0.0,0.0,0.01,1000.0,0.01,0.0,normal,0.05
17,398,23895,0,0,0.0,0.0,0.01,1000.0,0.01,0.0,normal,0.05
17,398,23910,0,0,0.0,0.0,0.01,1000.0,0.01,0.0,normal,0.05
17,398,23925,0,0,0.0,0.0,0.01,1000.0,0.01,0.0,normal,0.05
17,399,23940,0,0,0.0,0.0,0.01,1000.0,0.01,0.0,normal,0.05
17,399,23955,0,0,0.0,0.0,0.01,1000.0,0.01,0.0,normal,0.05
17,399,23970,0,0,0.0,0.0,0.01,1000.0,0.01,0.0,normal,0.05
17,399,23985,0,0,0.0,0.0,0.01,1000.0,0.01,0.0,normal,0.05
17,400,24000,1,0,0.01,0.01,0.01,1000.0,0.01,0.0,normal,0.06
17,400,24015,0,0,0.0,0.0,0.01,1000.0,0.01,0.0,normal,0.06
17,400,24030,0,0,0.0,0.0,0.01,1000.0,0.01,0.0,normal,0.06
17,400,24045,0,0,0.0,0.0,0.01,1000.0,0.01,0.0,normal,0.06
17,401,24060,0,0,0.0,0.0,0.01,1000.0,0.01,0.0,normal,0.06
17,401,24075,0,0,0.0,0.0,0.01,1000.0,0.01,0.0,normal,0.06
17,401,24090,0,0,0.0,0.0,0.01,1000.0,0.01,0.0,normal,0.06
17,401,24105,0,0,0.0,0.0,0.01,1000.0,0.01,0.0,normal,0.06
17,402,24120,0,0,0.0,0.0,0.01,1000.0,0.01,0.0,normal,0.06
17,402,24135,0,0,0.0,0.0,0.01,1000.0,0.01,0.0,normal,0.06
17,402,24150,0,0,0.0,0.0,0.01,1000.0,0.01,0.0,normal,0.06
17,402,24165,0,0,0.0,0.0,0.01,1000.0,0.01,0.0,normal,0.06
17,403,24180,0,0,0.0,0.0,0.01,1000.0,0.01,0.0,normal,0.06
17,403,24195,0,0,0.0,0.0,0.01,1000.0,0.01,0.0,normal,0.06
17,403,24210,0,0,0.0,0.0,0.01,1000.0,0.01,0.0,normal,0.06
17,403,24225,0,0,0.0,0.0,0.01,1000.0,0.01,0.0,normal,0.06
17,404,24240,0,0,0.0,0.0,0.01,1000.0,0.01,0.0,normal,0.06
17,404,24255,0,0,0.0,0.0,0.01,1000.0,0.01,0.0,normal,0.06
17,404,24270,0,0,0.0,0.0,0.01,1000.0,0.01,0.0,normal,0.06
17,404,24285,0,0,0.0,0.0,0.01,1000.0,0.01,0.0,normal,0.06
17,405,24300,0,0,0.0,0.0,0.01,1000.0,0.01,0.0,normal,0.06
17,405,24315,0,0,0.0,0.0,0.01,1000.0,0.01,0.0,normal,0.06
17,405,24330,0,0,0.0,0.0,0.01,1000.0,0.01,0.0,normal,0.06
17,405,24345,0,0,0.0,0.0,0.01,1000.0,0.01,0.0,normal,0.06
17,406,24360,0,0,0.0,0.0,0.01,1000.0,0.01,0.0,normal,0.06
17,406,24375,0,0,0.0,0.0,0.01,1000.0,0.01,0.0,normal,0.06
17,406,24390,0,0,0.0,0.0,0.01,1000.0,0.01,0.0,normal,0.06
17,406,24405,0,0,0.0,0.0,0.01,1000.0,0.01,0.0,normal,0.06
17,407,24420,0,0,0.0,0.0,0.01,1000.0,0.01,0.0,normal,0.06
17,407,24435,0,0,0.0,0.0,0.01,1000.0,0.01,0.0,normal,0.06
17,407,24450,0,0,0.0,0.0,0.01,1000.0,0.01,0.0,normal,0.06
17,407,24465,0,0,0.0,0.0,0.01,1000.0,0.01,0.0,normal,0.06
18,408,24480,0,0,0.0,0.0,0.01,1000.0,0.01,0.0,normal,0.0
18,408,24495,0,0,0.0,0.0,0.01,1000.0,0.01,0.0,normal,0.0
18,408,24510,0,0,0.0,0.0,0.01,1000.0,0.01,0.0,normal,0.0
18,408,24525,0,0,0.0,0.0,0.01,1000.0,0.01,0.0,normal,0.0
18,409,24540,0,0,0.0,0.0,0.01,1000.0,0.01,0.0,normal,0.0
18,409,24555,0,0,0.0,0.0,0.01,1000.0,0.01,0.0,normal,0.0
18,409,24570,0,0,0.0,0.0,0.01,1000.0,0.01,0.0,normal,0.0
18,409,24585,0,0,0.0,0.0,0.01,1000.0,0.01,0.0,normal,0.0
18,410,24600,0,0,0.0,0.0,0.01,1000.0,0.01,0.0,normal,0.0
18,410,24615,0,0,0.0,0.0,0.01,1000.0,0.01,0.0,normal,0.0
18,410,24630,0,0,0.0,0.0,0.01,1000.0,0.01,0.0,normal,0.0
18,410,24645,0,0,0.0,0.0,0.01,1000.0,0.01,0.0,normal,0.0
18,411,24660,0,0,0.0,0.0,0.01,1000.0,0.01,0.0,normal,0.0
18,411,24675,0,0,0.0,0.0,0.01,1000.0,0.01,0.0,normal,0.0
18,411,24690,0,0,0.0,0.0,0.01,1000.0,0.01,0.0,normal,0.0
18,411,24705,0,0,0.0,0.0,0.01,1000.0,0.01,0.0,normal,0.0
18,412,24720,0,0,0.0,0.0,0.01,1000.0,0.01,0.0,normal,0.0
18,412,24735,0,0,0.0,0.0,0.01,1000.0,0.01,0.0,normal,0.0
18,412,24750,0,0,0.0,0.0,0.01,1000.0,0.01,0.0,normal,0.0
18,412,24765,0,0,0.0,0.0,0.01,1000.0,0.01,0.0,normal,0.0
18,413,24780,0,0,0.0,0.0,0.01,1000.0,0.01,0.0,normal,0.0
18,413,24795,0,0,0.0,0.0,0.01,1000.0,0.01,0.0,normal,0.0
18,413,24810,0,0,0.0,0.0,0.01,1000.0,0.01,0.0,normal,0.0
18,413,24825,0,0,0.0,0.0,0.01,1000.0,0.01,0.0,normal,0.0
18,414,24840,0,0,0.0,0.0,0.01,1000.0,0.01,0.0,normal,0.0
18,414,24855,0,0,0.0,0.0,0.01,1000.0,0.01,0.0,normal,0.0
18,414,24870,0,0,0.0,0.0,0.01,1000.0,0.01,0.0,normal,0.0
18,414,24885,0,0,0.0,0.0,0.01,1000.0,0.01,0.0,normal,0.0
18,415,24900,0,0,0.0,0.0,0.01,1000.0,0.01,0.0,normal,0.0
18,415,24915,0,0,0.0,0.0,0.01,1000.0,0.01,0.0,normal,0.0
18,415,24930,0,0,0.0,0.0,0.01,1000.0,0.01,0.0,normal,0.0
18,415,24945,0,0,0.0,0.0,0.01,1000.0,0.01,0.0,normal,0.0
18,416,24960,0,0,0.0,0.0,0.01,1000.0,0.01,0.0,normal,0.0
18,416,24975,0,0,0.0,0.0,0.01,1000.0,0.01,0.0,normal,0.0
18,416,24990,0,0,0.0,0.0,0.01,1000.0,0.01,0.0,normal,0.0
18,416,25005,0,0,0.0,0.0,0.01,1000.0,0.01,0.0,normal,0.0
18,417,25020,0,0,0.0,0.0,0.01,1000.0,0.01,0.0,normal,0.0
18,417,25035,0,0,0.0,0.0,0.01,1000.0,0.01,0.0,normal,0.0
18,417,25050,0,0,0.0,0.0,0.01,1000.0,0.01,0.0,normal,0.0
18,417,25065,0,0,0.0,0.0,0.01,1000.0,0.01,0.0,normal,0.0
18,418,25080,0,0,0.0,0.0,0.01,1000.0,0.01,0.0,normal,0.0
18,418,25095,0,0,0.0,0.0,0.01,1000.0,0.01,0.0,normal,0.0
18,418,25110,0,0,0.0,0.0,0.01,1000.0,0.01,0.0,normal,0.0
18,418,25125,0,0,0.0,0.0,0.01,1000.0,0.01,0.0,normal,0.0
18,419,25140,0,0,0.0,0.0,0.01,1000.0,0.01,0.0,normal,0.0
18,419,25155,0,0,0.0,0.0,0.01,1000.0,0.01,0.0,normal,0.0
18,419,25170,0,0,0.0,0.0,0.01,1000.0,0.01,0.0,normal,0.0
18,419,25185,0,0,0.0,0.0,0.01,1000.0,0.01,0.0,normal,0.0
18,420,25200,0,0,0.0,0.0,0.01,1000.0,0.01,0.0,normal,0.0
18,420,25215,0,0,0.0,0.0,0.01,1000.0,0.01,0.0,normal,0.0
18,420,25230,0,0,0.0,0.0,0.01,1000.0,0.01,0.0,normal,0.0
18,420,25245,0,0,0.0,0.0,0.01,1000.0,0.01,0.0,normal,0.0
18,421,25260,0,0,0.0,0.0,0.01,1000.0,0.01,0.0,normal,0.0
18,421,25275,0,0,0.0,0.0,0.01,1000.0,0.01,0.0,normal,0.0
18,421,25290,0,0,0.0,0.0,0.01,1000.0,0.01,0.0,normal,0.0
18,421,25305,0,0,0.0,0.0,0.01,1000.0,0.01,0.0,normal,0.0
18,422,25320,0,0,0.0,0.0,0.01,1000.0,0.01,0.0,normal,0.0
18,422,25335,0,0,0.0,0.0,0.01,1000.0,0.01,0.0,normal,0.0
18,422,25350,0,0,0.0,0.0,0.01,1000.0,0.01,0.0,normal,0.0
18,422,25365,0,0,0.0,0.0,0.01,1000.0,0.01,0.0,normal,0.0
18,423,25380,0,0,0.0,0.0,0.01,1000.0,0.01,0.0,normal,0.0
18,423,25395,0,0,0.0,0.0,0.01,1000.0,0.01,0.0,normal,0.0
18,423,25410,0,0,0.0,0.0,0.01,1000.0,0.01,0.0,normal,0.0
18,423,25425,0,0,0.0,0.0,0.01,1000.0,0.01,0.0,normal,0.0
18,424,25440,0,0,0.0,0.0,0.01,1000.0,0.01,0.0,normal,0.0
18,424,25455,0,0,0.0,0.0,0.01,1000.0,0.01,0.0,normal,0.0
18,424,25470,0,0,0.0,0.0,0.01,1000.0,0.01,0.0,normal,0.0
18,424,25485,0,0,0.0,0.0,0.01,1000.0,0.01,0.0,normal,0.0
18,425,25500,0,0,0.0,0.0,0.01,1000.0,0.01,0.0,normal,0.0
18,425,25515,0,0,0.0,0.0,0.01,1000.0,0.01,0.0,normal,0.0
18,425,25530,0,0,0.0,0.0,0.01,1000.0,0.01,0.0,normal,0.0
18,425,25545,0,0,0.0,0.0,0.01,1000.0,0.01,0.0,normal,0.0
18,426,25560,0,0,0.0,0.0,0.01,1000.0,0.01,0.0,normal,0.0
18,426,25575,0,0,0.0,0.0,0.01,1000.0,0.01,0.0,normal,0.0
18,426,25590,0,0,0.0,0.0,0.01,1000.0,0.01,0.0,normal,0.0
18,426,25605,0,0,0.0,0.0,0.01,1000.0,0.01,0.0,normal,0.0
18,427,25620,0,0,0.0,0.0,0.01,1000.0,0.01,0.0,normal,0.0
18,427,25635,0,0,0.0,0.0,0.01,1000.0,0.01,0.0,normal,0.0
18,427,25650,0,0,0.0,0.0,0.01,1000.0,0.01,0.0,normal,0.0
18,427,25665,0,0,0.0,0.0,0.01,1000.0,0.01,0.0,normal,0.0
18,428,25680,0,0,0.0,0.0,0.01,1000.0,0.01,0.0,normal,0.0
18,428,25695,0,0,0.0,0.0,0.01,1000.0,0.01,0.0,normal,0.0
18,428,25710,0,0,0.0,0.0,0.01,1000.0,0.01,0.0,normal,0.0
18,428,25725,0,0,0.0,0.0,0.01,1000.0,0.01,0.0,normal,0.0
18,429,25740,0,0,0.0,0.0,0.01,1000.0,0.01,0.0,normal,0.0
18,429,25755,0,0,0.0,0.0,0.01,1000.0,0.01,0.0,normal,0.0
18,429,25770,0,0,0.0,0.0,0.01,1000.0,0.01,0.0,normal,0.0
18,429,25785,0,0,0.0,0.0,0.01,1000.0,0.01,0.0,normal,0.0
18,430,25800,0,0,0.0,0.0,0.01,1000.0,0.01,0.0,normal,0.0
18,430,25815,0,0,0.0,0.0,0.01,1000.0,0.01,0.0,normal,0.0
18,430,25830,0,0,0.0,0.0,0.01,1000.0,0.01,0.0,normal,0.0
18,430,25845,0,0,0.0,0.0,0.01,1000.0,0.01,0.0,normal,0.0
18,431,25860,0,0,0.0,0.0,0.01,1000.0,0.01,0.0,normal,0.0
18,431,25875,1,0,0.01,0.01,0.01,1000.0,0.01,0.0,normal,0.01
18,431,25890,0,0,0.0,0.0,0.01,1000.0,0.01,0.0,normal,0.01
18,431,25905,0,0,0.0,0.0,0.01,1000.0,0.01,0.0,normal,0.01
19,432,25920,0,0,0.0,0.0,0.01,1000.0,0.01,0.0,normal,0.0
19,432,25935,0,0,0.0,0.0,0.01,1000.0,0.01,0.0,normal,0.0
19,432,25950,0,0,0.0,0.0,0.01,1000.0,0.01,0.0,normal,0.0
19,432,25965,0,0,0.0,0.0,0.01,1000.0,0.01,0.0,normal,0.0
19,433,25980,0,0,0.0,0.0,0.01,1000.0,0.01,1.0,normal,0.0
19,433,25995,0,0,0.0,0.0,0.01,1000.0,0.01,1.0,normal,0.0
19,433,26010,11,0,30.7373,30.7373,2.7943,1000.0,4.2,1.0,normal,30.7373
19,433,26025,6,0,15.3283,15.3283,2.5547,1000.0,4.2,1.0,normal,46.0656
19,434,26040,7,0,10.8453,10.8453,1.5493,1000.0,3.99,1.0,normal,56.9109
19,434,26055,5,0,4.937,4.937,0.9874,1000.0,3.99,1.0,normal,61.8479
19,434,26070,16,0,18.2887,18.2887,1.143,1000.0,3.99,1.0,normal,80.1366
19,434,26085,10,0,39.9,39.9,3.99,1000.0,3.99,1.0,normal,120.0366
19,435,26100,9,0,30.6836,30.6836,3.4093,1000.0,3.79,1.0,normal,150.7202
19,435,26115,2,0,1.7688,1.7688,0.8844,1000.0,3.79,1.0,normal,152.489
19,435,26130,10,0,28.5714,28.5714,2.8571,1000.0,3.79,1.0,normal,181.0604
19,435,26145,12,1,17.1324,17.1324,1.4277,1000.0,3.79,1.0,normal,198.1928
19,436,26160,12,0,40.32,40.32,3.36,1000.0,3.36,1.0,normal,238.5128
19,436,26175,6,0,20.16,20.16,3.36,1000.0,3.36,1.0,normal,258.6728
19,436,26190,5,0,6.9261,6.9261,1.3852,1000.0,3.36,1.0,normal,265.5989
19,436,26205,3,0,4.025,4.025,1.3417,1000.0,3.36,1.0,normal,269.6239
19,437,26220,11,0,9.3179,9.3179,0.8471,1000.0,3.36,1.0,normal,278.9418
19,437,26235,8,0,26.88,26.88,3.36,1000.0,3.36,1.0,normal,305.8218
19,437,26250,10,0,12.3387,12.3387,1.2339,1000.0,3.36,1.0,normal,318.1605
19,437,26265,16,4,53.76,13.44,3.36,1000.0,3.36,1.0,normal,371.9205
19,438,26280,8,0,25.7049,25.7049,3.2131,1000.0,3.48,1.0,normal,397.6254
19,438,26295,5,0,8.4539,8.4539,1.6908,1000.0,3.48,1.0,normal,406.0793
19,438,26310,7,0,20.1331,20.1331,2.8762,1000.0,3.48,1.0,normal,426.2124
19,438,26325,7,0,21.3679,21.3679,3.0526,1000.0,3.48,1.0,normal,447.5803
19,439,26340,10,0,22.6319,22.6319,2.2632,1000.0,3.48,1.0,normal,470.2122
19,439,26355,12,0,2.8413,2.8413,0.2368,1000.0,3.48,1.0,normal,473.0535
19,439,26370,6,1,11.9628,11.9628,1.9938,1000.0,3.48,1.0,normal,485.0163
19,439,26385,8,0,9.6239,9.6239,1.203,1000.0,3.48,1.0,normal,494.6402
19,440,26400,7,0,5.0238,5.0238,0.7177,1000.0,3.9,1.0,normal,499.664
19,440,26415,7,0,9.9166,9.9166,1.4167,1000.0,3.9,1.0,normal,509.5806
19,440,26430,10,0,36.263,36.263,3.6263,1000.0,3.9,1.0,normal,545.8436
19,440,26445,12,0,15.4963,15.4963,1.2914,1000.0,3.9,1.0,normal,561.3399
19,441,26460,7,0,7.2612,7.2612,1.0373,1000.0,3.9,1.0,normal,568.6011
19,441,26475,10,0,35.3494,35.3494,3.5349,1000.0,3.9,1.0,normal,603.9505
19,441,26490,13,0,50.7,50.7,3.9,1000.0,3.9,1.0,normal,654.6505
19,441,26505,17,1,48.9116,48.9116,2.8772,1000.0,3.9,1.0,normal,703.5621
19,442,26520,9,0,31.4603,31.4603,3.4956,1000.0,3.9,1.0,normal,735.0224
19,442,26535,10,1,39.0,39.0,3.9,1000.0,3.9,1.0,normal,774.0224
19,442,26550,9,0,3.6867,3.6867,0.4096,1000.0,3.9,1.0,normal,777.7091
19,442,26565,14,0,34.4665,34.4665,2.4619,1000.0,3.9,1.0,normal,812.1756
19,443,26580,10,1,39.0,39.0,3.9,1000.0,3.9,1.0,normal,851.1756
19,443,26595,6,0,5.0713,5.0713,0.8452,1000.0,3.9,1.0,normal,856.2469
19,443,26610,6,0,10.6608,10.6608,1.7768,1000.0,3.9,1.0,normal,866.9077
19,443,26625,12,1,28.5713,28.5713,2.3809,1000.0,3.9,1.0,normal,895.479
19,444,26640,12,0,51.48,51.48,4.29,1650.0,4.29,1.0,normal,946.959
19,444,26655,7,0,0.2776,0.2776,0.0397,1650.0,4.29,1.0,normal,947.2366
19,444,26670,12,1,51.48,51.48,4.29,1650.0,4.29,1.0,normal,998.7166
19,444,26685,6,1,23.2898,23.2898,3.8816,1650.0,4.29,1.0,normal,1022.0064
19,445,26700,10,0,41.8,41.8,4.18,1650.0,4.18,1.0,normal,1063.8064
19,445,26715,5,0,9.1458,9.1458,1.8292,1650.0,4.18,1.0,normal,1072.9522
19,445,26730,10,0,23.5081,23.5081,2.3508,1650.0,4.18,1.0,normal,1096.4603
19,445,26745,4,0,1.1892,1.1892,0.2973,1650.0,4.18,1.0,normal,1097.6495
19,446,26760,6,0,24.48,24.48,4.08,1650.0,4.08,1.0,normal,1122.1295
19,446,26775,15,0,44.6665,44.6665,2.9778,1650.0,4.08,1.0,normal,1166.796
19,446,26790,7,0,28.56,28.56,4.08,1650.0,4.08,1.0,normal,1195.356
19,446,26805,15,0,41.8032,41.8032,2.7869,1650.0,4.08,1.0,normal,1237.1592
19,447,26820,14,0,8.4402,8.4402,0.6029,1650.0,3.88,1.0,normal,1245.5994
19,447,26835,9,1,24.3725,24.3725,2.7081,1650.0,3.88,1.0,normal,1269.9719
19,447,26850,7,0,14.8825,14.8825,2.1261,1650.0,3.88,1.0,normal,1284.8544
19,447,26865,9,1,29.4541,29.4541,3.2727,1650.0,3.88,1.0,normal,1314.3085
19,448,26880,9,0,37.1689,37.1689,4.1299,1650.0,4.35,1.0,normal,1351.4774
19,448,26895,19,1,61.8995,61.8995,3.2579,1650.0,4.35,1.0,normal,1413.3769
19,448,26910,13,0,52.848,52.848,4.0652,1650.0,4.35,1.0,normal,1466.2249
19,448,26925,17,0,73.95,73.95,4.35,1650.0,4.35,1.0,budget_constrained,1540.1749
19,449,26940,13,0,39.5542,39.5542,3.0426,1650.0,4.35,1.0,budget_constrained,1579.7291
19,449,26955,10,0,10.5686,10.5686,1.0569,1650.0,4.35,1.0,budget_constrained,1590.2977
19,449,26970,17,0,18.0098,18.0098,1.0594,1650.0,4.35,1.0,budget_constrained,1608.3075
19,449,26985,11,0,32.3337,32.3337,2.9394,1650.0,4.35,1.0,budget_constrained,1640.6412
19,450,27000,15,0,8.7654,8.7654,0.5844,1650.0,4.35,1.0,budget_constrained,1649.4066
19,450,27015,0,0,0.5934,0.5934,1.4221,1650.0,4.35,1.0,budget_depleted,1650.0
19,450,27030,0,0,0.0,0.0,0.0,1650.0,4.35,1.0,budget_depleted,1650.0
19,450,27045,0,0,0.0,0.0,0.0,1650.0,4.35,1.0,budget_depleted,1650.0
19,451,27060,0,0,0.0,0.0,0.0,1650.0,4.35,1.0,budget_depleted,1650.0
19,451,27075,0,0,0.0,0.0,0.0,1650.0,4.35,1.0,budget_depleted,1650.0
19,451,27090,0,0,0.0,0.0,0.0,1650.0,4.35,1.0,budget_depleted,1650.0
19,451,27105,0,0,0.0,0.0,0.0,1650.0,4.35,1.0,budget_depleted,1650.0
19,452,27120,0,0,0.0,0.0,0.0,1650.0,1.3,1.0,budget_depleted,1650.0
19,452,27135,0,0,0.0,0.0,0.0,1650.0,1.3,1.0,budget_depleted,1650.0
19,452,27150,0,0,0.0,0.0,0.0,1650.0,1.3,1.0,budget_depleted,1650.0
19,452,27165,0,0,0.0,0.0,0.0,1650.0,1.3,1.0,budget_depleted,1650.0
19,453,27180,0,0,0.0,0.0,0.0,1650.0,1.3,1.0,budget_depleted,1650.0
19,453,27195,0,0,0.0,0.0,0.0,1650.0,1.3,1.0,budget_depleted,1650.0
19,453,27210,0,0,0.0,0.0,0.0,1650.0,1.3,1.0,budget_depleted,1650.0
19,453,27225,0,0,0.0,0.0,0.0,1650.0,1.3,1.0,budget_depleted,1650.0
19,454,27240,0,0,0.0,0.0,0.0,1650.0,1.3,1.0,budget_depleted,1650.0
19,454,27255,0,0,0.0,0.0,0.0,1650.0,1.3,1.0,budget_depleted,1650.0
19,454,27270,0,0,0.0,0.0,0.0,1650.0,1.3,1.0,budget_depleted,1650.0
19,454,27285,0,0,0.0,0.0,0.0,1650.0,1.3,1.0,budget_depleted,1650.0
19,455,27300,0,0,0.0,0.0,0.0,1650.0,1.3,1.0,budget_depleted,1650.0
19,455,27315,0,0,0.0,0.0,0.0,1650.0,1.3,1.0,budget_depleted,1650.0
19,455,27330,0,0,0.0,0.0,0.0,1650.0,1.3,1.0,budget_depleted,1650.0
19,455,27345,0,0,0.0,0.0,0.0,1650.0,1.3,1.0,budget_depleted,1650.0
20,456,27360,0,0,0.0,0.0,0.0,1650.0,0.8,1.0,normal,0.0
20,456,27375,6,1,4.8,4.8,0.8,1650.0,0.8,1.0,normal,4.8
20,456,27390,2,0,0.6211,0.6211,0.3105,1650.0,0.8,1.0,normal,5.4211
20,456,27405,0,0,0.0,0.0,0.18,1650.0,0.8,1.0,normal,5.4211
20,457,27420,0,0,0.0,0.0,0.8,1650.0,0.8,1.0,normal,5.4211
20,457,27435,0,0,0.0,0.0,0.4967,1650.0,0.8,1.0,normal,5.4211
20,457,27450,1,0,0.8,0.8,0.8,1650.0,0.8,1.0,normal,6.2211
20,457,27465,4,0,3.2,3.2,0.8,1650.0,0.8,1.0,normal,9.4211
20,458,27480,1,0,0.8,0.8,0.8,1650.0,0.8,1.0,normal,10.2211
20,458,27495,2,0,0.8754,0.8754,0.4377,1650.0,0.8,1.0,normal,11.0965
20,458,27510,1,0,0.8,0.8,0.8,1650.0,0.8,1.0,normal,11.8965
20,458,27525,5,0,4.0,4.0,0.8,1650.0,0.8,1.0,normal,15.8965
20,459,27540,3,0,2.4,2.4,0.8,1650.0,0.8,1.0,normal,18.2965
20,459,27555,4,0,0.8177,0.8177,0.2044,1650.0,0.8,1.0,normal,19.1142
20,459,27570,6,0,2.7045,2.7045,0.4507,1650.0,0.8,1.0,normal,21.8187
20,459,27585,3,0,2.4,2.4,0.8,1650.0,0.8,1.0,normal,24.2187
20,460,27600,3,0,2.7,2.7,0.9,1650.0,0.9,1.0,normal,26.9187
20,460,27615,2,0,1.8,1.8,0.9,1650.0,0.9,1.0,normal,28.7187
20,460,27630,0,0,0.0,0.0,0.6326,1650.0,0.9,1.0,normal,28.7187
20,460,27645,0,0,0.0,0.0,0.9,1650.0,0.9,1.0,normal,28.7187
20,461,27660,4,0,2.7694,2.7694,0.6923,1650.0,0.9,1.0,normal,31.4881
20,461,27675,2,0,1.8,1.8,0.9,1650.0,0.9,1.0,normal,33.2881
20,461,27690,2,0,1.2266,1.2266,0.6133,1650.0,0.9,1.0,normal,34.5147
20,461,27705,2,0,1.8,1.8,0.9,1650.0,0.9,1.0,normal,36.3147
20,462,27720,1,0,0.9,0.9,0.9,1650.0,0.9,1.0,normal,37.2147
20,462,27735,1,0,0.9,0.9,0.9,1650.0,0.9,1.0,normal,38.1147
20,462,27750,6,0,5.4,5.4,0.9,1650.0,0.9,1.0,normal,43.5147
20,462,27765,2,0,0.6158,0.6158,0.3079,1650.0,0.9,1.0,normal,44.1305
20,463,27780,3,0,2.7,2.7,0.9,1650.0,0.9,1.0,normal,46.8305
20,463,27795,2,1,1.8,1.8,0.9,1650.0,0.9,1.0,normal,48.6305
20,463,27810,1,0,0.6854,0.6854,0.6854,1650.0,0.9,1.0,normal,49.3159
20,463,27825,0,0,0.0,0.0,0.3978,1650.0,0.9,1.0,normal,49.3159
20,464,27840,2,0,0.1821,0.1821,0.091,1650.0,0.81,1.0,normal,49.498
20,464,27855,0,0,0.0,0.0,0.81,1650.0,0.81,1.0,normal,49.498
20,464,27870,1,0,0.2111,0.2111,0.2111,1650.0,0.81,1.0,normal,49.7091
20,464,27885,1,0,0.2031,0.2031,0.2031,1650.0,0.81,1.0,normal,49.9122
20,465,27900,1,0,0.1145,0.1145,0.1145,1650.0,0.81,1.0,normal,50.0267
20,465,27915,6,0,4.0061,4.0061,0.6677,1650.0,0.81,1.0,normal,54.0328
20,465,27930,1,0,0.81,0.81,0.81,1650.0,0.81,1.0,normal,54.8428
20,465,27945,1,0,0.1286,0.1286,0.1286,1650.0,0.81,1.0,normal,54.9714
20,466,27960,0,0,0.0,0.0,0.81,1650.0,0.81,1.0,normal,54.9714
20,466,27975,0,0,0.0,0.0,0.81,1650.0,0.81,1.0,normal,54.9714
20,466,27990,3,0,0.8941,0.8941,0.298,1650.0,0.81,1.0,normal,55.8655
20,466,28005,1,0,0.81,0.81,0.81,1650.0,0.81,1.0,normal,56.6755
20,467,28020,1,0,0.82,0.82,0.82,1650.0,0.82,1.0,normal,57.4955
20,467,28035,3,0,2.46,2.46,0.82,1650.0,0.82,1.0,normal,59.9555
20,467,28050,3,0,2.46,2.46,0.82,1650.0,0.82,1.0,normal,62.4155
20,467,28065,1,0,0.82,0.82,0.82,1650.0,0.82,1.0,normal,63.2355
20,468,28080,2,1,0.3277,0.3277,0.1638,1650.0,0.73,1.3,normal,63.5632
20,468,28095,2,0,1.2884,1.2884,0.6442,1650.0,0.73,1.3,normal,64.8516
20,468,28110,1,0,0.1497,0.1497,0.1497,1650.0,0.73,1.3,normal,65.0013
20,468,28125,2,0,1.46,1.46,0.73,1650.0,0.73,1.3,normal,66.4613
20,469,28140,3,1,2.28,2.28,0.76,1650.0,0.76,1.3,normal,68.7413
20,469,28155,2,0,1.2245,1.2245,0.6122,1650.0,0.76,1.3,normal,69.9658
20,469,28170,1,0,0.76,0.76,0.76,1650.0,0.76,1.3,normal,70.7258
20,469,28185,3,0,2.28,2.28,0.76,1650.0,0.76,1.3,normal,73.0058
20,470,28200,1,0,0.91,0.91,0.91,1650.0,0.91,1.3,normal,73.9158
20,470,28215,5,1,3.6346,3.6346,0.7269,1650.0,0.91,1.3,normal,77.5504
20,470,28230,2,0,0.1952,0.1952,0.0976,1650.0,0.91,1.3,normal,77.7456
20,470,28245,3,0,2.73,2.73,0.91,1650.0,0.91,1.3,normal,80.4756
20,471,28260,3,0,2.85,2.85,0.95,1650.0,0.95,1.3,normal,83.3256
20,471,28275,6,0,5.7,5.7,0.95,1650.0,0.95,1.3,normal,89.0256
20,471,28290,1,0,0.95,0.95,0.95,1650.0,0.95,1.3,normal,89.9756
20,471,28305,0,0,0.0,0.0,0.8707,1650.0,0.95,1.3,normal,89.9756
20,472,28320,4,0,4.56,4.56,1.14,1650.0,1.14,1.3,normal,94.5356
20,472,28335,5,0,5.7,5.7,1.14,1650.0,1.14,1.3,normal,100.2356
20,472,28350,0,0,0.0,0.0,1.14,1650.0,1.14,1.3,normal,100.2356
20,472,28365,2,0,0.7481,0.7481,0.3741,1650.0,1.14,1.3,normal,100.9837
20,473,28380,3,0,1.3021,1.3021,0.434,1650.0,1.19,1.3,normal,102.2858
20,473,28395,4,0,1.8494,1.8494,0.4623,1650.0,1.19,1.3,normal,104.1352
20,473,28410,4,1,4.1369,4.1369,1.0342,1650.0,1.19,1.3,normal,108.2721
20,473,28425,1,0,1.19,1.19,1.19,1650.0,1.19,1.3,normal,109.4621
20,474,28440,3,0,3.99,3.99,1.33,1650.0,1.33,1.3,normal,113.4521
20,474,28455,8,1,2.1051,2.1051,0.2631,1650.0,1.33,1.3,normal,115.5572
20,474,28470,3,0,3.2661,3.2661,1.0887,1650.0,1.33,1.3,normal,118.8233
20,474,28485,2,0,2.66,2.66,1.33,1650.0,1.33,1.3,normal,121.4833
20,475,28500,5,0,0.1133,0.1133,0.0227,1650.0,1.38,1.3,normal,121.5966
20,475,28515,2,0,1.2872,1.2872,0.6436,1650.0,1.38,1.3,normal,122.8838
20,475,28530,7,0,9.66,9.66,1.38,1650.0,1.38,1.3,normal,132.5438
20,475,28545,4,0,1.4814,1.4814,0.3704,1650.0,1.38,1.3,normal,134.0252
20,476,28560,7,0,11.62,11.62,1.66,1650.0,1.66,1.3,normal,145.6452
20,476,28575,9,0,3.1224,3.1224,0.3469,1650.0,1.66,1.3,normal,148.7676
20,476,28590,5,0,8.3,8.3,1.66,1650.0,1.66,1.3,normal,157.0676
20,476,28605,6,0,5.7111,5.7111,0.9519,1650.0,1.66,1.3,normal,162.7787
20,477,28620,2,0,1.3664,1.3664,0.6832,1650.0,1.73,1.3,normal,164.1451
20,477,28635,5,0,8.65,8.65,1.73,1650.0,1.73,1.3,normal,172.7951
20,477,28650,4,0,6.92,6.92,1.73,1650.0,1.73,1.3,normal,179.7151
20,477,28665,3,0,5.19,5.19,1.73,1650.0,1.73,1.3,normal,184.9051
20,478,28680,2,0,0.0802,0.0802,0.0401,1650.0,1.94,1.3,normal,184.9853
20,478,28695,6,0,11.64,11.64,1.94,1650.0,1.94,1.3,normal,196.6253
20,478,28710,4,0,6.0736,6.0736,1.5184,1650.0,1.94,1.3,normal,202.6989
20,478,28725,3,0,5.82,5.82,1.94,1650.0,1.94,1.3,normal,208.5189
20,479,28740,8,1,7.6652,7.6652,0.9582,1650.0,2.01,1.3,normal,216.1841
20,479,28755,5,0,0.9054,0.9054,0.1811,1650.0,2.01,1.3,normal,217.0895
20,479,28770,4,0,2.6844,2.6844,0.6711,1650.0,2.01,1.3,normal,219.7739
20,479,28785,5,0,1.6272,1.6272,0.3254,1650.0,2.01,1.3,normal,221.4011
21,480,28800,7,0,24.5,24.5,3.5,1650.0,3.5,1.3,normal,24.5
21,480,28815,8,0,10.8233,10.8233,1.3529,1650.0,3.5,1.3,normal,35.3233
21,480,28830,8,0,15.4851,15.4851,1.9356,1650.0,3.5,1.3,normal,50.8084
21,480,28845,12,1,40.1245,40.1245,3.3437,1650.0,3.5,1.3,normal,90.9329
21,481,28860,11,0,6.5358,6.5358,0.5942,1650.0,2.75,1.3,normal,97.4687
21,481,28875,6,0,8.3528,8.3528,1.3921,1650.0,2.75,1.3,normal,105.8215
21,481,28890,6,0,16.5,16.5,2.75,1650.0,2.75,1.3,normal,122.3215
21,481,28905,11,0,20.7269,20.7269,1.8843,1650.0,2.75,1.3,normal,143.0484
21,482,28920,9,0,31.0603,31.0603,3.4511,1650.0,3.5,1.3,normal,174.1087
21,482,28935,6,2,18.2234,9.1117,3.0372,1650.0,3.5,1.3,normal,192.3321
21,482,28950,10,0,35.0,35.0,3.5,1650.0,3.5,1.3,normal,227.3321
21,482,28965,9,0,21.4968,21.4968,2.3885,1650.0,3.5,1.3,normal,248.8289
21,483,28980,10,0,27.1497,27.1497,2.715,1650.0,3.51,1.3,normal,275.9786
21,483,28995,10,0,35.1,35.1,3.51,1650.0,3.51,1.3,normal,311.0786
21,483,29010,8,0,10.4274,10.4274,1.3034,1650.0,3.51,1.3,normal,321.506
21,483,29025,12,0,13.5743,13.5743,1.1312,1650.0,3.51,1.3,normal,335.0803
21,484,29040,9,0,21.2891,21.2891,2.3655,1650.0,3.93,1.3,normal,356.3694
21,484,29055,10,0,6.1861,6.1861,0.6186,1650.0,3.93,1.3,normal,362.5555
21,484,29070,13,0,3.2725,3.2725,0.2517,1650.0,3.93,1.3,normal,365.828
21,484,29085,4,0,15.6614,15.6614,3.9153,1650.0,3.93,1.3,normal,381.4894
21,485,29100,11,0,22.0335,22.0335,2.003,1650.0,4.07,1.3,normal,403.5229
21,485,29115,13,1,30.8139,30.8139,2.3703,1650.0,4.07,1.3,normal,434.3368
21,485,29130,13,3,34.4507,11.4836,2.6501,1650.0,4.07,1.3,normal,468.7875
21,485,29145,9,0,15.5354,15.5354,1.7262,1650.0,4.07,1.3,normal,484.3229
21,486,29160,11,0,21.9833,21.9833,1.9985,1650.0,4.56,1.3,normal,506.3062
21,486,29175,10,0,45.6,45.6,4.56,1650.0,4.56,1.3,normal,551.9062
21,486,29190,16,1,72.96,72.96,4.56,1650.0,4.56,1.3,normal,624.8662
21,486,29205,10,1,18.068,18.068,1.8068,1650.0,4.56,1.3,normal,642.9342
21,487,29220,12,2,35.1726,17.5863,2.931,1650.0,4.72,1.3,normal,678.1068
21,487,29235,2,0,0.1813,0.1813,0.0907,1650.0,4.72,1.3,normal,678.2881
21,487,29250,6,1,27.3974,27.3974,4.5662,1650.0,4.72,1.3,normal,705.6855
21,487,29265,8,0,2.5379,2.5379,0.3172,1650.0,4.72,1.3,normal,708.2234
21,488,29280,11,0,3.9159,3.9159,0.356,1650.0,5.19,1.3,normal,712.1393
21,488,29295,13,0,40.3978,40.3978,3.1075,1650.0,5.19,1.3,normal,752.5371
21,488,29310,13,1,8.6346,8.6346,0.6642,1650.0,5.19,1.3,normal,761.1717
21,488,29325,12,1,3.3547,3.3547,0.2796,1650.0,5.19,1.3,normal,764.5264
21,489,29340,11,2,29.3597,14.6798,2.6691,1650.0,5.37,1.3,normal,793.8861
21,489,29355,14,1,18.3061,18.3061,1.3076,1650.0,5.37,1.3,normal,812.1922
21,489,29370,12,0,35.5605,35.5605,2.9634,1650.0,5.37,1.3,normal,847.7527
21,489,29385,5,0,19.1992,19.1992,3.8398,1650.0,5.37,1.3,normal,866.9519
21,490,29400,8,0,30.9602,30.9602,3.87,1650.0,5.91,1.3,normal,897.9121
21,490,29415,17,1,69.8075,69.8075,4.1063,1650.0,5.91,1.3,normal,967.7196
21,490,29430,13,0,21.8928,21.8928,1.6841,1650.0,5.91,1.3,normal,989.6124
21,490,29445,10,1,19.6346,19.6346,1.9635,1650.0,5.91,1.3,normal,1009.247
21,491,29460,12,0,55.1196,55.1196,4.5933,1650.0,6.12,1.3,normal,1064.3666
21,491,29475,24,2,49.6858,24.8429,2.0702,1650.0,6.12,1.3,normal,1114.0524
21,491,29490,24,1,115.1739,115.1739,4.7989,1650.0,6.12,1.3,normal,1229.2263
21,491,29505,20,1,59.5254,59.5254,2.9763,1650.0,6.12,1.3,normal,1288.7517
21,492,29520,13,0,23.4811,23.4811,1.8062,1650.0,5.63,1.3,normal,1312.2328
21,492,29535,14,2,34.2802,17.1401,2.4486,1650.0,5.63,1.3,normal,1346.513
21,492,29550,13,0,41.0492,41.0492,3.1576,1650.0,5.63,1.3,normal,1387.5622
21,492,29565,14,2,35.9508,17.9754,2.5679,1650.0,5.63,1.3,normal,1423.513
21,493,29580,15,1,59.205,59.205,3.947,1650.0,5.18,1.3,normal,1482.718
21,493,29595,14,1,67.6956,67.6956,4.8354,1650.0,5.18,1.3,budget_constrained,1550.4136
21,493,29610,17,1,48.1121,48.1121,2.8301,1650.0,5.18,1.3,budget_constrained,1598.5257
21,493,29625,12,0,51.4743,51.4743,4.2661,1650.0,5.18,1.3,budget_constrained,1650.0
21,494,29640,0,0,0.0,0.0,3.7997,1650.0,6.22,1.3,budget_constrained,1650.0
21,494,29655,0,0,0.0,0.0,6.1718,1650.0,6.22,1.3,budget_constrained,1650.0
21,494,29670,0,0,0.0,0.0,0.885,1650.0,6.22,1.3,budget_constrained,1650.0
21,494,29685,0,0,0.0,0.0,2.5372,1650.0,6.22,1.3,budget_constrained,1650.0
21,495,29700,0,0,0.0,0.0,0.1633,1650.0,6.22,1.3,budget_constrained,1650.0
21,495,29715,0,0,0.0,0.0,5.5317,1650.0,6.22,1.3,budget_constrained,1650.0
21,495,29730,0,0,0.0,0.0,6.22,1650.0,6.22,1.3,budget_constrained,1650.0
21,495,29745,0,0,0.0,0.0,0.9628,1650.0,6.22,1.3,budget_constrained,1650.0
21,496,29760,0,0,0.0,0.0,1.7931,1650.0,7.46,1.3,budget_constrained,1650.0
21,496,29775,0,0,0.0,0.0,4.3534,1650.0,7.46,1.3,budget_constrained,1650.0
21,496,29790,0,0,0.0,0.0,0.9727,1650.0,7.46,1.3,budget_constrained,1650.0
21,496,29805,0,0,0.0,0.0,0.9363,1650.0,7.46,1.3,budget_constrained,1650.0
21,497,29820,0,0,0.0,0.0,5.3308,1650.0,7.46,1.3,budget_constrained,1650.0
21,497,29835,0,0,0.0,0.0,2.1091,1650.0,7.46,1.3,budget_constrained,1650.0
21,497,29850,0,0,0.0,0.0,2.1984,1650.0,7.46,1.3,budget_constrained,1650.0
21,497,29865,0,0,0.0,0.0,4.7293,1650.0,7.46,1.3,budget_constrained,1650.0
21,498,29880,0,0,0.0,0.0,3.8646,1650.0,8.36,1.3,budget_constrained,1650.0
21,498,29895,0,0,0.0,0.0,4.946,1650.0,8.36,1.3,budget_constrained,1650.0
21,498,29910,0,0,0.0,0.0,1.4421,1650.0,8.36,1.3,budget_constrained,1650.0
21,498,29925,0,0,0.0,0.0,6.402,1650.0,8.36,1.3,budget_constrained,1650.0
21,499,29940,0,0,0.0,0.0,7.5752,1650.0,8.36,1.3,budget_constrained,1650.0
21,499,29955,0,0,0.0,0.0,1.6655,1650.0,8.36,1.3,budget_constrained,1650.0
21,499,29970,0,0,0.0,0.0,6.8889,1650.0,8.36,1.3,budget_constrained,1650.0
21,499,29985,0,0,0.0,0.0,7.1271,1650.0,8.36,1.3,budget_constrained,1650.0
21,500,30000,0,0,0.0,0.0,1.364,1650.0,9.36,1.3,budget_constrained,1650.0
21,500,30015,0,0,0.0,0.0,3.2405,1650.0,9.36,1.3,budget_constrained,1650.0
21,500,30030,0,0,0.0,0.0,5.0266,1650.0,9.36,1.3,budget_constrained,1650.0
21,500,30045,0,0,0.0,0.0,5.2165,1650.0,9.36,1.3,budget_constrained,1650.0
21,501,30060,0,0,0.0,0.0,6.2936,1650.0,9.36,1.3,budget_constrained,1650.0
21,501,30075,0,0,0.0,0.0,3.3745,1650.0,9.36,1.3,budget_constrained,1650.0
21,501,30090,0,0,0.0,0.0,5.4986,1650.0,9.36,1.3,budget_constrained,1650.0
21,501,30105,0,0,0.0,0.0,6.0183,1650.0,9.36,1.3,budget_constrained,1650.0
21,502,30120,0,0,0.0,0.0,4.8781,1650.0,10.48,1.3,budget_constrained,1650.0
21,502,30135,0,0,0.0,0.0,6.0989,1650.0,10.48,1.3,budget_constrained,1650.0
21,502,30150,0,0,0.0,0.0,1.0041,1650.0,10.48,1.3,budget_constrained,1650.0
21,502,30165,0,0,0.0,0.0,3.6326,1650.0,10.48,1.3,budget_constrained,1650.0
21,503,30180,0,0,0.0,0.0,4.0632,1650.0,10.48,1.3,budget_constrained,1650.0
21,503,30195,0,0,0.0,0.0,7.4518,1650.0,10.48,1.3,budget_constrained,1650.0
21,503,30210,0,0,0.0,0.0,6.3671,1650.0,10.48,1.3,budget_constrained,1650.0
21,503,30225,0,0,0.0,0.0,4.1126,1650.0,10.48,1.3,budget_constrained,1650.0
22,504,30240,0,0,0.0,0.0,1.2993,1650.0,11.74,1.3,normal,0.0
22,504,30255,27,1,204.1624,204.1624,7.5616,1650.0,11.74,1.3,normal,204.1624
22,504,30270,31,0,117.4853,117.4853,3.7898,1650.0,11.74,1.3,normal,321.6477
22,504,30285,27,2,188.1903,94.0951,6.97,1650.0,11.74,1.3,normal,509.838
22,505,30300,26,0,121.3751,121.3751,4.6683,1650.0,10.3,1.3,normal,631.2131
22,505,30315,19,1,136.6695,136.6695,7.1931,1650.0,10.3,1.3,normal,767.8826
22,505,30330,22,2,69.5167,34.7584,3.1599,1650.0,10.3,1.3,normal,837.3993
22,505,30345,33,1,12.8464,12.8464,0.3893,1650.0,10.3,1.3,normal,850.2457
22,506,30360,29,2,110.04,55.02,3.7945,1650.0,7.51,1.3,normal,960.2857
22,506,30375,22,0,57.4134,57.4134,2.6097,1650.0,7.51,1.3,normal,1017.6991
22,506,30390,12,0,25.0264,25.0264,2.0855,1650.0,7.51,1.3,normal,1042.7255
22,506,30405,29,2,191.0249,95.5124,6.5871,1650.0,7.51,1.3,normal,1233.7504
22,507,30420,3,0,11.9611,11.9611,3.987,1650.0,4.17,1.3,normal,1245.7115
22,507,30435,8,0,18.8284,18.8284,2.3536,1650.0,4.17,1.3,normal,1264.5399
22,507,30450,9,0,19.7467,19.7467,2.1941,1650.0,4.17,1.3,normal,1284.2866
22,507,30465,17,0,52.3981,52.3981,3.0822,1650.0,4.17,1.3,normal,1336.6847
22,508,30480,3,0,5.0598,5.0598,1.6866,1650.0,2.29,1.3,normal,1341.7445
22,508,30495,9,0,10.542,10.542,1.1713,1650.0,2.29,1.3,normal,1352.2865
22,508,30510,0,0,0.0,0.0,1.6653,1650.0,2.29,1.3,normal,1352.2865
22,508,30525,3,0,6.2968,6.2968,2.0989,1650.0,2.29,1.3,normal,1358.5833
22,509,30540,4,0,5.32,5.32,1.33,1650.0,1.33,1.3,normal,1363.9033
22,509,30555,4,0,0.6211,0.6211,0.1553,1650.0,1.33,1.3,normal,1364.5244
22,509,30570,5,0,6.65,6.65,1.33,1650.0,1.33,1.3,normal,1371.1744
22,509,30585,4,0,5.32,5.32,1.33,1650.0,1.33,1.3,normal,1376.4944
22,510,30600,6,0,4.92,4.92,0.82,1650.0,0.82,1.3,normal,1381.4144
22,510,30615,0,0,0.0,0.0,0.1457,1650.0,0.82,1.3,normal,1381.4144
22,510,30630,0,0,0.0,0.0,0.5395,1650.0,0.82,1.3,normal,1381.4144
22,510,30645,3,0,2.46,2.46,0.82,1650.0,0.82,1.3,normal,1383.8744
22,511,30660,3,0,1.62,1.62,0.54,1650.0,0.54,1.3,normal,1385.4944
22,511,30675,2,0,1.08,1.08,0.54,1650.0,0.54,1.3,normal,1386.5744
22,511,30690,1,0,0.54,0.54,0.54,1650.0,0.54,1.3,normal,1387.1144
22,511,30705,2,0,1.08,1.08,0.54,1650.0,0.54,1.3,normal,1388.1944
22,512,30720,1,0,0.3255,0.3255,0.3255,1650.0,0.5,1.3,normal,1388.5199
22,512,30735,3,0,1.5,1.5,0.5,1650.0,0.5,1.3,normal,1390.0199
22,512,30750,1,0,0.5,0.5,0.5,1650.0,0.5,1.3,normal,1390.5199
22,512,30765,2,0,1.0,1.0,0.5,1650.0,0.5,1.3,normal,1391.5199
22,513,30780,0,0,0.0,0.0,0.5,1650.0,0.5,1.3,normal,1391.5199
22,513,30795,0,0,0.0,0.0,0.5,1650.0,0.5,1.3,normal,1391.5199
22,513,30810,1,0,0.5,0.5,0.5,1650.0,0.5,1.3,normal,1392.0199
22,513,30825,3,0,1.5,1.5,0.5,1650.0,0.5,1.3,normal,1393.5199
22,514,30840,1,0,0.4773,0.4773,0.4773,1650.0,0.56,1.3,normal,1393.9972
22,514,30855,0,0,0.0,0.0,0.56,1650.0,0.56,1.3,normal,1393.9972
22,514,30870,2,0,1.12,1.12,0.56,1650.0,0.56,1.3,normal,1395.1172
22,514,30885,1,0,0.56,0.56,0.56,1650.0,0.56,1.3,normal,1395.6772
22,515,30900,1,0,0.5,0.5,0.5,1650.0,0.5,1.3,normal,1396.1772
22,515,30915,1,0,0.5,0.5,0.5,1650.0,0.5,1.3,normal,1396.6772
22,515,30930,1,0,0.5,0.5,0.5,1650.0,0.5,1.3,normal,1397.1772
22,515,30945,0,0,0.0,0.0,0.1019,1650.0,0.5,1.3,normal,1397.1772
22,516,30960,3,0,1.68,1.68,0.56,1650.0,0.56,1.3,normal,1398.8572
22,516,30975,4,0,2.24,2.24,0.56,1650.0,0.56,1.3,normal,1401.0972
22,516,30990,1,0,0.56,0.56,0.56,1650.0,0.56,1.3,normal,1401.6572
22,516,31005,1,0,0.56,0.56,0.56,1650.0,0.56,1.3,normal,1402.2172
22,517,31020,1,0,0.2242,0.2242,0.2242,1650.0,0.52,1.3,normal,1402.4414
22,517,31035,4,1,2.08,2.08,0.52,1650.0,0.52,1.3,normal,1404.5214
22,517,31050,2,0,1.04,1.04,0.52,1650.0,0.52,1.3,normal,1405.5614
22,517,31065,2,0,1.04,1.04,0.52,1650.0,0.52,1.3,normal,1406.6014
22,518,31080,3,0,1.5,1.5,0.5,1650.0,0.5,1.3,normal,1408.1014
22,518,31095,2,0,1.0,1.0,0.5,1650.0,0.5,1.3,normal,1409.1014
22,518,31110,3,0,1.5,1.5,0.5,1650.0,0.5,1.3,normal,1410.6014
22,518,31125,0,0,0.0,0.0,0.5,1650.0,0.5,1.3,normal,1410.6014
22,519,31140,1,0,0.5,0.5,0.5,1650.0,0.5,1.3,normal,1411.1014
22,519,31155,0,0,0.0,0.0,0.5,1650.0,0.5,1.3,normal,1411.1014
22,519,31170,2,0,0.6571,0.6571,0.3286,1650.0,0.5,1.3,normal,1411.7585
22,519,31185,0,0,0.0,0.0,0.5,1650.0,0.5,1.3,normal,1411.7585
22,520,31200,2,0,1.12,1.12,0.56,1650.0,0.56,1.3,normal,1412.8785
22,520,31215,2,0,1.12,1.12,0.56,1650.0,0.56,1.3,normal,1413.9985
22,520,31230,1,0,0.56,0.56,0.56,1650.0,0.56,1.3,normal,1414.5585
22,520,31245,0,0,0.0,0.0,0.4822,1650.0,0.56,1.3,normal,1414.5585
22,521,31260,2,0,1.12,1.12,0.56,1650.0,0.56,1.3,normal,1415.6785
22,521,31275,2,0,1.12,1.12,0.56,1650.0,0.56,1.3,normal,1416.7985
22,521,31290,3,0,1.5564,1.5564,0.5188,1650.0,0.56,1.3,normal,1418.3549
22,521,31305,1,0,0.56,0.56,0.56,1650.0,0.56,1.3,normal,1418.9149
22,522,31320,3,0,1.89,1.89,0.63,1650.0,0.63,1.3,normal,1420.8049
22,522,31335,0,0,0.0,0.0,0.63,1650.0,0.63,1.3,normal,1420.8049
22,522,31350,0,0,0.0,0.0,0.63,1650.0,0.63,1.3,normal,1420.8049
22,522,31365,0,0,0.0,0.0,0.0067,1650.0,0.63,1.3,normal,1420.8049
22,523,31380,0,0,0.0,0.0,0.63,1650.0,0.63,1.3,normal,1420.8049
22,523,31395,3,0,1.7718,1.7718,0.5906,1650.0,0.63,1.3,normal,1422.5767
22,523,31410,3,0,1.89,1.89,0.63,1650.0,0.63,1.3,normal,1424.4667
22,523,31425,0,0,0.0,0.0,0.2455,1650.0,0.63,1.3,normal,1424.4667
22,524,31440,0,0,0.0,0.0,0.76,1650.0,0.76,1.3,normal,1424.4667
22,524,31455,0,0,0.0,0.0,0.76,1650.0,0.76,1.3,normal,1424.4667
22,524,31470,2,0,1.1088,1.1088,0.5544,1650.0,0.76,1.3,normal,1425.5755
22,524,31485,1,0,0.6789,0.6789,0.6789,1650.0,0.76,1.3,normal,1426.2544
22,525,31500,1,0,0.73,0.73,0.73,1650.0,0.73,1.3,normal,1426.9844
22,525,31515,1,0,0.73,0.73,0.73,1650.0,0.73,1.3,normal,1427.7144
22,525,31530,2,0,1.46,1.46,0.73,1650.0,0.73,1.3,normal,1429.1744
22,525,31545,1,0,0.73,0.73,0.73,1650.0,0.73,1.3,normal,1429.9044
22,526,31560,3,0,2.64,2.64,0.88,1650.0,0.88,1.3,normal,1432.5444
22,526,31575,1,0,0.4691,0.4691,0.4691,1650.0,0.88,1.3,normal,1433.0135
22,526,31590,0,0,0.0,0.0,0.4995,1650.0,0.88,1.3,normal,1433.0135
22,526,31605,6,0,5.2513,5.2513,0.8752,1650.0,0.88,1.3,normal,1438.2648
22,527,31620,4,1,3.68,3.68,0.92,1650.0,0.92,1.3,normal,1441.9448
22,527,31635,3,0,2.76,2.76,0.92,1650.0,0.92,1.3,normal,1444.7048
22,527,31650,1,0,0.92,0.92,0.92,1650.0,0.92,1.3,normal,1445.6248
22,527,31665,1,0,0.92,0.92,0.92,1650.0,0.92,1.3,normal,1446.5448
23,528,31680,1,0,0.51,0.51,0.51,1650.0,0.51,1.3,normal,0.51
23,528,31695,1,0,0.51,0.51,0.51,1650.0,0.51,1.3,normal,1.02
23,528,31710,2,0,1.02,1.02,0.51,1650.0,0.51,1.3,normal,2.04
23,528,31725,0,0,0.0,0.0,0.51,1650.0,0.51,1.3,normal,2.04
23,529,31740,6,0,7.0371,7.0371,1.1729,1650.0,3.5,1.3,normal,9.0771
23,529,31755,6,0,16.9948,16.9948,2.8325,1650.0,3.5,1.3,normal,26.0719
23,529,31770,6,0,1.4536,1.4536,0.2423,1650.0,3.5,1.3,normal,27.5255
23,529,31785,14,0,3.929,3.929,0.2806,1650.0,3.5,1.3,normal,31.4545
23,530,31800,14,0,54.88,54.88,3.92,1650.0,3.92,1.3,normal,86.3345
23,530,31815,5,0,11.4424,11.4424,2.2885,1650.0,3.92,1.3,normal,97.7769
23,530,31830,17,1,20.0904,20.0904,1.1818,1650.0,3.92,1.3,normal,117.8673
23,530,31845,11,1,35.1775,35.1775,3.198,1650.0,3.92,1.3,normal,153.0448
23,531,31860,9,2,36.54,18.27,4.06,1650.0,4.06,1.3,normal,189.5848
23,531,31875,13,1,36.8341,36.8341,2.8334,1650.0,4.06,1.3,normal,226.4189
23,531,31890,6,0,9.8865,9.8865,1.6478,1650.0,4.06,1.3,normal,236.3054
23,531,31905,13,0,52.78,52.78,4.06,1650.0,4.06,1.3,normal,289.0854
23,532,31920,12,1,58.44,58.44,4.87,1650.0,4.87,1.3,normal,347.5254
23,532,31935,13,0,31.5801,31.5801,2.4292,1650.0,4.87,1.3,normal,379.1055
23,532,31950,10,0,44.4769,44.4769,4.4477,1650.0,4.87,1.3,normal,423.5824
23,532,31965,7,0,19.9434,19.9434,2.8491,1650.0,4.87,1.3,normal,443.5258
23,533,31980,11,1,10.0679,10.0679,0.9153,1650.0,5.07,1.3,normal,453.5937
23,533,31995,7,1,15.8067,15.8067,2.2581,1650.0,5.07,1.3,normal,469.4004
23,533,32010,21,0,103.7447,103.7447,4.9402,1650.0,5.07,1.3,normal,573.1451
23,533,32025,12,1,60.84,60.84,5.07,1650.0,5.07,1.3,normal,633.9851
23,534,32040,19,0,85.3836,85.3836,4.4939,1650.0,5.58,1.3,normal,719.3687
23,534,32055,14,1,12.7134,12.7134,0.9081,1650.0,5.58,1.3,normal,732.0821
23,534,32070,21,0,33.5074,33.5074,1.5956,1650.0,5.58,1.3,normal,765.5895
23,534,32085,10,0,35.7373,35.7373,3.5737,1650.0,5.58,1.3,normal,801.3268
23,535,32100,12,0,22.7601,22.7601,1.8967,1650.0,5.13,1.3,normal,824.0869
23,535,32115,12,0,33.0399,33.0399,2.7533,1650.0,5.13,1.3,normal,857.1268
23,535,32130,10,1,13.4838,13.4838,1.3484,1650.0,5.13,1.3,normal,870.6106
23,535,32145,11,0,56.43,56.43,5.13,1650.0,5.13,1.3,normal,927.0406
23,536,32160,5,0,21.1251,21.1251,4.225,1650.0,4.72,1.3,normal,948.1657
23,536,32175,7,0,33.04,33.04,4.72,1650.0,4.72,1.3,normal,981.2057
23,536,32190,10,1,32.0006,32.0006,3.2001,1650.0,4.72,1.3,normal,1013.2063
23,536,32205,6,0,1.0739,1.0739,0.179,1650.0,4.72,1.3,normal,1014.2802
23,537,32220,14,2,50.1615,25.0808,3.583,1650.0,4.34,1.3,normal,1064.4417
23,537,32235,18,0,78.12,78.12,4.34,1650.0,4.34,1.3,normal,1142.5617
23,537,32250,9,0,39.06,39.06,4.34,1650.0,4.34,1.3,normal,1181.6217
23,537,32265,9,0,14.2343,14.2343,1.5816,1650.0,4.34,1.3,normal,1195.856
23,538,32280,9,0,23.4254,23.4254,2.6028,1650.0,3.95,1.3,normal,1219.2814
23,538,32295,20,1,10.8376,10.8376,0.5419,1650.0,3.95,1.3,normal,1230.119
23,538,32310,15,1,14.1272,14.1272,0.9418,1650.0,3.95,1.3,normal,1244.2462
23,538,32325,8,0,31.6,31.6,3.95,1650.0,3.95,1.3,normal,1275.8462
23,539,32340,6,0,21.6,21.6,3.6,1650.0,3.6,1.3,normal,1297.4462
23,539,32355,6,0,6.9929,6.9929,1.1655,1650.0,3.6,1.3,normal,1304.4391
23,539,32370,9,0,22.798,22.798,2.5331,1650.0,3.6,1.3,normal,1327.2371
23,539,32385,18,2,33.2583,16.6291,1.8477,1650.0,3.6,1.3,normal,1360.4954
23,540,32400,11,1,24.8075,24.8075,2.2552,1650.0,3.28,1.3,normal,1385.3029
23,540,32415,7,0,19.3765,19.3765,2.7681,1650.0,3.28,1.3,normal,1404.6794
23,540,32430,8,0,6.4865,6.4865,0.8108,1650.0,3.28,1.3,normal,1411.1659
23,540,32445,8,0,26.24,26.24,3.28,1650.0,3.28,1.3,normal,1437.4059
23,541,32460,7,0,21.0,21.0,3.0,1650.0,3.0,1.3,normal,1458.4059
23,541,32475,16,0,47.2078,47.2078,2.9505,1650.0,3.0,1.3,budget_constrained,1505.6137
23,541,32490,15,0,45.0,45.0,3.0,1650.0,3.0,1.3,budget_constrained,1550.6137
23,541,32505,11,0,33.0,33.0,3.0,1650.0,3.0,1.3,budget_constrained,1583.6137
23,542,32520,9,1,30.24,30.24,3.36,1650.0,3.36,1.3,budget_constrained,1613.8537
23,542,32535,9,0,24.3292,24.3292,2.7032,1650.0,3.36,1.3,budget_constrained,1638.1829
23,542,32550,11,0,2.0103,2.0103,0.1828,1650.0,3.36,1.3,budget_constrained,1640.1932
23,542,32565,16,1,4.2329,4.2329,0.2646,1650.0,3.36,1.3,budget_constrained,1644.4261
23,543,32580,1,0,5.5739,5.5739,3.36,1650.0,3.36,1.3,budget_constrained,1650.0
23,543,32595,0,0,0.0,0.0,1.3274,1650.0,3.36,1.3,budget_constrained,1650.0
23,543,32610,0,0,0.0,0.0,1.5987,1650.0,3.36,1.3,budget_constrained,1650.0
23,543,32625,0,0,0.0,0.0,2.6726,1650.0,3.36,1.3,budget_constrained,1650.0
23,544,32640,0,0,0.0,0.0,0.01,1650.0,0.01,1.3,budget_constrained,1650.0
23,544,32655,0,0,0.0,0.0,0.01,1650.0,0.01,1.3,budget_constrained,1650.0
23,544,32670,0,0,0.0,0.0,0.01,1650.0,0.01,1.3,budget_constrained,1650.0
23,544,32685,0,0,0.0,0.0,0.01,1650.0,0.01,1.3,budget_constrained,1650.0
23,545,32700,0,0,0.0,0.0,0.01,1650.0,0.01,1.3,budget_constrained,1650.0
23,545,32715,0,0,0.0,0.0,0.01,1650.0,0.01,1.3,budget_constrained,1650.0
23,545,32730,0,0,0.0,0.0,0.01,1650.0,0.01,1.3,budget_constrained,1650.0
23,545,32745,0,0,0.0,0.0,0.01,1650.0,0.01,1.3,budget_constrained,1650.0
23,546,32760,0,0,0.0,0.0,1.324,1650.0,4.2,1.3,budget_constrained,1650.0
23,546,32775,0,0,0.0,0.0,2.8889,1650.0,4.2,1.3,budget_constrained,1650.0
23,546,32790,0,0,0.0,0.0,0.1432,1650.0,4.2,1.3,budget_constrained,1650.0
23,546,32805,0,0,0.0,0.0,4.2,1650.0,4.2,1.3,budget_constrained,1650.0
23,547,32820,0,0,0.0,0.0,0.2416,1650.0,4.2,1.3,budget_constrained,1650.0
23,547,32835,0,0,0.0,0.0,1.8808,1650.0,4.2,1.3,budget_constrained,1650.0
23,547,32850,0,0,0.0,0.0,1.5484,1650.0,4.2,1.3,budget_constrained,1650.0
23,547,32865,0,0,0.0,0.0,4.2,1650.0,4.2,1.3,budget_constrained,1650.0
23,548,32880,0,0,0.0,0.0,4.5247,1650.0,5.04,1.3,budget_constrained,1650.0
23,548,32895,0,0,0.0,0.0,0.7421,1650.0,5.04,1.3,budget_constrained,1650.0
23,548,32910,0,0,0.0,0.0,4.4216,1650.0,5.04,1.3,budget_constrained,1650.0
23,548,32925,0,0,0.0,0.0,4.652,1650.0,5.04,1.3,budget_constrained,1650.0
23,549,32940,0,0,0.0,0.0,4.4908,1650.0,5.04,1.3,budget_constrained,1650.0
23,549,32955,0,0,0.0,0.0,0.1222,1650.0,5.04,1.3,budget_constrained,1650.0
23,549,32970,0,0,0.0,0.0,1.5463,1650.0,5.04,1.3,budget_constrained,1650.0
23,549,32985,0,0,0.0,0.0,5.04,1650.0,5.04,1.3,budget_constrained,1650.0
23,550,33000,0,0,0.0,0.0,4.8175,1650.0,5.64,1.3,budget_constrained,1650.0
23,550,33015,0,0,0.0,0.0,3.8562,1650.0,5.64,1.3,budget_constrained,1650.0
23,550,33030,0,0,0.0,0.0,3.2389,1650.0,5.64,1.3,budget_constrained,1650.0
23,550,33045,0,0,0.0,0.0,0.3472,1650.0,5.64,1.3,budget_constrained,1650.0
23,551,33060,0,0,0.0,0.0,4.6615,1650.0,5.64,1.3,budget_constrained,1650.0
23,551,33075,0,0,0.0,0.0,5.2406,1650.0,5.64,1.3,budget_constrained,1650.0
23,551,33090,0,0,0.0,0.0,4.0919,1650.0,5.64,1.3,budget_constrained,1650.0
23,551,33105,0,0,0.0,0.0,4.7673,1650.0,5.64,1.3,budget_constrained,1650.0
24,552,33120,0,0,0.0,0.0,4.8213,1650.0,6.32,1.3,normal,0.0
24,552,33135,24,1,84.1235,84.1235,3.5051,1650.0,6.32,1.3,normal,84.1235
24,552,33150,23,1,58.2165,58.2165,2.5312,1650.0,6.32,1.3,normal,142.34
24,552,33165,15,0,13.2608,13.2608,0.8841,1650.0,6.32,1.3,normal,155.6008
24,553,33180,13,1,57.3524,57.3524,4.4117,1650.0,6.54,1.3,normal,212.9532
24,553,33195,11,0,55.7273,55.7273,5.0661,1650.0,6.54,1.3,normal,268.6805
24,553,33210,14,1,84.2926,84.2926,6.0209,1650.0,6.54,1.3,normal,352.9731
24,553,33225,14,0,86.6652,86.6652,6.1904,1650.0,6.54,1.3,normal,439.6383
24,554,33240,15,1,59.4863,59.4863,3.9658,1650.0,6.02,1.3,normal,499.1246
24,554,33255,11,1,12.5291,12.5291,1.139,1650.0,6.02,1.3,normal,511.6537
24,554,33270,10,0,28.8042,28.8042,2.8804,1650.0,6.02,1.3,normal,540.4579
24,554,33285,21,0,27.5732,27.5732,1.313,1650.0,6.02,1.3,normal,568.0311
24,555,33300,11,1,5.0852,5.0852,0.4623,1650.0,5.54,1.3,normal,573.1163
24,555,33315,14,0,28.7632,28.7632,2.0545,1650.0,5.54,1.3,normal,601.8795
24,555,33330,6,0,15.0735,15.0735,2.5123,1650.0,5.54,1.3,normal,616.953
24,555,33345,19,0,45.1048,45.1048,2.3739,1650.0,5.54,1.3,normal,662.0578
24,556,33360,16,1,73.0468,73.0468,4.5654,1650.0,5.1,1.3,normal,735.1046
24,556,33375,8,0,1.6525,1.6525,0.2066,1650.0,5.1,1.3,normal,736.7571
24,556,33390,24,1,89.1534,89.1534,3.7147,1650.0,5.1,1.3,normal,825.9105
24,556,33405,12,1,33.1806,33.1806,2.765,1650.0,5.1,1.3,normal,859.0911
24,557,33420,14,0,43.3504,43.3504,3.0965,1650.0,4.42,1.3,normal,902.4415
24,557,33435,13,1,23.3157,23.3157,1.7935,1650.0,4.42,1.3,normal,925.7572
24,557,33450,12,0,31.3472,31.3472,2.6123,1650.0,4.42,1.3,normal,957.1044
24,557,33465,11,0,34.9832,34.9832,3.1803,1650.0,4.42,1.3,normal,992.0876
24,558,33480,12,0,32.8576,32.8576,2.7381,1650.0,3.7,1.3,normal,1024.9452
24,558,33495,9,0,3.2809,3.2809,0.3645,1650.0,3.7,1.3,normal,1028.2261
24,558,33510,8,1,29.6,29.6,3.7,1650.0,3.7,1.3,normal,1057.8261
24,558,33525,6,1,21.0978,21.0978,3.5163,1650.0,3.7,1.3,normal,1078.9239
24,559,33540,11,0,20.4995,20.4995,1.8636,1650.0,3.09,1.3,normal,1099.4234
24,559,33555,6,1,15.9025,15.9025,2.6504,1650.0,3.09,1.3,normal,1115.3259
24,559,33570,13,1,11.5801,11.5801,0.8908,1650.0,3.09,1.3,normal,1126.906
24,559,33585,8,0,8.4538,8.4538,1.0567,1650.0,3.09,1.3,normal,1135.3598
24,560,33600,8,1,21.04,21.04,2.63,1650.0,2.63,1.3,normal,1156.3998
24,560,33615,10,0,26.3,26.3,2.63,1650.0,2.63,1.3,normal,1182.6998
24,560,33630,6,0,13.9466,13.9466,2.3244,1650.0,2.63,1.3,normal,1196.6464
24,560,33645,8,2,21.04,10.52,2.63,1650.0,2.63,1.3,normal,1217.6864
24,561,33660,6,0,13.44,13.44,2.24,1650.0,2.24,1.3,normal,1231.1264
24,561,33675,8,0,3.7033,3.7033,0.4629,1650.0,2.24,1.3,normal,1234.8297
24,561,33690,2,0,1.5049,1.5049,0.7524,1650.0,2.24,1.3,normal,1236.3346
24,561,33705,8,1,4.449,4.449,0.5561,1650.0,2.24,1.3,normal,1240.7836
24,562,33720,4,0,2.8873,2.8873,0.7218,1650.0,1.98,1.3,normal,1243.6709
24,562,33735,3,1,0.9784,0.9784,0.3261,1650.0,1.98,1.3,normal,1244.6493
24,562,33750,2,0,3.96,3.96,1.98,1650.0,1.98,1.3,normal,1248.6093
24,562,33765,5,0,9.9,9.9,1.98,1650.0,1.98,1.3,normal,1258.5093
24,563,33780,3,0,5.1017,5.1017,1.7006,1650.0,1.82,1.3,normal,1263.611
24,563,33795,8,0,2.5796,2.5796,0.3225,1650.0,1.82,1.3,normal,1266.1906
24,563,33810,4,0,1.8811,1.8811,0.4703,1650.0,1.82,1.3,normal,1268.0717
24,563,33825,5,1,9.1,9.1,1.82,1650.0,1.82,1.3,normal,1277.1717
24,564,33840,7,0,1.5082,1.5082,0.2155,1650.0,1.67,1.3,normal,1278.6799
24,564,33855,1,0,0.7732,0.7732,0.7732,1650.0,1.67,1.3,normal,1279.4531
24,564,33870,3,0,4.5737,4.5737,1.5246,1650.0,1.67,1.3,normal,1284.0268
24,564,33885,4,0,6.68,6.68,1.67,1650.0,1.67,1.3,normal,1290.7068
24,565,33900,5,0,5.7012,5.7012,1.1402,1650.0,1.54,1.3,normal,1296.408
24,565,33915,3,0,4.1379,4.1379,1.3793,1650.0,1.54,1.3,normal,1300.5459
24,565,33930,6,0,2.8347,2.8347,0.4724,1650.0,1.54,1.3,normal,1303.3806
24,565,33945,6,0,4.4828,4.4828,0.7471,1650.0,1.54,1.3,normal,1307.8634
24,566,33960,4,0,4.7702,4.7702,1.1926,1650.0,1.72,1.3,normal,1312.6336
24,566,33975,6,0,4.5213,4.5213,0.7536,1650.0,1.72,1.3,normal,1317.1549
24,566,33990,5,0,1.5687,1.5687,0.3137,1650.0,1.72,1.3,normal,1318.7236
24,566,34005,6,0,6.0196,6.0196,1.0033,1650.0,1.72,1.3,normal,1324.7432
24,567,34020,6,1,10.68,10.68,1.78,1650.0,1.78,1.3,normal,1335.4232
24,567,34035,1,0,1.78,1.78,1.78,1650.0,1.78,1.3,normal,1337.2032
24,567,34050,6,0,10.68,10.68,1.78,1650.0,1.78,1.3,normal,1347.8832
24,567,34065,6,0,8.3414,8.3414,1.3902,1650.0,1.78,1.3,normal,1356.2246
24,568,34080,8,0,7.5623,7.5623,0.9453,1650.0,1.99,1.3,normal,1363.7869
24,568,34095,8,0,15.92,15.92,1.99,1650.0,1.99,1.3,normal,1379.7069
24,568,34110,10,0,19.9,19.9,1.99,1650.0,1.99,1.3,normal,1399.6069
24,568,34125,11,0,9.6062,9.6062,0.8733,1650.0,1.99,1.3,normal,1409.2131
24,569,34140,6,0,11.94,11.94,1.99,1650.0,1.99,1.3,normal,1421.1531
24,569,34155,4,0,7.96,7.96,1.99,1650.0,1.99,1.3,normal,1429.1131
24,569,34170,7,0,13.93,13.93,1.99,1650.0,1.99,1.3,normal,1443.0431
24,569,34185,1,0,1.3078,1.3078,1.3078,1650.0,1.99,1.3,normal,1444.3509
24,570,34200,3,0,1.881,1.881,0.627,1650.0,2.23,1.3,normal,1446.2319
24,570,34215,3,0,5.0235,5.0235,1.6745,1650.0,2.23,1.3,normal,1451.2554
24,570,34230,6,0,13.38,13.38,2.23,1650.0,2.23,1.3,normal,1464.6354
24,570,34245,2,0,0.8045,0.8045,0.4023,1650.0,2.23,1.3,normal,1465.4399
24,571,34260,7,0,15.61,15.61,2.23,1650.0,2.23,1.3,normal,1481.0499
24,571,34275,8,0,17.84,17.84,2.23,1650.0,2.23,1.3,budget_constrained,1498.8899
24,571,34290,11,0,8.8069,8.8069,0.8006,1650.0,2.23,1.3,budget_constrained,1507.6968
24,571,34305,2,0,1.6864,1.6864,0.8432,1650.0,2.23,1.3,budget_constrained,1509.3832
24,572,34320,7,0,2.1518,2.1518,0.3074,1650.0,2.68,1.3,budget_constrained,1511.535
24,572,34335,11,0,16.287,16.287,1.4806,1650.0,2.68,1.3,budget_constrained,1527.822
24,572,34350,12,0,32.16,32.16,2.68,1650.0,2.68,1.3,budget_constrained,1559.982
24,572,34365,6,0,16.08,16.08,2.68,1650.0,2.68,1.3,budget_constrained,1576.062
24,573,34380,12,0,1.917,1.917,0.1598,1650.0,2.68,1.3,budget_constrained,1577.979
24,573,34395,5,0,13.4,13.4,2.68,1650.0,2.68,1.3,budget_constrained,1591.379
24,573,34410,7,0,4.9068,4.9068,0.701,1650.0,2.68,1.3,budget_constrained,1596.2858
24,573,34425,6,1,16.08,16.08,2.68,1650.0,2.68,1.3,budget_constrained,1612.3658
24,574,34440,7,0,21.0,21.0,3.0,1650.0,3.0,1.3,budget_constrained,1633.3658
24,574,34455,4,0,11.6646,11.6646,2.9162,1650.0,3.0,1.3,budget_constrained,1645.0304
24,574,34470,10,0,4.5693,4.5693,0.4569,1650.0,3.0,1.3,budget_constrained,1649.5997
24,574,34485,0,0,0.4003,0.4003,3.0,1650.0,3.0,1.3,budget_depleted,1650.0
24,575,34500,0,0,0.0,0.0,0.0,1650.0,3.0,1.3,budget_depleted,1650.0
24,575,34515,0,0,0.0,0.0,0.0,1650.0,3.0,1.3,budget_depleted,1650.0
24,575,34530,0,0,0.0,0.0,0.0,1650.0,3.0,1.3,budget_depleted,1650.0
24,575,34545,0,0,0.0,0.0,0.0,1650.0,3.0,1.3,budget_depleted,1650.0
25,576,34560,0,0,0.0,0.0,0.0,1650.0,1.65,1.3,normal,0.0
25,576,34575,8,0,13.2,13.2,1.65,1650.0,1.65,1.3,normal,13.2
25,576,34590,9,0,3.2906,3.2906,0.3656,1650.0,1.65,1.3,normal,16.4906
25,576,34605,2,0,3.3,3.3,1.65,1650.0,1.65,1.3,normal,19.7906
25,577,34620,5,0,17.5,17.5,3.5,1650.0,3.5,1.3,normal,37.2906
25,577,34635,11,0,35.6227,35.6227,3.2384,1650.0,3.5,1.3,normal,72.9133
25,577,34650,10,0,30.7017,30.7017,3.0702,1650.0,3.5,1.3,normal,103.615
25,577,34665,5,0,17.5,17.5,3.5,1650.0,3.5,1.3,normal,121.115
25,578,34680,12,0,17.3049,17.3049,1.4421,1650.0,3.92,1.3,normal,138.4199
25,578,34695,10,0,39.2,39.2,3.92,1650.0,3.92,1.3,normal,177.6199
25,578,34710,10,0,37.0434,37.0434,3.7043,1650.0,3.92,1.3,normal,214.6633
25,578,34725,8,0,31.36,31.36,3.92,1650.0,3.92,1.3,normal,246.0233
25,579,34740,9,1,29.1026,29.1026,3.2336,1650.0,3.92,1.3,normal,275.1259
25,579,34755,7,1,16.3545,16.3545,2.3364,1650.0,3.92,1.3,normal,291.4804
25,579,34770,9,0,18.3713,18.3713,2.0413,1650.0,3.92,1.3,normal,309.8517
25,579,34785,6,0,7.0087,7.0087,1.1681,1650.0,3.92,1.3,normal,316.8604
25,580,34800,13,0,6.5965,6.5965,0.5074,1650.0,4.39,1.3,normal,323.4569
25,580,34815,12,0,33.9631,33.9631,2.8303,1650.0,4.39,1.3,normal,357.42
25,580,34830,15,0,65.85,65.85,4.39,1650.0,4.39,1.3,normal,423.27
25,580,34845,5,1,16.4236,16.4236,3.2847,1650.0,4.39,1.3,normal,439.6936
25,581,34860,11,0,35.619,35.619,3.2381,1650.0,4.17,1.3,normal,475.3126
25,581,34875,15,0,12.9718,12.9718,0.8648,1650.0,4.17,1.3,normal,488.2844
25,581,34890,13,0,31.8337,31.8337,2.4487,1650.0,4.17,1.3,normal,520.1181
25,581,34905,16,1,47.8009,47.8009,2.9876,1650.0,4.17,1.3,normal,567.919
25,582,34920,12,0,6.3197,6.3197,0.5266,1650.0,5.0,1.3,normal,574.2387
25,582,34935,11,0,9.9389,9.9389,0.9035,1650.0,5.0,1.3,normal,584.1776
25,582,34950,11,0,3.5749,3.5749,0.325,1650.0,5.0,1.3,normal,587.7525
25,582,34965,10,0,50.0,50.0,5.0,1650.0,5.0,1.3,normal,637.7525
25,583,34980,14,0,23.9451,23.9451,1.7104,1650.0,4.83,1.3,normal,661.6976
25,583,34995,12,0,19.027,19.027,1.5856,1650.0,4.83,1.3,normal,680.7246
25,583,35010,13,1,62.79,62.79,4.83,1650.0,4.83,1.3,normal,743.5146
25,583,35025,17,1,12.8779,12.8779,0.7575,1650.0,4.83,1.3,normal,756.3925
25,584,35040,21,0,113.61,113.61,5.41,1650.0,5.41,1.3,normal,870.0025
25,584,35055,14,0,56.1324,56.1324,4.0095,1650.0,5.41,1.3,normal,926.1349
25,584,35070,14,0,55.9429,55.9429,3.9959,1650.0,5.41,1.3,normal,982.0778
25,584,35085,11,1,59.51,59.51,5.41,1650.0,5.41,1.3,normal,1041.5878
25,585,35100,20,1,4.0421,4.0421,0.2021,1650.0,4.98,1.3,normal,1045.6299
25,585,35115,5,0,6.8831,6.8831,1.3766,1650.0,4.98,1.3,normal,1052.513
25,585,35130,11,0,42.3776,42.3776,3.8525,1650.0,4.98,1.3,normal,1094.8906
25,585,35145,12,0,52.4234,52.4234,4.3686,1650.0,4.98,1.3,normal,1147.314
25,586,35160,13,1,4.81,4.81,0.37,1650.0,4.58,1.3,normal,1152.124
25,586,35175,10,0,11.3995,11.3995,1.14,1650.0,4.58,1.3,normal,1163.5235
25,586,35190,16,0,73.28,73.28,4.58,1650.0,4.58,1.3,normal,1236.8035
25,586,35205,15,2,25.6053,12.8026,1.707,1650.0,4.58,1.3,normal,1262.4088
25,587,35220,14,0,20.0474,20.0474,1.432,1650.0,4.21,1.3,normal,1282.4562
25,587,35235,9,0,31.5304,31.5304,3.5034,1650.0,4.21,1.3,normal,1313.9866
25,587,35250,13,1,16.2663,16.2663,1.2513,1650.0,4.21,1.3,normal,1330.2529
25,587,35265,13,0,26.4177,26.4177,2.0321,1650.0,4.21,1.3,normal,1356.6706
25,588,35280,6,0,8.4349,8.4349,1.4058,1650.0,3.84,1.3,normal,1365.1055
25,588,35295,8,1,2.6141,2.6141,0.3268,1650.0,3.84,1.3,normal,1367.7196
25,588,35310,8,0,30.72,30.72,3.84,1650.0,3.84,1.3,normal,1398.4396
25,588,35325,7,2,20.6856,10.3428,2.9551,1650.0,3.84,1.3,normal,1419.1252
25,589,35340,7,0,2.1742,2.1742,0.3106,1650.0,3.53,1.3,normal,1421.2994
25,589,35355,6,0,21.18,21.18,3.53,1650.0,3.53,1.3,normal,1442.4794
25,589,35370,9,1,31.77,31.77,3.53,1650.0,3.53,1.3,normal,1474.2494
25,589,35385,12,0,18.3376,18.3376,1.5281,1650.0,3.53,1.3,budget_constrained,1492.587
25,590,35400,11,0,8.4002,8.4002,0.7637,1650.0,4.2,1.3,budget_constrained,1500.9872
25,590,35415,8,0,33.4233,33.4233,4.1779,1650.0,4.2,1.3,budget_constrained,1534.4105
25,590,35430,8,0,33.6,33.6,4.2,1650.0,4.2,1.3,budget_constrained,1568.0105
25,590,35445,11,1,40.5012,40.5012,3.6819,1650.0,4.2,1.3,budget_constrained,1608.5117
25,591,35460,8,0,9.6898,9.6898,1.2112,1650.0,4.2,1.3,budget_constrained,1618.2015
25,591,35475,12,0,31.7985,31.7985,2.4716,1650.0,4.2,1.3,budget_constrained,1650.0
25,591,35490,0,0,0.0,0.0,0.8521,1650.0,4.2,1.3,budget_constrained,1650.0
25,591,35505,0,0,0.0,0.0,4.2,1650.0,4.2,1.3,budget_constrained,1650.0
25,592,35520,0,0,0.0,0.0,5.04,1650.0,5.04,1.3,budget_constrained,1650.0
25,592,35535,0,0,0.0,0.0,2.0488,1650.0,5.04,1.3,budget_constrained,1650.0
25,592,35550,0,0,0.0,0.0,2.8969,1650.0,5.04,1.3,budget_constrained,1650.0
25,592,35565,0,0,0.0,0.0,4.6192,1650.0,5.04,1.3,budget_constrained,1650.0
25,593,35580,0,0,0.0,0.0,1.3606,1650.0,5.04,1.3,budget_constrained,1650.0
25,593,35595,0,0,0.0,0.0,3.1457,1650.0,5.04,1.3,budget_constrained,1650.0
25,593,35610,0,0,0.0,0.0,2.4799,1650.0,5.04,1.3,budget_constrained,1650.0
25,593,35625,0,0,0.0,0.0,0.2765,1650.0,5.04,1.3,budget_constrained,1650.0
25,594,35640,0,0,0.0,0.0,0.01,1650.0,0.01,1.3,budget_constrained,1650.0
25,594,35655,0,0,0.0,0.0,0.01,1650.0,0.01,1.3,budget_constrained,1650.0
25,594,35670,0,0,0.0,0.0,0.01,1650.0,0.01,1.3,budget_constrained,1650.0
25,594,35685,0,0,0.0,0.0,0.01,1650.0,0.01,1.3,budget_constrained,1650.0
25,595,35700,0,0,0.0,0.0,0.01,1650.0,0.01,1.3,budget_constrained,1650.0
25,595,35715,0,0,0.0,0.0,0.0057,1650.0,0.01,1.3,budget_constrained,1650.0
25,595,35730,0,0,0.0,0.0,0.01,1650.0,0.01,1.3,budget_constrained,1650.0
25,595,35745,0,0,0.0,0.0,0.01,1650.0,0.01,1.3,budget_constrained,1650.0
25,596,35760,0,0,0.0,0.0,3.0075,1650.0,4.2,1.3,budget_constrained,1650.0
25,596,35775,0,0,0.0,0.0,0.97,1650.0,4.2,1.3,budget_constrained,1650.0
25,596,35790,0,0,0.0,0.0,2.4003,1650.0,4.2,1.3,budget_constrained,1650.0
25,596,35805,0,0,0.0,0.0,0.4874,1650.0,4.2,1.3,budget_constrained,1650.0
25,597,35820,0,0,0.0,0.0,4.2,1650.0,4.2,1.3,budget_constrained,1650.0
25,597,35835,0,0,0.0,0.0,0.5985,1650.0,4.2,1.3,budget_constrained,1650.0
25,597,35850,0,0,0.0,0.0,3.5126,1650.0,4.2,1.3,budget_constrained,1650.0
25,597,35865,0,0,0.0,0.0,2.7352,1650.0,4.2,1.3,budget_constrained,1650.0
25,598,35880,0,0,0.0,0.0,0.01,1650.0,0.01,1.3,budget_constrained,1650.0
25,598,35895,0,0,0.0,0.0,0.01,1650.0,0.01,1.3,budget_constrained,1650.0
25,598,35910,0,0,0.0,0.0,0.01,1650.0,0.01,1.3,budget_constrained,1650.0
25,598,35925,0,0,0.0,0.0,0.01,1650.0,0.01,1.3,budget_constrained,1650.0
25,599,35940,0,0,0.0,0.0,0.01,1650.0,0.01,1.3,budget_constrained,1650.0
25,599,35955,0,0,0.0,0.0,0.01,1650.0,0.01,1.3,budget_constrained,1650.0
25,599,35970,0,0,0.0,0.0,0.01,1650.0,0.01,1.3,budget_constrained,1650.0
25,599,35985,0,0,0.0,0.0,0.01,1650.0,0.01,1.3,budget_constrained,1650.0
26,600,36000,0,0,0.0,0.0,0.5833,1650.0,4.2,1.3,normal,0.0
26,600,36015,10,1,27.6151,27.6151,2.7615,1650.0,4.2,1.3,normal,27.6151
26,600,36030,6,0,22.2572,22.2572,3.7095,1650.0,4.2,1.3,normal,49.8723
26,600,36045,11,0,15.596,15.596,1.4178,1650.0,4.2,1.3,normal,65.4683
26,601,36060,15,1,65.25,65.25,4.35,1650.0,4.35,1.3,normal,130.7183
26,601,36075,9,0,38.9786,38.9786,4.331,1650.0,4.35,1.3,normal,169.6969
26,601,36090,8,0,10.4893,10.4893,1.3112,1650.0,4.35,1.3,normal,180.1862
26,601,36105,14,2,21.316,10.658,1.5226,1650.0,4.35,1.3,normal,201.5022
26,602,36120,15,1,66.0232,66.0232,4.4015,1650.0,4.79,1.3,normal,267.5254
26,602,36135,16,0,1.1501,1.1501,0.0719,1650.0,4.79,1.3,normal,268.6755
26,602,36150,14,1,14.6191,14.6191,1.0442,1650.0,4.79,1.3,normal,283.2946
26,602,36165,10,0,2.2943,2.2943,0.2294,1650.0,4.79,1.3,normal,285.5889
26,603,36180,9,1,5.6722,5.6722,0.6302,1650.0,4.96,1.3,normal,291.2611
26,603,36195,2,0,7.731,7.731,3.8655,1650.0,4.96,1.3,normal,298.9921
26,603,36210,6,0,0.4599,0.4599,0.0767,1650.0,4.96,1.3,normal,299.452
26,603,36225,10,0,21.4962,21.4962,2.1496,1650.0,4.96,1.3,normal,320.9482
26,604,36240,12,0,62.0163,62.0163,5.168,1650.0,5.46,1.3,normal,382.9645
26,604,36255,10,0,21.2686,21.2686,2.1269,1650.0,5.46,1.3,normal,404.2331
26,604,36270,20,3,63.8429,21.281,3.1921,1650.0,5.46,1.3,normal,468.076
26,604,36285,22,2,86.3151,43.1575,3.9234,1650.0,5.46,1.3,normal,554.3911
26,605,36300,15,0,38.8524,38.8524,2.5902,1650.0,5.65,1.3,normal,593.2435
26,605,36315,13,1,73.45,73.45,5.65,1650.0,5.65,1.3,normal,666.6935
26,605,36330,13,0,50.4731,50.4731,3.8825,1650.0,5.65,1.3,normal,717.1666
26,605,36345,12,0,11.8811,11.8811,0.9901,1650.0,5.65,1.3,normal,729.0477
26,606,36360,15,1,78.0,78.0,5.2,1650.0,5.2,1.3,normal,807.0477
26,606,36375,14,0,26.6808,26.6808,1.9058,1650.0,5.2,1.3,normal,833.7285
26,606,36390,16,0,83.2,83.2,5.2,1650.0,5.2,1.3,normal,916.9285
26,606,36405,14,0,72.8,72.8,5.2,1650.0,5.2,1.3,normal,989.7285
26,607,36420,9,0,19.141,19.141,2.1268,1650.0,4.61,1.3,normal,1008.8695
26,607,36435,9,1,39.1064,39.1064,4.3452,1650.0,4.61,1.3,normal,1047.9759
26,607,36450,18,1,36.0945,36.0945,2.0053,1650.0,4.61,1.3,normal,1084.0704
26,607,36465,15,0,23.672,23.672,1.5781,1650.0,4.61,1.3,normal,1107.7424
26,608,36480,11,2,26.8,13.4,2.4364,1650.0,3.99,1.3,normal,1134.5424
26,608,36495,15,0,19.5658,19.5658,1.3044,1650.0,3.99,1.3,normal,1154.1082
26,608,36510,9,1,11.949,11.949,1.3277,1650.0,3.99,1.3,normal,1166.0572
26,608,36525,13,1,51.87,51.87,3.99,1650.0,3.99,1.3,normal,1217.9272
26,609,36540,13,0,44.07,44.07,3.39,1650.0,3.39,1.3,normal,1261.9972
26,609,36555,11,0,13.7215,13.7215,1.2474,1650.0,3.39,1.3,normal,1275.7187
26,609,36570,10,1,15.9878,15.9878,1.5988,1650.0,3.39,1.3,normal,1291.7065
26,609,36585,17,0,57.63,57.63,3.39,1650.0,3.39,1.3,normal,1349.3365
26,610,36600,3,0,0.0843,0.0843,0.0281,1650.0,2.79,1.3,normal,1349.4208
26,610,36615,9,0,16.7475,16.7475,1.8608,1650.0,2.79,1.3,normal,1366.1683
26,610,36630,3,0,4.0544,4.0544,1.3515,1650.0,2.79,1.3,normal,1370.2227
26,610,36645,10,1,27.9,27.9,2.79,1650.0,2.79,1.3,normal,1398.1227
26,611,36660,4,0,4.4573,4.4573,1.1143,1650.0,2.35,1.3,normal,1402.58
26,611,36675,4,0,9.4,9.4,2.35,1650.0,2.35,1.3,normal,1411.98
26,611,36690,3,0,1.3831,1.3831,0.461,1650.0,2.35,1.3,normal,1413.3631
26,611,36705,9,0,21.15,21.15,2.35,1650.0,2.35,1.3,normal,1434.5131
26,612,36720,6,0,10.4929,10.4929,1.7488,1650.0,2.04,1.3,normal,1445.006
26,612,36735,5,0,5.077,5.077,1.0154,1650.0,2.04,1.3,normal,1450.083
26,612,36750,5,0,2.1352,2.1352,0.427,1650.0,2.04,1.3,normal,1452.2182
26,612,36765,7,0,14.28,14.28,2.04,1650.0,2.04,1.3,normal,1466.4982
26,613,36780,1,0,0.4147,0.4147,0.4147,1650.0,1.83,1.3,normal,1466.9129
26,613,36795,8,1,6.4926,6.4926,0.8116,1650.0,1.83,1.3,normal,1473.4055
26,613,36810,8,0,3.5016,3.5016,0.4377,1650.0,1.83,1.3,normal,1476.9071
26,613,36825,10,0,18.3,18.3,1.83,1650.0,1.83,1.3,budget_constrained,1495.2071
26,614,36840,7,0,14.35,14.35,2.05,1650.0,2.05,1.3,budget_constrained,1509.5571
26,614,36855,5,0,7.6467,7.6467,1.5293,1650.0,2.05,1.3,budget_constrained,1517.2038
26,614,36870,8,0,12.0315,12.0315,1.5039,1650.0,2.05,1.3,budget_constrained,1529.2353
26,614,36885,6,0,12.3,12.3,2.05,1650.0,2.05,1.3,budget_constrained,1541.5353
26,615,36900,3,0,6.15,6.15,2.05,1650.0,2.05,1.3,budget_constrained,1547.6853
26,615,36915,5,1,0.5852,0.5852,0.117,1650.0,2.05,1.3,budget_constrained,1548.2705
26,615,36930,6,1,11.8654,11.8654,1.9776,1650.0,2.05,1.3,budget_constrained,1560.1359
26,615,36945,1,0,2.05,2.05,2.05,1650.0,2.05,1.3,budget_constrained,1562.1859
26,616,36960,3,0,6.75,6.75,2.25,1650.0,2.25,1.3,budget_constrained,1568.9359
26,616,36975,4,0,0.5089,0.5089,0.1272,1650.0,2.25,1.3,budget_constrained,1569.4448
26,616,36990,2,0,4.5,4.5,2.25,1650.0,2.25,1.3,budget_constrained,1573.9448
26,616,37005,6,2,13.5,6.75,2.25,1650.0,2.25,1.3,budget_constrained,1587.4448
26,617,37020,4,0,9.0,9.0,2.25,1650.0,2.25,1.3,budget_constrained,1596.4448
26,617,37035,4,0,5.2825,5.2825,1.3206,1650.0,2.25,1.3,budget_constrained,1601.7273
26,617,37050,6,0,13.5,13.5,2.25,1650.0,2.25,1.3,budget_constrained,1615.2273
26,617,37065,5,0,7.6241,7.6241,1.5248,1650.0,2.25,1.3,budget_constrained,1622.8514
26,618,37080,10,0,4.867,4.867,0.4867,1650.0,2.52,1.3,budget_constrained,1627.7184
26,618,37095,7,1,16.5812,16.5812,2.3687,1650.0,2.52,1.3,budget_constrained,1644.2996
26,618,37110,2,0,5.7004,5.7004,2.52,1650.0,2.52,1.3,budget_depleted,1650.0
26,618,37125,0,0,0.0,0.0,0.0,1650.0,2.52,1.3,budget_depleted,1650.0
26,619,37140,0,0,0.0,0.0,0.0,1650.0,2.52,1.3,budget_depleted,1650.0
26,619,37155,0,0,0.0,0.0,0.0,1650.0,2.52,1.3,budget_depleted,1650.0
26,619,37170,0,0,0.0,0.0,0.0,1650.0,2.52,1.3,budget_depleted,1650.0
26,619,37185,0,0,0.0,0.0,0.0,1650.0,2.52,1.3,budget_depleted,1650.0
26,620,37200,0,0,0.0,0.0,0.0,1650.0,1.4,1.3,budget_depleted,1650.0
26,620,37215,0,0,0.0,0.0,0.0,1650.0,1.4,1.3,budget_depleted,1650.0
26,620,37230,0,0,0.0,0.0,0.0,1650.0,1.4,1.3,budget_depleted,1650.0
26,620,37245,0,0,0.0,0.0,0.0,1650.0,1.4,1.3,budget_depleted,1650.0
26,621,37260,0,0,0.0,0.0,0.0,1650.0,1.4,1.3,budget_depleted,1650.0
26,621,37275,0,0,0.0,0.0,0.0,1650.0,1.4,1.3,budget_depleted,1650.0
26,621,37290,0,0,0.0,0.0,0.0,1650.0,1.4,1.3,budget_depleted,1650.0
26,621,37305,0,0,0.0,0.0,0.0,1650.0,1.4,1.3,budget_depleted,1650.0
26,622,37320,0,0,0.0,0.0,0.0,1650.0,1.4,1.3,budget_depleted,1650.0
26,622,37335,0,0,0.0,0.0,0.0,1650.0,1.4,1.3,budget_depleted,1650.0
26,622,37350,0,0,0.0,0.0,0.0,1650.0,1.4,1.3,budget_depleted,1650.0
26,622,37365,0,0,0.0,0.0,0.0,1650.0,1.4,1.3,budget_depleted,1650.0
26,623,37380,0,0,0.0,0.0,0.0,1650.0,1.4,1.3,budget_depleted,1650.0
26,623,37395,0,0,0.0,0.0,0.0,1650.0,1.4,1.3,budget_depleted,1650.0
26,623,37410,0,0,0.0,0.0,0.0,1650.0,1.4,1.3,budget_depleted,1650.0
26,623,37425,0,0,0.0,0.0,0.0,1650.0,1.4,1.3,budget_depleted,1650.0
27,624,37440,0,0,0.0,0.0,0.0,1650.0,1.4,1.3,normal,0.0
27,624,37455,3,0,4.2,4.2,1.4,1650.0,1.4,1.3,normal,4.2
27,624,37470,4,1,0.3046,0.3046,0.0761,1650.0,1.4,1.3,normal,4.5046
27,624,37485,3,1,2.5959,2.5959,0.8653,1650.0,1.4,1.3,normal,7.1005
27,625,37500,2,0,2.92,2.92,1.46,1650.0,1.46,1.0,normal,10.0205
27,625,37515,1,0,1.46,1.46,1.46,1650.0,1.46,1.0,normal,11.4805
27,625,37530,3,0,4.38,4.38,1.46,1650.0,1.46,1.0,normal,15.8605
27,625,37545,2,0,2.92,2.92,1.46,1650.0,1.46,1.0,normal,18.7805
27,626,37560,4,0,6.44,6.44,1.61,1650.0,1.61,1.0,normal,25.2205
27,626,37575,4,0,3.5849,3.5849,0.8962,1650.0,1.61,1.0,normal,28.8054
27,626,37590,3,0,4.83,4.83,1.61,1650.0,1.61,1.0,normal,33.6354
27,626,37605,6,1,9.66,9.66,1.61,1650.0,1.61,1.0,normal,43.2954
27,627,37620,4,0,5.5944,5.5944,1.3986,1650.0,1.67,1.0,normal,48.8898
27,627,37635,5,0,8.35,8.35,1.67,1650.0,1.67,1.0,normal,57.2398
27,627,37650,6,0,3.4473,3.4473,0.5746,1650.0,1.67,1.0,normal,60.6871
27,627,37665,6,1,6.9789,6.9789,1.1631,1650.0,1.67,1.0,normal,67.666
27,628,37680,4,0,5.8125,5.8125,1.4531,1650.0,1.85,1.0,normal,73.4785
27,628,37695,5,0,1.3445,1.3445,0.2689,1650.0,1.85,1.0,normal,74.823
27,628,37710,6,0,11.1,11.1,1.85,1650.0,1.85,1.0,normal,85.923
27,628,37725,8,0,12.7212,12.7212,1.5902,1650.0,1.85,1.0,normal,98.6442
27,629,37740,3,0,3.8935,3.8935,1.2978,1650.0,1.91,1.0,normal,102.5377
27,629,37755,2,1,3.82,3.82,1.91,1650.0,1.91,1.0,normal,106.3577
27,629,37770,3,0,5.478,5.478,1.826,1650.0,1.91,1.0,normal,111.8357
27,629,37785,4,0,1.7612,1.7612,0.4403,1650.0,1.91,1.0,normal,113.5969
27,630,37800,5,0,10.5,10.5,2.1,1650.0,2.1,1.0,normal,124.0969
27,630,37815,6,0,3.934,3.934,0.6557,1650.0,2.1,1.0,normal,128.0309
27,630,37830,5,0,7.4126,7.4126,1.4825,1650.0,2.1,1.0,normal,135.4435
27,630,37845,5,0,1.2453,1.2453,0.2491,1650.0,2.1,1.0,normal,136.6888
27,631,37860,10,0,21.7,21.7,2.17,1650.0,2.17,1.0,normal,158.3888
27,631,37875,5,0,10.85,10.85,2.17,1650.0,2.17,1.0,normal,169.2388
27,631,37890,4,0,8.1094,8.1094,2.0273,1650.0,2.17,1.0,normal,177.3482
27,631,37905,2,0,1.5137,1.5137,0.7568,1650.0,2.17,1.0,normal,178.8619
27,632,37920,8,1,19.36,19.36,2.42,1650.0,2.42,1.0,normal,198.2219
27,632,37935,4,0,9.68,9.68,2.42,1650.0,2.42,1.0,normal,207.9019
27,632,37950,2,0,0.6112,0.6112,0.3056,1650.0,2.42,1.0,normal,208.5131
27,632,37965,5,0,0.8555,0.8555,0.1711,1650.0,2.42,1.0,normal,209.3686
27,633,37980,9,0,17.9214,17.9214,1.9913,1650.0,2.5,1.0,normal,227.29
27,633,37995,7,0,0.2105,0.2105,0.0301,1650.0,2.5,1.0,normal,227.5005
27,633,38010,2,0,1.449,1.449,0.7245,1650.0,2.5,1.0,normal,228.9495
27,633,38025,6,0,0.5858,0.5858,0.0976,1650.0,2.5,1.0,normal,229.5353
27,634,38040,0,0,0.0,0.0,0.01,1650.0,0.01,1.0,normal,229.5353
27,634,38055,0,0,0.0,0.0,0.01,1650.0,0.01,1.0,normal,229.5353
27,634,38070,0,0,0.0,0.0,0.01,1650.0,0.01,1.0,normal,229.5353
27,634,38085,0,0,0.0,0.0,0.01,1650.0,0.01,1.0,normal,229.5353
27,635,38100,0,0,0.0,0.0,0.01,1650.0,0.01,1.0,normal,229.5353
27,635,38115,0,0,0.0,0.0,0.01,1650.0,0.01,1.0,normal,229.5353
27,635,38130,0,0,0.0,0.0,0.01,1650.0,0.01,1.0,normal,229.5353
27,635,38145,0,0,0.0,0.0,0.01,1650.0,0.01,1.0,normal,229.5353
27,636,38160,0,0,0.0,0.0,0.01,1000.0,0.01,1.0,normal,229.5353
27,636,38175,0,0,0.0,0.0,0.01,1000.0,0.01,1.0,normal,229.5353
27,636,38190,0,0,0.0,0.0,0.01,1000.0,0.01,1.0,normal,229.5353
27,636,38205,0,0,0.0,0.0,0.01,1000.0,0.01,1.0,normal,229.5353
27,637,38220,1,1,0.5,0.5,0.5,1000.0,0.5,1.0,normal,230.0353
27,637,38235,2,0,0.7742,0.7742,0.3871,1000.0,0.5,1.0,normal,230.8095
27,637,38250,0,0,0.0,0.0,0.5,1000.0,0.5,1.0,normal,230.8095
27,637,38265,1,0,0.5,0.5,0.5,1000.0,0.5,1.0,normal,231.3095
27,638,38280,0,0,0.0,0.0,0.01,1000.0,0.01,1.0,normal,231.3095
27,638,38295,0,0,0.0,0.0,0.01,1000.0,0.01,1.0,normal,231.3095
27,638,38310,0,0,0.0,0.0,0.01,1000.0,0.01,1.0,normal,231.3095
27,638,38325,0,0,0.0,0.0,0.01,1000.0,0.01,1.0,normal,231.3095
27,639,38340,0,0,0.0,0.0,0.5,1000.0,0.5,1.0,normal,231.3095
27,639,38355,2,0,1.0,1.0,0.5,1000.0,0.5,1.0,normal,232.3095
27,639,38370,1,0,0.3578,0.3578,0.3578,1000.0,0.5,1.0,normal,232.6673
27,639,38385,0,0,0.0,0.0,0.1892,1000.0,0.5,1.0,normal,232.6673
27,640,38400,0,0,0.0,0.0,0.01,1000.0,0.01,1.0,normal,232.6673
27,640,38415,0,0,0.0,0.0,0.01,1000.0,0.01,1.0,normal,232.6673
27,640,38430,0,0,0.0,0.0,0.01,1000.0,0.01,1.0,normal,232.6673
27,640,38445,0,0,0.0,0.0,0.01,1000.0,0.01,1.0,normal,232.6673
27,641,38460,1,1,0.5,0.5,0.5,1000.0,0.5,1.0,normal,233.1673
27,641,38475,3,0,1.5,1.5,0.5,1000.0,0.5,1.0,normal,234.6673
27,641,38490,1,0,0.5,0.5,0.5,1000.0,0.5,1.0,normal,235.1673
27,641,38505,1,0,0.5,0.5,0.5,1000.0,0.5,1.0,normal,235.6673
27,642,38520,0,0,0.0,0.0,0.01,1000.0,0.01,1.0,normal,235.6673
27,642,38535,0,0,0.0,0.0,0.01,1000.0,0.01,1.0,normal,235.6673
27,642,38550,0,0,0.0,0.0,0.01,1000.0,0.01,1.0,normal,235.6673
27,642,38565,0,0,0.0,0.0,0.01,1000.0,0.01,1.0,normal,235.6673
27,643,38580,5,0,2.5,2.5,0.5,1000.0,0.5,1.0,normal,238.1673
27,643,38595,1,0,0.5,0.5,0.5,1000.0,0.5,1.0,normal,238.6673
27,643,38610,1,0,0.5,0.5,0.5,1000.0,0.5,1.0,normal,239.1673
27,643,38625,2,0,0.2163,0.2163,0.1081,1000.0,0.5,1.0,normal,239.3836
27,644,38640,0,0,0.0,0.0,0.01,1000.0,0.01,1.0,normal,239.3836
27,644,38655,0,0,0.0,0.0,0.01,1000.0,0.01,1.0,normal,239.3836
27,644,38670,0,0,0.0,0.0,0.01,1000.0,0.01,1.0,normal,239.3836
27,644,38685,0,0,0.0,0.0,0.01,1000.0,0.01,1.0,normal,239.3836
27,645,38700,0,0,0.0,0.0,0.5,1000.0,0.5,1.0,normal,239.3836
27,645,38715,2,0,1.0,1.0,0.5,1000.0,0.5,1.0,normal,240.3836
27,645,38730,1,0,0.5,0.5,0.5,1000.0,0.5,1.0,normal,240.8836
27,645,38745,0,0,0.0,0.0,0.2808,1000.0,0.5,1.0,normal,240.8836
27,646,38760,0,0,0.0,0.0,0.01,1000.0,0.01,1.0,normal,240.8836
27,646,38775,0,0,0.0,0.0,0.01,1000.0,0.01,1.0,normal,240.8836
27,646,38790,0,0,0.0,0.0,0.01,1000.0,0.01,1.0,normal,240.8836
27,646,38805,0,0,0.0,0.0,0.01,1000.0,0.01,1.0,normal,240.8836
27,647,38820,1,0,0.5,0.5,0.5,1000.0,0.5,1.0,normal,241.3836
27,647,38835,1,0,0.4175,0.4175,0.4175,1000.0,0.5,1.0,normal,241.8011
27,647,38850,0,0,0.0,0.0,0.5,1000.0,0.5,1.0,normal,241.8011
27,647,38865,1,0,0.5,0.5,0.5,1000.0,0.5,1.0,normal,242.3011
28,648,38880,0,0,0.0,0.0,0.01,1000.0,0.01,1.0,normal,0.0
28,648,38895,0,0,0.0,0.0,0.01,1000.0,0.01,1.0,normal,0.0
28,648,38910,0,0,0.0,0.0,0.01,1000.0,0.01,1.0,normal,0.0
28,648,38925,0,0,0.0,0.0,0.01,1000.0,0.01,1.0,normal,0.0
28,649,38940,7,0,3.5,3.5,0.5,1000.0,0.5,1.0,normal,3.5
28,649,38955,3,0,1.5,1.5,0.5,1000.0,0.5,1.0,normal,5.0
28,649,38970,2,0,0.1533,0.1533,0.0767,1000.0,0.5,1.0,normal,5.1533
28,649,38985,1,0,0.5,0.5,0.5,1000.0,0.5,1.0,normal,5.6533
28,650,39000,2,1,1.0,1.0,0.5,1000.0,0.5,1.0,normal,6.6533
28,650,39015,1,0,0.5,0.5,0.5,1000.0,0.5,1.0,normal,7.1533
28,650,39030,1,0,0.5,0.5,0.5,1000.0,0.5,1.0,normal,7.6533
28,650,39045,3,0,1.5,1.5,0.5,1000.0,0.5,1.0,normal,9.1533
28,651,39060,1,0,0.4365,0.4365,0.4365,1000.0,0.5,1.0,normal,9.5898
28,651,39075,0,0,0.0,0.0,0.5,1000.0,0.5,1.0,normal,9.5898
28,651,39090,0,0,0.0,0.0,0.5,1000.0,0.5,1.0,normal,9.5898
28,651,39105,0,0,0.0,0.0,0.5,1000.0,0.5,1.0,normal,9.5898
28,652,39120,1,1,0.56,0.56,0.56,1000.0,0.56,1.0,normal,10.1498
28,652,39135,0,0,0.0,0.0,0.56,1000.0,0.56,1.0,normal,10.1498
28,652,39150,2,0,1.12,1.12,0.56,1000.0,0.56,1.0,normal,11.2698
28,652,39165,1,0,0.56,0.56,0.56,1000.0,0.56,1.0,normal,11.8298
28,653,39180,1,0,0.58,0.58,0.58,1000.0,0.58,1.0,normal,12.4098
28,653,39195,1,0,0.58,0.58,0.58,1000.0,0.58,1.0,normal,12.9898
28,653,39210,0,0,0.0,0.0,0.58,1000.0,0.58,1.0,normal,12.9898
28,653,39225,2,0,1.16,1.16,0.58,1000.0,0.58,1.0,normal,14.1498
28,654,39240,0,0,0.0,0.0,0.6,1000.0,0.6,1.0,normal,14.1498
28,654,39255,5,1,0.5939,0.5939,0.1188,1000.0,0.6,1.0,normal,14.7437
28,654,39270,2,0,1.2,1.2,0.6,1000.0,0.6,1.0,normal,15.9437
28,654,39285,2,1,1.2,1.2,0.6,1000.0,0.6,1.0,normal,17.1437
28,655,39300,0,0,0.0,0.0,0.1936,1000.0,0.62,1.0,normal,17.1437
28,655,39315,0,0,0.0,0.0,0.4597,1000.0,0.62,1.0,normal,17.1437
28,655,39330,2,0,1.24,1.24,0.62,1000.0,0.62,1.0,normal,18.3837
28,655,39345,1,0,0.62,0.62,0.62,1000.0,0.62,1.0,normal,19.0037
28,656,39360,1,0,0.0851,0.0851,0.0851,1000.0,0.69,1.0,normal,19.0888
28,656,39375,0,0,0.0,0.0,0.69,1000.0,0.69,1.0,normal,19.0888
28,656,39390,3,0,2.07,2.07,0.69,1000.0,0.69,1.0,normal,21.1588
28,656,39405,1,0,0.69,0.69,0.69,1000.0,0.69,1.0,normal,21.8488
28,657,39420,4,1,2.84,2.84,0.71,1000.0,0.71,1.0,normal,24.6888
28,657,39435,2,0,0.4023,0.4023,0.2011,1000.0,0.71,1.0,normal,25.0911
28,657,39450,2,0,1.42,1.42,0.71,1000.0,0.71,1.0,normal,26.5111
28,657,39465,2,0,1.3154,1.3154,0.6577,1000.0,0.71,1.0,normal,27.8265
28,658,39480,3,0,2.19,2.19,0.73,1000.0,0.73,1.0,normal,30.0165
28,658,39495,3,0,2.19,2.19,0.73,1000.0,0.73,1.0,normal,32.2065
28,658,39510,1,0,0.73,0.73,0.73,1000.0,0.73,1.0,normal,32.9365
28,658,39525,1,0,0.73,0.73,0.73,1000.0,0.73,1.0,normal,33.6665
28,659,39540,0,0,0.0,0.0,0.76,1000.0,0.76,1.0,normal,33.6665
28,659,39555,4,0,0.1674,0.1674,0.0419,1000.0,0.76,1.0,normal,33.8339
28,659,39570,3,0,0.9981,0.9981,0.3327,1000.0,0.76,1.0,normal,34.832
28,659,39585,1,0,0.76,0.76,0.76,1000.0,0.76,1.0,normal,35.592
28,660,39600,4,0,3.4,3.4,0.85,1000.0,0.85,1.0,normal,38.992
28,660,39615,3,0,0.3576,0.3576,0.1192,1000.0,0.85,1.0,normal,39.3496
28,660,39630,2,0,0.635,0.635,0.3175,1000.0,0.85,1.0,normal,39.9846
28,660,39645,2,0,1.7,1.7,0.85,1000.0,0.85,1.0,normal,41.6846
28,661,39660,3,0,2.64,2.64,0.88,1000.0,0.88,1.0,normal,44.3246
28,661,39675,4,0,3.52,3.52,0.88,1000.0,0.88,1.0,normal,47.8446
28,661,39690,3,0,2.3731,2.3731,0.791,1000.0,0.88,1.0,normal,50.2177
28,661,39705,0,0,0.0,0.0,0.332,1000.0,0.88,1.0,normal,50.2177
28,662,39720,3,0,2.73,2.73,0.91,1000.0,0.91,1.0,normal,52.9477
28,662,39735,1,0,0.91,0.91,0.91,1000.0,0.91,1.0,normal,53.8577
28,662,39750,5,0,2.7434,2.7434,0.5487,1000.0,0.91,1.0,normal,56.6011
28,662,39765,4,0,0.4922,0.4922,0.1231,1000.0,0.91,1.0,normal,57.0933
28,663,39780,1,0,0.94,0.94,0.94,1000.0,0.94,1.0,normal,58.0333
28,663,39795,4,0,3.76,3.76,0.94,1000.0,0.94,1.0,normal,61.7933
28,663,39810,1,0,0.94,0.94,0.94,1000.0,0.94,1.0,normal,62.7333
28,663,39825,2,0,1.88,1.88,0.94,1000.0,0.94,1.0,normal,64.6133
28,664,39840,0,0,0.0,0.0,0.01,1000.0,0.01,1.0,normal,64.6133
28,664,39855,0,0,0.0,0.0,0.01,1000.0,0.01,1.0,normal,64.6133
28,664,39870,0,0,0.0,0.0,0.01,1000.0,0.01,1.0,normal,64.6133
28,664,39885,0,0,0.0,0.0,0.01,1000.0,0.01,1.0,normal,64.6133
28,665,39900,0,0,0.0,0.0,0.01,1000.0,0.01,1.0,normal,64.6133
28,665,39915,0,0,0.0,0.0,0.01,1000.0,0.01,1.0,normal,64.6133
28,665,39930,0,0,0.0,0.0,0.01,1000.0,0.01,1.0,normal,64.6133
28,665,39945,0,0,0.0,0.0,0.01,1000.0,0.01,1.0,normal,64.6133
28,666,39960,0,0,0.0,0.0,0.01,1000.0,0.01,1.0,normal,64.6133
28,666,39975,0,0,0.0,0.0,0.01,1000.0,0.01,1.0,normal,64.6133
28,666,39990,0,0,0.0,0.0,0.01,1000.0,0.01,1.0,normal,64.6133
28,666,40005,0,0,0.0,0.0,0.01,1000.0,0.01,1.0,normal,64.6133
28,667,40020,0,0,0.0,0.0,0.01,1000.0,0.01,1.0,normal,64.6133
28,667,40035,0,0,0.0,0.0,0.01,1000.0,0.01,1.0,normal,64.6133
28,667,40050,0,0,0.0,0.0,0.01,1000.0,0.01,1.0,normal,64.6133
28,667,40065,0,0,0.0,0.0,0.01,1000.0,0.01,1.0,normal,64.6133
28,668,40080,13,0,17.2087,17.2087,1.3237,1000.0,4.2,1.0,normal,81.822
28,668,40095,15,1,60.3499,60.3499,4.0233,1000.0,4.2,1.0,normal,142.1719
28,668,40110,4,0,16.8,16.8,4.2,1000.0,4.2,1.0,normal,158.9719
28,668,40125,8,0,33.6,33.6,4.2,1000.0,4.2,1.0,normal,192.5719
28,669,40140,15,1,65.25,65.25,4.35,1000.0,4.35,1.0,normal,257.8219
28,669,40155,5,0,21.75,21.75,4.35,1000.0,4.35,1.0,normal,279.5719
28,669,40170,9,1,13.4288,13.4288,1.4921,1000.0,4.35,1.0,normal,293.0007
28,669,40185,14,0,60.9,60.9,4.35,1000.0,4.35,1.0,normal,353.9007
28,670,40200,11,0,47.9019,47.9019,4.3547,1000.0,4.5,1.0,normal,401.8026
28,670,40215,12,0,54.0,54.0,4.5,1000.0,4.5,1.0,normal,455.8026
28,670,40230,8,0,14.9323,14.9323,1.8665,1000.0,4.5,1.0,normal,470.7349
28,670,40245,10,1,36.612,36.612,3.6612,1000.0,4.5,1.0,normal,507.3469
28,671,40260,10,0,32.0354,32.0354,3.2035,1000.0,4.66,1.0,normal,539.3823
28,671,40275,12,1,55.92,55.92,4.66,1000.0,4.66,1.0,normal,595.3023
28,671,40290,15,1,69.9,69.9,4.66,1000.0,4.66,1.0,normal,665.2023
28,671,40305,12,1,55.92,55.92,4.66,1000.0,4.66,1.0,normal,721.1223
29,672,40320,11,1,16.824,16.824,1.5295,1000.0,5.13,1.0,normal,16.824
29,672,40335,7,0,22.8715,22.8715,3.2674,1000.0,5.13,1.0,normal,39.6955
29,672,40350,18,2,62.8608,31.4304,3.4923,1000.0,5.13,1.0,normal,102.5563
29,672,40365,18,0,69.5276,69.5276,3.8626,1000.0,5.13,1.0,normal,172.0839
29,673,40380,5,0,10.4551,10.4551,2.091,1000.0,5.31,1.0,normal,182.539
29,673,40395,15,0,28.1402,28.1402,1.876,1000.0,5.31,1.0,normal,210.6792
29,673,40410,14,0,52.2565,52.2565,3.7326,1000.0,5.31,1.0,normal,262.9357
29,673,40425,14,0,9.8653,9.8653,0.7047,1000.0,5.31,1.0,normal,272.801
29,674,40440,13,0,21.5499,21.5499,1.6577,1000.0,5.18,1.0,normal,294.3509
29,674,40455,8,0,41.44,41.44,5.18,1000.0,5.18,1.0,normal,335.7909
29,674,40470,9,0,1.8049,1.8049,0.2005,1000.0,5.18,1.0,normal,337.5958
29,674,40485,16,0,46.4136,46.4136,2.9008,1000.0,5.18,1.0,normal,384.0094
29,675,40500,13,0,29.0188,29.0188,2.2322,1000.0,4.92,1.0,normal,413.0282
29,675,40515,13,2,21.1654,10.5827,1.6281,1000.0,4.92,1.0,normal,434.1936
29,675,40530,15,0,23.5066,23.5066,1.5671,1000.0,4.92,1.0,normal,457.7002
29,675,40545,12,0,7.9377,7.9377,0.6615,1000.0,4.92,1.0,normal,465.6379
29,676,40560,17,0,6.9065,6.9065,0.4063,1000.0,4.43,1.0,normal,472.5444
29,676,40575,11,0,45.5155,45.5155,4.1378,1000.0,4.43,1.0,normal,518.0599
29,676,40590,14,2,62.02,31.01,4.43,1000.0,4.43,1.0,normal,580.0799
29,676,40605,12,1,14.4831,14.4831,1.2069,1000.0,4.43,1.0,normal,594.563
29,677,40620,10,0,36.1586,36.1586,3.6159,1000.0,4.21,1.0,normal,630.7216
29,677,40635,5,0,7.8114,7.8114,1.5623,1000.0,4.21,1.0,normal,638.533
29,677,40650,5,0,19.5954,19.5954,3.9191,1000.0,4.21,1.0,normal,658.1284
29,677,40665,17,1,52.7043,52.7043,3.1003,1000.0,4.21,1.0,normal,710.8327
29,678,40680,17,1,3.2837,3.2837,0.1932,1000.0,4.0,1.0,normal,714.1164
29,678,40695,4,0,12.1649,12.1649,3.0412,1000.0,4.0,1.0,normal,726.2813
29,678,40710,8,0,32.0,32.0,4.0,1000.0,4.0,1.0,normal,758.2813
29,678,40725,11,0,42.2256,42.2256,3.8387,1000.0,4.0,1.0,normal,800.5069
29,679,40740,10,1,9.5244,9.5244,0.9524,1000.0,3.8,1.0,normal,810.0313
29,679,40755,10,1,33.2436,33.2436,3.3244,1000.0,3.8,1.0,normal,843.2749
29,679,40770,9,0,20.6844,20.6844,2.2983,1000.0,3.8,1.0,normal,863.9593
29,679,40785,7,0,14.7234,14.7234,2.1033,1000.0,3.8,1.0,normal,878.6827
29,680,40800,8,0,6.2023,6.2023,0.7753,1000.0,3.42,1.0,normal,884.885
29,680,40815,11,0,29.8931,29.8931,2.7176,1000.0,3.42,1.0,budget_constrained,914.7781
29,680,40830,6,0,20.52,20.52,3.42,1000.0,3.42,1.0,budget_constrained,935.2981
29,680,40845,11,0,29.109,29.109,2.6463,1000.0,3.42,1.0,budget_constrained,964.4071
29,681,40860,6,0,12.1768,12.1768,2.0295,1000.0,3.42,1.0,budget_constrained,976.5839
29,681,40875,8,0,3.7304,3.7304,0.4663,1000.0,3.42,1.0,budget_constrained,980.3143
29,681,40890,10,0,13.4699,13.4699,1.347,1000.0,3.42,1.0,budget_constrained,993.7842
29,681,40905,5,0,5.2436,5.2436,1.0487,1000.0,3.42,1.0,budget_constrained,999.0278
29,682,40920,0,0,0.9722,0.9722,2.1265,1000.0,3.42,1.0,budget_depleted,1000.0
29,682,40935,0,0,0.0,0.0,0.0,1000.0,3.42,1.0,budget_depleted,1000.0
29,682,40950,0,0,0.0,0.0,0.0,1000.0,3.42,1.0,budget_depleted,1000.0
29,682,40965,0,0,0.0,0.0,0.0,1000.0,3.42,1.0,budget_depleted,1000.0
29,683,40980,0,0,0.0,0.0,0.0,1000.0,3.42,1.0,budget_depleted,1000.0
29,683,40995,0,0,0.0,0.0,0.0,1000.0,3.42,1.0,budget_depleted,1000.0
29,683,41010,0,0,0.0,0.0,0.0,1000.0,3.42,1.0,budget_depleted,1000.0
29,683,41025,0,0,0.0,0.0,0.0,1000.0,3.42,1.0,budget_depleted,1000.0
29,684,41040,0,0,0.0,0.0,0.0,1000.0,1.03,1.0,budget_depleted,1000.0
29,684,41055,0,0,0.0,0.0,0.0,1000.0,1.03,1.0,budget_depleted,1000.0
29,684,41070,0,0,0.0,0.0,0.0,1000.0,1.03,1.0,budget_depleted,1000.0
29,684,41085,0,0,0.0,0.0,0.0,1000.0,1.03,1.0,budget_depleted,1000.0
29,685,41100,0,0,0.0,0.0,0.0,1000.0,1.03,1.0,budget_depleted,1000.0
29,685,41115,0,0,0.0,0.0,0.0,1000.0,1.03,1.0,budget_depleted,1000.0
29,685,41130,0,0,0.0,0.0,0.0,1000.0,1.03,1.0,budget_depleted,1000.0
29,685,41145,0,0,0.0,0.0,0.0,1000.0,1.03,1.0,budget_depleted,1000.0
29,686,41160,0,0,0.0,0.0,0.0,1000.0,1.03,1.0,budget_depleted,1000.0
29,686,41175,0,0,0.0,0.0,0.0,1000.0,1.03,1.0,budget_depleted,1000.0
29,686,41190,0,0,0.0,0.0,0.0,1000.0,1.03,1.0,budget_depleted,1000.0
29,686,41205,0,0,0.0,0.0,0.0,1000.0,1.03,1.0,budget_depleted,1000.0
29,687,41220,0,0,0.0,0.0,0.0,1000.0,1.03,1.0,budget_depleted,1000.0
29,687,41235,0,0,0.0,0.0,0.0,1000.0,1.03,1.0,budget_depleted,1000.0
29,687,41250,0,0,0.0,0.0,0.0,1000.0,1.03,1.0,budget_depleted,1000.0
29,687,41265,0,0,0.0,0.0,0.0,1000.0,1.03,1.0,budget_depleted,1000.0
29,688,41280,0,0,0.0,0.0,0.0,1000.0,0.8,1.0,budget_depleted,1000.0
29,688,41295,0,0,0.0,0.0,0.0,1000.0,0.8,1.0,budget_depleted,1000.0
29,688,41310,0,0,0.0,0.0,0.0,1000.0,0.8,1.0,budget_depleted,1000.0
29,688,41325,0,0,0.0,0.0,0.0,1000.0,0.8,1.0,budget_depleted,1000.0
29,689,41340,0,0,0.0,0.0,0.0,1000.0,0.8,1.0,budget_depleted,1000.0
29,689,41355,0,0,0.0,0.0,0.0,1000.0,0.8,1.0,budget_depleted,1000.0
29,689,41370,0,0,0.0,0.0,0.0,1000.0,0.8,1.0,budget_depleted,1000.0
29,689,41385,0,0,0.0,0.0,0.0,1000.0,0.8,1.0,budget_depleted,1000.0
29,690,41400,0,0,0.0,0.0,0.0,1000.0,0.8,1.0,budget_depleted,1000.0
29,690,41415,0,0,0.0,0.0,0.0,1000.0,0.8,1.0,budget_depleted,1000.0
29,690,41430,0,0,0.0,0.0,0.0,1000.0,0.8,1.0,budget_depleted,1000.0
29,690,41445,0,0,0.0,0.0,0.0,1000.0,0.8,1.0,budget_depleted,1000.0
29,691,41460,0,0,0.0,0.0,0.0,1000.0,0.8,1.0,budget_depleted,1000.0
29,691,41475,0,0,0.0,0.0,0.0,1000.0,0.8,1.0,budget_depleted,1000.0
29,691,41490,0,0,0.0,0.0,0.0,1000.0,0.8,1.0,budget_depleted,1000.0
29,691,41505,0,0,0.0,0.0,0.0,1000.0,0.8,1.0,budget_depleted,1000.0
29,692,41520,0,0,0.0,0.0,0.0,1000.0,0.72,1.0,budget_depleted,1000.0
29,692,41535,0,0,0.0,0.0,0.0,1000.0,0.72,1.0,budget_depleted,1000.0
29,692,41550,0,0,0.0,0.0,0.0,1000.0,0.72,1.0,budget_depleted,1000.0
29,692,41565,0,0,0.0,0.0,0.0,1000.0,0.72,1.0,budget_depleted,1000.0
29,693,41580,0,0,0.0,0.0,0.0,1000.0,0.72,1.0,budget_depleted,1000.0
29,693,41595,0,0,0.0,0.0,0.0,1000.0,0.72,1.0,budget_depleted,1000.0
29,693,41610,0,0,0.0,0.0,0.0,1000.0,0.72,1.0,budget_depleted,1000.0
29,693,41625,0,0,0.0,0.0,0.0,1000.0,0.72,1.0,budget_depleted,1000.0
29,694,41640,0,0,0.0,0.0,0.0,1000.0,0.72,1.0,budget_depleted,1000.0
29,694,41655,0,0,0.0,0.0,0.0,1000.0,0.72,1.0,budget_depleted,1000.0
29,694,41670,0,0,0.0,0.0,0.0,1000.0,0.72,1.0,budget_depleted,1000.0
29,694,41685,0,0,0.0,0.0,0.0,1000.0,0.72,1.0,budget_depleted,1000.0
29,695,41700,0,0,0.0,0.0,0.0,1000.0,0.72,1.0,budget_depleted,1000.0
29,695,41715,0,0,0.0,0.0,0.0,1000.0,0.72,1.0,budget_depleted,1000.0
29,695,41730,0,0,0.0,0.0,0.0,1000.0,0.72,1.0,budget_depleted,1000.0
29,695,41745,0,0,0.0,0.0,0.0,1000.0,0.72,1.0,budget_depleted,1000.0
30,696,41760,0,0,0.0,0.0,0.0,1000.0,0.8,1.0,normal,0.0
30,696,41775,4,0,3.2,3.2,0.8,1000.0,0.8,1.0,normal,3.2
30,696,41790,3,1,2.4,2.4,0.8,1000.0,0.8,1.0,normal,5.6
30,696,41805,1,0,0.8,0.8,0.8,1000.0,0.8,1.0,normal,6.4
30,697,41820,1,0,0.83,0.83,0.83,1000.0,0.83,1.0,normal,7.23
30,697,41835,2,0,1.66,1.66,0.83,1000.0,0.83,1.0,normal,8.89
30,697,41850,0,0,0.0,0.0,0.83,1000.0,0.83,1.0,normal,8.89
30,697,41865,0,0,0.0,0.0,0.83,1000.0,0.83,1.0,normal,8.89
30,698,41880,1,0,0.83,0.83,0.83,1000.0,0.83,1.0,normal,9.72
30,698,41895,6,1,2.5933,2.5933,0.4322,1000.0,0.83,1.0,normal,12.3133
30,698,41910,1,0,0.83,0.83,0.83,1000.0,0.83,1.0,normal,13.1433
30,698,41925,4,1,3.32,3.32,0.83,1000.0,0.83,1.0,normal,16.4633
30,699,41940,3,0,0.6979,0.6979,0.2326,1000.0,0.86,1.0,normal,17.1612
30,699,41955,3,0,2.58,2.58,0.86,1000.0,0.86,1.0,normal,19.7412
30,699,41970,3,0,2.58,2.58,0.86,1000.0,0.86,1.0,normal,22.3212
30,699,41985,1,0,0.5551,0.5551,0.5551,1000.0,0.86,1.0,normal,22.8763
30,700,42000,3,0,2.3619,2.3619,0.7873,1000.0,0.96,1.0,normal,25.2382
30,700,42015,7,0,6.72,6.72,0.96,1000.0,0.96,1.0,normal,31.9582
30,700,42030,3,0,2.88,2.88,0.96,1000.0,0.96,1.0,normal,34.8382
30,700,42045,2,0,1.92,1.92,0.96,1000.0,0.96,1.0,normal,36.7582
30,701,42060,4,1,3.96,3.96,0.99,1000.0,0.99,1.0,normal,40.7182
30,701,42075,2,0,1.98,1.98,0.99,1000.0,0.99,1.0,normal,42.6982
30,701,42090,1,0,0.6216,0.6216,0.6216,1000.0,0.99,1.0,normal,43.3198
30,701,42105,1,0,0.1332,0.1332,0.1332,1000.0,0.99,1.0,normal,43.453
30,702,42120,0,0,0.0,0.0,1.02,1000.0,1.02,1.0,normal,43.453
30,702,42135,1,0,0.2856,0.2856,0.2856,1000.0,1.02,1.0,normal,43.7386
30,702,42150,3,0,2.3541,2.3541,0.7847,1000.0,1.02,1.0,normal,46.0927
30,702,42165,2,0,2.04,2.04,1.02,1000.0,1.02,1.0,normal,48.1327
30,703,42180,1,0,1.06,1.06,1.06,1000.0,1.06,1.0,normal,49.1927
30,703,42195,4,0,1.7091,1.7091,0.4273,1000.0,1.06,1.0,normal,50.9018
30,703,42210,3,0,0.267,0.267,0.089,1000.0,1.06,1.0,normal,51.1688
30,703,42225,2,0,2.1068,2.1068,1.0534,1000.0,1.06,1.0,normal,53.2756
30,704,42240,5,0,5.1023,5.1023,1.0205,1000.0,1.19,1.0,normal,58.3779
30,704,42255,1,0,0.2425,0.2425,0.2425,1000.0,1.19,1.0,normal,58.6204
30,704,42270,3,0,3.57,3.57,1.19,1000.0,1.19,1.0,normal,62.1904
30,704,42285,5,0,5.95,5.95,1.19,1000.0,1.19,1.0,normal,68.1404
30,705,42300,4,0,2.2313,2.2313,0.5578,1000.0,1.23,1.0,normal,70.3717
30,705,42315,4,0,4.92,4.92,1.23,1000.0,1.23,1.0,normal,75.2917
30,705,42330,2,0,1.6824,1.6824,0.8412,1000.0,1.23,1.0,normal,76.9741
30,705,42345,3,0,3.69,3.69,1.23,1000.0,1.23,1.0,normal,80.6641
30,706,42360,3,0,3.81,3.81,1.27,1000.0,1.27,1.0,normal,84.4741
30,706,42375,2,0,2.54,2.54,1.27,1000.0,1.27,1.0,normal,87.0141
30,706,42390,5,0,3.4854,3.4854,0.6971,1000.0,1.27,1.0,normal,90.4995
30,706,42405,1,0,1.1321,1.1321,1.1321,1000.0,1.27,1.0,normal,91.6316
30,707,42420,1,0,0.0473,0.0473,0.0473,1000.0,1.31,1.0,normal,91.6789
30,707,42435,4,0,4.7757,4.7757,1.1939,1000.0,1.31,1.0,normal,96.4546
30,707,42450,5,0,6.55,6.55,1.31,1000.0,1.31,1.0,normal,103.0046
30,707,42465,4,1,5.24,5.24,1.31,1000.0,1.31,1.0,normal,108.2446
30,708,42480,1,0,1.47,1.47,1.47,1000.0,1.47,1.0,normal,109.7146
30,708,42495,2,0,2.94,2.94,1.47,1000.0,1.47,1.0,normal,112.6546
30,708,42510,3,0,4.41,4.41,1.47,1000.0,1.47,1.0,normal,117.0646
30,708,42525,2,0,2.94,2.94,1.47,1000.0,1.47,1.0,normal,120.0046
30,709,42540,3,0,4.56,4.56,1.52,1000.0,1.52,1.0,normal,124.5646
30,709,42555,3,0,4.56,4.56,1.52,1000.0,1.52,1.0,normal,129.1246
30,709,42570,3,1,0.1921,0.1921,0.064,1000.0,1.52,1.0,normal,129.3167
30,709,42585,3,0,4.4831,4.4831,1.4944,1000.0,1.52,1.0,normal,133.7998
30,710,42600,9,0,14.13,14.13,1.57,1000.0,1.57,1.0,normal,147.9298
30,710,42615,2,0,2.0796,2.0796,1.0398,1000.0,1.57,1.0,normal,150.0094
30,710,42630,5,0,7.85,7.85,1.57,1000.0,1.57,1.0,normal,157.8594
30,710,42645,2,0,3.14,3.14,1.57,1000.0,1.57,1.0,normal,160.9994
30,711,42660,4,0,6.48,6.48,1.62,1000.0,1.62,1.0,normal,167.4794
30,711,42675,4,0,6.48,6.48,1.62,1000.0,1.62,1.0,normal,173.9594
30,711,42690,12,1,19.44,19.44,1.62,1000.0,1.62,1.0,normal,193.3994
30,711,42705,2,0,2.3163,2.3163,1.1581,1000.0,1.62,1.0,normal,195.7157
30,712,42720,4,0,7.24,7.24,1.81,1000.0,1.81,1.0,normal,202.9557
30,712,42735,5,0,0.3517,0.3517,0.0703,1000.0,1.81,1.0,normal,203.3074
30,712,42750,3,0,5.43,5.43,1.81,1000.0,1.81,1.0,normal,208.7374
30,712,42765,7,0,9.8163,9.8163,1.4023,1000.0,1.81,1.0,normal,218.5537
30,713,42780,2,0,3.74,3.74,1.87,1000.0,1.87,1.0,normal,222.2937
30,713,42795,3,0,5.61,5.61,1.87,1000.0,1.87,1.0,normal,227.9037
30,713,42810,2,0,0.6281,0.6281,0.314,1000.0,1.87,1.0,normal,228.5318
30,713,42825,6,0,11.22,11.22,1.87,1000.0,1.87,1.0,normal,239.7518
30,714,42840,2,0,0.999,0.999,0.4995,1000.0,1.94,1.0,normal,240.7508
30,714,42855,4,0,2.7145,2.7145,0.6786,1000.0,1.94,1.0,normal,243.4653
30,714,42870,4,0,2.0447,2.0447,0.5112,1000.0,1.94,1.0,normal,245.51
30,714,42885,8,1,12.5488,12.5488,1.5686,1000.0,1.94,1.0,normal,258.0588
30,715,42900,7,0,8.5679,8.5679,1.224,1000.0,2.01,1.0,normal,266.6267
30,715,42915,4,1,8.04,8.04,2.01,1000.0,2.01,1.0,normal,274.6667
30,715,42930,6,0,10.7607,10.7607,1.7935,1000.0,2.01,1.0,normal,285.4274
30,715,42945,1,0,2.01,2.01,2.01,1000.0,2.01,1.0,normal,287.4374
30,716,42960,0,0,0.0,0.0,0.01,1000.0,0.01,1.0,normal,287.4374
30,716,42975,0,0,0.0,0.0,0.01,1000.0,0.01,1.0,normal,287.4374
30,716,42990,0,0,0.0,0.0,0.01,1000.0,0.01,1.0,normal,287.4374
30,716,43005,2,0,0.02,0.02,0.01,1000.0,0.01,1.0,normal,287.4574
30,717,43020,0,0,0.0,0.0,0.01,1000.0,0.01,1.0,normal,287.4574
30,717,43035,0,0,0.0,0.0,0.01,1000.0,0.01,1.0,normal,287.4574
30,717,43050,0,0,0.0,0.0,0.01,1000.0,0.01,1.0,normal,287.4574
30,717,43065,0,0,0.0,0.0,0.01,1000.0,0.01,1.0,normal,287.4574
30,718,43080,0,0,0.0,0.0,0.01,1000.0,0.01,1.0,normal,287.4574
30,718,43095,0,0,0.0,0.0,0.01,1000.0,0.01,1.0,normal,287.4574
30,718,43110,0,0,0.0,0.0,0.01,1000.0,0.01,1.0,normal,287.4574
30,718,43125,0,0,0.0,0.0,0.01,1000.0,0.01,1.0,normal,287.4574
30,719,43140,0,0,0.0,0.0,0.01,1000.0,0.01,1.0,normal,287.4574
30,719,43155,0,0,0.0,0.0,0.01,1000.0,0.01,1.0,normal,287.4574
30,719,43170,0,0,0.0,0.0,0.01,1000.0,0.01,1.0,normal,287.4574
30,719,43185,0,0,0.0,0.0,0.01,1000.0,0.01,1.0,normal,287.4574
31,720,43200,8,0,17.2454,17.2454,2.1557,1000.0,4.2,1.0,normal,17.2454
31,720,43215,8,0,7.2907,7.2907,0.9113,1000.0,4.2,1.0,normal,24.5361
31,720,43230,12,1,50.4,50.4,4.2,1000.0,4.2,1.0,normal,74.9361
31,720,43245,7,1,13.8881,13.8881,1.984,1000.0,4.2,1.0,normal,88.8242
31,721,43260,13,0,43.3178,43.3178,3.3321,1000.0,4.35,1.0,normal,132.142
31,721,43275,9,0,22.7678,22.7678,2.5298,1000.0,4.35,1.0,normal,154.9098
31,721,43290,11,0,2.0179,2.0179,0.1834,1000.0,4.35,1.0,normal,156.9277
31,721,43305,17,0,60.7574,60.7574,3.574,1000.0,4.35,1.0,normal,217.6851
31,722,43320,9,0,12.4992,12.4992,1.3888,1000.0,4.5,1.0,normal,230.1843
31,722,43335,8,0,7.9965,7.9965,0.9996,1000.0,4.5,1.0,normal,238.1808
31,722,43350,13,0,27.2399,27.2399,2.0954,1000.0,4.5,1.0,normal,265.4207
31,722,43365,7,0,28.1141,28.1141,4.0163,1000.0,4.5,1.0,normal,293.5348
31,723,43380,10,0,19.3892,19.3892,1.9389,1000.0,4.66,1.0,normal,312.924
31,723,43395,14,1,65.24,65.24,4.66,1000.0,4.66,1.0,normal,378.164
31,723,43410,15,1,33.0641,33.0641,2.2043,1000.0,4.66,1.0,normal,411.2281
31,723,43425,16,1,41.4948,41.4948,2.5934,1000.0,4.66,1.0,normal,452.7229
31,724,43440,11,1,43.7622,43.7622,3.9784,1000.0,5.13,1.0,normal,496.4851
31,724,43455,16,0,76.119,76.119,4.7574,1000.0,5.13,1.0,normal,572.6041
31,724,43470,11,0,19.4528,19.4528,1.7684,1000.0,5.13,1.0,normal,592.0569
31,724,43485,12,0,45.2302,45.2302,3.7692,1000.0,5.13,1.0,normal,637.2871
31,725,43500,17,0,5.8316,5.8316,0.343,1000.0,5.31,1.0,normal,643.1187
31,725,43515,8,0,29.6831,29.6831,3.7104,1000.0,5.31,1.0,normal,672.8018
31,725,43530,13,1,33.0272,33.0272,2.5406,1000.0,5.31,1.0,normal,705.829
31,725,43545,14,0,15.5652,15.5652,1.1118,1000.0,5.31,1.0,normal,721.3942
31,726,43560,11,0,19.0598,19.0598,1.7327,1000.0,5.18,1.0,normal,740.454
31,726,43575,14,0,65.884,65.884,4.706,1000.0,5.18,1.0,normal,806.338
31,726,43590,13,0,67.34,67.34,5.18,1000.0,5.18,1.0,normal,873.678
31,726,43605,12,0,36.7453,36.7453,3.0621,1000.0,5.18,1.0,budget_constrained,910.4233
31,727,43620,13,0,67.34,67.34,5.18,1000.0,5.18,1.0,budget_constrained,977.7633
31,727,43635,4,0,22.2367,22.2367,5.18,1000.0,5.18,1.0,budget_depleted,1000.0
31,727,43650,0,0,0.0,0.0,0.0,1000.0,5.18,1.0,budget_depleted,1000.0
31,727,43665,0,0,0.0,0.0,0.0,1000.0,5.18,1.0,budget_depleted,1000.0
31,728,43680,0,0,0.0,0.0,0.0,1000.0,1.54,1.0,budget_depleted,1000.0
31,728,43695,0,0,0.0,0.0,0.0,1000.0,1.54,1.0,budget_depleted,1000.0
31,728,43710,0,0,0.0,0.0,0.0,1000.0,1.54,1.0,budget_depleted,1000.0
31,728,43725,0,0,0.0,0.0,0.0,1000.0,1.54,1.0,budget_depleted,1000.0
31,729,43740,0,0,0.0,0.0,0.0,1000.0,1.54,1.0,budget_depleted,1000.0
31,729,43755,0,0,0.0,0.0,0.0,1000.0,1.54,1.0,budget_depleted,1000.0
31,729,43770,0,0,0.0,0.0,0.0,1000.0,1.54,1.0,budget_depleted,1000.0
31,729,43785,0,0,0.0,0.0,0.0,1000.0,1.54,1.0,budget_depleted,1000.0
31,730,43800,0,0,0.0,0.0,0.0,1000.0,1.54,1.0,budget_depleted,1000.0
31,730,43815,0,0,0.0,0.0,0.0,1000.0,1.54,1.0,budget_depleted,1000.0
31,730,43830,0,0,0.0,0.0,0.0,1000.0,1.54,1.0,budget_depleted,1000.0
31,730,43845,0,0,0.0,0.0,0.0,1000.0,1.54,1.0,budget_depleted,1000.0
31,731,43860,0,0,0.0,0.0,0.0,1000.0,1.54,1.0,budget_depleted,1000.0
31,731,43875,0,0,0.0,0.0,0.0,1000.0,1.54,1.0,budget_depleted,1000.0
31,731,43890,0,0,0.0,0.0,0.0,1000.0,1.54,1.0,budget_depleted,1000.0
31,731,43905,0,0,0.0,0.0,0.0,1000.0,1.54,1.0,budget_depleted,1000.0
31,732,43920,0,0,0.0,0.0,0.0,1000.0,0.8,1.0,budget_depleted,1000.0
31,732,43935,0,0,0.0,0.0,0.0,1000.0,0.8,1.0,budget_depleted,1000.0
31,732,43950,0,0,0.0,0.0,0.0,1000.0,0.8,1.0,budget_depleted,1000.0
31,732,43965,0,0,0.0,0.0,0.0,1000.0,0.8,1.0,budget_depleted,1000.0
31,733,43980,0,0,0.0,0.0,0.0,1000.0,0.8,1.0,budget_depleted,1000.0
31,733,43995,0,0,0.0,0.0,0.0,1000.0,0.8,1.0,budget_depleted,1000.0
31,733,44010,0,0,0.0,0.0,0.0,1000.0,0.8,1.0,budget_depleted,1000.0
31,733,44025,0,0,0.0,0.0,0.0,1000.0,0.8,1.0,budget_depleted,1000.0
31,734,44040,0,0,0.0,0.0,0.0,1000.0,0.8,1.0,budget_depleted,1000.0
31,734,44055,0,0,0.0,0.0,0.0,1000.0,0.8,1.0,budget_depleted,1000.0
31,734,44070,0,0,0.0,0.0,0.0,1000.0,0.8,1.0,budget_depleted,1000.0
31,734,44085,0,0,0.0,0.0,0.0,1000.0,0.8,1.0,budget_depleted,1000.0
31,735,44100,0,0,0.0,0.0,0.0,1000.0,0.8,1.0,budget_depleted,1000.0
31,735,44115,0,0,0.0,0.0,0.0,1000.0,0.8,1.0,budget_depleted,1000.0
31,735,44130,0,0,0.0,0.0,0.0,1000.0,0.8,1.0,budget_depleted,1000.0
31,735,44145,0,0,0.0,0.0,0.0,1000.0,0.8,1.0,budget_depleted,1000.0
31,736,44160,0,0,0.0,0.0,0.0,1000.0,0.64,1.0,budget_depleted,1000.0
31,736,44175,0,0,0.0,0.0,0.0,1000.0,0.64,1.0,budget_depleted,1000.0
31,736,44190,0,0,0.0,0.0,0.0,1000.0,0.64,1.0,budget_depleted,1000.0
31,736,44205,0,0,0.0,0.0,0.0,1000.0,0.64,1.0,budget_depleted,1000.0
31,737,44220,0,0,0.0,0.0,0.0,1000.0,0.64,1.0,budget_depleted,1000.0
31,737,44235,0,0,0.0,0.0,0.0,1000.0,0.64,1.0,budget_depleted,1000.0
31,737,44250,0,0,0.0,0.0,0.0,1000.0,0.64,1.0,budget_depleted,1000.0
31,737,44265,0,0,0.0,0.0,0.0,1000.0,0.64,1.0,budget_depleted,1000.0
31,738,44280,0,0,0.0,0.0,0.0,1000.0,0.64,1.0,budget_depleted,1000.0
31,738,44295,0,0,0.0,0.0,0.0,1000.0,0.64,1.0,budget_depleted,1000.0
31,738,44310,0,0,0.0,0.0,0.0,1000.0,0.64,1.0,budget_depleted,1000.0
31,738,44325,0,0,0.0,0.0,0.0,1000.0,0.64,1.0,budget_depleted,1000.0
31,739,44340,0,0,0.0,0.0,0.0,1000.0,0.64,1.0,budget_depleted,1000.0
31,739,44355,0,0,0.0,0.0,0.0,1000.0,0.64,1.0,budget_depleted,1000.0
31,739,44370,0,0,0.0,0.0,0.0,1000.0,0.64,1.0,budget_depleted,1000.0
31,739,44385,0,0,0.0,0.0,0.0,1000.0,0.64,1.0,budget_depleted,1000.0
31,740,44400,0,0,0.0,0.0,0.0,1000.0,0.51,1.0,budget_depleted,1000.0
31,740,44415,0,0,0.0,0.0,0.0,1000.0,0.51,1.0,budget_depleted,1000.0
31,740,44430,0,0,0.0,0.0,0.0,1000.0,0.51,1.0,budget_depleted,1000.0
31,740,44445,0,0,0.0,0.0,0.0,1000.0,0.51,1.0,budget_depleted,1000.0
31,741,44460,0,0,0.0,0.0,0.0,1000.0,0.51,1.0,budget_depleted,1000.0
31,741,44475,0,0,0.0,0.0,0.0,1000.0,0.51,1.0,budget_depleted,1000.0
31,741,44490,0,0,0.0,0.0,0.0,1000.0,0.51,1.0,budget_depleted,1000.0
31,741,44505,0,0,0.0,0.0,0.0,1000.0,0.51,1.0,budget_depleted,1000.0
31,742,44520,0,0,0.0,0.0,0.0,1000.0,0.51,1.0,budget_depleted,1000.0
31,742,44535,0,0,0.0,0.0,0.0,1000.0,0.51,1.0,budget_depleted,1000.0
31,742,44550,0,0,0.0,0.0,0.0,1000.0,0.51,1.0,budget_depleted,1000.0
31,742,44565,0,0,0.0,0.0,0.0,1000.0,0.51,1.0,budget_depleted,1000.0
31,743,44580,0,0,0.0,0.0,0.0,1000.0,0.51,1.0,budget_depleted,1000.0
31,743,44595,0,0,0.0,0.0,0.0,1000.0,0.51,1.0,budget_depleted,1000.0
31,743,44610,0,0,0.0,0.0,0.0,1000.0,0.51,1.0,budget_depleted,1000.0
31,743,44625,0,0,0.0,0.0,0.0,1000.0,0.51,1.0,budget_depleted,1000.0
32,744,44640,0,0,0.0,0.0,0.0,1000.0,0.5,1.0,normal,0.0
32,744,44655,1,0,0.5,0.5,0.5,1000.0,0.5,1.0,normal,0.5
32,744,44670,2,0,1.0,1.0,0.5,1000.0,0.5,1.0,normal,1.5
32,744,44685,2,0,0.9207,0.9207,0.4604,1000.0,0.5,1.0,normal,2.4207
32,745,44700,1,0,0.5,0.5,0.5,1000.0,0.5,1.0,normal,2.9207
32,745,44715,2,0,0.8624,0.8624,0.4312,1000.0,0.5,1.0,normal,3.7831
32,745,44730,2,0,0.7174,0.7174,0.3587,1000.0,0.5,1.0,normal,4.5005
32,745,44745,1,0,0.2531,0.2531,0.2531,1000.0,0.5,1.0,normal,4.7536
32,746,44760,1,0,0.5,0.5,0.5,1000.0,0.5,1.0,normal,5.2536
32,746,44775,0,0,0.0,0.0,0.5,1000.0,0.5,1.0,normal,5.2536
32,746,44790,0,0,0.0,0.0,0.2967,1000.0,0.5,1.0,normal,5.2536
32,746,44805,0,0,0.0,0.0,0.5,1000.0,0.5,1.0,normal,5.2536
32,747,44820,1,0,0.0828,0.0828,0.0828,1000.0,0.5,1.0,normal,5.3364
32,747,44835,1,0,0.5,0.5,0.5,1000.0,0.5,1.0,normal,5.8364
32,747,44850,2,0,1.0,1.0,0.5,1000.0,0.5,1.0,normal,6.8364
32,747,44865,0,0,0.0,0.0,0.5,1000.0,0.5,1.0,normal,6.8364
32,748,44880,3,0,0.9412,0.9412,0.3137,1000.0,0.5,1.0,normal,7.7776
32,748,44895,2,0,1.0,1.0,0.5,1000.0,0.5,1.0,normal,8.7776
32,748,44910,1,0,0.5,0.5,0.5,1000.0,0.5,1.0,normal,9.2776
32,748,44925,0,0,0.0,0.0,0.3181,1000.0,0.5,1.0,normal,9.2776
32,749,44940,2,0,0.0122,0.0122,0.0061,1000.0,0.5,1.0,normal,9.2898
32,749,44955,1,0,0.5,0.5,0.5,1000.0,0.5,1.0,normal,9.7898
32,749,44970,2,0,1.0,1.0,0.5,1000.0,0.5,1.0,normal,10.7898
32,749,44985,2,0,1.0,1.0,0.5,1000.0,0.5,1.0,normal,11.7898
32,750,45000,1,0,0.0606,0.0606,0.0606,1000.0,0.5,1.0,normal,11.8504
32,750,45015,2,0,1.0,1.0,0.5,1000.0,0.5,1.0,normal,12.8504
32,750,45030,1,0,0.5,0.5,0.5,1000.0,0.5,1.0,normal,13.3504
32,750,45045,2,0,1.0,1.0,0.5,1000.0,0.5,1.0,normal,14.3504
32,751,45060,3,0,1.5,1.5,0.5,1000.0,0.5,1.0,normal,15.8504
32,751,45075,0,0,0.0,0.0,0.5,1000.0,0.5,1.0,normal,15.8504
32,751,45090,1,0,0.4016,0.4016,0.4016,1000.0,0.5,1.0,normal,16.252
32,751,45105,2,0,1.0,1.0,0.5,1000.0,0.5,1.0,normal,17.252
32,752,45120,1,1,0.5,0.5,0.5,1000.0,0.5,1.0,normal,17.752
32,752,45135,0,0,0.0,0.0,0.5,1000.0,0.5,1.0,normal,17.752
32,752,45150,3,0,0.0844,0.0844,0.0281,1000.0,0.5,1.0,normal,17.8364
32,752,45165,2,0,0.1048,0.1048,0.0524,1000.0,0.5,1.0,normal,17.9412
32,753,45180,3,0,1.56,1.56,0.52,1000.0,0.52,1.0,normal,19.5012
32,753,45195,0,0,0.0,0.0,0.52,1000.0,0.52,1.0,normal,19.5012
32,753,45210,1,0,0.52,0.52,0.52,1000.0,0.52,1.0,normal,20.0212
32,753,45225,0,0,0.0,0.0,0.52,1000.0,0.52,1.0,normal,20.0212
32,754,45240,0,0,0.0,0.0,0.54,1000.0,0.54,1.0,normal,20.0212
32,754,45255,3,0,1.62,1.62,0.54,1000.0,0.54,1.0,normal,21.6412
32,754,45270,1,0,0.54,0.54,0.54,1000.0,0.54,1.0,normal,22.1812
32,754,45285,0,0,0.0,0.0,0.54,1000.0,0.54,1.0,normal,22.1812
32,755,45300,3,0,1.68,1.68,0.56,1000.0,0.56,1.0,normal,23.8612
32,755,45315,2,0,0.943,0.943,0.4715,1000.0,0.56,1.0,normal,24.8042
32,755,45330,3,0,1.2812,1.2812,0.4271,1000.0,0.56,1.0,normal,26.0854
32,755,45345,1,0,0.56,0.56,0.56,1000.0,0.56,1.0,normal,26.6454
32,756,45360,0,0,0.0,0.0,0.048,1000.0,0.62,1.0,normal,26.6454
32,756,45375,0,0,0.0,0.0,0.62,1000.0,0.62,1.0,normal,26.6454
32,756,45390,3,0,1.86,1.86,0.62,1000.0,0.62,1.0,normal,28.5054
32,756,45405,0,0,0.0,0.0,0.0755,1000.0,0.62,1.0,normal,28.5054
32,757,45420,3,0,1.92,1.92,0.64,1000.0,0.64,1.0,normal,30.4254
32,757,45435,2,0,1.28,1.28,0.64,1000.0,0.64,1.0,normal,31.7054
32,757,45450,1,0,0.64,0.64,0.64,1000.0,0.64,1.0,normal,32.3454
32,757,45465,2,0,1.2127,1.2127,0.6064,1000.0,0.64,1.0,normal,33.5581
32,758,45480,2,0,1.32,1.32,0.66,1000.0,0.66,1.0,normal,34.8781
32,758,45495,0,0,0.0,0.0,0.66,1000.0,0.66,1.0,normal,34.8781
32,758,45510,5,0,3.3,3.3,0.66,1000.0,0.66,1.0,normal,38.1781
32,758,45525,1,0,0.66,0.66,0.66,1000.0,0.66,1.0,normal,38.8381
32,759,45540,0,0,0.0,0.0,0.68,1000.0,0.68,1.0,normal,38.8381
32,759,45555,7,0,4.76,4.76,0.68,1000.0,0.68,1.0,normal,43.5981
32,759,45570,2,0,1.36,1.36,0.68,1000.0,0.68,1.0,normal,44.9581
32,759,45585,1,0,0.2344,0.2344,0.2344,1000.0,0.68,1.0,normal,45.1925
32,760,45600,0,0,0.0,0.0,0.76,1000.0,0.76,1.0,normal,45.1925
32,760,45615,2,0,0.1195,0.1195,0.0597,1000.0,0.76,1.0,normal,45.312
32,760,45630,2,0,0.2411,0.2411,0.1206,1000.0,0.76,1.0,normal,45.5531
32,760,45645,5,0,3.8,3.8,0.76,1000.0,0.76,1.0,normal,49.3531
32,761,45660,3,0,2.37,2.37,0.79,1000.0,0.79,1.0,normal,51.7231
32,761,45675,0,0,0.0,0.0,0.79,1000.0,0.79,1.0,normal,51.7231
32,761,45690,2,0,1.58,1.58,0.79,1000.0,0.79,1.0,normal,53.3031
32,761,45705,0,0,0.0,0.0,0.79,1000.0,0.79,1.0,normal,53.3031
32,762,45720,2,0,1.64,1.64,0.82,1000.0,0.82,1.0,normal,54.9431
32,762,45735,3,0,1.6813,1.6813,0.5604,1000.0,0.82,1.0,normal,56.6244
32,762,45750,2,0,1.64,1.64,0.82,1000.0,0.82,1.0,normal,58.2644
32,762,45765,2,0,0.7248,0.7248,0.3624,1000.0,0.82,1.0,normal,58.9892
32,763,45780,2,0,1.7,1.7,0.85,1000.0,0.85,1.0,normal,60.6892
32,763,45795,1,0,0.85,0.85,0.85,1000.0,0.85,1.0,normal,61.5392
32,763,45810,4,0,1.8591,1.8591,0.4648,1000.0,0.85,1.0,normal,63.3983
32,763,45825,4,0,3.4,3.4,0.85,1000.0,0.85,1.0,normal,66.7983
32,764,45840,0,0,0.0,0.0,0.01,1000.0,0.01,1.0,normal,66.7983
32,764,45855,0,0,0.0,0.0,0.01,1000.0,0.01,1.0,normal,66.7983
32,764,45870,0,0,0.0,0.0,0.01,1000.0,0.01,1.0,normal,66.7983
32,764,45885,0,0,0.0,0.0,0.01,1000.0,0.01,1.0,normal,66.7983
32,765,45900,0,0,0.0,0.0,0.01,1000.0,0.01,1.0,normal,66.7983
32,765,45915,0,0,0.0,0.0,0.01,1000.0,0.01,1.0,normal,66.7983
32,765,45930,0,0,0.0,0.0,0.01,1000.0,0.01,1.0,normal,66.7983
32,765,45945,0,0,0.0,0.0,0.01,1000.0,0.01,1.0,normal,66.7983
32,766,45960,0,0,0.0,0.0,0.01,1000.0,0.01,1.0,normal,66.7983
32,766,45975,0,0,0.0,0.0,0.01,1000.0,0.01,1.0,normal,66.7983
32,766,45990,0,0,0.0,0.0,0.01,1000.0,0.01,1.0,normal,66.7983
32,766,46005,0,0,0.0,0.0,0.01,1000.0,0.01,1.0,normal,66.7983
32,767,46020,0,0,0.0,0.0,0.01,1000.0,0.01,1.0,normal,66.7983
32,767,46035,0,0,0.0,0.0,0.01,1000.0,0.01,1.0,normal,66.7983
32,767,46050,0,0,0.0,0.0,0.01,1000.0,0.01,1.0,normal,66.7983
32,767,46065,0,0,0.0,0.0,0.01,1000.0,0.01,1.0,normal,66.7983
33,768,46080,7,0,6.3087,6.3087,0.9012,1000.0,4.2,1.0,normal,6.3087
33,768,46095,13,0,52.9128,52.9128,4.0702,1000.0,4.2,1.0,normal,59.2215
33,768,46110,8,0,33.6,33.6,4.2,1000.0,4.2,1.0,normal,92.8215
33,768,46125,8,1,1.0745,1.0745,0.1343,1000.0,4.2,1.0,normal,93.896
33,769,46140,11,0,22.5117,22.5117,2.0465,1000.0,4.35,1.0,normal,116.4077
33,769,46155,10,1,27.7711,27.7711,2.7771,1000.0,4.35,1.0,normal,144.1788
33,769,46170,10,0,43.5,43.5,4.35,1000.0,4.35,1.0,normal,187.6788
33,769,46185,10,0,29.9695,29.9695,2.997,1000.0,4.35,1.0,normal,217.6483
33,770,46200,15,1,12.7836,12.7836,0.8522,1000.0,4.24,1.0,normal,230.4319
33,770,46215,11,0,18.9661,18.9661,1.7242,1000.0,4.24,1.0,normal,249.398
33,770,46230,15,0,0.1465,0.1465,0.0098,1000.0,4.24,1.0,normal,249.5445
33,770,46245,14,0,51.1124,51.1124,3.6509,1000.0,4.24,1.0,normal,300.6569
33,771,46260,11,1,44.33,44.33,4.03,1000.0,4.03,1.0,normal,344.9869
33,771,46275,11,2,40.4153,20.2077,3.6741,1000.0,4.03,1.0,normal,385.4022
33,771,46290,11,1,27.6031,27.6031,2.5094,1000.0,4.03,1.0,normal,413.0053
33,771,46305,12,0,48.36,48.36,4.03,1000.0,4.03,1.0,normal,461.3653
33,772,46320,12,1,10.4348,10.4348,0.8696,1000.0,4.43,1.0,normal,471.8001
33,772,46335,12,0,19.3551,19.3551,1.6129,1000.0,4.43,1.0,normal,491.1552
33,772,46350,7,0,31.01,31.01,4.43,1000.0,4.43,1.0,normal,522.1652
33,772,46365,10,0,20.2868,20.2868,2.0287,1000.0,4.43,1.0,normal,542.452
33,773,46380,16,0,8.7431,8.7431,0.5464,1000.0,4.59,1.0,normal,551.1951
33,773,46395,7,0,32.13,32.13,4.59,1000.0,4.59,1.0,normal,583.3251
33,773,46410,9,0,5.6561,5.6561,0.6285,1000.0,4.59,1.0,normal,588.9812
33,773,46425,12,0,55.08,55.08,4.59,1000.0,4.59,1.0,normal,644.0612
33,774,46440,11,1,7.3021,7.3021,0.6638,1000.0,4.48,1.0,normal,651.3633
33,774,46455,3,0,13.44,13.44,4.48,1000.0,4.48,1.0,normal,664.8033
33,774,46470,12,0,37.8027,37.8027,3.1502,1000.0,4.48,1.0,normal,702.606
33,774,46485,6,0,15.1877,15.1877,2.5313,1000.0,4.48,1.0,normal,717.7937
33,775,46500,7,0,30.59,30.59,4.37,1000.0,4.37,1.0,normal,748.3837
33,775,46515,10,0,43.7,43.7,4.37,1000.0,4.37,1.0,normal,792.0837
33,775,46530,13,0,8.4323,8.4323,0.6486,1000.0,4.37,1.0,normal,800.516
33,775,46545,11,0,48.07,48.07,4.37,1000.0,4.37,1.0,normal,848.586
33,776,46560,0,0,0.0,0.0,0.01,1000.0,0.01,1.0,normal,848.586
33,776,46575,0,0,0.0,0.0,0.01,1000.0,0.01,1.0,normal,848.586
33,776,46590,0,0,0.0,0.0,0.01,1000.0,0.01,1.0,normal,848.586
33,776,46605,0,0,0.0,0.0,0.01,1000.0,0.01,1.0,normal,848.586
33,777,46620,0,0,0.0,0.0,0.01,1000.0,0.01,1.0,normal,848.586
33,777,46635,0,0,0.0,0.0,0.01,1000.0,0.01,1.0,normal,848.586
33,777,46650,0,0,0.0,0.0,0.01,1000.0,0.01,1.0,normal,848.586
33,777,46665,0,0,0.0,0.0,0.01,1000.0,0.01,1.0,normal,848.586
33,778,46680,0,0,0.0,0.0,0.01,1000.0,0.01,1.0,normal,848.586
33,778,46695,1,0,0.01,0.01,0.01,1000.0,0.01,1.0,normal,848.596
33,778,46710,0,0,0.0,0.0,0.01,1000.0,0.01,1.0,normal,848.596
33,778,46725,0,0,0.0,0.0,0.01,1000.0,0.01,1.0,normal,848.596
33,779,46740,0,0,0.0,0.0,0.01,1000.0,0.01,1.0,normal,848.596
33,779,46755,0,0,0.0,0.0,0.01,1000.0,0.01,1.0,normal,848.596
33,779,46770,0,0,0.0,0.0,0.01,1000.0,0.01,1.0,normal,848.596
33,779,46785,0,0,0.0,0.0,0.01,1000.0,0.01,1.0,normal,848.596
33,780,46800,12,0,36.6621,36.6621,3.0552,1000.0,4.2,1.0,normal,885.2581
33,780,46815,13,0,15.7717,15.7717,1.2132,1000.0,4.2,1.0,budget_constrained,901.0298
33,780,46830,10,0,32.8113,32.8113,3.2811,1000.0,4.2,1.0,budget_constrained,933.8411
33,780,46845,13,1,7.2123,7.2123,0.5548,1000.0,4.2,1.0,budget_constrained,941.0534
33,781,46860,16,0,43.5696,43.5696,2.7231,1000.0,4.2,1.0,budget_constrained,984.623
33,781,46875,7,0,7.5595,7.5595,1.0799,1000.0,4.2,1.0,budget_constrained,992.1825
33,781,46890,5,0,7.8175,7.8175,1.5476,1000.0,4.2,1.0,budget_depleted,1000.0
33,781,46905,0,0,0.0,0.0,0.0,1000.0,4.2,1.0,budget_depleted,1000.0
33,782,46920,0,0,0.0,0.0,0.0,1000.0,4.2,1.0,budget_depleted,1000.0
33,782,46935,0,0,0.0,0.0,0.0,1000.0,4.2,1.0,budget_depleted,1000.0
33,782,46950,0,0,0.0,0.0,0.0,1000.0,4.2,1.0,budget_depleted,1000.0
33,782,46965,0,0,0.0,0.0,0.0,1000.0,4.2,1.0,budget_depleted,1000.0
33,783,46980,0,0,0.0,0.0,0.0,1000.0,4.2,1.0,budget_depleted,1000.0
33,783,46995,0,0,0.0,0.0,0.0,1000.0,4.2,1.0,budget_depleted,1000.0
33,783,47010,0,0,0.0,0.0,0.0,1000.0,4.2,1.0,budget_depleted,1000.0
33,783,47025,0,0,0.0,0.0,0.0,1000.0,4.2,1.0,budget_depleted,1000.0
33,784,47040,0,0,0.0,0.0,0.0,1000.0,1.26,1.0,budget_depleted,1000.0
33,784,47055,0,0,0.0,0.0,0.0,1000.0,1.26,1.0,budget_depleted,1000.0
33,784,47070,0,0,0.0,0.0,0.0,1000.0,1.26,1.0,budget_depleted,1000.0
33,784,47085,0,0,0.0,0.0,0.0,1000.0,1.26,1.0,budget_depleted,1000.0
33,785,47100,0,0,0.0,0.0,0.0,1000.0,1.26,1.0,budget_depleted,1000.0
33,785,47115,0,0,0.0,0.0,0.0,1000.0,1.26,1.0,budget_depleted,1000.0
33,785,47130,0,0,0.0,0.0,0.0,1000.0,1.26,1.0,budget_depleted,1000.0
33,785,47145,0,0,0.0,0.0,0.0,1000.0,1.26,1.0,budget_depleted,1000.0
33,786,47160,0,0,0.0,0.0,0.0,1000.0,1.26,1.0,budget_depleted,1000.0
33,786,47175,0,0,0.0,0.0,0.0,1000.0,1.26,1.0,budget_depleted,1000.0
33,786,47190,0,0,0.0,0.0,0.0,1000.0,1.26,1.0,budget_depleted,1000.0
33,786,47205,0,0,0.0,0.0,0.0,1000.0,1.26,1.0,budget_depleted,1000.0
33,787,47220,0,0,0.0,0.0,0.0,1000.0,1.26,1.0,budget_depleted,1000.0
33,787,47235,0,0,0.0,0.0,0.0,1000.0,1.26,1.0,budget_depleted,1000.0
33,787,47250,0,0,0.0,0.0,0.0,1000.0,1.26,1.0,budget_depleted,1000.0
33,787,47265,0,0,0.0,0.0,0.0,1000.0,1.26,1.0,budget_depleted,1000.0
33,788,47280,0,0,0.0,0.0,0.0,1000.0,0.8,1.0,budget_depleted,1000.0
33,788,47295,0,0,0.0,0.0,0.0,1000.0,0.8,1.0,budget_depleted,1000.0
33,788,47310,0,0,0.0,0.0,0.0,1000.0,0.8,1.0,budget_depleted,1000.0
33,788,47325,0,0,0.0,0.0,0.0,1000.0,0.8,1.0,budget_depleted,1000.0
33,789,47340,0,0,0.0,0.0,0.0,1000.0,0.8,1.0,budget_depleted,1000.0
33,789,47355,0,0,0.0,0.0,0.0,1000.0,0.8,1.0,budget_depleted,1000.0
33,789,47370,0,0,0.0,0.0,0.0,1000.0,0.8,1.0,budget_depleted,1000.0
33,789,47385,0,0,0.0,0.0,0.0,1000.0,0.8,1.0,budget_depleted,1000.0
33,790,47400,0,0,0.0,0.0,0.0,1000.0,0.8,1.0,budget_depleted,1000.0
33,790,47415,0,0,0.0,0.0,0.0,1000.0,0.8,1.0,budget_depleted,1000.0
33,790,47430,0,0,0.0,0.0,0.0,1000.0,0.8,1.0,budget_depleted,1000.0
33,790,47445,0,0,0.0,0.0,0.0,1000.0,0.8,1.0,budget_depleted,1000.0
33,791,47460,0,0,0.0,0.0,0.0,1000.0,0.8,1.0,budget_depleted,1000.0
33,791,47475,0,0,0.0,0.0,0.0,1000.0,0.8,1.0,budget_depleted,1000.0
33,791,47490,0,0,0.0,0.0,0.0,1000.0,0.8,1.0,budget_depleted,1000.0
33,791,47505,0,0,0.0,0.0,0.0,1000.0,0.8,1.0,budget_depleted,1000.0
34,792,47520,0,0,0.0,0.0,0.0,1000.0,0.72,1.0,normal,0.0
34,792,47535,1,0,0.72,0.72,0.72,1000.0,0.72,1.0,normal,0.72
34,792,47550,3,0,2.16,2.16,0.72,1000.0,0.72,1.0,normal,2.88
34,792,47565,2,0,1.014,1.014,0.507,1000.0,0.72,1.0,normal,3.894
34,793,47580,2,0,1.44,1.44,0.72,1000.0,0.72,1.0,normal,5.334
34,793,47595,4,0,2.0465,2.0465,0.5116,1000.0,0.72,1.0,normal,7.3805
34,793,47610,2,0,1.44,1.44,0.72,1000.0,0.72,1.0,normal,8.8205
34,793,47625,1,0,0.01,0.01,0.01,1000.0,0.72,1.0,normal,8.8305
34,794,47640,1,0,0.72,0.72,0.72,1000.0,0.72,1.0,normal,9.5505
34,794,47655,3,0,2.16,2.16,0.72,1000.0,0.72,1.0,normal,11.7105
34,794,47670,3,0,2.16,2.16,0.72,1000.0,0.72,1.0,normal,13.8705
34,794,47685,2,0,0.7151,0.7151,0.3576,1000.0,0.72,1.0,normal,14.5856
34,795,47700,1,0,0.72,0.72,0.72,1000.0,0.72,1.0,normal,15.3056
34,795,47715,5,0,1.2152,1.2152,0.243,1000.0,0.72,1.0,normal,16.5208
34,795,47730,1,0,0.5405,0.5405,0.5405,1000.0,0.72,1.0,normal,17.0613
34,795,47745,1,0,0.72,0.72,0.72,1000.0,0.72,1.0,normal,17.7813
34,796,47760,0,0,0.0,0.0,0.58,1000.0,0.58,1.0,normal,17.7813
34,796,47775,1,0,0.2859,0.2859,0.2859,1000.0,0.58,1.0,normal,18.0672
34,796,47790,4,0,2.32,2.32,0.58,1000.0,0.58,1.0,normal,20.3872
34,796,47805,0,0,0.0,0.0,0.58,1000.0,0.58,1.0,normal,20.3872
34,797,47820,1,0,0.58,0.58,0.58,1000.0,0.58,1.0,normal,20.9672
34,797,47835,1,0,0.58,0.58,0.58,1000.0,0.58,1.0,normal,21.5472
34,797,47850,2,0,1.16,1.16,0.58,1000.0,0.58,1.0,normal,22.7072
34,797,47865,0,0,0.0,0.0,0.58,1000.0,0.58,1.0,normal,22.7072
34,798,47880,0,0,0.0,0.0,0.58,1000.0,0.58,1.0,normal,22.7072
34,798,47895,2,0,1.16,1.16,0.58,1000.0,0.58,1.0,normal,23.8672
34,798,47910,1,0,0.58,0.58,0.58,1000.0,0.58,1.0,normal,24.4472
34,798,47925,4,0,2.32,2.32,0.58,1000.0,0.58,1.0,normal,26.7672
34,799,47940,1,0,0.58,0.58,0.58,1000.0,0.58,1.0,normal,27.3472
34,799,47955,0,0,0.0,0.0,0.58,1000.0,0.58,1.0,normal,27.3472
34,799,47970,3,0,1.74,1.74,0.58,1000.0,0.58,1.0,normal,29.0872
34,799,47985,0,0,0.0,0.0,0.5654,1000.0,0.58,1.0,normal,29.0872
34,800,48000,0,0,0.0,0.0,0.5,1000.0,0.5,1.0,normal,29.0872
34,800,48015,0,0,0.0,0.0,0.5,1000.0,0.5,1.0,normal,29.0872
34,800,48030,1,0,0.5,0.5,0.5,1000.0,0.5,1.0,normal,29.5872
34,800,48045,1,0,0.5,0.5,0.5,1000.0,0.5,1.0,normal,30.0872
34,801,48060,2,0,1.0,1.0,0.5,1000.0,0.5,1.0,normal,31.0872
34,801,48075,2,0,1.0,1.0,0.5,1000.0,0.5,1.0,normal,32.0872
34,801,48090,1,0,0.5,0.5,0.5,1000.0,0.5,1.0,normal,32.5872
34,801,48105,3,1,1.5,1.5,0.5,1000.0,0.5,1.0,normal,34.0872
34,802,48120,2,0,0.5149,0.5149,0.2574,1000.0,0.52,1.0,normal,34.6021
34,802,48135,1,0,0.52,0.52,0.52,1000.0,0.52,1.0,normal,35.1221
34,802,48150,2,0,1.04,1.04,0.52,1000.0,0.52,1.0,normal,36.1621
34,802,48165,1,0,0.52,0.52,0.52,1000.0,0.52,1.0,normal,36.6821
34,803,48180,3,0,1.62,1.62,0.54,1000.0,0.54,1.0,normal,38.3021
34,803,48195,0,0,0.0,0.0,0.54,1000.0,0.54,1.0,normal,38.3021
34,803,48210,0,0,0.0,0.0,0.3392,1000.0,0.54,1.0,normal,38.3021
34,803,48225,4,0,2.16,2.16,0.54,1000.0,0.54,1.0,normal,40.4621
34,804,48240,0,0,0.0,0.0,0.6,1000.0,0.6,1.0,normal,40.4621
34,804,48255,3,0,1.8,1.8,0.6,1000.0,0.6,1.0,normal,42.2621
34,804,48270,0,0,0.0,0.0,0.6,1000.0,0.6,1.0,normal,42.2621
34,804,48285,2,0,1.2,1.2,0.6,1000.0,0.6,1.0,normal,43.4621
34,805,48300,3,1,1.86,1.86,0.62,1000.0,0.62,1.0,normal,45.3221
34,805,48315,2,0,1.24,1.24,0.62,1000.0,0.62,1.0,normal,46.5621
34,805,48330,1,0,0.62,0.62,0.62,1000.0,0.62,1.0,normal,47.1821
34,805,48345,0,0,0.0,0.0,0.62,1000.0,0.62,1.0,normal,47.1821
34,806,48360,2,0,1.28,1.28,0.64,1000.0,0.64,1.0,normal,48.4621
34,806,48375,1,0,0.5669,0.5669,0.5669,1000.0,0.64,1.0,normal,49.029
34,806,48390,2,0,0.3948,0.3948,0.1974,1000.0,0.64,1.0,normal,49.4238
34,806,48405,1,0,0.64,0.64,0.64,1000.0,0.64,1.0,normal,50.0638
34,807,48420,2,0,1.32,1.32,0.66,1000.0,0.66,1.0,normal,51.3838
34,807,48435,2,0,1.32,1.32,0.66,1000.0,0.66,1.0,normal,52.7038
34,807,48450,0,0,0.0,0.0,0.66,1000.0,0.66,1.0,normal,52.7038
34,807,48465,2,0,0.664,0.664,0.332,1000.0,0.66,1.0,normal,53.3678
34,808,48480,3,0,0.5143,0.5143,0.1714,1000.0,0.74,1.0,normal,53.8821
34,808,48495,2,0,1.48,1.48,0.74,1000.0,0.74,1.0,normal,55.3621
34,808,48510,1,0,0.238,0.238,0.238,1000.0,0.74,1.0,normal,55.6001
34,808,48525,4,0,2.1155,2.1155,0.5289,1000.0,0.74,1.0,normal,57.7156
34,809,48540,1,0,0.77,0.77,0.77,1000.0,0.77,1.0,normal,58.4856
34,809,48555,2,0,1.54,1.54,0.77,1000.0,0.77,1.0,normal,60.0256
34,809,48570,1,0,0.77,0.77,0.77,1000.0,0.77,1.0,normal,60.7956
34,809,48585,2,0,1.54,1.54,0.77,1000.0,0.77,1.0,normal,62.3356
34,810,48600,0,0,0.0,0.0,0.8,1000.0,0.8,1.0,normal,62.3356
34,810,48615,3,0,2.4,2.4,0.8,1000.0,0.8,1.0,normal,64.7356
34,810,48630,3,0,1.9963,1.9963,0.6654,1000.0,0.8,1.0,normal,66.7319
34,810,48645,1,0,0.6343,0.6343,0.6343,1000.0,0.8,1.0,normal,67.3662
34,811,48660,2,0,1.66,1.66,0.83,1000.0,0.83,1.0,normal,69.0262
34,811,48675,1,0,0.83,0.83,0.83,1000.0,0.83,1.0,normal,69.8562
34,811,48690,0,0,0.0,0.0,0.83,1000.0,0.83,1.0,normal,69.8562
34,811,48705,5,0,4.15,4.15,0.83,1000.0,0.83,1.0,normal,74.0062
34,812,48720,1,0,0.3121,0.3121,0.3121,1000.0,0.93,1.0,normal,74.3183
34,812,48735,2,0,1.86,1.86,0.93,1000.0,0.93,1.0,normal,76.1783
34,812,48750,2,0,1.86,1.86,0.93,1000.0,0.93,1.0,normal,78.0383
34,812,48765,1,0,0.93,0.93,0.93,1000.0,0.93,1.0,normal,78.9683
34,813,48780,2,1,0.4017,0.4017,0.2009,1000.0,0.96,1.0,normal,79.37
34,813,48795,3,0,2.88,2.88,0.96,1000.0,0.96,1.0,normal,82.25
34,813,48810,4,0,1.9068,1.9068,0.4767,1000.0,0.96,1.0,normal,84.1568
34,813,48825,3,1,2.88,2.88,0.96,1000.0,0.96,1.0,normal,87.0368
34,814,48840,0,0,0.0,0.0,0.99,1000.0,0.99,1.0,normal,87.0368
34,814,48855,2,0,1.98,1.98,0.99,1000.0,0.99,1.0,normal,89.0168
34,814,48870,4,0,2.0681,2.0681,0.517,1000.0,0.99,1.0,normal,91.0849
34,814,48885,2,0,1.98,1.98,0.99,1000.0,0.99,1.0,normal,93.0649
34,815,48900,7,0,2.4125,2.4125,0.3446,1000.0,1.02,1.0,normal,95.4774
34,815,48915,4,0,4.08,4.08,1.02,1000.0,1.02,1.0,normal,99.5574
34,815,48930,5,1,5.1,5.1,1.02,1000.0,1.02,1.0,normal,104.6574
34,815,48945,2,0,2.04,2.04,1.02,1000.0,1.02,1.0,normal,106.6974
35,816,48960,2,0,2.24,2.24,1.12,1000.0,1.12,1.0,normal,2.24
35,816,48975,0,0,0.0,0.0,1.12,1000.0,1.12,1.0,normal,2.24
35,816,48990,9,0,10.08,10.08,1.12,1000.0,1.12,1.0,normal,12.32
35,816,49005,4,0,3.1416,3.1416,0.7854,1000.0,1.12,1.0,normal,15.4616
35,817,49020,3,0,3.48,3.48,1.16,1000.0,1.16,1.0,normal,18.9416
35,817,49035,1,0,1.16,1.16,1.16,1000.0,1.16,1.0,normal,20.1016
35,817,49050,2,1,2.32,2.32,1.16,1000.0,1.16,1.0,normal,22.4216
35,817,49065,3,0,3.48,3.48,1.16,1000.0,1.16,1.0,normal,25.9016
35,818,49080,2,0,2.4,2.4,1.2,1000.0,1.2,1.0,normal,28.3016
35,818,49095,10,2,12.0,6.0,1.2,1000.0,1.2,1.0,normal,40.3016
35,818,49110,3,0,3.6,3.6,1.2,1000.0,1.2,1.0,normal,43.9016
35,818,49125,2,0,2.4,2.4,1.2,1000.0,1.2,1.0,normal,46.3016
35,819,49140,4,0,4.96,4.96,1.24,1000.0,1.24,1.0,normal,51.2616
35,819,49155,1,0,1.24,1.24,1.24,1000.0,1.24,1.0,normal,52.5016
35,819,49170,2,0,0.7167,0.7167,0.3584,1000.0,1.24,1.0,normal,53.2183
35,819,49185,0,0,0.0,0.0,1.24,1000.0,1.24,1.0,normal,53.2183
35,820,49200,4,0,5.56,5.56,1.39,1000.0,1.39,1.0,normal,58.7783
35,820,49215,4,0,5.56,5.56,1.39,1000.0,1.39,1.0,normal,64.3383
35,820,49230,1,0,1.39,1.39,1.39,1000.0,1.39,1.0,normal,65.7283
35,820,49245,1,0,1.39,1.39,1.39,1000.0,1.39,1.0,normal,67.1183
35,821,49260,4,0,5.76,5.76,1.44,1000.0,1.44,1.0,normal,72.8783
35,821,49275,1,0,1.44,1.44,1.44,1000.0,1.44,1.0,normal,74.3183
35,821,49290,2,0,1.7287,1.7287,0.8643,1000.0,1.44,1.0,normal,76.047
35,821,49305,4,0,3.3987,3.3987,0.8497,1000.0,1.44,1.0,normal,79.4457
35,822,49320,1,0,0.528,0.528,0.528,1000.0,1.49,1.0,normal,79.9737
35,822,49335,5,0,4.3811,4.3811,0.8762,1000.0,1.49,1.0,normal,84.3548
35,822,49350,2,0,0.6087,0.6087,0.3043,1000.0,1.49,1.0,normal,84.9635
35,822,49365,2,0,2.5206,2.5206,1.2603,1000.0,1.49,1.0,normal,87.4841
35,823,49380,3,0,4.62,4.62,1.54,1000.0,1.54,1.0,normal,92.1041
35,823,49395,2,1,0.8078,0.8078,0.4039,1000.0,1.54,1.0,normal,92.9119
35,823,49410,4,0,6.16,6.16,1.54,1000.0,1.54,1.0,normal,99.0719
35,823,49425,5,0,7.7,7.7,1.54,1000.0,1.54,1.0,normal,106.7719
35,824,49440,5,0,8.6,8.6,1.72,1000.0,1.72,1.0,normal,115.3719
35,824,49455,7,0,10.2196,10.2196,1.4599,1000.0,1.72,1.0,normal,125.5915
35,824,49470,1,0,1.2331,1.2331,1.2331,1000.0,1.72,1.0,normal,126.8246
35,824,49485,3,0,2.6942,2.6942,0.8981,1000.0,1.72,1.0,normal,129.5188
35,825,49500,5,0,8.9,8.9,1.78,1000.0,1.78,1.0,normal,138.4188
35,825,49515,4,0,7.12,7.12,1.78,1000.0,1.78,1.0,normal,145.5388
35,825,49530,5,0,8.9,8.9,1.78,1000.0,1.78,1.0,normal,154.4388
35,825,49545,5,0,1.2809,1.2809,0.2562,1000.0,1.78,1.0,normal,155.7197
35,826,49560,7,0,12.88,12.88,1.84,1000.0,1.84,1.0,normal,168.5997
35,826,49575,5,0,4.4492,4.4492,0.8898,1000.0,1.84,1.0,normal,173.0489
35,826,49590,7,0,12.88,12.88,1.84,1000.0,1.84,1.0,normal,185.9289
35,826,49605,2,0,3.68,3.68,1.84,1000.0,1.84,1.0,normal,189.6089
35,827,49620,7,0,13.3,13.3,1.9,1000.0,1.9,1.0,normal,202.9089
35,827,49635,1,0,1.9,1.9,1.9,1000.0,1.9,1.0,normal,204.8089
35,827,49650,3,0,2.3506,2.3506,0.7835,1000.0,1.9,1.0,normal,207.1595
35,827,49665,3,0,1.5215,1.5215,0.5072,1000.0,1.9,1.0,normal,208.681
35,828,49680,6,0,6.8949,6.8949,1.1492,1000.0,2.13,1.0,normal,215.5759
35,828,49695,6,0,11.6213,11.6213,1.9369,1000.0,2.13,1.0,normal,227.1972
35,828,49710,7,0,14.91,14.91,2.13,1000.0,2.13,1.0,normal,242.1072
35,828,49725,8,0,9.1427,9.1427,1.1428,1000.0,2.13,1.0,normal,251.2499
35,829,49740,8,0,17.6,17.6,2.2,1000.0,2.2,1.0,normal,268.8499
35,829,49755,4,0,6.1723,6.1723,1.5431,1000.0,2.2,1.0,normal,275.0222
35,829,49770,6,0,12.0922,12.0922,2.0154,1000.0,2.2,1.0,normal,287.1144
35,829,49785,2,0,2.2476,2.2476,1.1238,1000.0,2.2,1.0,normal,289.362
35,830,49800,7,1,2.758,2.758,0.394,1000.0,2.28,1.0,normal,292.12
35,830,49815,2,0,0.5014,0.5014,0.2507,1000.0,2.28,1.0,normal,292.6214
35,830,49830,4,0,0.8109,0.8109,0.2027,1000.0,2.28,1.0,normal,293.4323
35,830,49845,7,0,15.96,15.96,2.28,1000.0,2.28,1.0,normal,309.3923
35,831,49860,9,0,21.24,21.24,2.36,1000.0,2.36,1.0,normal,330.6323
35,831,49875,6,0,13.1964,13.1964,2.1994,1000.0,2.36,1.0,normal,343.8287
35,831,49890,8,0,1.6702,1.6702,0.2088,1000.0,2.36,1.0,normal,345.4989
35,831,49905,4,0,7.8441,7.8441,1.961,1000.0,2.36,1.0,normal,353.343
35,832,49920,4,0,10.3652,10.3652,2.5913,1000.0,2.6,1.0,normal,363.7082
35,832,49935,3,0,7.8,7.8,2.6,1000.0,2.6,1.0,normal,371.5082
35,832,49950,6,2,15.6,7.8,2.6,1000.0,2.6,1.0,normal,387.1082
35,832,49965,10,0,7.1202,7.1202,0.712,1000.0,2.6,1.0,normal,394.2284
35,833,49980,6,0,16.14,16.14,2.69,1000.0,2.69,1.0,normal,410.3684
35,833,49995,6,0,16.14,16.14,2.69,1000.0,2.69,1.0,normal,426.5084
35,833,50010,8,0,20.242,20.242,2.5302,1000.0,2.69,1.0,normal,446.7504
35,833,50025,5,0,13.45,13.45,2.69,1000.0,2.69,1.0,normal,460.2004
35,834,50040,8,1,13.7112,13.7112,1.7139,1000.0,2.78,1.0,normal,473.9116
35,834,50055,11,0,18.6151,18.6151,1.6923,1000.0,2.78,1.0,normal,492.5267
35,834,50070,4,0,11.12,11.12,2.78,1000.0,2.78,1.0,normal,503.6467
35,834,50085,9,1,25.02,25.02,2.78,1000.0,2.78,1.0,normal,528.6667
35,835,50100,10,0,17.5652,17.5652,1.7565,1000.0,2.88,1.0,normal,546.2319
35,835,50115,9,1,12.6987,12.6987,1.411,1000.0,2.88,1.0,normal,558.9306
35,835,50130,9,0,25.92,25.92,2.88,1000.0,2.88,1.0,normal,584.8506
35,835,50145,7,0,20.16,20.16,2.88,1000.0,2.88,1.0,normal,605.0106
35,836,50160,5,0,4.2497,4.2497,0.8499,1000.0,3.23,1.0,normal,609.2603
35,836,50175,10,0,28.6301,28.6301,2.863,1000.0,3.23,1.0,normal,637.8904
35,836,50190,6,0,14.9978,14.9978,2.4996,1000.0,3.23,1.0,normal,652.8882
35,836,50205,13,2,19.754,9.877,1.5195,1000.0,3.23,1.0,normal,672.6422
35,837,50220,9,1,9.1194,9.1194,1.0133,1000.0,3.34,1.0,normal,681.7616
35,837,50235,10,0,6.2705,6.2705,0.6271,1000.0,3.34,1.0,normal,688.0321
35,837,50250,13,0,43.42,43.42,3.34,1000.0,3.34,1.0,normal,731.4521
35,837,50265,11,0,36.74,36.74,3.34,1000.0,3.34,1.0,normal,768.1921
35,838,50280,14,0,20.856,20.856,1.4897,1000.0,3.46,1.0,normal,789.0481
35,838,50295,13,0,16.7733,16.7733,1.2903,1000.0,3.46,1.0,normal,805.8214
35,838,50310,10,0,34.6,34.6,3.46,1000.0,3.46,1.0,normal,840.4214
35,838,50325,7,0,16.2945,16.2945,2.3278,1000.0,3.46,1.0,normal,856.7159
35,839,50340,4,0,8.3862,8.3862,2.0965,1000.0,3.46,1.0,normal,865.1021
35,839,50355,2,0,6.92,6.92,3.46,1000.0,3.46,1.0,normal,872.0221
35,839,50370,8,0,2.27,2.27,0.2838,1000.0,3.46,1.0,normal,874.2921
35,839,50385,2,0,1.3316,1.3316,0.6658,1000.0,3.46,1.0,normal,875.6237
36,840,50400,8,0,23.8006,23.8006,2.9751,1000.0,3.88,1.0,normal,23.8006
36,840,50415,10,0,38.8,38.8,3.88,1000.0,3.88,1.0,normal,62.6006
36,840,50430,8,0,31.04,31.04,3.88,1000.0,3.88,1.0,normal,93.6406
36,840,50445,9,0,34.92,34.92,3.88,1000.0,3.88,1.0,normal,128.5606
36,841,50460,15,0,58.2,58.2,3.88,1000.0,3.88,1.0,normal,186.7606
36,841,50475,4,0,15.52,15.52,3.88,1000.0,3.88,1.0,normal,202.2806
36,841,50490,9,1,14.472,14.472,1.608,1000.0,3.88,1.0,normal,216.7526
36,841,50505,15,1,25.6229,25.6229,1.7082,1000.0,3.88,1.0,normal,242.3755
36,842,50520,9,0,33.4856,33.4856,3.7206,1000.0,3.88,1.0,normal,275.8611
36,842,50535,4,0,15.52,15.52,3.88,1000.0,3.88,1.0,normal,291.3811
36,842,50550,14,1,44.3926,44.3926,3.1709,1000.0,3.88,1.0,normal,335.7737
36,842,50565,12,1,8.8547,8.8547,0.7379,1000.0,3.88,1.0,normal,344.6284
36,843,50580,5,0,18.779,18.779,3.7558,1000.0,3.88,1.0,normal,363.4074
36,843,50595,15,1,58.2,58.2,3.88,1000.0,3.88,1.0,normal,421.6074
36,843,50610,9,0,32.605,32.605,3.6228,1000.0,3.88,1.0,normal,454.2124
36,843,50625,7,1,0.4365,0.4365,0.0624,1000.0,3.88,1.0,normal,454.6489
36,844,50640,6,0,16.8882,16.8882,2.8147,1000.0,3.49,1.0,normal,471.5371
36,844,50655,10,1,21.3466,21.3466,2.1347,1000.0,3.49,1.0,normal,492.8837
36,844,50670,11,1,22.9014,22.9014,2.0819,1000.0,3.49,1.0,normal,515.7851
36,844,50685,4,0,1.8712,1.8712,0.4678,1000.0,3.49,1.0,normal,517.6563
36,845,50700,13,0,28.5915,28.5915,2.1993,1000.0,3.49,1.0,normal,546.2478
36,845,50715,10,1,4.4735,4.4735,0.4473,1000.0,3.49,1.0,normal,550.7213
36,845,50730,10,0,9.1642,9.1642,0.9164,1000.0,3.49,1.0,normal,559.8855
36,845,50745,8,0,27.92,27.92,3.49,1000.0,3.49,1.0,normal,587.8055
36,846,50760,8,0,18.4015,18.4015,2.3002,1000.0,3.49,1.0,normal,606.207
36,846,50775,7,0,18.9813,18.9813,2.7116,1000.0,3.49,1.0,normal,625.1883
36,846,50790,8,0,19.9458,19.9458,2.4932,1000.0,3.49,1.0,normal,645.1341
36,846,50805,8,1,23.2933,23.2933,2.9117,1000.0,3.49,1.0,normal,668.4274
36,847,50820,7,1,17.8361,17.8361,2.548,1000.0,3.49,1.0,normal,686.2635
36,847,50835,10,0,30.3083,30.3083,3.0308,1000.0,3.49,1.0,normal,716.5718
36,847,50850,8,0,0.091,0.091,0.0114,1000.0,3.49,1.0,normal,716.6628
36,847,50865,2,0,0.2623,0.2623,0.1311,1000.0,3.49,1.0,normal,716.9251
36,848,50880,0,0,0.0,0.0,0.01,1000.0,0.01,1.0,normal,716.9251
36,848,50895,0,0,0.0,0.0,0.01,1000.0,0.01,1.0,normal,716.9251
36,848,50910,0,0,0.0,0.0,0.01,1000.0,0.01,1.0,normal,716.9251
36,848,50925,0,0,0.0,0.0,0.01,1000.0,0.01,1.0,normal,716.9251
36,849,50940,0,0,0.0,0.0,0.01,1000.0,0.01,1.0,normal,716.9251
36,849,50955,0,0,0.0,0.0,0.01,1000.0,0.01,1.0,normal,716.9251
36,849,50970,0,0,0.0,0.0,0.01,1000.0,0.01,1.0,normal,716.9251
36,849,50985,0,0,0.0,0.0,0.01,1000.0,0.01,1.0,normal,716.9251
36,850,51000,0,0,0.0,0.0,0.01,1000.0,0.01,1.0,normal,716.9251
36,850,51015,0,0,0.0,0.0,0.01,1000.0,0.01,1.0,normal,716.9251
36,850,51030,0,0,0.0,0.0,0.01,1000.0,0.01,1.0,normal,716.9251
36,850,51045,0,0,0.0,0.0,0.01,1000.0,0.01,1.0,normal,716.9251
36,851,51060,0,0,0.0,0.0,0.01,1000.0,0.01,1.0,normal,716.9251
36,851,51075,0,0,0.0,0.0,0.01,1000.0,0.01,1.0,normal,716.9251
36,851,51090,0,0,0.0,0.0,0.01,1000.0,0.01,1.0,normal,716.9251
36,851,51105,0,0,0.0,0.0,0.01,1000.0,0.01,1.0,normal,716.9251
36,852,51120,4,0,6.1071,6.1071,1.5268,1000.0,4.2,1.0,normal,723.0322
36,852,51135,9,0,30.7378,30.7378,3.4153,1000.0,4.2,1.0,normal,753.77
36,852,51150,12,0,31.2793,31.2793,2.6066,1000.0,4.2,1.0,normal,785.0493
36,852,51165,8,1,26.8766,26.8766,3.3596,1000.0,4.2,1.0,normal,811.9259
36,853,51180,12,0,47.88,47.88,3.99,1000.0,3.99,1.0,normal,859.8059
36,853,51195,11,0,26.5196,26.5196,2.4109,1000.0,3.99,1.0,normal,886.3255
36,853,51210,9,0,7.4903,7.4903,0.8323,1000.0,3.99,1.0,normal,893.8158
36,853,51225,8,0,4.897,4.897,0.6121,1000.0,3.99,1.0,normal,898.7128
36,854,51240,7,0,21.3024,21.3024,3.0432,1000.0,3.99,1.0,budget_constrained,920.0152
36,854,51255,12,2,13.891,6.9455,1.1576,1000.0,3.99,1.0,budget_constrained,933.9062
36,854,51270,7,0,27.93,27.93,3.99,1000.0,3.99,1.0,budget_constrained,961.8362
36,854,51285,9,1,38.1638,38.1638,3.9125,1000.0,3.99,1.0,budget_depleted,1000.0
36,855,51300,0,0,0.0,0.0,0.0,1000.0,3.99,1.0,budget_depleted,1000.0
36,855,51315,0,0,0.0,0.0,0.0,1000.0,3.99,1.0,budget_depleted,1000.0
36,855,51330,0,0,0.0,0.0,0.0,1000.0,3.99,1.0,budget_depleted,1000.0
36,855,51345,0,0,0.0,0.0,0.0,1000.0,3.99,1.0,budget_depleted,1000.0
36,856,51360,0,0,0.0,0.0,0.0,1000.0,1.26,1.0,budget_depleted,1000.0
36,856,51375,0,0,0.0,0.0,0.0,1000.0,1.26,1.0,budget_depleted,1000.0
36,856,51390,0,0,0.0,0.0,0.0,1000.0,1.26,1.0,budget_depleted,1000.0
36,856,51405,0,0,0.0,0.0,0.0,1000.0,1.26,1.0,budget_depleted,1000.0
36,857,51420,0,0,0.0,0.0,0.0,1000.0,1.26,1.0,budget_depleted,1000.0
36,857,51435,0,0,0.0,0.0,0.0,1000.0,1.26,1.0,budget_depleted,1000.0
36,857,51450,0,0,0.0,0.0,0.0,1000.0,1.26,1.0,budget_depleted,1000.0
36,857,51465,0,0,0.0,0.0,0.0,1000.0,1.26,1.0,budget_depleted,1000.0
36,858,51480,0,0,0.0,0.0,0.0,1000.0,1.26,1.0,budget_depleted,1000.0
36,858,51495,0,0,0.0,0.0,0.0,1000.0,1.26,1.0,budget_depleted,1000.0
36,858,51510,0,0,0.0,0.0,0.0,1000.0,1.26,1.0,budget_depleted,1000.0
36,858,51525,0,0,0.0,0.0,0.0,1000.0,1.26,1.0,budget_depleted,1000.0
36,859,51540,0,0,0.0,0.0,0.0,1000.0,1.26,1.0,budget_depleted,1000.0
36,859,51555,0,0,0.0,0.0,0.0,1000.0,1.26,1.0,budget_depleted,1000.0
36,859,51570,0,0,0.0,0.0,0.0,1000.0,1.26,1.0,budget_depleted,1000.0
36,859,51585,0,0,0.0,0.0,0.0,1000.0,1.26,1.0,budget_depleted,1000.0
36,860,51600,0,0,0.0,0.0,0.0,1000.0,0.8,1.0,budget_depleted,1000.0
36,860,51615,0,0,0.0,0.0,0.0,1000.0,0.8,1.0,budget_depleted,1000.0
36,860,51630,0,0,0.0,0.0,0.0,1000.0,0.8,1.0,budget_depleted,1000.0
36,860,51645,0,0,0.0,0.0,0.0,1000.0,0.8,1.0,budget_depleted,1000.0
36,861,51660,0,0,0.0,0.0,0.0,1000.0,0.8,1.0,budget_depleted,1000.0
36,861,51675,0,0,0.0,0.0,0.0,1000.0,0.8,1.0,budget_depleted,1000.0
36,861,51690,0,0,0.0,0.0,0.0,1000.0,0.8,1.0,budget_depleted,1000.0
36,861,51705,0,0,0.0,0.0,0.0,1000.0,0.8,1.0,budget_depleted,1000.0
36,862,51720,0,0,0.0,0.0,0.0,1000.0,0.8,1.0,budget_depleted,1000.0
36,862,51735,0,0,0.0,0.0,0.0,1000.0,0.8,1.0,budget_depleted,1000.0
36,862,51750,0,0,0.0,0.0,0.0,1000.0,0.8,1.0,budget_depleted,1000.0
36,862,51765,0,0,0.0,0.0,0.0,1000.0,0.8,1.0,budget_depleted,1000.0
36,863,51780,0,0,0.0,0.0,0.0,1000.0,0.8,1.0,budget_depleted,1000.0
36,863,51795,0,0,0.0,0.0,0.0,1000.0,0.8,1.0,budget_depleted,1000.0
36,863,51810,0,0,0.0,0.0,0.0,1000.0,0.8,1.0,budget_depleted,1000.0
36,863,51825,0,0,0.0,0.0,0.0,1000.0,0.8,1.0,budget_depleted,1000.0
37,864,51840,0,0,0.0,0.0,0.0,1000.0,0.8,1.0,normal,0.0
37,864,51855,5,0,4.0,4.0,0.8,1000.0,0.8,1.0,normal,4.0
37,864,51870,2,0,1.6,1.6,0.8,1000.0,0.8,1.0,normal,5.6
37,864,51885,5,0,4.0,4.0,0.8,1000.0,0.8,1.0,normal,9.6
37,865,51900,1,0,0.83,0.83,0.83,1000.0,0.83,1.0,normal,10.43
37,865,51915,2,0,1.66,1.66,0.83,1000.0,0.83,1.0,normal,12.09
37,865,51930,1,0,0.83,0.83,0.83,1000.0,0.83,1.0,normal,12.92
37,865,51945,1,0,0.83,0.83,0.83,1000.0,0.83,1.0,normal,13.75
37,866,51960,1,0,0.86,0.86,0.86,1000.0,0.86,1.0,normal,14.61
37,866,51975,1,0,0.86,0.86,0.86,1000.0,0.86,1.0,normal,15.47
37,866,51990,3,0,1.3409,1.3409,0.447,1000.0,0.86,1.0,normal,16.8109
37,866,52005,2,0,1.72,1.72,0.86,1000.0,0.86,1.0,normal,18.5309
37,867,52020,1,0,0.89,0.89,0.89,1000.0,0.89,1.0,normal,19.4209
37,867,52035,2,0,1.78,1.78,0.89,1000.0,0.89,1.0,normal,21.2009
37,867,52050,4,0,0.1966,0.1966,0.0491,1000.0,0.89,1.0,normal,21.3975
37,867,52065,2,0,1.78,1.78,0.89,1000.0,0.89,1.0,normal,23.1775
37,868,52080,6,0,1.6922,1.6922,0.282,1000.0,1.0,1.0,normal,24.8697
37,868,52095,3,0,0.4764,0.4764,0.1588,1000.0,1.0,1.0,normal,25.3461
37,868,52110,1,0,0.0816,0.0816,0.0816,1000.0,1.0,1.0,normal,25.4277
37,868,52125,1,0,0.5452,0.5452,0.5452,1000.0,1.0,1.0,normal,25.9729
37,869,52140,1,0,0.9541,0.9541,0.9541,1000.0,1.03,1.0,normal,26.927
37,869,52155,3,0,2.2199,2.2199,0.74,1000.0,1.03,1.0,normal,29.1469
37,869,52170,4,0,0.6036,0.6036,0.1509,1000.0,1.03,1.0,normal,29.7505
37,869,52185,3,0,2.8691,2.8691,0.9564,1000.0,1.03,1.0,normal,32.6196
37,870,52200,0,0,0.0,0.0,0.8557,1000.0,1.07,1.0,normal,32.6196
37,870,52215,1,0,1.07,1.07,1.07,1000.0,1.07,1.0,normal,33.6896
37,870,52230,3,0,2.1565,2.1565,0.7188,1000.0,1.07,1.0,normal,35.8461
37,870,52245,0,0,0.0,0.0,0.3822,1000.0,1.07,1.0,normal,35.8461
37,871,52260,2,0,2.22,2.22,1.11,1000.0,1.11,1.0,normal,38.0661
37,871,52275,1,0,1.11,1.11,1.11,1000.0,1.11,1.0,normal,39.1761
37,871,52290,1,0,1.11,1.11,1.11,1000.0,1.11,1.0,normal,40.2861
37,871,52305,1,0,0.5222,0.5222,0.5222,1000.0,1.11,1.0,normal,40.8083
37,872,52320,2,0,2.3726,2.3726,1.1863,1000.0,1.24,1.0,normal,43.1809
37,872,52335,5,0,5.0088,5.0088,1.0018,1000.0,1.24,1.0,normal,48.1897
37,872,52350,2,0,2.48,2.48,1.24,1000.0,1.24,1.0,normal,50.6697
37,872,52365,7,0,8.68,8.68,1.24,1000.0,1.24,1.0,normal,59.3497
37,873,52380,1,0,0.1217,0.1217,0.1217,1000.0,1.24,1.0,normal,59.4714
37,873,52395,3,0,1.6884,1.6884,0.5628,1000.0,1.24,1.0,normal,61.1598
37,873,52410,4,0,4.96,4.96,1.24,1000.0,1.24,1.0,normal,66.1198
37,873,52425,3,0,3.72,3.72,1.24,1000.0,1.24,1.0,normal,69.8398
37,874,52440,5,0,6.2,6.2,1.24,1000.0,1.24,1.0,normal,76.0398
37,874,52455,5,0,6.2,6.2,1.24,1000.0,1.24,1.0,normal,82.2398
37,874,52470,5,0,6.2,6.2,1.24,1000.0,1.24,1.0,normal,88.4398
37,874,52485,5,0,6.2,6.2,1.24,1000.0,1.24,1.0,normal,94.6398
37,875,52500,6,0,7.44,7.44,1.24,1000.0,1.24,1.0,normal,102.0798
37,875,52515,2,0,2.48,2.48,1.24,1000.0,1.24,1.0,normal,104.5598
37,875,52530,8,1,9.92,9.92,1.24,1000.0,1.24,1.0,normal,114.4798
37,875,52545,3,0,1.0182,1.0182,0.3394,1000.0,1.24,1.0,normal,115.498
37,876,52560,2,0,2.78,2.78,1.39,1000.0,1.39,1.0,normal,118.278
37,876,52575,2,0,2.5577,2.5577,1.2789,1000.0,1.39,1.0,normal,120.8357
37,876,52590,4,0,5.56,5.56,1.39,1000.0,1.39,1.0,normal,126.3957
37,876,52605,8,0,11.12,11.12,1.39,1000.0,1.39,1.0,normal,137.5157
37,877,52620,5,0,6.5622,6.5622,1.3124,1000.0,1.39,1.0,normal,144.0779
37,877,52635,3,0,0.3618,0.3618,0.1206,1000.0,1.39,1.0,normal,144.4397
37,877,52650,3,0,2.4261,2.4261,0.8087,1000.0,1.39,1.0,normal,146.8658
37,877,52665,3,0,4.17,4.17,1.39,1000.0,1.39,1.0,normal,151.0358
37,878,52680,3,1,4.17,4.17,1.39,1000.0,1.39,1.0,normal,155.2058
37,878,52695,1,0,1.39,1.39,1.39,1000.0,1.39,1.0,normal,156.5958
37,878,52710,2,0,2.78,2.78,1.39,1000.0,1.39,1.0,normal,159.3758
37,878,52725,4,0,0.4933,0.4933,0.1233,1000.0,1.39,1.0,normal,159.8691
37,879,52740,2,0,1.0182,1.0182,0.5091,1000.0,1.44,1.0,normal,160.8873
37,879,52755,3,0,2.7163,2.7163,0.9054,1000.0,1.44,1.0,normal,163.6036
37,879,52770,4,0,1.0035,1.0035,0.2509,1000.0,1.44,1.0,normal,164.6071
37,879,52785,6,0,8.64,8.64,1.44,1000.0,1.44,1.0,normal,173.2471
37,880,52800,0,0,0.0,0.0,0.01,1000.0,0.01,1.0,normal,173.2471
37,880,52815,0,0,0.0,0.0,0.01,1000.0,0.01,1.0,normal,173.2471
37,880,52830,0,0,0.0,0.0,0.01,1000.0,0.01,1.0,normal,173.2471
37,880,52845,0,0,0.0,0.0,0.01,1000.0,0.01,1.0,normal,173.2471
37,881,52860,0,0,0.0,0.0,0.01,1000.0,0.01,1.0,normal,173.2471
37,881,52875,0,0,0.0,0.0,0.01,1000.0,0.01,1.0,normal,173.2471
37,881,52890,0,0,0.0,0.0,0.01,1000.0,0.01,1.0,normal,173.2471
37,881,52905,0,0,0.0,0.0,0.01,1000.0,0.01,1.0,normal,173.2471
37,882,52920,0,0,0.0,0.0,0.01,1000.0,0.01,1.0,normal,173.2471
37,882,52935,0,0,0.0,0.0,0.01,1000.0,0.01,1.0,normal,173.2471
37,882,52950,0,0,0.0,0.0,0.01,1000.0,0.01,1.0,normal,173.2471
37,882,52965,0,0,0.0,0.0,0.01,1000.0,0.01,1.0,normal,173.2471
37,883,52980,0,0,0.0,0.0,0.01,1000.0,0.01,1.0,normal,173.2471
37,883,52995,0,0,0.0,0.0,0.01,1000.0,0.01,1.0,normal,173.2471
37,883,53010,0,0,0.0,0.0,0.01,1000.0,0.01,1.0,normal,173.2471
37,883,53025,0,0,0.0,0.0,0.01,1000.0,0.01,1.0,normal,173.2471
37,884,53040,5,0,0.9504,0.9504,0.1901,1000.0,4.2,1.0,normal,174.1975
37,884,53055,16,0,22.9256,22.9256,1.4328,1000.0,4.2,1.0,normal,197.1231
37,884,53070,10,0,28.0529,28.0529,2.8053,1000.0,4.2,1.0,normal,225.176
37,884,53085,10,0,33.2838,33.2838,3.3284,1000.0,4.2,1.0,normal,258.4598
37,885,53100,9,0,35.91,35.91,3.99,1000.0,3.99,1.0,normal,294.3698
37,885,53115,13,0,51.87,51.87,3.99,1000.0,3.99,1.0,normal,346.2398
37,885,53130,7,1,27.93,27.93,3.99,1000.0,3.99,1.0,normal,374.1698
37,885,53145,6,0,5.8632,5.8632,0.9772,1000.0,3.99,1.0,normal,380.033
37,886,53160,5,0,18.95,18.95,3.79,1000.0,3.79,1.0,normal,398.983
37,886,53175,12,1,37.0438,37.0438,3.087,1000.0,3.79,1.0,normal,436.0268
37,886,53190,13,2,49.27,24.635,3.79,1000.0,3.79,1.0,normal,485.2968
37,886,53205,10,0,18.655,18.655,1.8655,1000.0,3.79,1.0,normal,503.9518
37,887,53220,9,0,20.3687,20.3687,2.2632,1000.0,3.92,1.0,normal,524.3205
37,887,53235,7,0,14.8706,14.8706,2.1244,1000.0,3.92,1.0,normal,539.1911
37,887,53250,13,0,41.152,41.152,3.1655,1000.0,3.92,1.0,normal,580.3431
37,887,53265,9,0,19.1569,19.1569,2.1285,1000.0,3.92,1.0,normal,599.5
