current_day,current_hour,current_minute,clicks,leads,spend,cpa,realized_cpc,daily_budget,max_bid,volatility,budget_status,current_day_spend
8,168,10080,0,0,0.0,0.0,0.5,700.0,0.5,1.0,normal,0.0
8,168,10095,0,0,0.0,0.0,0.5,700.0,0.5,1.0,normal,0.0
8,168,10110,1,0,0.5,0.5,0.5,700.0,0.5,1.0,normal,0.5
8,168,10125,1,1,0.5,0.5,0.5,700.0,0.5,1.0,normal,1.0
8,169,10140,1,0,0.5,0.5,0.5,700.0,0.5,1.0,normal,1.5
8,169,10155,2,0,1.0,1.0,0.5,700.0,0.5,1.0,normal,2.5
8,169,10170,2,0,1.0,1.0,0.5,700.0,0.5,1.0,normal,3.5
8,169,10185,1,0,0.5,0.5,0.5,700.0,0.5,1.0,normal,4.0
8,170,10200,0,0,0.0,0.0,0.5,700.0,0.5,1.0,normal,4.0
8,170,10215,4,1,2.0,2.0,0.5,700.0,0.5,1.0,normal,6.0
8,170,10230,1,0,0.5,0.5,0.5,700.0,0.5,1.0,normal,6.5
8,170,10245,2,0,1.0,1.0,0.5,700.0,0.5,1.0,normal,7.5
8,171,10260,2,0,1.21,1.21,0.605,700.0,0.6050000000000001,1.0,normal,8.71
8,171,10275,3,0,1.815,1.815,0.605,700.0,0.6050000000000001,1.0,normal,10.525
8,171,10290,3,0,1.815,1.815,0.605,700.0,0.6050000000000001,1.0,normal,12.34
8,171,10305,0,0,0.0,0.0,0.605,700.0,0.6050000000000001,1.0,normal,12.34
8,172,10320,1,0,0.7321,0.7321,0.7321,700.0,0.7320500000000003,1.0,normal,13.0721
8,172,10335,2,0,1.4641,1.4641,0.7321,700.0,0.7320500000000003,1.0,normal,14.5362
8,172,10350,0,0,0.0,0.0,0.7321,700.0,0.7320500000000003,1.0,normal,14.5362
8,172,10365,1,0,0.7321,0.7321,0.7321,700.0,0.7320500000000003,1.0,normal,15.2683
8,173,10380,3,0,2.6573,2.6573,0.8858,700.0,0.8857805000000005,1.0,normal,17.9256
8,173,10395,3,0,2.6573,2.6573,0.8858,700.0,0.8857805000000005,1.0,normal,20.5829
8,173,10410,6,0,5.3147,5.3147,0.8858,700.0,0.8857805000000005,1.0,normal,25.8976
8,173,10425,3,0,2.6573,2.6573,0.8858,700.0,0.8857805000000005,1.0,normal,28.5549
8,174,10440,2,0,2.1436,2.1436,1.0718,700.0,1.0717944050000008,1.0,normal,30.6985
8,174,10455,5,0,5.359,5.359,1.0718,700.0,1.0717944050000008,1.0,normal,36.0575
8,174,10470,3,0,3.2154,3.2154,1.0718,700.0,1.0717944050000008,1.0,normal,39.2729
8,174,10485,2,0,2.1436,2.1436,1.0718,700.0,1.0717944050000008,1.0,normal,41.4165
8,175,10500,1,0,1.2969,1.2969,1.2969,700.0,1.2968712300500012,1.0,normal,42.7134
8,175,10515,3,0,3.8906,3.8906,1.2969,700.0,1.2968712300500012,1.0,normal,46.604
8,175,10530,6,0,7.7812,7.7812,1.2969,700.0,1.2968712300500012,1.0,normal,54.3852
8,175,10545,2,0,2.5937,2.5937,1.2969,700.0,1.2968712300500012,1.0,normal,56.9789
8,176,10560,6,0,9.4153,9.4153,1.5692,700.0,1.5692141883605017,1.0,normal,66.3942
8,176,10575,5,0,7.8461,7.8461,1.5692,700.0,1.5692141883605017,1.0,normal,74.2403
8,176,10590,4,0,4.0737,4.0737,1.0184,700.0,1.5692141883605017,1.0,normal,78.314
8,176,10605,3,0,4.7076,4.7076,1.5692,700.0,1.5692141883605017,1.0,normal,83.0216
8,177,10620,3,0,5.6962,5.6962,1.8987,700.0,1.8987491679162074,1.0,normal,88.7178
8,177,10635,3,0,5.6962,5.6962,1.8987,700.0,1.8987491679162074,1.0,normal,94.414
8,177,10650,3,0,5.6962,5.6962,1.8987,700.0,1.8987491679162074,1.0,normal,100.1102
8,177,10665,6,0,9.9123,9.9123,1.6521,700.0,1.8987491679162074,1.0,normal,110.0225
8,178,10680,7,0,7.5396,7.5396,1.0771,700.0,2.297486493178611,1.0,normal,117.5621
8,178,10695,5,1,11.4874,11.4874,2.2975,700.0,2.297486493178611,1.0,normal,129.0495
8,178,10710,4,0,9.1899,9.1899,2.2975,700.0,2.297486493178611,1.0,normal,138.2394
8,178,10725,3,0,3.8558,3.8558,1.2853,700.0,2.297486493178611,1.0,normal,142.0952
8,179,10740,6,0,16.6798,16.6798,2.78,700.0,2.7799586567461194,1.0,normal,158.775
8,179,10755,6,0,16.6798,16.6798,2.78,700.0,2.7799586567461194,1.0,normal,175.4548
8,179,10770,3,0,8.3399,8.3399,2.78,700.0,2.7799586567461194,1.0,normal,183.7947
8,179,10785,5,0,13.8998,13.8998,2.78,700.0,2.7799586567461194,1.0,normal,197.6945
8,180,10800,18,1,82.872,82.872,4.604,700.0,5.0,1.0,normal,280.5665
8,180,10815,8,0,9.7428,9.7428,1.2178,700.0,5.0,1.0,normal,290.3093
8,180,10830,11,0,41.0304,41.0304,3.73,700.0,5.0,1.0,normal,331.3397
8,180,10845,18,0,47.9487,47.9487,2.6638,700.0,5.0,1.0,normal,379.2884
8,181,10860,9,0,18.3841,18.3841,2.0427,700.0,4.675,1.0,normal,397.6725
8,181,10875,11,1,51.425,51.425,4.675,700.0,4.675,1.0,normal,449.0975
8,181,10890,10,0,46.75,46.75,4.675,700.0,4.675,1.0,normal,495.8475
8,181,10905,14,0,65.45,65.45,4.675,700.0,4.675,1.0,normal,561.2975
8,182,10920,6,0,12.1646,12.1646,2.0274,700.0,3.856875,1.0,normal,573.4621
8,182,10935,8,0,30.855,30.855,3.8569,700.0,3.856875,1.0,normal,604.3171
8,182,10950,16,0,18.6715,18.6715,1.167,700.0,3.856875,1.0,normal,622.9886
8,182,10965,11,0,14.0256,14.0256,1.2751,700.0,3.856875,1.0,budget_constrained,637.0142
8,183,10980,6,0,11.7009,11.7009,1.9501,700.0,2.89265625,1.0,budget_constrained,648.7151
8,183,10995,10,0,25.1136,25.1136,2.5114,700.0,2.89265625,1.0,budget_constrained,673.8287
8,183,11010,10,0,26.1713,26.1713,2.6097,700.0,2.89265625,1.0,budget_depleted,700.0
8,183,11025,0,0,0.0,0.0,0.0,700.0,2.89265625,1.0,budget_depleted,700.0
8,184,11040,0,0,0.0,0.0,0.0,700.0,2.1694921875,1.0,budget_depleted,700.0
8,184,11055,0,0,0.0,0.0,0.0,700.0,2.1694921875,1.0,budget_depleted,700.0
8,184,11070,0,0,0.0,0.0,0.0,700.0,2.1694921875,1.0,budget_depleted,700.0
8,184,11085,0,0,0.0,0.0,0.0,700.0,2.1694921875,1.0,budget_depleted,700.0
8,185,11100,0,0,0.0,0.0,0.0,700.0,1.627119140625,1.0,budget_depleted,700.0
8,185,11115,0,0,0.0,0.0,0.0,700.0,1.627119140625,1.0,budget_depleted,700.0
8,185,11130,0,0,0.0,0.0,0.0,700.0,1.627119140625,1.0,budget_depleted,700.0
8,185,11145,0,0,0.0,0.0,0.0,700.0,1.627119140625,1.0,budget_depleted,700.0
8,186,11160,0,0,0.0,0.0,0.0,700.0,1.22033935546875,1.0,budget_depleted,700.0
8,186,11175,0,0,0.0,0.0,0.0,700.0,1.22033935546875,1.0,budget_depleted,700.0
8,186,11190,0,0,0.0,0.0,0.0,700.0,1.22033935546875,1.0,budget_depleted,700.0
8,186,11205,0,0,0.0,0.0,0.0,700.0,1.22033935546875,1.0,budget_depleted,700.0
8,187,11220,0,0,0.0,0.0,0.0,700.0,0.9152545166015625,1.0,budget_depleted,700.0
8,187,11235,0,0,0.0,0.0,0.0,700.0,0.9152545166015625,1.0,budget_depleted,700.0
8,187,11250,0,0,0.0,0.0,0.0,700.0,0.9152545166015625,1.0,budget_depleted,700.0
8,187,11265,0,0,0.0,0.0,0.0,700.0,0.9152545166015625,1.0,budget_depleted,700.0
8,188,11280,0,0,0.0,0.0,0.0,700.0,0.6864408874511719,1.0,budget_depleted,700.0
8,188,11295,0,0,0.0,0.0,0.0,700.0,0.6864408874511719,1.0,budget_depleted,700.0
8,188,11310,0,0,0.0,0.0,0.0,700.0,0.6864408874511719,1.0,budget_depleted,700.0
8,188,11325,0,0,0.0,0.0,0.0,700.0,0.6864408874511719,1.0,budget_depleted,700.0
8,189,11340,0,0,0.0,0.0,0.0,700.0,0.514830665588379,1.0,budget_depleted,700.0
8,189,11355,0,0,0.0,0.0,0.0,700.0,0.514830665588379,1.0,budget_depleted,700.0
8,189,11370,0,0,0.0,0.0,0.0,700.0,0.514830665588379,1.0,budget_depleted,700.0
8,189,11385,0,0,0.0,0.0,0.0,700.0,0.514830665588379,1.0,budget_depleted,700.0
8,190,11400,0,0,0.0,0.0,0.0,700.0,0.5,1.0,budget_depleted,700.0
8,190,11415,0,0,0.0,0.0,0.0,700.0,0.5,1.0,budget_depleted,700.0
8,190,11430,0,0,0.0,0.0,0.0,700.0,0.5,1.0,budget_depleted,700.0
8,190,11445,0,0,0.0,0.0,0.0,700.0,0.5,1.0,budget_depleted,700.0
8,191,11460,0,0,0.0,0.0,0.0,700.0,0.5,1.0,budget_depleted,700.0
8,191,11475,0,0,0.0,0.0,0.0,700.0,0.5,1.0,budget_depleted,700.0
8,191,11490,0,0,0.0,0.0,0.0,700.0,0.5,1.0,budget_depleted,700.0
8,191,11505,0,0,0.0,0.0,0.0,700.0,0.5,1.0,budget_depleted,700.0
9,192,11520,0,0,0.0,0.0,0.0,700.0,0.5,1.0,normal,0.0
9,192,11535,0,0,0.0,0.0,0.5,700.0,0.5,1.0,normal,0.0
9,192,11550,0,0,0.0,0.0,0.5,700.0,0.5,1.0,normal,0.0
9,192,11565,0,0,0.0,0.0,0.5,700.0,0.5,1.0,normal,0.0
9,193,11580,1,0,0.5,0.5,0.5,700.0,0.5,1.0,normal,0.5
9,193,11595,3,0,1.5,1.5,0.5,700.0,0.5,1.0,normal,2.0
9,193,11610,2,0,1.0,1.0,0.5,700.0,0.5,1.0,normal,3.0
9,193,11625,2,0,1.0,1.0,0.5,700.0,0.5,1.0,normal,4.0
9,194,11640,2,0,1.0,1.0,0.5,700.0,0.5,1.0,normal,5.0
9,194,11655,1,0,0.5,0.5,0.5,700.0,0.5,1.0,normal,5.5
9,194,11670,1,1,0.5,0.5,0.5,700.0,0.5,1.0,normal,6.0
9,194,11685,1,0,0.5,0.5,0.5,700.0,0.5,1.0,normal,6.5
9,195,11700,0,0,0.0,0.0,0.5,700.0,0.5,1.0,normal,6.5
9,195,11715,0,0,0.0,0.0,0.5,700.0,0.5,1.0,normal,6.5
9,195,11730,0,0,0.0,0.0,0.5,700.0,0.5,1.0,normal,6.5
9,195,11745,1,0,0.5,0.5,0.5,700.0,0.5,1.0,normal,7.0
9,196,11760,4,0,2.0,2.0,0.5,700.0,0.5,1.0,normal,9.0
9,196,11775,1,0,0.5,0.5,0.5,700.0,0.5,1.0,normal,9.5
9,196,11790,3,0,1.5,1.5,0.5,700.0,0.5,1.0,normal,11.0
9,196,11805,0,0,0.0,0.0,0.5,700.0,0.5,1.0,normal,11.0
9,197,11820,1,0,0.5,0.5,0.5,700.0,0.5,1.0,normal,11.5
9,197,11835,2,0,1.0,1.0,0.5,700.0,0.5,1.0,normal,12.5
9,197,11850,1,0,0.5,0.5,0.5,700.0,0.5,1.0,normal,13.0
9,197,11865,1,0,0.5,0.5,0.5,700.0,0.5,1.0,normal,13.5
9,198,11880,2,0,1.0,1.0,0.5,700.0,0.5,1.0,normal,14.5
9,198,11895,2,0,1.0,1.0,0.5,700.0,0.5,1.0,normal,15.5
9,198,11910,0,0,0.0,0.0,0.5,700.0,0.5,1.0,normal,15.5
9,198,11925,0,0,0.0,0.0,0.5,700.0,0.5,1.0,normal,15.5
9,199,11940,2,0,1.0,1.0,0.5,700.0,0.5,1.0,normal,16.5
9,199,11955,1,0,0.5,0.5,0.5,700.0,0.5,1.0,normal,17.0
9,199,11970,0,0,0.0,0.0,0.5,700.0,0.5,1.0,normal,17.0
9,199,11985,1,0,0.5,0.5,0.5,700.0,0.5,1.0,normal,17.5
9,200,12000,1,0,0.5,0.5,0.5,700.0,0.5,1.0,normal,18.0
9,200,12015,1,0,0.5,0.5,0.5,700.0,0.5,1.0,normal,18.5
9,200,12030,1,0,0.5,0.5,0.5,700.0,0.5,1.0,normal,19.0
9,200,12045,4,0,2.0,2.0,0.5,700.0,0.5,1.0,normal,21.0
9,201,12060,1,0,0.5,0.5,0.5,700.0,0.5,1.0,normal,21.5
9,201,12075,0,0,0.0,0.0,0.5,700.0,0.5,1.0,normal,21.5
9,201,12090,1,0,0.5,0.5,0.5,700.0,0.5,1.0,normal,22.0
9,201,12105,1,0,0.5,0.5,0.5,700.0,0.5,1.0,normal,22.5
9,202,12120,1,0,0.5,0.5,0.5,700.0,0.5,1.0,normal,23.0
9,202,12135,1,0,0.5,0.5,0.5,700.0,0.5,1.0,normal,23.5
9,202,12150,2,0,1.0,1.0,0.5,700.0,0.5,1.0,normal,24.5
9,202,12165,1,0,0.5,0.5,0.5,700.0,0.5,1.0,normal,25.0
9,203,12180,2,0,1.0,1.0,0.5,700.0,0.5,1.0,normal,26.0
9,203,12195,1,0,0.5,0.5,0.5,700.0,0.5,1.0,normal,26.5
9,203,12210,1,0,0.5,0.5,0.5,700.0,0.5,1.0,normal,27.0
9,203,12225,2,0,1.0,1.0,0.5,700.0,0.5,1.0,normal,28.0
9,204,12240,0,0,0.0,0.0,0.5,700.0,0.5,1.0,normal,28.0
9,204,12255,2,0,1.0,1.0,0.5,700.0,0.5,1.0,normal,29.0
9,204,12270,2,0,1.0,1.0,0.5,700.0,0.5,1.0,normal,30.0
9,204,12285,3,0,1.5,1.5,0.5,700.0,0.5,1.0,normal,31.5
9,205,12300,2,0,1.0,1.0,0.5,700.0,0.5,1.0,normal,32.5
9,205,12315,1,0,0.5,0.5,0.5,700.0,0.5,1.0,normal,33.0
9,205,12330,2,0,1.0,1.0,0.5,700.0,0.5,1.0,normal,34.0
9,205,12345,3,0,1.5,1.5,0.5,700.0,0.5,1.0,normal,35.5
9,206,12360,1,0,0.5,0.5,0.5,700.0,0.5,1.0,normal,36.0
9,206,12375,0,0,0.0,0.0,0.5,700.0,0.5,1.0,normal,36.0
9,206,12390,2,0,1.0,1.0,0.5,700.0,0.5,1.0,normal,37.0
9,206,12405,0,0,0.0,0.0,0.5,700.0,0.5,1.0,normal,37.0
9,207,12420,2,0,1.0,1.0,0.5,700.0,0.5,1.0,normal,38.0
9,207,12435,3,0,1.5,1.5,0.5,700.0,0.5,1.0,normal,39.5
9,207,12450,1,0,0.5,0.5,0.5,700.0,0.5,1.0,normal,40.0
9,207,12465,0,0,0.0,0.0,0.5,700.0,0.5,1.0,normal,40.0
9,208,12480,2,0,1.21,1.21,0.605,700.0,0.6050000000000001,1.0,normal,41.21
9,208,12495,2,0,1.21,1.21,0.605,700.0,0.6050000000000001,1.0,normal,42.42
9,208,12510,0,0,0.0,0.0,0.605,700.0,0.6050000000000001,1.0,normal,42.42
9,208,12525,1,0,0.605,0.605,0.605,700.0,0.6050000000000001,1.0,normal,43.025
9,209,12540,0,0,0.0,0.0,0.7321,700.0,0.7320500000000003,1.0,normal,43.025
9,209,12555,1,0,0.7321,0.7321,0.7321,700.0,0.7320500000000003,1.0,normal,43.7571
9,209,12570,3,0,2.1962,2.1962,0.7321,700.0,0.7320500000000003,1.0,normal,45.9533
9,209,12585,0,0,0.0,0.0,0.7321,700.0,0.7320500000000003,1.0,normal,45.9533
9,210,12600,0,0,0.0,0.0,0.8858,700.0,0.8857805000000005,1.0,normal,45.9533
9,210,12615,1,0,0.8858,0.8858,0.8858,700.0,0.8857805000000005,1.0,normal,46.8391
9,210,12630,1,0,0.8858,0.8858,0.8858,700.0,0.8857805000000005,1.0,normal,47.7249
9,210,12645,4,0,3.5431,3.5431,0.8858,700.0,0.8857805000000005,1.0,normal,51.268
9,211,12660,4,1,4.2872,4.2872,1.0718,700.0,1.0717944050000008,1.0,normal,55.5552
9,211,12675,1,0,1.0718,1.0718,1.0718,700.0,1.0717944050000008,1.0,normal,56.627
9,211,12690,2,0,2.1436,2.1436,1.0718,700.0,1.0717944050000008,1.0,normal,58.7706
9,211,12705,2,0,2.1436,2.1436,1.0718,700.0,1.0717944050000008,1.0,normal,60.9142
9,212,12720,7,0,9.0781,9.0781,1.2969,700.0,1.2968712300500012,1.0,normal,69.9923
9,212,12735,6,0,7.7812,7.7812,1.2969,700.0,1.2968712300500012,1.0,normal,77.7735
9,212,12750,3,0,3.8906,3.8906,1.2969,700.0,1.2968712300500012,1.0,normal,81.6641
9,212,12765,1,0,1.2969,1.2969,1.2969,700.0,1.2968712300500012,1.0,normal,82.961
9,213,12780,2,0,3.1384,3.1384,1.5692,700.0,1.5692141883605017,1.0,normal,86.0994
9,213,12795,5,1,7.8461,7.8461,1.5692,700.0,1.5692141883605017,1.0,normal,93.9455
9,213,12810,2,0,2.0146,2.0146,1.0073,700.0,1.5692141883605017,1.0,normal,95.9601
9,213,12825,3,0,3.3331,3.3331,1.111,700.0,1.5692141883605017,1.0,normal,99.2932
9,214,12840,4,0,7.595,7.595,1.8987,700.0,1.8987491679162074,1.0,normal,106.8882
9,214,12855,5,0,6.9234,6.9234,1.3847,700.0,1.8987491679162074,1.0,normal,113.8116
9,214,12870,6,0,11.3925,11.3925,1.8987,700.0,1.8987491679162074,1.0,normal,125.2041
9,214,12885,6,0,11.3925,11.3925,1.8987,700.0,1.8987491679162074,1.0,normal,136.5966
9,215,12900,4,0,9.1899,9.1899,2.2975,700.0,2.297486493178611,1.0,normal,145.7865
9,215,12915,8,0,18.3799,18.3799,2.2975,700.0,2.297486493178611,1.0,normal,164.1664
9,215,12930,10,0,14.3895,14.3895,1.439,700.0,2.297486493178611,1.0,normal,178.5559
9,215,12945,2,0,4.595,4.595,2.2975,700.0,2.297486493178611,1.0,normal,183.1509
10,216,12960,12,0,43.6849,43.6849,3.6404,700.0,5.0,1.0,normal,43.6849
10,216,12975,20,0,100.0,100.0,5.0,700.0,5.0,1.0,normal,143.6849
10,216,12990,14,1,41.8271,41.8271,2.9876,700.0,5.0,1.0,normal,185.512
10,216,13005,13,0,39.8008,39.8008,3.0616,700.0,5.0,1.0,normal,225.3128
10,217,13020,10,0,17.5288,17.5288,1.7529,700.0,4.675,1.0,normal,242.8416
10,217,13035,12,0,56.1,56.1,4.675,700.0,4.675,1.0,normal,298.9416
10,217,13050,7,0,27.8842,27.8842,3.9835,700.0,4.675,1.0,normal,326.8258
10,217,13065,5,0,23.375,23.375,4.675,700.0,4.675,1.0,normal,350.2008
10,218,13080,12,0,21.4977,21.4977,1.7915,700.0,3.856875,1.0,normal,371.6985
10,218,13095,10,1,37.4972,37.4972,3.7497,700.0,3.856875,1.0,normal,409.1957
10,218,13110,8,0,23.2576,23.2576,2.9072,700.0,3.856875,1.0,normal,432.4533
10,218,13125,10,0,23.6263,23.6263,2.3626,700.0,3.856875,1.0,normal,456.0796
10,219,13140,6,0,17.3559,17.3559,2.8927,700.0,2.89265625,1.0,normal,473.4355
10,219,13155,5,1,14.4633,14.4633,2.8927,700.0,2.89265625,1.0,normal,487.8988
10,219,13170,6,0,17.3559,17.3559,2.8927,700.0,2.89265625,1.0,normal,505.2547
10,219,13185,10,0,28.9266,28.9266,2.8927,700.0,2.89265625,1.0,normal,534.1813
10,220,13200,5,0,5.6775,5.6775,1.1355,700.0,2.1694921875,1.0,normal,539.8588
10,220,13215,3,0,6.5085,6.5085,2.1695,700.0,2.1694921875,1.0,normal,546.3673
10,220,13230,3,0,5.0685,5.0685,1.6895,700.0,2.1694921875,1.0,normal,551.4358
10,220,13245,1,0,2.1362,2.1362,2.1362,700.0,2.1694921875,1.0,normal,553.572
10,221,13260,3,0,4.8814,4.8814,1.6271,700.0,1.627119140625,1.0,normal,558.4534
10,221,13275,6,0,9.7627,9.7627,1.6271,700.0,1.627119140625,1.0,normal,568.2161
10,221,13290,3,0,4.8814,4.8814,1.6271,700.0,1.627119140625,1.0,normal,573.0975
10,221,13305,1,0,1.0578,1.0578,1.0578,700.0,1.627119140625,1.0,normal,574.1553
10,222,13320,3,0,3.661,3.661,1.2203,700.0,1.22033935546875,1.0,normal,577.8163
10,222,13335,3,0,3.661,3.661,1.2203,700.0,1.22033935546875,1.0,normal,581.4773
10,222,13350,6,0,7.322,7.322,1.2203,700.0,1.22033935546875,1.0,normal,588.7993
10,222,13365,5,0,6.1017,6.1017,1.2203,700.0,1.22033935546875,1.0,normal,594.901
10,223,13380,3,1,2.7458,2.7458,0.9153,700.0,0.9152545166015625,1.0,normal,597.6468
10,223,13395,1,0,0.9153,0.9153,0.9153,700.0,0.9152545166015625,1.0,normal,598.5621
10,223,13410,2,0,1.8305,1.8305,0.9153,700.0,0.9152545166015625,1.0,normal,600.3926
10,223,13425,1,0,0.9153,0.9153,0.9153,700.0,0.9152545166015625,1.0,normal,601.3079
10,224,13440,1,0,0.6864,0.6864,0.6864,700.0,0.6864408874511719,1.0,normal,601.9943
10,224,13455,4,0,2.7458,2.7458,0.6864,700.0,0.6864408874511719,1.0,normal,604.7401
10,224,13470,3,0,2.0593,2.0593,0.6864,700.0,0.6864408874511719,1.0,normal,606.7994
10,224,13485,2,0,1.3729,1.3729,0.6864,700.0,0.6864408874511719,1.0,normal,608.1723
10,225,13500,0,0,0.0,0.0,0.5,700.0,0.5,1.0,normal,608.1723
10,225,13515,1,0,0.5,0.5,0.5,700.0,0.5,1.0,normal,608.6723
10,225,13530,1,0,0.5,0.5,0.5,700.0,0.5,1.0,normal,609.1723
10,225,13545,3,0,1.5,1.5,0.5,700.0,0.5,1.0,normal,610.6723
10,226,13560,0,0,0.0,0.0,0.5,700.0,0.5,1.0,normal,610.6723
10,226,13575,2,0,1.0,1.0,0.5,700.0,0.5,1.0,normal,611.6723
10,226,13590,0,0,0.0,0.0,0.5,700.0,0.5,1.0,normal,611.6723
10,226,13605,1,0,0.5,0.5,0.5,700.0,0.5,1.0,normal,612.1723
10,227,13620,0,0,0.0,0.0,0.5,700.0,0.5,1.0,normal,612.1723
10,227,13635,0,0,0.0,0.0,0.5,700.0,0.5,1.0,normal,612.1723
10,227,13650,1,0,0.5,0.5,0.5,700.0,0.5,1.0,normal,612.6723
10,227,13665,2,1,1.0,1.0,0.5,700.0,0.5,1.0,normal,613.6723
10,228,13680,2,0,1.0,1.0,0.5,700.0,0.5,1.0,normal,614.6723
10,228,13695,0,0,0.0,0.0,0.5,700.0,0.5,1.0,normal,614.6723
10,228,13710,1,0,0.5,0.5,0.5,700.0,0.5,1.0,normal,615.1723
10,228,13725,2,0,1.0,1.0,0.5,700.0,0.5,1.0,normal,616.1723
10,229,13740,2,0,1.0,1.0,0.5,700.0,0.5,1.0,normal,617.1723
10,229,13755,2,0,1.0,1.0,0.5,700.0,0.5,1.0,normal,618.1723
10,229,13770,2,0,1.0,1.0,0.5,700.0,0.5,1.0,normal,619.1723
10,229,13785,0,0,0.0,0.0,0.5,700.0,0.5,1.0,normal,619.1723
10,230,13800,0,0,0.0,0.0,0.5,700.0,0.5,1.0,normal,619.1723
10,230,13815,3,0,1.5,1.5,0.5,700.0,0.5,1.0,normal,620.6723
10,230,13830,0,0,0.0,0.0,0.5,700.0,0.5,1.0,normal,620.6723
10,230,13845,0,0,0.0,0.0,0.5,700.0,0.5,1.0,normal,620.6723
10,231,13860,0,0,0.0,0.0,0.5,700.0,0.5,1.0,normal,620.6723
10,231,13875,0,0,0.0,0.0,0.5,700.0,0.5,1.0,normal,620.6723
10,231,13890,2,0,1.0,1.0,0.5,700.0,0.5,1.0,normal,621.6723
10,231,13905,1,0,0.5,0.5,0.5,700.0,0.5,1.0,normal,622.1723
10,232,13920,0,0,0.0,0.0,0.5,700.0,0.5,1.0,normal,622.1723
10,232,13935,2,0,1.0,1.0,0.5,700.0,0.5,1.0,normal,623.1723
10,232,13950,0,0,0.0,0.0,0.5,700.0,0.5,1.0,normal,623.1723
10,232,13965,0,0,0.0,0.0,0.5,700.0,0.5,1.0,normal,623.1723
10,233,13980,1,0,0.5,0.5,0.5,700.0,0.5,1.0,normal,623.6723
10,233,13995,1,0,0.5,0.5,0.5,700.0,0.5,1.0,normal,624.1723
10,233,14010,5,0,2.5,2.5,0.5,700.0,0.5,1.0,normal,626.6723
10,233,14025,3,0,1.5,1.5,0.5,700.0,0.5,1.0,normal,628.1723
10,234,14040,0,0,0.0,0.0,0.5,700.0,0.5,1.0,normal,628.1723
10,234,14055,2,0,1.0,1.0,0.5,700.0,0.5,1.0,normal,629.1723
10,234,14070,1,0,0.5,0.5,0.5,700.0,0.5,1.0,normal,629.6723
10,234,14085,2,0,1.0,1.0,0.5,700.0,0.5,1.0,budget_constrained,630.6723
10,235,14100,1,0,0.5,0.5,0.5,700.0,0.5,1.0,budget_constrained,631.1723
10,235,14115,1,0,0.5,0.5,0.5,700.0,0.5,1.0,budget_constrained,631.6723
10,235,14130,0,0,0.0,0.0,0.5,700.0,0.5,1.0,budget_constrained,631.6723
10,235,14145,1,0,0.5,0.5,0.5,700.0,0.5,1.0,budget_constrained,632.1723
10,236,14160,0,0,0.0,0.0,0.5,700.0,0.5,1.0,budget_constrained,632.1723
10,236,14175,1,0,0.5,0.5,0.5,700.0,0.5,1.0,budget_constrained,632.6723
10,236,14190,3,0,1.5,1.5,0.5,700.0,0.5,1.0,budget_constrained,634.1723
10,236,14205,2,0,1.0,1.0,0.5,700.0,0.5,1.0,budget_constrained,635.1723
10,237,14220,3,0,1.5,1.5,0.5,700.0,0.5,1.0,budget_constrained,636.6723
10,237,14235,3,0,1.5,1.5,0.5,700.0,0.5,1.0,budget_constrained,638.1723
10,237,14250,0,0,0.0,0.0,0.5,700.0,0.5,1.0,budget_constrained,638.1723
10,237,14265,0,0,0.0,0.0,0.5,700.0,0.5,1.0,budget_constrained,638.1723
10,238,14280,3,0,1.5,1.5,0.5,700.0,0.5,1.0,budget_constrained,639.6723
10,238,14295,2,0,1.0,1.0,0.5,700.0,0.5,1.0,budget_constrained,640.6723
10,238,14310,0,0,0.0,0.0,0.5,700.0,0.5,1.0,budget_constrained,640.6723
10,238,14325,1,0,0.5,0.5,0.5,700.0,0.5,1.0,budget_constrained,641.1723
10,239,14340,2,1,1.0,1.0,0.5,700.0,0.5,1.0,budget_constrained,642.1723
10,239,14355,3,0,1.5,1.5,0.5,700.0,0.5,1.0,budget_constrained,643.6723
10,239,14370,2,0,1.0,1.0,0.5,700.0,0.5,1.0,budget_constrained,644.6723
10,239,14385,0,0,0.0,0.0,0.5,700.0,0.5,1.0,budget_constrained,644.6723
11,240,14400,1,0,0.5,0.5,0.5,700.0,0.5,1.0,normal,0.5
11,240,14415,1,0,0.5,0.5,0.5,700.0,0.5,1.0,normal,1.0
11,240,14430,3,0,1.5,1.5,0.5,700.0,0.5,1.0,normal,2.5
11,240,14445,1,0,0.5,0.5,0.5,700.0,0.5,1.0,normal,3.0
11,241,14460,2,1,1.045,1.045,0.5225,700.0,0.5225,1.0,normal,4.045
11,241,14475,0,0,0.0,0.0,0.5225,700.0,0.5225,1.0,normal,4.045
11,241,14490,4,0,2.09,2.09,0.5225,700.0,0.5225,1.0,normal,6.135
11,241,14505,0,0,0.0,0.0,0.5225,700.0,0.5225,1.0,normal,6.135
11,242,14520,0,0,0.0,0.0,0.6322,700.0,0.632225,1.0,normal,6.135
11,242,14535,0,0,0.0,0.0,0.6322,700.0,0.632225,1.0,normal,6.135
11,242,14550,1,0,0.6322,0.6322,0.6322,700.0,0.632225,1.0,normal,6.7672
11,242,14565,1,0,0.6322,0.6322,0.6322,700.0,0.632225,1.0,normal,7.3994
11,243,14580,2,0,1.53,1.53,0.765,700.0,0.7649922500000002,1.0,normal,8.9294
11,243,14595,2,0,1.53,1.53,0.765,700.0,0.7649922500000002,1.0,normal,10.4594
11,243,14610,4,0,3.06,3.06,0.765,700.0,0.7649922500000002,1.0,normal,13.5194
11,243,14625,0,0,0.0,0.0,0.765,700.0,0.7649922500000002,1.0,normal,13.5194
11,244,14640,1,0,0.9256,0.9256,0.9256,700.0,0.9256406225000003,1.0,normal,14.445
11,244,14655,1,0,0.9256,0.9256,0.9256,700.0,0.9256406225000003,1.0,normal,15.3706
11,244,14670,4,0,3.7026,3.7026,0.9256,700.0,0.9256406225000003,1.0,normal,19.0732
11,244,14685,3,0,2.7769,2.7769,0.9256,700.0,0.9256406225000003,1.0,normal,21.8501
11,245,14700,3,1,3.3601,3.3601,1.12,700.0,1.1200251532250005,1.0,normal,25.2102
11,245,14715,1,0,1.12,1.12,1.12,700.0,1.1200251532250005,1.0,normal,26.3302
11,245,14730,2,1,2.2401,2.2401,1.12,700.0,1.1200251532250005,1.0,normal,28.5703
11,245,14745,2,0,2.2401,2.2401,1.12,700.0,1.1200251532250005,1.0,normal,30.8104
11,246,14760,2,0,2.7105,2.7105,1.3552,700.0,1.3552304354022509,1.0,normal,33.5209
11,246,14775,3,1,4.0657,4.0657,1.3552,700.0,1.3552304354022509,1.0,normal,37.5866
11,246,14790,5,1,6.7762,6.7762,1.3552,700.0,1.3552304354022509,1.0,normal,44.3628
11,246,14805,3,0,4.0657,4.0657,1.3552,700.0,1.3552304354022509,1.0,normal,48.4285
11,247,14820,4,1,6.5593,6.5593,1.6398,700.0,1.6398288268367238,1.0,normal,54.9878
11,247,14835,4,0,5.3396,5.3396,1.3349,700.0,1.6398288268367238,1.0,normal,60.3274
11,247,14850,4,0,6.5593,6.5593,1.6398,700.0,1.6398288268367238,1.0,normal,66.8867
11,247,14865,2,0,3.2797,3.2797,1.6398,700.0,1.6398288268367238,1.0,normal,70.1664
11,248,14880,6,2,11.9052,5.9526,1.9842,700.0,1.984192880472436,1.0,normal,82.0716
11,248,14895,6,1,11.9052,11.9052,1.9842,700.0,1.984192880472436,1.0,normal,93.9768
11,248,14910,4,0,7.9368,7.9368,1.9842,700.0,1.984192880472436,1.0,normal,101.9136
11,248,14925,1,0,1.9842,1.9842,1.9842,700.0,1.984192880472436,1.0,normal,103.8978
11,249,14940,2,0,4.8017,4.8017,2.4009,700.0,2.4008733853716477,1.0,normal,108.6995
11,249,14955,3,1,5.6439,5.6439,1.8813,700.0,2.4008733853716477,1.0,normal,114.3434
11,249,14970,4,0,9.6035,9.6035,2.4009,700.0,2.4008733853716477,1.0,normal,123.9469
11,249,14985,8,0,15.0609,15.0609,1.8826,700.0,2.4008733853716477,1.0,normal,139.0078
11,250,15000,4,0,11.6202,11.6202,2.9051,700.0,2.9050567962996943,1.0,normal,150.628
11,250,15015,14,0,40.6708,40.6708,2.9051,700.0,2.9050567962996943,1.0,normal,191.2988
11,250,15030,9,0,10.3152,10.3152,1.1461,700.0,2.9050567962996943,1.0,normal,201.614
11,250,15045,11,0,31.9556,31.9556,2.9051,700.0,2.9050567962996943,1.0,normal,233.5696
11,251,15060,5,0,17.5756,17.5756,3.5151,700.0,3.5151187235226304,1.0,normal,251.1452
11,251,15075,6,0,21.0907,21.0907,3.5151,700.0,3.5151187235226304,1.0,normal,272.2359
11,251,15090,15,0,25.6981,25.6981,1.7132,700.0,3.5151187235226304,1.0,normal,297.934
11,251,15105,12,1,29.2288,29.2288,2.4357,700.0,3.5151187235226304,1.0,normal,327.1628
11,252,15120,12,0,16.4087,16.4087,1.3674,700.0,4.253293655462383,1.0,normal,343.5715
11,252,15135,13,0,24.6916,24.6916,1.8994,700.0,4.253293655462383,1.0,normal,368.2631
11,252,15150,10,0,15.8962,15.8962,1.5896,700.0,4.253293655462383,1.0,normal,384.1593
11,252,15165,11,0,46.7862,46.7862,4.2533,700.0,4.253293655462383,1.0,normal,430.9455
11,253,15180,8,0,26.5801,26.5801,3.3225,700.0,5.146485323109485,1.0,normal,457.5256
11,253,15195,18,0,76.6401,76.6401,4.2578,700.0,5.146485323109485,1.0,normal,534.1657
11,253,15210,11,0,51.3196,51.3196,4.6654,700.0,5.146485323109485,1.0,normal,585.4853
11,253,15225,11,0,41.6267,41.6267,3.7842,700.0,5.146485323109485,1.0,normal,627.112
11,254,15240,13,0,40.72,40.72,3.1323,700.0,5.6611338554204345,1.0,budget_constrained,667.832
11,254,15255,12,0,32.168,32.168,2.6795,700.0,5.6611338554204345,1.0,budget_depleted,700.0
11,254,15270,0,0,0.0,0.0,0.0,700.0,5.6611338554204345,1.0,budget_depleted,700.0
11,254,15285,0,0,0.0,0.0,0.0,700.0,5.6611338554204345,1.0,budget_depleted,700.0
11,255,15300,0,0,0.0,0.0,0.0,700.0,6.227247240962479,1.0,budget_depleted,700.0
11,255,15315,0,0,0.0,0.0,0.0,700.0,6.227247240962479,1.0,budget_depleted,700.0
11,255,15330,0,0,0.0,0.0,0.0,700.0,6.227247240962479,1.0,budget_depleted,700.0
11,255,15345,0,0,0.0,0.0,0.0,700.0,6.227247240962479,1.0,budget_depleted,700.0
11,256,15360,0,0,0.0,0.0,0.0,700.0,6.849971965058727,1.0,budget_depleted,700.0
11,256,15375,0,0,0.0,0.0,0.0,700.0,6.849971965058727,1.0,budget_depleted,700.0
11,256,15390,0,0,0.0,0.0,0.0,700.0,6.849971965058727,1.0,budget_depleted,700.0
11,256,15405,0,0,0.0,0.0,0.0,700.0,6.849971965058727,1.0,budget_depleted,700.0
11,257,15420,0,0,0.0,0.0,0.0,700.0,7.5349691615646,1.0,budget_depleted,700.0
11,257,15435,0,0,0.0,0.0,0.0,700.0,7.5349691615646,1.0,budget_depleted,700.0
11,257,15450,0,0,0.0,0.0,0.0,700.0,7.5349691615646,1.0,budget_depleted,700.0
11,257,15465,0,0,0.0,0.0,0.0,700.0,7.5349691615646,1.0,budget_depleted,700.0
11,258,15480,0,0,0.0,0.0,0.0,700.0,8.288466077721061,1.0,budget_depleted,700.0
11,258,15495,0,0,0.0,0.0,0.0,700.0,8.288466077721061,1.0,budget_depleted,700.0
11,258,15510,0,0,0.0,0.0,0.0,700.0,8.288466077721061,1.0,budget_depleted,700.0
11,258,15525,0,0,0.0,0.0,0.0,700.0,8.288466077721061,1.0,budget_depleted,700.0
11,259,15540,0,0,0.0,0.0,0.0,700.0,9.117312685493168,1.0,budget_depleted,700.0
11,259,15555,0,0,0.0,0.0,0.0,700.0,9.117312685493168,1.0,budget_depleted,700.0
11,259,15570,0,0,0.0,0.0,0.0,700.0,9.117312685493168,1.0,budget_depleted,700.0
11,259,15585,0,0,0.0,0.0,0.0,700.0,9.117312685493168,1.0,budget_depleted,700.0
11,260,15600,0,0,0.0,0.0,0.0,700.0,10.029043954042486,1.0,budget_depleted,700.0
11,260,15615,0,0,0.0,0.0,0.0,700.0,10.029043954042486,1.0,budget_depleted,700.0
11,260,15630,0,0,0.0,0.0,0.0,700.0,10.029043954042486,1.0,budget_depleted,700.0
11,260,15645,0,0,0.0,0.0,0.0,700.0,10.029043954042486,1.0,budget_depleted,700.0
11,261,15660,0,0,0.0,0.0,0.0,700.0,11.031948349446735,1.0,budget_depleted,700.0
11,261,15675,0,0,0.0,0.0,0.0,700.0,11.031948349446735,1.0,budget_depleted,700.0
11,261,15690,0,0,0.0,0.0,0.0,700.0,11.031948349446735,1.0,budget_depleted,700.0
11,261,15705,0,0,0.0,0.0,0.0,700.0,11.031948349446735,1.0,budget_depleted,700.0
11,262,15720,0,0,0.0,0.0,0.0,700.0,12.135143184391408,1.0,budget_depleted,700.0
11,262,15735,0,0,0.0,0.0,0.0,700.0,12.135143184391408,1.0,budget_depleted,700.0
11,262,15750,0,0,0.0,0.0,0.0,700.0,12.135143184391408,1.0,budget_depleted,700.0
11,262,15765,0,0,0.0,0.0,0.0,700.0,12.135143184391408,1.0,budget_depleted,700.0
11,263,15780,0,0,0.0,0.0,0.0,700.0,13.34865750283055,1.0,budget_depleted,700.0
11,263,15795,0,0,0.0,0.0,0.0,700.0,13.34865750283055,1.0,budget_depleted,700.0
11,263,15810,0,0,0.0,0.0,0.0,700.0,13.34865750283055,1.0,budget_depleted,700.0
11,263,15825,0,0,0.0,0.0,0.0,700.0,13.34865750283055,1.0,budget_depleted,700.0
12,264,15840,0,0,0.0,0.0,0.0,700.0,14.683523253113606,1.0,normal,0.0
12,264,15855,22,1,204.1599,204.1599,9.28,700.0,14.683523253113606,1.0,normal,204.1599
12,264,15870,38,1,155.2455,155.2455,4.0854,700.0,14.683523253113606,1.0,normal,359.4054
12,264,15885,32,0,279.8492,279.8492,8.7453,700.0,14.683523253113606,1.0,budget_constrained,639.2546
12,265,15900,27,0,60.7454,60.7454,2.1776,700.0,11.232895288631909,1.0,budget_depleted,700.0
12,265,15915,0,0,0.0,0.0,0.0,700.0,11.232895288631909,1.0,budget_depleted,700.0
12,265,15930,0,0,0.0,0.0,0.0,700.0,11.232895288631909,1.0,budget_depleted,700.0
12,265,15945,0,0,0.0,0.0,0.0,700.0,11.232895288631909,1.0,budget_depleted,700.0
12,266,15960,0,0,0.0,0.0,0.0,700.0,7.582204319826538,1.0,budget_depleted,700.0
12,266,15975,0,0,0.0,0.0,0.0,700.0,7.582204319826538,1.0,budget_depleted,700.0
12,266,15990,0,0,0.0,0.0,0.0,700.0,7.582204319826538,1.0,budget_depleted,700.0
12,266,16005,0,0,0.0,0.0,0.0,700.0,7.582204319826538,1.0,budget_depleted,700.0
12,267,16020,0,0,0.0,0.0,0.0,700.0,5.117987915882913,1.0,budget_depleted,700.0
12,267,16035,0,0,0.0,0.0,0.0,700.0,5.117987915882913,1.0,budget_depleted,700.0
12,267,16050,0,0,0.0,0.0,0.0,700.0,5.117987915882913,1.0,budget_depleted,700.0
12,267,16065,0,0,0.0,0.0,0.0,700.0,5.117987915882913,1.0,budget_depleted,700.0
12,268,16080,0,0,0.0,0.0,0.0,700.0,3.454641843220966,1.0,budget_depleted,700.0
12,268,16095,0,0,0.0,0.0,0.0,700.0,3.454641843220966,1.0,budget_depleted,700.0
12,268,16110,0,0,0.0,0.0,0.0,700.0,3.454641843220966,1.0,budget_depleted,700.0
12,268,16125,0,0,0.0,0.0,0.0,700.0,3.454641843220966,1.0,budget_depleted,700.0
12,269,16140,0,0,0.0,0.0,0.0,700.0,2.3318832441741524,1.0,budget_depleted,700.0
12,269,16155,0,0,0.0,0.0,0.0,700.0,2.3318832441741524,1.0,budget_depleted,700.0
12,269,16170,0,0,0.0,0.0,0.0,700.0,2.3318832441741524,1.0,budget_depleted,700.0
12,269,16185,0,0,0.0,0.0,0.0,700.0,2.3318832441741524,1.0,budget_depleted,700.0
12,270,16200,0,0,0.0,0.0,0.0,700.0,1.574021189817553,1.0,budget_depleted,700.0
12,270,16215,0,0,0.0,0.0,0.0,700.0,1.574021189817553,1.0,budget_depleted,700.0
12,270,16230,0,0,0.0,0.0,0.0,700.0,1.574021189817553,1.0,budget_depleted,700.0
12,270,16245,0,0,0.0,0.0,0.0,700.0,1.574021189817553,1.0,budget_depleted,700.0
12,271,16260,0,0,0.0,0.0,0.0,700.0,1.0624643031268484,1.0,budget_depleted,700.0
12,271,16275,0,0,0.0,0.0,0.0,700.0,1.0624643031268484,1.0,budget_depleted,700.0
12,271,16290,0,0,0.0,0.0,0.0,700.0,1.0624643031268484,1.0,budget_depleted,700.0
12,271,16305,0,0,0.0,0.0,0.0,700.0,1.0624643031268484,1.0,budget_depleted,700.0
12,272,16320,0,0,0.0,0.0,0.0,700.0,0.7171634046106227,1.0,budget_depleted,700.0
12,272,16335,0,0,0.0,0.0,0.0,700.0,0.7171634046106227,1.0,budget_depleted,700.0
12,272,16350,0,0,0.0,0.0,0.0,700.0,0.7171634046106227,1.0,budget_depleted,700.0
12,272,16365,0,0,0.0,0.0,0.0,700.0,0.7171634046106227,1.0,budget_depleted,700.0
12,273,16380,0,0,0.0,0.0,0.0,700.0,0.5,1.0,budget_depleted,700.0
12,273,16395,0,0,0.0,0.0,0.0,700.0,0.5,1.0,budget_depleted,700.0
12,273,16410,0,0,0.0,0.0,0.0,700.0,0.5,1.0,budget_depleted,700.0
12,273,16425,0,0,0.0,0.0,0.0,700.0,0.5,1.0,budget_depleted,700.0
12,274,16440,0,0,0.0,0.0,0.0,700.0,0.5,1.0,budget_depleted,700.0
12,274,16455,0,0,0.0,0.0,0.0,700.0,0.5,1.0,budget_depleted,700.0
12,274,16470,0,0,0.0,0.0,0.0,700.0,0.5,1.0,budget_depleted,700.0
12,274,16485,0,0,0.0,0.0,0.0,700.0,0.5,1.0,budget_depleted,700.0
12,275,16500,0,0,0.0,0.0,0.0,700.0,0.5,1.0,budget_depleted,700.0
12,275,16515,0,0,0.0,0.0,0.0,700.0,0.5,1.0,budget_depleted,700.0
12,275,16530,0,0,0.0,0.0,0.0,700.0,0.5,1.0,budget_depleted,700.0
12,275,16545,0,0,0.0,0.0,0.0,700.0,0.5,1.0,budget_depleted,700.0
12,276,16560,0,0,0.0,0.0,0.0,700.0,0.5,1.0,budget_depleted,700.0
12,276,16575,0,0,0.0,0.0,0.0,700.0,0.5,1.0,budget_depleted,700.0
12,276,16590,0,0,0.0,0.0,0.0,700.0,0.5,1.0,budget_depleted,700.0
12,276,16605,0,0,0.0,0.0,0.0,700.0,0.5,1.0,budget_depleted,700.0
12,277,16620,0,0,0.0,0.0,0.0,700.0,0.5,1.0,budget_depleted,700.0
12,277,16635,0,0,0.0,0.0,0.0,700.0,0.5,1.0,budget_depleted,700.0
12,277,16650,0,0,0.0,0.0,0.0,700.0,0.5,1.0,budget_depleted,700.0
12,277,16665,0,0,0.0,0.0,0.0,700.0,0.5,1.0,budget_depleted,700.0
12,278,16680,0,0,0.0,0.0,0.0,700.0,0.5,1.0,budget_depleted,700.0
12,278,16695,0,0,0.0,0.0,0.0,700.0,0.5,1.0,budget_depleted,700.0
12,278,16710,0,0,0.0,0.0,0.0,700.0,0.5,1.0,budget_depleted,700.0
12,278,16725,0,0,0.0,0.0,0.0,700.0,0.5,1.0,budget_depleted,700.0
12,279,16740,0,0,0.0,0.0,0.0,700.0,0.5,1.0,budget_depleted,700.0
12,279,16755,0,0,0.0,0.0,0.0,700.0,0.5,1.0,budget_depleted,700.0
12,279,16770,0,0,0.0,0.0,0.0,700.0,0.5,1.0,budget_depleted,700.0
12,279,16785,0,0,0.0,0.0,0.0,700.0,0.5,1.0,budget_depleted,700.0
12,280,16800,0,0,0.0,0.0,0.0,700.0,0.5,1.0,budget_depleted,700.0
12,280,16815,0,0,0.0,0.0,0.0,700.0,0.5,1.0,budget_depleted,700.0
12,280,16830,0,0,0.0,0.0,0.0,700.0,0.5,1.0,budget_depleted,700.0
12,280,16845,0,0,0.0,0.0,0.0,700.0,0.5,1.0,budget_depleted,700.0
12,281,16860,0,0,0.0,0.0,0.0,700.0,0.5,1.0,budget_depleted,700.0
12,281,16875,0,0,0.0,0.0,0.0,700.0,0.5,1.0,budget_depleted,700.0
12,281,16890,0,0,0.0,0.0,0.0,700.0,0.5,1.0,budget_depleted,700.0
12,281,16905,0,0,0.0,0.0,0.0,700.0,0.5,1.0,budget_depleted,700.0
12,282,16920,0,0,0.0,0.0,0.0,700.0,0.5,1.0,budget_depleted,700.0
12,282,16935,0,0,0.0,0.0,0.0,700.0,0.5,1.0,budget_depleted,700.0
12,282,16950,0,0,0.0,0.0,0.0,700.0,0.5,1.0,budget_depleted,700.0
12,282,16965,0,0,0.0,0.0,0.0,700.0,0.5,1.0,budget_depleted,700.0
12,283,16980,0,0,0.0,0.0,0.0,700.0,0.5,1.0,budget_depleted,700.0
12,283,16995,0,0,0.0,0.0,0.0,700.0,0.5,1.0,budget_depleted,700.0
12,283,17010,0,0,0.0,0.0,0.0,700.0,0.5,1.0,budget_depleted,700.0
12,283,17025,0,0,0.0,0.0,0.0,700.0,0.5,1.0,budget_depleted,700.0
12,284,17040,0,0,0.0,0.0,0.0,700.0,0.5,1.0,budget_depleted,700.0
12,284,17055,0,0,0.0,0.0,0.0,700.0,0.5,1.0,budget_depleted,700.0
12,284,17070,0,0,0.0,0.0,0.0,700.0,0.5,1.0,budget_depleted,700.0
12,284,17085,0,0,0.0,0.0,0.0,700.0,0.5,1.0,budget_depleted,700.0
12,285,17100,0,0,0.0,0.0,0.0,700.0,0.5,1.0,budget_depleted,700.0
12,285,17115,0,0,0.0,0.0,0.0,700.0,0.5,1.0,budget_depleted,700.0
12,285,17130,0,0,0.0,0.0,0.0,700.0,0.5,1.0,budget_depleted,700.0
12,285,17145,0,0,0.0,0.0,0.0,700.0,0.5,1.0,budget_depleted,700.0
12,286,17160,0,0,0.0,0.0,0.0,700.0,0.5,1.0,budget_depleted,700.0
12,286,17175,0,0,0.0,0.0,0.0,700.0,0.5,1.0,budget_depleted,700.0
12,286,17190,0,0,0.0,0.0,0.0,700.0,0.5,1.0,budget_depleted,700.0
12,286,17205,0,0,0.0,0.0,0.0,700.0,0.5,1.0,budget_depleted,700.0
12,287,17220,0,0,0.0,0.0,0.0,700.0,0.5,1.0,budget_depleted,700.0
12,287,17235,0,0,0.0,0.0,0.0,700.0,0.5,1.0,budget_depleted,700.0
12,287,17250,0,0,0.0,0.0,0.0,700.0,0.5,1.0,budget_depleted,700.0
12,287,17265,0,0,0.0,0.0,0.0,700.0,0.5,1.0,budget_depleted,700.0
13,288,17280,0,0,0.0,0.0,0.0,700.0,0.5,0.0,normal,0.0
13,288,17295,2,0,1.0,1.0,0.5,700.0,0.5,0.0,normal,1.0
13,288,17310,0,0,0.0,0.0,0.5,700.0,0.5,0.0,normal,1.0
13,288,17325,2,0,1.0,1.0,0.5,700.0,0.5,0.0,normal,2.0
13,289,17340,3,0,1.65,1.65,0.55,700.0,0.55,0.0,normal,3.65
13,289,17355,1,0,0.55,0.55,0.55,700.0,0.55,0.0,normal,4.2
13,289,17370,0,0,0.0,0.0,0.55,700.0,0.55,0.0,normal,4.2
13,289,17385,0,0,0.0,0.0,0.55,700.0,0.55,0.0,normal,4.2
13,290,17400,4,0,2.2,2.2,0.55,700.0,0.55,0.0,normal,6.4
13,290,17415,1,0,0.55,0.55,0.55,700.0,0.55,0.0,normal,6.95
13,290,17430,3,0,1.65,1.65,0.55,700.0,0.55,0.0,normal,8.6
13,290,17445,1,0,0.55,0.55,0.55,700.0,0.55,0.0,normal,9.15
13,291,17460,1,0,0.605,0.605,0.605,700.0,0.6050000000000001,0.0,normal,9.755
13,291,17475,2,0,1.21,1.21,0.605,700.0,0.6050000000000001,0.0,normal,10.965
13,291,17490,0,0,0.0,0.0,0.605,700.0,0.6050000000000001,0.0,normal,10.965
13,291,17505,1,0,0.605,0.605,0.605,700.0,0.6050000000000001,0.0,normal,11.57
13,292,17520,3,0,1.9965,1.9965,0.6655,700.0,0.6655000000000002,0.0,normal,13.5665
13,292,17535,1,0,0.6655,0.6655,0.6655,700.0,0.6655000000000002,0.0,normal,14.232
13,292,17550,2,0,1.331,1.331,0.6655,700.0,0.6655000000000002,0.0,normal,15.563
13,292,17565,1,0,0.6655,0.6655,0.6655,700.0,0.6655000000000002,0.0,normal,16.2285
13,293,17580,0,0,0.0,0.0,0.7321,700.0,0.7320500000000003,0.0,normal,16.2285
13,293,17595,3,0,2.1962,2.1962,0.7321,700.0,0.7320500000000003,0.0,normal,18.4247
13,293,17610,4,0,2.9282,2.9282,0.7321,700.0,0.7320500000000003,0.0,normal,21.3529
13,293,17625,2,0,1.4641,1.4641,0.7321,700.0,0.7320500000000003,0.0,normal,22.817
13,294,17640,2,0,1.6105,1.6105,0.8053,700.0,0.8052550000000004,0.0,normal,24.4275
13,294,17655,3,0,2.4158,2.4158,0.8053,700.0,0.8052550000000004,0.0,normal,26.8433
13,294,17670,0,0,0.0,0.0,0.8053,700.0,0.8052550000000004,0.0,normal,26.8433
13,294,17685,1,0,0.8053,0.8053,0.8053,700.0,0.8052550000000004,0.0,normal,27.6486
13,295,17700,3,0,2.6573,2.6573,0.8858,700.0,0.8857805000000005,0.0,normal,30.3059
13,295,17715,5,0,4.4289,4.4289,0.8858,700.0,0.8857805000000005,0.0,normal,34.7348
13,295,17730,3,0,2.6573,2.6573,0.8858,700.0,0.8857805000000005,0.0,normal,37.3921
13,295,17745,3,0,2.6573,2.6573,0.8858,700.0,0.8857805000000005,0.0,normal,40.0494
13,296,17760,4,0,3.8974,3.8974,0.9744,700.0,0.9743585500000007,0.0,normal,43.9468
13,296,17775,1,0,0.9744,0.9744,0.9744,700.0,0.9743585500000007,0.0,normal,44.9212
13,296,17790,2,0,1.9487,1.9487,0.9744,700.0,0.9743585500000007,0.0,normal,46.8699
13,296,17805,0,0,0.0,0.0,0.9744,700.0,0.9743585500000007,0.0,normal,46.8699
13,297,17820,1,0,1.0718,1.0718,1.0718,700.0,1.0717944050000008,0.0,normal,47.9417
13,297,17835,1,0,1.0718,1.0718,1.0718,700.0,1.0717944050000008,0.0,normal,49.0135
13,297,17850,2,0,2.1436,2.1436,1.0718,700.0,1.0717944050000008,0.0,normal,51.1571
13,297,17865,6,0,6.4308,6.4308,1.0718,700.0,1.0717944050000008,0.0,normal,57.5879
13,298,17880,6,0,7.0738,7.0738,1.179,700.0,1.178973845500001,0.0,normal,64.6617
13,298,17895,3,0,3.5369,3.5369,1.179,700.0,1.178973845500001,0.0,normal,68.1986
13,298,17910,3,0,3.5369,3.5369,1.179,700.0,1.178973845500001,0.0,normal,71.7355
13,298,17925,3,0,3.3794,3.3794,1.1265,700.0,1.178973845500001,0.0,normal,75.1149
13,299,17940,1,0,1.0445,1.0445,1.0445,700.0,1.2968712300500012,0.0,normal,76.1594
13,299,17955,5,0,6.4844,6.4844,1.2969,700.0,1.2968712300500012,0.0,normal,82.6438
13,299,17970,4,0,5.1875,5.1875,1.2969,700.0,1.2968712300500012,0.0,normal,87.8313
13,299,17985,3,0,3.8906,3.8906,1.2969,700.0,1.2968712300500012,0.0,normal,91.7219
13,300,18000,0,0,0.0,0.0,0.01,700.0,0.01,0.0,normal,91.7219
13,300,18015,0,0,0.0,0.0,0.01,700.0,0.01,0.0,normal,91.7219
13,300,18030,0,0,0.0,0.0,0.01,700.0,0.01,0.0,normal,91.7219
13,300,18045,0,0,0.0,0.0,0.01,700.0,0.01,0.0,normal,91.7219
13,301,18060,1,0,0.5,0.5,0.5,700.0,0.5,0.0,normal,92.2219
13,301,18075,2,0,1.0,1.0,0.5,700.0,0.5,0.0,normal,93.2219
13,301,18090,1,0,0.5,0.5,0.5,700.0,0.5,0.0,normal,93.7219
13,301,18105,2,0,1.0,1.0,0.5,700.0,0.5,0.0,normal,94.7219
13,302,18120,4,0,2.2,2.2,0.55,700.0,0.55,0.0,normal,96.9219
13,302,18135,0,0,0.0,0.0,0.55,700.0,0.55,0.0,normal,96.9219
13,302,18150,1,0,0.55,0.55,0.55,700.0,0.55,0.0,normal,97.4719
13,302,18165,1,0,0.55,0.55,0.55,700.0,0.55,0.0,normal,98.0219
13,303,18180,1,0,0.605,0.605,0.605,700.0,0.6050000000000001,0.0,normal,98.6269
13,303,18195,0,0,0.0,0.0,0.605,700.0,0.6050000000000001,0.0,normal,98.6269
13,303,18210,0,0,0.0,0.0,0.605,700.0,0.6050000000000001,0.0,normal,98.6269
13,303,18225,1,0,0.605,0.605,0.605,700.0,0.6050000000000001,0.0,normal,99.2319
13,304,18240,1,0,0.6655,0.6655,0.6655,700.0,0.6655000000000002,0.0,normal,99.8974
13,304,18255,1,0,0.6655,0.6655,0.6655,700.0,0.6655000000000002,0.0,normal,100.5629
13,304,18270,1,0,0.6655,0.6655,0.6655,700.0,0.6655000000000002,0.0,normal,101.2284
13,304,18285,0,0,0.0,0.0,0.6655,700.0,0.6655000000000002,0.0,normal,101.2284
13,305,18300,0,0,0.0,0.0,0.7321,700.0,0.7320500000000003,0.0,normal,101.2284
13,305,18315,2,0,1.4641,1.4641,0.7321,700.0,0.7320500000000003,0.0,normal,102.6925
13,305,18330,3,0,2.1962,2.1962,0.7321,700.0,0.7320500000000003,0.0,normal,104.8887
13,305,18345,1,0,0.7321,0.7321,0.7321,700.0,0.7320500000000003,0.0,normal,105.6208
13,306,18360,3,0,2.4158,2.4158,0.8053,700.0,0.8052550000000004,0.0,normal,108.0366
13,306,18375,4,0,3.221,3.221,0.8053,700.0,0.8052550000000004,0.0,normal,111.2576
13,306,18390,3,0,2.4158,2.4158,0.8053,700.0,0.8052550000000004,0.0,normal,113.6734
13,306,18405,3,0,2.4158,2.4158,0.8053,700.0,0.8052550000000004,0.0,normal,116.0892
13,307,18420,1,0,0.8858,0.8858,0.8858,700.0,0.8857805000000005,0.0,normal,116.975
13,307,18435,3,0,2.6573,2.6573,0.8858,700.0,0.8857805000000005,0.0,normal,119.6323
13,307,18450,0,0,0.0,0.0,0.8858,700.0,0.8857805000000005,0.0,normal,119.6323
13,307,18465,0,0,0.0,0.0,0.8858,700.0,0.8857805000000005,0.0,normal,119.6323
13,308,18480,4,0,3.8974,3.8974,0.9744,700.0,0.9743585500000007,0.0,normal,123.5297
13,308,18495,3,0,2.9231,2.9231,0.9744,700.0,0.9743585500000007,0.0,normal,126.4528
13,308,18510,3,0,2.9231,2.9231,0.9744,700.0,0.9743585500000007,0.0,normal,129.3759
13,308,18525,2,0,1.9487,1.9487,0.9744,700.0,0.9743585500000007,0.0,normal,131.3246
13,309,18540,3,0,2.2508,2.2508,0.7503,700.0,0.7502560835000005,0.0,normal,133.5754
13,309,18555,1,0,0.7503,0.7503,0.7503,700.0,0.7502560835000005,0.0,normal,134.3257
13,309,18570,4,0,3.001,3.001,0.7503,700.0,0.7502560835000005,0.0,normal,137.3267
13,309,18585,2,0,1.5005,1.5005,0.7503,700.0,0.7502560835000005,0.0,normal,138.8272
13,310,18600,0,0,0.0,0.0,0.5777,700.0,0.5776971842950004,0.0,normal,138.8272
13,310,18615,2,0,1.1554,1.1554,0.5777,700.0,0.5776971842950004,0.0,normal,139.9826
13,310,18630,0,0,0.0,0.0,0.5777,700.0,0.5776971842950004,0.0,normal,139.9826
13,310,18645,2,0,1.1554,1.1554,0.5777,700.0,0.5776971842950004,0.0,normal,141.138
13,311,18660,0,0,0.0,0.0,0.5,700.0,0.5,0.0,normal,141.138
13,311,18675,0,0,0.0,0.0,0.5,700.0,0.5,0.0,normal,141.138
13,311,18690,0,0,0.0,0.0,0.5,700.0,0.5,0.0,normal,141.138
13,311,18705,3,0,1.5,1.5,0.5,700.0,0.5,0.0,normal,142.638
14,312,18720,0,0,0.0,0.0,0.01,700.0,0.01,0.0,normal,0.0
14,312,18735,0,0,0.0,0.0,0.01,700.0,0.01,0.0,normal,0.0
14,312,18750,0,0,0.0,0.0,0.01,700.0,0.01,0.0,normal,0.0
14,312,18765,0,0,0.0,0.0,0.01,700.0,0.01,0.0,normal,0.0
14,313,18780,3,0,1.5,1.5,0.5,700.0,0.5,0.0,normal,1.5
14,313,18795,2,0,1.0,1.0,0.5,700.0,0.5,0.0,normal,2.5
14,313,18810,0,0,0.0,0.0,0.5,700.0,0.5,0.0,normal,2.5
14,313,18825,2,0,1.0,1.0,0.5,700.0,0.5,0.0,normal,3.5
14,314,18840,1,0,0.5,0.5,0.5,700.0,0.5,0.0,normal,4.0
14,314,18855,0,0,0.0,0.0,0.5,700.0,0.5,0.0,normal,4.0
14,314,18870,3,0,1.5,1.5,0.5,700.0,0.5,0.0,normal,5.5
14,314,18885,0,0,0.0,0.0,0.5,700.0,0.5,0.0,normal,5.5
14,315,18900,2,0,1.0,1.0,0.5,700.0,0.5,0.0,normal,6.5
14,315,18915,0,0,0.0,0.0,0.5,700.0,0.5,0.0,normal,6.5
14,315,18930,2,0,1.0,1.0,0.5,700.0,0.5,0.0,normal,7.5
14,315,18945,0,0,0.0,0.0,0.5,700.0,0.5,0.0,normal,7.5
14,316,18960,1,0,0.5,0.5,0.5,700.0,0.5,0.0,normal,8.0
14,316,18975,0,0,0.0,0.0,0.5,700.0,0.5,0.0,normal,8.0
14,316,18990,1,0,0.5,0.5,0.5,700.0,0.5,0.0,normal,8.5
14,316,19005,1,0,0.5,0.5,0.5,700.0,0.5,0.0,normal,9.0
14,317,19020,0,0,0.0,0.0,0.5,700.0,0.5,0.0,normal,9.0
14,317,19035,0,0,0.0,0.0,0.5,700.0,0.5,0.0,normal,9.0
14,317,19050,1,0,0.5,0.5,0.5,700.0,0.5,0.0,normal,9.5
14,317,19065,2,0,1.0,1.0,0.5,700.0,0.5,0.0,normal,10.5
14,318,19080,2,0,1.0,1.0,0.5,700.0,0.5,0.0,normal,11.5
14,318,19095,0,0,0.0,0.0,0.5,700.0,0.5,0.0,normal,11.5
14,318,19110,3,0,1.5,1.5,0.5,700.0,0.5,0.0,normal,13.0
14,318,19125,2,0,1.0,1.0,0.5,700.0,0.5,0.0,normal,14.0
14,319,19140,1,0,0.5,0.5,0.5,700.0,0.5,0.0,normal,14.5
14,319,19155,1,0,0.5,0.5,0.5,700.0,0.5,0.0,normal,15.0
14,319,19170,3,0,1.5,1.5,0.5,700.0,0.5,0.0,normal,16.5
14,319,19185,2,0,1.0,1.0,0.5,700.0,0.5,0.0,normal,17.5
14,320,19200,2,0,1.0,1.0,0.5,700.0,0.5,0.0,normal,18.5
14,320,19215,0,0,0.0,0.0,0.5,700.0,0.5,0.0,normal,18.5
14,320,19230,1,0,0.5,0.5,0.5,700.0,0.5,0.0,normal,19.0
14,320,19245,1,0,0.5,0.5,0.5,700.0,0.5,0.0,normal,19.5
14,321,19260,3,0,1.65,1.65,0.55,700.0,0.55,0.0,normal,21.15
14,321,19275,1,0,0.55,0.55,0.55,700.0,0.55,0.0,normal,21.7
14,321,19290,0,0,0.0,0.0,0.55,700.0,0.55,0.0,normal,21.7
14,321,19305,0,0,0.0,0.0,0.55,700.0,0.55,0.0,normal,21.7
14,322,19320,1,0,0.605,0.605,0.605,700.0,0.6050000000000001,0.0,normal,22.305
14,322,19335,1,0,0.605,0.605,0.605,700.0,0.6050000000000001,0.0,normal,22.91
14,322,19350,1,0,0.605,0.605,0.605,700.0,0.6050000000000001,0.0,normal,23.515
14,322,19365,1,0,0.605,0.605,0.605,700.0,0.6050000000000001,0.0,normal,24.12
14,323,19380,2,0,1.331,1.331,0.6655,700.0,0.6655000000000002,0.0,normal,25.451
14,323,19395,2,0,1.331,1.331,0.6655,700.0,0.6655000000000002,0.0,normal,26.782
14,323,19410,0,0,0.0,0.0,0.6655,700.0,0.6655000000000002,0.0,normal,26.782
14,323,19425,1,0,0.6655,0.6655,0.6655,700.0,0.6655000000000002,0.0,normal,27.4475
14,324,19440,0,0,0.0,0.0,0.01,700.0,0.01,0.0,normal,27.4475
14,324,19455,0,0,0.0,0.0,0.01,700.0,0.01,0.0,normal,27.4475
14,324,19470,0,0,0.0,0.0,0.01,700.0,0.01,0.0,normal,27.4475
14,324,19485,0,0,0.0,0.0,0.01,700.0,0.01,0.0,normal,27.4475
14,325,19500,2,0,1.0,1.0,0.5,700.0,0.5,0.0,normal,28.4475
14,325,19515,1,0,0.5,0.5,0.5,700.0,0.5,0.0,normal,28.9475
14,325,19530,2,0,1.0,1.0,0.5,700.0,0.5,0.0,normal,29.9475
14,325,19545,0,0,0.0,0.0,0.5,700.0,0.5,0.0,normal,29.9475
14,326,19560,3,0,1.65,1.65,0.55,700.0,0.55,0.0,normal,31.5975
14,326,19575,0,0,0.0,0.0,0.55,700.0,0.55,0.0,normal,31.5975
14,326,19590,3,0,1.65,1.65,0.55,700.0,0.55,0.0,normal,33.2475
14,326,19605,4,0,2.2,2.2,0.55,700.0,0.55,0.0,normal,35.4475
14,327,19620,0,0,0.0,0.0,0.605,700.0,0.6050000000000001,0.0,normal,35.4475
14,327,19635,3,0,1.815,1.815,0.605,700.0,0.6050000000000001,0.0,normal,37.2625
14,327,19650,0,0,0.0,0.0,0.605,700.0,0.6050000000000001,0.0,normal,37.2625
14,327,19665,1,0,0.605,0.605,0.605,700.0,0.6050000000000001,0.0,normal,37.8675
14,328,19680,2,0,1.331,1.331,0.6655,700.0,0.6655000000000002,0.0,normal,39.1985
14,328,19695,1,0,0.6655,0.6655,0.6655,700.0,0.6655000000000002,0.0,normal,39.864
14,328,19710,1,0,0.6655,0.6655,0.6655,700.0,0.6655000000000002,0.0,normal,40.5295
14,328,19725,2,0,1.331,1.331,0.6655,700.0,0.6655000000000002,0.0,normal,41.8605
14,329,19740,1,0,0.7321,0.7321,0.7321,700.0,0.7320500000000003,0.0,normal,42.5926
14,329,19755,2,0,1.4641,1.4641,0.7321,700.0,0.7320500000000003,0.0,normal,44.0567
14,329,19770,0,0,0.0,0.0,0.7321,700.0,0.7320500000000003,0.0,normal,44.0567
14,329,19785,1,0,0.7321,0.7321,0.7321,700.0,0.7320500000000003,0.0,normal,44.7888
14,330,19800,1,0,0.8053,0.8053,0.8053,700.0,0.8052550000000004,0.0,normal,45.5941
14,330,19815,4,0,3.221,3.221,0.8053,700.0,0.8052550000000004,0.0,normal,48.8151
14,330,19830,0,0,0.0,0.0,0.8053,700.0,0.8052550000000004,0.0,normal,48.8151
14,330,19845,3,0,2.4158,2.4158,0.8053,700.0,0.8052550000000004,0.0,normal,51.2309
14,331,19860,0,0,0.0,0.0,0.8858,700.0,0.8857805000000005,0.0,normal,51.2309
14,331,19875,2,0,1.7716,1.7716,0.8858,700.0,0.8857805000000005,0.0,normal,53.0025
14,331,19890,4,0,3.5431,3.5431,0.8858,700.0,0.8857805000000005,0.0,normal,56.5456
14,331,19905,3,0,2.6573,2.6573,0.8858,700.0,0.8857805000000005,0.0,normal,59.2029
14,332,19920,1,0,0.9744,0.9744,0.9744,700.0,0.9743585500000007,0.0,normal,60.1773
14,332,19935,4,0,3.8974,3.8974,0.9744,700.0,0.9743585500000007,0.0,normal,64.0747
14,332,19950,4,0,3.8974,3.8974,0.9744,700.0,0.9743585500000007,0.0,normal,67.9721
14,332,19965,5,0,4.8718,4.8718,0.9744,700.0,0.9743585500000007,0.0,normal,72.8439
14,333,19980,2,0,2.1436,2.1436,1.0718,700.0,1.0717944050000008,0.0,normal,74.9875
14,333,19995,1,0,1.0718,1.0718,1.0718,700.0,1.0717944050000008,0.0,normal,76.0593
14,333,20010,1,0,1.0718,1.0718,1.0718,700.0,1.0717944050000008,0.0,normal,77.1311
14,333,20025,0,0,0.0,0.0,1.0718,700.0,1.0717944050000008,0.0,normal,77.1311
14,334,20040,2,0,2.3579,2.3579,1.179,700.0,1.178973845500001,0.0,normal,79.489
14,334,20055,4,0,4.7159,4.7159,1.179,700.0,1.178973845500001,0.0,normal,84.2049
14,334,20070,5,0,5.8949,5.8949,1.179,700.0,1.178973845500001,0.0,normal,90.0998
14,334,20085,4,0,4.7159,4.7159,1.179,700.0,1.178973845500001,0.0,normal,94.8157
14,335,20100,4,0,5.1875,5.1875,1.2969,700.0,1.2968712300500012,0.0,normal,100.0032
14,335,20115,4,0,5.1875,5.1875,1.2969,700.0,1.2968712300500012,0.0,normal,105.1907
14,335,20130,4,0,5.1875,5.1875,1.2969,700.0,1.2968712300500012,0.0,normal,110.3782
14,335,20145,8,0,10.375,10.375,1.2969,700.0,1.2968712300500012,0.0,normal,120.7532
15,336,20160,0,0,0.0,0.0,0.01,489.99999999999994,0.01,0.0,normal,0.0
15,336,20175,0,0,0.0,0.0,0.01,489.99999999999994,0.01,0.0,normal,0.0
15,336,20190,0,0,0.0,0.0,0.01,489.99999999999994,0.01,0.0,normal,0.0
15,336,20205,0,0,0.0,0.0,0.01,489.99999999999994,0.01,0.0,normal,0.0
15,337,20220,0,0,0.0,0.0,0.5,489.99999999999994,0.5,0.0,normal,0.0
15,337,20235,3,0,1.5,1.5,0.5,489.99999999999994,0.5,0.0,normal,1.5
15,337,20250,1,0,0.5,0.5,0.5,489.99999999999994,0.5,0.0,normal,2.0
15,337,20265,0,0,0.0,0.0,0.5,489.99999999999994,0.5,0.0,normal,2.0
15,338,20280,0,0,0.0,0.0,0.55,489.99999999999994,0.55,0.0,normal,2.0
15,338,20295,2,0,1.1,1.1,0.55,489.99999999999994,0.55,0.0,normal,3.1
15,338,20310,1,0,0.55,0.55,0.55,489.99999999999994,0.55,0.0,normal,3.65
15,338,20325,1,0,0.55,0.55,0.55,489.99999999999994,0.55,0.0,normal,4.2
15,339,20340,0,0,0.0,0.0,0.605,489.99999999999994,0.6050000000000001,0.0,normal,4.2
15,339,20355,2,0,1.21,1.21,0.605,489.99999999999994,0.6050000000000001,0.0,normal,5.41
15,339,20370,3,0,1.815,1.815,0.605,489.99999999999994,0.6050000000000001,0.0,normal,7.225
15,339,20385,2,0,1.21,1.21,0.605,489.99999999999994,0.6050000000000001,0.0,normal,8.435
15,340,20400,2,0,1.0,1.0,0.5,489.99999999999994,0.5,0.0,normal,9.435
15,340,20415,2,0,1.0,1.0,0.5,489.99999999999994,0.5,0.0,normal,10.435
15,340,20430,3,0,1.5,1.5,0.5,489.99999999999994,0.5,0.0,normal,11.935
15,340,20445,1,0,0.5,0.5,0.5,489.99999999999994,0.5,0.0,normal,12.435
15,341,20460,3,0,1.5,1.5,0.5,489.99999999999994,0.5,0.0,normal,13.935
15,341,20475,2,0,1.0,1.0,0.5,489.99999999999994,0.5,0.0,normal,14.935
15,341,20490,3,0,1.5,1.5,0.5,489.99999999999994,0.5,0.0,normal,16.435
15,341,20505,3,0,1.5,1.5,0.5,489.99999999999994,0.5,0.0,normal,17.935
15,342,20520,2,0,1.0,1.0,0.5,489.99999999999994,0.5,0.0,normal,18.935
15,342,20535,2,0,1.0,1.0,0.5,489.99999999999994,0.5,0.0,normal,19.935
15,342,20550,0,0,0.0,0.0,0.5,489.99999999999994,0.5,0.0,normal,19.935
15,342,20565,2,0,1.0,1.0,0.5,489.99999999999994,0.5,0.0,normal,20.935
15,343,20580,1,0,0.5,0.5,0.5,489.99999999999994,0.5,0.0,normal,21.435
15,343,20595,1,0,0.5,0.5,0.5,489.99999999999994,0.5,0.0,normal,21.935
15,343,20610,1,0,0.5,0.5,0.5,489.99999999999994,0.5,0.0,normal,22.435
15,343,20625,2,0,1.0,1.0,0.5,489.99999999999994,0.5,0.0,normal,23.435
15,344,20640,0,0,0.0,0.0,0.5,489.99999999999994,0.5,0.0,normal,23.435
15,344,20655,2,0,1.0,1.0,0.5,489.99999999999994,0.5,0.0,normal,24.435
15,344,20670,2,0,1.0,1.0,0.5,489.99999999999994,0.5,0.0,normal,25.435
15,344,20685,1,0,0.5,0.5,0.5,489.99999999999994,0.5,0.0,normal,25.935
15,345,20700,2,0,1.0,1.0,0.5,489.99999999999994,0.5,0.0,normal,26.935
15,345,20715,0,0,0.0,0.0,0.5,489.99999999999994,0.5,0.0,normal,26.935
15,345,20730,0,0,0.0,0.0,0.5,489.99999999999994,0.5,0.0,normal,26.935
15,345,20745,1,0,0.5,0.5,0.5,489.99999999999994,0.5,0.0,normal,27.435
15,346,20760,0,0,0.0,0.0,0.5,489.99999999999994,0.5,0.0,normal,27.435
15,346,20775,1,0,0.5,0.5,0.5,489.99999999999994,0.5,0.0,normal,27.935
15,346,20790,0,0,0.0,0.0,0.5,489.99999999999994,0.5,0.0,normal,27.935
15,346,20805,0,0,0.0,0.0,0.5,489.99999999999994,0.5,0.0,normal,27.935
15,347,20820,0,0,0.0,0.0,0.5,489.99999999999994,0.5,0.0,normal,27.935
15,347,20835,0,0,0.0,0.0,0.5,489.99999999999994,0.5,0.0,normal,27.935
15,347,20850,0,0,0.0,0.0,0.5,489.99999999999994,0.5,0.0,normal,27.935
15,347,20865,0,0,0.0,0.0,0.5,489.99999999999994,0.5,0.0,normal,27.935
15,348,20880,0,0,0.0,0.0,0.01,489.99999999999994,0.01,0.0,normal,27.935
15,348,20895,0,0,0.0,0.0,0.01,489.99999999999994,0.01,0.0,normal,27.935
15,348,20910,0,0,0.0,0.0,0.01,489.99999999999994,0.01,0.0,normal,27.935
15,348,20925,0,0,0.0,0.0,0.01,489.99999999999994,0.01,0.0,normal,27.935
15,349,20940,1,0,0.5,0.5,0.5,489.99999999999994,0.5,0.0,normal,28.435
15,349,20955,3,0,1.5,1.5,0.5,489.99999999999994,0.5,0.0,normal,29.935
15,349,20970,2,0,1.0,1.0,0.5,489.99999999999994,0.5,0.0,normal,30.935
15,349,20985,1,0,0.5,0.5,0.5,489.99999999999994,0.5,0.0,normal,31.435
15,350,21000,2,0,1.0,1.0,0.5,489.99999999999994,0.5,0.0,normal,32.435
15,350,21015,1,0,0.5,0.5,0.5,489.99999999999994,0.5,0.0,normal,32.935
15,350,21030,1,0,0.5,0.5,0.5,489.99999999999994,0.5,0.0,normal,33.435
15,350,21045,0,0,0.0,0.0,0.5,489.99999999999994,0.5,0.0,normal,33.435
15,351,21060,3,0,1.65,1.65,0.55,489.99999999999994,0.55,0.0,normal,35.085
15,351,21075,0,0,0.0,0.0,0.55,489.99999999999994,0.55,0.0,normal,35.085
15,351,21090,3,0,1.65,1.65,0.55,489.99999999999994,0.55,0.0,normal,36.735
15,351,21105,3,0,1.65,1.65,0.55,489.99999999999994,0.55,0.0,normal,38.385
15,352,21120,2,0,1.0,1.0,0.5,489.99999999999994,0.5,0.0,normal,39.385
15,352,21135,2,0,1.0,1.0,0.5,489.99999999999994,0.5,0.0,normal,40.385
15,352,21150,1,0,0.5,0.5,0.5,489.99999999999994,0.5,0.0,normal,40.885
15,352,21165,1,0,0.5,0.5,0.5,489.99999999999994,0.5,0.0,normal,41.385
15,353,21180,2,0,1.0,1.0,0.5,489.99999999999994,0.5,0.0,normal,42.385
15,353,21195,1,0,0.5,0.5,0.5,489.99999999999994,0.5,0.0,normal,42.885
15,353,21210,1,0,0.5,0.5,0.5,489.99999999999994,0.5,0.0,normal,43.385
15,353,21225,2,0,1.0,1.0,0.5,489.99999999999994,0.5,0.0,normal,44.385
15,354,21240,2,0,1.0,1.0,0.5,489.99999999999994,0.5,0.0,normal,45.385
15,354,21255,0,0,0.0,0.0,0.5,489.99999999999994,0.5,0.0,normal,45.385
15,354,21270,1,0,0.5,0.5,0.5,489.99999999999994,0.5,0.0,normal,45.885
15,354,21285,1,0,0.5,0.5,0.5,489.99999999999994,0.5,0.0,normal,46.385
15,355,21300,3,0,1.65,1.65,0.55,489.99999999999994,0.55,0.0,normal,48.035
15,355,21315,2,0,1.1,1.1,0.55,489.99999999999994,0.55,0.0,normal,49.135
15,355,21330,1,0,0.55,0.55,0.55,489.99999999999994,0.55,0.0,normal,49.685
15,355,21345,2,0,1.1,1.1,0.55,489.99999999999994,0.55,0.0,normal,50.785
15,356,21360,1,0,0.605,0.605,0.605,489.99999999999994,0.6050000000000001,0.0,normal,51.39
15,356,21375,2,0,1.21,1.21,0.605,489.99999999999994,0.6050000000000001,0.0,normal,52.6
15,356,21390,1,0,0.605,0.605,0.605,489.99999999999994,0.6050000000000001,0.0,normal,53.205
15,356,21405,3,0,1.815,1.815,0.605,489.99999999999994,0.6050000000000001,0.0,normal,55.02
15,357,21420,3,0,1.9965,1.9965,0.6655,489.99999999999994,0.6655000000000002,0.0,normal,57.0165
15,357,21435,0,0,0.0,0.0,0.6655,489.99999999999994,0.6655000000000002,0.0,normal,57.0165
15,357,21450,3,0,1.9965,1.9965,0.6655,489.99999999999994,0.6655000000000002,0.0,normal,59.013
15,357,21465,4,0,2.662,2.662,0.6655,489.99999999999994,0.6655000000000002,0.0,normal,61.675
15,358,21480,2,0,1.4641,1.4641,0.7321,489.99999999999994,0.7320500000000003,0.0,normal,63.1391
15,358,21495,6,0,4.3923,4.3923,0.7321,489.99999999999994,0.7320500000000003,0.0,normal,67.5314
15,358,21510,3,0,2.1962,2.1962,0.7321,489.99999999999994,0.7320500000000003,0.0,normal,69.7276
15,358,21525,1,0,0.7321,0.7321,0.7321,489.99999999999994,0.7320500000000003,0.0,normal,70.4597
15,359,21540,3,0,2.4158,2.4158,0.8053,489.99999999999994,0.8052550000000004,0.0,normal,72.8755
15,359,21555,1,0,0.8053,0.8053,0.8053,489.99999999999994,0.8052550000000004,0.0,normal,73.6808
15,359,21570,5,0,4.0263,4.0263,0.8053,489.99999999999994,0.8052550000000004,0.0,normal,77.7071
15,359,21585,2,0,1.6105,1.6105,0.8053,489.99999999999994,0.8052550000000004,0.0,normal,79.3176
16,360,21600,0,0,0.0,0.0,0.01,489.99999999999994,0.01,0.0,normal,0.0
16,360,21615,0,0,0.0,0.0,0.01,489.99999999999994,0.01,0.0,normal,0.0
16,360,21630,0,0,0.0,0.0,0.01,489.99999999999994,0.01,0.0,normal,0.0
16,360,21645,0,0,0.0,0.0,0.01,489.99999999999994,0.01,0.0,normal,0.0
16,361,21660,1,0,0.5,0.5,0.5,489.99999999999994,0.5,0.0,normal,0.5
16,361,21675,1,0,0.5,0.5,0.5,489.99999999999994,0.5,0.0,normal,1.0
16,361,21690,2,0,1.0,1.0,0.5,489.99999999999994,0.5,0.0,normal,2.0
16,361,21705,0,0,0.0,0.0,0.5,489.99999999999994,0.5,0.0,normal,2.0
16,362,21720,2,0,1.1,1.1,0.55,489.99999999999994,0.55,0.0,normal,3.1
16,362,21735,0,0,0.0,0.0,0.55,489.99999999999994,0.55,0.0,normal,3.1
16,362,21750,0,0,0.0,0.0,0.55,489.99999999999994,0.55,0.0,normal,3.1
16,362,21765,2,0,1.1,1.1,0.55,489.99999999999994,0.55,0.0,normal,4.2
16,363,21780,0,0,0.0,0.0,0.605,489.99999999999994,0.6050000000000001,0.0,normal,4.2
16,363,21795,3,0,1.815,1.815,0.605,489.99999999999994,0.6050000000000001,0.0,normal,6.015
16,363,21810,2,0,1.21,1.21,0.605,489.99999999999994,0.6050000000000001,0.0,normal,7.225
16,363,21825,2,0,1.21,1.21,0.605,489.99999999999994,0.6050000000000001,0.0,normal,8.435
16,364,21840,1,0,0.6655,0.6655,0.6655,489.99999999999994,0.6655000000000002,0.0,normal,9.1005
16,364,21855,2,0,1.331,1.331,0.6655,489.99999999999994,0.6655000000000002,0.0,normal,10.4315
16,364,21870,1,0,0.6655,0.6655,0.6655,489.99999999999994,0.6655000000000002,0.0,normal,11.097
16,364,21885,4,0,2.662,2.662,0.6655,489.99999999999994,0.6655000000000002,0.0,normal,13.759
16,365,21900,1,0,0.7321,0.7321,0.7321,489.99999999999994,0.7320500000000003,0.0,normal,14.4911
16,365,21915,1,0,0.7321,0.7321,0.7321,489.99999999999994,0.7320500000000003,0.0,normal,15.2232
16,365,21930,3,0,2.1962,2.1962,0.7321,489.99999999999994,0.7320500000000003,0.0,normal,17.4194
16,365,21945,3,0,2.1962,2.1962,0.7321,489.99999999999994,0.7320500000000003,0.0,normal,19.6156
16,366,21960,2,0,1.6105,1.6105,0.8053,489.99999999999994,0.8052550000000004,0.0,normal,21.2261
16,366,21975,2,0,1.6105,1.6105,0.8053,489.99999999999994,0.8052550000000004,0.0,normal,22.8366
16,366,21990,2,0,1.6105,1.6105,0.8053,489.99999999999994,0.8052550000000004,0.0,normal,24.4471
16,366,22005,2,0,1.6105,1.6105,0.8053,489.99999999999994,0.8052550000000004,0.0,normal,26.0576
16,367,22020,1,0,0.8858,0.8858,0.8858,489.99999999999994,0.8857805000000005,0.0,normal,26.9434
16,367,22035,4,0,3.5431,3.5431,0.8858,489.99999999999994,0.8857805000000005,0.0,normal,30.4865
16,367,22050,0,0,0.0,0.0,0.8858,489.99999999999994,0.8857805000000005,0.0,normal,30.4865
16,367,22065,1,0,0.8858,0.8858,0.8858,489.99999999999994,0.8857805000000005,0.0,normal,31.3723
16,368,22080,0,0,0.0,0.0,0.9744,489.99999999999994,0.9743585500000007,0.0,normal,31.3723
16,368,22095,4,0,3.8974,3.8974,0.9744,489.99999999999994,0.9743585500000007,0.0,normal,35.2697
16,368,22110,4,0,3.8974,3.8974,0.9744,489.99999999999994,0.9743585500000007,0.0,normal,39.1671
16,368,22125,4,0,3.8974,3.8974,0.9744,489.99999999999994,0.9743585500000007,0.0,normal,43.0645
16,369,22140,2,0,2.1436,2.1436,1.0718,489.99999999999994,1.0717944050000008,0.0,normal,45.2081
16,369,22155,1,0,1.0304,1.0304,1.0304,489.99999999999994,1.0717944050000008,0.0,normal,46.2385
16,369,22170,1,0,1.0718,1.0718,1.0718,489.99999999999994,1.0717944050000008,0.0,normal,47.3103
16,369,22185,3,0,3.2154,3.2154,1.0718,489.99999999999994,1.0717944050000008,0.0,normal,50.5257
16,370,22200,4,0,4.6391,4.6391,1.1598,489.99999999999994,1.178973845500001,0.0,normal,55.1648
16,370,22215,4,0,4.7159,4.7159,1.179,489.99999999999994,1.178973845500001,0.0,normal,59.8807
16,370,22230,0,0,0.0,0.0,1.179,489.99999999999994,1.178973845500001,0.0,normal,59.8807
16,370,22245,3,0,3.5369,3.5369,1.179,489.99999999999994,1.178973845500001,0.0,normal,63.4176
16,371,22260,1,0,1.2969,1.2969,1.2969,489.99999999999994,1.2968712300500012,0.0,normal,64.7145
16,371,22275,2,0,2.5937,2.5937,1.2969,489.99999999999994,1.2968712300500012,0.0,normal,67.3082
16,371,22290,2,0,2.5937,2.5937,1.2969,489.99999999999994,1.2968712300500012,0.0,normal,69.9019
16,371,22305,4,0,4.5649,4.5649,1.1412,489.99999999999994,1.2968712300500012,0.0,normal,74.4668
16,372,22320,0,0,0.0,0.0,0.01,489.99999999999994,0.01,0.0,normal,74.4668
16,372,22335,0,0,0.0,0.0,0.01,489.99999999999994,0.01,0.0,normal,74.4668
16,372,22350,0,0,0.0,0.0,0.01,489.99999999999994,0.01,0.0,normal,74.4668
16,372,22365,0,0,0.0,0.0,0.01,489.99999999999994,0.01,0.0,normal,74.4668
16,373,22380,1,0,0.5,0.5,0.5,489.99999999999994,0.5,0.0,normal,74.9668
16,373,22395,3,0,1.5,1.5,0.5,489.99999999999994,0.5,0.0,normal,76.4668
16,373,22410,1,0,0.5,0.5,0.5,489.99999999999994,0.5,0.0,normal,76.9668
16,373,22425,1,0,0.5,0.5,0.5,489.99999999999994,0.5,0.0,normal,77.4668
16,374,22440,2,0,1.0,1.0,0.5,489.99999999999994,0.5,0.0,normal,78.4668
16,374,22455,3,0,1.5,1.5,0.5,489.99999999999994,0.5,0.0,normal,79.9668
16,374,22470,1,0,0.5,0.5,0.5,489.99999999999994,0.5,0.0,normal,80.4668
16,374,22485,0,0,0.0,0.0,0.5,489.99999999999994,0.5,0.0,normal,80.4668
16,375,22500,0,0,0.0,0.0,0.5,489.99999999999994,0.5,0.0,normal,80.4668
16,375,22515,0,0,0.0,0.0,0.5,489.99999999999994,0.5,0.0,normal,80.4668
16,375,22530,5,0,2.5,2.5,0.5,489.99999999999994,0.5,0.0,normal,82.9668
16,375,22545,1,0,0.5,0.5,0.5,489.99999999999994,0.5,0.0,normal,83.4668
16,376,22560,1,0,0.5,0.5,0.5,489.99999999999994,0.5,0.0,normal,83.9668
16,376,22575,1,0,0.5,0.5,0.5,489.99999999999994,0.5,0.0,normal,84.4668
16,376,22590,1,0,0.5,0.5,0.5,489.99999999999994,0.5,0.0,normal,84.9668
16,376,22605,4,0,2.0,2.0,0.5,489.99999999999994,0.5,0.0,normal,86.9668
16,377,22620,0,0,0.0,0.0,0.5,489.99999999999994,0.5,0.0,normal,86.9668
16,377,22635,1,0,0.5,0.5,0.5,489.99999999999994,0.5,0.0,normal,87.4668
16,377,22650,0,0,0.0,0.0,0.5,489.99999999999994,0.5,0.0,normal,87.4668
16,377,22665,1,0,0.5,0.5,0.5,489.99999999999994,0.5,0.0,normal,87.9668
16,378,22680,2,0,1.0,1.0,0.5,489.99999999999994,0.5,0.0,normal,88.9668
16,378,22695,3,0,1.5,1.5,0.5,489.99999999999994,0.5,0.0,normal,90.4668
16,378,22710,1,0,0.5,0.5,0.5,489.99999999999994,0.5,0.0,normal,90.9668
16,378,22725,0,0,0.0,0.0,0.5,489.99999999999994,0.5,0.0,normal,90.9668
16,379,22740,0,0,0.0,0.0,0.5,489.99999999999994,0.5,0.0,normal,90.9668
16,379,22755,2,0,1.0,1.0,0.5,489.99999999999994,0.5,0.0,normal,91.9668
16,379,22770,1,0,0.5,0.5,0.5,489.99999999999994,0.5,0.0,normal,92.4668
16,379,22785,3,0,1.5,1.5,0.5,489.99999999999994,0.5,0.0,normal,93.9668
16,380,22800,0,0,0.0,0.0,0.5,489.99999999999994,0.5,0.0,normal,93.9668
16,380,22815,5,0,2.5,2.5,0.5,489.99999999999994,0.5,0.0,normal,96.4668
16,380,22830,0,0,0.0,0.0,0.5,489.99999999999994,0.5,0.0,normal,96.4668
16,380,22845,0,0,0.0,0.0,0.5,489.99999999999994,0.5,0.0,normal,96.4668
16,381,22860,2,0,1.0,1.0,0.5,489.99999999999994,0.5,0.0,normal,97.4668
16,381,22875,2,0,1.0,1.0,0.5,489.99999999999994,0.5,0.0,normal,98.4668
16,381,22890,0,0,0.0,0.0,0.5,489.99999999999994,0.5,0.0,normal,98.4668
16,381,22905,2,0,1.0,1.0,0.5,489.99999999999994,0.5,0.0,normal,99.4668
16,382,22920,0,0,0.0,0.0,0.55,489.99999999999994,0.55,0.0,normal,99.4668
16,382,22935,1,0,0.55,0.55,0.55,489.99999999999994,0.55,0.0,normal,100.0168
16,382,22950,1,0,0.55,0.55,0.55,489.99999999999994,0.55,0.0,normal,100.5668
16,382,22965,4,0,2.2,2.2,0.55,489.99999999999994,0.55,0.0,normal,102.7668
16,383,22980,1,0,0.605,0.605,0.605,489.99999999999994,0.6050000000000001,0.0,normal,103.3718
16,383,22995,2,0,1.21,1.21,0.605,489.99999999999994,0.6050000000000001,0.0,normal,104.5818
16,383,23010,2,0,1.21,1.21,0.605,489.99999999999994,0.6050000000000001,0.0,normal,105.7918
16,383,23025,2,0,1.21,1.21,0.605,489.99999999999994,0.6050000000000001,0.0,normal,107.0018
17,384,23040,0,0,0.0,0.0,0.01,489.99999999999994,0.01,0.0,normal,0.0
17,384,23055,0,0,0.0,0.0,0.01,489.99999999999994,0.01,0.0,normal,0.0
17,384,23070,0,0,0.0,0.0,0.01,489.99999999999994,0.01,0.0,normal,0.0
17,384,23085,1,0,0.01,0.01,0.01,489.99999999999994,0.01,0.0,normal,0.01
17,385,23100,2,0,1.0,1.0,0.5,489.99999999999994,0.5,0.0,normal,1.01
17,385,23115,2,0,1.0,1.0,0.5,489.99999999999994,0.5,0.0,normal,2.01
17,385,23130,3,0,1.5,1.5,0.5,489.99999999999994,0.5,0.0,normal,3.51
17,385,23145,0,0,0.0,0.0,0.5,489.99999999999994,0.5,0.0,normal,3.51
17,386,23160,2,0,1.1,1.1,0.55,489.99999999999994,0.55,0.0,normal,4.61
17,386,23175,0,0,0.0,0.0,0.55,489.99999999999994,0.55,0.0,normal,4.61
17,386,23190,1,0,0.55,0.55,0.55,489.99999999999994,0.55,0.0,normal,5.16
17,386,23205,1,0,0.55,0.55,0.55,489.99999999999994,0.55,0.0,normal,5.71
17,387,23220,1,0,0.605,0.605,0.605,489.99999999999994,0.6050000000000001,0.0,normal,6.315
17,387,23235,2,0,1.21,1.21,0.605,489.99999999999994,0.6050000000000001,0.0,normal,7.525
17,387,23250,1,0,0.605,0.605,0.605,489.99999999999994,0.6050000000000001,0.0,normal,8.13
17,387,23265,0,0,0.0,0.0,0.605,489.99999999999994,0.6050000000000001,0.0,normal,8.13
17,388,23280,2,0,1.331,1.331,0.6655,489.99999999999994,0.6655000000000002,0.0,normal,9.461
17,388,23295,2,0,1.331,1.331,0.6655,489.99999999999994,0.6655000000000002,0.0,normal,10.792
17,388,23310,2,0,1.331,1.331,0.6655,489.99999999999994,0.6655000000000002,0.0,normal,12.123
17,388,23325,1,0,0.6655,0.6655,0.6655,489.99999999999994,0.6655000000000002,0.0,normal,12.7885
17,389,23340,3,0,2.1962,2.1962,0.7321,489.99999999999994,0.7320500000000003,0.0,normal,14.9847
17,389,23355,2,0,1.4641,1.4641,0.7321,489.99999999999994,0.7320500000000003,0.0,normal,16.4488
17,389,23370,2,0,1.4641,1.4641,0.7321,489.99999999999994,0.7320500000000003,0.0,normal,17.9129
17,389,23385,4,0,2.9282,2.9282,0.7321,489.99999999999994,0.7320500000000003,0.0,normal,20.8411
17,390,23400,0,0,0.0,0.0,0.8053,489.99999999999994,0.8052550000000004,0.0,normal,20.8411
17,390,23415,3,0,2.4158,2.4158,0.8053,489.99999999999994,0.8052550000000004,0.0,normal,23.2569
17,390,23430,4,0,3.221,3.221,0.8053,489.99999999999994,0.8052550000000004,0.0,normal,26.4779
17,390,23445,0,0,0.0,0.0,0.8053,489.99999999999994,0.8052550000000004,0.0,normal,26.4779
17,391,23460,2,0,1.7716,1.7716,0.8858,489.99999999999994,0.8857805000000005,0.0,normal,28.2495
17,391,23475,1,0,0.8858,0.8858,0.8858,489.99999999999994,0.8857805000000005,0.0,normal,29.1353
17,391,23490,2,0,1.7716,1.7716,0.8858,489.99999999999994,0.8857805000000005,0.0,normal,30.9069
17,391,23505,1,0,0.8858,0.8858,0.8858,489.99999999999994,0.8857805000000005,0.0,normal,31.7927
17,392,23520,4,0,3.8974,3.8974,0.9744,489.99999999999994,0.9743585500000007,0.0,normal,35.6901
17,392,23535,1,0,0.9744,0.9744,0.9744,489.99999999999994,0.9743585500000007,0.0,normal,36.6645
17,392,23550,2,0,1.9487,1.9487,0.9744,489.99999999999994,0.9743585500000007,0.0,normal,38.6132
17,392,23565,1,0,0.9744,0.9744,0.9744,489.99999999999994,0.9743585500000007,0.0,normal,39.5876
17,393,23580,2,0,2.1436,2.1436,1.0718,489.99999999999994,1.0717944050000008,0.0,normal,41.7312
17,393,23595,5,0,5.359,5.359,1.0718,489.99999999999994,1.0717944050000008,0.0,normal,47.0902
17,393,23610,0,0,0.0,0.0,1.0718,489.99999999999994,1.0717944050000008,0.0,normal,47.0902
17,393,23625,2,0,2.1436,2.1436,1.0718,489.99999999999994,1.0717944050000008,0.0,normal,49.2338
17,394,23640,3,0,3.5369,3.5369,1.179,489.99999999999994,1.178973845500001,0.0,normal,52.7707
17,394,23655,4,0,4.7159,4.7159,1.179,489.99999999999994,1.178973845500001,0.0,normal,57.4866
17,394,23670,2,0,2.3579,2.3579,1.179,489.99999999999994,1.178973845500001,0.0,normal,59.8445
17,394,23685,5,0,5.5829,5.5829,1.1166,489.99999999999994,1.178973845500001,0.0,normal,65.4274
17,395,23700,3,0,3.8906,3.8906,1.2969,489.99999999999994,1.2968712300500012,0.0,normal,69.318
17,395,23715,6,0,7.3321,7.3321,1.222,489.99999999999994,1.2968712300500012,0.0,normal,76.6501
17,395,23730,3,0,3.8906,3.8906,1.2969,489.99999999999994,1.2968712300500012,0.0,normal,80.5407
17,395,23745,3,0,3.8906,3.8906,1.2969,489.99999999999994,1.2968712300500012,0.0,normal,84.4313
17,396,23760,0,0,0.0,0.0,0.01,489.99999999999994,0.01,0.0,normal,84.4313
17,396,23775,0,0,0.0,0.0,0.01,489.99999999999994,0.01,0.0,normal,84.4313
17,396,23790,1,0,0.01,0.01,0.01,489.99999999999994,0.01,0.0,normal,84.4413
17,396,23805,0,0,0.0,0.0,0.01,489.99999999999994,0.01,0.0,normal,84.4413
17,397,23820,2,0,1.0,1.0,0.5,489.99999999999994,0.5,0.0,normal,85.4413
17,397,23835,1,0,0.5,0.5,0.5,489.99999999999994,0.5,0.0,normal,85.9413
17,397,23850,1,0,0.5,0.5,0.5,489.99999999999994,0.5,0.0,normal,86.4413
17,397,23865,2,0,1.0,1.0,0.5,489.99999999999994,0.5,0.0,normal,87.4413
17,398,23880,0,0,0.0,0.0,0.55,489.99999999999994,0.55,0.0,normal,87.4413
17,398,23895,2,0,1.1,1.1,0.55,489.99999999999994,0.55,0.0,normal,88.5413
17,398,23910,1,0,0.55,0.55,0.55,489.99999999999994,0.55,0.0,normal,89.0913
17,398,23925,2,0,1.1,1.1,0.55,489.99999999999994,0.55,0.0,normal,90.1913
17,399,23940,3,0,1.815,1.815,0.605,489.99999999999994,0.6050000000000001,0.0,normal,92.0063
17,399,23955,5,0,3.025,3.025,0.605,489.99999999999994,0.6050000000000001,0.0,normal,95.0313
17,399,23970,1,0,0.605,0.605,0.605,489.99999999999994,0.6050000000000001,0.0,normal,95.6363
17,399,23985,2,0,1.21,1.21,0.605,489.99999999999994,0.6050000000000001,0.0,normal,96.8463
17,400,24000,0,0,0.0,0.0,0.5,489.99999999999994,0.5,0.0,normal,96.8463
17,400,24015,4,0,2.0,2.0,0.5,489.99999999999994,0.5,0.0,normal,98.8463
17,400,24030,1,0,0.5,0.5,0.5,489.99999999999994,0.5,0.0,normal,99.3463
17,400,24045,0,0,0.0,0.0,0.5,489.99999999999994,0.5,0.0,normal,99.3463
17,401,24060,0,0,0.0,0.0,0.55,489.99999999999994,0.55,0.0,normal,99.3463
17,401,24075,1,0,0.55,0.55,0.55,489.99999999999994,0.55,0.0,normal,99.8963
17,401,24090,2,0,1.1,1.1,0.55,489.99999999999994,0.55,0.0,normal,100.9963
17,401,24105,2,0,1.1,1.1,0.55,489.99999999999994,0.55,0.0,normal,102.0963
17,402,24120,1,0,0.5,0.5,0.5,489.99999999999994,0.5,0.0,normal,102.5963
17,402,24135,0,0,0.0,0.0,0.5,489.99999999999994,0.5,0.0,normal,102.5963
17,402,24150,1,0,0.5,0.5,0.5,489.99999999999994,0.5,0.0,normal,103.0963
17,402,24165,1,0,0.5,0.5,0.5,489.99999999999994,0.5,0.0,normal,103.5963
17,403,24180,1,0,0.55,0.55,0.55,489.99999999999994,0.55,0.0,normal,104.1463
17,403,24195,1,0,0.55,0.55,0.55,489.99999999999994,0.55,0.0,normal,104.6963
17,403,24210,2,0,1.1,1.1,0.55,489.99999999999994,0.55,0.0,normal,105.7963
17,403,24225,1,0,0.55,0.55,0.55,489.99999999999994,0.55,0.0,normal,106.3463
17,404,24240,3,0,1.815,1.815,0.605,489.99999999999994,0.6050000000000001,0.0,normal,108.1613
17,404,24255,3,0,1.815,1.815,0.605,489.99999999999994,0.6050000000000001,0.0,normal,109.9763
17,404,24270,0,0,0.0,0.0,0.605,489.99999999999994,0.6050000000000001,0.0,normal,109.9763
17,404,24285,1,0,0.605,0.605,0.605,489.99999999999994,0.6050000000000001,0.0,normal,110.5813
17,405,24300,0,0,0.0,0.0,0.5,489.99999999999994,0.5,0.0,normal,110.5813
17,405,24315,4,0,2.0,2.0,0.5,489.99999999999994,0.5,0.0,normal,112.5813
17,405,24330,4,0,2.0,2.0,0.5,489.99999999999994,0.5,0.0,normal,114.5813
17,405,24345,1,0,0.5,0.5,0.5,489.99999999999994,0.5,0.0,normal,115.0813
17,406,24360,0,0,0.0,0.0,0.5,489.99999999999994,0.5,0.0,normal,115.0813
17,406,24375,2,0,1.0,1.0,0.5,489.99999999999994,0.5,0.0,normal,116.0813
17,406,24390,1,0,0.5,0.5,0.5,489.99999999999994,0.5,0.0,normal,116.5813
17,406,24405,2,0,1.0,1.0,0.5,489.99999999999994,0.5,0.0,normal,117.5813
17,407,24420,2,0,1.0,1.0,0.5,489.99999999999994,0.5,0.0,normal,118.5813
17,407,24435,3,0,1.5,1.5,0.5,489.99999999999994,0.5,0.0,normal,120.0813
17,407,24450,0,0,0.0,0.0,0.5,489.99999999999994,0.5,0.0,normal,120.0813
17,407,24465,1,0,0.5,0.5,0.5,489.99999999999994,0.5,0.0,normal,120.5813
18,408,24480,0,0,0.0,0.0,0.01,489.99999999999994,0.01,0.0,normal,0.0
18,408,24495,0,0,0.0,0.0,0.01,489.99999999999994,0.01,0.0,normal,0.0
18,408,24510,0,0,0.0,0.0,0.01,489.99999999999994,0.01,0.0,normal,0.0
18,408,24525,0,0,0.0,0.0,0.01,489.99999999999994,0.01,0.0,normal,0.0
18,409,24540,0,0,0.0,0.0,0.5,489.99999999999994,0.5,0.0,normal,0.0
18,409,24555,0,0,0.0,0.0,0.5,489.99999999999994,0.5,0.0,normal,0.0
18,409,24570,0,0,0.0,0.0,0.5,489.99999999999994,0.5,0.0,normal,0.0
18,409,24585,2,0,1.0,1.0,0.5,489.99999999999994,0.5,0.0,normal,1.0
18,410,24600,1,0,0.55,0.55,0.55,489.99999999999994,0.55,0.0,normal,1.55
18,410,24615,1,0,0.55,0.55,0.55,489.99999999999994,0.55,0.0,normal,2.1
18,410,24630,2,0,1.1,1.1,0.55,489.99999999999994,0.55,0.0,normal,3.2
18,410,24645,5,0,2.75,2.75,0.55,489.99999999999994,0.55,0.0,normal,5.95
18,411,24660,1,0,0.5,0.5,0.5,489.99999999999994,0.5,0.0,normal,6.45
18,411,24675,4,0,2.0,2.0,0.5,489.99999999999994,0.5,0.0,normal,8.45
18,411,24690,1,0,0.5,0.5,0.5,489.99999999999994,0.5,0.0,normal,8.95
18,411,24705,1,0,0.5,0.5,0.5,489.99999999999994,0.5,0.0,normal,9.45
18,412,24720,2,0,1.0,1.0,0.5,489.99999999999994,0.5,0.0,normal,10.45
18,412,24735,3,0,1.5,1.5,0.5,489.99999999999994,0.5,0.0,normal,11.95
18,412,24750,2,0,1.0,1.0,0.5,489.99999999999994,0.5,0.0,normal,12.95
18,412,24765,2,0,1.0,1.0,0.5,489.99999999999994,0.5,0.0,normal,13.95
18,413,24780,2,0,1.0,1.0,0.5,489.99999999999994,0.5,0.0,normal,14.95
18,413,24795,2,0,1.0,1.0,0.5,489.99999999999994,0.5,0.0,normal,15.95
18,413,24810,1,0,0.5,0.5,0.5,489.99999999999994,0.5,0.0,normal,16.45
18,413,24825,0,0,0.0,0.0,0.5,489.99999999999994,0.5,0.0,normal,16.45
18,414,24840,2,0,1.1,1.1,0.55,489.99999999999994,0.55,0.0,normal,17.55
18,414,24855,1,0,0.55,0.55,0.55,489.99999999999994,0.55,0.0,normal,18.1
18,414,24870,1,0,0.55,0.55,0.55,489.99999999999994,0.55,0.0,normal,18.65
18,414,24885,2,0,1.1,1.1,0.55,489.99999999999994,0.55,0.0,normal,19.75
18,415,24900,2,0,1.21,1.21,0.605,489.99999999999994,0.6050000000000001,0.0,normal,20.96
18,415,24915,2,0,1.21,1.21,0.605,489.99999999999994,0.6050000000000001,0.0,normal,22.17
18,415,24930,2,0,1.21,1.21,0.605,489.99999999999994,0.6050000000000001,0.0,normal,23.38
18,415,24945,4,0,2.42,2.42,0.605,489.99999999999994,0.6050000000000001,0.0,normal,25.8
18,416,24960,1,0,0.6655,0.6655,0.6655,489.99999999999994,0.6655000000000002,0.0,normal,26.4655
18,416,24975,0,0,0.0,0.0,0.6655,489.99999999999994,0.6655000000000002,0.0,normal,26.4655
18,416,24990,2,0,1.331,1.331,0.6655,489.99999999999994,0.6655000000000002,0.0,normal,27.7965
18,416,25005,3,0,1.9965,1.9965,0.6655,489.99999999999994,0.6655000000000002,0.0,normal,29.793
18,417,25020,4,0,2.9282,2.9282,0.7321,489.99999999999994,0.7320500000000003,0.0,normal,32.7212
18,417,25035,0,0,0.0,0.0,0.7321,489.99999999999994,0.7320500000000003,0.0,normal,32.7212
18,417,25050,1,0,0.7321,0.7321,0.7321,489.99999999999994,0.7320500000000003,0.0,normal,33.4533
18,417,25065,3,0,2.1962,2.1962,0.7321,489.99999999999994,0.7320500000000003,0.0,normal,35.6495
18,418,25080,1,0,0.8053,0.8053,0.8053,489.99999999999994,0.8052550000000004,0.0,normal,36.4548
18,418,25095,2,0,1.6105,1.6105,0.8053,489.99999999999994,0.8052550000000004,0.0,normal,38.0653
18,418,25110,4,0,3.221,3.221,0.8053,489.99999999999994,0.8052550000000004,0.0,normal,41.2863
18,418,25125,2,0,1.6105,1.6105,0.8053,489.99999999999994,0.8052550000000004,0.0,normal,42.8968
18,419,25140,2,0,1.7716,1.7716,0.8858,489.99999999999994,0.8857805000000005,0.0,normal,44.6684
18,419,25155,3,0,2.6573,2.6573,0.8858,489.99999999999994,0.8857805000000005,0.0,normal,47.3257
18,419,25170,1,0,0.8858,0.8858,0.8858,489.99999999999994,0.8857805000000005,0.0,normal,48.2115
18,419,25185,3,0,2.6573,2.6573,0.8858,489.99999999999994,0.8857805000000005,0.0,normal,50.8688
18,420,25200,0,0,0.0,0.0,0.01,489.99999999999994,0.01,0.0,normal,50.8688
18,420,25215,0,0,0.0,0.0,0.01,489.99999999999994,0.01,0.0,normal,50.8688
18,420,25230,0,0,0.0,0.0,0.01,489.99999999999994,0.01,0.0,normal,50.8688
18,420,25245,0,0,0.0,0.0,0.01,489.99999999999994,0.01,0.0,normal,50.8688
18,421,25260,0,0,0.0,0.0,0.5,489.99999999999994,0.5,0.0,normal,50.8688
18,421,25275,2,0,1.0,1.0,0.5,489.99999999999994,0.5,0.0,normal,51.8688
18,421,25290,1,0,0.5,0.5,0.5,489.99999999999994,0.5,0.0,normal,52.3688
18,421,25305,1,0,0.5,0.5,0.5,489.99999999999994,0.5,0.0,normal,52.8688
18,422,25320,2,0,1.1,1.1,0.55,489.99999999999994,0.55,0.0,normal,53.9688
18,422,25335,3,0,1.65,1.65,0.55,489.99999999999994,0.55,0.0,normal,55.6188
18,422,25350,2,0,1.1,1.1,0.55,489.99999999999994,0.55,0.0,normal,56.7188
18,422,25365,0,0,0.0,0.0,0.55,489.99999999999994,0.55,0.0,normal,56.7188
18,423,25380,4,0,2.42,2.42,0.605,489.99999999999994,0.6050000000000001,0.0,normal,59.1388
18,423,25395,0,0,0.0,0.0,0.605,489.99999999999994,0.6050000000000001,0.0,normal,59.1388
18,423,25410,1,0,0.605,0.605,0.605,489.99999999999994,0.6050000000000001,0.0,normal,59.7438
18,423,25425,2,0,1.21,1.21,0.605,489.99999999999994,0.6050000000000001,0.0,normal,60.9538
18,424,25440,3,0,1.9965,1.9965,0.6655,489.99999999999994,0.6655000000000002,0.0,normal,62.9503
18,424,25455,2,0,1.331,1.331,0.6655,489.99999999999994,0.6655000000000002,0.0,normal,64.2813
18,424,25470,0,0,0.0,0.0,0.6655,489.99999999999994,0.6655000000000002,0.0,normal,64.2813
18,424,25485,2,0,1.331,1.331,0.6655,489.99999999999994,0.6655000000000002,0.0,normal,65.6123
18,425,25500,2,0,1.4641,1.4641,0.7321,489.99999999999994,0.7320500000000003,0.0,normal,67.0764
18,425,25515,2,0,1.4641,1.4641,0.7321,489.99999999999994,0.7320500000000003,0.0,normal,68.5405
18,425,25530,0,0,0.0,0.0,0.7321,489.99999999999994,0.7320500000000003,0.0,normal,68.5405
18,425,25545,4,0,2.9282,2.9282,0.7321,489.99999999999994,0.7320500000000003,0.0,normal,71.4687
18,426,25560,2,0,1.6105,1.6105,0.8053,489.99999999999994,0.8052550000000004,0.0,normal,73.0792
18,426,25575,1,0,0.8053,0.8053,0.8053,489.99999999999994,0.8052550000000004,0.0,normal,73.8845
18,426,25590,2,0,1.6105,1.6105,0.8053,489.99999999999994,0.8052550000000004,0.0,normal,75.495
18,426,25605,0,0,0.0,0.0,0.8053,489.99999999999994,0.8052550000000004,0.0,normal,75.495
18,427,25620,3,0,2.6573,2.6573,0.8858,489.99999999999994,0.8857805000000005,0.0,normal,78.1523
18,427,25635,2,0,1.7716,1.7716,0.8858,489.99999999999994,0.8857805000000005,0.0,normal,79.9239
18,427,25650,5,0,4.4289,4.4289,0.8858,489.99999999999994,0.8857805000000005,0.0,normal,84.3528
18,427,25665,3,0,2.6573,2.6573,0.8858,489.99999999999994,0.8857805000000005,0.0,normal,87.0101
18,428,25680,2,0,1.9487,1.9487,0.9744,489.99999999999994,0.9743585500000007,0.0,normal,88.9588
18,428,25695,1,0,0.9744,0.9744,0.9744,489.99999999999994,0.9743585500000007,0.0,normal,89.9332
18,428,25710,0,0,0.0,0.0,0.9744,489.99999999999994,0.9743585500000007,0.0,normal,89.9332
18,428,25725,3,0,2.9231,2.9231,0.9744,489.99999999999994,0.9743585500000007,0.0,normal,92.8563
18,429,25740,3,0,3.2154,3.2154,1.0718,489.99999999999994,1.0717944050000008,0.0,normal,96.0717
18,429,25755,1,0,1.0718,1.0718,1.0718,489.99999999999994,1.0717944050000008,0.0,normal,97.1435
18,429,25770,7,0,7.5026,7.5026,1.0718,489.99999999999994,1.0717944050000008,0.0,normal,104.6461
18,429,25785,2,0,2.1436,2.1436,1.0718,489.99999999999994,1.0717944050000008,0.0,normal,106.7897
18,430,25800,4,0,4.7159,4.7159,1.179,489.99999999999994,1.178973845500001,0.0,normal,111.5056
18,430,25815,7,0,8.2528,8.2528,1.179,489.99999999999994,1.178973845500001,0.0,normal,119.7584
18,430,25830,3,0,3.5369,3.5369,1.179,489.99999999999994,1.178973845500001,0.0,normal,123.2953
18,430,25845,3,0,3.5369,3.5369,1.179,489.99999999999994,1.178973845500001,0.0,normal,126.8322
18,431,25860,4,0,3.6312,3.6312,0.9078,489.99999999999994,0.9078098610350007,0.0,normal,130.4634
18,431,25875,0,0,0.0,0.0,0.9078,489.99999999999994,0.9078098610350007,0.0,normal,130.4634
18,431,25890,1,0,0.9078,0.9078,0.9078,489.99999999999994,0.9078098610350007,0.0,normal,131.3712
18,431,25905,2,0,1.8156,1.8156,0.9078,489.99999999999994,0.9078098610350007,0.0,normal,133.1868
19,432,25920,0,0,0.0,0.0,0.01,489.99999999999994,0.01,0.0,normal,0.0
19,432,25935,0,0,0.0,0.0,0.01,489.99999999999994,0.01,0.0,normal,0.0
19,432,25950,0,0,0.0,0.0,0.01,489.99999999999994,0.01,0.0,normal,0.0
19,432,25965,0,0,0.0,0.0,0.01,489.99999999999994,0.01,0.0,normal,0.0
19,433,25980,1,0,0.5,0.5,0.5,489.99999999999994,0.5,1.0,normal,0.5
19,433,25995,0,0,0.0,0.0,0.5,489.99999999999994,0.5,1.0,normal,0.5
19,433,26010,0,0,0.0,0.0,0.5,489.99999999999994,0.5,1.0,normal,0.5
19,433,26025,2,0,1.0,1.0,0.5,489.99999999999994,0.5,1.0,normal,1.5
19,434,26040,1,0,0.5,0.5,0.5,489.99999999999994,0.5,1.0,normal,2.0
19,434,26055,1,0,0.5,0.5,0.5,489.99999999999994,0.5,1.0,normal,2.5
19,434,26070,0,0,0.0,0.0,0.5,489.99999999999994,0.5,1.0,normal,2.5
19,434,26085,1,0,0.5,0.5,0.5,489.99999999999994,0.5,1.0,normal,3.0
19,435,26100,0,0,0.0,0.0,0.5,489.99999999999994,0.5,1.0,normal,3.0
19,435,26115,2,0,1.0,1.0,0.5,489.99999999999994,0.5,1.0,normal,4.0
19,435,26130,0,0,0.0,0.0,0.5,489.99999999999994,0.5,1.0,normal,4.0
19,435,26145,1,0,0.5,0.5,0.5,489.99999999999994,0.5,1.0,normal,4.5
19,436,26160,2,0,1.0,1.0,0.5,489.99999999999994,0.5,1.0,normal,5.5
19,436,26175,2,0,1.0,1.0,0.5,489.99999999999994,0.5,1.0,normal,6.5
19,436,26190,1,0,0.5,0.5,0.5,489.99999999999994,0.5,1.0,normal,7.0
19,436,26205,0,0,0.0,0.0,0.5,489.99999999999994,0.5,1.0,normal,7.0
19,437,26220,1,0,0.5,0.5,0.5,489.99999999999994,0.5,1.0,normal,7.5
19,437,26235,0,0,0.0,0.0,0.5,489.99999999999994,0.5,1.0,normal,7.5
19,437,26250,1,0,0.5,0.5,0.5,489.99999999999994,0.5,1.0,normal,8.0
19,437,26265,2,0,1.0,1.0,0.5,489.99999999999994,0.5,1.0,normal,9.0
19,438,26280,3,0,1.5,1.5,0.5,489.99999999999994,0.5,1.0,normal,10.5
19,438,26295,0,0,0.0,0.0,0.5,489.99999999999994,0.5,1.0,normal,10.5
19,438,26310,2,0,1.0,1.0,0.5,489.99999999999994,0.5,1.0,normal,11.5
19,438,26325,0,0,0.0,0.0,0.5,489.99999999999994,0.5,1.0,normal,11.5
19,439,26340,0,0,0.0,0.0,0.5,489.99999999999994,0.5,1.0,normal,11.5
19,439,26355,1,0,0.5,0.5,0.5,489.99999999999994,0.5,1.0,normal,12.0
19,439,26370,0,0,0.0,0.0,0.5,489.99999999999994,0.5,1.0,normal,12.0
19,439,26385,0,0,0.0,0.0,0.5,489.99999999999994,0.5,1.0,normal,12.0
19,440,26400,0,0,0.0,0.0,0.55,489.99999999999994,0.55,1.0,normal,12.0
19,440,26415,2,0,1.1,1.1,0.55,489.99999999999994,0.55,1.0,normal,13.1
19,440,26430,1,0,0.55,0.55,0.55,489.99999999999994,0.55,1.0,normal,13.65
19,440,26445,0,0,0.0,0.0,0.55,489.99999999999994,0.55,1.0,normal,13.65
19,441,26460,1,0,0.605,0.605,0.605,489.99999999999994,0.6050000000000001,1.0,normal,14.255
19,441,26475,2,0,1.21,1.21,0.605,489.99999999999994,0.6050000000000001,1.0,normal,15.465
19,441,26490,0,0,0.0,0.0,0.605,489.99999999999994,0.6050000000000001,1.0,normal,15.465
19,441,26505,1,0,0.605,0.605,0.605,489.99999999999994,0.6050000000000001,1.0,normal,16.07
19,442,26520,2,0,1.331,1.331,0.6655,489.99999999999994,0.6655000000000002,1.0,normal,17.401
19,442,26535,0,0,0.0,0.0,0.6655,489.99999999999994,0.6655000000000002,1.0,normal,17.401
19,442,26550,0,0,0.0,0.0,0.6655,489.99999999999994,0.6655000000000002,1.0,normal,17.401
19,442,26565,3,0,1.9965,1.9965,0.6655,489.99999999999994,0.6655000000000002,1.0,normal,19.3975
19,443,26580,1,0,0.7321,0.7321,0.7321,489.99999999999994,0.7320500000000003,1.0,normal,20.1296
19,443,26595,4,1,2.9282,2.9282,0.7321,489.99999999999994,0.7320500000000003,1.0,normal,23.0578
19,443,26610,2,0,1.4641,1.4641,0.7321,489.99999999999994,0.7320500000000003,1.0,normal,24.5219
19,443,26625,0,0,0.0,0.0,0.7321,489.99999999999994,0.7320500000000003,1.0,normal,24.5219
19,444,26640,10,1,50.0,50.0,5.0,1000.0,5.0,1.0,normal,74.5219
19,444,26655,8,0,28.7485,28.7485,3.5936,1000.0,5.0,1.0,normal,103.2704
19,444,26670,16,0,80.0,80.0,5.0,1000.0,5.0,1.0,normal,183.2704
19,444,26685,14,0,33.3782,33.3782,2.3842,1000.0,5.0,1.0,normal,216.6486
19,445,26700,9,2,29.3694,14.6847,3.2633,1000.0,4.125,1.0,normal,246.018
19,445,26715,13,1,53.625,53.625,4.125,1000.0,4.125,1.0,normal,299.643
19,445,26730,10,0,25.0355,25.0355,2.5036,1000.0,4.125,1.0,normal,324.6785
19,445,26745,9,0,13.6477,13.6477,1.5164,1000.0,4.125,1.0,normal,338.3262
19,446,26760,18,1,40.516,40.516,2.2509,1000.0,4.310625,1.0,normal,378.8422
19,446,26775,8,0,34.485,34.485,4.3106,1000.0,4.310625,1.0,normal,413.3272
19,446,26790,12,0,47.2972,47.2972,3.9414,1000.0,4.310625,1.0,normal,460.6244
19,446,26805,15,0,21.1898,21.1898,1.4127,1000.0,4.310625,1.0,normal,481.8142
19,447,26820,17,0,22.3099,22.3099,1.3123,1000.0,4.0304343750000005,1.0,normal,504.1241
19,447,26835,11,0,38.3818,38.3818,3.4893,1000.0,4.0304343750000005,1.0,normal,542.5059
19,447,26850,11,0,15.1115,15.1115,1.3738,1000.0,4.0304343750000005,1.0,normal,557.6174
19,447,26865,9,1,21.9862,21.9862,2.4429,1000.0,4.0304343750000005,1.0,normal,579.6036
19,448,26880,9,0,33.9161,33.9161,3.7685,1000.0,3.768456140625,1.0,normal,613.5197
19,448,26895,13,0,48.9899,48.9899,3.7685,1000.0,3.768456140625,1.0,normal,662.5096
19,448,26910,4,0,5.4751,5.4751,1.3688,1000.0,3.768456140625,1.0,normal,667.9847
19,448,26925,5,0,15.9119,15.9119,3.1824,1000.0,3.768456140625,1.0,normal,683.8966
19,449,26940,10,0,31.0898,31.0898,3.109,1000.0,3.1089763160156254,1.0,normal,714.9864
19,449,26955,8,1,24.8718,24.8718,3.109,1000.0,3.1089763160156254,1.0,normal,739.8582
19,449,26970,5,0,15.5449,15.5449,3.109,1000.0,3.1089763160156254,1.0,normal,755.4031
19,449,26985,5,0,15.5449,15.5449,3.109,1000.0,3.1089763160156254,1.0,normal,770.948
19,450,27000,2,0,2.8967,2.8967,1.4483,1000.0,2.5649054607128914,1.0,normal,773.8447
19,450,27015,5,0,7.3518,7.3518,1.4704,1000.0,2.5649054607128914,1.0,normal,781.1965
19,450,27030,8,0,20.5192,20.5192,2.5649,1000.0,2.5649054607128914,1.0,normal,801.7157
19,450,27045,3,1,7.6947,7.6947,2.5649,1000.0,2.5649054607128914,1.0,normal,809.4104
19,451,27060,6,1,13.081,13.081,2.1802,1000.0,2.1801696416059575,1.0,normal,822.4914
19,451,27075,3,0,5.5816,5.5816,1.8605,1000.0,2.1801696416059575,1.0,normal,828.073
19,451,27090,5,0,10.9008,10.9008,2.1802,1000.0,2.1801696416059575,1.0,normal,838.9738
19,451,27105,4,0,8.7207,8.7207,2.1802,1000.0,2.1801696416059575,1.0,normal,847.6945
19,452,27120,6,0,8.3492,8.3492,1.3915,1000.0,1.8531441953650638,1.0,normal,856.0437
19,452,27135,8,0,12.4226,12.4226,1.5528,1000.0,1.8531441953650638,1.0,normal,868.4663
19,452,27150,3,0,5.5594,5.5594,1.8531,1000.0,1.8531441953650638,1.0,normal,874.0257
19,452,27165,2,0,3.7063,3.7063,1.8531,1000.0,1.8531441953650638,1.0,normal,877.732
19,453,27180,6,0,9.451,9.451,1.5752,1000.0,1.5751725660603042,1.0,normal,887.183
19,453,27195,6,0,7.2758,7.2758,1.2126,1000.0,1.5751725660603042,1.0,normal,894.4588
19,453,27210,6,0,9.451,9.451,1.5752,1000.0,1.5751725660603042,1.0,budget_constrained,903.9098
19,453,27225,5,0,7.2941,7.2941,1.4588,1000.0,1.5751725660603042,1.0,budget_constrained,911.2039
19,454,27240,2,0,2.6778,2.6778,1.3389,1000.0,1.3388966811512586,1.0,budget_constrained,913.8817
19,454,27255,1,0,1.3389,1.3389,1.3389,1000.0,1.3388966811512586,1.0,budget_constrained,915.2206
19,454,27270,2,0,2.6778,2.6778,1.3389,1000.0,1.3388966811512586,1.0,budget_constrained,917.8984
19,454,27285,5,0,6.6945,6.6945,1.3389,1000.0,1.3388966811512586,1.0,budget_constrained,924.5929
19,455,27300,3,0,3.4142,3.4142,1.1381,1000.0,1.1380621789785699,1.0,budget_constrained,928.0071
19,455,27315,8,0,9.1045,9.1045,1.1381,1000.0,1.1380621789785699,1.0,budget_constrained,937.1116
19,455,27330,1,0,1.1381,1.1381,1.1381,1000.0,1.1380621789785699,1.0,budget_constrained,938.2497
19,455,27345,6,1,6.8284,6.8284,1.1381,1000.0,1.1380621789785699,1.0,budget_constrained,945.0781
20,456,27360,5,0,5.4058,5.4058,1.0812,1000.0,1.0811590700296414,1.0,normal,5.4058
20,456,27375,4,1,4.3246,4.3246,1.0812,1000.0,1.0811590700296414,1.0,normal,9.7304
20,456,27390,1,0,1.0812,1.0812,1.0812,1000.0,1.0811590700296414,1.0,normal,10.8116
20,456,27405,3,0,3.2435,3.2435,1.0812,1000.0,1.0811590700296414,1.0,normal,14.0551
20,457,27420,3,0,3.2435,3.2435,1.0812,1000.0,1.0811590700296414,1.0,normal,17.2986
20,457,27435,1,0,1.0812,1.0812,1.0812,1000.0,1.0811590700296414,1.0,normal,18.3798
20,457,27450,5,0,5.4058,5.4058,1.0812,1000.0,1.0811590700296414,1.0,normal,23.7856
20,457,27465,3,0,3.2435,3.2435,1.0812,1000.0,1.0811590700296414,1.0,normal,27.0291
20,458,27480,2,0,2.0542,2.0542,1.0271,1000.0,1.0271011165281594,1.0,normal,29.0833
20,458,27495,7,0,7.1897,7.1897,1.0271,1000.0,1.0271011165281594,1.0,normal,36.273
20,458,27510,3,0,3.0813,3.0813,1.0271,1000.0,1.0271011165281594,1.0,normal,39.3543
20,458,27525,3,0,3.0813,3.0813,1.0271,1000.0,1.0271011165281594,1.0,normal,42.4356
20,459,27540,1,0,0.9757,0.9757,0.9757,1000.0,0.9757460607017514,1.0,normal,43.4113
20,459,27555,4,0,3.903,3.903,0.9757,1000.0,0.9757460607017514,1.0,normal,47.3143
20,459,27570,3,0,2.9272,2.9272,0.9757,1000.0,0.9757460607017514,1.0,normal,50.2415
20,459,27585,3,0,2.9272,2.9272,0.9757,1000.0,0.9757460607017514,1.0,normal,53.1687
20,460,27600,3,0,2.7809,2.7809,0.927,1000.0,0.9269587576666638,1.0,normal,55.9496
20,460,27615,2,1,1.8539,1.8539,0.927,1000.0,0.9269587576666638,1.0,normal,57.8035
20,460,27630,3,0,2.7809,2.7809,0.927,1000.0,0.9269587576666638,1.0,normal,60.5844
20,460,27645,5,0,4.6348,4.6348,0.927,1000.0,0.9269587576666638,1.0,normal,65.2192
20,461,27660,3,0,2.7809,2.7809,0.927,1000.0,0.9269587576666638,1.0,normal,68.0001
20,461,27675,0,0,0.0,0.0,0.927,1000.0,0.9269587576666638,1.0,normal,68.0001
20,461,27690,0,0,0.0,0.0,0.927,1000.0,0.9269587576666638,1.0,normal,68.0001
20,461,27705,1,0,0.927,0.927,0.927,1000.0,0.9269587576666638,1.0,normal,68.9271
20,462,27720,2,0,1.8539,1.8539,0.927,1000.0,0.9269587576666638,1.0,normal,70.781
20,462,27735,4,0,3.7078,3.7078,0.927,1000.0,0.9269587576666638,1.0,normal,74.4888
20,462,27750,0,0,0.0,0.0,0.927,1000.0,0.9269587576666638,1.0,normal,74.4888
20,462,27765,1,0,0.927,0.927,0.927,1000.0,0.9269587576666638,1.0,normal,75.4158
20,463,27780,0,0,0.0,0.0,0.927,1000.0,0.9269587576666638,1.0,normal,75.4158
20,463,27795,2,0,1.8539,1.8539,0.927,1000.0,0.9269587576666638,1.0,normal,77.2697
20,463,27810,4,0,3.7078,3.7078,0.927,1000.0,0.9269587576666638,1.0,normal,80.9775
20,463,27825,2,0,1.8539,1.8539,0.927,1000.0,0.9269587576666638,1.0,normal,82.8314
20,464,27840,4,0,3.7078,3.7078,0.927,1000.0,0.9269587576666638,1.0,normal,86.5392
20,464,27855,2,0,1.8539,1.8539,0.927,1000.0,0.9269587576666638,1.0,normal,88.3931
20,464,27870,1,0,0.927,0.927,0.927,1000.0,0.9269587576666638,1.0,normal,89.3201
20,464,27885,3,0,2.7809,2.7809,0.927,1000.0,0.9269587576666638,1.0,normal,92.101
20,465,27900,5,0,4.6348,4.6348,0.927,1000.0,0.9269587576666638,1.0,normal,96.7358
20,465,27915,1,0,0.927,0.927,0.927,1000.0,0.9269587576666638,1.0,normal,97.6628
20,465,27930,2,0,1.8539,1.8539,0.927,1000.0,0.9269587576666638,1.0,normal,99.5167
20,465,27945,7,0,6.4887,6.4887,0.927,1000.0,0.9269587576666638,1.0,normal,106.0054
20,466,27960,4,0,3.7078,3.7078,0.927,1000.0,0.9269587576666638,1.0,normal,109.7132
20,466,27975,3,0,2.7809,2.7809,0.927,1000.0,0.9269587576666638,1.0,normal,112.4941
20,466,27990,2,0,1.8539,1.8539,0.927,1000.0,0.9269587576666638,1.0,normal,114.348
20,466,28005,3,0,2.7809,2.7809,0.927,1000.0,0.9269587576666638,1.0,normal,117.1289
20,467,28020,3,0,2.6418,2.6418,0.8806,1000.0,0.8806108197833306,1.0,normal,119.7707
20,467,28035,3,0,2.6418,2.6418,0.8806,1000.0,0.8806108197833306,1.0,normal,122.4125
20,467,28050,0,0,0.0,0.0,0.8806,1000.0,0.8806108197833306,1.0,normal,122.4125
20,467,28065,2,0,1.7612,1.7612,0.8806,1000.0,0.8806108197833306,1.0,normal,124.1737
20,468,28080,2,0,1.6732,1.6732,0.8366,1000.0,0.836580278794164,0.7,normal,125.8469
20,468,28095,1,0,0.8366,0.8366,0.8366,1000.0,0.836580278794164,0.7,normal,126.6835
20,468,28110,3,0,2.5097,2.5097,0.8366,1000.0,0.836580278794164,0.7,normal,129.1932
20,468,28125,5,0,4.1829,4.1829,0.8366,1000.0,0.836580278794164,0.7,normal,133.3761
20,469,28140,1,0,0.8366,0.8366,0.8366,1000.0,0.836580278794164,0.7,normal,134.2127
20,469,28155,3,0,2.5097,2.5097,0.8366,1000.0,0.836580278794164,0.7,normal,136.7224
20,469,28170,2,0,1.6732,1.6732,0.8366,1000.0,0.836580278794164,0.7,normal,138.3956
20,469,28185,3,0,2.5097,2.5097,0.8366,1000.0,0.836580278794164,0.7,normal,140.9053
20,470,28200,3,0,2.3466,2.3466,0.7822,1000.0,0.7822025606725433,0.7,normal,143.2519
20,470,28215,2,0,1.5644,1.5644,0.7822,1000.0,0.7822025606725433,0.7,normal,144.8163
20,470,28230,1,0,0.7822,0.7822,0.7822,1000.0,0.7822025606725433,0.7,normal,145.5985
20,470,28245,0,0,0.0,0.0,0.7822,1000.0,0.7822025606725433,0.7,normal,145.5985
20,471,28260,3,0,2.4522,2.4522,0.8174,1000.0,0.8174016759028078,0.7,normal,148.0507
20,471,28275,4,0,3.2696,3.2696,0.8174,1000.0,0.8174016759028078,0.7,normal,151.3203
20,471,28290,2,0,1.6348,1.6348,0.8174,1000.0,0.8174016759028078,0.7,normal,152.9551
20,471,28305,1,0,0.8174,0.8174,0.8174,1000.0,0.8174016759028078,0.7,normal,153.7725
20,472,28320,1,0,0.8542,0.8542,0.8542,1000.0,0.8541847513184341,0.7,normal,154.6267
20,472,28335,1,0,0.8542,0.8542,0.8542,1000.0,0.8541847513184341,0.7,normal,155.4809
20,472,28350,1,0,0.8542,0.8542,0.8542,1000.0,0.8541847513184341,0.7,normal,156.3351
20,472,28365,0,0,0.0,0.0,0.8542,1000.0,0.8541847513184341,0.7,normal,156.3351
20,473,28380,2,0,1.8792,1.8792,0.9396,1000.0,0.9396032264502776,0.7,normal,158.2143
20,473,28395,3,0,2.8188,2.8188,0.9396,1000.0,0.9396032264502776,0.7,normal,161.0331
20,473,28410,3,0,2.8188,2.8188,0.9396,1000.0,0.9396032264502776,0.7,normal,163.8519
20,473,28425,0,0,0.0,0.0,0.9396,1000.0,0.9396032264502776,0.7,normal,163.8519
20,474,28440,1,0,1.0336,1.0336,1.0336,1000.0,1.0335635490953055,0.7,normal,164.8855
20,474,28455,5,0,5.1678,5.1678,1.0336,1000.0,1.0335635490953055,0.7,normal,170.0533
20,474,28470,1,0,1.0336,1.0336,1.0336,1000.0,1.0335635490953055,0.7,normal,171.0869
20,474,28485,3,0,3.1007,3.1007,1.0336,1000.0,1.0335635490953055,0.7,normal,174.1876
20,475,28500,2,0,2.2738,2.2738,1.1369,1000.0,1.1369199040048361,0.7,normal,176.4614
20,475,28515,4,0,4.5477,4.5477,1.1369,1000.0,1.1369199040048361,0.7,normal,181.0091
20,475,28530,2,0,2.2738,2.2738,1.1369,1000.0,1.1369199040048361,0.7,normal,183.2829
20,475,28545,0,0,0.0,0.0,1.1369,1000.0,1.1369199040048361,0.7,normal,183.2829
20,476,28560,2,0,2.126,2.126,1.063,1000.0,1.0630201102445218,0.7,normal,185.4089
20,476,28575,5,0,5.3151,5.3151,1.063,1000.0,1.0630201102445218,0.7,normal,190.724
20,476,28590,6,0,6.3781,6.3781,1.063,1000.0,1.0630201102445218,0.7,normal,197.1021
20,476,28605,2,0,2.126,2.126,1.063,1000.0,1.0630201102445218,0.7,normal,199.2281
20,477,28620,3,0,2.9818,2.9818,0.9939,1000.0,0.993923803078628,0.7,normal,202.2099
20,477,28635,7,1,6.9575,6.9575,0.9939,1000.0,0.993923803078628,0.7,normal,209.1674
20,477,28650,5,0,4.9696,4.9696,0.9939,1000.0,0.993923803078628,0.7,normal,214.137
20,477,28665,1,0,0.9939,0.9939,0.9939,1000.0,0.993923803078628,0.7,normal,215.1309
20,478,28680,3,0,3.6079,3.6079,1.2026,1000.0,1.20264780172514,0.7,normal,218.7388
20,478,28695,3,0,3.6079,3.6079,1.2026,1000.0,1.20264780172514,0.7,normal,222.3467
20,478,28710,8,0,9.6212,9.6212,1.2026,1000.0,1.20264780172514,0.7,normal,231.9679
20,478,28725,2,0,2.4053,2.4053,1.2026,1000.0,1.20264780172514,0.7,normal,234.3732
20,479,28740,9,0,11.3769,11.3769,1.2641,1000.0,1.4552038400874197,0.7,normal,245.7501
20,479,28755,2,0,2.9104,2.9104,1.4552,1000.0,1.4552038400874197,0.7,normal,248.6605
20,479,28770,3,0,3.659,3.659,1.2197,1000.0,1.4552038400874197,0.7,normal,252.3195
20,479,28785,2,0,2.9104,2.9104,1.4552,1000.0,1.4552038400874197,0.7,normal,255.2299
21,480,28800,9,1,19.1767,19.1767,2.1307,1000.0,5.0,0.7,normal,19.1767
21,480,28815,16,0,80.0,80.0,5.0,1000.0,5.0,0.7,normal,99.1767
21,480,28830,14,0,39.222,39.222,2.8016,1000.0,5.0,0.7,normal,138.3987
21,480,28845,12,0,60.0,60.0,5.0,1000.0,5.0,0.7,normal,198.3987
21,481,28860,11,0,28.1429,28.1429,2.5584,1000.0,4.125,0.7,normal,226.5416
21,481,28875,11,0,26.6303,26.6303,2.4209,1000.0,4.125,0.7,normal,253.1719
21,481,28890,6,0,10.5372,10.5372,1.7562,1000.0,4.125,0.7,normal,263.7091
21,481,28905,17,1,70.125,70.125,4.125,1000.0,4.125,0.7,normal,333.8341
21,482,28920,6,0,7.8054,7.8054,1.3009,1000.0,3.403125,0.7,normal,341.6395
21,482,28935,12,0,17.3629,17.3629,1.4469,1000.0,3.403125,0.7,normal,359.0024
21,482,28950,4,0,5.517,5.517,1.3793,1000.0,3.403125,0.7,normal,364.5194
21,482,28965,14,0,23.9608,23.9608,1.7115,1000.0,3.403125,0.7,normal,388.4802
21,483,28980,7,0,19.653,19.653,2.8076,1000.0,2.8075781250000005,0.7,normal,408.1332
21,483,28995,5,0,14.0379,14.0379,2.8076,1000.0,2.8075781250000005,0.7,normal,422.1711
21,483,29010,6,1,12.5383,12.5383,2.0897,1000.0,2.8075781250000005,0.7,normal,434.7094
21,483,29025,6,0,13.2336,13.2336,2.2056,1000.0,2.8075781250000005,0.7,normal,447.943
21,484,29040,4,0,9.265,9.265,2.3163,1000.0,2.3162519531250005,0.7,normal,457.208
21,484,29055,9,0,16.6016,16.6016,1.8446,1000.0,2.3162519531250005,0.7,normal,473.8096
21,484,29070,4,0,9.265,9.265,2.3163,1000.0,2.3162519531250005,0.7,normal,483.0746
21,484,29085,6,0,13.8975,13.8975,2.3163,1000.0,2.3162519531250005,0.7,normal,496.9721
21,485,29100,5,0,9.2867,9.2867,1.8573,1000.0,1.9109078613281256,0.7,normal,506.2588
21,485,29115,6,0,11.4654,11.4654,1.9109,1000.0,1.9109078613281256,0.7,normal,517.7242
21,485,29130,8,0,15.2873,15.2873,1.9109,1000.0,1.9109078613281256,0.7,normal,533.0115
21,485,29145,4,0,7.0029,7.0029,1.7507,1000.0,1.9109078613281256,0.7,normal,540.0144
21,486,29160,7,0,11.0355,11.0355,1.5765,1000.0,1.5764989855957037,0.7,normal,551.0499
21,486,29175,1,0,1.5765,1.5765,1.5765,1000.0,1.5764989855957037,0.7,normal,552.6264
21,486,29190,4,0,6.306,6.306,1.5765,1000.0,1.5764989855957037,0.7,normal,558.9324
21,486,29205,2,0,3.153,3.153,1.5765,1000.0,1.5764989855957037,0.7,normal,562.0854
21,487,29220,2,0,2.6012,2.6012,1.3006,1000.0,1.3006116631164555,0.7,normal,564.6866
21,487,29235,2,0,2.0871,2.0871,1.0436,1000.0,1.3006116631164555,0.7,normal,566.7737
21,487,29250,6,0,7.8037,7.8037,1.3006,1000.0,1.3006116631164555,0.7,normal,574.5774
21,487,29265,2,0,2.6012,2.6012,1.3006,1000.0,1.3006116631164555,0.7,normal,577.1786
21,488,29280,0,0,0.0,0.0,1.073,1000.0,1.073004622071076,0.7,normal,577.1786
21,488,29295,0,0,0.0,0.0,1.073,1000.0,1.073004622071076,0.7,normal,577.1786
21,488,29310,3,0,3.219,3.219,1.073,1000.0,1.073004622071076,0.7,normal,580.3976
21,488,29325,2,0,2.146,2.146,1.073,1000.0,1.073004622071076,0.7,normal,582.5436
21,489,29340,0,0,0.0,0.0,0.8852,1000.0,0.8852288132086378,0.7,normal,582.5436
21,489,29355,0,0,0.0,0.0,0.8852,1000.0,0.8852288132086378,0.7,normal,582.5436
21,489,29370,2,0,1.7705,1.7705,0.8852,1000.0,0.8852288132086378,0.7,normal,584.3141
21,489,29385,3,0,2.6557,2.6557,0.8852,1000.0,0.8852288132086378,0.7,normal,586.9698
21,490,29400,3,0,2.1909,2.1909,0.7303,1000.0,0.7303137708971262,0.7,normal,589.1607
21,490,29415,1,0,0.7303,0.7303,0.7303,1000.0,0.7303137708971262,0.7,normal,589.891
21,490,29430,1,0,0.7303,0.7303,0.7303,1000.0,0.7303137708971262,0.7,normal,590.6213
21,490,29445,1,0,0.7303,0.7303,0.7303,1000.0,0.7303137708971262,0.7,normal,591.3516
21,491,29460,0,0,0.0,0.0,0.6025,1000.0,0.6025088609901291,0.7,normal,591.3516
21,491,29475,1,0,0.6025,0.6025,0.6025,1000.0,0.6025088609901291,0.7,normal,591.9541
21,491,29490,3,0,1.8075,1.8075,0.6025,1000.0,0.6025088609901291,0.7,normal,593.7616
21,491,29505,1,0,0.6025,0.6025,0.6025,1000.0,0.6025088609901291,0.7,normal,594.3641
21,492,29520,0,0,0.0,0.0,0.5,1000.0,0.5,0.7,normal,594.3641
21,492,29535,0,0,0.0,0.0,0.5,1000.0,0.5,0.7,normal,594.3641
21,492,29550,0,0,0.0,0.0,0.5,1000.0,0.5,0.7,normal,594.3641
21,492,29565,0,0,0.0,0.0,0.5,1000.0,0.5,0.7,normal,594.3641
21,493,29580,2,0,1.0,1.0,0.5,1000.0,0.5,0.7,normal,595.3641
21,493,29595,2,0,1.0,1.0,0.5,1000.0,0.5,0.7,normal,596.3641
21,493,29610,0,0,0.0,0.0,0.5,1000.0,0.5,0.7,normal,596.3641
21,493,29625,1,0,0.5,0.5,0.5,1000.0,0.5,0.7,normal,596.8641
21,494,29640,2,0,1.0,1.0,0.5,1000.0,0.5,0.7,normal,597.8641
21,494,29655,1,0,0.5,0.5,0.5,1000.0,0.5,0.7,normal,598.3641
21,494,29670,1,0,0.5,0.5,0.5,1000.0,0.5,0.7,normal,598.8641
21,494,29685,2,0,1.0,1.0,0.5,1000.0,0.5,0.7,normal,599.8641
21,495,29700,1,0,0.5,0.5,0.5,1000.0,0.5,0.7,normal,600.3641
21,495,29715,4,0,2.0,2.0,0.5,1000.0,0.5,0.7,normal,602.3641
21,495,29730,1,0,0.5,0.5,0.5,1000.0,0.5,0.7,normal,602.8641
21,495,29745,0,0,0.0,0.0,0.5,1000.0,0.5,0.7,normal,602.8641
21,496,29760,1,0,0.5,0.5,0.5,1000.0,0.5,0.7,normal,603.3641
21,496,29775,0,0,0.0,0.0,0.5,1000.0,0.5,0.7,normal,603.3641
21,496,29790,0,0,0.0,0.0,0.5,1000.0,0.5,0.7,normal,603.3641
21,496,29805,2,0,1.0,1.0,0.5,1000.0,0.5,0.7,normal,604.3641
21,497,29820,4,0,2.0,2.0,0.5,1000.0,0.5,0.7,normal,606.3641
21,497,29835,1,0,0.5,0.5,0.5,1000.0,0.5,0.7,normal,606.8641
21,497,29850,2,0,1.0,1.0,0.5,1000.0,0.5,0.7,normal,607.8641
21,497,29865,2,0,1.0,1.0,0.5,1000.0,0.5,0.7,normal,608.8641
21,498,29880,0,0,0.0,0.0,0.5,1000.0,0.5,0.7,normal,608.8641
21,498,29895,0,0,0.0,0.0,0.5,1000.0,0.5,0.7,normal,608.8641
21,498,29910,0,0,0.0,0.0,0.5,1000.0,0.5,0.7,normal,608.8641
21,498,29925,2,0,1.0,1.0,0.5,1000.0,0.5,0.7,normal,609.8641
21,499,29940,1,0,0.5,0.5,0.5,1000.0,0.5,0.7,normal,610.3641
21,499,29955,3,0,1.5,1.5,0.5,1000.0,0.5,0.7,normal,611.8641
21,499,29970,3,0,1.5,1.5,0.5,1000.0,0.5,0.7,normal,613.3641
21,499,29985,2,0,1.0,1.0,0.5,1000.0,0.5,0.7,normal,614.3641
21,500,30000,0,0,0.0,0.0,0.5,1000.0,0.5,0.7,normal,614.3641
21,500,30015,1,0,0.5,0.5,0.5,1000.0,0.5,0.7,normal,614.8641
21,500,30030,0,0,0.0,0.0,0.5,1000.0,0.5,0.7,normal,614.8641
21,500,30045,3,0,1.5,1.5,0.5,1000.0,0.5,0.7,normal,616.3641
21,501,30060,0,0,0.0,0.0,0.5,1000.0,0.5,0.7,normal,616.3641
21,501,30075,0,0,0.0,0.0,0.5,1000.0,0.5,0.7,normal,616.3641
21,501,30090,1,0,0.5,0.5,0.5,1000.0,0.5,0.7,normal,616.8641
21,501,30105,2,0,1.0,1.0,0.5,1000.0,0.5,0.7,normal,617.8641
21,502,30120,1,0,0.5,0.5,0.5,1000.0,0.5,0.7,normal,618.3641
21,502,30135,1,0,0.5,0.5,0.5,1000.0,0.5,0.7,normal,618.8641
21,502,30150,0,0,0.0,0.0,0.5,1000.0,0.5,0.7,normal,618.8641
21,502,30165,1,0,0.5,0.5,0.5,1000.0,0.5,0.7,normal,619.3641
21,503,30180,0,0,0.0,0.0,0.5,1000.0,0.5,0.7,normal,619.3641
21,503,30195,2,0,1.0,1.0,0.5,1000.0,0.5,0.7,normal,620.3641
21,503,30210,0,0,0.0,0.0,0.5,1000.0,0.5,0.7,normal,620.3641
21,503,30225,1,0,0.5,0.5,0.5,1000.0,0.5,0.7,normal,620.8641
22,504,30240,1,0,0.5,0.5,0.5,700.0,0.5,0.7,normal,0.5
22,504,30255,2,0,1.0,1.0,0.5,700.0,0.5,0.7,normal,1.5
22,504,30270,1,0,0.5,0.5,0.5,700.0,0.5,0.7,normal,2.0
22,504,30285,1,0,0.5,0.5,0.5,700.0,0.5,0.7,normal,2.5
22,505,30300,3,0,1.5,1.5,0.5,700.0,0.5,0.7,normal,4.0
22,505,30315,3,0,1.5,1.5,0.5,700.0,0.5,0.7,normal,5.5
22,505,30330,1,0,0.5,0.5,0.5,700.0,0.5,0.7,normal,6.0
22,505,30345,2,0,1.0,1.0,0.5,700.0,0.5,0.7,normal,7.0
22,506,30360,5,0,2.5,2.5,0.5,700.0,0.5,0.7,normal,9.5
22,506,30375,0,0,0.0,0.0,0.5,700.0,0.5,0.7,normal,9.5
22,506,30390,3,0,1.5,1.5,0.5,700.0,0.5,0.7,normal,11.0
22,506,30405,0,0,0.0,0.0,0.5,700.0,0.5,0.7,normal,11.0
22,507,30420,0,0,0.0,0.0,0.5,700.0,0.5,0.7,normal,11.0
22,507,30435,3,0,1.5,1.5,0.5,700.0,0.5,0.7,normal,12.5
22,507,30450,2,0,1.0,1.0,0.5,700.0,0.5,0.7,normal,13.5
22,507,30465,0,0,0.0,0.0,0.5,700.0,0.5,0.7,normal,13.5
22,508,30480,0,0,0.0,0.0,0.5,700.0,0.5,0.7,normal,13.5
22,508,30495,1,0,0.5,0.5,0.5,700.0,0.5,0.7,normal,14.0
22,508,30510,3,0,1.5,1.5,0.5,700.0,0.5,0.7,normal,15.5
22,508,30525,1,0,0.5,0.5,0.5,700.0,0.5,0.7,normal,16.0
22,509,30540,0,0,0.0,0.0,0.5,700.0,0.5,0.7,normal,16.0
22,509,30555,0,0,0.0,0.0,0.5,700.0,0.5,0.7,normal,16.0
22,509,30570,5,0,2.5,2.5,0.5,700.0,0.5,0.7,normal,18.5
22,509,30585,0,0,0.0,0.0,0.5,700.0,0.5,0.7,normal,18.5
22,510,30600,2,0,1.1,1.1,0.55,700.0,0.55,0.7,normal,19.6
22,510,30615,1,0,0.55,0.55,0.55,700.0,0.55,0.7,normal,20.15
22,510,30630,1,0,0.55,0.55,0.55,700.0,0.55,0.7,normal,20.7
22,510,30645,1,0,0.55,0.55,0.55,700.0,0.55,0.7,normal,21.25
22,511,30660,3,0,1.815,1.815,0.605,700.0,0.6050000000000001,0.7,normal,23.065
22,511,30675,2,0,1.21,1.21,0.605,700.0,0.6050000000000001,0.7,normal,24.275
22,511,30690,2,1,1.21,1.21,0.605,700.0,0.6050000000000001,0.7,normal,25.485
22,511,30705,0,0,0.0,0.0,0.605,700.0,0.6050000000000001,0.7,normal,25.485
22,512,30720,0,0,0.0,0.0,0.6655,700.0,0.6655000000000002,0.7,normal,25.485
22,512,30735,2,0,1.331,1.331,0.6655,700.0,0.6655000000000002,0.7,normal,26.816
22,512,30750,1,1,0.6655,0.6655,0.6655,700.0,0.6655000000000002,0.7,normal,27.4815
22,512,30765,0,0,0.0,0.0,0.6655,700.0,0.6655000000000002,0.7,normal,27.4815
22,513,30780,4,0,3.221,3.221,0.8053,700.0,0.8052550000000004,0.7,normal,30.7025
22,513,30795,3,0,2.4158,2.4158,0.8053,700.0,0.8052550000000004,0.7,normal,33.1183
22,513,30810,1,0,0.8053,0.8053,0.8053,700.0,0.8052550000000004,0.7,normal,33.9236
22,513,30825,3,0,2.4158,2.4158,0.8053,700.0,0.8052550000000004,0.7,normal,36.3394
22,514,30840,4,0,3.8974,3.8974,0.9744,700.0,0.9743585500000007,0.7,normal,40.2368
22,514,30855,3,0,2.9231,2.9231,0.9744,700.0,0.9743585500000007,0.7,normal,43.1599
22,514,30870,1,0,0.9744,0.9744,0.9744,700.0,0.9743585500000007,0.7,normal,44.1343
22,514,30885,6,0,5.8462,5.8462,0.9744,700.0,0.9743585500000007,0.7,normal,49.9805
22,515,30900,3,0,3.383,3.383,1.1277,700.0,1.178973845500001,0.7,normal,53.3635
22,515,30915,5,1,5.8949,5.8949,1.179,700.0,1.178973845500001,0.7,normal,59.2584
22,515,30930,1,0,1.179,1.179,1.179,700.0,1.178973845500001,0.7,normal,60.4374
22,515,30945,7,0,8.2528,8.2528,1.179,700.0,1.178973845500001,0.7,normal,68.6902
22,516,30960,15,0,30.7449,30.7449,2.0497,700.0,5.0,0.7,normal,99.4351
22,516,30975,8,0,36.4276,36.4276,4.5534,700.0,5.0,0.7,normal,135.8627
22,516,30990,10,1,17.9139,17.9139,1.7914,700.0,5.0,0.7,normal,153.7766
22,516,31005,12,0,55.3231,55.3231,4.6103,700.0,5.0,0.7,normal,209.0997
22,517,31020,16,0,46.6288,46.6288,2.9143,700.0,6.050000000000001,0.7,normal,255.7285
22,517,31035,12,0,20.1133,20.1133,1.6761,700.0,6.050000000000001,0.7,normal,275.8418
22,517,31050,16,0,59.4214,59.4214,3.7138,700.0,6.050000000000001,0.7,normal,335.2632
22,517,31065,24,1,119.5667,119.5667,4.9819,700.0,6.050000000000001,0.7,normal,454.8299
22,518,31080,14,0,71.764,71.764,5.126,700.0,5.656750000000001,0.7,normal,526.5939
22,518,31095,11,1,42.7431,42.7431,3.8857,700.0,5.656750000000001,0.7,normal,569.337
22,518,31110,16,0,24.0384,24.0384,1.5024,700.0,5.656750000000001,0.7,normal,593.3754
22,518,31125,11,0,31.4663,31.4663,2.8606,700.0,5.656750000000001,0.7,normal,624.8417
22,519,31140,8,1,23.5116,23.5116,2.9389,700.0,4.2425625,0.7,budget_constrained,648.3533
22,519,31155,9,0,18.0422,18.0422,2.0047,700.0,4.2425625,0.7,budget_constrained,666.3955
22,519,31170,11,0,33.6045,33.6045,3.0179,700.0,4.2425625,0.7,budget_depleted,700.0
22,519,31185,0,0,0.0,0.0,0.0,700.0,4.2425625,0.7,budget_depleted,700.0
22,520,31200,0,0,0.0,0.0,0.0,700.0,3.606178125,0.7,budget_depleted,700.0
22,520,31215,0,0,0.0,0.0,0.0,700.0,3.606178125,0.7,budget_depleted,700.0
22,520,31230,0,0,0.0,0.0,0.0,700.0,3.606178125,0.7,budget_depleted,700.0
22,520,31245,0,0,0.0,0.0,0.0,700.0,3.606178125,0.7,budget_depleted,700.0
22,521,31260,0,0,0.0,0.0,0.0,700.0,3.06525140625,0.7,budget_depleted,700.0
22,521,31275,0,0,0.0,0.0,0.0,700.0,3.06525140625,0.7,budget_depleted,700.0
22,521,31290,0,0,0.0,0.0,0.0,700.0,3.06525140625,0.7,budget_depleted,700.0
22,521,31305,0,0,0.0,0.0,0.0,700.0,3.06525140625,0.7,budget_depleted,700.0
22,522,31320,0,0,0.0,0.0,0.0,700.0,2.6054636953125,0.7,budget_depleted,700.0
22,522,31335,0,0,0.0,0.0,0.0,700.0,2.6054636953125,0.7,budget_depleted,700.0
22,522,31350,0,0,0.0,0.0,0.0,700.0,2.6054636953125,0.7,budget_depleted,700.0
22,522,31365,0,0,0.0,0.0,0.0,700.0,2.6054636953125,0.7,budget_depleted,700.0
22,523,31380,0,0,0.0,0.0,0.0,700.0,2.214644141015625,0.7,budget_depleted,700.0
22,523,31395,0,0,0.0,0.0,0.0,700.0,2.214644141015625,0.7,budget_depleted,700.0
22,523,31410,0,0,0.0,0.0,0.0,700.0,2.214644141015625,0.7,budget_depleted,700.0
22,523,31425,0,0,0.0,0.0,0.0,700.0,2.214644141015625,0.7,budget_depleted,700.0
22,524,31440,0,0,0.0,0.0,0.0,700.0,1.882447519863281,0.7,budget_depleted,700.0
22,524,31455,0,0,0.0,0.0,0.0,700.0,1.882447519863281,0.7,budget_depleted,700.0
22,524,31470,0,0,0.0,0.0,0.0,700.0,1.882447519863281,0.7,budget_depleted,700.0
22,524,31485,0,0,0.0,0.0,0.0,700.0,1.882447519863281,0.7,budget_depleted,700.0
22,525,31500,0,0,0.0,0.0,0.0,700.0,1.600080391883789,0.7,budget_depleted,700.0
22,525,31515,0,0,0.0,0.0,0.0,700.0,1.600080391883789,0.7,budget_depleted,700.0
22,525,31530,0,0,0.0,0.0,0.0,700.0,1.600080391883789,0.7,budget_depleted,700.0
22,525,31545,0,0,0.0,0.0,0.0,700.0,1.600080391883789,0.7,budget_depleted,700.0
22,526,31560,0,0,0.0,0.0,0.0,700.0,1.3600683331012204,0.7,budget_depleted,700.0
22,526,31575,0,0,0.0,0.0,0.0,700.0,1.3600683331012204,0.7,budget_depleted,700.0
22,526,31590,0,0,0.0,0.0,0.0,700.0,1.3600683331012204,0.7,budget_depleted,700.0
22,526,31605,0,0,0.0,0.0,0.0,700.0,1.3600683331012204,0.7,budget_depleted,700.0
22,527,31620,0,0,0.0,0.0,0.0,700.0,1.1560580831360374,0.7,budget_depleted,700.0
22,527,31635,0,0,0.0,0.0,0.0,700.0,1.1560580831360374,0.7,budget_depleted,700.0
22,527,31650,0,0,0.0,0.0,0.0,700.0,1.1560580831360374,0.7,budget_depleted,700.0
22,527,31665,0,0,0.0,0.0,0.0,700.0,1.1560580831360374,0.7,budget_depleted,700.0
23,528,31680,0,0,0.0,0.0,0.0,700.0,0.9826493706656317,0.7,normal,0.0
23,528,31695,1,0,0.9826,0.9826,0.9826,700.0,0.9826493706656317,0.7,normal,0.9826
23,528,31710,5,0,4.9132,4.9132,0.9826,700.0,0.9826493706656317,0.7,normal,5.8958
23,528,31725,2,0,1.9653,1.9653,0.9826,700.0,0.9826493706656317,0.7,normal,7.8611
23,529,31740,2,0,1.6705,1.6705,0.8353,700.0,0.8352519650657869,0.7,normal,9.5316
23,529,31755,2,0,1.6705,1.6705,0.8353,700.0,0.8352519650657869,0.7,normal,11.2021
23,529,31770,2,0,1.6705,1.6705,0.8353,700.0,0.8352519650657869,0.7,normal,12.8726
23,529,31785,1,0,0.8353,0.8353,0.8353,700.0,0.8352519650657869,0.7,normal,13.7079
23,530,31800,3,0,2.1299,2.1299,0.71,700.0,0.7099641703059189,0.7,normal,15.8378
23,530,31815,1,0,0.71,0.71,0.71,700.0,0.7099641703059189,0.7,normal,16.5478
23,530,31830,2,0,1.4199,1.4199,0.71,700.0,0.7099641703059189,0.7,normal,17.9677
23,530,31845,2,0,1.4199,1.4199,0.71,700.0,0.7099641703059189,0.7,normal,19.3876
23,531,31860,3,0,1.8104,1.8104,0.6035,700.0,0.603469544760031,0.7,normal,21.198
23,531,31875,0,0,0.0,0.0,0.6035,700.0,0.603469544760031,0.7,normal,21.198
23,531,31890,2,0,1.2069,1.2069,0.6035,700.0,0.603469544760031,0.7,normal,22.4049
23,531,31905,1,0,0.6035,0.6035,0.6035,700.0,0.603469544760031,0.7,normal,23.0084
23,532,31920,2,0,1.0259,1.0259,0.5129,700.0,0.5129491130460263,0.7,normal,24.0343
23,532,31935,2,0,1.0259,1.0259,0.5129,700.0,0.5129491130460263,0.7,normal,25.0602
23,532,31950,1,0,0.5129,0.5129,0.5129,700.0,0.5129491130460263,0.7,normal,25.5731
23,532,31965,4,0,2.0518,2.0518,0.5129,700.0,0.5129491130460263,0.7,normal,27.6249
23,533,31980,0,0,0.0,0.0,0.5,700.0,0.5,0.7,normal,27.6249
23,533,31995,1,0,0.5,0.5,0.5,700.0,0.5,0.7,normal,28.1249
23,533,32010,1,0,0.5,0.5,0.5,700.0,0.5,0.7,normal,28.6249
23,533,32025,2,0,1.0,1.0,0.5,700.0,0.5,0.7,normal,29.6249
23,534,32040,0,0,0.0,0.0,0.5,700.0,0.5,0.7,normal,29.6249
23,534,32055,2,0,1.0,1.0,0.5,700.0,0.5,0.7,normal,30.6249
23,534,32070,1,0,0.5,0.5,0.5,700.0,0.5,0.7,normal,31.1249
23,534,32085,2,0,1.0,1.0,0.5,700.0,0.5,0.7,normal,32.1249
23,535,32100,1,0,0.5,0.5,0.5,700.0,0.5,0.7,normal,32.6249
23,535,32115,0,0,0.0,0.0,0.5,700.0,0.5,0.7,normal,32.6249
23,535,32130,1,0,0.5,0.5,0.5,700.0,0.5,0.7,normal,33.1249
23,535,32145,0,0,0.0,0.0,0.5,700.0,0.5,0.7,normal,33.1249
23,536,32160,0,0,0.0,0.0,0.5,700.0,0.5,0.7,normal,33.1249
23,536,32175,0,0,0.0,0.0,0.5,700.0,0.5,0.7,normal,33.1249
23,536,32190,1,0,0.5,0.5,0.5,700.0,0.5,0.7,normal,33.6249
23,536,32205,2,1,1.0,1.0,0.5,700.0,0.5,0.7,normal,34.6249
23,537,32220,1,0,0.5,0.5,0.5,700.0,0.5,0.7,normal,35.1249
23,537,32235,3,0,1.5,1.5,0.5,700.0,0.5,0.7,normal,36.6249
23,537,32250,0,0,0.0,0.0,0.5,700.0,0.5,0.7,normal,36.6249
23,537,32265,0,0,0.0,0.0,0.5,700.0,0.5,0.7,normal,36.6249
23,538,32280,0,0,0.0,0.0,0.5,700.0,0.5,0.7,normal,36.6249
23,538,32295,2,1,1.0,1.0,0.5,700.0,0.5,0.7,normal,37.6249
23,538,32310,1,0,0.5,0.5,0.5,700.0,0.5,0.7,normal,38.1249
23,538,32325,0,0,0.0,0.0,0.5,700.0,0.5,0.7,normal,38.1249
23,539,32340,3,0,1.5,1.5,0.5,700.0,0.5,0.7,normal,39.6249
23,539,32355,1,0,0.5,0.5,0.5,700.0,0.5,0.7,normal,40.1249
23,539,32370,0,0,0.0,0.0,0.5,700.0,0.5,0.7,normal,40.1249
23,539,32385,1,0,0.5,0.5,0.5,700.0,0.5,0.7,normal,40.6249
23,540,32400,4,0,2.0,2.0,0.5,700.0,0.5,0.7,normal,42.6249
23,540,32415,3,0,1.5,1.5,0.5,700.0,0.5,0.7,normal,44.1249
23,540,32430,2,0,1.0,1.0,0.5,700.0,0.5,0.7,normal,45.1249
23,540,32445,3,1,1.5,1.5,0.5,700.0,0.5,0.7,normal,46.6249
23,541,32460,0,0,0.0,0.0,0.5,700.0,0.5,0.7,normal,46.6249
23,541,32475,0,0,0.0,0.0,0.5,700.0,0.5,0.7,normal,46.6249
23,541,32490,2,0,1.0,1.0,0.5,700.0,0.5,0.7,normal,47.6249
23,541,32505,3,0,1.5,1.5,0.5,700.0,0.5,0.7,normal,49.1249
23,542,32520,0,0,0.0,0.0,0.605,700.0,0.6050000000000001,0.7,normal,49.1249
23,542,32535,1,0,0.605,0.605,0.605,700.0,0.6050000000000001,0.7,normal,49.7299
23,542,32550,1,1,0.605,0.605,0.605,700.0,0.6050000000000001,0.7,normal,50.3349
23,542,32565,4,0,2.42,2.42,0.605,700.0,0.6050000000000001,0.7,normal,52.7549
23,543,32580,1,0,0.7321,0.7321,0.7321,700.0,0.7320500000000003,0.7,normal,53.487
23,543,32595,1,0,0.7321,0.7321,0.7321,700.0,0.7320500000000003,0.7,normal,54.2191
23,543,32610,1,0,0.7321,0.7321,0.7321,700.0,0.7320500000000003,0.7,normal,54.9512
23,543,32625,3,0,2.1962,2.1962,0.7321,700.0,0.7320500000000003,0.7,normal,57.1474
23,544,32640,0,0,0.0,0.0,0.8858,700.0,0.8857805000000005,0.7,normal,57.1474
23,544,32655,3,0,2.6573,2.6573,0.8858,700.0,0.8857805000000005,0.7,normal,59.8047
23,544,32670,1,0,0.8858,0.8858,0.8858,700.0,0.8857805000000005,0.7,normal,60.6905
23,544,32685,1,0,0.8858,0.8858,0.8858,700.0,0.8857805000000005,0.7,normal,61.5763
23,545,32700,1,0,1.0718,1.0718,1.0718,700.0,1.0717944050000008,0.7,normal,62.6481
23,545,32715,6,0,6.4308,6.4308,1.0718,700.0,1.0717944050000008,0.7,normal,69.0789
23,545,32730,2,0,2.1436,2.1436,1.0718,700.0,1.0717944050000008,0.7,normal,71.2225
23,545,32745,4,0,4.2872,4.2872,1.0718,700.0,1.0717944050000008,0.7,normal,75.5097
23,546,32760,3,0,3.8906,3.8906,1.2969,700.0,1.2968712300500012,0.7,normal,79.4003
23,546,32775,3,0,3.8906,3.8906,1.2969,700.0,1.2968712300500012,0.7,normal,83.2909
23,546,32790,1,0,1.2969,1.2969,1.2969,700.0,1.2968712300500012,0.7,normal,84.5878
23,546,32805,4,0,5.1875,5.1875,1.2969,700.0,1.2968712300500012,0.7,normal,89.7753
23,547,32820,4,0,4.3395,4.3395,1.0849,700.0,1.5692141883605017,0.7,normal,94.1148
23,547,32835,0,0,0.0,0.0,1.5692,700.0,1.5692141883605017,0.7,normal,94.1148
23,547,32850,6,0,7.8436,7.8436,1.3073,700.0,1.5692141883605017,0.7,normal,101.9584
23,547,32865,2,0,2.8398,2.8398,1.4199,700.0,1.5692141883605017,0.7,normal,104.7982
23,548,32880,3,0,3.5636,3.5636,1.1879,700.0,1.8987491679162074,0.7,normal,108.3618
23,548,32895,7,0,13.2912,13.2912,1.8987,700.0,1.8987491679162074,0.7,normal,121.653
23,548,32910,4,0,7.595,7.595,1.8987,700.0,1.8987491679162074,0.7,normal,129.248
23,548,32925,5,0,9.4937,9.4937,1.8987,700.0,1.8987491679162074,0.7,normal,138.7417
23,549,32940,4,0,9.1899,9.1899,2.2975,700.0,2.297486493178611,0.7,normal,147.9316
23,549,32955,1,0,1.2309,1.2309,1.2309,700.0,2.297486493178611,0.7,normal,149.1625
23,549,32970,8,0,17.3527,17.3527,2.1691,700.0,2.297486493178611,0.7,normal,166.5152
23,549,32985,4,0,9.1899,9.1899,2.2975,700.0,2.297486493178611,0.7,normal,175.7051
23,550,33000,5,0,13.8998,13.8998,2.78,700.0,2.7799586567461194,0.7,normal,189.6049
23,550,33015,5,0,11.5561,11.5561,2.3112,700.0,2.7799586567461194,0.7,normal,201.161
23,550,33030,2,1,5.5599,5.5599,2.78,700.0,2.7799586567461194,0.7,normal,206.7209
23,550,33045,6,0,12.7253,12.7253,2.1209,700.0,2.7799586567461194,0.7,normal,219.4462
23,551,33060,9,0,30.2737,30.2737,3.3637,700.0,3.363749974662805,0.7,normal,249.7199
23,551,33075,9,0,26.938,26.938,2.9931,700.0,3.363749974662805,0.7,normal,276.6579
23,551,33090,8,2,26.91,13.455,3.3637,700.0,3.363749974662805,0.7,normal,303.5679
23,551,33105,10,0,33.6375,33.6375,3.3637,700.0,3.363749974662805,0.7,normal,337.2054
24,552,33120,19,0,91.7109,91.7109,4.8269,700.0,5.0,0.7,normal,91.7109
24,552,33135,11,0,28.9138,28.9138,2.6285,700.0,5.0,0.7,normal,120.6247
24,552,33150,11,1,25.259,25.259,2.2963,700.0,5.0,0.7,normal,145.8837
24,552,33165,9,0,45.0,45.0,5.0,700.0,5.0,0.7,normal,190.8837
24,553,33180,13,0,43.8854,43.8854,3.3758,700.0,5.5,0.7,normal,234.7691
24,553,33195,16,0,43.4364,43.4364,2.7148,700.0,5.5,0.7,normal,278.2055
24,553,33210,15,0,82.5,82.5,5.5,700.0,5.5,0.7,normal,360.7055
24,553,33225,16,1,38.9554,38.9554,2.4347,700.0,5.5,0.7,normal,399.6609
24,554,33240,9,0,30.1781,30.1781,3.3531,700.0,5.225,0.7,normal,429.839
24,554,33255,16,1,81.3543,81.3543,5.0846,700.0,5.225,0.7,normal,511.1933
24,554,33270,9,1,36.4355,36.4355,4.0484,700.0,5.225,0.7,normal,547.6288
24,554,33285,14,0,38.4313,38.4313,2.7451,700.0,5.225,0.7,normal,586.0601
24,555,33300,19,0,84.8801,84.8801,4.4674,700.0,4.467375,0.7,budget_constrained,670.9402
24,555,33315,12,0,17.8061,17.8061,1.4838,700.0,4.467375,0.7,budget_constrained,688.7463
24,555,33330,3,0,11.2537,11.2537,3.1338,700.0,4.467375,0.7,budget_constrained,700.0
24,555,33345,0,0,0.0,0.0,4.4674,700.0,4.467375,0.7,budget_constrained,700.0
24,556,33360,0,0,0.0,0.0,3.4175,700.0,3.4175418749999995,0.7,budget_constrained,700.0
24,556,33375,0,0,0.0,0.0,1.1743,700.0,3.4175418749999995,0.7,budget_constrained,700.0
24,556,33390,0,0,0.0,0.0,1.6628,700.0,3.4175418749999995,0.7,budget_constrained,700.0
24,556,33405,0,0,0.0,0.0,2.2919,700.0,3.4175418749999995,0.7,budget_constrained,700.0
24,557,33420,0,0,0.0,0.0,2.6144,700.0,2.6144195343749996,0.7,budget_constrained,700.0
24,557,33435,0,0,0.0,0.0,2.6144,700.0,2.6144195343749996,0.7,budget_constrained,700.0
24,557,33450,0,0,0.0,0.0,2.6144,700.0,2.6144195343749996,0.7,budget_constrained,700.0
24,557,33465,0,0,0.0,0.0,2.6144,700.0,2.6144195343749996,0.7,budget_constrained,700.0
24,558,33480,0,0,0.0,0.0,2.0,700.0,2.0000309437968746,0.7,budget_constrained,700.0
24,558,33495,0,0,0.0,0.0,1.4624,700.0,2.0000309437968746,0.7,budget_constrained,700.0
24,558,33510,0,0,0.0,0.0,2.0,700.0,2.0000309437968746,0.7,budget_constrained,700.0
24,558,33525,0,0,0.0,0.0,1.6699,700.0,2.0000309437968746,0.7,budget_constrained,700.0
24,559,33540,0,0,0.0,0.0,1.53,700.0,1.5300236720046092,0.7,budget_constrained,700.0
24,559,33555,0,0,0.0,0.0,1.392,700.0,1.5300236720046092,0.7,budget_constrained,700.0
24,559,33570,0,0,0.0,0.0,1.53,700.0,1.5300236720046092,0.7,budget_constrained,700.0
24,559,33585,0,0,0.0,0.0,1.4224,700.0,1.5300236720046092,0.7,budget_constrained,700.0
24,560,33600,0,0,0.0,0.0,1.1705,700.0,1.170468109083526,0.7,budget_constrained,700.0
24,560,33615,0,0,0.0,0.0,1.1705,700.0,1.170468109083526,0.7,budget_constrained,700.0
24,560,33630,0,0,0.0,0.0,1.1705,700.0,1.170468109083526,0.7,budget_constrained,700.0
24,560,33645,0,0,0.0,0.0,1.1705,700.0,1.170468109083526,0.7,budget_constrained,700.0
24,561,33660,0,0,0.0,0.0,0.8954,700.0,0.8954081034488973,0.7,budget_constrained,700.0
24,561,33675,0,0,0.0,0.0,0.8954,700.0,0.8954081034488973,0.7,budget_constrained,700.0
24,561,33690,0,0,0.0,0.0,0.8954,700.0,0.8954081034488973,0.7,budget_constrained,700.0
24,561,33705,0,0,0.0,0.0,0.8954,700.0,0.8954081034488973,0.7,budget_constrained,700.0
24,562,33720,0,0,0.0,0.0,0.685,700.0,0.6849871991384064,0.7,budget_constrained,700.0
24,562,33735,0,0,0.0,0.0,0.685,700.0,0.6849871991384064,0.7,budget_constrained,700.0
24,562,33750,0,0,0.0,0.0,0.685,700.0,0.6849871991384064,0.7,budget_constrained,700.0
24,562,33765,0,0,0.0,0.0,0.685,700.0,0.6849871991384064,0.7,budget_constrained,700.0
24,563,33780,0,0,0.0,0.0,0.5,700.0,0.5,0.7,budget_constrained,700.0
24,563,33795,0,0,0.0,0.0,0.5,700.0,0.5,0.7,budget_constrained,700.0
24,563,33810,0,0,0.0,0.0,0.5,700.0,0.5,0.7,budget_constrained,700.0
24,563,33825,0,0,0.0,0.0,0.5,700.0,0.5,0.7,budget_constrained,700.0
24,564,33840,0,0,0.0,0.0,0.5,700.0,0.5,0.7,budget_constrained,700.0
24,564,33855,0,0,0.0,0.0,0.5,700.0,0.5,0.7,budget_constrained,700.0
24,564,33870,0,0,0.0,0.0,0.5,700.0,0.5,0.7,budget_constrained,700.0
24,564,33885,0,0,0.0,0.0,0.5,700.0,0.5,0.7,budget_constrained,700.0
24,565,33900,0,0,0.0,0.0,0.5,700.0,0.5,0.7,budget_constrained,700.0
24,565,33915,0,0,0.0,0.0,0.5,700.0,0.5,0.7,budget_constrained,700.0
24,565,33930,0,0,0.0,0.0,0.5,700.0,0.5,0.7,budget_constrained,700.0
24,565,33945,0,0,0.0,0.0,0.5,700.0,0.5,0.7,budget_constrained,700.0
24,566,33960,0,0,0.0,0.0,0.5,700.0,0.5,0.7,budget_constrained,700.0
24,566,33975,0,0,0.0,0.0,0.5,700.0,0.5,0.7,budget_constrained,700.0
24,566,33990,0,0,0.0,0.0,0.5,700.0,0.5,0.7,budget_constrained,700.0
24,566,34005,0,0,0.0,0.0,0.5,700.0,0.5,0.7,budget_constrained,700.0
24,567,34020,0,0,0.0,0.0,0.5,700.0,0.5,0.7,budget_constrained,700.0
24,567,34035,0,0,0.0,0.0,0.5,700.0,0.5,0.7,budget_constrained,700.0
24,567,34050,0,0,0.0,0.0,0.5,700.0,0.5,0.7,budget_constrained,700.0
24,567,34065,0,0,0.0,0.0,0.5,700.0,0.5,0.7,budget_constrained,700.0
24,568,34080,0,0,0.0,0.0,0.5,700.0,0.5,0.7,budget_constrained,700.0
24,568,34095,0,0,0.0,0.0,0.5,700.0,0.5,0.7,budget_constrained,700.0
24,568,34110,0,0,0.0,0.0,0.5,700.0,0.5,0.7,budget_constrained,700.0
24,568,34125,0,0,0.0,0.0,0.5,700.0,0.5,0.7,budget_constrained,700.0
24,569,34140,0,0,0.0,0.0,0.5,700.0,0.5,0.7,budget_constrained,700.0
24,569,34155,0,0,0.0,0.0,0.5,700.0,0.5,0.7,budget_constrained,700.0
24,569,34170,0,0,0.0,0.0,0.5,700.0,0.5,0.7,budget_constrained,700.0
24,569,34185,0,0,0.0,0.0,0.5,700.0,0.5,0.7,budget_constrained,700.0
24,570,34200,0,0,0.0,0.0,0.5,700.0,0.5,0.7,budget_constrained,700.0
24,570,34215,0,0,0.0,0.0,0.5,700.0,0.5,0.7,budget_constrained,700.0
24,570,34230,0,0,0.0,0.0,0.5,700.0,0.5,0.7,budget_constrained,700.0
24,570,34245,0,0,0.0,0.0,0.5,700.0,0.5,0.7,budget_constrained,700.0
24,571,34260,0,0,0.0,0.0,0.5,700.0,0.5,0.7,budget_constrained,700.0
24,571,34275,0,0,0.0,0.0,0.5,700.0,0.5,0.7,budget_constrained,700.0
24,571,34290,0,0,0.0,0.0,0.5,700.0,0.5,0.7,budget_constrained,700.0
24,571,34305,0,0,0.0,0.0,0.5,700.0,0.5,0.7,budget_constrained,700.0
24,572,34320,0,0,0.0,0.0,0.5,700.0,0.5,0.7,budget_constrained,700.0
24,572,34335,0,0,0.0,0.0,0.5,700.0,0.5,0.7,budget_constrained,700.0
24,572,34350,0,0,0.0,0.0,0.5,700.0,0.5,0.7,budget_constrained,700.0
24,572,34365,0,0,0.0,0.0,0.5,700.0,0.5,0.7,budget_constrained,700.0
24,573,34380,0,0,0.0,0.0,0.5,700.0,0.5,0.7,budget_constrained,700.0
24,573,34395,0,0,0.0,0.0,0.5,700.0,0.5,0.7,budget_constrained,700.0
24,573,34410,0,0,0.0,0.0,0.5,700.0,0.5,0.7,budget_constrained,700.0
24,573,34425,0,0,0.0,0.0,0.5,700.0,0.5,0.7,budget_constrained,700.0
24,574,34440,0,0,0.0,0.0,0.5,700.0,0.5,0.7,budget_constrained,700.0
24,574,34455,0,0,0.0,0.0,0.5,700.0,0.5,0.7,budget_constrained,700.0
24,574,34470,0,0,0.0,0.0,0.5,700.0,0.5,0.7,budget_constrained,700.0
24,574,34485,0,0,0.0,0.0,0.5,700.0,0.5,0.7,budget_constrained,700.0
24,575,34500,0,0,0.0,0.0,0.5,700.0,0.5,0.7,budget_constrained,700.0
24,575,34515,0,0,0.0,0.0,0.5,700.0,0.5,0.7,budget_constrained,700.0
24,575,34530,0,0,0.0,0.0,0.5,700.0,0.5,0.7,budget_constrained,700.0
24,575,34545,0,0,0.0,0.0,0.5,700.0,0.5,0.7,budget_constrained,700.0
25,576,34560,0,0,0.0,0.0,0.5,700.0,0.5,0.7,normal,0.0
25,576,34575,0,0,0.0,0.0,0.5,700.0,0.5,0.7,normal,0.0
25,576,34590,3,0,1.5,1.5,0.5,700.0,0.5,0.7,normal,1.5
25,576,34605,1,0,0.5,0.5,0.5,700.0,0.5,0.7,normal,2.0
25,577,34620,1,0,0.5,0.5,0.5,700.0,0.5,0.7,normal,2.5
25,577,34635,2,0,1.0,1.0,0.5,700.0,0.5,0.7,normal,3.5
25,577,34650,1,0,0.5,0.5,0.5,700.0,0.5,0.7,normal,4.0
25,577,34665,1,0,0.5,0.5,0.5,700.0,0.5,0.7,normal,4.5
25,578,34680,2,0,1.0,1.0,0.5,700.0,0.5,0.7,normal,5.5
25,578,34695,1,0,0.5,0.5,0.5,700.0,0.5,0.7,normal,6.0
25,578,34710,0,0,0.0,0.0,0.5,700.0,0.5,0.7,normal,6.0
25,578,34725,0,0,0.0,0.0,0.5,700.0,0.5,0.7,normal,6.0
25,579,34740,0,0,0.0,0.0,0.55,700.0,0.55,0.7,normal,6.0
25,579,34755,2,0,1.1,1.1,0.55,700.0,0.55,0.7,normal,7.1
25,579,34770,1,0,0.55,0.55,0.55,700.0,0.55,0.7,normal,7.65
25,579,34785,1,0,0.55,0.55,0.55,700.0,0.55,0.7,normal,8.2
25,580,34800,1,0,0.605,0.605,0.605,700.0,0.6050000000000001,0.7,normal,8.805
25,580,34815,0,0,0.0,0.0,0.605,700.0,0.6050000000000001,0.7,normal,8.805
25,580,34830,0,0,0.0,0.0,0.605,700.0,0.6050000000000001,0.7,normal,8.805
25,580,34845,0,0,0.0,0.0,0.605,700.0,0.6050000000000001,0.7,normal,8.805
25,581,34860,0,0,0.0,0.0,0.6655,700.0,0.6655000000000002,0.7,normal,8.805
25,581,34875,3,0,1.9965,1.9965,0.6655,700.0,0.6655000000000002,0.7,normal,10.8015
25,581,34890,2,0,1.331,1.331,0.6655,700.0,0.6655000000000002,0.7,normal,12.1325
25,581,34905,3,0,1.9965,1.9965,0.6655,700.0,0.6655000000000002,0.7,normal,14.129
25,582,34920,4,0,2.9282,2.9282,0.7321,700.0,0.7320500000000003,0.7,normal,17.0572
25,582,34935,4,0,2.9282,2.9282,0.7321,700.0,0.7320500000000003,0.7,normal,19.9854
25,582,34950,3,0,2.1962,2.1962,0.7321,700.0,0.7320500000000003,0.7,normal,22.1816
25,582,34965,1,0,0.7321,0.7321,0.7321,700.0,0.7320500000000003,0.7,normal,22.9137
25,583,34980,2,0,1.6105,1.6105,0.8053,700.0,0.8052550000000004,0.7,normal,24.5242
25,583,34995,1,0,0.8053,0.8053,0.8053,700.0,0.8052550000000004,0.7,normal,25.3295
25,583,35010,2,0,1.6105,1.6105,0.8053,700.0,0.8052550000000004,0.7,normal,26.94
25,583,35025,4,0,3.221,3.221,0.8053,700.0,0.8052550000000004,0.7,normal,30.161
25,584,35040,4,0,3.5431,3.5431,0.8858,700.0,0.8857805000000005,0.7,normal,33.7041
25,584,35055,1,0,0.8858,0.8858,0.8858,700.0,0.8857805000000005,0.7,normal,34.5899
25,584,35070,2,0,1.7716,1.7716,0.8858,700.0,0.8857805000000005,0.7,normal,36.3615
25,584,35085,2,0,1.7716,1.7716,0.8858,700.0,0.8857805000000005,0.7,normal,38.1331
25,585,35100,3,0,2.9231,2.9231,0.9744,700.0,0.9743585500000007,0.7,normal,41.0562
25,585,35115,5,0,4.8718,4.8718,0.9744,700.0,0.9743585500000007,0.7,normal,45.928
25,585,35130,0,0,0.0,0.0,0.9744,700.0,0.9743585500000007,0.7,normal,45.928
25,585,35145,2,0,1.9487,1.9487,0.9744,700.0,0.9743585500000007,0.7,normal,47.8767
25,586,35160,4,0,4.2872,4.2872,1.0718,700.0,1.0717944050000008,0.7,normal,52.1639
25,586,35175,1,0,1.0718,1.0718,1.0718,700.0,1.0717944050000008,0.7,normal,53.2357
25,586,35190,0,0,0.0,0.0,1.0718,700.0,1.0717944050000008,0.7,normal,53.2357
25,586,35205,2,0,2.1436,2.1436,1.0718,700.0,1.0717944050000008,0.7,normal,55.3793
25,587,35220,3,0,3.3485,3.3485,1.1162,700.0,1.178973845500001,0.7,normal,58.7278
25,587,35235,3,0,3.5369,3.5369,1.179,700.0,1.178973845500001,0.7,normal,62.2647
25,587,35250,4,1,4.7159,4.7159,1.179,700.0,1.178973845500001,0.7,normal,66.9806
25,587,35265,6,0,7.0738,7.0738,1.179,700.0,1.178973845500001,0.7,normal,74.0544
25,588,35280,10,1,33.763,33.763,3.3763,700.0,5.0,0.7,normal,107.8174
25,588,35295,16,0,67.3056,67.3056,4.2066,700.0,5.0,0.7,normal,175.123
25,588,35310,15,0,75.0,75.0,5.0,700.0,5.0,0.7,normal,250.123
25,588,35325,13,0,61.3019,61.3019,4.7155,700.0,5.0,0.7,normal,311.4249
25,589,35340,17,0,62.9837,62.9837,3.7049,700.0,4.125,0.7,normal,374.4086
25,589,35355,5,0,19.3463,19.3463,3.8693,700.0,4.125,0.7,normal,393.7549
25,589,35370,13,0,53.625,53.625,4.125,700.0,4.125,0.7,normal,447.3799
25,589,35385,10,0,13.3194,13.3194,1.3319,700.0,4.125,0.7,normal,460.6993
25,590,35400,6,1,17.1988,17.1988,2.8665,700.0,3.403125,0.7,normal,477.8981
25,590,35415,7,1,23.8219,23.8219,3.4031,700.0,3.403125,0.7,normal,501.72
25,590,35430,8,0,27.225,27.225,3.4031,700.0,3.403125,0.7,normal,528.945
25,590,35445,12,0,23.8454,23.8454,1.9871,700.0,3.403125,0.7,normal,552.7904
25,591,35460,7,0,19.653,19.653,2.8076,700.0,2.8075781250000005,0.7,normal,572.4434
25,591,35475,12,0,33.6909,33.6909,2.8076,700.0,2.8075781250000005,0.7,normal,606.1343
25,591,35490,5,0,14.0379,14.0379,2.8076,700.0,2.8075781250000005,0.7,normal,620.1722
25,591,35505,6,1,8.7078,8.7078,1.4513,700.0,2.8075781250000005,0.7,normal,628.88
25,592,35520,13,0,27.3739,27.3739,2.1057,700.0,2.1056835937500002,0.7,budget_constrained,656.2539
25,592,35535,6,1,12.6341,12.6341,2.1057,700.0,2.1056835937500002,0.7,budget_constrained,668.888
25,592,35550,3,1,6.3171,6.3171,2.1057,700.0,2.1056835937500002,0.7,budget_constrained,675.2051
25,592,35565,7,0,14.7398,14.7398,2.1057,700.0,2.1056835937500002,0.7,budget_constrained,689.9449
25,593,35580,2,0,3.5797,3.5797,1.7898,700.0,1.7898310546875003,0.7,budget_constrained,693.5246
25,593,35595,3,0,6.4754,6.4754,1.7618,700.0,1.7898310546875003,0.7,budget_depleted,700.0
25,593,35610,0,0,0.0,0.0,0.0,700.0,1.7898310546875003,0.7,budget_depleted,700.0
25,593,35625,0,0,0.0,0.0,0.0,700.0,1.7898310546875003,0.7,budget_depleted,700.0
25,594,35640,0,0,0.0,0.0,0.0,700.0,1.5213563964843753,0.7,budget_depleted,700.0
25,594,35655,0,0,0.0,0.0,0.0,700.0,1.5213563964843753,0.7,budget_depleted,700.0
25,594,35670,0,0,0.0,0.0,0.0,700.0,1.5213563964843753,0.7,budget_depleted,700.0
25,594,35685,0,0,0.0,0.0,0.0,700.0,1.5213563964843753,0.7,budget_depleted,700.0
25,595,35700,0,0,0.0,0.0,0.0,700.0,1.293152937011719,0.7,budget_depleted,700.0
25,595,35715,0,0,0.0,0.0,0.0,700.0,1.293152937011719,0.7,budget_depleted,700.0
25,595,35730,0,0,0.0,0.0,0.0,700.0,1.293152937011719,0.7,budget_depleted,700.0
25,595,35745,0,0,0.0,0.0,0.0,700.0,1.293152937011719,0.7,budget_depleted,700.0
25,596,35760,0,0,0.0,0.0,0.0,700.0,1.0991799964599611,0.7,budget_depleted,700.0
25,596,35775,0,0,0.0,0.0,0.0,700.0,1.0991799964599611,0.7,budget_depleted,700.0
25,596,35790,0,0,0.0,0.0,0.0,700.0,1.0991799964599611,0.7,budget_depleted,700.0
25,596,35805,0,0,0.0,0.0,0.0,700.0,1.0991799964599611,0.7,budget_depleted,700.0
25,597,35820,0,0,0.0,0.0,0.0,700.0,0.934302996990967,0.7,budget_depleted,700.0
25,597,35835,0,0,0.0,0.0,0.0,700.0,0.934302996990967,0.7,budget_depleted,700.0
25,597,35850,0,0,0.0,0.0,0.0,700.0,0.934302996990967,0.7,budget_depleted,700.0
25,597,35865,0,0,0.0,0.0,0.0,700.0,0.934302996990967,0.7,budget_depleted,700.0
25,598,35880,0,0,0.0,0.0,0.0,700.0,0.7941575474423219,0.7,budget_depleted,700.0
25,598,35895,0,0,0.0,0.0,0.0,700.0,0.7941575474423219,0.7,budget_depleted,700.0
25,598,35910,0,0,0.0,0.0,0.0,700.0,0.7941575474423219,0.7,budget_depleted,700.0
25,598,35925,0,0,0.0,0.0,0.0,700.0,0.7941575474423219,0.7,budget_depleted,700.0
25,599,35940,0,0,0.0,0.0,0.0,700.0,0.6750339153259736,0.7,budget_depleted,700.0
25,599,35955,0,0,0.0,0.0,0.0,700.0,0.6750339153259736,0.7,budget_depleted,700.0
25,599,35970,0,0,0.0,0.0,0.0,700.0,0.6750339153259736,0.7,budget_depleted,700.0
25,599,35985,0,0,0.0,0.0,0.0,700.0,0.6750339153259736,0.7,budget_depleted,700.0
26,600,36000,0,0,0.0,0.0,0.0,700.0,0.5737788280270775,0.7,normal,0.0
26,600,36015,1,0,0.5738,0.5738,0.5738,700.0,0.5737788280270775,0.7,normal,0.5738
26,600,36030,0,0,0.0,0.0,0.5738,700.0,0.5737788280270775,0.7,normal,0.5738
26,600,36045,0,0,0.0,0.0,0.5738,700.0,0.5737788280270775,0.7,normal,0.5738
26,601,36060,0,0,0.0,0.0,0.5,700.0,0.5,0.7,normal,0.5738
26,601,36075,2,0,1.0,1.0,0.5,700.0,0.5,0.7,normal,1.5738
26,601,36090,1,0,0.5,0.5,0.5,700.0,0.5,0.7,normal,2.0738
26,601,36105,0,0,0.0,0.0,0.5,700.0,0.5,0.7,normal,2.0738
26,602,36120,0,0,0.0,0.0,0.5,700.0,0.5,0.7,normal,2.0738
26,602,36135,2,0,1.0,1.0,0.5,700.0,0.5,0.7,normal,3.0738
26,602,36150,1,0,0.5,0.5,0.5,700.0,0.5,0.7,normal,3.5738
26,602,36165,0,0,0.0,0.0,0.5,700.0,0.5,0.7,normal,3.5738
26,603,36180,1,0,0.5,0.5,0.5,700.0,0.5,0.7,normal,4.0738
26,603,36195,4,0,2.0,2.0,0.5,700.0,0.5,0.7,normal,6.0738
26,603,36210,0,0,0.0,0.0,0.5,700.0,0.5,0.7,normal,6.0738
26,603,36225,0,0,0.0,0.0,0.5,700.0,0.5,0.7,normal,6.0738
26,604,36240,2,0,1.0,1.0,0.5,700.0,0.5,0.7,normal,7.0738
26,604,36255,0,0,0.0,0.0,0.5,700.0,0.5,0.7,normal,7.0738
26,604,36270,0,0,0.0,0.0,0.5,700.0,0.5,0.7,normal,7.0738
26,604,36285,0,0,0.0,0.0,0.5,700.0,0.5,0.7,normal,7.0738
26,605,36300,0,0,0.0,0.0,0.5,700.0,0.5,0.7,normal,7.0738
26,605,36315,1,0,0.5,0.5,0.5,700.0,0.5,0.7,normal,7.5738
26,605,36330,1,0,0.5,0.5,0.5,700.0,0.5,0.7,normal,8.0738
26,605,36345,2,0,1.0,1.0,0.5,700.0,0.5,0.7,normal,9.0738
26,606,36360,0,0,0.0,0.0,0.5,700.0,0.5,0.7,normal,9.0738
26,606,36375,3,0,1.5,1.5,0.5,700.0,0.5,0.7,normal,10.5738
26,606,36390,1,0,0.5,0.5,0.5,700.0,0.5,0.7,normal,11.0738
26,606,36405,0,0,0.0,0.0,0.5,700.0,0.5,0.7,normal,11.0738
26,607,36420,0,0,0.0,0.0,0.5,700.0,0.5,0.7,normal,11.0738
26,607,36435,0,0,0.0,0.0,0.5,700.0,0.5,0.7,normal,11.0738
26,607,36450,0,0,0.0,0.0,0.5,700.0,0.5,0.7,normal,11.0738
26,607,36465,0,0,0.0,0.0,0.5,700.0,0.5,0.7,normal,11.0738
26,608,36480,0,0,0.0,0.0,0.5,700.0,0.5,0.7,normal,11.0738
26,608,36495,1,0,0.5,0.5,0.5,700.0,0.5,0.7,normal,11.5738
26,608,36510,4,0,2.0,2.0,0.5,700.0,0.5,0.7,normal,13.5738
26,608,36525,0,0,0.0,0.0,0.5,700.0,0.5,0.7,normal,13.5738
26,609,36540,0,0,0.0,0.0,0.5,700.0,0.5,0.7,normal,13.5738
26,609,36555,0,0,0.0,0.0,0.5,700.0,0.5,0.7,normal,13.5738
26,609,36570,0,0,0.0,0.0,0.5,700.0,0.5,0.7,normal,13.5738
26,609,36585,0,0,0.0,0.0,0.5,700.0,0.5,0.7,normal,13.5738
26,610,36600,2,0,1.0,1.0,0.5,700.0,0.5,0.7,normal,14.5738
26,610,36615,3,0,1.5,1.5,0.5,700.0,0.5,0.7,normal,16.0738
26,610,36630,2,0,1.0,1.0,0.5,700.0,0.5,0.7,normal,17.0738
26,610,36645,2,0,1.0,1.0,0.5,700.0,0.5,0.7,normal,18.0738
26,611,36660,3,0,1.5,1.5,0.5,700.0,0.5,0.7,normal,19.5738
26,611,36675,1,0,0.5,0.5,0.5,700.0,0.5,0.7,normal,20.0738
26,611,36690,2,0,1.0,1.0,0.5,700.0,0.5,0.7,normal,21.0738
26,611,36705,1,0,0.5,0.5,0.5,700.0,0.5,0.7,normal,21.5738
26,612,36720,1,0,0.5,0.5,0.5,700.0,0.5,0.7,normal,22.0738
26,612,36735,2,0,1.0,1.0,0.5,700.0,0.5,0.7,normal,23.0738
26,612,36750,0,0,0.0,0.0,0.5,700.0,0.5,0.7,normal,23.0738
26,612,36765,0,0,0.0,0.0,0.5,700.0,0.5,0.7,normal,23.0738
26,613,36780,1,0,0.5225,0.5225,0.5225,700.0,0.5225,0.7,normal,23.5963
26,613,36795,2,0,1.045,1.045,0.5225,700.0,0.5225,0.7,normal,24.6413
26,613,36810,0,0,0.0,0.0,0.5225,700.0,0.5225,0.7,normal,24.6413
26,613,36825,1,0,0.5225,0.5225,0.5225,700.0,0.5225,0.7,normal,25.1638
26,614,36840,0,0,0.0,0.0,0.6322,700.0,0.632225,0.7,normal,25.1638
26,614,36855,2,0,1.2645,1.2645,0.6322,700.0,0.632225,0.7,normal,26.4283
26,614,36870,0,0,0.0,0.0,0.6322,700.0,0.632225,0.7,normal,26.4283
26,614,36885,1,0,0.6322,0.6322,0.6322,700.0,0.632225,0.7,normal,27.0605
26,615,36900,1,0,0.765,0.765,0.765,700.0,0.7649922500000002,0.7,normal,27.8255
26,615,36915,5,0,3.825,3.825,0.765,700.0,0.7649922500000002,0.7,normal,31.6505
26,615,36930,1,0,0.765,0.765,0.765,700.0,0.7649922500000002,0.7,normal,32.4155
26,615,36945,0,0,0.0,0.0,0.765,700.0,0.7649922500000002,0.7,normal,32.4155
26,616,36960,2,0,1.8513,1.8513,0.9256,700.0,0.9256406225000003,0.7,normal,34.2668
26,616,36975,2,0,1.8513,1.8513,0.9256,700.0,0.9256406225000003,0.7,normal,36.1181
26,616,36990,2,0,1.8513,1.8513,0.9256,700.0,0.9256406225000003,0.7,normal,37.9694
26,616,37005,2,0,1.8513,1.8513,0.9256,700.0,0.9256406225000003,0.7,normal,39.8207
26,617,37020,4,0,4.0728,4.0728,1.0182,700.0,1.0182046847500004,0.7,normal,43.8935
26,617,37035,1,0,1.0182,1.0182,1.0182,700.0,1.0182046847500004,0.7,normal,44.9117
26,617,37050,0,0,0.0,0.0,1.0182,700.0,1.0182046847500004,0.7,normal,44.9117
26,617,37065,5,0,5.091,5.091,1.0182,700.0,1.0182046847500004,0.7,normal,50.0027
26,618,37080,3,0,3.3601,3.3601,1.12,700.0,1.1200251532250005,0.7,normal,53.3628
26,618,37095,2,0,2.2401,2.2401,1.12,700.0,1.1200251532250005,0.7,normal,55.6029
26,618,37110,2,0,2.2318,2.2318,1.1159,700.0,1.1200251532250005,0.7,normal,57.8347
26,618,37125,3,0,3.3601,3.3601,1.12,700.0,1.1200251532250005,0.7,normal,61.1948
26,619,37140,1,0,1.232,1.232,1.232,700.0,1.2320276685475007,0.7,normal,62.4268
26,619,37155,8,1,9.8562,9.8562,1.232,700.0,1.2320276685475007,0.7,normal,72.283
26,619,37170,3,0,3.6961,3.6961,1.232,700.0,1.2320276685475007,0.7,normal,75.9791
26,619,37185,4,0,4.9281,4.9281,1.232,700.0,1.2320276685475007,0.7,normal,80.9072
26,620,37200,2,0,2.1618,2.1618,1.0809,700.0,1.2874689136321382,0.7,normal,83.069
26,620,37215,5,0,6.4373,6.4373,1.2875,700.0,1.2874689136321382,0.7,normal,89.5063
26,620,37230,0,0,0.0,0.0,1.2875,700.0,1.2874689136321382,0.7,normal,89.5063
26,620,37245,5,0,6.4373,6.4373,1.2875,700.0,1.2874689136321382,0.7,normal,95.9436
26,621,37260,5,0,6.0189,6.0189,1.2038,700.0,1.2037834342460494,0.7,normal,101.9625
26,621,37275,3,0,3.6114,3.6114,1.2038,700.0,1.2037834342460494,0.7,normal,105.5739
26,621,37290,3,0,3.6114,3.6114,1.2038,700.0,1.2037834342460494,0.7,normal,109.1853
26,621,37305,1,0,1.2038,1.2038,1.2038,700.0,1.2037834342460494,0.7,normal,110.3891
26,622,37320,1,0,0.9931,0.9931,0.9931,700.0,0.9931213332529909,0.7,normal,111.3822
26,622,37335,5,0,4.9656,4.9656,0.9931,700.0,0.9931213332529909,0.7,normal,116.3478
26,622,37350,4,0,3.9725,3.9725,0.9931,700.0,0.9931213332529909,0.7,normal,120.3203
26,622,37365,3,0,2.9794,2.9794,0.9931,700.0,0.9931213332529909,0.7,normal,123.2997
26,623,37380,3,0,2.458,2.458,0.8193,700.0,0.8193250999337175,0.7,normal,125.7577
26,623,37395,2,0,1.6387,1.6387,0.8193,700.0,0.8193250999337175,0.7,normal,127.3964
26,623,37410,2,0,1.6387,1.6387,0.8193,700.0,0.8193250999337175,0.7,normal,129.0351
26,623,37425,2,0,1.6387,1.6387,0.8193,700.0,0.8193250999337175,0.7,normal,130.6738
27,624,37440,14,0,29.3538,29.3538,2.0967,700.0,5.0,0.7,normal,29.3538
27,624,37455,9,0,38.0082,38.0082,4.2231,700.0,5.0,0.7,normal,67.362
27,624,37470,8,0,36.7292,36.7292,4.5911,700.0,5.0,0.7,normal,104.0912
27,624,37485,16,0,52.1126,52.1126,3.257,700.0,5.0,0.7,normal,156.2038
27,625,37500,8,0,9.5845,9.5845,1.1981,700.0,4.125,1.0,normal,165.7883
27,625,37515,5,0,17.7057,17.7057,3.5411,700.0,4.125,1.0,normal,183.494
27,625,37530,6,0,19.7734,19.7734,3.2956,700.0,4.125,1.0,normal,203.2674
27,625,37545,8,0,13.3541,13.3541,1.6693,700.0,4.125,1.0,normal,216.6215
27,626,37560,9,0,18.9448,18.9448,2.105,700.0,3.403125,1.0,normal,235.5663
27,626,37575,14,0,37.0379,37.0379,2.6456,700.0,3.403125,1.0,normal,272.6042
27,626,37590,14,0,47.6438,47.6438,3.4031,700.0,3.403125,1.0,normal,320.248
27,626,37605,9,0,30.6281,30.6281,3.4031,700.0,3.403125,1.0,normal,350.8761
27,627,37620,9,1,25.2682,25.2682,2.8076,700.0,2.8075781250000005,1.0,normal,376.1443
27,627,37635,2,0,5.6152,5.6152,2.8076,700.0,2.8075781250000005,1.0,normal,381.7595
27,627,37650,6,0,16.8455,16.8455,2.8076,700.0,2.8075781250000005,1.0,normal,398.605
27,627,37665,10,1,14.7171,14.7171,1.4717,700.0,2.8075781250000005,1.0,normal,413.3221
27,628,37680,6,0,13.8975,13.8975,2.3163,700.0,2.3162519531250005,1.0,normal,427.2196
27,628,37695,4,0,9.265,9.265,2.3163,700.0,2.3162519531250005,1.0,normal,436.4846
27,628,37710,8,0,13.7599,13.7599,1.72,700.0,2.3162519531250005,1.0,normal,450.2445
27,628,37725,6,0,12.0632,12.0632,2.0105,700.0,2.3162519531250005,1.0,normal,462.3077
27,629,37740,6,0,11.4654,11.4654,1.9109,700.0,1.9109078613281256,1.0,normal,473.7731
27,629,37755,9,0,17.1982,17.1982,1.9109,700.0,1.9109078613281256,1.0,normal,490.9713
27,629,37770,5,0,9.5545,9.5545,1.9109,700.0,1.9109078613281256,1.0,normal,500.5258
27,629,37785,5,1,9.5545,9.5545,1.9109,700.0,1.9109078613281256,1.0,normal,510.0803
27,630,37800,1,0,1.4332,1.4332,1.4332,700.0,1.4331808959960943,1.0,normal,511.5135
27,630,37815,4,0,5.7327,5.7327,1.4332,700.0,1.4331808959960943,1.0,normal,517.2462
27,630,37830,2,0,2.8664,2.8664,1.4332,700.0,1.4331808959960943,1.0,normal,520.1126
27,630,37845,3,1,4.2995,4.2995,1.4332,700.0,1.4331808959960943,1.0,normal,524.4121
27,631,37860,1,0,1.0749,1.0749,1.0749,700.0,1.0748856719970707,1.0,normal,525.487
27,631,37875,0,0,0.0,0.0,1.0749,700.0,1.0748856719970707,1.0,normal,525.487
27,631,37890,1,0,1.0749,1.0749,1.0749,700.0,1.0748856719970707,1.0,normal,526.5619
27,631,37905,3,0,3.2247,3.2247,1.0749,700.0,1.0748856719970707,1.0,normal,529.7866
27,632,37920,2,0,1.6123,1.6123,0.8062,700.0,0.8061642539978031,1.0,normal,531.3989
27,632,37935,3,0,2.4185,2.4185,0.8062,700.0,0.8061642539978031,1.0,normal,533.8174
27,632,37950,1,0,0.8062,0.8062,0.8062,700.0,0.8061642539978031,1.0,normal,534.6236
27,632,37965,3,1,2.4185,2.4185,0.8062,700.0,0.8061642539978031,1.0,normal,537.0421
27,633,37980,0,0,0.0,0.0,0.6046,700.0,0.6046231904983523,1.0,normal,537.0421
27,633,37995,0,0,0.0,0.0,0.6046,700.0,0.6046231904983523,1.0,normal,537.0421
27,633,38010,0,0,0.0,0.0,0.6046,700.0,0.6046231904983523,1.0,normal,537.0421
27,633,38025,1,0,0.6046,0.6046,0.6046,700.0,0.6046231904983523,1.0,normal,537.6467
27,634,38040,0,0,0.0,0.0,0.5,700.0,0.5,1.0,normal,537.6467
27,634,38055,4,0,2.0,2.0,0.5,700.0,0.5,1.0,normal,539.6467
27,634,38070,0,0,0.0,0.0,0.5,700.0,0.5,1.0,normal,539.6467
27,634,38085,4,0,2.0,2.0,0.5,700.0,0.5,1.0,normal,541.6467
27,635,38100,2,0,1.0,1.0,0.5,700.0,0.5,1.0,normal,542.6467
27,635,38115,3,0,1.5,1.5,0.5,700.0,0.5,1.0,normal,544.1467
27,635,38130,3,0,1.5,1.5,0.5,700.0,0.5,1.0,normal,545.6467
27,635,38145,3,0,1.5,1.5,0.5,700.0,0.5,1.0,normal,547.1467
27,636,38160,2,0,1.0,1.0,0.5,1000.0,0.5,1.0,normal,548.1467
27,636,38175,1,0,0.5,0.5,0.5,1000.0,0.5,1.0,normal,548.6467
27,636,38190,0,0,0.0,0.0,0.5,1000.0,0.5,1.0,normal,548.6467
27,636,38205,2,1,1.0,1.0,0.5,1000.0,0.5,1.0,normal,549.6467
27,637,38220,1,0,0.5,0.5,0.5,1000.0,0.5,1.0,normal,550.1467
27,637,38235,2,0,1.0,1.0,0.5,1000.0,0.5,1.0,normal,551.1467
27,637,38250,2,1,1.0,1.0,0.5,1000.0,0.5,1.0,normal,552.1467
27,637,38265,4,0,2.0,2.0,0.5,1000.0,0.5,1.0,normal,554.1467
27,638,38280,2,0,1.045,1.045,0.5225,1000.0,0.5225,1.0,normal,555.1917
27,638,38295,0,0,0.0,0.0,0.5225,1000.0,0.5225,1.0,normal,555.1917
27,638,38310,2,0,1.045,1.045,0.5225,1000.0,0.5225,1.0,normal,556.2367
27,638,38325,2,0,1.045,1.045,0.5225,1000.0,0.5225,1.0,normal,557.2817
27,639,38340,1,0,0.546,0.546,0.546,1000.0,0.5460125,1.0,normal,557.8277
27,639,38355,1,0,0.546,0.546,0.546,1000.0,0.5460125,1.0,normal,558.3737
27,639,38370,2,0,1.092,1.092,0.546,1000.0,0.5460125,1.0,normal,559.4657
27,639,38385,1,0,0.546,0.546,0.546,1000.0,0.5460125,1.0,normal,560.0117
27,640,38400,2,0,1.1412,1.1412,0.5706,1000.0,0.5705830625,1.0,normal,561.1529
27,640,38415,4,0,2.2823,2.2823,0.5706,1000.0,0.5705830625,1.0,normal,563.4352
27,640,38430,0,0,0.0,0.0,0.5706,1000.0,0.5705830625,1.0,normal,563.4352
27,640,38445,3,0,1.7117,1.7117,0.5706,1000.0,0.5705830625,1.0,normal,565.1469
27,641,38460,2,0,1.1925,1.1925,0.5963,1000.0,0.5962593003125001,1.0,normal,566.3394
27,641,38475,0,0,0.0,0.0,0.5963,1000.0,0.5962593003125001,1.0,normal,566.3394
27,641,38490,4,0,2.385,2.385,0.5963,1000.0,0.5962593003125001,1.0,normal,568.7244
27,641,38505,2,0,1.1925,1.1925,0.5963,1000.0,0.5962593003125001,1.0,normal,569.9169
27,642,38520,2,1,1.2462,1.2462,0.6231,1000.0,0.6230909688265626,1.0,normal,571.1631
27,642,38535,3,0,1.8693,1.8693,0.6231,1000.0,0.6230909688265626,1.0,normal,573.0324
27,642,38550,1,0,0.6231,0.6231,0.6231,1000.0,0.6230909688265626,1.0,normal,573.6555
27,642,38565,1,0,0.6231,0.6231,0.6231,1000.0,0.6230909688265626,1.0,normal,574.2786
27,643,38580,3,1,2.0562,2.0562,0.6854,1000.0,0.6854000657092189,1.0,normal,576.3348
27,643,38595,1,0,0.6854,0.6854,0.6854,1000.0,0.6854000657092189,1.0,normal,577.0202
27,643,38610,1,0,0.6854,0.6854,0.6854,1000.0,0.6854000657092189,1.0,normal,577.7056
27,643,38625,2,0,1.3708,1.3708,0.6854,1000.0,0.6854000657092189,1.0,normal,579.0764
27,644,38640,2,0,1.5079,1.5079,0.7539,1000.0,0.7539400722801408,1.0,normal,580.5843
27,644,38655,1,1,0.7539,0.7539,0.7539,1000.0,0.7539400722801408,1.0,normal,581.3382
27,644,38670,2,0,1.5079,1.5079,0.7539,1000.0,0.7539400722801408,1.0,normal,582.8461
27,644,38685,1,0,0.7539,0.7539,0.7539,1000.0,0.7539400722801408,1.0,normal,583.6
27,645,38700,4,0,3.6491,3.6491,0.9123,1000.0,0.9122674874589706,1.0,normal,587.2491
27,645,38715,0,0,0.0,0.0,0.9123,1000.0,0.9122674874589706,1.0,normal,587.2491
27,645,38730,2,0,1.8245,1.8245,0.9123,1000.0,0.9122674874589706,1.0,normal,589.0736
27,645,38745,1,0,0.9123,0.9123,0.9123,1000.0,0.9122674874589706,1.0,normal,589.9859
27,646,38760,5,0,5.5192,5.5192,1.1038,1000.0,1.1038436598253547,1.0,normal,595.5051
27,646,38775,5,1,5.5192,5.5192,1.1038,1000.0,1.1038436598253547,1.0,normal,601.0243
27,646,38790,1,0,1.1038,1.1038,1.1038,1000.0,1.1038436598253547,1.0,normal,602.1281
27,646,38805,6,0,6.6231,6.6231,1.1038,1000.0,1.1038436598253547,1.0,normal,608.7512
27,647,38820,1,0,1.3357,1.3357,1.3357,1000.0,1.3356508283886794,1.0,normal,610.0869
27,647,38835,4,0,4.2188,4.2188,1.0547,1000.0,1.3356508283886794,1.0,normal,614.3057
27,647,38850,5,0,6.6783,6.6783,1.3357,1000.0,1.3356508283886794,1.0,normal,620.984
27,647,38865,1,0,1.2995,1.2995,1.2995,1000.0,1.3356508283886794,1.0,normal,622.2835
28,648,38880,4,0,5.2382,5.2382,1.3096,1000.0,1.6161375023503024,1.0,normal,5.2382
28,648,38895,1,0,1.6161,1.6161,1.6161,1000.0,1.6161375023503024,1.0,normal,6.8543
28,648,38910,4,0,6.4646,6.4646,1.6161,1000.0,1.6161375023503024,1.0,normal,13.3189
28,648,38925,5,0,8.0807,8.0807,1.6161,1000.0,1.6161375023503024,1.0,normal,21.3996
28,649,38940,4,0,7.8221,7.8221,1.9555,1000.0,1.955526377843866,1.0,normal,29.2217
28,649,38955,3,0,5.8666,5.8666,1.9555,1000.0,1.955526377843866,1.0,normal,35.0883
28,649,38970,8,0,13.751,13.751,1.7189,1000.0,1.955526377843866,1.0,normal,48.8393
28,649,38985,6,0,8.4187,8.4187,1.4031,1000.0,1.955526377843866,1.0,normal,57.258
28,650,39000,6,1,9.612,9.612,1.602,1000.0,2.366186917191078,1.0,normal,66.87
28,650,39015,9,1,21.2957,21.2957,2.3662,1000.0,2.366186917191078,1.0,normal,88.1657
28,650,39030,5,0,11.8309,11.8309,2.3662,1000.0,2.366186917191078,1.0,normal,99.9966
28,650,39045,7,0,15.8206,15.8206,2.2601,1000.0,2.366186917191078,1.0,normal,115.8172
28,651,39060,9,0,25.7678,25.7678,2.8631,1000.0,2.863086169801205,1.0,normal,141.585
28,651,39075,3,0,8.5893,8.5893,2.8631,1000.0,2.863086169801205,1.0,normal,150.1743
28,651,39090,4,0,11.4523,11.4523,2.8631,1000.0,2.863086169801205,1.0,normal,161.6266
28,651,39105,7,0,20.0416,20.0416,2.8631,1000.0,2.863086169801205,1.0,normal,181.6682
28,652,39120,10,0,34.6433,34.6433,3.4643,1000.0,3.464334265459459,1.0,normal,216.3115
28,652,39135,9,1,31.179,31.179,3.4643,1000.0,3.464334265459459,1.0,normal,247.4905
28,652,39150,12,0,41.572,41.572,3.4643,1000.0,3.464334265459459,1.0,normal,289.0625
28,652,39165,7,0,10.8253,10.8253,1.5465,1000.0,3.464334265459459,1.0,normal,299.8878
28,653,39180,5,0,6.4793,6.4793,1.2959,1000.0,4.191844461205946,1.0,normal,306.3671
28,653,39195,14,1,55.7168,55.7168,3.9798,1000.0,4.191844461205946,1.0,normal,362.0839
28,653,39210,10,0,41.9184,41.9184,4.1918,1000.0,4.191844461205946,1.0,normal,404.0023
28,653,39225,16,1,22.9152,22.9152,1.4322,1000.0,4.191844461205946,1.0,normal,426.9175
28,654,39240,8,0,19.2913,19.2913,2.4114,1000.0,5.072131798059195,1.0,normal,446.2088
28,654,39255,15,2,43.1439,21.5719,2.8763,1000.0,5.072131798059195,1.0,normal,489.3527
28,654,39270,9,0,45.6492,45.6492,5.0721,1000.0,5.072131798059195,1.0,normal,535.0019
28,654,39285,13,1,65.9377,65.9377,5.0721,1000.0,5.072131798059195,1.0,normal,600.9396
28,655,39300,17,2,39.5203,19.7602,2.3247,1000.0,6.137279475651627,1.0,normal,640.4599
28,655,39315,14,0,55.9563,55.9563,3.9969,1000.0,6.137279475651627,1.0,normal,696.4162
28,655,39330,21,0,30.0245,30.0245,1.4297,1000.0,6.137279475651627,1.0,normal,726.4407
28,655,39345,9,0,52.5496,52.5496,5.8388,1000.0,6.137279475651627,1.0,normal,778.9903
28,656,39360,21,0,67.2557,67.2557,3.2027,1000.0,6.75100742321679,1.0,normal,846.246
28,656,39375,15,1,54.9348,54.9348,3.6623,1000.0,6.75100742321679,1.0,budget_constrained,901.1808
28,656,39390,15,0,98.8192,98.8192,6.522,1000.0,6.75100742321679,1.0,budget_depleted,1000.0
28,656,39405,0,0,0.0,0.0,0.0,1000.0,6.75100742321679,1.0,budget_depleted,1000.0
28,657,39420,0,0,0.0,0.0,0.0,1000.0,7.426108165538469,1.0,budget_depleted,1000.0
28,657,39435,0,0,0.0,0.0,0.0,1000.0,7.426108165538469,1.0,budget_depleted,1000.0
28,657,39450,0,0,0.0,0.0,0.0,1000.0,7.426108165538469,1.0,budget_depleted,1000.0
28,657,39465,0,0,0.0,0.0,0.0,1000.0,7.426108165538469,1.0,budget_depleted,1000.0
28,658,39480,0,0,0.0,0.0,0.0,1000.0,8.168718982092317,1.0,budget_depleted,1000.0
28,658,39495,0,0,0.0,0.0,0.0,1000.0,8.168718982092317,1.0,budget_depleted,1000.0
28,658,39510,0,0,0.0,0.0,0.0,1000.0,8.168718982092317,1.0,budget_depleted,1000.0
28,658,39525,0,0,0.0,0.0,0.0,1000.0,8.168718982092317,1.0,budget_depleted,1000.0
28,659,39540,0,0,0.0,0.0,0.0,1000.0,8.98559088030155,1.0,budget_depleted,1000.0
28,659,39555,0,0,0.0,0.0,0.0,1000.0,8.98559088030155,1.0,budget_depleted,1000.0
28,659,39570,0,0,0.0,0.0,0.0,1000.0,8.98559088030155,1.0,budget_depleted,1000.0
28,659,39585,0,0,0.0,0.0,0.0,1000.0,8.98559088030155,1.0,budget_depleted,1000.0
28,660,39600,0,0,0.0,0.0,0.0,1000.0,9.884149968331705,1.0,budget_depleted,1000.0
28,660,39615,0,0,0.0,0.0,0.0,1000.0,9.884149968331705,1.0,budget_depleted,1000.0
28,660,39630,0,0,0.0,0.0,0.0,1000.0,9.884149968331705,1.0,budget_depleted,1000.0
28,660,39645,0,0,0.0,0.0,0.0,1000.0,9.884149968331705,1.0,budget_depleted,1000.0
28,661,39660,0,0,0.0,0.0,0.0,1000.0,9.884149968331705,1.0,budget_depleted,1000.0
28,661,39675,0,0,0.0,0.0,0.0,1000.0,9.884149968331705,1.0,budget_depleted,1000.0
28,661,39690,0,0,0.0,0.0,0.0,1000.0,9.884149968331705,1.0,budget_depleted,1000.0
28,661,39705,0,0,0.0,0.0,0.0,1000.0,9.884149968331705,1.0,budget_depleted,1000.0
28,662,39720,0,0,0.0,0.0,0.0,1000.0,9.884149968331705,1.0,budget_depleted,1000.0
28,662,39735,0,0,0.0,0.0,0.0,1000.0,9.884149968331705,1.0,budget_depleted,1000.0
28,662,39750,0,0,0.0,0.0,0.0,1000.0,9.884149968331705,1.0,budget_depleted,1000.0
28,662,39765,0,0,0.0,0.0,0.0,1000.0,9.884149968331705,1.0,budget_depleted,1000.0
28,663,39780,0,0,0.0,0.0,0.0,1000.0,9.884149968331705,1.0,budget_depleted,1000.0
28,663,39795,0,0,0.0,0.0,0.0,1000.0,9.884149968331705,1.0,budget_depleted,1000.0
28,663,39810,0,0,0.0,0.0,0.0,1000.0,9.884149968331705,1.0,budget_depleted,1000.0
28,663,39825,0,0,0.0,0.0,0.0,1000.0,9.884149968331705,1.0,budget_depleted,1000.0
28,664,39840,0,0,0.0,0.0,0.0,1000.0,9.884149968331705,1.0,budget_depleted,1000.0
28,664,39855,0,0,0.0,0.0,0.0,1000.0,9.884149968331705,1.0,budget_depleted,1000.0
28,664,39870,0,0,0.0,0.0,0.0,1000.0,9.884149968331705,1.0,budget_depleted,1000.0
28,664,39885,0,0,0.0,0.0,0.0,1000.0,9.884149968331705,1.0,budget_depleted,1000.0
28,665,39900,0,0,0.0,0.0,0.0,1000.0,9.884149968331705,1.0,budget_depleted,1000.0
28,665,39915,0,0,0.0,0.0,0.0,1000.0,9.884149968331705,1.0,budget_depleted,1000.0
28,665,39930,0,0,0.0,0.0,0.0,1000.0,9.884149968331705,1.0,budget_depleted,1000.0
28,665,39945,0,0,0.0,0.0,0.0,1000.0,9.884149968331705,1.0,budget_depleted,1000.0
28,666,39960,0,0,0.0,0.0,0.0,1000.0,9.884149968331705,1.0,budget_depleted,1000.0
28,666,39975,0,0,0.0,0.0,0.0,1000.0,9.884149968331705,1.0,budget_depleted,1000.0
28,666,39990,0,0,0.0,0.0,0.0,1000.0,9.884149968331705,1.0,budget_depleted,1000.0
28,666,40005,0,0,0.0,0.0,0.0,1000.0,9.884149968331705,1.0,budget_depleted,1000.0
28,667,40020,0,0,0.0,0.0,0.0,1000.0,9.884149968331705,1.0,budget_depleted,1000.0
28,667,40035,0,0,0.0,0.0,0.0,1000.0,9.884149968331705,1.0,budget_depleted,1000.0
28,667,40050,0,0,0.0,0.0,0.0,1000.0,9.884149968331705,1.0,budget_depleted,1000.0
28,667,40065,0,0,0.0,0.0,0.0,1000.0,9.884149968331705,1.0,budget_depleted,1000.0
28,668,40080,0,0,0.0,0.0,0.0,1000.0,9.38994246991512,1.0,budget_depleted,1000.0
28,668,40095,0,0,0.0,0.0,0.0,1000.0,9.38994246991512,1.0,budget_depleted,1000.0
28,668,40110,0,0,0.0,0.0,0.0,1000.0,9.38994246991512,1.0,budget_depleted,1000.0
28,668,40125,0,0,0.0,0.0,0.0,1000.0,9.38994246991512,1.0,budget_depleted,1000.0
28,669,40140,0,0,0.0,0.0,0.0,1000.0,8.920445346419363,1.0,budget_depleted,1000.0
28,669,40155,0,0,0.0,0.0,0.0,1000.0,8.920445346419363,1.0,budget_depleted,1000.0
28,669,40170,0,0,0.0,0.0,0.0,1000.0,8.920445346419363,1.0,budget_depleted,1000.0
28,669,40185,0,0,0.0,0.0,0.0,1000.0,8.920445346419363,1.0,budget_depleted,1000.0
28,670,40200,0,0,0.0,0.0,0.0,1000.0,8.474423079098395,1.0,budget_depleted,1000.0
28,670,40215,0,0,0.0,0.0,0.0,1000.0,8.474423079098395,1.0,budget_depleted,1000.0
28,670,40230,0,0,0.0,0.0,0.0,1000.0,8.474423079098395,1.0,budget_depleted,1000.0
28,670,40245,0,0,0.0,0.0,0.0,1000.0,8.474423079098395,1.0,budget_depleted,1000.0
28,671,40260,0,0,0.0,0.0,0.0,1000.0,7.203259617233636,1.0,budget_depleted,1000.0
28,671,40275,0,0,0.0,0.0,0.0,1000.0,7.203259617233636,1.0,budget_depleted,1000.0
28,671,40290,0,0,0.0,0.0,0.0,1000.0,7.203259617233636,1.0,budget_depleted,1000.0
28,671,40305,0,0,0.0,0.0,0.0,1000.0,7.203259617233636,1.0,budget_depleted,1000.0
29,672,40320,0,0,0.0,0.0,0.0,1000.0,6.12277067464859,1.0,normal,0.0
29,672,40335,10,0,52.1306,52.1306,5.2131,1000.0,6.12277067464859,1.0,normal,52.1306
29,672,40350,12,0,33.8836,33.8836,2.8236,1000.0,6.12277067464859,1.0,normal,86.0142
29,672,40365,16,2,97.9643,48.9822,6.1228,1000.0,6.12277067464859,1.0,normal,183.9785
29,673,40380,17,0,79.6266,79.6266,4.6839,1000.0,4.683919566106171,1.0,normal,263.6051
29,673,40395,11,0,51.5231,51.5231,4.6839,1000.0,4.683919566106171,1.0,normal,315.1282
29,673,40410,12,0,29.6347,29.6347,2.4696,1000.0,4.683919566106171,1.0,normal,344.7629
29,673,40425,13,0,60.891,60.891,4.6839,1000.0,4.683919566106171,1.0,normal,405.6539
29,674,40440,12,0,42.9984,42.9984,3.5832,1000.0,3.583198468071221,1.0,normal,448.6523
29,674,40455,9,0,15.0332,15.0332,1.6704,1000.0,3.583198468071221,1.0,normal,463.6855
29,674,40470,8,0,11.8045,11.8045,1.4756,1000.0,3.583198468071221,1.0,normal,475.49
29,674,40485,11,0,35.5536,35.5536,3.2321,1000.0,3.583198468071221,1.0,normal,511.0436
29,675,40500,6,0,14.512,14.512,2.4187,1000.0,2.418658965948074,1.0,normal,525.5556
29,675,40515,4,0,9.6746,9.6746,2.4187,1000.0,2.418658965948074,1.0,normal,535.2302
29,675,40530,8,0,19.3493,19.3493,2.4187,1000.0,2.418658965948074,1.0,normal,554.5795
29,675,40545,3,0,7.256,7.256,2.4187,1000.0,2.418658965948074,1.0,normal,561.8355
29,676,40560,3,0,4.1318,4.1318,1.3773,1000.0,1.63259480201495,1.0,normal,565.9673
29,676,40575,3,0,3.0634,3.0634,1.0211,1000.0,1.63259480201495,1.0,normal,569.0307
29,676,40590,7,0,9.564,9.564,1.3663,1000.0,1.63259480201495,1.0,normal,578.5947
29,676,40605,5,0,8.163,8.163,1.6326,1000.0,1.63259480201495,1.0,normal,586.7577
29,677,40620,2,0,2.204,2.204,1.102,1000.0,1.1020014913600913,1.0,normal,588.9617
29,677,40635,5,0,5.51,5.51,1.102,1000.0,1.1020014913600913,1.0,normal,594.4717
29,677,40650,5,0,5.51,5.51,1.102,1000.0,1.1020014913600913,1.0,normal,599.9817
29,677,40665,5,0,5.51,5.51,1.102,1000.0,1.1020014913600913,1.0,normal,605.4917
29,678,40680,2,0,1.4877,1.4877,0.7439,1000.0,0.7438510066680617,1.0,normal,606.9794
29,678,40695,1,0,0.7439,0.7439,0.7439,1000.0,0.7438510066680617,1.0,normal,607.7233
29,678,40710,0,0,0.0,0.0,0.7439,1000.0,0.7438510066680617,1.0,normal,607.7233
29,678,40725,1,0,0.7439,0.7439,0.7439,1000.0,0.7438510066680617,1.0,normal,608.4672
29,679,40740,1,0,0.5579,0.5579,0.5579,1000.0,0.5578882550010462,1.0,normal,609.0251
29,679,40755,0,0,0.0,0.0,0.5579,1000.0,0.5578882550010462,1.0,normal,609.0251
29,679,40770,0,0,0.0,0.0,0.5579,1000.0,0.5578882550010462,1.0,normal,609.0251
29,679,40785,2,0,1.1158,1.1158,0.5579,1000.0,0.5578882550010462,1.0,normal,610.1409
29,680,40800,1,0,0.5,0.5,0.5,1000.0,0.5,1.0,normal,610.6409
29,680,40815,1,0,0.5,0.5,0.5,1000.0,0.5,1.0,normal,611.1409
29,680,40830,1,0,0.5,0.5,0.5,1000.0,0.5,1.0,normal,611.6409
29,680,40845,4,0,2.0,2.0,0.5,1000.0,0.5,1.0,normal,613.6409
29,681,40860,1,0,0.5,0.5,0.5,1000.0,0.5,1.0,normal,614.1409
29,681,40875,1,0,0.5,0.5,0.5,1000.0,0.5,1.0,normal,614.6409
29,681,40890,3,0,1.5,1.5,0.5,1000.0,0.5,1.0,normal,616.1409
29,681,40905,1,0,0.5,0.5,0.5,1000.0,0.5,1.0,normal,616.6409
29,682,40920,0,0,0.0,0.0,0.5,1000.0,0.5,1.0,normal,616.6409
29,682,40935,2,0,1.0,1.0,0.5,1000.0,0.5,1.0,normal,617.6409
29,682,40950,2,0,1.0,1.0,0.5,1000.0,0.5,1.0,normal,618.6409
29,682,40965,0,0,0.0,0.0,0.5,1000.0,0.5,1.0,normal,618.6409
29,683,40980,2,0,1.0,1.0,0.5,1000.0,0.5,1.0,normal,619.6409
29,683,40995,0,0,0.0,0.0,0.5,1000.0,0.5,1.0,normal,619.6409
29,683,41010,2,0,1.0,1.0,0.5,1000.0,0.5,1.0,normal,620.6409
29,683,41025,3,0,1.5,1.5,0.5,1000.0,0.5,1.0,normal,622.1409
29,684,41040,3,0,1.5,1.5,0.5,1000.0,0.5,1.0,normal,623.6409
29,684,41055,0,0,0.0,0.0,0.5,1000.0,0.5,1.0,normal,623.6409
29,684,41070,1,0,0.5,0.5,0.5,1000.0,0.5,1.0,normal,624.1409
29,684,41085,1,0,0.5,0.5,0.5,1000.0,0.5,1.0,normal,624.6409
29,685,41100,0,0,0.0,0.0,0.5,1000.0,0.5,1.0,normal,624.6409
29,685,41115,1,0,0.5,0.5,0.5,1000.0,0.5,1.0,normal,625.1409
29,685,41130,3,0,1.5,1.5,0.5,1000.0,0.5,1.0,normal,626.6409
29,685,41145,1,0,0.5,0.5,0.5,1000.0,0.5,1.0,normal,627.1409
29,686,41160,2,0,1.0,1.0,0.5,1000.0,0.5,1.0,normal,628.1409
29,686,41175,1,0,0.5,0.5,0.5,1000.0,0.5,1.0,normal,628.6409
29,686,41190,1,0,0.5,0.5,0.5,1000.0,0.5,1.0,normal,629.1409
29,686,41205,0,0,0.0,0.0,0.5,1000.0,0.5,1.0,normal,629.1409
29,687,41220,2,0,1.0,1.0,0.5,1000.0,0.5,1.0,normal,630.1409
29,687,41235,2,1,1.0,1.0,0.5,1000.0,0.5,1.0,normal,631.1409
29,687,41250,3,0,1.5,1.5,0.5,1000.0,0.5,1.0,normal,632.6409
29,687,41265,1,0,0.5,0.5,0.5,1000.0,0.5,1.0,normal,633.1409
29,688,41280,3,0,1.5,1.5,0.5,1000.0,0.5,1.0,normal,634.6409
29,688,41295,1,0,0.5,0.5,0.5,1000.0,0.5,1.0,normal,635.1409
29,688,41310,1,0,0.5,0.5,0.5,1000.0,0.5,1.0,normal,635.6409
29,688,41325,1,0,0.5,0.5,0.5,1000.0,0.5,1.0,normal,636.1409
29,689,41340,2,0,1.0,1.0,0.5,1000.0,0.5,1.0,normal,637.1409
29,689,41355,3,0,1.5,1.5,0.5,1000.0,0.5,1.0,normal,638.6409
29,689,41370,3,0,1.5,1.5,0.5,1000.0,0.5,1.0,normal,640.1409
29,689,41385,1,0,0.5,0.5,0.5,1000.0,0.5,1.0,normal,640.6409
29,690,41400,0,0,0.0,0.0,0.5,1000.0,0.5,1.0,normal,640.6409
29,690,41415,0,0,0.0,0.0,0.5,1000.0,0.5,1.0,normal,640.6409
29,690,41430,1,0,0.5,0.5,0.5,1000.0,0.5,1.0,normal,641.1409
29,690,41445,3,0,1.5,1.5,0.5,1000.0,0.5,1.0,normal,642.6409
29,691,41460,1,0,0.5,0.5,0.5,1000.0,0.5,1.0,normal,643.1409
29,691,41475,1,0,0.5,0.5,0.5,1000.0,0.5,1.0,normal,643.6409
29,691,41490,3,0,1.5,1.5,0.5,1000.0,0.5,1.0,normal,645.1409
29,691,41505,1,0,0.5,0.5,0.5,1000.0,0.5,1.0,normal,645.6409
29,692,41520,0,0,0.0,0.0,0.5,1000.0,0.5,1.0,normal,645.6409
29,692,41535,4,0,2.0,2.0,0.5,1000.0,0.5,1.0,normal,647.6409
29,692,41550,4,0,2.0,2.0,0.5,1000.0,0.5,1.0,normal,649.6409
29,692,41565,0,0,0.0,0.0,0.5,1000.0,0.5,1.0,normal,649.6409
29,693,41580,0,0,0.0,0.0,0.5,1000.0,0.5,1.0,normal,649.6409
29,693,41595,3,0,1.5,1.5,0.5,1000.0,0.5,1.0,normal,651.1409
29,693,41610,0,0,0.0,0.0,0.5,1000.0,0.5,1.0,normal,651.1409
29,693,41625,0,0,0.0,0.0,0.5,1000.0,0.5,1.0,normal,651.1409
29,694,41640,1,0,0.5,0.5,0.5,1000.0,0.5,1.0,normal,651.6409
29,694,41655,0,0,0.0,0.0,0.5,1000.0,0.5,1.0,normal,651.6409
29,694,41670,1,0,0.5,0.5,0.5,1000.0,0.5,1.0,normal,652.1409
29,694,41685,0,0,0.0,0.0,0.5,1000.0,0.5,1.0,normal,652.1409
29,695,41700,1,0,0.5,0.5,0.5,1000.0,0.5,1.0,normal,652.6409
29,695,41715,2,0,1.0,1.0,0.5,1000.0,0.5,1.0,normal,653.6409
29,695,41730,1,0,0.5,0.5,0.5,1000.0,0.5,1.0,normal,654.1409
29,695,41745,1,0,0.5,0.5,0.5,1000.0,0.5,1.0,normal,654.6409
30,696,41760,4,0,2.0,2.0,0.5,1000.0,0.5,1.0,normal,2.0
30,696,41775,6,0,3.0,3.0,0.5,1000.0,0.5,1.0,normal,5.0
30,696,41790,0,0,0.0,0.0,0.5,1000.0,0.5,1.0,normal,5.0
30,696,41805,1,0,0.5,0.5,0.5,1000.0,0.5,1.0,normal,5.5
30,697,41820,1,0,0.5,0.5,0.5,1000.0,0.5,1.0,normal,6.0
30,697,41835,0,0,0.0,0.0,0.5,1000.0,0.5,1.0,normal,6.0
30,697,41850,0,0,0.0,0.0,0.5,1000.0,0.5,1.0,normal,6.0
30,697,41865,2,0,1.0,1.0,0.5,1000.0,0.5,1.0,normal,7.0
30,698,41880,0,0,0.0,0.0,0.5,1000.0,0.5,1.0,normal,7.0
30,698,41895,1,0,0.5,0.5,0.5,1000.0,0.5,1.0,normal,7.5
30,698,41910,0,0,0.0,0.0,0.5,1000.0,0.5,1.0,normal,7.5
30,698,41925,1,0,0.5,0.5,0.5,1000.0,0.5,1.0,normal,8.0
30,699,41940,1,0,0.5,0.5,0.5,1000.0,0.5,1.0,normal,8.5
30,699,41955,3,0,1.5,1.5,0.5,1000.0,0.5,1.0,normal,10.0
30,699,41970,2,0,1.0,1.0,0.5,1000.0,0.5,1.0,normal,11.0
30,699,41985,4,0,2.0,2.0,0.5,1000.0,0.5,1.0,normal,13.0
30,700,42000,3,0,1.5,1.5,0.5,1000.0,0.5,1.0,normal,14.5
30,700,42015,2,0,1.0,1.0,0.5,1000.0,0.5,1.0,normal,15.5
30,700,42030,1,0,0.5,0.5,0.5,1000.0,0.5,1.0,normal,16.0
30,700,42045,2,1,1.0,1.0,0.5,1000.0,0.5,1.0,normal,17.0
30,701,42060,1,0,0.605,0.605,0.605,1000.0,0.6050000000000001,1.0,normal,17.605
30,701,42075,1,0,0.605,0.605,0.605,1000.0,0.6050000000000001,1.0,normal,18.21
30,701,42090,1,0,0.605,0.605,0.605,1000.0,0.6050000000000001,1.0,normal,18.815
30,701,42105,1,0,0.605,0.605,0.605,1000.0,0.6050000000000001,1.0,normal,19.42
30,702,42120,2,0,1.4641,1.4641,0.7321,1000.0,0.7320500000000003,1.0,normal,20.8841
30,702,42135,0,0,0.0,0.0,0.7321,1000.0,0.7320500000000003,1.0,normal,20.8841
30,702,42150,1,0,0.7321,0.7321,0.7321,1000.0,0.7320500000000003,1.0,normal,21.6162
30,702,42165,0,0,0.0,0.0,0.7321,1000.0,0.7320500000000003,1.0,normal,21.6162
30,703,42180,2,0,1.7716,1.7716,0.8858,1000.0,0.8857805000000005,1.0,normal,23.3878
30,703,42195,3,0,2.6573,2.6573,0.8858,1000.0,0.8857805000000005,1.0,normal,26.0451
30,703,42210,3,0,2.6573,2.6573,0.8858,1000.0,0.8857805000000005,1.0,normal,28.7024
30,703,42225,3,0,2.6573,2.6573,0.8858,1000.0,0.8857805000000005,1.0,normal,31.3597
30,704,42240,0,0,0.0,0.0,1.0718,1000.0,1.0717944050000008,1.0,normal,31.3597
30,704,42255,5,0,5.359,5.359,1.0718,1000.0,1.0717944050000008,1.0,normal,36.7187
30,704,42270,3,0,3.2154,3.2154,1.0718,1000.0,1.0717944050000008,1.0,normal,39.9341
30,704,42285,2,0,2.1436,2.1436,1.0718,1000.0,1.0717944050000008,1.0,normal,42.0777
30,705,42300,1,0,1.2969,1.2969,1.2969,1000.0,1.2968712300500012,1.0,normal,43.3746
30,705,42315,4,0,5.1875,5.1875,1.2969,1000.0,1.2968712300500012,1.0,normal,48.5621
30,705,42330,9,0,11.6718,11.6718,1.2969,1000.0,1.2968712300500012,1.0,normal,60.2339
30,705,42345,4,1,5.1875,5.1875,1.2969,1000.0,1.2968712300500012,1.0,normal,65.4214
30,706,42360,3,0,4.7076,4.7076,1.5692,1000.0,1.5692141883605017,1.0,normal,70.129
30,706,42375,8,1,8.0689,8.0689,1.0086,1000.0,1.5692141883605017,1.0,normal,78.1979
30,706,42390,5,0,7.8461,7.8461,1.5692,1000.0,1.5692141883605017,1.0,normal,86.044
30,706,42405,5,0,7.8461,7.8461,1.5692,1000.0,1.5692141883605017,1.0,normal,93.8901
30,707,42420,2,0,3.7975,3.7975,1.8987,1000.0,1.8987491679162074,1.0,normal,97.6876
30,707,42435,2,0,3.7975,3.7975,1.8987,1000.0,1.8987491679162074,1.0,normal,101.4851
30,707,42450,4,0,7.595,7.595,1.8987,1000.0,1.8987491679162074,1.0,normal,109.0801
30,707,42465,7,0,13.2912,13.2912,1.8987,1000.0,1.8987491679162074,1.0,normal,122.3713
30,708,42480,11,0,20.4878,20.4878,1.8625,1000.0,5.0,1.0,normal,142.8591
30,708,42495,11,1,39.0813,39.0813,3.5528,1000.0,5.0,1.0,normal,181.9404
30,708,42510,12,0,50.9816,50.9816,4.2485,1000.0,5.0,1.0,normal,232.922
30,708,42525,13,0,65.0,65.0,5.0,1000.0,5.0,1.0,normal,297.922
30,709,42540,8,1,21.7582,21.7582,2.7198,1000.0,5.5,1.0,normal,319.6802
30,709,42555,9,1,21.4681,21.4681,2.3853,1000.0,5.5,1.0,normal,341.1483
30,709,42570,13,0,45.0484,45.0484,3.4653,1000.0,5.5,1.0,normal,386.1967
30,709,42585,17,1,40.5196,40.5196,2.3835,1000.0,5.5,1.0,normal,426.7163
30,710,42600,20,1,61.825,61.825,3.0913,1000.0,6.655000000000001,1.0,normal,488.5413
30,710,42615,12,0,34.9272,34.9272,2.9106,1000.0,6.655000000000001,1.0,normal,523.4685
30,710,42630,16,0,42.9139,42.9139,2.6821,1000.0,6.655000000000001,1.0,normal,566.3824
30,710,42645,25,0,68.8606,68.8606,2.7544,1000.0,6.655000000000001,1.0,normal,635.243
30,711,42660,10,0,50.9346,50.9346,5.0935,1000.0,7.320500000000002,1.0,normal,686.1776
30,711,42675,15,1,77.4989,77.4989,5.1666,1000.0,7.320500000000002,1.0,normal,763.6765
30,711,42690,21,1,147.9869,147.9869,7.047,1000.0,7.320500000000002,1.0,budget_constrained,911.6634
30,711,42705,26,0,87.315,87.315,3.3583,1000.0,7.320500000000002,1.0,budget_constrained,998.9784
30,712,42720,0,0,1.0216,1.0216,5.6835,1000.0,6.222425000000001,1.0,budget_depleted,1000.0
30,712,42735,0,0,0.0,0.0,0.0,1000.0,6.222425000000001,1.0,budget_depleted,1000.0
30,712,42750,0,0,0.0,0.0,0.0,1000.0,6.222425000000001,1.0,budget_depleted,1000.0
30,712,42765,0,0,0.0,0.0,0.0,1000.0,6.222425000000001,1.0,budget_depleted,1000.0
30,713,42780,0,0,0.0,0.0,0.0,1000.0,5.2890612500000005,1.0,budget_depleted,1000.0
30,713,42795,0,0,0.0,0.0,0.0,1000.0,5.2890612500000005,1.0,budget_depleted,1000.0
30,713,42810,0,0,0.0,0.0,0.0,1000.0,5.2890612500000005,1.0,budget_depleted,1000.0
30,713,42825,0,0,0.0,0.0,0.0,1000.0,5.2890612500000005,1.0,budget_depleted,1000.0
30,714,42840,0,0,0.0,0.0,0.0,1000.0,4.4957020625,1.0,budget_depleted,1000.0
30,714,42855,0,0,0.0,0.0,0.0,1000.0,4.4957020625,1.0,budget_depleted,1000.0
30,714,42870,0,0,0.0,0.0,0.0,1000.0,4.4957020625,1.0,budget_depleted,1000.0
30,714,42885,0,0,0.0,0.0,0.0,1000.0,4.4957020625,1.0,budget_depleted,1000.0
30,715,42900,0,0,0.0,0.0,0.0,1000.0,3.8213467531250003,1.0,budget_depleted,1000.0
30,715,42915,0,0,0.0,0.0,0.0,1000.0,3.8213467531250003,1.0,budget_depleted,1000.0
30,715,42930,0,0,0.0,0.0,0.0,1000.0,3.8213467531250003,1.0,budget_depleted,1000.0
30,715,42945,0,0,0.0,0.0,0.0,1000.0,3.8213467531250003,1.0,budget_depleted,1000.0
30,716,42960,0,0,0.0,0.0,0.0,1000.0,3.24814474015625,1.0,budget_depleted,1000.0
30,716,42975,0,0,0.0,0.0,0.0,1000.0,3.24814474015625,1.0,budget_depleted,1000.0
30,716,42990,0,0,0.0,0.0,0.0,1000.0,3.24814474015625,1.0,budget_depleted,1000.0
30,716,43005,0,0,0.0,0.0,0.0,1000.0,3.24814474015625,1.0,budget_depleted,1000.0
30,717,43020,0,0,0.0,0.0,0.0,1000.0,2.7609230291328126,1.0,budget_depleted,1000.0
30,717,43035,0,0,0.0,0.0,0.0,1000.0,2.7609230291328126,1.0,budget_depleted,1000.0
30,717,43050,0,0,0.0,0.0,0.0,1000.0,2.7609230291328126,1.0,budget_depleted,1000.0
30,717,43065,0,0,0.0,0.0,0.0,1000.0,2.7609230291328126,1.0,budget_depleted,1000.0
30,718,43080,0,0,0.0,0.0,0.0,1000.0,2.3467845747628906,1.0,budget_depleted,1000.0
30,718,43095,0,0,0.0,0.0,0.0,1000.0,2.3467845747628906,1.0,budget_depleted,1000.0
30,718,43110,0,0,0.0,0.0,0.0,1000.0,2.3467845747628906,1.0,budget_depleted,1000.0
30,718,43125,0,0,0.0,0.0,0.0,1000.0,2.3467845747628906,1.0,budget_depleted,1000.0
30,719,43140,0,0,0.0,0.0,0.0,1000.0,1.9947668885484569,1.0,budget_depleted,1000.0
30,719,43155,0,0,0.0,0.0,0.0,1000.0,1.9947668885484569,1.0,budget_depleted,1000.0
30,719,43170,0,0,0.0,0.0,0.0,1000.0,1.9947668885484569,1.0,budget_depleted,1000.0
30,719,43185,0,0,0.0,0.0,0.0,1000.0,1.9947668885484569,1.0,budget_depleted,1000.0
31,720,43200,0,0,0.0,0.0,0.0,1000.0,1.6955518552661883,1.0,normal,0.0
31,720,43215,3,0,5.0867,5.0867,1.6956,1000.0,1.6955518552661883,1.0,normal,5.0867
31,720,43230,7,0,11.8689,11.8689,1.6956,1000.0,1.6955518552661883,1.0,normal,16.9556
31,720,43245,1,0,1.6956,1.6956,1.6956,1000.0,1.6955518552661883,1.0,normal,18.6512
31,721,43260,1,0,1.4412,1.4412,1.4412,1000.0,1.44121907697626,1.0,normal,20.0924
31,721,43275,3,0,4.3237,4.3237,1.4412,1000.0,1.44121907697626,1.0,normal,24.4161
31,721,43290,3,0,4.3237,4.3237,1.4412,1000.0,1.44121907697626,1.0,normal,28.7398
31,721,43305,1,0,1.4412,1.4412,1.4412,1000.0,1.44121907697626,1.0,normal,30.181
31,722,43320,4,0,4.9001,4.9001,1.225,1000.0,1.225036215429821,1.0,normal,35.0811
31,722,43335,3,0,3.6751,3.6751,1.225,1000.0,1.225036215429821,1.0,normal,38.7562
31,722,43350,2,0,2.4501,2.4501,1.225,1000.0,1.225036215429821,1.0,normal,41.2063
31,722,43365,3,0,3.6751,3.6751,1.225,1000.0,1.225036215429821,1.0,normal,44.8814
31,723,43380,3,0,3.1238,3.1238,1.0413,1000.0,1.0412807831153479,1.0,normal,48.0052
31,723,43395,2,0,2.0826,2.0826,1.0413,1000.0,1.0412807831153479,1.0,normal,50.0878
31,723,43410,3,0,3.1238,3.1238,1.0413,1000.0,1.0412807831153479,1.0,normal,53.2116
31,723,43425,2,0,2.0826,2.0826,1.0413,1000.0,1.0412807831153479,1.0,normal,55.2942
31,724,43440,3,0,2.3429,2.3429,0.781,1000.0,0.7809605873365109,1.0,normal,57.6371
31,724,43455,2,0,1.5619,1.5619,0.781,1000.0,0.7809605873365109,1.0,normal,59.199
31,724,43470,2,0,1.5619,1.5619,0.781,1000.0,0.7809605873365109,1.0,normal,60.7609
31,724,43485,3,0,2.3429,2.3429,0.781,1000.0,0.7809605873365109,1.0,normal,63.1038
31,725,43500,2,0,1.1714,1.1714,0.5857,1000.0,0.5857204405023831,1.0,normal,64.2752
31,725,43515,1,0,0.5857,0.5857,0.5857,1000.0,0.5857204405023831,1.0,normal,64.8609
31,725,43530,4,0,2.3429,2.3429,0.5857,1000.0,0.5857204405023831,1.0,normal,67.2038
31,725,43545,1,0,0.5857,0.5857,0.5857,1000.0,0.5857204405023831,1.0,normal,67.7895
31,726,43560,0,0,0.0,0.0,0.5,1000.0,0.5,1.0,normal,67.7895
31,726,43575,1,0,0.5,0.5,0.5,1000.0,0.5,1.0,normal,68.2895
31,726,43590,0,0,0.0,0.0,0.5,1000.0,0.5,1.0,normal,68.2895
31,726,43605,1,0,0.5,0.5,0.5,1000.0,0.5,1.0,normal,68.7895
31,727,43620,1,0,0.5,0.5,0.5,1000.0,0.5,1.0,normal,69.2895
31,727,43635,0,0,0.0,0.0,0.5,1000.0,0.5,1.0,normal,69.2895
31,727,43650,1,0,0.5,0.5,0.5,1000.0,0.5,1.0,normal,69.7895
31,727,43665,0,0,0.0,0.0,0.5,1000.0,0.5,1.0,normal,69.7895
31,728,43680,3,0,1.5,1.5,0.5,1000.0,0.5,1.0,normal,71.2895
31,728,43695,1,0,0.5,0.5,0.5,1000.0,0.5,1.0,normal,71.7895
31,728,43710,1,0,0.5,0.5,0.5,1000.0,0.5,1.0,normal,72.2895
31,728,43725,2,0,1.0,1.0,0.5,1000.0,0.5,1.0,normal,73.2895
31,729,43740,0,0,0.0,0.0,0.5,1000.0,0.5,1.0,normal,73.2895
31,729,43755,0,0,0.0,0.0,0.5,1000.0,0.5,1.0,normal,73.2895
31,729,43770,0,0,0.0,0.0,0.5,1000.0,0.5,1.0,normal,73.2895
31,729,43785,1,0,0.5,0.5,0.5,1000.0,0.5,1.0,normal,73.7895
31,730,43800,1,0,0.5,0.5,0.5,1000.0,0.5,1.0,normal,74.2895
31,730,43815,0,0,0.0,0.0,0.5,1000.0,0.5,1.0,normal,74.2895
31,730,43830,3,0,1.5,1.5,0.5,1000.0,0.5,1.0,normal,75.7895
31,730,43845,3,0,1.5,1.5,0.5,1000.0,0.5,1.0,normal,77.2895
31,731,43860,1,0,0.5,0.5,0.5,1000.0,0.5,1.0,normal,77.7895
31,731,43875,3,0,1.5,1.5,0.5,1000.0,0.5,1.0,normal,79.2895
31,731,43890,1,0,0.5,0.5,0.5,1000.0,0.5,1.0,normal,79.7895
31,731,43905,1,0,0.5,0.5,0.5,1000.0,0.5,1.0,normal,80.2895
31,732,43920,1,0,0.5,0.5,0.5,1000.0,0.5,1.0,normal,80.7895
31,732,43935,1,0,0.5,0.5,0.5,1000.0,0.5,1.0,normal,81.2895
31,732,43950,2,0,1.0,1.0,0.5,1000.0,0.5,1.0,normal,82.2895
31,732,43965,2,0,1.0,1.0,0.5,1000.0,0.5,1.0,normal,83.2895
31,733,43980,2,0,1.0,1.0,0.5,1000.0,0.5,1.0,normal,84.2895
31,733,43995,0,0,0.0,0.0,0.5,1000.0,0.5,1.0,normal,84.2895
31,733,44010,1,0,0.5,0.5,0.5,1000.0,0.5,1.0,normal,84.7895
31,733,44025,1,0,0.5,0.5,0.5,1000.0,0.5,1.0,normal,85.2895
31,734,44040,1,0,0.5,0.5,0.5,1000.0,0.5,1.0,normal,85.7895
31,734,44055,1,1,0.5,0.5,0.5,1000.0,0.5,1.0,normal,86.2895
31,734,44070,1,0,0.5,0.5,0.5,1000.0,0.5,1.0,normal,86.7895
31,734,44085,2,0,1.0,1.0,0.5,1000.0,0.5,1.0,normal,87.7895
31,735,44100,1,0,0.5,0.5,0.5,1000.0,0.5,1.0,normal,88.2895
31,735,44115,1,0,0.5,0.5,0.5,1000.0,0.5,1.0,normal,88.7895
31,735,44130,2,1,1.0,1.0,0.5,1000.0,0.5,1.0,normal,89.7895
31,735,44145,2,0,1.0,1.0,0.5,1000.0,0.5,1.0,normal,90.7895
31,736,44160,0,0,0.0,0.0,0.605,1000.0,0.6050000000000001,1.0,normal,90.7895
31,736,44175,1,0,0.605,0.605,0.605,1000.0,0.6050000000000001,1.0,normal,91.3945
31,736,44190,1,0,0.605,0.605,0.605,1000.0,0.6050000000000001,1.0,normal,91.9995
31,736,44205,2,0,1.21,1.21,0.605,1000.0,0.6050000000000001,1.0,normal,93.2095
31,737,44220,1,0,0.7321,0.7321,0.7321,1000.0,0.7320500000000003,1.0,normal,93.9416
31,737,44235,2,0,1.4641,1.4641,0.7321,1000.0,0.7320500000000003,1.0,normal,95.4057
31,737,44250,1,1,0.7321,0.7321,0.7321,1000.0,0.7320500000000003,1.0,normal,96.1378
31,737,44265,4,0,2.9282,2.9282,0.7321,1000.0,0.7320500000000003,1.0,normal,99.066
31,738,44280,0,0,0.0,0.0,0.8858,1000.0,0.8857805000000005,1.0,normal,99.066
31,738,44295,3,0,2.6573,2.6573,0.8858,1000.0,0.8857805000000005,1.0,normal,101.7233
31,738,44310,2,0,1.7716,1.7716,0.8858,1000.0,0.8857805000000005,1.0,normal,103.4949
31,738,44325,5,0,4.4289,4.4289,0.8858,1000.0,0.8857805000000005,1.0,normal,107.9238
31,739,44340,5,0,5.359,5.359,1.0718,1000.0,1.0717944050000008,1.0,normal,113.2828
31,739,44355,2,0,2.1436,2.1436,1.0718,1000.0,1.0717944050000008,1.0,normal,115.4264
31,739,44370,6,0,6.4308,6.4308,1.0718,1000.0,1.0717944050000008,1.0,normal,121.8572
31,739,44385,3,0,3.2154,3.2154,1.0718,1000.0,1.0717944050000008,1.0,normal,125.0726
31,740,44400,3,0,3.8906,3.8906,1.2969,1000.0,1.2968712300500012,1.0,normal,128.9632
31,740,44415,1,0,1.2969,1.2969,1.2969,1000.0,1.2968712300500012,1.0,normal,130.2601
31,740,44430,2,0,2.5937,2.5937,1.2969,1000.0,1.2968712300500012,1.0,normal,132.8538
31,740,44445,1,0,1.2969,1.2969,1.2969,1000.0,1.2968712300500012,1.0,normal,134.1507
31,741,44460,6,0,9.4153,9.4153,1.5692,1000.0,1.5692141883605017,1.0,normal,143.566
31,741,44475,3,0,4.7076,4.7076,1.5692,1000.0,1.5692141883605017,1.0,normal,148.2736
31,741,44490,4,0,6.2769,6.2769,1.5692,1000.0,1.5692141883605017,1.0,normal,154.5505
31,741,44505,5,1,6.6579,6.6579,1.3316,1000.0,1.5692141883605017,1.0,normal,161.2084
31,742,44520,9,0,11.9841,11.9841,1.3316,1000.0,1.8987491679162074,1.0,normal,173.1925
31,742,44535,4,0,7.595,7.595,1.8987,1000.0,1.8987491679162074,1.0,normal,180.7875
31,742,44550,3,0,5.6962,5.6962,1.8987,1000.0,1.8987491679162074,1.0,normal,186.4837
31,742,44565,9,0,17.0887,17.0887,1.8987,1000.0,1.8987491679162074,1.0,normal,203.5724
31,743,44580,5,0,11.4874,11.4874,2.2975,1000.0,2.297486493178611,1.0,normal,215.0598
31,743,44595,5,0,11.0678,11.0678,2.2136,1000.0,2.297486493178611,1.0,normal,226.1276
31,743,44610,10,0,16.875,16.875,1.6875,1000.0,2.297486493178611,1.0,normal,243.0026
31,743,44625,5,0,5.5344,5.5344,1.1069,1000.0,2.297486493178611,1.0,normal,248.537
32,744,44640,14,0,50.7643,50.7643,3.626,1000.0,5.0,1.0,normal,50.7643
32,744,44655,15,1,75.0,75.0,5.0,1000.0,5.0,1.0,normal,125.7643
32,744,44670,12,0,42.8473,42.8473,3.5706,1000.0,5.0,1.0,normal,168.6116
32,744,44685,12,0,35.4547,35.4547,2.9546,1000.0,5.0,1.0,normal,204.0663
32,745,44700,7,0,7.2429,7.2429,1.0347,1000.0,5.225,1.0,normal,211.3092
32,745,44715,7,0,36.575,36.575,5.225,1000.0,5.225,1.0,normal,247.8842
32,745,44730,19,0,45.4192,45.4192,2.3905,1000.0,5.225,1.0,normal,293.3034
32,745,44745,16,1,45.6646,45.6646,2.854,1000.0,5.225,1.0,normal,338.968
32,746,44760,4,0,4.2511,4.2511,1.0628,1000.0,4.885375000000001,1.0,normal,343.2191
32,746,44775,10,0,16.385,16.385,1.6385,1000.0,4.885375000000001,1.0,normal,359.6041
32,746,44790,12,0,39.7879,39.7879,3.3157,1000.0,4.885375000000001,1.0,normal,399.392
32,746,44805,16,0,68.8611,68.8611,4.3038,1000.0,4.885375000000001,1.0,normal,468.2531
32,747,44820,8,1,13.6596,13.6596,1.7075,1000.0,4.0304343750000005,1.0,normal,481.9127
32,747,44835,11,0,14.0936,14.0936,1.2812,1000.0,4.0304343750000005,1.0,normal,496.0063
32,747,44850,8,0,32.2435,32.2435,4.0304,1000.0,4.0304343750000005,1.0,normal,528.2498
32,747,44865,12,0,48.3652,48.3652,4.0304,1000.0,4.0304343750000005,1.0,normal,576.615
32,748,44880,6,0,8.207,8.207,1.3678,1000.0,3.325108359375,1.0,normal,584.822
32,748,44895,7,1,9.3661,9.3661,1.338,1000.0,3.325108359375,1.0,normal,594.1881
32,748,44910,10,0,33.2511,33.2511,3.3251,1000.0,3.325108359375,1.0,normal,627.4392
32,748,44925,9,1,29.926,29.926,3.3251,1000.0,3.325108359375,1.0,normal,657.3652
32,749,44940,6,0,18.6539,18.6539,3.109,1000.0,3.1089763160156254,1.0,normal,676.0191
32,749,44955,10,0,31.0898,31.0898,3.109,1000.0,3.1089763160156254,1.0,normal,707.1089
32,749,44970,12,1,37.3077,37.3077,3.109,1000.0,3.1089763160156254,1.0,normal,744.4166
32,749,44985,11,0,12.7083,12.7083,1.1553,1000.0,3.1089763160156254,1.0,normal,757.1249
32,750,45000,12,0,29.9898,29.9898,2.4991,1000.0,2.6426298686132816,1.0,normal,787.1147
32,750,45015,3,0,3.9077,3.9077,1.3026,1000.0,2.6426298686132816,1.0,normal,791.0224
32,750,45030,11,0,12.3517,12.3517,1.1229,1000.0,2.6426298686132816,1.0,normal,803.3741
32,750,45045,7,0,18.4984,18.4984,2.6426,1000.0,2.6426298686132816,1.0,normal,821.8725
32,751,45060,2,0,4.4925,4.4925,2.2462,1000.0,2.2462353883212893,1.0,normal,826.365
32,751,45075,9,0,20.2161,20.2161,2.2462,1000.0,2.2462353883212893,1.0,normal,846.5811
32,751,45090,3,0,5.5833,5.5833,1.8611,1000.0,2.2462353883212893,1.0,normal,852.1644
32,751,45105,4,0,8.9849,8.9849,2.2462,1000.0,2.2462353883212893,1.0,normal,861.1493
32,752,45120,4,0,7.6372,7.6372,1.9093,1000.0,1.909300080073096,1.0,normal,868.7865
32,752,45135,4,0,4.7742,4.7742,1.1936,1000.0,1.909300080073096,1.0,normal,873.5607
32,752,45150,1,0,1.3891,1.3891,1.3891,1000.0,1.909300080073096,1.0,normal,874.9498
32,752,45165,5,0,8.2241,8.2241,1.6448,1000.0,1.909300080073096,1.0,normal,883.1739
32,753,45180,5,0,7.1599,7.1599,1.432,1000.0,1.431975060054822,1.0,normal,890.3338
32,753,45195,4,0,5.7279,5.7279,1.432,1000.0,1.431975060054822,1.0,normal,896.0617
32,753,45210,2,0,2.864,2.864,1.432,1000.0,1.431975060054822,1.0,normal,898.9257
32,753,45225,5,0,7.1599,7.1599,1.432,1000.0,1.431975060054822,1.0,budget_constrained,906.0856
32,754,45240,3,0,3.2219,3.2219,1.074,1000.0,1.0739812950411165,1.0,budget_constrained,909.3075
32,754,45255,2,1,2.148,2.148,1.074,1000.0,1.0739812950411165,1.0,budget_constrained,911.4555
32,754,45270,3,0,3.2219,3.2219,1.074,1000.0,1.0739812950411165,1.0,budget_constrained,914.6774
32,754,45285,0,0,0.0,0.0,1.074,1000.0,1.0739812950411165,1.0,budget_constrained,914.6774
32,755,45300,1,0,0.9129,0.9129,0.9129,1000.0,0.912884100784949,1.0,budget_constrained,915.5903
32,755,45315,4,0,3.6515,3.6515,0.9129,1000.0,0.912884100784949,1.0,budget_constrained,919.2418
32,755,45330,2,0,1.8258,1.8258,0.9129,1000.0,0.912884100784949,1.0,budget_constrained,921.0676
32,755,45345,3,0,2.7387,2.7387,0.9129,1000.0,0.912884100784949,1.0,budget_constrained,923.8063
32,756,45360,1,1,0.776,0.776,0.776,1000.0,0.7759514856672066,1.0,budget_constrained,924.5823
32,756,45375,6,1,4.6557,4.6557,0.776,1000.0,0.7759514856672066,1.0,budget_constrained,929.238
32,756,45390,4,0,3.1038,3.1038,0.776,1000.0,0.7759514856672066,1.0,budget_constrained,932.3418
32,756,45405,2,0,1.5519,1.5519,0.776,1000.0,0.7759514856672066,1.0,budget_constrained,933.8937
32,757,45420,2,0,1.4743,1.4743,0.7372,1000.0,0.7371539113838462,1.0,budget_constrained,935.368
32,757,45435,2,1,1.4743,1.4743,0.7372,1000.0,0.7371539113838462,1.0,budget_constrained,936.8423
32,757,45450,3,1,2.2115,2.2115,0.7372,1000.0,0.7371539113838462,1.0,budget_constrained,939.0538
32,757,45465,3,0,2.2115,2.2115,0.7372,1000.0,0.7371539113838462,1.0,budget_constrained,941.2653
32,758,45480,1,0,0.6634,0.6634,0.6634,1000.0,0.6634385202454616,1.0,budget_constrained,941.9287
32,758,45495,0,0,0.0,0.0,0.6634,1000.0,0.6634385202454616,1.0,budget_constrained,941.9287
32,758,45510,0,0,0.0,0.0,0.6634,1000.0,0.6634385202454616,1.0,budget_constrained,941.9287
32,758,45525,3,0,1.9903,1.9903,0.6634,1000.0,0.6634385202454616,1.0,budget_constrained,943.919
32,759,45540,2,0,1.1942,1.1942,0.5971,1000.0,0.5970946682209154,1.0,budget_constrained,945.1132
32,759,45555,2,0,1.1942,1.1942,0.5971,1000.0,0.5970946682209154,1.0,budget_constrained,946.3074
32,759,45570,3,0,1.7913,1.7913,0.5971,1000.0,0.5970946682209154,1.0,budget_constrained,948.0987
32,759,45585,3,1,1.7913,1.7913,0.5971,1000.0,0.5970946682209154,1.0,budget_constrained,949.89
32,760,45600,0,0,0.0,0.0,0.5374,1000.0,0.5373852013988238,1.0,budget_constrained,949.89
32,760,45615,1,0,0.5374,0.5374,0.5374,1000.0,0.5373852013988238,1.0,budget_constrained,950.4274
32,760,45630,1,0,0.5374,0.5374,0.5374,1000.0,0.5373852013988238,1.0,budget_constrained,950.9648
32,760,45645,2,0,1.0748,1.0748,0.5374,1000.0,0.5373852013988238,1.0,budget_constrained,952.0396
32,761,45660,1,0,0.5,0.5,0.5,1000.0,0.5,1.0,budget_constrained,952.5396
32,761,45675,0,0,0.0,0.0,0.5,1000.0,0.5,1.0,budget_constrained,952.5396
32,761,45690,4,0,2.0,2.0,0.5,1000.0,0.5,1.0,budget_constrained,954.5396
32,761,45705,3,0,1.5,1.5,0.5,1000.0,0.5,1.0,budget_constrained,956.0396
32,762,45720,3,0,1.5,1.5,0.5,1000.0,0.5,1.0,budget_constrained,957.5396
32,762,45735,1,0,0.5,0.5,0.5,1000.0,0.5,1.0,budget_constrained,958.0396
32,762,45750,2,0,1.0,1.0,0.5,1000.0,0.5,1.0,budget_constrained,959.0396
32,762,45765,2,0,1.0,1.0,0.5,1000.0,0.5,1.0,budget_constrained,960.0396
32,763,45780,1,0,0.5,0.5,0.5,1000.0,0.5,1.0,budget_constrained,960.5396
32,763,45795,0,0,0.0,0.0,0.5,1000.0,0.5,1.0,budget_constrained,960.5396
32,763,45810,0,0,0.0,0.0,0.5,1000.0,0.5,1.0,budget_constrained,960.5396
32,763,45825,2,0,1.0,1.0,0.5,1000.0,0.5,1.0,budget_constrained,961.5396
32,764,45840,1,0,0.5,0.5,0.5,1000.0,0.5,1.0,budget_constrained,962.0396
32,764,45855,1,0,0.5,0.5,0.5,1000.0,0.5,1.0,budget_constrained,962.5396
32,764,45870,0,0,0.0,0.0,0.5,1000.0,0.5,1.0,budget_constrained,962.5396
32,764,45885,1,0,0.5,0.5,0.5,1000.0,0.5,1.0,budget_constrained,963.0396
32,765,45900,1,0,0.5,0.5,0.5,1000.0,0.5,1.0,budget_constrained,963.5396
32,765,45915,3,0,1.5,1.5,0.5,1000.0,0.5,1.0,budget_constrained,965.0396
32,765,45930,2,1,1.0,1.0,0.5,1000.0,0.5,1.0,budget_constrained,966.0396
32,765,45945,0,0,0.0,0.0,0.5,1000.0,0.5,1.0,budget_constrained,966.0396
32,766,45960,0,0,0.0,0.0,0.5,1000.0,0.5,1.0,budget_constrained,966.0396
32,766,45975,3,0,1.5,1.5,0.5,1000.0,0.5,1.0,budget_constrained,967.5396
32,766,45990,2,0,1.0,1.0,0.5,1000.0,0.5,1.0,budget_constrained,968.5396
32,766,46005,2,0,1.0,1.0,0.5,1000.0,0.5,1.0,budget_constrained,969.5396
32,767,46020,0,0,0.0,0.0,0.5,1000.0,0.5,1.0,budget_constrained,969.5396
32,767,46035,2,0,1.0,1.0,0.5,1000.0,0.5,1.0,budget_constrained,970.5396
32,767,46050,2,0,1.0,1.0,0.5,1000.0,0.5,1.0,budget_constrained,971.5396
32,767,46065,3,1,1.5,1.5,0.5,1000.0,0.5,1.0,budget_constrained,973.0396
33,768,46080,0,0,0.0,0.0,0.5,1000.0,0.5,1.0,normal,0.0
33,768,46095,0,0,0.0,0.0,0.5,1000.0,0.5,1.0,normal,0.0
33,768,46110,0,0,0.0,0.0,0.5,1000.0,0.5,1.0,normal,0.0
33,768,46125,2,0,1.0,1.0,0.5,1000.0,0.5,1.0,normal,1.0
33,769,46140,2,1,1.21,1.21,0.605,1000.0,0.6050000000000001,1.0,normal,2.21
33,769,46155,2,0,1.21,1.21,0.605,1000.0,0.6050000000000001,1.0,normal,3.42
33,769,46170,1,0,0.605,0.605,0.605,1000.0,0.6050000000000001,1.0,normal,4.025
33,769,46185,1,0,0.605,0.605,0.605,1000.0,0.6050000000000001,1.0,normal,4.63
33,770,46200,1,0,0.7321,0.7321,0.7321,1000.0,0.7320500000000003,1.0,normal,5.3621
33,770,46215,0,0,0.0,0.0,0.7321,1000.0,0.7320500000000003,1.0,normal,5.3621
33,770,46230,0,0,0.0,0.0,0.7321,1000.0,0.7320500000000003,1.0,normal,5.3621
33,770,46245,4,0,2.9282,2.9282,0.7321,1000.0,0.7320500000000003,1.0,normal,8.2903
33,771,46260,0,0,0.0,0.0,0.8858,1000.0,0.8857805000000005,1.0,normal,8.2903
33,771,46275,2,0,1.7716,1.7716,0.8858,1000.0,0.8857805000000005,1.0,normal,10.0619
33,771,46290,0,0,0.0,0.0,0.8858,1000.0,0.8857805000000005,1.0,normal,10.0619
33,771,46305,3,1,2.6573,2.6573,0.8858,1000.0,0.8857805000000005,1.0,normal,12.7192
33,772,46320,4,0,4.2872,4.2872,1.0718,1000.0,1.0717944050000008,1.0,normal,17.0064
33,772,46335,5,1,5.359,5.359,1.0718,1000.0,1.0717944050000008,1.0,normal,22.3654
33,772,46350,1,0,1.0718,1.0718,1.0718,1000.0,1.0717944050000008,1.0,normal,23.4372
33,772,46365,5,0,5.359,5.359,1.0718,1000.0,1.0717944050000008,1.0,normal,28.7962
33,773,46380,3,0,3.8906,3.8906,1.2969,1000.0,1.2968712300500012,1.0,normal,32.6868
33,773,46395,3,0,3.8906,3.8906,1.2969,1000.0,1.2968712300500012,1.0,normal,36.5774
33,773,46410,2,0,2.5937,2.5937,1.2969,1000.0,1.2968712300500012,1.0,normal,39.1711
33,773,46425,4,0,5.1875,5.1875,1.2969,1000.0,1.2968712300500012,1.0,normal,44.3586
33,774,46440,3,0,4.7076,4.7076,1.5692,1000.0,1.5692141883605017,1.0,normal,49.0662
33,774,46455,4,0,6.2769,6.2769,1.5692,1000.0,1.5692141883605017,1.0,normal,55.3431
33,774,46470,1,0,1.5692,1.5692,1.5692,1000.0,1.5692141883605017,1.0,normal,56.9123
33,774,46485,3,1,4.7076,4.7076,1.5692,1000.0,1.5692141883605017,1.0,normal,61.6199
33,775,46500,5,0,6.0746,6.0746,1.2149,1000.0,1.8987491679162074,1.0,normal,67.6945
33,775,46515,5,0,9.4937,9.4937,1.8987,1000.0,1.8987491679162074,1.0,normal,77.1882
33,775,46530,5,0,9.4937,9.4937,1.8987,1000.0,1.8987491679162074,1.0,normal,86.6819
33,775,46545,3,0,5.6962,5.6962,1.8987,1000.0,1.8987491679162074,1.0,normal,92.3781
33,776,46560,6,0,7.4552,7.4552,1.2425,1000.0,2.297486493178611,1.0,normal,99.8333
33,776,46575,5,0,6.8645,6.8645,1.3729,1000.0,2.297486493178611,1.0,normal,106.6978
33,776,46590,6,0,13.7849,13.7849,2.2975,1000.0,2.297486493178611,1.0,normal,120.4827
33,776,46605,6,0,13.7849,13.7849,2.2975,1000.0,2.297486493178611,1.0,normal,134.2676
33,777,46620,4,0,5.9039,5.9039,1.476,1000.0,2.7799586567461194,1.0,normal,140.1715
33,777,46635,6,0,16.6798,16.6798,2.78,1000.0,2.7799586567461194,1.0,normal,156.8513
33,777,46650,5,0,13.8998,13.8998,2.78,1000.0,2.7799586567461194,1.0,normal,170.7511
33,777,46665,5,0,10.9976,10.9976,2.1995,1000.0,2.7799586567461194,1.0,normal,181.7487
33,778,46680,12,0,40.365,40.365,3.3637,1000.0,3.363749974662805,1.0,normal,222.1137
33,778,46695,5,0,8.0523,8.0523,1.6105,1000.0,3.363749974662805,1.0,normal,230.166
33,778,46710,7,0,14.2455,14.2455,2.0351,1000.0,3.363749974662805,1.0,normal,244.4115
33,778,46725,10,0,32.5542,32.5542,3.2554,1000.0,3.363749974662805,1.0,normal,276.9657
33,779,46740,8,0,19.9604,19.9604,2.4951,1000.0,4.0701374693419945,1.0,normal,296.9261
33,779,46755,12,1,33.124,33.124,2.7603,1000.0,4.0701374693419945,1.0,normal,330.0501
33,779,46770,12,1,23.9647,23.9647,1.9971,1000.0,4.0701374693419945,1.0,normal,354.0148
33,779,46785,12,0,15.2901,15.2901,1.2742,1000.0,4.0701374693419945,1.0,normal,369.3049
33,780,46800,10,0,25.1733,25.1733,2.5173,1000.0,5.0,1.0,normal,394.4782
33,780,46815,19,0,68.1638,68.1638,3.5876,1000.0,5.0,1.0,normal,462.642
33,780,46830,18,0,24.8385,24.8385,1.3799,1000.0,5.0,1.0,normal,487.4805
33,780,46845,5,0,20.6158,20.6158,4.1232,1000.0,5.0,1.0,normal,508.0963
33,781,46860,13,0,49.598,49.598,3.8152,1000.0,6.050000000000001,1.0,normal,557.6943
33,781,46875,23,2,98.81,49.405,4.2961,1000.0,6.050000000000001,1.0,normal,656.5043
33,781,46890,14,0,79.5132,79.5132,5.6795,1000.0,6.050000000000001,1.0,normal,736.0175
33,781,46905,20,1,68.3921,68.3921,3.4196,1000.0,6.050000000000001,1.0,normal,804.4096
33,782,46920,18,0,63.9272,63.9272,3.5515,1000.0,6.655000000000001,1.0,normal,868.3368
33,782,46935,18,0,115.4763,115.4763,6.4154,1000.0,6.655000000000001,1.0,budget_constrained,983.8131
33,782,46950,5,1,16.1869,16.1869,2.7564,1000.0,6.655000000000001,1.0,budget_constrained,1000.0
33,782,46965,0,0,0.0,0.0,4.2183,1000.0,6.655000000000001,1.0,budget_constrained,1000.0
33,783,46980,0,0,0.0,0.0,5.8846,1000.0,6.655000000000001,1.0,budget_constrained,1000.0
33,783,46995,0,0,0.0,0.0,3.0321,1000.0,6.655000000000001,1.0,budget_constrained,1000.0
33,783,47010,0,0,0.0,0.0,3.3913,1000.0,6.655000000000001,1.0,budget_constrained,1000.0
33,783,47025,0,0,0.0,0.0,6.655,1000.0,6.655000000000001,1.0,budget_constrained,1000.0
33,784,47040,0,0,0.0,0.0,6.3223,1000.0,6.32225,1.0,budget_constrained,1000.0
33,784,47055,0,0,0.0,0.0,4.2551,1000.0,6.32225,1.0,budget_constrained,1000.0
33,784,47070,0,0,0.0,0.0,1.2191,1000.0,6.32225,1.0,budget_constrained,1000.0
33,784,47085,0,0,0.0,0.0,1.4281,1000.0,6.32225,1.0,budget_constrained,1000.0
33,785,47100,0,0,0.0,0.0,1.4776,1000.0,6.0061375,1.0,budget_constrained,1000.0
33,785,47115,0,0,0.0,0.0,4.3744,1000.0,6.0061375,1.0,budget_constrained,1000.0
33,785,47130,0,0,0.0,0.0,4.0172,1000.0,6.0061375,1.0,budget_constrained,1000.0
33,785,47145,0,0,0.0,0.0,6.0061,1000.0,6.0061375,1.0,budget_constrained,1000.0
33,786,47160,0,0,0.0,0.0,3.389,1000.0,5.705830625,1.0,budget_constrained,1000.0
33,786,47175,0,0,0.0,0.0,5.7058,1000.0,5.705830625,1.0,budget_constrained,1000.0
33,786,47190,0,0,0.0,0.0,4.6648,1000.0,5.705830625,1.0,budget_constrained,1000.0
33,786,47205,0,0,0.0,0.0,5.7058,1000.0,5.705830625,1.0,budget_constrained,1000.0
33,787,47220,0,0,0.0,0.0,3.2303,1000.0,5.4205390937499995,1.0,budget_constrained,1000.0
33,787,47235,0,0,0.0,0.0,5.1904,1000.0,5.4205390937499995,1.0,budget_constrained,1000.0
33,787,47250,0,0,0.0,0.0,4.612,1000.0,5.4205390937499995,1.0,budget_constrained,1000.0
33,787,47265,0,0,0.0,0.0,2.7975,1000.0,5.4205390937499995,1.0,budget_constrained,1000.0
33,788,47280,0,0,0.0,0.0,1.5417,1000.0,5.149512139062499,1.0,budget_constrained,1000.0
33,788,47295,0,0,0.0,0.0,3.9372,1000.0,5.149512139062499,1.0,budget_constrained,1000.0
33,788,47310,0,0,0.0,0.0,1.4107,1000.0,5.149512139062499,1.0,budget_constrained,1000.0
33,788,47325,0,0,0.0,0.0,1.355,1000.0,5.149512139062499,1.0,budget_constrained,1000.0
33,789,47340,0,0,0.0,0.0,1.1493,1000.0,4.8920365321093735,1.0,budget_constrained,1000.0
33,789,47355,0,0,0.0,0.0,4.1198,1000.0,4.8920365321093735,1.0,budget_constrained,1000.0
33,789,47370,0,0,0.0,0.0,4.892,1000.0,4.8920365321093735,1.0,budget_constrained,1000.0
33,789,47385,0,0,0.0,0.0,2.6281,1000.0,4.8920365321093735,1.0,budget_constrained,1000.0
33,790,47400,0,0,0.0,0.0,2.0902,1000.0,4.158231052292967,1.0,budget_constrained,1000.0
33,790,47415,0,0,0.0,0.0,3.6452,1000.0,4.158231052292967,1.0,budget_constrained,1000.0
33,790,47430,0,0,0.0,0.0,3.4974,1000.0,4.158231052292967,1.0,budget_constrained,1000.0
33,790,47445,0,0,0.0,0.0,2.3935,1000.0,4.158231052292967,1.0,budget_constrained,1000.0
33,791,47460,0,0,0.0,0.0,1.9934,1000.0,3.5344963944490218,1.0,budget_constrained,1000.0
33,791,47475,0,0,0.0,0.0,3.5345,1000.0,3.5344963944490218,1.0,budget_constrained,1000.0
33,791,47490,0,0,0.0,0.0,2.993,1000.0,3.5344963944490218,1.0,budget_constrained,1000.0
33,791,47505,0,0,0.0,0.0,2.2597,1000.0,3.5344963944490218,1.0,budget_constrained,1000.0
34,792,47520,0,0,0.0,0.0,3.0043,1000.0,3.0043219352816686,1.0,normal,0.0
34,792,47535,4,0,12.0173,12.0173,3.0043,1000.0,3.0043219352816686,1.0,normal,12.0173
34,792,47550,7,0,21.0303,21.0303,3.0043,1000.0,3.0043219352816686,1.0,normal,33.0476
34,792,47565,7,0,12.673,12.673,1.8104,1000.0,3.0043219352816686,1.0,normal,45.7206
34,793,47580,4,0,5.5693,5.5693,1.3923,1000.0,2.2532414514612515,1.0,normal,51.2899
34,793,47595,4,1,9.013,9.013,2.2532,1000.0,2.2532414514612515,1.0,normal,60.3029
34,793,47610,5,0,11.2662,11.2662,2.2532,1000.0,2.2532414514612515,1.0,normal,71.5691
34,793,47625,11,1,14.7508,14.7508,1.341,1000.0,2.2532414514612515,1.0,normal,86.3199
34,794,47640,3,1,4.3538,4.3538,1.4513,1000.0,1.9152552337420639,1.0,normal,90.6737
34,794,47655,9,0,17.2373,17.2373,1.9153,1000.0,1.9152552337420639,1.0,normal,107.911
34,794,47670,4,0,6.6095,6.6095,1.6524,1000.0,1.9152552337420639,1.0,normal,114.5205
34,794,47685,5,0,9.5763,9.5763,1.9153,1000.0,1.9152552337420639,1.0,normal,124.0968
34,795,47700,2,0,2.9303,2.9303,1.4652,1000.0,1.4651702538126787,1.0,normal,127.0271
34,795,47715,2,0,2.9303,2.9303,1.4652,1000.0,1.4651702538126787,1.0,normal,129.9574
34,795,47730,4,0,5.8607,5.8607,1.4652,1000.0,1.4651702538126787,1.0,normal,135.8181
34,795,47745,1,1,1.4652,1.4652,1.4652,1000.0,1.4651702538126787,1.0,normal,137.2833
34,796,47760,1,0,1.1209,1.1209,1.1209,1000.0,1.1208552441666992,1.0,normal,138.4042
34,796,47775,1,0,1.1209,1.1209,1.1209,1000.0,1.1208552441666992,1.0,normal,139.5251
34,796,47790,3,0,3.1136,3.1136,1.0379,1000.0,1.1208552441666992,1.0,normal,142.6387
34,796,47805,1,0,1.1209,1.1209,1.1209,1000.0,1.1208552441666992,1.0,normal,143.7596
34,797,47820,4,0,3.4298,3.4298,0.8575,1000.0,0.8574542617875249,1.0,normal,147.1894
34,797,47835,1,0,0.8575,0.8575,0.8575,1000.0,0.8574542617875249,1.0,normal,148.0469
34,797,47850,0,0,0.0,0.0,0.8575,1000.0,0.8574542617875249,1.0,normal,148.0469
34,797,47865,5,0,4.2873,4.2873,0.8575,1000.0,0.8574542617875249,1.0,normal,152.3342
34,798,47880,1,0,0.656,0.656,0.656,1000.0,0.6559525102674566,1.0,normal,152.9902
34,798,47895,4,0,2.6238,2.6238,0.656,1000.0,0.6559525102674566,1.0,normal,155.614
34,798,47910,0,0,0.0,0.0,0.656,1000.0,0.6559525102674566,1.0,normal,155.614
34,798,47925,3,0,1.9679,1.9679,0.656,1000.0,0.6559525102674566,1.0,normal,157.5819
34,799,47940,0,0,0.0,0.0,0.5,1000.0,0.5,1.0,normal,157.5819
34,799,47955,2,0,1.0,1.0,0.5,1000.0,0.5,1.0,normal,158.5819
34,799,47970,3,0,1.5,1.5,0.5,1000.0,0.5,1.0,normal,160.0819
34,799,47985,0,0,0.0,0.0,0.5,1000.0,0.5,1.0,normal,160.0819
34,800,48000,2,0,1.0,1.0,0.5,1000.0,0.5,1.0,normal,161.0819
34,800,48015,3,0,1.5,1.5,0.5,1000.0,0.5,1.0,normal,162.5819
34,800,48030,2,0,1.0,1.0,0.5,1000.0,0.5,1.0,normal,163.5819
34,800,48045,0,0,0.0,0.0,0.5,1000.0,0.5,1.0,normal,163.5819
34,801,48060,2,0,1.0,1.0,0.5,1000.0,0.5,1.0,normal,164.5819
34,801,48075,0,0,0.0,0.0,0.5,1000.0,0.5,1.0,normal,164.5819
34,801,48090,2,0,1.0,1.0,0.5,1000.0,0.5,1.0,normal,165.5819
34,801,48105,1,0,0.5,0.5,0.5,1000.0,0.5,1.0,normal,166.0819
34,802,48120,3,0,1.5,1.5,0.5,1000.0,0.5,1.0,normal,167.5819
34,802,48135,2,0,1.0,1.0,0.5,1000.0,0.5,1.0,normal,168.5819
34,802,48150,2,0,1.0,1.0,0.5,1000.0,0.5,1.0,normal,169.5819
34,802,48165,0,0,0.0,0.0,0.5,1000.0,0.5,1.0,normal,169.5819
34,803,48180,0,0,0.0,0.0,0.5,1000.0,0.5,1.0,normal,169.5819
34,803,48195,1,0,0.5,0.5,0.5,1000.0,0.5,1.0,normal,170.0819
34,803,48210,1,0,0.5,0.5,0.5,1000.0,0.5,1.0,normal,170.5819
34,803,48225,0,0,0.0,0.0,0.5,1000.0,0.5,1.0,normal,170.5819
34,804,48240,2,0,1.0,1.0,0.5,1000.0,0.5,1.0,normal,171.5819
34,804,48255,0,0,0.0,0.0,0.5,1000.0,0.5,1.0,normal,171.5819
34,804,48270,3,0,1.5,1.5,0.5,1000.0,0.5,1.0,normal,173.0819
34,804,48285,1,0,0.5,0.5,0.5,1000.0,0.5,1.0,normal,173.5819
34,805,48300,3,0,1.5675,1.5675,0.5225,1000.0,0.5225,1.0,normal,175.1494
34,805,48315,1,0,0.5225,0.5225,0.5225,1000.0,0.5225,1.0,normal,175.6719
34,805,48330,3,0,1.5675,1.5675,0.5225,1000.0,0.5225,1.0,normal,177.2394
34,805,48345,0,0,0.0,0.0,0.5225,1000.0,0.5225,1.0,normal,177.2394
34,806,48360,0,0,0.0,0.0,0.5747,1000.0,0.57475,1.0,normal,177.2394
34,806,48375,2,0,1.1495,1.1495,0.5747,1000.0,0.57475,1.0,normal,178.3889
34,806,48390,3,0,1.7243,1.7243,0.5747,1000.0,0.57475,1.0,normal,180.1132
34,806,48405,5,0,2.8737,2.8737,0.5747,1000.0,0.57475,1.0,normal,182.9869
34,807,48420,1,0,0.6954,0.6954,0.6954,1000.0,0.6954475000000001,1.0,normal,183.6823
34,807,48435,1,0,0.6954,0.6954,0.6954,1000.0,0.6954475000000001,1.0,normal,184.3777
34,807,48450,4,0,2.7818,2.7818,0.6954,1000.0,0.6954475000000001,1.0,normal,187.1595
34,807,48465,2,0,1.3909,1.3909,0.6954,1000.0,0.6954475000000001,1.0,normal,188.5504
34,808,48480,2,0,1.683,1.683,0.8415,1000.0,0.8414914750000002,1.0,normal,190.2334
34,808,48495,2,0,1.683,1.683,0.8415,1000.0,0.8414914750000002,1.0,normal,191.9164
34,808,48510,2,0,1.683,1.683,0.8415,1000.0,0.8414914750000002,1.0,normal,193.5994
34,808,48525,2,0,1.683,1.683,0.8415,1000.0,0.8414914750000002,1.0,normal,195.2824
34,809,48540,3,0,3.0546,3.0546,1.0182,1000.0,1.0182046847500004,1.0,normal,198.337
34,809,48555,1,0,1.0182,1.0182,1.0182,1000.0,1.0182046847500004,1.0,normal,199.3552
34,809,48570,2,0,2.0364,2.0364,1.0182,1000.0,1.0182046847500004,1.0,normal,201.3916
34,809,48585,3,0,3.0546,3.0546,1.0182,1000.0,1.0182046847500004,1.0,normal,204.4462
34,810,48600,1,0,1.232,1.232,1.232,1000.0,1.2320276685475007,1.0,normal,205.6782
34,810,48615,1,0,1.232,1.232,1.232,1000.0,1.2320276685475007,1.0,normal,206.9102
34,810,48630,4,0,4.9281,4.9281,1.232,1000.0,1.2320276685475007,1.0,normal,211.8383
34,810,48645,5,0,6.1601,6.1601,1.232,1000.0,1.2320276685475007,1.0,normal,217.9984
34,811,48660,1,0,1.4908,1.4908,1.4908,1000.0,1.4907534789424761,1.0,normal,219.4892
34,811,48675,10,0,14.9075,14.9075,1.4908,1000.0,1.4907534789424761,1.0,normal,234.3967
34,811,48690,1,0,1.4908,1.4908,1.4908,1000.0,1.4907534789424761,1.0,normal,235.8875
34,811,48705,4,0,5.963,5.963,1.4908,1000.0,1.4907534789424761,1.0,normal,241.8505
34,812,48720,2,0,3.6076,3.6076,1.8038,1000.0,1.8038117095203963,1.0,normal,245.4581
34,812,48735,2,0,3.6076,3.6076,1.8038,1000.0,1.8038117095203963,1.0,normal,249.0657
34,812,48750,3,0,5.4114,5.4114,1.8038,1000.0,1.8038117095203963,1.0,normal,254.4771
34,812,48765,1,0,1.1807,1.1807,1.1807,1000.0,1.8038117095203963,1.0,normal,255.6578
34,813,48780,3,0,6.5478,6.5478,2.1826,1000.0,2.1826121685196798,1.0,normal,262.2056
34,813,48795,4,1,6.3538,6.3538,1.5884,1000.0,2.1826121685196798,1.0,normal,268.5594
34,813,48810,3,0,6.5478,6.5478,2.1826,1000.0,2.1826121685196798,1.0,normal,275.1072
34,813,48825,5,0,10.9131,10.9131,2.1826,1000.0,2.1826121685196798,1.0,normal,286.0203
34,814,48840,2,0,5.2819,5.2819,2.641,1000.0,2.6409607239088126,1.0,normal,291.3022
34,814,48855,5,0,11.9434,11.9434,2.3887,1000.0,2.6409607239088126,1.0,normal,303.2456
34,814,48870,4,0,8.2398,8.2398,2.0599,1000.0,2.6409607239088126,1.0,normal,311.4854
34,814,48885,5,0,9.8403,9.8403,1.9681,1000.0,2.6409607239088126,1.0,normal,321.3257
34,815,48900,3,0,8.7152,8.7152,2.9051,1000.0,2.9050567962996943,1.0,normal,330.0409
34,815,48915,7,1,11.0596,11.0596,1.5799,1000.0,2.9050567962996943,1.0,normal,341.1005
34,815,48930,5,0,14.5253,14.5253,2.9051,1000.0,2.9050567962996943,1.0,normal,355.6258
34,815,48945,10,0,19.6139,19.6139,1.9614,1000.0,2.9050567962996943,1.0,normal,375.2397
35,816,48960,12,0,54.2621,54.2621,4.5218,1000.0,5.0,1.0,normal,54.2621
35,816,48975,13,0,49.6225,49.6225,3.8171,1000.0,5.0,1.0,normal,103.8846
35,816,48990,16,0,63.9444,63.9444,3.9965,1000.0,5.0,1.0,normal,167.829
35,816,49005,19,1,59.7413,59.7413,3.1443,1000.0,5.0,1.0,normal,227.5703
35,817,49020,15,0,23.4356,23.4356,1.5624,1000.0,5.5,1.0,normal,251.0059
35,817,49035,17,3,68.3855,22.7952,4.0227,1000.0,5.5,1.0,normal,319.3914
35,817,49050,22,0,94.5835,94.5835,4.2993,1000.0,5.5,1.0,normal,413.9749
35,817,49065,10,0,37.58,37.58,3.758,1000.0,5.5,1.0,normal,451.5549
35,818,49080,8,0,33.5019,33.5019,4.1877,1000.0,5.1425,1.0,normal,485.0568
35,818,49095,22,0,82.2461,82.2461,3.7385,1000.0,5.1425,1.0,normal,567.3029
35,818,49110,8,0,10.9232,10.9232,1.3654,1000.0,5.1425,1.0,normal,578.2261
35,818,49125,12,0,15.0246,15.0246,1.252,1000.0,5.1425,1.0,normal,593.2507
35,819,49140,7,0,29.6979,29.6979,4.2426,1000.0,4.2425625,1.0,normal,622.9486
35,819,49155,5,0,16.3237,16.3237,3.2647,1000.0,4.2425625,1.0,normal,639.2723
35,819,49170,11,0,11.9629,11.9629,1.0875,1000.0,4.2425625,1.0,normal,651.2352
35,819,49185,9,1,16.7064,16.7064,1.8563,1000.0,4.2425625,1.0,normal,667.9416
35,820,49200,8,0,14.1034,14.1034,1.7629,1000.0,3.181921875,1.0,normal,682.045
35,820,49215,7,1,22.2735,22.2735,3.1819,1000.0,3.181921875,1.0,normal,704.3185
35,820,49230,9,0,10.0891,10.0891,1.121,1000.0,3.181921875,1.0,normal,714.4076
35,820,49245,9,1,10.1264,10.1264,1.1252,1000.0,3.181921875,1.0,normal,724.534
35,821,49260,9,0,21.478,21.478,2.3864,1000.0,2.38644140625,1.0,normal,746.012
35,821,49275,1,1,2.3864,2.3864,2.3864,1000.0,2.38644140625,1.0,normal,748.3984
35,821,49290,7,0,16.7051,16.7051,2.3864,1000.0,2.38644140625,1.0,normal,765.1035
35,821,49305,5,0,11.9322,11.9322,2.3864,1000.0,2.38644140625,1.0,normal,777.0357
35,822,49320,5,0,10.1424,10.1424,2.0285,1000.0,2.0284751953124998,1.0,normal,787.1781
35,822,49335,5,1,5.996,5.996,1.1992,1000.0,2.0284751953124998,1.0,normal,793.1741
35,822,49350,9,2,16.8095,8.4047,1.8677,1000.0,2.0284751953124998,1.0,normal,809.9836
35,822,49365,7,0,14.1993,14.1993,2.0285,1000.0,2.0284751953124998,1.0,normal,824.1829
35,823,49380,7,0,13.4894,13.4894,1.9271,1000.0,1.9270514355468746,1.0,normal,837.6723
35,823,49395,5,0,9.6353,9.6353,1.9271,1000.0,1.9270514355468746,1.0,normal,847.3076
35,823,49410,6,1,10.3053,10.3053,1.7175,1000.0,1.9270514355468746,1.0,normal,857.6129
35,823,49425,6,0,11.5623,11.5623,1.9271,1000.0,1.9270514355468746,1.0,normal,869.1752
35,824,49440,10,0,19.2705,19.2705,1.9271,1000.0,1.9270514355468746,1.0,normal,888.4457
35,824,49455,6,0,11.5623,11.5623,1.9271,1000.0,1.9270514355468746,1.0,budget_constrained,900.008
35,824,49470,9,1,10.2534,10.2534,1.1393,1000.0,1.9270514355468746,1.0,budget_constrained,910.2614
35,824,49485,7,0,13.4894,13.4894,1.9271,1000.0,1.9270514355468746,1.0,budget_constrained,923.7508
35,825,49500,8,0,13.8748,13.8748,1.7343,1000.0,1.7343462919921873,1.0,budget_constrained,937.6256
35,825,49515,4,0,6.9374,6.9374,1.7343,1000.0,1.7343462919921873,1.0,budget_constrained,944.563
35,825,49530,5,0,8.6717,8.6717,1.7343,1000.0,1.7343462919921873,1.0,budget_constrained,953.2347
35,825,49545,11,1,19.0778,19.0778,1.7343,1000.0,1.7343462919921873,1.0,budget_constrained,972.3125
35,826,49560,7,0,10.9264,10.9264,1.5609,1000.0,1.5609116627929687,1.0,budget_constrained,983.2389
35,826,49575,2,0,3.1218,3.1218,1.5609,1000.0,1.5609116627929687,1.0,budget_constrained,986.3607
35,826,49590,7,0,10.9264,10.9264,1.5609,1000.0,1.5609116627929687,1.0,budget_constrained,997.2871
35,826,49605,1,0,2.7129,2.7129,1.5609,1000.0,1.5609116627929687,1.0,budget_constrained,1000.0
35,827,49620,0,0,0.0,0.0,1.4048,1000.0,1.404820496513672,1.0,budget_constrained,1000.0
35,827,49635,0,0,0.0,0.0,1.4048,1000.0,1.404820496513672,1.0,budget_constrained,1000.0
35,827,49650,0,0,0.0,0.0,1.4048,1000.0,1.404820496513672,1.0,budget_constrained,1000.0
35,827,49665,0,0,0.0,0.0,1.4048,1000.0,1.404820496513672,1.0,budget_constrained,1000.0
35,828,49680,0,0,0.0,0.0,1.2643,1000.0,1.2643384468623047,1.0,budget_constrained,1000.0
35,828,49695,0,0,0.0,0.0,1.2643,1000.0,1.2643384468623047,1.0,budget_constrained,1000.0
35,828,49710,0,0,0.0,0.0,1.2643,1000.0,1.2643384468623047,1.0,budget_constrained,1000.0
35,828,49725,0,0,0.0,0.0,1.2643,1000.0,1.2643384468623047,1.0,budget_constrained,1000.0
35,829,49740,0,0,0.0,0.0,1.1379,1000.0,1.1379046021760741,1.0,budget_constrained,1000.0
35,829,49755,0,0,0.0,0.0,1.1379,1000.0,1.1379046021760741,1.0,budget_constrained,1000.0
35,829,49770,0,0,0.0,0.0,1.1379,1000.0,1.1379046021760741,1.0,budget_constrained,1000.0
35,829,49785,0,0,0.0,0.0,1.1379,1000.0,1.1379046021760741,1.0,budget_constrained,1000.0
35,830,49800,0,0,0.0,0.0,1.0241,1000.0,1.0241141419584667,1.0,budget_constrained,1000.0
35,830,49815,0,0,0.0,0.0,1.0241,1000.0,1.0241141419584667,1.0,budget_constrained,1000.0
35,830,49830,0,0,0.0,0.0,1.0241,1000.0,1.0241141419584667,1.0,budget_constrained,1000.0
35,830,49845,0,0,0.0,0.0,1.0241,1000.0,1.0241141419584667,1.0,budget_constrained,1000.0
35,831,49860,0,0,0.0,0.0,0.9217,1000.0,0.9217027277626201,1.0,budget_constrained,1000.0
35,831,49875,0,0,0.0,0.0,0.9217,1000.0,0.9217027277626201,1.0,budget_constrained,1000.0
35,831,49890,0,0,0.0,0.0,0.9217,1000.0,0.9217027277626201,1.0,budget_constrained,1000.0
35,831,49905,0,0,0.0,0.0,0.9217,1000.0,0.9217027277626201,1.0,budget_constrained,1000.0
35,832,49920,0,0,0.0,0.0,0.8295,1000.0,0.8295324549863581,1.0,budget_constrained,1000.0
35,832,49935,0,0,0.0,0.0,0.8295,1000.0,0.8295324549863581,1.0,budget_constrained,1000.0
35,832,49950,0,0,0.0,0.0,0.8295,1000.0,0.8295324549863581,1.0,budget_constrained,1000.0
35,832,49965,0,0,0.0,0.0,0.8295,1000.0,0.8295324549863581,1.0,budget_constrained,1000.0
35,833,49980,0,0,0.0,0.0,0.7466,1000.0,0.7465792094877223,1.0,budget_constrained,1000.0
35,833,49995,0,0,0.0,0.0,0.7466,1000.0,0.7465792094877223,1.0,budget_constrained,1000.0
35,833,50010,0,0,0.0,0.0,0.7466,1000.0,0.7465792094877223,1.0,budget_constrained,1000.0
35,833,50025,0,0,0.0,0.0,0.7466,1000.0,0.7465792094877223,1.0,budget_constrained,1000.0
35,834,50040,0,0,0.0,0.0,0.6719,1000.0,0.6719212885389501,1.0,budget_constrained,1000.0
35,834,50055,0,0,0.0,0.0,0.6719,1000.0,0.6719212885389501,1.0,budget_constrained,1000.0
35,834,50070,0,0,0.0,0.0,0.6719,1000.0,0.6719212885389501,1.0,budget_constrained,1000.0
35,834,50085,0,0,0.0,0.0,0.6719,1000.0,0.6719212885389501,1.0,budget_constrained,1000.0
35,835,50100,0,0,0.0,0.0,0.6047,1000.0,0.604729159685055,1.0,budget_constrained,1000.0
35,835,50115,0,0,0.0,0.0,0.6047,1000.0,0.604729159685055,1.0,budget_constrained,1000.0
35,835,50130,0,0,0.0,0.0,0.6047,1000.0,0.604729159685055,1.0,budget_constrained,1000.0
35,835,50145,0,0,0.0,0.0,0.6047,1000.0,0.604729159685055,1.0,budget_constrained,1000.0
35,836,50160,0,0,0.0,0.0,0.5443,1000.0,0.5442562437165496,1.0,budget_constrained,1000.0
35,836,50175,0,0,0.0,0.0,0.5443,1000.0,0.5442562437165496,1.0,budget_constrained,1000.0
35,836,50190,0,0,0.0,0.0,0.5443,1000.0,0.5442562437165496,1.0,budget_constrained,1000.0
35,836,50205,0,0,0.0,0.0,0.5443,1000.0,0.5442562437165496,1.0,budget_constrained,1000.0
35,837,50220,0,0,0.0,0.0,0.5,1000.0,0.5,1.0,budget_constrained,1000.0
35,837,50235,0,0,0.0,0.0,0.5,1000.0,0.5,1.0,budget_constrained,1000.0
35,837,50250,0,0,0.0,0.0,0.5,1000.0,0.5,1.0,budget_constrained,1000.0
35,837,50265,0,0,0.0,0.0,0.5,1000.0,0.5,1.0,budget_constrained,1000.0
35,838,50280,0,0,0.0,0.0,0.5,1000.0,0.5,1.0,budget_constrained,1000.0
35,838,50295,0,0,0.0,0.0,0.5,1000.0,0.5,1.0,budget_constrained,1000.0
35,838,50310,0,0,0.0,0.0,0.5,1000.0,0.5,1.0,budget_constrained,1000.0
35,838,50325,0,0,0.0,0.0,0.5,1000.0,0.5,1.0,budget_constrained,1000.0
35,839,50340,0,0,0.0,0.0,0.5,1000.0,0.5,1.0,budget_constrained,1000.0
35,839,50355,0,0,0.0,0.0,0.5,1000.0,0.5,1.0,budget_constrained,1000.0
35,839,50370,0,0,0.0,0.0,0.5,1000.0,0.5,1.0,budget_constrained,1000.0
35,839,50385,0,0,0.0,0.0,0.5,1000.0,0.5,1.0,budget_constrained,1000.0
36,840,50400,0,0,0.0,0.0,0.5,1000.0,0.5,1.0,normal,0.0
36,840,50415,1,0,0.5,0.5,0.5,1000.0,0.5,1.0,normal,0.5
36,840,50430,1,0,0.5,0.5,0.5,1000.0,0.5,1.0,normal,1.0
36,840,50445,0,0,0.0,0.0,0.5,1000.0,0.5,1.0,normal,1.0
36,841,50460,2,0,1.21,1.21,0.605,1000.0,0.6050000000000001,1.0,normal,2.21
36,841,50475,1,0,0.605,0.605,0.605,1000.0,0.6050000000000001,1.0,normal,2.815
36,841,50490,1,0,0.605,0.605,0.605,1000.0,0.6050000000000001,1.0,normal,3.42
36,841,50505,3,0,1.815,1.815,0.605,1000.0,0.6050000000000001,1.0,normal,5.235
36,842,50520,3,0,2.1962,2.1962,0.7321,1000.0,0.7320500000000003,1.0,normal,7.4312
36,842,50535,1,0,0.7321,0.7321,0.7321,1000.0,0.7320500000000003,1.0,normal,8.1633
36,842,50550,3,0,2.1962,2.1962,0.7321,1000.0,0.7320500000000003,1.0,normal,10.3595
36,842,50565,3,0,2.1962,2.1962,0.7321,1000.0,0.7320500000000003,1.0,normal,12.5557
36,843,50580,1,0,0.8858,0.8858,0.8858,1000.0,0.8857805000000005,1.0,normal,13.4415
36,843,50595,3,1,2.6573,2.6573,0.8858,1000.0,0.8857805000000005,1.0,normal,16.0988
36,843,50610,1,1,0.8858,0.8858,0.8858,1000.0,0.8857805000000005,1.0,normal,16.9846
36,843,50625,3,0,2.6573,2.6573,0.8858,1000.0,0.8857805000000005,1.0,normal,19.6419
36,844,50640,2,0,2.1436,2.1436,1.0718,1000.0,1.0717944050000008,1.0,normal,21.7855
36,844,50655,1,0,1.0718,1.0718,1.0718,1000.0,1.0717944050000008,1.0,normal,22.8573
36,844,50670,1,1,1.0718,1.0718,1.0718,1000.0,1.0717944050000008,1.0,normal,23.9291
36,844,50685,6,0,6.4308,6.4308,1.0718,1000.0,1.0717944050000008,1.0,normal,30.3599
36,845,50700,2,0,2.5937,2.5937,1.2969,1000.0,1.2968712300500012,1.0,normal,32.9536
36,845,50715,9,0,11.6718,11.6718,1.2969,1000.0,1.2968712300500012,1.0,normal,44.6254
36,845,50730,7,1,9.0781,9.0781,1.2969,1000.0,1.2968712300500012,1.0,normal,53.7035
36,845,50745,3,0,3.6886,3.6886,1.2295,1000.0,1.2968712300500012,1.0,normal,57.3921
36,846,50760,3,0,4.7076,4.7076,1.5692,1000.0,1.5692141883605017,1.0,normal,62.0997
36,846,50775,2,0,3.1384,3.1384,1.5692,1000.0,1.5692141883605017,1.0,normal,65.2381
36,846,50790,3,0,4.7076,4.7076,1.5692,1000.0,1.5692141883605017,1.0,normal,69.9457
36,846,50805,2,0,3.1384,3.1384,1.5692,1000.0,1.5692141883605017,1.0,normal,73.0841
36,847,50820,5,0,9.4937,9.4937,1.8987,1000.0,1.8987491679162074,1.0,normal,82.5778
36,847,50835,9,0,17.0887,17.0887,1.8987,1000.0,1.8987491679162074,1.0,normal,99.6665
36,847,50850,6,0,11.3925,11.3925,1.8987,1000.0,1.8987491679162074,1.0,normal,111.059
36,847,50865,4,0,4.6547,4.6547,1.1637,1000.0,1.8987491679162074,1.0,normal,115.7137
36,848,50880,6,0,13.7849,13.7849,2.2975,1000.0,2.297486493178611,1.0,normal,129.4986
36,848,50895,2,0,4.595,4.595,2.2975,1000.0,2.297486493178611,1.0,normal,134.0936
36,848,50910,2,0,3.2137,3.2137,1.6069,1000.0,2.297486493178611,1.0,normal,137.3073
36,848,50925,7,2,14.8672,7.4336,2.1239,1000.0,2.297486493178611,1.0,normal,152.1745
36,849,50940,5,0,13.8998,13.8998,2.78,1000.0,2.7799586567461194,1.0,normal,166.0743
36,849,50955,4,1,7.3572,7.3572,1.8393,1000.0,2.7799586567461194,1.0,normal,173.4315
36,849,50970,4,0,5.8868,5.8868,1.4717,1000.0,2.7799586567461194,1.0,normal,179.3183
36,849,50985,12,0,24.1782,24.1782,2.0148,1000.0,2.7799586567461194,1.0,normal,203.4965
36,850,51000,6,1,9.3016,9.3016,1.5503,1000.0,3.363749974662805,1.0,normal,212.7981
36,850,51015,12,0,40.365,40.365,3.3637,1000.0,3.363749974662805,1.0,normal,253.1631
36,850,51030,6,0,8.5801,8.5801,1.43,1000.0,3.363749974662805,1.0,normal,261.7432
36,850,51045,7,0,18.7348,18.7348,2.6764,1000.0,3.363749974662805,1.0,normal,280.478
36,851,51060,12,1,48.8416,48.8416,4.0701,1000.0,4.0701374693419945,1.0,normal,329.3196
36,851,51075,9,0,36.4106,36.4106,4.0456,1000.0,4.0701374693419945,1.0,normal,365.7302
36,851,51090,6,1,18.7666,18.7666,3.1278,1000.0,4.0701374693419945,1.0,normal,384.4968
36,851,51105,9,1,31.851,31.851,3.539,1000.0,4.0701374693419945,1.0,normal,416.3478
36,852,51120,19,0,89.2758,89.2758,4.6987,1000.0,5.0,1.0,normal,505.6236
36,852,51135,20,0,30.9775,30.9775,1.5489,1000.0,5.0,1.0,normal,536.6011
36,852,51150,13,0,54.0884,54.0884,4.1606,1000.0,5.0,1.0,normal,590.6895
36,852,51165,12,0,47.6725,47.6725,3.9727,1000.0,5.0,1.0,normal,638.362
36,853,51180,18,1,18.5312,18.5312,1.0295,1000.0,6.050000000000001,1.0,normal,656.8932
36,853,51195,18,0,72.4334,72.4334,4.0241,1000.0,6.050000000000001,1.0,normal,729.3266
36,853,51210,18,1,27.1439,27.1439,1.508,1000.0,6.050000000000001,1.0,normal,756.4705
36,853,51225,14,0,45.3544,45.3544,3.2396,1000.0,6.050000000000001,1.0,normal,801.8249
36,854,51240,18,0,108.9463,108.9463,6.0526,1000.0,7.320500000000002,1.0,budget_constrained,910.7712
36,854,51255,20,0,68.3496,68.3496,3.4175,1000.0,7.320500000000002,1.0,budget_constrained,979.1208
36,854,51270,17,0,20.8692,20.8692,1.2276,1000.0,7.320500000000002,1.0,budget_constrained,999.99
36,854,51285,0,0,0.01,0.01,2.0016,1000.0,7.320500000000002,1.0,budget_depleted,1000.0
36,855,51300,0,0,0.0,0.0,0.0,1000.0,7.320500000000002,1.0,budget_depleted,1000.0
36,855,51315,0,0,0.0,0.0,0.0,1000.0,7.320500000000002,1.0,budget_depleted,1000.0
36,855,51330,0,0,0.0,0.0,0.0,1000.0,7.320500000000002,1.0,budget_depleted,1000.0
36,855,51345,0,0,0.0,0.0,0.0,1000.0,7.320500000000002,1.0,budget_depleted,1000.0
36,856,51360,0,0,0.0,0.0,0.0,1000.0,7.320500000000002,1.0,budget_depleted,1000.0
36,856,51375,0,0,0.0,0.0,0.0,1000.0,7.320500000000002,1.0,budget_depleted,1000.0
36,856,51390,0,0,0.0,0.0,0.0,1000.0,7.320500000000002,1.0,budget_depleted,1000.0
36,856,51405,0,0,0.0,0.0,0.0,1000.0,7.320500000000002,1.0,budget_depleted,1000.0
36,857,51420,0,0,0.0,0.0,0.0,1000.0,7.320500000000002,1.0,budget_depleted,1000.0
36,857,51435,0,0,0.0,0.0,0.0,1000.0,7.320500000000002,1.0,budget_depleted,1000.0
36,857,51450,0,0,0.0,0.0,0.0,1000.0,7.320500000000002,1.0,budget_depleted,1000.0
36,857,51465,0,0,0.0,0.0,0.0,1000.0,7.320500000000002,1.0,budget_depleted,1000.0
36,858,51480,0,0,0.0,0.0,0.0,1000.0,7.320500000000002,1.0,budget_depleted,1000.0
36,858,51495,0,0,0.0,0.0,0.0,1000.0,7.320500000000002,1.0,budget_depleted,1000.0
36,858,51510,0,0,0.0,0.0,0.0,1000.0,7.320500000000002,1.0,budget_depleted,1000.0
36,858,51525,0,0,0.0,0.0,0.0,1000.0,7.320500000000002,1.0,budget_depleted,1000.0
36,859,51540,0,0,0.0,0.0,0.0,1000.0,7.320500000000002,1.0,budget_depleted,1000.0
36,859,51555,0,0,0.0,0.0,0.0,1000.0,7.320500000000002,1.0,budget_depleted,1000.0
36,859,51570,0,0,0.0,0.0,0.0,1000.0,7.320500000000002,1.0,budget_depleted,1000.0
36,859,51585,0,0,0.0,0.0,0.0,1000.0,7.320500000000002,1.0,budget_depleted,1000.0
36,860,51600,0,0,0.0,0.0,0.0,1000.0,7.320500000000002,1.0,budget_depleted,1000.0
36,860,51615,0,0,0.0,0.0,0.0,1000.0,7.320500000000002,1.0,budget_depleted,1000.0
36,860,51630,0,0,0.0,0.0,0.0,1000.0,7.320500000000002,1.0,budget_depleted,1000.0
36,860,51645,0,0,0.0,0.0,0.0,1000.0,7.320500000000002,1.0,budget_depleted,1000.0
36,861,51660,0,0,0.0,0.0,0.0,1000.0,7.320500000000002,1.0,budget_depleted,1000.0
36,861,51675,0,0,0.0,0.0,0.0,1000.0,7.320500000000002,1.0,budget_depleted,1000.0
36,861,51690,0,0,0.0,0.0,0.0,1000.0,7.320500000000002,1.0,budget_depleted,1000.0
36,861,51705,0,0,0.0,0.0,0.0,1000.0,7.320500000000002,1.0,budget_depleted,1000.0
36,862,51720,0,0,0.0,0.0,0.0,1000.0,7.320500000000002,1.0,budget_depleted,1000.0
36,862,51735,0,0,0.0,0.0,0.0,1000.0,7.320500000000002,1.0,budget_depleted,1000.0
36,862,51750,0,0,0.0,0.0,0.0,1000.0,7.320500000000002,1.0,budget_depleted,1000.0
36,862,51765,0,0,0.0,0.0,0.0,1000.0,7.320500000000002,1.0,budget_depleted,1000.0
36,863,51780,0,0,0.0,0.0,0.0,1000.0,7.320500000000002,1.0,budget_depleted,1000.0
36,863,51795,0,0,0.0,0.0,0.0,1000.0,7.320500000000002,1.0,budget_depleted,1000.0
36,863,51810,0,0,0.0,0.0,0.0,1000.0,7.320500000000002,1.0,budget_depleted,1000.0
36,863,51825,0,0,0.0,0.0,0.0,1000.0,7.320500000000002,1.0,budget_depleted,1000.0
37,864,51840,0,0,0.0,0.0,0.0,1000.0,7.320500000000002,1.0,normal,0.0
37,864,51855,20,0,96.4407,96.4407,4.822,1000.0,7.320500000000002,1.0,normal,96.4407
37,864,51870,20,0,20.5126,20.5126,1.0256,1000.0,7.320500000000002,1.0,normal,116.9533
37,864,51885,27,1,172.8653,172.8653,6.4024,1000.0,7.320500000000002,1.0,normal,289.8186
37,865,51900,15,0,65.6764,65.6764,4.3784,1000.0,5.600182500000002,1.0,normal,355.495
37,865,51915,19,0,98.9017,98.9017,5.2054,1000.0,5.600182500000002,1.0,normal,454.3967
37,865,51930,13,1,49.3838,49.3838,3.7988,1000.0,5.600182500000002,1.0,normal,503.7805
37,865,51945,18,1,30.7522,30.7522,1.7085,1000.0,5.600182500000002,1.0,normal,534.5327
37,866,51960,11,1,47.1255,47.1255,4.2841,1000.0,4.2841396125000015,1.0,normal,581.6582
37,866,51975,13,0,24.811,24.811,1.9085,1000.0,4.2841396125000015,1.0,normal,606.4692
37,866,51990,11,0,46.0571,46.0571,4.187,1000.0,4.2841396125000015,1.0,normal,652.5263
37,866,52005,11,0,18.0469,18.0469,1.6406,1000.0,4.2841396125000015,1.0,normal,670.5732
37,867,52020,6,0,19.5068,19.5068,3.2511,1000.0,3.277366803562501,1.0,normal,690.08
37,867,52035,8,0,23.6553,23.6553,2.9569,1000.0,3.277366803562501,1.0,normal,713.7353
37,867,52050,6,0,14.1015,14.1015,2.3503,1000.0,3.277366803562501,1.0,normal,727.8368
37,867,52065,9,0,22.2694,22.2694,2.4744,1000.0,3.277366803562501,1.0,normal,750.1062
37,868,52080,5,0,10.603,10.603,2.1206,1000.0,2.212222592404688,1.0,normal,760.7092
37,868,52095,5,0,10.5136,10.5136,2.1027,1000.0,2.212222592404688,1.0,normal,771.2228
37,868,52110,4,0,5.8735,5.8735,1.4684,1000.0,2.212222592404688,1.0,normal,777.0963
37,868,52125,2,0,4.4244,4.4244,2.2122,1000.0,2.212222592404688,1.0,normal,781.5207
37,869,52140,5,0,7.4663,7.4663,1.4933,1000.0,1.4932502498731646,1.0,normal,788.987
37,869,52155,6,0,7.0774,7.0774,1.1796,1000.0,1.4932502498731646,1.0,normal,796.0644
37,869,52170,4,0,5.973,5.973,1.4933,1000.0,1.4932502498731646,1.0,normal,802.0374
37,869,52185,3,0,4.4798,4.4798,1.4933,1000.0,1.4932502498731646,1.0,normal,806.5172
37,870,52200,0,0,0.0,0.0,1.0079,1000.0,1.0079439186643862,1.0,normal,806.5172
37,870,52215,0,0,0.0,0.0,1.0079,1000.0,1.0079439186643862,1.0,normal,806.5172
37,870,52230,2,0,2.0159,2.0159,1.0079,1000.0,1.0079439186643862,1.0,normal,808.5331
37,870,52245,5,0,5.0397,5.0397,1.0079,1000.0,1.0079439186643862,1.0,normal,813.5728
37,871,52260,2,1,1.3607,1.3607,0.6804,1000.0,0.6803621450984607,1.0,normal,814.9335
37,871,52275,2,0,1.3607,1.3607,0.6804,1000.0,0.6803621450984607,1.0,normal,816.2942
37,871,52290,2,0,1.3607,1.3607,0.6804,1000.0,0.6803621450984607,1.0,normal,817.6549
37,871,52305,0,0,0.0,0.0,0.6804,1000.0,0.6803621450984607,1.0,normal,817.6549
37,872,52320,0,0,0.0,0.0,0.5,1000.0,0.5,1.0,normal,817.6549
37,872,52335,3,0,1.5,1.5,0.5,1000.0,0.5,1.0,normal,819.1549
37,872,52350,1,0,0.5,0.5,0.5,1000.0,0.5,1.0,normal,819.6549
37,872,52365,2,0,1.0,1.0,0.5,1000.0,0.5,1.0,normal,820.6549
37,873,52380,1,0,0.5,0.5,0.5,1000.0,0.5,1.0,normal,821.1549
37,873,52395,1,0,0.5,0.5,0.5,1000.0,0.5,1.0,normal,821.6549
37,873,52410,3,0,1.5,1.5,0.5,1000.0,0.5,1.0,normal,823.1549
37,873,52425,0,0,0.0,0.0,0.5,1000.0,0.5,1.0,normal,823.1549
37,874,52440,2,0,1.0,1.0,0.5,1000.0,0.5,1.0,normal,824.1549
37,874,52455,1,0,0.5,0.5,0.5,1000.0,0.5,1.0,normal,824.6549
37,874,52470,1,0,0.5,0.5,0.5,1000.0,0.5,1.0,normal,825.1549
37,874,52485,2,0,1.0,1.0,0.5,1000.0,0.5,1.0,normal,826.1549
37,875,52500,1,0,0.5,0.5,0.5,1000.0,0.5,1.0,normal,826.6549
37,875,52515,2,0,1.0,1.0,0.5,1000.0,0.5,1.0,normal,827.6549
37,875,52530,1,0,0.5,0.5,0.5,1000.0,0.5,1.0,normal,828.1549
37,875,52545,2,0,1.0,1.0,0.5,1000.0,0.5,1.0,normal,829.1549
37,876,52560,1,0,0.5,0.5,0.5,1000.0,0.5,1.0,normal,829.6549
37,876,52575,1,0,0.5,0.5,0.5,1000.0,0.5,1.0,normal,830.1549
37,876,52590,2,0,1.0,1.0,0.5,1000.0,0.5,1.0,normal,831.1549
37,876,52605,1,0,0.5,0.5,0.5,1000.0,0.5,1.0,normal,831.6549
37,877,52620,2,0,1.0,1.0,0.5,1000.0,0.5,1.0,normal,832.6549
37,877,52635,1,0,0.5,0.5,0.5,1000.0,0.5,1.0,normal,833.1549
37,877,52650,0,0,0.0,0.0,0.5,1000.0,0.5,1.0,normal,833.1549
37,877,52665,1,0,0.5,0.5,0.5,1000.0,0.5,1.0,normal,833.6549
37,878,52680,2,0,1.0,1.0,0.5,1000.0,0.5,1.0,normal,834.6549
37,878,52695,0,0,0.0,0.0,0.5,1000.0,0.5,1.0,normal,834.6549
37,878,52710,0,0,0.0,0.0,0.5,1000.0,0.5,1.0,normal,834.6549
37,878,52725,1,0,0.5,0.5,0.5,1000.0,0.5,1.0,normal,835.1549
37,879,52740,2,0,1.0,1.0,0.5,1000.0,0.5,1.0,normal,836.1549
37,879,52755,1,0,0.5,0.5,0.5,1000.0,0.5,1.0,normal,836.6549
37,879,52770,1,0,0.5,0.5,0.5,1000.0,0.5,1.0,normal,837.1549
37,879,52785,0,0,0.0,0.0,0.5,1000.0,0.5,1.0,normal,837.1549
37,880,52800,2,0,1.0,1.0,0.5,1000.0,0.5,1.0,normal,838.1549
37,880,52815,0,0,0.0,0.0,0.5,1000.0,0.5,1.0,normal,838.1549
37,880,52830,2,0,1.0,1.0,0.5,1000.0,0.5,1.0,normal,839.1549
37,880,52845,1,0,0.5,0.5,0.5,1000.0,0.5,1.0,normal,839.6549
37,881,52860,4,0,2.0,2.0,0.5,1000.0,0.5,1.0,normal,841.6549
37,881,52875,0,0,0.0,0.0,0.5,1000.0,0.5,1.0,normal,841.6549
37,881,52890,0,0,0.0,0.0,0.5,1000.0,0.5,1.0,normal,841.6549
37,881,52905,0,0,0.0,0.0,0.5,1000.0,0.5,1.0,normal,841.6549
37,882,52920,0,0,0.0,0.0,0.5,1000.0,0.5,1.0,normal,841.6549
37,882,52935,0,0,0.0,0.0,0.5,1000.0,0.5,1.0,normal,841.6549
37,882,52950,1,0,0.5,0.5,0.5,1000.0,0.5,1.0,normal,842.1549
37,882,52965,1,0,0.5,0.5,0.5,1000.0,0.5,1.0,normal,842.6549
37,883,52980,2,0,1.0,1.0,0.5,1000.0,0.5,1.0,normal,843.6549
37,883,52995,2,0,1.0,1.0,0.5,1000.0,0.5,1.0,normal,844.6549
37,883,53010,1,0,0.5,0.5,0.5,1000.0,0.5,1.0,normal,845.1549
37,883,53025,1,0,0.5,0.5,0.5,1000.0,0.5,1.0,normal,845.6549
37,884,53040,0,0,0.0,0.0,0.5,1000.0,0.5,1.0,normal,845.6549
37,884,53055,2,0,1.0,1.0,0.5,1000.0,0.5,1.0,normal,846.6549
37,884,53070,0,0,0.0,0.0,0.5,1000.0,0.5,1.0,normal,846.6549
37,884,53085,2,0,1.0,1.0,0.5,1000.0,0.5,1.0,normal,847.6549
37,885,53100,0,0,0.0,0.0,0.5,1000.0,0.5,1.0,normal,847.6549
37,885,53115,0,0,0.0,0.0,0.5,1000.0,0.5,1.0,normal,847.6549
37,885,53130,0,0,0.0,0.0,0.5,1000.0,0.5,1.0,normal,847.6549
37,885,53145,0,0,0.0,0.0,0.5,1000.0,0.5,1.0,normal,847.6549
37,886,53160,4,0,2.0,2.0,0.5,1000.0,0.5,1.0,normal,849.6549
37,886,53175,1,0,0.5,0.5,0.5,1000.0,0.5,1.0,normal,850.1549
37,886,53190,0,0,0.0,0.0,0.5,1000.0,0.5,1.0,normal,850.1549
37,886,53205,0,0,0.0,0.0,0.5,1000.0,0.5,1.0,normal,850.1549
37,887,53220,0,0,0.0,0.0,0.5,1000.0,0.5,1.0,normal,850.1549
37,887,53235,1,0,0.5,0.5,0.5,1000.0,0.5,1.0,normal,850.6549
37,887,53250,2,0,1.0,1.0,0.5,1000.0,0.5,1.0,normal,851.6549
37,887,53265,2,0,1.0,1.0,0.5,1000.0,0.5,1.0,normal,852.6549
