current_day,current_hour,current_minute,clicks,leads,spend,cpa,realized_cpc,daily_budget,max_bid,volatility,budget_status,current_day_spend
8,168,10080,5,0,10.9778,10.9778,2.1956,1000.0,3.735048988849499,1.0,normal,10.9778
8,168,10095,10,0,10.2522,10.2522,1.0252,1000.0,3.735048988849499,1.0,normal,21.23
8,168,10110,10,0,37.3505,37.3505,3.735,1000.0,3.735048988849499,1.0,normal,58.5805
8,168,10125,8,0,6.8001,6.8001,0.85,1000.0,3.735048988849499,1.0,normal,65.3806
8,169,10140,6,0,14.3737,14.3737,2.3956,1000.0,4.519409276507894,1.0,normal,79.7543
8,169,10155,8,0,24.0504,24.0504,3.0063,1000.0,4.519409276507894,1.0,normal,103.8047
8,169,10170,14,1,4.6411,4.6411,0.3315,1000.0,4.519409276507894,1.0,normal,108.4458
8,169,10185,13,1,31.7896,31.7896,2.4454,1000.0,4.519409276507894,1.0,normal,140.2354
8,170,10200,8,0,24.9265,24.9265,3.1158,1000.0,5.468485224574553,1.0,normal,165.1619
8,170,10215,7,0,22.8463,22.8463,3.2638,1000.0,5.468485224574553,1.0,normal,188.0082
8,170,10230,13,0,66.8822,66.8822,5.1448,1000.0,5.468485224574553,1.0,normal,254.8904
8,170,10245,11,0,37.5488,37.5488,3.4135,1000.0,5.468485224574553,1.0,normal,292.4392
8,171,10260,23,0,35.588,35.588,1.5473,1000.0,6.61686712173521,1.0,normal,328.0272
8,171,10275,17,0,111.2857,111.2857,6.5462,1000.0,6.61686712173521,1.0,normal,439.3129
8,171,10290,11,1,71.6938,71.6938,6.5176,1000.0,6.61686712173521,1.0,normal,511.0067
8,171,10305,13,1,62.2319,62.2319,4.7871,1000.0,6.61686712173521,1.0,normal,573.2386
8,172,10320,23,0,148.0502,148.0502,6.437,1000.0,7.278553833908732,1.0,normal,721.2888
8,172,10335,23,0,1.9276,1.9276,0.0838,1000.0,7.278553833908732,1.0,normal,723.2164
8,172,10350,19,0,59.8473,59.8473,3.1499,1000.0,7.278553833908732,1.0,normal,783.0637
8,172,10365,13,1,6.7671,6.7671,0.5205,1000.0,7.278553833908732,1.0,normal,789.8308
8,173,10380,22,1,38.8049,38.8049,1.7639,1000.0,7.278553833908732,1.0,normal,828.6357
8,173,10395,24,1,169.4896,169.4896,7.0621,1000.0,7.278553833908732,1.0,budget_constrained,998.1253
8,173,10410,1,0,1.8747,1.8747,1.6691,1000.0,7.278553833908732,1.0,budget_depleted,1000.0
8,173,10425,0,0,0.0,0.0,0.0,1000.0,7.278553833908732,1.0,budget_depleted,1000.0
8,174,10440,0,0,0.0,0.0,0.0,1000.0,6.550698450517859,1.0,budget_depleted,1000.0
8,174,10455,0,0,0.0,0.0,0.0,1000.0,6.550698450517859,1.0,budget_depleted,1000.0
8,174,10470,0,0,0.0,0.0,0.0,1000.0,6.550698450517859,1.0,budget_depleted,1000.0
8,174,10485,0,0,0.0,0.0,0.0,1000.0,6.550698450517859,1.0,budget_depleted,1000.0
8,175,10500,0,0,0.0,0.0,0.0,1000.0,5.895628605466073,1.0,budget_depleted,1000.0
8,175,10515,0,0,0.0,0.0,0.0,1000.0,5.895628605466073,1.0,budget_depleted,1000.0
8,175,10530,0,0,0.0,0.0,0.0,1000.0,5.895628605466073,1.0,budget_depleted,1000.0
8,175,10545,0,0,0.0,0.0,0.0,1000.0,5.895628605466073,1.0,budget_depleted,1000.0
8,176,10560,0,0,0.0,0.0,0.0,1000.0,5.306065744919466,1.0,budget_depleted,1000.0
8,176,10575,0,0,0.0,0.0,0.0,1000.0,5.306065744919466,1.0,budget_depleted,1000.0
8,176,10590,0,0,0.0,0.0,0.0,1000.0,5.306065744919466,1.0,budget_depleted,1000.0
8,176,10605,0,0,0.0,0.0,0.0,1000.0,5.306065744919466,1.0,budget_depleted,1000.0
8,177,10620,0,0,0.0,0.0,0.0,1000.0,4.77545917042752,1.0,budget_depleted,1000.0
8,177,10635,0,0,0.0,0.0,0.0,1000.0,4.77545917042752,1.0,budget_depleted,1000.0
8,177,10650,0,0,0.0,0.0,0.0,1000.0,4.77545917042752,1.0,budget_depleted,1000.0
8,177,10665,0,0,0.0,0.0,0.0,1000.0,4.77545917042752,1.0,budget_depleted,1000.0
8,178,10680,0,0,0.0,0.0,0.0,1000.0,4.297913253384768,1.0,budget_depleted,1000.0
8,178,10695,0,0,0.0,0.0,0.0,1000.0,4.297913253384768,1.0,budget_depleted,1000.0
8,178,10710,0,0,0.0,0.0,0.0,1000.0,4.297913253384768,1.0,budget_depleted,1000.0
8,178,10725,0,0,0.0,0.0,0.0,1000.0,4.297913253384768,1.0,budget_depleted,1000.0
8,179,10740,0,0,0.0,0.0,0.0,1000.0,3.6747158316439763,1.0,budget_depleted,1000.0
8,179,10755,0,0,0.0,0.0,0.0,1000.0,3.6747158316439763,1.0,budget_depleted,1000.0
8,179,10770,0,0,0.0,0.0,0.0,1000.0,3.6747158316439763,1.0,budget_depleted,1000.0
8,179,10785,0,0,0.0,0.0,0.0,1000.0,3.6747158316439763,1.0,budget_depleted,1000.0
8,180,10800,0,0,0.0,0.0,0.0,1000.0,3.1418820360555997,1.0,budget_depleted,1000.0
8,180,10815,0,0,0.0,0.0,0.0,1000.0,3.1418820360555997,1.0,budget_depleted,1000.0
8,180,10830,0,0,0.0,0.0,0.0,1000.0,3.1418820360555997,1.0,budget_depleted,1000.0
8,180,10845,0,0,0.0,0.0,0.0,1000.0,3.1418820360555997,1.0,budget_depleted,1000.0
8,181,10860,0,0,0.0,0.0,0.0,1000.0,2.6863091408275377,1.0,budget_depleted,1000.0
8,181,10875,0,0,0.0,0.0,0.0,1000.0,2.6863091408275377,1.0,budget_depleted,1000.0
8,181,10890,0,0,0.0,0.0,0.0,1000.0,2.6863091408275377,1.0,budget_depleted,1000.0
8,181,10905,0,0,0.0,0.0,0.0,1000.0,2.6863091408275377,1.0,budget_depleted,1000.0
8,182,10920,0,0,0.0,0.0,0.0,1000.0,2.2967943154075448,1.0,budget_depleted,1000.0
8,182,10935,0,0,0.0,0.0,0.0,1000.0,2.2967943154075448,1.0,budget_depleted,1000.0
8,182,10950,0,0,0.0,0.0,0.0,1000.0,2.2967943154075448,1.0,budget_depleted,1000.0
8,182,10965,0,0,0.0,0.0,0.0,1000.0,2.2967943154075448,1.0,budget_depleted,1000.0
8,183,10980,0,0,0.0,0.0,0.0,1000.0,1.7570476512867719,1.0,budget_depleted,1000.0
8,183,10995,0,0,0.0,0.0,0.0,1000.0,1.7570476512867719,1.0,budget_depleted,1000.0
8,183,11010,0,0,0.0,0.0,0.0,1000.0,1.7570476512867719,1.0,budget_depleted,1000.0
8,183,11025,0,0,0.0,0.0,0.0,1000.0,1.7570476512867719,1.0,budget_depleted,1000.0
8,184,11040,0,0,0.0,0.0,0.0,1000.0,1.3441414532343805,1.0,budget_depleted,1000.0
8,184,11055,0,0,0.0,0.0,0.0,1000.0,1.3441414532343805,1.0,budget_depleted,1000.0
8,184,11070,0,0,0.0,0.0,0.0,1000.0,1.3441414532343805,1.0,budget_depleted,1000.0
8,184,11085,0,0,0.0,0.0,0.0,1000.0,1.3441414532343805,1.0,budget_depleted,1000.0
8,185,11100,0,0,0.0,0.0,0.0,1000.0,1.0282682117243012,1.0,budget_depleted,1000.0
8,185,11115,0,0,0.0,0.0,0.0,1000.0,1.0282682117243012,1.0,budget_depleted,1000.0
8,185,11130,0,0,0.0,0.0,0.0,1000.0,1.0282682117243012,1.0,budget_depleted,1000.0
8,185,11145,0,0,0.0,0.0,0.0,1000.0,1.0282682117243012,1.0,budget_depleted,1000.0
8,186,11160,0,0,0.0,0.0,0.0,1000.0,0.7866251819690904,1.0,budget_depleted,1000.0
8,186,11175,0,0,0.0,0.0,0.0,1000.0,0.7866251819690904,1.0,budget_depleted,1000.0
8,186,11190,0,0,0.0,0.0,0.0,1000.0,0.7866251819690904,1.0,budget_depleted,1000.0
8,186,11205,0,0,0.0,0.0,0.0,1000.0,0.7866251819690904,1.0,budget_depleted,1000.0
8,187,11220,0,0,0.0,0.0,0.0,1000.0,0.6017682642063541,1.0,budget_depleted,1000.0
8,187,11235,0,0,0.0,0.0,0.0,1000.0,0.6017682642063541,1.0,budget_depleted,1000.0
8,187,11250,0,0,0.0,0.0,0.0,1000.0,0.6017682642063541,1.0,budget_depleted,1000.0
8,187,11265,0,0,0.0,0.0,0.0,1000.0,0.6017682642063541,1.0,budget_depleted,1000.0
8,188,11280,0,0,0.0,0.0,0.0,1000.0,0.5,1.0,budget_depleted,1000.0
8,188,11295,0,0,0.0,0.0,0.0,1000.0,0.5,1.0,budget_depleted,1000.0
8,188,11310,0,0,0.0,0.0,0.0,1000.0,0.5,1.0,budget_depleted,1000.0
8,188,11325,0,0,0.0,0.0,0.0,1000.0,0.5,1.0,budget_depleted,1000.0
8,189,11340,0,0,0.0,0.0,0.0,1000.0,0.5,1.0,budget_depleted,1000.0
8,189,11355,0,0,0.0,0.0,0.0,1000.0,0.5,1.0,budget_depleted,1000.0
8,189,11370,0,0,0.0,0.0,0.0,1000.0,0.5,1.0,budget_depleted,1000.0
8,189,11385,0,0,0.0,0.0,0.0,1000.0,0.5,1.0,budget_depleted,1000.0
8,190,11400,0,0,0.0,0.0,0.0,1000.0,0.5,1.0,budget_depleted,1000.0
8,190,11415,0,0,0.0,0.0,0.0,1000.0,0.5,1.0,budget_depleted,1000.0
8,190,11430,0,0,0.0,0.0,0.0,1000.0,0.5,1.0,budget_depleted,1000.0
8,190,11445,0,0,0.0,0.0,0.0,1000.0,0.5,1.0,budget_depleted,1000.0
8,191,11460,0,0,0.0,0.0,0.0,1000.0,0.5,1.0,budget_depleted,1000.0
8,191,11475,0,0,0.0,0.0,0.0,1000.0,0.5,1.0,budget_depleted,1000.0
8,191,11490,0,0,0.0,0.0,0.0,1000.0,0.5,1.0,budget_depleted,1000.0
8,191,11505,0,0,0.0,0.0,0.0,1000.0,0.5,1.0,budget_depleted,1000.0
9,192,11520,0,0,0.0,0.0,0.0,1000.0,0.5,1.0,normal,0.0
9,192,11535,3,0,1.5,1.5,0.5,1000.0,0.5,1.0,normal,1.5
9,192,11550,1,0,0.5,0.5,0.5,1000.0,0.5,1.0,normal,2.0
9,192,11565,0,0,0.0,0.0,0.5,1000.0,0.5,1.0,normal,2.0
9,193,11580,2,0,1.0,1.0,0.5,1000.0,0.5,1.0,normal,3.0
9,193,11595,0,0,0.0,0.0,0.5,1000.0,0.5,1.0,normal,3.0
9,193,11610,1,0,0.238,0.238,0.238,1000.0,0.5,1.0,normal,3.238
9,193,11625,0,0,0.0,0.0,0.3563,1000.0,0.5,1.0,normal,3.238
9,194,11640,2,0,1.0,1.0,0.5,1000.0,0.5,1.0,normal,4.238
9,194,11655,3,0,1.5,1.5,0.5,1000.0,0.5,1.0,normal,5.738
9,194,11670,2,0,1.0,1.0,0.5,1000.0,0.5,1.0,normal,6.738
9,194,11685,0,0,0.0,0.0,0.5,1000.0,0.5,1.0,normal,6.738
9,195,11700,0,0,0.0,0.0,0.0093,1000.0,0.5,1.0,normal,6.738
9,195,11715,1,0,0.3646,0.3646,0.3646,1000.0,0.5,1.0,normal,7.1026
9,195,11730,3,0,1.5,1.5,0.5,1000.0,0.5,1.0,normal,8.6026
9,195,11745,3,0,1.2196,1.2196,0.4065,1000.0,0.5,1.0,normal,9.8222
9,196,11760,2,0,1.0,1.0,0.5,1000.0,0.5,1.0,normal,10.8222
9,196,11775,2,0,1.0,1.0,0.5,1000.0,0.5,1.0,normal,11.8222
9,196,11790,0,0,0.0,0.0,0.099,1000.0,0.5,1.0,normal,11.8222
9,196,11805,0,0,0.0,0.0,0.1208,1000.0,0.5,1.0,normal,11.8222
9,197,11820,1,0,0.3628,0.3628,0.3628,1000.0,0.5,1.0,normal,12.185
9,197,11835,0,0,0.0,0.0,0.5,1000.0,0.5,1.0,normal,12.185
9,197,11850,0,0,0.0,0.0,0.5,1000.0,0.5,1.0,normal,12.185
9,197,11865,2,0,1.0,1.0,0.5,1000.0,0.5,1.0,normal,13.185
9,198,11880,1,0,0.55,0.55,0.55,1000.0,0.55,1.0,normal,13.735
9,198,11895,2,0,1.1,1.1,0.55,1000.0,0.55,1.0,normal,14.835
9,198,11910,0,0,0.0,0.0,0.55,1000.0,0.55,1.0,normal,14.835
9,198,11925,3,0,1.65,1.65,0.55,1000.0,0.55,1.0,normal,16.485
9,199,11940,0,0,0.0,0.0,0.599,1000.0,0.6050000000000001,1.0,normal,16.485
9,199,11955,0,0,0.0,0.0,0.0604,1000.0,0.6050000000000001,1.0,normal,16.485
9,199,11970,1,0,0.605,0.605,0.605,1000.0,0.6050000000000001,1.0,normal,17.09
9,199,11985,4,0,2.42,2.42,0.605,1000.0,0.6050000000000001,1.0,normal,19.51
9,200,12000,1,0,0.6655,0.6655,0.6655,1000.0,0.6655000000000002,1.0,normal,20.1755
9,200,12015,1,0,0.6655,0.6655,0.6655,1000.0,0.6655000000000002,1.0,normal,20.841
9,200,12030,4,1,1.8433,1.8433,0.4608,1000.0,0.6655000000000002,1.0,normal,22.6843
9,200,12045,2,1,1.331,1.331,0.6655,1000.0,0.6655000000000002,1.0,normal,24.0153
9,201,12060,1,0,0.8053,0.8053,0.8053,1000.0,0.8052550000000004,1.0,normal,24.8206
9,201,12075,2,0,1.2759,1.2759,0.638,1000.0,0.8052550000000004,1.0,normal,26.0965
9,201,12090,2,0,1.6105,1.6105,0.8053,1000.0,0.8052550000000004,1.0,normal,27.707
9,201,12105,2,0,1.1726,1.1726,0.5863,1000.0,0.8052550000000004,1.0,normal,28.8796
9,202,12120,4,0,3.8974,3.8974,0.9744,1000.0,0.9743585500000007,1.0,normal,32.777
9,202,12135,2,0,1.9487,1.9487,0.9744,1000.0,0.9743585500000007,1.0,normal,34.7257
9,202,12150,2,0,1.9487,1.9487,0.9744,1000.0,0.9743585500000007,1.0,normal,36.6744
9,202,12165,2,0,1.9487,1.9487,0.9744,1000.0,0.9743585500000007,1.0,normal,38.6231
9,203,12180,2,0,2.3579,2.3579,1.179,1000.0,1.178973845500001,1.0,normal,40.981
9,203,12195,4,0,4.7159,4.7159,1.179,1000.0,1.178973845500001,1.0,normal,45.6969
9,203,12210,3,0,0.1079,0.1079,0.036,1000.0,1.178973845500001,1.0,normal,45.8048
9,203,12225,5,1,5.8949,5.8949,1.179,1000.0,1.178973845500001,1.0,normal,51.6997
9,204,12240,10,0,50.0,50.0,5.0,1000.0,5.0,1.0,normal,101.6997
9,204,12255,11,1,37.6413,37.6413,3.4219,1000.0,5.0,1.0,normal,139.341
9,204,12270,11,1,44.1075,44.1075,4.0098,1000.0,5.0,1.0,normal,183.4485
9,204,12285,12,0,42.8461,42.8461,3.5705,1000.0,5.0,1.0,normal,226.2946
9,205,12300,21,1,127.05,127.05,6.05,1000.0,6.050000000000001,1.0,normal,353.3446
9,205,12315,18,1,33.4691,33.4691,1.8594,1000.0,6.050000000000001,1.0,normal,386.8137
9,205,12330,16,0,30.5748,30.5748,1.9109,1000.0,6.050000000000001,1.0,normal,417.3885
9,205,12345,18,1,78.7345,78.7345,4.3741,1000.0,6.050000000000001,1.0,normal,496.123
9,206,12360,21,0,88.9593,88.9593,4.2362,1000.0,7.320500000000002,1.0,normal,585.0823
9,206,12375,14,1,36.6576,36.6576,2.6184,1000.0,7.320500000000002,1.0,normal,621.7399
9,206,12390,14,0,80.4771,80.4771,5.7484,1000.0,7.320500000000002,1.0,normal,702.217
9,206,12405,20,0,93.0743,93.0743,4.6537,1000.0,7.320500000000002,1.0,normal,795.2913
9,207,12420,16,0,53.2953,53.2953,3.331,1000.0,6.844667500000002,1.0,normal,848.5866
9,207,12435,21,1,106.1033,106.1033,5.0525,1000.0,6.844667500000002,1.0,budget_constrained,954.6899
9,207,12450,7,1,45.3101,45.3101,6.0207,1000.0,6.844667500000002,1.0,budget_depleted,1000.0
9,207,12465,0,0,0.0,0.0,0.0,1000.0,6.844667500000002,1.0,budget_depleted,1000.0
9,208,12480,0,0,0.0,0.0,0.0,1000.0,5.817967375000001,1.0,budget_depleted,1000.0
9,208,12495,0,0,0.0,0.0,0.0,1000.0,5.817967375000001,1.0,budget_depleted,1000.0
9,208,12510,0,0,0.0,0.0,0.0,1000.0,5.817967375000001,1.0,budget_depleted,1000.0
9,208,12525,0,0,0.0,0.0,0.0,1000.0,5.817967375000001,1.0,budget_depleted,1000.0
9,209,12540,0,0,0.0,0.0,0.0,1000.0,4.945272268750001,1.0,budget_depleted,1000.0
9,209,12555,0,0,0.0,0.0,0.0,1000.0,4.945272268750001,1.0,budget_depleted,1000.0
9,209,12570,0,0,0.0,0.0,0.0,1000.0,4.945272268750001,1.0,budget_depleted,1000.0
9,209,12585,0,0,0.0,0.0,0.0,1000.0,4.945272268750001,1.0,budget_depleted,1000.0
9,210,12600,0,0,0.0,0.0,0.0,1000.0,4.203481428437501,1.0,budget_depleted,1000.0
9,210,12615,0,0,0.0,0.0,0.0,1000.0,4.203481428437501,1.0,budget_depleted,1000.0
9,210,12630,0,0,0.0,0.0,0.0,1000.0,4.203481428437501,1.0,budget_depleted,1000.0
9,210,12645,0,0,0.0,0.0,0.0,1000.0,4.203481428437501,1.0,budget_depleted,1000.0
9,211,12660,0,0,0.0,0.0,0.0,1000.0,3.5729592141718753,1.0,budget_depleted,1000.0
9,211,12675,0,0,0.0,0.0,0.0,1000.0,3.5729592141718753,1.0,budget_depleted,1000.0
9,211,12690,0,0,0.0,0.0,0.0,1000.0,3.5729592141718753,1.0,budget_depleted,1000.0
9,211,12705,0,0,0.0,0.0,0.0,1000.0,3.5729592141718753,1.0,budget_depleted,1000.0
9,212,12720,0,0,0.0,0.0,0.0,1000.0,3.037015332046094,1.0,budget_depleted,1000.0
9,212,12735,0,0,0.0,0.0,0.0,1000.0,3.037015332046094,1.0,budget_depleted,1000.0
9,212,12750,0,0,0.0,0.0,0.0,1000.0,3.037015332046094,1.0,budget_depleted,1000.0
9,212,12765,0,0,0.0,0.0,0.0,1000.0,3.037015332046094,1.0,budget_depleted,1000.0
9,213,12780,0,0,0.0,0.0,0.0,1000.0,2.5814630322391796,1.0,budget_depleted,1000.0
9,213,12795,0,0,0.0,0.0,0.0,1000.0,2.5814630322391796,1.0,budget_depleted,1000.0
9,213,12810,0,0,0.0,0.0,0.0,1000.0,2.5814630322391796,1.0,budget_depleted,1000.0
9,213,12825,0,0,0.0,0.0,0.0,1000.0,2.5814630322391796,1.0,budget_depleted,1000.0
9,214,12840,0,0,0.0,0.0,0.0,1000.0,2.1942435774033027,1.0,budget_depleted,1000.0
9,214,12855,0,0,0.0,0.0,0.0,1000.0,2.1942435774033027,1.0,budget_depleted,1000.0
9,214,12870,0,0,0.0,0.0,0.0,1000.0,2.1942435774033027,1.0,budget_depleted,1000.0
9,214,12885,0,0,0.0,0.0,0.0,1000.0,2.1942435774033027,1.0,budget_depleted,1000.0
9,215,12900,0,0,0.0,0.0,0.0,1000.0,1.8651070407928072,1.0,budget_depleted,1000.0
9,215,12915,0,0,0.0,0.0,0.0,1000.0,1.8651070407928072,1.0,budget_depleted,1000.0
9,215,12930,0,0,0.0,0.0,0.0,1000.0,1.8651070407928072,1.0,budget_depleted,1000.0
9,215,12945,0,0,0.0,0.0,0.0,1000.0,1.8651070407928072,1.0,budget_depleted,1000.0
10,216,12960,0,0,0.0,0.0,0.0,1000.0,1.5853409846738862,1.0,normal,0.0
10,216,12975,4,0,4.1007,4.1007,1.0252,1000.0,1.5853409846738862,1.0,normal,4.1007
10,216,12990,6,0,9.512,9.512,1.5853,1000.0,1.5853409846738862,1.0,normal,13.6127
10,216,13005,4,0,6.3414,6.3414,1.5853,1000.0,1.5853409846738862,1.0,normal,19.9541
10,217,13020,6,0,1.908,1.908,0.318,1000.0,1.347539836972803,1.0,normal,21.8621
10,217,13035,3,0,2.2499,2.2499,0.75,1000.0,1.347539836972803,1.0,normal,24.112
10,217,13050,4,0,1.3811,1.3811,0.3453,1000.0,1.347539836972803,1.0,normal,25.4931
10,217,13065,7,0,9.4328,9.4328,1.3475,1000.0,1.347539836972803,1.0,normal,34.9259
10,218,13080,0,0,0.0,0.0,0.9315,1000.0,1.1454088614268827,1.0,normal,34.9259
10,218,13095,3,0,2.8825,2.8825,0.9608,1000.0,1.1454088614268827,1.0,normal,37.8084
10,218,13110,3,0,3.4362,3.4362,1.1454,1000.0,1.1454088614268827,1.0,normal,41.2446
10,218,13125,2,0,0.4507,0.4507,0.2254,1000.0,1.1454088614268827,1.0,normal,41.6953
10,219,13140,3,0,0.4986,0.4986,0.1662,1000.0,0.9735975322128503,1.0,normal,42.1939
10,219,13155,2,0,1.9472,1.9472,0.9736,1000.0,0.9735975322128503,1.0,normal,44.1411
10,219,13170,4,0,0.9678,0.9678,0.2419,1000.0,0.9735975322128503,1.0,normal,45.1089
10,219,13185,0,0,0.0,0.0,0.9736,1000.0,0.9735975322128503,1.0,normal,45.1089
10,220,13200,0,0,0.0,0.0,0.6931,1000.0,0.8275579023809227,1.0,normal,45.1089
10,220,13215,2,0,1.6551,1.6551,0.8276,1000.0,0.8275579023809227,1.0,normal,46.764
10,220,13230,0,0,0.0,0.0,0.8276,1000.0,0.8275579023809227,1.0,normal,46.764
10,220,13245,0,0,0.0,0.0,0.8276,1000.0,0.8275579023809227,1.0,normal,46.764
10,221,13260,2,0,1.4068,1.4068,0.7034,1000.0,0.7034242170237843,1.0,normal,48.1708
10,221,13275,2,0,1.4068,1.4068,0.7034,1000.0,0.7034242170237843,1.0,normal,49.5776
10,221,13290,5,0,1.2462,1.2462,0.2492,1000.0,0.7034242170237843,1.0,normal,50.8238
10,221,13305,3,0,2.1103,2.1103,0.7034,1000.0,0.7034242170237843,1.0,normal,52.9341
10,222,13320,1,0,0.5979,0.5979,0.5979,1000.0,0.5979105844702166,1.0,normal,53.532
10,222,13335,0,0,0.0,0.0,0.5979,1000.0,0.5979105844702166,1.0,normal,53.532
10,222,13350,2,0,0.1226,0.1226,0.0613,1000.0,0.5979105844702166,1.0,normal,53.6546
10,222,13365,2,0,1.1958,1.1958,0.5979,1000.0,0.5979105844702166,1.0,normal,54.8504
10,223,13380,3,0,1.5247,1.5247,0.5082,1000.0,0.5082239967996841,1.0,normal,56.3751
10,223,13395,1,0,0.36,0.36,0.36,1000.0,0.5082239967996841,1.0,normal,56.7351
10,223,13410,0,0,0.0,0.0,0.5082,1000.0,0.5082239967996841,1.0,normal,56.7351
10,223,13425,1,0,0.5082,0.5082,0.5082,1000.0,0.5082239967996841,1.0,normal,57.2433
10,224,13440,1,0,0.5,0.5,0.5,1000.0,0.5,1.0,normal,57.7433
10,224,13455,2,0,1.0,1.0,0.5,1000.0,0.5,1.0,normal,58.7433
10,224,13470,2,0,1.0,1.0,0.5,1000.0,0.5,1.0,normal,59.7433
10,224,13485,1,0,0.5,0.5,0.5,1000.0,0.5,1.0,normal,60.2433
10,225,13500,3,0,1.5,1.5,0.5,1000.0,0.5,1.0,normal,61.7433
10,225,13515,3,0,1.5,1.5,0.5,1000.0,0.5,1.0,normal,63.2433
10,225,13530,1,0,0.5,0.5,0.5,1000.0,0.5,1.0,normal,63.7433
10,225,13545,3,0,0.7802,0.7802,0.2601,1000.0,0.5,1.0,normal,64.5235
10,226,13560,0,0,0.0,0.0,0.5,1000.0,0.5,1.0,normal,64.5235
10,226,13575,0,0,0.0,0.0,0.5,1000.0,0.5,1.0,normal,64.5235
10,226,13590,3,0,0.3906,0.3906,0.1302,1000.0,0.5,1.0,normal,64.9141
10,226,13605,0,0,0.0,0.0,0.4856,1000.0,0.5,1.0,normal,64.9141
10,227,13620,4,0,2.0,2.0,0.5,1000.0,0.5,1.0,normal,66.9141
10,227,13635,0,0,0.0,0.0,0.5,1000.0,0.5,1.0,normal,66.9141
10,227,13650,1,0,0.5,0.5,0.5,1000.0,0.5,1.0,normal,67.4141
10,227,13665,0,0,0.0,0.0,0.1969,1000.0,0.5,1.0,normal,67.4141
10,228,13680,2,0,1.0,1.0,0.5,1000.0,0.5,1.0,normal,68.4141
10,228,13695,1,0,0.5,0.5,0.5,1000.0,0.5,1.0,normal,68.9141
10,228,13710,0,0,0.0,0.0,0.5,1000.0,0.5,1.0,normal,68.9141
10,228,13725,1,0,0.5,0.5,0.5,1000.0,0.5,1.0,normal,69.4141
10,229,13740,1,0,0.5,0.5,0.5,1000.0,0.5,1.0,normal,69.9141
10,229,13755,0,0,0.0,0.0,0.5,1000.0,0.5,1.0,normal,69.9141
10,229,13770,2,0,1.0,1.0,0.5,1000.0,0.5,1.0,normal,70.9141
10,229,13785,0,0,0.0,0.0,0.5,1000.0,0.5,1.0,normal,70.9141
10,230,13800,0,0,0.0,0.0,0.5,1000.0,0.5,1.0,normal,70.9141
10,230,13815,1,0,0.5,0.5,0.5,1000.0,0.5,1.0,normal,71.4141
10,230,13830,1,0,0.2908,0.2908,0.2908,1000.0,0.5,1.0,normal,71.7049
10,230,13845,0,0,0.0,0.0,0.5,1000.0,0.5,1.0,normal,71.7049
10,231,13860,0,0,0.0,0.0,0.5,1000.0,0.5,1.0,normal,71.7049
10,231,13875,2,0,1.0,1.0,0.5,1000.0,0.5,1.0,normal,72.7049
10,231,13890,1,0,0.5,0.5,0.5,1000.0,0.5,1.0,normal,73.2049
10,231,13905,3,0,1.5,1.5,0.5,1000.0,0.5,1.0,normal,74.7049
10,232,13920,1,0,0.4966,0.4966,0.4966,1000.0,0.55,1.0,normal,75.2015
10,232,13935,0,0,0.0,0.0,0.1553,1000.0,0.55,1.0,normal,75.2015
10,232,13950,0,0,0.0,0.0,0.55,1000.0,0.55,1.0,normal,75.2015
10,232,13965,0,0,0.0,0.0,0.55,1000.0,0.55,1.0,normal,75.2015
10,233,13980,1,0,0.605,0.605,0.605,1000.0,0.6050000000000001,1.0,normal,75.8065
10,233,13995,1,0,0.605,0.605,0.605,1000.0,0.6050000000000001,1.0,normal,76.4115
10,233,14010,3,0,1.815,1.815,0.605,1000.0,0.6050000000000001,1.0,normal,78.2265
10,233,14025,1,0,0.605,0.605,0.605,1000.0,0.6050000000000001,1.0,normal,78.8315
10,234,14040,0,0,0.0,0.0,0.6655,1000.0,0.6655000000000002,1.0,normal,78.8315
10,234,14055,4,0,2.662,2.662,0.6655,1000.0,0.6655000000000002,1.0,normal,81.4935
10,234,14070,3,0,1.8029,1.8029,0.601,1000.0,0.6655000000000002,1.0,normal,83.2964
10,234,14085,1,0,0.6655,0.6655,0.6655,1000.0,0.6655000000000002,1.0,normal,83.9619
10,235,14100,3,0,2.1962,2.1962,0.7321,1000.0,0.7320500000000003,1.0,normal,86.1581
10,235,14115,0,0,0.0,0.0,0.3686,1000.0,0.7320500000000003,1.0,normal,86.1581
10,235,14130,3,0,2.1962,2.1962,0.7321,1000.0,0.7320500000000003,1.0,normal,88.3543
10,235,14145,5,0,3.6603,3.6603,0.7321,1000.0,0.7320500000000003,1.0,normal,92.0146
10,236,14160,1,0,0.8053,0.8053,0.8053,1000.0,0.8052550000000004,1.0,normal,92.8199
10,236,14175,3,0,2.4158,2.4158,0.8053,1000.0,0.8052550000000004,1.0,normal,95.2357
10,236,14190,1,0,0.8053,0.8053,0.8053,1000.0,0.8052550000000004,1.0,normal,96.041
10,236,14205,0,0,0.0,0.0,0.5386,1000.0,0.8052550000000004,1.0,normal,96.041
10,237,14220,1,0,0.8858,0.8858,0.8858,1000.0,0.8857805000000005,1.0,normal,96.9268
10,237,14235,3,0,2.6573,2.6573,0.8858,1000.0,0.8857805000000005,1.0,normal,99.5841
10,237,14250,3,0,1.6293,1.6293,0.5431,1000.0,0.8857805000000005,1.0,normal,101.2134
10,237,14265,3,0,0.0706,0.0706,0.0235,1000.0,0.8857805000000005,1.0,normal,101.284
10,238,14280,2,0,1.9487,1.9487,0.9744,1000.0,0.9743585500000007,1.0,normal,103.2327
10,238,14295,3,1,2.5032,2.5032,0.8344,1000.0,0.9743585500000007,1.0,normal,105.7359
10,238,14310,3,0,2.5028,2.5028,0.8343,1000.0,0.9743585500000007,1.0,normal,108.2387
10,238,14325,2,0,0.2265,0.2265,0.1133,1000.0,0.9743585500000007,1.0,normal,108.4652
10,239,14340,1,0,0.8038,0.8038,0.8038,1000.0,0.8038458037500006,1.0,normal,109.269
10,239,14355,3,0,2.4115,2.4115,0.8038,1000.0,0.8038458037500006,1.0,normal,111.6805
10,239,14370,2,0,1.6077,1.6077,0.8038,1000.0,0.8038458037500006,1.0,normal,113.2882
10,239,14385,2,0,1.6077,1.6077,0.8038,1000.0,0.8038458037500006,1.0,normal,114.8959
11,240,14400,12,0,34.2782,34.2782,2.8565,1000.0,5.0,1.0,normal,34.2782
11,240,14415,12,1,19.7919,19.7919,1.6493,1000.0,5.0,1.0,normal,54.0701
11,240,14430,11,0,19.7906,19.7906,1.7991,1000.0,5.0,1.0,normal,73.8607
11,240,14445,17,1,12.231,12.231,0.7195,1000.0,5.0,1.0,normal,86.0917
11,241,14460,14,0,44.9955,44.9955,3.214,1000.0,6.050000000000001,1.0,normal,131.0872
11,241,14475,14,0,7.7228,7.7228,0.5516,1000.0,6.050000000000001,1.0,normal,138.81
11,241,14490,12,0,68.0807,68.0807,5.6734,1000.0,6.050000000000001,1.0,normal,206.8907
11,241,14505,13,2,9.0006,4.5003,0.6924,1000.0,6.050000000000001,1.0,normal,215.8913
11,242,14520,26,1,6.8872,6.8872,0.2649,1000.0,7.320500000000002,1.0,normal,222.7785
11,242,14535,22,0,114.8072,114.8072,5.2185,1000.0,7.320500000000002,1.0,normal,337.5857
11,242,14550,25,0,8.3532,8.3532,0.3341,1000.0,7.320500000000002,1.0,normal,345.9389
11,242,14565,19,0,70.5579,70.5579,3.7136,1000.0,7.320500000000002,1.0,normal,416.4968
11,243,14580,23,0,132.9365,132.9365,5.7798,1000.0,7.6499225000000015,1.0,normal,549.4333
11,243,14595,13,0,86.9931,86.9931,6.6918,1000.0,7.6499225000000015,1.0,normal,636.4264
11,243,14610,15,0,29.8098,29.8098,1.9873,1000.0,7.6499225000000015,1.0,normal,666.2362
11,243,14625,22,0,81.4207,81.4207,3.7009,1000.0,7.6499225000000015,1.0,normal,747.6569
11,244,14640,16,0,0.5,0.5,0.0312,1000.0,6.311186062500003,1.0,normal,748.1569
11,244,14655,13,0,19.6835,19.6835,1.5141,1000.0,6.311186062500003,1.0,normal,767.8404
11,244,14670,17,0,94.6889,94.6889,5.5699,1000.0,6.311186062500003,1.0,normal,862.5293
11,244,14685,12,0,71.2914,71.2914,5.9409,1000.0,6.311186062500003,1.0,budget_constrained,933.8207
11,245,14700,7,1,20.4169,20.4169,2.9167,1000.0,4.733389546875002,1.0,budget_constrained,954.2376
11,245,14715,9,0,45.7624,45.7624,4.6619,1000.0,4.733389546875002,1.0,budget_constrained,1000.0
11,245,14730,0,0,0.0,0.0,1.3296,1000.0,4.733389546875002,1.0,budget_constrained,1000.0
11,245,14745,0,0,0.0,0.0,4.7334,1000.0,4.733389546875002,1.0,budget_constrained,1000.0
11,246,14760,0,0,0.0,0.0,3.55,1000.0,3.5500421601562513,1.0,budget_constrained,1000.0
11,246,14775,0,0,0.0,0.0,3.1902,1000.0,3.5500421601562513,1.0,budget_constrained,1000.0
11,246,14790,0,0,0.0,0.0,3.55,1000.0,3.5500421601562513,1.0,budget_constrained,1000.0
11,246,14805,0,0,0.0,0.0,1.3483,1000.0,3.5500421601562513,1.0,budget_constrained,1000.0
11,247,14820,0,0,0.0,0.0,1.4112,1000.0,2.6625316201171882,1.0,budget_constrained,1000.0
11,247,14835,0,0,0.0,0.0,2.6625,1000.0,2.6625316201171882,1.0,budget_constrained,1000.0
11,247,14850,0,0,0.0,0.0,2.6625,1000.0,2.6625316201171882,1.0,budget_constrained,1000.0
11,247,14865,0,0,0.0,0.0,2.1355,1000.0,2.6625316201171882,1.0,budget_constrained,1000.0
11,248,14880,0,0,0.0,0.0,1.9969,1000.0,1.9968987150878912,1.0,budget_constrained,1000.0
11,248,14895,0,0,0.0,0.0,1.9969,1000.0,1.9968987150878912,1.0,budget_constrained,1000.0
11,248,14910,0,0,0.0,0.0,0.429,1000.0,1.9968987150878912,1.0,budget_constrained,1000.0
11,248,14925,0,0,0.0,0.0,1.9969,1000.0,1.9968987150878912,1.0,budget_constrained,1000.0
11,249,14940,0,0,0.0,0.0,1.4977,1000.0,1.4976740363159184,1.0,budget_constrained,1000.0
11,249,14955,0,0,0.0,0.0,1.4977,1000.0,1.4976740363159184,1.0,budget_constrained,1000.0
11,249,14970,0,0,0.0,0.0,1.4977,1000.0,1.4976740363159184,1.0,budget_constrained,1000.0
11,249,14985,0,0,0.0,0.0,1.4977,1000.0,1.4976740363159184,1.0,budget_constrained,1000.0
11,250,15000,0,0,0.0,0.0,1.1233,1000.0,1.1232555272369389,1.0,budget_constrained,1000.0
11,250,15015,0,0,0.0,0.0,1.1233,1000.0,1.1232555272369389,1.0,budget_constrained,1000.0
11,250,15030,0,0,0.0,0.0,1.1233,1000.0,1.1232555272369389,1.0,budget_constrained,1000.0
11,250,15045,0,0,0.0,0.0,1.1233,1000.0,1.1232555272369389,1.0,budget_constrained,1000.0
11,251,15060,0,0,0.0,0.0,0.8424,1000.0,0.8424416454277042,1.0,budget_constrained,1000.0
11,251,15075,0,0,0.0,0.0,0.0611,1000.0,0.8424416454277042,1.0,budget_constrained,1000.0
11,251,15090,0,0,0.0,0.0,0.8424,1000.0,0.8424416454277042,1.0,budget_constrained,1000.0
11,251,15105,0,0,0.0,0.0,0.8424,1000.0,0.8424416454277042,1.0,budget_constrained,1000.0
11,252,15120,0,0,0.0,0.0,0.6318,1000.0,0.6318312340707781,1.0,budget_constrained,1000.0
11,252,15135,0,0,0.0,0.0,0.6318,1000.0,0.6318312340707781,1.0,budget_constrained,1000.0
11,252,15150,0,0,0.0,0.0,0.2561,1000.0,0.6318312340707781,1.0,budget_constrained,1000.0
11,252,15165,0,0,0.0,0.0,0.5892,1000.0,0.6318312340707781,1.0,budget_constrained,1000.0
11,253,15180,0,0,0.0,0.0,0.2166,1000.0,0.5,1.0,budget_constrained,1000.0
11,253,15195,0,0,0.0,0.0,0.5,1000.0,0.5,1.0,budget_constrained,1000.0
11,253,15210,0,0,0.0,0.0,0.5,1000.0,0.5,1.0,budget_constrained,1000.0
11,253,15225,0,0,0.0,0.0,0.5,1000.0,0.5,1.0,budget_constrained,1000.0
11,254,15240,0,0,0.0,0.0,0.5,1000.0,0.5,1.0,budget_constrained,1000.0
11,254,15255,0,0,0.0,0.0,0.5,1000.0,0.5,1.0,budget_constrained,1000.0
11,254,15270,0,0,0.0,0.0,0.5,1000.0,0.5,1.0,budget_constrained,1000.0
11,254,15285,0,0,0.0,0.0,0.5,1000.0,0.5,1.0,budget_constrained,1000.0
11,255,15300,0,0,0.0,0.0,0.5,1000.0,0.5,1.0,budget_constrained,1000.0
11,255,15315,0,0,0.0,0.0,0.5,1000.0,0.5,1.0,budget_constrained,1000.0
11,255,15330,0,0,0.0,0.0,0.5,1000.0,0.5,1.0,budget_constrained,1000.0
11,255,15345,0,0,0.0,0.0,0.5,1000.0,0.5,1.0,budget_constrained,1000.0
11,256,15360,0,0,0.0,0.0,0.0023,1000.0,0.5,1.0,budget_constrained,1000.0
11,256,15375,0,0,0.0,0.0,0.5,1000.0,0.5,1.0,budget_constrained,1000.0
11,256,15390,0,0,0.0,0.0,0.5,1000.0,0.5,1.0,budget_constrained,1000.0
11,256,15405,0,0,0.0,0.0,0.5,1000.0,0.5,1.0,budget_constrained,1000.0
11,257,15420,0,0,0.0,0.0,0.5,1000.0,0.5,1.0,budget_constrained,1000.0
11,257,15435,0,0,0.0,0.0,0.5,1000.0,0.5,1.0,budget_constrained,1000.0
11,257,15450,0,0,0.0,0.0,0.5,1000.0,0.5,1.0,budget_constrained,1000.0
11,257,15465,0,0,0.0,0.0,0.5,1000.0,0.5,1.0,budget_constrained,1000.0
11,258,15480,0,0,0.0,0.0,0.3332,1000.0,0.5,1.0,budget_constrained,1000.0
11,258,15495,0,0,0.0,0.0,0.5,1000.0,0.5,1.0,budget_constrained,1000.0
11,258,15510,0,0,0.0,0.0,0.405,1000.0,0.5,1.0,budget_constrained,1000.0
11,258,15525,0,0,0.0,0.0,0.5,1000.0,0.5,1.0,budget_constrained,1000.0
11,259,15540,0,0,0.0,0.0,0.5,1000.0,0.5,1.0,budget_constrained,1000.0
11,259,15555,0,0,0.0,0.0,0.5,1000.0,0.5,1.0,budget_constrained,1000.0
11,259,15570,0,0,0.0,0.0,0.5,1000.0,0.5,1.0,budget_constrained,1000.0
11,259,15585,0,0,0.0,0.0,0.5,1000.0,0.5,1.0,budget_constrained,1000.0
11,260,15600,0,0,0.0,0.0,0.5,1000.0,0.5,1.0,budget_constrained,1000.0
11,260,15615,0,0,0.0,0.0,0.5,1000.0,0.5,1.0,budget_constrained,1000.0
11,260,15630,0,0,0.0,0.0,0.5,1000.0,0.5,1.0,budget_constrained,1000.0
11,260,15645,0,0,0.0,0.0,0.1254,1000.0,0.5,1.0,budget_constrained,1000.0
11,261,15660,0,0,0.0,0.0,0.0402,1000.0,0.5,1.0,budget_constrained,1000.0
11,261,15675,0,0,0.0,0.0,0.5,1000.0,0.5,1.0,budget_constrained,1000.0
11,261,15690,0,0,0.0,0.0,0.0289,1000.0,0.5,1.0,budget_constrained,1000.0
11,261,15705,0,0,0.0,0.0,0.0018,1000.0,0.5,1.0,budget_constrained,1000.0
11,262,15720,0,0,0.0,0.0,0.3325,1000.0,0.5,1.0,budget_constrained,1000.0
11,262,15735,0,0,0.0,0.0,0.5,1000.0,0.5,1.0,budget_constrained,1000.0
11,262,15750,0,0,0.0,0.0,0.5,1000.0,0.5,1.0,budget_constrained,1000.0
11,262,15765,0,0,0.0,0.0,0.5,1000.0,0.5,1.0,budget_constrained,1000.0
11,263,15780,0,0,0.0,0.0,0.383,1000.0,0.5,1.0,budget_constrained,1000.0
11,263,15795,0,0,0.0,0.0,0.5,1000.0,0.5,1.0,budget_constrained,1000.0
11,263,15810,0,0,0.0,0.0,0.4173,1000.0,0.5,1.0,budget_constrained,1000.0
11,263,15825,0,0,0.0,0.0,0.5,1000.0,0.5,1.0,budget_constrained,1000.0
12,264,15840,0,0,0.0,0.0,0.5,1000.0,0.5,1.0,normal,0.0
12,264,15855,1,0,0.5,0.5,0.5,1000.0,0.5,1.0,normal,0.5
12,264,15870,1,0,0.5,0.5,0.5,1000.0,0.5,1.0,normal,1.0
12,264,15885,2,0,1.0,1.0,0.5,1000.0,0.5,1.0,normal,2.0
12,265,15900,1,0,0.5,0.5,0.5,1000.0,0.5,1.0,normal,2.5
12,265,15915,2,0,1.0,1.0,0.5,1000.0,0.5,1.0,normal,3.5
12,265,15930,3,0,1.5,1.5,0.5,1000.0,0.5,1.0,normal,5.0
12,265,15945,1,0,0.5,0.5,0.5,1000.0,0.5,1.0,normal,5.5
12,266,15960,2,0,1.0,1.0,0.5,1000.0,0.5,1.0,normal,6.5
12,266,15975,1,1,0.5,0.5,0.5,1000.0,0.5,1.0,normal,7.0
12,266,15990,0,0,0.0,0.0,0.5,1000.0,0.5,1.0,normal,7.0
12,266,16005,3,0,1.4304,1.4304,0.4768,1000.0,0.5,1.0,normal,8.4304
12,267,16020,0,0,0.0,0.0,0.033,1000.0,0.5,1.0,normal,8.4304
12,267,16035,0,0,0.0,0.0,0.5,1000.0,0.5,1.0,normal,8.4304
12,267,16050,1,0,0.5,0.5,0.5,1000.0,0.5,1.0,normal,8.9304
12,267,16065,1,1,0.5,0.5,0.5,1000.0,0.5,1.0,normal,9.4304
12,268,16080,0,0,0.0,0.0,0.5225,1000.0,0.5225,1.0,normal,9.4304
12,268,16095,1,0,0.5225,0.5225,0.5225,1000.0,0.5225,1.0,normal,9.9529
12,268,16110,1,0,0.5225,0.5225,0.5225,1000.0,0.5225,1.0,normal,10.4754
12,268,16125,0,0,0.0,0.0,0.5225,1000.0,0.5225,1.0,normal,10.4754
12,269,16140,2,0,1.2645,1.2645,0.6322,1000.0,0.632225,1.0,normal,11.7399
12,269,16155,2,1,1.2645,1.2645,0.6322,1000.0,0.632225,1.0,normal,13.0044
12,269,16170,1,0,0.6322,0.6322,0.6322,1000.0,0.632225,1.0,normal,13.6366
12,269,16185,1,0,0.6322,0.6322,0.6322,1000.0,0.632225,1.0,normal,14.2688
12,270,16200,0,0,0.0,0.0,0.765,1000.0,0.7649922500000002,1.0,normal,14.2688
12,270,16215,4,0,1.7664,1.7664,0.4416,1000.0,0.7649922500000002,1.0,normal,16.0352
12,270,16230,1,0,0.1472,0.1472,0.1472,1000.0,0.7649922500000002,1.0,normal,16.1824
12,270,16245,3,0,2.295,2.295,0.765,1000.0,0.7649922500000002,1.0,normal,18.4774
12,271,16260,3,0,2.7769,2.7769,0.9256,1000.0,0.9256406225000003,1.0,normal,21.2543
12,271,16275,0,0,0.0,0.0,0.9256,1000.0,0.9256406225000003,1.0,normal,21.2543
12,271,16290,3,0,2.7769,2.7769,0.9256,1000.0,0.9256406225000003,1.0,normal,24.0312
12,271,16305,2,0,1.8513,1.8513,0.9256,1000.0,0.9256406225000003,1.0,normal,25.8825
12,272,16320,3,0,3.2177,3.2177,1.0726,1000.0,1.1200251532250005,1.0,normal,29.1002
12,272,16335,3,0,3.3601,3.3601,1.12,1000.0,1.1200251532250005,1.0,normal,32.4603
12,272,16350,3,2,3.3601,1.68,1.12,1000.0,1.1200251532250005,1.0,normal,35.8204
12,272,16365,4,0,4.4801,4.4801,1.12,1000.0,1.1200251532250005,1.0,normal,40.3005
12,273,16380,5,0,3.1122,3.1122,0.6224,1000.0,1.3552304354022509,1.0,normal,43.4127
12,273,16395,1,0,0.9026,0.9026,0.9026,1000.0,1.3552304354022509,1.0,normal,44.3153
12,273,16410,4,0,5.4209,5.4209,1.3552,1000.0,1.3552304354022509,1.0,normal,49.7362
12,273,16425,7,1,9.4866,9.4866,1.3552,1000.0,1.3552304354022509,1.0,normal,59.2228
12,274,16440,5,0,5.3776,5.3776,1.0755,1000.0,1.6398288268367238,1.0,normal,64.6004
12,274,16455,5,0,5.867,5.867,1.1734,1000.0,1.6398288268367238,1.0,normal,70.4674
12,274,16470,6,0,9.839,9.839,1.6398,1000.0,1.6398288268367238,1.0,normal,80.3064
12,274,16485,2,0,3.2797,3.2797,1.6398,1000.0,1.6398288268367238,1.0,normal,83.5861
12,275,16500,5,0,9.921,9.921,1.9842,1000.0,1.984192880472436,1.0,normal,93.5071
12,275,16515,1,0,1.9842,1.9842,1.9842,1000.0,1.984192880472436,1.0,normal,95.4913
12,275,16530,3,0,0.6251,0.6251,0.2084,1000.0,1.984192880472436,1.0,normal,96.1164
12,275,16545,9,0,17.8577,17.8577,1.9842,1000.0,1.984192880472436,1.0,normal,113.9741
12,276,16560,15,1,13.7891,13.7891,0.9193,1000.0,5.0,1.0,normal,127.7632
12,276,16575,17,0,81.5677,81.5677,4.7981,1000.0,5.0,1.0,normal,209.3309
12,276,16590,15,0,2.7791,2.7791,0.1853,1000.0,5.0,1.0,normal,212.11
12,276,16605,13,2,10.0328,5.0164,0.7718,1000.0,5.0,1.0,normal,222.1428
12,277,16620,10,1,43.5908,43.5908,4.3591,1000.0,6.050000000000001,1.0,normal,265.7336
12,277,16635,13,1,7.0695,7.0695,0.5438,1000.0,6.050000000000001,1.0,normal,272.8031
12,277,16650,13,0,36.2303,36.2303,2.7869,1000.0,6.050000000000001,1.0,normal,309.0334
12,277,16665,9,0,49.7304,49.7304,5.5256,1000.0,6.050000000000001,1.0,normal,358.7638
12,278,16680,21,0,124.5218,124.5218,5.9296,1000.0,7.320500000000002,1.0,normal,483.2856
12,278,16695,28,0,165.7826,165.7826,5.9208,1000.0,7.320500000000002,1.0,normal,649.0682
12,278,16710,16,0,26.1369,26.1369,1.6336,1000.0,7.320500000000002,1.0,normal,675.2051
12,278,16725,16,0,9.772,9.772,0.6108,1000.0,7.320500000000002,1.0,normal,684.9771
12,279,16740,16,1,72.4734,72.4734,4.5296,1000.0,8.857805000000003,1.0,normal,757.4505
12,279,16755,23,0,96.0217,96.0217,4.1749,1000.0,8.857805000000003,1.0,normal,853.4722
12,279,16770,20,1,146.5278,146.5278,7.1953,1000.0,8.857805000000003,1.0,budget_depleted,1000.0
12,279,16785,0,0,0.0,0.0,0.0,1000.0,8.857805000000003,1.0,budget_depleted,1000.0
12,280,16800,0,0,0.0,0.0,0.0,1000.0,8.857805000000003,1.0,budget_depleted,1000.0
12,280,16815,0,0,0.0,0.0,0.0,1000.0,8.857805000000003,1.0,budget_depleted,1000.0
12,280,16830,0,0,0.0,0.0,0.0,1000.0,8.857805000000003,1.0,budget_depleted,1000.0
12,280,16845,0,0,0.0,0.0,0.0,1000.0,8.857805000000003,1.0,budget_depleted,1000.0
12,281,16860,0,0,0.0,0.0,0.0,1000.0,8.857805000000003,1.0,budget_depleted,1000.0
12,281,16875,0,0,0.0,0.0,0.0,1000.0,8.857805000000003,1.0,budget_depleted,1000.0
12,281,16890,0,0,0.0,0.0,0.0,1000.0,8.857805000000003,1.0,budget_depleted,1000.0
12,281,16905,0,0,0.0,0.0,0.0,1000.0,8.857805000000003,1.0,budget_depleted,1000.0
12,282,16920,0,0,0.0,0.0,0.0,1000.0,8.857805000000003,1.0,budget_depleted,1000.0
12,282,16935,0,0,0.0,0.0,0.0,1000.0,8.857805000000003,1.0,budget_depleted,1000.0
12,282,16950,0,0,0.0,0.0,0.0,1000.0,8.857805000000003,1.0,budget_depleted,1000.0
12,282,16965,0,0,0.0,0.0,0.0,1000.0,8.857805000000003,1.0,budget_depleted,1000.0
12,283,16980,0,0,0.0,0.0,0.0,1000.0,8.857805000000003,1.0,budget_depleted,1000.0
12,283,16995,0,0,0.0,0.0,0.0,1000.0,8.857805000000003,1.0,budget_depleted,1000.0
12,283,17010,0,0,0.0,0.0,0.0,1000.0,8.857805000000003,1.0,budget_depleted,1000.0
12,283,17025,0,0,0.0,0.0,0.0,1000.0,8.857805000000003,1.0,budget_depleted,1000.0
12,284,17040,0,0,0.0,0.0,0.0,1000.0,8.857805000000003,1.0,budget_depleted,1000.0
12,284,17055,0,0,0.0,0.0,0.0,1000.0,8.857805000000003,1.0,budget_depleted,1000.0
12,284,17070,0,0,0.0,0.0,0.0,1000.0,8.857805000000003,1.0,budget_depleted,1000.0
12,284,17085,0,0,0.0,0.0,0.0,1000.0,8.857805000000003,1.0,budget_depleted,1000.0
12,285,17100,0,0,0.0,0.0,0.0,1000.0,8.857805000000003,1.0,budget_depleted,1000.0
12,285,17115,0,0,0.0,0.0,0.0,1000.0,8.857805000000003,1.0,budget_depleted,1000.0
12,285,17130,0,0,0.0,0.0,0.0,1000.0,8.857805000000003,1.0,budget_depleted,1000.0
12,285,17145,0,0,0.0,0.0,0.0,1000.0,8.857805000000003,1.0,budget_depleted,1000.0
12,286,17160,0,0,0.0,0.0,0.0,1000.0,8.857805000000003,1.0,budget_depleted,1000.0
12,286,17175,0,0,0.0,0.0,0.0,1000.0,8.857805000000003,1.0,budget_depleted,1000.0
12,286,17190,0,0,0.0,0.0,0.0,1000.0,8.857805000000003,1.0,budget_depleted,1000.0
12,286,17205,0,0,0.0,0.0,0.0,1000.0,8.857805000000003,1.0,budget_depleted,1000.0
12,287,17220,0,0,0.0,0.0,0.0,1000.0,8.857805000000003,1.0,budget_depleted,1000.0
12,287,17235,0,0,0.0,0.0,0.0,1000.0,8.857805000000003,1.0,budget_depleted,1000.0
12,287,17250,0,0,0.0,0.0,0.0,1000.0,8.857805000000003,1.0,budget_depleted,1000.0
12,287,17265,0,0,0.0,0.0,0.0,1000.0,8.857805000000003,1.0,budget_depleted,1000.0
13,288,17280,0,0,0.0,0.0,0.0,1000.0,8.857805000000003,0.0,normal,0.0
13,288,17295,18,0,70.4657,70.4657,3.9148,1000.0,8.857805000000003,0.0,normal,70.4657
13,288,17310,30,0,95.5325,95.5325,3.1844,1000.0,8.857805000000003,0.0,normal,165.9982
13,288,17325,27,0,94.0571,94.0571,3.4836,1000.0,8.857805000000003,0.0,normal,260.0553
13,289,17340,13,0,53.3787,53.3787,4.1061,1000.0,6.776220825000002,0.0,normal,313.434
13,289,17355,17,0,7.3123,7.3123,0.4301,1000.0,6.776220825000002,0.0,normal,320.7463
13,289,17370,10,0,21.4603,21.4603,2.146,1000.0,6.776220825000002,0.0,normal,342.2066
13,289,17385,22,0,86.0098,86.0098,3.9095,1000.0,6.776220825000002,0.0,normal,428.2164
13,290,17400,13,0,59.4613,59.4613,4.5739,1000.0,4.573949056875001,0.0,normal,487.6777
13,290,17415,10,0,2.188,2.188,0.2188,1000.0,4.573949056875001,0.0,normal,489.8657
13,290,17430,14,0,64.0353,64.0353,4.5739,1000.0,4.573949056875001,0.0,normal,553.901
13,290,17445,17,0,25.3386,25.3386,1.4905,1000.0,4.573949056875001,0.0,normal,579.2396
13,291,17460,4,0,11.5797,11.5797,2.8949,1000.0,3.0874156133906263,0.0,normal,590.8193
13,291,17475,13,0,16.8494,16.8494,1.2961,1000.0,3.0874156133906263,0.0,normal,607.6687
13,291,17490,7,0,21.2761,21.2761,3.0394,1000.0,3.0874156133906263,0.0,normal,628.9448
13,291,17505,5,0,15.4371,15.4371,3.0874,1000.0,3.0874156133906263,0.0,normal,644.3819
13,292,17520,6,0,7.1673,7.1673,1.1945,1000.0,2.0840055390386727,0.0,normal,651.5492
13,292,17535,7,0,11.6881,11.6881,1.6697,1000.0,2.0840055390386727,0.0,normal,663.2373
13,292,17550,5,0,0.8357,0.8357,0.1671,1000.0,2.0840055390386727,0.0,normal,664.073
13,292,17565,4,0,8.336,8.336,2.084,1000.0,2.0840055390386727,0.0,normal,672.409
13,293,17580,3,0,1.2728,1.2728,0.4243,1000.0,1.4067037388511041,0.0,normal,673.6818
13,293,17595,4,0,1.7501,1.7501,0.4375,1000.0,1.4067037388511041,0.0,normal,675.4319
13,293,17610,4,0,1.8704,1.8704,0.4676,1000.0,1.4067037388511041,0.0,normal,677.3023
13,293,17625,3,0,4.2201,4.2201,1.4067,1000.0,1.4067037388511041,0.0,normal,681.5224
13,294,17640,4,0,3.7981,3.7981,0.9495,1000.0,0.9495250237244954,0.0,normal,685.3205
13,294,17655,2,0,1.8991,1.8991,0.9495,1000.0,0.9495250237244954,0.0,normal,687.2196
13,294,17670,2,0,1.534,1.534,0.767,1000.0,0.9495250237244954,0.0,normal,688.7536
13,294,17685,2,0,1.0314,1.0314,0.5157,1000.0,0.9495250237244954,0.0,normal,689.785
13,295,17700,1,0,0.6409,0.6409,0.6409,1000.0,0.6409293910140343,0.0,normal,690.4259
13,295,17715,0,0,0.0,0.0,0.6409,1000.0,0.6409293910140343,0.0,normal,690.4259
13,295,17730,3,0,1.9228,1.9228,0.6409,1000.0,0.6409293910140343,0.0,normal,692.3487
13,295,17745,2,0,1.2819,1.2819,0.6409,1000.0,0.6409293910140343,0.0,normal,693.6306
13,296,17760,2,0,1.0,1.0,0.5,1000.0,0.5,0.0,normal,694.6306
13,296,17775,1,0,0.5,0.5,0.5,1000.0,0.5,0.0,normal,695.1306
13,296,17790,1,0,0.1281,0.1281,0.1281,1000.0,0.5,0.0,normal,695.2587
13,296,17805,1,0,0.5,0.5,0.5,1000.0,0.5,0.0,normal,695.7587
13,297,17820,1,0,0.5,0.5,0.5,1000.0,0.5,0.0,normal,696.2587
13,297,17835,3,0,1.5,1.5,0.5,1000.0,0.5,0.0,normal,697.7587
13,297,17850,0,0,0.0,0.0,0.5,1000.0,0.5,0.0,normal,697.7587
13,297,17865,2,0,1.0,1.0,0.5,1000.0,0.5,0.0,normal,698.7587
13,298,17880,1,0,0.5,0.5,0.5,1000.0,0.5,0.0,normal,699.2587
13,298,17895,0,0,0.0,0.0,0.4437,1000.0,0.5,0.0,normal,699.2587
13,298,17910,1,0,0.5,0.5,0.5,1000.0,0.5,0.0,normal,699.7587
13,298,17925,0,0,0.0,0.0,0.5,1000.0,0.5,0.0,normal,699.7587
13,299,17940,0,0,0.0,0.0,0.5,1000.0,0.5,0.0,normal,699.7587
13,299,17955,2,0,1.0,1.0,0.5,1000.0,0.5,0.0,normal,700.7587
13,299,17970,1,0,0.0349,0.0349,0.0349,1000.0,0.5,0.0,normal,700.7936
13,299,17985,0,0,0.0,0.0,0.4716,1000.0,0.5,0.0,normal,700.7936
13,300,18000,0,0,0.0,0.0,0.01,1000.0,0.01,0.0,normal,700.7936
13,300,18015,0,0,0.0,0.0,0.01,1000.0,0.01,0.0,normal,700.7936
13,300,18030,0,0,0.0,0.0,0.01,1000.0,0.01,0.0,normal,700.7936
13,300,18045,0,0,0.0,0.0,0.01,1000.0,0.01,0.0,normal,700.7936
13,301,18060,2,0,1.0,1.0,0.5,1000.0,0.5,0.0,normal,701.7936
13,301,18075,2,0,1.0,1.0,0.5,1000.0,0.5,0.0,normal,702.7936
13,301,18090,0,0,0.0,0.0,0.3566,1000.0,0.5,0.0,normal,702.7936
13,301,18105,4,0,2.0,2.0,0.5,1000.0,0.5,0.0,normal,704.7936
13,302,18120,1,0,0.5,0.5,0.5,1000.0,0.5,0.0,normal,705.2936
13,302,18135,1,0,0.459,0.459,0.459,1000.0,0.5,0.0,normal,705.7526
13,302,18150,3,0,1.5,1.5,0.5,1000.0,0.5,0.0,normal,707.2526
13,302,18165,0,0,0.0,0.0,0.5,1000.0,0.5,0.0,normal,707.2526
13,303,18180,1,0,0.5,0.5,0.5,1000.0,0.5,0.0,normal,707.7526
13,303,18195,0,0,0.0,0.0,0.0856,1000.0,0.5,0.0,normal,707.7526
13,303,18210,1,0,0.3994,0.3994,0.3994,1000.0,0.5,0.0,normal,708.152
13,303,18225,1,0,0.5,0.5,0.5,1000.0,0.5,0.0,normal,708.652
13,304,18240,0,0,0.0,0.0,0.5,1000.0,0.5,0.0,normal,708.652
13,304,18255,1,0,0.5,0.5,0.5,1000.0,0.5,0.0,normal,709.152
13,304,18270,1,0,0.5,0.5,0.5,1000.0,0.5,0.0,normal,709.652
13,304,18285,2,0,1.0,1.0,0.5,1000.0,0.5,0.0,normal,710.652
13,305,18300,2,0,0.5035,0.5035,0.2517,1000.0,0.5,0.0,normal,711.1555
13,305,18315,1,0,0.5,0.5,0.5,1000.0,0.5,0.0,normal,711.6555
13,305,18330,4,0,2.0,2.0,0.5,1000.0,0.5,0.0,normal,713.6555
13,305,18345,1,0,0.412,0.412,0.412,1000.0,0.5,0.0,normal,714.0675
13,306,18360,1,0,0.5,0.5,0.5,1000.0,0.5,0.0,normal,714.5675
13,306,18375,1,0,0.5,0.5,0.5,1000.0,0.5,0.0,normal,715.0675
13,306,18390,0,0,0.0,0.0,0.5,1000.0,0.5,0.0,normal,715.0675
13,306,18405,1,0,0.5,0.5,0.5,1000.0,0.5,0.0,normal,715.5675
13,307,18420,1,0,0.5,0.5,0.5,1000.0,0.5,0.0,normal,716.0675
13,307,18435,3,0,0.7031,0.7031,0.2344,1000.0,0.5,0.0,normal,716.7706
13,307,18450,2,0,1.0,1.0,0.5,1000.0,0.5,0.0,normal,717.7706
13,307,18465,1,0,0.5,0.5,0.5,1000.0,0.5,0.0,normal,718.2706
13,308,18480,0,0,0.0,0.0,0.5,1000.0,0.5,0.0,normal,718.2706
13,308,18495,1,0,0.0371,0.0371,0.0371,1000.0,0.5,0.0,normal,718.3077
13,308,18510,0,0,0.0,0.0,0.1404,1000.0,0.5,0.0,normal,718.3077
13,308,18525,0,0,0.0,0.0,0.5,1000.0,0.5,0.0,normal,718.3077
13,309,18540,2,0,1.0,1.0,0.5,1000.0,0.5,0.0,normal,719.3077
13,309,18555,1,0,0.5,0.5,0.5,1000.0,0.5,0.0,normal,719.8077
13,309,18570,2,0,1.0,1.0,0.5,1000.0,0.5,0.0,normal,720.8077
13,309,18585,2,0,0.6356,0.6356,0.3178,1000.0,0.5,0.0,normal,721.4433
13,310,18600,2,0,1.0,1.0,0.5,1000.0,0.5,0.0,normal,722.4433
13,310,18615,1,0,0.5,0.5,0.5,1000.0,0.5,0.0,normal,722.9433
13,310,18630,0,0,0.0,0.0,0.5,1000.0,0.5,0.0,normal,722.9433
13,310,18645,1,0,0.5,0.5,0.5,1000.0,0.5,0.0,normal,723.4433
13,311,18660,0,0,0.0,0.0,0.5,1000.0,0.5,0.0,normal,723.4433
13,311,18675,3,0,1.5,1.5,0.5,1000.0,0.5,0.0,normal,724.9433
13,311,18690,0,0,0.0,0.0,0.1041,1000.0,0.5,0.0,normal,724.9433
13,311,18705,1,0,0.1775,0.1775,0.1775,1000.0,0.5,0.0,normal,725.1208
14,312,18720,0,0,0.0,0.0,0.01,1000.0,0.01,0.0,normal,0.0
14,312,18735,1,0,0.01,0.01,0.01,1000.0,0.01,0.0,normal,0.01
14,312,18750,0,0,0.0,0.0,0.01,1000.0,0.01,0.0,normal,0.01
14,312,18765,0,0,0.0,0.0,0.01,1000.0,0.01,0.0,normal,0.01
14,313,18780,1,0,0.5,0.5,0.5,1000.0,0.5,0.0,normal,0.51
14,313,18795,2,0,1.0,1.0,0.5,1000.0,0.5,0.0,normal,1.51
14,313,18810,2,0,0.6889,0.6889,0.3444,1000.0,0.5,0.0,normal,2.1989
14,313,18825,4,0,2.0,2.0,0.5,1000.0,0.5,0.0,normal,4.1989
14,314,18840,2,0,0.8423,0.8423,0.4211,1000.0,0.5,0.0,normal,5.0412
14,314,18855,1,0,0.5,0.5,0.5,1000.0,0.5,0.0,normal,5.5412
14,314,18870,1,0,0.5,0.5,0.5,1000.0,0.5,0.0,normal,6.0412
14,314,18885,1,0,0.5,0.5,0.5,1000.0,0.5,0.0,normal,6.5412
14,315,18900,2,0,1.0,1.0,0.5,1000.0,0.5,0.0,normal,7.5412
14,315,18915,1,0,0.5,0.5,0.5,1000.0,0.5,0.0,normal,8.0412
14,315,18930,2,0,1.0,1.0,0.5,1000.0,0.5,0.0,normal,9.0412
14,315,18945,1,0,0.5,0.5,0.5,1000.0,0.5,0.0,normal,9.5412
14,316,18960,1,0,0.55,0.55,0.55,1000.0,0.55,0.0,normal,10.0912
14,316,18975,0,0,0.0,0.0,0.55,1000.0,0.55,0.0,normal,10.0912
14,316,18990,1,0,0.55,0.55,0.55,1000.0,0.55,0.0,normal,10.6412
14,316,19005,3,0,1.65,1.65,0.55,1000.0,0.55,0.0,normal,12.2912
14,317,19020,2,0,1.21,1.21,0.605,1000.0,0.6050000000000001,0.0,normal,13.5012
14,317,19035,0,0,0.0,0.0,0.605,1000.0,0.6050000000000001,0.0,normal,13.5012
14,317,19050,1,0,0.605,0.605,0.605,1000.0,0.6050000000000001,0.0,normal,14.1062
14,317,19065,2,0,0.6567,0.6567,0.3284,1000.0,0.6050000000000001,0.0,normal,14.7629
14,318,19080,1,0,0.0776,0.0776,0.0776,1000.0,0.6655000000000002,0.0,normal,14.8405
14,318,19095,1,0,0.6655,0.6655,0.6655,1000.0,0.6655000000000002,0.0,normal,15.506
14,318,19110,3,0,1.6945,1.6945,0.5648,1000.0,0.6655000000000002,0.0,normal,17.2005
14,318,19125,2,0,1.331,1.331,0.6655,1000.0,0.6655000000000002,0.0,normal,18.5315
14,319,19140,2,0,1.4641,1.4641,0.7321,1000.0,0.7320500000000003,0.0,normal,19.9956
14,319,19155,1,0,0.7321,0.7321,0.7321,1000.0,0.7320500000000003,0.0,normal,20.7277
14,319,19170,3,0,2.1962,2.1962,0.7321,1000.0,0.7320500000000003,0.0,normal,22.9239
14,319,19185,3,0,2.1962,2.1962,0.7321,1000.0,0.7320500000000003,0.0,normal,25.1201
14,320,19200,4,0,2.3499,2.3499,0.5875,1000.0,0.8052550000000004,0.0,normal,27.47
14,320,19215,4,0,3.221,3.221,0.8053,1000.0,0.8052550000000004,0.0,normal,30.691
14,320,19230,1,0,0.8053,0.8053,0.8053,1000.0,0.8052550000000004,0.0,normal,31.4963
14,320,19245,4,0,3.221,3.221,0.8053,1000.0,0.8052550000000004,0.0,normal,34.7173
14,321,19260,3,0,2.6573,2.6573,0.8858,1000.0,0.8857805000000005,0.0,normal,37.3746
14,321,19275,1,0,0.8214,0.8214,0.8214,1000.0,0.8857805000000005,0.0,normal,38.196
14,321,19290,2,0,1.7716,1.7716,0.8858,1000.0,0.8857805000000005,0.0,normal,39.9676
14,321,19305,1,0,0.07,0.07,0.07,1000.0,0.8857805000000005,0.0,normal,40.0376
14,322,19320,1,0,0.9744,0.9744,0.9744,1000.0,0.9743585500000007,0.0,normal,41.012
14,322,19335,5,0,0.2495,0.2495,0.0499,1000.0,0.9743585500000007,0.0,normal,41.2615
14,322,19350,1,0,0.9744,0.9744,0.9744,1000.0,0.9743585500000007,0.0,normal,42.2359
14,322,19365,3,0,2.9231,2.9231,0.9744,1000.0,0.9743585500000007,0.0,normal,45.159
14,323,19380,0,0,0.0,0.0,1.0718,1000.0,1.0717944050000008,0.0,normal,45.159
14,323,19395,2,0,0.8642,0.8642,0.4321,1000.0,1.0717944050000008,0.0,normal,46.0232
14,323,19410,1,0,1.0718,1.0718,1.0718,1000.0,1.0717944050000008,0.0,normal,47.095
14,323,19425,3,0,2.2882,2.2882,0.7627,1000.0,1.0717944050000008,0.0,normal,49.3832
14,324,19440,0,0,0.0,0.0,0.01,1000.0,0.01,0.0,normal,49.3832
14,324,19455,0,0,0.0,0.0,0.01,1000.0,0.01,0.0,normal,49.3832
14,324,19470,0,0,0.0,0.0,0.01,1000.0,0.01,0.0,normal,49.3832
14,324,19485,1,0,0.01,0.01,0.01,1000.0,0.01,0.0,normal,49.3932
14,325,19500,3,0,1.5,1.5,0.5,1000.0,0.5,0.0,normal,50.8932
14,325,19515,1,0,0.5,0.5,0.5,1000.0,0.5,0.0,normal,51.3932
14,325,19530,0,0,0.0,0.0,0.5,1000.0,0.5,0.0,normal,51.3932
14,325,19545,1,0,0.5,0.5,0.5,1000.0,0.5,0.0,normal,51.8932
14,326,19560,1,0,0.0265,0.0265,0.0265,1000.0,0.55,0.0,normal,51.9197
14,326,19575,2,0,0.0414,0.0414,0.0207,1000.0,0.55,0.0,normal,51.9611
14,326,19590,0,0,0.0,0.0,0.55,1000.0,0.55,0.0,normal,51.9611
14,326,19605,3,0,1.65,1.65,0.55,1000.0,0.55,0.0,normal,53.6111
14,327,19620,2,0,1.21,1.21,0.605,1000.0,0.6050000000000001,0.0,normal,54.8211
14,327,19635,3,0,1.4388,1.4388,0.4796,1000.0,0.6050000000000001,0.0,normal,56.2599
14,327,19650,1,0,0.605,0.605,0.605,1000.0,0.6050000000000001,0.0,normal,56.8649
14,327,19665,1,0,0.605,0.605,0.605,1000.0,0.6050000000000001,0.0,normal,57.4699
14,328,19680,1,0,0.6655,0.6655,0.6655,1000.0,0.6655000000000002,0.0,normal,58.1354
14,328,19695,2,0,1.331,1.331,0.6655,1000.0,0.6655000000000002,0.0,normal,59.4664
14,328,19710,1,0,0.6655,0.6655,0.6655,1000.0,0.6655000000000002,0.0,normal,60.1319
14,328,19725,0,0,0.0,0.0,0.6655,1000.0,0.6655000000000002,0.0,normal,60.1319
14,329,19740,3,0,0.5731,0.5731,0.191,1000.0,0.7320500000000003,0.0,normal,60.705
14,329,19755,1,0,0.5761,0.5761,0.5761,1000.0,0.7320500000000003,0.0,normal,61.2811
14,329,19770,2,0,1.1709,1.1709,0.5855,1000.0,0.7320500000000003,0.0,normal,62.452
14,329,19785,3,0,2.1962,2.1962,0.7321,1000.0,0.7320500000000003,0.0,normal,64.6482
14,330,19800,3,0,2.4158,2.4158,0.8053,1000.0,0.8052550000000004,0.0,normal,67.064
14,330,19815,4,0,1.2532,1.2532,0.3133,1000.0,0.8052550000000004,0.0,normal,68.3172
14,330,19830,3,0,2.4158,2.4158,0.8053,1000.0,0.8052550000000004,0.0,normal,70.733
14,330,19845,1,0,0.8053,0.8053,0.8053,1000.0,0.8052550000000004,0.0,normal,71.5383
14,331,19860,0,0,0.0,0.0,0.6233,1000.0,0.8857805000000005,0.0,normal,71.5383
14,331,19875,4,0,3.5431,3.5431,0.8858,1000.0,0.8857805000000005,0.0,normal,75.0814
14,331,19890,3,0,2.6573,2.6573,0.8858,1000.0,0.8857805000000005,0.0,normal,77.7387
14,331,19905,1,0,0.8858,0.8858,0.8858,1000.0,0.8857805000000005,0.0,normal,78.6245
14,332,19920,1,0,0.9744,0.9744,0.9744,1000.0,0.9743585500000007,0.0,normal,79.5989
14,332,19935,2,0,1.9487,1.9487,0.9744,1000.0,0.9743585500000007,0.0,normal,81.5476
14,332,19950,2,0,0.0901,0.0901,0.045,1000.0,0.9743585500000007,0.0,normal,81.6377
14,332,19965,2,0,1.9487,1.9487,0.9744,1000.0,0.9743585500000007,0.0,normal,83.5864
14,333,19980,2,0,0.0544,0.0544,0.0272,1000.0,1.0717944050000008,0.0,normal,83.6408
14,333,19995,1,0,1.0718,1.0718,1.0718,1000.0,1.0717944050000008,0.0,normal,84.7126
14,333,20010,2,0,2.1436,2.1436,1.0718,1000.0,1.0717944050000008,0.0,normal,86.8562
14,333,20025,4,0,4.2872,4.2872,1.0718,1000.0,1.0717944050000008,0.0,normal,91.1434
14,334,20040,4,0,4.7159,4.7159,1.179,1000.0,1.178973845500001,0.0,normal,95.8593
14,334,20055,3,0,2.2795,2.2795,0.7598,1000.0,1.178973845500001,0.0,normal,98.1388
14,334,20070,0,0,0.0,0.0,1.179,1000.0,1.178973845500001,0.0,normal,98.1388
14,334,20085,6,0,1.3543,1.3543,0.2257,1000.0,1.178973845500001,0.0,normal,99.4931
14,335,20100,4,0,5.1875,5.1875,1.2969,1000.0,1.2968712300500012,0.0,normal,104.6806
14,335,20115,3,0,3.8906,3.8906,1.2969,1000.0,1.2968712300500012,0.0,normal,108.5712
14,335,20130,1,0,0.0291,0.0291,0.0291,1000.0,1.2968712300500012,0.0,normal,108.6003
14,335,20145,1,0,1.2969,1.2969,1.2969,1000.0,1.2968712300500012,0.0,normal,109.8972
15,336,20160,0,0,0.0,0.0,0.01,700.0,0.01,0.0,normal,0.0
15,336,20175,0,0,0.0,0.0,0.01,700.0,0.01,0.0,normal,0.0
15,336,20190,1,0,0.01,0.01,0.01,700.0,0.01,0.0,normal,0.01
15,336,20205,0,0,0.0,0.0,0.01,700.0,0.01,0.0,normal,0.01
15,337,20220,2,0,1.0,1.0,0.5,700.0,0.5,0.0,normal,1.01
15,337,20235,0,0,0.0,0.0,0.5,700.0,0.5,0.0,normal,1.01
15,337,20250,0,0,0.0,0.0,0.5,700.0,0.5,0.0,normal,1.01
15,337,20265,0,0,0.0,0.0,0.5,700.0,0.5,0.0,normal,1.01
15,338,20280,1,0,0.461,0.461,0.461,700.0,0.55,0.0,normal,1.471
15,338,20295,2,0,1.1,1.1,0.55,700.0,0.55,0.0,normal,2.571
15,338,20310,1,0,0.55,0.55,0.55,700.0,0.55,0.0,normal,3.121
15,338,20325,0,0,0.0,0.0,0.006,700.0,0.55,0.0,normal,3.121
15,339,20340,2,0,1.21,1.21,0.605,700.0,0.6050000000000001,0.0,normal,4.331
15,339,20355,3,0,1.815,1.815,0.605,700.0,0.6050000000000001,0.0,normal,6.146
15,339,20370,3,0,1.815,1.815,0.605,700.0,0.6050000000000001,0.0,normal,7.961
15,339,20385,3,0,1.815,1.815,0.605,700.0,0.6050000000000001,0.0,normal,9.776
15,340,20400,0,0,0.0,0.0,0.6655,700.0,0.6655000000000002,0.0,normal,9.776
15,340,20415,3,0,1.9965,1.9965,0.6655,700.0,0.6655000000000002,0.0,normal,11.7725
15,340,20430,0,0,0.0,0.0,0.6655,700.0,0.6655000000000002,0.0,normal,11.7725
15,340,20445,3,0,1.9073,1.9073,0.6358,700.0,0.6655000000000002,0.0,normal,13.6798
15,341,20460,3,0,2.1962,2.1962,0.7321,700.0,0.7320500000000003,0.0,normal,15.876
15,341,20475,2,0,1.4641,1.4641,0.7321,700.0,0.7320500000000003,0.0,normal,17.3401
15,341,20490,1,0,0.7321,0.7321,0.7321,700.0,0.7320500000000003,0.0,normal,18.0722
15,341,20505,0,0,0.0,0.0,0.7321,700.0,0.7320500000000003,0.0,normal,18.0722
15,342,20520,2,0,1.0227,1.0227,0.5114,700.0,0.8052550000000004,0.0,normal,19.0949
15,342,20535,2,0,0.4887,0.4887,0.2443,700.0,0.8052550000000004,0.0,normal,19.5836
15,342,20550,2,0,1.6105,1.6105,0.8053,700.0,0.8052550000000004,0.0,normal,21.1941
15,342,20565,0,0,0.0,0.0,0.8053,700.0,0.8052550000000004,0.0,normal,21.1941
15,343,20580,3,0,2.6573,2.6573,0.8858,700.0,0.8857805000000005,0.0,normal,23.8514
15,343,20595,1,0,0.8858,0.8858,0.8858,700.0,0.8857805000000005,0.0,normal,24.7372
15,343,20610,1,0,0.8412,0.8412,0.8412,700.0,0.8857805000000005,0.0,normal,25.5784
15,343,20625,5,0,4.4289,4.4289,0.8858,700.0,0.8857805000000005,0.0,normal,30.0073
15,344,20640,1,0,0.9341,0.9341,0.9341,700.0,0.9743585500000007,0.0,normal,30.9414
15,344,20655,3,0,2.9231,2.9231,0.9744,700.0,0.9743585500000007,0.0,normal,33.8645
15,344,20670,3,0,0.9706,0.9706,0.3235,700.0,0.9743585500000007,0.0,normal,34.8351
15,344,20685,3,0,2.9231,2.9231,0.9744,700.0,0.9743585500000007,0.0,normal,37.7582
15,345,20700,2,0,2.1436,2.1436,1.0718,700.0,1.0717944050000008,0.0,normal,39.9018
15,345,20715,1,0,1.0718,1.0718,1.0718,700.0,1.0717944050000008,0.0,normal,40.9736
15,345,20730,3,0,0.3769,0.3769,0.1256,700.0,1.0717944050000008,0.0,normal,41.3505
15,345,20745,3,0,3.2154,3.2154,1.0718,700.0,1.0717944050000008,0.0,normal,44.5659
15,346,20760,4,0,4.7159,4.7159,1.179,700.0,1.178973845500001,0.0,normal,49.2818
15,346,20775,5,0,5.8949,5.8949,1.179,700.0,1.178973845500001,0.0,normal,55.1767
15,346,20790,4,0,2.6889,2.6889,0.6722,700.0,1.178973845500001,0.0,normal,57.8656
15,346,20805,1,0,0.0579,0.0579,0.0579,700.0,1.178973845500001,0.0,normal,57.9235
15,347,20820,0,0,0.0,0.0,0.4321,700.0,0.9078098610350007,0.0,normal,57.9235
15,347,20835,1,0,0.9078,0.9078,0.9078,700.0,0.9078098610350007,0.0,normal,58.8313
15,347,20850,1,0,0.9078,0.9078,0.9078,700.0,0.9078098610350007,0.0,normal,59.7391
15,347,20865,0,0,0.0,0.0,0.3605,700.0,0.9078098610350007,0.0,normal,59.7391
15,348,20880,0,0,0.0,0.0,0.01,700.0,0.01,0.0,normal,59.7391
15,348,20895,0,0,0.0,0.0,0.01,700.0,0.01,0.0,normal,59.7391
15,348,20910,0,0,0.0,0.0,0.01,700.0,0.01,0.0,normal,59.7391
15,348,20925,0,0,0.0,0.0,0.01,700.0,0.01,0.0,normal,59.7391
15,349,20940,0,0,0.0,0.0,0.5,700.0,0.5,0.0,normal,59.7391
15,349,20955,2,0,1.0,1.0,0.5,700.0,0.5,0.0,normal,60.7391
15,349,20970,2,0,1.0,1.0,0.5,700.0,0.5,0.0,normal,61.7391
15,349,20985,3,0,0.6758,0.6758,0.2253,700.0,0.5,0.0,normal,62.4149
15,350,21000,1,0,0.3553,0.3553,0.3553,700.0,0.5,0.0,normal,62.7702
15,350,21015,2,0,1.0,1.0,0.5,700.0,0.5,0.0,normal,63.7702
15,350,21030,1,0,0.5,0.5,0.5,700.0,0.5,0.0,normal,64.2702
15,350,21045,3,0,1.5,1.5,0.5,700.0,0.5,0.0,normal,65.7702
15,351,21060,1,0,0.5,0.5,0.5,700.0,0.5,0.0,normal,66.2702
15,351,21075,1,0,0.5,0.5,0.5,700.0,0.5,0.0,normal,66.7702
15,351,21090,0,0,0.0,0.0,0.5,700.0,0.5,0.0,normal,66.7702
15,351,21105,1,0,0.5,0.5,0.5,700.0,0.5,0.0,normal,67.2702
15,352,21120,0,0,0.0,0.0,0.55,700.0,0.55,0.0,normal,67.2702
15,352,21135,2,0,1.1,1.1,0.55,700.0,0.55,0.0,normal,68.3702
15,352,21150,1,0,0.55,0.55,0.55,700.0,0.55,0.0,normal,68.9202
15,352,21165,3,0,1.6153,1.6153,0.5384,700.0,0.55,0.0,normal,70.5355
15,353,21180,2,0,1.0,1.0,0.5,700.0,0.5,0.0,normal,71.5355
15,353,21195,3,0,1.5,1.5,0.5,700.0,0.5,0.0,normal,73.0355
15,353,21210,1,0,0.3162,0.3162,0.3162,700.0,0.5,0.0,normal,73.3517
15,353,21225,0,0,0.0,0.0,0.5,700.0,0.5,0.0,normal,73.3517
15,354,21240,0,0,0.0,0.0,0.1581,700.0,0.55,0.0,normal,73.3517
15,354,21255,2,0,1.1,1.1,0.55,700.0,0.55,0.0,normal,74.4517
15,354,21270,2,0,1.1,1.1,0.55,700.0,0.55,0.0,normal,75.5517
15,354,21285,2,0,1.1,1.1,0.55,700.0,0.55,0.0,normal,76.6517
15,355,21300,1,0,0.605,0.605,0.605,700.0,0.6050000000000001,0.0,normal,77.2567
15,355,21315,4,0,2.42,2.42,0.605,700.0,0.6050000000000001,0.0,normal,79.6767
15,355,21330,1,0,0.605,0.605,0.605,700.0,0.6050000000000001,0.0,normal,80.2817
15,355,21345,3,0,1.6055,1.6055,0.5352,700.0,0.6050000000000001,0.0,normal,81.8872
15,356,21360,2,0,1.331,1.331,0.6655,700.0,0.6655000000000002,0.0,normal,83.2182
15,356,21375,3,0,1.9965,1.9965,0.6655,700.0,0.6655000000000002,0.0,normal,85.2147
15,356,21390,0,0,0.0,0.0,0.6655,700.0,0.6655000000000002,0.0,normal,85.2147
15,356,21405,1,0,0.6655,0.6655,0.6655,700.0,0.6655000000000002,0.0,normal,85.8802
15,357,21420,2,0,1.0475,1.0475,0.5238,700.0,0.7320500000000003,0.0,normal,86.9277
15,357,21435,5,0,3.6603,3.6603,0.7321,700.0,0.7320500000000003,0.0,normal,90.588
15,357,21450,2,0,1.4641,1.4641,0.7321,700.0,0.7320500000000003,0.0,normal,92.0521
15,357,21465,2,0,1.4641,1.4641,0.7321,700.0,0.7320500000000003,0.0,normal,93.5162
15,358,21480,2,0,1.6105,1.6105,0.8053,700.0,0.8052550000000004,0.0,normal,95.1267
15,358,21495,1,0,0.8053,0.8053,0.8053,700.0,0.8052550000000004,0.0,normal,95.932
15,358,21510,1,0,0.8053,0.8053,0.8053,700.0,0.8052550000000004,0.0,normal,96.7373
15,358,21525,2,0,0.6355,0.6355,0.3177,700.0,0.8052550000000004,0.0,normal,97.3728
15,359,21540,5,0,4.4289,4.4289,0.8858,700.0,0.8857805000000005,0.0,normal,101.8017
15,359,21555,2,0,1.7716,1.7716,0.8858,700.0,0.8857805000000005,0.0,normal,103.5733
15,359,21570,3,0,2.6573,2.6573,0.8858,700.0,0.8857805000000005,0.0,normal,106.2306
15,359,21585,0,0,0.0,0.0,0.8858,700.0,0.8857805000000005,0.0,normal,106.2306
16,360,21600,0,0,0.0,0.0,0.01,700.0,0.01,0.0,normal,0.0
16,360,21615,0,0,0.0,0.0,0.01,700.0,0.01,0.0,normal,0.0
16,360,21630,1,0,0.01,0.01,0.01,700.0,0.01,0.0,normal,0.01
16,360,21645,0,0,0.0,0.0,0.01,700.0,0.01,0.0,normal,0.01
16,361,21660,1,0,0.5,0.5,0.5,700.0,0.5,0.0,normal,0.51
16,361,21675,1,0,0.3512,0.3512,0.3512,700.0,0.5,0.0,normal,0.8612
16,361,21690,1,0,0.5,0.5,0.5,700.0,0.5,0.0,normal,1.3612
16,361,21705,3,0,1.5,1.5,0.5,700.0,0.5,0.0,normal,2.8612
16,362,21720,4,0,2.2,2.2,0.55,700.0,0.55,0.0,normal,5.0612
16,362,21735,0,0,0.0,0.0,0.55,700.0,0.55,0.0,normal,5.0612
16,362,21750,1,0,0.55,0.55,0.55,700.0,0.55,0.0,normal,5.6112
16,362,21765,2,0,1.1,1.1,0.55,700.0,0.55,0.0,normal,6.7112
16,363,21780,1,0,0.605,0.605,0.605,700.0,0.6050000000000001,0.0,normal,7.3162
16,363,21795,1,0,0.0721,0.0721,0.0721,700.0,0.6050000000000001,0.0,normal,7.3883
16,363,21810,1,0,0.605,0.605,0.605,700.0,0.6050000000000001,0.0,normal,7.9933
16,363,21825,2,0,1.1023,1.1023,0.5512,700.0,0.6050000000000001,0.0,normal,9.0956
16,364,21840,1,0,0.6655,0.6655,0.6655,700.0,0.6655000000000002,0.0,normal,9.7611
16,364,21855,2,0,1.331,1.331,0.6655,700.0,0.6655000000000002,0.0,normal,11.0921
16,364,21870,3,0,1.9965,1.9965,0.6655,700.0,0.6655000000000002,0.0,normal,13.0886
16,364,21885,0,0,0.0,0.0,0.6655,700.0,0.6655000000000002,0.0,normal,13.0886
16,365,21900,2,0,0.443,0.443,0.2215,700.0,0.7320500000000003,0.0,normal,13.5316
16,365,21915,1,0,0.64,0.64,0.64,700.0,0.7320500000000003,0.0,normal,14.1716
16,365,21930,3,0,2.1962,2.1962,0.7321,700.0,0.7320500000000003,0.0,normal,16.3678
16,365,21945,0,0,0.0,0.0,0.7321,700.0,0.7320500000000003,0.0,normal,16.3678
16,366,21960,1,0,0.8053,0.8053,0.8053,700.0,0.8052550000000004,0.0,normal,17.1731
16,366,21975,1,0,0.8053,0.8053,0.8053,700.0,0.8052550000000004,0.0,normal,17.9784
16,366,21990,2,0,1.6105,1.6105,0.8053,700.0,0.8052550000000004,0.0,normal,19.5889
16,366,22005,2,0,1.5219,1.5219,0.761,700.0,0.8052550000000004,0.0,normal,21.1108
16,367,22020,1,0,0.1522,0.1522,0.1522,700.0,0.8857805000000005,0.0,normal,21.263
16,367,22035,3,0,2.6573,2.6573,0.8858,700.0,0.8857805000000005,0.0,normal,23.9203
16,367,22050,1,0,0.8858,0.8858,0.8858,700.0,0.8857805000000005,0.0,normal,24.8061
16,367,22065,1,0,0.8858,0.8858,0.8858,700.0,0.8857805000000005,0.0,normal,25.6919
16,368,22080,2,0,1.8129,1.8129,0.9065,700.0,0.9743585500000007,0.0,normal,27.5048
16,368,22095,2,0,1.9487,1.9487,0.9744,700.0,0.9743585500000007,0.0,normal,29.4535
16,368,22110,3,0,2.9231,2.9231,0.9744,700.0,0.9743585500000007,0.0,normal,32.3766
16,368,22125,1,0,0.0132,0.0132,0.0132,700.0,0.9743585500000007,0.0,normal,32.3898
16,369,22140,2,0,2.1436,2.1436,1.0718,700.0,1.0717944050000008,0.0,normal,34.5334
16,369,22155,7,0,7.5026,7.5026,1.0718,700.0,1.0717944050000008,0.0,normal,42.036
16,369,22170,5,0,5.359,5.359,1.0718,700.0,1.0717944050000008,0.0,normal,47.395
16,369,22185,3,0,0.1877,0.1877,0.0626,700.0,1.0717944050000008,0.0,normal,47.5827
16,370,22200,3,0,3.5369,3.5369,1.179,700.0,1.178973845500001,0.0,normal,51.1196
16,370,22215,6,0,3.2576,3.2576,0.5429,700.0,1.178973845500001,0.0,normal,54.3772
16,370,22230,0,0,0.0,0.0,1.179,700.0,1.178973845500001,0.0,normal,54.3772
16,370,22245,6,0,7.0738,7.0738,1.179,700.0,1.178973845500001,0.0,normal,61.451
16,371,22260,4,0,5.1875,5.1875,1.2969,700.0,1.2968712300500012,0.0,normal,66.6385
16,371,22275,2,0,2.3296,2.3296,1.1648,700.0,1.2968712300500012,0.0,normal,68.9681
16,371,22290,2,0,2.2175,2.2175,1.1087,700.0,1.2968712300500012,0.0,normal,71.1856
16,371,22305,4,0,3.8989,3.8989,0.9747,700.0,1.2968712300500012,0.0,normal,75.0845
16,372,22320,0,0,0.0,0.0,0.01,700.0,0.01,0.0,normal,75.0845
16,372,22335,0,0,0.0,0.0,0.01,700.0,0.01,0.0,normal,75.0845
16,372,22350,0,0,0.0,0.0,0.01,700.0,0.01,0.0,normal,75.0845
16,372,22365,0,0,0.0,0.0,0.01,700.0,0.01,0.0,normal,75.0845
16,373,22380,2,0,1.0,1.0,0.5,700.0,0.5,0.0,normal,76.0845
16,373,22395,1,0,0.5,0.5,0.5,700.0,0.5,0.0,normal,76.5845
16,373,22410,3,0,1.5,1.5,0.5,700.0,0.5,0.0,normal,78.0845
16,373,22425,0,0,0.0,0.0,0.5,700.0,0.5,0.0,normal,78.0845
16,374,22440,1,0,0.5,0.5,0.5,700.0,0.5,0.0,normal,78.5845
16,374,22455,1,0,0.5,0.5,0.5,700.0,0.5,0.0,normal,79.0845
16,374,22470,0,0,0.0,0.0,0.5,700.0,0.5,0.0,normal,79.0845
16,374,22485,2,0,1.0,1.0,0.5,700.0,0.5,0.0,normal,80.0845
16,375,22500,0,0,0.0,0.0,0.5,700.0,0.5,0.0,normal,80.0845
16,375,22515,1,0,0.5,0.5,0.5,700.0,0.5,0.0,normal,80.5845
16,375,22530,0,0,0.0,0.0,0.5,700.0,0.5,0.0,normal,80.5845
16,375,22545,2,0,1.0,1.0,0.5,700.0,0.5,0.0,normal,81.5845
16,376,22560,0,0,0.0,0.0,0.5,700.0,0.5,0.0,normal,81.5845
16,376,22575,1,0,0.5,0.5,0.5,700.0,0.5,0.0,normal,82.0845
16,376,22590,1,0,0.5,0.5,0.5,700.0,0.5,0.0,normal,82.5845
16,376,22605,1,0,0.5,0.5,0.5,700.0,0.5,0.0,normal,83.0845
16,377,22620,3,0,1.65,1.65,0.55,700.0,0.55,0.0,normal,84.7345
16,377,22635,0,0,0.0,0.0,0.2797,700.0,0.55,0.0,normal,84.7345
16,377,22650,2,0,1.1,1.1,0.55,700.0,0.55,0.0,normal,85.8345
16,377,22665,0,0,0.0,0.0,0.46,700.0,0.55,0.0,normal,85.8345
16,378,22680,3,0,1.815,1.815,0.605,700.0,0.6050000000000001,0.0,normal,87.6495
16,378,22695,0,0,0.0,0.0,0.605,700.0,0.6050000000000001,0.0,normal,87.6495
16,378,22710,3,0,1.815,1.815,0.605,700.0,0.6050000000000001,0.0,normal,89.4645
16,378,22725,1,0,0.605,0.605,0.605,700.0,0.6050000000000001,0.0,normal,90.0695
16,379,22740,1,0,0.6655,0.6655,0.6655,700.0,0.6655000000000002,0.0,normal,90.735
16,379,22755,2,0,1.331,1.331,0.6655,700.0,0.6655000000000002,0.0,normal,92.066
16,379,22770,3,0,0.7973,0.7973,0.2658,700.0,0.6655000000000002,0.0,normal,92.8633
16,379,22785,0,0,0.0,0.0,0.6655,700.0,0.6655000000000002,0.0,normal,92.8633
16,380,22800,1,0,0.1847,0.1847,0.1847,700.0,0.7320500000000003,0.0,normal,93.048
16,380,22815,1,0,0.7321,0.7321,0.7321,700.0,0.7320500000000003,0.0,normal,93.7801
16,380,22830,6,0,1.1281,1.1281,0.188,700.0,0.7320500000000003,0.0,normal,94.9082
16,380,22845,1,0,0.7321,0.7321,0.7321,700.0,0.7320500000000003,0.0,normal,95.6403
16,381,22860,4,0,3.221,3.221,0.8053,700.0,0.8052550000000004,0.0,normal,98.8613
16,381,22875,0,0,0.0,0.0,0.8053,700.0,0.8052550000000004,0.0,normal,98.8613
16,381,22890,3,0,2.281,2.281,0.7603,700.0,0.8052550000000004,0.0,normal,101.1423
16,381,22905,1,0,0.8053,0.8053,0.8053,700.0,0.8052550000000004,0.0,normal,101.9476
16,382,22920,0,0,0.0,0.0,0.8858,700.0,0.8857805000000005,0.0,normal,101.9476
16,382,22935,1,0,0.8858,0.8858,0.8858,700.0,0.8857805000000005,0.0,normal,102.8334
16,382,22950,2,0,1.7716,1.7716,0.8858,700.0,0.8857805000000005,0.0,normal,104.605
16,382,22965,2,0,1.7716,1.7716,0.8858,700.0,0.8857805000000005,0.0,normal,106.3766
16,383,22980,2,0,1.9487,1.9487,0.9744,700.0,0.9743585500000007,0.0,normal,108.3253
16,383,22995,2,0,0.716,0.716,0.358,700.0,0.9743585500000007,0.0,normal,109.0413
16,383,23010,1,0,0.9744,0.9744,0.9744,700.0,0.9743585500000007,0.0,normal,110.0157
16,383,23025,3,0,2.8046,2.8046,0.9349,700.0,0.9743585500000007,0.0,normal,112.8203
17,384,23040,0,0,0.0,0.0,0.01,700.0,0.01,0.0,normal,0.0
17,384,23055,0,0,0.0,0.0,0.01,700.0,0.01,0.0,normal,0.0
17,384,23070,0,0,0.0,0.0,0.01,700.0,0.01,0.0,normal,0.0
17,384,23085,1,0,0.01,0.01,0.01,700.0,0.01,0.0,normal,0.01
17,385,23100,1,0,0.3491,0.3491,0.3491,700.0,0.5,0.0,normal,0.3591
17,385,23115,0,0,0.0,0.0,0.5,700.0,0.5,0.0,normal,0.3591
17,385,23130,2,0,1.0,1.0,0.5,700.0,0.5,0.0,normal,1.3591
17,385,23145,0,0,0.0,0.0,0.5,700.0,0.5,0.0,normal,1.3591
17,386,23160,0,0,0.0,0.0,0.55,700.0,0.55,0.0,normal,1.3591
17,386,23175,0,0,0.0,0.0,0.2262,700.0,0.55,0.0,normal,1.3591
17,386,23190,2,0,1.1,1.1,0.55,700.0,0.55,0.0,normal,2.4591
17,386,23205,3,0,1.65,1.65,0.55,700.0,0.55,0.0,normal,4.1091
17,387,23220,1,0,0.605,0.605,0.605,700.0,0.6050000000000001,0.0,normal,4.7141
17,387,23235,0,0,0.0,0.0,0.605,700.0,0.6050000000000001,0.0,normal,4.7141
17,387,23250,2,0,1.21,1.21,0.605,700.0,0.6050000000000001,0.0,normal,5.9241
17,387,23265,4,0,2.42,2.42,0.605,700.0,0.6050000000000001,0.0,normal,8.3441
17,388,23280,3,0,1.8412,1.8412,0.6137,700.0,0.6655000000000002,0.0,normal,10.1853
17,388,23295,1,0,0.6655,0.6655,0.6655,700.0,0.6655000000000002,0.0,normal,10.8508
17,388,23310,1,0,0.6655,0.6655,0.6655,700.0,0.6655000000000002,0.0,normal,11.5163
17,388,23325,2,0,0.414,0.414,0.207,700.0,0.6655000000000002,0.0,normal,11.9303
17,389,23340,3,0,2.1962,2.1962,0.7321,700.0,0.7320500000000003,0.0,normal,14.1265
17,389,23355,2,0,1.4537,1.4537,0.7269,700.0,0.7320500000000003,0.0,normal,15.5802
17,389,23370,3,0,2.1962,2.1962,0.7321,700.0,0.7320500000000003,0.0,normal,17.7764
17,389,23385,2,0,0.8245,0.8245,0.4123,700.0,0.7320500000000003,0.0,normal,18.6009
17,390,23400,2,0,1.6105,1.6105,0.8053,700.0,0.8052550000000004,0.0,normal,20.2114
17,390,23415,5,0,4.0263,4.0263,0.8053,700.0,0.8052550000000004,0.0,normal,24.2377
17,390,23430,1,0,0.6195,0.6195,0.6195,700.0,0.8052550000000004,0.0,normal,24.8572
17,390,23445,0,0,0.0,0.0,0.3474,700.0,0.8052550000000004,0.0,normal,24.8572
17,391,23460,2,0,1.7716,1.7716,0.8858,700.0,0.8857805000000005,0.0,normal,26.6288
17,391,23475,4,0,3.5431,3.5431,0.8858,700.0,0.8857805000000005,0.0,normal,30.1719
17,391,23490,3,0,2.6573,2.6573,0.8858,700.0,0.8857805000000005,0.0,normal,32.8292
17,391,23505,2,0,1.7392,1.7392,0.8696,700.0,0.8857805000000005,0.0,normal,34.5684
17,392,23520,0,0,0.0,0.0,0.6821,700.0,0.6820509850000005,0.0,normal,34.5684
17,392,23535,0,0,0.0,0.0,0.6821,700.0,0.6820509850000005,0.0,normal,34.5684
17,392,23550,1,0,0.6821,0.6821,0.6821,700.0,0.6820509850000005,0.0,normal,35.2505
17,392,23565,1,0,0.6821,0.6821,0.6821,700.0,0.6820509850000005,0.0,normal,35.9326
17,393,23580,4,0,3.001,3.001,0.7503,700.0,0.7502560835000006,0.0,normal,38.9336
17,393,23595,1,0,0.7503,0.7503,0.7503,700.0,0.7502560835000006,0.0,normal,39.6839
17,393,23610,2,0,1.5005,1.5005,0.7503,700.0,0.7502560835000006,0.0,normal,41.1844
17,393,23625,1,0,0.0521,0.0521,0.0521,700.0,0.7502560835000006,0.0,normal,41.2365
17,394,23640,0,0,0.0,0.0,0.8253,700.0,0.8252816918500008,0.0,normal,41.2365
17,394,23655,1,0,0.8253,0.8253,0.8253,700.0,0.8252816918500008,0.0,normal,42.0618
17,394,23670,3,0,0.7039,0.7039,0.2346,700.0,0.8252816918500008,0.0,normal,42.7657
17,394,23685,2,0,1.6506,1.6506,0.8253,700.0,0.8252816918500008,0.0,normal,44.4163
17,395,23700,1,0,0.9078,0.9078,0.9078,700.0,0.9078098610350009,0.0,normal,45.3241
17,395,23715,3,0,2.7234,2.7234,0.9078,700.0,0.9078098610350009,0.0,normal,48.0475
17,395,23730,2,0,1.0576,1.0576,0.5288,700.0,0.9078098610350009,0.0,normal,49.1051
17,395,23745,3,0,2.7234,2.7234,0.9078,700.0,0.9078098610350009,0.0,normal,51.8285
17,396,23760,0,0,0.0,0.0,0.01,700.0,0.01,0.0,normal,51.8285
17,396,23775,0,0,0.0,0.0,0.01,700.0,0.01,0.0,normal,51.8285
17,396,23790,0,0,0.0,0.0,0.01,700.0,0.01,0.0,normal,51.8285
17,396,23805,0,0,0.0,0.0,0.01,700.0,0.01,0.0,normal,51.8285
17,397,23820,2,0,1.0,1.0,0.5,700.0,0.5,0.0,normal,52.8285
17,397,23835,2,0,0.0444,0.0444,0.0222,700.0,0.5,0.0,normal,52.8729
17,397,23850,0,0,0.0,0.0,0.5,700.0,0.5,0.0,normal,52.8729
17,397,23865,0,0,0.0,0.0,0.5,700.0,0.5,0.0,normal,52.8729
17,398,23880,2,0,1.1,1.1,0.55,700.0,0.55,0.0,normal,53.9729
17,398,23895,2,0,1.1,1.1,0.55,700.0,0.55,0.0,normal,55.0729
17,398,23910,3,0,1.65,1.65,0.55,700.0,0.55,0.0,normal,56.7229
17,398,23925,1,0,0.55,0.55,0.55,700.0,0.55,0.0,normal,57.2729
17,399,23940,1,0,0.605,0.605,0.605,700.0,0.6050000000000001,0.0,normal,57.8779
17,399,23955,3,0,1.815,1.815,0.605,700.0,0.6050000000000001,0.0,normal,59.6929
17,399,23970,2,0,1.21,1.21,0.605,700.0,0.6050000000000001,0.0,normal,60.9029
17,399,23985,0,0,0.0,0.0,0.5291,700.0,0.6050000000000001,0.0,normal,60.9029
17,400,24000,0,0,0.0,0.0,0.1401,700.0,0.6655000000000002,0.0,normal,60.9029
17,400,24015,2,0,1.331,1.331,0.6655,700.0,0.6655000000000002,0.0,normal,62.2339
17,400,24030,3,0,1.9965,1.9965,0.6655,700.0,0.6655000000000002,0.0,normal,64.2304
17,400,24045,1,0,0.6655,0.6655,0.6655,700.0,0.6655000000000002,0.0,normal,64.8959
17,401,24060,1,0,0.7321,0.7321,0.7321,700.0,0.7320500000000003,0.0,normal,65.628
17,401,24075,2,0,1.4641,1.4641,0.7321,700.0,0.7320500000000003,0.0,normal,67.0921
17,401,24090,0,0,0.0,0.0,0.7321,700.0,0.7320500000000003,0.0,normal,67.0921
17,401,24105,1,0,0.7321,0.7321,0.7321,700.0,0.7320500000000003,0.0,normal,67.8242
17,402,24120,0,0,0.0,0.0,0.8053,700.0,0.8052550000000004,0.0,normal,67.8242
17,402,24135,1,0,0.8053,0.8053,0.8053,700.0,0.8052550000000004,0.0,normal,68.6295
17,402,24150,4,0,3.221,3.221,0.8053,700.0,0.8052550000000004,0.0,normal,71.8505
17,402,24165,1,0,0.5392,0.5392,0.5392,700.0,0.8052550000000004,0.0,normal,72.3897
17,403,24180,3,0,2.6573,2.6573,0.8858,700.0,0.8857805000000005,0.0,normal,75.047
17,403,24195,4,0,1.1971,1.1971,0.2993,700.0,0.8857805000000005,0.0,normal,76.2441
17,403,24210,2,0,1.1746,1.1746,0.5873,700.0,0.8857805000000005,0.0,normal,77.4187
17,403,24225,2,0,1.7716,1.7716,0.8858,700.0,0.8857805000000005,0.0,normal,79.1903
17,404,24240,4,0,3.6284,3.6284,0.9071,700.0,0.9743585500000007,0.0,normal,82.8187
17,404,24255,2,0,1.9487,1.9487,0.9744,700.0,0.9743585500000007,0.0,normal,84.7674
17,404,24270,2,0,1.9487,1.9487,0.9744,700.0,0.9743585500000007,0.0,normal,86.7161
17,404,24285,1,0,0.9744,0.9744,0.9744,700.0,0.9743585500000007,0.0,normal,87.6905
17,405,24300,2,0,0.4954,0.4954,0.2477,700.0,1.0717944050000008,0.0,normal,88.1859
17,405,24315,4,0,4.2872,4.2872,1.0718,700.0,1.0717944050000008,0.0,normal,92.4731
17,405,24330,2,0,2.1436,2.1436,1.0718,700.0,1.0717944050000008,0.0,normal,94.6167
17,405,24345,6,0,2.7218,2.7218,0.4536,700.0,1.0717944050000008,0.0,normal,97.3385
17,406,24360,8,0,9.4318,9.4318,1.179,700.0,1.178973845500001,0.0,normal,106.7703
17,406,24375,2,0,2.3579,2.3579,1.179,700.0,1.178973845500001,0.0,normal,109.1282
17,406,24390,4,0,1.0157,1.0157,0.2539,700.0,1.178973845500001,0.0,normal,110.1439
17,406,24405,3,0,3.5369,3.5369,1.179,700.0,1.178973845500001,0.0,normal,113.6808
17,407,24420,3,0,2.7234,2.7234,0.9078,700.0,0.9078098610350007,0.0,normal,116.4042
17,407,24435,2,0,1.8156,1.8156,0.9078,700.0,0.9078098610350007,0.0,normal,118.2198
17,407,24450,2,0,1.8156,1.8156,0.9078,700.0,0.9078098610350007,0.0,normal,120.0354
17,407,24465,2,0,1.8156,1.8156,0.9078,700.0,0.9078098610350007,0.0,normal,121.851
18,408,24480,0,0,0.0,0.0,0.01,700.0,0.01,0.0,normal,0.0
18,408,24495,0,0,0.0,0.0,0.01,700.0,0.01,0.0,normal,0.0
18,408,24510,0,0,0.0,0.0,0.01,700.0,0.01,0.0,normal,0.0
18,408,24525,0,0,0.0,0.0,0.01,700.0,0.01,0.0,normal,0.0
18,409,24540,2,0,1.0,1.0,0.5,700.0,0.5,0.0,normal,1.0
18,409,24555,2,0,1.0,1.0,0.5,700.0,0.5,0.0,normal,2.0
18,409,24570,3,0,0.0783,0.0783,0.0261,700.0,0.5,0.0,normal,2.0783
18,409,24585,1,0,0.5,0.5,0.5,700.0,0.5,0.0,normal,2.5783
18,410,24600,3,0,1.5,1.5,0.5,700.0,0.5,0.0,normal,4.0783
18,410,24615,4,0,2.0,2.0,0.5,700.0,0.5,0.0,normal,6.0783
18,410,24630,2,0,1.0,1.0,0.5,700.0,0.5,0.0,normal,7.0783
18,410,24645,0,0,0.0,0.0,0.5,700.0,0.5,0.0,normal,7.0783
18,411,24660,0,0,0.0,0.0,0.5,700.0,0.5,0.0,normal,7.0783
18,411,24675,1,0,0.5,0.5,0.5,700.0,0.5,0.0,normal,7.5783
18,411,24690,1,0,0.5,0.5,0.5,700.0,0.5,0.0,normal,8.0783
18,411,24705,2,0,1.0,1.0,0.5,700.0,0.5,0.0,normal,9.0783
18,412,24720,1,0,0.5,0.5,0.5,700.0,0.5,0.0,normal,9.5783
18,412,24735,0,0,0.0,0.0,0.5,700.0,0.5,0.0,normal,9.5783
18,412,24750,0,0,0.0,0.0,0.5,700.0,0.5,0.0,normal,9.5783
18,412,24765,2,0,0.0471,0.0471,0.0235,700.0,0.5,0.0,normal,9.6254
18,413,24780,2,0,0.492,0.492,0.246,700.0,0.55,0.0,normal,10.1174
18,413,24795,0,0,0.0,0.0,0.55,700.0,0.55,0.0,normal,10.1174
18,413,24810,2,0,1.1,1.1,0.55,700.0,0.55,0.0,normal,11.2174
18,413,24825,0,0,0.0,0.0,0.55,700.0,0.55,0.0,normal,11.2174
18,414,24840,1,0,0.605,0.605,0.605,700.0,0.6050000000000001,0.0,normal,11.8224
18,414,24855,2,0,1.21,1.21,0.605,700.0,0.6050000000000001,0.0,normal,13.0324
18,414,24870,0,0,0.0,0.0,0.3853,700.0,0.6050000000000001,0.0,normal,13.0324
18,414,24885,1,0,0.0134,0.0134,0.0134,700.0,0.6050000000000001,0.0,normal,13.0458
18,415,24900,2,0,1.331,1.331,0.6655,700.0,0.6655000000000002,0.0,normal,14.3768
18,415,24915,4,0,0.1604,0.1604,0.0401,700.0,0.6655000000000002,0.0,normal,14.5372
18,415,24930,3,0,1.9965,1.9965,0.6655,700.0,0.6655000000000002,0.0,normal,16.5337
18,415,24945,2,0,1.331,1.331,0.6655,700.0,0.6655000000000002,0.0,normal,17.8647
18,416,24960,1,0,0.1536,0.1536,0.1536,700.0,0.7320500000000003,0.0,normal,18.0183
18,416,24975,1,0,0.7321,0.7321,0.7321,700.0,0.7320500000000003,0.0,normal,18.7504
18,416,24990,1,0,0.5758,0.5758,0.5758,700.0,0.7320500000000003,0.0,normal,19.3262
18,416,25005,4,0,2.9282,2.9282,0.7321,700.0,0.7320500000000003,0.0,normal,22.2544
18,417,25020,1,0,0.2693,0.2693,0.2693,700.0,0.8052550000000004,0.0,normal,22.5237
18,417,25035,2,0,1.6105,1.6105,0.8053,700.0,0.8052550000000004,0.0,normal,24.1342
18,417,25050,4,0,3.221,3.221,0.8053,700.0,0.8052550000000004,0.0,normal,27.3552
18,417,25065,2,0,1.6105,1.6105,0.8053,700.0,0.8052550000000004,0.0,normal,28.9657
18,418,25080,2,0,1.7716,1.7716,0.8858,700.0,0.8857805000000005,0.0,normal,30.7373
18,418,25095,1,0,0.1707,0.1707,0.1707,700.0,0.8857805000000005,0.0,normal,30.908
18,418,25110,4,0,3.5431,3.5431,0.8858,700.0,0.8857805000000005,0.0,normal,34.4511
18,418,25125,3,0,2.6573,2.6573,0.8858,700.0,0.8857805000000005,0.0,normal,37.1084
18,419,25140,3,0,2.9231,2.9231,0.9744,700.0,0.9743585500000007,0.0,normal,40.0315
18,419,25155,4,0,0.3903,0.3903,0.0976,700.0,0.9743585500000007,0.0,normal,40.4218
18,419,25170,2,0,1.9487,1.9487,0.9744,700.0,0.9743585500000007,0.0,normal,42.3705
18,419,25185,2,0,1.9487,1.9487,0.9744,700.0,0.9743585500000007,0.0,normal,44.3192
18,420,25200,0,0,0.0,0.0,0.01,700.0,0.01,0.0,normal,44.3192
18,420,25215,0,0,0.0,0.0,0.01,700.0,0.01,0.0,normal,44.3192
18,420,25230,0,0,0.0,0.0,0.01,700.0,0.01,0.0,normal,44.3192
18,420,25245,0,0,0.0,0.0,0.01,700.0,0.01,0.0,normal,44.3192
18,421,25260,2,0,1.0,1.0,0.5,700.0,0.5,0.0,normal,45.3192
18,421,25275,1,0,0.2434,0.2434,0.2434,700.0,0.5,0.0,normal,45.5626
18,421,25290,1,0,0.5,0.5,0.5,700.0,0.5,0.0,normal,46.0626
18,421,25305,0,0,0.0,0.0,0.5,700.0,0.5,0.0,normal,46.0626
18,422,25320,1,0,0.55,0.55,0.55,700.0,0.55,0.0,normal,46.6126
18,422,25335,2,0,1.1,1.1,0.55,700.0,0.55,0.0,normal,47.7126
18,422,25350,0,0,0.0,0.0,0.4937,700.0,0.55,0.0,normal,47.7126
18,422,25365,2,0,1.1,1.1,0.55,700.0,0.55,0.0,normal,48.8126
18,423,25380,2,0,1.21,1.21,0.605,700.0,0.6050000000000001,0.0,normal,50.0226
18,423,25395,2,0,1.21,1.21,0.605,700.0,0.6050000000000001,0.0,normal,51.2326
18,423,25410,0,0,0.0,0.0,0.2915,700.0,0.6050000000000001,0.0,normal,51.2326
18,423,25425,1,0,0.605,0.605,0.605,700.0,0.6050000000000001,0.0,normal,51.8376
18,424,25440,4,0,2.662,2.662,0.6655,700.0,0.6655000000000002,0.0,normal,54.4996
18,424,25455,2,0,0.1641,0.1641,0.082,700.0,0.6655000000000002,0.0,normal,54.6637
18,424,25470,1,0,0.0754,0.0754,0.0754,700.0,0.6655000000000002,0.0,normal,54.7391
18,424,25485,2,0,1.331,1.331,0.6655,700.0,0.6655000000000002,0.0,normal,56.0701
18,425,25500,0,0,0.0,0.0,0.7321,700.0,0.7320500000000003,0.0,normal,56.0701
18,425,25515,2,0,1.4641,1.4641,0.7321,700.0,0.7320500000000003,0.0,normal,57.5342
18,425,25530,1,0,0.4131,0.4131,0.4131,700.0,0.7320500000000003,0.0,normal,57.9473
18,425,25545,1,0,0.7321,0.7321,0.7321,700.0,0.7320500000000003,0.0,normal,58.6794
18,426,25560,1,0,0.8053,0.8053,0.8053,700.0,0.8052550000000004,0.0,normal,59.4847
18,426,25575,1,0,0.254,0.254,0.254,700.0,0.8052550000000004,0.0,normal,59.7387
18,426,25590,5,0,4.0263,4.0263,0.8053,700.0,0.8052550000000004,0.0,normal,63.765
18,426,25605,3,0,1.837,1.837,0.6123,700.0,0.8052550000000004,0.0,normal,65.602
18,427,25620,1,0,0.8858,0.8858,0.8858,700.0,0.8857805000000005,0.0,normal,66.4878
18,427,25635,0,0,0.0,0.0,0.8858,700.0,0.8857805000000005,0.0,normal,66.4878
18,427,25650,2,0,1.2299,1.2299,0.6149,700.0,0.8857805000000005,0.0,normal,67.7177
18,427,25665,1,0,0.8858,0.8858,0.8858,700.0,0.8857805000000005,0.0,normal,68.6035
18,428,25680,0,0,0.0,0.0,0.9744,700.0,0.9743585500000007,0.0,normal,68.6035
18,428,25695,2,0,1.9487,1.9487,0.9744,700.0,0.9743585500000007,0.0,normal,70.5522
18,428,25710,3,0,2.9231,2.9231,0.9744,700.0,0.9743585500000007,0.0,normal,73.4753
18,428,25725,0,0,0.0,0.0,0.5951,700.0,0.9743585500000007,0.0,normal,73.4753
18,429,25740,1,0,1.0718,1.0718,1.0718,700.0,1.0717944050000008,0.0,normal,74.5471
18,429,25755,3,0,0.6492,0.6492,0.2164,700.0,1.0717944050000008,0.0,normal,75.1963
18,429,25770,0,0,0.0,0.0,0.3493,700.0,1.0717944050000008,0.0,normal,75.1963
18,429,25785,1,0,1.0718,1.0718,1.0718,700.0,1.0717944050000008,0.0,normal,76.2681
18,430,25800,1,0,1.179,1.179,1.179,700.0,1.178973845500001,0.0,normal,77.4471
18,430,25815,6,0,7.0738,7.0738,1.179,700.0,1.178973845500001,0.0,normal,84.5209
18,430,25830,2,0,2.3579,2.3579,1.179,700.0,1.178973845500001,0.0,normal,86.8788
18,430,25845,1,0,1.179,1.179,1.179,700.0,1.178973845500001,0.0,normal,88.0578
18,431,25860,1,0,1.2969,1.2969,1.2969,700.0,1.2968712300500012,0.0,normal,89.3547
18,431,25875,2,0,1.2332,1.2332,0.6166,700.0,1.2968712300500012,0.0,normal,90.5879
18,431,25890,3,0,3.8906,3.8906,1.2969,700.0,1.2968712300500012,0.0,normal,94.4785
18,431,25905,7,0,9.0781,9.0781,1.2969,700.0,1.2968712300500012,0.0,normal,103.5566
19,432,25920,0,0,0.0,0.0,0.01,700.0,0.01,0.0,normal,0.0
19,432,25935,0,0,0.0,0.0,0.01,700.0,0.01,0.0,normal,0.0
19,432,25950,0,0,0.0,0.0,0.01,700.0,0.01,0.0,normal,0.0
19,432,25965,0,0,0.0,0.0,0.01,700.0,0.01,0.0,normal,0.0
19,433,25980,1,0,0.5,0.5,0.5,700.0,0.5,1.0,normal,0.5
19,433,25995,0,0,0.0,0.0,0.5,700.0,0.5,1.0,normal,0.5
19,433,26010,2,0,1.0,1.0,0.5,700.0,0.5,1.0,normal,1.5
19,433,26025,2,0,1.0,1.0,0.5,700.0,0.5,1.0,normal,2.5
19,434,26040,1,0,0.55,0.55,0.55,700.0,0.55,1.0,normal,3.05
19,434,26055,3,0,1.65,1.65,0.55,700.0,0.55,1.0,normal,4.7
19,434,26070,1,0,0.55,0.55,0.55,700.0,0.55,1.0,normal,5.25
19,434,26085,1,0,0.55,0.55,0.55,700.0,0.55,1.0,normal,5.8
19,435,26100,1,0,0.122,0.122,0.122,700.0,0.6050000000000001,1.0,normal,5.922
19,435,26115,3,0,1.2627,1.2627,0.4209,700.0,0.6050000000000001,1.0,normal,7.1847
19,435,26130,4,0,2.42,2.42,0.605,700.0,0.6050000000000001,1.0,normal,9.6047
19,435,26145,2,0,1.21,1.21,0.605,700.0,0.6050000000000001,1.0,normal,10.8147
19,436,26160,0,0,0.0,0.0,0.6655,700.0,0.6655000000000002,1.0,normal,10.8147
19,436,26175,2,0,1.331,1.331,0.6655,700.0,0.6655000000000002,1.0,normal,12.1457
19,436,26190,1,0,0.6655,0.6655,0.6655,700.0,0.6655000000000002,1.0,normal,12.8112
19,436,26205,0,0,0.0,0.0,0.6655,700.0,0.6655000000000002,1.0,normal,12.8112
19,437,26220,0,0,0.0,0.0,0.7321,700.0,0.7320500000000003,1.0,normal,12.8112
19,437,26235,0,0,0.0,0.0,0.7321,700.0,0.7320500000000003,1.0,normal,12.8112
19,437,26250,1,0,0.0031,0.0031,0.0031,700.0,0.7320500000000003,1.0,normal,12.8143
19,437,26265,2,0,0.4499,0.4499,0.2249,700.0,0.7320500000000003,1.0,normal,13.2642
19,438,26280,0,0,0.0,0.0,0.6835,700.0,0.8052550000000004,1.0,normal,13.2642
19,438,26295,0,0,0.0,0.0,0.1293,700.0,0.8052550000000004,1.0,normal,13.2642
19,438,26310,0,0,0.0,0.0,0.8053,700.0,0.8052550000000004,1.0,normal,13.2642
19,438,26325,1,0,0.8053,0.8053,0.8053,700.0,0.8052550000000004,1.0,normal,14.0695
19,439,26340,2,0,1.7716,1.7716,0.8858,700.0,0.8857805000000005,1.0,normal,15.8411
19,439,26355,3,0,2.6573,2.6573,0.8858,700.0,0.8857805000000005,1.0,normal,18.4984
19,439,26370,3,0,2.6573,2.6573,0.8858,700.0,0.8857805000000005,1.0,normal,21.1557
19,439,26385,3,0,2.3257,2.3257,0.7752,700.0,0.8857805000000005,1.0,normal,23.4814
19,440,26400,1,0,0.9744,0.9744,0.9744,700.0,0.9743585500000007,1.0,normal,24.4558
19,440,26415,3,0,2.9231,2.9231,0.9744,700.0,0.9743585500000007,1.0,normal,27.3789
19,440,26430,1,0,0.9744,0.9744,0.9744,700.0,0.9743585500000007,1.0,normal,28.3533
19,440,26445,2,1,0.2128,0.2128,0.1064,700.0,0.9743585500000007,1.0,normal,28.5661
19,441,26460,2,0,1.6077,1.6077,0.8038,700.0,0.8038458037500006,1.0,normal,30.1738
19,441,26475,3,0,2.4115,2.4115,0.8038,700.0,0.8038458037500006,1.0,normal,32.5853
19,441,26490,2,0,1.6077,1.6077,0.8038,700.0,0.8038458037500006,1.0,normal,34.193
19,441,26505,3,0,1.9761,1.9761,0.6587,700.0,0.8038458037500006,1.0,normal,36.1691
19,442,26520,2,0,1.3263,1.3263,0.6632,700.0,0.6631727880937506,1.0,normal,37.4954
19,442,26535,2,0,0.0516,0.0516,0.0258,700.0,0.6631727880937506,1.0,normal,37.547
19,442,26550,1,0,0.6632,0.6632,0.6632,700.0,0.6631727880937506,1.0,normal,38.2102
19,442,26565,1,0,0.6632,0.6632,0.6632,700.0,0.6631727880937506,1.0,normal,38.8734
19,443,26580,2,0,1.0942,1.0942,0.5471,700.0,0.5471175501773442,1.0,normal,39.9676
19,443,26595,0,0,0.0,0.0,0.5471,700.0,0.5471175501773442,1.0,normal,39.9676
19,443,26610,3,0,1.6414,1.6414,0.5471,700.0,0.5471175501773442,1.0,normal,41.609
19,443,26625,0,0,0.0,0.0,0.5471,700.0,0.5471175501773442,1.0,normal,41.609
19,444,26640,12,1,38.0918,38.0918,3.1743,1000.0,5.0,1.0,normal,79.7008
19,444,26655,7,0,19.1617,19.1617,2.7374,1000.0,5.0,1.0,normal,98.8625
19,444,26670,12,1,11.9451,11.9451,0.9954,1000.0,5.0,1.0,normal,110.8076
19,444,26685,11,0,44.5565,44.5565,4.0506,1000.0,5.0,1.0,normal,155.3641
19,445,26700,14,0,23.4284,23.4284,1.6735,1000.0,5.5,1.0,normal,178.7925
19,445,26715,10,0,44.3242,44.3242,4.4324,1000.0,5.5,1.0,normal,223.1167
19,445,26730,12,1,37.1845,37.1845,3.0987,1000.0,5.5,1.0,normal,260.3012
19,445,26745,11,0,60.5,60.5,5.5,1000.0,5.5,1.0,normal,320.8012
19,446,26760,20,0,71.3977,71.3977,3.5699,1000.0,5.1425,1.0,normal,392.1989
19,446,26775,16,0,73.2963,73.2963,4.581,1000.0,5.1425,1.0,normal,465.4952
19,446,26790,12,0,61.71,61.71,5.1425,1000.0,5.1425,1.0,normal,527.2052
19,446,26805,14,0,71.995,71.995,5.1425,1000.0,5.1425,1.0,normal,599.2002
19,447,26820,14,0,52.8831,52.8831,3.7774,1000.0,4.2425625,1.0,normal,652.0833
19,447,26835,14,0,59.3959,59.3959,4.2426,1000.0,4.2425625,1.0,normal,711.4792
19,447,26850,6,1,14.5827,14.5827,2.4305,1000.0,4.2425625,1.0,normal,726.0619
19,447,26865,13,1,55.1533,55.1533,4.2426,1000.0,4.2425625,1.0,normal,781.2152
19,448,26880,5,0,2.041,2.041,0.4082,1000.0,3.5001140625,1.0,normal,783.2562
19,448,26895,4,0,1.6342,1.6342,0.4086,1000.0,3.5001140625,1.0,normal,784.8904
19,448,26910,8,0,28.0009,28.0009,3.5001,1000.0,3.5001140625,1.0,normal,812.8913
19,448,26925,7,1,21.4017,21.4017,3.0574,1000.0,3.5001140625,1.0,normal,834.293
19,449,26940,5,0,9.6347,9.6347,1.9269,1000.0,2.625085546875,1.0,normal,843.9277
19,449,26955,10,1,26.2509,26.2509,2.6251,1000.0,2.625085546875,1.0,normal,870.1786
19,449,26970,3,0,7.8753,7.8753,2.6251,1000.0,2.625085546875,1.0,normal,878.0539
19,449,26985,8,1,3.1113,3.1113,0.3889,1000.0,2.625085546875,1.0,normal,881.1652
19,450,27000,6,0,13.3879,13.3879,2.2313,1000.0,2.23132271484375,1.0,normal,894.5531
19,450,27015,7,0,2.0401,2.0401,0.2914,1000.0,2.23132271484375,1.0,normal,896.5932
19,450,27030,6,0,5.8548,5.8548,0.9758,1000.0,2.23132271484375,1.0,budget_constrained,902.448
19,450,27045,5,0,8.6203,8.6203,1.7241,1000.0,2.23132271484375,1.0,budget_constrained,911.0683
19,451,27060,2,0,3.347,3.347,1.6735,1000.0,1.6734920361328125,1.0,budget_constrained,914.4153
19,451,27075,4,0,5.6355,5.6355,1.4089,1000.0,1.6734920361328125,1.0,budget_constrained,920.0508
19,451,27090,4,0,0.5924,0.5924,0.1481,1000.0,1.6734920361328125,1.0,budget_constrained,920.6432
19,451,27105,4,0,2.4985,2.4985,0.6246,1000.0,1.6734920361328125,1.0,budget_constrained,923.1417
19,452,27120,3,0,3.7654,3.7654,1.2551,1000.0,1.2551190270996093,1.0,budget_constrained,926.9071
19,452,27135,2,0,1.2942,1.2942,0.6471,1000.0,1.2551190270996093,1.0,budget_constrained,928.2013
19,452,27150,3,0,3.7654,3.7654,1.2551,1000.0,1.2551190270996093,1.0,budget_constrained,931.9667
19,452,27165,4,1,5.0205,5.0205,1.2551,1000.0,1.2551190270996093,1.0,budget_constrained,936.9872
19,453,27180,3,0,3.2006,3.2006,1.0669,1000.0,1.066851173034668,1.0,budget_constrained,940.1878
19,453,27195,2,0,0.7746,0.7746,0.3873,1000.0,1.066851173034668,1.0,budget_constrained,940.9624
19,453,27210,4,0,4.2674,4.2674,1.0669,1000.0,1.066851173034668,1.0,budget_constrained,945.2298
19,453,27225,4,0,4.2674,4.2674,1.0669,1000.0,1.066851173034668,1.0,budget_constrained,949.4972
19,454,27240,3,0,2.7205,2.7205,0.9068,1000.0,0.9068234970794677,1.0,budget_constrained,952.2177
19,454,27255,3,0,2.7205,2.7205,0.9068,1000.0,0.9068234970794677,1.0,budget_constrained,954.9382
19,454,27270,0,0,0.0,0.0,0.1575,1000.0,0.9068234970794677,1.0,budget_constrained,954.9382
19,454,27285,1,0,0.9068,0.9068,0.9068,1000.0,0.9068234970794677,1.0,budget_constrained,955.845
19,455,27300,1,0,0.5322,0.5322,0.5322,1000.0,0.7707999725175476,1.0,budget_constrained,956.3772
19,455,27315,1,0,0.154,0.154,0.154,1000.0,0.7707999725175476,1.0,budget_constrained,956.5312
19,455,27330,2,0,1.5416,1.5416,0.7708,1000.0,0.7707999725175476,1.0,budget_constrained,958.0728
19,455,27345,1,0,0.7708,0.7708,0.7708,1000.0,0.7707999725175476,1.0,budget_constrained,958.8436
20,456,27360,0,0,0.0,0.0,0.6552,1000.0,0.6551799766399155,1.0,normal,0.0
20,456,27375,0,0,0.0,0.0,0.6552,1000.0,0.6551799766399155,1.0,normal,0.0
20,456,27390,1,0,0.6552,0.6552,0.6552,1000.0,0.6551799766399155,1.0,normal,0.6552
20,456,27405,0,0,0.0,0.0,0.6552,1000.0,0.6551799766399155,1.0,normal,0.6552
20,457,27420,1,0,0.5569,0.5569,0.5569,1000.0,0.5569029801439281,1.0,normal,1.2121
20,457,27435,1,1,0.4099,0.4099,0.4099,1000.0,0.5569029801439281,1.0,normal,1.622
20,457,27450,1,0,0.5569,0.5569,0.5569,1000.0,0.5569029801439281,1.0,normal,2.1789
20,457,27465,1,0,0.1647,0.1647,0.1647,1000.0,0.5569029801439281,1.0,normal,2.3436
20,458,27480,2,0,1.0581,1.0581,0.5291,1000.0,0.5290578311367317,1.0,normal,3.4017
20,458,27495,1,0,0.5291,0.5291,0.5291,1000.0,0.5290578311367317,1.0,normal,3.9308
20,458,27510,0,0,0.0,0.0,0.5291,1000.0,0.5290578311367317,1.0,normal,3.9308
20,458,27525,3,0,1.5872,1.5872,0.5291,1000.0,0.5290578311367317,1.0,normal,5.518
20,459,27540,0,0,0.0,0.0,0.5026,1000.0,0.502604939579895,1.0,normal,5.518
20,459,27555,1,0,0.5026,0.5026,0.5026,1000.0,0.502604939579895,1.0,normal,6.0206
20,459,27570,0,0,0.0,0.0,0.5026,1000.0,0.502604939579895,1.0,normal,6.0206
20,459,27585,0,0,0.0,0.0,0.5026,1000.0,0.502604939579895,1.0,normal,6.0206
20,460,27600,2,0,1.0052,1.0052,0.5026,1000.0,0.502604939579895,1.0,normal,7.0258
20,460,27615,1,0,0.5026,0.5026,0.5026,1000.0,0.502604939579895,1.0,normal,7.5284
20,460,27630,0,0,0.0,0.0,0.5026,1000.0,0.502604939579895,1.0,normal,7.5284
20,460,27645,2,0,1.0052,1.0052,0.5026,1000.0,0.502604939579895,1.0,normal,8.5336
20,461,27660,1,0,0.5026,0.5026,0.5026,1000.0,0.502604939579895,1.0,normal,9.0362
20,461,27675,1,0,0.5026,0.5026,0.5026,1000.0,0.502604939579895,1.0,normal,9.5388
20,461,27690,2,0,1.0052,1.0052,0.5026,1000.0,0.502604939579895,1.0,normal,10.544
20,461,27705,2,0,1.0052,1.0052,0.5026,1000.0,0.502604939579895,1.0,normal,11.5492
20,462,27720,0,0,0.0,0.0,0.5026,1000.0,0.502604939579895,1.0,normal,11.5492
20,462,27735,0,0,0.0,0.0,0.4655,1000.0,0.502604939579895,1.0,normal,11.5492
20,462,27750,1,0,0.5026,0.5026,0.5026,1000.0,0.502604939579895,1.0,normal,12.0518
20,462,27765,0,0,0.0,0.0,0.5026,1000.0,0.502604939579895,1.0,normal,12.0518
20,463,27780,1,1,0.5026,0.5026,0.5026,1000.0,0.502604939579895,1.0,normal,12.5544
20,463,27795,4,0,2.0104,2.0104,0.5026,1000.0,0.502604939579895,1.0,normal,14.5648
20,463,27810,1,0,0.5026,0.5026,0.5026,1000.0,0.502604939579895,1.0,normal,15.0674
20,463,27825,0,0,0.0,0.0,0.5026,1000.0,0.502604939579895,1.0,normal,15.0674
20,464,27840,1,0,0.4742,0.4742,0.4742,1000.0,0.502604939579895,1.0,normal,15.5416
20,464,27855,3,0,1.5078,1.5078,0.5026,1000.0,0.502604939579895,1.0,normal,17.0494
20,464,27870,2,0,1.0052,1.0052,0.5026,1000.0,0.502604939579895,1.0,normal,18.0546
20,464,27885,1,0,0.5026,0.5026,0.5026,1000.0,0.502604939579895,1.0,normal,18.5572
20,465,27900,0,0,0.0,0.0,0.5026,1000.0,0.502604939579895,1.0,normal,18.5572
20,465,27915,1,0,0.5026,0.5026,0.5026,1000.0,0.502604939579895,1.0,normal,19.0598
20,465,27930,0,0,0.0,0.0,0.5026,1000.0,0.502604939579895,1.0,normal,19.0598
20,465,27945,2,0,1.0052,1.0052,0.5026,1000.0,0.502604939579895,1.0,normal,20.065
20,466,27960,1,0,0.5026,0.5026,0.5026,1000.0,0.502604939579895,1.0,normal,20.5676
20,466,27975,1,0,0.3217,0.3217,0.3217,1000.0,0.502604939579895,1.0,normal,20.8893
20,466,27990,2,0,1.0052,1.0052,0.5026,1000.0,0.502604939579895,1.0,normal,21.8945
20,466,28005,1,0,0.0501,0.0501,0.0501,1000.0,0.502604939579895,1.0,normal,21.9446
20,467,28020,1,0,0.4343,0.4343,0.4343,1000.0,0.502604939579895,1.0,normal,22.3789
20,467,28035,1,0,0.5026,0.5026,0.5026,1000.0,0.502604939579895,1.0,normal,22.8815
20,467,28050,0,0,0.0,0.0,0.1401,1000.0,0.502604939579895,1.0,normal,22.8815
20,467,28065,2,0,1.0052,1.0052,0.5026,1000.0,0.502604939579895,1.0,normal,23.8867
20,468,28080,0,0,0.0,0.0,0.5026,1000.0,0.502604939579895,1.3,normal,23.8867
20,468,28095,1,0,0.5026,0.5026,0.5026,1000.0,0.502604939579895,1.3,normal,24.3893
20,468,28110,1,0,0.5026,0.5026,0.5026,1000.0,0.502604939579895,1.3,normal,24.8919
20,468,28125,0,0,0.0,0.0,0.2703,1000.0,0.502604939579895,1.3,normal,24.8919
20,469,28140,1,0,0.5026,0.5026,0.5026,1000.0,0.502604939579895,1.3,normal,25.3945
20,469,28155,0,0,0.0,0.0,0.5026,1000.0,0.502604939579895,1.3,normal,25.3945
20,469,28170,4,0,2.0104,2.0104,0.5026,1000.0,0.502604939579895,1.3,normal,27.4049
20,469,28185,1,0,0.5026,0.5026,0.5026,1000.0,0.502604939579895,1.3,normal,27.9075
20,470,28200,1,0,0.5252,0.5252,0.5252,1000.0,0.5252221618609904,1.3,normal,28.4327
20,470,28215,1,0,0.5252,0.5252,0.5252,1000.0,0.5252221618609904,1.3,normal,28.9579
20,470,28230,0,0,0.0,0.0,0.5252,1000.0,0.5252221618609904,1.3,normal,28.9579
20,470,28245,4,0,2.1009,2.1009,0.5252,1000.0,0.5252221618609904,1.3,normal,31.0588
20,471,28260,2,0,1.271,1.271,0.6355,1000.0,0.6355188158517985,1.3,normal,32.3298
20,471,28275,0,0,0.0,0.0,0.6355,1000.0,0.6355188158517985,1.3,normal,32.3298
20,471,28290,3,0,1.9066,1.9066,0.6355,1000.0,0.6355188158517985,1.3,normal,34.2364
20,471,28305,0,0,0.0,0.0,0.6355,1000.0,0.6355188158517985,1.3,normal,34.2364
20,472,28320,1,0,0.769,0.769,0.769,1000.0,0.7689777671806762,1.3,normal,35.0054
20,472,28335,0,0,0.0,0.0,0.769,1000.0,0.7689777671806762,1.3,normal,35.0054
20,472,28350,4,0,1.8517,1.8517,0.4629,1000.0,0.7689777671806762,1.3,normal,36.8571
20,472,28365,4,0,3.0759,3.0759,0.769,1000.0,0.7689777671806762,1.3,normal,39.933
20,473,28380,3,0,1.5356,1.5356,0.5119,1000.0,0.9304630982886184,1.3,normal,41.4686
20,473,28395,4,0,2.5621,2.5621,0.6405,1000.0,0.9304630982886184,1.3,normal,44.0307
20,473,28410,1,0,0.9305,0.9305,0.9305,1000.0,0.9304630982886184,1.3,normal,44.9612
20,473,28425,2,0,0.8788,0.8788,0.4394,1000.0,0.9304630982886184,1.3,normal,45.84
20,474,28440,4,0,4.5034,4.5034,1.1259,1000.0,1.1258603489292285,1.3,normal,50.3434
20,474,28455,1,0,1.1259,1.1259,1.1259,1000.0,1.1258603489292285,1.3,normal,51.4693
20,474,28470,0,0,0.0,0.0,0.4945,1000.0,1.1258603489292285,1.3,normal,51.4693
20,474,28485,7,0,7.881,7.881,1.1259,1000.0,1.1258603489292285,1.3,normal,59.3503
20,475,28500,5,1,6.8115,6.8115,1.3623,1000.0,1.3622910222043665,1.3,normal,66.1618
20,475,28515,4,0,0.6146,0.6146,0.1537,1000.0,1.3622910222043665,1.3,normal,66.7764
20,475,28530,1,0,0.1445,0.1445,0.1445,1000.0,1.3622910222043665,1.3,normal,66.9209
20,475,28545,1,0,0.5939,0.5939,0.5939,1000.0,1.3622910222043665,1.3,normal,67.5148
20,476,28560,2,0,3.2967,3.2967,1.6484,1000.0,1.6483721368672837,1.3,normal,70.8115
20,476,28575,8,0,2.2006,2.2006,0.2751,1000.0,1.6483721368672837,1.3,normal,73.0121
20,476,28590,1,0,1.6484,1.6484,1.6484,1000.0,1.6483721368672837,1.3,normal,74.6605
20,476,28605,5,0,8.2419,8.2419,1.6484,1000.0,1.6483721368672837,1.3,normal,82.9024
20,477,28620,4,0,7.9781,7.9781,1.9945,1000.0,1.9945302856094136,1.3,normal,90.8805
20,477,28635,6,0,9.9049,9.9049,1.6508,1000.0,1.9945302856094136,1.3,normal,100.7854
20,477,28650,7,0,13.9617,13.9617,1.9945,1000.0,1.9945302856094136,1.3,normal,114.7471
20,477,28665,2,0,1.7575,1.7575,0.8788,1000.0,1.9945302856094136,1.3,normal,116.5046
20,478,28680,7,0,16.8937,16.8937,2.4134,1000.0,2.413381645587391,1.3,normal,133.3983
20,478,28695,6,0,7.0616,7.0616,1.1769,1000.0,2.413381645587391,1.3,normal,140.4599
20,478,28710,6,0,14.4803,14.4803,2.4134,1000.0,2.413381645587391,1.3,normal,154.9402
20,478,28725,9,1,0.1192,0.1192,0.0132,1000.0,2.413381645587391,1.3,normal,155.0594
20,479,28740,9,0,15.3267,15.3267,1.703,1000.0,2.9201917911607436,1.3,normal,170.3861
20,479,28755,2,0,5.8404,5.8404,2.9202,1000.0,2.9201917911607436,1.3,normal,176.2265
20,479,28770,10,0,26.0025,26.0025,2.6002,1000.0,2.9201917911607436,1.3,normal,202.229
20,479,28785,13,1,20.3729,20.3729,1.5671,1000.0,2.9201917911607436,1.3,normal,222.6019
21,480,28800,21,0,9.462,9.462,0.4506,1000.0,5.0,1.3,normal,9.462
21,480,28815,18,1,72.7097,72.7097,4.0394,1000.0,5.0,1.3,normal,82.1717
21,480,28830,7,0,35.0,35.0,5.0,1000.0,5.0,1.3,normal,117.1717
21,480,28845,13,2,30.0611,15.0306,2.3124,1000.0,5.0,1.3,normal,147.2328
21,481,28860,12,1,50.7306,50.7306,4.2275,1000.0,6.050000000000001,1.3,normal,197.9634
21,481,28875,15,0,58.7556,58.7556,3.917,1000.0,6.050000000000001,1.3,normal,256.719
21,481,28890,14,0,60.9587,60.9587,4.3542,1000.0,6.050000000000001,1.3,normal,317.6777
21,481,28905,17,0,50.3163,50.3163,2.9598,1000.0,6.050000000000001,1.3,normal,367.994
21,482,28920,19,0,13.4594,13.4594,0.7084,1000.0,6.655000000000001,1.3,normal,381.4534
21,482,28935,12,0,78.3468,78.3468,6.5289,1000.0,6.655000000000001,1.3,normal,459.8002
21,482,28950,21,3,20.7998,6.9333,0.9905,1000.0,6.655000000000001,1.3,normal,480.6
21,482,28965,23,1,132.6061,132.6061,5.7655,1000.0,6.655000000000001,1.3,normal,613.2061
21,483,28980,13,0,52.4695,52.4695,4.0361,1000.0,7.320500000000002,1.3,normal,665.6756
21,483,28995,15,1,58.9429,58.9429,3.9295,1000.0,7.320500000000002,1.3,normal,724.6185
21,483,29010,28,1,109.4823,109.4823,3.9101,1000.0,7.320500000000002,1.3,normal,834.1008
21,483,29025,20,1,32.0537,32.0537,1.6027,1000.0,7.320500000000002,1.3,normal,866.1545
21,484,29040,18,0,92.6768,92.6768,5.1487,1000.0,7.320500000000002,1.3,budget_constrained,958.8313
21,484,29055,12,0,41.1687,41.1687,3.2696,1000.0,7.320500000000002,1.3,budget_depleted,1000.0
21,484,29070,0,0,0.0,0.0,0.0,1000.0,7.320500000000002,1.3,budget_depleted,1000.0
21,484,29085,0,0,0.0,0.0,0.0,1000.0,7.320500000000002,1.3,budget_depleted,1000.0
21,485,29100,0,0,0.0,0.0,0.0,1000.0,6.259027500000001,1.3,budget_depleted,1000.0
21,485,29115,0,0,0.0,0.0,0.0,1000.0,6.259027500000001,1.3,budget_depleted,1000.0
21,485,29130,0,0,0.0,0.0,0.0,1000.0,6.259027500000001,1.3,budget_depleted,1000.0
21,485,29145,0,0,0.0,0.0,0.0,1000.0,6.259027500000001,1.3,budget_depleted,1000.0
21,486,29160,0,0,0.0,0.0,0.0,1000.0,5.351468512500001,1.3,budget_depleted,1000.0
21,486,29175,0,0,0.0,0.0,0.0,1000.0,5.351468512500001,1.3,budget_depleted,1000.0
21,486,29190,0,0,0.0,0.0,0.0,1000.0,5.351468512500001,1.3,budget_depleted,1000.0
21,486,29205,0,0,0.0,0.0,0.0,1000.0,5.351468512500001,1.3,budget_depleted,1000.0
21,487,29220,0,0,0.0,0.0,0.0,1000.0,4.5755055781875,1.3,budget_depleted,1000.0
21,487,29235,0,0,0.0,0.0,0.0,1000.0,4.5755055781875,1.3,budget_depleted,1000.0
21,487,29250,0,0,0.0,0.0,0.0,1000.0,4.5755055781875,1.3,budget_depleted,1000.0
21,487,29265,0,0,0.0,0.0,0.0,1000.0,4.5755055781875,1.3,budget_depleted,1000.0
21,488,29280,0,0,0.0,0.0,0.0,1000.0,3.9120572693503126,1.3,budget_depleted,1000.0
21,488,29295,0,0,0.0,0.0,0.0,1000.0,3.9120572693503126,1.3,budget_depleted,1000.0
21,488,29310,0,0,0.0,0.0,0.0,1000.0,3.9120572693503126,1.3,budget_depleted,1000.0
21,488,29325,0,0,0.0,0.0,0.0,1000.0,3.9120572693503126,1.3,budget_depleted,1000.0
21,489,29340,0,0,0.0,0.0,0.0,1000.0,3.344808965294517,1.3,budget_depleted,1000.0
21,489,29355,0,0,0.0,0.0,0.0,1000.0,3.344808965294517,1.3,budget_depleted,1000.0
21,489,29370,0,0,0.0,0.0,0.0,1000.0,3.344808965294517,1.3,budget_depleted,1000.0
21,489,29385,0,0,0.0,0.0,0.0,1000.0,3.344808965294517,1.3,budget_depleted,1000.0
21,490,29400,0,0,0.0,0.0,0.0,1000.0,2.859811665326812,1.3,budget_depleted,1000.0
21,490,29415,0,0,0.0,0.0,0.0,1000.0,2.859811665326812,1.3,budget_depleted,1000.0
21,490,29430,0,0,0.0,0.0,0.0,1000.0,2.859811665326812,1.3,budget_depleted,1000.0
21,490,29445,0,0,0.0,0.0,0.0,1000.0,2.859811665326812,1.3,budget_depleted,1000.0
21,491,29460,0,0,0.0,0.0,0.0,1000.0,2.4451389738544242,1.3,budget_depleted,1000.0
21,491,29475,0,0,0.0,0.0,0.0,1000.0,2.4451389738544242,1.3,budget_depleted,1000.0
21,491,29490,0,0,0.0,0.0,0.0,1000.0,2.4451389738544242,1.3,budget_depleted,1000.0
21,491,29505,0,0,0.0,0.0,0.0,1000.0,2.4451389738544242,1.3,budget_depleted,1000.0
21,492,29520,0,0,0.0,0.0,0.0,1000.0,2.0905938226455327,1.3,budget_depleted,1000.0
21,492,29535,0,0,0.0,0.0,0.0,1000.0,2.0905938226455327,1.3,budget_depleted,1000.0
21,492,29550,0,0,0.0,0.0,0.0,1000.0,2.0905938226455327,1.3,budget_depleted,1000.0
21,492,29565,0,0,0.0,0.0,0.0,1000.0,2.0905938226455327,1.3,budget_depleted,1000.0
21,493,29580,0,0,0.0,0.0,0.0,1000.0,1.7874577183619305,1.3,budget_depleted,1000.0
21,493,29595,0,0,0.0,0.0,0.0,1000.0,1.7874577183619305,1.3,budget_depleted,1000.0
21,493,29610,0,0,0.0,0.0,0.0,1000.0,1.7874577183619305,1.3,budget_depleted,1000.0
21,493,29625,0,0,0.0,0.0,0.0,1000.0,1.7874577183619305,1.3,budget_depleted,1000.0
21,494,29640,0,0,0.0,0.0,0.0,1000.0,1.5282763491994504,1.3,budget_depleted,1000.0
21,494,29655,0,0,0.0,0.0,0.0,1000.0,1.5282763491994504,1.3,budget_depleted,1000.0
21,494,29670,0,0,0.0,0.0,0.0,1000.0,1.5282763491994504,1.3,budget_depleted,1000.0
21,494,29685,0,0,0.0,0.0,0.0,1000.0,1.5282763491994504,1.3,budget_depleted,1000.0
21,495,29700,0,0,0.0,0.0,0.0,1000.0,1.30667627856553,1.3,budget_depleted,1000.0
21,495,29715,0,0,0.0,0.0,0.0,1000.0,1.30667627856553,1.3,budget_depleted,1000.0
21,495,29730,0,0,0.0,0.0,0.0,1000.0,1.30667627856553,1.3,budget_depleted,1000.0
21,495,29745,0,0,0.0,0.0,0.0,1000.0,1.30667627856553,1.3,budget_depleted,1000.0
21,496,29760,0,0,0.0,0.0,0.0,1000.0,1.117208218173528,1.3,budget_depleted,1000.0
21,496,29775,0,0,0.0,0.0,0.0,1000.0,1.117208218173528,1.3,budget_depleted,1000.0
21,496,29790,0,0,0.0,0.0,0.0,1000.0,1.117208218173528,1.3,budget_depleted,1000.0
21,496,29805,0,0,0.0,0.0,0.0,1000.0,1.117208218173528,1.3,budget_depleted,1000.0
21,497,29820,0,0,0.0,0.0,0.0,1000.0,0.9552130265383664,1.3,budget_depleted,1000.0
21,497,29835,0,0,0.0,0.0,0.0,1000.0,0.9552130265383664,1.3,budget_depleted,1000.0
21,497,29850,0,0,0.0,0.0,0.0,1000.0,0.9552130265383664,1.3,budget_depleted,1000.0
21,497,29865,0,0,0.0,0.0,0.0,1000.0,0.9552130265383664,1.3,budget_depleted,1000.0
21,498,29880,0,0,0.0,0.0,0.0,1000.0,0.8167071376903032,1.3,budget_depleted,1000.0
21,498,29895,0,0,0.0,0.0,0.0,1000.0,0.8167071376903032,1.3,budget_depleted,1000.0
21,498,29910,0,0,0.0,0.0,0.0,1000.0,0.8167071376903032,1.3,budget_depleted,1000.0
21,498,29925,0,0,0.0,0.0,0.0,1000.0,0.8167071376903032,1.3,budget_depleted,1000.0
21,499,29940,0,0,0.0,0.0,0.0,1000.0,0.6982846027252092,1.3,budget_depleted,1000.0
21,499,29955,0,0,0.0,0.0,0.0,1000.0,0.6982846027252092,1.3,budget_depleted,1000.0
21,499,29970,0,0,0.0,0.0,0.0,1000.0,0.6982846027252092,1.3,budget_depleted,1000.0
21,499,29985,0,0,0.0,0.0,0.0,1000.0,0.6982846027252092,1.3,budget_depleted,1000.0
21,500,30000,0,0,0.0,0.0,0.0,1000.0,0.5341877210847851,1.3,budget_depleted,1000.0
21,500,30015,0,0,0.0,0.0,0.0,1000.0,0.5341877210847851,1.3,budget_depleted,1000.0
21,500,30030,0,0,0.0,0.0,0.0,1000.0,0.5341877210847851,1.3,budget_depleted,1000.0
21,500,30045,0,0,0.0,0.0,0.0,1000.0,0.5341877210847851,1.3,budget_depleted,1000.0
21,501,30060,0,0,0.0,0.0,0.0,1000.0,0.5,1.3,budget_depleted,1000.0
21,501,30075,0,0,0.0,0.0,0.0,1000.0,0.5,1.3,budget_depleted,1000.0
21,501,30090,0,0,0.0,0.0,0.0,1000.0,0.5,1.3,budget_depleted,1000.0
21,501,30105,0,0,0.0,0.0,0.0,1000.0,0.5,1.3,budget_depleted,1000.0
21,502,30120,0,0,0.0,0.0,0.0,1000.0,0.5,1.3,budget_depleted,1000.0
21,502,30135,0,0,0.0,0.0,0.0,1000.0,0.5,1.3,budget_depleted,1000.0
21,502,30150,0,0,0.0,0.0,0.0,1000.0,0.5,1.3,budget_depleted,1000.0
21,502,30165,0,0,0.0,0.0,0.0,1000.0,0.5,1.3,budget_depleted,1000.0
21,503,30180,0,0,0.0,0.0,0.0,1000.0,0.5,1.3,budget_depleted,1000.0
21,503,30195,0,0,0.0,0.0,0.0,1000.0,0.5,1.3,budget_depleted,1000.0
21,503,30210,0,0,0.0,0.0,0.0,1000.0,0.5,1.3,budget_depleted,1000.0
21,503,30225,0,0,0.0,0.0,0.0,1000.0,0.5,1.3,budget_depleted,1000.0
22,504,30240,0,0,0.0,0.0,0.0,700.0,0.5,1.3,normal,0.0
22,504,30255,1,0,0.5,0.5,0.5,700.0,0.5,1.3,normal,0.5
22,504,30270,0,0,0.0,0.0,0.5,700.0,0.5,1.3,normal,0.5
22,504,30285,3,0,1.5,1.5,0.5,700.0,0.5,1.3,normal,2.0
22,505,30300,2,0,1.0,1.0,0.5,700.0,0.5,1.3,normal,3.0
22,505,30315,0,0,0.0,0.0,0.5,700.0,0.5,1.3,normal,3.0
22,505,30330,1,0,0.5,0.5,0.5,700.0,0.5,1.3,normal,3.5
22,505,30345,1,0,0.5,0.5,0.5,700.0,0.5,1.3,normal,4.0
22,506,30360,0,0,0.0,0.0,0.5,700.0,0.5,1.3,normal,4.0
22,506,30375,1,0,0.5,0.5,0.5,700.0,0.5,1.3,normal,4.5
22,506,30390,1,0,0.1923,0.1923,0.1923,700.0,0.5,1.3,normal,4.6923
22,506,30405,1,0,0.5,0.5,0.5,700.0,0.5,1.3,normal,5.1923
22,507,30420,3,0,1.5,1.5,0.5,700.0,0.5,1.3,normal,6.6923
22,507,30435,0,0,0.0,0.0,0.5,700.0,0.5,1.3,normal,6.6923
22,507,30450,0,0,0.0,0.0,0.5,700.0,0.5,1.3,normal,6.6923
22,507,30465,0,0,0.0,0.0,0.5,700.0,0.5,1.3,normal,6.6923
22,508,30480,0,0,0.0,0.0,0.5,700.0,0.5,1.3,normal,6.6923
22,508,30495,2,0,1.0,1.0,0.5,700.0,0.5,1.3,normal,7.6923
22,508,30510,2,0,0.9057,0.9057,0.4528,700.0,0.5,1.3,normal,8.598
22,508,30525,3,0,1.5,1.5,0.5,700.0,0.5,1.3,normal,10.098
22,509,30540,2,1,0.9441,0.9441,0.4721,700.0,0.55,1.3,normal,11.0421
22,509,30555,2,0,1.1,1.1,0.55,700.0,0.55,1.3,normal,12.1421
22,509,30570,1,0,0.5044,0.5044,0.5044,700.0,0.55,1.3,normal,12.6465
22,509,30585,5,0,2.75,2.75,0.55,700.0,0.55,1.3,normal,15.3965
22,510,30600,1,0,0.6651,0.6651,0.6651,700.0,0.6655000000000002,1.3,normal,16.0616
22,510,30615,3,0,1.9965,1.9965,0.6655,700.0,0.6655000000000002,1.3,normal,18.0581
22,510,30630,0,0,0.0,0.0,0.6655,700.0,0.6655000000000002,1.3,normal,18.0581
22,510,30645,0,0,0.0,0.0,0.6655,700.0,0.6655000000000002,1.3,normal,18.0581
22,511,30660,2,0,1.6105,1.6105,0.8053,700.0,0.8052550000000004,1.3,normal,19.6686
22,511,30675,1,0,0.8053,0.8053,0.8053,700.0,0.8052550000000004,1.3,normal,20.4739
22,511,30690,1,0,0.8053,0.8053,0.8053,700.0,0.8052550000000004,1.3,normal,21.2792
22,511,30705,3,0,2.4158,2.4158,0.8053,700.0,0.8052550000000004,1.3,normal,23.695
22,512,30720,6,0,0.6899,0.6899,0.115,700.0,0.9743585500000007,1.3,normal,24.3849
22,512,30735,1,0,0.6582,0.6582,0.6582,700.0,0.9743585500000007,1.3,normal,25.0431
22,512,30750,4,0,0.6504,0.6504,0.1626,700.0,0.9743585500000007,1.3,normal,25.6935
22,512,30765,5,0,3.1807,3.1807,0.6361,700.0,0.9743585500000007,1.3,normal,28.8742
22,513,30780,3,0,3.4795,3.4795,1.1598,700.0,1.178973845500001,1.3,normal,32.3537
22,513,30795,3,0,3.5369,3.5369,1.179,700.0,1.178973845500001,1.3,normal,35.8906
22,513,30810,1,0,0.738,0.738,0.738,700.0,1.178973845500001,1.3,normal,36.6286
22,513,30825,6,0,2.4639,2.4639,0.4107,700.0,1.178973845500001,1.3,normal,39.0925
22,514,30840,6,0,8.5594,8.5594,1.4266,700.0,1.4265583530550014,1.3,normal,47.6519
22,514,30855,3,0,4.2797,4.2797,1.4266,700.0,1.4265583530550014,1.3,normal,51.9316
22,514,30870,5,0,6.453,6.453,1.2906,700.0,1.4265583530550014,1.3,normal,58.3846
22,514,30885,3,1,4.2797,4.2797,1.4266,700.0,1.4265583530550014,1.3,normal,62.6643
22,515,30900,3,0,3.3007,3.3007,1.1002,700.0,1.7261356071965521,1.3,normal,65.965
22,515,30915,6,0,8.8548,8.8548,1.4758,700.0,1.7261356071965521,1.3,normal,74.8198
22,515,30930,2,0,0.0791,0.0791,0.0396,700.0,1.7261356071965521,1.3,normal,74.8989
22,515,30945,7,1,12.0829,12.0829,1.7261,700.0,1.7261356071965521,1.3,normal,86.9818
22,516,30960,11,0,28.4421,28.4421,2.5856,700.0,5.0,1.3,normal,115.4239
22,516,30975,14,0,17.0902,17.0902,1.2207,700.0,5.0,1.3,normal,132.5141
22,516,30990,8,0,30.1504,30.1504,3.7688,700.0,5.0,1.3,normal,162.6645
22,516,31005,10,0,23.3427,23.3427,2.3343,700.0,5.0,1.3,normal,186.0072
22,517,31020,13,0,77.8861,77.8861,5.9912,700.0,6.050000000000001,1.3,normal,263.8933
22,517,31035,24,0,80.9349,80.9349,3.3723,700.0,6.050000000000001,1.3,normal,344.8282
22,517,31050,12,0,36.8821,36.8821,3.0735,700.0,6.050000000000001,1.3,normal,381.7103
22,517,31065,20,0,97.7126,97.7126,4.8856,700.0,6.050000000000001,1.3,normal,479.4229
22,518,31080,15,0,70.9404,70.9404,4.7294,700.0,4.991250000000001,1.3,normal,550.3633
22,518,31095,5,0,24.9563,24.9563,4.9913,700.0,4.991250000000001,1.3,normal,575.3196
22,518,31110,6,0,29.9475,29.9475,4.9913,700.0,4.991250000000001,1.3,normal,605.2671
22,518,31125,18,2,19.2331,9.6166,1.0685,700.0,4.991250000000001,1.3,normal,624.5002
22,519,31140,5,0,18.7172,18.7172,3.7434,700.0,3.7434375000000006,1.3,budget_constrained,643.2174
22,519,31155,9,0,5.9864,5.9864,0.6652,700.0,3.7434375000000006,1.3,budget_constrained,649.2038
22,519,31170,7,0,10.0475,10.0475,1.4354,700.0,3.7434375000000006,1.3,budget_constrained,659.2513
22,519,31185,10,0,40.7487,40.7487,3.7434,700.0,3.7434375000000006,1.3,budget_depleted,700.0
22,520,31200,0,0,0.0,0.0,0.0,700.0,2.8075781250000005,1.3,budget_depleted,700.0
22,520,31215,0,0,0.0,0.0,0.0,700.0,2.8075781250000005,1.3,budget_depleted,700.0
22,520,31230,0,0,0.0,0.0,0.0,700.0,2.8075781250000005,1.3,budget_depleted,700.0
22,520,31245,0,0,0.0,0.0,0.0,700.0,2.8075781250000005,1.3,budget_depleted,700.0
22,521,31260,0,0,0.0,0.0,0.0,700.0,2.1056835937500002,1.3,budget_depleted,700.0
22,521,31275,0,0,0.0,0.0,0.0,700.0,2.1056835937500002,1.3,budget_depleted,700.0
22,521,31290,0,0,0.0,0.0,0.0,700.0,2.1056835937500002,1.3,budget_depleted,700.0
22,521,31305,0,0,0.0,0.0,0.0,700.0,2.1056835937500002,1.3,budget_depleted,700.0
22,522,31320,0,0,0.0,0.0,0.0,700.0,1.5792626953125002,1.3,budget_depleted,700.0
22,522,31335,0,0,0.0,0.0,0.0,700.0,1.5792626953125002,1.3,budget_depleted,700.0
22,522,31350,0,0,0.0,0.0,0.0,700.0,1.5792626953125002,1.3,budget_depleted,700.0
22,522,31365,0,0,0.0,0.0,0.0,700.0,1.5792626953125002,1.3,budget_depleted,700.0
22,523,31380,0,0,0.0,0.0,0.0,700.0,1.1844470214843752,1.3,budget_depleted,700.0
22,523,31395,0,0,0.0,0.0,0.0,700.0,1.1844470214843752,1.3,budget_depleted,700.0
22,523,31410,0,0,0.0,0.0,0.0,700.0,1.1844470214843752,1.3,budget_depleted,700.0
22,523,31425,0,0,0.0,0.0,0.0,700.0,1.1844470214843752,1.3,budget_depleted,700.0
22,524,31440,0,0,0.0,0.0,0.0,700.0,0.8883352661132814,1.3,budget_depleted,700.0
22,524,31455,0,0,0.0,0.0,0.0,700.0,0.8883352661132814,1.3,budget_depleted,700.0
22,524,31470,0,0,0.0,0.0,0.0,700.0,0.8883352661132814,1.3,budget_depleted,700.0
22,524,31485,0,0,0.0,0.0,0.0,700.0,0.8883352661132814,1.3,budget_depleted,700.0
22,525,31500,0,0,0.0,0.0,0.0,700.0,0.6662514495849611,1.3,budget_depleted,700.0
22,525,31515,0,0,0.0,0.0,0.0,700.0,0.6662514495849611,1.3,budget_depleted,700.0
22,525,31530,0,0,0.0,0.0,0.0,700.0,0.6662514495849611,1.3,budget_depleted,700.0
22,525,31545,0,0,0.0,0.0,0.0,700.0,0.6662514495849611,1.3,budget_depleted,700.0
22,526,31560,0,0,0.0,0.0,0.0,700.0,0.5,1.3,budget_depleted,700.0
22,526,31575,0,0,0.0,0.0,0.0,700.0,0.5,1.3,budget_depleted,700.0
22,526,31590,0,0,0.0,0.0,0.0,700.0,0.5,1.3,budget_depleted,700.0
22,526,31605,0,0,0.0,0.0,0.0,700.0,0.5,1.3,budget_depleted,700.0
22,527,31620,0,0,0.0,0.0,0.0,700.0,0.5,1.3,budget_depleted,700.0
22,527,31635,0,0,0.0,0.0,0.0,700.0,0.5,1.3,budget_depleted,700.0
22,527,31650,0,0,0.0,0.0,0.0,700.0,0.5,1.3,budget_depleted,700.0
22,527,31665,0,0,0.0,0.0,0.0,700.0,0.5,1.3,budget_depleted,700.0
23,528,31680,0,0,0.0,0.0,0.0,700.0,0.5,1.3,normal,0.0
23,528,31695,0,0,0.0,0.0,0.5,700.0,0.5,1.3,normal,0.0
23,528,31710,2,0,1.0,1.0,0.5,700.0,0.5,1.3,normal,1.0
23,528,31725,2,0,1.0,1.0,0.5,700.0,0.5,1.3,normal,2.0
23,529,31740,1,0,0.5,0.5,0.5,700.0,0.5,1.3,normal,2.5
23,529,31755,4,0,2.0,2.0,0.5,700.0,0.5,1.3,normal,4.5
23,529,31770,0,0,0.0,0.0,0.5,700.0,0.5,1.3,normal,4.5
23,529,31785,0,0,0.0,0.0,0.5,700.0,0.5,1.3,normal,4.5
23,530,31800,2,0,1.0,1.0,0.5,700.0,0.5,1.3,normal,5.5
23,530,31815,2,0,1.0,1.0,0.5,700.0,0.5,1.3,normal,6.5
23,530,31830,0,0,0.0,0.0,0.2011,700.0,0.5,1.3,normal,6.5
23,530,31845,0,0,0.0,0.0,0.5,700.0,0.5,1.3,normal,6.5
23,531,31860,1,0,0.5,0.5,0.5,700.0,0.5,1.3,normal,7.0
23,531,31875,0,0,0.0,0.0,0.5,700.0,0.5,1.3,normal,7.0
23,531,31890,1,0,0.5,0.5,0.5,700.0,0.5,1.3,normal,7.5
23,531,31905,0,0,0.0,0.0,0.5,700.0,0.5,1.3,normal,7.5
23,532,31920,1,1,0.5,0.5,0.5,700.0,0.5,1.3,normal,8.0
23,532,31935,0,0,0.0,0.0,0.5,700.0,0.5,1.3,normal,8.0
23,532,31950,0,0,0.0,0.0,0.5,700.0,0.5,1.3,normal,8.0
23,532,31965,2,0,0.1278,0.1278,0.0639,700.0,0.5,1.3,normal,8.1278
23,533,31980,2,0,1.0,1.0,0.5,700.0,0.5,1.3,normal,9.1278
23,533,31995,1,0,0.1922,0.1922,0.1922,700.0,0.5,1.3,normal,9.32
23,533,32010,2,0,1.0,1.0,0.5,700.0,0.5,1.3,normal,10.32
23,533,32025,2,0,1.0,1.0,0.5,700.0,0.5,1.3,normal,11.32
23,534,32040,0,0,0.0,0.0,0.5,700.0,0.5,1.3,normal,11.32
23,534,32055,1,0,0.5,0.5,0.5,700.0,0.5,1.3,normal,11.82
23,534,32070,1,0,0.5,0.5,0.5,700.0,0.5,1.3,normal,12.32
23,534,32085,1,0,0.5,0.5,0.5,700.0,0.5,1.3,normal,12.82
23,535,32100,1,0,0.5,0.5,0.5,700.0,0.5,1.3,normal,13.32
23,535,32115,2,0,0.9746,0.9746,0.4873,700.0,0.5,1.3,normal,14.2946
23,535,32130,3,0,1.5,1.5,0.5,700.0,0.5,1.3,normal,15.7946
23,535,32145,3,0,1.5,1.5,0.5,700.0,0.5,1.3,normal,17.2946
23,536,32160,1,0,0.5,0.5,0.5,700.0,0.5,1.3,normal,17.7946
23,536,32175,2,0,1.0,1.0,0.5,700.0,0.5,1.3,normal,18.7946
23,536,32190,2,0,1.0,1.0,0.5,700.0,0.5,1.3,normal,19.7946
23,536,32205,0,0,0.0,0.0,0.5,700.0,0.5,1.3,normal,19.7946
23,537,32220,2,0,0.7289,0.7289,0.3644,700.0,0.5,1.3,normal,20.5235
23,537,32235,2,0,0.6232,0.6232,0.3116,700.0,0.5,1.3,normal,21.1467
23,537,32250,1,0,0.0215,0.0215,0.0215,700.0,0.5,1.3,normal,21.1682
23,537,32265,2,1,1.0,1.0,0.5,700.0,0.5,1.3,normal,22.1682
23,538,32280,1,0,0.5,0.5,0.5,700.0,0.5,1.3,normal,22.6682
23,538,32295,1,0,0.5,0.5,0.5,700.0,0.5,1.3,normal,23.1682
23,538,32310,4,0,2.0,2.0,0.5,700.0,0.5,1.3,normal,25.1682
23,538,32325,0,0,0.0,0.0,0.5,700.0,0.5,1.3,normal,25.1682
23,539,32340,0,0,0.0,0.0,0.5,700.0,0.5,1.3,normal,25.1682
23,539,32355,2,0,1.0,1.0,0.5,700.0,0.5,1.3,normal,26.1682
23,539,32370,1,0,0.5,0.5,0.5,700.0,0.5,1.3,normal,26.6682
23,539,32385,1,0,0.5,0.5,0.5,700.0,0.5,1.3,normal,27.1682
23,540,32400,3,0,0.4049,0.4049,0.135,700.0,0.5,1.3,normal,27.5731
23,540,32415,1,0,0.5,0.5,0.5,700.0,0.5,1.3,normal,28.0731
23,540,32430,2,0,1.0,1.0,0.5,700.0,0.5,1.3,normal,29.0731
23,540,32445,3,0,1.5,1.5,0.5,700.0,0.5,1.3,normal,30.5731
23,541,32460,2,0,0.8969,0.8969,0.4484,700.0,0.5,1.3,normal,31.47
23,541,32475,1,0,0.5,0.5,0.5,700.0,0.5,1.3,normal,31.97
23,541,32490,1,0,0.5,0.5,0.5,700.0,0.5,1.3,normal,32.47
23,541,32505,2,0,1.0,1.0,0.5,700.0,0.5,1.3,normal,33.47
23,542,32520,3,0,1.815,1.815,0.605,700.0,0.6050000000000001,1.3,normal,35.285
23,542,32535,3,0,1.815,1.815,0.605,700.0,0.6050000000000001,1.3,normal,37.1
23,542,32550,3,0,1.5818,1.5818,0.5273,700.0,0.6050000000000001,1.3,normal,38.6818
23,542,32565,1,0,0.605,0.605,0.605,700.0,0.6050000000000001,1.3,normal,39.2868
23,543,32580,3,0,1.785,1.785,0.595,700.0,0.7320500000000003,1.3,normal,41.0718
23,543,32595,0,0,0.0,0.0,0.7321,700.0,0.7320500000000003,1.3,normal,41.0718
23,543,32610,0,0,0.0,0.0,0.0922,700.0,0.7320500000000003,1.3,normal,41.0718
23,543,32625,2,0,1.4641,1.4641,0.7321,700.0,0.7320500000000003,1.3,normal,42.5359
23,544,32640,2,0,1.7716,1.7716,0.8858,700.0,0.8857805000000005,1.3,normal,44.3075
23,544,32655,3,0,2.6573,2.6573,0.8858,700.0,0.8857805000000005,1.3,normal,46.9648
23,544,32670,4,0,3.5431,3.5431,0.8858,700.0,0.8857805000000005,1.3,normal,50.5079
23,544,32685,1,0,0.8858,0.8858,0.8858,700.0,0.8857805000000005,1.3,normal,51.3937
23,545,32700,2,0,0.0299,0.0299,0.015,700.0,1.0717944050000008,1.3,normal,51.4236
23,545,32715,3,0,0.0453,0.0453,0.0151,700.0,1.0717944050000008,1.3,normal,51.4689
23,545,32730,4,0,0.895,0.895,0.2237,700.0,1.0717944050000008,1.3,normal,52.3639
23,545,32745,2,1,2.1436,2.1436,1.0718,700.0,1.0717944050000008,1.3,normal,54.5075
23,546,32760,3,0,3.4966,3.4966,1.1655,700.0,1.2968712300500012,1.3,normal,58.0041
23,546,32775,3,0,3.8906,3.8906,1.2969,700.0,1.2968712300500012,1.3,normal,61.8947
23,546,32790,3,0,2.3543,2.3543,0.7848,700.0,1.2968712300500012,1.3,normal,64.249
23,546,32805,0,0,0.0,0.0,0.0213,700.0,1.2968712300500012,1.3,normal,64.249
23,547,32820,1,0,1.5597,1.5597,1.5597,700.0,1.5692141883605017,1.3,normal,65.8087
23,547,32835,2,0,3.1384,3.1384,1.5692,700.0,1.5692141883605017,1.3,normal,68.9471
23,547,32850,4,0,0.159,0.159,0.0397,700.0,1.5692141883605017,1.3,normal,69.1061
23,547,32865,1,0,1.5692,1.5692,1.5692,700.0,1.5692141883605017,1.3,normal,70.6753
23,548,32880,0,0,0.0,0.0,1.2548,700.0,1.8987491679162074,1.3,normal,70.6753
23,548,32895,3,0,5.6962,5.6962,1.8987,700.0,1.8987491679162074,1.3,normal,76.3715
23,548,32910,5,0,9.4937,9.4937,1.8987,700.0,1.8987491679162074,1.3,normal,85.8652
23,548,32925,3,0,5.6962,5.6962,1.8987,700.0,1.8987491679162074,1.3,normal,91.5614
23,549,32940,6,0,13.7849,13.7849,2.2975,700.0,2.297486493178611,1.3,normal,105.3463
23,549,32955,8,0,18.3799,18.3799,2.2975,700.0,2.297486493178611,1.3,normal,123.7262
23,549,32970,4,0,6.156,6.156,1.539,700.0,2.297486493178611,1.3,normal,129.8822
23,549,32985,3,0,0.2468,0.2468,0.0823,700.0,2.297486493178611,1.3,normal,130.129
23,550,33000,8,0,11.1952,11.1952,1.3994,700.0,2.7799586567461194,1.3,normal,141.3242
23,550,33015,8,1,22.2397,22.2397,2.78,700.0,2.7799586567461194,1.3,normal,163.5639
23,550,33030,7,0,17.17,17.17,2.4529,700.0,2.7799586567461194,1.3,normal,180.7339
23,550,33045,3,0,2.6413,2.6413,0.8804,700.0,2.7799586567461194,1.3,normal,183.3752
23,551,33060,8,0,16.5618,16.5618,2.0702,700.0,3.363749974662805,1.3,normal,199.937
23,551,33075,6,0,18.8395,18.8395,3.1399,700.0,3.363749974662805,1.3,normal,218.7765
23,551,33090,14,0,47.0925,47.0925,3.3637,700.0,3.363749974662805,1.3,normal,265.869
23,551,33105,7,0,7.2925,7.2925,1.0418,700.0,3.363749974662805,1.3,normal,273.1615
24,552,33120,10,0,50.0,50.0,5.0,700.0,5.0,1.3,normal,50.0
24,552,33135,10,1,38.4259,38.4259,3.8426,700.0,5.0,1.3,normal,88.4259
24,552,33150,13,0,64.7271,64.7271,4.979,700.0,5.0,1.3,normal,153.153
24,552,33165,14,0,70.0,70.0,5.0,700.0,5.0,1.3,normal,223.153
24,553,33180,11,1,13.899,13.899,1.2635,700.0,4.675,1.3,normal,237.052
24,553,33195,19,0,30.7879,30.7879,1.6204,700.0,4.675,1.3,normal,267.8399
24,553,33210,18,0,22.4659,22.4659,1.2481,700.0,4.675,1.3,normal,290.3058
24,553,33225,13,0,20.5107,20.5107,1.5777,700.0,4.675,1.3,normal,310.8165
24,554,33240,10,0,19.7136,19.7136,1.9714,700.0,4.371125,1.3,normal,330.5301
24,554,33255,14,1,36.264,36.264,2.5903,700.0,4.371125,1.3,normal,366.7941
24,554,33270,10,1,43.7112,43.7112,4.3711,700.0,4.371125,1.3,normal,410.5053
24,554,33285,15,1,56.4473,56.4473,3.7632,700.0,4.371125,1.3,normal,466.9526
24,555,33300,10,0,34.977,34.977,3.4977,700.0,4.15256875,1.3,normal,501.9296
24,555,33315,5,0,17.4434,17.4434,3.4887,700.0,4.15256875,1.3,normal,519.373
24,555,33330,8,0,18.3877,18.3877,2.2985,700.0,4.15256875,1.3,normal,537.7607
24,555,33345,11,0,4.0255,4.0255,0.366,700.0,4.15256875,1.3,normal,541.7862
24,556,33360,4,0,12.7069,12.7069,3.1767,700.0,3.1767150937500004,1.3,normal,554.4931
24,556,33375,6,0,3.613,3.613,0.6022,700.0,3.1767150937500004,1.3,normal,558.1061
24,556,33390,4,0,1.7389,1.7389,0.4347,700.0,3.1767150937500004,1.3,normal,559.845
24,556,33405,5,0,0.2238,0.2238,0.0448,700.0,3.1767150937500004,1.3,normal,560.0688
24,557,33420,6,0,14.5811,14.5811,2.4302,700.0,2.4301870467187503,1.3,normal,574.6499
24,557,33435,6,0,3.4,3.4,0.5667,700.0,2.4301870467187503,1.3,normal,578.0499
24,557,33450,6,0,14.5811,14.5811,2.4302,700.0,2.4301870467187503,1.3,normal,592.631
24,557,33465,8,0,5.3854,5.3854,0.6732,700.0,2.4301870467187503,1.3,normal,598.0164
24,558,33480,3,0,4.9211,4.9211,1.6404,700.0,1.6403762565351565,1.3,normal,602.9375
24,558,33495,6,1,0.8284,0.8284,0.1381,700.0,1.6403762565351565,1.3,normal,603.7659
24,558,33510,0,0,0.0,0.0,1.5679,700.0,1.6403762565351565,1.3,normal,603.7659
24,558,33525,1,1,1.3457,1.3457,1.3457,700.0,1.6403762565351565,1.3,normal,605.1116
24,559,33540,5,0,7.0126,7.0126,1.4025,700.0,1.4025216993375587,1.3,normal,612.1242
24,559,33555,1,0,1.4025,1.4025,1.4025,700.0,1.4025216993375587,1.3,normal,613.5267
24,559,33570,3,0,4.2076,4.2076,1.4025,700.0,1.4025216993375587,1.3,normal,617.7343
24,559,33585,2,0,2.234,2.234,1.117,700.0,1.4025216993375587,1.3,normal,619.9683
24,560,33600,4,0,4.7966,4.7966,1.1992,700.0,1.1991560529336127,1.3,normal,624.7649
24,560,33615,3,0,3.5975,3.5975,1.1992,700.0,1.1991560529336127,1.3,normal,628.3624
24,560,33630,3,0,3.5975,3.5975,1.1992,700.0,1.1991560529336127,1.3,budget_constrained,631.9599
24,560,33645,4,0,3.2923,3.2923,0.8231,700.0,1.1991560529336127,1.3,budget_constrained,635.2522
24,561,33660,4,0,3.6694,3.6694,0.9174,700.0,0.9173543804942138,1.3,budget_constrained,638.9216
24,561,33675,2,0,1.8347,1.8347,0.9174,700.0,0.9173543804942138,1.3,budget_constrained,640.7563
24,561,33690,2,0,1.8347,1.8347,0.9174,700.0,0.9173543804942138,1.3,budget_constrained,642.591
24,561,33705,3,0,2.7521,2.7521,0.9174,700.0,0.9173543804942138,1.3,budget_constrained,645.3431
24,562,33720,1,0,0.7018,0.7018,0.7018,700.0,0.7017761010780735,1.3,budget_constrained,646.0449
24,562,33735,1,0,0.7018,0.7018,0.7018,700.0,0.7017761010780735,1.3,budget_constrained,646.7467
24,562,33750,2,0,1.4036,1.4036,0.7018,700.0,0.7017761010780735,1.3,budget_constrained,648.1503
24,562,33765,3,0,2.1053,2.1053,0.7018,700.0,0.7017761010780735,1.3,budget_constrained,650.2556
24,563,33780,5,0,2.6843,2.6843,0.5369,700.0,0.5368587173247262,1.3,budget_constrained,652.9399
24,563,33795,1,0,0.5369,0.5369,0.5369,700.0,0.5368587173247262,1.3,budget_constrained,653.4768
24,563,33810,0,0,0.0,0.0,0.5369,700.0,0.5368587173247262,1.3,budget_constrained,653.4768
24,563,33825,1,0,0.5369,0.5369,0.5369,700.0,0.5368587173247262,1.3,budget_constrained,654.0137
24,564,33840,1,0,0.5,0.5,0.5,700.0,0.5,1.3,budget_constrained,654.5137
24,564,33855,1,0,0.5,0.5,0.5,700.0,0.5,1.3,budget_constrained,655.0137
24,564,33870,0,0,0.0,0.0,0.5,700.0,0.5,1.3,budget_constrained,655.0137
24,564,33885,0,0,0.0,0.0,0.5,700.0,0.5,1.3,budget_constrained,655.0137
24,565,33900,2,0,1.0,1.0,0.5,700.0,0.5,1.3,budget_constrained,656.0137
24,565,33915,0,0,0.0,0.0,0.5,700.0,0.5,1.3,budget_constrained,656.0137
24,565,33930,0,0,0.0,0.0,0.5,700.0,0.5,1.3,budget_constrained,656.0137
24,565,33945,1,0,0.5,0.5,0.5,700.0,0.5,1.3,budget_constrained,656.5137
24,566,33960,1,0,0.5,0.5,0.5,700.0,0.5,1.3,budget_constrained,657.0137
24,566,33975,3,0,1.5,1.5,0.5,700.0,0.5,1.3,budget_constrained,658.5137
24,566,33990,3,0,0.2282,0.2282,0.0761,700.0,0.5,1.3,budget_constrained,658.7419
24,566,34005,1,0,0.2995,0.2995,0.2995,700.0,0.5,1.3,budget_constrained,659.0414
24,567,34020,0,0,0.0,0.0,0.5,700.0,0.5,1.3,budget_constrained,659.0414
24,567,34035,0,0,0.0,0.0,0.5,700.0,0.5,1.3,budget_constrained,659.0414
24,567,34050,0,0,0.0,0.0,0.5,700.0,0.5,1.3,budget_constrained,659.0414
24,567,34065,1,0,0.5,0.5,0.5,700.0,0.5,1.3,budget_constrained,659.5414
24,568,34080,0,0,0.0,0.0,0.5,700.0,0.5,1.3,budget_constrained,659.5414
24,568,34095,0,0,0.0,0.0,0.5,700.0,0.5,1.3,budget_constrained,659.5414
24,568,34110,2,0,0.7625,0.7625,0.3813,700.0,0.5,1.3,budget_constrained,660.3039
24,568,34125,1,0,0.5,0.5,0.5,700.0,0.5,1.3,budget_constrained,660.8039
24,569,34140,0,0,0.0,0.0,0.5,700.0,0.5,1.3,budget_constrained,660.8039
24,569,34155,0,0,0.0,0.0,0.5,700.0,0.5,1.3,budget_constrained,660.8039
24,569,34170,1,0,0.5,0.5,0.5,700.0,0.5,1.3,budget_constrained,661.3039
24,569,34185,1,0,0.5,0.5,0.5,700.0,0.5,1.3,budget_constrained,661.8039
24,570,34200,1,0,0.3117,0.3117,0.3117,700.0,0.5,1.3,budget_constrained,662.1156
24,570,34215,2,0,0.8103,0.8103,0.4052,700.0,0.5,1.3,budget_constrained,662.9259
24,570,34230,1,0,0.5,0.5,0.5,700.0,0.5,1.3,budget_constrained,663.4259
24,570,34245,3,0,1.5,1.5,0.5,700.0,0.5,1.3,budget_constrained,664.9259
24,571,34260,0,0,0.0,0.0,0.3603,700.0,0.5,1.3,budget_constrained,664.9259
24,571,34275,1,0,0.296,0.296,0.296,700.0,0.5,1.3,budget_constrained,665.2219
24,571,34290,1,0,0.5,0.5,0.5,700.0,0.5,1.3,budget_constrained,665.7219
24,571,34305,1,0,0.5,0.5,0.5,700.0,0.5,1.3,budget_constrained,666.2219
24,572,34320,1,0,0.5,0.5,0.5,700.0,0.5,1.3,budget_constrained,666.7219
24,572,34335,3,0,1.399,1.399,0.4663,700.0,0.5,1.3,budget_constrained,668.1209
24,572,34350,0,0,0.0,0.0,0.5,700.0,0.5,1.3,budget_constrained,668.1209
24,572,34365,3,0,1.5,1.5,0.5,700.0,0.5,1.3,budget_constrained,669.6209
24,573,34380,0,0,0.0,0.0,0.5,700.0,0.5,1.3,budget_constrained,669.6209
24,573,34395,0,0,0.0,0.0,0.356,700.0,0.5,1.3,budget_constrained,669.6209
24,573,34410,0,0,0.0,0.0,0.5,700.0,0.5,1.3,budget_constrained,669.6209
24,573,34425,3,1,1.5,1.5,0.5,700.0,0.5,1.3,budget_constrained,671.1209
24,574,34440,1,0,0.5,0.5,0.5,700.0,0.5,1.3,budget_constrained,671.6209
24,574,34455,2,0,0.1178,0.1178,0.0589,700.0,0.5,1.3,budget_constrained,671.7387
24,574,34470,2,0,1.0,1.0,0.5,700.0,0.5,1.3,budget_constrained,672.7387
24,574,34485,1,0,0.5,0.5,0.5,700.0,0.5,1.3,budget_constrained,673.2387
24,575,34500,1,0,0.5,0.5,0.5,700.0,0.5,1.3,budget_constrained,673.7387
24,575,34515,2,0,1.0,1.0,0.5,700.0,0.5,1.3,budget_constrained,674.7387
24,575,34530,1,0,0.5,0.5,0.5,700.0,0.5,1.3,budget_constrained,675.2387
24,575,34545,1,0,0.5,0.5,0.5,700.0,0.5,1.3,budget_constrained,675.7387
25,576,34560,1,0,0.1734,0.1734,0.1734,700.0,0.5,1.3,normal,0.1734
25,576,34575,1,0,0.4645,0.4645,0.4645,700.0,0.5,1.3,normal,0.6379
25,576,34590,1,0,0.5,0.5,0.5,700.0,0.5,1.3,normal,1.1379
25,576,34605,0,0,0.0,0.0,0.5,700.0,0.5,1.3,normal,1.1379
25,577,34620,2,0,0.0905,0.0905,0.0453,700.0,0.55,1.3,normal,1.2284
25,577,34635,1,0,0.55,0.55,0.55,700.0,0.55,1.3,normal,1.7784
25,577,34650,1,0,0.0702,0.0702,0.0702,700.0,0.55,1.3,normal,1.8486
25,577,34665,3,1,1.65,1.65,0.55,700.0,0.55,1.3,normal,3.4986
25,578,34680,1,0,0.6655,0.6655,0.6655,700.0,0.6655000000000002,1.3,normal,4.1641
25,578,34695,1,0,0.6655,0.6655,0.6655,700.0,0.6655000000000002,1.3,normal,4.8296
25,578,34710,1,0,0.6655,0.6655,0.6655,700.0,0.6655000000000002,1.3,normal,5.4951
25,578,34725,0,0,0.0,0.0,0.6655,700.0,0.6655000000000002,1.3,normal,5.4951
25,579,34740,2,0,1.6105,1.6105,0.8053,700.0,0.8052550000000004,1.3,normal,7.1056
25,579,34755,2,0,1.1559,1.1559,0.5779,700.0,0.8052550000000004,1.3,normal,8.2615
25,579,34770,1,0,0.8053,0.8053,0.8053,700.0,0.8052550000000004,1.3,normal,9.0668
25,579,34785,1,0,0.8053,0.8053,0.8053,700.0,0.8052550000000004,1.3,normal,9.8721
25,580,34800,1,0,0.9744,0.9744,0.9744,700.0,0.9743585500000007,1.3,normal,10.8465
25,580,34815,1,0,0.9744,0.9744,0.9744,700.0,0.9743585500000007,1.3,normal,11.8209
25,580,34830,2,1,1.3802,1.3802,0.6901,700.0,0.9743585500000007,1.3,normal,13.2011
25,580,34845,2,0,1.9487,1.9487,0.9744,700.0,0.9743585500000007,1.3,normal,15.1498
25,581,34860,2,0,2.3579,2.3579,1.179,700.0,1.178973845500001,1.3,normal,17.5077
25,581,34875,2,0,2.3579,2.3579,1.179,700.0,1.178973845500001,1.3,normal,19.8656
25,581,34890,4,1,3.2313,3.2313,0.8078,700.0,1.178973845500001,1.3,normal,23.0969
25,581,34905,4,0,4.7159,4.7159,1.179,700.0,1.178973845500001,1.3,normal,27.8128
25,582,34920,8,0,11.4125,11.4125,1.4266,700.0,1.4265583530550014,1.3,normal,39.2253
25,582,34935,6,0,8.5594,8.5594,1.4266,700.0,1.4265583530550014,1.3,normal,47.7847
25,582,34950,2,0,0.8338,0.8338,0.4169,700.0,1.4265583530550014,1.3,normal,48.6185
25,582,34965,3,0,2.8372,2.8372,0.9457,700.0,1.4265583530550014,1.3,normal,51.4557
25,583,34980,7,1,12.0829,12.0829,1.7261,700.0,1.7261356071965521,1.3,normal,63.5386
25,583,34995,9,0,15.5352,15.5352,1.7261,700.0,1.7261356071965521,1.3,normal,79.0738
25,583,35010,5,1,5.2028,5.2028,1.0406,700.0,1.7261356071965521,1.3,normal,84.2766
25,583,35025,5,0,8.4848,8.4848,1.697,700.0,1.7261356071965521,1.3,normal,92.7614
25,584,35040,2,0,4.1772,4.1772,2.0886,700.0,2.088624084707828,1.3,normal,96.9386
25,584,35055,7,0,4.4677,4.4677,0.6382,700.0,2.088624084707828,1.3,normal,101.4063
25,584,35070,5,0,7.5951,7.5951,1.519,700.0,2.088624084707828,1.3,normal,109.0014
25,584,35085,4,0,1.3492,1.3492,0.3373,700.0,2.088624084707828,1.3,normal,110.3506
25,585,35100,6,0,14.9239,14.9239,2.4873,700.0,2.527235142496472,1.3,normal,125.2745
25,585,35115,7,0,16.4052,16.4052,2.3436,700.0,2.527235142496472,1.3,normal,141.6797
25,585,35130,13,1,6.8033,6.8033,0.5233,700.0,2.527235142496472,1.3,normal,148.483
25,585,35145,3,0,2.212,2.212,0.7373,700.0,2.527235142496472,1.3,normal,150.695
25,586,35160,9,0,18.085,18.085,2.0094,700.0,3.0579545224207316,1.3,normal,168.78
25,586,35175,2,0,0.4844,0.4844,0.2422,700.0,3.0579545224207316,1.3,normal,169.2644
25,586,35190,7,1,6.5375,6.5375,0.9339,700.0,3.0579545224207316,1.3,normal,175.8019
25,586,35205,6,0,2.0532,2.0532,0.3422,700.0,3.0579545224207316,1.3,normal,177.8551
25,587,35220,12,0,24.8224,24.8224,2.0685,700.0,3.700124972129086,1.3,normal,202.6775
25,587,35235,7,1,21.256,21.256,3.0366,700.0,3.700124972129086,1.3,normal,223.9335
25,587,35250,3,0,1.9644,1.9644,0.6548,700.0,3.700124972129086,1.3,normal,225.8979
25,587,35265,14,0,19.9402,19.9402,1.4243,700.0,3.700124972129086,1.3,normal,245.8381
25,588,35280,18,1,12.3544,12.3544,0.6864,700.0,5.0,1.3,normal,258.1925
25,588,35295,13,0,46.0999,46.0999,3.5461,700.0,5.0,1.3,normal,304.2924
25,588,35310,8,1,1.0828,1.0828,0.1353,700.0,5.0,1.3,normal,305.3752
25,588,35325,9,0,34.87,34.87,3.8744,700.0,5.0,1.3,normal,340.2452
25,589,35340,7,0,35.3916,35.3916,5.0559,700.0,6.050000000000001,1.3,normal,375.6368
25,589,35355,13,0,78.65,78.65,6.05,700.0,6.050000000000001,1.3,normal,454.2868
25,589,35370,23,0,96.7806,96.7806,4.2079,700.0,6.050000000000001,1.3,normal,551.0674
25,589,35385,19,1,73.4957,73.4957,3.8682,700.0,6.050000000000001,1.3,normal,624.5631
25,590,35400,18,1,32.8606,32.8606,1.8256,700.0,6.655000000000001,1.3,budget_constrained,657.4237
25,590,35415,16,0,10.2673,10.2673,0.6417,700.0,6.655000000000001,1.3,budget_constrained,667.691
25,590,35430,6,0,32.309,32.309,5.3385,700.0,6.655000000000001,1.3,budget_depleted,700.0
25,590,35445,0,0,0.0,0.0,0.0,700.0,6.655000000000001,1.3,budget_depleted,700.0
25,591,35460,0,0,0.0,0.0,0.0,700.0,7.320500000000002,1.3,budget_depleted,700.0
25,591,35475,0,0,0.0,0.0,0.0,700.0,7.320500000000002,1.3,budget_depleted,700.0
25,591,35490,0,0,0.0,0.0,0.0,700.0,7.320500000000002,1.3,budget_depleted,700.0
25,591,35505,0,0,0.0,0.0,0.0,700.0,7.320500000000002,1.3,budget_depleted,700.0
25,592,35520,0,0,0.0,0.0,0.0,700.0,8.052550000000002,1.3,budget_depleted,700.0
25,592,35535,0,0,0.0,0.0,0.0,700.0,8.052550000000002,1.3,budget_depleted,700.0
25,592,35550,0,0,0.0,0.0,0.0,700.0,8.052550000000002,1.3,budget_depleted,700.0
25,592,35565,0,0,0.0,0.0,0.0,700.0,8.052550000000002,1.3,budget_depleted,700.0
25,593,35580,0,0,0.0,0.0,0.0,700.0,8.857805000000003,1.3,budget_depleted,700.0
25,593,35595,0,0,0.0,0.0,0.0,700.0,8.857805000000003,1.3,budget_depleted,700.0
25,593,35610,0,0,0.0,0.0,0.0,700.0,8.857805000000003,1.3,budget_depleted,700.0
25,593,35625,0,0,0.0,0.0,0.0,700.0,8.857805000000003,1.3,budget_depleted,700.0
25,594,35640,0,0,0.0,0.0,0.0,700.0,9.743585500000004,1.3,budget_depleted,700.0
25,594,35655,0,0,0.0,0.0,0.0,700.0,9.743585500000004,1.3,budget_depleted,700.0
25,594,35670,0,0,0.0,0.0,0.0,700.0,9.743585500000004,1.3,budget_depleted,700.0
25,594,35685,0,0,0.0,0.0,0.0,700.0,9.743585500000004,1.3,budget_depleted,700.0
25,595,35700,0,0,0.0,0.0,0.0,700.0,10.717944050000005,1.3,budget_depleted,700.0
25,595,35715,0,0,0.0,0.0,0.0,700.0,10.717944050000005,1.3,budget_depleted,700.0
25,595,35730,0,0,0.0,0.0,0.0,700.0,10.717944050000005,1.3,budget_depleted,700.0
25,595,35745,0,0,0.0,0.0,0.0,700.0,10.717944050000005,1.3,budget_depleted,700.0
25,596,35760,0,0,0.0,0.0,0.0,700.0,11.789738455000007,1.3,budget_depleted,700.0
25,596,35775,0,0,0.0,0.0,0.0,700.0,11.789738455000007,1.3,budget_depleted,700.0
25,596,35790,0,0,0.0,0.0,0.0,700.0,11.789738455000007,1.3,budget_depleted,700.0
25,596,35805,0,0,0.0,0.0,0.0,700.0,11.789738455000007,1.3,budget_depleted,700.0
25,597,35820,0,0,0.0,0.0,0.0,700.0,12.968712300500009,1.3,budget_depleted,700.0
25,597,35835,0,0,0.0,0.0,0.0,700.0,12.968712300500009,1.3,budget_depleted,700.0
25,597,35850,0,0,0.0,0.0,0.0,700.0,12.968712300500009,1.3,budget_depleted,700.0
25,597,35865,0,0,0.0,0.0,0.0,700.0,12.968712300500009,1.3,budget_depleted,700.0
25,598,35880,0,0,0.0,0.0,0.0,700.0,14.26558353055001,1.3,budget_depleted,700.0
25,598,35895,0,0,0.0,0.0,0.0,700.0,14.26558353055001,1.3,budget_depleted,700.0
25,598,35910,0,0,0.0,0.0,0.0,700.0,14.26558353055001,1.3,budget_depleted,700.0
25,598,35925,0,0,0.0,0.0,0.0,700.0,14.26558353055001,1.3,budget_depleted,700.0
25,599,35940,0,0,0.0,0.0,0.0,700.0,15.692141883605013,1.3,budget_depleted,700.0
25,599,35955,0,0,0.0,0.0,0.0,700.0,15.692141883605013,1.3,budget_depleted,700.0
25,599,35970,0,0,0.0,0.0,0.0,700.0,15.692141883605013,1.3,budget_depleted,700.0
25,599,35985,0,0,0.0,0.0,0.0,700.0,15.692141883605013,1.3,budget_depleted,700.0
26,600,36000,0,0,0.0,0.0,0.0,700.0,17.261356071965515,1.3,normal,0.0
26,600,36015,41,0,183.7363,183.7363,4.4814,700.0,17.261356071965515,1.3,normal,183.7363
26,600,36030,46,0,166.1242,166.1242,3.6114,700.0,17.261356071965515,1.3,normal,349.8605
26,600,36045,44,0,350.1395,350.1395,7.9481,700.0,17.261356071965515,1.3,budget_depleted,700.0
26,601,36060,0,0,0.0,0.0,0.0,700.0,11.651415348576723,1.3,budget_depleted,700.0
26,601,36075,0,0,0.0,0.0,0.0,700.0,11.651415348576723,1.3,budget_depleted,700.0
26,601,36090,0,0,0.0,0.0,0.0,700.0,11.651415348576723,1.3,budget_depleted,700.0
26,601,36105,0,0,0.0,0.0,0.0,700.0,11.651415348576723,1.3,budget_depleted,700.0
26,602,36120,0,0,0.0,0.0,0.0,700.0,7.864705360289289,1.3,budget_depleted,700.0
26,602,36135,0,0,0.0,0.0,0.0,700.0,7.864705360289289,1.3,budget_depleted,700.0
26,602,36150,0,0,0.0,0.0,0.0,700.0,7.864705360289289,1.3,budget_depleted,700.0
26,602,36165,0,0,0.0,0.0,0.0,700.0,7.864705360289289,1.3,budget_depleted,700.0
26,603,36180,0,0,0.0,0.0,0.0,700.0,5.308676118195271,1.3,budget_depleted,700.0
26,603,36195,0,0,0.0,0.0,0.0,700.0,5.308676118195271,1.3,budget_depleted,700.0
26,603,36210,0,0,0.0,0.0,0.0,700.0,5.308676118195271,1.3,budget_depleted,700.0
26,603,36225,0,0,0.0,0.0,0.0,700.0,5.308676118195271,1.3,budget_depleted,700.0
26,604,36240,0,0,0.0,0.0,0.0,700.0,3.5833563797818075,1.3,budget_depleted,700.0
26,604,36255,0,0,0.0,0.0,0.0,700.0,3.5833563797818075,1.3,budget_depleted,700.0
26,604,36270,0,0,0.0,0.0,0.0,700.0,3.5833563797818075,1.3,budget_depleted,700.0
26,604,36285,0,0,0.0,0.0,0.0,700.0,3.5833563797818075,1.3,budget_depleted,700.0
26,605,36300,0,0,0.0,0.0,0.0,700.0,2.41876555635272,1.3,budget_depleted,700.0
26,605,36315,0,0,0.0,0.0,0.0,700.0,2.41876555635272,1.3,budget_depleted,700.0
26,605,36330,0,0,0.0,0.0,0.0,700.0,2.41876555635272,1.3,budget_depleted,700.0
26,605,36345,0,0,0.0,0.0,0.0,700.0,2.41876555635272,1.3,budget_depleted,700.0
26,606,36360,0,0,0.0,0.0,0.0,700.0,1.6326667505380859,1.3,budget_depleted,700.0
26,606,36375,0,0,0.0,0.0,0.0,700.0,1.6326667505380859,1.3,budget_depleted,700.0
26,606,36390,0,0,0.0,0.0,0.0,700.0,1.6326667505380859,1.3,budget_depleted,700.0
26,606,36405,0,0,0.0,0.0,0.0,700.0,1.6326667505380859,1.3,budget_depleted,700.0
26,607,36420,0,0,0.0,0.0,0.0,700.0,1.102050056613208,1.3,budget_depleted,700.0
26,607,36435,0,0,0.0,0.0,0.0,700.0,1.102050056613208,1.3,budget_depleted,700.0
26,607,36450,0,0,0.0,0.0,0.0,700.0,1.102050056613208,1.3,budget_depleted,700.0
26,607,36465,0,0,0.0,0.0,0.0,700.0,1.102050056613208,1.3,budget_depleted,700.0
26,608,36480,0,0,0.0,0.0,0.0,700.0,0.7438837882139155,1.3,budget_depleted,700.0
26,608,36495,0,0,0.0,0.0,0.0,700.0,0.7438837882139155,1.3,budget_depleted,700.0
26,608,36510,0,0,0.0,0.0,0.0,700.0,0.7438837882139155,1.3,budget_depleted,700.0
26,608,36525,0,0,0.0,0.0,0.0,700.0,0.7438837882139155,1.3,budget_depleted,700.0
26,609,36540,0,0,0.0,0.0,0.0,700.0,0.5021215570443931,1.3,budget_depleted,700.0
26,609,36555,0,0,0.0,0.0,0.0,700.0,0.5021215570443931,1.3,budget_depleted,700.0
26,609,36570,0,0,0.0,0.0,0.0,700.0,0.5021215570443931,1.3,budget_depleted,700.0
26,609,36585,0,0,0.0,0.0,0.0,700.0,0.5021215570443931,1.3,budget_depleted,700.0
26,610,36600,0,0,0.0,0.0,0.0,700.0,0.5021215570443931,1.3,budget_depleted,700.0
26,610,36615,0,0,0.0,0.0,0.0,700.0,0.5021215570443931,1.3,budget_depleted,700.0
26,610,36630,0,0,0.0,0.0,0.0,700.0,0.5021215570443931,1.3,budget_depleted,700.0
26,610,36645,0,0,0.0,0.0,0.0,700.0,0.5021215570443931,1.3,budget_depleted,700.0
26,611,36660,0,0,0.0,0.0,0.0,700.0,0.5021215570443931,1.3,budget_depleted,700.0
26,611,36675,0,0,0.0,0.0,0.0,700.0,0.5021215570443931,1.3,budget_depleted,700.0
26,611,36690,0,0,0.0,0.0,0.0,700.0,0.5021215570443931,1.3,budget_depleted,700.0
26,611,36705,0,0,0.0,0.0,0.0,700.0,0.5021215570443931,1.3,budget_depleted,700.0
26,612,36720,0,0,0.0,0.0,0.0,700.0,0.5021215570443931,1.3,budget_depleted,700.0
26,612,36735,0,0,0.0,0.0,0.0,700.0,0.5021215570443931,1.3,budget_depleted,700.0
26,612,36750,0,0,0.0,0.0,0.0,700.0,0.5021215570443931,1.3,budget_depleted,700.0
26,612,36765,0,0,0.0,0.0,0.0,700.0,0.5021215570443931,1.3,budget_depleted,700.0
26,613,36780,0,0,0.0,0.0,0.0,700.0,0.5021215570443931,1.3,budget_depleted,700.0
26,613,36795,0,0,0.0,0.0,0.0,700.0,0.5021215570443931,1.3,budget_depleted,700.0
26,613,36810,0,0,0.0,0.0,0.0,700.0,0.5021215570443931,1.3,budget_depleted,700.0
26,613,36825,0,0,0.0,0.0,0.0,700.0,0.5021215570443931,1.3,budget_depleted,700.0
26,614,36840,0,0,0.0,0.0,0.0,700.0,0.5021215570443931,1.3,budget_depleted,700.0
26,614,36855,0,0,0.0,0.0,0.0,700.0,0.5021215570443931,1.3,budget_depleted,700.0
26,614,36870,0,0,0.0,0.0,0.0,700.0,0.5021215570443931,1.3,budget_depleted,700.0
26,614,36885,0,0,0.0,0.0,0.0,700.0,0.5021215570443931,1.3,budget_depleted,700.0
26,615,36900,0,0,0.0,0.0,0.0,700.0,0.5021215570443931,1.3,budget_depleted,700.0
26,615,36915,0,0,0.0,0.0,0.0,700.0,0.5021215570443931,1.3,budget_depleted,700.0
26,615,36930,0,0,0.0,0.0,0.0,700.0,0.5021215570443931,1.3,budget_depleted,700.0
26,615,36945,0,0,0.0,0.0,0.0,700.0,0.5021215570443931,1.3,budget_depleted,700.0
26,616,36960,0,0,0.0,0.0,0.0,700.0,0.5021215570443931,1.3,budget_depleted,700.0
26,616,36975,0,0,0.0,0.0,0.0,700.0,0.5021215570443931,1.3,budget_depleted,700.0
26,616,36990,0,0,0.0,0.0,0.0,700.0,0.5021215570443931,1.3,budget_depleted,700.0
26,616,37005,0,0,0.0,0.0,0.0,700.0,0.5021215570443931,1.3,budget_depleted,700.0
26,617,37020,0,0,0.0,0.0,0.0,700.0,0.5021215570443931,1.3,budget_depleted,700.0
26,617,37035,0,0,0.0,0.0,0.0,700.0,0.5021215570443931,1.3,budget_depleted,700.0
26,617,37050,0,0,0.0,0.0,0.0,700.0,0.5021215570443931,1.3,budget_depleted,700.0
26,617,37065,0,0,0.0,0.0,0.0,700.0,0.5021215570443931,1.3,budget_depleted,700.0
26,618,37080,0,0,0.0,0.0,0.0,700.0,0.5021215570443931,1.3,budget_depleted,700.0
26,618,37095,0,0,0.0,0.0,0.0,700.0,0.5021215570443931,1.3,budget_depleted,700.0
26,618,37110,0,0,0.0,0.0,0.0,700.0,0.5021215570443931,1.3,budget_depleted,700.0
26,618,37125,0,0,0.0,0.0,0.0,700.0,0.5021215570443931,1.3,budget_depleted,700.0
26,619,37140,0,0,0.0,0.0,0.0,700.0,0.5021215570443931,1.3,budget_depleted,700.0
26,619,37155,0,0,0.0,0.0,0.0,700.0,0.5021215570443931,1.3,budget_depleted,700.0
26,619,37170,0,0,0.0,0.0,0.0,700.0,0.5021215570443931,1.3,budget_depleted,700.0
26,619,37185,0,0,0.0,0.0,0.0,700.0,0.5021215570443931,1.3,budget_depleted,700.0
26,620,37200,0,0,0.0,0.0,0.0,700.0,0.5021215570443931,1.3,budget_depleted,700.0
26,620,37215,0,0,0.0,0.0,0.0,700.0,0.5021215570443931,1.3,budget_depleted,700.0
26,620,37230,0,0,0.0,0.0,0.0,700.0,0.5021215570443931,1.3,budget_depleted,700.0
26,620,37245,0,0,0.0,0.0,0.0,700.0,0.5021215570443931,1.3,budget_depleted,700.0
26,621,37260,0,0,0.0,0.0,0.0,700.0,0.5021215570443931,1.3,budget_depleted,700.0
26,621,37275,0,0,0.0,0.0,0.0,700.0,0.5021215570443931,1.3,budget_depleted,700.0
26,621,37290,0,0,0.0,0.0,0.0,700.0,0.5021215570443931,1.3,budget_depleted,700.0
26,621,37305,0,0,0.0,0.0,0.0,700.0,0.5021215570443931,1.3,budget_depleted,700.0
26,622,37320,0,0,0.0,0.0,0.0,700.0,0.5021215570443931,1.3,budget_depleted,700.0
26,622,37335,0,0,0.0,0.0,0.0,700.0,0.5021215570443931,1.3,budget_depleted,700.0
26,622,37350,0,0,0.0,0.0,0.0,700.0,0.5021215570443931,1.3,budget_depleted,700.0
26,622,37365,0,0,0.0,0.0,0.0,700.0,0.5021215570443931,1.3,budget_depleted,700.0
26,623,37380,0,0,0.0,0.0,0.0,700.0,0.5021215570443931,1.3,budget_depleted,700.0
26,623,37395,0,0,0.0,0.0,0.0,700.0,0.5021215570443931,1.3,budget_depleted,700.0
26,623,37410,0,0,0.0,0.0,0.0,700.0,0.5021215570443931,1.3,budget_depleted,700.0
26,623,37425,0,0,0.0,0.0,0.0,700.0,0.5021215570443931,1.3,budget_depleted,700.0
27,624,37440,0,0,0.0,0.0,0.0,700.0,0.5021215570443931,1.3,normal,0.0
27,624,37455,2,0,1.0042,1.0042,0.5021,700.0,0.5021215570443931,1.3,normal,1.0042
27,624,37470,2,0,1.0042,1.0042,0.5021,700.0,0.5021215570443931,1.3,normal,2.0084
27,624,37485,4,0,2.0085,2.0085,0.5021,700.0,0.5021215570443931,1.3,normal,4.0169
27,625,37500,1,0,0.5021,0.5021,0.5021,700.0,0.5021215570443931,1.0,normal,4.519
27,625,37515,0,0,0.0,0.0,0.5021,700.0,0.5021215570443931,1.0,normal,4.519
27,625,37530,2,0,0.455,0.455,0.2275,700.0,0.5021215570443931,1.0,normal,4.974
27,625,37545,1,0,0.5021,0.5021,0.5021,700.0,0.5021215570443931,1.0,normal,5.4761
27,626,37560,0,0,0.0,0.0,0.5523,700.0,0.5523337127488325,1.0,normal,5.4761
27,626,37575,4,0,2.2093,2.2093,0.5523,700.0,0.5523337127488325,1.0,normal,7.6854
27,626,37590,2,1,1.1047,1.1047,0.5523,700.0,0.5523337127488325,1.0,normal,8.7901
27,626,37605,6,0,3.314,3.314,0.5523,700.0,0.5523337127488325,1.0,normal,12.1041
27,627,37620,0,0,0.0,0.0,0.6683,700.0,0.6683237924260873,1.0,normal,12.1041
27,627,37635,0,0,0.0,0.0,0.6683,700.0,0.6683237924260873,1.0,normal,12.1041
27,627,37650,0,0,0.0,0.0,0.6683,700.0,0.6683237924260873,1.0,normal,12.1041
27,627,37665,4,0,2.1631,2.1631,0.5408,700.0,0.6683237924260873,1.0,normal,14.2672
27,628,37680,1,0,0.8087,0.8087,0.8087,700.0,0.8086717888355658,1.0,normal,15.0759
27,628,37695,1,0,0.2311,0.2311,0.2311,700.0,0.8086717888355658,1.0,normal,15.307
27,628,37710,3,0,2.426,2.426,0.8087,700.0,0.8086717888355658,1.0,normal,17.733
27,628,37725,2,0,1.6173,1.6173,0.8087,700.0,0.8086717888355658,1.0,normal,19.3503
27,629,37740,3,0,2.9355,2.9355,0.9785,700.0,0.9784928644910348,1.0,normal,22.2858
27,629,37755,4,0,3.914,3.914,0.9785,700.0,0.9784928644910348,1.0,normal,26.1998
27,629,37770,6,0,5.871,5.871,0.9785,700.0,0.9784928644910348,1.0,normal,32.0708
27,629,37785,3,1,2.9355,2.9355,0.9785,700.0,0.9784928644910348,1.0,normal,35.0063
27,630,37800,4,1,4.7359,4.7359,1.184,700.0,1.1839763660341522,1.0,normal,39.7422
27,630,37815,3,0,2.6604,2.6604,0.8868,700.0,1.1839763660341522,1.0,normal,42.4026
27,630,37830,3,0,3.5519,3.5519,1.184,700.0,1.1839763660341522,1.0,normal,45.9545
27,630,37845,4,0,4.7359,4.7359,1.184,700.0,1.1839763660341522,1.0,normal,50.6904
27,631,37860,7,0,1.6381,1.6381,0.234,700.0,1.4326114029013246,1.0,normal,52.3285
27,631,37875,5,0,7.1631,7.1631,1.4326,700.0,1.4326114029013246,1.0,normal,59.4916
27,631,37890,2,0,1.1054,1.1054,0.5527,700.0,1.4326114029013246,1.0,normal,60.597
27,631,37905,6,0,8.1173,8.1173,1.3529,700.0,1.4326114029013246,1.0,normal,68.7143
27,632,37920,6,1,1.2372,1.2372,0.2062,700.0,1.733459797510603,1.0,normal,69.9515
27,632,37935,5,0,8.6673,8.6673,1.7335,700.0,1.733459797510603,1.0,normal,78.6188
27,632,37950,4,0,3.7362,3.7362,0.934,700.0,1.733459797510603,1.0,normal,82.355
27,632,37965,6,0,9.9333,9.9333,1.6555,700.0,1.733459797510603,1.0,normal,92.2883
27,633,37980,6,0,12.5849,12.5849,2.0975,700.0,2.0974863549878298,1.0,normal,104.8732
27,633,37995,6,1,12.5849,12.5849,2.0975,700.0,2.0974863549878298,1.0,normal,117.4581
27,633,38010,4,0,8.3899,8.3899,2.0975,700.0,2.0974863549878298,1.0,normal,125.848
27,633,38025,7,1,13.2081,13.2081,1.8869,700.0,2.0974863549878298,1.0,normal,139.0561
27,634,38040,3,0,7.1399,7.1399,2.38,700.0,2.5379584895352743,1.0,normal,146.196
27,634,38055,7,0,17.7657,17.7657,2.538,700.0,2.5379584895352743,1.0,normal,163.9617
27,634,38070,3,1,3.6775,3.6775,1.2258,700.0,2.5379584895352743,1.0,normal,167.6392
27,634,38085,6,0,15.2278,15.2278,2.538,700.0,2.5379584895352743,1.0,normal,182.867
27,635,38100,11,0,31.4651,31.4651,2.8605,700.0,3.0709297723376823,1.0,normal,214.3321
27,635,38115,7,0,21.4965,21.4965,3.0709,700.0,3.0709297723376823,1.0,normal,235.8286
27,635,38130,7,1,21.0581,21.0581,3.0083,700.0,3.0709297723376823,1.0,normal,256.8867
27,635,38145,6,0,2.5999,2.5999,0.4333,700.0,3.0709297723376823,1.0,normal,259.4866
27,636,38160,8,0,40.0,40.0,5.0,1000.0,5.0,1.0,normal,299.4866
27,636,38175,10,0,42.1592,42.1592,4.2159,1000.0,5.0,1.0,normal,341.6458
27,636,38190,13,0,7.0658,7.0658,0.5435,1000.0,5.0,1.0,normal,348.7116
27,636,38205,16,2,56.6828,28.3414,3.5427,1000.0,5.0,1.0,normal,405.3944
27,637,38220,15,0,59.934,59.934,3.9956,1000.0,6.050000000000001,1.0,normal,465.3284
27,637,38235,20,1,76.0159,76.0159,3.8008,1000.0,6.050000000000001,1.0,normal,541.3443
27,637,38250,12,0,72.6,72.6,6.05,1000.0,6.050000000000001,1.0,normal,613.9443
27,637,38265,8,0,23.7458,23.7458,2.9682,1000.0,6.050000000000001,1.0,normal,637.6901
27,638,38280,19,0,106.6825,106.6825,5.6149,1000.0,7.320500000000002,1.0,normal,744.3726
27,638,38295,27,0,193.1422,193.1422,7.1534,1000.0,7.320500000000002,1.0,budget_constrained,937.5148
27,638,38310,10,0,62.4852,62.4852,5.9477,1000.0,7.320500000000002,1.0,budget_depleted,1000.0
27,638,38325,0,0,0.0,0.0,0.0,1000.0,7.320500000000002,1.0,budget_depleted,1000.0
27,639,38340,0,0,0.0,0.0,0.0,1000.0,6.222425000000001,1.0,budget_depleted,1000.0
27,639,38355,0,0,0.0,0.0,0.0,1000.0,6.222425000000001,1.0,budget_depleted,1000.0
27,639,38370,0,0,0.0,0.0,0.0,1000.0,6.222425000000001,1.0,budget_depleted,1000.0
27,639,38385,0,0,0.0,0.0,0.0,1000.0,6.222425000000001,1.0,budget_depleted,1000.0
27,640,38400,0,0,0.0,0.0,0.0,1000.0,5.2890612500000005,1.0,budget_depleted,1000.0
27,640,38415,0,0,0.0,0.0,0.0,1000.0,5.2890612500000005,1.0,budget_depleted,1000.0
27,640,38430,0,0,0.0,0.0,0.0,1000.0,5.2890612500000005,1.0,budget_depleted,1000.0
27,640,38445,0,0,0.0,0.0,0.0,1000.0,5.2890612500000005,1.0,budget_depleted,1000.0
27,641,38460,0,0,0.0,0.0,0.0,1000.0,4.4957020625,1.0,budget_depleted,1000.0
27,641,38475,0,0,0.0,0.0,0.0,1000.0,4.4957020625,1.0,budget_depleted,1000.0
27,641,38490,0,0,0.0,0.0,0.0,1000.0,4.4957020625,1.0,budget_depleted,1000.0
27,641,38505,0,0,0.0,0.0,0.0,1000.0,4.4957020625,1.0,budget_depleted,1000.0
27,642,38520,0,0,0.0,0.0,0.0,1000.0,3.8213467531250003,1.0,budget_depleted,1000.0
27,642,38535,0,0,0.0,0.0,0.0,1000.0,3.8213467531250003,1.0,budget_depleted,1000.0
27,642,38550,0,0,0.0,0.0,0.0,1000.0,3.8213467531250003,1.0,budget_depleted,1000.0
27,642,38565,0,0,0.0,0.0,0.0,1000.0,3.8213467531250003,1.0,budget_depleted,1000.0
27,643,38580,0,0,0.0,0.0,0.0,1000.0,3.24814474015625,1.0,budget_depleted,1000.0
27,643,38595,0,0,0.0,0.0,0.0,1000.0,3.24814474015625,1.0,budget_depleted,1000.0
27,643,38610,0,0,0.0,0.0,0.0,1000.0,3.24814474015625,1.0,budget_depleted,1000.0
27,643,38625,0,0,0.0,0.0,0.0,1000.0,3.24814474015625,1.0,budget_depleted,1000.0
27,644,38640,0,0,0.0,0.0,0.0,1000.0,2.7609230291328126,1.0,budget_depleted,1000.0
27,644,38655,0,0,0.0,0.0,0.0,1000.0,2.7609230291328126,1.0,budget_depleted,1000.0
27,644,38670,0,0,0.0,0.0,0.0,1000.0,2.7609230291328126,1.0,budget_depleted,1000.0
27,644,38685,0,0,0.0,0.0,0.0,1000.0,2.7609230291328126,1.0,budget_depleted,1000.0
27,645,38700,0,0,0.0,0.0,0.0,1000.0,2.3467845747628906,1.0,budget_depleted,1000.0
27,645,38715,0,0,0.0,0.0,0.0,1000.0,2.3467845747628906,1.0,budget_depleted,1000.0
27,645,38730,0,0,0.0,0.0,0.0,1000.0,2.3467845747628906,1.0,budget_depleted,1000.0
27,645,38745,0,0,0.0,0.0,0.0,1000.0,2.3467845747628906,1.0,budget_depleted,1000.0
27,646,38760,0,0,0.0,0.0,0.0,1000.0,1.9947668885484569,1.0,budget_depleted,1000.0
27,646,38775,0,0,0.0,0.0,0.0,1000.0,1.9947668885484569,1.0,budget_depleted,1000.0
27,646,38790,0,0,0.0,0.0,0.0,1000.0,1.9947668885484569,1.0,budget_depleted,1000.0
27,646,38805,0,0,0.0,0.0,0.0,1000.0,1.9947668885484569,1.0,budget_depleted,1000.0
27,647,38820,0,0,0.0,0.0,0.0,1000.0,1.6955518552661883,1.0,budget_depleted,1000.0
27,647,38835,0,0,0.0,0.0,0.0,1000.0,1.6955518552661883,1.0,budget_depleted,1000.0
27,647,38850,0,0,0.0,0.0,0.0,1000.0,1.6955518552661883,1.0,budget_depleted,1000.0
27,647,38865,0,0,0.0,0.0,0.0,1000.0,1.6955518552661883,1.0,budget_depleted,1000.0
28,648,38880,0,0,0.0,0.0,0.0,1000.0,1.44121907697626,1.0,normal,0.0
28,648,38895,8,0,7.0228,7.0228,0.8778,1000.0,1.44121907697626,1.0,normal,7.0228
28,648,38910,7,0,10.0885,10.0885,1.4412,1000.0,1.44121907697626,1.0,normal,17.1113
28,648,38925,3,0,4.3237,4.3237,1.4412,1000.0,1.44121907697626,1.0,normal,21.435
28,649,38940,6,0,7.3502,7.3502,1.225,1000.0,1.225036215429821,1.0,normal,28.7852
28,649,38955,2,1,2.4501,2.4501,1.225,1000.0,1.225036215429821,1.0,normal,31.2353
28,649,38970,6,0,7.3502,7.3502,1.225,1000.0,1.225036215429821,1.0,normal,38.5855
28,649,38985,3,0,3.6751,3.6751,1.225,1000.0,1.225036215429821,1.0,normal,42.2606
28,650,39000,2,0,1.6852,1.6852,0.8426,1000.0,1.16378440465833,1.0,normal,43.9458
28,650,39015,1,0,0.6517,0.6517,0.6517,1000.0,1.16378440465833,1.0,normal,44.5975
28,650,39030,4,0,1.0435,1.0435,0.2609,1000.0,1.16378440465833,1.0,normal,45.641
28,650,39045,4,0,4.6551,4.6551,1.1638,1000.0,1.16378440465833,1.0,normal,50.2961
28,651,39060,4,1,3.9569,3.9569,0.9892,1000.0,0.9892167439595806,1.0,normal,54.253
28,651,39075,1,0,0.5996,0.5996,0.5996,1000.0,0.9892167439595806,1.0,normal,54.8526
28,651,39090,2,0,1.9784,1.9784,0.9892,1000.0,0.9892167439595806,1.0,normal,56.831
28,651,39105,2,0,1.9784,1.9784,0.9892,1000.0,0.9892167439595806,1.0,normal,58.8094
28,652,39120,1,0,0.2314,0.2314,0.2314,1000.0,0.9397559067616015,1.0,normal,59.0408
28,652,39135,4,0,2.3119,2.3119,0.578,1000.0,0.9397559067616015,1.0,normal,61.3527
28,652,39150,4,0,1.3381,1.3381,0.3345,1000.0,0.9397559067616015,1.0,normal,62.6908
28,652,39165,0,0,0.0,0.0,0.9398,1000.0,0.9397559067616015,1.0,normal,62.6908
28,653,39180,0,0,0.0,0.0,0.8928,1000.0,0.8927681114235214,1.0,normal,62.6908
28,653,39195,2,0,1.7855,1.7855,0.8928,1000.0,0.8927681114235214,1.0,normal,64.4763
28,653,39210,4,0,3.5711,3.5711,0.8928,1000.0,0.8927681114235214,1.0,normal,68.0474
28,653,39225,3,0,2.6783,2.6783,0.8928,1000.0,0.8927681114235214,1.0,normal,70.7257
28,654,39240,2,0,1.5177,1.5177,0.7589,1000.0,0.7588528947099932,1.0,normal,72.2434
28,654,39255,3,0,2.2766,2.2766,0.7589,1000.0,0.7588528947099932,1.0,normal,74.52
28,654,39270,0,0,0.0,0.0,0.2152,1000.0,0.7588528947099932,1.0,normal,74.52
28,654,39285,1,0,0.4442,0.4442,0.4442,1000.0,0.7588528947099932,1.0,normal,74.9642
28,655,39300,2,0,1.29,1.29,0.645,1000.0,0.6450249605034942,1.0,normal,76.2542
28,655,39315,2,0,1.29,1.29,0.645,1000.0,0.6450249605034942,1.0,normal,77.5442
28,655,39330,1,0,0.3587,0.3587,0.3587,1000.0,0.6450249605034942,1.0,normal,77.9029
28,655,39345,0,0,0.0,0.0,0.645,1000.0,0.6450249605034942,1.0,normal,77.9029
28,656,39360,0,0,0.0,0.0,0.5483,1000.0,0.54827121642797,1.0,normal,77.9029
28,656,39375,1,0,0.5483,0.5483,0.5483,1000.0,0.54827121642797,1.0,normal,78.4512
28,656,39390,3,0,1.6448,1.6448,0.5483,1000.0,0.54827121642797,1.0,normal,80.096
28,656,39405,2,0,1.0965,1.0965,0.5483,1000.0,0.54827121642797,1.0,normal,81.1925
28,657,39420,1,0,0.1701,0.1701,0.1701,1000.0,0.5,1.0,normal,81.3626
28,657,39435,0,0,0.0,0.0,0.5,1000.0,0.5,1.0,normal,81.3626
28,657,39450,0,0,0.0,0.0,0.5,1000.0,0.5,1.0,normal,81.3626
28,657,39465,1,0,0.5,0.5,0.5,1000.0,0.5,1.0,normal,81.8626
28,658,39480,2,0,1.0,1.0,0.5,1000.0,0.5,1.0,normal,82.8626
28,658,39495,0,0,0.0,0.0,0.4356,1000.0,0.5,1.0,normal,82.8626
28,658,39510,1,0,0.5,0.5,0.5,1000.0,0.5,1.0,normal,83.3626
28,658,39525,1,0,0.5,0.5,0.5,1000.0,0.5,1.0,normal,83.8626
28,659,39540,1,0,0.5,0.5,0.5,1000.0,0.5,1.0,normal,84.3626
28,659,39555,1,0,0.5,0.5,0.5,1000.0,0.5,1.0,normal,84.8626
28,659,39570,0,0,0.0,0.0,0.5,1000.0,0.5,1.0,normal,84.8626
28,659,39585,0,0,0.0,0.0,0.5,1000.0,0.5,1.0,normal,84.8626
28,660,39600,0,0,0.0,0.0,0.5,1000.0,0.5,1.0,normal,84.8626
28,660,39615,1,0,0.5,0.5,0.5,1000.0,0.5,1.0,normal,85.3626
28,660,39630,0,0,0.0,0.0,0.5,1000.0,0.5,1.0,normal,85.3626
28,660,39645,1,0,0.5,0.5,0.5,1000.0,0.5,1.0,normal,85.8626
28,661,39660,1,0,0.2163,0.2163,0.2163,1000.0,0.5,1.0,normal,86.0789
28,661,39675,0,0,0.0,0.0,0.5,1000.0,0.5,1.0,normal,86.0789
28,661,39690,1,0,0.5,0.5,0.5,1000.0,0.5,1.0,normal,86.5789
28,661,39705,0,0,0.0,0.0,0.5,1000.0,0.5,1.0,normal,86.5789
28,662,39720,2,0,1.0,1.0,0.5,1000.0,0.5,1.0,normal,87.5789
28,662,39735,4,0,2.0,2.0,0.5,1000.0,0.5,1.0,normal,89.5789
28,662,39750,1,0,0.5,0.5,0.5,1000.0,0.5,1.0,normal,90.0789
28,662,39765,1,0,0.3686,0.3686,0.3686,1000.0,0.5,1.0,normal,90.4475
28,663,39780,0,0,0.0,0.0,0.1853,1000.0,0.6050000000000001,1.0,normal,90.4475
28,663,39795,1,0,0.605,0.605,0.605,1000.0,0.6050000000000001,1.0,normal,91.0525
28,663,39810,1,0,0.4342,0.4342,0.4342,1000.0,0.6050000000000001,1.0,normal,91.4867
28,663,39825,2,0,0.1171,0.1171,0.0585,1000.0,0.6050000000000001,1.0,normal,91.6038
28,664,39840,1,0,0.7321,0.7321,0.7321,1000.0,0.7320500000000003,1.0,normal,92.3359
28,664,39855,3,1,2.1962,2.1962,0.7321,1000.0,0.7320500000000003,1.0,normal,94.5321
28,664,39870,0,0,0.0,0.0,0.7321,1000.0,0.7320500000000003,1.0,normal,94.5321
28,664,39885,1,0,0.7321,0.7321,0.7321,1000.0,0.7320500000000003,1.0,normal,95.2642
28,665,39900,1,0,0.8858,0.8858,0.8858,1000.0,0.8857805000000005,1.0,normal,96.15
28,665,39915,0,0,0.0,0.0,0.8858,1000.0,0.8857805000000005,1.0,normal,96.15
28,665,39930,1,0,0.7591,0.7591,0.7591,1000.0,0.8857805000000005,1.0,normal,96.9091
28,665,39945,5,0,1.7277,1.7277,0.3455,1000.0,0.8857805000000005,1.0,normal,98.6368
28,666,39960,4,0,4.2872,4.2872,1.0718,1000.0,1.0717944050000008,1.0,normal,102.924
28,666,39975,3,0,3.2154,3.2154,1.0718,1000.0,1.0717944050000008,1.0,normal,106.1394
28,666,39990,4,0,3.0463,3.0463,0.7616,1000.0,1.0717944050000008,1.0,normal,109.1857
28,666,40005,3,1,3.2154,3.2154,1.0718,1000.0,1.0717944050000008,1.0,normal,112.4011
28,667,40020,1,0,0.1305,0.1305,0.1305,1000.0,1.2968712300500012,1.0,normal,112.5316
28,667,40035,3,0,3.8906,3.8906,1.2969,1000.0,1.2968712300500012,1.0,normal,116.4222
28,667,40050,0,0,0.0,0.0,1.2969,1000.0,1.2968712300500012,1.0,normal,116.4222
28,667,40065,5,1,3.0193,3.0193,0.6039,1000.0,1.2968712300500012,1.0,normal,119.4415
28,668,40080,4,0,0.7701,0.7701,0.1925,1000.0,1.5692141883605017,1.0,normal,120.2116
28,668,40095,8,0,5.9983,5.9983,0.7498,1000.0,1.5692141883605017,1.0,normal,126.2099
28,668,40110,0,0,0.0,0.0,1.5692,1000.0,1.5692141883605017,1.0,normal,126.2099
28,668,40125,3,0,4.3225,4.3225,1.4408,1000.0,1.5692141883605017,1.0,normal,130.5324
28,669,40140,7,0,0.4944,0.4944,0.0706,1000.0,1.8987491679162074,1.0,normal,131.0268
28,669,40155,6,0,11.3925,11.3925,1.8987,1000.0,1.8987491679162074,1.0,normal,142.4193
28,669,40170,2,0,3.625,3.625,1.8125,1000.0,1.8987491679162074,1.0,normal,146.0443
28,669,40185,3,0,5.6962,5.6962,1.8987,1000.0,1.8987491679162074,1.0,normal,151.7405
28,670,40200,7,0,14.4419,14.4419,2.0631,1000.0,2.297486493178611,1.0,normal,166.1824
28,670,40215,7,0,5.596,5.596,0.7994,1000.0,2.297486493178611,1.0,normal,171.7784
28,670,40230,3,0,6.8925,6.8925,2.2975,1000.0,2.297486493178611,1.0,normal,178.6709
28,670,40245,3,0,6.8925,6.8925,2.2975,1000.0,2.297486493178611,1.0,normal,185.5634
28,671,40260,4,0,11.1198,11.1198,2.78,1000.0,2.7799586567461194,1.0,normal,196.6832
28,671,40275,11,1,30.5795,30.5795,2.78,1000.0,2.7799586567461194,1.0,normal,227.2627
28,671,40290,6,0,16.6798,16.6798,2.78,1000.0,2.7799586567461194,1.0,normal,243.9425
28,671,40305,7,0,19.4597,19.4597,2.78,1000.0,2.7799586567461194,1.0,normal,263.4022
29,672,40320,8,0,40.0,40.0,5.0,1000.0,5.0,1.0,normal,40.0
29,672,40335,15,1,75.0,75.0,5.0,1000.0,5.0,1.0,normal,115.0
29,672,40350,18,0,7.5606,7.5606,0.42,1000.0,5.0,1.0,normal,122.5606
29,672,40365,7,0,35.0,35.0,5.0,1000.0,5.0,1.0,normal,157.5606
29,673,40380,17,0,42.7751,42.7751,2.5162,1000.0,6.050000000000001,1.0,normal,200.3357
29,673,40395,11,0,47.6622,47.6622,4.3329,1000.0,6.050000000000001,1.0,normal,247.9979
29,673,40410,29,0,60.7247,60.7247,2.094,1000.0,6.050000000000001,1.0,normal,308.7226
29,673,40425,16,0,44.7092,44.7092,2.7943,1000.0,6.050000000000001,1.0,normal,353.4318
29,674,40440,15,0,10.9808,10.9808,0.7321,1000.0,5.656750000000001,1.0,normal,364.4126
29,674,40455,13,0,73.5378,73.5378,5.6568,1000.0,5.656750000000001,1.0,normal,437.9504
29,674,40470,16,0,74.8817,74.8817,4.6801,1000.0,5.656750000000001,1.0,normal,512.8321
29,674,40485,16,0,60.0492,60.0492,3.7531,1000.0,5.656750000000001,1.0,normal,572.8813
29,675,40500,8,0,23.0312,23.0312,2.8789,1000.0,4.666818750000001,1.0,normal,595.9125
29,675,40515,16,0,74.6691,74.6691,4.6668,1000.0,4.666818750000001,1.0,normal,670.5816
29,675,40530,11,0,51.335,51.335,4.6668,1000.0,4.666818750000001,1.0,normal,721.9166
29,675,40545,8,0,24.6157,24.6157,3.077,1000.0,4.666818750000001,1.0,normal,746.5323
29,676,40560,16,0,56.0018,56.0018,3.5001,1000.0,3.5001140625000007,1.0,normal,802.5341
29,676,40575,11,1,36.2132,36.2132,3.2921,1000.0,3.5001140625000007,1.0,normal,838.7473
29,676,40590,8,0,4.7698,4.7698,0.5962,1000.0,3.5001140625000007,1.0,normal,843.5171
29,676,40605,20,0,70.0023,70.0023,3.5001,1000.0,3.5001140625000007,1.0,budget_constrained,913.5194
29,677,40620,12,0,28.3509,28.3509,2.3626,1000.0,2.3625769921875004,1.0,budget_constrained,941.8703
29,677,40635,2,0,4.7252,4.7252,2.3626,1000.0,2.3625769921875004,1.0,budget_constrained,946.5955
29,677,40650,14,0,16.5709,16.5709,1.1836,1000.0,2.3625769921875004,1.0,budget_constrained,963.1664
29,677,40665,9,0,21.2632,21.2632,2.3626,1000.0,2.3625769921875004,1.0,budget_constrained,984.4296
29,678,40680,1,0,1.5947,1.5947,1.5947,1000.0,1.5947394697265627,1.0,budget_constrained,986.0243
29,678,40695,4,0,6.379,6.379,1.5947,1000.0,1.5947394697265627,1.0,budget_constrained,992.4033
29,678,40710,4,0,6.379,6.379,1.5947,1000.0,1.5947394697265627,1.0,budget_constrained,998.7823
29,678,40725,0,0,1.2177,1.2177,1.5947,1000.0,1.5947394697265627,1.0,budget_depleted,1000.0
29,679,40740,0,0,0.0,0.0,0.0,1000.0,1.0764491420654299,1.0,budget_depleted,1000.0
29,679,40755,0,0,0.0,0.0,0.0,1000.0,1.0764491420654299,1.0,budget_depleted,1000.0
29,679,40770,0,0,0.0,0.0,0.0,1000.0,1.0764491420654299,1.0,budget_depleted,1000.0
29,679,40785,0,0,0.0,0.0,0.0,1000.0,1.0764491420654299,1.0,budget_depleted,1000.0
29,680,40800,0,0,0.0,0.0,0.0,1000.0,0.7266031708941652,1.0,budget_depleted,1000.0
29,680,40815,0,0,0.0,0.0,0.0,1000.0,0.7266031708941652,1.0,budget_depleted,1000.0
29,680,40830,0,0,0.0,0.0,0.0,1000.0,0.7266031708941652,1.0,budget_depleted,1000.0
29,680,40845,0,0,0.0,0.0,0.0,1000.0,0.7266031708941652,1.0,budget_depleted,1000.0
29,681,40860,0,0,0.0,0.0,0.0,1000.0,0.5,1.0,budget_depleted,1000.0
29,681,40875,0,0,0.0,0.0,0.0,1000.0,0.5,1.0,budget_depleted,1000.0
29,681,40890,0,0,0.0,0.0,0.0,1000.0,0.5,1.0,budget_depleted,1000.0
29,681,40905,0,0,0.0,0.0,0.0,1000.0,0.5,1.0,budget_depleted,1000.0
29,682,40920,0,0,0.0,0.0,0.0,1000.0,0.5,1.0,budget_depleted,1000.0
29,682,40935,0,0,0.0,0.0,0.0,1000.0,0.5,1.0,budget_depleted,1000.0
29,682,40950,0,0,0.0,0.0,0.0,1000.0,0.5,1.0,budget_depleted,1000.0
29,682,40965,0,0,0.0,0.0,0.0,1000.0,0.5,1.0,budget_depleted,1000.0
29,683,40980,0,0,0.0,0.0,0.0,1000.0,0.5,1.0,budget_depleted,1000.0
29,683,40995,0,0,0.0,0.0,0.0,1000.0,0.5,1.0,budget_depleted,1000.0
29,683,41010,0,0,0.0,0.0,0.0,1000.0,0.5,1.0,budget_depleted,1000.0
29,683,41025,0,0,0.0,0.0,0.0,1000.0,0.5,1.0,budget_depleted,1000.0
29,684,41040,0,0,0.0,0.0,0.0,1000.0,0.5,1.0,budget_depleted,1000.0
29,684,41055,0,0,0.0,0.0,0.0,1000.0,0.5,1.0,budget_depleted,1000.0
29,684,41070,0,0,0.0,0.0,0.0,1000.0,0.5,1.0,budget_depleted,1000.0
29,684,41085,0,0,0.0,0.0,0.0,1000.0,0.5,1.0,budget_depleted,1000.0
29,685,41100,0,0,0.0,0.0,0.0,1000.0,0.5,1.0,budget_depleted,1000.0
29,685,41115,0,0,0.0,0.0,0.0,1000.0,0.5,1.0,budget_depleted,1000.0
29,685,41130,0,0,0.0,0.0,0.0,1000.0,0.5,1.0,budget_depleted,1000.0
29,685,41145,0,0,0.0,0.0,0.0,1000.0,0.5,1.0,budget_depleted,1000.0
29,686,41160,0,0,0.0,0.0,0.0,1000.0,0.5,1.0,budget_depleted,1000.0
29,686,41175,0,0,0.0,0.0,0.0,1000.0,0.5,1.0,budget_depleted,1000.0
29,686,41190,0,0,0.0,0.0,0.0,1000.0,0.5,1.0,budget_depleted,1000.0
29,686,41205,0,0,0.0,0.0,0.0,1000.0,0.5,1.0,budget_depleted,1000.0
29,687,41220,0,0,0.0,0.0,0.0,1000.0,0.5,1.0,budget_depleted,1000.0
29,687,41235,0,0,0.0,0.0,0.0,1000.0,0.5,1.0,budget_depleted,1000.0
29,687,41250,0,0,0.0,0.0,0.0,1000.0,0.5,1.0,budget_depleted,1000.0
29,687,41265,0,0,0.0,0.0,0.0,1000.0,0.5,1.0,budget_depleted,1000.0
29,688,41280,0,0,0.0,0.0,0.0,1000.0,0.5,1.0,budget_depleted,1000.0
29,688,41295,0,0,0.0,0.0,0.0,1000.0,0.5,1.0,budget_depleted,1000.0
29,688,41310,0,0,0.0,0.0,0.0,1000.0,0.5,1.0,budget_depleted,1000.0
29,688,41325,0,0,0.0,0.0,0.0,1000.0,0.5,1.0,budget_depleted,1000.0
29,689,41340,0,0,0.0,0.0,0.0,1000.0,0.5,1.0,budget_depleted,1000.0
29,689,41355,0,0,0.0,0.0,0.0,1000.0,0.5,1.0,budget_depleted,1000.0
29,689,41370,0,0,0.0,0.0,0.0,1000.0,0.5,1.0,budget_depleted,1000.0
29,689,41385,0,0,0.0,0.0,0.0,1000.0,0.5,1.0,budget_depleted,1000.0
29,690,41400,0,0,0.0,0.0,0.0,1000.0,0.5,1.0,budget_depleted,1000.0
29,690,41415,0,0,0.0,0.0,0.0,1000.0,0.5,1.0,budget_depleted,1000.0
29,690,41430,0,0,0.0,0.0,0.0,1000.0,0.5,1.0,budget_depleted,1000.0
29,690,41445,0,0,0.0,0.0,0.0,1000.0,0.5,1.0,budget_depleted,1000.0
29,691,41460,0,0,0.0,0.0,0.0,1000.0,0.5,1.0,budget_depleted,1000.0
29,691,41475,0,0,0.0,0.0,0.0,1000.0,0.5,1.0,budget_depleted,1000.0
29,691,41490,0,0,0.0,0.0,0.0,1000.0,0.5,1.0,budget_depleted,1000.0
29,691,41505,0,0,0.0,0.0,0.0,1000.0,0.5,1.0,budget_depleted,1000.0
29,692,41520,0,0,0.0,0.0,0.0,1000.0,0.5,1.0,budget_depleted,1000.0
29,692,41535,0,0,0.0,0.0,0.0,1000.0,0.5,1.0,budget_depleted,1000.0
29,692,41550,0,0,0.0,0.0,0.0,1000.0,0.5,1.0,budget_depleted,1000.0
29,692,41565,0,0,0.0,0.0,0.0,1000.0,0.5,1.0,budget_depleted,1000.0
29,693,41580,0,0,0.0,0.0,0.0,1000.0,0.5,1.0,budget_depleted,1000.0
29,693,41595,0,0,0.0,0.0,0.0,1000.0,0.5,1.0,budget_depleted,1000.0
29,693,41610,0,0,0.0,0.0,0.0,1000.0,0.5,1.0,budget_depleted,1000.0
29,693,41625,0,0,0.0,0.0,0.0,1000.0,0.5,1.0,budget_depleted,1000.0
29,694,41640,0,0,0.0,0.0,0.0,1000.0,0.5,1.0,budget_depleted,1000.0
29,694,41655,0,0,0.0,0.0,0.0,1000.0,0.5,1.0,budget_depleted,1000.0
29,694,41670,0,0,0.0,0.0,0.0,1000.0,0.5,1.0,budget_depleted,1000.0
29,694,41685,0,0,0.0,0.0,0.0,1000.0,0.5,1.0,budget_depleted,1000.0
29,695,41700,0,0,0.0,0.0,0.0,1000.0,0.5,1.0,budget_depleted,1000.0
29,695,41715,0,0,0.0,0.0,0.0,1000.0,0.5,1.0,budget_depleted,1000.0
29,695,41730,0,0,0.0,0.0,0.0,1000.0,0.5,1.0,budget_depleted,1000.0
29,695,41745,0,0,0.0,0.0,0.0,1000.0,0.5,1.0,budget_depleted,1000.0
30,696,41760,0,0,0.0,0.0,0.0,1000.0,0.5,1.0,normal,0.0
30,696,41775,4,0,2.0,2.0,0.5,1000.0,0.5,1.0,normal,2.0
30,696,41790,3,0,1.5,1.5,0.5,1000.0,0.5,1.0,normal,3.5
30,696,41805,2,0,1.0,1.0,0.5,1000.0,0.5,1.0,normal,4.5
30,697,41820,0,0,0.0,0.0,0.3857,1000.0,0.5,1.0,normal,4.5
30,697,41835,0,0,0.0,0.0,0.5,1000.0,0.5,1.0,normal,4.5
30,697,41850,0,0,0.0,0.0,0.5,1000.0,0.5,1.0,normal,4.5
30,697,41865,2,0,1.0,1.0,0.5,1000.0,0.5,1.0,normal,5.5
30,698,41880,1,0,0.5,0.5,0.5,1000.0,0.5,1.0,normal,6.0
30,698,41895,3,0,1.5,1.5,0.5,1000.0,0.5,1.0,normal,7.5
30,698,41910,2,0,1.0,1.0,0.5,1000.0,0.5,1.0,normal,8.5
30,698,41925,2,0,1.0,1.0,0.5,1000.0,0.5,1.0,normal,9.5
30,699,41940,2,0,1.0,1.0,0.5,1000.0,0.5,1.0,normal,10.5
30,699,41955,0,0,0.0,0.0,0.5,1000.0,0.5,1.0,normal,10.5
30,699,41970,3,0,1.5,1.5,0.5,1000.0,0.5,1.0,normal,12.0
30,699,41985,1,0,0.5,0.5,0.5,1000.0,0.5,1.0,normal,12.5
30,700,42000,1,0,0.5,0.5,0.5,1000.0,0.5,1.0,normal,13.0
30,700,42015,0,0,0.0,0.0,0.5,1000.0,0.5,1.0,normal,13.0
30,700,42030,0,0,0.0,0.0,0.5,1000.0,0.5,1.0,normal,13.0
30,700,42045,1,0,0.5,0.5,0.5,1000.0,0.5,1.0,normal,13.5
30,701,42060,1,0,0.55,0.55,0.55,1000.0,0.55,1.0,normal,14.05
30,701,42075,1,0,0.55,0.55,0.55,1000.0,0.55,1.0,normal,14.6
30,701,42090,0,0,0.0,0.0,0.55,1000.0,0.55,1.0,normal,14.6
30,701,42105,1,0,0.55,0.55,0.55,1000.0,0.55,1.0,normal,15.15
30,702,42120,0,0,0.0,0.0,0.605,1000.0,0.6050000000000001,1.0,normal,15.15
30,702,42135,5,1,3.025,3.025,0.605,1000.0,0.6050000000000001,1.0,normal,18.175
30,702,42150,1,0,0.605,0.605,0.605,1000.0,0.6050000000000001,1.0,normal,18.78
30,702,42165,1,0,0.605,0.605,0.605,1000.0,0.6050000000000001,1.0,normal,19.385
30,703,42180,3,0,2.1962,2.1962,0.7321,1000.0,0.7320500000000003,1.0,normal,21.5812
30,703,42195,1,0,0.7321,0.7321,0.7321,1000.0,0.7320500000000003,1.0,normal,22.3133
30,703,42210,2,0,1.4641,1.4641,0.7321,1000.0,0.7320500000000003,1.0,normal,23.7774
30,703,42225,2,0,1.4641,1.4641,0.7321,1000.0,0.7320500000000003,1.0,normal,25.2415
30,704,42240,1,0,0.8858,0.8858,0.8858,1000.0,0.8857805000000005,1.0,normal,26.1273
30,704,42255,2,0,1.7716,1.7716,0.8858,1000.0,0.8857805000000005,1.0,normal,27.8989
30,704,42270,3,0,2.6573,2.6573,0.8858,1000.0,0.8857805000000005,1.0,normal,30.5562
30,704,42285,2,0,1.5917,1.5917,0.7959,1000.0,0.8857805000000005,1.0,normal,32.1479
30,705,42300,5,0,2.9807,2.9807,0.5961,1000.0,1.0717944050000008,1.0,normal,35.1286
30,705,42315,2,0,2.1436,2.1436,1.0718,1000.0,1.0717944050000008,1.0,normal,37.2722
30,705,42330,3,1,3.2154,3.2154,1.0718,1000.0,1.0717944050000008,1.0,normal,40.4876
30,705,42345,2,0,1.5783,1.5783,0.7891,1000.0,1.0717944050000008,1.0,normal,42.0659
30,706,42360,2,0,1.0616,1.0616,0.5308,1000.0,1.2968712300500012,1.0,normal,43.1275
30,706,42375,5,0,5.62,5.62,1.124,1000.0,1.2968712300500012,1.0,normal,48.7475
30,706,42390,8,0,6.6197,6.6197,0.8275,1000.0,1.2968712300500012,1.0,normal,55.3672
30,706,42405,5,0,5.1095,5.1095,1.0219,1000.0,1.2968712300500012,1.0,normal,60.4767
30,707,42420,3,0,3.4903,3.4903,1.1634,1000.0,1.5692141883605017,1.0,normal,63.967
30,707,42435,3,0,4.7076,4.7076,1.5692,1000.0,1.5692141883605017,1.0,normal,68.6746
30,707,42450,4,0,6.2769,6.2769,1.5692,1000.0,1.5692141883605017,1.0,normal,74.9515
30,707,42465,3,0,4.7076,4.7076,1.5692,1000.0,1.5692141883605017,1.0,normal,79.6591
30,708,42480,10,0,3.6122,3.6122,0.3612,1000.0,5.0,1.0,normal,83.2713
30,708,42495,17,0,33.1896,33.1896,1.9523,1000.0,5.0,1.0,normal,116.4609
30,708,42510,14,1,29.2101,29.2101,2.0864,1000.0,5.0,1.0,normal,145.671
30,708,42525,9,1,11.4636,11.4636,1.2737,1000.0,5.0,1.0,normal,157.1346
30,709,42540,13,0,66.9541,66.9541,5.1503,1000.0,6.050000000000001,1.0,normal,224.0887
30,709,42555,11,1,11.3649,11.3649,1.0332,1000.0,6.050000000000001,1.0,normal,235.4536
30,709,42570,19,0,16.2394,16.2394,0.8547,1000.0,6.050000000000001,1.0,normal,251.693
30,709,42585,10,0,42.4406,42.4406,4.2441,1000.0,6.050000000000001,1.0,normal,294.1336
30,710,42600,21,1,145.6445,145.6445,6.9355,1000.0,7.320500000000002,1.0,normal,439.7781
30,710,42615,15,0,28.9891,28.9891,1.9326,1000.0,7.320500000000002,1.0,normal,468.7672
30,710,42630,17,1,74.0092,74.0092,4.3535,1000.0,7.320500000000002,1.0,normal,542.7764
30,710,42645,21,0,146.9738,146.9738,6.9988,1000.0,7.320500000000002,1.0,normal,689.7502
30,711,42660,18,0,94.9224,94.9224,5.2735,1000.0,6.844667500000002,1.0,normal,784.6726
30,711,42675,10,0,1.8973,1.8973,0.1897,1000.0,6.844667500000002,1.0,normal,786.5699
30,711,42690,17,0,6.9421,6.9421,0.4084,1000.0,6.844667500000002,1.0,normal,793.512
30,711,42705,20,0,46.8764,46.8764,2.3438,1000.0,6.844667500000002,1.0,normal,840.3884
30,712,42720,20,1,30.41,30.41,1.5205,1000.0,5.6468506875000015,1.0,normal,870.7984
30,712,42735,20,0,9.8484,9.8484,0.4924,1000.0,5.6468506875000015,1.0,normal,880.6468
30,712,42750,14,1,65.0097,65.0097,4.6435,1000.0,5.6468506875000015,1.0,budget_constrained,945.6565
30,712,42765,20,0,21.935,21.935,1.0967,1000.0,5.6468506875000015,1.0,budget_constrained,967.5915
30,713,42780,7,1,32.4085,32.4085,4.0581,1000.0,4.235138015625001,1.0,budget_constrained,1000.0
30,713,42795,0,0,0.0,0.0,2.0894,1000.0,4.235138015625001,1.0,budget_constrained,1000.0
30,713,42810,0,0,0.0,0.0,0.7027,1000.0,4.235138015625001,1.0,budget_constrained,1000.0
30,713,42825,0,0,0.0,0.0,0.5194,1000.0,4.235138015625001,1.0,budget_constrained,1000.0
30,714,42840,0,0,0.0,0.0,2.0229,1000.0,3.599867313281251,1.0,budget_constrained,1000.0
30,714,42855,0,0,0.0,0.0,0.6621,1000.0,3.599867313281251,1.0,budget_constrained,1000.0
30,714,42870,0,0,0.0,0.0,3.5997,1000.0,3.599867313281251,1.0,budget_constrained,1000.0
30,714,42885,0,0,0.0,0.0,1.3341,1000.0,3.599867313281251,1.0,budget_constrained,1000.0
30,715,42900,0,0,0.0,0.0,0.3263,1000.0,3.0598872162890633,1.0,budget_constrained,1000.0
30,715,42915,0,0,0.0,0.0,1.1054,1000.0,3.0598872162890633,1.0,budget_constrained,1000.0
30,715,42930,0,0,0.0,0.0,3.0599,1000.0,3.0598872162890633,1.0,budget_constrained,1000.0
30,715,42945,0,0,0.0,0.0,3.0599,1000.0,3.0598872162890633,1.0,budget_constrained,1000.0
30,716,42960,0,0,0.0,0.0,2.6009,1000.0,2.6009041338457037,1.0,budget_constrained,1000.0
30,716,42975,0,0,0.0,0.0,0.8113,1000.0,2.6009041338457037,1.0,budget_constrained,1000.0
30,716,42990,0,0,0.0,0.0,0.7135,1000.0,2.6009041338457037,1.0,budget_constrained,1000.0
30,716,43005,0,0,0.0,0.0,2.5659,1000.0,2.6009041338457037,1.0,budget_constrained,1000.0
30,717,43020,0,0,0.0,0.0,0.2924,1000.0,2.210768513768848,1.0,budget_constrained,1000.0
30,717,43035,0,0,0.0,0.0,1.8704,1000.0,2.210768513768848,1.0,budget_constrained,1000.0
30,717,43050,0,0,0.0,0.0,2.2108,1000.0,2.210768513768848,1.0,budget_constrained,1000.0
30,717,43065,0,0,0.0,0.0,2.2108,1000.0,2.210768513768848,1.0,budget_constrained,1000.0
30,718,43080,0,0,0.0,0.0,0.1989,1000.0,1.8791532367035209,1.0,budget_constrained,1000.0
30,718,43095,0,0,0.0,0.0,1.6533,1000.0,1.8791532367035209,1.0,budget_constrained,1000.0
30,718,43110,0,0,0.0,0.0,1.8792,1000.0,1.8791532367035209,1.0,budget_constrained,1000.0
30,718,43125,0,0,0.0,0.0,0.2914,1000.0,1.8791532367035209,1.0,budget_constrained,1000.0
30,719,43140,0,0,0.0,0.0,1.5822,1000.0,1.5972802511979927,1.0,budget_constrained,1000.0
30,719,43155,0,0,0.0,0.0,1.5973,1000.0,1.5972802511979927,1.0,budget_constrained,1000.0
30,719,43170,0,0,0.0,0.0,0.0989,1000.0,1.5972802511979927,1.0,budget_constrained,1000.0
30,719,43185,0,0,0.0,0.0,1.5973,1000.0,1.5972802511979927,1.0,budget_constrained,1000.0
31,720,43200,0,0,0.0,0.0,0.2106,1000.0,1.3576882135182937,1.0,normal,0.0
31,720,43215,6,0,8.1461,8.1461,1.3577,1000.0,1.3576882135182937,1.0,normal,8.1461
31,720,43230,4,0,5.4308,5.4308,1.3577,1000.0,1.3576882135182937,1.0,normal,13.5769
31,720,43245,2,0,2.7154,2.7154,1.3577,1000.0,1.3576882135182937,1.0,normal,16.2923
31,721,43260,5,0,5.2199,5.2199,1.044,1000.0,1.1540349814905497,1.0,normal,21.5122
31,721,43275,1,0,1.154,1.154,1.154,1000.0,1.1540349814905497,1.0,normal,22.6662
31,721,43290,1,0,1.154,1.154,1.154,1000.0,1.1540349814905497,1.0,normal,23.8202
31,721,43305,4,0,1.4633,1.4633,0.3658,1000.0,1.1540349814905497,1.0,normal,25.2835
31,722,43320,5,0,1.1505,1.1505,0.2301,1000.0,0.9809297342669673,1.0,normal,26.434
31,722,43335,1,0,0.9809,0.9809,0.9809,1000.0,0.9809297342669673,1.0,normal,27.4149
31,722,43350,5,0,4.9046,4.9046,0.9809,1000.0,0.9809297342669673,1.0,normal,32.3195
31,722,43365,1,0,0.2247,0.2247,0.2247,1000.0,0.9809297342669673,1.0,normal,32.5442
31,723,43380,3,0,2.1805,2.1805,0.7268,1000.0,0.8337902741269222,1.0,normal,34.7247
31,723,43395,2,0,1.4855,1.4855,0.7427,1000.0,0.8337902741269222,1.0,normal,36.2102
31,723,43410,3,0,0.5204,0.5204,0.1735,1000.0,0.8337902741269222,1.0,normal,36.7306
31,723,43425,4,0,2.4145,2.4145,0.6036,1000.0,0.8337902741269222,1.0,normal,39.1451
31,724,43440,2,0,1.4174,1.4174,0.7087,1000.0,0.7087217330078839,1.0,normal,40.5625
31,724,43455,4,0,1.1704,1.1704,0.2926,1000.0,0.7087217330078839,1.0,normal,41.7329
31,724,43470,2,0,1.4174,1.4174,0.7087,1000.0,0.7087217330078839,1.0,normal,43.1503
31,724,43485,1,0,0.7087,0.7087,0.7087,1000.0,0.7087217330078839,1.0,normal,43.859
31,725,43500,1,0,0.5622,0.5622,0.5622,1000.0,0.6024134730567012,1.0,normal,44.4212
31,725,43515,2,0,0.2317,0.2317,0.1158,1000.0,0.6024134730567012,1.0,normal,44.6529
31,725,43530,1,0,0.6024,0.6024,0.6024,1000.0,0.6024134730567012,1.0,normal,45.2553
31,725,43545,2,0,0.4425,0.4425,0.2213,1000.0,0.6024134730567012,1.0,normal,45.6978
31,726,43560,1,0,0.5121,0.5121,0.5121,1000.0,0.512051452098196,1.0,normal,46.2099
31,726,43575,1,0,0.5121,0.5121,0.5121,1000.0,0.512051452098196,1.0,normal,46.722
31,726,43590,1,0,0.2609,0.2609,0.2609,1000.0,0.512051452098196,1.0,normal,46.9829
31,726,43605,2,0,1.0241,1.0241,0.5121,1000.0,0.512051452098196,1.0,normal,48.007
31,727,43620,0,0,0.0,0.0,0.4426,1000.0,0.5,1.0,normal,48.007
31,727,43635,2,0,1.0,1.0,0.5,1000.0,0.5,1.0,normal,49.007
31,727,43650,0,0,0.0,0.0,0.5,1000.0,0.5,1.0,normal,49.007
31,727,43665,3,0,0.5512,0.5512,0.1837,1000.0,0.5,1.0,normal,49.5582
31,728,43680,3,0,1.5,1.5,0.5,1000.0,0.5,1.0,normal,51.0582
31,728,43695,1,0,0.5,0.5,0.5,1000.0,0.5,1.0,normal,51.5582
31,728,43710,2,0,1.0,1.0,0.5,1000.0,0.5,1.0,normal,52.5582
31,728,43725,3,0,1.5,1.5,0.5,1000.0,0.5,1.0,normal,54.0582
31,729,43740,1,0,0.5,0.5,0.5,1000.0,0.5,1.0,normal,54.5582
31,729,43755,4,0,2.0,2.0,0.5,1000.0,0.5,1.0,normal,56.5582
31,729,43770,1,0,0.42,0.42,0.42,1000.0,0.5,1.0,normal,56.9782
31,729,43785,2,0,1.0,1.0,0.5,1000.0,0.5,1.0,normal,57.9782
31,730,43800,2,0,0.435,0.435,0.2175,1000.0,0.5,1.0,normal,58.4132
31,730,43815,0,0,0.0,0.0,0.452,1000.0,0.5,1.0,normal,58.4132
31,730,43830,4,0,2.0,2.0,0.5,1000.0,0.5,1.0,normal,60.4132
31,730,43845,0,0,0.0,0.0,0.3559,1000.0,0.5,1.0,normal,60.4132
31,731,43860,2,0,1.0,1.0,0.5,1000.0,0.5,1.0,normal,61.4132
31,731,43875,2,0,1.0,1.0,0.5,1000.0,0.5,1.0,normal,62.4132
31,731,43890,3,0,1.5,1.5,0.5,1000.0,0.5,1.0,normal,63.9132
31,731,43905,1,1,0.5,0.5,0.5,1000.0,0.5,1.0,normal,64.4132
31,732,43920,3,0,1.5,1.5,0.5,1000.0,0.5,1.0,normal,65.9132
31,732,43935,1,0,0.5,0.5,0.5,1000.0,0.5,1.0,normal,66.4132
31,732,43950,2,0,0.8008,0.8008,0.4004,1000.0,0.5,1.0,normal,67.214
31,732,43965,2,0,1.0,1.0,0.5,1000.0,0.5,1.0,normal,68.214
31,733,43980,4,0,2.0,2.0,0.5,1000.0,0.5,1.0,normal,70.214
31,733,43995,2,0,1.0,1.0,0.5,1000.0,0.5,1.0,normal,71.214
31,733,44010,4,0,0.8858,0.8858,0.2214,1000.0,0.5,1.0,normal,72.0998
31,733,44025,1,0,0.5,0.5,0.5,1000.0,0.5,1.0,normal,72.5998
31,734,44040,0,0,0.0,0.0,0.5,1000.0,0.5,1.0,normal,72.5998
31,734,44055,2,0,1.0,1.0,0.5,1000.0,0.5,1.0,normal,73.5998
31,734,44070,0,0,0.0,0.0,0.5,1000.0,0.5,1.0,normal,73.5998
31,734,44085,1,0,0.5,0.5,0.5,1000.0,0.5,1.0,normal,74.0998
31,735,44100,1,0,0.3369,0.3369,0.3369,1000.0,0.5,1.0,normal,74.4367
31,735,44115,1,0,0.4284,0.4284,0.4284,1000.0,0.5,1.0,normal,74.8651
31,735,44130,0,0,0.0,0.0,0.5,1000.0,0.5,1.0,normal,74.8651
31,735,44145,1,0,0.4839,0.4839,0.4839,1000.0,0.5,1.0,normal,75.349
31,736,44160,3,0,0.5923,0.5923,0.1974,1000.0,0.6050000000000001,1.0,normal,75.9413
31,736,44175,1,0,0.605,0.605,0.605,1000.0,0.6050000000000001,1.0,normal,76.5463
31,736,44190,4,0,1.0401,1.0401,0.26,1000.0,0.6050000000000001,1.0,normal,77.5864
31,736,44205,0,0,0.0,0.0,0.605,1000.0,0.6050000000000001,1.0,normal,77.5864
31,737,44220,2,0,1.4641,1.4641,0.7321,1000.0,0.7320500000000003,1.0,normal,79.0505
31,737,44235,1,0,0.7321,0.7321,0.7321,1000.0,0.7320500000000003,1.0,normal,79.7826
31,737,44250,3,0,2.1962,2.1962,0.7321,1000.0,0.7320500000000003,1.0,normal,81.9788
31,737,44265,2,0,1.4641,1.4641,0.7321,1000.0,0.7320500000000003,1.0,normal,83.4429
31,738,44280,1,0,0.765,0.765,0.765,1000.0,0.7649922500000004,1.0,normal,84.2079
31,738,44295,3,1,2.295,2.295,0.765,1000.0,0.7649922500000004,1.0,normal,86.5029
31,738,44310,3,0,2.295,2.295,0.765,1000.0,0.7649922500000004,1.0,normal,88.7979
31,738,44325,2,0,1.53,1.53,0.765,1000.0,0.7649922500000004,1.0,normal,90.3279
31,739,44340,3,0,2.7769,2.7769,0.9256,1000.0,0.9256406225000006,1.0,normal,93.1048
31,739,44355,2,0,1.8513,1.8513,0.9256,1000.0,0.9256406225000006,1.0,normal,94.9561
31,739,44370,1,0,0.0144,0.0144,0.0144,1000.0,0.9256406225000006,1.0,normal,94.9705
31,739,44385,3,0,2.7769,2.7769,0.9256,1000.0,0.9256406225000006,1.0,normal,97.7474
31,740,44400,1,0,1.12,1.12,1.12,1000.0,1.120025153225001,1.0,normal,98.8674
31,740,44415,3,0,2.3525,2.3525,0.7842,1000.0,1.120025153225001,1.0,normal,101.2199
31,740,44430,2,0,0.4752,0.4752,0.2376,1000.0,1.120025153225001,1.0,normal,101.6951
31,740,44445,2,0,2.2401,2.2401,1.12,1000.0,1.120025153225001,1.0,normal,103.9352
31,741,44460,1,0,0.7043,0.7043,0.7043,1000.0,1.3552304354022513,1.0,normal,104.6395
31,741,44475,6,0,8.1314,8.1314,1.3552,1000.0,1.3552304354022513,1.0,normal,112.7709
31,741,44490,7,0,9.4866,9.4866,1.3552,1000.0,1.3552304354022513,1.0,normal,122.2575
31,741,44505,4,0,1.5648,1.5648,0.3912,1000.0,1.3552304354022513,1.0,normal,123.8223
31,742,44520,8,2,13.1186,6.5593,1.6398,1000.0,1.6398288268367243,1.0,normal,136.9409
31,742,44535,5,0,7.0906,7.0906,1.4181,1000.0,1.6398288268367243,1.0,normal,144.0315
31,742,44550,5,0,8.1991,8.1991,1.6398,1000.0,1.6398288268367243,1.0,normal,152.2306
31,742,44565,2,0,3.2797,3.2797,1.6398,1000.0,1.6398288268367243,1.0,normal,155.5103
31,743,44580,4,0,0.7329,0.7329,0.1832,1000.0,1.9841928804724367,1.0,normal,156.2432
31,743,44595,5,0,9.921,9.921,1.9842,1000.0,1.9841928804724367,1.0,normal,166.1642
31,743,44610,6,0,11.9052,11.9052,1.9842,1000.0,1.9841928804724367,1.0,normal,178.0694
31,743,44625,5,0,6.9526,6.9526,1.3905,1000.0,1.9841928804724367,1.0,normal,185.022
32,744,44640,11,0,41.4132,41.4132,3.7648,1000.0,5.0,1.0,normal,41.4132
32,744,44655,14,0,14.2892,14.2892,1.0207,1000.0,5.0,1.0,normal,55.7024
32,744,44670,12,0,60.0,60.0,5.0,1000.0,5.0,1.0,normal,115.7024
32,744,44685,18,0,46.3915,46.3915,2.5773,1000.0,5.0,1.0,normal,162.0939
32,745,44700,11,0,39.0928,39.0928,3.5539,1000.0,5.225,1.0,normal,201.1867
32,745,44715,16,1,16.2429,16.2429,1.0152,1000.0,5.225,1.0,normal,217.4296
32,745,44730,11,1,11.1825,11.1825,1.0166,1000.0,5.225,1.0,normal,228.6121
32,745,44745,10,2,41.258,20.629,4.1258,1000.0,5.225,1.0,normal,269.8701
32,746,44760,8,0,14.0473,14.0473,1.7559,1000.0,6.322250000000001,1.0,normal,283.9174
32,746,44775,8,0,15.9159,15.9159,1.9895,1000.0,6.322250000000001,1.0,normal,299.8333
32,746,44790,15,0,54.6624,54.6624,3.6442,1000.0,6.322250000000001,1.0,normal,354.4957
32,746,44805,10,0,24.8527,24.8527,2.4853,1000.0,6.322250000000001,1.0,normal,379.3484
32,747,44820,17,0,20.0284,20.0284,1.1781,1000.0,6.954475000000002,1.0,normal,399.3768
32,747,44835,22,1,92.4182,92.4182,4.2008,1000.0,6.954475000000002,1.0,normal,491.795
32,747,44850,18,0,22.5059,22.5059,1.2503,1000.0,6.954475000000002,1.0,normal,514.3009
32,747,44865,22,0,75.1191,75.1191,3.4145,1000.0,6.954475000000002,1.0,normal,589.42
32,748,44880,17,0,1.4291,1.4291,0.0841,1000.0,7.267426375000003,1.0,normal,590.8491
32,748,44895,13,0,66.5144,66.5144,5.1165,1000.0,7.267426375000003,1.0,normal,657.3635
32,748,44910,14,2,27.5191,13.7596,1.9657,1000.0,7.267426375000003,1.0,normal,684.8826
32,748,44925,20,1,6.7983,6.7983,0.3399,1000.0,7.267426375000003,1.0,normal,691.6809
32,749,44940,35,2,236.4276,118.2138,6.7551,1000.0,7.994169012500004,1.0,budget_constrained,928.1085
32,749,44955,15,0,32.6105,32.6105,2.174,1000.0,7.994169012500004,1.0,budget_constrained,960.719
32,749,44970,6,0,39.281,39.281,6.3097,1000.0,7.994169012500004,1.0,budget_depleted,1000.0
32,749,44985,0,0,0.0,0.0,0.0,1000.0,7.994169012500004,1.0,budget_depleted,1000.0
32,750,45000,0,0,0.0,0.0,0.0,1000.0,6.835014505687504,1.0,budget_depleted,1000.0
32,750,45015,0,0,0.0,0.0,0.0,1000.0,6.835014505687504,1.0,budget_depleted,1000.0
32,750,45030,0,0,0.0,0.0,0.0,1000.0,6.835014505687504,1.0,budget_depleted,1000.0
32,750,45045,0,0,0.0,0.0,0.0,1000.0,6.835014505687504,1.0,budget_depleted,1000.0
32,751,45060,0,0,0.0,0.0,0.0,1000.0,5.8439374023628154,1.0,budget_depleted,1000.0
32,751,45075,0,0,0.0,0.0,0.0,1000.0,5.8439374023628154,1.0,budget_depleted,1000.0
32,751,45090,0,0,0.0,0.0,0.0,1000.0,5.8439374023628154,1.0,budget_depleted,1000.0
32,751,45105,0,0,0.0,0.0,0.0,1000.0,5.8439374023628154,1.0,budget_depleted,1000.0
32,752,45120,0,0,0.0,0.0,0.0,1000.0,4.996566479020207,1.0,budget_depleted,1000.0
32,752,45135,0,0,0.0,0.0,0.0,1000.0,4.996566479020207,1.0,budget_depleted,1000.0
32,752,45150,0,0,0.0,0.0,0.0,1000.0,4.996566479020207,1.0,budget_depleted,1000.0
32,752,45165,0,0,0.0,0.0,0.0,1000.0,4.996566479020207,1.0,budget_depleted,1000.0
32,753,45180,0,0,0.0,0.0,0.0,1000.0,4.272064339562276,1.0,budget_depleted,1000.0
32,753,45195,0,0,0.0,0.0,0.0,1000.0,4.272064339562276,1.0,budget_depleted,1000.0
32,753,45210,0,0,0.0,0.0,0.0,1000.0,4.272064339562276,1.0,budget_depleted,1000.0
32,753,45225,0,0,0.0,0.0,0.0,1000.0,4.272064339562276,1.0,budget_depleted,1000.0
32,754,45240,0,0,0.0,0.0,0.0,1000.0,3.6526150103257464,1.0,budget_depleted,1000.0
32,754,45255,0,0,0.0,0.0,0.0,1000.0,3.6526150103257464,1.0,budget_depleted,1000.0
32,754,45270,0,0,0.0,0.0,0.0,1000.0,3.6526150103257464,1.0,budget_depleted,1000.0
32,754,45285,0,0,0.0,0.0,0.0,1000.0,3.6526150103257464,1.0,budget_depleted,1000.0
32,755,45300,0,0,0.0,0.0,0.0,1000.0,3.1229858338285132,1.0,budget_depleted,1000.0
32,755,45315,0,0,0.0,0.0,0.0,1000.0,3.1229858338285132,1.0,budget_depleted,1000.0
32,755,45330,0,0,0.0,0.0,0.0,1000.0,3.1229858338285132,1.0,budget_depleted,1000.0
32,755,45345,0,0,0.0,0.0,0.0,1000.0,3.1229858338285132,1.0,budget_depleted,1000.0
32,756,45360,0,0,0.0,0.0,0.0,1000.0,2.670152887923379,1.0,budget_depleted,1000.0
32,756,45375,0,0,0.0,0.0,0.0,1000.0,2.670152887923379,1.0,budget_depleted,1000.0
32,756,45390,0,0,0.0,0.0,0.0,1000.0,2.670152887923379,1.0,budget_depleted,1000.0
32,756,45405,0,0,0.0,0.0,0.0,1000.0,2.670152887923379,1.0,budget_depleted,1000.0
32,757,45420,0,0,0.0,0.0,0.0,1000.0,2.282980719174489,1.0,budget_depleted,1000.0
32,757,45435,0,0,0.0,0.0,0.0,1000.0,2.282980719174489,1.0,budget_depleted,1000.0
32,757,45450,0,0,0.0,0.0,0.0,1000.0,2.282980719174489,1.0,budget_depleted,1000.0
32,757,45465,0,0,0.0,0.0,0.0,1000.0,2.282980719174489,1.0,budget_depleted,1000.0
32,758,45480,0,0,0.0,0.0,0.0,1000.0,1.951948514894188,1.0,budget_depleted,1000.0
32,758,45495,0,0,0.0,0.0,0.0,1000.0,1.951948514894188,1.0,budget_depleted,1000.0
32,758,45510,0,0,0.0,0.0,0.0,1000.0,1.951948514894188,1.0,budget_depleted,1000.0
32,758,45525,0,0,0.0,0.0,0.0,1000.0,1.951948514894188,1.0,budget_depleted,1000.0
32,759,45540,0,0,0.0,0.0,0.0,1000.0,1.6689159802345306,1.0,budget_depleted,1000.0
32,759,45555,0,0,0.0,0.0,0.0,1000.0,1.6689159802345306,1.0,budget_depleted,1000.0
32,759,45570,0,0,0.0,0.0,0.0,1000.0,1.6689159802345306,1.0,budget_depleted,1000.0
32,759,45585,0,0,0.0,0.0,0.0,1000.0,1.6689159802345306,1.0,budget_depleted,1000.0
32,760,45600,0,0,0.0,0.0,0.0,1000.0,1.4269231631005235,1.0,budget_depleted,1000.0
32,760,45615,0,0,0.0,0.0,0.0,1000.0,1.4269231631005235,1.0,budget_depleted,1000.0
32,760,45630,0,0,0.0,0.0,0.0,1000.0,1.4269231631005235,1.0,budget_depleted,1000.0
32,760,45645,0,0,0.0,0.0,0.0,1000.0,1.4269231631005235,1.0,budget_depleted,1000.0
32,761,45660,0,0,0.0,0.0,0.0,1000.0,1.2200193044509475,1.0,budget_depleted,1000.0
32,761,45675,0,0,0.0,0.0,0.0,1000.0,1.2200193044509475,1.0,budget_depleted,1000.0
32,761,45690,0,0,0.0,0.0,0.0,1000.0,1.2200193044509475,1.0,budget_depleted,1000.0
32,761,45705,0,0,0.0,0.0,0.0,1000.0,1.2200193044509475,1.0,budget_depleted,1000.0
32,762,45720,0,0,0.0,0.0,0.0,1000.0,1.04311650530556,1.0,budget_depleted,1000.0
32,762,45735,0,0,0.0,0.0,0.0,1000.0,1.04311650530556,1.0,budget_depleted,1000.0
32,762,45750,0,0,0.0,0.0,0.0,1000.0,1.04311650530556,1.0,budget_depleted,1000.0
32,762,45765,0,0,0.0,0.0,0.0,1000.0,1.04311650530556,1.0,budget_depleted,1000.0
32,763,45780,0,0,0.0,0.0,0.0,1000.0,0.886649029509726,1.0,budget_depleted,1000.0
32,763,45795,0,0,0.0,0.0,0.0,1000.0,0.886649029509726,1.0,budget_depleted,1000.0
32,763,45810,0,0,0.0,0.0,0.0,1000.0,0.886649029509726,1.0,budget_depleted,1000.0
32,763,45825,0,0,0.0,0.0,0.0,1000.0,0.886649029509726,1.0,budget_depleted,1000.0
32,764,45840,0,0,0.0,0.0,0.0,1000.0,0.7536516750832671,1.0,budget_depleted,1000.0
32,764,45855,0,0,0.0,0.0,0.0,1000.0,0.7536516750832671,1.0,budget_depleted,1000.0
32,764,45870,0,0,0.0,0.0,0.0,1000.0,0.7536516750832671,1.0,budget_depleted,1000.0
32,764,45885,0,0,0.0,0.0,0.0,1000.0,0.7536516750832671,1.0,budget_depleted,1000.0
32,765,45900,0,0,0.0,0.0,0.0,1000.0,0.640603923820777,1.0,budget_depleted,1000.0
32,765,45915,0,0,0.0,0.0,0.0,1000.0,0.640603923820777,1.0,budget_depleted,1000.0
32,765,45930,0,0,0.0,0.0,0.0,1000.0,0.640603923820777,1.0,budget_depleted,1000.0
32,765,45945,0,0,0.0,0.0,0.0,1000.0,0.640603923820777,1.0,budget_depleted,1000.0
32,766,45960,0,0,0.0,0.0,0.0,1000.0,0.5445133352476604,1.0,budget_depleted,1000.0
32,766,45975,0,0,0.0,0.0,0.0,1000.0,0.5445133352476604,1.0,budget_depleted,1000.0
32,766,45990,0,0,0.0,0.0,0.0,1000.0,0.5445133352476604,1.0,budget_depleted,1000.0
32,766,46005,0,0,0.0,0.0,0.0,1000.0,0.5445133352476604,1.0,budget_depleted,1000.0
32,767,46020,0,0,0.0,0.0,0.0,1000.0,0.5,1.0,budget_depleted,1000.0
32,767,46035,0,0,0.0,0.0,0.0,1000.0,0.5,1.0,budget_depleted,1000.0
32,767,46050,0,0,0.0,0.0,0.0,1000.0,0.5,1.0,budget_depleted,1000.0
32,767,46065,0,0,0.0,0.0,0.0,1000.0,0.5,1.0,budget_depleted,1000.0
33,768,46080,0,0,0.0,0.0,0.0,1000.0,0.5,1.0,normal,0.0
33,768,46095,1,0,0.5,0.5,0.5,1000.0,0.5,1.0,normal,0.5
33,768,46110,1,0,0.4805,0.4805,0.4805,1000.0,0.5,1.0,normal,0.9805
33,768,46125,2,1,0.944,0.944,0.472,1000.0,0.5,1.0,normal,1.9245
33,769,46140,0,0,0.0,0.0,0.55,1000.0,0.55,1.0,normal,1.9245
33,769,46155,1,0,0.55,0.55,0.55,1000.0,0.55,1.0,normal,2.4745
33,769,46170,3,0,0.2953,0.2953,0.0984,1000.0,0.55,1.0,normal,2.7698
33,769,46185,1,0,0.55,0.55,0.55,1000.0,0.55,1.0,normal,3.3198
33,770,46200,3,0,1.5,1.5,0.5,1000.0,0.5,1.0,normal,4.8198
33,770,46215,2,0,0.8057,0.8057,0.4029,1000.0,0.5,1.0,normal,5.6255
33,770,46230,2,0,1.0,1.0,0.5,1000.0,0.5,1.0,normal,6.6255
33,770,46245,1,0,0.5,0.5,0.5,1000.0,0.5,1.0,normal,7.1255
33,771,46260,1,0,0.5,0.5,0.5,1000.0,0.5,1.0,normal,7.6255
33,771,46275,0,0,0.0,0.0,0.1145,1000.0,0.5,1.0,normal,7.6255
33,771,46290,0,0,0.0,0.0,0.5,1000.0,0.5,1.0,normal,7.6255
33,771,46305,0,0,0.0,0.0,0.5,1000.0,0.5,1.0,normal,7.6255
33,772,46320,2,1,1.1,1.1,0.55,1000.0,0.55,1.0,normal,8.7255
33,772,46335,0,0,0.0,0.0,0.55,1000.0,0.55,1.0,normal,8.7255
33,772,46350,2,0,1.1,1.1,0.55,1000.0,0.55,1.0,normal,9.8255
33,772,46365,2,1,1.1,1.1,0.55,1000.0,0.55,1.0,normal,10.9255
33,773,46380,3,0,1.9965,1.9965,0.6655,1000.0,0.6655000000000002,1.0,normal,12.922
33,773,46395,1,0,0.6655,0.6655,0.6655,1000.0,0.6655000000000002,1.0,normal,13.5875
33,773,46410,0,0,0.0,0.0,0.6655,1000.0,0.6655000000000002,1.0,normal,13.5875
33,773,46425,2,0,0.2852,0.2852,0.1426,1000.0,0.6655000000000002,1.0,normal,13.8727
33,774,46440,1,0,0.5801,0.5801,0.5801,1000.0,0.8052550000000004,1.0,normal,14.4528
33,774,46455,3,0,2.4158,2.4158,0.8053,1000.0,0.8052550000000004,1.0,normal,16.8686
33,774,46470,2,0,1.6105,1.6105,0.8053,1000.0,0.8052550000000004,1.0,normal,18.4791
33,774,46485,4,0,3.221,3.221,0.8053,1000.0,0.8052550000000004,1.0,normal,21.7001
33,775,46500,4,0,3.8974,3.8974,0.9744,1000.0,0.9743585500000007,1.0,normal,25.5975
33,775,46515,3,0,0.6387,0.6387,0.2129,1000.0,0.9743585500000007,1.0,normal,26.2362
33,775,46530,4,0,3.8974,3.8974,0.9744,1000.0,0.9743585500000007,1.0,normal,30.1336
33,775,46545,3,1,2.9231,2.9231,0.9744,1000.0,0.9743585500000007,1.0,normal,33.0567
33,776,46560,2,0,2.3579,2.3579,1.179,1000.0,1.178973845500001,1.0,normal,35.4146
33,776,46575,1,0,1.179,1.179,1.179,1000.0,1.178973845500001,1.0,normal,36.5936
33,776,46590,5,0,5.8949,5.8949,1.179,1000.0,1.178973845500001,1.0,normal,42.4885
33,776,46605,2,0,2.3579,2.3579,1.179,1000.0,1.178973845500001,1.0,normal,44.8464
33,777,46620,7,0,9.9859,9.9859,1.4266,1000.0,1.4265583530550014,1.0,normal,54.8323
33,777,46635,2,0,2.8531,2.8531,1.4266,1000.0,1.4265583530550014,1.0,normal,57.6854
33,777,46650,4,0,5.7062,5.7062,1.4266,1000.0,1.4265583530550014,1.0,normal,63.3916
33,777,46665,6,0,8.5594,8.5594,1.4266,1000.0,1.4265583530550014,1.0,normal,71.951
33,778,46680,2,0,3.4523,3.4523,1.7261,1000.0,1.7261356071965521,1.0,normal,75.4033
33,778,46695,3,0,5.1784,5.1784,1.7261,1000.0,1.7261356071965521,1.0,normal,80.5817
33,778,46710,3,0,2.71,2.71,0.9033,1000.0,1.7261356071965521,1.0,normal,83.2917
33,778,46725,4,0,6.9045,6.9045,1.7261,1000.0,1.7261356071965521,1.0,normal,90.1962
33,779,46740,3,0,6.2659,6.2659,2.0886,1000.0,2.088624084707828,1.0,normal,96.4621
33,779,46755,1,0,0.0553,0.0553,0.0553,1000.0,2.088624084707828,1.0,normal,96.5174
33,779,46770,4,0,5.6455,5.6455,1.4114,1000.0,2.088624084707828,1.0,normal,102.1629
33,779,46785,7,0,10.1398,10.1398,1.4485,1000.0,2.088624084707828,1.0,normal,112.3027
33,780,46800,18,2,23.6471,11.8236,1.3137,1000.0,5.0,1.0,normal,135.9498
33,780,46815,14,0,5.6763,5.6763,0.4055,1000.0,5.0,1.0,normal,141.6261
33,780,46830,17,3,11.9831,3.9944,0.7049,1000.0,5.0,1.0,normal,153.6092
33,780,46845,17,0,17.3145,17.3145,1.0185,1000.0,5.0,1.0,normal,170.9237
33,781,46860,14,1,12.7388,12.7388,0.9099,1000.0,6.050000000000001,1.0,normal,183.6625
33,781,46875,14,0,40.4375,40.4375,2.8884,1000.0,6.050000000000001,1.0,normal,224.1
33,781,46890,15,0,22.2381,22.2381,1.4825,1000.0,6.050000000000001,1.0,normal,246.3381
33,781,46905,16,1,65.7097,65.7097,4.1069,1000.0,6.050000000000001,1.0,normal,312.0478
33,782,46920,25,2,137.8656,68.9328,5.5146,1000.0,7.320500000000002,1.0,normal,449.9134
33,782,46935,17,1,85.5123,85.5123,5.0301,1000.0,7.320500000000002,1.0,normal,535.4257
33,782,46950,23,1,87.618,87.618,3.8095,1000.0,7.320500000000002,1.0,normal,623.0437
33,782,46965,20,2,101.645,50.8225,5.0823,1000.0,7.320500000000002,1.0,normal,724.6887
33,783,46980,13,2,27.1711,13.5856,2.0901,1000.0,8.857805000000003,1.0,normal,751.8598
33,783,46995,22,0,136.5448,136.5448,6.2066,1000.0,8.857805000000003,1.0,normal,888.4046
33,783,47010,21,0,105.4909,105.4909,5.0234,1000.0,8.857805000000003,1.0,budget_constrained,993.8955
33,783,47025,0,0,6.1045,6.1045,6.4062,1000.0,8.857805000000003,1.0,budget_depleted,1000.0
33,784,47040,0,0,0.0,0.0,0.0,1000.0,9.743585500000004,1.0,budget_depleted,1000.0
33,784,47055,0,0,0.0,0.0,0.0,1000.0,9.743585500000004,1.0,budget_depleted,1000.0
33,784,47070,0,0,0.0,0.0,0.0,1000.0,9.743585500000004,1.0,budget_depleted,1000.0
33,784,47085,0,0,0.0,0.0,0.0,1000.0,9.743585500000004,1.0,budget_depleted,1000.0
33,785,47100,0,0,0.0,0.0,0.0,1000.0,10.717944050000005,1.0,budget_depleted,1000.0
33,785,47115,0,0,0.0,0.0,0.0,1000.0,10.717944050000005,1.0,budget_depleted,1000.0
33,785,47130,0,0,0.0,0.0,0.0,1000.0,10.717944050000005,1.0,budget_depleted,1000.0
33,785,47145,0,0,0.0,0.0,0.0,1000.0,10.717944050000005,1.0,budget_depleted,1000.0
33,786,47160,0,0,0.0,0.0,0.0,1000.0,11.789738455000007,1.0,budget_depleted,1000.0
33,786,47175,0,0,0.0,0.0,0.0,1000.0,11.789738455000007,1.0,budget_depleted,1000.0
33,786,47190,0,0,0.0,0.0,0.0,1000.0,11.789738455000007,1.0,budget_depleted,1000.0
33,786,47205,0,0,0.0,0.0,0.0,1000.0,11.789738455000007,1.0,budget_depleted,1000.0
33,787,47220,0,0,0.0,0.0,0.0,1000.0,12.968712300500009,1.0,budget_depleted,1000.0
33,787,47235,0,0,0.0,0.0,0.0,1000.0,12.968712300500009,1.0,budget_depleted,1000.0
33,787,47250,0,0,0.0,0.0,0.0,1000.0,12.968712300500009,1.0,budget_depleted,1000.0
33,787,47265,0,0,0.0,0.0,0.0,1000.0,12.968712300500009,1.0,budget_depleted,1000.0
33,788,47280,0,0,0.0,0.0,0.0,1000.0,14.26558353055001,1.0,budget_depleted,1000.0
33,788,47295,0,0,0.0,0.0,0.0,1000.0,14.26558353055001,1.0,budget_depleted,1000.0
33,788,47310,0,0,0.0,0.0,0.0,1000.0,14.26558353055001,1.0,budget_depleted,1000.0
33,788,47325,0,0,0.0,0.0,0.0,1000.0,14.26558353055001,1.0,budget_depleted,1000.0
33,789,47340,0,0,0.0,0.0,0.0,1000.0,15.692141883605013,1.0,budget_depleted,1000.0
33,789,47355,0,0,0.0,0.0,0.0,1000.0,15.692141883605013,1.0,budget_depleted,1000.0
33,789,47370,0,0,0.0,0.0,0.0,1000.0,15.692141883605013,1.0,budget_depleted,1000.0
33,789,47385,0,0,0.0,0.0,0.0,1000.0,15.692141883605013,1.0,budget_depleted,1000.0
33,790,47400,0,0,0.0,0.0,0.0,1000.0,17.261356071965515,1.0,budget_depleted,1000.0
33,790,47415,0,0,0.0,0.0,0.0,1000.0,17.261356071965515,1.0,budget_depleted,1000.0
33,790,47430,0,0,0.0,0.0,0.0,1000.0,17.261356071965515,1.0,budget_depleted,1000.0
33,790,47445,0,0,0.0,0.0,0.0,1000.0,17.261356071965515,1.0,budget_depleted,1000.0
33,791,47460,0,0,0.0,0.0,0.0,1000.0,18.98749167916207,1.0,budget_depleted,1000.0
33,791,47475,0,0,0.0,0.0,0.0,1000.0,18.98749167916207,1.0,budget_depleted,1000.0
33,791,47490,0,0,0.0,0.0,0.0,1000.0,18.98749167916207,1.0,budget_depleted,1000.0
33,791,47505,0,0,0.0,0.0,0.0,1000.0,18.98749167916207,1.0,budget_depleted,1000.0
34,792,47520,0,0,0.0,0.0,0.0,1000.0,20.0,1.0,normal,0.0
34,792,47535,70,0,489.5723,489.5723,6.9939,1000.0,20.0,1.0,normal,489.5723
34,792,47550,34,0,15.6863,15.6863,0.4614,1000.0,20.0,1.0,normal,505.2586
34,792,47565,51,0,181.6234,181.6234,3.5612,1000.0,20.0,1.0,normal,686.882
34,793,47580,40,0,261.3327,261.3327,6.5333,1000.0,15.299999999999999,1.0,budget_constrained,948.2147
34,793,47595,32,0,35.7331,35.7331,1.1167,1000.0,15.299999999999999,1.0,budget_constrained,983.9478
34,793,47610,2,0,16.0522,16.0522,7.0167,1000.0,15.299999999999999,1.0,budget_depleted,1000.0
34,793,47625,0,0,0.0,0.0,0.0,1000.0,15.299999999999999,1.0,budget_depleted,1000.0
34,794,47640,0,0,0.0,0.0,0.0,1000.0,10.3275,1.0,budget_depleted,1000.0
34,794,47655,0,0,0.0,0.0,0.0,1000.0,10.3275,1.0,budget_depleted,1000.0
34,794,47670,0,0,0.0,0.0,0.0,1000.0,10.3275,1.0,budget_depleted,1000.0
34,794,47685,0,0,0.0,0.0,0.0,1000.0,10.3275,1.0,budget_depleted,1000.0
34,795,47700,0,0,0.0,0.0,0.0,1000.0,6.9710625,1.0,budget_depleted,1000.0
34,795,47715,0,0,0.0,0.0,0.0,1000.0,6.9710625,1.0,budget_depleted,1000.0
34,795,47730,0,0,0.0,0.0,0.0,1000.0,6.9710625,1.0,budget_depleted,1000.0
34,795,47745,0,0,0.0,0.0,0.0,1000.0,6.9710625,1.0,budget_depleted,1000.0
34,796,47760,0,0,0.0,0.0,0.0,1000.0,4.7054671875,1.0,budget_depleted,1000.0
34,796,47775,0,0,0.0,0.0,0.0,1000.0,4.7054671875,1.0,budget_depleted,1000.0
34,796,47790,0,0,0.0,0.0,0.0,1000.0,4.7054671875,1.0,budget_depleted,1000.0
34,796,47805,0,0,0.0,0.0,0.0,1000.0,4.7054671875,1.0,budget_depleted,1000.0
34,797,47820,0,0,0.0,0.0,0.0,1000.0,3.1761903515625,1.0,budget_depleted,1000.0
34,797,47835,0,0,0.0,0.0,0.0,1000.0,3.1761903515625,1.0,budget_depleted,1000.0
34,797,47850,0,0,0.0,0.0,0.0,1000.0,3.1761903515625,1.0,budget_depleted,1000.0
34,797,47865,0,0,0.0,0.0,0.0,1000.0,3.1761903515625,1.0,budget_depleted,1000.0
34,798,47880,0,0,0.0,0.0,0.0,1000.0,2.1439284873046875,1.0,budget_depleted,1000.0
34,798,47895,0,0,0.0,0.0,0.0,1000.0,2.1439284873046875,1.0,budget_depleted,1000.0
34,798,47910,0,0,0.0,0.0,0.0,1000.0,2.1439284873046875,1.0,budget_depleted,1000.0
34,798,47925,0,0,0.0,0.0,0.0,1000.0,2.1439284873046875,1.0,budget_depleted,1000.0
34,799,47940,0,0,0.0,0.0,0.0,1000.0,1.4471517289306641,1.0,budget_depleted,1000.0
34,799,47955,0,0,0.0,0.0,0.0,1000.0,1.4471517289306641,1.0,budget_depleted,1000.0
34,799,47970,0,0,0.0,0.0,0.0,1000.0,1.4471517289306641,1.0,budget_depleted,1000.0
34,799,47985,0,0,0.0,0.0,0.0,1000.0,1.4471517289306641,1.0,budget_depleted,1000.0
34,800,48000,0,0,0.0,0.0,0.0,1000.0,0.9768274170281983,1.0,budget_depleted,1000.0
34,800,48015,0,0,0.0,0.0,0.0,1000.0,0.9768274170281983,1.0,budget_depleted,1000.0
34,800,48030,0,0,0.0,0.0,0.0,1000.0,0.9768274170281983,1.0,budget_depleted,1000.0
34,800,48045,0,0,0.0,0.0,0.0,1000.0,0.9768274170281983,1.0,budget_depleted,1000.0
34,801,48060,0,0,0.0,0.0,0.0,1000.0,0.6593585064940339,1.0,budget_depleted,1000.0
34,801,48075,0,0,0.0,0.0,0.0,1000.0,0.6593585064940339,1.0,budget_depleted,1000.0
34,801,48090,0,0,0.0,0.0,0.0,1000.0,0.6593585064940339,1.0,budget_depleted,1000.0
34,801,48105,0,0,0.0,0.0,0.0,1000.0,0.6593585064940339,1.0,budget_depleted,1000.0
34,802,48120,0,0,0.0,0.0,0.0,1000.0,0.5,1.0,budget_depleted,1000.0
34,802,48135,0,0,0.0,0.0,0.0,1000.0,0.5,1.0,budget_depleted,1000.0
34,802,48150,0,0,0.0,0.0,0.0,1000.0,0.5,1.0,budget_depleted,1000.0
34,802,48165,0,0,0.0,0.0,0.0,1000.0,0.5,1.0,budget_depleted,1000.0
34,803,48180,0,0,0.0,0.0,0.0,1000.0,0.5,1.0,budget_depleted,1000.0
34,803,48195,0,0,0.0,0.0,0.0,1000.0,0.5,1.0,budget_depleted,1000.0
34,803,48210,0,0,0.0,0.0,0.0,1000.0,0.5,1.0,budget_depleted,1000.0
34,803,48225,0,0,0.0,0.0,0.0,1000.0,0.5,1.0,budget_depleted,1000.0
34,804,48240,0,0,0.0,0.0,0.0,1000.0,0.5,1.0,budget_depleted,1000.0
34,804,48255,0,0,0.0,0.0,0.0,1000.0,0.5,1.0,budget_depleted,1000.0
34,804,48270,0,0,0.0,0.0,0.0,1000.0,0.5,1.0,budget_depleted,1000.0
34,804,48285,0,0,0.0,0.0,0.0,1000.0,0.5,1.0,budget_depleted,1000.0
34,805,48300,0,0,0.0,0.0,0.0,1000.0,0.5,1.0,budget_depleted,1000.0
34,805,48315,0,0,0.0,0.0,0.0,1000.0,0.5,1.0,budget_depleted,1000.0
34,805,48330,0,0,0.0,0.0,0.0,1000.0,0.5,1.0,budget_depleted,1000.0
34,805,48345,0,0,0.0,0.0,0.0,1000.0,0.5,1.0,budget_depleted,1000.0
34,806,48360,0,0,0.0,0.0,0.0,1000.0,0.5,1.0,budget_depleted,1000.0
34,806,48375,0,0,0.0,0.0,0.0,1000.0,0.5,1.0,budget_depleted,1000.0
34,806,48390,0,0,0.0,0.0,0.0,1000.0,0.5,1.0,budget_depleted,1000.0
34,806,48405,0,0,0.0,0.0,0.0,1000.0,0.5,1.0,budget_depleted,1000.0
34,807,48420,0,0,0.0,0.0,0.0,1000.0,0.5,1.0,budget_depleted,1000.0
34,807,48435,0,0,0.0,0.0,0.0,1000.0,0.5,1.0,budget_depleted,1000.0
34,807,48450,0,0,0.0,0.0,0.0,1000.0,0.5,1.0,budget_depleted,1000.0
34,807,48465,0,0,0.0,0.0,0.0,1000.0,0.5,1.0,budget_depleted,1000.0
34,808,48480,0,0,0.0,0.0,0.0,1000.0,0.5,1.0,budget_depleted,1000.0
34,808,48495,0,0,0.0,0.0,0.0,1000.0,0.5,1.0,budget_depleted,1000.0
34,808,48510,0,0,0.0,0.0,0.0,1000.0,0.5,1.0,budget_depleted,1000.0
34,808,48525,0,0,0.0,0.0,0.0,1000.0,0.5,1.0,budget_depleted,1000.0
34,809,48540,0,0,0.0,0.0,0.0,1000.0,0.5,1.0,budget_depleted,1000.0
34,809,48555,0,0,0.0,0.0,0.0,1000.0,0.5,1.0,budget_depleted,1000.0
34,809,48570,0,0,0.0,0.0,0.0,1000.0,0.5,1.0,budget_depleted,1000.0
34,809,48585,0,0,0.0,0.0,0.0,1000.0,0.5,1.0,budget_depleted,1000.0
34,810,48600,0,0,0.0,0.0,0.0,1000.0,0.5,1.0,budget_depleted,1000.0
34,810,48615,0,0,0.0,0.0,0.0,1000.0,0.5,1.0,budget_depleted,1000.0
34,810,48630,0,0,0.0,0.0,0.0,1000.0,0.5,1.0,budget_depleted,1000.0
34,810,48645,0,0,0.0,0.0,0.0,1000.0,0.5,1.0,budget_depleted,1000.0
34,811,48660,0,0,0.0,0.0,0.0,1000.0,0.5,1.0,budget_depleted,1000.0
34,811,48675,0,0,0.0,0.0,0.0,1000.0,0.5,1.0,budget_depleted,1000.0
34,811,48690,0,0,0.0,0.0,0.0,1000.0,0.5,1.0,budget_depleted,1000.0
34,811,48705,0,0,0.0,0.0,0.0,1000.0,0.5,1.0,budget_depleted,1000.0
34,812,48720,0,0,0.0,0.0,0.0,1000.0,0.5,1.0,budget_depleted,1000.0
34,812,48735,0,0,0.0,0.0,0.0,1000.0,0.5,1.0,budget_depleted,1000.0
34,812,48750,0,0,0.0,0.0,0.0,1000.0,0.5,1.0,budget_depleted,1000.0
34,812,48765,0,0,0.0,0.0,0.0,1000.0,0.5,1.0,budget_depleted,1000.0
34,813,48780,0,0,0.0,0.0,0.0,1000.0,0.5,1.0,budget_depleted,1000.0
34,813,48795,0,0,0.0,0.0,0.0,1000.0,0.5,1.0,budget_depleted,1000.0
34,813,48810,0,0,0.0,0.0,0.0,1000.0,0.5,1.0,budget_depleted,1000.0
34,813,48825,0,0,0.0,0.0,0.0,1000.0,0.5,1.0,budget_depleted,1000.0
34,814,48840,0,0,0.0,0.0,0.0,1000.0,0.5,1.0,budget_depleted,1000.0
34,814,48855,0,0,0.0,0.0,0.0,1000.0,0.5,1.0,budget_depleted,1000.0
34,814,48870,0,0,0.0,0.0,0.0,1000.0,0.5,1.0,budget_depleted,1000.0
34,814,48885,0,0,0.0,0.0,0.0,1000.0,0.5,1.0,budget_depleted,1000.0
34,815,48900,0,0,0.0,0.0,0.0,1000.0,0.5,1.0,budget_depleted,1000.0
34,815,48915,0,0,0.0,0.0,0.0,1000.0,0.5,1.0,budget_depleted,1000.0
34,815,48930,0,0,0.0,0.0,0.0,1000.0,0.5,1.0,budget_depleted,1000.0
34,815,48945,0,0,0.0,0.0,0.0,1000.0,0.5,1.0,budget_depleted,1000.0
35,816,48960,0,0,0.0,0.0,0.0,1000.0,0.5,1.0,normal,0.0
35,816,48975,0,0,0.0,0.0,0.2258,1000.0,0.5,1.0,normal,0.0
35,816,48990,1,0,0.5,0.5,0.5,1000.0,0.5,1.0,normal,0.5
35,816,49005,4,0,0.9979,0.9979,0.2495,1000.0,0.5,1.0,normal,1.4979
35,817,49020,0,0,0.0,0.0,0.5,1000.0,0.5,1.0,normal,1.4979
35,817,49035,2,0,0.0779,0.0779,0.039,1000.0,0.5,1.0,normal,1.5758
35,817,49050,4,0,2.0,2.0,0.5,1000.0,0.5,1.0,normal,3.5758
35,817,49065,1,0,0.5,0.5,0.5,1000.0,0.5,1.0,normal,4.0758
35,818,49080,0,0,0.0,0.0,0.2649,1000.0,0.55,1.0,normal,4.0758
35,818,49095,2,0,1.1,1.1,0.55,1000.0,0.55,1.0,normal,5.1758
35,818,49110,0,0,0.0,0.0,0.55,1000.0,0.55,1.0,normal,5.1758
35,818,49125,0,0,0.0,0.0,0.1007,1000.0,0.55,1.0,normal,5.1758
35,819,49140,0,0,0.0,0.0,0.5633,1000.0,0.6050000000000001,1.0,normal,5.1758
35,819,49155,3,0,0.7251,0.7251,0.2417,1000.0,0.6050000000000001,1.0,normal,5.9009
35,819,49170,3,0,1.0924,1.0924,0.3641,1000.0,0.6050000000000001,1.0,normal,6.9933
35,819,49185,1,0,0.605,0.605,0.605,1000.0,0.6050000000000001,1.0,normal,7.5983
35,820,49200,3,0,1.9965,1.9965,0.6655,1000.0,0.6655000000000002,1.0,normal,9.5948
35,820,49215,3,0,1.9965,1.9965,0.6655,1000.0,0.6655000000000002,1.0,normal,11.5913
35,820,49230,1,0,0.6655,0.6655,0.6655,1000.0,0.6655000000000002,1.0,normal,12.2568
35,820,49245,2,0,0.9828,0.9828,0.4914,1000.0,0.6655000000000002,1.0,normal,13.2396
35,821,49260,4,0,2.9282,2.9282,0.7321,1000.0,0.7320500000000003,1.0,normal,16.1678
35,821,49275,1,0,0.7321,0.7321,0.7321,1000.0,0.7320500000000003,1.0,normal,16.8999
35,821,49290,7,0,5.1244,5.1244,0.7321,1000.0,0.7320500000000003,1.0,normal,22.0243
35,821,49305,3,0,2.1962,2.1962,0.7321,1000.0,0.7320500000000003,1.0,normal,24.2205
35,822,49320,1,0,0.1231,0.1231,0.1231,1000.0,0.8052550000000004,1.0,normal,24.3436
35,822,49335,1,0,0.8053,0.8053,0.8053,1000.0,0.8052550000000004,1.0,normal,25.1489
35,822,49350,0,0,0.0,0.0,0.8053,1000.0,0.8052550000000004,1.0,normal,25.1489
35,822,49365,4,0,3.221,3.221,0.8053,1000.0,0.8052550000000004,1.0,normal,28.3699
35,823,49380,6,0,0.4134,0.4134,0.0689,1000.0,0.8857805000000005,1.0,normal,28.7833
35,823,49395,3,1,2.6573,2.6573,0.8858,1000.0,0.8857805000000005,1.0,normal,31.4406
35,823,49410,2,0,1.6841,1.6841,0.842,1000.0,0.8857805000000005,1.0,normal,33.1247
35,823,49425,1,0,0.7567,0.7567,0.7567,1000.0,0.8857805000000005,1.0,normal,33.8814
35,824,49440,2,0,2.1436,2.1436,1.0718,1000.0,1.0717944050000008,1.0,normal,36.025
35,824,49455,3,0,1.6701,1.6701,0.5567,1000.0,1.0717944050000008,1.0,normal,37.6951
35,824,49470,1,0,1.0718,1.0718,1.0718,1000.0,1.0717944050000008,1.0,normal,38.7669
35,824,49485,3,0,0.2601,0.2601,0.0867,1000.0,1.0717944050000008,1.0,normal,39.027
35,825,49500,2,0,2.5937,2.5937,1.2969,1000.0,1.2968712300500012,1.0,normal,41.6207
35,825,49515,2,0,2.5937,2.5937,1.2969,1000.0,1.2968712300500012,1.0,normal,44.2144
35,825,49530,6,0,7.7812,7.7812,1.2969,1000.0,1.2968712300500012,1.0,normal,51.9956
35,825,49545,3,0,3.8906,3.8906,1.2969,1000.0,1.2968712300500012,1.0,normal,55.8862
35,826,49560,1,0,1.5692,1.5692,1.5692,1000.0,1.5692141883605017,1.0,normal,57.4554
35,826,49575,4,0,6.2769,6.2769,1.5692,1000.0,1.5692141883605017,1.0,normal,63.7323
35,826,49590,7,0,10.9845,10.9845,1.5692,1000.0,1.5692141883605017,1.0,normal,74.7168
35,826,49605,6,0,7.2604,7.2604,1.2101,1000.0,1.5692141883605017,1.0,normal,81.9772
35,827,49620,3,0,1.5181,1.5181,0.506,1000.0,1.6398288268367245,1.0,normal,83.4953
35,827,49635,7,0,11.4788,11.4788,1.6398,1000.0,1.6398288268367245,1.0,normal,94.9741
35,827,49650,11,1,2.2234,2.2234,0.2021,1000.0,1.6398288268367245,1.0,normal,97.1975
35,827,49665,3,1,4.9195,4.9195,1.6398,1000.0,1.6398288268367245,1.0,normal,102.117
35,828,49680,20,1,13.8188,13.8188,0.6909,1000.0,5.0,1.0,normal,115.9358
35,828,49695,6,0,30.0,30.0,5.0,1000.0,5.0,1.0,normal,145.9358
35,828,49710,13,3,15.4593,5.1531,1.1892,1000.0,5.0,1.0,normal,161.3951
35,828,49725,9,0,26.7152,26.7152,2.9684,1000.0,5.0,1.0,normal,188.1103
35,829,49740,13,0,57.0418,57.0418,4.3878,1000.0,6.050000000000001,1.0,normal,245.1521
35,829,49755,15,0,2.397,2.397,0.1598,1000.0,6.050000000000001,1.0,normal,247.5491
35,829,49770,25,1,39.7043,39.7043,1.5882,1000.0,6.050000000000001,1.0,normal,287.2534
35,829,49785,30,0,180.3562,180.3562,6.0119,1000.0,6.050000000000001,1.0,normal,467.6096
35,830,49800,14,2,74.3276,37.1638,5.3091,1000.0,7.320500000000002,1.0,normal,541.9372
35,830,49815,20,0,76.6126,76.6126,3.8306,1000.0,7.320500000000002,1.0,normal,618.5498
35,830,49830,18,0,4.907,4.907,0.2726,1000.0,7.320500000000002,1.0,normal,623.4568
35,830,49845,19,1,43.4886,43.4886,2.2889,1000.0,7.320500000000002,1.0,normal,666.9454
35,831,49860,19,0,95.7179,95.7179,5.0378,1000.0,8.857805000000003,1.0,normal,762.6633
35,831,49875,32,2,207.5984,103.7992,6.4875,1000.0,8.857805000000003,1.0,budget_constrained,970.2617
35,831,49890,3,0,29.7383,29.7383,7.5713,1000.0,8.857805000000003,1.0,budget_depleted,1000.0
35,831,49905,0,0,0.0,0.0,0.0,1000.0,8.857805000000003,1.0,budget_depleted,1000.0
35,832,49920,0,0,0.0,0.0,0.0,1000.0,8.857805000000003,1.0,budget_depleted,1000.0
35,832,49935,0,0,0.0,0.0,0.0,1000.0,8.857805000000003,1.0,budget_depleted,1000.0
35,832,49950,0,0,0.0,0.0,0.0,1000.0,8.857805000000003,1.0,budget_depleted,1000.0
35,832,49965,0,0,0.0,0.0,0.0,1000.0,8.857805000000003,1.0,budget_depleted,1000.0
35,833,49980,0,0,0.0,0.0,0.0,1000.0,8.857805000000003,1.0,budget_depleted,1000.0
35,833,49995,0,0,0.0,0.0,0.0,1000.0,8.857805000000003,1.0,budget_depleted,1000.0
35,833,50010,0,0,0.0,0.0,0.0,1000.0,8.857805000000003,1.0,budget_depleted,1000.0
35,833,50025,0,0,0.0,0.0,0.0,1000.0,8.857805000000003,1.0,budget_depleted,1000.0
35,834,50040,0,0,0.0,0.0,0.0,1000.0,8.857805000000003,1.0,budget_depleted,1000.0
35,834,50055,0,0,0.0,0.0,0.0,1000.0,8.857805000000003,1.0,budget_depleted,1000.0
35,834,50070,0,0,0.0,0.0,0.0,1000.0,8.857805000000003,1.0,budget_depleted,1000.0
35,834,50085,0,0,0.0,0.0,0.0,1000.0,8.857805000000003,1.0,budget_depleted,1000.0
35,835,50100,0,0,0.0,0.0,0.0,1000.0,8.857805000000003,1.0,budget_depleted,1000.0
35,835,50115,0,0,0.0,0.0,0.0,1000.0,8.857805000000003,1.0,budget_depleted,1000.0
35,835,50130,0,0,0.0,0.0,0.0,1000.0,8.857805000000003,1.0,budget_depleted,1000.0
35,835,50145,0,0,0.0,0.0,0.0,1000.0,8.857805000000003,1.0,budget_depleted,1000.0
35,836,50160,0,0,0.0,0.0,0.0,1000.0,8.857805000000003,1.0,budget_depleted,1000.0
35,836,50175,0,0,0.0,0.0,0.0,1000.0,8.857805000000003,1.0,budget_depleted,1000.0
35,836,50190,0,0,0.0,0.0,0.0,1000.0,8.857805000000003,1.0,budget_depleted,1000.0
35,836,50205,0,0,0.0,0.0,0.0,1000.0,8.857805000000003,1.0,budget_depleted,1000.0
35,837,50220,0,0,0.0,0.0,0.0,1000.0,8.857805000000003,1.0,budget_depleted,1000.0
35,837,50235,0,0,0.0,0.0,0.0,1000.0,8.857805000000003,1.0,budget_depleted,1000.0
35,837,50250,0,0,0.0,0.0,0.0,1000.0,8.857805000000003,1.0,budget_depleted,1000.0
35,837,50265,0,0,0.0,0.0,0.0,1000.0,8.857805000000003,1.0,budget_depleted,1000.0
35,838,50280,0,0,0.0,0.0,0.0,1000.0,8.857805000000003,1.0,budget_depleted,1000.0
35,838,50295,0,0,0.0,0.0,0.0,1000.0,8.857805000000003,1.0,budget_depleted,1000.0
35,838,50310,0,0,0.0,0.0,0.0,1000.0,8.857805000000003,1.0,budget_depleted,1000.0
35,838,50325,0,0,0.0,0.0,0.0,1000.0,8.857805000000003,1.0,budget_depleted,1000.0
35,839,50340,0,0,0.0,0.0,0.0,1000.0,8.857805000000003,1.0,budget_depleted,1000.0
35,839,50355,0,0,0.0,0.0,0.0,1000.0,8.857805000000003,1.0,budget_depleted,1000.0
35,839,50370,0,0,0.0,0.0,0.0,1000.0,8.857805000000003,1.0,budget_depleted,1000.0
35,839,50385,0,0,0.0,0.0,0.0,1000.0,8.857805000000003,1.0,budget_depleted,1000.0
36,840,50400,0,0,0.0,0.0,0.0,700.0,8.857805000000003,1.0,normal,0.0
36,840,50415,26,0,58.351,58.351,2.2443,700.0,8.857805000000003,1.0,normal,58.351
36,840,50430,31,1,70.0499,70.0499,2.2597,700.0,8.857805000000003,1.0,normal,128.4009
36,840,50445,21,0,69.0424,69.0424,3.2877,700.0,8.857805000000003,1.0,normal,197.4433
36,841,50460,18,0,51.2354,51.2354,2.8464,700.0,7.573423275000002,1.0,normal,248.6787
36,841,50475,17,0,56.6946,56.6946,3.335,700.0,7.573423275000002,1.0,normal,305.3733
36,841,50490,17,1,8.6229,8.6229,0.5072,700.0,7.573423275000002,1.0,normal,313.9962
36,841,50505,16,1,32.9495,32.9495,2.0593,700.0,7.573423275000002,1.0,normal,346.9457
36,842,50520,20,1,124.2165,124.2165,6.2108,700.0,6.475276900125002,1.0,normal,471.1622
36,842,50535,9,0,42.024,42.024,4.6693,700.0,6.475276900125002,1.0,normal,513.1862
36,842,50550,21,0,6.4448,6.4448,0.3069,700.0,6.475276900125002,1.0,normal,519.631
36,842,50565,8,0,46.8732,46.8732,5.8591,700.0,6.475276900125002,1.0,normal,566.5042
36,843,50580,11,0,9.4812,9.4812,0.8619,700.0,4.953586828595627,1.0,normal,575.9854
36,843,50595,13,1,59.0301,59.0301,4.5408,700.0,4.953586828595627,1.0,budget_constrained,635.0155
36,843,50610,10,0,3.3066,3.3066,0.3307,700.0,4.953586828595627,1.0,budget_constrained,638.3221
36,843,50625,11,0,13.3792,13.3792,1.2163,700.0,4.953586828595627,1.0,budget_constrained,651.7013
36,844,50640,8,0,28.8552,28.8552,3.6069,700.0,3.7894939238756553,1.0,budget_constrained,680.5565
36,844,50655,7,0,19.4435,19.4435,2.6068,700.0,3.7894939238756553,1.0,budget_constrained,700.0
36,844,50670,0,0,0.0,0.0,2.0423,700.0,3.7894939238756553,1.0,budget_constrained,700.0
36,844,50685,0,0,0.0,0.0,0.6943,700.0,3.7894939238756553,1.0,budget_constrained,700.0
36,845,50700,0,0,0.0,0.0,0.9433,700.0,2.8989628517648764,1.0,budget_constrained,700.0
36,845,50715,0,0,0.0,0.0,0.944,700.0,2.8989628517648764,1.0,budget_constrained,700.0
36,845,50730,0,0,0.0,0.0,2.899,700.0,2.8989628517648764,1.0,budget_constrained,700.0
36,845,50745,0,0,0.0,0.0,2.899,700.0,2.8989628517648764,1.0,budget_constrained,700.0
36,846,50760,0,0,0.0,0.0,0.4083,700.0,2.2177065816001305,1.0,budget_constrained,700.0
36,846,50775,0,0,0.0,0.0,1.2582,700.0,2.2177065816001305,1.0,budget_constrained,700.0
36,846,50790,0,0,0.0,0.0,0.8183,700.0,2.2177065816001305,1.0,budget_constrained,700.0
36,846,50805,0,0,0.0,0.0,2.2177,700.0,2.2177065816001305,1.0,budget_constrained,700.0
36,847,50820,0,0,0.0,0.0,1.6965,700.0,1.6965455349240999,1.0,budget_constrained,700.0
36,847,50835,0,0,0.0,0.0,0.3912,700.0,1.6965455349240999,1.0,budget_constrained,700.0
36,847,50850,0,0,0.0,0.0,1.1074,700.0,1.6965455349240999,1.0,budget_constrained,700.0
36,847,50865,0,0,0.0,0.0,0.4764,700.0,1.6965455349240999,1.0,budget_constrained,700.0
36,848,50880,0,0,0.0,0.0,1.2979,700.0,1.2978573342169364,1.0,budget_constrained,700.0
36,848,50895,0,0,0.0,0.0,1.2979,700.0,1.2978573342169364,1.0,budget_constrained,700.0
36,848,50910,0,0,0.0,0.0,1.0528,700.0,1.2978573342169364,1.0,budget_constrained,700.0
36,848,50925,0,0,0.0,0.0,1.2979,700.0,1.2978573342169364,1.0,budget_constrained,700.0
36,849,50940,0,0,0.0,0.0,0.5542,700.0,0.9928608606759564,1.0,budget_constrained,700.0
36,849,50955,0,0,0.0,0.0,0.9929,700.0,0.9928608606759564,1.0,budget_constrained,700.0
36,849,50970,0,0,0.0,0.0,0.9929,700.0,0.9928608606759564,1.0,budget_constrained,700.0
36,849,50985,0,0,0.0,0.0,0.9929,700.0,0.9928608606759564,1.0,budget_constrained,700.0
36,850,51000,0,0,0.0,0.0,0.7595,700.0,0.7595385584171066,1.0,budget_constrained,700.0
36,850,51015,0,0,0.0,0.0,0.7595,700.0,0.7595385584171066,1.0,budget_constrained,700.0
36,850,51030,0,0,0.0,0.0,0.7595,700.0,0.7595385584171066,1.0,budget_constrained,700.0
36,850,51045,0,0,0.0,0.0,0.7595,700.0,0.7595385584171066,1.0,budget_constrained,700.0
36,851,51060,0,0,0.0,0.0,0.0319,700.0,0.5810469971890866,1.0,budget_constrained,700.0
36,851,51075,0,0,0.0,0.0,0.581,700.0,0.5810469971890866,1.0,budget_constrained,700.0
36,851,51090,0,0,0.0,0.0,0.581,700.0,0.5810469971890866,1.0,budget_constrained,700.0
36,851,51105,0,0,0.0,0.0,0.1994,700.0,0.5810469971890866,1.0,budget_constrained,700.0
36,852,51120,0,0,0.0,0.0,0.5,700.0,0.5,1.0,budget_constrained,700.0
36,852,51135,0,0,0.0,0.0,0.5,700.0,0.5,1.0,budget_constrained,700.0
36,852,51150,0,0,0.0,0.0,0.5,700.0,0.5,1.0,budget_constrained,700.0
36,852,51165,0,0,0.0,0.0,0.5,700.0,0.5,1.0,budget_constrained,700.0
36,853,51180,0,0,0.0,0.0,0.5,700.0,0.5,1.0,budget_constrained,700.0
36,853,51195,0,0,0.0,0.0,0.0542,700.0,0.5,1.0,budget_constrained,700.0
36,853,51210,0,0,0.0,0.0,0.5,700.0,0.5,1.0,budget_constrained,700.0
36,853,51225,0,0,0.0,0.0,0.3163,700.0,0.5,1.0,budget_constrained,700.0
36,854,51240,0,0,0.0,0.0,0.5,700.0,0.5,1.0,budget_constrained,700.0
36,854,51255,0,0,0.0,0.0,0.025,700.0,0.5,1.0,budget_constrained,700.0
36,854,51270,0,0,0.0,0.0,0.5,700.0,0.5,1.0,budget_constrained,700.0
36,854,51285,0,0,0.0,0.0,0.5,700.0,0.5,1.0,budget_constrained,700.0
36,855,51300,0,0,0.0,0.0,0.5,700.0,0.5,1.0,budget_constrained,700.0
36,855,51315,0,0,0.0,0.0,0.1922,700.0,0.5,1.0,budget_constrained,700.0
36,855,51330,0,0,0.0,0.0,0.5,700.0,0.5,1.0,budget_constrained,700.0
36,855,51345,0,0,0.0,0.0,0.5,700.0,0.5,1.0,budget_constrained,700.0
36,856,51360,0,0,0.0,0.0,0.5,700.0,0.5,1.0,budget_constrained,700.0
36,856,51375,0,0,0.0,0.0,0.5,700.0,0.5,1.0,budget_constrained,700.0
36,856,51390,0,0,0.0,0.0,0.5,700.0,0.5,1.0,budget_constrained,700.0
36,856,51405,0,0,0.0,0.0,0.5,700.0,0.5,1.0,budget_constrained,700.0
36,857,51420,0,0,0.0,0.0,0.5,700.0,0.5,1.0,budget_constrained,700.0
36,857,51435,0,0,0.0,0.0,0.5,700.0,0.5,1.0,budget_constrained,700.0
36,857,51450,0,0,0.0,0.0,0.5,700.0,0.5,1.0,budget_constrained,700.0
36,857,51465,0,0,0.0,0.0,0.5,700.0,0.5,1.0,budget_constrained,700.0
36,858,51480,0,0,0.0,0.0,0.5,700.0,0.5,1.0,budget_constrained,700.0
36,858,51495,0,0,0.0,0.0,0.5,700.0,0.5,1.0,budget_constrained,700.0
36,858,51510,0,0,0.0,0.0,0.4604,700.0,0.5,1.0,budget_constrained,700.0
36,858,51525,0,0,0.0,0.0,0.5,700.0,0.5,1.0,budget_constrained,700.0
36,859,51540,0,0,0.0,0.0,0.5,700.0,0.5,1.0,budget_constrained,700.0
36,859,51555,0,0,0.0,0.0,0.0605,700.0,0.5,1.0,budget_constrained,700.0
36,859,51570,0,0,0.0,0.0,0.5,700.0,0.5,1.0,budget_constrained,700.0
36,859,51585,0,0,0.0,0.0,0.5,700.0,0.5,1.0,budget_constrained,700.0
36,860,51600,0,0,0.0,0.0,0.5,700.0,0.5,1.0,budget_constrained,700.0
36,860,51615,0,0,0.0,0.0,0.5,700.0,0.5,1.0,budget_constrained,700.0
36,860,51630,0,0,0.0,0.0,0.5,700.0,0.5,1.0,budget_constrained,700.0
36,860,51645,0,0,0.0,0.0,0.5,700.0,0.5,1.0,budget_constrained,700.0
36,861,51660,0,0,0.0,0.0,0.5,700.0,0.5,1.0,budget_constrained,700.0
36,861,51675,0,0,0.0,0.0,0.5,700.0,0.5,1.0,budget_constrained,700.0
36,861,51690,0,0,0.0,0.0,0.3914,700.0,0.5,1.0,budget_constrained,700.0
36,861,51705,0,0,0.0,0.0,0.5,700.0,0.5,1.0,budget_constrained,700.0
36,862,51720,0,0,0.0,0.0,0.4962,700.0,0.5,1.0,budget_constrained,700.0
36,862,51735,0,0,0.0,0.0,0.5,700.0,0.5,1.0,budget_constrained,700.0
36,862,51750,0,0,0.0,0.0,0.5,700.0,0.5,1.0,budget_constrained,700.0
36,862,51765,0,0,0.0,0.0,0.292,700.0,0.5,1.0,budget_constrained,700.0
36,863,51780,0,0,0.0,0.0,0.5,700.0,0.5,1.0,budget_constrained,700.0
36,863,51795,0,0,0.0,0.0,0.5,700.0,0.5,1.0,budget_constrained,700.0
36,863,51810,0,0,0.0,0.0,0.5,700.0,0.5,1.0,budget_constrained,700.0
36,863,51825,0,0,0.0,0.0,0.5,700.0,0.5,1.0,budget_constrained,700.0
37,864,51840,0,0,0.0,0.0,0.5,700.0,0.5,1.0,normal,0.0
37,864,51855,0,0,0.0,0.0,0.4982,700.0,0.5,1.0,normal,0.0
37,864,51870,2,0,1.0,1.0,0.5,700.0,0.5,1.0,normal,1.0
37,864,51885,1,1,0.5,0.5,0.5,700.0,0.5,1.0,normal,1.5
37,865,51900,1,0,0.5,0.5,0.5,700.0,0.5,1.0,normal,2.0
37,865,51915,2,0,1.0,1.0,0.5,700.0,0.5,1.0,normal,3.0
37,865,51930,1,0,0.5,0.5,0.5,700.0,0.5,1.0,normal,3.5
37,865,51945,1,0,0.5,0.5,0.5,700.0,0.5,1.0,normal,4.0
37,866,51960,1,0,0.5,0.5,0.5,700.0,0.5,1.0,normal,4.5
37,866,51975,0,0,0.0,0.0,0.5,700.0,0.5,1.0,normal,4.5
37,866,51990,1,0,0.5,0.5,0.5,700.0,0.5,1.0,normal,5.0
37,866,52005,1,0,0.5,0.5,0.5,700.0,0.5,1.0,normal,5.5
37,867,52020,1,0,0.55,0.55,0.55,700.0,0.55,1.0,normal,6.05
37,867,52035,1,0,0.55,0.55,0.55,700.0,0.55,1.0,normal,6.6
37,867,52050,1,0,0.55,0.55,0.55,700.0,0.55,1.0,normal,7.15
37,867,52065,0,0,0.0,0.0,0.55,700.0,0.55,1.0,normal,7.15
37,868,52080,0,0,0.0,0.0,0.6655,700.0,0.6655000000000002,1.0,normal,7.15
37,868,52095,2,0,1.331,1.331,0.6655,700.0,0.6655000000000002,1.0,normal,8.481
37,868,52110,5,0,3.3275,3.3275,0.6655,700.0,0.6655000000000002,1.0,normal,11.8085
37,868,52125,2,0,1.331,1.331,0.6655,700.0,0.6655000000000002,1.0,normal,13.1395
37,869,52140,1,0,0.6199,0.6199,0.6199,700.0,0.8052550000000004,1.0,normal,13.7594
37,869,52155,1,1,0.7591,0.7591,0.7591,700.0,0.8052550000000004,1.0,normal,14.5185
37,869,52170,3,0,2.4158,2.4158,0.8053,700.0,0.8052550000000004,1.0,normal,16.9343
37,869,52185,1,0,0.8053,0.8053,0.8053,700.0,0.8052550000000004,1.0,normal,17.7396
37,870,52200,1,0,0.9744,0.9744,0.9744,700.0,0.9743585500000007,1.0,normal,18.714
37,870,52215,0,0,0.0,0.0,0.9744,700.0,0.9743585500000007,1.0,normal,18.714
37,870,52230,1,0,0.3468,0.3468,0.3468,700.0,0.9743585500000007,1.0,normal,19.0608
37,870,52245,3,0,2.9231,2.9231,0.9744,700.0,0.9743585500000007,1.0,normal,21.9839
37,871,52260,3,0,3.5369,3.5369,1.179,700.0,1.178973845500001,1.0,normal,25.5208
37,871,52275,6,0,7.0738,7.0738,1.179,700.0,1.178973845500001,1.0,normal,32.5946
37,871,52290,1,0,1.179,1.179,1.179,700.0,1.178973845500001,1.0,normal,33.7736
37,871,52305,7,0,8.2528,8.2528,1.179,700.0,1.178973845500001,1.0,normal,42.0264
37,872,52320,8,0,11.4125,11.4125,1.4266,700.0,1.4265583530550014,1.0,normal,53.4389
37,872,52335,0,0,0.0,0.0,1.4266,700.0,1.4265583530550014,1.0,normal,53.4389
37,872,52350,2,0,0.1933,0.1933,0.0966,700.0,1.4265583530550014,1.0,normal,53.6322
37,872,52365,3,1,2.572,2.572,0.8573,700.0,1.4265583530550014,1.0,normal,56.2042
37,873,52380,4,0,1.7002,1.7002,0.4251,700.0,1.7261356071965521,1.0,normal,57.9044
37,873,52395,6,0,10.3568,10.3568,1.7261,700.0,1.7261356071965521,1.0,normal,68.2612
37,873,52410,6,0,3.4183,3.4183,0.5697,700.0,1.7261356071965521,1.0,normal,71.6795
37,873,52425,3,0,3.0273,3.0273,1.0091,700.0,1.7261356071965521,1.0,normal,74.7068
37,874,52440,9,0,4.0458,4.0458,0.4495,700.0,2.088624084707828,1.0,normal,78.7526
37,874,52455,5,0,2.2231,2.2231,0.4446,700.0,2.088624084707828,1.0,normal,80.9757
37,874,52470,6,0,12.5317,12.5317,2.0886,700.0,2.088624084707828,1.0,normal,93.5074
37,874,52485,4,0,3.0478,3.0478,0.762,700.0,2.088624084707828,1.0,normal,96.5552
37,875,52500,7,0,17.6906,17.6906,2.5272,700.0,2.527235142496472,1.0,normal,114.2458
37,875,52515,3,1,5.6263,5.6263,1.8754,700.0,2.527235142496472,1.0,normal,119.8721
37,875,52530,6,1,15.1634,15.1634,2.5272,700.0,2.527235142496472,1.0,normal,135.0355
37,875,52545,10,0,25.2724,25.2724,2.5272,700.0,2.527235142496472,1.0,normal,160.3079
37,876,52560,12,0,6.8595,6.8595,0.5716,700.0,5.0,1.0,normal,167.1674
37,876,52575,14,0,57.0707,57.0707,4.0765,700.0,5.0,1.0,normal,224.2381
37,876,52590,12,0,19.5405,19.5405,1.6284,700.0,5.0,1.0,normal,243.7786
37,876,52605,13,1,50.3397,50.3397,3.8723,700.0,5.0,1.0,normal,294.1183
37,877,52620,18,2,58.0304,29.0152,3.2239,700.0,6.050000000000001,1.0,normal,352.1487
37,877,52635,16,0,74.4626,74.4626,4.6539,700.0,6.050000000000001,1.0,normal,426.6113
37,877,52650,18,0,108.9,108.9,6.05,700.0,6.050000000000001,1.0,normal,535.5113
37,877,52665,18,0,49.9581,49.9581,2.7754,700.0,6.050000000000001,1.0,normal,585.4694
37,878,52680,17,2,64.3487,32.1744,3.7852,700.0,6.655000000000001,1.0,budget_constrained,649.8181
37,878,52695,14,1,13.5705,13.5705,0.9693,700.0,6.655000000000001,1.0,budget_constrained,663.3886
37,878,52710,8,0,36.6114,36.6114,4.3865,700.0,6.655000000000001,1.0,budget_depleted,700.0
37,878,52725,0,0,0.0,0.0,0.0,700.0,6.655000000000001,1.0,budget_depleted,700.0
37,879,52740,0,0,0.0,0.0,0.0,700.0,7.320500000000002,1.0,budget_depleted,700.0
37,879,52755,0,0,0.0,0.0,0.0,700.0,7.320500000000002,1.0,budget_depleted,700.0
37,879,52770,0,0,0.0,0.0,0.0,700.0,7.320500000000002,1.0,budget_depleted,700.0
37,879,52785,0,0,0.0,0.0,0.0,700.0,7.320500000000002,1.0,budget_depleted,700.0
37,880,52800,0,0,0.0,0.0,0.0,700.0,8.052550000000002,1.0,budget_depleted,700.0
37,880,52815,0,0,0.0,0.0,0.0,700.0,8.052550000000002,1.0,budget_depleted,700.0
37,880,52830,0,0,0.0,0.0,0.0,700.0,8.052550000000002,1.0,budget_depleted,700.0
37,880,52845,0,0,0.0,0.0,0.0,700.0,8.052550000000002,1.0,budget_depleted,700.0
37,881,52860,0,0,0.0,0.0,0.0,700.0,8.857805000000003,1.0,budget_depleted,700.0
37,881,52875,0,0,0.0,0.0,0.0,700.0,8.857805000000003,1.0,budget_depleted,700.0
37,881,52890,0,0,0.0,0.0,0.0,700.0,8.857805000000003,1.0,budget_depleted,700.0
37,881,52905,0,0,0.0,0.0,0.0,700.0,8.857805000000003,1.0,budget_depleted,700.0
37,882,52920,0,0,0.0,0.0,0.0,700.0,9.743585500000004,1.0,budget_depleted,700.0
37,882,52935,0,0,0.0,0.0,0.0,700.0,9.743585500000004,1.0,budget_depleted,700.0
37,882,52950,0,0,0.0,0.0,0.0,700.0,9.743585500000004,1.0,budget_depleted,700.0
37,882,52965,0,0,0.0,0.0,0.0,700.0,9.743585500000004,1.0,budget_depleted,700.0
37,883,52980,0,0,0.0,0.0,0.0,700.0,10.717944050000005,1.0,budget_depleted,700.0
37,883,52995,0,0,0.0,0.0,0.0,700.0,10.717944050000005,1.0,budget_depleted,700.0
37,883,53010,0,0,0.0,0.0,0.0,700.0,10.717944050000005,1.0,budget_depleted,700.0
37,883,53025,0,0,0.0,0.0,0.0,700.0,10.717944050000005,1.0,budget_depleted,700.0
37,884,53040,0,0,0.0,0.0,0.0,700.0,11.789738455000007,1.0,budget_depleted,700.0
37,884,53055,0,0,0.0,0.0,0.0,700.0,11.789738455000007,1.0,budget_depleted,700.0
37,884,53070,0,0,0.0,0.0,0.0,700.0,11.789738455000007,1.0,budget_depleted,700.0
37,884,53085,0,0,0.0,0.0,0.0,700.0,11.789738455000007,1.0,budget_depleted,700.0
37,885,53100,0,0,0.0,0.0,0.0,700.0,12.968712300500009,1.0,budget_depleted,700.0
37,885,53115,0,0,0.0,0.0,0.0,700.0,12.968712300500009,1.0,budget_depleted,700.0
37,885,53130,0,0,0.0,0.0,0.0,700.0,12.968712300500009,1.0,budget_depleted,700.0
37,885,53145,0,0,0.0,0.0,0.0,700.0,12.968712300500009,1.0,budget_depleted,700.0
37,886,53160,0,0,0.0,0.0,0.0,700.0,14.26558353055001,1.0,budget_depleted,700.0
37,886,53175,0,0,0.0,0.0,0.0,700.0,14.26558353055001,1.0,budget_depleted,700.0
37,886,53190,0,0,0.0,0.0,0.0,700.0,14.26558353055001,1.0,budget_depleted,700.0
37,886,53205,0,0,0.0,0.0,0.0,700.0,14.26558353055001,1.0,budget_depleted,700.0
37,887,53220,0,0,0.0,0.0,0.0,700.0,15.692141883605013,1.0,budget_depleted,700.0
37,887,53235,0,0,0.0,0.0,0.0,700.0,15.692141883605013,1.0,budget_depleted,700.0
37,887,53250,0,0,0.0,0.0,0.0,700.0,15.692141883605013,1.0,budget_depleted,700.0
37,887,53265,0,0,0.0,0.0,0.0,700.0,15.692141883605013,1.0,budget_depleted,700.0
