current_day,current_hour,current_minute,clicks,leads,spend,cpa,realized_cpc,daily_budget,max_bid,volatility,budget_status,current_day_spend
8,168,10080,8,1,36.6781,36.6781,4.5848,1000.0,5.0,1.0,normal,36.6781
8,168,10095,13,0,57.9424,57.9424,4.4571,1000.0,5.0,1.0,normal,94.6205
8,168,10110,18,0,72.1442,72.1442,4.008,1000.0,5.0,1.0,normal,166.7647
8,168,10125,7,0,32.7008,32.7008,4.6715,1000.0,5.0,1.0,normal,199.4655
8,169,10140,21,0,9.9703,9.9703,0.4748,1000.0,5.5,1.0,normal,209.4358
8,169,10155,11,0,1.7988,1.7988,0.1635,1000.0,5.5,1.0,normal,211.2346
8,169,10170,10,0,31.5891,31.5891,3.1589,1000.0,5.5,1.0,normal,242.8237
8,169,10185,11,0,46.3324,46.3324,4.212,1000.0,5.5,1.0,normal,289.1561
8,170,10200,17,0,1.4549,1.4549,0.0856,1000.0,6.050000000000001,1.0,normal,290.611
8,170,10215,9,0,53.6982,53.6982,5.9665,1000.0,6.050000000000001,1.0,normal,344.3092
8,170,10230,11,0,61.8094,61.8094,5.619,1000.0,6.050000000000001,1.0,normal,406.1186
8,170,10245,11,0,66.55,66.55,6.05,1000.0,6.050000000000001,1.0,normal,472.6686
8,171,10260,15,1,64.7965,64.7965,4.3198,1000.0,4.991250000000001,1.0,normal,537.4651
8,171,10275,8,0,5.5484,5.5484,0.6935,1000.0,4.991250000000001,1.0,normal,543.0135
8,171,10290,10,0,23.2586,23.2586,2.3259,1000.0,4.991250000000001,1.0,normal,566.2721
8,171,10305,16,0,33.8322,33.8322,2.1145,1000.0,4.991250000000001,1.0,normal,600.1043
8,172,10320,14,2,39.5571,19.7785,2.8255,1000.0,4.117781250000001,1.0,normal,639.6614
8,172,10335,16,0,52.4191,52.4191,3.2762,1000.0,4.117781250000001,1.0,normal,692.0805
8,172,10350,9,0,0.2992,0.2992,0.0332,1000.0,4.117781250000001,1.0,normal,692.3797
8,172,10365,13,1,53.5312,53.5312,4.1178,1000.0,4.117781250000001,1.0,normal,745.9109
8,173,10380,8,0,27.1774,27.1774,3.3972,1000.0,3.397169531250001,1.0,normal,773.0883
8,173,10395,12,0,10.1749,10.1749,0.8479,1000.0,3.397169531250001,1.0,normal,783.2632
8,173,10410,9,1,17.6714,17.6714,1.9635,1000.0,3.397169531250001,1.0,normal,800.9346
8,173,10425,9,1,12.5828,12.5828,1.3981,1000.0,3.397169531250001,1.0,normal,813.5174
8,174,10440,9,0,18.9568,18.9568,2.1063,1000.0,3.176353511718751,1.0,normal,832.4742
8,174,10455,6,0,6.7197,6.7197,1.12,1000.0,3.176353511718751,1.0,normal,839.1939
8,174,10470,6,0,19.0581,19.0581,3.1764,1000.0,3.176353511718751,1.0,normal,858.252
8,174,10485,6,0,0.7289,0.7289,0.1215,1000.0,3.176353511718751,1.0,normal,858.9809
8,175,10500,5,1,3.2344,3.2344,0.6469,1000.0,2.6999004849609385,1.0,normal,862.2153
8,175,10515,6,0,16.1994,16.1994,2.6999,1000.0,2.6999004849609385,1.0,normal,878.4147
8,175,10530,4,0,10.7996,10.7996,2.6999,1000.0,2.6999004849609385,1.0,normal,889.2143
8,175,10545,6,0,12.3711,12.3711,2.0618,1000.0,2.6999004849609385,1.0,budget_constrained,901.5854
8,176,10560,5,0,6.8975,6.8975,1.3795,1000.0,2.2949154122167976,1.0,budget_constrained,908.4829
8,176,10575,4,0,2.2304,2.2304,0.5576,1000.0,2.2949154122167976,1.0,budget_constrained,910.7133
8,176,10590,6,0,13.7695,13.7695,2.2949,1000.0,2.2949154122167976,1.0,budget_constrained,924.4828
8,176,10605,7,1,3.2267,3.2267,0.461,1000.0,2.2949154122167976,1.0,budget_constrained,927.7095
8,177,10620,6,0,2.3474,2.3474,0.3912,1000.0,2.1801696416059575,1.0,budget_constrained,930.0569
8,177,10635,4,0,8.7207,8.7207,2.1802,1000.0,2.1801696416059575,1.0,budget_constrained,938.7776
8,177,10650,10,0,21.8017,21.8017,2.1802,1000.0,2.1801696416059575,1.0,budget_constrained,960.5793
8,177,10665,8,0,17.4414,17.4414,2.1802,1000.0,2.1801696416059575,1.0,budget_constrained,978.0207
8,178,10680,5,0,9.2657,9.2657,1.8531,1000.0,1.8531441953650638,1.0,budget_constrained,987.2864
8,178,10695,4,0,7.4126,7.4126,1.8531,1000.0,1.8531441953650638,1.0,budget_constrained,994.699
8,178,10710,2,0,1.1873,1.1873,0.5937,1000.0,1.8531441953650638,1.0,budget_constrained,995.8863
8,178,10725,2,0,4.1137,4.1137,1.8531,1000.0,1.8531441953650638,1.0,budget_depleted,1000.0
8,179,10740,0,0,0.0,0.0,0.0,1000.0,1.5751725660603042,1.0,budget_depleted,1000.0
8,179,10755,0,0,0.0,0.0,0.0,1000.0,1.5751725660603042,1.0,budget_depleted,1000.0
8,179,10770,0,0,0.0,0.0,0.0,1000.0,1.5751725660603042,1.0,budget_depleted,1000.0
8,179,10785,0,0,0.0,0.0,0.0,1000.0,1.5751725660603042,1.0,budget_depleted,1000.0
8,180,10800,0,0,0.0,0.0,0.0,1000.0,1.3388966811512586,1.0,budget_depleted,1000.0
8,180,10815,0,0,0.0,0.0,0.0,1000.0,1.3388966811512586,1.0,budget_depleted,1000.0
8,180,10830,0,0,0.0,0.0,0.0,1000.0,1.3388966811512586,1.0,budget_depleted,1000.0
8,180,10845,0,0,0.0,0.0,0.0,1000.0,1.3388966811512586,1.0,budget_depleted,1000.0
8,181,10860,0,0,0.0,0.0,0.0,1000.0,1.1380621789785699,1.0,budget_depleted,1000.0
8,181,10875,0,0,0.0,0.0,0.0,1000.0,1.1380621789785699,1.0,budget_depleted,1000.0
8,181,10890,0,0,0.0,0.0,0.0,1000.0,1.1380621789785699,1.0,budget_depleted,1000.0
8,181,10905,0,0,0.0,0.0,0.0,1000.0,1.1380621789785699,1.0,budget_depleted,1000.0
8,182,10920,0,0,0.0,0.0,0.0,1000.0,0.9673528521317843,1.0,budget_depleted,1000.0
8,182,10935,0,0,0.0,0.0,0.0,1000.0,0.9673528521317843,1.0,budget_depleted,1000.0
8,182,10950,0,0,0.0,0.0,0.0,1000.0,0.9673528521317843,1.0,budget_depleted,1000.0
8,182,10965,0,0,0.0,0.0,0.0,1000.0,0.9673528521317843,1.0,budget_depleted,1000.0
8,183,10980,0,0,0.0,0.0,0.0,1000.0,0.8222499243120167,1.0,budget_depleted,1000.0
8,183,10995,0,0,0.0,0.0,0.0,1000.0,0.8222499243120167,1.0,budget_depleted,1000.0
8,183,11010,0,0,0.0,0.0,0.0,1000.0,0.8222499243120167,1.0,budget_depleted,1000.0
8,183,11025,0,0,0.0,0.0,0.0,1000.0,0.8222499243120167,1.0,budget_depleted,1000.0
8,184,11040,0,0,0.0,0.0,0.0,1000.0,0.6989124356652142,1.0,budget_depleted,1000.0
8,184,11055,0,0,0.0,0.0,0.0,1000.0,0.6989124356652142,1.0,budget_depleted,1000.0
8,184,11070,0,0,0.0,0.0,0.0,1000.0,0.6989124356652142,1.0,budget_depleted,1000.0
8,184,11085,0,0,0.0,0.0,0.0,1000.0,0.6989124356652142,1.0,budget_depleted,1000.0
8,185,11100,0,0,0.0,0.0,0.0,1000.0,0.5940755703154321,1.0,budget_depleted,1000.0
8,185,11115,0,0,0.0,0.0,0.0,1000.0,0.5940755703154321,1.0,budget_depleted,1000.0
8,185,11130,0,0,0.0,0.0,0.0,1000.0,0.5940755703154321,1.0,budget_depleted,1000.0
8,185,11145,0,0,0.0,0.0,0.0,1000.0,0.5940755703154321,1.0,budget_depleted,1000.0
8,186,11160,0,0,0.0,0.0,0.0,1000.0,0.5049642347681172,1.0,budget_depleted,1000.0
8,186,11175,0,0,0.0,0.0,0.0,1000.0,0.5049642347681172,1.0,budget_depleted,1000.0
8,186,11190,0,0,0.0,0.0,0.0,1000.0,0.5049642347681172,1.0,budget_depleted,1000.0
8,186,11205,0,0,0.0,0.0,0.0,1000.0,0.5049642347681172,1.0,budget_depleted,1000.0
8,187,11220,0,0,0.0,0.0,0.0,1000.0,0.5049642347681172,1.0,budget_depleted,1000.0
8,187,11235,0,0,0.0,0.0,0.0,1000.0,0.5049642347681172,1.0,budget_depleted,1000.0
8,187,11250,0,0,0.0,0.0,0.0,1000.0,0.5049642347681172,1.0,budget_depleted,1000.0
8,187,11265,0,0,0.0,0.0,0.0,1000.0,0.5049642347681172,1.0,budget_depleted,1000.0
8,188,11280,0,0,0.0,0.0,0.0,1000.0,0.5049642347681172,1.0,budget_depleted,1000.0
8,188,11295,0,0,0.0,0.0,0.0,1000.0,0.5049642347681172,1.0,budget_depleted,1000.0
8,188,11310,0,0,0.0,0.0,0.0,1000.0,0.5049642347681172,1.0,budget_depleted,1000.0
8,188,11325,0,0,0.0,0.0,0.0,1000.0,0.5049642347681172,1.0,budget_depleted,1000.0
8,189,11340,0,0,0.0,0.0,0.0,1000.0,0.5049642347681172,1.0,budget_depleted,1000.0
8,189,11355,0,0,0.0,0.0,0.0,1000.0,0.5049642347681172,1.0,budget_depleted,1000.0
8,189,11370,0,0,0.0,0.0,0.0,1000.0,0.5049642347681172,1.0,budget_depleted,1000.0
8,189,11385,0,0,0.0,0.0,0.0,1000.0,0.5049642347681172,1.0,budget_depleted,1000.0
8,190,11400,0,0,0.0,0.0,0.0,1000.0,0.5049642347681172,1.0,budget_depleted,1000.0
8,190,11415,0,0,0.0,0.0,0.0,1000.0,0.5049642347681172,1.0,budget_depleted,1000.0
8,190,11430,0,0,0.0,0.0,0.0,1000.0,0.5049642347681172,1.0,budget_depleted,1000.0
8,190,11445,0,0,0.0,0.0,0.0,1000.0,0.5049642347681172,1.0,budget_depleted,1000.0
8,191,11460,0,0,0.0,0.0,0.0,1000.0,0.5049642347681172,1.0,budget_depleted,1000.0
8,191,11475,0,0,0.0,0.0,0.0,1000.0,0.5049642347681172,1.0,budget_depleted,1000.0
8,191,11490,0,0,0.0,0.0,0.0,1000.0,0.5049642347681172,1.0,budget_depleted,1000.0
8,191,11505,0,0,0.0,0.0,0.0,1000.0,0.5049642347681172,1.0,budget_depleted,1000.0
9,192,11520,0,0,0.0,0.0,0.0,1000.0,0.5049642347681172,1.0,normal,0.0
9,192,11535,2,0,1.0099,1.0099,0.505,1000.0,0.5049642347681172,1.0,normal,1.0099
9,192,11550,0,0,0.0,0.0,0.505,1000.0,0.5049642347681172,1.0,normal,1.0099
9,192,11565,2,1,1.0099,1.0099,0.505,1000.0,0.5049642347681172,1.0,normal,2.0198
9,193,11580,1,0,0.505,0.505,0.505,1000.0,0.5049642347681172,1.0,normal,2.5248
9,193,11595,2,0,1.0099,1.0099,0.505,1000.0,0.5049642347681172,1.0,normal,3.5347
9,193,11610,1,0,0.505,0.505,0.505,1000.0,0.5049642347681172,1.0,normal,4.0397
9,193,11625,0,0,0.0,0.0,0.505,1000.0,0.5049642347681172,1.0,normal,4.0397
9,194,11640,2,0,1.1109,1.1109,0.5555,1000.0,0.5554606582449291,1.0,normal,5.1506
9,194,11655,1,0,0.5555,0.5555,0.5555,1000.0,0.5554606582449291,1.0,normal,5.7061
9,194,11670,2,0,1.1109,1.1109,0.5555,1000.0,0.5554606582449291,1.0,normal,6.817
9,194,11685,1,0,0.5555,0.5555,0.5555,1000.0,0.5554606582449291,1.0,normal,7.3725
9,195,11700,0,0,0.0,0.0,0.6721,1000.0,0.6721073964763643,1.0,normal,7.3725
9,195,11715,2,0,1.3442,1.3442,0.6721,1000.0,0.6721073964763643,1.0,normal,8.7167
9,195,11730,3,0,2.0163,2.0163,0.6721,1000.0,0.6721073964763643,1.0,normal,10.733
9,195,11745,2,0,0.9866,0.9866,0.4933,1000.0,0.6721073964763643,1.0,normal,11.7196
9,196,11760,2,0,1.6265,1.6265,0.8132,1000.0,0.8132499497364009,1.0,normal,13.3461
9,196,11775,5,1,4.0662,4.0662,0.8132,1000.0,0.8132499497364009,1.0,normal,17.4123
9,196,11790,2,0,1.1592,1.1592,0.5796,1000.0,0.8132499497364009,1.0,normal,18.5715
9,196,11805,4,0,3.253,3.253,0.8132,1000.0,0.8132499497364009,1.0,normal,21.8245
9,197,11820,3,0,2.9521,2.9521,0.984,1000.0,0.9840324391810452,1.0,normal,24.7766
9,197,11835,5,0,4.9202,4.9202,0.984,1000.0,0.9840324391810452,1.0,normal,29.6968
9,197,11850,2,0,1.9681,1.9681,0.984,1000.0,0.9840324391810452,1.0,normal,31.6649
9,197,11865,2,0,1.9681,1.9681,0.984,1000.0,0.9840324391810452,1.0,normal,33.633
9,198,11880,2,0,2.3814,2.3814,1.1907,1000.0,1.1906792514090647,1.0,normal,36.0144
9,198,11895,2,0,2.3814,2.3814,1.1907,1000.0,1.1906792514090647,1.0,normal,38.3958
9,198,11910,1,1,0.8133,0.8133,0.8133,1000.0,1.1906792514090647,1.0,normal,39.2091
9,198,11925,3,0,3.4908,3.4908,1.1636,1000.0,1.1906792514090647,1.0,normal,42.6999
9,199,11940,2,0,1.3158,1.3158,0.6579,1000.0,1.4407218942049687,1.0,normal,44.0157
9,199,11955,2,0,2.8814,2.8814,1.4407,1000.0,1.4407218942049687,1.0,normal,46.8971
9,199,11970,3,0,3.8238,3.8238,1.2746,1000.0,1.4407218942049687,1.0,normal,50.7209
9,199,11985,1,0,1.2402,1.2402,1.2402,1000.0,1.4407218942049687,1.0,normal,51.9611
9,200,12000,5,0,2.9536,2.9536,0.5907,1000.0,1.7432734919880124,1.0,normal,54.9147
9,200,12015,3,0,5.2298,5.2298,1.7433,1000.0,1.7432734919880124,1.0,normal,60.1445
9,200,12030,5,0,8.7164,8.7164,1.7433,1000.0,1.7432734919880124,1.0,normal,68.8609
9,200,12045,2,0,3.4865,3.4865,1.7433,1000.0,1.7432734919880124,1.0,normal,72.3474
9,201,12060,8,0,16.8749,16.8749,2.1094,1000.0,2.1093609253054955,1.0,normal,89.2223
9,201,12075,7,0,14.7655,14.7655,2.1094,1000.0,2.1093609253054955,1.0,normal,103.9878
9,201,12090,2,0,0.993,0.993,0.4965,1000.0,2.1093609253054955,1.0,normal,104.9808
9,201,12105,5,0,8.5794,8.5794,1.7159,1000.0,2.1093609253054955,1.0,normal,113.5602
9,202,12120,5,0,12.7616,12.7616,2.5523,1000.0,2.55232671961965,1.0,normal,126.3218
9,202,12135,4,0,10.2093,10.2093,2.5523,1000.0,2.55232671961965,1.0,normal,136.5311
9,202,12150,2,0,1.064,1.064,0.532,1000.0,2.55232671961965,1.0,normal,137.5951
9,202,12165,9,0,22.9709,22.9709,2.5523,1000.0,2.55232671961965,1.0,normal,160.566
9,203,12180,9,1,27.7948,27.7948,3.0883,1000.0,3.0883153307397766,1.0,normal,188.3608
9,203,12195,9,1,27.7948,27.7948,3.0883,1000.0,3.0883153307397766,1.0,normal,216.1556
9,203,12210,7,1,15.6297,15.6297,2.2328,1000.0,3.0883153307397766,1.0,normal,231.7853
9,203,12225,7,1,18.1068,18.1068,2.5867,1000.0,3.0883153307397766,1.0,normal,249.8921
9,204,12240,11,0,55.0,55.0,5.0,1000.0,5.0,1.0,normal,304.8921
9,204,12255,16,0,22.1564,22.1564,1.3848,1000.0,5.0,1.0,normal,327.0485
9,204,12270,13,1,64.8385,64.8385,4.9876,1000.0,5.0,1.0,normal,391.887
9,204,12285,11,0,6.9555,6.9555,0.6323,1000.0,5.0,1.0,normal,398.8425
9,205,12300,19,0,62.6644,62.6644,3.2981,1000.0,6.050000000000001,1.0,normal,461.5069
9,205,12315,12,0,8.2925,8.2925,0.691,1000.0,6.050000000000001,1.0,normal,469.7994
9,205,12330,18,1,37.6602,37.6602,2.0922,1000.0,6.050000000000001,1.0,normal,507.4596
9,205,12345,15,1,68.7968,68.7968,4.5865,1000.0,6.050000000000001,1.0,normal,576.2564
9,206,12360,18,0,36.0973,36.0973,2.0054,1000.0,7.320500000000002,1.0,normal,612.3537
9,206,12375,21,0,49.5115,49.5115,2.3577,1000.0,7.320500000000002,1.0,normal,661.8652
9,206,12390,15,2,102.7501,51.3751,6.85,1000.0,7.320500000000002,1.0,normal,764.6153
9,206,12405,18,0,3.9357,3.9357,0.2186,1000.0,7.320500000000002,1.0,normal,768.551
9,207,12420,14,0,43.8553,43.8553,3.1325,1000.0,8.052550000000002,1.0,normal,812.4063
9,207,12435,10,1,63.6166,63.6166,6.3617,1000.0,8.052550000000002,1.0,normal,876.0229
9,207,12450,21,0,34.6858,34.6858,1.6517,1000.0,8.052550000000002,1.0,budget_constrained,910.7087
9,207,12465,22,0,23.9692,23.9692,1.0895,1000.0,8.052550000000002,1.0,budget_constrained,934.6779
9,208,12480,15,0,65.3221,65.3221,4.2817,1000.0,8.052550000000002,1.0,budget_constrained,1000.0
9,208,12495,0,0,0.0,0.0,0.4208,1000.0,8.052550000000002,1.0,budget_constrained,1000.0
9,208,12510,0,0,0.0,0.0,3.1806,1000.0,8.052550000000002,1.0,budget_constrained,1000.0
9,208,12525,0,0,0.0,0.0,4.8221,1000.0,8.052550000000002,1.0,budget_constrained,1000.0
9,209,12540,0,0,0.0,0.0,2.8443,1000.0,8.052550000000002,1.0,budget_constrained,1000.0
9,209,12555,0,0,0.0,0.0,4.503,1000.0,8.052550000000002,1.0,budget_constrained,1000.0
9,209,12570,0,0,0.0,0.0,1.929,1000.0,8.052550000000002,1.0,budget_constrained,1000.0
9,209,12585,0,0,0.0,0.0,6.8248,1000.0,8.052550000000002,1.0,budget_constrained,1000.0
9,210,12600,0,0,0.0,0.0,2.2441,1000.0,8.052550000000002,1.0,budget_constrained,1000.0
9,210,12615,0,0,0.0,0.0,4.6916,1000.0,8.052550000000002,1.0,budget_constrained,1000.0
9,210,12630,0,0,0.0,0.0,2.9292,1000.0,8.052550000000002,1.0,budget_constrained,1000.0
9,210,12645,0,0,0.0,0.0,7.3287,1000.0,8.052550000000002,1.0,budget_constrained,1000.0
9,211,12660,0,0,0.0,0.0,0.8236,1000.0,8.052550000000002,1.0,budget_constrained,1000.0
9,211,12675,0,0,0.0,0.0,2.486,1000.0,8.052550000000002,1.0,budget_constrained,1000.0
9,211,12690,0,0,0.0,0.0,5.9243,1000.0,8.052550000000002,1.0,budget_constrained,1000.0
9,211,12705,0,0,0.0,0.0,0.6191,1000.0,8.052550000000002,1.0,budget_constrained,1000.0
9,212,12720,0,0,0.0,0.0,0.1635,1000.0,8.052550000000002,1.0,budget_constrained,1000.0
9,212,12735,0,0,0.0,0.0,2.6544,1000.0,8.052550000000002,1.0,budget_constrained,1000.0
9,212,12750,0,0,0.0,0.0,2.9331,1000.0,8.052550000000002,1.0,budget_constrained,1000.0
9,212,12765,0,0,0.0,0.0,6.7365,1000.0,8.052550000000002,1.0,budget_constrained,1000.0
9,213,12780,0,0,0.0,0.0,6.8299,1000.0,8.052550000000002,1.0,budget_constrained,1000.0
9,213,12795,0,0,0.0,0.0,1.5282,1000.0,8.052550000000002,1.0,budget_constrained,1000.0
9,213,12810,0,0,0.0,0.0,4.6533,1000.0,8.052550000000002,1.0,budget_constrained,1000.0
9,213,12825,0,0,0.0,0.0,6.9442,1000.0,8.052550000000002,1.0,budget_constrained,1000.0
9,214,12840,0,0,0.0,0.0,1.4549,1000.0,8.052550000000002,1.0,budget_constrained,1000.0
9,214,12855,0,0,0.0,0.0,6.8548,1000.0,8.052550000000002,1.0,budget_constrained,1000.0
9,214,12870,0,0,0.0,0.0,4.198,1000.0,8.052550000000002,1.0,budget_constrained,1000.0
9,214,12885,0,0,0.0,0.0,5.4665,1000.0,8.052550000000002,1.0,budget_constrained,1000.0
9,215,12900,0,0,0.0,0.0,4.0344,1000.0,8.052550000000002,1.0,budget_constrained,1000.0
9,215,12915,0,0,0.0,0.0,4.4914,1000.0,8.052550000000002,1.0,budget_constrained,1000.0
9,215,12930,0,0,0.0,0.0,5.1732,1000.0,8.052550000000002,1.0,budget_constrained,1000.0
9,215,12945,0,0,0.0,0.0,6.944,1000.0,8.052550000000002,1.0,budget_constrained,1000.0
10,216,12960,0,0,0.0,0.0,4.6009,1000.0,8.052550000000002,1.0,normal,0.0
10,216,12975,17,1,101.3799,101.3799,5.9635,1000.0,8.052550000000002,1.0,normal,101.3799
10,216,12990,14,0,5.9508,5.9508,0.4251,1000.0,8.052550000000002,1.0,normal,107.3307
10,216,13005,21,0,156.0207,156.0207,7.4296,1000.0,8.052550000000002,1.0,normal,263.3514
10,217,13020,14,0,50.0602,50.0602,3.5757,1000.0,6.160200750000001,1.0,normal,313.4116
10,217,13035,17,0,98.743,98.743,5.8084,1000.0,6.160200750000001,1.0,normal,412.1546
10,217,13050,21,0,36.426,36.426,1.7346,1000.0,6.160200750000001,1.0,normal,448.5806
10,217,13065,17,1,89.4002,89.4002,5.2588,1000.0,6.160200750000001,1.0,normal,537.9808
10,218,13080,9,0,6.9039,6.9039,0.7671,1000.0,4.158135506250002,1.0,normal,544.8847
10,218,13095,9,0,2.7009,2.7009,0.3001,1000.0,4.158135506250002,1.0,normal,547.5856
10,218,13110,6,0,5.867,5.867,0.9778,1000.0,4.158135506250002,1.0,normal,553.4526
10,218,13125,10,0,33.8103,33.8103,3.381,1000.0,4.158135506250002,1.0,normal,587.2629
10,219,13140,7,0,19.6472,19.6472,2.8067,1000.0,2.806741466718751,1.0,normal,606.9101
10,219,13155,4,0,10.6061,10.6061,2.6515,1000.0,2.806741466718751,1.0,normal,617.5162
10,219,13170,2,0,5.3333,5.3333,2.6666,1000.0,2.806741466718751,1.0,normal,622.8495
10,219,13185,10,0,24.0104,24.0104,2.401,1000.0,2.806741466718751,1.0,normal,646.8599
10,220,13200,5,0,9.4728,9.4728,1.8946,1000.0,1.894550490035157,1.0,normal,656.3327
10,220,13215,8,0,10.3898,10.3898,1.2987,1000.0,1.894550490035157,1.0,normal,666.7225
10,220,13230,4,0,3.2402,3.2402,0.8101,1000.0,1.894550490035157,1.0,normal,669.9627
10,220,13245,4,0,7.5782,7.5782,1.8946,1000.0,1.894550490035157,1.0,normal,677.5409
10,221,13260,1,0,0.1652,0.1652,0.1652,1000.0,1.278821580773731,1.0,normal,677.7061
10,221,13275,4,1,5.1153,5.1153,1.2788,1000.0,1.278821580773731,1.0,normal,682.8214
10,221,13290,4,1,3.1588,3.1588,0.7897,1000.0,1.278821580773731,1.0,normal,685.9802
10,221,13305,5,1,6.3941,6.3941,1.2788,1000.0,1.278821580773731,1.0,normal,692.3743
10,222,13320,1,0,0.9783,0.9783,0.9783,1000.0,0.9782985092919043,1.0,normal,693.3526
10,222,13335,1,0,0.9783,0.9783,0.9783,1000.0,0.9782985092919043,1.0,normal,694.3309
10,222,13350,1,0,0.538,0.538,0.538,1000.0,0.9782985092919043,1.0,normal,694.8689
10,222,13365,6,0,5.239,5.239,0.8732,1000.0,0.9782985092919043,1.0,normal,700.1079
10,223,13380,2,0,1.3207,1.3207,0.6604,1000.0,0.6603514937720354,1.0,normal,701.4286
10,223,13395,2,0,1.3207,1.3207,0.6604,1000.0,0.6603514937720354,1.0,normal,702.7493
10,223,13410,2,0,0.6023,0.6023,0.3012,1000.0,0.6603514937720354,1.0,normal,703.3516
10,223,13425,2,0,0.0062,0.0062,0.0031,1000.0,0.6603514937720354,1.0,normal,703.3578
10,224,13440,4,0,2.0,2.0,0.5,1000.0,0.5,1.0,normal,705.3578
10,224,13455,0,0,0.0,0.0,0.5,1000.0,0.5,1.0,normal,705.3578
10,224,13470,2,0,0.9984,0.9984,0.4992,1000.0,0.5,1.0,normal,706.3562
10,224,13485,0,0,0.0,0.0,0.5,1000.0,0.5,1.0,normal,706.3562
10,225,13500,0,0,0.0,0.0,0.5,1000.0,0.5,1.0,normal,706.3562
10,225,13515,0,0,0.0,0.0,0.5,1000.0,0.5,1.0,normal,706.3562
10,225,13530,2,0,1.0,1.0,0.5,1000.0,0.5,1.0,normal,707.3562
10,225,13545,2,0,1.0,1.0,0.5,1000.0,0.5,1.0,normal,708.3562
10,226,13560,0,0,0.0,0.0,0.5,1000.0,0.5,1.0,normal,708.3562
10,226,13575,2,0,1.0,1.0,0.5,1000.0,0.5,1.0,normal,709.3562
10,226,13590,0,0,0.0,0.0,0.5,1000.0,0.5,1.0,normal,709.3562
10,226,13605,2,0,0.9828,0.9828,0.4914,1000.0,0.5,1.0,normal,710.339
10,227,13620,3,0,1.5,1.5,0.5,1000.0,0.5,1.0,normal,711.839
10,227,13635,1,0,0.5,0.5,0.5,1000.0,0.5,1.0,normal,712.339
10,227,13650,3,0,1.5,1.5,0.5,1000.0,0.5,1.0,normal,713.839
10,227,13665,0,0,0.0,0.0,0.5,1000.0,0.5,1.0,normal,713.839
10,228,13680,1,0,0.3527,0.3527,0.3527,1000.0,0.5,1.0,normal,714.1917
10,228,13695,0,0,0.0,0.0,0.5,1000.0,0.5,1.0,normal,714.1917
10,228,13710,1,0,0.0615,0.0615,0.0615,1000.0,0.5,1.0,normal,714.2532
10,228,13725,2,0,1.0,1.0,0.5,1000.0,0.5,1.0,normal,715.2532
10,229,13740,1,0,0.1832,0.1832,0.1832,1000.0,0.5,1.0,normal,715.4364
10,229,13755,1,0,0.5,0.5,0.5,1000.0,0.5,1.0,normal,715.9364
10,229,13770,1,0,0.5,0.5,0.5,1000.0,0.5,1.0,normal,716.4364
10,229,13785,1,0,0.5,0.5,0.5,1000.0,0.5,1.0,normal,716.9364
10,230,13800,0,0,0.0,0.0,0.5,1000.0,0.5,1.0,normal,716.9364
10,230,13815,4,1,0.4703,0.4703,0.1176,1000.0,0.5,1.0,normal,717.4067
10,230,13830,0,0,0.0,0.0,0.5,1000.0,0.5,1.0,normal,717.4067
10,230,13845,0,0,0.0,0.0,0.5,1000.0,0.5,1.0,normal,717.4067
10,231,13860,1,0,0.0782,0.0782,0.0782,1000.0,0.5,1.0,normal,717.4849
10,231,13875,2,0,1.0,1.0,0.5,1000.0,0.5,1.0,normal,718.4849
10,231,13890,0,0,0.0,0.0,0.5,1000.0,0.5,1.0,normal,718.4849
10,231,13905,1,0,0.5,0.5,0.5,1000.0,0.5,1.0,normal,718.9849
10,232,13920,1,0,0.5,0.5,0.5,1000.0,0.5,1.0,normal,719.4849
10,232,13935,0,0,0.0,0.0,0.4764,1000.0,0.5,1.0,normal,719.4849
10,232,13950,3,0,1.5,1.5,0.5,1000.0,0.5,1.0,normal,720.9849
10,232,13965,0,0,0.0,0.0,0.4026,1000.0,0.5,1.0,normal,720.9849
10,233,13980,0,0,0.0,0.0,0.5,1000.0,0.5,1.0,normal,720.9849
10,233,13995,0,0,0.0,0.0,0.5,1000.0,0.5,1.0,normal,720.9849
10,233,14010,0,0,0.0,0.0,0.0058,1000.0,0.5,1.0,normal,720.9849
10,233,14025,0,0,0.0,0.0,0.5,1000.0,0.5,1.0,normal,720.9849
10,234,14040,3,0,1.5,1.5,0.5,1000.0,0.5,1.0,normal,722.4849
10,234,14055,2,0,1.0,1.0,0.5,1000.0,0.5,1.0,normal,723.4849
10,234,14070,2,0,1.0,1.0,0.5,1000.0,0.5,1.0,normal,724.4849
10,234,14085,2,0,1.0,1.0,0.5,1000.0,0.5,1.0,normal,725.4849
10,235,14100,2,0,1.0,1.0,0.5,1000.0,0.5,1.0,normal,726.4849
10,235,14115,0,0,0.0,0.0,0.3094,1000.0,0.5,1.0,normal,726.4849
10,235,14130,3,0,1.5,1.5,0.5,1000.0,0.5,1.0,normal,727.9849
10,235,14145,2,0,1.0,1.0,0.5,1000.0,0.5,1.0,normal,728.9849
10,236,14160,0,0,0.0,0.0,0.5,1000.0,0.5,1.0,normal,728.9849
10,236,14175,1,0,0.5,0.5,0.5,1000.0,0.5,1.0,normal,729.4849
10,236,14190,3,0,1.385,1.385,0.4617,1000.0,0.5,1.0,normal,730.8699
10,236,14205,3,0,1.5,1.5,0.5,1000.0,0.5,1.0,normal,732.3699
10,237,14220,2,0,1.0,1.0,0.5,1000.0,0.5,1.0,normal,733.3699
10,237,14235,0,0,0.0,0.0,0.5,1000.0,0.5,1.0,normal,733.3699
10,237,14250,0,0,0.0,0.0,0.5,1000.0,0.5,1.0,normal,733.3699
10,237,14265,1,0,0.5,0.5,0.5,1000.0,0.5,1.0,normal,733.8699
10,238,14280,0,0,0.0,0.0,0.3888,1000.0,0.5,1.0,normal,733.8699
10,238,14295,2,0,0.6662,0.6662,0.3331,1000.0,0.5,1.0,normal,734.5361
10,238,14310,0,0,0.0,0.0,0.5,1000.0,0.5,1.0,normal,734.5361
10,238,14325,1,0,0.5,0.5,0.5,1000.0,0.5,1.0,normal,735.0361
10,239,14340,0,0,0.0,0.0,0.5,1000.0,0.5,1.0,normal,735.0361
10,239,14355,2,0,1.0,1.0,0.5,1000.0,0.5,1.0,normal,736.0361
10,239,14370,3,0,1.5,1.5,0.5,1000.0,0.5,1.0,normal,737.5361
10,239,14385,2,0,0.8572,0.8572,0.4286,1000.0,0.5,1.0,normal,738.3933
11,240,14400,0,0,0.0,0.0,0.5,1000.0,0.5,1.0,normal,0.0
11,240,14415,2,0,1.0,1.0,0.5,1000.0,0.5,1.0,normal,1.0
11,240,14430,0,0,0.0,0.0,0.5,1000.0,0.5,1.0,normal,1.0
11,240,14445,0,0,0.0,0.0,0.5,1000.0,0.5,1.0,normal,1.0
11,241,14460,1,0,0.3407,0.3407,0.3407,1000.0,0.5,1.0,normal,1.3407
11,241,14475,3,1,1.5,1.5,0.5,1000.0,0.5,1.0,normal,2.8407
11,241,14490,3,0,1.4066,1.4066,0.4689,1000.0,0.5,1.0,normal,4.2473
11,241,14505,3,0,0.0184,0.0184,0.0061,1000.0,0.5,1.0,normal,4.2657
11,242,14520,1,0,0.4443,0.4443,0.4443,1000.0,0.6050000000000001,1.0,normal,4.71
11,242,14535,3,0,0.0631,0.0631,0.021,1000.0,0.6050000000000001,1.0,normal,4.7731
11,242,14550,1,0,0.1874,0.1874,0.1874,1000.0,0.6050000000000001,1.0,normal,4.9605
11,242,14565,3,0,1.815,1.815,0.605,1000.0,0.6050000000000001,1.0,normal,6.7755
11,243,14580,1,0,0.7321,0.7321,0.7321,1000.0,0.7320500000000003,1.0,normal,7.5076
11,243,14595,2,0,1.4641,1.4641,0.7321,1000.0,0.7320500000000003,1.0,normal,8.9717
11,243,14610,3,0,1.359,1.359,0.453,1000.0,0.7320500000000003,1.0,normal,10.3307
11,243,14625,2,0,1.4641,1.4641,0.7321,1000.0,0.7320500000000003,1.0,normal,11.7948
11,244,14640,1,0,0.8858,0.8858,0.8858,1000.0,0.8857805000000005,1.0,normal,12.6806
11,244,14655,2,0,1.7716,1.7716,0.8858,1000.0,0.8857805000000005,1.0,normal,14.4522
11,244,14670,3,0,0.6389,0.6389,0.213,1000.0,0.8857805000000005,1.0,normal,15.0911
11,244,14685,2,0,1.7716,1.7716,0.8858,1000.0,0.8857805000000005,1.0,normal,16.8627
11,245,14700,2,0,2.1436,2.1436,1.0718,1000.0,1.0717944050000008,1.0,normal,19.0063
11,245,14715,2,0,2.1436,2.1436,1.0718,1000.0,1.0717944050000008,1.0,normal,21.1499
11,245,14730,4,0,4.2872,4.2872,1.0718,1000.0,1.0717944050000008,1.0,normal,25.4371
11,245,14745,5,0,5.359,5.359,1.0718,1000.0,1.0717944050000008,1.0,normal,30.7961
11,246,14760,2,0,1.251,1.251,0.6255,1000.0,1.2968712300500012,1.0,normal,32.0471
11,246,14775,4,0,5.1875,5.1875,1.2969,1000.0,1.2968712300500012,1.0,normal,37.2346
11,246,14790,1,0,1.2969,1.2969,1.2969,1000.0,1.2968712300500012,1.0,normal,38.5315
11,246,14805,5,0,2.7081,2.7081,0.5416,1000.0,1.2968712300500012,1.0,normal,41.2396
11,247,14820,2,0,2.3595,2.3595,1.1797,1000.0,1.5692141883605017,1.0,normal,43.5991
11,247,14835,7,0,1.9354,1.9354,0.2765,1000.0,1.5692141883605017,1.0,normal,45.5345
11,247,14850,6,1,9.4153,9.4153,1.5692,1000.0,1.5692141883605017,1.0,normal,54.9498
11,247,14865,7,0,10.9845,10.9845,1.5692,1000.0,1.5692141883605017,1.0,normal,65.9343
11,248,14880,3,0,4.4821,4.4821,1.494,1000.0,1.8987491679162074,1.0,normal,70.4164
11,248,14895,6,0,6.4467,6.4467,1.0745,1000.0,1.8987491679162074,1.0,normal,76.8631
11,248,14910,4,0,7.595,7.595,1.8987,1000.0,1.8987491679162074,1.0,normal,84.4581
11,248,14925,7,0,13.2912,13.2912,1.8987,1000.0,1.8987491679162074,1.0,normal,97.7493
11,249,14940,7,0,2.4365,2.4365,0.3481,1000.0,2.297486493178611,1.0,normal,100.1858
11,249,14955,10,0,6.1224,6.1224,0.6122,1000.0,2.297486493178611,1.0,normal,106.3082
11,249,14970,13,1,29.8673,29.8673,2.2975,1000.0,2.297486493178611,1.0,normal,136.1755
11,249,14985,1,0,2.2975,2.2975,2.2975,1000.0,2.297486493178611,1.0,normal,138.473
11,250,15000,7,0,19.4597,19.4597,2.78,1000.0,2.7799586567461194,1.0,normal,157.9327
11,250,15015,3,0,6.6465,6.6465,2.2155,1000.0,2.7799586567461194,1.0,normal,164.5792
11,250,15030,7,0,9.6391,9.6391,1.377,1000.0,2.7799586567461194,1.0,normal,174.2183
11,250,15045,2,0,2.2103,2.2103,1.1052,1000.0,2.7799586567461194,1.0,normal,176.4286
11,251,15060,8,0,26.91,26.91,3.3637,1000.0,3.363749974662805,1.0,normal,203.3386
11,251,15075,9,0,15.155,15.155,1.6839,1000.0,3.363749974662805,1.0,normal,218.4936
11,251,15090,4,0,13.455,13.455,3.3637,1000.0,3.363749974662805,1.0,normal,231.9486
11,251,15105,11,0,2.2487,2.2487,0.2044,1000.0,3.363749974662805,1.0,normal,234.1973
11,252,15120,13,0,3.9084,3.9084,0.3006,1000.0,5.0,1.0,normal,238.1057
11,252,15135,11,0,9.3652,9.3652,0.8514,1000.0,5.0,1.0,normal,247.4709
11,252,15150,16,0,50.2991,50.2991,3.1437,1000.0,5.0,1.0,normal,297.77
11,252,15165,13,0,29.6997,29.6997,2.2846,1000.0,5.0,1.0,normal,327.4697
11,253,15180,8,0,41.8,41.8,5.225,1000.0,5.225,1.0,normal,369.2697
11,253,15195,17,0,81.2178,81.2178,4.7775,1000.0,5.225,1.0,normal,450.4875
11,253,15210,12,0,29.2208,29.2208,2.4351,1000.0,5.225,1.0,normal,479.7083
11,253,15225,14,1,62.1588,62.1588,4.4399,1000.0,5.225,1.0,normal,541.8671
11,254,15240,6,1,11.7401,11.7401,1.9567,1000.0,4.310625,1.0,normal,553.6072
11,254,15255,5,0,21.5531,21.5531,4.3106,1000.0,4.310625,1.0,normal,575.1603
11,254,15270,9,1,8.9288,8.9288,0.9921,1000.0,4.310625,1.0,normal,584.0891
11,254,15285,12,0,49.3915,49.3915,4.116,1000.0,4.310625,1.0,normal,633.4806
11,255,15300,9,1,7.513,7.513,0.8348,1000.0,3.556265625,1.0,normal,640.9936
11,255,15315,9,0,32.0064,32.0064,3.5563,1000.0,3.556265625,1.0,normal,673.0
11,255,15330,9,0,24.0407,24.0407,2.6712,1000.0,3.556265625,1.0,normal,697.0407
11,255,15345,12,0,36.4233,36.4233,3.0353,1000.0,3.556265625,1.0,normal,733.464
11,256,15360,8,0,10.8574,10.8574,1.3572,1000.0,2.933919140625,1.0,normal,744.3214
11,256,15375,3,0,8.8018,8.8018,2.9339,1000.0,2.933919140625,1.0,normal,753.1232
11,256,15390,6,0,9.3099,9.3099,1.5516,1000.0,2.933919140625,1.0,normal,762.4331
11,256,15405,13,0,34.3131,34.3131,2.6395,1000.0,2.933919140625,1.0,normal,796.7462
11,257,15420,6,0,14.5229,14.5229,2.4205,1000.0,2.420483291015625,1.0,normal,811.2691
11,257,15435,9,1,21.5994,21.5994,2.3999,1000.0,2.420483291015625,1.0,normal,832.8685
11,257,15450,8,1,19.3639,19.3639,2.4205,1000.0,2.420483291015625,1.0,normal,852.2324
11,257,15465,9,0,21.7843,21.7843,2.4205,1000.0,2.420483291015625,1.0,normal,874.0167
11,258,15480,6,0,1.7209,1.7209,0.2868,1000.0,2.057410797363281,1.0,normal,875.7376
11,258,15495,5,0,4.5405,4.5405,0.9081,1000.0,2.057410797363281,1.0,normal,880.2781
11,258,15510,8,1,5.5354,5.5354,0.6919,1000.0,2.057410797363281,1.0,normal,885.8135
11,258,15525,6,0,12.3445,12.3445,2.0574,1000.0,2.057410797363281,1.0,normal,898.158
11,259,15540,6,0,10.4928,10.4928,1.7488,1000.0,1.748799177758789,1.0,budget_constrained,908.6508
11,259,15555,8,0,13.9904,13.9904,1.7488,1000.0,1.748799177758789,1.0,budget_constrained,922.6412
11,259,15570,4,0,0.9364,0.9364,0.2341,1000.0,1.748799177758789,1.0,budget_constrained,923.5776
11,259,15585,3,0,5.2464,5.2464,1.7488,1000.0,1.748799177758789,1.0,budget_constrained,928.824
11,260,15600,2,0,2.973,2.973,1.4865,1000.0,1.4864793010949706,1.0,budget_constrained,931.797
11,260,15615,0,0,0.0,0.0,1.4865,1000.0,1.4864793010949706,1.0,budget_constrained,931.797
11,260,15630,1,0,1.4865,1.4865,1.4865,1000.0,1.4864793010949706,1.0,budget_constrained,933.2835
11,260,15645,3,0,2.6517,2.6517,0.8839,1000.0,1.4864793010949706,1.0,budget_constrained,935.9352
11,261,15660,2,0,2.427,2.427,1.2135,1000.0,1.263507405930725,1.0,budget_constrained,938.3622
11,261,15675,1,0,1.2635,1.2635,1.2635,1000.0,1.263507405930725,1.0,budget_constrained,939.6257
11,261,15690,4,0,5.054,5.054,1.2635,1000.0,1.263507405930725,1.0,budget_constrained,944.6797
11,261,15705,4,0,3.3396,3.3396,0.8349,1000.0,1.263507405930725,1.0,budget_constrained,948.0193
11,262,15720,3,0,1.0969,1.0969,0.3656,1000.0,1.0739812950411163,1.0,budget_constrained,949.1162
11,262,15735,3,0,3.2219,3.2219,1.074,1000.0,1.0739812950411163,1.0,budget_constrained,952.3381
11,262,15750,3,0,0.112,0.112,0.0373,1000.0,1.0739812950411163,1.0,budget_constrained,952.4501
11,262,15765,2,0,0.4595,0.4595,0.2297,1000.0,1.0739812950411163,1.0,budget_constrained,952.9096
11,263,15780,2,0,1.8258,1.8258,0.9129,1000.0,0.9128841007849489,1.0,budget_constrained,954.7354
11,263,15795,1,0,0.9129,0.9129,0.9129,1000.0,0.9128841007849489,1.0,budget_constrained,955.6483
11,263,15810,1,0,0.9129,0.9129,0.9129,1000.0,0.9128841007849489,1.0,budget_constrained,956.5612
11,263,15825,4,0,3.6515,3.6515,0.9129,1000.0,0.9128841007849489,1.0,budget_constrained,960.2127
12,264,15840,1,0,0.776,0.776,0.776,1000.0,0.7759514856672065,1.0,normal,0.776
12,264,15855,2,0,1.5519,1.5519,0.776,1000.0,0.7759514856672065,1.0,normal,2.3279
12,264,15870,1,0,0.776,0.776,0.776,1000.0,0.7759514856672065,1.0,normal,3.1039
12,264,15885,1,0,0.4083,0.4083,0.4083,1000.0,0.7759514856672065,1.0,normal,3.5122
12,265,15900,1,0,0.2196,0.2196,0.2196,1000.0,0.6595587628171256,1.0,normal,3.7318
12,265,15915,0,0,0.0,0.0,0.6596,1000.0,0.6595587628171256,1.0,normal,3.7318
12,265,15930,2,0,1.2354,1.2354,0.6177,1000.0,0.6595587628171256,1.0,normal,4.9672
12,265,15945,0,0,0.0,0.0,0.6596,1000.0,0.6595587628171256,1.0,normal,4.9672
12,266,15960,2,0,1.0,1.0,0.5,1000.0,0.5,1.0,normal,5.9672
12,266,15975,3,0,1.5,1.5,0.5,1000.0,0.5,1.0,normal,7.4672
12,266,15990,1,0,0.3568,0.3568,0.3568,1000.0,0.5,1.0,normal,7.824
12,266,16005,1,0,0.5,0.5,0.5,1000.0,0.5,1.0,normal,8.324
12,267,16020,0,0,0.0,0.0,0.5,1000.0,0.5,1.0,normal,8.324
12,267,16035,2,1,1.0,1.0,0.5,1000.0,0.5,1.0,normal,9.324
12,267,16050,0,0,0.0,0.0,0.5,1000.0,0.5,1.0,normal,9.324
12,267,16065,1,0,0.5,0.5,0.5,1000.0,0.5,1.0,normal,9.824
12,268,16080,0,0,0.0,0.0,0.5,1000.0,0.5,1.0,normal,9.824
12,268,16095,1,0,0.5,0.5,0.5,1000.0,0.5,1.0,normal,10.324
12,268,16110,0,0,0.0,0.0,0.0515,1000.0,0.5,1.0,normal,10.324
12,268,16125,1,0,0.1867,0.1867,0.1867,1000.0,0.5,1.0,normal,10.5107
12,269,16140,2,0,1.0,1.0,0.5,1000.0,0.5,1.0,normal,11.5107
12,269,16155,2,0,0.3645,0.3645,0.1822,1000.0,0.5,1.0,normal,11.8752
12,269,16170,4,0,2.0,2.0,0.5,1000.0,0.5,1.0,normal,13.8752
12,269,16185,2,0,0.1118,0.1118,0.0559,1000.0,0.5,1.0,normal,13.987
12,270,16200,0,0,0.0,0.0,0.5,1000.0,0.5,1.0,normal,13.987
12,270,16215,2,0,1.0,1.0,0.5,1000.0,0.5,1.0,normal,14.987
12,270,16230,1,1,0.5,0.5,0.5,1000.0,0.5,1.0,normal,15.487
12,270,16245,2,0,1.0,1.0,0.5,1000.0,0.5,1.0,normal,16.487
12,271,16260,1,0,0.5,0.5,0.5,1000.0,0.5,1.0,normal,16.987
12,271,16275,0,0,0.0,0.0,0.5,1000.0,0.5,1.0,normal,16.987
12,271,16290,5,0,1.2164,1.2164,0.2433,1000.0,0.5,1.0,normal,18.2034
12,271,16305,1,0,0.5,0.5,0.5,1000.0,0.5,1.0,normal,18.7034
12,272,16320,0,0,0.0,0.0,0.5,1000.0,0.5,1.0,normal,18.7034
12,272,16335,2,0,1.0,1.0,0.5,1000.0,0.5,1.0,normal,19.7034
12,272,16350,0,0,0.0,0.0,0.5,1000.0,0.5,1.0,normal,19.7034
12,272,16365,0,0,0.0,0.0,0.496,1000.0,0.5,1.0,normal,19.7034
12,273,16380,0,0,0.0,0.0,0.5,1000.0,0.5,1.0,normal,19.7034
12,273,16395,2,0,1.0,1.0,0.5,1000.0,0.5,1.0,normal,20.7034
12,273,16410,0,0,0.0,0.0,0.5,1000.0,0.5,1.0,normal,20.7034
12,273,16425,0,0,0.0,0.0,0.5,1000.0,0.5,1.0,normal,20.7034
12,274,16440,0,0,0.0,0.0,0.5,1000.0,0.5,1.0,normal,20.7034
12,274,16455,2,0,0.2893,0.2893,0.1447,1000.0,0.5,1.0,normal,20.9927
12,274,16470,1,0,0.5,0.5,0.5,1000.0,0.5,1.0,normal,21.4927
12,274,16485,2,0,1.0,1.0,0.5,1000.0,0.5,1.0,normal,22.4927
12,275,16500,2,0,1.0,1.0,0.5,1000.0,0.5,1.0,normal,23.4927
12,275,16515,0,0,0.0,0.0,0.5,1000.0,0.5,1.0,normal,23.4927
12,275,16530,1,0,0.5,0.5,0.5,1000.0,0.5,1.0,normal,23.9927
12,275,16545,4,1,2.0,2.0,0.5,1000.0,0.5,1.0,normal,25.9927
12,276,16560,1,0,0.55,0.55,0.55,1000.0,0.55,1.0,normal,26.5427
12,276,16575,1,0,0.4019,0.4019,0.4019,1000.0,0.55,1.0,normal,26.9446
12,276,16590,1,0,0.55,0.55,0.55,1000.0,0.55,1.0,normal,27.4946
12,276,16605,4,0,2.2,2.2,0.55,1000.0,0.55,1.0,normal,29.6946
12,277,16620,0,0,0.0,0.0,0.605,1000.0,0.6050000000000001,1.0,normal,29.6946
12,277,16635,1,0,0.605,0.605,0.605,1000.0,0.6050000000000001,1.0,normal,30.2996
12,277,16650,3,1,1.815,1.815,0.605,1000.0,0.6050000000000001,1.0,normal,32.1146
12,277,16665,2,0,1.21,1.21,0.605,1000.0,0.6050000000000001,1.0,normal,33.3246
12,278,16680,1,0,0.7321,0.7321,0.7321,1000.0,0.7320500000000003,1.0,normal,34.0567
12,278,16695,1,0,0.7321,0.7321,0.7321,1000.0,0.7320500000000003,1.0,normal,34.7888
12,278,16710,1,0,0.7321,0.7321,0.7321,1000.0,0.7320500000000003,1.0,normal,35.5209
12,278,16725,1,0,0.7321,0.7321,0.7321,1000.0,0.7320500000000003,1.0,normal,36.253
12,279,16740,1,0,0.8858,0.8858,0.8858,1000.0,0.8857805000000005,1.0,normal,37.1388
12,279,16755,2,0,1.7716,1.7716,0.8858,1000.0,0.8857805000000005,1.0,normal,38.9104
12,279,16770,2,0,1.7716,1.7716,0.8858,1000.0,0.8857805000000005,1.0,normal,40.682
12,279,16785,2,0,1.3928,1.3928,0.6964,1000.0,0.8857805000000005,1.0,normal,42.0748
12,280,16800,0,0,0.0,0.0,0.0211,1000.0,1.0717944050000008,1.0,normal,42.0748
12,280,16815,2,0,0.4533,0.4533,0.2267,1000.0,1.0717944050000008,1.0,normal,42.5281
12,280,16830,1,0,1.0718,1.0718,1.0718,1000.0,1.0717944050000008,1.0,normal,43.5999
12,280,16845,4,0,4.2872,4.2872,1.0718,1000.0,1.0717944050000008,1.0,normal,47.8871
12,281,16860,0,0,0.0,0.0,0.3486,1000.0,1.2968712300500012,1.0,normal,47.8871
12,281,16875,6,0,7.7812,7.7812,1.2969,1000.0,1.2968712300500012,1.0,normal,55.6683
12,281,16890,8,0,10.375,10.375,1.2969,1000.0,1.2968712300500012,1.0,normal,66.0433
12,281,16905,6,0,7.7812,7.7812,1.2969,1000.0,1.2968712300500012,1.0,normal,73.8245
12,282,16920,3,0,4.7076,4.7076,1.5692,1000.0,1.5692141883605017,1.0,normal,78.5321
12,282,16935,3,0,4.7076,4.7076,1.5692,1000.0,1.5692141883605017,1.0,normal,83.2397
12,282,16950,8,0,12.5537,12.5537,1.5692,1000.0,1.5692141883605017,1.0,normal,95.7934
12,282,16965,2,0,3.1384,3.1384,1.5692,1000.0,1.5692141883605017,1.0,normal,98.9318
12,283,16980,7,0,0.0004,0.0004,0.0001,1000.0,1.8987491679162074,1.0,normal,98.9322
12,283,16995,3,0,5.6962,5.6962,1.8987,1000.0,1.8987491679162074,1.0,normal,104.6284
12,283,17010,3,0,5.6962,5.6962,1.8987,1000.0,1.8987491679162074,1.0,normal,110.3246
12,283,17025,5,0,9.4937,9.4937,1.8987,1000.0,1.8987491679162074,1.0,normal,119.8183
12,284,17040,4,0,0.4471,0.4471,0.1118,1000.0,2.297486493178611,1.0,normal,120.2654
12,284,17055,6,0,9.3913,9.3913,1.5652,1000.0,2.297486493178611,1.0,normal,129.6567
12,284,17070,5,0,7.6972,7.6972,1.5394,1000.0,2.297486493178611,1.0,normal,137.3539
12,284,17085,8,2,10.7191,5.3596,1.3399,1000.0,2.297486493178611,1.0,normal,148.073
12,285,17100,9,0,7.9726,7.9726,0.8858,1000.0,2.7799586567461194,1.0,normal,156.0456
12,285,17115,9,1,7.4116,7.4116,0.8235,1000.0,2.7799586567461194,1.0,normal,163.4572
12,285,17130,4,0,11.1198,11.1198,2.78,1000.0,2.7799586567461194,1.0,normal,174.577
12,285,17145,8,0,22.2397,22.2397,2.78,1000.0,2.7799586567461194,1.0,normal,196.8167
12,286,17160,8,0,26.91,26.91,3.3637,1000.0,3.363749974662805,1.0,normal,223.7267
12,286,17175,7,0,21.9825,21.9825,3.1404,1000.0,3.363749974662805,1.0,normal,245.7092
12,286,17190,8,0,26.91,26.91,3.3637,1000.0,3.363749974662805,1.0,normal,272.6192
12,286,17205,9,0,8.2707,8.2707,0.919,1000.0,3.363749974662805,1.0,normal,280.8899
12,287,17220,11,0,32.3371,32.3371,2.9397,1000.0,4.0701374693419945,1.0,normal,313.227
12,287,17235,7,0,20.954,20.954,2.9934,1000.0,4.0701374693419945,1.0,normal,334.181
12,287,17250,8,1,32.5611,32.5611,4.0701,1000.0,4.0701374693419945,1.0,normal,366.7421
12,287,17265,6,0,10.895,10.895,1.8158,1000.0,4.0701374693419945,1.0,normal,377.6371
13,288,17280,12,0,50.0879,50.0879,4.174,1000.0,5.0,0.0,normal,50.0879
13,288,17295,14,0,31.6341,31.6341,2.2596,1000.0,5.0,0.0,normal,81.722
13,288,17310,19,0,95.0,95.0,5.0,1000.0,5.0,0.0,normal,176.722
13,288,17325,8,0,33.4117,33.4117,4.1765,1000.0,5.0,0.0,normal,210.1337
13,289,17340,18,0,39.1266,39.1266,2.1737,1000.0,5.5,0.0,normal,249.2603
13,289,17355,22,0,15.8275,15.8275,0.7194,1000.0,5.5,0.0,normal,265.0878
13,289,17370,12,0,56.9328,56.9328,4.7444,1000.0,5.5,0.0,normal,322.0206
13,289,17385,11,0,51.5437,51.5437,4.6858,1000.0,5.5,0.0,normal,373.5643
13,290,17400,15,0,25.2091,25.2091,1.6806,1000.0,5.1425,0.0,normal,398.7734
13,290,17415,11,0,48.6569,48.6569,4.4234,1000.0,5.1425,0.0,normal,447.4303
13,290,17430,10,0,36.2001,36.2001,3.62,1000.0,5.1425,0.0,normal,483.6304
13,290,17445,17,0,6.3347,6.3347,0.3726,1000.0,5.1425,0.0,normal,489.9651
13,291,17460,13,0,15.6543,15.6543,1.2042,1000.0,3.856875,0.0,normal,505.6194
13,291,17475,3,0,5.5806,5.5806,1.8602,1000.0,3.856875,0.0,normal,511.2
13,291,17490,9,0,11.2205,11.2205,1.2467,1000.0,3.856875,0.0,normal,522.4205
13,291,17505,10,0,17.7166,17.7166,1.7717,1000.0,3.856875,0.0,normal,540.1371
13,292,17520,7,0,20.2486,20.2486,2.8927,1000.0,2.89265625,0.0,normal,560.3857
13,292,17535,15,0,18.9807,18.9807,1.2654,1000.0,2.89265625,0.0,normal,579.3664
13,292,17550,10,0,28.9266,28.9266,2.8927,1000.0,2.89265625,0.0,normal,608.293
13,292,17565,4,0,11.5706,11.5706,2.8927,1000.0,2.89265625,0.0,normal,619.8636
13,293,17580,8,0,17.3559,17.3559,2.1695,1000.0,2.1694921875,0.0,normal,637.2195
13,293,17595,11,0,2.2795,2.2795,0.2072,1000.0,2.1694921875,0.0,normal,639.499
13,293,17610,6,0,7.1902,7.1902,1.1984,1000.0,2.1694921875,0.0,normal,646.6892
13,293,17625,5,0,10.8475,10.8475,2.1695,1000.0,2.1694921875,0.0,normal,657.5367
13,294,17640,6,0,6.0758,6.0758,1.0126,1000.0,1.627119140625,0.0,normal,663.6125
13,294,17655,9,0,14.6441,14.6441,1.6271,1000.0,1.627119140625,0.0,normal,678.2566
13,294,17670,2,0,0.2496,0.2496,0.1248,1000.0,1.627119140625,0.0,normal,678.5062
13,294,17685,4,0,6.5085,6.5085,1.6271,1000.0,1.627119140625,0.0,normal,685.0147
13,295,17700,4,0,4.8814,4.8814,1.2203,1000.0,1.22033935546875,0.0,normal,689.8961
13,295,17715,3,0,1.0497,1.0497,0.3499,1000.0,1.22033935546875,0.0,normal,690.9458
13,295,17730,0,0,0.0,0.0,1.2203,1000.0,1.22033935546875,0.0,normal,690.9458
13,295,17745,1,0,1.0377,1.0377,1.0377,1000.0,1.22033935546875,0.0,normal,691.9835
13,296,17760,1,0,0.9153,0.9153,0.9153,1000.0,0.9152545166015625,0.0,normal,692.8988
13,296,17775,3,0,0.1564,0.1564,0.0521,1000.0,0.9152545166015625,0.0,normal,693.0552
13,296,17790,1,0,0.9153,0.9153,0.9153,1000.0,0.9152545166015625,0.0,normal,693.9705
13,296,17805,1,0,0.9153,0.9153,0.9153,1000.0,0.9152545166015625,0.0,normal,694.8858
13,297,17820,0,0,0.0,0.0,0.6864,1000.0,0.6864408874511719,0.0,normal,694.8858
13,297,17835,1,0,0.6864,0.6864,0.6864,1000.0,0.6864408874511719,0.0,normal,695.5722
13,297,17850,1,0,0.6864,0.6864,0.6864,1000.0,0.6864408874511719,0.0,normal,696.2586
13,297,17865,4,0,2.7458,2.7458,0.6864,1000.0,0.6864408874511719,0.0,normal,699.0044
13,298,17880,0,0,0.0,0.0,0.1888,1000.0,0.514830665588379,0.0,normal,699.0044
13,298,17895,2,0,0.3613,0.3613,0.1807,1000.0,0.514830665588379,0.0,normal,699.3657
13,298,17910,0,0,0.0,0.0,0.5148,1000.0,0.514830665588379,0.0,normal,699.3657
13,298,17925,3,0,1.5445,1.5445,0.5148,1000.0,0.514830665588379,0.0,normal,700.9102
13,299,17940,2,0,1.0,1.0,0.5,1000.0,0.5,0.0,normal,701.9102
13,299,17955,1,0,0.5,0.5,0.5,1000.0,0.5,0.0,normal,702.4102
13,299,17970,1,0,0.5,0.5,0.5,1000.0,0.5,0.0,normal,702.9102
13,299,17985,1,0,0.3098,0.3098,0.3098,1000.0,0.5,0.0,normal,703.22
13,300,18000,0,0,0.0,0.0,0.01,1000.0,0.01,0.0,normal,703.22
13,300,18015,0,0,0.0,0.0,0.01,1000.0,0.01,0.0,normal,703.22
13,300,18030,0,0,0.0,0.0,0.01,1000.0,0.01,0.0,normal,703.22
13,300,18045,0,0,0.0,0.0,0.01,1000.0,0.01,0.0,normal,703.22
13,301,18060,2,0,1.0,1.0,0.5,1000.0,0.5,0.0,normal,704.22
13,301,18075,0,0,0.0,0.0,0.5,1000.0,0.5,0.0,normal,704.22
13,301,18090,2,0,1.0,1.0,0.5,1000.0,0.5,0.0,normal,705.22
13,301,18105,0,0,0.0,0.0,0.5,1000.0,0.5,0.0,normal,705.22
13,302,18120,1,0,0.5,0.5,0.5,1000.0,0.5,0.0,normal,705.72
13,302,18135,0,0,0.0,0.0,0.5,1000.0,0.5,0.0,normal,705.72
13,302,18150,1,0,0.5,0.5,0.5,1000.0,0.5,0.0,normal,706.22
13,302,18165,6,0,3.0,3.0,0.5,1000.0,0.5,0.0,normal,709.22
13,303,18180,0,0,0.0,0.0,0.0622,1000.0,0.5,0.0,normal,709.22
13,303,18195,0,0,0.0,0.0,0.5,1000.0,0.5,0.0,normal,709.22
13,303,18210,2,0,1.0,1.0,0.5,1000.0,0.5,0.0,normal,710.22
13,303,18225,1,0,0.5,0.5,0.5,1000.0,0.5,0.0,normal,710.72
13,304,18240,1,0,0.5,0.5,0.5,1000.0,0.5,0.0,normal,711.22
13,304,18255,0,0,0.0,0.0,0.5,1000.0,0.5,0.0,normal,711.22
13,304,18270,2,0,1.0,1.0,0.5,1000.0,0.5,0.0,normal,712.22
13,304,18285,1,0,0.5,0.5,0.5,1000.0,0.5,0.0,normal,712.72
13,305,18300,0,0,0.0,0.0,0.5,1000.0,0.5,0.0,normal,712.72
13,305,18315,1,0,0.1611,0.1611,0.1611,1000.0,0.5,0.0,normal,712.8811
13,305,18330,0,0,0.0,0.0,0.5,1000.0,0.5,0.0,normal,712.8811
13,305,18345,1,0,0.0305,0.0305,0.0305,1000.0,0.5,0.0,normal,712.9116
13,306,18360,2,0,1.0,1.0,0.5,1000.0,0.5,0.0,normal,713.9116
13,306,18375,7,0,3.5,3.5,0.5,1000.0,0.5,0.0,normal,717.4116
13,306,18390,0,0,0.0,0.0,0.4455,1000.0,0.5,0.0,normal,717.4116
13,306,18405,4,0,2.0,2.0,0.5,1000.0,0.5,0.0,normal,719.4116
13,307,18420,0,0,0.0,0.0,0.5,1000.0,0.5,0.0,normal,719.4116
13,307,18435,1,0,0.5,0.5,0.5,1000.0,0.5,0.0,normal,719.9116
13,307,18450,1,0,0.202,0.202,0.202,1000.0,0.5,0.0,normal,720.1136
13,307,18465,3,0,1.5,1.5,0.5,1000.0,0.5,0.0,normal,721.6136
13,308,18480,1,0,0.3005,0.3005,0.3005,1000.0,0.5,0.0,normal,721.9141
13,308,18495,1,0,0.5,0.5,0.5,1000.0,0.5,0.0,normal,722.4141
13,308,18510,3,0,0.4879,0.4879,0.1626,1000.0,0.5,0.0,normal,722.902
13,308,18525,3,0,0.7444,0.7444,0.2481,1000.0,0.5,0.0,normal,723.6464
13,309,18540,2,0,1.0,1.0,0.5,1000.0,0.5,0.0,normal,724.6464
13,309,18555,2,0,1.0,1.0,0.5,1000.0,0.5,0.0,normal,725.6464
13,309,18570,3,0,0.7967,0.7967,0.2656,1000.0,0.5,0.0,normal,726.4431
13,309,18585,3,0,0.3382,0.3382,0.1127,1000.0,0.5,0.0,normal,726.7813
13,310,18600,2,0,1.0,1.0,0.5,1000.0,0.5,0.0,normal,727.7813
13,310,18615,2,0,1.0,1.0,0.5,1000.0,0.5,0.0,normal,728.7813
13,310,18630,1,0,0.5,0.5,0.5,1000.0,0.5,0.0,normal,729.2813
13,310,18645,1,0,0.5,0.5,0.5,1000.0,0.5,0.0,normal,729.7813
13,311,18660,1,0,0.5,0.5,0.5,1000.0,0.5,0.0,normal,730.2813
13,311,18675,0,0,0.0,0.0,0.3437,1000.0,0.5,0.0,normal,730.2813
13,311,18690,0,0,0.0,0.0,0.2956,1000.0,0.5,0.0,normal,730.2813
13,311,18705,1,0,0.5,0.5,0.5,1000.0,0.5,0.0,normal,730.7813
14,312,18720,0,0,0.0,0.0,0.01,1000.0,0.01,0.0,normal,0.0
14,312,18735,0,0,0.0,0.0,0.01,1000.0,0.01,0.0,normal,0.0
14,312,18750,0,0,0.0,0.0,0.01,1000.0,0.01,0.0,normal,0.0
14,312,18765,0,0,0.0,0.0,0.01,1000.0,0.01,0.0,normal,0.0
14,313,18780,1,0,0.5,0.5,0.5,1000.0,0.5,0.0,normal,0.5
14,313,18795,2,0,0.7339,0.7339,0.367,1000.0,0.5,0.0,normal,1.2339
14,313,18810,1,0,0.5,0.5,0.5,1000.0,0.5,0.0,normal,1.7339
14,313,18825,3,0,0.7318,0.7318,0.2439,1000.0,0.5,0.0,normal,2.4657
14,314,18840,1,0,0.5,0.5,0.5,1000.0,0.5,0.0,normal,2.9657
14,314,18855,3,0,1.5,1.5,0.5,1000.0,0.5,0.0,normal,4.4657
14,314,18870,2,0,1.0,1.0,0.5,1000.0,0.5,0.0,normal,5.4657
14,314,18885,1,0,0.5,0.5,0.5,1000.0,0.5,0.0,normal,5.9657
14,315,18900,2,0,0.0936,0.0936,0.0468,1000.0,0.5,0.0,normal,6.0593
14,315,18915,3,0,0.1565,0.1565,0.0522,1000.0,0.5,0.0,normal,6.2158
14,315,18930,1,0,0.2025,0.2025,0.2025,1000.0,0.5,0.0,normal,6.4183
14,315,18945,1,0,0.5,0.5,0.5,1000.0,0.5,0.0,normal,6.9183
14,316,18960,1,0,0.3254,0.3254,0.3254,1000.0,0.5,0.0,normal,7.2437
14,316,18975,2,0,1.0,1.0,0.5,1000.0,0.5,0.0,normal,8.2437
14,316,18990,2,0,1.0,1.0,0.5,1000.0,0.5,0.0,normal,9.2437
14,316,19005,0,0,0.0,0.0,0.5,1000.0,0.5,0.0,normal,9.2437
14,317,19020,1,0,0.5,0.5,0.5,1000.0,0.5,0.0,normal,9.7437
14,317,19035,1,0,0.5,0.5,0.5,1000.0,0.5,0.0,normal,10.2437
14,317,19050,0,0,0.0,0.0,0.5,1000.0,0.5,0.0,normal,10.2437
14,317,19065,0,0,0.0,0.0,0.0057,1000.0,0.5,0.0,normal,10.2437
14,318,19080,1,0,0.55,0.55,0.55,1000.0,0.55,0.0,normal,10.7937
14,318,19095,1,0,0.55,0.55,0.55,1000.0,0.55,0.0,normal,11.3437
14,318,19110,0,0,0.0,0.0,0.55,1000.0,0.55,0.0,normal,11.3437
14,318,19125,1,0,0.5216,0.5216,0.5216,1000.0,0.55,0.0,normal,11.8653
14,319,19140,1,0,0.605,0.605,0.605,1000.0,0.6050000000000001,0.0,normal,12.4703
14,319,19155,1,0,0.605,0.605,0.605,1000.0,0.6050000000000001,0.0,normal,13.0753
14,319,19170,2,0,1.21,1.21,0.605,1000.0,0.6050000000000001,0.0,normal,14.2853
14,319,19185,0,0,0.0,0.0,0.605,1000.0,0.6050000000000001,0.0,normal,14.2853
14,320,19200,1,0,0.6655,0.6655,0.6655,1000.0,0.6655000000000002,0.0,normal,14.9508
14,320,19215,2,0,0.815,0.815,0.4075,1000.0,0.6655000000000002,0.0,normal,15.7658
14,320,19230,2,0,1.331,1.331,0.6655,1000.0,0.6655000000000002,0.0,normal,17.0968
14,320,19245,2,0,1.331,1.331,0.6655,1000.0,0.6655000000000002,0.0,normal,18.4278
14,321,19260,2,0,1.3981,1.3981,0.6991,1000.0,0.7320500000000003,0.0,normal,19.8259
14,321,19275,1,0,0.7321,0.7321,0.7321,1000.0,0.7320500000000003,0.0,normal,20.558
14,321,19290,0,0,0.0,0.0,0.7321,1000.0,0.7320500000000003,0.0,normal,20.558
14,321,19305,1,0,0.7321,0.7321,0.7321,1000.0,0.7320500000000003,0.0,normal,21.2901
14,322,19320,1,0,0.315,0.315,0.315,1000.0,0.8052550000000004,0.0,normal,21.6051
14,322,19335,2,0,1.4688,1.4688,0.7344,1000.0,0.8052550000000004,0.0,normal,23.0739
14,322,19350,3,0,2.4158,2.4158,0.8053,1000.0,0.8052550000000004,0.0,normal,25.4897
14,322,19365,4,0,1.8339,1.8339,0.4585,1000.0,0.8052550000000004,0.0,normal,27.3236
14,323,19380,2,0,1.7716,1.7716,0.8858,1000.0,0.8857805000000005,0.0,normal,29.0952
14,323,19395,1,0,0.8858,0.8858,0.8858,1000.0,0.8857805000000005,0.0,normal,29.981
14,323,19410,1,0,0.8858,0.8858,0.8858,1000.0,0.8857805000000005,0.0,normal,30.8668
14,323,19425,1,0,0.0264,0.0264,0.0264,1000.0,0.8857805000000005,0.0,normal,30.8932
14,324,19440,0,0,0.0,0.0,0.01,1000.0,0.01,0.0,normal,30.8932
14,324,19455,1,0,0.01,0.01,0.01,1000.0,0.01,0.0,normal,30.9032
14,324,19470,0,0,0.0,0.0,0.01,1000.0,0.01,0.0,normal,30.9032
14,324,19485,0,0,0.0,0.0,0.01,1000.0,0.01,0.0,normal,30.9032
14,325,19500,1,0,0.5,0.5,0.5,1000.0,0.5,0.0,normal,31.4032
14,325,19515,2,0,1.0,1.0,0.5,1000.0,0.5,0.0,normal,32.4032
14,325,19530,0,0,0.0,0.0,0.5,1000.0,0.5,0.0,normal,32.4032
14,325,19545,1,0,0.5,0.5,0.5,1000.0,0.5,0.0,normal,32.9032
14,326,19560,2,0,1.1,1.1,0.55,1000.0,0.55,0.0,normal,34.0032
14,326,19575,0,0,0.0,0.0,0.55,1000.0,0.55,0.0,normal,34.0032
14,326,19590,2,0,1.1,1.1,0.55,1000.0,0.55,0.0,normal,35.1032
14,326,19605,2,0,0.5315,0.5315,0.2658,1000.0,0.55,0.0,normal,35.6347
14,327,19620,3,0,1.815,1.815,0.605,1000.0,0.6050000000000001,0.0,normal,37.4497
14,327,19635,2,0,0.6212,0.6212,0.3106,1000.0,0.6050000000000001,0.0,normal,38.0709
14,327,19650,0,0,0.0,0.0,0.605,1000.0,0.6050000000000001,0.0,normal,38.0709
14,327,19665,2,0,0.0665,0.0665,0.0332,1000.0,0.6050000000000001,0.0,normal,38.1374
14,328,19680,1,0,0.6655,0.6655,0.6655,1000.0,0.6655000000000002,0.0,normal,38.8029
14,328,19695,3,0,1.9965,1.9965,0.6655,1000.0,0.6655000000000002,0.0,normal,40.7994
14,328,19710,0,0,0.0,0.0,0.6655,1000.0,0.6655000000000002,0.0,normal,40.7994
14,328,19725,1,0,0.6655,0.6655,0.6655,1000.0,0.6655000000000002,0.0,normal,41.4649
14,329,19740,2,0,1.4641,1.4641,0.7321,1000.0,0.7320500000000003,0.0,normal,42.929
14,329,19755,2,0,1.4641,1.4641,0.7321,1000.0,0.7320500000000003,0.0,normal,44.3931
14,329,19770,4,0,2.9282,2.9282,0.7321,1000.0,0.7320500000000003,0.0,normal,47.3213
14,329,19785,2,0,1.4641,1.4641,0.7321,1000.0,0.7320500000000003,0.0,normal,48.7854
14,330,19800,3,0,2.4158,2.4158,0.8053,1000.0,0.8052550000000004,0.0,normal,51.2012
14,330,19815,0,0,0.0,0.0,0.8053,1000.0,0.8052550000000004,0.0,normal,51.2012
14,330,19830,3,0,2.4158,2.4158,0.8053,1000.0,0.8052550000000004,0.0,normal,53.617
14,330,19845,0,0,0.0,0.0,0.8053,1000.0,0.8052550000000004,0.0,normal,53.617
14,331,19860,5,0,4.2331,4.2331,0.8466,1000.0,0.8857805000000005,0.0,normal,57.8501
14,331,19875,2,0,1.7716,1.7716,0.8858,1000.0,0.8857805000000005,0.0,normal,59.6217
14,331,19890,3,0,2.6573,2.6573,0.8858,1000.0,0.8857805000000005,0.0,normal,62.279
14,331,19905,3,0,2.0591,2.0591,0.6864,1000.0,0.8857805000000005,0.0,normal,64.3381
14,332,19920,3,0,2.9231,2.9231,0.9744,1000.0,0.9743585500000007,0.0,normal,67.2612
14,332,19935,1,0,0.1082,0.1082,0.1082,1000.0,0.9743585500000007,0.0,normal,67.3694
14,332,19950,2,0,0.5774,0.5774,0.2887,1000.0,0.9743585500000007,0.0,normal,67.9468
14,332,19965,0,0,0.0,0.0,0.9744,1000.0,0.9743585500000007,0.0,normal,67.9468
14,333,19980,4,0,4.2872,4.2872,1.0718,1000.0,1.0717944050000008,0.0,normal,72.234
14,333,19995,1,0,0.1483,0.1483,0.1483,1000.0,1.0717944050000008,0.0,normal,72.3823
14,333,20010,3,0,3.2154,3.2154,1.0718,1000.0,1.0717944050000008,0.0,normal,75.5977
14,333,20025,3,0,2.6684,2.6684,0.8895,1000.0,1.0717944050000008,0.0,normal,78.2661
14,334,20040,3,0,3.5369,3.5369,1.179,1000.0,1.178973845500001,0.0,normal,81.803
14,334,20055,6,0,0.9305,0.9305,0.1551,1000.0,1.178973845500001,0.0,normal,82.7335
14,334,20070,2,0,2.3579,2.3579,1.179,1000.0,1.178973845500001,0.0,normal,85.0914
14,334,20085,0,0,0.0,0.0,1.179,1000.0,1.178973845500001,0.0,normal,85.0914
14,335,20100,4,0,5.1875,5.1875,1.2969,1000.0,1.2968712300500012,0.0,normal,90.2789
14,335,20115,6,0,7.7812,7.7812,1.2969,1000.0,1.2968712300500012,0.0,normal,98.0601
14,335,20130,5,0,4.2393,4.2393,0.8479,1000.0,1.2968712300500012,0.0,normal,102.2994
14,335,20145,4,0,5.1875,5.1875,1.2969,1000.0,1.2968712300500012,0.0,normal,107.4869
15,336,20160,0,0,0.0,0.0,0.01,700.0,0.01,0.0,normal,0.0
15,336,20175,0,0,0.0,0.0,0.01,700.0,0.01,0.0,normal,0.0
15,336,20190,1,0,0.01,0.01,0.01,700.0,0.01,0.0,normal,0.01
15,336,20205,0,0,0.0,0.0,0.01,700.0,0.01,0.0,normal,0.01
15,337,20220,2,0,1.0,1.0,0.5,700.0,0.5,0.0,normal,1.01
15,337,20235,1,0,0.5,0.5,0.5,700.0,0.5,0.0,normal,1.51
15,337,20250,1,0,0.5,0.5,0.5,700.0,0.5,0.0,normal,2.01
15,337,20265,2,0,1.0,1.0,0.5,700.0,0.5,0.0,normal,3.01
15,338,20280,1,0,0.55,0.55,0.55,700.0,0.55,0.0,normal,3.56
15,338,20295,1,0,0.55,0.55,0.55,700.0,0.55,0.0,normal,4.11
15,338,20310,0,0,0.0,0.0,0.0433,700.0,0.55,0.0,normal,4.11
15,338,20325,1,0,0.55,0.55,0.55,700.0,0.55,0.0,normal,4.66
15,339,20340,1,0,0.605,0.605,0.605,700.0,0.6050000000000001,0.0,normal,5.265
15,339,20355,1,0,0.605,0.605,0.605,700.0,0.6050000000000001,0.0,normal,5.87
15,339,20370,1,0,0.605,0.605,0.605,700.0,0.6050000000000001,0.0,normal,6.475
15,339,20385,1,0,0.605,0.605,0.605,700.0,0.6050000000000001,0.0,normal,7.08
15,340,20400,1,0,0.6655,0.6655,0.6655,700.0,0.6655000000000002,0.0,normal,7.7455
15,340,20415,2,0,1.331,1.331,0.6655,700.0,0.6655000000000002,0.0,normal,9.0765
15,340,20430,1,0,0.6655,0.6655,0.6655,700.0,0.6655000000000002,0.0,normal,9.742
15,340,20445,1,0,0.6655,0.6655,0.6655,700.0,0.6655000000000002,0.0,normal,10.4075
15,341,20460,0,0,0.0,0.0,0.7321,700.0,0.7320500000000003,0.0,normal,10.4075
15,341,20475,1,0,0.7321,0.7321,0.7321,700.0,0.7320500000000003,0.0,normal,11.1396
15,341,20490,2,0,0.4274,0.4274,0.2137,700.0,0.7320500000000003,0.0,normal,11.567
15,341,20505,1,0,0.7321,0.7321,0.7321,700.0,0.7320500000000003,0.0,normal,12.2991
15,342,20520,4,0,2.1152,2.1152,0.5288,700.0,0.8052550000000004,0.0,normal,14.4143
15,342,20535,1,0,0.8053,0.8053,0.8053,700.0,0.8052550000000004,0.0,normal,15.2196
15,342,20550,1,0,0.8053,0.8053,0.8053,700.0,0.8052550000000004,0.0,normal,16.0249
15,342,20565,1,0,0.8053,0.8053,0.8053,700.0,0.8052550000000004,0.0,normal,16.8302
15,343,20580,5,0,3.1353,3.1353,0.6271,700.0,0.8857805000000005,0.0,normal,19.9655
15,343,20595,4,0,3.5431,3.5431,0.8858,700.0,0.8857805000000005,0.0,normal,23.5086
15,343,20610,4,0,0.9045,0.9045,0.2261,700.0,0.8857805000000005,0.0,normal,24.4131
15,343,20625,4,0,3.5431,3.5431,0.8858,700.0,0.8857805000000005,0.0,normal,27.9562
15,344,20640,1,0,0.6821,0.6821,0.6821,700.0,0.6820509850000005,0.0,normal,28.6383
15,344,20655,3,0,1.8365,1.8365,0.6122,700.0,0.6820509850000005,0.0,normal,30.4748
15,344,20670,2,0,1.3641,1.3641,0.6821,700.0,0.6820509850000005,0.0,normal,31.8389
15,344,20685,3,0,2.0462,2.0462,0.6821,700.0,0.6820509850000005,0.0,normal,33.8851
15,345,20700,2,0,1.0504,1.0504,0.5252,700.0,0.5251792584500004,0.0,normal,34.9355
15,345,20715,0,0,0.0,0.0,0.5252,700.0,0.5251792584500004,0.0,normal,34.9355
15,345,20730,1,0,0.5252,0.5252,0.5252,700.0,0.5251792584500004,0.0,normal,35.4607
15,345,20745,0,0,0.0,0.0,0.5252,700.0,0.5251792584500004,0.0,normal,35.4607
15,346,20760,1,0,0.5,0.5,0.5,700.0,0.5,0.0,normal,35.9607
15,346,20775,1,0,0.5,0.5,0.5,700.0,0.5,0.0,normal,36.4607
15,346,20790,0,0,0.0,0.0,0.5,700.0,0.5,0.0,normal,36.4607
15,346,20805,2,0,1.0,1.0,0.5,700.0,0.5,0.0,normal,37.4607
15,347,20820,2,0,1.1,1.1,0.55,700.0,0.55,0.0,normal,38.5607
15,347,20835,2,0,1.1,1.1,0.55,700.0,0.55,0.0,normal,39.6607
15,347,20850,1,0,0.55,0.55,0.55,700.0,0.55,0.0,normal,40.2107
15,347,20865,1,0,0.55,0.55,0.55,700.0,0.55,0.0,normal,40.7607
15,348,20880,0,0,0.0,0.0,0.01,700.0,0.01,0.0,normal,40.7607
15,348,20895,0,0,0.0,0.0,0.01,700.0,0.01,0.0,normal,40.7607
15,348,20910,0,0,0.0,0.0,0.01,700.0,0.01,0.0,normal,40.7607
15,348,20925,0,0,0.0,0.0,0.01,700.0,0.01,0.0,normal,40.7607
15,349,20940,0,0,0.0,0.0,0.5,700.0,0.5,0.0,normal,40.7607
15,349,20955,0,0,0.0,0.0,0.5,700.0,0.5,0.0,normal,40.7607
15,349,20970,0,0,0.0,0.0,0.5,700.0,0.5,0.0,normal,40.7607
15,349,20985,2,0,1.0,1.0,0.5,700.0,0.5,0.0,normal,41.7607
15,350,21000,1,0,0.55,0.55,0.55,700.0,0.55,0.0,normal,42.3107
15,350,21015,1,0,0.3691,0.3691,0.3691,700.0,0.55,0.0,normal,42.6798
15,350,21030,0,0,0.0,0.0,0.55,700.0,0.55,0.0,normal,42.6798
15,350,21045,0,0,0.0,0.0,0.55,700.0,0.55,0.0,normal,42.6798
15,351,21060,2,0,1.21,1.21,0.605,700.0,0.6050000000000001,0.0,normal,43.8898
15,351,21075,0,0,0.0,0.0,0.605,700.0,0.6050000000000001,0.0,normal,43.8898
15,351,21090,7,0,4.235,4.235,0.605,700.0,0.6050000000000001,0.0,normal,48.1248
15,351,21105,1,0,0.605,0.605,0.605,700.0,0.6050000000000001,0.0,normal,48.7298
15,352,21120,3,0,1.9965,1.9965,0.6655,700.0,0.6655000000000002,0.0,normal,50.7263
15,352,21135,0,0,0.0,0.0,0.6655,700.0,0.6655000000000002,0.0,normal,50.7263
15,352,21150,4,0,2.662,2.662,0.6655,700.0,0.6655000000000002,0.0,normal,53.3883
15,352,21165,1,0,0.6655,0.6655,0.6655,700.0,0.6655000000000002,0.0,normal,54.0538
15,353,21180,3,0,1.0637,1.0637,0.3546,700.0,0.5124350000000002,0.0,normal,55.1175
15,353,21195,3,0,1.5373,1.5373,0.5124,700.0,0.5124350000000002,0.0,normal,56.6548
15,353,21210,2,0,0.6658,0.6658,0.3329,700.0,0.5124350000000002,0.0,normal,57.3206
15,353,21225,4,0,2.0497,2.0497,0.5124,700.0,0.5124350000000002,0.0,normal,59.3703
15,354,21240,0,0,0.0,0.0,0.5637,700.0,0.5636785000000003,0.0,normal,59.3703
15,354,21255,2,0,1.1274,1.1274,0.5637,700.0,0.5636785000000003,0.0,normal,60.4977
15,354,21270,2,0,0.0779,0.0779,0.039,700.0,0.5636785000000003,0.0,normal,60.5756
15,354,21285,2,0,0.9005,0.9005,0.4502,700.0,0.5636785000000003,0.0,normal,61.4761
15,355,21300,4,0,2.4802,2.4802,0.62,700.0,0.6200463500000004,0.0,normal,63.9563
15,355,21315,3,0,1.8601,1.8601,0.62,700.0,0.6200463500000004,0.0,normal,65.8164
15,355,21330,0,0,0.0,0.0,0.62,700.0,0.6200463500000004,0.0,normal,65.8164
15,355,21345,0,0,0.0,0.0,0.62,700.0,0.6200463500000004,0.0,normal,65.8164
15,356,21360,1,0,0.6821,0.6821,0.6821,700.0,0.6820509850000005,0.0,normal,66.4985
15,356,21375,1,0,0.6821,0.6821,0.6821,700.0,0.6820509850000005,0.0,normal,67.1806
15,356,21390,3,0,2.0462,2.0462,0.6821,700.0,0.6820509850000005,0.0,normal,69.2268
15,356,21405,0,0,0.0,0.0,0.6821,700.0,0.6820509850000005,0.0,normal,69.2268
15,357,21420,5,0,3.7513,3.7513,0.7503,700.0,0.7502560835000006,0.0,normal,72.9781
15,357,21435,0,0,0.0,0.0,0.3028,700.0,0.7502560835000006,0.0,normal,72.9781
15,357,21450,1,0,0.0939,0.0939,0.0939,700.0,0.7502560835000006,0.0,normal,73.072
15,357,21465,0,0,0.0,0.0,0.7503,700.0,0.7502560835000006,0.0,normal,73.072
15,358,21480,2,0,1.6506,1.6506,0.8253,700.0,0.8252816918500008,0.0,normal,74.7226
15,358,21495,1,0,0.8253,0.8253,0.8253,700.0,0.8252816918500008,0.0,normal,75.5479
15,358,21510,3,0,2.4758,2.4758,0.8253,700.0,0.8252816918500008,0.0,normal,78.0237
15,358,21525,3,0,1.5163,1.5163,0.5054,700.0,0.8252816918500008,0.0,normal,79.54
15,359,21540,2,0,1.4109,1.4109,0.7054,700.0,0.9078098610350009,0.0,normal,80.9509
15,359,21555,2,0,1.8156,1.8156,0.9078,700.0,0.9078098610350009,0.0,normal,82.7665
15,359,21570,2,0,1.8156,1.8156,0.9078,700.0,0.9078098610350009,0.0,normal,84.5821
15,359,21585,4,0,3.6312,3.6312,0.9078,700.0,0.9078098610350009,0.0,normal,88.2133
16,360,21600,0,0,0.0,0.0,0.01,700.0,0.01,0.0,normal,0.0
16,360,21615,0,0,0.0,0.0,0.01,700.0,0.01,0.0,normal,0.0
16,360,21630,0,0,0.0,0.0,0.01,700.0,0.01,0.0,normal,0.0
16,360,21645,0,0,0.0,0.0,0.01,700.0,0.01,0.0,normal,0.0
16,361,21660,1,0,0.5,0.5,0.5,700.0,0.5,0.0,normal,0.5
16,361,21675,1,0,0.5,0.5,0.5,700.0,0.5,0.0,normal,1.0
16,361,21690,2,0,1.0,1.0,0.5,700.0,0.5,0.0,normal,2.0
16,361,21705,1,0,0.5,0.5,0.5,700.0,0.5,0.0,normal,2.5
16,362,21720,1,0,0.55,0.55,0.55,700.0,0.55,0.0,normal,3.05
16,362,21735,3,0,1.65,1.65,0.55,700.0,0.55,0.0,normal,4.7
16,362,21750,3,0,1.65,1.65,0.55,700.0,0.55,0.0,normal,6.35
16,362,21765,0,0,0.0,0.0,0.55,700.0,0.55,0.0,normal,6.35
16,363,21780,2,0,1.21,1.21,0.605,700.0,0.6050000000000001,0.0,normal,7.56
16,363,21795,4,0,2.42,2.42,0.605,700.0,0.6050000000000001,0.0,normal,9.98
16,363,21810,1,0,0.062,0.062,0.062,700.0,0.6050000000000001,0.0,normal,10.042
16,363,21825,3,0,1.7136,1.7136,0.5712,700.0,0.6050000000000001,0.0,normal,11.7556
16,364,21840,2,0,1.0988,1.0988,0.5494,700.0,0.6655000000000002,0.0,normal,12.8544
16,364,21855,4,0,2.2895,2.2895,0.5724,700.0,0.6655000000000002,0.0,normal,15.1439
16,364,21870,3,0,1.9965,1.9965,0.6655,700.0,0.6655000000000002,0.0,normal,17.1404
16,364,21885,1,0,0.6655,0.6655,0.6655,700.0,0.6655000000000002,0.0,normal,17.8059
16,365,21900,2,0,1.4641,1.4641,0.7321,700.0,0.7320500000000003,0.0,normal,19.27
16,365,21915,3,0,2.1962,2.1962,0.7321,700.0,0.7320500000000003,0.0,normal,21.4662
16,365,21930,1,0,0.7321,0.7321,0.7321,700.0,0.7320500000000003,0.0,normal,22.1983
16,365,21945,0,0,0.0,0.0,0.4146,700.0,0.7320500000000003,0.0,normal,22.1983
16,366,21960,1,0,0.8053,0.8053,0.8053,700.0,0.8052550000000004,0.0,normal,23.0036
16,366,21975,2,0,1.6105,1.6105,0.8053,700.0,0.8052550000000004,0.0,normal,24.6141
16,366,21990,1,0,0.8053,0.8053,0.8053,700.0,0.8052550000000004,0.0,normal,25.4194
16,366,22005,2,0,1.6105,1.6105,0.8053,700.0,0.8052550000000004,0.0,normal,27.0299
16,367,22020,2,0,1.7716,1.7716,0.8858,700.0,0.8857805000000005,0.0,normal,28.8015
16,367,22035,0,0,0.0,0.0,0.8858,700.0,0.8857805000000005,0.0,normal,28.8015
16,367,22050,0,0,0.0,0.0,0.2648,700.0,0.8857805000000005,0.0,normal,28.8015
16,367,22065,0,0,0.0,0.0,0.8858,700.0,0.8857805000000005,0.0,normal,28.8015
16,368,22080,5,0,4.8718,4.8718,0.9744,700.0,0.9743585500000007,0.0,normal,33.6733
16,368,22095,5,0,4.4155,4.4155,0.8831,700.0,0.9743585500000007,0.0,normal,38.0888
16,368,22110,2,0,1.6854,1.6854,0.8427,700.0,0.9743585500000007,0.0,normal,39.7742
16,368,22125,2,0,1.9487,1.9487,0.9744,700.0,0.9743585500000007,0.0,normal,41.7229
16,369,22140,2,0,2.1436,2.1436,1.0718,700.0,1.0717944050000008,0.0,normal,43.8665
16,369,22155,1,0,1.0718,1.0718,1.0718,700.0,1.0717944050000008,0.0,normal,44.9383
16,369,22170,2,0,2.1436,2.1436,1.0718,700.0,1.0717944050000008,0.0,normal,47.0819
16,369,22185,5,0,5.359,5.359,1.0718,700.0,1.0717944050000008,0.0,normal,52.4409
16,370,22200,0,0,0.0,0.0,1.179,700.0,1.178973845500001,0.0,normal,52.4409
16,370,22215,1,0,1.0468,1.0468,1.0468,700.0,1.178973845500001,0.0,normal,53.4877
16,370,22230,2,0,2.3579,2.3579,1.179,700.0,1.178973845500001,0.0,normal,55.8456
16,370,22245,4,0,2.727,2.727,0.6818,700.0,1.178973845500001,0.0,normal,58.5726
16,371,22260,3,0,3.8906,3.8906,1.2969,700.0,1.2968712300500012,0.0,normal,62.4632
16,371,22275,3,0,3.8906,3.8906,1.2969,700.0,1.2968712300500012,0.0,normal,66.3538
16,371,22290,3,0,1.5475,1.5475,0.5158,700.0,1.2968712300500012,0.0,normal,67.9013
16,371,22305,0,0,0.0,0.0,1.2969,700.0,1.2968712300500012,0.0,normal,67.9013
16,372,22320,0,0,0.0,0.0,0.01,700.0,0.01,0.0,normal,67.9013
16,372,22335,0,0,0.0,0.0,0.01,700.0,0.01,0.0,normal,67.9013
16,372,22350,0,0,0.0,0.0,0.01,700.0,0.01,0.0,normal,67.9013
16,372,22365,0,0,0.0,0.0,0.01,700.0,0.01,0.0,normal,67.9013
16,373,22380,2,0,1.0,1.0,0.5,700.0,0.5,0.0,normal,68.9013
16,373,22395,1,0,0.5,0.5,0.5,700.0,0.5,0.0,normal,69.4013
16,373,22410,1,0,0.5,0.5,0.5,700.0,0.5,0.0,normal,69.9013
16,373,22425,1,0,0.5,0.5,0.5,700.0,0.5,0.0,normal,70.4013
16,374,22440,4,0,2.2,2.2,0.55,700.0,0.55,0.0,normal,72.6013
16,374,22455,1,0,0.55,0.55,0.55,700.0,0.55,0.0,normal,73.1513
16,374,22470,3,0,1.4315,1.4315,0.4772,700.0,0.55,0.0,normal,74.5828
16,374,22485,2,0,1.1,1.1,0.55,700.0,0.55,0.0,normal,75.6828
16,375,22500,2,0,0.7879,0.7879,0.3939,700.0,0.5,0.0,normal,76.4707
16,375,22515,1,0,0.5,0.5,0.5,700.0,0.5,0.0,normal,76.9707
16,375,22530,0,0,0.0,0.0,0.5,700.0,0.5,0.0,normal,76.9707
16,375,22545,0,0,0.0,0.0,0.5,700.0,0.5,0.0,normal,76.9707
16,376,22560,2,0,1.1,1.1,0.55,700.0,0.55,0.0,normal,78.0707
16,376,22575,1,0,0.55,0.55,0.55,700.0,0.55,0.0,normal,78.6207
16,376,22590,0,0,0.0,0.0,0.4219,700.0,0.55,0.0,normal,78.6207
16,376,22605,0,0,0.0,0.0,0.55,700.0,0.55,0.0,normal,78.6207
16,377,22620,0,0,0.0,0.0,0.605,700.0,0.6050000000000001,0.0,normal,78.6207
16,377,22635,0,0,0.0,0.0,0.605,700.0,0.6050000000000001,0.0,normal,78.6207
16,377,22650,3,0,0.3244,0.3244,0.1081,700.0,0.6050000000000001,0.0,normal,78.9451
16,377,22665,0,0,0.0,0.0,0.605,700.0,0.6050000000000001,0.0,normal,78.9451
16,378,22680,1,0,0.6655,0.6655,0.6655,700.0,0.6655000000000002,0.0,normal,79.6106
16,378,22695,3,0,1.9965,1.9965,0.6655,700.0,0.6655000000000002,0.0,normal,81.6071
16,378,22710,2,0,1.331,1.331,0.6655,700.0,0.6655000000000002,0.0,normal,82.9381
16,378,22725,4,0,2.662,2.662,0.6655,700.0,0.6655000000000002,0.0,normal,85.6001
16,379,22740,3,0,2.1962,2.1962,0.7321,700.0,0.7320500000000003,0.0,normal,87.7963
16,379,22755,2,0,1.4641,1.4641,0.7321,700.0,0.7320500000000003,0.0,normal,89.2604
16,379,22770,3,0,2.1962,2.1962,0.7321,700.0,0.7320500000000003,0.0,normal,91.4566
16,379,22785,3,0,1.7147,1.7147,0.5716,700.0,0.7320500000000003,0.0,normal,93.1713
16,380,22800,3,0,2.4158,2.4158,0.8053,700.0,0.8052550000000004,0.0,normal,95.5871
16,380,22815,2,0,1.6105,1.6105,0.8053,700.0,0.8052550000000004,0.0,normal,97.1976
16,380,22830,0,0,0.0,0.0,0.8053,700.0,0.8052550000000004,0.0,normal,97.1976
16,380,22845,1,0,0.8053,0.8053,0.8053,700.0,0.8052550000000004,0.0,normal,98.0029
16,381,22860,2,0,1.7716,1.7716,0.8858,700.0,0.8857805000000005,0.0,normal,99.7745
16,381,22875,2,0,1.7716,1.7716,0.8858,700.0,0.8857805000000005,0.0,normal,101.5461
16,381,22890,3,0,2.6573,2.6573,0.8858,700.0,0.8857805000000005,0.0,normal,104.2034
16,381,22905,3,0,2.6573,2.6573,0.8858,700.0,0.8857805000000005,0.0,normal,106.8607
16,382,22920,1,0,0.6821,0.6821,0.6821,700.0,0.6820509850000005,0.0,normal,107.5428
16,382,22935,4,0,2.7282,2.7282,0.6821,700.0,0.6820509850000005,0.0,normal,110.271
16,382,22950,1,0,0.2907,0.2907,0.2907,700.0,0.6820509850000005,0.0,normal,110.5617
16,382,22965,4,0,2.7282,2.7282,0.6821,700.0,0.6820509850000005,0.0,normal,113.2899
16,383,22980,1,0,0.5252,0.5252,0.5252,700.0,0.5251792584500004,0.0,normal,113.8151
16,383,22995,1,0,0.5252,0.5252,0.5252,700.0,0.5251792584500004,0.0,normal,114.3403
16,383,23010,0,0,0.0,0.0,0.5252,700.0,0.5251792584500004,0.0,normal,114.3403
16,383,23025,2,0,1.0504,1.0504,0.5252,700.0,0.5251792584500004,0.0,normal,115.3907
17,384,23040,0,0,0.0,0.0,0.01,700.0,0.01,0.0,normal,0.0
17,384,23055,0,0,0.0,0.0,0.01,700.0,0.01,0.0,normal,0.0
17,384,23070,0,0,0.0,0.0,0.01,700.0,0.01,0.0,normal,0.0
17,384,23085,0,0,0.0,0.0,0.01,700.0,0.01,0.0,normal,0.0
17,385,23100,1,0,0.5,0.5,0.5,700.0,0.5,0.0,normal,0.5
17,385,23115,2,0,1.0,1.0,0.5,700.0,0.5,0.0,normal,1.5
17,385,23130,0,0,0.0,0.0,0.5,700.0,0.5,0.0,normal,1.5
17,385,23145,0,0,0.0,0.0,0.5,700.0,0.5,0.0,normal,1.5
17,386,23160,2,0,0.8541,0.8541,0.427,700.0,0.55,0.0,normal,2.3541
17,386,23175,4,0,2.2,2.2,0.55,700.0,0.55,0.0,normal,4.5541
17,386,23190,1,0,0.55,0.55,0.55,700.0,0.55,0.0,normal,5.1041
17,386,23205,0,0,0.0,0.0,0.55,700.0,0.55,0.0,normal,5.1041
17,387,23220,1,0,0.605,0.605,0.605,700.0,0.6050000000000001,0.0,normal,5.7091
17,387,23235,1,0,0.605,0.605,0.605,700.0,0.6050000000000001,0.0,normal,6.3141
17,387,23250,3,0,1.815,1.815,0.605,700.0,0.6050000000000001,0.0,normal,8.1291
17,387,23265,1,0,0.605,0.605,0.605,700.0,0.6050000000000001,0.0,normal,8.7341
17,388,23280,2,0,1.331,1.331,0.6655,700.0,0.6655000000000002,0.0,normal,10.0651
17,388,23295,4,0,2.662,2.662,0.6655,700.0,0.6655000000000002,0.0,normal,12.7271
17,388,23310,1,0,0.5245,0.5245,0.5245,700.0,0.6655000000000002,0.0,normal,13.2516
17,388,23325,0,0,0.0,0.0,0.6655,700.0,0.6655000000000002,0.0,normal,13.2516
17,389,23340,2,0,1.2846,1.2846,0.6423,700.0,0.7320500000000003,0.0,normal,14.5362
17,389,23355,2,0,1.4641,1.4641,0.7321,700.0,0.7320500000000003,0.0,normal,16.0003
17,389,23370,2,0,1.4641,1.4641,0.7321,700.0,0.7320500000000003,0.0,normal,17.4644
17,389,23385,0,0,0.0,0.0,0.7321,700.0,0.7320500000000003,0.0,normal,17.4644
17,390,23400,4,0,2.2623,2.2623,0.5656,700.0,0.8052550000000004,0.0,normal,19.7267
17,390,23415,3,0,2.4158,2.4158,0.8053,700.0,0.8052550000000004,0.0,normal,22.1425
17,390,23430,2,0,0.6115,0.6115,0.3058,700.0,0.8052550000000004,0.0,normal,22.754
17,390,23445,1,0,0.3772,0.3772,0.3772,700.0,0.8052550000000004,0.0,normal,23.1312
17,391,23460,1,0,0.8858,0.8858,0.8858,700.0,0.8857805000000005,0.0,normal,24.017
17,391,23475,5,0,3.1333,3.1333,0.6267,700.0,0.8857805000000005,0.0,normal,27.1503
17,391,23490,2,0,0.3981,0.3981,0.1991,700.0,0.8857805000000005,0.0,normal,27.5484
17,391,23505,1,0,0.8858,0.8858,0.8858,700.0,0.8857805000000005,0.0,normal,28.4342
17,392,23520,2,0,1.9487,1.9487,0.9744,700.0,0.9743585500000007,0.0,normal,30.3829
17,392,23535,2,0,1.9487,1.9487,0.9744,700.0,0.9743585500000007,0.0,normal,32.3316
17,392,23550,4,0,3.8974,3.8974,0.9744,700.0,0.9743585500000007,0.0,normal,36.229
17,392,23565,2,0,0.462,0.462,0.231,700.0,0.9743585500000007,0.0,normal,36.691
17,393,23580,1,0,1.0718,1.0718,1.0718,700.0,1.0717944050000008,0.0,normal,37.7628
17,393,23595,1,0,1.0718,1.0718,1.0718,700.0,1.0717944050000008,0.0,normal,38.8346
17,393,23610,2,0,2.1436,2.1436,1.0718,700.0,1.0717944050000008,0.0,normal,40.9782
17,393,23625,3,0,3.2154,3.2154,1.0718,700.0,1.0717944050000008,0.0,normal,44.1936
17,394,23640,3,0,3.5369,3.5369,1.179,700.0,1.178973845500001,0.0,normal,47.7305
17,394,23655,6,0,7.0738,7.0738,1.179,700.0,1.178973845500001,0.0,normal,54.8043
17,394,23670,3,0,3.5369,3.5369,1.179,700.0,1.178973845500001,0.0,normal,58.3412
17,394,23685,0,0,0.0,0.0,1.179,700.0,1.178973845500001,0.0,normal,58.3412
17,395,23700,3,0,3.8906,3.8906,1.2969,700.0,1.2968712300500012,0.0,normal,62.2318
17,395,23715,3,0,0.1698,0.1698,0.0566,700.0,1.2968712300500012,0.0,normal,62.4016
17,395,23730,5,0,2.9988,2.9988,0.5998,700.0,1.2968712300500012,0.0,normal,65.4004
17,395,23745,3,0,2.8554,2.8554,0.9518,700.0,1.2968712300500012,0.0,normal,68.2558
17,396,23760,0,0,0.0,0.0,0.01,700.0,0.01,0.0,normal,68.2558
17,396,23775,0,0,0.0,0.0,0.01,700.0,0.01,0.0,normal,68.2558
17,396,23790,0,0,0.0,0.0,0.01,700.0,0.01,0.0,normal,68.2558
17,396,23805,0,0,0.0,0.0,0.01,700.0,0.01,0.0,normal,68.2558
17,397,23820,2,0,1.0,1.0,0.5,700.0,0.5,0.0,normal,69.2558
17,397,23835,0,0,0.0,0.0,0.5,700.0,0.5,0.0,normal,69.2558
17,397,23850,2,0,0.0236,0.0236,0.0118,700.0,0.5,0.0,normal,69.2794
17,397,23865,4,0,2.0,2.0,0.5,700.0,0.5,0.0,normal,71.2794
17,398,23880,1,0,0.55,0.55,0.55,700.0,0.55,0.0,normal,71.8294
17,398,23895,2,0,1.1,1.1,0.55,700.0,0.55,0.0,normal,72.9294
17,398,23910,2,0,1.1,1.1,0.55,700.0,0.55,0.0,normal,74.0294
17,398,23925,1,0,0.55,0.55,0.55,700.0,0.55,0.0,normal,74.5794
17,399,23940,2,0,1.21,1.21,0.605,700.0,0.6050000000000001,0.0,normal,75.7894
17,399,23955,0,0,0.0,0.0,0.605,700.0,0.6050000000000001,0.0,normal,75.7894
17,399,23970,0,0,0.0,0.0,0.605,700.0,0.6050000000000001,0.0,normal,75.7894
17,399,23985,3,0,1.815,1.815,0.605,700.0,0.6050000000000001,0.0,normal,77.6044
17,400,24000,1,0,0.3081,0.3081,0.3081,700.0,0.6655000000000002,0.0,normal,77.9125
17,400,24015,2,0,1.1047,1.1047,0.5524,700.0,0.6655000000000002,0.0,normal,79.0172
17,400,24030,2,0,1.331,1.331,0.6655,700.0,0.6655000000000002,0.0,normal,80.3482
17,400,24045,1,0,0.649,0.649,0.649,700.0,0.6655000000000002,0.0,normal,80.9972
17,401,24060,0,0,0.0,0.0,0.7321,700.0,0.7320500000000003,0.0,normal,80.9972
17,401,24075,1,0,0.6985,0.6985,0.6985,700.0,0.7320500000000003,0.0,normal,81.6957
17,401,24090,4,0,2.9282,2.9282,0.7321,700.0,0.7320500000000003,0.0,normal,84.6239
17,401,24105,1,0,0.7321,0.7321,0.7321,700.0,0.7320500000000003,0.0,normal,85.356
17,402,24120,1,0,0.3666,0.3666,0.3666,700.0,0.5636785000000002,0.0,normal,85.7226
17,402,24135,1,0,0.0135,0.0135,0.0135,700.0,0.5636785000000002,0.0,normal,85.7361
17,402,24150,1,0,0.377,0.377,0.377,700.0,0.5636785000000002,0.0,normal,86.1131
17,402,24165,0,0,0.0,0.0,0.5637,700.0,0.5636785000000002,0.0,normal,86.1131
17,403,24180,3,0,0.759,0.759,0.253,700.0,0.6200463500000003,0.0,normal,86.8721
17,403,24195,0,0,0.0,0.0,0.62,700.0,0.6200463500000003,0.0,normal,86.8721
17,403,24210,2,0,1.2401,1.2401,0.62,700.0,0.6200463500000003,0.0,normal,88.1122
17,403,24225,2,0,1.2401,1.2401,0.62,700.0,0.6200463500000003,0.0,normal,89.3523
17,404,24240,1,0,0.6821,0.6821,0.6821,700.0,0.6820509850000004,0.0,normal,90.0344
17,404,24255,5,0,3.4103,3.4103,0.6821,700.0,0.6820509850000004,0.0,normal,93.4447
17,404,24270,0,0,0.0,0.0,0.6821,700.0,0.6820509850000004,0.0,normal,93.4447
17,404,24285,1,0,0.6821,0.6821,0.6821,700.0,0.6820509850000004,0.0,normal,94.1268
17,405,24300,1,0,0.7503,0.7503,0.7503,700.0,0.7502560835000005,0.0,normal,94.8771
17,405,24315,2,0,1.0445,1.0445,0.5223,700.0,0.7502560835000005,0.0,normal,95.9216
17,405,24330,1,0,0.7503,0.7503,0.7503,700.0,0.7502560835000005,0.0,normal,96.6719
17,405,24345,1,0,0.7503,0.7503,0.7503,700.0,0.7502560835000005,0.0,normal,97.4222
17,406,24360,2,0,1.6506,1.6506,0.8253,700.0,0.8252816918500007,0.0,normal,99.0728
17,406,24375,2,0,1.6506,1.6506,0.8253,700.0,0.8252816918500007,0.0,normal,100.7234
17,406,24390,1,0,0.8253,0.8253,0.8253,700.0,0.8252816918500007,0.0,normal,101.5487
17,406,24405,1,0,0.8253,0.8253,0.8253,700.0,0.8252816918500007,0.0,normal,102.374
17,407,24420,0,0,0.0,0.0,0.9078,700.0,0.9078098610350008,0.0,normal,102.374
17,407,24435,4,0,1.5994,1.5994,0.3998,700.0,0.9078098610350008,0.0,normal,103.9734
17,407,24450,4,0,3.6312,3.6312,0.9078,700.0,0.9078098610350008,0.0,normal,107.6046
17,407,24465,1,0,0.3081,0.3081,0.3081,700.0,0.9078098610350008,0.0,normal,107.9127
18,408,24480,0,0,0.0,0.0,0.01,700.0,0.01,0.0,normal,0.0
18,408,24495,0,0,0.0,0.0,0.01,700.0,0.01,0.0,normal,0.0
18,408,24510,0,0,0.0,0.0,0.01,700.0,0.01,0.0,normal,0.0
18,408,24525,0,0,0.0,0.0,0.01,700.0,0.01,0.0,normal,0.0
18,409,24540,1,0,0.5,0.5,0.5,700.0,0.5,0.0,normal,0.5
18,409,24555,1,0,0.5,0.5,0.5,700.0,0.5,0.0,normal,1.0
18,409,24570,0,0,0.0,0.0,0.4484,700.0,0.5,0.0,normal,1.0
18,409,24585,1,0,0.5,0.5,0.5,700.0,0.5,0.0,normal,1.5
18,410,24600,0,0,0.0,0.0,0.55,700.0,0.55,0.0,normal,1.5
18,410,24615,1,0,0.55,0.55,0.55,700.0,0.55,0.0,normal,2.05
18,410,24630,1,0,0.55,0.55,0.55,700.0,0.55,0.0,normal,2.6
18,410,24645,0,0,0.0,0.0,0.55,700.0,0.55,0.0,normal,2.6
18,411,24660,0,0,0.0,0.0,0.605,700.0,0.6050000000000001,0.0,normal,2.6
18,411,24675,1,0,0.605,0.605,0.605,700.0,0.6050000000000001,0.0,normal,3.205
18,411,24690,2,0,0.4268,0.4268,0.2134,700.0,0.6050000000000001,0.0,normal,3.6318
18,411,24705,3,0,0.4016,0.4016,0.1339,700.0,0.6050000000000001,0.0,normal,4.0334
18,412,24720,2,0,1.331,1.331,0.6655,700.0,0.6655000000000002,0.0,normal,5.3644
18,412,24735,0,0,0.0,0.0,0.6655,700.0,0.6655000000000002,0.0,normal,5.3644
18,412,24750,2,0,1.331,1.331,0.6655,700.0,0.6655000000000002,0.0,normal,6.6954
18,412,24765,1,0,0.2253,0.2253,0.2253,700.0,0.6655000000000002,0.0,normal,6.9207
18,413,24780,0,0,0.0,0.0,0.2359,700.0,0.7320500000000003,0.0,normal,6.9207
18,413,24795,2,0,1.4641,1.4641,0.7321,700.0,0.7320500000000003,0.0,normal,8.3848
18,413,24810,1,0,0.7321,0.7321,0.7321,700.0,0.7320500000000003,0.0,normal,9.1169
18,413,24825,2,0,1.4641,1.4641,0.7321,700.0,0.7320500000000003,0.0,normal,10.581
18,414,24840,4,0,1.7367,1.7367,0.4342,700.0,0.8052550000000004,0.0,normal,12.3177
18,414,24855,1,0,0.1462,0.1462,0.1462,700.0,0.8052550000000004,0.0,normal,12.4639
18,414,24870,4,0,3.221,3.221,0.8053,700.0,0.8052550000000004,0.0,normal,15.6849
18,414,24885,3,0,2.4158,2.4158,0.8053,700.0,0.8052550000000004,0.0,normal,18.1007
18,415,24900,2,0,1.4724,1.4724,0.7362,700.0,0.8857805000000005,0.0,normal,19.5731
18,415,24915,1,0,0.8858,0.8858,0.8858,700.0,0.8857805000000005,0.0,normal,20.4589
18,415,24930,1,0,0.8858,0.8858,0.8858,700.0,0.8857805000000005,0.0,normal,21.3447
18,415,24945,2,0,1.7716,1.7716,0.8858,700.0,0.8857805000000005,0.0,normal,23.1163
18,416,24960,3,0,2.9231,2.9231,0.9744,700.0,0.9743585500000007,0.0,normal,26.0394
18,416,24975,3,0,1.1248,1.1248,0.3749,700.0,0.9743585500000007,0.0,normal,27.1642
18,416,24990,4,0,3.8974,3.8974,0.9744,700.0,0.9743585500000007,0.0,normal,31.0616
18,416,25005,5,0,4.8718,4.8718,0.9744,700.0,0.9743585500000007,0.0,normal,35.9334
18,417,25020,2,0,0.6228,0.6228,0.3114,700.0,1.0717944050000008,0.0,normal,36.5562
18,417,25035,0,0,0.0,0.0,1.0718,700.0,1.0717944050000008,0.0,normal,36.5562
18,417,25050,7,0,6.6427,6.6427,0.949,700.0,1.0717944050000008,0.0,normal,43.1989
18,417,25065,4,0,4.2872,4.2872,1.0718,700.0,1.0717944050000008,0.0,normal,47.4861
18,418,25080,4,0,3.6335,3.6335,0.9084,700.0,1.178973845500001,0.0,normal,51.1196
18,418,25095,1,0,1.179,1.179,1.179,700.0,1.178973845500001,0.0,normal,52.2986
18,418,25110,3,0,3.5369,3.5369,1.179,700.0,1.178973845500001,0.0,normal,55.8355
18,418,25125,1,0,1.179,1.179,1.179,700.0,1.178973845500001,0.0,normal,57.0145
18,419,25140,4,0,5.1875,5.1875,1.2969,700.0,1.2968712300500012,0.0,normal,62.202
18,419,25155,4,0,5.1875,5.1875,1.2969,700.0,1.2968712300500012,0.0,normal,67.3895
18,419,25170,7,0,9.0781,9.0781,1.2969,700.0,1.2968712300500012,0.0,normal,76.4676
18,419,25185,3,0,3.5332,3.5332,1.1777,700.0,1.2968712300500012,0.0,normal,80.0008
18,420,25200,0,0,0.0,0.0,0.01,700.0,0.01,0.0,normal,80.0008
18,420,25215,0,0,0.0,0.0,0.01,700.0,0.01,0.0,normal,80.0008
18,420,25230,0,0,0.0,0.0,0.01,700.0,0.01,0.0,normal,80.0008
18,420,25245,0,0,0.0,0.0,0.01,700.0,0.01,0.0,normal,80.0008
18,421,25260,0,0,0.0,0.0,0.5,700.0,0.5,0.0,normal,80.0008
18,421,25275,3,0,1.5,1.5,0.5,700.0,0.5,0.0,normal,81.5008
18,421,25290,0,0,0.0,0.0,0.5,700.0,0.5,0.0,normal,81.5008
18,421,25305,1,0,0.5,0.5,0.5,700.0,0.5,0.0,normal,82.0008
18,422,25320,2,0,1.1,1.1,0.55,700.0,0.55,0.0,normal,83.1008
18,422,25335,0,0,0.0,0.0,0.0122,700.0,0.55,0.0,normal,83.1008
18,422,25350,1,0,0.55,0.55,0.55,700.0,0.55,0.0,normal,83.6508
18,422,25365,0,0,0.0,0.0,0.3296,700.0,0.55,0.0,normal,83.6508
18,423,25380,0,0,0.0,0.0,0.605,700.0,0.6050000000000001,0.0,normal,83.6508
18,423,25395,3,0,1.815,1.815,0.605,700.0,0.6050000000000001,0.0,normal,85.4658
18,423,25410,3,0,0.7257,0.7257,0.2419,700.0,0.6050000000000001,0.0,normal,86.1915
18,423,25425,2,0,1.21,1.21,0.605,700.0,0.6050000000000001,0.0,normal,87.4015
18,424,25440,0,0,0.0,0.0,0.6655,700.0,0.6655000000000002,0.0,normal,87.4015
18,424,25455,2,0,0.8398,0.8398,0.4199,700.0,0.6655000000000002,0.0,normal,88.2413
18,424,25470,1,0,0.6655,0.6655,0.6655,700.0,0.6655000000000002,0.0,normal,88.9068
18,424,25485,2,0,1.331,1.331,0.6655,700.0,0.6655000000000002,0.0,normal,90.2378
18,425,25500,0,0,0.0,0.0,0.7321,700.0,0.7320500000000003,0.0,normal,90.2378
18,425,25515,2,0,1.3895,1.3895,0.6948,700.0,0.7320500000000003,0.0,normal,91.6273
18,425,25530,2,0,0.0339,0.0339,0.0169,700.0,0.7320500000000003,0.0,normal,91.6612
18,425,25545,0,0,0.0,0.0,0.4663,700.0,0.7320500000000003,0.0,normal,91.6612
18,426,25560,2,0,1.6105,1.6105,0.8053,700.0,0.8052550000000004,0.0,normal,93.2717
18,426,25575,1,0,0.8053,0.8053,0.8053,700.0,0.8052550000000004,0.0,normal,94.077
18,426,25590,1,0,0.4729,0.4729,0.4729,700.0,0.8052550000000004,0.0,normal,94.5499
18,426,25605,0,0,0.0,0.0,0.8053,700.0,0.8052550000000004,0.0,normal,94.5499
18,427,25620,2,0,1.7716,1.7716,0.8858,700.0,0.8857805000000005,0.0,normal,96.3215
18,427,25635,2,0,0.3762,0.3762,0.1881,700.0,0.8857805000000005,0.0,normal,96.6977
18,427,25650,2,0,1.7716,1.7716,0.8858,700.0,0.8857805000000005,0.0,normal,98.4693
18,427,25665,4,0,3.0503,3.0503,0.7626,700.0,0.8857805000000005,0.0,normal,101.5196
18,428,25680,3,0,2.0462,2.0462,0.6821,700.0,0.6820509850000005,0.0,normal,103.5658
18,428,25695,0,0,0.0,0.0,0.5548,700.0,0.6820509850000005,0.0,normal,103.5658
18,428,25710,1,0,0.6821,0.6821,0.6821,700.0,0.6820509850000005,0.0,normal,104.2479
18,428,25725,0,0,0.0,0.0,0.6821,700.0,0.6820509850000005,0.0,normal,104.2479
18,429,25740,4,0,3.001,3.001,0.7503,700.0,0.7502560835000006,0.0,normal,107.2489
18,429,25755,2,0,1.5005,1.5005,0.7503,700.0,0.7502560835000006,0.0,normal,108.7494
18,429,25770,3,0,2.2508,2.2508,0.7503,700.0,0.7502560835000006,0.0,normal,111.0002
18,429,25785,1,0,0.26,0.26,0.26,700.0,0.7502560835000006,0.0,normal,111.2602
18,430,25800,1,0,0.5777,0.5777,0.5777,700.0,0.5776971842950005,0.0,normal,111.8379
18,430,25815,1,0,0.5777,0.5777,0.5777,700.0,0.5776971842950005,0.0,normal,112.4156
18,430,25830,4,0,2.3108,2.3108,0.5777,700.0,0.5776971842950005,0.0,normal,114.7264
18,430,25845,1,0,0.5777,0.5777,0.5777,700.0,0.5776971842950005,0.0,normal,115.3041
18,431,25860,1,0,0.5,0.5,0.5,700.0,0.5,0.0,normal,115.8041
18,431,25875,3,0,1.5,1.5,0.5,700.0,0.5,0.0,normal,117.3041
18,431,25890,1,0,0.5,0.5,0.5,700.0,0.5,0.0,normal,117.8041
18,431,25905,0,0,0.0,0.0,0.5,700.0,0.5,0.0,normal,117.8041
19,432,25920,0,0,0.0,0.0,0.01,700.0,0.01,0.0,normal,0.0
19,432,25935,0,0,0.0,0.0,0.01,700.0,0.01,0.0,normal,0.0
19,432,25950,0,0,0.0,0.0,0.01,700.0,0.01,0.0,normal,0.0
19,432,25965,0,0,0.0,0.0,0.01,700.0,0.01,0.0,normal,0.0
19,433,25980,0,0,0.0,0.0,0.5,700.0,0.5,1.0,normal,0.0
19,433,25995,1,0,0.5,0.5,0.5,700.0,0.5,1.0,normal,0.5
19,433,26010,0,0,0.0,0.0,0.5,700.0,0.5,1.0,normal,0.5
19,433,26025,2,0,1.0,1.0,0.5,700.0,0.5,1.0,normal,1.5
19,434,26040,0,0,0.0,0.0,0.325,700.0,0.55,1.0,normal,1.5
19,434,26055,2,0,1.1,1.1,0.55,700.0,0.55,1.0,normal,2.6
19,434,26070,1,0,0.55,0.55,0.55,700.0,0.55,1.0,normal,3.15
19,434,26085,3,0,1.4103,1.4103,0.4701,700.0,0.55,1.0,normal,4.5603
19,435,26100,3,1,1.815,1.815,0.605,700.0,0.6050000000000001,1.0,normal,6.3753
19,435,26115,3,0,1.815,1.815,0.605,700.0,0.6050000000000001,1.0,normal,8.1903
19,435,26130,0,0,0.0,0.0,0.605,700.0,0.6050000000000001,1.0,normal,8.1903
19,435,26145,0,0,0.0,0.0,0.605,700.0,0.6050000000000001,1.0,normal,8.1903
19,436,26160,1,0,0.5,0.5,0.5,700.0,0.5,1.0,normal,8.6903
19,436,26175,2,0,1.0,1.0,0.5,700.0,0.5,1.0,normal,9.6903
19,436,26190,2,0,1.0,1.0,0.5,700.0,0.5,1.0,normal,10.6903
19,436,26205,0,0,0.0,0.0,0.5,700.0,0.5,1.0,normal,10.6903
19,437,26220,1,0,0.5,0.5,0.5,700.0,0.5,1.0,normal,11.1903
19,437,26235,1,0,0.5,0.5,0.5,700.0,0.5,1.0,normal,11.6903
19,437,26250,2,0,0.3397,0.3397,0.1698,700.0,0.5,1.0,normal,12.03
19,437,26265,0,0,0.0,0.0,0.5,700.0,0.5,1.0,normal,12.03
19,438,26280,0,0,0.0,0.0,0.5,700.0,0.5,1.0,normal,12.03
19,438,26295,1,0,0.5,0.5,0.5,700.0,0.5,1.0,normal,12.53
19,438,26310,0,0,0.0,0.0,0.5,700.0,0.5,1.0,normal,12.53
19,438,26325,4,0,2.0,2.0,0.5,700.0,0.5,1.0,normal,14.53
19,439,26340,2,0,0.5536,0.5536,0.2768,700.0,0.5,1.0,normal,15.0836
19,439,26355,2,0,1.0,1.0,0.5,700.0,0.5,1.0,normal,16.0836
19,439,26370,1,1,0.5,0.5,0.5,700.0,0.5,1.0,normal,16.5836
19,439,26385,1,1,0.5,0.5,0.5,700.0,0.5,1.0,normal,17.0836
19,440,26400,1,0,0.4009,0.4009,0.4009,700.0,0.6050000000000001,1.0,normal,17.4845
19,440,26415,3,0,0.2168,0.2168,0.0723,700.0,0.6050000000000001,1.0,normal,17.7013
19,440,26430,0,0,0.0,0.0,0.1189,700.0,0.6050000000000001,1.0,normal,17.7013
19,440,26445,1,0,0.605,0.605,0.605,700.0,0.6050000000000001,1.0,normal,18.3063
19,441,26460,0,0,0.0,0.0,0.7321,700.0,0.7320500000000003,1.0,normal,18.3063
19,441,26475,2,1,1.4641,1.4641,0.7321,700.0,0.7320500000000003,1.0,normal,19.7704
19,441,26490,1,0,0.7321,0.7321,0.7321,700.0,0.7320500000000003,1.0,normal,20.5025
19,441,26505,2,0,1.4641,1.4641,0.7321,700.0,0.7320500000000003,1.0,normal,21.9666
19,442,26520,3,0,2.6573,2.6573,0.8858,700.0,0.8857805000000005,1.0,normal,24.6239
19,442,26535,2,0,1.7716,1.7716,0.8858,700.0,0.8857805000000005,1.0,normal,26.3955
19,442,26550,1,0,0.8111,0.8111,0.8111,700.0,0.8857805000000005,1.0,normal,27.2066
19,442,26565,2,0,0.7573,0.7573,0.3786,700.0,0.8857805000000005,1.0,normal,27.9639
19,443,26580,1,0,1.0718,1.0718,1.0718,700.0,1.0717944050000008,1.0,normal,29.0357
19,443,26595,0,0,0.0,0.0,0.1787,700.0,1.0717944050000008,1.0,normal,29.0357
19,443,26610,1,0,1.0718,1.0718,1.0718,700.0,1.0717944050000008,1.0,normal,30.1075
19,443,26625,1,0,1.0718,1.0718,1.0718,700.0,1.0717944050000008,1.0,normal,31.1793
19,444,26640,13,0,39.6967,39.6967,3.0536,1000.0,5.0,1.0,normal,70.876
19,444,26655,10,0,38.0832,38.0832,3.8083,1000.0,5.0,1.0,normal,108.9592
19,444,26670,13,0,25.5812,25.5812,1.9678,1000.0,5.0,1.0,normal,134.5404
19,444,26685,14,0,15.5001,15.5001,1.1071,1000.0,5.0,1.0,normal,150.0405
19,445,26700,10,0,32.2353,32.2353,3.2235,1000.0,6.050000000000001,1.0,normal,182.2758
19,445,26715,14,1,39.038,39.038,2.7884,1000.0,6.050000000000001,1.0,normal,221.3138
19,445,26730,14,0,46.8851,46.8851,3.3489,1000.0,6.050000000000001,1.0,normal,268.1989
19,445,26745,17,2,45.9122,22.9561,2.7007,1000.0,6.050000000000001,1.0,normal,314.1111
19,446,26760,14,1,21.9431,21.9431,1.5674,1000.0,7.320500000000002,1.0,normal,336.0542
19,446,26775,17,1,110.3248,110.3248,6.4897,1000.0,7.320500000000002,1.0,normal,446.379
19,446,26790,16,0,96.7079,96.7079,6.0442,1000.0,7.320500000000002,1.0,normal,543.0869
19,446,26805,20,0,114.3307,114.3307,5.7165,1000.0,7.320500000000002,1.0,normal,657.4176
19,447,26820,13,0,81.0122,81.0122,6.2317,1000.0,8.052550000000002,1.0,normal,738.4298
19,447,26835,23,2,87.4049,43.7025,3.8002,1000.0,8.052550000000002,1.0,normal,825.8347
19,447,26850,21,1,12.9234,12.9234,0.6154,1000.0,8.052550000000002,1.0,normal,838.7581
19,447,26865,26,1,24.0958,24.0958,0.9268,1000.0,8.052550000000002,1.0,normal,862.8539
19,448,26880,16,0,46.5106,46.5106,2.9069,1000.0,8.052550000000002,1.0,budget_constrained,909.3645
19,448,26895,22,0,75.6767,75.6767,3.4399,1000.0,8.052550000000002,1.0,budget_constrained,985.0412
19,448,26910,3,0,14.9588,14.9588,4.5448,1000.0,8.052550000000002,1.0,budget_depleted,1000.0
19,448,26925,0,0,0.0,0.0,0.0,1000.0,8.052550000000002,1.0,budget_depleted,1000.0
19,449,26940,0,0,0.0,0.0,0.0,1000.0,8.052550000000002,1.0,budget_depleted,1000.0
19,449,26955,0,0,0.0,0.0,0.0,1000.0,8.052550000000002,1.0,budget_depleted,1000.0
19,449,26970,0,0,0.0,0.0,0.0,1000.0,8.052550000000002,1.0,budget_depleted,1000.0
19,449,26985,0,0,0.0,0.0,0.0,1000.0,8.052550000000002,1.0,budget_depleted,1000.0
19,450,27000,0,0,0.0,0.0,0.0,1000.0,8.052550000000002,1.0,budget_depleted,1000.0
19,450,27015,0,0,0.0,0.0,0.0,1000.0,8.052550000000002,1.0,budget_depleted,1000.0
19,450,27030,0,0,0.0,0.0,0.0,1000.0,8.052550000000002,1.0,budget_depleted,1000.0
19,450,27045,0,0,0.0,0.0,0.0,1000.0,8.052550000000002,1.0,budget_depleted,1000.0
19,451,27060,0,0,0.0,0.0,0.0,1000.0,8.052550000000002,1.0,budget_depleted,1000.0
19,451,27075,0,0,0.0,0.0,0.0,1000.0,8.052550000000002,1.0,budget_depleted,1000.0
19,451,27090,0,0,0.0,0.0,0.0,1000.0,8.052550000000002,1.0,budget_depleted,1000.0
19,451,27105,0,0,0.0,0.0,0.0,1000.0,8.052550000000002,1.0,budget_depleted,1000.0
19,452,27120,0,0,0.0,0.0,0.0,1000.0,8.052550000000002,1.0,budget_depleted,1000.0
19,452,27135,0,0,0.0,0.0,0.0,1000.0,8.052550000000002,1.0,budget_depleted,1000.0
19,452,27150,0,0,0.0,0.0,0.0,1000.0,8.052550000000002,1.0,budget_depleted,1000.0
19,452,27165,0,0,0.0,0.0,0.0,1000.0,8.052550000000002,1.0,budget_depleted,1000.0
19,453,27180,0,0,0.0,0.0,0.0,1000.0,8.052550000000002,1.0,budget_depleted,1000.0
19,453,27195,0,0,0.0,0.0,0.0,1000.0,8.052550000000002,1.0,budget_depleted,1000.0
19,453,27210,0,0,0.0,0.0,0.0,1000.0,8.052550000000002,1.0,budget_depleted,1000.0
19,453,27225,0,0,0.0,0.0,0.0,1000.0,8.052550000000002,1.0,budget_depleted,1000.0
19,454,27240,0,0,0.0,0.0,0.0,1000.0,8.052550000000002,1.0,budget_depleted,1000.0
19,454,27255,0,0,0.0,0.0,0.0,1000.0,8.052550000000002,1.0,budget_depleted,1000.0
19,454,27270,0,0,0.0,0.0,0.0,1000.0,8.052550000000002,1.0,budget_depleted,1000.0
19,454,27285,0,0,0.0,0.0,0.0,1000.0,8.052550000000002,1.0,budget_depleted,1000.0
19,455,27300,0,0,0.0,0.0,0.0,1000.0,8.052550000000002,1.0,budget_depleted,1000.0
19,455,27315,0,0,0.0,0.0,0.0,1000.0,8.052550000000002,1.0,budget_depleted,1000.0
19,455,27330,0,0,0.0,0.0,0.0,1000.0,8.052550000000002,1.0,budget_depleted,1000.0
19,455,27345,0,0,0.0,0.0,0.0,1000.0,8.052550000000002,1.0,budget_depleted,1000.0
20,456,27360,0,0,0.0,0.0,0.0,1000.0,8.052550000000002,1.0,normal,0.0
20,456,27375,19,0,53.7104,53.7104,2.8269,1000.0,8.052550000000002,1.0,normal,53.7104
20,456,27390,16,0,21.8744,21.8744,1.3671,1000.0,8.052550000000002,1.0,normal,75.5848
20,456,27405,21,0,27.4605,27.4605,1.3076,1000.0,8.052550000000002,1.0,normal,103.0453
20,457,27420,15,0,75.8732,75.8732,5.0582,1000.0,6.884930250000002,1.0,normal,178.9185
20,457,27435,18,0,42.7731,42.7731,2.3763,1000.0,6.884930250000002,1.0,normal,221.6916
20,457,27450,17,0,85.7093,85.7093,5.0417,1000.0,6.884930250000002,1.0,normal,307.4009
20,457,27465,16,0,50.799,50.799,3.1749,1000.0,6.884930250000002,1.0,normal,358.1999
20,458,27480,9,0,35.6676,35.6676,3.9631,1000.0,4.647327918750001,1.0,normal,393.8675
20,458,27495,10,0,16.0491,16.0491,1.6049,1000.0,4.647327918750001,1.0,normal,409.9166
20,458,27510,12,0,0.557,0.557,0.0464,1000.0,4.647327918750001,1.0,normal,410.4736
20,458,27525,10,1,20.8627,20.8627,2.0863,1000.0,4.647327918750001,1.0,normal,431.3363
20,459,27540,14,0,49.7729,49.7729,3.5552,1000.0,3.555205857843751,1.0,normal,481.1092
20,459,27555,7,0,17.823,17.823,2.5461,1000.0,3.555205857843751,1.0,normal,498.9322
20,459,27570,10,0,1.1369,1.1369,0.1137,1000.0,3.555205857843751,1.0,normal,500.0691
20,459,27585,12,0,42.329,42.329,3.5274,1000.0,3.555205857843751,1.0,normal,542.3981
20,460,27600,7,0,16.7983,16.7983,2.3998,1000.0,2.399763954044532,1.0,normal,559.1964
20,460,27615,4,0,9.5991,9.5991,2.3998,1000.0,2.399763954044532,1.0,normal,568.7955
20,460,27630,5,0,11.9988,11.9988,2.3998,1000.0,2.399763954044532,1.0,normal,580.7943
20,460,27645,4,0,5.5951,5.5951,1.3988,1000.0,2.399763954044532,1.0,normal,586.3894
20,461,27660,9,0,12.8688,12.8688,1.4299,1000.0,1.619840668980059,1.0,normal,599.2582
20,461,27675,1,0,1.6198,1.6198,1.6198,1000.0,1.619840668980059,1.0,normal,600.878
20,461,27690,0,0,0.0,0.0,1.5236,1000.0,1.619840668980059,1.0,normal,600.878
20,461,27705,3,0,3.2737,3.2737,1.0912,1000.0,1.619840668980059,1.0,normal,604.1517
20,462,27720,1,0,1.0934,1.0934,1.0934,1000.0,1.0933924515615399,1.0,normal,605.2451
20,462,27735,0,0,0.0,0.0,0.8781,1000.0,1.0933924515615399,1.0,normal,605.2451
20,462,27750,1,0,1.0934,1.0934,1.0934,1000.0,1.0933924515615399,1.0,normal,606.3385
20,462,27765,3,0,2.4585,2.4585,0.8195,1000.0,1.0933924515615399,1.0,normal,608.797
20,463,27780,0,0,0.0,0.0,0.5409,1000.0,0.7380399048040394,1.0,normal,608.797
20,463,27795,1,0,0.7204,0.7204,0.7204,1000.0,0.7380399048040394,1.0,normal,609.5174
20,463,27810,1,0,0.738,0.738,0.738,1000.0,0.7380399048040394,1.0,normal,610.2554
20,463,27825,1,0,0.738,0.738,0.738,1000.0,0.7380399048040394,1.0,normal,610.9934
20,464,27840,3,0,1.5,1.5,0.5,1000.0,0.5,1.0,normal,612.4934
20,464,27855,1,0,0.5,0.5,0.5,1000.0,0.5,1.0,normal,612.9934
20,464,27870,3,0,1.5,1.5,0.5,1000.0,0.5,1.0,normal,614.4934
20,464,27885,1,0,0.5,0.5,0.5,1000.0,0.5,1.0,normal,614.9934
20,465,27900,3,0,1.5,1.5,0.5,1000.0,0.5,1.0,normal,616.4934
20,465,27915,1,0,0.5,0.5,0.5,1000.0,0.5,1.0,normal,616.9934
20,465,27930,2,0,1.0,1.0,0.5,1000.0,0.5,1.0,normal,617.9934
20,465,27945,1,0,0.5,0.5,0.5,1000.0,0.5,1.0,normal,618.4934
20,466,27960,1,0,0.5,0.5,0.5,1000.0,0.5,1.0,normal,618.9934
20,466,27975,2,0,0.018,0.018,0.009,1000.0,0.5,1.0,normal,619.0114
20,466,27990,1,0,0.5,0.5,0.5,1000.0,0.5,1.0,normal,619.5114
20,466,28005,1,0,0.5,0.5,0.5,1000.0,0.5,1.0,normal,620.0114
20,467,28020,5,1,2.5,2.5,0.5,1000.0,0.5,1.0,normal,622.5114
20,467,28035,2,0,1.0,1.0,0.5,1000.0,0.5,1.0,normal,623.5114
20,467,28050,1,0,0.5,0.5,0.5,1000.0,0.5,1.0,normal,624.0114
20,467,28065,0,0,0.0,0.0,0.5,1000.0,0.5,1.0,normal,624.0114
20,468,28080,2,0,0.066,0.066,0.033,1000.0,0.5,1.3,normal,624.0774
20,468,28095,1,0,0.5,0.5,0.5,1000.0,0.5,1.3,normal,624.5774
20,468,28110,1,1,0.5,0.5,0.5,1000.0,0.5,1.3,normal,625.0774
20,468,28125,1,0,0.5,0.5,0.5,1000.0,0.5,1.3,normal,625.5774
20,469,28140,0,0,0.0,0.0,0.5,1000.0,0.5,1.3,normal,625.5774
20,469,28155,2,0,1.0,1.0,0.5,1000.0,0.5,1.3,normal,626.5774
20,469,28170,0,0,0.0,0.0,0.5,1000.0,0.5,1.3,normal,626.5774
20,469,28185,0,0,0.0,0.0,0.5,1000.0,0.5,1.3,normal,626.5774
20,470,28200,2,0,0.9156,0.9156,0.4578,1000.0,0.5,1.3,normal,627.493
20,470,28215,2,0,1.0,1.0,0.5,1000.0,0.5,1.3,normal,628.493
20,470,28230,1,0,0.5,0.5,0.5,1000.0,0.5,1.3,normal,628.993
20,470,28245,1,0,0.3617,0.3617,0.3617,1000.0,0.5,1.3,normal,629.3547
20,471,28260,2,0,1.0,1.0,0.5,1000.0,0.5,1.3,normal,630.3547
20,471,28275,2,0,1.0,1.0,0.5,1000.0,0.5,1.3,normal,631.3547
20,471,28290,0,0,0.0,0.0,0.5,1000.0,0.5,1.3,normal,631.3547
20,471,28305,1,0,0.5,0.5,0.5,1000.0,0.5,1.3,normal,631.8547
20,472,28320,1,0,0.1485,0.1485,0.1485,1000.0,0.5,1.3,normal,632.0032
20,472,28335,0,0,0.0,0.0,0.5,1000.0,0.5,1.3,normal,632.0032
20,472,28350,1,0,0.5,0.5,0.5,1000.0,0.5,1.3,normal,632.5032
20,472,28365,2,0,1.0,1.0,0.5,1000.0,0.5,1.3,normal,633.5032
20,473,28380,0,0,0.0,0.0,0.5,1000.0,0.5,1.3,normal,633.5032
20,473,28395,1,0,0.5,0.5,0.5,1000.0,0.5,1.3,normal,634.0032
20,473,28410,1,0,0.2099,0.2099,0.2099,1000.0,0.5,1.3,normal,634.2131
20,473,28425,2,0,0.2474,0.2474,0.1237,1000.0,0.5,1.3,normal,634.4605
20,474,28440,1,0,0.5,0.5,0.5,1000.0,0.5,1.3,normal,634.9605
20,474,28455,0,0,0.0,0.0,0.5,1000.0,0.5,1.3,normal,634.9605
20,474,28470,0,0,0.0,0.0,0.5,1000.0,0.5,1.3,normal,634.9605
20,474,28485,0,0,0.0,0.0,0.5,1000.0,0.5,1.3,normal,634.9605
20,475,28500,1,0,0.2759,0.2759,0.2759,1000.0,0.5,1.3,normal,635.2364
20,475,28515,1,0,0.0917,0.0917,0.0917,1000.0,0.5,1.3,normal,635.3281
20,475,28530,3,0,1.5,1.5,0.5,1000.0,0.5,1.3,normal,636.8281
20,475,28545,4,0,2.0,2.0,0.5,1000.0,0.5,1.3,normal,638.8281
20,476,28560,1,0,0.5,0.5,0.5,1000.0,0.5,1.3,normal,639.3281
20,476,28575,2,0,0.4181,0.4181,0.209,1000.0,0.5,1.3,normal,639.7462
20,476,28590,0,0,0.0,0.0,0.5,1000.0,0.5,1.3,normal,639.7462
20,476,28605,0,0,0.0,0.0,0.5,1000.0,0.5,1.3,normal,639.7462
20,477,28620,1,0,0.4716,0.4716,0.4716,1000.0,0.5,1.3,normal,640.2178
20,477,28635,1,0,0.5,0.5,0.5,1000.0,0.5,1.3,normal,640.7178
20,477,28650,2,0,1.0,1.0,0.5,1000.0,0.5,1.3,normal,641.7178
20,477,28665,0,0,0.0,0.0,0.5,1000.0,0.5,1.3,normal,641.7178
20,478,28680,1,0,0.0239,0.0239,0.0239,1000.0,0.5,1.3,normal,641.7417
20,478,28695,1,0,0.5,0.5,0.5,1000.0,0.5,1.3,normal,642.2417
20,478,28710,2,0,1.0,1.0,0.5,1000.0,0.5,1.3,normal,643.2417
20,478,28725,2,0,1.0,1.0,0.5,1000.0,0.5,1.3,normal,644.2417
20,479,28740,1,0,0.5,0.5,0.5,1000.0,0.5,1.3,normal,644.7417
20,479,28755,0,0,0.0,0.0,0.5,1000.0,0.5,1.3,normal,644.7417
20,479,28770,1,0,0.5,0.5,0.5,1000.0,0.5,1.3,normal,645.2417
20,479,28785,0,0,0.0,0.0,0.5,1000.0,0.5,1.3,normal,645.2417
21,480,28800,0,0,0.0,0.0,0.222,1000.0,0.5,1.3,normal,0.0
21,480,28815,2,0,0.4216,0.4216,0.2108,1000.0,0.5,1.3,normal,0.4216
21,480,28830,0,0,0.0,0.0,0.5,1000.0,0.5,1.3,normal,0.4216
21,480,28845,2,1,1.0,1.0,0.5,1000.0,0.5,1.3,normal,1.4216
21,481,28860,1,0,0.5,0.5,0.5,1000.0,0.5,1.3,normal,1.9216
21,481,28875,1,1,0.5,0.5,0.5,1000.0,0.5,1.3,normal,2.4216
21,481,28890,2,1,1.0,1.0,0.5,1000.0,0.5,1.3,normal,3.4216
21,481,28905,0,0,0.0,0.0,0.5,1000.0,0.5,1.3,normal,3.4216
21,482,28920,0,0,0.0,0.0,0.605,1000.0,0.6050000000000001,1.3,normal,3.4216
21,482,28935,1,0,0.605,0.605,0.605,1000.0,0.6050000000000001,1.3,normal,4.0266
21,482,28950,3,0,1.815,1.815,0.605,1000.0,0.6050000000000001,1.3,normal,5.8416
21,482,28965,3,0,0.4907,0.4907,0.1636,1000.0,0.6050000000000001,1.3,normal,6.3323
21,483,28980,2,0,1.4641,1.4641,0.7321,1000.0,0.7320500000000003,1.3,normal,7.7964
21,483,28995,1,0,0.3104,0.3104,0.3104,1000.0,0.7320500000000003,1.3,normal,8.1068
21,483,29010,4,1,2.9282,2.9282,0.7321,1000.0,0.7320500000000003,1.3,normal,11.035
21,483,29025,3,0,0.0785,0.0785,0.0262,1000.0,0.7320500000000003,1.3,normal,11.1135
21,484,29040,4,0,3.5431,3.5431,0.8858,1000.0,0.8857805000000005,1.3,normal,14.6566
21,484,29055,2,0,1.7716,1.7716,0.8858,1000.0,0.8857805000000005,1.3,normal,16.4282
21,484,29070,3,1,2.6573,2.6573,0.8858,1000.0,0.8857805000000005,1.3,normal,19.0855
21,484,29085,0,0,0.0,0.0,0.4621,1000.0,0.8857805000000005,1.3,normal,19.0855
21,485,29100,4,0,4.2872,4.2872,1.0718,1000.0,1.0717944050000008,1.3,normal,23.3727
21,485,29115,1,0,1.0718,1.0718,1.0718,1000.0,1.0717944050000008,1.3,normal,24.4445
21,485,29130,1,0,1.0718,1.0718,1.0718,1000.0,1.0717944050000008,1.3,normal,25.5163
21,485,29145,1,1,0.1545,0.1545,0.1545,1000.0,1.0717944050000008,1.3,normal,25.6708
21,486,29160,1,0,0.0852,0.0852,0.0852,1000.0,1.2968712300500012,1.3,normal,25.756
21,486,29175,1,0,1.2754,1.2754,1.2754,1000.0,1.2968712300500012,1.3,normal,27.0314
21,486,29190,6,0,7.7812,7.7812,1.2969,1000.0,1.2968712300500012,1.3,normal,34.8126
21,486,29205,4,0,5.1875,5.1875,1.2969,1000.0,1.2968712300500012,1.3,normal,40.0001
21,487,29220,9,0,12.9059,12.9059,1.434,1000.0,1.5692141883605017,1.3,normal,52.906
21,487,29235,3,0,4.7076,4.7076,1.5692,1000.0,1.5692141883605017,1.3,normal,57.6136
21,487,29250,5,1,7.8461,7.8461,1.5692,1000.0,1.5692141883605017,1.3,normal,65.4597
21,487,29265,6,0,2.6129,2.6129,0.4355,1000.0,1.5692141883605017,1.3,normal,68.0726
21,488,29280,3,0,1.4908,1.4908,0.4969,1000.0,1.8987491679162074,1.3,normal,69.5634
21,488,29295,3,0,5.6962,5.6962,1.8987,1000.0,1.8987491679162074,1.3,normal,75.2596
21,488,29310,4,0,4.0116,4.0116,1.0029,1000.0,1.8987491679162074,1.3,normal,79.2712
21,488,29325,7,1,11.7188,11.7188,1.6741,1000.0,1.8987491679162074,1.3,normal,90.99
21,489,29340,10,0,22.9749,22.9749,2.2975,1000.0,2.297486493178611,1.3,normal,113.9649
21,489,29355,2,0,4.595,4.595,2.2975,1000.0,2.297486493178611,1.3,normal,118.5599
21,489,29370,7,0,16.0824,16.0824,2.2975,1000.0,2.297486493178611,1.3,normal,134.6423
21,489,29385,5,1,11.4874,11.4874,2.2975,1000.0,2.297486493178611,1.3,normal,146.1297
21,490,29400,5,0,13.7211,13.7211,2.7442,1000.0,2.7799586567461194,1.3,normal,159.8508
21,490,29415,4,0,11.1198,11.1198,2.78,1000.0,2.7799586567461194,1.3,normal,170.9706
21,490,29430,12,0,26.561,26.561,2.2134,1000.0,2.7799586567461194,1.3,normal,197.5316
21,490,29445,7,2,3.2453,1.6227,0.4636,1000.0,2.7799586567461194,1.3,normal,200.7769
21,491,29460,8,0,26.91,26.91,3.3637,1000.0,3.363749974662805,1.3,normal,227.6869
21,491,29475,9,0,30.2737,30.2737,3.3637,1000.0,3.363749974662805,1.3,normal,257.9606
21,491,29490,16,0,53.82,53.82,3.3637,1000.0,3.363749974662805,1.3,normal,311.7806
21,491,29505,11,1,18.8507,18.8507,1.7137,1000.0,3.363749974662805,1.3,normal,330.6313
21,492,29520,21,0,102.1244,102.1244,4.8631,1000.0,5.0,1.3,normal,432.7557
21,492,29535,13,0,30.9581,30.9581,2.3814,1000.0,5.0,1.3,normal,463.7138
21,492,29550,12,1,40.7315,40.7315,3.3943,1000.0,5.0,1.3,normal,504.4453
21,492,29565,10,0,19.776,19.776,1.9776,1000.0,5.0,1.3,normal,524.2213
21,493,29580,19,0,9.8794,9.8794,0.52,1000.0,6.050000000000001,1.3,normal,534.1007
21,493,29595,5,0,1.2071,1.2071,0.2414,1000.0,6.050000000000001,1.3,normal,535.3078
21,493,29610,19,0,68.8787,68.8787,3.6252,1000.0,6.050000000000001,1.3,normal,604.1865
21,493,29625,14,1,57.8266,57.8266,4.1305,1000.0,6.050000000000001,1.3,normal,662.0131
21,494,29640,19,0,114.4891,114.4891,6.0257,1000.0,7.320500000000002,1.3,normal,776.5022
21,494,29655,16,1,65.0891,65.0891,4.0681,1000.0,7.320500000000002,1.3,normal,841.5913
21,494,29670,21,0,136.0482,136.0482,6.4785,1000.0,7.320500000000002,1.3,budget_constrained,977.6395
21,494,29685,13,1,22.3605,22.3605,1.6659,1000.0,7.320500000000002,1.3,budget_depleted,1000.0
21,495,29700,0,0,0.0,0.0,0.0,1000.0,8.052550000000002,1.3,budget_depleted,1000.0
21,495,29715,0,0,0.0,0.0,0.0,1000.0,8.052550000000002,1.3,budget_depleted,1000.0
21,495,29730,0,0,0.0,0.0,0.0,1000.0,8.052550000000002,1.3,budget_depleted,1000.0
21,495,29745,0,0,0.0,0.0,0.0,1000.0,8.052550000000002,1.3,budget_depleted,1000.0
21,496,29760,0,0,0.0,0.0,0.0,1000.0,8.857805000000003,1.3,budget_depleted,1000.0
21,496,29775,0,0,0.0,0.0,0.0,1000.0,8.857805000000003,1.3,budget_depleted,1000.0
21,496,29790,0,0,0.0,0.0,0.0,1000.0,8.857805000000003,1.3,budget_depleted,1000.0
21,496,29805,0,0,0.0,0.0,0.0,1000.0,8.857805000000003,1.3,budget_depleted,1000.0
21,497,29820,0,0,0.0,0.0,0.0,1000.0,9.743585500000004,1.3,budget_depleted,1000.0
21,497,29835,0,0,0.0,0.0,0.0,1000.0,9.743585500000004,1.3,budget_depleted,1000.0
21,497,29850,0,0,0.0,0.0,0.0,1000.0,9.743585500000004,1.3,budget_depleted,1000.0
21,497,29865,0,0,0.0,0.0,0.0,1000.0,9.743585500000004,1.3,budget_depleted,1000.0
21,498,29880,0,0,0.0,0.0,0.0,1000.0,10.717944050000005,1.3,budget_depleted,1000.0
21,498,29895,0,0,0.0,0.0,0.0,1000.0,10.717944050000005,1.3,budget_depleted,1000.0
21,498,29910,0,0,0.0,0.0,0.0,1000.0,10.717944050000005,1.3,budget_depleted,1000.0
21,498,29925,0,0,0.0,0.0,0.0,1000.0,10.717944050000005,1.3,budget_depleted,1000.0
21,499,29940,0,0,0.0,0.0,0.0,1000.0,11.789738455000007,1.3,budget_depleted,1000.0
21,499,29955,0,0,0.0,0.0,0.0,1000.0,11.789738455000007,1.3,budget_depleted,1000.0
21,499,29970,0,0,0.0,0.0,0.0,1000.0,11.789738455000007,1.3,budget_depleted,1000.0
21,499,29985,0,0,0.0,0.0,0.0,1000.0,11.789738455000007,1.3,budget_depleted,1000.0
21,500,30000,0,0,0.0,0.0,0.0,1000.0,12.968712300500009,1.3,budget_depleted,1000.0
21,500,30015,0,0,0.0,0.0,0.0,1000.0,12.968712300500009,1.3,budget_depleted,1000.0
21,500,30030,0,0,0.0,0.0,0.0,1000.0,12.968712300500009,1.3,budget_depleted,1000.0
21,500,30045,0,0,0.0,0.0,0.0,1000.0,12.968712300500009,1.3,budget_depleted,1000.0
21,501,30060,0,0,0.0,0.0,0.0,1000.0,14.26558353055001,1.3,budget_depleted,1000.0
21,501,30075,0,0,0.0,0.0,0.0,1000.0,14.26558353055001,1.3,budget_depleted,1000.0
21,501,30090,0,0,0.0,0.0,0.0,1000.0,14.26558353055001,1.3,budget_depleted,1000.0
21,501,30105,0,0,0.0,0.0,0.0,1000.0,14.26558353055001,1.3,budget_depleted,1000.0
21,502,30120,0,0,0.0,0.0,0.0,1000.0,15.692141883605013,1.3,budget_depleted,1000.0
21,502,30135,0,0,0.0,0.0,0.0,1000.0,15.692141883605013,1.3,budget_depleted,1000.0
21,502,30150,0,0,0.0,0.0,0.0,1000.0,15.692141883605013,1.3,budget_depleted,1000.0
21,502,30165,0,0,0.0,0.0,0.0,1000.0,15.692141883605013,1.3,budget_depleted,1000.0
21,503,30180,0,0,0.0,0.0,0.0,1000.0,17.261356071965515,1.3,budget_depleted,1000.0
21,503,30195,0,0,0.0,0.0,0.0,1000.0,17.261356071965515,1.3,budget_depleted,1000.0
21,503,30210,0,0,0.0,0.0,0.0,1000.0,17.261356071965515,1.3,budget_depleted,1000.0
21,503,30225,0,0,0.0,0.0,0.0,1000.0,17.261356071965515,1.3,budget_depleted,1000.0
22,504,30240,0,0,0.0,0.0,0.0,700.0,18.98749167916207,1.3,normal,0.0
22,504,30255,51,4,56.9416,14.2354,1.1165,700.0,18.98749167916207,1.3,normal,56.9416
22,504,30270,56,3,320.1947,106.7316,5.7178,700.0,18.98749167916207,1.3,normal,377.1363
22,504,30285,40,3,322.8637,107.6212,8.0648,700.0,18.98749167916207,1.3,budget_depleted,700.0
22,505,30300,0,0,0.0,0.0,0.0,700.0,17.08874251124586,1.3,budget_depleted,700.0
22,505,30315,0,0,0.0,0.0,0.0,700.0,17.08874251124586,1.3,budget_depleted,700.0
22,505,30330,0,0,0.0,0.0,0.0,700.0,17.08874251124586,1.3,budget_depleted,700.0
22,505,30345,0,0,0.0,0.0,0.0,700.0,17.08874251124586,1.3,budget_depleted,700.0
22,506,30360,0,0,0.0,0.0,0.0,700.0,15.379868260121276,1.3,budget_depleted,700.0
22,506,30375,0,0,0.0,0.0,0.0,700.0,15.379868260121276,1.3,budget_depleted,700.0
22,506,30390,0,0,0.0,0.0,0.0,700.0,15.379868260121276,1.3,budget_depleted,700.0
22,506,30405,0,0,0.0,0.0,0.0,700.0,15.379868260121276,1.3,budget_depleted,700.0
22,507,30420,0,0,0.0,0.0,0.0,700.0,13.841881434109148,1.3,budget_depleted,700.0
22,507,30435,0,0,0.0,0.0,0.0,700.0,13.841881434109148,1.3,budget_depleted,700.0
22,507,30450,0,0,0.0,0.0,0.0,700.0,13.841881434109148,1.3,budget_depleted,700.0
22,507,30465,0,0,0.0,0.0,0.0,700.0,13.841881434109148,1.3,budget_depleted,700.0
22,508,30480,0,0,0.0,0.0,0.0,700.0,12.457693290698233,1.3,budget_depleted,700.0
22,508,30495,0,0,0.0,0.0,0.0,700.0,12.457693290698233,1.3,budget_depleted,700.0
22,508,30510,0,0,0.0,0.0,0.0,700.0,12.457693290698233,1.3,budget_depleted,700.0
22,508,30525,0,0,0.0,0.0,0.0,700.0,12.457693290698233,1.3,budget_depleted,700.0
22,509,30540,0,0,0.0,0.0,0.0,700.0,10.651327763546988,1.3,budget_depleted,700.0
22,509,30555,0,0,0.0,0.0,0.0,700.0,10.651327763546988,1.3,budget_depleted,700.0
22,509,30570,0,0,0.0,0.0,0.0,700.0,10.651327763546988,1.3,budget_depleted,700.0
22,509,30585,0,0,0.0,0.0,0.0,700.0,10.651327763546988,1.3,budget_depleted,700.0
22,510,30600,0,0,0.0,0.0,0.0,700.0,9.106885237832675,1.3,budget_depleted,700.0
22,510,30615,0,0,0.0,0.0,0.0,700.0,9.106885237832675,1.3,budget_depleted,700.0
22,510,30630,0,0,0.0,0.0,0.0,700.0,9.106885237832675,1.3,budget_depleted,700.0
22,510,30645,0,0,0.0,0.0,0.0,700.0,9.106885237832675,1.3,budget_depleted,700.0
22,511,30660,0,0,0.0,0.0,0.0,700.0,7.786386878346936,1.3,budget_depleted,700.0
22,511,30675,0,0,0.0,0.0,0.0,700.0,7.786386878346936,1.3,budget_depleted,700.0
22,511,30690,0,0,0.0,0.0,0.0,700.0,7.786386878346936,1.3,budget_depleted,700.0
22,511,30705,0,0,0.0,0.0,0.0,700.0,7.786386878346936,1.3,budget_depleted,700.0
22,512,30720,0,0,0.0,0.0,0.0,700.0,6.657360780986631,1.3,budget_depleted,700.0
22,512,30735,0,0,0.0,0.0,0.0,700.0,6.657360780986631,1.3,budget_depleted,700.0
22,512,30750,0,0,0.0,0.0,0.0,700.0,6.657360780986631,1.3,budget_depleted,700.0
22,512,30765,0,0,0.0,0.0,0.0,700.0,6.657360780986631,1.3,budget_depleted,700.0
22,513,30780,0,0,0.0,0.0,0.0,700.0,5.092880997454773,1.3,budget_depleted,700.0
22,513,30795,0,0,0.0,0.0,0.0,700.0,5.092880997454773,1.3,budget_depleted,700.0
22,513,30810,0,0,0.0,0.0,0.0,700.0,5.092880997454773,1.3,budget_depleted,700.0
22,513,30825,0,0,0.0,0.0,0.0,700.0,5.092880997454773,1.3,budget_depleted,700.0
22,514,30840,0,0,0.0,0.0,0.0,700.0,3.896053963052901,1.3,budget_depleted,700.0
22,514,30855,0,0,0.0,0.0,0.0,700.0,3.896053963052901,1.3,budget_depleted,700.0
22,514,30870,0,0,0.0,0.0,0.0,700.0,3.896053963052901,1.3,budget_depleted,700.0
22,514,30885,0,0,0.0,0.0,0.0,700.0,3.896053963052901,1.3,budget_depleted,700.0
22,515,30900,0,0,0.0,0.0,0.0,700.0,2.9804812817354693,1.3,budget_depleted,700.0
22,515,30915,0,0,0.0,0.0,0.0,700.0,2.9804812817354693,1.3,budget_depleted,700.0
22,515,30930,0,0,0.0,0.0,0.0,700.0,2.9804812817354693,1.3,budget_depleted,700.0
22,515,30945,0,0,0.0,0.0,0.0,700.0,2.9804812817354693,1.3,budget_depleted,700.0
22,516,30960,0,0,0.0,0.0,0.0,700.0,2.280068180527634,1.3,budget_depleted,700.0
22,516,30975,0,0,0.0,0.0,0.0,700.0,2.280068180527634,1.3,budget_depleted,700.0
22,516,30990,0,0,0.0,0.0,0.0,700.0,2.280068180527634,1.3,budget_depleted,700.0
22,516,31005,0,0,0.0,0.0,0.0,700.0,2.280068180527634,1.3,budget_depleted,700.0
22,517,31020,0,0,0.0,0.0,0.0,700.0,1.74425215810364,1.3,budget_depleted,700.0
22,517,31035,0,0,0.0,0.0,0.0,700.0,1.74425215810364,1.3,budget_depleted,700.0
22,517,31050,0,0,0.0,0.0,0.0,700.0,1.74425215810364,1.3,budget_depleted,700.0
22,517,31065,0,0,0.0,0.0,0.0,700.0,1.74425215810364,1.3,budget_depleted,700.0
22,518,31080,0,0,0.0,0.0,0.0,700.0,1.4913355951786122,1.3,budget_depleted,700.0
22,518,31095,0,0,0.0,0.0,0.0,700.0,1.4913355951786122,1.3,budget_depleted,700.0
22,518,31110,0,0,0.0,0.0,0.0,700.0,1.4913355951786122,1.3,budget_depleted,700.0
22,518,31125,0,0,0.0,0.0,0.0,700.0,1.4913355951786122,1.3,budget_depleted,700.0
22,519,31140,0,0,0.0,0.0,0.0,700.0,1.4913355951786122,1.3,budget_depleted,700.0
22,519,31155,0,0,0.0,0.0,0.0,700.0,1.4913355951786122,1.3,budget_depleted,700.0
22,519,31170,0,0,0.0,0.0,0.0,700.0,1.4913355951786122,1.3,budget_depleted,700.0
22,519,31185,0,0,0.0,0.0,0.0,700.0,1.4913355951786122,1.3,budget_depleted,700.0
22,520,31200,0,0,0.0,0.0,0.0,700.0,1.4913355951786122,1.3,budget_depleted,700.0
22,520,31215,0,0,0.0,0.0,0.0,700.0,1.4913355951786122,1.3,budget_depleted,700.0
22,520,31230,0,0,0.0,0.0,0.0,700.0,1.4913355951786122,1.3,budget_depleted,700.0
22,520,31245,0,0,0.0,0.0,0.0,700.0,1.4913355951786122,1.3,budget_depleted,700.0
22,521,31260,0,0,0.0,0.0,0.0,700.0,1.4913355951786122,1.3,budget_depleted,700.0
22,521,31275,0,0,0.0,0.0,0.0,700.0,1.4913355951786122,1.3,budget_depleted,700.0
22,521,31290,0,0,0.0,0.0,0.0,700.0,1.4913355951786122,1.3,budget_depleted,700.0
22,521,31305,0,0,0.0,0.0,0.0,700.0,1.4913355951786122,1.3,budget_depleted,700.0
22,522,31320,0,0,0.0,0.0,0.0,700.0,1.4913355951786122,1.3,budget_depleted,700.0
22,522,31335,0,0,0.0,0.0,0.0,700.0,1.4913355951786122,1.3,budget_depleted,700.0
22,522,31350,0,0,0.0,0.0,0.0,700.0,1.4913355951786122,1.3,budget_depleted,700.0
22,522,31365,0,0,0.0,0.0,0.0,700.0,1.4913355951786122,1.3,budget_depleted,700.0
22,523,31380,0,0,0.0,0.0,0.0,700.0,1.4913355951786122,1.3,budget_depleted,700.0
22,523,31395,0,0,0.0,0.0,0.0,700.0,1.4913355951786122,1.3,budget_depleted,700.0
22,523,31410,0,0,0.0,0.0,0.0,700.0,1.4913355951786122,1.3,budget_depleted,700.0
22,523,31425,0,0,0.0,0.0,0.0,700.0,1.4913355951786122,1.3,budget_depleted,700.0
22,524,31440,0,0,0.0,0.0,0.0,700.0,1.4913355951786122,1.3,budget_depleted,700.0
22,524,31455,0,0,0.0,0.0,0.0,700.0,1.4913355951786122,1.3,budget_depleted,700.0
22,524,31470,0,0,0.0,0.0,0.0,700.0,1.4913355951786122,1.3,budget_depleted,700.0
22,524,31485,0,0,0.0,0.0,0.0,700.0,1.4913355951786122,1.3,budget_depleted,700.0
22,525,31500,0,0,0.0,0.0,0.0,700.0,1.4913355951786122,1.3,budget_depleted,700.0
22,525,31515,0,0,0.0,0.0,0.0,700.0,1.4913355951786122,1.3,budget_depleted,700.0
22,525,31530,0,0,0.0,0.0,0.0,700.0,1.4913355951786122,1.3,budget_depleted,700.0
22,525,31545,0,0,0.0,0.0,0.0,700.0,1.4913355951786122,1.3,budget_depleted,700.0
22,526,31560,0,0,0.0,0.0,0.0,700.0,1.4913355951786122,1.3,budget_depleted,700.0
22,526,31575,0,0,0.0,0.0,0.0,700.0,1.4913355951786122,1.3,budget_depleted,700.0
22,526,31590,0,0,0.0,0.0,0.0,700.0,1.4913355951786122,1.3,budget_depleted,700.0
22,526,31605,0,0,0.0,0.0,0.0,700.0,1.4913355951786122,1.3,budget_depleted,700.0
22,527,31620,0,0,0.0,0.0,0.0,700.0,1.4913355951786122,1.3,budget_depleted,700.0
22,527,31635,0,0,0.0,0.0,0.0,700.0,1.4913355951786122,1.3,budget_depleted,700.0
22,527,31650,0,0,0.0,0.0,0.0,700.0,1.4913355951786122,1.3,budget_depleted,700.0
22,527,31665,0,0,0.0,0.0,0.0,700.0,1.4913355951786122,1.3,budget_depleted,700.0
23,528,31680,0,0,0.0,0.0,0.0,700.0,1.4913355951786122,1.3,normal,0.0
23,528,31695,6,0,2.955,2.955,0.4925,700.0,1.4913355951786122,1.3,normal,2.955
23,528,31710,5,0,7.4567,7.4567,1.4913,700.0,1.4913355951786122,1.3,normal,10.4117
23,528,31725,4,0,5.0587,5.0587,1.2647,700.0,1.4913355951786122,1.3,normal,15.4704
23,529,31740,9,0,13.9067,13.9067,1.5452,700.0,1.6404691546964736,1.3,normal,29.3771
23,529,31755,2,0,3.2809,3.2809,1.6405,700.0,1.6404691546964736,1.3,normal,32.658
23,529,31770,2,0,3.2809,3.2809,1.6405,700.0,1.6404691546964736,1.3,normal,35.9389
23,529,31785,6,0,9.8428,9.8428,1.6405,700.0,1.6404691546964736,1.3,normal,45.7817
23,530,31800,2,0,1.2917,1.2917,0.6458,700.0,1.8045160701661211,1.3,normal,47.0734
23,530,31815,3,0,5.4135,5.4135,1.8045,700.0,1.8045160701661211,1.3,normal,52.4869
23,530,31830,4,0,4.8324,4.8324,1.2081,700.0,1.8045160701661211,1.3,normal,57.3193
23,530,31845,6,1,5.7756,5.7756,0.9626,700.0,1.8045160701661211,1.3,normal,63.0949
23,531,31860,4,0,7.6922,7.6922,1.9231,700.0,2.183464444901007,1.3,normal,70.7871
23,531,31875,3,1,4.2452,4.2452,1.4151,700.0,2.183464444901007,1.3,normal,75.0323
23,531,31890,7,0,3.8145,3.8145,0.5449,700.0,2.183464444901007,1.3,normal,78.8468
23,531,31905,2,0,4.3525,4.3525,2.1763,700.0,2.183464444901007,1.3,normal,83.1993
23,532,31920,10,0,9.1033,9.1033,0.9103,700.0,2.641991978330219,1.3,normal,92.3026
23,532,31935,7,0,14.5806,14.5806,2.0829,700.0,2.641991978330219,1.3,normal,106.8832
23,532,31950,7,0,18.4939,18.4939,2.642,700.0,2.641991978330219,1.3,normal,125.3771
23,532,31965,3,0,7.4844,7.4844,2.4948,700.0,2.641991978330219,1.3,normal,132.8615
23,533,31980,10,0,29.0619,29.0619,2.9062,700.0,2.906191176163241,1.3,normal,161.9234
23,533,31995,5,0,14.531,14.531,2.9062,700.0,2.906191176163241,1.3,normal,176.4544
23,533,32010,7,0,19.0473,19.0473,2.721,700.0,2.906191176163241,1.3,normal,195.5017
23,533,32025,11,1,25.4541,25.4541,2.314,700.0,2.906191176163241,1.3,normal,220.9558
23,534,32040,6,0,16.4129,16.4129,2.7355,700.0,3.1968102937795653,1.3,normal,237.3687
23,534,32055,9,0,28.7713,28.7713,3.1968,700.0,3.1968102937795653,1.3,normal,266.14
23,534,32070,8,0,21.2499,21.2499,2.6562,700.0,3.1968102937795653,1.3,normal,287.3899
23,534,32085,9,0,6.9684,6.9684,0.7743,700.0,3.1968102937795653,1.3,normal,294.3583
23,535,32100,7,1,14.7579,14.7579,2.1083,700.0,2.9890176246838935,1.3,normal,309.1162
23,535,32115,9,1,20.6761,20.6761,2.2973,700.0,2.9890176246838935,1.3,normal,329.7923
23,535,32130,8,0,23.9121,23.9121,2.989,700.0,2.9890176246838935,1.3,normal,353.7044
23,535,32145,9,0,25.793,25.793,2.8659,700.0,2.9890176246838935,1.3,normal,379.4974
23,536,32160,7,0,16.3314,16.3314,2.3331,700.0,3.287919387152283,1.3,normal,395.8288
23,536,32175,9,0,29.5913,29.5913,3.2879,700.0,3.287919387152283,1.3,normal,425.4201
23,536,32190,8,0,26.3034,26.3034,3.2879,700.0,3.287919387152283,1.3,normal,451.7235
23,536,32205,8,0,5.2299,5.2299,0.6537,700.0,3.287919387152283,1.3,normal,456.9534
23,537,32220,7,0,21.5194,21.5194,3.0742,700.0,3.0742046269873846,1.3,normal,478.4728
23,537,32235,7,0,13.6278,13.6278,1.9468,700.0,3.0742046269873846,1.3,normal,492.1006
23,537,32250,17,0,7.212,7.212,0.4242,700.0,3.0742046269873846,1.3,normal,499.3126
23,537,32265,3,0,2.0693,2.0693,0.6898,700.0,3.0742046269873846,1.3,normal,501.3819
23,538,32280,3,1,5.8429,5.8429,1.9476,700.0,2.874381326233205,1.3,normal,507.2248
23,538,32295,5,0,8.5131,8.5131,1.7026,700.0,2.874381326233205,1.3,normal,515.7379
23,538,32310,4,0,11.4975,11.4975,2.8744,700.0,2.874381326233205,1.3,normal,527.2354
23,538,32325,3,0,8.6231,8.6231,2.8744,700.0,2.874381326233205,1.3,normal,535.8585
23,539,32340,9,0,21.0142,21.0142,2.3349,700.0,2.6875465400280465,1.3,normal,556.8727
23,539,32355,8,1,13.8179,13.8179,1.7272,700.0,2.6875465400280465,1.3,normal,570.6906
23,539,32370,4,0,6.4226,6.4226,1.6057,700.0,2.6875465400280465,1.3,normal,577.1132
23,539,32385,4,0,3.0515,3.0515,0.7629,700.0,2.6875465400280465,1.3,normal,580.1647
23,540,32400,7,0,3.4074,3.4074,0.4868,700.0,2.8084861343293084,1.3,normal,583.5721
23,540,32415,12,1,33.7018,33.7018,2.8085,700.0,2.8084861343293084,1.3,normal,617.2739
23,540,32430,6,0,6.3501,6.3501,1.0583,700.0,2.8084861343293084,1.3,normal,623.624
23,540,32445,7,0,19.6594,19.6594,2.8085,700.0,2.8084861343293084,1.3,budget_constrained,643.2834
23,541,32460,9,0,2.8512,2.8512,0.3168,700.0,2.668061827612843,1.3,budget_constrained,646.1346
23,541,32475,8,0,2.316,2.316,0.2895,700.0,2.668061827612843,1.3,budget_constrained,648.4506
23,541,32490,7,0,6.9482,6.9482,0.9926,700.0,2.668061827612843,1.3,budget_constrained,655.3988
23,541,32505,4,0,10.1282,10.1282,2.5321,700.0,2.668061827612843,1.3,budget_constrained,665.527
23,542,32520,7,0,14.3626,14.3626,2.0518,700.0,2.534658736232201,1.3,budget_constrained,679.8896
23,542,32535,10,1,20.1104,20.1104,1.9915,700.0,2.534658736232201,1.3,budget_depleted,700.0
23,542,32550,0,0,0.0,0.0,0.0,700.0,2.534658736232201,1.3,budget_depleted,700.0
23,542,32565,0,0,0.0,0.0,0.0,700.0,2.534658736232201,1.3,budget_depleted,700.0
23,543,32580,0,0,0.0,0.0,0.0,700.0,2.534658736232201,1.3,budget_depleted,700.0
23,543,32595,0,0,0.0,0.0,0.0,700.0,2.534658736232201,1.3,budget_depleted,700.0
23,543,32610,0,0,0.0,0.0,0.0,700.0,2.534658736232201,1.3,budget_depleted,700.0
23,543,32625,0,0,0.0,0.0,0.0,700.0,2.534658736232201,1.3,budget_depleted,700.0
23,544,32640,0,0,0.0,0.0,0.0,700.0,2.534658736232201,1.3,budget_depleted,700.0
23,544,32655,0,0,0.0,0.0,0.0,700.0,2.534658736232201,1.3,budget_depleted,700.0
23,544,32670,0,0,0.0,0.0,0.0,700.0,2.534658736232201,1.3,budget_depleted,700.0
23,544,32685,0,0,0.0,0.0,0.0,700.0,2.534658736232201,1.3,budget_depleted,700.0
23,545,32700,0,0,0.0,0.0,0.0,700.0,2.534658736232201,1.3,budget_depleted,700.0
23,545,32715,0,0,0.0,0.0,0.0,700.0,2.534658736232201,1.3,budget_depleted,700.0
23,545,32730,0,0,0.0,0.0,0.0,700.0,2.534658736232201,1.3,budget_depleted,700.0
23,545,32745,0,0,0.0,0.0,0.0,700.0,2.534658736232201,1.3,budget_depleted,700.0
23,546,32760,0,0,0.0,0.0,0.0,700.0,2.534658736232201,1.3,budget_depleted,700.0
23,546,32775,0,0,0.0,0.0,0.0,700.0,2.534658736232201,1.3,budget_depleted,700.0
23,546,32790,0,0,0.0,0.0,0.0,700.0,2.534658736232201,1.3,budget_depleted,700.0
23,546,32805,0,0,0.0,0.0,0.0,700.0,2.534658736232201,1.3,budget_depleted,700.0
23,547,32820,0,0,0.0,0.0,0.0,700.0,2.534658736232201,1.3,budget_depleted,700.0
23,547,32835,0,0,0.0,0.0,0.0,700.0,2.534658736232201,1.3,budget_depleted,700.0
23,547,32850,0,0,0.0,0.0,0.0,700.0,2.534658736232201,1.3,budget_depleted,700.0
23,547,32865,0,0,0.0,0.0,0.0,700.0,2.534658736232201,1.3,budget_depleted,700.0
23,548,32880,0,0,0.0,0.0,0.0,700.0,2.534658736232201,1.3,budget_depleted,700.0
23,548,32895,0,0,0.0,0.0,0.0,700.0,2.534658736232201,1.3,budget_depleted,700.0
23,548,32910,0,0,0.0,0.0,0.0,700.0,2.534658736232201,1.3,budget_depleted,700.0
23,548,32925,0,0,0.0,0.0,0.0,700.0,2.534658736232201,1.3,budget_depleted,700.0
23,549,32940,0,0,0.0,0.0,0.0,700.0,2.534658736232201,1.3,budget_depleted,700.0
23,549,32955,0,0,0.0,0.0,0.0,700.0,2.534658736232201,1.3,budget_depleted,700.0
23,549,32970,0,0,0.0,0.0,0.0,700.0,2.534658736232201,1.3,budget_depleted,700.0
23,549,32985,0,0,0.0,0.0,0.0,700.0,2.534658736232201,1.3,budget_depleted,700.0
23,550,33000,0,0,0.0,0.0,0.0,700.0,2.534658736232201,1.3,budget_depleted,700.0
23,550,33015,0,0,0.0,0.0,0.0,700.0,2.534658736232201,1.3,budget_depleted,700.0
23,550,33030,0,0,0.0,0.0,0.0,700.0,2.534658736232201,1.3,budget_depleted,700.0
23,550,33045,0,0,0.0,0.0,0.0,700.0,2.534658736232201,1.3,budget_depleted,700.0
23,551,33060,0,0,0.0,0.0,0.0,700.0,2.534658736232201,1.3,budget_depleted,700.0
23,551,33075,0,0,0.0,0.0,0.0,700.0,2.534658736232201,1.3,budget_depleted,700.0
23,551,33090,0,0,0.0,0.0,0.0,700.0,2.534658736232201,1.3,budget_depleted,700.0
23,551,33105,0,0,0.0,0.0,0.0,700.0,2.534658736232201,1.3,budget_depleted,700.0
24,552,33120,0,0,0.0,0.0,0.0,700.0,2.534658736232201,1.3,normal,0.0
24,552,33135,3,1,0.5704,0.5704,0.1901,700.0,2.534658736232201,1.3,normal,0.5704
24,552,33150,5,0,12.6733,12.6733,2.5347,700.0,2.534658736232201,1.3,normal,13.2437
24,552,33165,4,0,10.1386,10.1386,2.5347,700.0,2.534658736232201,1.3,normal,23.3823
24,553,33180,5,0,12.6733,12.6733,2.5347,700.0,2.534658736232201,1.3,normal,36.0556
24,553,33195,6,0,7.018,7.018,1.1697,700.0,2.534658736232201,1.3,normal,43.0736
24,553,33210,5,1,0.4257,0.4257,0.0851,700.0,2.534658736232201,1.3,normal,43.4993
24,553,33225,5,1,12.013,12.013,2.4026,700.0,2.534658736232201,1.3,normal,55.5123
24,554,33240,7,0,18.9278,18.9278,2.704,700.0,2.788124609855421,1.3,normal,74.4401
24,554,33255,2,0,3.6127,3.6127,1.8064,700.0,2.788124609855421,1.3,normal,78.0528
24,554,33270,5,0,11.7701,11.7701,2.354,700.0,2.788124609855421,1.3,normal,89.8229
24,554,33285,10,0,27.8812,27.8812,2.7881,700.0,2.788124609855421,1.3,normal,117.7041
24,555,33300,7,0,3.9263,3.9263,0.5609,700.0,2.788124609855421,1.3,normal,121.6304
24,555,33315,8,1,19.45,19.45,2.4313,700.0,2.788124609855421,1.3,normal,141.0804
24,555,33330,11,0,16.433,16.433,1.4939,700.0,2.788124609855421,1.3,normal,157.5134
24,555,33345,8,1,3.9925,3.9925,0.4991,700.0,2.788124609855421,1.3,normal,161.5059
24,556,33360,1,0,0.8623,0.8623,0.8623,700.0,2.509312148869879,1.3,normal,162.3682
24,556,33375,3,0,2.2102,2.2102,0.7367,700.0,2.509312148869879,1.3,normal,164.5784
24,556,33390,2,0,3.4832,3.4832,1.7416,700.0,2.509312148869879,1.3,normal,168.0616
24,556,33405,6,0,4.9495,4.9495,0.8249,700.0,2.509312148869879,1.3,normal,173.0111
24,557,33420,7,0,3.2409,3.2409,0.463,700.0,2.7602433637568673,1.3,normal,176.252
24,557,33435,6,0,11.78,11.78,1.9633,700.0,2.7602433637568673,1.3,normal,188.032
24,557,33450,2,0,3.0073,3.0073,1.5037,700.0,2.7602433637568673,1.3,normal,191.0393
24,557,33465,6,0,16.5615,16.5615,2.7602,700.0,2.7602433637568673,1.3,normal,207.6008
24,558,33480,6,0,8.9213,8.9213,1.4869,700.0,3.036267700132554,1.3,normal,216.5221
24,558,33495,12,0,10.4754,10.4754,0.8729,700.0,3.036267700132554,1.3,normal,226.9975
24,558,33510,6,2,17.9881,8.994,2.998,700.0,3.036267700132554,1.3,normal,244.9856
24,558,33525,12,0,2.9042,2.9042,0.242,700.0,3.036267700132554,1.3,normal,247.8898
24,559,33540,9,1,26.7976,26.7976,2.9775,700.0,3.33989447014581,1.3,normal,274.6874
24,559,33555,5,0,15.1255,15.1255,3.0251,700.0,3.33989447014581,1.3,normal,289.8129
24,559,33570,8,0,19.1096,19.1096,2.3887,700.0,3.33989447014581,1.3,normal,308.9225
24,559,33585,7,0,23.3793,23.3793,3.3399,700.0,3.33989447014581,1.3,normal,332.3018
24,560,33600,9,0,33.065,33.065,3.6739,700.0,3.673883917160391,1.3,normal,365.3668
24,560,33615,6,0,1.1869,1.1869,0.1978,700.0,3.673883917160391,1.3,normal,366.5537
24,560,33630,6,0,6.2203,6.2203,1.0367,700.0,3.673883917160391,1.3,normal,372.774
24,560,33645,7,1,18.4741,18.4741,2.6392,700.0,3.673883917160391,1.3,normal,391.2481
24,561,33660,13,1,16.1333,16.1333,1.241,700.0,4.04127230887643,1.3,normal,407.3814
24,561,33675,15,2,32.8878,16.4439,2.1925,700.0,4.04127230887643,1.3,normal,440.2692
24,561,33690,8,0,31.3003,31.3003,3.9125,700.0,4.04127230887643,1.3,normal,471.5695
24,561,33705,16,1,53.9583,53.9583,3.3724,700.0,4.04127230887643,1.3,normal,525.5278
24,562,33720,11,1,48.8994,48.8994,4.4454,700.0,4.4453995397640735,1.3,normal,574.4272
24,562,33735,8,0,7.1878,7.1878,0.8985,700.0,4.4453995397640735,1.3,normal,581.615
24,562,33750,11,0,27.2951,27.2951,2.4814,700.0,4.4453995397640735,1.3,normal,608.9101
24,562,33765,10,0,3.3947,3.3947,0.3395,700.0,4.4453995397640735,1.3,normal,612.3048
24,563,33780,14,0,26.1203,26.1203,1.8657,700.0,4.400945544366434,1.3,budget_constrained,638.4251
24,563,33795,14,0,44.0387,44.0387,3.1456,700.0,4.400945544366434,1.3,budget_constrained,682.4638
24,563,33810,4,0,17.5362,17.5362,4.2929,700.0,4.400945544366434,1.3,budget_depleted,700.0
24,563,33825,0,0,0.0,0.0,0.0,700.0,4.400945544366434,1.3,budget_depleted,700.0
24,564,33840,0,0,0.0,0.0,0.0,700.0,4.35693608892277,1.3,budget_depleted,700.0
24,564,33855,0,0,0.0,0.0,0.0,700.0,4.35693608892277,1.3,budget_depleted,700.0
24,564,33870,0,0,0.0,0.0,0.0,700.0,4.35693608892277,1.3,budget_depleted,700.0
24,564,33885,0,0,0.0,0.0,0.0,700.0,4.35693608892277,1.3,budget_depleted,700.0
24,565,33900,0,0,0.0,0.0,0.0,700.0,4.792629697815047,1.3,budget_depleted,700.0
24,565,33915,0,0,0.0,0.0,0.0,700.0,4.792629697815047,1.3,budget_depleted,700.0
24,565,33930,0,0,0.0,0.0,0.0,700.0,4.792629697815047,1.3,budget_depleted,700.0
24,565,33945,0,0,0.0,0.0,0.0,700.0,4.792629697815047,1.3,budget_depleted,700.0
24,566,33960,0,0,0.0,0.0,0.0,700.0,5.2718926675965525,1.3,budget_depleted,700.0
24,566,33975,0,0,0.0,0.0,0.0,700.0,5.2718926675965525,1.3,budget_depleted,700.0
24,566,33990,0,0,0.0,0.0,0.0,700.0,5.2718926675965525,1.3,budget_depleted,700.0
24,566,34005,0,0,0.0,0.0,0.0,700.0,5.2718926675965525,1.3,budget_depleted,700.0
24,567,34020,0,0,0.0,0.0,0.0,700.0,5.799081934356209,1.3,budget_depleted,700.0
24,567,34035,0,0,0.0,0.0,0.0,700.0,5.799081934356209,1.3,budget_depleted,700.0
24,567,34050,0,0,0.0,0.0,0.0,700.0,5.799081934356209,1.3,budget_depleted,700.0
24,567,34065,0,0,0.0,0.0,0.0,700.0,5.799081934356209,1.3,budget_depleted,700.0
24,568,34080,0,0,0.0,0.0,0.0,700.0,6.3789901277918295,1.3,budget_depleted,700.0
24,568,34095,0,0,0.0,0.0,0.0,700.0,6.3789901277918295,1.3,budget_depleted,700.0
24,568,34110,0,0,0.0,0.0,0.0,700.0,6.3789901277918295,1.3,budget_depleted,700.0
24,568,34125,0,0,0.0,0.0,0.0,700.0,6.3789901277918295,1.3,budget_depleted,700.0
24,569,34140,0,0,0.0,0.0,0.0,700.0,7.016889140571013,1.3,budget_depleted,700.0
24,569,34155,0,0,0.0,0.0,0.0,700.0,7.016889140571013,1.3,budget_depleted,700.0
24,569,34170,0,0,0.0,0.0,0.0,700.0,7.016889140571013,1.3,budget_depleted,700.0
24,569,34185,0,0,0.0,0.0,0.0,700.0,7.016889140571013,1.3,budget_depleted,700.0
24,570,34200,0,0,0.0,0.0,0.0,700.0,7.718578054628115,1.3,budget_depleted,700.0
24,570,34215,0,0,0.0,0.0,0.0,700.0,7.718578054628115,1.3,budget_depleted,700.0
24,570,34230,0,0,0.0,0.0,0.0,700.0,7.718578054628115,1.3,budget_depleted,700.0
24,570,34245,0,0,0.0,0.0,0.0,700.0,7.718578054628115,1.3,budget_depleted,700.0
24,571,34260,0,0,0.0,0.0,0.0,700.0,8.490435860090928,1.3,budget_depleted,700.0
24,571,34275,0,0,0.0,0.0,0.0,700.0,8.490435860090928,1.3,budget_depleted,700.0
24,571,34290,0,0,0.0,0.0,0.0,700.0,8.490435860090928,1.3,budget_depleted,700.0
24,571,34305,0,0,0.0,0.0,0.0,700.0,8.490435860090928,1.3,budget_depleted,700.0
24,572,34320,0,0,0.0,0.0,0.0,700.0,9.339479446100022,1.3,budget_depleted,700.0
24,572,34335,0,0,0.0,0.0,0.0,700.0,9.339479446100022,1.3,budget_depleted,700.0
24,572,34350,0,0,0.0,0.0,0.0,700.0,9.339479446100022,1.3,budget_depleted,700.0
24,572,34365,0,0,0.0,0.0,0.0,700.0,9.339479446100022,1.3,budget_depleted,700.0
24,573,34380,0,0,0.0,0.0,0.0,700.0,10.273427390710024,1.3,budget_depleted,700.0
24,573,34395,0,0,0.0,0.0,0.0,700.0,10.273427390710024,1.3,budget_depleted,700.0
24,573,34410,0,0,0.0,0.0,0.0,700.0,10.273427390710024,1.3,budget_depleted,700.0
24,573,34425,0,0,0.0,0.0,0.0,700.0,10.273427390710024,1.3,budget_depleted,700.0
24,574,34440,0,0,0.0,0.0,0.0,700.0,11.300770129781027,1.3,budget_depleted,700.0
24,574,34455,0,0,0.0,0.0,0.0,700.0,11.300770129781027,1.3,budget_depleted,700.0
24,574,34470,0,0,0.0,0.0,0.0,700.0,11.300770129781027,1.3,budget_depleted,700.0
24,574,34485,0,0,0.0,0.0,0.0,700.0,11.300770129781027,1.3,budget_depleted,700.0
24,575,34500,0,0,0.0,0.0,0.0,700.0,12.43084714275913,1.3,budget_depleted,700.0
24,575,34515,0,0,0.0,0.0,0.0,700.0,12.43084714275913,1.3,budget_depleted,700.0
24,575,34530,0,0,0.0,0.0,0.0,700.0,12.43084714275913,1.3,budget_depleted,700.0
24,575,34545,0,0,0.0,0.0,0.0,700.0,12.43084714275913,1.3,budget_depleted,700.0
25,576,34560,0,0,0.0,0.0,0.0,700.0,13.673931857035045,1.3,normal,0.0
25,576,34575,34,1,79.0984,79.0984,2.3264,700.0,13.673931857035045,1.3,normal,79.0984
25,576,34590,27,2,43.3857,21.6929,1.6069,700.0,13.673931857035045,1.3,normal,122.4841
25,576,34605,23,0,28.7818,28.7818,1.2514,700.0,13.673931857035045,1.3,normal,151.2659
25,577,34620,47,5,429.4258,85.8852,9.1367,700.0,13.537192538464696,1.3,normal,580.6917
25,577,34635,28,1,119.3083,119.3083,4.2046,700.0,13.537192538464696,1.3,budget_depleted,700.0
25,577,34650,0,0,0.0,0.0,0.0,700.0,13.537192538464696,1.3,budget_depleted,700.0
25,577,34665,0,0,0.0,0.0,0.0,700.0,13.537192538464696,1.3,budget_depleted,700.0
25,578,34680,0,0,0.0,0.0,0.0,700.0,12.183473284618227,1.3,budget_depleted,700.0
25,578,34695,0,0,0.0,0.0,0.0,700.0,12.183473284618227,1.3,budget_depleted,700.0
25,578,34710,0,0,0.0,0.0,0.0,700.0,12.183473284618227,1.3,budget_depleted,700.0
25,578,34725,0,0,0.0,0.0,0.0,700.0,12.183473284618227,1.3,budget_depleted,700.0
25,579,34740,0,0,0.0,0.0,0.0,700.0,10.965125956156404,1.3,budget_depleted,700.0
25,579,34755,0,0,0.0,0.0,0.0,700.0,10.965125956156404,1.3,budget_depleted,700.0
25,579,34770,0,0,0.0,0.0,0.0,700.0,10.965125956156404,1.3,budget_depleted,700.0
25,579,34785,0,0,0.0,0.0,0.0,700.0,10.965125956156404,1.3,budget_depleted,700.0
25,580,34800,0,0,0.0,0.0,0.0,700.0,9.868613360540763,1.3,budget_depleted,700.0
25,580,34815,0,0,0.0,0.0,0.0,700.0,9.868613360540763,1.3,budget_depleted,700.0
25,580,34830,0,0,0.0,0.0,0.0,700.0,9.868613360540763,1.3,budget_depleted,700.0
25,580,34845,0,0,0.0,0.0,0.0,700.0,9.868613360540763,1.3,budget_depleted,700.0
25,581,34860,0,0,0.0,0.0,0.0,700.0,8.881752024486687,1.3,budget_depleted,700.0
25,581,34875,0,0,0.0,0.0,0.0,700.0,8.881752024486687,1.3,budget_depleted,700.0
25,581,34890,0,0,0.0,0.0,0.0,700.0,8.881752024486687,1.3,budget_depleted,700.0
25,581,34905,0,0,0.0,0.0,0.0,700.0,8.881752024486687,1.3,budget_depleted,700.0
25,582,34920,0,0,0.0,0.0,0.0,700.0,7.993576822038018,1.3,budget_depleted,700.0
25,582,34935,0,0,0.0,0.0,0.0,700.0,7.993576822038018,1.3,budget_depleted,700.0
25,582,34950,0,0,0.0,0.0,0.0,700.0,7.993576822038018,1.3,budget_depleted,700.0
25,582,34965,0,0,0.0,0.0,0.0,700.0,7.993576822038018,1.3,budget_depleted,700.0
25,583,34980,0,0,0.0,0.0,0.0,700.0,7.194219139834217,1.3,budget_depleted,700.0
25,583,34995,0,0,0.0,0.0,0.0,700.0,7.194219139834217,1.3,budget_depleted,700.0
25,583,35010,0,0,0.0,0.0,0.0,700.0,7.194219139834217,1.3,budget_depleted,700.0
25,583,35025,0,0,0.0,0.0,0.0,700.0,7.194219139834217,1.3,budget_depleted,700.0
25,584,35040,0,0,0.0,0.0,0.0,700.0,6.474797225850795,1.3,budget_depleted,700.0
25,584,35055,0,0,0.0,0.0,0.0,700.0,6.474797225850795,1.3,budget_depleted,700.0
25,584,35070,0,0,0.0,0.0,0.0,700.0,6.474797225850795,1.3,budget_depleted,700.0
25,584,35085,0,0,0.0,0.0,0.0,700.0,6.474797225850795,1.3,budget_depleted,700.0
25,585,35100,0,0,0.0,0.0,0.0,700.0,5.827317503265715,1.3,budget_depleted,700.0
25,585,35115,0,0,0.0,0.0,0.0,700.0,5.827317503265715,1.3,budget_depleted,700.0
25,585,35130,0,0,0.0,0.0,0.0,700.0,5.827317503265715,1.3,budget_depleted,700.0
25,585,35145,0,0,0.0,0.0,0.0,700.0,5.827317503265715,1.3,budget_depleted,700.0
25,586,35160,0,0,0.0,0.0,0.0,700.0,4.982356465292186,1.3,budget_depleted,700.0
25,586,35175,0,0,0.0,0.0,0.0,700.0,4.982356465292186,1.3,budget_depleted,700.0
25,586,35190,0,0,0.0,0.0,0.0,700.0,4.982356465292186,1.3,budget_depleted,700.0
25,586,35205,0,0,0.0,0.0,0.0,700.0,4.982356465292186,1.3,budget_depleted,700.0
25,587,35220,0,0,0.0,0.0,0.0,700.0,4.259914777824819,1.3,budget_depleted,700.0
25,587,35235,0,0,0.0,0.0,0.0,700.0,4.259914777824819,1.3,budget_depleted,700.0
25,587,35250,0,0,0.0,0.0,0.0,700.0,4.259914777824819,1.3,budget_depleted,700.0
25,587,35265,0,0,0.0,0.0,0.0,700.0,4.259914777824819,1.3,budget_depleted,700.0
25,588,35280,0,0,0.0,0.0,0.0,700.0,4.259914777824819,1.3,budget_depleted,700.0
25,588,35295,0,0,0.0,0.0,0.0,700.0,4.259914777824819,1.3,budget_depleted,700.0
25,588,35310,0,0,0.0,0.0,0.0,700.0,4.259914777824819,1.3,budget_depleted,700.0
25,588,35325,0,0,0.0,0.0,0.0,700.0,4.259914777824819,1.3,budget_depleted,700.0
25,589,35340,0,0,0.0,0.0,0.0,700.0,4.259914777824819,1.3,budget_depleted,700.0
25,589,35355,0,0,0.0,0.0,0.0,700.0,4.259914777824819,1.3,budget_depleted,700.0
25,589,35370,0,0,0.0,0.0,0.0,700.0,4.259914777824819,1.3,budget_depleted,700.0
25,589,35385,0,0,0.0,0.0,0.0,700.0,4.259914777824819,1.3,budget_depleted,700.0
25,590,35400,0,0,0.0,0.0,0.0,700.0,4.259914777824819,1.3,budget_depleted,700.0
25,590,35415,0,0,0.0,0.0,0.0,700.0,4.259914777824819,1.3,budget_depleted,700.0
25,590,35430,0,0,0.0,0.0,0.0,700.0,4.259914777824819,1.3,budget_depleted,700.0
25,590,35445,0,0,0.0,0.0,0.0,700.0,4.259914777824819,1.3,budget_depleted,700.0
25,591,35460,0,0,0.0,0.0,0.0,700.0,4.259914777824819,1.3,budget_depleted,700.0
25,591,35475,0,0,0.0,0.0,0.0,700.0,4.259914777824819,1.3,budget_depleted,700.0
25,591,35490,0,0,0.0,0.0,0.0,700.0,4.259914777824819,1.3,budget_depleted,700.0
25,591,35505,0,0,0.0,0.0,0.0,700.0,4.259914777824819,1.3,budget_depleted,700.0
25,592,35520,0,0,0.0,0.0,0.0,700.0,4.259914777824819,1.3,budget_depleted,700.0
25,592,35535,0,0,0.0,0.0,0.0,700.0,4.259914777824819,1.3,budget_depleted,700.0
25,592,35550,0,0,0.0,0.0,0.0,700.0,4.259914777824819,1.3,budget_depleted,700.0
25,592,35565,0,0,0.0,0.0,0.0,700.0,4.259914777824819,1.3,budget_depleted,700.0
25,593,35580,0,0,0.0,0.0,0.0,700.0,4.259914777824819,1.3,budget_depleted,700.0
25,593,35595,0,0,0.0,0.0,0.0,700.0,4.259914777824819,1.3,budget_depleted,700.0
25,593,35610,0,0,0.0,0.0,0.0,700.0,4.259914777824819,1.3,budget_depleted,700.0
25,593,35625,0,0,0.0,0.0,0.0,700.0,4.259914777824819,1.3,budget_depleted,700.0
25,594,35640,0,0,0.0,0.0,0.0,700.0,4.259914777824819,1.3,budget_depleted,700.0
25,594,35655,0,0,0.0,0.0,0.0,700.0,4.259914777824819,1.3,budget_depleted,700.0
25,594,35670,0,0,0.0,0.0,0.0,700.0,4.259914777824819,1.3,budget_depleted,700.0
25,594,35685,0,0,0.0,0.0,0.0,700.0,4.259914777824819,1.3,budget_depleted,700.0
25,595,35700,0,0,0.0,0.0,0.0,700.0,4.259914777824819,1.3,budget_depleted,700.0
25,595,35715,0,0,0.0,0.0,0.0,700.0,4.259914777824819,1.3,budget_depleted,700.0
25,595,35730,0,0,0.0,0.0,0.0,700.0,4.259914777824819,1.3,budget_depleted,700.0
25,595,35745,0,0,0.0,0.0,0.0,700.0,4.259914777824819,1.3,budget_depleted,700.0
25,596,35760,0,0,0.0,0.0,0.0,700.0,4.259914777824819,1.3,budget_depleted,700.0
25,596,35775,0,0,0.0,0.0,0.0,700.0,4.259914777824819,1.3,budget_depleted,700.0
25,596,35790,0,0,0.0,0.0,0.0,700.0,4.259914777824819,1.3,budget_depleted,700.0
25,596,35805,0,0,0.0,0.0,0.0,700.0,4.259914777824819,1.3,budget_depleted,700.0
25,597,35820,0,0,0.0,0.0,0.0,700.0,4.259914777824819,1.3,budget_depleted,700.0
25,597,35835,0,0,0.0,0.0,0.0,700.0,4.259914777824819,1.3,budget_depleted,700.0
25,597,35850,0,0,0.0,0.0,0.0,700.0,4.259914777824819,1.3,budget_depleted,700.0
25,597,35865,0,0,0.0,0.0,0.0,700.0,4.259914777824819,1.3,budget_depleted,700.0
25,598,35880,0,0,0.0,0.0,0.0,700.0,4.259914777824819,1.3,budget_depleted,700.0
25,598,35895,0,0,0.0,0.0,0.0,700.0,4.259914777824819,1.3,budget_depleted,700.0
25,598,35910,0,0,0.0,0.0,0.0,700.0,4.259914777824819,1.3,budget_depleted,700.0
25,598,35925,0,0,0.0,0.0,0.0,700.0,4.259914777824819,1.3,budget_depleted,700.0
25,599,35940,0,0,0.0,0.0,0.0,700.0,4.259914777824819,1.3,budget_depleted,700.0
25,599,35955,0,0,0.0,0.0,0.0,700.0,4.259914777824819,1.3,budget_depleted,700.0
25,599,35970,0,0,0.0,0.0,0.0,700.0,4.259914777824819,1.3,budget_depleted,700.0
25,599,35985,0,0,0.0,0.0,0.0,700.0,4.259914777824819,1.3,budget_depleted,700.0
26,600,36000,0,0,0.0,0.0,0.0,700.0,4.259914777824819,1.3,normal,0.0
26,600,36015,6,0,14.2443,14.2443,2.374,700.0,4.259914777824819,1.3,normal,14.2443
26,600,36030,8,0,29.4283,29.4283,3.6785,700.0,4.259914777824819,1.3,normal,43.6726
26,600,36045,13,0,14.7586,14.7586,1.1353,700.0,4.259914777824819,1.3,normal,58.4312
26,601,36060,9,0,14.7848,14.7848,1.6428,700.0,3.620927561151096,1.3,normal,73.216
26,601,36075,8,0,24.0247,24.0247,3.0031,700.0,3.620927561151096,1.3,normal,97.2407
26,601,36090,19,0,68.7976,68.7976,3.6209,700.0,3.620927561151096,1.3,normal,166.0383
26,601,36105,5,0,10.2151,10.2151,2.043,700.0,3.620927561151096,1.3,normal,176.2534
26,602,36120,6,0,16.7287,16.7287,2.7881,700.0,2.7881142220863437,1.3,normal,192.9821
26,602,36135,11,0,18.6629,18.6629,1.6966,700.0,2.7881142220863437,1.3,normal,211.645
26,602,36150,6,0,5.0475,5.0475,0.8413,700.0,2.7881142220863437,1.3,normal,216.6925
26,602,36165,8,0,21.296,21.296,2.662,700.0,2.7881142220863437,1.3,normal,237.9885
26,603,36180,6,0,12.7768,12.7768,2.1295,700.0,2.1468479510064844,1.3,normal,250.7653
26,603,36195,4,0,3.1852,3.1852,0.7963,700.0,2.1468479510064844,1.3,normal,253.9505
26,603,36210,5,0,7.9843,7.9843,1.5969,700.0,2.1468479510064844,1.3,normal,261.9348
26,603,36225,8,0,5.553,5.553,0.6941,700.0,2.1468479510064844,1.3,normal,267.4878
26,604,36240,6,1,9.9184,9.9184,1.6531,700.0,1.653072922274993,1.3,normal,277.4062
26,604,36255,3,0,4.9592,4.9592,1.6531,700.0,1.653072922274993,1.3,normal,282.3654
26,604,36270,5,0,8.2654,8.2654,1.6531,700.0,1.653072922274993,1.3,normal,290.6308
26,604,36285,5,0,8.2654,8.2654,1.6531,700.0,1.653072922274993,1.3,normal,298.8962
26,605,36300,6,0,1.6271,1.6271,0.2712,700.0,1.3637851608768692,1.3,normal,300.5233
26,605,36315,4,0,5.4551,5.4551,1.3638,700.0,1.3637851608768692,1.3,normal,305.9784
26,605,36330,3,0,4.0914,4.0914,1.3638,700.0,1.3637851608768692,1.3,normal,310.0698
26,605,36345,0,0,0.0,0.0,1.1307,700.0,1.3637851608768692,1.3,normal,310.0698
26,606,36360,4,0,4.1386,4.1386,1.0347,700.0,1.1251227577234173,1.3,normal,314.2084
26,606,36375,5,1,5.6256,5.6256,1.1251,700.0,1.1251227577234173,1.3,normal,319.834
26,606,36390,6,0,1.8259,1.8259,0.3043,700.0,1.1251227577234173,1.3,normal,321.6599
26,606,36405,0,0,0.0,0.0,1.1251,700.0,1.1251227577234173,1.3,normal,321.6599
26,607,36420,2,0,1.8565,1.8565,0.9282,700.0,0.9282262751218193,1.3,normal,323.5164
26,607,36435,3,1,2.7847,2.7847,0.9282,700.0,0.9282262751218193,1.3,normal,326.3011
26,607,36450,0,0,0.0,0.0,0.9282,700.0,0.9282262751218193,1.3,normal,326.3011
26,607,36465,1,0,0.8016,0.8016,0.8016,700.0,0.9282262751218193,1.3,normal,327.1027
26,608,36480,8,0,6.1263,6.1263,0.7658,700.0,0.765786676975501,1.3,normal,333.229
26,608,36495,1,0,0.7658,0.7658,0.7658,700.0,0.765786676975501,1.3,normal,333.9948
26,608,36510,0,0,0.0,0.0,0.7658,700.0,0.765786676975501,1.3,normal,333.9948
26,608,36525,1,0,0.7658,0.7658,0.7658,700.0,0.765786676975501,1.3,normal,334.7606
26,609,36540,1,0,0.6318,0.6318,0.6318,700.0,0.6317740085047884,1.3,normal,335.3924
26,609,36555,2,0,1.2635,1.2635,0.6318,700.0,0.6317740085047884,1.3,normal,336.6559
26,609,36570,1,0,0.5393,0.5393,0.5393,700.0,0.6317740085047884,1.3,normal,337.1952
26,609,36585,1,0,0.6318,0.6318,0.6318,700.0,0.6317740085047884,1.3,normal,337.827
26,610,36600,0,0,0.0,0.0,0.5121,700.0,0.5212135570164504,1.3,normal,337.827
26,610,36615,0,0,0.0,0.0,0.0439,700.0,0.5212135570164504,1.3,normal,337.827
26,610,36630,1,0,0.1216,0.1216,0.1216,700.0,0.5212135570164504,1.3,normal,337.9486
26,610,36645,0,0,0.0,0.0,0.4111,700.0,0.5212135570164504,1.3,normal,337.9486
26,611,36660,0,0,0.0,0.0,0.5,700.0,0.5,1.3,normal,337.9486
26,611,36675,0,0,0.0,0.0,0.5,700.0,0.5,1.3,normal,337.9486
26,611,36690,0,0,0.0,0.0,0.5,700.0,0.5,1.3,normal,337.9486
26,611,36705,2,0,0.8846,0.8846,0.4423,700.0,0.5,1.3,normal,338.8332
26,612,36720,12,0,51.7169,51.7169,4.3097,700.0,5.0,1.3,normal,390.5501
26,612,36735,14,0,70.0,70.0,5.0,700.0,5.0,1.3,normal,460.5501
26,612,36750,13,0,24.1463,24.1463,1.8574,700.0,5.0,1.3,normal,484.6964
26,612,36765,4,0,20.0,20.0,5.0,700.0,5.0,1.3,normal,504.6964
26,613,36780,11,0,37.4837,37.4837,3.4076,700.0,4.125,1.3,normal,542.1801
26,613,36795,16,1,47.5264,47.5264,2.9704,700.0,4.125,1.3,normal,589.7065
26,613,36810,9,0,37.0772,37.0772,4.1197,700.0,4.125,1.3,normal,626.7837
26,613,36825,3,0,12.375,12.375,4.125,700.0,4.125,1.3,budget_constrained,639.1587
26,614,36840,8,0,24.75,24.75,3.0938,700.0,3.09375,1.3,budget_constrained,663.9087
26,614,36855,10,0,30.9375,30.9375,3.0938,700.0,3.09375,1.3,budget_constrained,694.8462
26,614,36870,1,0,5.1538,5.1538,3.018,700.0,3.09375,1.3,budget_depleted,700.0
26,614,36885,0,0,0.0,0.0,0.0,700.0,3.09375,1.3,budget_depleted,700.0
26,615,36900,0,0,0.0,0.0,0.0,700.0,2.3203125,1.3,budget_depleted,700.0
26,615,36915,0,0,0.0,0.0,0.0,700.0,2.3203125,1.3,budget_depleted,700.0
26,615,36930,0,0,0.0,0.0,0.0,700.0,2.3203125,1.3,budget_depleted,700.0
26,615,36945,0,0,0.0,0.0,0.0,700.0,2.3203125,1.3,budget_depleted,700.0
26,616,36960,0,0,0.0,0.0,0.0,700.0,1.740234375,1.3,budget_depleted,700.0
26,616,36975,0,0,0.0,0.0,0.0,700.0,1.740234375,1.3,budget_depleted,700.0
26,616,36990,0,0,0.0,0.0,0.0,700.0,1.740234375,1.3,budget_depleted,700.0
26,616,37005,0,0,0.0,0.0,0.0,700.0,1.740234375,1.3,budget_depleted,700.0
26,617,37020,0,0,0.0,0.0,0.0,700.0,1.30517578125,1.3,budget_depleted,700.0
26,617,37035,0,0,0.0,0.0,0.0,700.0,1.30517578125,1.3,budget_depleted,700.0
26,617,37050,0,0,0.0,0.0,0.0,700.0,1.30517578125,1.3,budget_depleted,700.0
26,617,37065,0,0,0.0,0.0,0.0,700.0,1.30517578125,1.3,budget_depleted,700.0
26,618,37080,0,0,0.0,0.0,0.0,700.0,0.9788818359375,1.3,budget_depleted,700.0
26,618,37095,0,0,0.0,0.0,0.0,700.0,0.9788818359375,1.3,budget_depleted,700.0
26,618,37110,0,0,0.0,0.0,0.0,700.0,0.9788818359375,1.3,budget_depleted,700.0
26,618,37125,0,0,0.0,0.0,0.0,700.0,0.9788818359375,1.3,budget_depleted,700.0
26,619,37140,0,0,0.0,0.0,0.0,700.0,0.734161376953125,1.3,budget_depleted,700.0
26,619,37155,0,0,0.0,0.0,0.0,700.0,0.734161376953125,1.3,budget_depleted,700.0
26,619,37170,0,0,0.0,0.0,0.0,700.0,0.734161376953125,1.3,budget_depleted,700.0
26,619,37185,0,0,0.0,0.0,0.0,700.0,0.734161376953125,1.3,budget_depleted,700.0
26,620,37200,0,0,0.0,0.0,0.0,700.0,0.5506210327148438,1.3,budget_depleted,700.0
26,620,37215,0,0,0.0,0.0,0.0,700.0,0.5506210327148438,1.3,budget_depleted,700.0
26,620,37230,0,0,0.0,0.0,0.0,700.0,0.5506210327148438,1.3,budget_depleted,700.0
26,620,37245,0,0,0.0,0.0,0.0,700.0,0.5506210327148438,1.3,budget_depleted,700.0
26,621,37260,0,0,0.0,0.0,0.0,700.0,0.5,1.3,budget_depleted,700.0
26,621,37275,0,0,0.0,0.0,0.0,700.0,0.5,1.3,budget_depleted,700.0
26,621,37290,0,0,0.0,0.0,0.0,700.0,0.5,1.3,budget_depleted,700.0
26,621,37305,0,0,0.0,0.0,0.0,700.0,0.5,1.3,budget_depleted,700.0
26,622,37320,0,0,0.0,0.0,0.0,700.0,0.5,1.3,budget_depleted,700.0
26,622,37335,0,0,0.0,0.0,0.0,700.0,0.5,1.3,budget_depleted,700.0
26,622,37350,0,0,0.0,0.0,0.0,700.0,0.5,1.3,budget_depleted,700.0
26,622,37365,0,0,0.0,0.0,0.0,700.0,0.5,1.3,budget_depleted,700.0
26,623,37380,0,0,0.0,0.0,0.0,700.0,0.5,1.3,budget_depleted,700.0
26,623,37395,0,0,0.0,0.0,0.0,700.0,0.5,1.3,budget_depleted,700.0
26,623,37410,0,0,0.0,0.0,0.0,700.0,0.5,1.3,budget_depleted,700.0
26,623,37425,0,0,0.0,0.0,0.0,700.0,0.5,1.3,budget_depleted,700.0
27,624,37440,0,0,0.0,0.0,0.0,700.0,0.5,1.3,normal,0.0
27,624,37455,1,0,0.5,0.5,0.5,700.0,0.5,1.3,normal,0.5
27,624,37470,0,0,0.0,0.0,0.5,700.0,0.5,1.3,normal,0.5
27,624,37485,1,0,0.5,0.5,0.5,700.0,0.5,1.3,normal,1.0
27,625,37500,1,0,0.2625,0.2625,0.2625,700.0,0.5,1.0,normal,1.2625
27,625,37515,2,0,0.0059,0.0059,0.0029,700.0,0.5,1.0,normal,1.2684
27,625,37530,3,0,1.5,1.5,0.5,700.0,0.5,1.0,normal,2.7684
27,625,37545,1,0,0.5,0.5,0.5,700.0,0.5,1.0,normal,3.2684
27,626,37560,2,0,1.0,1.0,0.5,700.0,0.5,1.0,normal,4.2684
27,626,37575,5,0,2.5,2.5,0.5,700.0,0.5,1.0,normal,6.7684
27,626,37590,0,0,0.0,0.0,0.5,700.0,0.5,1.0,normal,6.7684
27,626,37605,0,0,0.0,0.0,0.5,700.0,0.5,1.0,normal,6.7684
27,627,37620,1,0,0.5,0.5,0.5,700.0,0.5,1.0,normal,7.2684
27,627,37635,2,0,1.0,1.0,0.5,700.0,0.5,1.0,normal,8.2684
27,627,37650,1,0,0.5,0.5,0.5,700.0,0.5,1.0,normal,8.7684
27,627,37665,1,0,0.5,0.5,0.5,700.0,0.5,1.0,normal,9.2684
27,628,37680,0,0,0.0,0.0,0.4908,700.0,0.5,1.0,normal,9.2684
27,628,37695,1,0,0.5,0.5,0.5,700.0,0.5,1.0,normal,9.7684
27,628,37710,3,0,1.5,1.5,0.5,700.0,0.5,1.0,normal,11.2684
27,628,37725,5,0,2.5,2.5,0.5,700.0,0.5,1.0,normal,13.7684
27,629,37740,1,0,0.5,0.5,0.5,700.0,0.5,1.0,normal,14.2684
27,629,37755,4,1,0.8343,0.8343,0.2086,700.0,0.5,1.0,normal,15.1027
27,629,37770,0,0,0.0,0.0,0.5,700.0,0.5,1.0,normal,15.1027
27,629,37785,0,0,0.0,0.0,0.17,700.0,0.5,1.0,normal,15.1027
27,630,37800,0,0,0.0,0.0,0.3688,700.0,0.5,1.0,normal,15.1027
27,630,37815,1,0,0.5,0.5,0.5,700.0,0.5,1.0,normal,15.6027
27,630,37830,1,0,0.2748,0.2748,0.2748,700.0,0.5,1.0,normal,15.8775
27,630,37845,0,0,0.0,0.0,0.5,700.0,0.5,1.0,normal,15.8775
27,631,37860,1,0,0.5,0.5,0.5,700.0,0.5,1.0,normal,16.3775
27,631,37875,4,0,2.0,2.0,0.5,700.0,0.5,1.0,normal,18.3775
27,631,37890,1,0,0.0734,0.0734,0.0734,700.0,0.5,1.0,normal,18.4509
27,631,37905,3,0,1.5,1.5,0.5,700.0,0.5,1.0,normal,19.9509
27,632,37920,1,0,0.5,0.5,0.5,700.0,0.5,1.0,normal,20.4509
27,632,37935,2,0,1.0,1.0,0.5,700.0,0.5,1.0,normal,21.4509
27,632,37950,3,0,1.5,1.5,0.5,700.0,0.5,1.0,normal,22.9509
27,632,37965,1,0,0.5,0.5,0.5,700.0,0.5,1.0,normal,23.4509
27,633,37980,2,0,1.0,1.0,0.5,700.0,0.5,1.0,normal,24.4509
27,633,37995,0,0,0.0,0.0,0.5,700.0,0.5,1.0,normal,24.4509
27,633,38010,1,0,0.2269,0.2269,0.2269,700.0,0.5,1.0,normal,24.6778
27,633,38025,0,0,0.0,0.0,0.5,700.0,0.5,1.0,normal,24.6778
27,634,38040,2,1,1.0,1.0,0.5,700.0,0.5,1.0,normal,25.6778
27,634,38055,2,0,1.0,1.0,0.5,700.0,0.5,1.0,normal,26.6778
27,634,38070,1,0,0.5,0.5,0.5,700.0,0.5,1.0,normal,27.1778
27,634,38085,5,0,2.5,2.5,0.5,700.0,0.5,1.0,normal,29.6778
27,635,38100,2,0,1.0,1.0,0.5,700.0,0.5,1.0,normal,30.6778
27,635,38115,2,0,0.6634,0.6634,0.3317,700.0,0.5,1.0,normal,31.3412
27,635,38130,2,0,1.0,1.0,0.5,700.0,0.5,1.0,normal,32.3412
27,635,38145,1,0,0.0192,0.0192,0.0192,700.0,0.5,1.0,normal,32.3604
27,636,38160,1,0,0.0293,0.0293,0.0293,1000.0,0.5,1.0,normal,32.3897
27,636,38175,1,0,0.4687,0.4687,0.4687,1000.0,0.5,1.0,normal,32.8584
27,636,38190,1,0,0.3297,0.3297,0.3297,1000.0,0.5,1.0,normal,33.1881
27,636,38205,0,0,0.0,0.0,0.5,1000.0,0.5,1.0,normal,33.1881
27,637,38220,2,0,1.1,1.1,0.55,1000.0,0.55,1.0,normal,34.2881
27,637,38235,1,0,0.55,0.55,0.55,1000.0,0.55,1.0,normal,34.8381
27,637,38250,1,1,0.55,0.55,0.55,1000.0,0.55,1.0,normal,35.3881
27,637,38265,2,0,0.5019,0.5019,0.251,1000.0,0.55,1.0,normal,35.89
27,638,38280,2,0,1.331,1.331,0.6655,1000.0,0.6655000000000002,1.0,normal,37.221
27,638,38295,1,0,0.6655,0.6655,0.6655,1000.0,0.6655000000000002,1.0,normal,37.8865
27,638,38310,0,0,0.0,0.0,0.225,1000.0,0.6655000000000002,1.0,normal,37.8865
27,638,38325,1,0,0.6655,0.6655,0.6655,1000.0,0.6655000000000002,1.0,normal,38.552
27,639,38340,3,0,2.4158,2.4158,0.8053,1000.0,0.8052550000000004,1.0,normal,40.9678
27,639,38355,4,0,2.7831,2.7831,0.6958,1000.0,0.8052550000000004,1.0,normal,43.7509
27,639,38370,3,0,2.4158,2.4158,0.8053,1000.0,0.8052550000000004,1.0,normal,46.1667
27,639,38385,3,0,2.4158,2.4158,0.8053,1000.0,0.8052550000000004,1.0,normal,48.5825
27,640,38400,4,0,3.6572,3.6572,0.9143,1000.0,0.9743585500000007,1.0,normal,52.2397
27,640,38415,2,0,0.9933,0.9933,0.4967,1000.0,0.9743585500000007,1.0,normal,53.233
27,640,38430,0,0,0.0,0.0,0.9744,1000.0,0.9743585500000007,1.0,normal,53.233
27,640,38445,2,0,1.6246,1.6246,0.8123,1000.0,0.9743585500000007,1.0,normal,54.8576
27,641,38460,4,0,4.7159,4.7159,1.179,1000.0,1.178973845500001,1.0,normal,59.5735
27,641,38475,6,0,7.0738,7.0738,1.179,1000.0,1.178973845500001,1.0,normal,66.6473
27,641,38490,1,0,1.179,1.179,1.179,1000.0,1.178973845500001,1.0,normal,67.8263
27,641,38505,5,0,5.8949,5.8949,1.179,1000.0,1.178973845500001,1.0,normal,73.7212
27,642,38520,4,1,1.4104,1.4104,0.3526,1000.0,1.4265583530550014,1.0,normal,75.1316
27,642,38535,5,0,7.1328,7.1328,1.4266,1000.0,1.4265583530550014,1.0,normal,82.2644
27,642,38550,5,0,7.1328,7.1328,1.4266,1000.0,1.4265583530550014,1.0,normal,89.3972
27,642,38565,2,0,2.8531,2.8531,1.4266,1000.0,1.4265583530550014,1.0,normal,92.2503
27,643,38580,2,0,3.4523,3.4523,1.7261,1000.0,1.7261356071965521,1.0,normal,95.7026
27,643,38595,3,0,5.1784,5.1784,1.7261,1000.0,1.7261356071965521,1.0,normal,100.881
27,643,38610,4,0,6.9045,6.9045,1.7261,1000.0,1.7261356071965521,1.0,normal,107.7855
27,643,38625,3,0,5.1784,5.1784,1.7261,1000.0,1.7261356071965521,1.0,normal,112.9639
27,644,38640,3,0,5.2013,5.2013,1.7338,1000.0,2.088624084707828,1.0,normal,118.1652
27,644,38655,7,0,14.6204,14.6204,2.0886,1000.0,2.088624084707828,1.0,normal,132.7856
27,644,38670,3,1,5.1421,5.1421,1.714,1000.0,2.088624084707828,1.0,normal,137.9277
27,644,38685,5,0,3.5451,3.5451,0.709,1000.0,2.088624084707828,1.0,normal,141.4728
27,645,38700,9,0,0.5315,0.5315,0.0591,1000.0,2.527235142496472,1.0,normal,142.0043
27,645,38715,11,1,15.4592,15.4592,1.4054,1000.0,2.527235142496472,1.0,normal,157.4635
27,645,38730,13,0,29.9019,29.9019,2.3001,1000.0,2.527235142496472,1.0,normal,187.3654
27,645,38745,6,0,15.1634,15.1634,2.5272,1000.0,2.527235142496472,1.0,normal,202.5288
27,646,38760,3,0,0.7642,0.7642,0.2547,1000.0,3.0579545224207316,1.0,normal,203.293
27,646,38775,3,0,7.8545,7.8545,2.6182,1000.0,3.0579545224207316,1.0,normal,211.1475
27,646,38790,14,1,15.0249,15.0249,1.0732,1000.0,3.0579545224207316,1.0,normal,226.1724
27,646,38805,3,0,7.3267,7.3267,2.4422,1000.0,3.0579545224207316,1.0,normal,233.4991
27,647,38820,9,0,26.5979,26.5979,2.9553,1000.0,3.700124972129086,1.0,normal,260.097
27,647,38835,10,0,35.9065,35.9065,3.5906,1000.0,3.700124972129086,1.0,normal,296.0035
27,647,38850,13,0,34.2537,34.2537,2.6349,1000.0,3.700124972129086,1.0,normal,330.2572
27,647,38865,17,0,62.9021,62.9021,3.7001,1000.0,3.700124972129086,1.0,normal,393.1593
28,648,38880,9,1,13.7301,13.7301,1.5256,1000.0,5.0,1.0,normal,13.7301
28,648,38895,10,1,39.3596,39.3596,3.936,1000.0,5.0,1.0,normal,53.0897
28,648,38910,14,0,19.1456,19.1456,1.3675,1000.0,5.0,1.0,normal,72.2353
28,648,38925,12,0,18.7114,18.7114,1.5593,1000.0,5.0,1.0,normal,90.9467
28,649,38940,15,0,66.1021,66.1021,4.4068,1000.0,6.050000000000001,1.0,normal,157.0488
28,649,38955,14,1,67.5535,67.5535,4.8253,1000.0,6.050000000000001,1.0,normal,224.6023
28,649,38970,9,0,25.7874,25.7874,2.8653,1000.0,6.050000000000001,1.0,normal,250.3897
28,649,38985,13,2,18.5233,9.2616,1.4249,1000.0,6.050000000000001,1.0,normal,268.913
28,650,39000,12,1,43.7664,43.7664,3.6472,1000.0,7.320500000000002,1.0,normal,312.6794
28,650,39015,19,1,18.4028,18.4028,0.9686,1000.0,7.320500000000002,1.0,normal,331.0822
28,650,39030,24,1,47.7086,47.7086,1.9879,1000.0,7.320500000000002,1.0,normal,378.7908
28,650,39045,15,0,61.0963,61.0963,4.0731,1000.0,7.320500000000002,1.0,normal,439.8871
28,651,39060,26,1,112.7387,112.7387,4.3361,1000.0,8.857805000000003,1.0,normal,552.6258
28,651,39075,13,0,33.1524,33.1524,2.5502,1000.0,8.857805000000003,1.0,normal,585.7782
28,651,39090,21,0,58.5419,58.5419,2.7877,1000.0,8.857805000000003,1.0,normal,644.3201
28,651,39105,18,2,3.8689,1.9344,0.2149,1000.0,8.857805000000003,1.0,normal,648.189
28,652,39120,24,0,0.0273,0.0273,0.0011,1000.0,9.743585500000004,1.0,normal,648.2163
28,652,39135,30,0,92.4948,92.4948,3.0832,1000.0,9.743585500000004,1.0,normal,740.7111
28,652,39150,27,0,79.217,79.217,2.934,1000.0,9.743585500000004,1.0,normal,819.9281
28,652,39165,17,1,124.6157,124.6157,7.3303,1000.0,9.743585500000004,1.0,budget_constrained,944.5438
28,653,39180,11,0,55.4562,55.4562,4.7728,1000.0,8.769226950000004,1.0,budget_constrained,1000.0
28,653,39195,0,0,0.0,0.0,6.6925,1000.0,8.769226950000004,1.0,budget_constrained,1000.0
28,653,39210,0,0,0.0,0.0,0.4805,1000.0,8.769226950000004,1.0,budget_constrained,1000.0
28,653,39225,0,0,0.0,0.0,7.2731,1000.0,8.769226950000004,1.0,budget_constrained,1000.0
28,654,39240,0,0,0.0,0.0,6.0727,1000.0,7.8923042550000035,1.0,budget_constrained,1000.0
28,654,39255,0,0,0.0,0.0,3.2423,1000.0,7.8923042550000035,1.0,budget_constrained,1000.0
28,654,39270,0,0,0.0,0.0,3.3443,1000.0,7.8923042550000035,1.0,budget_constrained,1000.0
28,654,39285,0,0,0.0,0.0,5.0794,1000.0,7.8923042550000035,1.0,budget_constrained,1000.0
28,655,39300,0,0,0.0,0.0,2.3101,1000.0,7.103073829500003,1.0,budget_constrained,1000.0
28,655,39315,0,0,0.0,0.0,5.8767,1000.0,7.103073829500003,1.0,budget_constrained,1000.0
28,655,39330,0,0,0.0,0.0,4.5454,1000.0,7.103073829500003,1.0,budget_constrained,1000.0
28,655,39345,0,0,0.0,0.0,3.7957,1000.0,7.103073829500003,1.0,budget_constrained,1000.0
28,656,39360,0,0,0.0,0.0,5.6608,1000.0,6.392766446550003,1.0,budget_constrained,1000.0
28,656,39375,0,0,0.0,0.0,4.4787,1000.0,6.392766446550003,1.0,budget_constrained,1000.0
28,656,39390,0,0,0.0,0.0,3.2025,1000.0,6.392766446550003,1.0,budget_constrained,1000.0
28,656,39405,0,0,0.0,0.0,4.4952,1000.0,6.392766446550003,1.0,budget_constrained,1000.0
28,657,39420,0,0,0.0,0.0,1.5195,1000.0,5.753489801895003,1.0,budget_constrained,1000.0
28,657,39435,0,0,0.0,0.0,1.5418,1000.0,5.753489801895003,1.0,budget_constrained,1000.0
28,657,39450,0,0,0.0,0.0,5.7535,1000.0,5.753489801895003,1.0,budget_constrained,1000.0
28,657,39465,0,0,0.0,0.0,0.438,1000.0,5.753489801895003,1.0,budget_constrained,1000.0
28,658,39480,0,0,0.0,0.0,3.2714,1000.0,5.178140821705503,1.0,budget_constrained,1000.0
28,658,39495,0,0,0.0,0.0,1.8334,1000.0,5.178140821705503,1.0,budget_constrained,1000.0
28,658,39510,0,0,0.0,0.0,2.6674,1000.0,5.178140821705503,1.0,budget_constrained,1000.0
28,658,39525,0,0,0.0,0.0,4.8279,1000.0,5.178140821705503,1.0,budget_constrained,1000.0
28,659,39540,0,0,0.0,0.0,1.8774,1000.0,4.427310402558205,1.0,budget_constrained,1000.0
28,659,39555,0,0,0.0,0.0,4.4273,1000.0,4.427310402558205,1.0,budget_constrained,1000.0
28,659,39570,0,0,0.0,0.0,1.5184,1000.0,4.427310402558205,1.0,budget_constrained,1000.0
28,659,39585,0,0,0.0,0.0,4.3112,1000.0,4.427310402558205,1.0,budget_constrained,1000.0
28,660,39600,0,0,0.0,0.0,2.3932,1000.0,3.7853503941872653,1.0,budget_constrained,1000.0
28,660,39615,0,0,0.0,0.0,3.7854,1000.0,3.7853503941872653,1.0,budget_constrained,1000.0
28,660,39630,0,0,0.0,0.0,3.7854,1000.0,3.7853503941872653,1.0,budget_constrained,1000.0
28,660,39645,0,0,0.0,0.0,2.6926,1000.0,3.7853503941872653,1.0,budget_constrained,1000.0
28,661,39660,0,0,0.0,0.0,3.4068,1000.0,3.406815354768539,1.0,budget_constrained,1000.0
28,661,39675,0,0,0.0,0.0,2.0345,1000.0,3.406815354768539,1.0,budget_constrained,1000.0
28,661,39690,0,0,0.0,0.0,2.9286,1000.0,3.406815354768539,1.0,budget_constrained,1000.0
28,661,39705,0,0,0.0,0.0,1.1017,1000.0,3.406815354768539,1.0,budget_constrained,1000.0
28,662,39720,0,0,0.0,0.0,0.1,1000.0,2.9128271283271006,1.0,budget_constrained,1000.0
28,662,39735,0,0,0.0,0.0,0.6658,1000.0,2.9128271283271006,1.0,budget_constrained,1000.0
28,662,39750,0,0,0.0,0.0,2.66,1000.0,2.9128271283271006,1.0,budget_constrained,1000.0
28,662,39765,0,0,0.0,0.0,2.2459,1000.0,2.9128271283271006,1.0,budget_constrained,1000.0
28,663,39780,0,0,0.0,0.0,2.4905,1000.0,2.490467194719671,1.0,budget_constrained,1000.0
28,663,39795,0,0,0.0,0.0,0.2354,1000.0,2.490467194719671,1.0,budget_constrained,1000.0
28,663,39810,0,0,0.0,0.0,0.3548,1000.0,2.490467194719671,1.0,budget_constrained,1000.0
28,663,39825,0,0,0.0,0.0,2.4905,1000.0,2.490467194719671,1.0,budget_constrained,1000.0
28,664,39840,0,0,0.0,0.0,2.1041,1000.0,2.1293494514853184,1.0,budget_constrained,1000.0
28,664,39855,0,0,0.0,0.0,2.1293,1000.0,2.1293494514853184,1.0,budget_constrained,1000.0
28,664,39870,0,0,0.0,0.0,1.6984,1000.0,2.1293494514853184,1.0,budget_constrained,1000.0
28,664,39885,0,0,0.0,0.0,2.1293,1000.0,2.1293494514853184,1.0,budget_constrained,1000.0
28,665,39900,0,0,0.0,0.0,1.0322,1000.0,1.820593781019947,1.0,budget_constrained,1000.0
28,665,39915,0,0,0.0,0.0,1.8206,1000.0,1.820593781019947,1.0,budget_constrained,1000.0
28,665,39930,0,0,0.0,0.0,1.8206,1000.0,1.820593781019947,1.0,budget_constrained,1000.0
28,665,39945,0,0,0.0,0.0,1.8206,1000.0,1.820593781019947,1.0,budget_constrained,1000.0
28,666,39960,0,0,0.0,0.0,1.5448,1000.0,1.5566076827720547,1.0,budget_constrained,1000.0
28,666,39975,0,0,0.0,0.0,1.5566,1000.0,1.5566076827720547,1.0,budget_constrained,1000.0
28,666,39990,0,0,0.0,0.0,0.5984,1000.0,1.5566076827720547,1.0,budget_constrained,1000.0
28,666,40005,0,0,0.0,0.0,1.5566,1000.0,1.5566076827720547,1.0,budget_constrained,1000.0
28,667,40020,0,0,0.0,0.0,1.3288,1000.0,1.3308995687701066,1.0,budget_constrained,1000.0
28,667,40035,0,0,0.0,0.0,1.3309,1000.0,1.3308995687701066,1.0,budget_constrained,1000.0
28,667,40050,0,0,0.0,0.0,1.3309,1000.0,1.3308995687701066,1.0,budget_constrained,1000.0
28,667,40065,0,0,0.0,0.0,0.2475,1000.0,1.3308995687701066,1.0,budget_constrained,1000.0
28,668,40080,0,0,0.0,0.0,1.1379,1000.0,1.1379191312984411,1.0,budget_constrained,1000.0
28,668,40095,0,0,0.0,0.0,1.1379,1000.0,1.1379191312984411,1.0,budget_constrained,1000.0
28,668,40110,0,0,0.0,0.0,1.1379,1000.0,1.1379191312984411,1.0,budget_constrained,1000.0
28,668,40125,0,0,0.0,0.0,1.1379,1000.0,1.1379191312984411,1.0,budget_constrained,1000.0
28,669,40140,0,0,0.0,0.0,0.8705,1000.0,0.8705081354433074,1.0,budget_constrained,1000.0
28,669,40155,0,0,0.0,0.0,0.0973,1000.0,0.8705081354433074,1.0,budget_constrained,1000.0
28,669,40170,0,0,0.0,0.0,0.8705,1000.0,0.8705081354433074,1.0,budget_constrained,1000.0
28,669,40185,0,0,0.0,0.0,0.8705,1000.0,0.8705081354433074,1.0,budget_constrained,1000.0
28,670,40200,0,0,0.0,0.0,0.1244,1000.0,0.6659387236141301,1.0,budget_constrained,1000.0
28,670,40215,0,0,0.0,0.0,0.6659,1000.0,0.6659387236141301,1.0,budget_constrained,1000.0
28,670,40230,0,0,0.0,0.0,0.415,1000.0,0.6659387236141301,1.0,budget_constrained,1000.0
28,670,40245,0,0,0.0,0.0,0.6659,1000.0,0.6659387236141301,1.0,budget_constrained,1000.0
28,671,40260,0,0,0.0,0.0,0.5094,1000.0,0.5094431235648095,1.0,budget_constrained,1000.0
28,671,40275,0,0,0.0,0.0,0.5094,1000.0,0.5094431235648095,1.0,budget_constrained,1000.0
28,671,40290,0,0,0.0,0.0,0.2457,1000.0,0.5094431235648095,1.0,budget_constrained,1000.0
28,671,40305,0,0,0.0,0.0,0.5094,1000.0,0.5094431235648095,1.0,budget_constrained,1000.0
29,672,40320,0,0,0.0,0.0,0.5,1000.0,0.5,1.0,normal,0.0
29,672,40335,0,0,0.0,0.0,0.5,1000.0,0.5,1.0,normal,0.0
29,672,40350,1,0,0.5,0.5,0.5,1000.0,0.5,1.0,normal,0.5
29,672,40365,1,0,0.5,0.5,0.5,1000.0,0.5,1.0,normal,1.0
29,673,40380,5,0,1.7984,1.7984,0.3597,1000.0,0.5,1.0,normal,2.7984
29,673,40395,1,0,0.5,0.5,0.5,1000.0,0.5,1.0,normal,3.2984
29,673,40410,2,0,1.0,1.0,0.5,1000.0,0.5,1.0,normal,4.2984
29,673,40425,1,0,0.5,0.5,0.5,1000.0,0.5,1.0,normal,4.7984
29,674,40440,1,0,0.5,0.5,0.5,1000.0,0.5,1.0,normal,5.2984
29,674,40455,1,0,0.5,0.5,0.5,1000.0,0.5,1.0,normal,5.7984
29,674,40470,0,0,0.0,0.0,0.5,1000.0,0.5,1.0,normal,5.7984
29,674,40485,1,0,0.5,0.5,0.5,1000.0,0.5,1.0,normal,6.2984
29,675,40500,1,0,0.5,0.5,0.5,1000.0,0.5,1.0,normal,6.7984
29,675,40515,3,0,1.5,1.5,0.5,1000.0,0.5,1.0,normal,8.2984
29,675,40530,4,1,2.0,2.0,0.5,1000.0,0.5,1.0,normal,10.2984
29,675,40545,4,0,2.0,2.0,0.5,1000.0,0.5,1.0,normal,12.2984
29,676,40560,2,0,1.0,1.0,0.5,1000.0,0.5,1.0,normal,13.2984
29,676,40575,0,0,0.0,0.0,0.5,1000.0,0.5,1.0,normal,13.2984
29,676,40590,0,0,0.0,0.0,0.5,1000.0,0.5,1.0,normal,13.2984
29,676,40605,1,0,0.5,0.5,0.5,1000.0,0.5,1.0,normal,13.7984
29,677,40620,3,0,0.8499,0.8499,0.2833,1000.0,0.55,1.0,normal,14.6483
29,677,40635,0,0,0.0,0.0,0.3468,1000.0,0.55,1.0,normal,14.6483
29,677,40650,2,0,1.1,1.1,0.55,1000.0,0.55,1.0,normal,15.7483
29,677,40665,1,1,0.55,0.55,0.55,1000.0,0.55,1.0,normal,16.2983
29,678,40680,1,0,0.4318,0.4318,0.4318,1000.0,0.6655000000000002,1.0,normal,16.7301
29,678,40695,1,0,0.3627,0.3627,0.3627,1000.0,0.6655000000000002,1.0,normal,17.0928
29,678,40710,1,0,0.5437,0.5437,0.5437,1000.0,0.6655000000000002,1.0,normal,17.6365
29,678,40725,3,0,1.9965,1.9965,0.6655,1000.0,0.6655000000000002,1.0,normal,19.633
29,679,40740,1,0,0.8053,0.8053,0.8053,1000.0,0.8052550000000004,1.0,normal,20.4383
29,679,40755,2,0,1.6105,1.6105,0.8053,1000.0,0.8052550000000004,1.0,normal,22.0488
29,679,40770,1,0,0.8053,0.8053,0.8053,1000.0,0.8052550000000004,1.0,normal,22.8541
29,679,40785,2,0,1.6105,1.6105,0.8053,1000.0,0.8052550000000004,1.0,normal,24.4646
29,680,40800,5,0,4.8718,4.8718,0.9744,1000.0,0.9743585500000007,1.0,normal,29.3364
29,680,40815,1,0,0.9744,0.9744,0.9744,1000.0,0.9743585500000007,1.0,normal,30.3108
29,680,40830,4,0,1.5119,1.5119,0.378,1000.0,0.9743585500000007,1.0,normal,31.8227
29,680,40845,3,0,0.9087,0.9087,0.3029,1000.0,0.9743585500000007,1.0,normal,32.7314
29,681,40860,2,0,2.3579,2.3579,1.179,1000.0,1.178973845500001,1.0,normal,35.0893
29,681,40875,4,1,4.3018,4.3018,1.0755,1000.0,1.178973845500001,1.0,normal,39.3911
29,681,40890,1,0,1.179,1.179,1.179,1000.0,1.178973845500001,1.0,normal,40.5701
29,681,40905,4,0,4.7159,4.7159,1.179,1000.0,1.178973845500001,1.0,normal,45.286
29,682,40920,3,0,0.532,0.532,0.1773,1000.0,1.4265583530550014,1.0,normal,45.818
29,682,40935,3,0,4.2797,4.2797,1.4266,1000.0,1.4265583530550014,1.0,normal,50.0977
29,682,40950,7,0,9.9859,9.9859,1.4266,1000.0,1.4265583530550014,1.0,normal,60.0836
29,682,40965,1,0,1.4266,1.4266,1.4266,1000.0,1.4265583530550014,1.0,normal,61.5102
29,683,40980,7,0,12.0829,12.0829,1.7261,1000.0,1.7261356071965521,1.0,normal,73.5931
29,683,40995,9,0,15.5352,15.5352,1.7261,1000.0,1.7261356071965521,1.0,normal,89.1283
29,683,41010,3,0,2.2027,2.2027,0.7342,1000.0,1.7261356071965521,1.0,normal,91.331
29,683,41025,4,0,6.9045,6.9045,1.7261,1000.0,1.7261356071965521,1.0,normal,98.2355
29,684,41040,12,0,29.7426,29.7426,2.4785,1000.0,5.0,1.0,normal,127.9781
29,684,41055,13,0,14.1942,14.1942,1.0919,1000.0,5.0,1.0,normal,142.1723
29,684,41070,16,0,0.4752,0.4752,0.0297,1000.0,5.0,1.0,normal,142.6475
29,684,41085,18,0,52.0307,52.0307,2.8906,1000.0,5.0,1.0,normal,194.6782
29,685,41100,19,1,29.6137,29.6137,1.5586,1000.0,5.5,1.0,normal,224.2919
29,685,41115,18,1,4.3964,4.3964,0.2442,1000.0,5.5,1.0,normal,228.6883
29,685,41130,18,1,75.0061,75.0061,4.167,1000.0,5.5,1.0,normal,303.6944
29,685,41145,12,0,40.8288,40.8288,3.4024,1000.0,5.5,1.0,normal,344.5232
29,686,41160,14,0,73.4023,73.4023,5.243,1000.0,6.655000000000001,1.0,normal,417.9255
29,686,41175,18,0,19.198,19.198,1.0666,1000.0,6.655000000000001,1.0,normal,437.1235
29,686,41190,26,1,58.5699,58.5699,2.2527,1000.0,6.655000000000001,1.0,normal,495.6934
29,686,41205,14,0,6.3696,6.3696,0.455,1000.0,6.655000000000001,1.0,normal,502.063
29,687,41220,15,1,41.5842,41.5842,2.7723,1000.0,7.320500000000002,1.0,normal,543.6472
29,687,41235,16,1,88.0727,88.0727,5.5045,1000.0,7.320500000000002,1.0,normal,631.7199
29,687,41250,17,0,114.42,114.42,6.7306,1000.0,7.320500000000002,1.0,normal,746.1399
29,687,41265,17,0,109.843,109.843,6.4614,1000.0,7.320500000000002,1.0,normal,855.9829
29,688,41280,16,0,24.5908,24.5908,1.5369,1000.0,6.222425000000001,1.0,normal,880.5737
29,688,41295,19,1,119.4263,119.4263,6.1084,1000.0,6.222425000000001,1.0,budget_constrained,1000.0
29,688,41310,0,0,0.0,0.0,1.873,1000.0,6.222425000000001,1.0,budget_constrained,1000.0
29,688,41325,0,0,0.0,0.0,6.2224,1000.0,6.222425000000001,1.0,budget_constrained,1000.0
29,689,41340,0,0,0.0,0.0,0.3498,1000.0,5.2890612500000005,1.0,budget_constrained,1000.0
29,689,41355,0,0,0.0,0.0,1.0916,1000.0,5.2890612500000005,1.0,budget_constrained,1000.0
29,689,41370,0,0,0.0,0.0,1.2668,1000.0,5.2890612500000005,1.0,budget_constrained,1000.0
29,689,41385,0,0,0.0,0.0,1.6114,1000.0,5.2890612500000005,1.0,budget_constrained,1000.0
29,690,41400,0,0,0.0,0.0,2.288,1000.0,4.4957020625,1.0,budget_constrained,1000.0
29,690,41415,0,0,0.0,0.0,4.0365,1000.0,4.4957020625,1.0,budget_constrained,1000.0
29,690,41430,0,0,0.0,0.0,1.9004,1000.0,4.4957020625,1.0,budget_constrained,1000.0
29,690,41445,0,0,0.0,0.0,2.9578,1000.0,4.4957020625,1.0,budget_constrained,1000.0
29,691,41460,0,0,0.0,0.0,0.9698,1000.0,3.8213467531250003,1.0,budget_constrained,1000.0
29,691,41475,0,0,0.0,0.0,1.1916,1000.0,3.8213467531250003,1.0,budget_constrained,1000.0
29,691,41490,0,0,0.0,0.0,2.0352,1000.0,3.8213467531250003,1.0,budget_constrained,1000.0
29,691,41505,0,0,0.0,0.0,1.2603,1000.0,3.8213467531250003,1.0,budget_constrained,1000.0
29,692,41520,0,0,0.0,0.0,3.2481,1000.0,3.24814474015625,1.0,budget_constrained,1000.0
29,692,41535,0,0,0.0,0.0,0.8761,1000.0,3.24814474015625,1.0,budget_constrained,1000.0
29,692,41550,0,0,0.0,0.0,0.6309,1000.0,3.24814474015625,1.0,budget_constrained,1000.0
29,692,41565,0,0,0.0,0.0,0.4364,1000.0,3.24814474015625,1.0,budget_constrained,1000.0
29,693,41580,0,0,0.0,0.0,2.7609,1000.0,2.7609230291328126,1.0,budget_constrained,1000.0
29,693,41595,0,0,0.0,0.0,2.7609,1000.0,2.7609230291328126,1.0,budget_constrained,1000.0
29,693,41610,0,0,0.0,0.0,0.7859,1000.0,2.7609230291328126,1.0,budget_constrained,1000.0
29,693,41625,0,0,0.0,0.0,2.7609,1000.0,2.7609230291328126,1.0,budget_constrained,1000.0
29,694,41640,0,0,0.0,0.0,1.7197,1000.0,2.3467845747628906,1.0,budget_constrained,1000.0
29,694,41655,0,0,0.0,0.0,0.2224,1000.0,2.3467845747628906,1.0,budget_constrained,1000.0
29,694,41670,0,0,0.0,0.0,0.6073,1000.0,2.3467845747628906,1.0,budget_constrained,1000.0
29,694,41685,0,0,0.0,0.0,2.3468,1000.0,2.3467845747628906,1.0,budget_constrained,1000.0
29,695,41700,0,0,0.0,0.0,0.3662,1000.0,1.9947668885484569,1.0,budget_constrained,1000.0
29,695,41715,0,0,0.0,0.0,1.9948,1000.0,1.9947668885484569,1.0,budget_constrained,1000.0
29,695,41730,0,0,0.0,0.0,1.9948,1000.0,1.9947668885484569,1.0,budget_constrained,1000.0
29,695,41745,0,0,0.0,0.0,1.9948,1000.0,1.9947668885484569,1.0,budget_constrained,1000.0
30,696,41760,0,0,0.0,0.0,1.6956,1000.0,1.6955518552661883,1.0,normal,0.0
30,696,41775,4,0,6.7822,6.7822,1.6956,1000.0,1.6955518552661883,1.0,normal,6.7822
30,696,41790,8,0,11.4384,11.4384,1.4298,1000.0,1.6955518552661883,1.0,normal,18.2206
30,696,41805,8,0,7.2591,7.2591,0.9074,1000.0,1.6955518552661883,1.0,normal,25.4797
30,697,41820,1,0,1.4412,1.4412,1.4412,1000.0,1.44121907697626,1.0,normal,26.9209
30,697,41835,6,0,8.6473,8.6473,1.4412,1000.0,1.44121907697626,1.0,normal,35.5682
30,697,41850,2,0,2.8824,2.8824,1.4412,1000.0,1.44121907697626,1.0,normal,38.4506
30,697,41865,3,0,4.3237,4.3237,1.4412,1000.0,1.44121907697626,1.0,normal,42.7743
30,698,41880,6,0,2.7455,2.7455,0.4576,1000.0,1.225036215429821,1.0,normal,45.5198
30,698,41895,2,0,2.4501,2.4501,1.225,1000.0,1.225036215429821,1.0,normal,47.9699
30,698,41910,4,0,4.9001,4.9001,1.225,1000.0,1.225036215429821,1.0,normal,52.87
30,698,41925,4,0,0.4474,0.4474,0.1119,1000.0,1.225036215429821,1.0,normal,53.3174
30,699,41940,2,0,1.8376,1.8376,0.9188,1000.0,0.9187771615723659,1.0,normal,55.155
30,699,41955,2,0,1.8376,1.8376,0.9188,1000.0,0.9187771615723659,1.0,normal,56.9926
30,699,41970,1,0,0.9188,0.9188,0.9188,1000.0,0.9187771615723659,1.0,normal,57.9114
30,699,41985,1,0,0.9188,0.9188,0.9188,1000.0,0.9187771615723659,1.0,normal,58.8302
30,700,42000,2,0,0.4186,0.4186,0.2093,1000.0,0.6890828711792745,1.0,normal,59.2488
30,700,42015,1,0,0.6891,0.6891,0.6891,1000.0,0.6890828711792745,1.0,normal,59.9379
30,700,42030,2,0,1.3782,1.3782,0.6891,1000.0,0.6890828711792745,1.0,normal,61.3161
30,700,42045,2,0,0.1353,0.1353,0.0677,1000.0,0.6890828711792745,1.0,normal,61.4514
30,701,42060,1,0,0.5168,0.5168,0.5168,1000.0,0.5168121533844559,1.0,normal,61.9682
30,701,42075,3,0,1.5504,1.5504,0.5168,1000.0,0.5168121533844559,1.0,normal,63.5186
30,701,42090,1,0,0.5168,0.5168,0.5168,1000.0,0.5168121533844559,1.0,normal,64.0354
30,701,42105,0,0,0.0,0.0,0.5168,1000.0,0.5168121533844559,1.0,normal,64.0354
30,702,42120,2,0,1.0,1.0,0.5,1000.0,0.5,1.0,normal,65.0354
30,702,42135,0,0,0.0,0.0,0.5,1000.0,0.5,1.0,normal,65.0354
30,702,42150,2,0,1.0,1.0,0.5,1000.0,0.5,1.0,normal,66.0354
30,702,42165,1,0,0.5,0.5,0.5,1000.0,0.5,1.0,normal,66.5354
30,703,42180,2,0,0.5887,0.5887,0.2943,1000.0,0.5,1.0,normal,67.1241
30,703,42195,0,0,0.0,0.0,0.5,1000.0,0.5,1.0,normal,67.1241
30,703,42210,2,0,1.0,1.0,0.5,1000.0,0.5,1.0,normal,68.1241
30,703,42225,1,0,0.5,0.5,0.5,1000.0,0.5,1.0,normal,68.6241
30,704,42240,2,0,1.0,1.0,0.5,1000.0,0.5,1.0,normal,69.6241
30,704,42255,2,1,1.0,1.0,0.5,1000.0,0.5,1.0,normal,70.6241
30,704,42270,2,0,1.0,1.0,0.5,1000.0,0.5,1.0,normal,71.6241
30,704,42285,0,0,0.0,0.0,0.5,1000.0,0.5,1.0,normal,71.6241
30,705,42300,2,0,1.0,1.0,0.5,1000.0,0.5,1.0,normal,72.6241
30,705,42315,0,0,0.0,0.0,0.5,1000.0,0.5,1.0,normal,72.6241
30,705,42330,1,0,0.5,0.5,0.5,1000.0,0.5,1.0,normal,73.1241
30,705,42345,1,0,0.5,0.5,0.5,1000.0,0.5,1.0,normal,73.6241
30,706,42360,0,0,0.0,0.0,0.5,1000.0,0.5,1.0,normal,73.6241
30,706,42375,0,0,0.0,0.0,0.5,1000.0,0.5,1.0,normal,73.6241
30,706,42390,1,0,0.5,0.5,0.5,1000.0,0.5,1.0,normal,74.1241
30,706,42405,0,0,0.0,0.0,0.5,1000.0,0.5,1.0,normal,74.1241
30,707,42420,4,0,2.0,2.0,0.5,1000.0,0.5,1.0,normal,76.1241
30,707,42435,1,0,0.5,0.5,0.5,1000.0,0.5,1.0,normal,76.6241
30,707,42450,0,0,0.0,0.0,0.5,1000.0,0.5,1.0,normal,76.6241
30,707,42465,0,0,0.0,0.0,0.5,1000.0,0.5,1.0,normal,76.6241
30,708,42480,2,0,0.748,0.748,0.374,1000.0,0.5,1.0,normal,77.3721
30,708,42495,1,0,0.5,0.5,0.5,1000.0,0.5,1.0,normal,77.8721
30,708,42510,0,0,0.0,0.0,0.5,1000.0,0.5,1.0,normal,77.8721
30,708,42525,1,0,0.5,0.5,0.5,1000.0,0.5,1.0,normal,78.3721
30,709,42540,1,0,0.3442,0.3442,0.3442,1000.0,0.5,1.0,normal,78.7163
30,709,42555,2,0,1.0,1.0,0.5,1000.0,0.5,1.0,normal,79.7163
30,709,42570,1,1,0.5,0.5,0.5,1000.0,0.5,1.0,normal,80.2163
30,709,42585,2,0,0.5765,0.5765,0.2883,1000.0,0.5,1.0,normal,80.7928
30,710,42600,1,0,0.4019,0.4019,0.4019,1000.0,0.5,1.0,normal,81.1947
30,710,42615,2,0,1.0,1.0,0.5,1000.0,0.5,1.0,normal,82.1947
30,710,42630,0,0,0.0,0.0,0.5,1000.0,0.5,1.0,normal,82.1947
30,710,42645,0,0,0.0,0.0,0.5,1000.0,0.5,1.0,normal,82.1947
30,711,42660,0,0,0.0,0.0,0.5,1000.0,0.5,1.0,normal,82.1947
30,711,42675,1,0,0.4337,0.4337,0.4337,1000.0,0.5,1.0,normal,82.6284
30,711,42690,1,0,0.5,0.5,0.5,1000.0,0.5,1.0,normal,83.1284
30,711,42705,3,0,1.5,1.5,0.5,1000.0,0.5,1.0,normal,84.6284
30,712,42720,0,0,0.0,0.0,0.55,1000.0,0.55,1.0,normal,84.6284
30,712,42735,0,0,0.0,0.0,0.55,1000.0,0.55,1.0,normal,84.6284
30,712,42750,2,0,1.1,1.1,0.55,1000.0,0.55,1.0,normal,85.7284
30,712,42765,2,0,1.1,1.1,0.55,1000.0,0.55,1.0,normal,86.8284
30,713,42780,2,0,1.331,1.331,0.6655,1000.0,0.6655000000000002,1.0,normal,88.1594
30,713,42795,2,0,1.331,1.331,0.6655,1000.0,0.6655000000000002,1.0,normal,89.4904
30,713,42810,1,0,0.6655,0.6655,0.6655,1000.0,0.6655000000000002,1.0,normal,90.1559
30,713,42825,1,0,0.6655,0.6655,0.6655,1000.0,0.6655000000000002,1.0,normal,90.8214
30,714,42840,1,0,0.8053,0.8053,0.8053,1000.0,0.8052550000000004,1.0,normal,91.6267
30,714,42855,2,0,0.1611,0.1611,0.0806,1000.0,0.8052550000000004,1.0,normal,91.7878
30,714,42870,2,0,1.1573,1.1573,0.5786,1000.0,0.8052550000000004,1.0,normal,92.9451
30,714,42885,2,0,1.6105,1.6105,0.8053,1000.0,0.8052550000000004,1.0,normal,94.5556
30,715,42900,1,0,0.9744,0.9744,0.9744,1000.0,0.9743585500000007,1.0,normal,95.53
30,715,42915,3,0,2.9231,2.9231,0.9744,1000.0,0.9743585500000007,1.0,normal,98.4531
30,715,42930,3,1,2.9231,2.9231,0.9744,1000.0,0.9743585500000007,1.0,normal,101.3762
30,715,42945,3,0,2.9231,2.9231,0.9744,1000.0,0.9743585500000007,1.0,normal,104.2993
30,716,42960,5,0,5.8949,5.8949,1.179,1000.0,1.178973845500001,1.0,normal,110.1942
30,716,42975,1,0,1.179,1.179,1.179,1000.0,1.178973845500001,1.0,normal,111.3732
30,716,42990,3,0,3.5369,3.5369,1.179,1000.0,1.178973845500001,1.0,normal,114.9101
30,716,43005,1,0,1.179,1.179,1.179,1000.0,1.178973845500001,1.0,normal,116.0891
30,717,43020,2,0,1.1891,1.1891,0.5946,1000.0,1.4265583530550014,1.0,normal,117.2782
30,717,43035,4,0,1.5875,1.5875,0.3969,1000.0,1.4265583530550014,1.0,normal,118.8657
30,717,43050,1,0,1.4266,1.4266,1.4266,1000.0,1.4265583530550014,1.0,normal,120.2923
30,717,43065,5,0,4.3033,4.3033,0.8607,1000.0,1.4265583530550014,1.0,normal,124.5956
30,718,43080,0,0,0.0,0.0,0.354,1000.0,1.7261356071965521,1.0,normal,124.5956
30,718,43095,3,0,3.1413,3.1413,1.0471,1000.0,1.7261356071965521,1.0,normal,127.7369
30,718,43110,3,0,5.1784,5.1784,1.7261,1000.0,1.7261356071965521,1.0,normal,132.9153
30,718,43125,1,0,0.3146,0.3146,0.3146,1000.0,1.7261356071965521,1.0,normal,133.2299
30,719,43140,7,0,14.6204,14.6204,2.0886,1000.0,2.088624084707828,1.0,normal,147.8503
30,719,43155,4,0,8.3545,8.3545,2.0886,1000.0,2.088624084707828,1.0,normal,156.2048
30,719,43170,8,1,2.6625,2.6625,0.3328,1000.0,2.088624084707828,1.0,normal,158.8673
30,719,43185,3,0,3.0442,3.0442,1.0147,1000.0,2.088624084707828,1.0,normal,161.9115
31,720,43200,16,0,73.7049,73.7049,4.6066,1000.0,5.0,1.0,normal,73.7049
31,720,43215,18,0,56.3321,56.3321,3.1296,1000.0,5.0,1.0,normal,130.037
31,720,43230,9,0,30.8955,30.8955,3.4328,1000.0,5.0,1.0,normal,160.9325
31,720,43245,9,0,45.0,45.0,5.0,1000.0,5.0,1.0,normal,205.9325
31,721,43260,15,1,21.2664,21.2664,1.4178,1000.0,5.225,1.0,normal,227.1989
31,721,43275,17,2,88.825,44.4125,5.225,1000.0,5.225,1.0,normal,316.0239
31,721,43290,17,1,49.4108,49.4108,2.9065,1000.0,5.225,1.0,normal,365.4347
31,721,43305,19,1,70.8179,70.8179,3.7273,1000.0,5.225,1.0,normal,436.2526
31,722,43320,14,0,39.5339,39.5339,2.8238,1000.0,6.322250000000001,1.0,normal,475.7865
31,722,43335,9,0,13.2144,13.2144,1.4683,1000.0,6.322250000000001,1.0,normal,489.0009
31,722,43350,15,0,56.4882,56.4882,3.7659,1000.0,6.322250000000001,1.0,normal,545.4891
31,722,43365,17,1,84.0136,84.0136,4.942,1000.0,6.322250000000001,1.0,normal,629.5027
31,723,43380,11,0,12.033,12.033,1.0939,1000.0,6.954475000000002,1.0,normal,641.5357
31,723,43395,11,0,51.9371,51.9371,4.7216,1000.0,6.954475000000002,1.0,normal,693.4728
31,723,43410,22,1,95.3083,95.3083,4.3322,1000.0,6.954475000000002,1.0,normal,788.7811
31,723,43425,14,0,70.7921,70.7921,5.0566,1000.0,6.954475000000002,1.0,normal,859.5732
31,724,43440,16,1,65.7725,65.7725,4.1108,1000.0,6.606751250000002,1.0,budget_constrained,925.3457
31,724,43455,14,0,73.1609,73.1609,5.2258,1000.0,6.606751250000002,1.0,budget_constrained,998.5066
31,724,43470,0,0,1.4934,1.4934,5.6329,1000.0,6.606751250000002,1.0,budget_depleted,1000.0
31,724,43485,0,0,0.0,0.0,0.0,1000.0,6.606751250000002,1.0,budget_depleted,1000.0
31,725,43500,0,0,0.0,0.0,0.0,1000.0,5.054164706250002,1.0,budget_depleted,1000.0
31,725,43515,0,0,0.0,0.0,0.0,1000.0,5.054164706250002,1.0,budget_depleted,1000.0
31,725,43530,0,0,0.0,0.0,0.0,1000.0,5.054164706250002,1.0,budget_depleted,1000.0
31,725,43545,0,0,0.0,0.0,0.0,1000.0,5.054164706250002,1.0,budget_depleted,1000.0
31,726,43560,0,0,0.0,0.0,0.0,1000.0,4.296040000312502,1.0,budget_depleted,1000.0
31,726,43575,0,0,0.0,0.0,0.0,1000.0,4.296040000312502,1.0,budget_depleted,1000.0
31,726,43590,0,0,0.0,0.0,0.0,1000.0,4.296040000312502,1.0,budget_depleted,1000.0
31,726,43605,0,0,0.0,0.0,0.0,1000.0,4.296040000312502,1.0,budget_depleted,1000.0
31,727,43620,0,0,0.0,0.0,0.0,1000.0,3.6516340002656262,1.0,budget_depleted,1000.0
31,727,43635,0,0,0.0,0.0,0.0,1000.0,3.6516340002656262,1.0,budget_depleted,1000.0
31,727,43650,0,0,0.0,0.0,0.0,1000.0,3.6516340002656262,1.0,budget_depleted,1000.0
31,727,43665,0,0,0.0,0.0,0.0,1000.0,3.6516340002656262,1.0,budget_depleted,1000.0
31,728,43680,0,0,0.0,0.0,0.0,1000.0,3.1038889002257823,1.0,budget_depleted,1000.0
31,728,43695,0,0,0.0,0.0,0.0,1000.0,3.1038889002257823,1.0,budget_depleted,1000.0
31,728,43710,0,0,0.0,0.0,0.0,1000.0,3.1038889002257823,1.0,budget_depleted,1000.0
31,728,43725,0,0,0.0,0.0,0.0,1000.0,3.1038889002257823,1.0,budget_depleted,1000.0
31,729,43740,0,0,0.0,0.0,0.0,1000.0,2.638305565191915,1.0,budget_depleted,1000.0
31,729,43755,0,0,0.0,0.0,0.0,1000.0,2.638305565191915,1.0,budget_depleted,1000.0
31,729,43770,0,0,0.0,0.0,0.0,1000.0,2.638305565191915,1.0,budget_depleted,1000.0
31,729,43785,0,0,0.0,0.0,0.0,1000.0,2.638305565191915,1.0,budget_depleted,1000.0
31,730,43800,0,0,0.0,0.0,0.0,1000.0,2.2425597304131277,1.0,budget_depleted,1000.0
31,730,43815,0,0,0.0,0.0,0.0,1000.0,2.2425597304131277,1.0,budget_depleted,1000.0
31,730,43830,0,0,0.0,0.0,0.0,1000.0,2.2425597304131277,1.0,budget_depleted,1000.0
31,730,43845,0,0,0.0,0.0,0.0,1000.0,2.2425597304131277,1.0,budget_depleted,1000.0
31,731,43860,0,0,0.0,0.0,0.0,1000.0,1.9061757708511584,1.0,budget_depleted,1000.0
31,731,43875,0,0,0.0,0.0,0.0,1000.0,1.9061757708511584,1.0,budget_depleted,1000.0
31,731,43890,0,0,0.0,0.0,0.0,1000.0,1.9061757708511584,1.0,budget_depleted,1000.0
31,731,43905,0,0,0.0,0.0,0.0,1000.0,1.9061757708511584,1.0,budget_depleted,1000.0
31,732,43920,0,0,0.0,0.0,0.0,1000.0,1.6202494052234846,1.0,budget_depleted,1000.0
31,732,43935,0,0,0.0,0.0,0.0,1000.0,1.6202494052234846,1.0,budget_depleted,1000.0
31,732,43950,0,0,0.0,0.0,0.0,1000.0,1.6202494052234846,1.0,budget_depleted,1000.0
31,732,43965,0,0,0.0,0.0,0.0,1000.0,1.6202494052234846,1.0,budget_depleted,1000.0
31,733,43980,0,0,0.0,0.0,0.0,1000.0,1.377211994439962,1.0,budget_depleted,1000.0
31,733,43995,0,0,0.0,0.0,0.0,1000.0,1.377211994439962,1.0,budget_depleted,1000.0
31,733,44010,0,0,0.0,0.0,0.0,1000.0,1.377211994439962,1.0,budget_depleted,1000.0
31,733,44025,0,0,0.0,0.0,0.0,1000.0,1.377211994439962,1.0,budget_depleted,1000.0
31,734,44040,0,0,0.0,0.0,0.0,1000.0,1.0329089958299713,1.0,budget_depleted,1000.0
31,734,44055,0,0,0.0,0.0,0.0,1000.0,1.0329089958299713,1.0,budget_depleted,1000.0
31,734,44070,0,0,0.0,0.0,0.0,1000.0,1.0329089958299713,1.0,budget_depleted,1000.0
31,734,44085,0,0,0.0,0.0,0.0,1000.0,1.0329089958299713,1.0,budget_depleted,1000.0
31,735,44100,0,0,0.0,0.0,0.0,1000.0,0.7746817468724785,1.0,budget_depleted,1000.0
31,735,44115,0,0,0.0,0.0,0.0,1000.0,0.7746817468724785,1.0,budget_depleted,1000.0
31,735,44130,0,0,0.0,0.0,0.0,1000.0,0.7746817468724785,1.0,budget_depleted,1000.0
31,735,44145,0,0,0.0,0.0,0.0,1000.0,0.7746817468724785,1.0,budget_depleted,1000.0
31,736,44160,0,0,0.0,0.0,0.0,1000.0,0.5810113101543588,1.0,budget_depleted,1000.0
31,736,44175,0,0,0.0,0.0,0.0,1000.0,0.5810113101543588,1.0,budget_depleted,1000.0
31,736,44190,0,0,0.0,0.0,0.0,1000.0,0.5810113101543588,1.0,budget_depleted,1000.0
31,736,44205,0,0,0.0,0.0,0.0,1000.0,0.5810113101543588,1.0,budget_depleted,1000.0
31,737,44220,0,0,0.0,0.0,0.0,1000.0,0.5,1.0,budget_depleted,1000.0
31,737,44235,0,0,0.0,0.0,0.0,1000.0,0.5,1.0,budget_depleted,1000.0
31,737,44250,0,0,0.0,0.0,0.0,1000.0,0.5,1.0,budget_depleted,1000.0
31,737,44265,0,0,0.0,0.0,0.0,1000.0,0.5,1.0,budget_depleted,1000.0
31,738,44280,0,0,0.0,0.0,0.0,1000.0,0.5,1.0,budget_depleted,1000.0
31,738,44295,0,0,0.0,0.0,0.0,1000.0,0.5,1.0,budget_depleted,1000.0
31,738,44310,0,0,0.0,0.0,0.0,1000.0,0.5,1.0,budget_depleted,1000.0
31,738,44325,0,0,0.0,0.0,0.0,1000.0,0.5,1.0,budget_depleted,1000.0
31,739,44340,0,0,0.0,0.0,0.0,1000.0,0.5,1.0,budget_depleted,1000.0
31,739,44355,0,0,0.0,0.0,0.0,1000.0,0.5,1.0,budget_depleted,1000.0
31,739,44370,0,0,0.0,0.0,0.0,1000.0,0.5,1.0,budget_depleted,1000.0
31,739,44385,0,0,0.0,0.0,0.0,1000.0,0.5,1.0,budget_depleted,1000.0
31,740,44400,0,0,0.0,0.0,0.0,1000.0,0.5,1.0,budget_depleted,1000.0
31,740,44415,0,0,0.0,0.0,0.0,1000.0,0.5,1.0,budget_depleted,1000.0
31,740,44430,0,0,0.0,0.0,0.0,1000.0,0.5,1.0,budget_depleted,1000.0
31,740,44445,0,0,0.0,0.0,0.0,1000.0,0.5,1.0,budget_depleted,1000.0
31,741,44460,0,0,0.0,0.0,0.0,1000.0,0.5,1.0,budget_depleted,1000.0
31,741,44475,0,0,0.0,0.0,0.0,1000.0,0.5,1.0,budget_depleted,1000.0
31,741,44490,0,0,0.0,0.0,0.0,1000.0,0.5,1.0,budget_depleted,1000.0
31,741,44505,0,0,0.0,0.0,0.0,1000.0,0.5,1.0,budget_depleted,1000.0
31,742,44520,0,0,0.0,0.0,0.0,1000.0,0.5,1.0,budget_depleted,1000.0
31,742,44535,0,0,0.0,0.0,0.0,1000.0,0.5,1.0,budget_depleted,1000.0
31,742,44550,0,0,0.0,0.0,0.0,1000.0,0.5,1.0,budget_depleted,1000.0
31,742,44565,0,0,0.0,0.0,0.0,1000.0,0.5,1.0,budget_depleted,1000.0
31,743,44580,0,0,0.0,0.0,0.0,1000.0,0.5,1.0,budget_depleted,1000.0
31,743,44595,0,0,0.0,0.0,0.0,1000.0,0.5,1.0,budget_depleted,1000.0
31,743,44610,0,0,0.0,0.0,0.0,1000.0,0.5,1.0,budget_depleted,1000.0
31,743,44625,0,0,0.0,0.0,0.0,1000.0,0.5,1.0,budget_depleted,1000.0
32,744,44640,0,0,0.0,0.0,0.0,1000.0,0.5,1.0,normal,0.0
32,744,44655,1,0,0.5,0.5,0.5,1000.0,0.5,1.0,normal,0.5
32,744,44670,3,0,1.5,1.5,0.5,1000.0,0.5,1.0,normal,2.0
32,744,44685,1,0,0.5,0.5,0.5,1000.0,0.5,1.0,normal,2.5
32,745,44700,1,0,0.5,0.5,0.5,1000.0,0.5,1.0,normal,3.0
32,745,44715,0,0,0.0,0.0,0.5,1000.0,0.5,1.0,normal,3.0
32,745,44730,0,0,0.0,0.0,0.5,1000.0,0.5,1.0,normal,3.0
32,745,44745,1,0,0.5,0.5,0.5,1000.0,0.5,1.0,normal,3.5
32,746,44760,1,0,0.5,0.5,0.5,1000.0,0.5,1.0,normal,4.0
32,746,44775,3,0,1.5,1.5,0.5,1000.0,0.5,1.0,normal,5.5
32,746,44790,1,0,0.5,0.5,0.5,1000.0,0.5,1.0,normal,6.0
32,746,44805,0,0,0.0,0.0,0.5,1000.0,0.5,1.0,normal,6.0
32,747,44820,1,0,0.5,0.5,0.5,1000.0,0.5,1.0,normal,6.5
32,747,44835,2,0,0.482,0.482,0.241,1000.0,0.5,1.0,normal,6.982
32,747,44850,1,0,0.5,0.5,0.5,1000.0,0.5,1.0,normal,7.482
32,747,44865,0,0,0.0,0.0,0.5,1000.0,0.5,1.0,normal,7.482
32,748,44880,1,0,0.5,0.5,0.5,1000.0,0.5,1.0,normal,7.982
32,748,44895,2,0,1.0,1.0,0.5,1000.0,0.5,1.0,normal,8.982
32,748,44910,2,0,1.0,1.0,0.5,1000.0,0.5,1.0,normal,9.982
32,748,44925,1,0,0.5,0.5,0.5,1000.0,0.5,1.0,normal,10.482
32,749,44940,2,0,1.1,1.1,0.55,1000.0,0.55,1.0,normal,11.582
32,749,44955,1,0,0.55,0.55,0.55,1000.0,0.55,1.0,normal,12.132
32,749,44970,0,0,0.0,0.0,0.0366,1000.0,0.55,1.0,normal,12.132
32,749,44985,0,0,0.0,0.0,0.55,1000.0,0.55,1.0,normal,12.132
32,750,45000,0,0,0.0,0.0,0.605,1000.0,0.6050000000000001,1.0,normal,12.132
32,750,45015,0,0,0.0,0.0,0.605,1000.0,0.6050000000000001,1.0,normal,12.132
32,750,45030,2,0,1.21,1.21,0.605,1000.0,0.6050000000000001,1.0,normal,13.342
32,750,45045,2,0,1.21,1.21,0.605,1000.0,0.6050000000000001,1.0,normal,14.552
32,751,45060,1,0,0.6655,0.6655,0.6655,1000.0,0.6655000000000002,1.0,normal,15.2175
32,751,45075,0,0,0.0,0.0,0.359,1000.0,0.6655000000000002,1.0,normal,15.2175
32,751,45090,3,0,0.8803,0.8803,0.2934,1000.0,0.6655000000000002,1.0,normal,16.0978
32,751,45105,1,0,0.6655,0.6655,0.6655,1000.0,0.6655000000000002,1.0,normal,16.7633
32,752,45120,4,0,2.9282,2.9282,0.7321,1000.0,0.7320500000000003,1.0,normal,19.6915
32,752,45135,2,1,1.4641,1.4641,0.7321,1000.0,0.7320500000000003,1.0,normal,21.1556
32,752,45150,0,0,0.0,0.0,0.7321,1000.0,0.7320500000000003,1.0,normal,21.1556
32,752,45165,0,0,0.0,0.0,0.7321,1000.0,0.7320500000000003,1.0,normal,21.1556
32,753,45180,1,0,0.098,0.098,0.098,1000.0,0.8857805000000005,1.0,normal,21.2536
32,753,45195,1,0,0.8858,0.8858,0.8858,1000.0,0.8857805000000005,1.0,normal,22.1394
32,753,45210,1,0,0.8858,0.8858,0.8858,1000.0,0.8857805000000005,1.0,normal,23.0252
32,753,45225,2,0,1.5303,1.5303,0.7652,1000.0,0.8857805000000005,1.0,normal,24.5555
32,754,45240,1,0,1.0718,1.0718,1.0718,1000.0,1.0717944050000008,1.0,normal,25.6273
32,754,45255,7,0,7.5026,7.5026,1.0718,1000.0,1.0717944050000008,1.0,normal,33.1299
32,754,45270,2,0,2.1436,2.1436,1.0718,1000.0,1.0717944050000008,1.0,normal,35.2735
32,754,45285,3,0,1.289,1.289,0.4297,1000.0,1.0717944050000008,1.0,normal,36.5625
32,755,45300,0,0,0.0,0.0,1.2969,1000.0,1.2968712300500012,1.0,normal,36.5625
32,755,45315,6,0,5.1878,5.1878,0.8646,1000.0,1.2968712300500012,1.0,normal,41.7503
32,755,45330,3,0,1.4408,1.4408,0.4803,1000.0,1.2968712300500012,1.0,normal,43.1911
32,755,45345,6,0,3.7214,3.7214,0.6202,1000.0,1.2968712300500012,1.0,normal,46.9125
32,756,45360,12,1,47.4261,47.4261,3.9522,1000.0,5.0,1.0,normal,94.3386
32,756,45375,16,0,18.4562,18.4562,1.1535,1000.0,5.0,1.0,normal,112.7948
32,756,45390,15,0,62.6133,62.6133,4.1742,1000.0,5.0,1.0,normal,175.4081
32,756,45405,8,0,40.0,40.0,5.0,1000.0,5.0,1.0,normal,215.4081
32,757,45420,12,0,18.5479,18.5479,1.5457,1000.0,4.125,1.0,normal,233.956
32,757,45435,5,0,20.625,20.625,4.125,1000.0,4.125,1.0,normal,254.581
32,757,45450,10,1,29.4197,29.4197,2.942,1000.0,4.125,1.0,normal,284.0007
32,757,45465,8,0,16.5368,16.5368,2.0671,1000.0,4.125,1.0,normal,300.5375
32,758,45480,8,1,30.855,30.855,3.8569,1000.0,3.8568750000000005,1.0,normal,331.3925
32,758,45495,2,0,7.3428,7.3428,3.6714,1000.0,3.8568750000000005,1.0,normal,338.7353
32,758,45510,9,0,4.5042,4.5042,0.5005,1000.0,3.8568750000000005,1.0,normal,343.2395
32,758,45525,8,0,23.3478,23.3478,2.9185,1000.0,3.8568750000000005,1.0,normal,366.5873
32,759,45540,14,0,8.9775,8.9775,0.6412,1000.0,3.6061781250000005,1.0,normal,375.5648
32,759,45555,9,0,16.4538,16.4538,1.8282,1000.0,3.6061781250000005,1.0,normal,392.0186
32,759,45570,11,0,13.8104,13.8104,1.2555,1000.0,3.6061781250000005,1.0,normal,405.829
32,759,45585,10,0,36.0618,36.0618,3.6062,1000.0,3.6061781250000005,1.0,normal,441.8908
32,760,45600,7,0,15.0418,15.0418,2.1488,1000.0,2.975096953125001,1.0,normal,456.9326
32,760,45615,5,0,14.8755,14.8755,2.9751,1000.0,2.975096953125001,1.0,normal,471.8081
32,760,45630,10,0,29.4661,29.4661,2.9466,1000.0,2.975096953125001,1.0,normal,501.2742
32,760,45645,3,0,5.3013,5.3013,1.7671,1000.0,2.975096953125001,1.0,normal,506.5755
32,761,45660,6,0,14.7267,14.7267,2.4545,1000.0,2.454454986328126,1.0,normal,521.3022
32,761,45675,5,0,7.2586,7.2586,1.4517,1000.0,2.454454986328126,1.0,normal,528.5608
32,761,45690,6,0,8.889,8.889,1.4815,1000.0,2.454454986328126,1.0,normal,537.4498
32,761,45705,5,0,12.2723,12.2723,2.4545,1000.0,2.454454986328126,1.0,normal,549.7221
32,762,45720,4,1,3.8263,3.8263,0.9566,1000.0,2.0249253637207043,1.0,normal,553.5484
32,762,45735,5,0,6.3093,6.3093,1.2619,1000.0,2.0249253637207043,1.0,normal,559.8577
32,762,45750,3,0,6.0748,6.0748,2.0249,1000.0,2.0249253637207043,1.0,normal,565.9325
32,762,45765,11,2,22.2742,11.1371,2.0249,1000.0,2.0249253637207043,1.0,normal,588.2067
32,763,45780,9,0,3.2747,3.2747,0.3639,1000.0,2.116047005088136,1.0,normal,591.4814
32,763,45795,10,0,21.1605,21.1605,2.116,1000.0,2.116047005088136,1.0,normal,612.6419
32,763,45810,7,0,13.065,13.065,1.8664,1000.0,2.116047005088136,1.0,normal,625.7069
32,763,45825,6,0,12.6963,12.6963,2.116,1000.0,2.116047005088136,1.0,normal,638.4032
32,764,45840,5,0,9.8925,9.8925,1.9785,1000.0,1.9785039497574075,1.0,normal,648.2957
32,764,45855,6,0,11.871,11.871,1.9785,1000.0,1.9785039497574075,1.0,normal,660.1667
32,764,45870,2,0,3.957,3.957,1.9785,1000.0,1.9785039497574075,1.0,normal,664.1237
32,764,45885,8,0,15.5139,15.5139,1.9392,1000.0,1.9785039497574075,1.0,normal,679.6376
32,765,45900,5,2,9.2495,4.6248,1.8499,1000.0,1.8499011930231763,1.0,normal,688.8871
32,765,45915,5,1,9.2495,9.2495,1.8499,1000.0,1.8499011930231763,1.0,normal,698.1366
32,765,45930,4,0,1.4015,1.4015,0.3504,1000.0,1.8499011930231763,1.0,normal,699.5381
32,765,45945,1,0,1.8499,1.8499,1.8499,1000.0,1.8499011930231763,1.0,normal,701.388
32,766,45960,4,0,6.4909,6.4909,1.6227,1000.0,2.0348913123254944,1.0,normal,707.8789
32,766,45975,6,0,12.2093,12.2093,2.0349,1000.0,2.0348913123254944,1.0,normal,720.0882
32,766,45990,10,0,20.3489,20.3489,2.0349,1000.0,2.0348913123254944,1.0,normal,740.4371
32,766,46005,7,1,4.6068,4.6068,0.6581,1000.0,2.0348913123254944,1.0,normal,745.0439
32,767,46020,5,1,0.2541,0.2541,0.0508,1000.0,2.238380443558044,1.0,normal,745.298
32,767,46035,5,0,11.1919,11.1919,2.2384,1000.0,2.238380443558044,1.0,normal,756.4899
32,767,46050,4,0,8.9535,8.9535,2.2384,1000.0,2.238380443558044,1.0,normal,765.4434
32,767,46065,6,0,13.4303,13.4303,2.2384,1000.0,2.238380443558044,1.0,normal,778.8737
33,768,46080,8,0,19.6977,19.6977,2.4622,1000.0,2.4622184879138485,1.0,normal,19.6977
33,768,46095,12,0,2.6237,2.6237,0.2186,1000.0,2.4622184879138485,1.0,normal,22.3214
33,768,46110,4,0,9.8489,9.8489,2.4622,1000.0,2.4622184879138485,1.0,normal,32.1703
33,768,46125,5,0,6.8736,6.8736,1.3747,1000.0,2.4622184879138485,1.0,normal,39.0439
33,769,46140,10,0,22.2054,22.2054,2.2205,1000.0,2.7084403367052334,1.0,normal,61.2493
33,769,46155,3,0,7.2759,7.2759,2.4253,1000.0,2.7084403367052334,1.0,normal,68.5252
33,769,46170,8,0,19.4413,19.4413,2.4302,1000.0,2.7084403367052334,1.0,normal,87.9665
33,769,46185,12,0,32.5013,32.5013,2.7084,1000.0,2.7084403367052334,1.0,normal,120.4678
33,770,46200,1,0,1.3851,1.3851,1.3851,1000.0,2.7084403367052334,1.0,normal,121.8529
33,770,46215,6,0,5.2604,5.2604,0.8767,1000.0,2.7084403367052334,1.0,normal,127.1133
33,770,46230,1,0,2.7084,2.7084,2.7084,1000.0,2.7084403367052334,1.0,normal,129.8217
33,770,46245,7,1,18.9591,18.9591,2.7084,1000.0,2.7084403367052334,1.0,normal,148.7808
33,771,46260,8,0,21.6675,21.6675,2.7084,1000.0,2.7084403367052334,1.0,normal,170.4483
33,771,46275,2,0,5.4169,5.4169,2.7084,1000.0,2.7084403367052334,1.0,normal,175.8652
33,771,46290,8,0,21.6675,21.6675,2.7084,1000.0,2.7084403367052334,1.0,normal,197.5327
33,771,46305,5,0,13.5422,13.5422,2.7084,1000.0,2.7084403367052334,1.0,normal,211.0749
33,772,46320,10,1,26.4163,26.4163,2.6416,1000.0,2.7084403367052334,1.0,normal,237.4912
33,772,46335,5,1,13.5422,13.5422,2.7084,1000.0,2.7084403367052334,1.0,normal,251.0334
33,772,46350,7,0,18.9591,18.9591,2.7084,1000.0,2.7084403367052334,1.0,normal,269.9925
33,772,46365,8,0,15.4888,15.4888,1.9361,1000.0,2.7084403367052334,1.0,normal,285.4813
33,773,46380,4,0,2.7429,2.7429,0.6857,1000.0,2.7084403367052334,1.0,normal,288.2242
33,773,46395,4,0,6.7705,6.7705,1.6926,1000.0,2.7084403367052334,1.0,normal,294.9947
33,773,46410,7,0,10.8407,10.8407,1.5487,1000.0,2.7084403367052334,1.0,normal,305.8354
33,773,46425,12,0,20.8516,20.8516,1.7376,1000.0,2.7084403367052334,1.0,normal,326.687
33,774,46440,8,0,21.6675,21.6675,2.7084,1000.0,2.7084403367052334,1.0,normal,348.3545
33,774,46455,8,1,14.7056,14.7056,1.8382,1000.0,2.7084403367052334,1.0,normal,363.0601
33,774,46470,6,2,16.2506,8.1253,2.7084,1000.0,2.7084403367052334,1.0,normal,379.3107
33,774,46485,9,1,14.6705,14.6705,1.6301,1000.0,2.7084403367052334,1.0,normal,393.9812
33,775,46500,6,1,16.0881,16.0881,2.6814,1000.0,2.6813559333381813,1.0,normal,410.0693
33,775,46515,4,0,10.0997,10.0997,2.5249,1000.0,2.6813559333381813,1.0,normal,420.169
33,775,46530,7,1,18.7695,18.7695,2.6814,1000.0,2.6813559333381813,1.0,normal,438.9385
33,775,46545,7,1,12.8148,12.8148,1.8307,1000.0,2.6813559333381813,1.0,normal,451.7533
33,776,46560,5,0,13.2727,13.2727,2.6545,1000.0,2.6545423740047998,1.0,normal,465.026
33,776,46575,6,0,1.544,1.544,0.2573,1000.0,2.6545423740047998,1.0,normal,466.57
33,776,46590,6,0,13.1076,13.1076,2.1846,1000.0,2.6545423740047998,1.0,normal,479.6776
33,776,46605,5,0,4.5392,4.5392,0.9078,1000.0,2.6545423740047998,1.0,normal,484.2168
33,777,46620,6,0,12.025,12.025,2.0042,1000.0,2.627996950264752,1.0,normal,496.2418
33,777,46635,6,1,0.1366,0.1366,0.0228,1000.0,2.627996950264752,1.0,normal,496.3784
33,777,46650,9,0,23.652,23.652,2.628,1000.0,2.627996950264752,1.0,normal,520.0304
33,777,46665,9,0,4.8654,4.8654,0.5406,1000.0,2.627996950264752,1.0,normal,524.8958
33,778,46680,3,0,3.0833,3.0833,1.0278,1000.0,2.601716980762105,1.0,normal,527.9791
33,778,46695,8,0,20.8137,20.8137,2.6017,1000.0,2.601716980762105,1.0,normal,548.7928
33,778,46710,8,0,20.8137,20.8137,2.6017,1000.0,2.601716980762105,1.0,normal,569.6065
33,778,46725,5,0,13.0086,13.0086,2.6017,1000.0,2.601716980762105,1.0,normal,582.6151
33,779,46740,6,0,12.4151,12.4151,2.0692,1000.0,2.575699810954484,1.0,normal,595.0302
33,779,46755,5,0,12.8785,12.8785,2.5757,1000.0,2.575699810954484,1.0,normal,607.9087
33,779,46770,5,1,12.8785,12.8785,2.5757,1000.0,2.575699810954484,1.0,normal,620.7872
33,779,46785,3,0,3.7958,3.7958,1.2653,1000.0,2.575699810954484,1.0,normal,624.583
33,780,46800,6,0,8.6333,8.6333,1.4389,1000.0,2.54994281284494,1.0,normal,633.2163
33,780,46815,3,0,2.9842,2.9842,0.9947,1000.0,2.54994281284494,1.0,normal,636.2005
33,780,46830,4,0,8.1038,8.1038,2.0259,1000.0,2.54994281284494,1.0,normal,644.3043
33,780,46845,6,0,10.364,10.364,1.7273,1000.0,2.54994281284494,1.0,normal,654.6683
33,781,46860,9,0,5.4357,5.4357,0.604,1000.0,2.524443384716491,1.0,normal,660.104
33,781,46875,8,0,9.8043,9.8043,1.2255,1000.0,2.524443384716491,1.0,normal,669.9083
33,781,46890,2,0,4.0595,4.0595,2.0297,1000.0,2.524443384716491,1.0,normal,673.9678
33,781,46905,7,0,4.5558,4.5558,0.6508,1000.0,2.524443384716491,1.0,normal,678.5236
33,782,46920,4,0,9.3765,9.3765,2.3441,1000.0,2.499198950869326,1.0,normal,687.9001
33,782,46935,6,0,8.1471,8.1471,1.3578,1000.0,2.499198950869326,1.0,normal,696.0472
33,782,46950,4,0,1.4531,1.4531,0.3633,1000.0,2.499198950869326,1.0,normal,697.5003
33,782,46965,5,0,12.496,12.496,2.4992,1000.0,2.499198950869326,1.0,normal,709.9963
33,783,46980,9,1,7.421,7.421,0.8246,1000.0,2.4742069613606334,1.0,normal,717.4173
33,783,46995,5,0,0.1064,0.1064,0.0213,1000.0,2.4742069613606334,1.0,normal,717.5237
33,783,47010,10,0,11.0699,11.0699,1.107,1000.0,2.4742069613606334,1.0,normal,728.5936
33,783,47025,3,0,3.256,3.256,1.0853,1000.0,2.4742069613606334,1.0,normal,731.8496
33,784,47040,5,0,4.953,4.953,0.9906,1000.0,2.721627657496697,1.0,normal,736.8026
33,784,47055,6,0,7.4384,7.4384,1.2397,1000.0,2.721627657496697,1.0,normal,744.241
33,784,47070,9,0,24.4946,24.4946,2.7216,1000.0,2.721627657496697,1.0,normal,768.7356
33,784,47085,3,0,8.1649,8.1649,2.7216,1000.0,2.721627657496697,1.0,normal,776.9005
33,785,47100,5,0,3.1055,3.1055,0.6211,1000.0,2.993790423246367,1.0,normal,780.006
33,785,47115,10,2,6.4547,3.2274,0.6455,1000.0,2.993790423246367,1.0,normal,786.4607
33,785,47130,10,0,5.369,5.369,0.5369,1000.0,2.993790423246367,1.0,normal,791.8297
33,785,47145,9,0,26.9441,26.9441,2.9938,1000.0,2.993790423246367,1.0,normal,818.7738
33,786,47160,7,0,20.8971,20.8971,2.9853,1000.0,3.2931694655710038,1.0,normal,839.6709
33,786,47175,8,0,18.7935,18.7935,2.3492,1000.0,3.2931694655710038,1.0,normal,858.4644
33,786,47190,11,1,0.4129,0.4129,0.0375,1000.0,3.2931694655710038,1.0,normal,858.8773
33,786,47205,6,0,11.2572,11.2572,1.8762,1000.0,3.2931694655710038,1.0,normal,870.1345
33,787,47220,7,0,21.1521,21.1521,3.0217,1000.0,3.6224864121281044,1.0,normal,891.2866
33,787,47235,15,1,12.7734,12.7734,0.8516,1000.0,3.6224864121281044,1.0,budget_constrained,904.06
33,787,47250,7,0,25.3574,25.3574,3.6225,1000.0,3.6224864121281044,1.0,budget_constrained,929.4174
33,787,47265,3,0,7.3568,7.3568,2.4523,1000.0,3.6224864121281044,1.0,budget_constrained,936.7742
33,788,47280,12,1,47.8168,47.8168,3.9847,1000.0,3.9847350533409154,1.0,budget_constrained,984.591
33,788,47295,15,0,12.6907,12.6907,0.846,1000.0,3.9847350533409154,1.0,budget_constrained,997.2817
33,788,47310,1,0,2.7183,2.7183,1.7173,1000.0,3.9847350533409154,1.0,budget_depleted,1000.0
33,788,47325,0,0,0.0,0.0,0.0,1000.0,3.9847350533409154,1.0,budget_depleted,1000.0
33,789,47340,0,0,0.0,0.0,0.0,1000.0,4.383208558675007,1.0,budget_depleted,1000.0
33,789,47355,0,0,0.0,0.0,0.0,1000.0,4.383208558675007,1.0,budget_depleted,1000.0
33,789,47370,0,0,0.0,0.0,0.0,1000.0,4.383208558675007,1.0,budget_depleted,1000.0
33,789,47385,0,0,0.0,0.0,0.0,1000.0,4.383208558675007,1.0,budget_depleted,1000.0
33,790,47400,0,0,0.0,0.0,0.0,1000.0,4.821529414542509,1.0,budget_depleted,1000.0
33,790,47415,0,0,0.0,0.0,0.0,1000.0,4.821529414542509,1.0,budget_depleted,1000.0
33,790,47430,0,0,0.0,0.0,0.0,1000.0,4.821529414542509,1.0,budget_depleted,1000.0
33,790,47445,0,0,0.0,0.0,0.0,1000.0,4.821529414542509,1.0,budget_depleted,1000.0
33,791,47460,0,0,0.0,0.0,0.0,1000.0,5.30368235599676,1.0,budget_depleted,1000.0
33,791,47475,0,0,0.0,0.0,0.0,1000.0,5.30368235599676,1.0,budget_depleted,1000.0
33,791,47490,0,0,0.0,0.0,0.0,1000.0,5.30368235599676,1.0,budget_depleted,1000.0
33,791,47505,0,0,0.0,0.0,0.0,1000.0,5.30368235599676,1.0,budget_depleted,1000.0
34,792,47520,0,0,0.0,0.0,0.0,1000.0,5.834050591596437,1.0,normal,0.0
34,792,47535,11,0,36.2704,36.2704,3.2973,1000.0,5.834050591596437,1.0,normal,36.2704
34,792,47550,20,1,39.9809,39.9809,1.999,1000.0,5.834050591596437,1.0,normal,76.2513
34,792,47565,17,0,39.5983,39.5983,2.3293,1000.0,5.834050591596437,1.0,normal,115.8496
34,793,47580,22,1,133.7106,133.7106,6.0778,1000.0,6.417455650756081,1.0,normal,249.5602
34,793,47595,15,0,46.5644,46.5644,3.1043,1000.0,6.417455650756081,1.0,normal,296.1246
34,793,47610,26,1,36.8873,36.8873,1.4187,1000.0,6.417455650756081,1.0,normal,333.0119
34,793,47625,18,0,17.8052,17.8052,0.9892,1000.0,6.417455650756081,1.0,normal,350.8171
34,794,47640,18,0,69.0064,69.0064,3.8337,1000.0,6.353281094248521,1.0,normal,419.8235
34,794,47655,18,0,59.4124,59.4124,3.3007,1000.0,6.353281094248521,1.0,normal,479.2359
34,794,47670,12,0,56.8237,56.8237,4.7353,1000.0,6.353281094248521,1.0,normal,536.0596
34,794,47685,16,0,58.9753,58.9753,3.686,1000.0,6.353281094248521,1.0,normal,595.0349
34,795,47700,13,1,52.31,52.31,4.0238,1000.0,5.717952984823669,1.0,normal,647.3449
34,795,47715,11,1,43.1091,43.1091,3.919,1000.0,5.717952984823669,1.0,normal,690.454
34,795,47730,21,0,39.9228,39.9228,1.9011,1000.0,5.717952984823669,1.0,normal,730.3768
34,795,47745,14,0,28.3562,28.3562,2.0254,1000.0,5.717952984823669,1.0,normal,758.733
34,796,47760,11,1,33.159,33.159,3.0145,1000.0,5.1461576863413026,1.0,normal,791.892
34,796,47775,6,0,11.0648,11.0648,1.8441,1000.0,5.1461576863413026,1.0,normal,802.9568
34,796,47790,16,0,65.5403,65.5403,4.0963,1000.0,5.1461576863413026,1.0,normal,868.4971
34,796,47805,14,0,11.811,11.811,0.8436,1000.0,5.1461576863413026,1.0,normal,880.3081
34,797,47820,7,0,32.4208,32.4208,4.6315,1000.0,4.631541917707173,1.0,budget_constrained,912.7289
34,797,47835,10,0,13.8124,13.8124,1.3812,1000.0,4.631541917707173,1.0,budget_constrained,926.5413
34,797,47850,15,1,13.3985,13.3985,0.8932,1000.0,4.631541917707173,1.0,budget_constrained,939.9398
34,797,47865,10,0,46.3154,46.3154,4.6315,1000.0,4.631541917707173,1.0,budget_constrained,986.2552
34,798,47880,12,0,13.0544,13.0544,1.0879,1000.0,4.168387725936456,1.0,budget_constrained,999.3096
34,798,47895,0,0,0.6904,0.6904,3.633,1000.0,4.168387725936456,1.0,budget_constrained,1000.0
34,798,47910,0,0,0.0,0.0,0.693,1000.0,4.168387725936456,1.0,budget_constrained,1000.0
34,798,47925,0,0,0.0,0.0,2.6739,1000.0,4.168387725936456,1.0,budget_constrained,1000.0
34,799,47940,0,0,0.0,0.0,1.7385,1000.0,3.188816610341389,1.0,budget_constrained,1000.0
34,799,47955,0,0,0.0,0.0,2.8576,1000.0,3.188816610341389,1.0,budget_constrained,1000.0
34,799,47970,0,0,0.0,0.0,3.1888,1000.0,3.188816610341389,1.0,budget_constrained,1000.0
34,799,47985,0,0,0.0,0.0,3.1888,1000.0,3.188816610341389,1.0,budget_constrained,1000.0
34,800,48000,0,0,0.0,0.0,2.4394,1000.0,2.439444706911163,1.0,budget_constrained,1000.0
34,800,48015,0,0,0.0,0.0,2.4394,1000.0,2.439444706911163,1.0,budget_constrained,1000.0
34,800,48030,0,0,0.0,0.0,2.0598,1000.0,2.439444706911163,1.0,budget_constrained,1000.0
34,800,48045,0,0,0.0,0.0,2.4394,1000.0,2.439444706911163,1.0,budget_constrained,1000.0
34,801,48060,0,0,0.0,0.0,1.8662,1000.0,1.8661752007870396,1.0,budget_constrained,1000.0
34,801,48075,0,0,0.0,0.0,0.8312,1000.0,1.8661752007870396,1.0,budget_constrained,1000.0
34,801,48090,0,0,0.0,0.0,1.8662,1000.0,1.8661752007870396,1.0,budget_constrained,1000.0
34,801,48105,0,0,0.0,0.0,1.0208,1000.0,1.8661752007870396,1.0,budget_constrained,1000.0
34,802,48120,0,0,0.0,0.0,0.9585,1000.0,1.2596682605312517,1.0,budget_constrained,1000.0
34,802,48135,0,0,0.0,0.0,0.2345,1000.0,1.2596682605312517,1.0,budget_constrained,1000.0
34,802,48150,0,0,0.0,0.0,0.9326,1000.0,1.2596682605312517,1.0,budget_constrained,1000.0
34,802,48165,0,0,0.0,0.0,1.2597,1000.0,1.2596682605312517,1.0,budget_constrained,1000.0
34,803,48180,0,0,0.0,0.0,0.9636,1000.0,0.9636462193064076,1.0,budget_constrained,1000.0
34,803,48195,0,0,0.0,0.0,0.9636,1000.0,0.9636462193064076,1.0,budget_constrained,1000.0
34,803,48210,0,0,0.0,0.0,0.9636,1000.0,0.9636462193064076,1.0,budget_constrained,1000.0
34,803,48225,0,0,0.0,0.0,0.9636,1000.0,0.9636462193064076,1.0,budget_constrained,1000.0
34,804,48240,0,0,0.0,0.0,0.6505,1000.0,0.6504611980318251,1.0,budget_constrained,1000.0
34,804,48255,0,0,0.0,0.0,0.6505,1000.0,0.6504611980318251,1.0,budget_constrained,1000.0
34,804,48270,0,0,0.0,0.0,0.4144,1000.0,0.6504611980318251,1.0,budget_constrained,1000.0
34,804,48285,0,0,0.0,0.0,0.6505,1000.0,0.6504611980318251,1.0,budget_constrained,1000.0
34,805,48300,0,0,0.0,0.0,0.5,1000.0,0.5,1.0,budget_constrained,1000.0
34,805,48315,0,0,0.0,0.0,0.5,1000.0,0.5,1.0,budget_constrained,1000.0
34,805,48330,0,0,0.0,0.0,0.3663,1000.0,0.5,1.0,budget_constrained,1000.0
34,805,48345,0,0,0.0,0.0,0.5,1000.0,0.5,1.0,budget_constrained,1000.0
34,806,48360,0,0,0.0,0.0,0.5,1000.0,0.5,1.0,budget_constrained,1000.0
34,806,48375,0,0,0.0,0.0,0.4091,1000.0,0.5,1.0,budget_constrained,1000.0
34,806,48390,0,0,0.0,0.0,0.3398,1000.0,0.5,1.0,budget_constrained,1000.0
34,806,48405,0,0,0.0,0.0,0.1353,1000.0,0.5,1.0,budget_constrained,1000.0
34,807,48420,0,0,0.0,0.0,0.5,1000.0,0.5,1.0,budget_constrained,1000.0
34,807,48435,0,0,0.0,0.0,0.5,1000.0,0.5,1.0,budget_constrained,1000.0
34,807,48450,0,0,0.0,0.0,0.5,1000.0,0.5,1.0,budget_constrained,1000.0
34,807,48465,0,0,0.0,0.0,0.5,1000.0,0.5,1.0,budget_constrained,1000.0
34,808,48480,0,0,0.0,0.0,0.5,1000.0,0.5,1.0,budget_constrained,1000.0
34,808,48495,0,0,0.0,0.0,0.5,1000.0,0.5,1.0,budget_constrained,1000.0
34,808,48510,0,0,0.0,0.0,0.5,1000.0,0.5,1.0,budget_constrained,1000.0
34,808,48525,0,0,0.0,0.0,0.5,1000.0,0.5,1.0,budget_constrained,1000.0
34,809,48540,0,0,0.0,0.0,0.0712,1000.0,0.5,1.0,budget_constrained,1000.0
34,809,48555,0,0,0.0,0.0,0.5,1000.0,0.5,1.0,budget_constrained,1000.0
34,809,48570,0,0,0.0,0.0,0.5,1000.0,0.5,1.0,budget_constrained,1000.0
34,809,48585,0,0,0.0,0.0,0.5,1000.0,0.5,1.0,budget_constrained,1000.0
34,810,48600,0,0,0.0,0.0,0.5,1000.0,0.5,1.0,budget_constrained,1000.0
34,810,48615,0,0,0.0,0.0,0.094,1000.0,0.5,1.0,budget_constrained,1000.0
34,810,48630,0,0,0.0,0.0,0.5,1000.0,0.5,1.0,budget_constrained,1000.0
34,810,48645,0,0,0.0,0.0,0.5,1000.0,0.5,1.0,budget_constrained,1000.0
34,811,48660,0,0,0.0,0.0,0.4935,1000.0,0.5,1.0,budget_constrained,1000.0
34,811,48675,0,0,0.0,0.0,0.1331,1000.0,0.5,1.0,budget_constrained,1000.0
34,811,48690,0,0,0.0,0.0,0.5,1000.0,0.5,1.0,budget_constrained,1000.0
34,811,48705,0,0,0.0,0.0,0.5,1000.0,0.5,1.0,budget_constrained,1000.0
34,812,48720,0,0,0.0,0.0,0.5,1000.0,0.5,1.0,budget_constrained,1000.0
34,812,48735,0,0,0.0,0.0,0.5,1000.0,0.5,1.0,budget_constrained,1000.0
34,812,48750,0,0,0.0,0.0,0.5,1000.0,0.5,1.0,budget_constrained,1000.0
34,812,48765,0,0,0.0,0.0,0.5,1000.0,0.5,1.0,budget_constrained,1000.0
34,813,48780,0,0,0.0,0.0,0.5,1000.0,0.5,1.0,budget_constrained,1000.0
34,813,48795,0,0,0.0,0.0,0.1212,1000.0,0.5,1.0,budget_constrained,1000.0
34,813,48810,0,0,0.0,0.0,0.5,1000.0,0.5,1.0,budget_constrained,1000.0
34,813,48825,0,0,0.0,0.0,0.5,1000.0,0.5,1.0,budget_constrained,1000.0
34,814,48840,0,0,0.0,0.0,0.5,1000.0,0.5,1.0,budget_constrained,1000.0
34,814,48855,0,0,0.0,0.0,0.5,1000.0,0.5,1.0,budget_constrained,1000.0
34,814,48870,0,0,0.0,0.0,0.5,1000.0,0.5,1.0,budget_constrained,1000.0
34,814,48885,0,0,0.0,0.0,0.5,1000.0,0.5,1.0,budget_constrained,1000.0
34,815,48900,0,0,0.0,0.0,0.2387,1000.0,0.5,1.0,budget_constrained,1000.0
34,815,48915,0,0,0.0,0.0,0.5,1000.0,0.5,1.0,budget_constrained,1000.0
34,815,48930,0,0,0.0,0.0,0.3825,1000.0,0.5,1.0,budget_constrained,1000.0
34,815,48945,0,0,0.0,0.0,0.5,1000.0,0.5,1.0,budget_constrained,1000.0
35,816,48960,0,0,0.0,0.0,0.5,1000.0,0.5,1.0,normal,0.0
35,816,48975,3,0,1.5,1.5,0.5,1000.0,0.5,1.0,normal,1.5
35,816,48990,2,0,1.0,1.0,0.5,1000.0,0.5,1.0,normal,2.5
35,816,49005,1,0,0.5,0.5,0.5,1000.0,0.5,1.0,normal,3.0
35,817,49020,0,0,0.0,0.0,0.5,1000.0,0.5,1.0,normal,3.0
35,817,49035,1,0,0.5,0.5,0.5,1000.0,0.5,1.0,normal,3.5
35,817,49050,2,0,1.0,1.0,0.5,1000.0,0.5,1.0,normal,4.5
35,817,49065,0,0,0.0,0.0,0.5,1000.0,0.5,1.0,normal,4.5
35,818,49080,0,0,0.0,0.0,0.5,1000.0,0.5,1.0,normal,4.5
35,818,49095,1,0,0.0773,0.0773,0.0773,1000.0,0.5,1.0,normal,4.5773
35,818,49110,1,0,0.4173,0.4173,0.4173,1000.0,0.5,1.0,normal,4.9946
35,818,49125,1,0,0.5,0.5,0.5,1000.0,0.5,1.0,normal,5.4946
35,819,49140,5,1,2.5,2.5,0.5,1000.0,0.5,1.0,normal,7.9946
35,819,49155,1,0,0.5,0.5,0.5,1000.0,0.5,1.0,normal,8.4946
35,819,49170,0,0,0.0,0.0,0.5,1000.0,0.5,1.0,normal,8.4946
35,819,49185,2,0,1.0,1.0,0.5,1000.0,0.5,1.0,normal,9.4946
35,820,49200,0,0,0.0,0.0,0.5225,1000.0,0.5225,1.0,normal,9.4946
35,820,49215,3,0,1.5675,1.5675,0.5225,1000.0,0.5225,1.0,normal,11.0621
35,820,49230,2,0,1.045,1.045,0.5225,1000.0,0.5225,1.0,normal,12.1071
35,820,49245,1,0,0.5225,0.5225,0.5225,1000.0,0.5225,1.0,normal,12.6296
35,821,49260,2,0,1.1495,1.1495,0.5747,1000.0,0.57475,1.0,normal,13.7791
35,821,49275,4,0,2.1851,2.1851,0.5463,1000.0,0.57475,1.0,normal,15.9642
35,821,49290,2,0,1.1495,1.1495,0.5747,1000.0,0.57475,1.0,normal,17.1137
35,821,49305,2,0,1.1495,1.1495,0.5747,1000.0,0.57475,1.0,normal,18.2632
35,822,49320,3,0,0.8932,0.8932,0.2977,1000.0,0.6954475000000001,1.0,normal,19.1564
35,822,49335,4,0,2.7818,2.7818,0.6954,1000.0,0.6954475000000001,1.0,normal,21.9382
35,822,49350,0,0,0.0,0.0,0.6954,1000.0,0.6954475000000001,1.0,normal,21.9382
35,822,49365,1,0,0.4852,0.4852,0.4852,1000.0,0.6954475000000001,1.0,normal,22.4234
35,823,49380,0,0,0.0,0.0,0.8415,1000.0,0.8414914750000002,1.0,normal,22.4234
35,823,49395,1,0,0.8415,0.8415,0.8415,1000.0,0.8414914750000002,1.0,normal,23.2649
35,823,49410,1,0,0.295,0.295,0.295,1000.0,0.8414914750000002,1.0,normal,23.5599
35,823,49425,2,0,1.683,1.683,0.8415,1000.0,0.8414914750000002,1.0,normal,25.2429
35,824,49440,3,0,3.0546,3.0546,1.0182,1000.0,1.0182046847500004,1.0,normal,28.2975
35,824,49455,3,0,3.0546,3.0546,1.0182,1000.0,1.0182046847500004,1.0,normal,31.3521
35,824,49470,4,0,0.5859,0.5859,0.1465,1000.0,1.0182046847500004,1.0,normal,31.938
35,824,49485,1,0,1.0182,1.0182,1.0182,1000.0,1.0182046847500004,1.0,normal,32.9562
35,825,49500,0,0,0.0,0.0,1.232,1000.0,1.2320276685475007,1.0,normal,32.9562
35,825,49515,2,0,1.5372,1.5372,0.7686,1000.0,1.2320276685475007,1.0,normal,34.4934
35,825,49530,3,0,3.6961,3.6961,1.232,1000.0,1.2320276685475007,1.0,normal,38.1895
35,825,49545,1,0,1.232,1.232,1.232,1000.0,1.2320276685475007,1.0,normal,39.4215
35,826,49560,1,0,1.0994,1.0994,1.0994,1000.0,1.4907534789424761,1.0,normal,40.5209
35,826,49575,1,0,0.2958,0.2958,0.2958,1000.0,1.4907534789424761,1.0,normal,40.8167
35,826,49590,3,0,4.4723,4.4723,1.4908,1000.0,1.4907534789424761,1.0,normal,45.289
35,826,49605,2,0,2.1984,2.1984,1.0992,1000.0,1.4907534789424761,1.0,normal,47.4874
35,827,49620,5,0,9.0191,9.0191,1.8038,1000.0,1.8038117095203963,1.0,normal,56.5065
35,827,49635,8,1,8.5495,8.5495,1.0687,1000.0,1.8038117095203963,1.0,normal,65.056
35,827,49650,4,0,6.5879,6.5879,1.647,1000.0,1.8038117095203963,1.0,normal,71.6439
35,827,49665,7,0,12.6267,12.6267,1.8038,1000.0,1.8038117095203963,1.0,normal,84.2706
35,828,49680,16,0,1.0465,1.0465,0.0654,1000.0,5.0,1.0,normal,85.3171
35,828,49695,14,1,22.3073,22.3073,1.5934,1000.0,5.0,1.0,normal,107.6244
35,828,49710,12,0,4.5984,4.5984,0.3832,1000.0,5.0,1.0,normal,112.2228
35,828,49725,8,0,10.5814,10.5814,1.3227,1000.0,5.0,1.0,normal,122.8042
35,829,49740,11,0,40.4812,40.4812,3.6801,1000.0,6.050000000000001,1.0,normal,163.2854
35,829,49755,7,0,41.1469,41.1469,5.8781,1000.0,6.050000000000001,1.0,normal,204.4323
35,829,49770,15,0,40.4534,40.4534,2.6969,1000.0,6.050000000000001,1.0,normal,244.8857
35,829,49785,16,0,17.6297,17.6297,1.1019,1000.0,6.050000000000001,1.0,normal,262.5154
35,830,49800,8,0,7.4352,7.4352,0.9294,1000.0,6.32225,1.0,normal,269.9506
35,830,49815,13,0,75.6145,75.6145,5.8165,1000.0,6.32225,1.0,normal,345.5651
35,830,49830,23,0,104.6333,104.6333,4.5493,1000.0,6.32225,1.0,normal,450.1984
35,830,49845,13,0,38.7282,38.7282,2.9791,1000.0,6.32225,1.0,normal,488.9266
35,831,49860,13,0,30.1137,30.1137,2.3164,1000.0,5.215856250000001,1.0,normal,519.0403
35,831,49875,22,1,64.9201,64.9201,2.9509,1000.0,5.215856250000001,1.0,normal,583.9604
35,831,49890,11,1,41.6754,41.6754,3.7887,1000.0,5.215856250000001,1.0,normal,625.6358
35,831,49905,13,0,0.6694,0.6694,0.0515,1000.0,5.215856250000001,1.0,normal,626.3052
35,832,49920,11,0,18.3399,18.3399,1.6673,1000.0,4.3030814062500005,1.0,normal,644.6451
35,832,49935,9,0,13.103,13.103,1.4559,1000.0,4.3030814062500005,1.0,normal,657.7481
35,832,49950,16,0,45.917,45.917,2.8698,1000.0,4.3030814062500005,1.0,normal,703.6651
35,832,49965,10,0,30.1255,30.1255,3.0126,1000.0,4.3030814062500005,1.0,normal,733.7906
35,833,49980,8,0,28.4003,28.4003,3.55,1000.0,3.550042160156251,1.0,normal,762.1909
35,833,49995,8,0,27.7541,27.7541,3.4693,1000.0,3.550042160156251,1.0,normal,789.945
35,833,50010,6,0,1.2262,1.2262,0.2044,1000.0,3.550042160156251,1.0,normal,791.1712
35,833,50025,11,1,37.1388,37.1388,3.3763,1000.0,3.550042160156251,1.0,normal,828.31
35,834,50040,9,0,26.3591,26.3591,2.9288,1000.0,2.9287847821289072,1.0,normal,854.6691
35,834,50055,6,0,5.6199,5.6199,0.9367,1000.0,2.9287847821289072,1.0,normal,860.289
35,834,50070,2,0,2.2368,2.2368,1.1184,1000.0,2.9287847821289072,1.0,normal,862.5258
35,834,50085,3,1,3.2264,3.2264,1.0755,1000.0,2.9287847821289072,1.0,normal,865.7522
35,835,50100,8,0,15.0156,15.0156,1.877,1000.0,2.1965885865966803,1.0,normal,880.7678
35,835,50115,5,0,1.3112,1.3112,0.2622,1000.0,2.1965885865966803,1.0,normal,882.079
35,835,50130,5,0,10.9829,10.9829,2.1966,1000.0,2.1965885865966803,1.0,normal,893.0619
35,835,50145,6,0,12.1578,12.1578,2.0263,1000.0,2.1965885865966803,1.0,budget_constrained,905.2197
35,836,50160,6,0,4.2386,4.2386,0.7064,1000.0,1.6474414399475101,1.0,budget_constrained,909.4583
35,836,50175,4,1,5.4008,5.4008,1.3502,1000.0,1.6474414399475101,1.0,budget_constrained,914.8591
35,836,50190,2,0,0.4157,0.4157,0.2078,1000.0,1.6474414399475101,1.0,budget_constrained,915.2748
35,836,50205,2,0,3.2949,3.2949,1.6474,1000.0,1.6474414399475101,1.0,budget_constrained,918.5697
35,837,50220,4,0,4.5593,4.5593,1.1398,1000.0,1.2355810799606326,1.0,budget_constrained,923.129
35,837,50235,4,0,3.0288,3.0288,0.7572,1000.0,1.2355810799606326,1.0,budget_constrained,926.1578
35,837,50250,6,1,0.3706,0.3706,0.0618,1000.0,1.2355810799606326,1.0,budget_constrained,926.5284
35,837,50265,2,0,1.3042,1.3042,0.6521,1000.0,1.2355810799606326,1.0,budget_constrained,927.8326
35,838,50280,3,0,3.1507,3.1507,1.0502,1000.0,1.0502439179665377,1.0,budget_constrained,930.9833
35,838,50295,1,0,1.0502,1.0502,1.0502,1000.0,1.0502439179665377,1.0,budget_constrained,932.0335
35,838,50310,1,0,1.0502,1.0502,1.0502,1000.0,1.0502439179665377,1.0,budget_constrained,933.0837
35,838,50325,6,1,6.3015,6.3015,1.0502,1000.0,1.0502439179665377,1.0,budget_constrained,939.3852
35,839,50340,6,0,5.3562,5.3562,0.8927,1000.0,0.892707330271557,1.0,budget_constrained,944.7414
35,839,50355,2,0,0.4049,0.4049,0.2025,1000.0,0.892707330271557,1.0,budget_constrained,945.1463
35,839,50370,3,0,0.8625,0.8625,0.2875,1000.0,0.892707330271557,1.0,budget_constrained,946.0088
35,839,50385,4,0,3.5708,3.5708,0.8927,1000.0,0.892707330271557,1.0,budget_constrained,949.5796
36,840,50400,3,0,2.2764,2.2764,0.7588,1000.0,0.7588012307308234,1.0,normal,2.2764
36,840,50415,2,0,1.5176,1.5176,0.7588,1000.0,0.7588012307308234,1.0,normal,3.794
36,840,50430,1,0,0.7588,0.7588,0.7588,1000.0,0.7588012307308234,1.0,normal,4.5528
36,840,50445,2,0,1.5176,1.5176,0.7588,1000.0,0.7588012307308234,1.0,normal,6.0704
36,841,50460,1,0,0.645,0.645,0.645,1000.0,0.6449810461211999,1.0,normal,6.7154
36,841,50475,3,0,1.9349,1.9349,0.645,1000.0,0.6449810461211999,1.0,normal,8.6503
36,841,50490,4,0,2.5799,2.5799,0.645,1000.0,0.6449810461211999,1.0,normal,11.2302
36,841,50505,2,0,1.29,1.29,0.645,1000.0,0.6449810461211999,1.0,normal,12.5202
36,842,50520,1,0,0.5482,0.5482,0.5482,1000.0,0.5482338892030199,1.0,normal,13.0684
36,842,50535,1,0,0.5482,0.5482,0.5482,1000.0,0.5482338892030199,1.0,normal,13.6166
36,842,50550,0,0,0.0,0.0,0.5482,1000.0,0.5482338892030199,1.0,normal,13.6166
36,842,50565,1,0,0.5482,0.5482,0.5482,1000.0,0.5482338892030199,1.0,normal,14.1648
36,843,50580,2,0,0.5738,0.5738,0.2869,1000.0,0.5,1.0,normal,14.7386
36,843,50595,3,0,0.968,0.968,0.3227,1000.0,0.5,1.0,normal,15.7066
36,843,50610,2,0,1.0,1.0,0.5,1000.0,0.5,1.0,normal,16.7066
36,843,50625,0,0,0.0,0.0,0.5,1000.0,0.5,1.0,normal,16.7066
36,844,50640,1,0,0.5,0.5,0.5,1000.0,0.5,1.0,normal,17.2066
36,844,50655,0,0,0.0,0.0,0.1691,1000.0,0.5,1.0,normal,17.2066
36,844,50670,2,0,1.0,1.0,0.5,1000.0,0.5,1.0,normal,18.2066
36,844,50685,0,0,0.0,0.0,0.5,1000.0,0.5,1.0,normal,18.2066
36,845,50700,0,0,0.0,0.0,0.5,1000.0,0.5,1.0,normal,18.2066
36,845,50715,2,0,1.0,1.0,0.5,1000.0,0.5,1.0,normal,19.2066
36,845,50730,0,0,0.0,0.0,0.5,1000.0,0.5,1.0,normal,19.2066
36,845,50745,1,0,0.5,0.5,0.5,1000.0,0.5,1.0,normal,19.7066
36,846,50760,1,0,0.5,0.5,0.5,1000.0,0.5,1.0,normal,20.2066
36,846,50775,2,0,1.0,1.0,0.5,1000.0,0.5,1.0,normal,21.2066
36,846,50790,0,0,0.0,0.0,0.5,1000.0,0.5,1.0,normal,21.2066
36,846,50805,0,0,0.0,0.0,0.3171,1000.0,0.5,1.0,normal,21.2066
36,847,50820,0,0,0.0,0.0,0.5,1000.0,0.5,1.0,normal,21.2066
36,847,50835,1,0,0.2829,0.2829,0.2829,1000.0,0.5,1.0,normal,21.4895
36,847,50850,0,0,0.0,0.0,0.5,1000.0,0.5,1.0,normal,21.4895
36,847,50865,2,0,1.0,1.0,0.5,1000.0,0.5,1.0,normal,22.4895
36,848,50880,3,0,1.5,1.5,0.5,1000.0,0.5,1.0,normal,23.9895
36,848,50895,1,0,0.5,0.5,0.5,1000.0,0.5,1.0,normal,24.4895
36,848,50910,3,0,1.5,1.5,0.5,1000.0,0.5,1.0,normal,25.9895
36,848,50925,3,0,1.5,1.5,0.5,1000.0,0.5,1.0,normal,27.4895
36,849,50940,0,0,0.0,0.0,0.5,1000.0,0.5,1.0,normal,27.4895
36,849,50955,0,0,0.0,0.0,0.5,1000.0,0.5,1.0,normal,27.4895
36,849,50970,2,0,1.0,1.0,0.5,1000.0,0.5,1.0,normal,28.4895
36,849,50985,3,0,1.5,1.5,0.5,1000.0,0.5,1.0,normal,29.9895
36,850,51000,0,0,0.0,0.0,0.3762,1000.0,0.5,1.0,normal,29.9895
36,850,51015,0,0,0.0,0.0,0.4337,1000.0,0.5,1.0,normal,29.9895
36,850,51030,0,0,0.0,0.0,0.5,1000.0,0.5,1.0,normal,29.9895
36,850,51045,3,1,1.5,1.5,0.5,1000.0,0.5,1.0,normal,31.4895
36,851,51060,2,0,1.0,1.0,0.5,1000.0,0.5,1.0,normal,32.4895
36,851,51075,0,0,0.0,0.0,0.5,1000.0,0.5,1.0,normal,32.4895
36,851,51090,0,0,0.0,0.0,0.5,1000.0,0.5,1.0,normal,32.4895
36,851,51105,3,0,1.5,1.5,0.5,1000.0,0.5,1.0,normal,33.9895
36,852,51120,2,0,1.0,1.0,0.5,1000.0,0.5,1.0,normal,34.9895
36,852,51135,1,0,0.3336,0.3336,0.3336,1000.0,0.5,1.0,normal,35.3231
36,852,51150,1,0,0.5,0.5,0.5,1000.0,0.5,1.0,normal,35.8231
36,852,51165,2,0,1.0,1.0,0.5,1000.0,0.5,1.0,normal,36.8231
36,853,51180,1,0,0.5,0.5,0.5,1000.0,0.5,1.0,normal,37.3231
36,853,51195,1,0,0.5,0.5,0.5,1000.0,0.5,1.0,normal,37.8231
36,853,51210,1,0,0.3452,0.3452,0.3452,1000.0,0.5,1.0,normal,38.1683
36,853,51225,1,0,0.5,0.5,0.5,1000.0,0.5,1.0,normal,38.6683
36,854,51240,0,0,0.0,0.0,0.5,1000.0,0.5,1.0,normal,38.6683
36,854,51255,1,0,0.5,0.5,0.5,1000.0,0.5,1.0,normal,39.1683
36,854,51270,2,0,1.0,1.0,0.5,1000.0,0.5,1.0,normal,40.1683
36,854,51285,0,0,0.0,0.0,0.5,1000.0,0.5,1.0,normal,40.1683
36,855,51300,3,0,1.815,1.815,0.605,1000.0,0.6050000000000001,1.0,normal,41.9833
36,855,51315,3,0,1.815,1.815,0.605,1000.0,0.6050000000000001,1.0,normal,43.7983
36,855,51330,2,0,1.21,1.21,0.605,1000.0,0.6050000000000001,1.0,normal,45.0083
36,855,51345,0,0,0.0,0.0,0.1308,1000.0,0.6050000000000001,1.0,normal,45.0083
36,856,51360,3,0,2.1962,2.1962,0.7321,1000.0,0.7320500000000003,1.0,normal,47.2045
36,856,51375,1,0,0.7321,0.7321,0.7321,1000.0,0.7320500000000003,1.0,normal,47.9366
36,856,51390,1,0,0.7321,0.7321,0.7321,1000.0,0.7320500000000003,1.0,normal,48.6687
36,856,51405,2,0,0.2968,0.2968,0.1484,1000.0,0.7320500000000003,1.0,normal,48.9655
36,857,51420,3,0,2.6573,2.6573,0.8858,1000.0,0.8857805000000005,1.0,normal,51.6228
36,857,51435,1,0,0.8858,0.8858,0.8858,1000.0,0.8857805000000005,1.0,normal,52.5086
36,857,51450,1,0,0.8858,0.8858,0.8858,1000.0,0.8857805000000005,1.0,normal,53.3944
36,857,51465,4,0,3.5431,3.5431,0.8858,1000.0,0.8857805000000005,1.0,normal,56.9375
36,858,51480,4,0,1.7025,1.7025,0.4256,1000.0,1.0717944050000008,1.0,normal,58.64
36,858,51495,3,0,3.2154,3.2154,1.0718,1000.0,1.0717944050000008,1.0,normal,61.8554
36,858,51510,1,0,1.0718,1.0718,1.0718,1000.0,1.0717944050000008,1.0,normal,62.9272
36,858,51525,2,0,2.1436,2.1436,1.0718,1000.0,1.0717944050000008,1.0,normal,65.0708
36,859,51540,3,0,3.8906,3.8906,1.2969,1000.0,1.2968712300500012,1.0,normal,68.9614
36,859,51555,4,0,2.9775,2.9775,0.7444,1000.0,1.2968712300500012,1.0,normal,71.9389
36,859,51570,3,0,3.8906,3.8906,1.2969,1000.0,1.2968712300500012,1.0,normal,75.8295
36,859,51585,1,0,1.2969,1.2969,1.2969,1000.0,1.2968712300500012,1.0,normal,77.1264
36,860,51600,6,0,6.7478,6.7478,1.1246,1000.0,1.5692141883605017,1.0,normal,83.8742
36,860,51615,4,0,6.2769,6.2769,1.5692,1000.0,1.5692141883605017,1.0,normal,90.1511
36,860,51630,4,0,3.2874,3.2874,0.8219,1000.0,1.5692141883605017,1.0,normal,93.4385
36,860,51645,5,0,7.8461,7.8461,1.5692,1000.0,1.5692141883605017,1.0,normal,101.2846
36,861,51660,9,0,12.439,12.439,1.3821,1000.0,1.8987491679162074,1.0,normal,113.7236
36,861,51675,3,0,0.9411,0.9411,0.3137,1000.0,1.8987491679162074,1.0,normal,114.6647
36,861,51690,4,0,7.595,7.595,1.8987,1000.0,1.8987491679162074,1.0,normal,122.2597
36,861,51705,4,1,7.595,7.595,1.8987,1000.0,1.8987491679162074,1.0,normal,129.8547
36,862,51720,5,0,11.4874,11.4874,2.2975,1000.0,2.297486493178611,1.0,normal,141.3421
36,862,51735,7,0,15.0803,15.0803,2.1543,1000.0,2.297486493178611,1.0,normal,156.4224
36,862,51750,4,0,8.2368,8.2368,2.0592,1000.0,2.297486493178611,1.0,normal,164.6592
36,862,51765,3,0,6.8925,6.8925,2.2975,1000.0,2.297486493178611,1.0,normal,171.5517
36,863,51780,7,0,2.4675,2.4675,0.3525,1000.0,2.1481498711220013,1.0,normal,174.0192
36,863,51795,5,1,10.7407,10.7407,2.1481,1000.0,2.1481498711220013,1.0,normal,184.7599
36,863,51810,6,0,12.8889,12.8889,2.1481,1000.0,2.1481498711220013,1.0,normal,197.6488
36,863,51825,2,0,4.2963,4.2963,2.1481,1000.0,2.1481498711220013,1.0,normal,201.9451
37,864,51840,10,0,9.239,9.239,0.9239,1000.0,5.0,1.0,normal,9.239
37,864,51855,20,0,96.8898,96.8898,4.8445,1000.0,5.0,1.0,normal,106.1288
37,864,51870,7,0,27.5758,27.5758,3.9394,1000.0,5.0,1.0,normal,133.7046
37,864,51885,8,0,33.0817,33.0817,4.1352,1000.0,5.0,1.0,normal,166.7863
37,865,51900,9,1,4.2437,4.2437,0.4715,1000.0,4.125,1.0,normal,171.03
37,865,51915,10,1,22.6234,22.6234,2.2623,1000.0,4.125,1.0,normal,193.6534
37,865,51930,16,0,66.0,66.0,4.125,1000.0,4.125,1.0,normal,259.6534
37,865,51945,15,0,28.5874,28.5874,1.9058,1000.0,4.125,1.0,normal,288.2408
37,866,51960,11,0,15.9771,15.9771,1.4525,1000.0,3.8568750000000005,1.0,normal,304.2179
37,866,51975,8,0,13.8982,13.8982,1.7373,1000.0,3.8568750000000005,1.0,normal,318.1161
37,866,51990,11,1,24.3249,24.3249,2.2114,1000.0,3.8568750000000005,1.0,normal,342.441
37,866,52005,13,0,2.4882,2.4882,0.1914,1000.0,3.8568750000000005,1.0,normal,344.9292
37,867,52020,5,1,16.0925,16.0925,3.2185,1000.0,3.6061781250000005,1.0,normal,361.0217
37,867,52035,12,0,43.2741,43.2741,3.6062,1000.0,3.6061781250000005,1.0,normal,404.2958
37,867,52050,10,1,9.4612,9.4612,0.9461,1000.0,3.6061781250000005,1.0,normal,413.757
37,867,52065,12,0,16.0234,16.0234,1.3353,1000.0,3.6061781250000005,1.0,normal,429.7804
37,868,52080,5,0,5.7473,5.7473,1.1495,1000.0,3.966795937500001,1.0,normal,435.5277
37,868,52095,10,0,7.891,7.891,0.7891,1000.0,3.966795937500001,1.0,normal,443.4187
37,868,52110,14,1,46.5444,46.5444,3.3246,1000.0,3.966795937500001,1.0,normal,489.9631
37,868,52125,13,0,17.4203,17.4203,1.34,1000.0,3.966795937500001,1.0,normal,507.3834
37,869,52140,12,0,52.3617,52.3617,4.3635,1000.0,4.3634755312500015,1.0,normal,559.7451
37,869,52155,12,0,52.3617,52.3617,4.3635,1000.0,4.3634755312500015,1.0,normal,612.1068
37,869,52170,6,0,16.6816,16.6816,2.7803,1000.0,4.3634755312500015,1.0,normal,628.7884
37,869,52185,7,0,27.2335,27.2335,3.8905,1000.0,4.3634755312500015,1.0,normal,656.0219
37,870,52200,9,0,36.7186,36.7186,4.0798,1000.0,4.079849621718751,1.0,normal,692.7405
37,870,52215,18,0,15.8135,15.8135,0.8785,1000.0,4.079849621718751,1.0,normal,708.554
37,870,52230,10,1,40.7985,40.7985,4.0798,1000.0,4.079849621718751,1.0,normal,749.3525
37,870,52245,10,0,14.2963,14.2963,1.4296,1000.0,4.079849621718751,1.0,normal,763.6488
37,871,52260,11,0,12.5386,12.5386,1.1399,1000.0,3.4678721784609388,1.0,normal,776.1874
37,871,52275,10,0,34.6787,34.6787,3.4679,1000.0,3.4678721784609388,1.0,normal,810.8661
37,871,52290,9,0,16.5179,16.5179,1.8353,1000.0,3.4678721784609388,1.0,normal,827.384
37,871,52305,12,1,4.2358,4.2358,0.353,1000.0,3.4678721784609388,1.0,normal,831.6198
37,872,52320,7,1,12.9619,12.9619,1.8517,1000.0,2.9476913516917977,1.0,normal,844.5817
37,872,52335,10,1,29.4769,29.4769,2.9477,1000.0,2.9476913516917977,1.0,normal,874.0586
37,872,52350,5,0,14.7385,14.7385,2.9477,1000.0,2.9476913516917977,1.0,normal,888.7971
37,872,52365,4,0,11.7908,11.7908,2.9477,1000.0,2.9476913516917977,1.0,budget_constrained,900.5879
37,873,52380,3,2,4.822,2.411,1.6073,1000.0,2.8003067841072076,1.0,budget_constrained,905.4099
37,873,52395,6,0,16.8018,16.8018,2.8003,1000.0,2.8003067841072076,1.0,budget_constrained,922.2117
37,873,52410,5,0,3.1578,3.1578,0.6316,1000.0,2.8003067841072076,1.0,budget_constrained,925.3695
37,873,52425,13,0,36.404,36.404,2.8003,1000.0,2.8003067841072076,1.0,budget_constrained,961.7735
37,874,52440,5,0,12.6014,12.6014,2.5203,1000.0,2.520276105696487,1.0,budget_constrained,974.3749
37,874,52455,6,0,15.1217,15.1217,2.5203,1000.0,2.520276105696487,1.0,budget_constrained,989.4966
37,874,52470,10,1,5.3109,5.3109,0.5311,1000.0,2.520276105696487,1.0,budget_constrained,994.8075
37,874,52485,3,0,5.1925,5.1925,1.7052,1000.0,2.520276105696487,1.0,budget_depleted,1000.0
37,875,52500,0,0,0.0,0.0,0.0,1000.0,2.2682484951268385,1.0,budget_depleted,1000.0
37,875,52515,0,0,0.0,0.0,0.0,1000.0,2.2682484951268385,1.0,budget_depleted,1000.0
37,875,52530,0,0,0.0,0.0,0.0,1000.0,2.2682484951268385,1.0,budget_depleted,1000.0
37,875,52545,0,0,0.0,0.0,0.0,1000.0,2.2682484951268385,1.0,budget_depleted,1000.0
37,876,52560,0,0,0.0,0.0,0.0,1000.0,2.0414236456141546,1.0,budget_depleted,1000.0
37,876,52575,0,0,0.0,0.0,0.0,1000.0,2.0414236456141546,1.0,budget_depleted,1000.0
37,876,52590,0,0,0.0,0.0,0.0,1000.0,2.0414236456141546,1.0,budget_depleted,1000.0
37,876,52605,0,0,0.0,0.0,0.0,1000.0,2.0414236456141546,1.0,budget_depleted,1000.0
37,877,52620,0,0,0.0,0.0,0.0,1000.0,1.8372812810527392,1.0,budget_depleted,1000.0
37,877,52635,0,0,0.0,0.0,0.0,1000.0,1.8372812810527392,1.0,budget_depleted,1000.0
37,877,52650,0,0,0.0,0.0,0.0,1000.0,1.8372812810527392,1.0,budget_depleted,1000.0
37,877,52665,0,0,0.0,0.0,0.0,1000.0,1.8372812810527392,1.0,budget_depleted,1000.0
37,878,52680,0,0,0.0,0.0,0.0,1000.0,1.6535531529474654,1.0,budget_depleted,1000.0
37,878,52695,0,0,0.0,0.0,0.0,1000.0,1.6535531529474654,1.0,budget_depleted,1000.0
37,878,52710,0,0,0.0,0.0,0.0,1000.0,1.6535531529474654,1.0,budget_depleted,1000.0
37,878,52725,0,0,0.0,0.0,0.0,1000.0,1.6535531529474654,1.0,budget_depleted,1000.0
37,879,52740,0,0,0.0,0.0,0.0,1000.0,1.488197837652719,1.0,budget_depleted,1000.0
37,879,52755,0,0,0.0,0.0,0.0,1000.0,1.488197837652719,1.0,budget_depleted,1000.0
37,879,52770,0,0,0.0,0.0,0.0,1000.0,1.488197837652719,1.0,budget_depleted,1000.0
37,879,52785,0,0,0.0,0.0,0.0,1000.0,1.488197837652719,1.0,budget_depleted,1000.0
37,880,52800,0,0,0.0,0.0,0.0,1000.0,1.3393780538874471,1.0,budget_depleted,1000.0
37,880,52815,0,0,0.0,0.0,0.0,1000.0,1.3393780538874471,1.0,budget_depleted,1000.0
37,880,52830,0,0,0.0,0.0,0.0,1000.0,1.3393780538874471,1.0,budget_depleted,1000.0
37,880,52845,0,0,0.0,0.0,0.0,1000.0,1.3393780538874471,1.0,budget_depleted,1000.0
37,881,52860,0,0,0.0,0.0,0.0,1000.0,1.2054402484987023,1.0,budget_depleted,1000.0
37,881,52875,0,0,0.0,0.0,0.0,1000.0,1.2054402484987023,1.0,budget_depleted,1000.0
37,881,52890,0,0,0.0,0.0,0.0,1000.0,1.2054402484987023,1.0,budget_depleted,1000.0
37,881,52905,0,0,0.0,0.0,0.0,1000.0,1.2054402484987023,1.0,budget_depleted,1000.0
37,882,52920,0,0,0.0,0.0,0.0,1000.0,1.0848962236488322,1.0,budget_depleted,1000.0
37,882,52935,0,0,0.0,0.0,0.0,1000.0,1.0848962236488322,1.0,budget_depleted,1000.0
37,882,52950,0,0,0.0,0.0,0.0,1000.0,1.0848962236488322,1.0,budget_depleted,1000.0
37,882,52965,0,0,0.0,0.0,0.0,1000.0,1.0848962236488322,1.0,budget_depleted,1000.0
37,883,52980,0,0,0.0,0.0,0.0,1000.0,0.976406601283949,1.0,budget_depleted,1000.0
37,883,52995,0,0,0.0,0.0,0.0,1000.0,0.976406601283949,1.0,budget_depleted,1000.0
37,883,53010,0,0,0.0,0.0,0.0,1000.0,0.976406601283949,1.0,budget_depleted,1000.0
37,883,53025,0,0,0.0,0.0,0.0,1000.0,0.976406601283949,1.0,budget_depleted,1000.0
37,884,53040,0,0,0.0,0.0,0.0,1000.0,0.8787659411555541,1.0,budget_depleted,1000.0
37,884,53055,0,0,0.0,0.0,0.0,1000.0,0.8787659411555541,1.0,budget_depleted,1000.0
37,884,53070,0,0,0.0,0.0,0.0,1000.0,0.8787659411555541,1.0,budget_depleted,1000.0
37,884,53085,0,0,0.0,0.0,0.0,1000.0,0.8787659411555541,1.0,budget_depleted,1000.0
37,885,53100,0,0,0.0,0.0,0.0,1000.0,0.7908893470399987,1.0,budget_depleted,1000.0
37,885,53115,0,0,0.0,0.0,0.0,1000.0,0.7908893470399987,1.0,budget_depleted,1000.0
37,885,53130,0,0,0.0,0.0,0.0,1000.0,0.7908893470399987,1.0,budget_depleted,1000.0
37,885,53145,0,0,0.0,0.0,0.0,1000.0,0.7908893470399987,1.0,budget_depleted,1000.0
37,886,53160,0,0,0.0,0.0,0.0,1000.0,0.7908893470399987,1.0,budget_depleted,1000.0
37,886,53175,0,0,0.0,0.0,0.0,1000.0,0.7908893470399987,1.0,budget_depleted,1000.0
37,886,53190,0,0,0.0,0.0,0.0,1000.0,0.7908893470399987,1.0,budget_depleted,1000.0
37,886,53205,0,0,0.0,0.0,0.0,1000.0,0.7908893470399987,1.0,budget_depleted,1000.0
37,887,53220,0,0,0.0,0.0,0.0,1000.0,0.7908893470399987,1.0,budget_depleted,1000.0
37,887,53235,0,0,0.0,0.0,0.0,1000.0,0.7908893470399987,1.0,budget_depleted,1000.0
37,887,53250,0,0,0.0,0.0,0.0,1000.0,0.7908893470399987,1.0,budget_depleted,1000.0
37,887,53265,0,0,0.0,0.0,0.0,1000.0,0.7908893470399987,1.0,budget_depleted,1000.0
