current_day,current_hour,current_minute,clicks,leads,spend,cpa,realized_cpc,daily_budget,max_bid,volatility,budget_status,current_day_spend
8,168,10080,0,0,0.0,0.0,0.0,1000.0,0.5,1.0,normal,0.0
8,168,10095,2,0,1.0,1.0,0.5,1000.0,0.5,1.0,normal,1.0
8,168,10110,1,0,0.5,0.5,0.5,1000.0,0.5,1.0,normal,1.5
8,168,10125,1,0,0.5,0.5,0.5,1000.0,0.5,1.0,normal,2.0
8,169,10140,2,0,1.0,1.0,0.5,1000.0,0.5,1.0,normal,3.0
8,169,10155,0,0,0.0,0.0,0.5,1000.0,0.5,1.0,normal,3.0
8,169,10170,2,0,1.0,1.0,0.5,1000.0,0.5,1.0,normal,4.0
8,169,10185,0,0,0.0,0.0,0.5,1000.0,0.5,1.0,normal,4.0
8,170,10200,2,0,0.9778,0.9778,0.4889,1000.0,0.5,1.0,normal,4.9778
8,170,10215,1,0,0.4043,0.4043,0.4043,1000.0,0.5,1.0,normal,5.3821
8,170,10230,3,0,1.5,1.5,0.5,1000.0,0.5,1.0,normal,6.8821
8,170,10245,1,0,0.5,0.5,0.5,1000.0,0.5,1.0,normal,7.3821
8,171,10260,2,0,1.1,1.1,0.55,1000.0,0.55,1.0,normal,8.4821
8,171,10275,1,0,0.55,0.55,0.55,1000.0,0.55,1.0,normal,9.0321
8,171,10290,3,0,0.8734,0.8734,0.2911,1000.0,0.55,1.0,normal,9.9055
8,171,10305,3,0,1.4289,1.4289,0.4763,1000.0,0.55,1.0,normal,11.3344
8,172,10320,1,0,0.605,0.605,0.605,1000.0,0.6050000000000001,1.0,normal,11.9394
8,172,10335,2,0,1.21,1.21,0.605,1000.0,0.6050000000000001,1.0,normal,13.1494
8,172,10350,3,0,1.815,1.815,0.605,1000.0,0.6050000000000001,1.0,normal,14.9644
8,172,10365,1,0,0.3158,0.3158,0.3158,1000.0,0.6050000000000001,1.0,normal,15.2802
8,173,10380,3,0,1.9965,1.9965,0.6655,1000.0,0.6655000000000002,1.0,normal,17.2767
8,173,10395,1,0,0.6655,0.6655,0.6655,1000.0,0.6655000000000002,1.0,normal,17.9422
8,173,10410,2,0,1.331,1.331,0.6655,1000.0,0.6655000000000002,1.0,normal,19.2732
8,173,10425,2,0,1.331,1.331,0.6655,1000.0,0.6655000000000002,1.0,normal,20.6042
8,174,10440,1,0,0.7321,0.7321,0.7321,1000.0,0.7320500000000003,1.0,normal,21.3363
8,174,10455,3,0,2.1962,2.1962,0.7321,1000.0,0.7320500000000003,1.0,normal,23.5325
8,174,10470,4,0,2.9282,2.9282,0.7321,1000.0,0.7320500000000003,1.0,normal,26.4607
8,174,10485,2,1,0.1539,0.1539,0.077,1000.0,0.7320500000000003,1.0,normal,26.6146
8,175,10500,3,0,2.6573,2.6573,0.8858,1000.0,0.8857805000000005,1.0,normal,29.2719
8,175,10515,3,0,2.6573,2.6573,0.8858,1000.0,0.8857805000000005,1.0,normal,31.9292
8,175,10530,0,0,0.0,0.0,0.2697,1000.0,0.8857805000000005,1.0,normal,31.9292
8,175,10545,1,0,0.3154,0.3154,0.3154,1000.0,0.8857805000000005,1.0,normal,32.2446
8,176,10560,2,0,2.1436,2.1436,1.0718,1000.0,1.0717944050000008,1.0,normal,34.3882
8,176,10575,1,0,1.0718,1.0718,1.0718,1000.0,1.0717944050000008,1.0,normal,35.46
8,176,10590,3,0,0.6421,0.6421,0.214,1000.0,1.0717944050000008,1.0,normal,36.1021
8,176,10605,5,0,4.9253,4.9253,0.9851,1000.0,1.0717944050000008,1.0,normal,41.0274
8,177,10620,2,0,2.5937,2.5937,1.2969,1000.0,1.2968712300500012,1.0,normal,43.6211
8,177,10635,4,0,5.1875,5.1875,1.2969,1000.0,1.2968712300500012,1.0,normal,48.8086
8,177,10650,4,0,0.1552,0.1552,0.0388,1000.0,1.2968712300500012,1.0,normal,48.9638
8,177,10665,3,0,3.8906,3.8906,1.2969,1000.0,1.2968712300500012,1.0,normal,52.8544
8,178,10680,5,0,7.0025,7.0025,1.4005,1000.0,1.5692141883605017,1.0,normal,59.8569
8,178,10695,3,0,4.7076,4.7076,1.5692,1000.0,1.5692141883605017,1.0,normal,64.5645
8,178,10710,4,0,5.6679,5.6679,1.417,1000.0,1.5692141883605017,1.0,normal,70.2324
8,178,10725,2,0,3.1384,3.1384,1.5692,1000.0,1.5692141883605017,1.0,normal,73.3708
8,179,10740,5,0,8.6307,8.6307,1.7261,1000.0,1.7261356071965521,1.0,normal,82.0015
8,179,10755,5,0,8.0314,8.0314,1.6063,1000.0,1.7261356071965521,1.0,normal,90.0329
8,179,10770,5,0,7.0278,7.0278,1.4056,1000.0,1.7261356071965521,1.0,normal,97.0607
8,179,10785,4,0,5.2141,5.2141,1.3035,1000.0,1.7261356071965521,1.0,normal,102.2748
8,180,10800,15,0,46.6991,46.6991,3.1133,1000.0,5.0,1.0,normal,148.9739
8,180,10815,6,0,24.0861,24.0861,4.0144,1000.0,5.0,1.0,normal,173.06
8,180,10830,15,0,68.2232,68.2232,4.5482,1000.0,5.0,1.0,normal,241.2832
8,180,10845,14,0,20.2414,20.2414,1.4458,1000.0,5.0,1.0,normal,261.5246
8,181,10860,6,0,7.8695,7.8695,1.3116,1000.0,4.125,1.0,normal,269.3941
8,181,10875,8,0,6.5021,6.5021,0.8128,1000.0,4.125,1.0,normal,275.8962
8,181,10890,10,1,41.25,41.25,4.125,1000.0,4.125,1.0,normal,317.1462
8,181,10905,11,0,35.514,35.514,3.2285,1000.0,4.125,1.0,normal,352.6602
8,182,10920,10,1,9.012,9.012,0.9012,1000.0,3.403125,1.0,normal,361.6722
8,182,10935,5,0,15.4643,15.4643,3.0929,1000.0,3.403125,1.0,normal,377.1365
8,182,10950,10,0,4.2439,4.2439,0.4244,1000.0,3.403125,1.0,normal,381.3804
8,182,10965,7,0,17.4463,17.4463,2.4923,1000.0,3.403125,1.0,normal,398.8267
8,183,10980,13,0,21.2004,21.2004,1.6308,1000.0,2.8075781250000005,1.0,normal,420.0271
8,183,10995,9,0,25.2682,25.2682,2.8076,1000.0,2.8075781250000005,1.0,normal,445.2953
8,183,11010,8,0,8.7574,8.7574,1.0947,1000.0,2.8075781250000005,1.0,normal,454.0527
8,183,11025,9,1,25.2682,25.2682,2.8076,1000.0,2.8075781250000005,1.0,normal,479.3209
8,184,11040,6,0,13.8975,13.8975,2.3163,1000.0,2.3162519531250005,1.0,normal,493.2184
8,184,11055,9,0,20.8463,20.8463,2.3163,1000.0,2.3162519531250005,1.0,normal,514.0647
8,184,11070,4,0,9.265,9.265,2.3163,1000.0,2.3162519531250005,1.0,normal,523.3297
8,184,11085,10,0,23.1625,23.1625,2.3163,1000.0,2.3162519531250005,1.0,normal,546.4922
8,185,11100,2,0,3.8218,3.8218,1.9109,1000.0,1.9109078613281256,1.0,normal,550.314
8,185,11115,5,0,8.5798,8.5798,1.716,1000.0,1.9109078613281256,1.0,normal,558.8938
8,185,11130,6,0,5.3583,5.3583,0.8931,1000.0,1.9109078613281256,1.0,normal,564.2521
8,185,11145,5,0,9.5545,9.5545,1.9109,1000.0,1.9109078613281256,1.0,normal,573.8066
8,186,11160,4,0,6.306,6.306,1.5765,1000.0,1.5764989855957037,1.0,normal,580.1126
8,186,11175,7,0,11.0355,11.0355,1.5765,1000.0,1.5764989855957037,1.0,normal,591.1481
8,186,11190,3,0,4.7295,4.7295,1.5765,1000.0,1.5764989855957037,1.0,normal,595.8776
8,186,11205,2,0,3.1361,3.1361,1.5681,1000.0,1.5764989855957037,1.0,normal,599.0137
8,187,11220,3,0,1.1636,1.1636,0.3879,1000.0,1.3006116631164555,1.0,normal,600.1773
8,187,11235,2,0,0.8838,0.8838,0.4419,1000.0,1.3006116631164555,1.0,normal,601.0611
8,187,11250,5,0,6.5031,6.5031,1.3006,1000.0,1.3006116631164555,1.0,normal,607.5642
8,187,11265,2,0,2.6012,2.6012,1.3006,1000.0,1.3006116631164555,1.0,normal,610.1654
8,188,11280,1,0,0.727,0.727,0.727,1000.0,1.073004622071076,1.0,normal,610.8924
8,188,11295,8,0,8.584,8.584,1.073,1000.0,1.073004622071076,1.0,normal,619.4764
8,188,11310,1,0,1.073,1.073,1.073,1000.0,1.073004622071076,1.0,normal,620.5494
8,188,11325,0,0,0.0,0.0,1.073,1000.0,1.073004622071076,1.0,normal,620.5494
8,189,11340,2,0,1.7705,1.7705,0.8852,1000.0,0.8852288132086378,1.0,normal,622.3199
8,189,11355,6,0,5.3114,5.3114,0.8852,1000.0,0.8852288132086378,1.0,normal,627.6313
8,189,11370,0,0,0.0,0.0,0.8852,1000.0,0.8852288132086378,1.0,normal,627.6313
8,189,11385,5,0,2.1356,2.1356,0.4271,1000.0,0.8852288132086378,1.0,normal,629.7669
8,190,11400,2,0,0.0918,0.0918,0.0459,1000.0,0.7303137708971262,1.0,normal,629.8587
8,190,11415,0,0,0.0,0.0,0.7303,1000.0,0.7303137708971262,1.0,normal,629.8587
8,190,11430,1,0,0.7303,0.7303,0.7303,1000.0,0.7303137708971262,1.0,normal,630.589
8,190,11445,1,0,0.7303,0.7303,0.7303,1000.0,0.7303137708971262,1.0,normal,631.3193
8,191,11460,3,0,1.8075,1.8075,0.6025,1000.0,0.6025088609901291,1.0,normal,633.1268
8,191,11475,0,0,0.0,0.0,0.6025,1000.0,0.6025088609901291,1.0,normal,633.1268
8,191,11490,0,0,0.0,0.0,0.3896,1000.0,0.6025088609901291,1.0,normal,633.1268
8,191,11505,0,0,0.0,0.0,0.6025,1000.0,0.6025088609901291,1.0,normal,633.1268
9,192,11520,2,0,1.0,1.0,0.5,1000.0,0.5,1.0,normal,1.0
9,192,11535,1,0,0.5,0.5,0.5,1000.0,0.5,1.0,normal,1.5
9,192,11550,0,0,0.0,0.0,0.5,1000.0,0.5,1.0,normal,1.5
9,192,11565,3,0,1.5,1.5,0.5,1000.0,0.5,1.0,normal,3.0
9,193,11580,1,0,0.5,0.5,0.5,1000.0,0.5,1.0,normal,3.5
9,193,11595,1,0,0.4964,0.4964,0.4964,1000.0,0.5,1.0,normal,3.9964
9,193,11610,1,0,0.5,0.5,0.5,1000.0,0.5,1.0,normal,4.4964
9,193,11625,0,0,0.0,0.0,0.5,1000.0,0.5,1.0,normal,4.4964
9,194,11640,0,0,0.0,0.0,0.5,1000.0,0.5,1.0,normal,4.4964
9,194,11655,0,0,0.0,0.0,0.5,1000.0,0.5,1.0,normal,4.4964
9,194,11670,2,0,1.0,1.0,0.5,1000.0,0.5,1.0,normal,5.4964
9,194,11685,2,0,0.6897,0.6897,0.3449,1000.0,0.5,1.0,normal,6.1861
9,195,11700,0,0,0.0,0.0,0.5,1000.0,0.5,1.0,normal,6.1861
9,195,11715,2,0,1.0,1.0,0.5,1000.0,0.5,1.0,normal,7.1861
9,195,11730,0,0,0.0,0.0,0.5,1000.0,0.5,1.0,normal,7.1861
9,195,11745,1,0,0.5,0.5,0.5,1000.0,0.5,1.0,normal,7.6861
9,196,11760,4,0,2.0,2.0,0.5,1000.0,0.5,1.0,normal,9.6861
9,196,11775,1,0,0.5,0.5,0.5,1000.0,0.5,1.0,normal,10.1861
9,196,11790,1,0,0.5,0.5,0.5,1000.0,0.5,1.0,normal,10.6861
9,196,11805,1,0,0.5,0.5,0.5,1000.0,0.5,1.0,normal,11.1861
9,197,11820,1,0,0.5,0.5,0.5,1000.0,0.5,1.0,normal,11.6861
9,197,11835,4,0,2.0,2.0,0.5,1000.0,0.5,1.0,normal,13.6861
9,197,11850,2,0,1.0,1.0,0.5,1000.0,0.5,1.0,normal,14.6861
9,197,11865,1,0,0.2606,0.2606,0.2606,1000.0,0.5,1.0,normal,14.9467
9,198,11880,2,0,0.0651,0.0651,0.0325,1000.0,0.5,1.0,normal,15.0118
9,198,11895,1,0,0.5,0.5,0.5,1000.0,0.5,1.0,normal,15.5118
9,198,11910,2,0,1.0,1.0,0.5,1000.0,0.5,1.0,normal,16.5118
9,198,11925,2,0,1.0,1.0,0.5,1000.0,0.5,1.0,normal,17.5118
9,199,11940,2,0,1.0,1.0,0.5,1000.0,0.5,1.0,normal,18.5118
9,199,11955,0,0,0.0,0.0,0.5,1000.0,0.5,1.0,normal,18.5118
9,199,11970,1,0,0.5,0.5,0.5,1000.0,0.5,1.0,normal,19.0118
9,199,11985,0,0,0.0,0.0,0.5,1000.0,0.5,1.0,normal,19.0118
9,200,12000,1,0,0.5,0.5,0.5,1000.0,0.5,1.0,normal,19.5118
9,200,12015,0,0,0.0,0.0,0.5,1000.0,0.5,1.0,normal,19.5118
9,200,12030,0,0,0.0,0.0,0.4192,1000.0,0.5,1.0,normal,19.5118
9,200,12045,1,0,0.0305,0.0305,0.0305,1000.0,0.5,1.0,normal,19.5423
9,201,12060,1,0,0.5,0.5,0.5,1000.0,0.5,1.0,normal,20.0423
9,201,12075,0,0,0.0,0.0,0.5,1000.0,0.5,1.0,normal,20.0423
9,201,12090,4,0,2.0,2.0,0.5,1000.0,0.5,1.0,normal,22.0423
9,201,12105,3,0,1.5,1.5,0.5,1000.0,0.5,1.0,normal,23.5423
9,202,12120,2,1,1.0,1.0,0.5,1000.0,0.5,1.0,normal,24.5423
9,202,12135,0,0,0.0,0.0,0.2877,1000.0,0.5,1.0,normal,24.5423
9,202,12150,3,0,0.9609,0.9609,0.3203,1000.0,0.5,1.0,normal,25.5032
9,202,12165,0,0,0.0,0.0,0.5,1000.0,0.5,1.0,normal,25.5032
9,203,12180,2,0,1.0,1.0,0.5,1000.0,0.5,1.0,normal,26.5032
9,203,12195,2,0,1.0,1.0,0.5,1000.0,0.5,1.0,normal,27.5032
9,203,12210,1,0,0.5,0.5,0.5,1000.0,0.5,1.0,normal,28.0032
9,203,12225,0,0,0.0,0.0,0.5,1000.0,0.5,1.0,normal,28.0032
9,204,12240,2,0,1.0,1.0,0.5,1000.0,0.5,1.0,normal,29.0032
9,204,12255,0,0,0.0,0.0,0.5,1000.0,0.5,1.0,normal,29.0032
9,204,12270,0,0,0.0,0.0,0.5,1000.0,0.5,1.0,normal,29.0032
9,204,12285,1,0,0.5,0.5,0.5,1000.0,0.5,1.0,normal,29.5032
9,205,12300,1,0,0.5,0.5,0.5,1000.0,0.5,1.0,normal,30.0032
9,205,12315,0,0,0.0,0.0,0.5,1000.0,0.5,1.0,normal,30.0032
9,205,12330,0,0,0.0,0.0,0.5,1000.0,0.5,1.0,normal,30.0032
9,205,12345,1,0,0.5,0.5,0.5,1000.0,0.5,1.0,normal,30.5032
9,206,12360,1,0,0.1977,0.1977,0.1977,1000.0,0.5,1.0,normal,30.7009
9,206,12375,1,0,0.5,0.5,0.5,1000.0,0.5,1.0,normal,31.2009
9,206,12390,0,0,0.0,0.0,0.5,1000.0,0.5,1.0,normal,31.2009
9,206,12405,0,0,0.0,0.0,0.5,1000.0,0.5,1.0,normal,31.2009
9,207,12420,0,0,0.0,0.0,0.5,1000.0,0.5,1.0,normal,31.2009
9,207,12435,0,0,0.0,0.0,0.5,1000.0,0.5,1.0,normal,31.2009
9,207,12450,1,0,0.5,0.5,0.5,1000.0,0.5,1.0,normal,31.7009
9,207,12465,0,0,0.0,0.0,0.5,1000.0,0.5,1.0,normal,31.7009
9,208,12480,0,0,0.0,0.0,0.5,1000.0,0.5,1.0,normal,31.7009
9,208,12495,2,0,1.0,1.0,0.5,1000.0,0.5,1.0,normal,32.7009
9,208,12510,2,0,1.0,1.0,0.5,1000.0,0.5,1.0,normal,33.7009
9,208,12525,2,0,1.0,1.0,0.5,1000.0,0.5,1.0,normal,34.7009
9,209,12540,2,0,1.0,1.0,0.5,1000.0,0.5,1.0,normal,35.7009
9,209,12555,1,0,0.5,0.5,0.5,1000.0,0.5,1.0,normal,36.2009
9,209,12570,1,0,0.5,0.5,0.5,1000.0,0.5,1.0,normal,36.7009
9,209,12585,2,0,1.0,1.0,0.5,1000.0,0.5,1.0,normal,37.7009
9,210,12600,2,0,1.0,1.0,0.5,1000.0,0.5,1.0,normal,38.7009
9,210,12615,0,0,0.0,0.0,0.5,1000.0,0.5,1.0,normal,38.7009
9,210,12630,0,0,0.0,0.0,0.3603,1000.0,0.5,1.0,normal,38.7009
9,210,12645,3,0,0.6679,0.6679,0.2226,1000.0,0.5,1.0,normal,39.3688
9,211,12660,1,0,0.55,0.55,0.55,1000.0,0.55,1.0,normal,39.9188
9,211,12675,0,0,0.0,0.0,0.55,1000.0,0.55,1.0,normal,39.9188
9,211,12690,1,0,0.038,0.038,0.038,1000.0,0.55,1.0,normal,39.9568
9,211,12705,0,0,0.0,0.0,0.2996,1000.0,0.55,1.0,normal,39.9568
9,212,12720,1,0,0.533,0.533,0.533,1000.0,0.6655000000000002,1.0,normal,40.4898
9,212,12735,2,0,0.759,0.759,0.3795,1000.0,0.6655000000000002,1.0,normal,41.2488
9,212,12750,1,0,0.6655,0.6655,0.6655,1000.0,0.6655000000000002,1.0,normal,41.9143
9,212,12765,2,0,1.331,1.331,0.6655,1000.0,0.6655000000000002,1.0,normal,43.2453
9,213,12780,3,0,2.1508,2.1508,0.7169,1000.0,0.8052550000000004,1.0,normal,45.3961
9,213,12795,0,0,0.0,0.0,0.6716,1000.0,0.8052550000000004,1.0,normal,45.3961
9,213,12810,2,0,1.6105,1.6105,0.8053,1000.0,0.8052550000000004,1.0,normal,47.0066
9,213,12825,0,0,0.0,0.0,0.8053,1000.0,0.8052550000000004,1.0,normal,47.0066
9,214,12840,0,0,0.0,0.0,0.9744,1000.0,0.9743585500000007,1.0,normal,47.0066
9,214,12855,1,1,0.9744,0.9744,0.9744,1000.0,0.9743585500000007,1.0,normal,47.981
9,214,12870,2,0,1.9487,1.9487,0.9744,1000.0,0.9743585500000007,1.0,normal,49.9297
9,214,12885,5,1,1.6974,1.6974,0.3395,1000.0,0.9743585500000007,1.0,normal,51.6271
9,215,12900,2,0,2.3579,2.3579,1.179,1000.0,1.178973845500001,1.0,normal,53.985
9,215,12915,2,0,0.7938,0.7938,0.3969,1000.0,1.178973845500001,1.0,normal,54.7788
9,215,12930,3,0,1.5194,1.5194,0.5065,1000.0,1.178973845500001,1.0,normal,56.2982
9,215,12945,4,0,4.7159,4.7159,1.179,1000.0,1.178973845500001,1.0,normal,61.0141
10,216,12960,8,0,5.9444,5.9444,0.743,1000.0,5.0,1.0,normal,5.9444
10,216,12975,21,2,3.5805,1.7902,0.1705,1000.0,5.0,1.0,normal,9.5249
10,216,12990,13,0,55.2125,55.2125,4.2471,1000.0,5.0,1.0,normal,64.7374
10,216,13005,12,0,14.5881,14.5881,1.2157,1000.0,5.0,1.0,normal,79.3255
10,217,13020,8,0,0.9678,0.9678,0.121,1000.0,6.050000000000001,1.0,normal,80.2933
10,217,13035,17,0,44.4507,44.4507,2.6147,1000.0,6.050000000000001,1.0,normal,124.744
10,217,13050,13,0,19.6346,19.6346,1.5104,1000.0,6.050000000000001,1.0,normal,144.3786
10,217,13065,12,0,33.6802,33.6802,2.8067,1000.0,6.050000000000001,1.0,normal,178.0588
10,218,13080,16,0,76.8879,76.8879,4.8055,1000.0,7.320500000000002,1.0,normal,254.9467
10,218,13095,16,1,75.4015,75.4015,4.7126,1000.0,7.320500000000002,1.0,normal,330.3482
10,218,13110,14,1,92.4169,92.4169,6.6012,1000.0,7.320500000000002,1.0,normal,422.7651
10,218,13125,23,0,86.522,86.522,3.7618,1000.0,7.320500000000002,1.0,normal,509.2871
10,219,13140,16,0,80.8156,80.8156,5.051,1000.0,7.6499225000000015,1.0,normal,590.1027
10,219,13155,35,0,224.2399,224.2399,6.4069,1000.0,7.6499225000000015,1.0,normal,814.3426
10,219,13170,18,0,131.5128,131.5128,7.3063,1000.0,7.6499225000000015,1.0,budget_constrained,945.8554
10,219,13185,18,0,15.0793,15.0793,0.8377,1000.0,7.6499225000000015,1.0,budget_constrained,960.9347
10,220,13200,17,0,11.8851,11.8851,0.6991,1000.0,5.737441875000001,1.0,budget_constrained,972.8198
10,220,13215,16,0,10.2467,10.2467,0.6404,1000.0,5.737441875000001,1.0,budget_constrained,983.0665
10,220,13230,9,0,16.9335,16.9335,1.7144,1000.0,5.737441875000001,1.0,budget_constrained,1000.0
10,220,13245,0,0,0.0,0.0,4.2883,1000.0,5.737441875000001,1.0,budget_constrained,1000.0
10,221,13260,0,0,0.0,0.0,1.8782,1000.0,4.3030814062500005,1.0,budget_constrained,1000.0
10,221,13275,0,0,0.0,0.0,2.2107,1000.0,4.3030814062500005,1.0,budget_constrained,1000.0
10,221,13290,0,0,0.0,0.0,2.625,1000.0,4.3030814062500005,1.0,budget_constrained,1000.0
10,221,13305,0,0,0.0,0.0,0.2312,1000.0,4.3030814062500005,1.0,budget_constrained,1000.0
10,222,13320,0,0,0.0,0.0,1.1418,1000.0,3.2273110546875,1.0,budget_constrained,1000.0
10,222,13335,0,0,0.0,0.0,2.3635,1000.0,3.2273110546875,1.0,budget_constrained,1000.0
10,222,13350,0,0,0.0,0.0,0.5084,1000.0,3.2273110546875,1.0,budget_constrained,1000.0
10,222,13365,0,0,0.0,0.0,3.2273,1000.0,3.2273110546875,1.0,budget_constrained,1000.0
10,223,13380,0,0,0.0,0.0,2.4205,1000.0,2.420483291015625,1.0,budget_constrained,1000.0
10,223,13395,0,0,0.0,0.0,1.4566,1000.0,2.420483291015625,1.0,budget_constrained,1000.0
10,223,13410,0,0,0.0,0.0,0.6609,1000.0,2.420483291015625,1.0,budget_constrained,1000.0
10,223,13425,0,0,0.0,0.0,2.4205,1000.0,2.420483291015625,1.0,budget_constrained,1000.0
10,224,13440,0,0,0.0,0.0,1.5722,1000.0,1.8153624682617187,1.0,budget_constrained,1000.0
10,224,13455,0,0,0.0,0.0,1.8154,1000.0,1.8153624682617187,1.0,budget_constrained,1000.0
10,224,13470,0,0,0.0,0.0,0.2763,1000.0,1.8153624682617187,1.0,budget_constrained,1000.0
10,224,13485,0,0,0.0,0.0,0.6584,1000.0,1.8153624682617187,1.0,budget_constrained,1000.0
10,225,13500,0,0,0.0,0.0,1.3615,1000.0,1.361521851196289,1.0,budget_constrained,1000.0
10,225,13515,0,0,0.0,0.0,0.8862,1000.0,1.361521851196289,1.0,budget_constrained,1000.0
10,225,13530,0,0,0.0,0.0,0.6295,1000.0,1.361521851196289,1.0,budget_constrained,1000.0
10,225,13545,0,0,0.0,0.0,0.6106,1000.0,1.361521851196289,1.0,budget_constrained,1000.0
10,226,13560,0,0,0.0,0.0,1.0211,1000.0,1.0211413883972167,1.0,budget_constrained,1000.0
10,226,13575,0,0,0.0,0.0,0.895,1000.0,1.0211413883972167,1.0,budget_constrained,1000.0
10,226,13590,0,0,0.0,0.0,1.0211,1000.0,1.0211413883972167,1.0,budget_constrained,1000.0
10,226,13605,0,0,0.0,0.0,1.0211,1000.0,1.0211413883972167,1.0,budget_constrained,1000.0
10,227,13620,0,0,0.0,0.0,0.7659,1000.0,0.7658560412979125,1.0,budget_constrained,1000.0
10,227,13635,0,0,0.0,0.0,0.1955,1000.0,0.7658560412979125,1.0,budget_constrained,1000.0
10,227,13650,0,0,0.0,0.0,0.7659,1000.0,0.7658560412979125,1.0,budget_constrained,1000.0
10,227,13665,0,0,0.0,0.0,0.7659,1000.0,0.7658560412979125,1.0,budget_constrained,1000.0
10,228,13680,0,0,0.0,0.0,0.5744,1000.0,0.5743920309734344,1.0,budget_constrained,1000.0
10,228,13695,0,0,0.0,0.0,0.5744,1000.0,0.5743920309734344,1.0,budget_constrained,1000.0
10,228,13710,0,0,0.0,0.0,0.0942,1000.0,0.5743920309734344,1.0,budget_constrained,1000.0
10,228,13725,0,0,0.0,0.0,0.5744,1000.0,0.5743920309734344,1.0,budget_constrained,1000.0
10,229,13740,0,0,0.0,0.0,0.5,1000.0,0.5,1.0,budget_constrained,1000.0
10,229,13755,0,0,0.0,0.0,0.5,1000.0,0.5,1.0,budget_constrained,1000.0
10,229,13770,0,0,0.0,0.0,0.5,1000.0,0.5,1.0,budget_constrained,1000.0
10,229,13785,0,0,0.0,0.0,0.1077,1000.0,0.5,1.0,budget_constrained,1000.0
10,230,13800,0,0,0.0,0.0,0.2537,1000.0,0.5,1.0,budget_constrained,1000.0
10,230,13815,0,0,0.0,0.0,0.5,1000.0,0.5,1.0,budget_constrained,1000.0
10,230,13830,0,0,0.0,0.0,0.5,1000.0,0.5,1.0,budget_constrained,1000.0
10,230,13845,0,0,0.0,0.0,0.5,1000.0,0.5,1.0,budget_constrained,1000.0
10,231,13860,0,0,0.0,0.0,0.5,1000.0,0.5,1.0,budget_constrained,1000.0
10,231,13875,0,0,0.0,0.0,0.5,1000.0,0.5,1.0,budget_constrained,1000.0
10,231,13890,0,0,0.0,0.0,0.5,1000.0,0.5,1.0,budget_constrained,1000.0
10,231,13905,0,0,0.0,0.0,0.4016,1000.0,0.5,1.0,budget_constrained,1000.0
10,232,13920,0,0,0.0,0.0,0.5,1000.0,0.5,1.0,budget_constrained,1000.0
10,232,13935,0,0,0.0,0.0,0.1672,1000.0,0.5,1.0,budget_constrained,1000.0
10,232,13950,0,0,0.0,0.0,0.4011,1000.0,0.5,1.0,budget_constrained,1000.0
10,232,13965,0,0,0.0,0.0,0.5,1000.0,0.5,1.0,budget_constrained,1000.0
10,233,13980,0,0,0.0,0.0,0.5,1000.0,0.5,1.0,budget_constrained,1000.0
10,233,13995,0,0,0.0,0.0,0.5,1000.0,0.5,1.0,budget_constrained,1000.0
10,233,14010,0,0,0.0,0.0,0.319,1000.0,0.5,1.0,budget_constrained,1000.0
10,233,14025,0,0,0.0,0.0,0.5,1000.0,0.5,1.0,budget_constrained,1000.0
10,234,14040,0,0,0.0,0.0,0.5,1000.0,0.5,1.0,budget_constrained,1000.0
10,234,14055,0,0,0.0,0.0,0.5,1000.0,0.5,1.0,budget_constrained,1000.0
10,234,14070,0,0,0.0,0.0,0.5,1000.0,0.5,1.0,budget_constrained,1000.0
10,234,14085,0,0,0.0,0.0,0.5,1000.0,0.5,1.0,budget_constrained,1000.0
10,235,14100,0,0,0.0,0.0,0.3704,1000.0,0.5,1.0,budget_constrained,1000.0
10,235,14115,0,0,0.0,0.0,0.5,1000.0,0.5,1.0,budget_constrained,1000.0
10,235,14130,0,0,0.0,0.0,0.2257,1000.0,0.5,1.0,budget_constrained,1000.0
10,235,14145,0,0,0.0,0.0,0.5,1000.0,0.5,1.0,budget_constrained,1000.0
10,236,14160,0,0,0.0,0.0,0.5,1000.0,0.5,1.0,budget_constrained,1000.0
10,236,14175,0,0,0.0,0.0,0.5,1000.0,0.5,1.0,budget_constrained,1000.0
10,236,14190,0,0,0.0,0.0,0.5,1000.0,0.5,1.0,budget_constrained,1000.0
10,236,14205,0,0,0.0,0.0,0.5,1000.0,0.5,1.0,budget_constrained,1000.0
10,237,14220,0,0,0.0,0.0,0.5,1000.0,0.5,1.0,budget_constrained,1000.0
10,237,14235,0,0,0.0,0.0,0.5,1000.0,0.5,1.0,budget_constrained,1000.0
10,237,14250,0,0,0.0,0.0,0.5,1000.0,0.5,1.0,budget_constrained,1000.0
10,237,14265,0,0,0.0,0.0,0.5,1000.0,0.5,1.0,budget_constrained,1000.0
10,238,14280,0,0,0.0,0.0,0.5,1000.0,0.5,1.0,budget_constrained,1000.0
10,238,14295,0,0,0.0,0.0,0.5,1000.0,0.5,1.0,budget_constrained,1000.0
10,238,14310,0,0,0.0,0.0,0.0193,1000.0,0.5,1.0,budget_constrained,1000.0
10,238,14325,0,0,0.0,0.0,0.5,1000.0,0.5,1.0,budget_constrained,1000.0
10,239,14340,0,0,0.0,0.0,0.0015,1000.0,0.5,1.0,budget_constrained,1000.0
10,239,14355,0,0,0.0,0.0,0.5,1000.0,0.5,1.0,budget_constrained,1000.0
10,239,14370,0,0,0.0,0.0,0.5,1000.0,0.5,1.0,budget_constrained,1000.0
10,239,14385,0,0,0.0,0.0,0.5,1000.0,0.5,1.0,budget_constrained,1000.0
11,240,14400,0,0,0.0,0.0,0.5,1000.0,0.5,1.0,normal,0.0
11,240,14415,0,0,0.0,0.0,0.5,1000.0,0.5,1.0,normal,0.0
11,240,14430,4,0,2.0,2.0,0.5,1000.0,0.5,1.0,normal,2.0
11,240,14445,2,0,1.0,1.0,0.5,1000.0,0.5,1.0,normal,3.0
11,241,14460,1,1,0.5,0.5,0.5,1000.0,0.5,1.0,normal,3.5
11,241,14475,1,0,0.5,0.5,0.5,1000.0,0.5,1.0,normal,4.0
11,241,14490,1,0,0.5,0.5,0.5,1000.0,0.5,1.0,normal,4.5
11,241,14505,0,0,0.0,0.0,0.5,1000.0,0.5,1.0,normal,4.5
11,242,14520,1,0,0.5,0.5,0.5,1000.0,0.5,1.0,normal,5.0
11,242,14535,0,0,0.0,0.0,0.5,1000.0,0.5,1.0,normal,5.0
11,242,14550,0,0,0.0,0.0,0.2361,1000.0,0.5,1.0,normal,5.0
11,242,14565,2,0,1.0,1.0,0.5,1000.0,0.5,1.0,normal,6.0
11,243,14580,0,0,0.0,0.0,0.2538,1000.0,0.5,1.0,normal,6.0
11,243,14595,2,0,1.0,1.0,0.5,1000.0,0.5,1.0,normal,7.0
11,243,14610,2,0,1.0,1.0,0.5,1000.0,0.5,1.0,normal,8.0
11,243,14625,0,0,0.0,0.0,0.5,1000.0,0.5,1.0,normal,8.0
11,244,14640,2,0,1.21,1.21,0.605,1000.0,0.6050000000000001,1.0,normal,9.21
11,244,14655,3,0,0.1447,0.1447,0.0482,1000.0,0.6050000000000001,1.0,normal,9.3547
11,244,14670,2,0,1.21,1.21,0.605,1000.0,0.6050000000000001,1.0,normal,10.5647
11,244,14685,1,0,0.5898,0.5898,0.5898,1000.0,0.6050000000000001,1.0,normal,11.1545
11,245,14700,2,0,0.3141,0.3141,0.157,1000.0,0.7320500000000003,1.0,normal,11.4686
11,245,14715,0,0,0.0,0.0,0.7321,1000.0,0.7320500000000003,1.0,normal,11.4686
11,245,14730,2,0,1.0873,1.0873,0.5437,1000.0,0.7320500000000003,1.0,normal,12.5559
11,245,14745,1,0,0.7321,0.7321,0.7321,1000.0,0.7320500000000003,1.0,normal,13.288
11,246,14760,2,0,1.7716,1.7716,0.8858,1000.0,0.8857805000000005,1.0,normal,15.0596
11,246,14775,3,0,2.6573,2.6573,0.8858,1000.0,0.8857805000000005,1.0,normal,17.7169
11,246,14790,2,0,1.7716,1.7716,0.8858,1000.0,0.8857805000000005,1.0,normal,19.4885
11,246,14805,3,0,2.6573,2.6573,0.8858,1000.0,0.8857805000000005,1.0,normal,22.1458
11,247,14820,3,0,3.2154,3.2154,1.0718,1000.0,1.0717944050000008,1.0,normal,25.3612
11,247,14835,2,1,2.1436,2.1436,1.0718,1000.0,1.0717944050000008,1.0,normal,27.5048
11,247,14850,4,0,4.2872,4.2872,1.0718,1000.0,1.0717944050000008,1.0,normal,31.792
11,247,14865,2,0,2.1436,2.1436,1.0718,1000.0,1.0717944050000008,1.0,normal,33.9356
11,248,14880,3,0,2.353,2.353,0.7843,1000.0,1.2968712300500012,1.0,normal,36.2886
11,248,14895,3,0,3.5038,3.5038,1.1679,1000.0,1.2968712300500012,1.0,normal,39.7924
11,248,14910,3,0,3.8906,3.8906,1.2969,1000.0,1.2968712300500012,1.0,normal,43.683
11,248,14925,3,0,3.8906,3.8906,1.2969,1000.0,1.2968712300500012,1.0,normal,47.5736
11,249,14940,3,1,2.6311,2.6311,0.877,1000.0,1.5692141883605017,1.0,normal,50.2047
11,249,14955,4,0,6.2769,6.2769,1.5692,1000.0,1.5692141883605017,1.0,normal,56.4816
11,249,14970,5,0,7.8461,7.8461,1.5692,1000.0,1.5692141883605017,1.0,normal,64.3277
11,249,14985,4,1,6.2769,6.2769,1.5692,1000.0,1.5692141883605017,1.0,normal,70.6046
11,250,15000,4,0,7.595,7.595,1.8987,1000.0,1.8987491679162074,1.0,normal,78.1996
11,250,15015,7,0,5.2817,5.2817,0.7545,1000.0,1.8987491679162074,1.0,normal,83.4813
11,250,15030,4,0,7.595,7.595,1.8987,1000.0,1.8987491679162074,1.0,normal,91.0763
11,250,15045,8,2,3.4769,1.7385,0.4346,1000.0,1.8987491679162074,1.0,normal,94.5532
11,251,15060,7,0,2.3367,2.3367,0.3338,1000.0,2.297486493178611,1.0,normal,96.8899
11,251,15075,6,0,13.7849,13.7849,2.2975,1000.0,2.297486493178611,1.0,normal,110.6748
11,251,15090,5,0,11.4874,11.4874,2.2975,1000.0,2.297486493178611,1.0,normal,122.1622
11,251,15105,4,0,6.1762,6.1762,1.544,1000.0,2.297486493178611,1.0,normal,128.3384
11,252,15120,17,1,48.6458,48.6458,2.8615,1000.0,5.0,1.0,normal,176.9842
11,252,15135,12,0,31.8722,31.8722,2.656,1000.0,5.0,1.0,normal,208.8564
11,252,15150,18,0,90.0,90.0,5.0,1000.0,5.0,1.0,normal,298.8564
11,252,15165,11,1,44.5145,44.5145,4.0468,1000.0,5.0,1.0,normal,343.3709
11,253,15180,13,0,74.7747,74.7747,5.7519,1000.0,6.050000000000001,1.0,normal,418.1456
11,253,15195,11,0,45.0451,45.0451,4.095,1000.0,6.050000000000001,1.0,normal,463.1907
11,253,15210,11,0,25.147,25.147,2.2861,1000.0,6.050000000000001,1.0,normal,488.3377
11,253,15225,15,0,3.3371,3.3371,0.2225,1000.0,6.050000000000001,1.0,normal,491.6748
11,254,15240,19,3,61.4452,20.4817,3.234,1000.0,7.320500000000002,1.0,normal,553.12
11,254,15255,16,2,68.953,34.4765,4.3096,1000.0,7.320500000000002,1.0,normal,622.073
11,254,15270,11,0,14.03,14.03,1.2755,1000.0,7.320500000000002,1.0,normal,636.103
11,254,15285,26,1,86.8109,86.8109,3.3389,1000.0,7.320500000000002,1.0,normal,722.9139
11,255,15300,17,0,1.8505,1.8505,0.1089,1000.0,8.857805000000003,1.0,normal,724.7644
11,255,15315,19,1,49.2942,49.2942,2.5944,1000.0,8.857805000000003,1.0,normal,774.0586
11,255,15330,17,1,31.5955,31.5955,1.8586,1000.0,8.857805000000003,1.0,normal,805.6541
11,255,15345,33,0,102.8908,102.8908,3.1179,1000.0,8.857805000000003,1.0,budget_constrained,908.5449
11,256,15360,28,0,42.6874,42.6874,1.5245,1000.0,9.743585500000004,1.0,budget_constrained,951.2323
11,256,15375,6,0,48.7677,48.7677,7.3487,1000.0,9.743585500000004,1.0,budget_depleted,1000.0
11,256,15390,0,0,0.0,0.0,0.0,1000.0,9.743585500000004,1.0,budget_depleted,1000.0
11,256,15405,0,0,0.0,0.0,0.0,1000.0,9.743585500000004,1.0,budget_depleted,1000.0
11,257,15420,0,0,0.0,0.0,0.0,1000.0,10.717944050000005,1.0,budget_depleted,1000.0
11,257,15435,0,0,0.0,0.0,0.0,1000.0,10.717944050000005,1.0,budget_depleted,1000.0
11,257,15450,0,0,0.0,0.0,0.0,1000.0,10.717944050000005,1.0,budget_depleted,1000.0
11,257,15465,0,0,0.0,0.0,0.0,1000.0,10.717944050000005,1.0,budget_depleted,1000.0
11,258,15480,0,0,0.0,0.0,0.0,1000.0,11.789738455000007,1.0,budget_depleted,1000.0
11,258,15495,0,0,0.0,0.0,0.0,1000.0,11.789738455000007,1.0,budget_depleted,1000.0
11,258,15510,0,0,0.0,0.0,0.0,1000.0,11.789738455000007,1.0,budget_depleted,1000.0
11,258,15525,0,0,0.0,0.0,0.0,1000.0,11.789738455000007,1.0,budget_depleted,1000.0
11,259,15540,0,0,0.0,0.0,0.0,1000.0,12.968712300500009,1.0,budget_depleted,1000.0
11,259,15555,0,0,0.0,0.0,0.0,1000.0,12.968712300500009,1.0,budget_depleted,1000.0
11,259,15570,0,0,0.0,0.0,0.0,1000.0,12.968712300500009,1.0,budget_depleted,1000.0
11,259,15585,0,0,0.0,0.0,0.0,1000.0,12.968712300500009,1.0,budget_depleted,1000.0
11,260,15600,0,0,0.0,0.0,0.0,1000.0,14.26558353055001,1.0,budget_depleted,1000.0
11,260,15615,0,0,0.0,0.0,0.0,1000.0,14.26558353055001,1.0,budget_depleted,1000.0
11,260,15630,0,0,0.0,0.0,0.0,1000.0,14.26558353055001,1.0,budget_depleted,1000.0
11,260,15645,0,0,0.0,0.0,0.0,1000.0,14.26558353055001,1.0,budget_depleted,1000.0
11,261,15660,0,0,0.0,0.0,0.0,1000.0,15.692141883605013,1.0,budget_depleted,1000.0
11,261,15675,0,0,0.0,0.0,0.0,1000.0,15.692141883605013,1.0,budget_depleted,1000.0
11,261,15690,0,0,0.0,0.0,0.0,1000.0,15.692141883605013,1.0,budget_depleted,1000.0
11,261,15705,0,0,0.0,0.0,0.0,1000.0,15.692141883605013,1.0,budget_depleted,1000.0
11,262,15720,0,0,0.0,0.0,0.0,1000.0,17.261356071965515,1.0,budget_depleted,1000.0
11,262,15735,0,0,0.0,0.0,0.0,1000.0,17.261356071965515,1.0,budget_depleted,1000.0
11,262,15750,0,0,0.0,0.0,0.0,1000.0,17.261356071965515,1.0,budget_depleted,1000.0
11,262,15765,0,0,0.0,0.0,0.0,1000.0,17.261356071965515,1.0,budget_depleted,1000.0
11,263,15780,0,0,0.0,0.0,0.0,1000.0,18.98749167916207,1.0,budget_depleted,1000.0
11,263,15795,0,0,0.0,0.0,0.0,1000.0,18.98749167916207,1.0,budget_depleted,1000.0
11,263,15810,0,0,0.0,0.0,0.0,1000.0,18.98749167916207,1.0,budget_depleted,1000.0
11,263,15825,0,0,0.0,0.0,0.0,1000.0,18.98749167916207,1.0,budget_depleted,1000.0
12,264,15840,0,0,0.0,0.0,0.0,1000.0,20.0,1.0,normal,0.0
12,264,15855,49,0,283.3948,283.3948,5.7836,1000.0,20.0,1.0,normal,283.3948
12,264,15870,42,0,278.4963,278.4963,6.6309,1000.0,20.0,1.0,normal,561.8911
12,264,15885,59,1,92.7104,92.7104,1.5714,1000.0,20.0,1.0,normal,654.6015
12,265,15900,35,3,34.8735,11.6245,0.9964,1000.0,15.299999999999999,1.0,normal,689.475
12,265,15915,39,2,200.6745,100.3372,5.1455,1000.0,15.299999999999999,1.0,normal,890.1495
12,265,15930,11,0,109.8505,109.8505,9.2506,1000.0,15.299999999999999,1.0,budget_depleted,1000.0
12,265,15945,0,0,0.0,0.0,0.0,1000.0,15.299999999999999,1.0,budget_depleted,1000.0
12,266,15960,0,0,0.0,0.0,0.0,1000.0,11.7045,1.0,budget_depleted,1000.0
12,266,15975,0,0,0.0,0.0,0.0,1000.0,11.7045,1.0,budget_depleted,1000.0
12,266,15990,0,0,0.0,0.0,0.0,1000.0,11.7045,1.0,budget_depleted,1000.0
12,266,16005,0,0,0.0,0.0,0.0,1000.0,11.7045,1.0,budget_depleted,1000.0
12,267,16020,0,0,0.0,0.0,0.0,1000.0,8.9539425,1.0,budget_depleted,1000.0
12,267,16035,0,0,0.0,0.0,0.0,1000.0,8.9539425,1.0,budget_depleted,1000.0
12,267,16050,0,0,0.0,0.0,0.0,1000.0,8.9539425,1.0,budget_depleted,1000.0
12,267,16065,0,0,0.0,0.0,0.0,1000.0,8.9539425,1.0,budget_depleted,1000.0
12,268,16080,0,0,0.0,0.0,0.0,1000.0,6.849766012500001,1.0,budget_depleted,1000.0
12,268,16095,0,0,0.0,0.0,0.0,1000.0,6.849766012500001,1.0,budget_depleted,1000.0
12,268,16110,0,0,0.0,0.0,0.0,1000.0,6.849766012500001,1.0,budget_depleted,1000.0
12,268,16125,0,0,0.0,0.0,0.0,1000.0,6.849766012500001,1.0,budget_depleted,1000.0
12,269,16140,0,0,0.0,0.0,0.0,1000.0,5.2400709995625006,1.0,budget_depleted,1000.0
12,269,16155,0,0,0.0,0.0,0.0,1000.0,5.2400709995625006,1.0,budget_depleted,1000.0
12,269,16170,0,0,0.0,0.0,0.0,1000.0,5.2400709995625006,1.0,budget_depleted,1000.0
12,269,16185,0,0,0.0,0.0,0.0,1000.0,5.2400709995625006,1.0,budget_depleted,1000.0
12,270,16200,0,0,0.0,0.0,0.0,1000.0,4.008654314665313,1.0,budget_depleted,1000.0
12,270,16215,0,0,0.0,0.0,0.0,1000.0,4.008654314665313,1.0,budget_depleted,1000.0
12,270,16230,0,0,0.0,0.0,0.0,1000.0,4.008654314665313,1.0,budget_depleted,1000.0
12,270,16245,0,0,0.0,0.0,0.0,1000.0,4.008654314665313,1.0,budget_depleted,1000.0
12,271,16260,0,0,0.0,0.0,0.0,1000.0,3.0666205507189646,1.0,budget_depleted,1000.0
12,271,16275,0,0,0.0,0.0,0.0,1000.0,3.0666205507189646,1.0,budget_depleted,1000.0
12,271,16290,0,0,0.0,0.0,0.0,1000.0,3.0666205507189646,1.0,budget_depleted,1000.0
12,271,16305,0,0,0.0,0.0,0.0,1000.0,3.0666205507189646,1.0,budget_depleted,1000.0
12,272,16320,0,0,0.0,0.0,0.0,1000.0,2.3459647213000077,1.0,budget_depleted,1000.0
12,272,16335,0,0,0.0,0.0,0.0,1000.0,2.3459647213000077,1.0,budget_depleted,1000.0
12,272,16350,0,0,0.0,0.0,0.0,1000.0,2.3459647213000077,1.0,budget_depleted,1000.0
12,272,16365,0,0,0.0,0.0,0.0,1000.0,2.3459647213000077,1.0,budget_depleted,1000.0
12,273,16380,0,0,0.0,0.0,0.0,1000.0,1.794663011794506,1.0,budget_depleted,1000.0
12,273,16395,0,0,0.0,0.0,0.0,1000.0,1.794663011794506,1.0,budget_depleted,1000.0
12,273,16410,0,0,0.0,0.0,0.0,1000.0,1.794663011794506,1.0,budget_depleted,1000.0
12,273,16425,0,0,0.0,0.0,0.0,1000.0,1.794663011794506,1.0,budget_depleted,1000.0
12,274,16440,0,0,0.0,0.0,0.0,1000.0,1.2113975329612914,1.0,budget_depleted,1000.0
12,274,16455,0,0,0.0,0.0,0.0,1000.0,1.2113975329612914,1.0,budget_depleted,1000.0
12,274,16470,0,0,0.0,0.0,0.0,1000.0,1.2113975329612914,1.0,budget_depleted,1000.0
12,274,16485,0,0,0.0,0.0,0.0,1000.0,1.2113975329612914,1.0,budget_depleted,1000.0
12,275,16500,0,0,0.0,0.0,0.0,1000.0,0.8176933347488717,1.0,budget_depleted,1000.0
12,275,16515,0,0,0.0,0.0,0.0,1000.0,0.8176933347488717,1.0,budget_depleted,1000.0
12,275,16530,0,0,0.0,0.0,0.0,1000.0,0.8176933347488717,1.0,budget_depleted,1000.0
12,275,16545,0,0,0.0,0.0,0.0,1000.0,0.8176933347488717,1.0,budget_depleted,1000.0
12,276,16560,0,0,0.0,0.0,0.0,1000.0,0.5519430009554884,1.0,budget_depleted,1000.0
12,276,16575,0,0,0.0,0.0,0.0,1000.0,0.5519430009554884,1.0,budget_depleted,1000.0
12,276,16590,0,0,0.0,0.0,0.0,1000.0,0.5519430009554884,1.0,budget_depleted,1000.0
12,276,16605,0,0,0.0,0.0,0.0,1000.0,0.5519430009554884,1.0,budget_depleted,1000.0
12,277,16620,0,0,0.0,0.0,0.0,1000.0,0.5,1.0,budget_depleted,1000.0
12,277,16635,0,0,0.0,0.0,0.0,1000.0,0.5,1.0,budget_depleted,1000.0
12,277,16650,0,0,0.0,0.0,0.0,1000.0,0.5,1.0,budget_depleted,1000.0
12,277,16665,0,0,0.0,0.0,0.0,1000.0,0.5,1.0,budget_depleted,1000.0
12,278,16680,0,0,0.0,0.0,0.0,1000.0,0.5,1.0,budget_depleted,1000.0
12,278,16695,0,0,0.0,0.0,0.0,1000.0,0.5,1.0,budget_depleted,1000.0
12,278,16710,0,0,0.0,0.0,0.0,1000.0,0.5,1.0,budget_depleted,1000.0
12,278,16725,0,0,0.0,0.0,0.0,1000.0,0.5,1.0,budget_depleted,1000.0
12,279,16740,0,0,0.0,0.0,0.0,1000.0,0.5,1.0,budget_depleted,1000.0
12,279,16755,0,0,0.0,0.0,0.0,1000.0,0.5,1.0,budget_depleted,1000.0
12,279,16770,0,0,0.0,0.0,0.0,1000.0,0.5,1.0,budget_depleted,1000.0
12,279,16785,0,0,0.0,0.0,0.0,1000.0,0.5,1.0,budget_depleted,1000.0
12,280,16800,0,0,0.0,0.0,0.0,1000.0,0.5,1.0,budget_depleted,1000.0
12,280,16815,0,0,0.0,0.0,0.0,1000.0,0.5,1.0,budget_depleted,1000.0
12,280,16830,0,0,0.0,0.0,0.0,1000.0,0.5,1.0,budget_depleted,1000.0
12,280,16845,0,0,0.0,0.0,0.0,1000.0,0.5,1.0,budget_depleted,1000.0
12,281,16860,0,0,0.0,0.0,0.0,1000.0,0.5,1.0,budget_depleted,1000.0
12,281,16875,0,0,0.0,0.0,0.0,1000.0,0.5,1.0,budget_depleted,1000.0
12,281,16890,0,0,0.0,0.0,0.0,1000.0,0.5,1.0,budget_depleted,1000.0
12,281,16905,0,0,0.0,0.0,0.0,1000.0,0.5,1.0,budget_depleted,1000.0
12,282,16920,0,0,0.0,0.0,0.0,1000.0,0.5,1.0,budget_depleted,1000.0
12,282,16935,0,0,0.0,0.0,0.0,1000.0,0.5,1.0,budget_depleted,1000.0
12,282,16950,0,0,0.0,0.0,0.0,1000.0,0.5,1.0,budget_depleted,1000.0
12,282,16965,0,0,0.0,0.0,0.0,1000.0,0.5,1.0,budget_depleted,1000.0
12,283,16980,0,0,0.0,0.0,0.0,1000.0,0.5,1.0,budget_depleted,1000.0
12,283,16995,0,0,0.0,0.0,0.0,1000.0,0.5,1.0,budget_depleted,1000.0
12,283,17010,0,0,0.0,0.0,0.0,1000.0,0.5,1.0,budget_depleted,1000.0
12,283,17025,0,0,0.0,0.0,0.0,1000.0,0.5,1.0,budget_depleted,1000.0
12,284,17040,0,0,0.0,0.0,0.0,1000.0,0.5,1.0,budget_depleted,1000.0
12,284,17055,0,0,0.0,0.0,0.0,1000.0,0.5,1.0,budget_depleted,1000.0
12,284,17070,0,0,0.0,0.0,0.0,1000.0,0.5,1.0,budget_depleted,1000.0
12,284,17085,0,0,0.0,0.0,0.0,1000.0,0.5,1.0,budget_depleted,1000.0
12,285,17100,0,0,0.0,0.0,0.0,1000.0,0.5,1.0,budget_depleted,1000.0
12,285,17115,0,0,0.0,0.0,0.0,1000.0,0.5,1.0,budget_depleted,1000.0
12,285,17130,0,0,0.0,0.0,0.0,1000.0,0.5,1.0,budget_depleted,1000.0
12,285,17145,0,0,0.0,0.0,0.0,1000.0,0.5,1.0,budget_depleted,1000.0
12,286,17160,0,0,0.0,0.0,0.0,1000.0,0.5,1.0,budget_depleted,1000.0
12,286,17175,0,0,0.0,0.0,0.0,1000.0,0.5,1.0,budget_depleted,1000.0
12,286,17190,0,0,0.0,0.0,0.0,1000.0,0.5,1.0,budget_depleted,1000.0
12,286,17205,0,0,0.0,0.0,0.0,1000.0,0.5,1.0,budget_depleted,1000.0
12,287,17220,0,0,0.0,0.0,0.0,1000.0,0.5,1.0,budget_depleted,1000.0
12,287,17235,0,0,0.0,0.0,0.0,1000.0,0.5,1.0,budget_depleted,1000.0
12,287,17250,0,0,0.0,0.0,0.0,1000.0,0.5,1.0,budget_depleted,1000.0
12,287,17265,0,0,0.0,0.0,0.0,1000.0,0.5,1.0,budget_depleted,1000.0
13,288,17280,0,0,0.0,0.0,0.0,1000.0,0.5,0.0,normal,0.0
13,288,17295,1,0,0.5,0.5,0.5,1000.0,0.5,0.0,normal,0.5
13,288,17310,1,0,0.5,0.5,0.5,1000.0,0.5,0.0,normal,1.0
13,288,17325,1,0,0.2855,0.2855,0.2855,1000.0,0.5,0.0,normal,1.2855
13,289,17340,1,0,0.55,0.55,0.55,1000.0,0.55,0.0,normal,1.8355
13,289,17355,1,0,0.55,0.55,0.55,1000.0,0.55,0.0,normal,2.3855
13,289,17370,4,0,1.5079,1.5079,0.377,1000.0,0.55,0.0,normal,3.8934
13,289,17385,2,0,1.1,1.1,0.55,1000.0,0.55,0.0,normal,4.9934
13,290,17400,1,0,0.605,0.605,0.605,1000.0,0.6050000000000001,0.0,normal,5.5984
13,290,17415,1,0,0.5605,0.5605,0.5605,1000.0,0.6050000000000001,0.0,normal,6.1589
13,290,17430,2,0,1.1668,1.1668,0.5834,1000.0,0.6050000000000001,0.0,normal,7.3257
13,290,17445,1,0,0.605,0.605,0.605,1000.0,0.6050000000000001,0.0,normal,7.9307
13,291,17460,3,0,1.9965,1.9965,0.6655,1000.0,0.6655000000000002,0.0,normal,9.9272
13,291,17475,0,0,0.0,0.0,0.6655,1000.0,0.6655000000000002,0.0,normal,9.9272
13,291,17490,0,0,0.0,0.0,0.6655,1000.0,0.6655000000000002,0.0,normal,9.9272
13,291,17505,0,0,0.0,0.0,0.6655,1000.0,0.6655000000000002,0.0,normal,9.9272
13,292,17520,1,0,0.7321,0.7321,0.7321,1000.0,0.7320500000000003,0.0,normal,10.6593
13,292,17535,3,0,2.1962,2.1962,0.7321,1000.0,0.7320500000000003,0.0,normal,12.8555
13,292,17550,5,0,3.6603,3.6603,0.7321,1000.0,0.7320500000000003,0.0,normal,16.5158
13,292,17565,2,0,1.4641,1.4641,0.7321,1000.0,0.7320500000000003,0.0,normal,17.9799
13,293,17580,2,0,1.5702,1.5702,0.7851,1000.0,0.8052550000000004,0.0,normal,19.5501
13,293,17595,0,0,0.0,0.0,0.8053,1000.0,0.8052550000000004,0.0,normal,19.5501
13,293,17610,3,0,2.4158,2.4158,0.8053,1000.0,0.8052550000000004,0.0,normal,21.9659
13,293,17625,3,0,1.4071,1.4071,0.469,1000.0,0.8052550000000004,0.0,normal,23.373
13,294,17640,1,0,0.8858,0.8858,0.8858,1000.0,0.8857805000000005,0.0,normal,24.2588
13,294,17655,3,0,1.254,1.254,0.418,1000.0,0.8857805000000005,0.0,normal,25.5128
13,294,17670,4,0,3.5431,3.5431,0.8858,1000.0,0.8857805000000005,0.0,normal,29.0559
13,294,17685,2,0,1.7716,1.7716,0.8858,1000.0,0.8857805000000005,0.0,normal,30.8275
13,295,17700,6,0,5.8462,5.8462,0.9744,1000.0,0.9743585500000007,0.0,normal,36.6737
13,295,17715,2,0,1.9487,1.9487,0.9744,1000.0,0.9743585500000007,0.0,normal,38.6224
13,295,17730,2,0,1.9487,1.9487,0.9744,1000.0,0.9743585500000007,0.0,normal,40.5711
13,295,17745,2,0,1.9487,1.9487,0.9744,1000.0,0.9743585500000007,0.0,normal,42.5198
13,296,17760,4,0,2.2384,2.2384,0.5596,1000.0,1.0717944050000008,0.0,normal,44.7582
13,296,17775,0,0,0.0,0.0,0.2657,1000.0,1.0717944050000008,0.0,normal,44.7582
13,296,17790,3,0,3.2154,3.2154,1.0718,1000.0,1.0717944050000008,0.0,normal,47.9736
13,296,17805,6,0,6.4308,6.4308,1.0718,1000.0,1.0717944050000008,0.0,normal,54.4044
13,297,17820,1,0,1.179,1.179,1.179,1000.0,1.178973845500001,0.0,normal,55.5834
13,297,17835,1,0,1.179,1.179,1.179,1000.0,1.178973845500001,0.0,normal,56.7624
13,297,17850,2,0,2.3579,2.3579,1.179,1000.0,1.178973845500001,0.0,normal,59.1203
13,297,17865,3,0,1.9995,1.9995,0.6665,1000.0,1.178973845500001,0.0,normal,61.1198
13,298,17880,4,0,5.1875,5.1875,1.2969,1000.0,1.2968712300500012,0.0,normal,66.3073
13,298,17895,4,0,5.1875,5.1875,1.2969,1000.0,1.2968712300500012,0.0,normal,71.4948
13,298,17910,3,0,3.8906,3.8906,1.2969,1000.0,1.2968712300500012,0.0,normal,75.3854
13,298,17925,2,0,2.5937,2.5937,1.2969,1000.0,1.2968712300500012,0.0,normal,77.9791
13,299,17940,3,0,2.9627,2.9627,0.9876,1000.0,1.4265583530550014,0.0,normal,80.9418
13,299,17955,7,0,9.3447,9.3447,1.335,1000.0,1.4265583530550014,0.0,normal,90.2865
13,299,17970,2,0,2.8531,2.8531,1.4266,1000.0,1.4265583530550014,0.0,normal,93.1396
13,299,17985,2,0,2.4798,2.4798,1.2399,1000.0,1.4265583530550014,0.0,normal,95.6194
13,300,18000,0,0,0.0,0.0,0.01,1000.0,0.01,0.0,normal,95.6194
13,300,18015,0,0,0.0,0.0,0.01,1000.0,0.01,0.0,normal,95.6194
13,300,18030,0,0,0.0,0.0,0.01,1000.0,0.01,0.0,normal,95.6194
13,300,18045,0,0,0.0,0.0,0.01,1000.0,0.01,0.0,normal,95.6194
13,301,18060,1,0,0.5,0.5,0.5,1000.0,0.5,0.0,normal,96.1194
13,301,18075,2,0,1.0,1.0,0.5,1000.0,0.5,0.0,normal,97.1194
13,301,18090,2,0,1.0,1.0,0.5,1000.0,0.5,0.0,normal,98.1194
13,301,18105,1,0,0.5,0.5,0.5,1000.0,0.5,0.0,normal,98.6194
13,302,18120,0,0,0.0,0.0,0.2777,1000.0,0.55,0.0,normal,98.6194
13,302,18135,0,0,0.0,0.0,0.55,1000.0,0.55,0.0,normal,98.6194
13,302,18150,5,0,2.1091,2.1091,0.4218,1000.0,0.55,0.0,normal,100.7285
13,302,18165,2,0,0.5153,0.5153,0.2576,1000.0,0.55,0.0,normal,101.2438
13,303,18180,2,0,0.8608,0.8608,0.4304,1000.0,0.6050000000000001,0.0,normal,102.1046
13,303,18195,3,0,1.815,1.815,0.605,1000.0,0.6050000000000001,0.0,normal,103.9196
13,303,18210,0,0,0.0,0.0,0.605,1000.0,0.6050000000000001,0.0,normal,103.9196
13,303,18225,1,0,0.605,0.605,0.605,1000.0,0.6050000000000001,0.0,normal,104.5246
13,304,18240,2,0,1.331,1.331,0.6655,1000.0,0.6655000000000002,0.0,normal,105.8556
13,304,18255,0,0,0.0,0.0,0.6655,1000.0,0.6655000000000002,0.0,normal,105.8556
13,304,18270,2,0,1.331,1.331,0.6655,1000.0,0.6655000000000002,0.0,normal,107.1866
13,304,18285,0,0,0.0,0.0,0.4481,1000.0,0.6655000000000002,0.0,normal,107.1866
13,305,18300,1,0,0.7321,0.7321,0.7321,1000.0,0.7320500000000003,0.0,normal,107.9187
13,305,18315,3,0,1.7657,1.7657,0.5886,1000.0,0.7320500000000003,0.0,normal,109.6844
13,305,18330,3,0,2.1962,2.1962,0.7321,1000.0,0.7320500000000003,0.0,normal,111.8806
13,305,18345,2,0,1.4641,1.4641,0.7321,1000.0,0.7320500000000003,0.0,normal,113.3447
13,306,18360,1,0,0.6519,0.6519,0.6519,1000.0,0.8052550000000004,0.0,normal,113.9966
13,306,18375,1,0,0.8053,0.8053,0.8053,1000.0,0.8052550000000004,0.0,normal,114.8019
13,306,18390,3,0,2.4158,2.4158,0.8053,1000.0,0.8052550000000004,0.0,normal,117.2177
13,306,18405,1,0,0.7998,0.7998,0.7998,1000.0,0.8052550000000004,0.0,normal,118.0175
13,307,18420,3,0,0.2729,0.2729,0.091,1000.0,0.8857805000000005,0.0,normal,118.2904
13,307,18435,1,0,0.0396,0.0396,0.0396,1000.0,0.8857805000000005,0.0,normal,118.33
13,307,18450,1,0,0.8858,0.8858,0.8858,1000.0,0.8857805000000005,0.0,normal,119.2158
13,307,18465,1,0,0.6153,0.6153,0.6153,1000.0,0.8857805000000005,0.0,normal,119.8311
13,308,18480,3,0,2.9231,2.9231,0.9744,1000.0,0.9743585500000007,0.0,normal,122.7542
13,308,18495,4,0,3.8974,3.8974,0.9744,1000.0,0.9743585500000007,0.0,normal,126.6516
13,308,18510,2,0,1.9487,1.9487,0.9744,1000.0,0.9743585500000007,0.0,normal,128.6003
13,308,18525,2,0,1.9487,1.9487,0.9744,1000.0,0.9743585500000007,0.0,normal,130.549
13,309,18540,0,0,0.0,0.0,0.7503,1000.0,0.7502560835000005,0.0,normal,130.549
13,309,18555,3,0,2.2508,2.2508,0.7503,1000.0,0.7502560835000005,0.0,normal,132.7998
13,309,18570,2,0,1.2457,1.2457,0.6229,1000.0,0.7502560835000005,0.0,normal,134.0455
13,309,18585,4,0,3.001,3.001,0.7503,1000.0,0.7502560835000005,0.0,normal,137.0465
13,310,18600,2,0,1.1554,1.1554,0.5777,1000.0,0.5776971842950004,0.0,normal,138.2019
13,310,18615,1,0,0.5777,0.5777,0.5777,1000.0,0.5776971842950004,0.0,normal,138.7796
13,310,18630,4,0,2.3108,2.3108,0.5777,1000.0,0.5776971842950004,0.0,normal,141.0904
13,310,18645,1,0,0.5777,0.5777,0.5777,1000.0,0.5776971842950004,0.0,normal,141.6681
13,311,18660,2,0,0.2388,0.2388,0.1194,1000.0,0.5,0.0,normal,141.9069
13,311,18675,0,0,0.0,0.0,0.5,1000.0,0.5,0.0,normal,141.9069
13,311,18690,1,0,0.5,0.5,0.5,1000.0,0.5,0.0,normal,142.4069
13,311,18705,0,0,0.0,0.0,0.5,1000.0,0.5,0.0,normal,142.4069
14,312,18720,0,0,0.0,0.0,0.01,1000.0,0.01,0.0,normal,0.0
14,312,18735,0,0,0.0,0.0,0.01,1000.0,0.01,0.0,normal,0.0
14,312,18750,0,0,0.0,0.0,0.01,1000.0,0.01,0.0,normal,0.0
14,312,18765,0,0,0.0,0.0,0.01,1000.0,0.01,0.0,normal,0.0
14,313,18780,1,0,0.5,0.5,0.5,1000.0,0.5,0.0,normal,0.5
14,313,18795,1,0,0.5,0.5,0.5,1000.0,0.5,0.0,normal,1.0
14,313,18810,0,0,0.0,0.0,0.5,1000.0,0.5,0.0,normal,1.0
14,313,18825,1,0,0.5,0.5,0.5,1000.0,0.5,0.0,normal,1.5
14,314,18840,1,0,0.0958,0.0958,0.0958,1000.0,0.5,0.0,normal,1.5958
14,314,18855,1,0,0.5,0.5,0.5,1000.0,0.5,0.0,normal,2.0958
14,314,18870,0,0,0.0,0.0,0.5,1000.0,0.5,0.0,normal,2.0958
14,314,18885,2,0,1.0,1.0,0.5,1000.0,0.5,0.0,normal,3.0958
14,315,18900,4,0,2.0,2.0,0.5,1000.0,0.5,0.0,normal,5.0958
14,315,18915,2,0,1.0,1.0,0.5,1000.0,0.5,0.0,normal,6.0958
14,315,18930,3,0,1.5,1.5,0.5,1000.0,0.5,0.0,normal,7.5958
14,315,18945,0,0,0.0,0.0,0.4469,1000.0,0.5,0.0,normal,7.5958
14,316,18960,0,0,0.0,0.0,0.5,1000.0,0.5,0.0,normal,7.5958
14,316,18975,0,0,0.0,0.0,0.3348,1000.0,0.5,0.0,normal,7.5958
14,316,18990,0,0,0.0,0.0,0.5,1000.0,0.5,0.0,normal,7.5958
14,316,19005,1,0,0.1953,0.1953,0.1953,1000.0,0.5,0.0,normal,7.7911
14,317,19020,0,0,0.0,0.0,0.5,1000.0,0.5,0.0,normal,7.7911
14,317,19035,2,0,1.0,1.0,0.5,1000.0,0.5,0.0,normal,8.7911
14,317,19050,0,0,0.0,0.0,0.5,1000.0,0.5,0.0,normal,8.7911
14,317,19065,1,0,0.5,0.5,0.5,1000.0,0.5,0.0,normal,9.2911
14,318,19080,2,0,1.0,1.0,0.5,1000.0,0.5,0.0,normal,10.2911
14,318,19095,1,0,0.5,0.5,0.5,1000.0,0.5,0.0,normal,10.7911
14,318,19110,0,0,0.0,0.0,0.5,1000.0,0.5,0.0,normal,10.7911
14,318,19125,0,0,0.0,0.0,0.3634,1000.0,0.5,0.0,normal,10.7911
14,319,19140,1,0,0.1579,0.1579,0.1579,1000.0,0.5,0.0,normal,10.949
14,319,19155,1,0,0.5,0.5,0.5,1000.0,0.5,0.0,normal,11.449
14,319,19170,1,0,0.5,0.5,0.5,1000.0,0.5,0.0,normal,11.949
14,319,19185,1,0,0.5,0.5,0.5,1000.0,0.5,0.0,normal,12.449
14,320,19200,0,0,0.0,0.0,0.55,1000.0,0.55,0.0,normal,12.449
14,320,19215,1,0,0.55,0.55,0.55,1000.0,0.55,0.0,normal,12.999
14,320,19230,2,0,1.0776,1.0776,0.5388,1000.0,0.55,0.0,normal,14.0766
14,320,19245,3,0,1.65,1.65,0.55,1000.0,0.55,0.0,normal,15.7266
14,321,19260,3,0,0.6414,0.6414,0.2138,1000.0,0.6050000000000001,0.0,normal,16.368
14,321,19275,1,0,0.605,0.605,0.605,1000.0,0.6050000000000001,0.0,normal,16.973
14,321,19290,2,0,0.0833,0.0833,0.0416,1000.0,0.6050000000000001,0.0,normal,17.0563
14,321,19305,1,0,0.605,0.605,0.605,1000.0,0.6050000000000001,0.0,normal,17.6613
14,322,19320,2,0,1.331,1.331,0.6655,1000.0,0.6655000000000002,0.0,normal,18.9923
14,322,19335,1,0,0.6655,0.6655,0.6655,1000.0,0.6655000000000002,0.0,normal,19.6578
14,322,19350,3,0,1.9965,1.9965,0.6655,1000.0,0.6655000000000002,0.0,normal,21.6543
14,322,19365,0,0,0.0,0.0,0.6655,1000.0,0.6655000000000002,0.0,normal,21.6543
14,323,19380,1,0,0.7321,0.7321,0.7321,1000.0,0.7320500000000003,0.0,normal,22.3864
14,323,19395,3,0,1.5212,1.5212,0.5071,1000.0,0.7320500000000003,0.0,normal,23.9076
14,323,19410,2,0,1.4641,1.4641,0.7321,1000.0,0.7320500000000003,0.0,normal,25.3717
14,323,19425,1,0,0.7321,0.7321,0.7321,1000.0,0.7320500000000003,0.0,normal,26.1038
14,324,19440,0,0,0.0,0.0,0.01,1000.0,0.01,0.0,normal,26.1038
14,324,19455,0,0,0.0,0.0,0.01,1000.0,0.01,0.0,normal,26.1038
14,324,19470,0,0,0.0,0.0,0.01,1000.0,0.01,0.0,normal,26.1038
14,324,19485,0,0,0.0,0.0,0.01,1000.0,0.01,0.0,normal,26.1038
14,325,19500,2,0,0.609,0.609,0.3045,1000.0,0.5,0.0,normal,26.7128
14,325,19515,2,0,1.0,1.0,0.5,1000.0,0.5,0.0,normal,27.7128
14,325,19530,1,0,0.5,0.5,0.5,1000.0,0.5,0.0,normal,28.2128
14,325,19545,0,0,0.0,0.0,0.5,1000.0,0.5,0.0,normal,28.2128
14,326,19560,1,0,0.0893,0.0893,0.0893,1000.0,0.55,0.0,normal,28.3021
14,326,19575,0,0,0.0,0.0,0.55,1000.0,0.55,0.0,normal,28.3021
14,326,19590,1,0,0.55,0.55,0.55,1000.0,0.55,0.0,normal,28.8521
14,326,19605,4,0,2.2,2.2,0.55,1000.0,0.55,0.0,normal,31.0521
14,327,19620,0,0,0.0,0.0,0.0135,1000.0,0.6050000000000001,0.0,normal,31.0521
14,327,19635,2,0,1.21,1.21,0.605,1000.0,0.6050000000000001,0.0,normal,32.2621
14,327,19650,3,0,1.815,1.815,0.605,1000.0,0.6050000000000001,0.0,normal,34.0771
14,327,19665,3,0,1.815,1.815,0.605,1000.0,0.6050000000000001,0.0,normal,35.8921
14,328,19680,1,0,0.6655,0.6655,0.6655,1000.0,0.6655000000000002,0.0,normal,36.5576
14,328,19695,2,0,1.331,1.331,0.6655,1000.0,0.6655000000000002,0.0,normal,37.8886
14,328,19710,3,0,1.9965,1.9965,0.6655,1000.0,0.6655000000000002,0.0,normal,39.8851
14,328,19725,0,0,0.0,0.0,0.4667,1000.0,0.6655000000000002,0.0,normal,39.8851
14,329,19740,2,0,1.4641,1.4641,0.7321,1000.0,0.7320500000000003,0.0,normal,41.3492
14,329,19755,2,0,1.4641,1.4641,0.7321,1000.0,0.7320500000000003,0.0,normal,42.8133
14,329,19770,1,0,0.7321,0.7321,0.7321,1000.0,0.7320500000000003,0.0,normal,43.5454
14,329,19785,1,0,0.7321,0.7321,0.7321,1000.0,0.7320500000000003,0.0,normal,44.2775
14,330,19800,4,0,2.4224,2.4224,0.6056,1000.0,0.8052550000000004,0.0,normal,46.6999
14,330,19815,3,0,2.4158,2.4158,0.8053,1000.0,0.8052550000000004,0.0,normal,49.1157
14,330,19830,2,0,1.6105,1.6105,0.8053,1000.0,0.8052550000000004,0.0,normal,50.7262
14,330,19845,0,0,0.0,0.0,0.8053,1000.0,0.8052550000000004,0.0,normal,50.7262
14,331,19860,3,0,2.6573,2.6573,0.8858,1000.0,0.8857805000000005,0.0,normal,53.3835
14,331,19875,0,0,0.0,0.0,0.8858,1000.0,0.8857805000000005,0.0,normal,53.3835
14,331,19890,6,0,5.3147,5.3147,0.8858,1000.0,0.8857805000000005,0.0,normal,58.6982
14,331,19905,3,0,2.6573,2.6573,0.8858,1000.0,0.8857805000000005,0.0,normal,61.3555
14,332,19920,3,0,2.9231,2.9231,0.9744,1000.0,0.9743585500000007,0.0,normal,64.2786
14,332,19935,2,0,0.3269,0.3269,0.1635,1000.0,0.9743585500000007,0.0,normal,64.6055
14,332,19950,2,0,1.9487,1.9487,0.9744,1000.0,0.9743585500000007,0.0,normal,66.5542
14,332,19965,0,0,0.0,0.0,0.9744,1000.0,0.9743585500000007,0.0,normal,66.5542
14,333,19980,4,0,4.2872,4.2872,1.0718,1000.0,1.0717944050000008,0.0,normal,70.8414
14,333,19995,2,0,0.0201,0.0201,0.01,1000.0,1.0717944050000008,0.0,normal,70.8615
14,333,20010,2,0,1.7114,1.7114,0.8557,1000.0,1.0717944050000008,0.0,normal,72.5729
14,333,20025,3,0,3.2154,3.2154,1.0718,1000.0,1.0717944050000008,0.0,normal,75.7883
14,334,20040,2,0,2.3579,2.3579,1.179,1000.0,1.178973845500001,0.0,normal,78.1462
14,334,20055,5,0,5.8949,5.8949,1.179,1000.0,1.178973845500001,0.0,normal,84.0411
14,334,20070,3,0,3.5369,3.5369,1.179,1000.0,1.178973845500001,0.0,normal,87.578
14,334,20085,6,0,7.0738,7.0738,1.179,1000.0,1.178973845500001,0.0,normal,94.6518
14,335,20100,5,0,6.4844,6.4844,1.2969,1000.0,1.2968712300500012,0.0,normal,101.1362
14,335,20115,2,0,2.5937,2.5937,1.2969,1000.0,1.2968712300500012,0.0,normal,103.7299
14,335,20130,1,0,1.2969,1.2969,1.2969,1000.0,1.2968712300500012,0.0,normal,105.0268
14,335,20145,4,0,5.1875,5.1875,1.2969,1000.0,1.2968712300500012,0.0,normal,110.2143
15,336,20160,0,0,0.0,0.0,0.01,700.0,0.01,0.0,normal,0.0
15,336,20175,0,0,0.0,0.0,0.01,700.0,0.01,0.0,normal,0.0
15,336,20190,0,0,0.0,0.0,0.01,700.0,0.01,0.0,normal,0.0
15,336,20205,0,0,0.0,0.0,0.01,700.0,0.01,0.0,normal,0.0
15,337,20220,2,0,1.0,1.0,0.5,700.0,0.5,0.0,normal,1.0
15,337,20235,0,0,0.0,0.0,0.5,700.0,0.5,0.0,normal,1.0
15,337,20250,0,0,0.0,0.0,0.5,700.0,0.5,0.0,normal,1.0
15,337,20265,0,0,0.0,0.0,0.5,700.0,0.5,0.0,normal,1.0
15,338,20280,3,0,1.65,1.65,0.55,700.0,0.55,0.0,normal,2.65
15,338,20295,2,0,1.1,1.1,0.55,700.0,0.55,0.0,normal,3.75
15,338,20310,1,0,0.55,0.55,0.55,700.0,0.55,0.0,normal,4.3
15,338,20325,0,0,0.0,0.0,0.55,700.0,0.55,0.0,normal,4.3
15,339,20340,0,0,0.0,0.0,0.605,700.0,0.6050000000000001,0.0,normal,4.3
15,339,20355,2,0,1.1879,1.1879,0.5939,700.0,0.6050000000000001,0.0,normal,5.4879
15,339,20370,0,0,0.0,0.0,0.605,700.0,0.6050000000000001,0.0,normal,5.4879
15,339,20385,1,0,0.605,0.605,0.605,700.0,0.6050000000000001,0.0,normal,6.0929
15,340,20400,1,0,0.6057,0.6057,0.6057,700.0,0.6655000000000002,0.0,normal,6.6986
15,340,20415,2,0,1.331,1.331,0.6655,700.0,0.6655000000000002,0.0,normal,8.0296
15,340,20430,1,0,0.6655,0.6655,0.6655,700.0,0.6655000000000002,0.0,normal,8.6951
15,340,20445,2,0,1.331,1.331,0.6655,700.0,0.6655000000000002,0.0,normal,10.0261
15,341,20460,1,0,0.6827,0.6827,0.6827,700.0,0.7320500000000003,0.0,normal,10.7088
15,341,20475,2,0,0.9547,0.9547,0.4773,700.0,0.7320500000000003,0.0,normal,11.6635
15,341,20490,1,0,0.7321,0.7321,0.7321,700.0,0.7320500000000003,0.0,normal,12.3956
15,341,20505,1,0,0.7321,0.7321,0.7321,700.0,0.7320500000000003,0.0,normal,13.1277
15,342,20520,6,0,4.8315,4.8315,0.8053,700.0,0.8052550000000004,0.0,normal,17.9592
15,342,20535,5,0,2.8875,2.8875,0.5775,700.0,0.8052550000000004,0.0,normal,20.8467
15,342,20550,1,0,0.8053,0.8053,0.8053,700.0,0.8052550000000004,0.0,normal,21.652
15,342,20565,1,0,0.8053,0.8053,0.8053,700.0,0.8052550000000004,0.0,normal,22.4573
15,343,20580,2,0,1.2401,1.2401,0.62,700.0,0.6200463500000003,0.0,normal,23.6974
15,343,20595,1,0,0.62,0.62,0.62,700.0,0.6200463500000003,0.0,normal,24.3174
15,343,20610,0,0,0.0,0.0,0.2389,700.0,0.6200463500000003,0.0,normal,24.3174
15,343,20625,1,0,0.62,0.62,0.62,700.0,0.6200463500000003,0.0,normal,24.9374
15,344,20640,2,0,1.0,1.0,0.5,700.0,0.5,0.0,normal,25.9374
15,344,20655,0,0,0.0,0.0,0.5,700.0,0.5,0.0,normal,25.9374
15,344,20670,1,0,0.1663,0.1663,0.1663,700.0,0.5,0.0,normal,26.1037
15,344,20685,1,0,0.5,0.5,0.5,700.0,0.5,0.0,normal,26.6037
15,345,20700,1,0,0.5,0.5,0.5,700.0,0.5,0.0,normal,27.1037
15,345,20715,1,0,0.5,0.5,0.5,700.0,0.5,0.0,normal,27.6037
15,345,20730,0,0,0.0,0.0,0.5,700.0,0.5,0.0,normal,27.6037
15,345,20745,2,0,0.239,0.239,0.1195,700.0,0.5,0.0,normal,27.8427
15,346,20760,2,0,1.0,1.0,0.5,700.0,0.5,0.0,normal,28.8427
15,346,20775,1,0,0.2577,0.2577,0.2577,700.0,0.5,0.0,normal,29.1004
15,346,20790,2,0,1.0,1.0,0.5,700.0,0.5,0.0,normal,30.1004
15,346,20805,1,0,0.5,0.5,0.5,700.0,0.5,0.0,normal,30.6004
15,347,20820,2,0,1.1,1.1,0.55,700.0,0.55,0.0,normal,31.7004
15,347,20835,2,0,0.5245,0.5245,0.2622,700.0,0.55,0.0,normal,32.2249
15,347,20850,1,0,0.55,0.55,0.55,700.0,0.55,0.0,normal,32.7749
15,347,20865,1,0,0.55,0.55,0.55,700.0,0.55,0.0,normal,33.3249
15,348,20880,0,0,0.0,0.0,0.01,700.0,0.01,0.0,normal,33.3249
15,348,20895,0,0,0.0,0.0,0.01,700.0,0.01,0.0,normal,33.3249
15,348,20910,0,0,0.0,0.0,0.01,700.0,0.01,0.0,normal,33.3249
15,348,20925,0,0,0.0,0.0,0.01,700.0,0.01,0.0,normal,33.3249
15,349,20940,1,0,0.5,0.5,0.5,700.0,0.5,0.0,normal,33.8249
15,349,20955,3,0,1.5,1.5,0.5,700.0,0.5,0.0,normal,35.3249
15,349,20970,1,0,0.5,0.5,0.5,700.0,0.5,0.0,normal,35.8249
15,349,20985,2,0,1.0,1.0,0.5,700.0,0.5,0.0,normal,36.8249
15,350,21000,0,0,0.0,0.0,0.55,700.0,0.55,0.0,normal,36.8249
15,350,21015,1,0,0.55,0.55,0.55,700.0,0.55,0.0,normal,37.3749
15,350,21030,2,0,0.5561,0.5561,0.2781,700.0,0.55,0.0,normal,37.931
15,350,21045,2,0,1.1,1.1,0.55,700.0,0.55,0.0,normal,39.031
15,351,21060,1,0,0.605,0.605,0.605,700.0,0.6050000000000001,0.0,normal,39.636
15,351,21075,1,0,0.376,0.376,0.376,700.0,0.6050000000000001,0.0,normal,40.012
15,351,21090,3,0,1.815,1.815,0.605,700.0,0.6050000000000001,0.0,normal,41.827
15,351,21105,2,0,1.21,1.21,0.605,700.0,0.6050000000000001,0.0,normal,43.037
15,352,21120,0,0,0.0,0.0,0.6655,700.0,0.6655000000000002,0.0,normal,43.037
15,352,21135,1,0,0.6655,0.6655,0.6655,700.0,0.6655000000000002,0.0,normal,43.7025
15,352,21150,1,0,0.6655,0.6655,0.6655,700.0,0.6655000000000002,0.0,normal,44.368
15,352,21165,0,0,0.0,0.0,0.269,700.0,0.6655000000000002,0.0,normal,44.368
15,353,21180,2,0,0.0185,0.0185,0.0093,700.0,0.7320500000000003,0.0,normal,44.3865
15,353,21195,0,0,0.0,0.0,0.7321,700.0,0.7320500000000003,0.0,normal,44.3865
15,353,21210,2,0,1.4641,1.4641,0.7321,700.0,0.7320500000000003,0.0,normal,45.8506
15,353,21225,2,0,1.4641,1.4641,0.7321,700.0,0.7320500000000003,0.0,normal,47.3147
15,354,21240,2,0,1.3641,1.3641,0.682,700.0,0.8052550000000004,0.0,normal,48.6788
15,354,21255,0,0,0.0,0.0,0.8053,700.0,0.8052550000000004,0.0,normal,48.6788
15,354,21270,2,0,1.6105,1.6105,0.8053,700.0,0.8052550000000004,0.0,normal,50.2893
15,354,21285,2,0,1.6105,1.6105,0.8053,700.0,0.8052550000000004,0.0,normal,51.8998
15,355,21300,3,0,2.6573,2.6573,0.8858,700.0,0.8857805000000005,0.0,normal,54.5571
15,355,21315,0,0,0.0,0.0,0.8858,700.0,0.8857805000000005,0.0,normal,54.5571
15,355,21330,1,0,0.8858,0.8858,0.8858,700.0,0.8857805000000005,0.0,normal,55.4429
15,355,21345,7,0,6.2005,6.2005,0.8858,700.0,0.8857805000000005,0.0,normal,61.6434
15,356,21360,5,0,3.2765,3.2765,0.6553,700.0,0.9743585500000007,0.0,normal,64.9199
15,356,21375,5,0,4.8718,4.8718,0.9744,700.0,0.9743585500000007,0.0,normal,69.7917
15,356,21390,2,0,1.9487,1.9487,0.9744,700.0,0.9743585500000007,0.0,normal,71.7404
15,356,21405,3,0,2.6363,2.6363,0.8788,700.0,0.9743585500000007,0.0,normal,74.3767
15,357,21420,2,0,1.042,1.042,0.521,700.0,1.0717944050000008,0.0,normal,75.4187
15,357,21435,1,0,1.0718,1.0718,1.0718,700.0,1.0717944050000008,0.0,normal,76.4905
15,357,21450,3,0,3.2154,3.2154,1.0718,700.0,1.0717944050000008,0.0,normal,79.7059
15,357,21465,1,0,1.0718,1.0718,1.0718,700.0,1.0717944050000008,0.0,normal,80.7777
15,358,21480,4,0,4.7159,4.7159,1.179,700.0,1.178973845500001,0.0,normal,85.4936
15,358,21495,2,0,0.6039,0.6039,0.3019,700.0,1.178973845500001,0.0,normal,86.0975
15,358,21510,6,0,7.0738,7.0738,1.179,700.0,1.178973845500001,0.0,normal,93.1713
15,358,21525,2,0,2.3579,2.3579,1.179,700.0,1.178973845500001,0.0,normal,95.5292
15,359,21540,3,0,3.8906,3.8906,1.2969,700.0,1.2968712300500012,0.0,normal,99.4198
15,359,21555,6,0,7.7812,7.7812,1.2969,700.0,1.2968712300500012,0.0,normal,107.201
15,359,21570,4,0,5.1875,5.1875,1.2969,700.0,1.2968712300500012,0.0,normal,112.3885
15,359,21585,3,0,3.8906,3.8906,1.2969,700.0,1.2968712300500012,0.0,normal,116.2791
16,360,21600,0,0,0.0,0.0,0.01,700.0,0.01,0.0,normal,0.0
16,360,21615,0,0,0.0,0.0,0.01,700.0,0.01,0.0,normal,0.0
16,360,21630,0,0,0.0,0.0,0.01,700.0,0.01,0.0,normal,0.0
16,360,21645,0,0,0.0,0.0,0.01,700.0,0.01,0.0,normal,0.0
16,361,21660,2,0,0.3549,0.3549,0.1774,700.0,0.5,0.0,normal,0.3549
16,361,21675,0,0,0.0,0.0,0.5,700.0,0.5,0.0,normal,0.3549
16,361,21690,1,0,0.5,0.5,0.5,700.0,0.5,0.0,normal,0.8549
16,361,21705,0,0,0.0,0.0,0.2703,700.0,0.5,0.0,normal,0.8549
16,362,21720,2,0,1.1,1.1,0.55,700.0,0.55,0.0,normal,1.9549
16,362,21735,3,0,1.65,1.65,0.55,700.0,0.55,0.0,normal,3.6049
16,362,21750,1,0,0.55,0.55,0.55,700.0,0.55,0.0,normal,4.1549
16,362,21765,1,0,0.55,0.55,0.55,700.0,0.55,0.0,normal,4.7049
16,363,21780,1,0,0.5501,0.5501,0.5501,700.0,0.6050000000000001,0.0,normal,5.255
16,363,21795,3,0,0.3543,0.3543,0.1181,700.0,0.6050000000000001,0.0,normal,5.6093
16,363,21810,1,0,0.605,0.605,0.605,700.0,0.6050000000000001,0.0,normal,6.2143
16,363,21825,1,0,0.2072,0.2072,0.2072,700.0,0.6050000000000001,0.0,normal,6.4215
16,364,21840,1,0,0.6655,0.6655,0.6655,700.0,0.6655000000000002,0.0,normal,7.087
16,364,21855,1,0,0.3658,0.3658,0.3658,700.0,0.6655000000000002,0.0,normal,7.4528
16,364,21870,5,0,3.3275,3.3275,0.6655,700.0,0.6655000000000002,0.0,normal,10.7803
16,364,21885,1,0,0.6655,0.6655,0.6655,700.0,0.6655000000000002,0.0,normal,11.4458
16,365,21900,3,0,2.1962,2.1962,0.7321,700.0,0.7320500000000003,0.0,normal,13.642
16,365,21915,0,0,0.0,0.0,0.7321,700.0,0.7320500000000003,0.0,normal,13.642
16,365,21930,3,0,2.1962,2.1962,0.7321,700.0,0.7320500000000003,0.0,normal,15.8382
16,365,21945,2,0,1.4641,1.4641,0.7321,700.0,0.7320500000000003,0.0,normal,17.3023
16,366,21960,1,0,0.5637,0.5637,0.5637,700.0,0.5636785000000002,0.0,normal,17.866
16,366,21975,0,0,0.0,0.0,0.5637,700.0,0.5636785000000002,0.0,normal,17.866
16,366,21990,0,0,0.0,0.0,0.5637,700.0,0.5636785000000002,0.0,normal,17.866
16,366,22005,1,0,0.3265,0.3265,0.3265,700.0,0.5636785000000002,0.0,normal,18.1925
16,367,22020,1,0,0.4419,0.4419,0.4419,700.0,0.6200463500000003,0.0,normal,18.6344
16,367,22035,3,0,0.3185,0.3185,0.1062,700.0,0.6200463500000003,0.0,normal,18.9529
16,367,22050,0,0,0.0,0.0,0.62,700.0,0.6200463500000003,0.0,normal,18.9529
16,367,22065,0,0,0.0,0.0,0.62,700.0,0.6200463500000003,0.0,normal,18.9529
16,368,22080,1,0,0.6821,0.6821,0.6821,700.0,0.6820509850000004,0.0,normal,19.635
16,368,22095,0,0,0.0,0.0,0.6821,700.0,0.6820509850000004,0.0,normal,19.635
16,368,22110,5,0,3.4103,3.4103,0.6821,700.0,0.6820509850000004,0.0,normal,23.0453
16,368,22125,2,0,1.3641,1.3641,0.6821,700.0,0.6820509850000004,0.0,normal,24.4094
16,369,22140,3,0,2.2508,2.2508,0.7503,700.0,0.7502560835000005,0.0,normal,26.6602
16,369,22155,0,0,0.0,0.0,0.7503,700.0,0.7502560835000005,0.0,normal,26.6602
16,369,22170,2,0,1.5005,1.5005,0.7503,700.0,0.7502560835000005,0.0,normal,28.1607
16,369,22185,2,0,1.5005,1.5005,0.7503,700.0,0.7502560835000005,0.0,normal,29.6612
16,370,22200,2,0,0.7744,0.7744,0.3872,700.0,0.8252816918500007,0.0,normal,30.4356
16,370,22215,2,0,1.6506,1.6506,0.8253,700.0,0.8252816918500007,0.0,normal,32.0862
16,370,22230,1,0,0.8253,0.8253,0.8253,700.0,0.8252816918500007,0.0,normal,32.9115
16,370,22245,2,0,1.0108,1.0108,0.5054,700.0,0.8252816918500007,0.0,normal,33.9223
16,371,22260,1,0,0.9078,0.9078,0.9078,700.0,0.9078098610350008,0.0,normal,34.8301
16,371,22275,3,0,2.7234,2.7234,0.9078,700.0,0.9078098610350008,0.0,normal,37.5535
16,371,22290,1,0,0.487,0.487,0.487,700.0,0.9078098610350008,0.0,normal,38.0405
16,371,22305,1,0,0.9078,0.9078,0.9078,700.0,0.9078098610350008,0.0,normal,38.9483
16,372,22320,0,0,0.0,0.0,0.01,700.0,0.01,0.0,normal,38.9483
16,372,22335,0,0,0.0,0.0,0.01,700.0,0.01,0.0,normal,38.9483
16,372,22350,0,0,0.0,0.0,0.01,700.0,0.01,0.0,normal,38.9483
16,372,22365,0,0,0.0,0.0,0.01,700.0,0.01,0.0,normal,38.9483
16,373,22380,6,0,3.0,3.0,0.5,700.0,0.5,0.0,normal,41.9483
16,373,22395,0,0,0.0,0.0,0.5,700.0,0.5,0.0,normal,41.9483
16,373,22410,1,0,0.5,0.5,0.5,700.0,0.5,0.0,normal,42.4483
16,373,22425,1,0,0.5,0.5,0.5,700.0,0.5,0.0,normal,42.9483
16,374,22440,0,0,0.0,0.0,0.463,700.0,0.5,0.0,normal,42.9483
16,374,22455,3,0,1.5,1.5,0.5,700.0,0.5,0.0,normal,44.4483
16,374,22470,1,0,0.2941,0.2941,0.2941,700.0,0.5,0.0,normal,44.7424
16,374,22485,0,0,0.0,0.0,0.5,700.0,0.5,0.0,normal,44.7424
16,375,22500,2,0,1.0,1.0,0.5,700.0,0.5,0.0,normal,45.7424
16,375,22515,2,0,1.0,1.0,0.5,700.0,0.5,0.0,normal,46.7424
16,375,22530,1,0,0.5,0.5,0.5,700.0,0.5,0.0,normal,47.2424
16,375,22545,0,0,0.0,0.0,0.5,700.0,0.5,0.0,normal,47.2424
16,376,22560,2,0,0.025,0.025,0.0125,700.0,0.5,0.0,normal,47.2674
16,376,22575,1,0,0.5,0.5,0.5,700.0,0.5,0.0,normal,47.7674
16,376,22590,1,0,0.5,0.5,0.5,700.0,0.5,0.0,normal,48.2674
16,376,22605,0,0,0.0,0.0,0.2347,700.0,0.5,0.0,normal,48.2674
16,377,22620,1,0,0.4474,0.4474,0.4474,700.0,0.5,0.0,normal,48.7148
16,377,22635,2,0,1.0,1.0,0.5,700.0,0.5,0.0,normal,49.7148
16,377,22650,3,0,1.5,1.5,0.5,700.0,0.5,0.0,normal,51.2148
16,377,22665,3,0,1.5,1.5,0.5,700.0,0.5,0.0,normal,52.7148
16,378,22680,0,0,0.0,0.0,0.5,700.0,0.5,0.0,normal,52.7148
16,378,22695,3,0,1.5,1.5,0.5,700.0,0.5,0.0,normal,54.2148
16,378,22710,3,0,0.356,0.356,0.1187,700.0,0.5,0.0,normal,54.5708
16,378,22725,1,0,0.5,0.5,0.5,700.0,0.5,0.0,normal,55.0708
16,379,22740,3,0,1.3415,1.3415,0.4472,700.0,0.55,0.0,normal,56.4123
16,379,22755,2,0,1.1,1.1,0.55,700.0,0.55,0.0,normal,57.5123
16,379,22770,0,0,0.0,0.0,0.55,700.0,0.55,0.0,normal,57.5123
16,379,22785,1,0,0.55,0.55,0.55,700.0,0.55,0.0,normal,58.0623
16,380,22800,0,0,0.0,0.0,0.605,700.0,0.6050000000000001,0.0,normal,58.0623
16,380,22815,3,0,1.815,1.815,0.605,700.0,0.6050000000000001,0.0,normal,59.8773
16,380,22830,2,0,1.21,1.21,0.605,700.0,0.6050000000000001,0.0,normal,61.0873
16,380,22845,1,0,0.605,0.605,0.605,700.0,0.6050000000000001,0.0,normal,61.6923
16,381,22860,1,0,0.6655,0.6655,0.6655,700.0,0.6655000000000002,0.0,normal,62.3578
16,381,22875,1,0,0.6394,0.6394,0.6394,700.0,0.6655000000000002,0.0,normal,62.9972
16,381,22890,2,0,1.331,1.331,0.6655,700.0,0.6655000000000002,0.0,normal,64.3282
16,381,22905,1,0,0.5718,0.5718,0.5718,700.0,0.6655000000000002,0.0,normal,64.9
16,382,22920,0,0,0.0,0.0,0.7321,700.0,0.7320500000000003,0.0,normal,64.9
16,382,22935,3,0,2.1962,2.1962,0.7321,700.0,0.7320500000000003,0.0,normal,67.0962
16,382,22950,1,0,0.7321,0.7321,0.7321,700.0,0.7320500000000003,0.0,normal,67.8283
16,382,22965,3,0,2.1962,2.1962,0.7321,700.0,0.7320500000000003,0.0,normal,70.0245
16,383,22980,5,0,4.0263,4.0263,0.8053,700.0,0.8052550000000004,0.0,normal,74.0508
16,383,22995,0,0,0.0,0.0,0.8053,700.0,0.8052550000000004,0.0,normal,74.0508
16,383,23010,2,0,1.6105,1.6105,0.8053,700.0,0.8052550000000004,0.0,normal,75.6613
16,383,23025,4,0,3.221,3.221,0.8053,700.0,0.8052550000000004,0.0,normal,78.8823
17,384,23040,0,0,0.0,0.0,0.01,700.0,0.01,0.0,normal,0.0
17,384,23055,0,0,0.0,0.0,0.01,700.0,0.01,0.0,normal,0.0
17,384,23070,0,0,0.0,0.0,0.01,700.0,0.01,0.0,normal,0.0
17,384,23085,0,0,0.0,0.0,0.01,700.0,0.01,0.0,normal,0.0
17,385,23100,2,0,0.2359,0.2359,0.118,700.0,0.5,0.0,normal,0.2359
17,385,23115,0,0,0.0,0.0,0.5,700.0,0.5,0.0,normal,0.2359
17,385,23130,1,0,0.5,0.5,0.5,700.0,0.5,0.0,normal,0.7359
17,385,23145,2,0,1.0,1.0,0.5,700.0,0.5,0.0,normal,1.7359
17,386,23160,0,0,0.0,0.0,0.55,700.0,0.55,0.0,normal,1.7359
17,386,23175,4,0,2.2,2.2,0.55,700.0,0.55,0.0,normal,3.9359
17,386,23190,1,0,0.55,0.55,0.55,700.0,0.55,0.0,normal,4.4859
17,386,23205,4,0,2.2,2.2,0.55,700.0,0.55,0.0,normal,6.6859
17,387,23220,0,0,0.0,0.0,0.605,700.0,0.6050000000000001,0.0,normal,6.6859
17,387,23235,2,0,0.2491,0.2491,0.1246,700.0,0.6050000000000001,0.0,normal,6.935
17,387,23250,2,0,1.0815,1.0815,0.5407,700.0,0.6050000000000001,0.0,normal,8.0165
17,387,23265,3,0,1.815,1.815,0.605,700.0,0.6050000000000001,0.0,normal,9.8315
17,388,23280,1,0,0.6655,0.6655,0.6655,700.0,0.6655000000000002,0.0,normal,10.497
17,388,23295,3,0,1.6218,1.6218,0.5406,700.0,0.6655000000000002,0.0,normal,12.1188
17,388,23310,2,0,0.4098,0.4098,0.2049,700.0,0.6655000000000002,0.0,normal,12.5286
17,388,23325,3,0,1.9965,1.9965,0.6655,700.0,0.6655000000000002,0.0,normal,14.5251
17,389,23340,3,0,0.3415,0.3415,0.1138,700.0,0.7320500000000003,0.0,normal,14.8666
17,389,23355,3,0,1.5124,1.5124,0.5041,700.0,0.7320500000000003,0.0,normal,16.379
17,389,23370,1,0,0.7321,0.7321,0.7321,700.0,0.7320500000000003,0.0,normal,17.1111
17,389,23385,1,0,0.4348,0.4348,0.4348,700.0,0.7320500000000003,0.0,normal,17.5459
17,390,23400,1,0,0.4866,0.4866,0.4866,700.0,0.8052550000000004,0.0,normal,18.0325
17,390,23415,0,0,0.0,0.0,0.7015,700.0,0.8052550000000004,0.0,normal,18.0325
17,390,23430,3,0,2.4158,2.4158,0.8053,700.0,0.8052550000000004,0.0,normal,20.4483
17,390,23445,5,0,4.0263,4.0263,0.8053,700.0,0.8052550000000004,0.0,normal,24.4746
17,391,23460,1,0,0.703,0.703,0.703,700.0,0.8857805000000005,0.0,normal,25.1776
17,391,23475,1,0,0.8858,0.8858,0.8858,700.0,0.8857805000000005,0.0,normal,26.0634
17,391,23490,0,0,0.0,0.0,0.8858,700.0,0.8857805000000005,0.0,normal,26.0634
17,391,23505,3,0,2.6573,2.6573,0.8858,700.0,0.8857805000000005,0.0,normal,28.7207
17,392,23520,1,0,0.9744,0.9744,0.9744,700.0,0.9743585500000007,0.0,normal,29.6951
17,392,23535,3,0,2.9231,2.9231,0.9744,700.0,0.9743585500000007,0.0,normal,32.6182
17,392,23550,3,0,2.9231,2.9231,0.9744,700.0,0.9743585500000007,0.0,normal,35.5413
17,392,23565,1,0,0.9744,0.9744,0.9744,700.0,0.9743585500000007,0.0,normal,36.5157
17,393,23580,4,0,4.2872,4.2872,1.0718,700.0,1.0717944050000008,0.0,normal,40.8029
17,393,23595,2,0,2.1436,2.1436,1.0718,700.0,1.0717944050000008,0.0,normal,42.9465
17,393,23610,1,0,0.4792,0.4792,0.4792,700.0,1.0717944050000008,0.0,normal,43.4257
17,393,23625,6,0,1.6279,1.6279,0.2713,700.0,1.0717944050000008,0.0,normal,45.0536
17,394,23640,3,0,3.5369,3.5369,1.179,700.0,1.178973845500001,0.0,normal,48.5905
17,394,23655,2,0,0.5747,0.5747,0.2874,700.0,1.178973845500001,0.0,normal,49.1652
17,394,23670,4,0,4.7159,4.7159,1.179,700.0,1.178973845500001,0.0,normal,53.8811
17,394,23685,4,0,3.5149,3.5149,0.8787,700.0,1.178973845500001,0.0,normal,57.396
17,395,23700,4,0,0.056,0.056,0.014,700.0,1.2968712300500012,0.0,normal,57.452
17,395,23715,4,0,5.1875,5.1875,1.2969,700.0,1.2968712300500012,0.0,normal,62.6395
17,395,23730,4,0,5.1875,5.1875,1.2969,700.0,1.2968712300500012,0.0,normal,67.827
17,395,23745,6,0,7.5623,7.5623,1.2604,700.0,1.2968712300500012,0.0,normal,75.3893
17,396,23760,0,0,0.0,0.0,0.01,700.0,0.01,0.0,normal,75.3893
17,396,23775,0,0,0.0,0.0,0.01,700.0,0.01,0.0,normal,75.3893
17,396,23790,0,0,0.0,0.0,0.01,700.0,0.01,0.0,normal,75.3893
17,396,23805,0,0,0.0,0.0,0.01,700.0,0.01,0.0,normal,75.3893
17,397,23820,1,0,0.1456,0.1456,0.1456,700.0,0.5,0.0,normal,75.5349
17,397,23835,4,0,2.0,2.0,0.5,700.0,0.5,0.0,normal,77.5349
17,397,23850,4,0,2.0,2.0,0.5,700.0,0.5,0.0,normal,79.5349
17,397,23865,1,0,0.5,0.5,0.5,700.0,0.5,0.0,normal,80.0349
17,398,23880,1,0,0.0425,0.0425,0.0425,700.0,0.55,0.0,normal,80.0774
17,398,23895,1,0,0.55,0.55,0.55,700.0,0.55,0.0,normal,80.6274
17,398,23910,2,0,1.1,1.1,0.55,700.0,0.55,0.0,normal,81.7274
17,398,23925,2,0,0.6087,0.6087,0.3043,700.0,0.55,0.0,normal,82.3361
17,399,23940,3,0,1.815,1.815,0.605,700.0,0.6050000000000001,0.0,normal,84.1511
17,399,23955,2,0,1.21,1.21,0.605,700.0,0.6050000000000001,0.0,normal,85.3611
17,399,23970,0,0,0.0,0.0,0.605,700.0,0.6050000000000001,0.0,normal,85.3611
17,399,23985,3,0,1.815,1.815,0.605,700.0,0.6050000000000001,0.0,normal,87.1761
17,400,24000,0,0,0.0,0.0,0.6655,700.0,0.6655000000000002,0.0,normal,87.1761
17,400,24015,1,0,0.6655,0.6655,0.6655,700.0,0.6655000000000002,0.0,normal,87.8416
17,400,24030,3,0,1.9965,1.9965,0.6655,700.0,0.6655000000000002,0.0,normal,89.8381
17,400,24045,3,0,1.9965,1.9965,0.6655,700.0,0.6655000000000002,0.0,normal,91.8346
17,401,24060,0,0,0.0,0.0,0.1391,700.0,0.5124350000000002,0.0,normal,91.8346
17,401,24075,0,0,0.0,0.0,0.5124,700.0,0.5124350000000002,0.0,normal,91.8346
17,401,24090,0,0,0.0,0.0,0.5124,700.0,0.5124350000000002,0.0,normal,91.8346
17,401,24105,0,0,0.0,0.0,0.4964,700.0,0.5124350000000002,0.0,normal,91.8346
17,402,24120,2,0,1.1274,1.1274,0.5637,700.0,0.5636785000000003,0.0,normal,92.962
17,402,24135,3,0,1.691,1.691,0.5637,700.0,0.5636785000000003,0.0,normal,94.653
17,402,24150,5,0,2.8184,2.8184,0.5637,700.0,0.5636785000000003,0.0,normal,97.4714
17,402,24165,5,0,2.8184,2.8184,0.5637,700.0,0.5636785000000003,0.0,normal,100.2898
17,403,24180,0,0,0.0,0.0,0.5,700.0,0.5,0.0,normal,100.2898
17,403,24195,0,0,0.0,0.0,0.5,700.0,0.5,0.0,normal,100.2898
17,403,24210,0,0,0.0,0.0,0.5,700.0,0.5,0.0,normal,100.2898
17,403,24225,2,0,1.0,1.0,0.5,700.0,0.5,0.0,normal,101.2898
17,404,24240,2,0,0.5217,0.5217,0.2609,700.0,0.5,0.0,normal,101.8115
17,404,24255,1,0,0.5,0.5,0.5,700.0,0.5,0.0,normal,102.3115
17,404,24270,0,0,0.0,0.0,0.3107,700.0,0.5,0.0,normal,102.3115
17,404,24285,0,0,0.0,0.0,0.5,700.0,0.5,0.0,normal,102.3115
17,405,24300,1,0,0.55,0.55,0.55,700.0,0.55,0.0,normal,102.8615
17,405,24315,0,0,0.0,0.0,0.55,700.0,0.55,0.0,normal,102.8615
17,405,24330,0,0,0.0,0.0,0.55,700.0,0.55,0.0,normal,102.8615
17,405,24345,0,0,0.0,0.0,0.55,700.0,0.55,0.0,normal,102.8615
17,406,24360,0,0,0.0,0.0,0.605,700.0,0.6050000000000001,0.0,normal,102.8615
17,406,24375,2,0,1.21,1.21,0.605,700.0,0.6050000000000001,0.0,normal,104.0715
17,406,24390,1,0,0.605,0.605,0.605,700.0,0.6050000000000001,0.0,normal,104.6765
17,406,24405,3,0,1.156,1.156,0.3853,700.0,0.6050000000000001,0.0,normal,105.8325
17,407,24420,2,0,1.331,1.331,0.6655,700.0,0.6655000000000002,0.0,normal,107.1635
17,407,24435,2,0,1.331,1.331,0.6655,700.0,0.6655000000000002,0.0,normal,108.4945
17,407,24450,1,0,0.6655,0.6655,0.6655,700.0,0.6655000000000002,0.0,normal,109.16
17,407,24465,2,0,1.0665,1.0665,0.5333,700.0,0.6655000000000002,0.0,normal,110.2265
18,408,24480,0,0,0.0,0.0,0.01,700.0,0.01,0.0,normal,0.0
18,408,24495,0,0,0.0,0.0,0.01,700.0,0.01,0.0,normal,0.0
18,408,24510,0,0,0.0,0.0,0.01,700.0,0.01,0.0,normal,0.0
18,408,24525,0,0,0.0,0.0,0.01,700.0,0.01,0.0,normal,0.0
18,409,24540,0,0,0.0,0.0,0.5,700.0,0.5,0.0,normal,0.0
18,409,24555,1,0,0.5,0.5,0.5,700.0,0.5,0.0,normal,0.5
18,409,24570,1,0,0.5,0.5,0.5,700.0,0.5,0.0,normal,1.0
18,409,24585,0,0,0.0,0.0,0.5,700.0,0.5,0.0,normal,1.0
18,410,24600,0,0,0.0,0.0,0.55,700.0,0.55,0.0,normal,1.0
18,410,24615,1,0,0.0543,0.0543,0.0543,700.0,0.55,0.0,normal,1.0543
18,410,24630,0,0,0.0,0.0,0.3753,700.0,0.55,0.0,normal,1.0543
18,410,24645,0,0,0.0,0.0,0.0264,700.0,0.55,0.0,normal,1.0543
18,411,24660,1,0,0.605,0.605,0.605,700.0,0.6050000000000001,0.0,normal,1.6593
18,411,24675,2,0,1.21,1.21,0.605,700.0,0.6050000000000001,0.0,normal,2.8693
18,411,24690,2,0,1.21,1.21,0.605,700.0,0.6050000000000001,0.0,normal,4.0793
18,411,24705,0,0,0.0,0.0,0.605,700.0,0.6050000000000001,0.0,normal,4.0793
18,412,24720,3,0,1.7492,1.7492,0.5831,700.0,0.6655000000000002,0.0,normal,5.8285
18,412,24735,0,0,0.0,0.0,0.6655,700.0,0.6655000000000002,0.0,normal,5.8285
18,412,24750,2,0,1.331,1.331,0.6655,700.0,0.6655000000000002,0.0,normal,7.1595
18,412,24765,0,0,0.0,0.0,0.6655,700.0,0.6655000000000002,0.0,normal,7.1595
18,413,24780,4,0,2.9282,2.9282,0.7321,700.0,0.7320500000000003,0.0,normal,10.0877
18,413,24795,1,0,0.7321,0.7321,0.7321,700.0,0.7320500000000003,0.0,normal,10.8198
18,413,24810,4,0,2.9282,2.9282,0.7321,700.0,0.7320500000000003,0.0,normal,13.748
18,413,24825,1,0,0.7321,0.7321,0.7321,700.0,0.7320500000000003,0.0,normal,14.4801
18,414,24840,2,0,1.1475,1.1475,0.5738,700.0,0.8052550000000004,0.0,normal,15.6276
18,414,24855,2,0,1.6105,1.6105,0.8053,700.0,0.8052550000000004,0.0,normal,17.2381
18,414,24870,4,0,3.221,3.221,0.8053,700.0,0.8052550000000004,0.0,normal,20.4591
18,414,24885,2,0,1.6105,1.6105,0.8053,700.0,0.8052550000000004,0.0,normal,22.0696
18,415,24900,2,0,0.8598,0.8598,0.4299,700.0,0.8857805000000005,0.0,normal,22.9294
18,415,24915,3,0,2.6573,2.6573,0.8858,700.0,0.8857805000000005,0.0,normal,25.5867
18,415,24930,1,0,0.8858,0.8858,0.8858,700.0,0.8857805000000005,0.0,normal,26.4725
18,415,24945,2,0,0.586,0.586,0.293,700.0,0.8857805000000005,0.0,normal,27.0585
18,416,24960,6,0,3.5849,3.5849,0.5975,700.0,0.9743585500000007,0.0,normal,30.6434
18,416,24975,1,0,0.8917,0.8917,0.8917,700.0,0.9743585500000007,0.0,normal,31.5351
18,416,24990,3,0,2.9231,2.9231,0.9744,700.0,0.9743585500000007,0.0,normal,34.4582
18,416,25005,2,0,1.9487,1.9487,0.9744,700.0,0.9743585500000007,0.0,normal,36.4069
18,417,25020,0,0,0.0,0.0,0.1983,700.0,1.0717944050000008,0.0,normal,36.4069
18,417,25035,4,0,1.3624,1.3624,0.3406,700.0,1.0717944050000008,0.0,normal,37.7693
18,417,25050,0,0,0.0,0.0,1.0718,700.0,1.0717944050000008,0.0,normal,37.7693
18,417,25065,5,0,5.359,5.359,1.0718,700.0,1.0717944050000008,0.0,normal,43.1283
18,418,25080,5,0,5.8949,5.8949,1.179,700.0,1.178973845500001,0.0,normal,49.0232
18,418,25095,3,0,0.4793,0.4793,0.1598,700.0,1.178973845500001,0.0,normal,49.5025
18,418,25110,2,0,2.3579,2.3579,1.179,700.0,1.178973845500001,0.0,normal,51.8604
18,418,25125,2,0,2.3579,2.3579,1.179,700.0,1.178973845500001,0.0,normal,54.2183
18,419,25140,3,0,3.8906,3.8906,1.2969,700.0,1.2968712300500012,0.0,normal,58.1089
18,419,25155,5,0,6.4844,6.4844,1.2969,700.0,1.2968712300500012,0.0,normal,64.5933
18,419,25170,5,0,0.1784,0.1784,0.0357,700.0,1.2968712300500012,0.0,normal,64.7717
18,419,25185,1,0,0.011,0.011,0.011,700.0,1.2968712300500012,0.0,normal,64.7827
18,420,25200,0,0,0.0,0.0,0.01,700.0,0.01,0.0,normal,64.7827
18,420,25215,0,0,0.0,0.0,0.01,700.0,0.01,0.0,normal,64.7827
18,420,25230,0,0,0.0,0.0,0.01,700.0,0.01,0.0,normal,64.7827
18,420,25245,0,0,0.0,0.0,0.01,700.0,0.01,0.0,normal,64.7827
18,421,25260,1,0,0.5,0.5,0.5,700.0,0.5,0.0,normal,65.2827
18,421,25275,1,0,0.5,0.5,0.5,700.0,0.5,0.0,normal,65.7827
18,421,25290,1,0,0.5,0.5,0.5,700.0,0.5,0.0,normal,66.2827
18,421,25305,1,0,0.0729,0.0729,0.0729,700.0,0.5,0.0,normal,66.3556
18,422,25320,2,0,1.1,1.1,0.55,700.0,0.55,0.0,normal,67.4556
18,422,25335,0,0,0.0,0.0,0.55,700.0,0.55,0.0,normal,67.4556
18,422,25350,1,0,0.55,0.55,0.55,700.0,0.55,0.0,normal,68.0056
18,422,25365,0,0,0.0,0.0,0.55,700.0,0.55,0.0,normal,68.0056
18,423,25380,1,0,0.605,0.605,0.605,700.0,0.6050000000000001,0.0,normal,68.6106
18,423,25395,2,0,1.21,1.21,0.605,700.0,0.6050000000000001,0.0,normal,69.8206
18,423,25410,1,0,0.605,0.605,0.605,700.0,0.6050000000000001,0.0,normal,70.4256
18,423,25425,0,0,0.0,0.0,0.605,700.0,0.6050000000000001,0.0,normal,70.4256
18,424,25440,1,0,0.6655,0.6655,0.6655,700.0,0.6655000000000002,0.0,normal,71.0911
18,424,25455,1,0,0.6655,0.6655,0.6655,700.0,0.6655000000000002,0.0,normal,71.7566
18,424,25470,1,0,0.6655,0.6655,0.6655,700.0,0.6655000000000002,0.0,normal,72.4221
18,424,25485,1,0,0.2207,0.2207,0.2207,700.0,0.6655000000000002,0.0,normal,72.6428
18,425,25500,2,0,1.4641,1.4641,0.7321,700.0,0.7320500000000003,0.0,normal,74.1069
18,425,25515,1,0,0.7321,0.7321,0.7321,700.0,0.7320500000000003,0.0,normal,74.839
18,425,25530,0,0,0.0,0.0,0.7321,700.0,0.7320500000000003,0.0,normal,74.839
18,425,25545,3,0,1.0784,1.0784,0.3595,700.0,0.7320500000000003,0.0,normal,75.9174
18,426,25560,0,0,0.0,0.0,0.8053,700.0,0.8052550000000004,0.0,normal,75.9174
18,426,25575,1,0,0.8053,0.8053,0.8053,700.0,0.8052550000000004,0.0,normal,76.7227
18,426,25590,1,0,0.8053,0.8053,0.8053,700.0,0.8052550000000004,0.0,normal,77.528
18,426,25605,1,0,0.8053,0.8053,0.8053,700.0,0.8052550000000004,0.0,normal,78.3333
18,427,25620,5,0,2.9898,2.9898,0.598,700.0,0.8857805000000005,0.0,normal,81.3231
18,427,25635,3,0,2.6573,2.6573,0.8858,700.0,0.8857805000000005,0.0,normal,83.9804
18,427,25650,3,0,2.6573,2.6573,0.8858,700.0,0.8857805000000005,0.0,normal,86.6377
18,427,25665,1,0,0.8858,0.8858,0.8858,700.0,0.8857805000000005,0.0,normal,87.5235
18,428,25680,4,0,3.8974,3.8974,0.9744,700.0,0.9743585500000007,0.0,normal,91.4209
18,428,25695,4,0,3.8974,3.8974,0.9744,700.0,0.9743585500000007,0.0,normal,95.3183
18,428,25710,3,0,1.5067,1.5067,0.5022,700.0,0.9743585500000007,0.0,normal,96.825
18,428,25725,1,0,0.4126,0.4126,0.4126,700.0,0.9743585500000007,0.0,normal,97.2376
18,429,25740,3,0,3.2154,3.2154,1.0718,700.0,1.0717944050000008,0.0,normal,100.453
18,429,25755,2,0,2.1436,2.1436,1.0718,700.0,1.0717944050000008,0.0,normal,102.5966
18,429,25770,5,0,5.359,5.359,1.0718,700.0,1.0717944050000008,0.0,normal,107.9556
18,429,25785,4,0,4.2872,4.2872,1.0718,700.0,1.0717944050000008,0.0,normal,112.2428
18,430,25800,1,0,1.179,1.179,1.179,700.0,1.178973845500001,0.0,normal,113.4218
18,430,25815,3,0,2.3397,2.3397,0.7799,700.0,1.178973845500001,0.0,normal,115.7615
18,430,25830,1,0,1.0593,1.0593,1.0593,700.0,1.178973845500001,0.0,normal,116.8208
18,430,25845,1,0,1.179,1.179,1.179,700.0,1.178973845500001,0.0,normal,117.9998
18,431,25860,1,0,0.9078,0.9078,0.9078,700.0,0.9078098610350007,0.0,normal,118.9076
18,431,25875,1,0,0.9078,0.9078,0.9078,700.0,0.9078098610350007,0.0,normal,119.8154
18,431,25890,3,0,2.7234,2.7234,0.9078,700.0,0.9078098610350007,0.0,normal,122.5388
18,431,25905,2,0,1.8156,1.8156,0.9078,700.0,0.9078098610350007,0.0,normal,124.3544
19,432,25920,0,0,0.0,0.0,0.01,700.0,0.01,0.0,normal,0.0
19,432,25935,0,0,0.0,0.0,0.01,700.0,0.01,0.0,normal,0.0
19,432,25950,0,0,0.0,0.0,0.01,700.0,0.01,0.0,normal,0.0
19,432,25965,0,0,0.0,0.0,0.01,700.0,0.01,0.0,normal,0.0
19,433,25980,5,0,2.5,2.5,0.5,700.0,0.5,1.0,normal,2.5
19,433,25995,0,0,0.0,0.0,0.4759,700.0,0.5,1.0,normal,2.5
19,433,26010,1,0,0.5,0.5,0.5,700.0,0.5,1.0,normal,3.0
19,433,26025,1,0,0.5,0.5,0.5,700.0,0.5,1.0,normal,3.5
19,434,26040,0,0,0.0,0.0,0.5,700.0,0.5,1.0,normal,3.5
19,434,26055,2,0,1.0,1.0,0.5,700.0,0.5,1.0,normal,4.5
19,434,26070,0,0,0.0,0.0,0.5,700.0,0.5,1.0,normal,4.5
19,434,26085,1,0,0.1254,0.1254,0.1254,700.0,0.5,1.0,normal,4.6254
19,435,26100,0,0,0.0,0.0,0.5,700.0,0.5,1.0,normal,4.6254
19,435,26115,1,0,0.2153,0.2153,0.2153,700.0,0.5,1.0,normal,4.8407
19,435,26130,1,0,0.5,0.5,0.5,700.0,0.5,1.0,normal,5.3407
19,435,26145,1,0,0.5,0.5,0.5,700.0,0.5,1.0,normal,5.8407
19,436,26160,0,0,0.0,0.0,0.5,700.0,0.5,1.0,normal,5.8407
19,436,26175,0,0,0.0,0.0,0.5,700.0,0.5,1.0,normal,5.8407
19,436,26190,1,0,0.5,0.5,0.5,700.0,0.5,1.0,normal,6.3407
19,436,26205,0,0,0.0,0.0,0.5,700.0,0.5,1.0,normal,6.3407
19,437,26220,0,0,0.0,0.0,0.5,700.0,0.5,1.0,normal,6.3407
19,437,26235,1,0,0.0136,0.0136,0.0136,700.0,0.5,1.0,normal,6.3543
19,437,26250,1,0,0.5,0.5,0.5,700.0,0.5,1.0,normal,6.8543
19,437,26265,0,0,0.0,0.0,0.5,700.0,0.5,1.0,normal,6.8543
19,438,26280,1,0,0.55,0.55,0.55,700.0,0.55,1.0,normal,7.4043
19,438,26295,0,0,0.0,0.0,0.55,700.0,0.55,1.0,normal,7.4043
19,438,26310,0,0,0.0,0.0,0.55,700.0,0.55,1.0,normal,7.4043
19,438,26325,0,0,0.0,0.0,0.55,700.0,0.55,1.0,normal,7.4043
19,439,26340,4,0,2.42,2.42,0.605,700.0,0.6050000000000001,1.0,normal,9.8243
19,439,26355,1,0,0.605,0.605,0.605,700.0,0.6050000000000001,1.0,normal,10.4293
19,439,26370,0,0,0.0,0.0,0.605,700.0,0.6050000000000001,1.0,normal,10.4293
19,439,26385,4,0,0.3621,0.3621,0.0905,700.0,0.6050000000000001,1.0,normal,10.7914
19,440,26400,1,0,0.6655,0.6655,0.6655,700.0,0.6655000000000002,1.0,normal,11.4569
19,440,26415,2,0,1.331,1.331,0.6655,700.0,0.6655000000000002,1.0,normal,12.7879
19,440,26430,0,0,0.0,0.0,0.6655,700.0,0.6655000000000002,1.0,normal,12.7879
19,440,26445,2,0,1.331,1.331,0.6655,700.0,0.6655000000000002,1.0,normal,14.1189
19,441,26460,2,0,0.9684,0.9684,0.4842,700.0,0.7320500000000003,1.0,normal,15.0873
19,441,26475,2,0,1.4641,1.4641,0.7321,700.0,0.7320500000000003,1.0,normal,16.5514
19,441,26490,1,0,0.5767,0.5767,0.5767,700.0,0.7320500000000003,1.0,normal,17.1281
19,441,26505,2,0,1.4641,1.4641,0.7321,700.0,0.7320500000000003,1.0,normal,18.5922
19,442,26520,1,0,0.8053,0.8053,0.8053,700.0,0.8052550000000004,1.0,normal,19.3975
19,442,26535,4,0,2.2232,2.2232,0.5558,700.0,0.8052550000000004,1.0,normal,21.6207
19,442,26550,0,0,0.0,0.0,0.8053,700.0,0.8052550000000004,1.0,normal,21.6207
19,442,26565,3,0,0.1089,0.1089,0.0363,700.0,0.8052550000000004,1.0,normal,21.7296
19,443,26580,1,0,0.8858,0.8858,0.8858,700.0,0.8857805000000005,1.0,normal,22.6154
19,443,26595,4,1,0.9257,0.9257,0.2314,700.0,0.8857805000000005,1.0,normal,23.5411
19,443,26610,2,0,0.8059,0.8059,0.403,700.0,0.8857805000000005,1.0,normal,24.347
19,443,26625,3,0,2.6573,2.6573,0.8858,700.0,0.8857805000000005,1.0,normal,27.0043
19,444,26640,17,0,3.9533,3.9533,0.2325,1000.0,5.0,1.0,normal,30.9576
19,444,26655,14,0,57.5386,57.5386,4.1099,1000.0,5.0,1.0,normal,88.4962
19,444,26670,16,0,36.481,36.481,2.2801,1000.0,5.0,1.0,normal,124.9772
19,444,26685,7,0,21.4085,21.4085,3.0584,1000.0,5.0,1.0,normal,146.3857
19,445,26700,9,3,9.9154,3.3051,1.1017,1000.0,4.125,1.0,normal,156.3011
19,445,26715,15,0,61.875,61.875,4.125,1000.0,4.125,1.0,normal,218.1761
19,445,26730,10,0,26.5145,26.5145,2.6515,1000.0,4.125,1.0,normal,244.6906
19,445,26745,13,0,42.317,42.317,3.2552,1000.0,4.125,1.0,normal,287.0076
19,446,26760,10,0,30.1957,30.1957,3.0196,1000.0,4.310625,1.0,normal,317.2033
19,446,26775,12,0,33.9213,33.9213,2.8268,1000.0,4.310625,1.0,normal,351.1246
19,446,26790,11,0,46.0989,46.0989,4.1908,1000.0,4.310625,1.0,normal,397.2235
19,446,26805,14,1,5.5367,5.5367,0.3955,1000.0,4.310625,1.0,normal,402.7602
19,447,26820,12,0,18.6948,18.6948,1.5579,1000.0,4.0304343750000005,1.0,normal,421.455
19,447,26835,8,0,13.6589,13.6589,1.7074,1000.0,4.0304343750000005,1.0,normal,435.1139
19,447,26850,11,0,44.3348,44.3348,4.0304,1000.0,4.0304343750000005,1.0,normal,479.4487
19,447,26865,16,0,11.1493,11.1493,0.6968,1000.0,4.0304343750000005,1.0,normal,490.598
19,448,26880,6,0,19.9507,19.9507,3.3251,1000.0,3.325108359375,1.0,normal,510.5487
19,448,26895,6,0,3.2547,3.2547,0.5424,1000.0,3.325108359375,1.0,normal,513.8034
19,448,26910,7,1,23.2758,23.2758,3.3251,1000.0,3.325108359375,1.0,normal,537.0792
19,448,26925,11,0,12.1385,12.1385,1.1035,1000.0,3.325108359375,1.0,normal,549.2177
19,449,26940,7,0,21.7628,21.7628,3.109,1000.0,3.1089763160156254,1.0,normal,570.9805
19,449,26955,10,0,15.7111,15.7111,1.5711,1000.0,3.1089763160156254,1.0,normal,586.6916
19,449,26970,11,1,19.734,19.734,1.794,1000.0,3.1089763160156254,1.0,normal,606.4256
19,449,26985,6,0,8.9224,8.9224,1.4871,1000.0,3.1089763160156254,1.0,normal,615.348
19,450,27000,8,1,1.868,1.868,0.2335,1000.0,2.90689285547461,1.0,normal,617.216
19,450,27015,10,1,29.0689,29.0689,2.9069,1000.0,2.90689285547461,1.0,normal,646.2849
19,450,27030,9,2,15.7979,7.8989,1.7553,1000.0,2.90689285547461,1.0,normal,662.0828
19,450,27045,4,0,6.4632,6.4632,1.6158,1000.0,2.90689285547461,1.0,normal,668.546
19,451,27060,6,1,0.5298,0.5298,0.0883,1000.0,3.197582141022071,1.0,normal,669.0758
19,451,27075,5,0,14.231,14.231,2.8462,1000.0,3.197582141022071,1.0,normal,683.3068
19,451,27090,7,0,2.9649,2.9649,0.4236,1000.0,3.197582141022071,1.0,normal,686.2717
19,451,27105,10,0,28.8555,28.8555,2.8856,1000.0,3.197582141022071,1.0,normal,715.1272
19,452,27120,19,0,1.4852,1.4852,0.0782,1000.0,3.8690743906367064,1.0,normal,716.6124
19,452,27135,5,0,19.3454,19.3454,3.8691,1000.0,3.8690743906367064,1.0,normal,735.9578
19,452,27150,7,0,22.8175,22.8175,3.2596,1000.0,3.8690743906367064,1.0,normal,758.7753
19,452,27165,7,1,27.0835,27.0835,3.8691,1000.0,3.8690743906367064,1.0,normal,785.8588
19,453,27180,9,1,21.9003,21.9003,2.4334,1000.0,4.681580012670415,1.0,normal,807.7591
19,453,27195,11,0,30.6718,30.6718,2.7883,1000.0,4.681580012670415,1.0,normal,838.4309
19,453,27210,14,1,65.5421,65.5421,4.6816,1000.0,4.681580012670415,1.0,budget_constrained,903.973
19,453,27225,21,0,22.1495,22.1495,1.0547,1000.0,4.681580012670415,1.0,budget_constrained,926.1225
19,454,27240,13,0,20.5184,20.5184,1.5783,1000.0,5.149738013937458,1.0,budget_constrained,946.6409
19,454,27255,18,0,44.0111,44.0111,2.4451,1000.0,5.149738013937458,1.0,budget_constrained,990.652
19,454,27270,1,0,9.348,9.348,4.7238,1000.0,5.149738013937458,1.0,budget_depleted,1000.0
19,454,27285,0,0,0.0,0.0,0.0,1000.0,5.149738013937458,1.0,budget_depleted,1000.0
19,455,27300,0,0,0.0,0.0,0.0,1000.0,5.149738013937458,1.0,budget_depleted,1000.0
19,455,27315,0,0,0.0,0.0,0.0,1000.0,5.149738013937458,1.0,budget_depleted,1000.0
19,455,27330,0,0,0.0,0.0,0.0,1000.0,5.149738013937458,1.0,budget_depleted,1000.0
19,455,27345,0,0,0.0,0.0,0.0,1000.0,5.149738013937458,1.0,budget_depleted,1000.0
20,456,27360,0,0,0.0,0.0,0.0,1000.0,5.149738013937458,1.0,normal,0.0
20,456,27375,9,0,46.3476,46.3476,5.1497,1000.0,5.149738013937458,1.0,normal,46.3476
20,456,27390,12,0,8.3959,8.3959,0.6997,1000.0,5.149738013937458,1.0,normal,54.7435
20,456,27405,9,0,30.1411,30.1411,3.349,1000.0,5.149738013937458,1.0,normal,84.8846
20,457,27420,17,1,87.5455,87.5455,5.1497,1000.0,5.149738013937458,1.0,normal,172.4301
20,457,27435,14,0,72.0963,72.0963,5.1497,1000.0,5.149738013937458,1.0,normal,244.5264
20,457,27450,14,0,27.5536,27.5536,1.9681,1000.0,5.149738013937458,1.0,normal,272.08
20,457,27465,19,1,97.845,97.845,5.1497,1000.0,5.149738013937458,1.0,normal,369.925
20,458,27480,14,0,36.9097,36.9097,2.6364,1000.0,4.403026001916526,1.0,normal,406.8347
20,458,27495,9,1,39.6272,39.6272,4.403,1000.0,4.403026001916526,1.0,normal,446.4619
20,458,27510,14,0,52.8773,52.8773,3.777,1000.0,4.403026001916526,1.0,normal,499.3392
20,458,27525,14,0,48.1145,48.1145,3.4367,1000.0,4.403026001916526,1.0,normal,547.4537
20,459,27540,8,0,30.1167,30.1167,3.7646,1000.0,3.7645872316386297,1.0,normal,577.5704
20,459,27555,11,0,12.8949,12.8949,1.1723,1000.0,3.7645872316386297,1.0,normal,590.4653
20,459,27570,7,0,26.3521,26.3521,3.7646,1000.0,3.7645872316386297,1.0,normal,616.8174
20,459,27585,9,0,21.2972,21.2972,2.3664,1000.0,3.7645872316386297,1.0,normal,638.1146
20,460,27600,6,0,1.1142,1.1142,0.1857,1000.0,2.8799092322035516,1.0,normal,639.2288
20,460,27615,3,0,4.5768,4.5768,1.5256,1000.0,2.8799092322035516,1.0,normal,643.8056
20,460,27630,5,0,5.7277,5.7277,1.1455,1000.0,2.8799092322035516,1.0,normal,649.5333
20,460,27645,10,0,18.3313,18.3313,1.8331,1000.0,2.8799092322035516,1.0,normal,667.8646
20,461,27660,4,0,5.3241,5.3241,1.331,1000.0,2.203130562635717,1.0,normal,673.1887
20,461,27675,7,1,15.4219,15.4219,2.2031,1000.0,2.203130562635717,1.0,normal,688.6106
20,461,27690,5,0,7.0009,7.0009,1.4002,1000.0,2.203130562635717,1.0,normal,695.6115
20,461,27705,6,1,1.2862,1.2862,0.2144,1000.0,2.203130562635717,1.0,normal,696.8977
20,462,27720,5,0,5.1996,5.1996,1.0399,1000.0,1.883676631053538,1.0,normal,702.0973
20,462,27735,6,0,8.5747,8.5747,1.4291,1000.0,1.883676631053538,1.0,normal,710.672
20,462,27750,3,0,5.651,5.651,1.8837,1000.0,1.883676631053538,1.0,normal,716.323
20,462,27765,3,0,0.4515,0.4515,0.1505,1000.0,1.883676631053538,1.0,normal,716.7745
20,463,27780,3,0,4.8316,4.8316,1.6105,1000.0,1.6105435195507751,1.0,normal,721.6061
20,463,27795,2,0,3.2211,3.2211,1.6105,1000.0,1.6105435195507751,1.0,normal,724.8272
20,463,27810,4,0,6.4422,6.4422,1.6105,1000.0,1.6105435195507751,1.0,normal,731.2694
20,463,27825,6,1,1.8185,1.8185,0.3031,1000.0,1.6105435195507751,1.0,normal,733.0879
20,464,27840,5,1,6.0887,6.0887,1.2177,1000.0,1.3770147092159126,1.0,normal,739.1766
20,464,27855,5,0,6.3009,6.3009,1.2602,1000.0,1.3770147092159126,1.0,normal,745.4775
20,464,27870,2,1,2.754,2.754,1.377,1000.0,1.3770147092159126,1.0,normal,748.2315
20,464,27885,2,0,2.0107,2.0107,1.0054,1000.0,1.3770147092159126,1.0,normal,750.2422
20,465,27900,3,0,3.7179,3.7179,1.2393,1000.0,1.2393132382943215,1.0,normal,753.9601
20,465,27915,2,0,2.4786,2.4786,1.2393,1000.0,1.2393132382943215,1.0,normal,756.4387
20,465,27930,3,0,3.7179,3.7179,1.2393,1000.0,1.2393132382943215,1.0,normal,760.1566
20,465,27945,2,0,2.4786,2.4786,1.2393,1000.0,1.2393132382943215,1.0,normal,762.6352
20,466,27960,3,0,3.3461,3.3461,1.1154,1000.0,1.1153819144648893,1.0,normal,765.9813
20,466,27975,2,0,2.2308,2.2308,1.1154,1000.0,1.1153819144648893,1.0,normal,768.2121
20,466,27990,3,0,2.6194,2.6194,0.8731,1000.0,1.1153819144648893,1.0,normal,770.8315
20,466,28005,6,0,1.1845,1.1845,0.1974,1000.0,1.1153819144648893,1.0,normal,772.016
20,467,28020,2,0,2.0077,2.0077,1.0038,1000.0,1.0038437230184005,1.0,normal,774.0237
20,467,28035,2,0,2.0077,2.0077,1.0038,1000.0,1.0038437230184005,1.0,normal,776.0314
20,467,28050,2,0,2.0077,2.0077,1.0038,1000.0,1.0038437230184005,1.0,normal,778.0391
20,467,28065,4,0,4.0154,4.0154,1.0038,1000.0,1.0038437230184005,1.0,normal,782.0545
20,468,28080,1,0,0.6209,0.6209,0.6209,1000.0,0.9034593507165605,1.3,normal,782.6754
20,468,28095,4,0,0.5163,0.5163,0.1291,1000.0,0.9034593507165605,1.3,normal,783.1917
20,468,28110,4,0,1.9081,1.9081,0.477,1000.0,0.9034593507165605,1.3,normal,785.0998
20,468,28125,0,0,0.0,0.0,0.9035,1000.0,0.9034593507165605,1.3,normal,785.0998
20,469,28140,3,0,2.4393,2.4393,0.8131,1000.0,0.8131134156449045,1.3,normal,787.5391
20,469,28155,2,1,0.3896,0.3896,0.1948,1000.0,0.8131134156449045,1.3,normal,787.9287
20,469,28170,3,0,2.3441,2.3441,0.7814,1000.0,0.8131134156449045,1.3,normal,790.2728
20,469,28185,2,0,0.9364,0.9364,0.4682,1000.0,0.8131134156449045,1.3,normal,791.2092
20,470,28200,0,0,0.0,0.0,0.7318,1000.0,0.7318020740804141,1.3,normal,791.2092
20,470,28215,2,0,0.3911,0.3911,0.1955,1000.0,0.7318020740804141,1.3,normal,791.6003
20,470,28230,4,0,2.9272,2.9272,0.7318,1000.0,0.7318020740804141,1.3,normal,794.5275
20,470,28245,2,0,1.4636,1.4636,0.7318,1000.0,0.7318020740804141,1.3,normal,795.9911
20,471,28260,2,0,1.3172,1.3172,0.6586,1000.0,0.6586218666723727,1.3,normal,797.3083
20,471,28275,2,1,1.3172,1.3172,0.6586,1000.0,0.6586218666723727,1.3,normal,798.6255
20,471,28290,0,0,0.0,0.0,0.6586,1000.0,0.6586218666723727,1.3,normal,798.6255
20,471,28305,1,0,0.5569,0.5569,0.5569,1000.0,0.6586218666723727,1.3,normal,799.1824
20,472,28320,3,0,1.7783,1.7783,0.5928,1000.0,0.5927596800051355,1.3,normal,800.9607
20,472,28335,1,0,0.4245,0.4245,0.4245,1000.0,0.5927596800051355,1.3,normal,801.3852
20,472,28350,0,0,0.0,0.0,0.5099,1000.0,0.5927596800051355,1.3,normal,801.3852
20,472,28365,2,0,1.1855,1.1855,0.5928,1000.0,0.5927596800051355,1.3,normal,802.5707
20,473,28380,1,0,0.5172,0.5172,0.5172,1000.0,0.533483712004622,1.3,normal,803.0879
20,473,28395,2,1,1.067,1.067,0.5335,1000.0,0.533483712004622,1.3,normal,804.1549
20,473,28410,0,0,0.0,0.0,0.5335,1000.0,0.533483712004622,1.3,normal,804.1549
20,473,28425,2,0,1.067,1.067,0.5335,1000.0,0.533483712004622,1.3,normal,805.2219
20,474,28440,4,0,1.3214,1.3214,0.3303,1000.0,0.533483712004622,1.3,normal,806.5433
20,474,28455,2,0,1.067,1.067,0.5335,1000.0,0.533483712004622,1.3,normal,807.6103
20,474,28470,0,0,0.0,0.0,0.5335,1000.0,0.533483712004622,1.3,normal,807.6103
20,474,28485,3,0,1.6005,1.6005,0.5335,1000.0,0.533483712004622,1.3,normal,809.2108
20,475,28500,1,0,0.5,0.5,0.5,1000.0,0.5,1.3,normal,809.7108
20,475,28515,2,0,1.0,1.0,0.5,1000.0,0.5,1.3,normal,810.7108
20,475,28530,1,0,0.5,0.5,0.5,1000.0,0.5,1.3,normal,811.2108
20,475,28545,1,0,0.5,0.5,0.5,1000.0,0.5,1.3,normal,811.7108
20,476,28560,0,0,0.0,0.0,0.5,1000.0,0.5,1.3,normal,811.7108
20,476,28575,5,0,2.5,2.5,0.5,1000.0,0.5,1.3,normal,814.2108
20,476,28590,1,0,0.5,0.5,0.5,1000.0,0.5,1.3,normal,814.7108
20,476,28605,1,0,0.5,0.5,0.5,1000.0,0.5,1.3,normal,815.2108
20,477,28620,1,0,0.5,0.5,0.5,1000.0,0.5,1.3,normal,815.7108
20,477,28635,0,0,0.0,0.0,0.5,1000.0,0.5,1.3,normal,815.7108
20,477,28650,1,0,0.5,0.5,0.5,1000.0,0.5,1.3,normal,816.2108
20,477,28665,0,0,0.0,0.0,0.5,1000.0,0.5,1.3,normal,816.2108
20,478,28680,2,0,1.0,1.0,0.5,1000.0,0.5,1.3,normal,817.2108
20,478,28695,3,0,0.9998,0.9998,0.3333,1000.0,0.5,1.3,normal,818.2106
20,478,28710,2,0,1.0,1.0,0.5,1000.0,0.5,1.3,normal,819.2106
20,478,28725,1,0,0.5,0.5,0.5,1000.0,0.5,1.3,normal,819.7106
20,479,28740,2,0,1.1,1.1,0.55,1000.0,0.55,1.3,normal,820.8106
20,479,28755,2,0,0.2374,0.2374,0.1187,1000.0,0.55,1.3,normal,821.048
20,479,28770,2,1,1.1,1.1,0.55,1000.0,0.55,1.3,normal,822.148
20,479,28785,2,0,1.1,1.1,0.55,1000.0,0.55,1.3,normal,823.248
21,480,28800,2,0,0.9026,0.9026,0.4513,1000.0,0.6050000000000001,1.3,normal,0.9026
21,480,28815,0,0,0.0,0.0,0.605,1000.0,0.6050000000000001,1.3,normal,0.9026
21,480,28830,2,0,1.21,1.21,0.605,1000.0,0.6050000000000001,1.3,normal,2.1126
21,480,28845,3,0,0.654,0.654,0.218,1000.0,0.6050000000000001,1.3,normal,2.7666
21,481,28860,0,0,0.0,0.0,0.459,1000.0,0.7320500000000003,1.3,normal,2.7666
21,481,28875,2,1,1.4641,1.4641,0.7321,1000.0,0.7320500000000003,1.3,normal,4.2307
21,481,28890,2,0,0.1919,0.1919,0.096,1000.0,0.7320500000000003,1.3,normal,4.4226
21,481,28905,4,0,2.9282,2.9282,0.7321,1000.0,0.7320500000000003,1.3,normal,7.3508
21,482,28920,2,0,1.7716,1.7716,0.8858,1000.0,0.8857805000000005,1.3,normal,9.1224
21,482,28935,2,1,1.7716,1.7716,0.8858,1000.0,0.8857805000000005,1.3,normal,10.894
21,482,28950,3,0,2.6573,2.6573,0.8858,1000.0,0.8857805000000005,1.3,normal,13.5513
21,482,28965,1,0,0.8858,0.8858,0.8858,1000.0,0.8857805000000005,1.3,normal,14.4371
21,483,28980,1,0,1.0718,1.0718,1.0718,1000.0,1.0717944050000008,1.3,normal,15.5089
21,483,28995,1,0,1.0718,1.0718,1.0718,1000.0,1.0717944050000008,1.3,normal,16.5807
21,483,29010,3,0,3.2154,3.2154,1.0718,1000.0,1.0717944050000008,1.3,normal,19.7961
21,483,29025,0,0,0.0,0.0,0.426,1000.0,1.0717944050000008,1.3,normal,19.7961
21,484,29040,3,0,3.8906,3.8906,1.2969,1000.0,1.2968712300500012,1.3,normal,23.6867
21,484,29055,5,0,6.4844,6.4844,1.2969,1000.0,1.2968712300500012,1.3,normal,30.1711
21,484,29070,3,0,3.8906,3.8906,1.2969,1000.0,1.2968712300500012,1.3,normal,34.0617
21,484,29085,3,0,3.8906,3.8906,1.2969,1000.0,1.2968712300500012,1.3,normal,37.9523
21,485,29100,4,0,6.2769,6.2769,1.5692,1000.0,1.5692141883605017,1.3,normal,44.2292
21,485,29115,3,0,4.7076,4.7076,1.5692,1000.0,1.5692141883605017,1.3,normal,48.9368
21,485,29130,5,0,2.7831,2.7831,0.5566,1000.0,1.5692141883605017,1.3,normal,51.7199
21,485,29145,5,1,6.8036,6.8036,1.3607,1000.0,1.5692141883605017,1.3,normal,58.5235
21,486,29160,3,0,5.6962,5.6962,1.8987,1000.0,1.8987491679162074,1.3,normal,64.2197
21,486,29175,5,0,9.4937,9.4937,1.8987,1000.0,1.8987491679162074,1.3,normal,73.7134
21,486,29190,3,0,1.6478,1.6478,0.5493,1000.0,1.8987491679162074,1.3,normal,75.3612
21,486,29205,8,0,5.9385,5.9385,0.7423,1000.0,1.8987491679162074,1.3,normal,81.2997
21,487,29220,6,1,13.7849,13.7849,2.2975,1000.0,2.297486493178611,1.3,normal,95.0846
21,487,29235,6,1,4.378,4.378,0.7297,1000.0,2.297486493178611,1.3,normal,99.4626
21,487,29250,4,1,3.7007,3.7007,0.9252,1000.0,2.297486493178611,1.3,normal,103.1633
21,487,29265,1,0,2.2975,2.2975,2.2975,1000.0,2.297486493178611,1.3,normal,105.4608
21,488,29280,6,0,1.5275,1.5275,0.2546,1000.0,2.7799586567461194,1.3,normal,106.9883
21,488,29295,3,0,8.3399,8.3399,2.78,1000.0,2.7799586567461194,1.3,normal,115.3282
21,488,29310,7,1,18.6623,18.6623,2.666,1000.0,2.7799586567461194,1.3,normal,133.9905
21,488,29325,7,0,18.8254,18.8254,2.6893,1000.0,2.7799586567461194,1.3,normal,152.8159
21,489,29340,10,0,9.3976,9.3976,0.9398,1000.0,3.363749974662805,1.3,normal,162.2135
21,489,29355,8,0,26.91,26.91,3.3637,1000.0,3.363749974662805,1.3,normal,189.1235
21,489,29370,9,0,30.2737,30.2737,3.3637,1000.0,3.363749974662805,1.3,normal,219.3972
21,489,29385,5,1,16.8187,16.8187,3.3637,1000.0,3.363749974662805,1.3,normal,236.2159
21,490,29400,10,1,6.8286,6.8286,0.6829,1000.0,4.0701374693419945,1.3,normal,243.0445
21,490,29415,12,1,27.0371,27.0371,2.2531,1000.0,4.0701374693419945,1.3,normal,270.0816
21,490,29430,16,0,65.1222,65.1222,4.0701,1000.0,4.0701374693419945,1.3,normal,335.2038
21,490,29445,15,0,14.9137,14.9137,0.9942,1000.0,4.0701374693419945,1.3,normal,350.1175
21,491,29460,11,0,21.1157,21.1157,1.9196,1000.0,4.924866337903814,1.3,normal,371.2332
21,491,29475,7,0,1.9683,1.9683,0.2812,1000.0,4.924866337903814,1.3,normal,373.2015
21,491,29490,13,0,4.569,4.569,0.3515,1000.0,4.924866337903814,1.3,normal,377.7705
21,491,29505,10,0,7.6539,7.6539,0.7654,1000.0,4.924866337903814,1.3,normal,385.4244
21,492,29520,14,0,57.3547,57.3547,4.0968,1000.0,5.0,1.3,normal,442.7791
21,492,29535,17,0,15.2562,15.2562,0.8974,1000.0,5.0,1.3,normal,458.0353
21,492,29550,10,0,7.0005,7.0005,0.7,1000.0,5.0,1.3,normal,465.0358
21,492,29565,10,0,34.6528,34.6528,3.4653,1000.0,5.0,1.3,normal,499.6886
21,493,29580,23,0,32.7252,32.7252,1.4228,1000.0,6.050000000000001,1.3,normal,532.4138
21,493,29595,16,2,21.0193,10.5097,1.3137,1000.0,6.050000000000001,1.3,normal,553.4331
21,493,29610,14,0,84.7,84.7,6.05,1000.0,6.050000000000001,1.3,normal,638.1331
21,493,29625,6,0,30.1355,30.1355,5.0226,1000.0,6.050000000000001,1.3,normal,668.2686
21,494,29640,24,2,25.3788,12.6894,1.0575,1000.0,7.320500000000002,1.3,normal,693.6474
21,494,29655,12,0,38.6138,38.6138,3.2178,1000.0,7.320500000000002,1.3,normal,732.2612
21,494,29670,23,0,37.3517,37.3517,1.624,1000.0,7.320500000000002,1.3,normal,769.6129
21,494,29685,14,1,56.3821,56.3821,4.0273,1000.0,7.320500000000002,1.3,normal,825.995
21,495,29700,17,0,88.3509,88.3509,5.1971,1000.0,8.052550000000002,1.3,budget_constrained,914.3459
21,495,29715,16,2,12.9581,6.479,0.8099,1000.0,8.052550000000002,1.3,budget_constrained,927.304
21,495,29730,18,0,72.2292,72.2292,4.0127,1000.0,8.052550000000002,1.3,budget_constrained,999.5332
21,495,29745,0,0,0.4668,0.4668,6.7621,1000.0,8.052550000000002,1.3,budget_depleted,1000.0
21,496,29760,0,0,0.0,0.0,0.0,1000.0,8.857805000000003,1.3,budget_depleted,1000.0
21,496,29775,0,0,0.0,0.0,0.0,1000.0,8.857805000000003,1.3,budget_depleted,1000.0
21,496,29790,0,0,0.0,0.0,0.0,1000.0,8.857805000000003,1.3,budget_depleted,1000.0
21,496,29805,0,0,0.0,0.0,0.0,1000.0,8.857805000000003,1.3,budget_depleted,1000.0
21,497,29820,0,0,0.0,0.0,0.0,1000.0,9.743585500000004,1.3,budget_depleted,1000.0
21,497,29835,0,0,0.0,0.0,0.0,1000.0,9.743585500000004,1.3,budget_depleted,1000.0
21,497,29850,0,0,0.0,0.0,0.0,1000.0,9.743585500000004,1.3,budget_depleted,1000.0
21,497,29865,0,0,0.0,0.0,0.0,1000.0,9.743585500000004,1.3,budget_depleted,1000.0
21,498,29880,0,0,0.0,0.0,0.0,1000.0,10.717944050000005,1.3,budget_depleted,1000.0
21,498,29895,0,0,0.0,0.0,0.0,1000.0,10.717944050000005,1.3,budget_depleted,1000.0
21,498,29910,0,0,0.0,0.0,0.0,1000.0,10.717944050000005,1.3,budget_depleted,1000.0
21,498,29925,0,0,0.0,0.0,0.0,1000.0,10.717944050000005,1.3,budget_depleted,1000.0
21,499,29940,0,0,0.0,0.0,0.0,1000.0,11.789738455000007,1.3,budget_depleted,1000.0
21,499,29955,0,0,0.0,0.0,0.0,1000.0,11.789738455000007,1.3,budget_depleted,1000.0
21,499,29970,0,0,0.0,0.0,0.0,1000.0,11.789738455000007,1.3,budget_depleted,1000.0
21,499,29985,0,0,0.0,0.0,0.0,1000.0,11.789738455000007,1.3,budget_depleted,1000.0
21,500,30000,0,0,0.0,0.0,0.0,1000.0,12.968712300500009,1.3,budget_depleted,1000.0
21,500,30015,0,0,0.0,0.0,0.0,1000.0,12.968712300500009,1.3,budget_depleted,1000.0
21,500,30030,0,0,0.0,0.0,0.0,1000.0,12.968712300500009,1.3,budget_depleted,1000.0
21,500,30045,0,0,0.0,0.0,0.0,1000.0,12.968712300500009,1.3,budget_depleted,1000.0
21,501,30060,0,0,0.0,0.0,0.0,1000.0,14.26558353055001,1.3,budget_depleted,1000.0
21,501,30075,0,0,0.0,0.0,0.0,1000.0,14.26558353055001,1.3,budget_depleted,1000.0
21,501,30090,0,0,0.0,0.0,0.0,1000.0,14.26558353055001,1.3,budget_depleted,1000.0
21,501,30105,0,0,0.0,0.0,0.0,1000.0,14.26558353055001,1.3,budget_depleted,1000.0
21,502,30120,0,0,0.0,0.0,0.0,1000.0,15.692141883605013,1.3,budget_depleted,1000.0
21,502,30135,0,0,0.0,0.0,0.0,1000.0,15.692141883605013,1.3,budget_depleted,1000.0
21,502,30150,0,0,0.0,0.0,0.0,1000.0,15.692141883605013,1.3,budget_depleted,1000.0
21,502,30165,0,0,0.0,0.0,0.0,1000.0,15.692141883605013,1.3,budget_depleted,1000.0
21,503,30180,0,0,0.0,0.0,0.0,1000.0,17.261356071965515,1.3,budget_depleted,1000.0
21,503,30195,0,0,0.0,0.0,0.0,1000.0,17.261356071965515,1.3,budget_depleted,1000.0
21,503,30210,0,0,0.0,0.0,0.0,1000.0,17.261356071965515,1.3,budget_depleted,1000.0
21,503,30225,0,0,0.0,0.0,0.0,1000.0,17.261356071965515,1.3,budget_depleted,1000.0
22,504,30240,0,0,0.0,0.0,0.0,1000.0,18.98749167916207,1.3,normal,0.0
22,504,30255,45,2,364.4278,182.2139,8.0984,1000.0,18.98749167916207,1.3,normal,364.4278
22,504,30270,49,3,146.5926,48.8642,2.9917,1000.0,18.98749167916207,1.3,normal,511.0204
22,504,30285,48,1,190.0705,190.0705,3.9598,1000.0,18.98749167916207,1.3,normal,701.0909
22,505,30300,36,2,290.8455,145.4228,8.079,1000.0,17.08874251124586,1.3,budget_constrained,991.9364
22,505,30315,1,1,8.0636,8.0636,4.0496,1000.0,17.08874251124586,1.3,budget_depleted,1000.0
22,505,30330,0,0,0.0,0.0,0.0,1000.0,17.08874251124586,1.3,budget_depleted,1000.0
22,505,30345,0,0,0.0,0.0,0.0,1000.0,17.08874251124586,1.3,budget_depleted,1000.0
22,506,30360,0,0,0.0,0.0,0.0,1000.0,15.379868260121276,1.3,budget_depleted,1000.0
22,506,30375,0,0,0.0,0.0,0.0,1000.0,15.379868260121276,1.3,budget_depleted,1000.0
22,506,30390,0,0,0.0,0.0,0.0,1000.0,15.379868260121276,1.3,budget_depleted,1000.0
22,506,30405,0,0,0.0,0.0,0.0,1000.0,15.379868260121276,1.3,budget_depleted,1000.0
22,507,30420,0,0,0.0,0.0,0.0,1000.0,13.14978736240369,1.3,budget_depleted,1000.0
22,507,30435,0,0,0.0,0.0,0.0,1000.0,13.14978736240369,1.3,budget_depleted,1000.0
22,507,30450,0,0,0.0,0.0,0.0,1000.0,13.14978736240369,1.3,budget_depleted,1000.0
22,507,30465,0,0,0.0,0.0,0.0,1000.0,13.14978736240369,1.3,budget_depleted,1000.0
22,508,30480,0,0,0.0,0.0,0.0,1000.0,11.243068194855155,1.3,budget_depleted,1000.0
22,508,30495,0,0,0.0,0.0,0.0,1000.0,11.243068194855155,1.3,budget_depleted,1000.0
22,508,30510,0,0,0.0,0.0,0.0,1000.0,11.243068194855155,1.3,budget_depleted,1000.0
22,508,30525,0,0,0.0,0.0,0.0,1000.0,11.243068194855155,1.3,budget_depleted,1000.0
22,509,30540,0,0,0.0,0.0,0.0,1000.0,9.612823306601157,1.3,budget_depleted,1000.0
22,509,30555,0,0,0.0,0.0,0.0,1000.0,9.612823306601157,1.3,budget_depleted,1000.0
22,509,30570,0,0,0.0,0.0,0.0,1000.0,9.612823306601157,1.3,budget_depleted,1000.0
22,509,30585,0,0,0.0,0.0,0.0,1000.0,9.612823306601157,1.3,budget_depleted,1000.0
22,510,30600,0,0,0.0,0.0,0.0,1000.0,8.21896392714399,1.3,budget_depleted,1000.0
22,510,30615,0,0,0.0,0.0,0.0,1000.0,8.21896392714399,1.3,budget_depleted,1000.0
22,510,30630,0,0,0.0,0.0,0.0,1000.0,8.21896392714399,1.3,budget_depleted,1000.0
22,510,30645,0,0,0.0,0.0,0.0,1000.0,8.21896392714399,1.3,budget_depleted,1000.0
22,511,30660,0,0,0.0,0.0,0.0,1000.0,7.027214157708112,1.3,budget_depleted,1000.0
22,511,30675,0,0,0.0,0.0,0.0,1000.0,7.027214157708112,1.3,budget_depleted,1000.0
22,511,30690,0,0,0.0,0.0,0.0,1000.0,7.027214157708112,1.3,budget_depleted,1000.0
22,511,30705,0,0,0.0,0.0,0.0,1000.0,7.027214157708112,1.3,budget_depleted,1000.0
22,512,30720,0,0,0.0,0.0,0.0,1000.0,5.375818830646706,1.3,budget_depleted,1000.0
22,512,30735,0,0,0.0,0.0,0.0,1000.0,5.375818830646706,1.3,budget_depleted,1000.0
22,512,30750,0,0,0.0,0.0,0.0,1000.0,5.375818830646706,1.3,budget_depleted,1000.0
22,512,30765,0,0,0.0,0.0,0.0,1000.0,5.375818830646706,1.3,budget_depleted,1000.0
22,513,30780,0,0,0.0,0.0,0.0,1000.0,4.11250140544473,1.3,budget_depleted,1000.0
22,513,30795,0,0,0.0,0.0,0.0,1000.0,4.11250140544473,1.3,budget_depleted,1000.0
22,513,30810,0,0,0.0,0.0,0.0,1000.0,4.11250140544473,1.3,budget_depleted,1000.0
22,513,30825,0,0,0.0,0.0,0.0,1000.0,4.11250140544473,1.3,budget_depleted,1000.0
22,514,30840,0,0,0.0,0.0,0.0,1000.0,3.146063575165219,1.3,budget_depleted,1000.0
22,514,30855,0,0,0.0,0.0,0.0,1000.0,3.146063575165219,1.3,budget_depleted,1000.0
22,514,30870,0,0,0.0,0.0,0.0,1000.0,3.146063575165219,1.3,budget_depleted,1000.0
22,514,30885,0,0,0.0,0.0,0.0,1000.0,3.146063575165219,1.3,budget_depleted,1000.0
22,515,30900,0,0,0.0,0.0,0.0,1000.0,2.4067386350013926,1.3,budget_depleted,1000.0
22,515,30915,0,0,0.0,0.0,0.0,1000.0,2.4067386350013926,1.3,budget_depleted,1000.0
22,515,30930,0,0,0.0,0.0,0.0,1000.0,2.4067386350013926,1.3,budget_depleted,1000.0
22,515,30945,0,0,0.0,0.0,0.0,1000.0,2.4067386350013926,1.3,budget_depleted,1000.0
22,516,30960,0,0,0.0,0.0,0.0,1000.0,1.8411550557760654,1.3,budget_depleted,1000.0
22,516,30975,0,0,0.0,0.0,0.0,1000.0,1.8411550557760654,1.3,budget_depleted,1000.0
22,516,30990,0,0,0.0,0.0,0.0,1000.0,1.8411550557760654,1.3,budget_depleted,1000.0
22,516,31005,0,0,0.0,0.0,0.0,1000.0,1.8411550557760654,1.3,budget_depleted,1000.0
22,517,31020,0,0,0.0,0.0,0.0,1000.0,1.4084836176686901,1.3,budget_depleted,1000.0
22,517,31035,0,0,0.0,0.0,0.0,1000.0,1.4084836176686901,1.3,budget_depleted,1000.0
22,517,31050,0,0,0.0,0.0,0.0,1000.0,1.4084836176686901,1.3,budget_depleted,1000.0
22,517,31065,0,0,0.0,0.0,0.0,1000.0,1.4084836176686901,1.3,budget_depleted,1000.0
22,518,31080,0,0,0.0,0.0,0.0,1000.0,1.077489967516548,1.3,budget_depleted,1000.0
22,518,31095,0,0,0.0,0.0,0.0,1000.0,1.077489967516548,1.3,budget_depleted,1000.0
22,518,31110,0,0,0.0,0.0,0.0,1000.0,1.077489967516548,1.3,budget_depleted,1000.0
22,518,31125,0,0,0.0,0.0,0.0,1000.0,1.077489967516548,1.3,budget_depleted,1000.0
22,519,31140,0,0,0.0,0.0,0.0,1000.0,0.7273057280736699,1.3,budget_depleted,1000.0
22,519,31155,0,0,0.0,0.0,0.0,1000.0,0.7273057280736699,1.3,budget_depleted,1000.0
22,519,31170,0,0,0.0,0.0,0.0,1000.0,0.7273057280736699,1.3,budget_depleted,1000.0
22,519,31185,0,0,0.0,0.0,0.0,1000.0,0.7273057280736699,1.3,budget_depleted,1000.0
22,520,31200,0,0,0.0,0.0,0.0,1000.0,0.5454792960552524,1.3,budget_depleted,1000.0
22,520,31215,0,0,0.0,0.0,0.0,1000.0,0.5454792960552524,1.3,budget_depleted,1000.0
22,520,31230,0,0,0.0,0.0,0.0,1000.0,0.5454792960552524,1.3,budget_depleted,1000.0
22,520,31245,0,0,0.0,0.0,0.0,1000.0,0.5454792960552524,1.3,budget_depleted,1000.0
22,521,31260,0,0,0.0,0.0,0.0,1000.0,0.5,1.3,budget_depleted,1000.0
22,521,31275,0,0,0.0,0.0,0.0,1000.0,0.5,1.3,budget_depleted,1000.0
22,521,31290,0,0,0.0,0.0,0.0,1000.0,0.5,1.3,budget_depleted,1000.0
22,521,31305,0,0,0.0,0.0,0.0,1000.0,0.5,1.3,budget_depleted,1000.0
22,522,31320,0,0,0.0,0.0,0.0,1000.0,0.5,1.3,budget_depleted,1000.0
22,522,31335,0,0,0.0,0.0,0.0,1000.0,0.5,1.3,budget_depleted,1000.0
22,522,31350,0,0,0.0,0.0,0.0,1000.0,0.5,1.3,budget_depleted,1000.0
22,522,31365,0,0,0.0,0.0,0.0,1000.0,0.5,1.3,budget_depleted,1000.0
22,523,31380,0,0,0.0,0.0,0.0,1000.0,0.5,1.3,budget_depleted,1000.0
22,523,31395,0,0,0.0,0.0,0.0,1000.0,0.5,1.3,budget_depleted,1000.0
22,523,31410,0,0,0.0,0.0,0.0,1000.0,0.5,1.3,budget_depleted,1000.0
22,523,31425,0,0,0.0,0.0,0.0,1000.0,0.5,1.3,budget_depleted,1000.0
22,524,31440,0,0,0.0,0.0,0.0,1000.0,0.5,1.3,budget_depleted,1000.0
22,524,31455,0,0,0.0,0.0,0.0,1000.0,0.5,1.3,budget_depleted,1000.0
22,524,31470,0,0,0.0,0.0,0.0,1000.0,0.5,1.3,budget_depleted,1000.0
22,524,31485,0,0,0.0,0.0,0.0,1000.0,0.5,1.3,budget_depleted,1000.0
22,525,31500,0,0,0.0,0.0,0.0,1000.0,0.5,1.3,budget_depleted,1000.0
22,525,31515,0,0,0.0,0.0,0.0,1000.0,0.5,1.3,budget_depleted,1000.0
22,525,31530,0,0,0.0,0.0,0.0,1000.0,0.5,1.3,budget_depleted,1000.0
22,525,31545,0,0,0.0,0.0,0.0,1000.0,0.5,1.3,budget_depleted,1000.0
22,526,31560,0,0,0.0,0.0,0.0,1000.0,0.5,1.3,budget_depleted,1000.0
22,526,31575,0,0,0.0,0.0,0.0,1000.0,0.5,1.3,budget_depleted,1000.0
22,526,31590,0,0,0.0,0.0,0.0,1000.0,0.5,1.3,budget_depleted,1000.0
22,526,31605,0,0,0.0,0.0,0.0,1000.0,0.5,1.3,budget_depleted,1000.0
22,527,31620,0,0,0.0,0.0,0.0,1000.0,0.5,1.3,budget_depleted,1000.0
22,527,31635,0,0,0.0,0.0,0.0,1000.0,0.5,1.3,budget_depleted,1000.0
22,527,31650,0,0,0.0,0.0,0.0,1000.0,0.5,1.3,budget_depleted,1000.0
22,527,31665,0,0,0.0,0.0,0.0,1000.0,0.5,1.3,budget_depleted,1000.0
23,528,31680,0,0,0.0,0.0,0.0,1000.0,0.5,1.3,normal,0.0
23,528,31695,1,0,0.5,0.5,0.5,1000.0,0.5,1.3,normal,0.5
23,528,31710,4,0,2.0,2.0,0.5,1000.0,0.5,1.3,normal,2.5
23,528,31725,0,0,0.0,0.0,0.5,1000.0,0.5,1.3,normal,2.5
23,529,31740,1,0,0.5,0.5,0.5,1000.0,0.5,1.3,normal,3.0
23,529,31755,1,0,0.5,0.5,0.5,1000.0,0.5,1.3,normal,3.5
23,529,31770,0,0,0.0,0.0,0.5,1000.0,0.5,1.3,normal,3.5
23,529,31785,0,0,0.0,0.0,0.5,1000.0,0.5,1.3,normal,3.5
23,530,31800,1,0,0.5,0.5,0.5,1000.0,0.5,1.3,normal,4.0
23,530,31815,2,0,1.0,1.0,0.5,1000.0,0.5,1.3,normal,5.0
23,530,31830,0,0,0.0,0.0,0.5,1000.0,0.5,1.3,normal,5.0
23,530,31845,2,0,0.7187,0.7187,0.3593,1000.0,0.5,1.3,normal,5.7187
23,531,31860,2,0,0.981,0.981,0.4905,1000.0,0.55,1.3,normal,6.6997
23,531,31875,2,0,1.1,1.1,0.55,1000.0,0.55,1.3,normal,7.7997
23,531,31890,1,0,0.55,0.55,0.55,1000.0,0.55,1.3,normal,8.3497
23,531,31905,0,0,0.0,0.0,0.55,1000.0,0.55,1.3,normal,8.3497
23,532,31920,2,0,1.21,1.21,0.605,1000.0,0.6050000000000001,1.3,normal,9.5597
23,532,31935,2,0,1.21,1.21,0.605,1000.0,0.6050000000000001,1.3,normal,10.7697
23,532,31950,0,0,0.0,0.0,0.605,1000.0,0.6050000000000001,1.3,normal,10.7697
23,532,31965,1,0,0.605,0.605,0.605,1000.0,0.6050000000000001,1.3,normal,11.3747
23,533,31980,0,0,0.0,0.0,0.6655,1000.0,0.6655000000000002,1.3,normal,11.3747
23,533,31995,2,0,1.331,1.331,0.6655,1000.0,0.6655000000000002,1.3,normal,12.7057
23,533,32010,1,0,0.6655,0.6655,0.6655,1000.0,0.6655000000000002,1.3,normal,13.3712
23,533,32025,4,0,2.662,2.662,0.6655,1000.0,0.6655000000000002,1.3,normal,16.0332
23,534,32040,2,0,1.4641,1.4641,0.7321,1000.0,0.7320500000000003,1.3,normal,17.4973
23,534,32055,0,0,0.0,0.0,0.7321,1000.0,0.7320500000000003,1.3,normal,17.4973
23,534,32070,0,0,0.0,0.0,0.7321,1000.0,0.7320500000000003,1.3,normal,17.4973
23,534,32085,1,0,0.7321,0.7321,0.7321,1000.0,0.7320500000000003,1.3,normal,18.2294
23,535,32100,3,0,1.9203,1.9203,0.6401,1000.0,0.8052550000000004,1.3,normal,20.1497
23,535,32115,3,0,2.4158,2.4158,0.8053,1000.0,0.8052550000000004,1.3,normal,22.5655
23,535,32130,2,0,1.6105,1.6105,0.8053,1000.0,0.8052550000000004,1.3,normal,24.176
23,535,32145,0,0,0.0,0.0,0.8053,1000.0,0.8052550000000004,1.3,normal,24.176
23,536,32160,0,0,0.0,0.0,0.5705,1000.0,0.8857805000000005,1.3,normal,24.176
23,536,32175,5,0,4.2163,4.2163,0.8433,1000.0,0.8857805000000005,1.3,normal,28.3923
23,536,32190,2,0,1.7716,1.7716,0.8858,1000.0,0.8857805000000005,1.3,normal,30.1639
23,536,32205,2,0,1.7716,1.7716,0.8858,1000.0,0.8857805000000005,1.3,normal,31.9355
23,537,32220,2,0,1.9487,1.9487,0.9744,1000.0,0.9743585500000007,1.3,normal,33.8842
23,537,32235,5,0,0.4909,0.4909,0.0982,1000.0,0.9743585500000007,1.3,normal,34.3751
23,537,32250,2,0,1.9487,1.9487,0.9744,1000.0,0.9743585500000007,1.3,normal,36.3238
23,537,32265,3,0,2.9231,2.9231,0.9744,1000.0,0.9743585500000007,1.3,normal,39.2469
23,538,32280,6,0,6.4308,6.4308,1.0718,1000.0,1.0717944050000008,1.3,normal,45.6777
23,538,32295,5,0,3.2003,3.2003,0.6401,1000.0,1.0717944050000008,1.3,normal,48.878
23,538,32310,3,0,3.2154,3.2154,1.0718,1000.0,1.0717944050000008,1.3,normal,52.0934
23,538,32325,4,1,4.2872,4.2872,1.0718,1000.0,1.0717944050000008,1.3,normal,56.3806
23,539,32340,4,0,5.1875,5.1875,1.2969,1000.0,1.2968712300500012,1.3,normal,61.5681
23,539,32355,4,0,5.1875,5.1875,1.2969,1000.0,1.2968712300500012,1.3,normal,66.7556
23,539,32370,5,0,0.6309,0.6309,0.1262,1000.0,1.2968712300500012,1.3,normal,67.3865
23,539,32385,4,0,5.1875,5.1875,1.2969,1000.0,1.2968712300500012,1.3,normal,72.574
23,540,32400,16,0,76.8047,76.8047,4.8003,1000.0,5.0,1.3,normal,149.3787
23,540,32415,20,2,6.2056,3.1028,0.3103,1000.0,5.0,1.3,normal,155.5843
23,540,32430,12,0,55.675,55.675,4.6396,1000.0,5.0,1.3,normal,211.2593
23,540,32445,11,0,35.067,35.067,3.1879,1000.0,5.0,1.3,normal,246.3263
23,541,32460,18,2,35.8857,17.9429,1.9937,1000.0,5.225,1.3,normal,282.212
23,541,32475,11,0,39.1315,39.1315,3.5574,1000.0,5.225,1.3,normal,321.3435
23,541,32490,23,2,52.7588,26.3794,2.2939,1000.0,5.225,1.3,normal,374.1023
23,541,32505,10,1,26.9967,26.9967,2.6997,1000.0,5.225,1.3,normal,401.099
23,542,32520,16,0,78.6663,78.6663,4.9166,1000.0,6.322250000000001,1.3,normal,479.7653
23,542,32535,9,1,52.437,52.437,5.8263,1000.0,6.322250000000001,1.3,normal,532.2023
23,542,32550,13,0,82.1893,82.1893,6.3223,1000.0,6.322250000000001,1.3,normal,614.3916
23,542,32565,15,0,75.8561,75.8561,5.0571,1000.0,6.322250000000001,1.3,normal,690.2477
23,543,32580,20,1,70.4854,70.4854,3.5243,1000.0,6.954475000000002,1.3,normal,760.7331
23,543,32595,12,0,81.8628,81.8628,6.8219,1000.0,6.954475000000002,1.3,normal,842.5959
23,543,32610,9,0,45.5033,45.5033,5.0559,1000.0,6.954475000000002,1.3,normal,888.0992
23,543,32625,9,0,41.5736,41.5736,4.6193,1000.0,6.954475000000002,1.3,budget_constrained,929.6728
23,544,32640,17,1,70.3272,70.3272,4.0427,1000.0,5.911303750000002,1.3,budget_depleted,1000.0
23,544,32655,0,0,0.0,0.0,0.0,1000.0,5.911303750000002,1.3,budget_depleted,1000.0
23,544,32670,0,0,0.0,0.0,0.0,1000.0,5.911303750000002,1.3,budget_depleted,1000.0
23,544,32685,0,0,0.0,0.0,0.0,1000.0,5.911303750000002,1.3,budget_depleted,1000.0
23,545,32700,0,0,0.0,0.0,0.0,1000.0,5.024608187500001,1.3,budget_depleted,1000.0
23,545,32715,0,0,0.0,0.0,0.0,1000.0,5.024608187500001,1.3,budget_depleted,1000.0
23,545,32730,0,0,0.0,0.0,0.0,1000.0,5.024608187500001,1.3,budget_depleted,1000.0
23,545,32745,0,0,0.0,0.0,0.0,1000.0,5.024608187500001,1.3,budget_depleted,1000.0
23,546,32760,0,0,0.0,0.0,0.0,1000.0,4.2709169593750005,1.3,budget_depleted,1000.0
23,546,32775,0,0,0.0,0.0,0.0,1000.0,4.2709169593750005,1.3,budget_depleted,1000.0
23,546,32790,0,0,0.0,0.0,0.0,1000.0,4.2709169593750005,1.3,budget_depleted,1000.0
23,546,32805,0,0,0.0,0.0,0.0,1000.0,4.2709169593750005,1.3,budget_depleted,1000.0
23,547,32820,0,0,0.0,0.0,0.0,1000.0,3.6302794154687503,1.3,budget_depleted,1000.0
23,547,32835,0,0,0.0,0.0,0.0,1000.0,3.6302794154687503,1.3,budget_depleted,1000.0
23,547,32850,0,0,0.0,0.0,0.0,1000.0,3.6302794154687503,1.3,budget_depleted,1000.0
23,547,32865,0,0,0.0,0.0,0.0,1000.0,3.6302794154687503,1.3,budget_depleted,1000.0
23,548,32880,0,0,0.0,0.0,0.0,1000.0,3.0857375031484375,1.3,budget_depleted,1000.0
23,548,32895,0,0,0.0,0.0,0.0,1000.0,3.0857375031484375,1.3,budget_depleted,1000.0
23,548,32910,0,0,0.0,0.0,0.0,1000.0,3.0857375031484375,1.3,budget_depleted,1000.0
23,548,32925,0,0,0.0,0.0,0.0,1000.0,3.0857375031484375,1.3,budget_depleted,1000.0
23,549,32940,0,0,0.0,0.0,0.0,1000.0,2.622876877676172,1.3,budget_depleted,1000.0
23,549,32955,0,0,0.0,0.0,0.0,1000.0,2.622876877676172,1.3,budget_depleted,1000.0
23,549,32970,0,0,0.0,0.0,0.0,1000.0,2.622876877676172,1.3,budget_depleted,1000.0
23,549,32985,0,0,0.0,0.0,0.0,1000.0,2.622876877676172,1.3,budget_depleted,1000.0
23,550,33000,0,0,0.0,0.0,0.0,1000.0,2.2294453460247463,1.3,budget_depleted,1000.0
23,550,33015,0,0,0.0,0.0,0.0,1000.0,2.2294453460247463,1.3,budget_depleted,1000.0
23,550,33030,0,0,0.0,0.0,0.0,1000.0,2.2294453460247463,1.3,budget_depleted,1000.0
23,550,33045,0,0,0.0,0.0,0.0,1000.0,2.2294453460247463,1.3,budget_depleted,1000.0
23,551,33060,0,0,0.0,0.0,0.0,1000.0,1.8950285441210344,1.3,budget_depleted,1000.0
23,551,33075,0,0,0.0,0.0,0.0,1000.0,1.8950285441210344,1.3,budget_depleted,1000.0
23,551,33090,0,0,0.0,0.0,0.0,1000.0,1.8950285441210344,1.3,budget_depleted,1000.0
23,551,33105,0,0,0.0,0.0,0.0,1000.0,1.8950285441210344,1.3,budget_depleted,1000.0
24,552,33120,0,0,0.0,0.0,0.0,1000.0,1.6107742625028791,1.3,normal,0.0
24,552,33135,5,0,8.0539,8.0539,1.6108,1000.0,1.6107742625028791,1.3,normal,8.0539
24,552,33150,7,1,11.2754,11.2754,1.6108,1000.0,1.6107742625028791,1.3,normal,19.3293
24,552,33165,6,0,9.6646,9.6646,1.6108,1000.0,1.6107742625028791,1.3,normal,28.9939
24,553,33180,2,0,0.6838,0.6838,0.3419,1000.0,1.530235549377735,1.3,normal,29.6777
24,553,33195,2,0,2.7397,2.7397,1.3699,1000.0,1.530235549377735,1.3,normal,32.4174
24,553,33210,4,0,2.3951,2.3951,0.5988,1000.0,1.530235549377735,1.3,normal,34.8125
24,553,33225,4,0,6.1209,6.1209,1.5302,1000.0,1.530235549377735,1.3,normal,40.9334
24,554,33240,4,0,1.0519,1.0519,0.263,1000.0,1.4537237719088483,1.3,normal,41.9853
24,554,33255,1,0,1.1487,1.1487,1.1487,1000.0,1.4537237719088483,1.3,normal,43.134
24,554,33270,2,0,2.9074,2.9074,1.4537,1000.0,1.4537237719088483,1.3,normal,46.0414
24,554,33285,1,0,1.348,1.348,1.348,1000.0,1.4537237719088483,1.3,normal,47.3894
24,555,33300,1,0,0.3444,0.3444,0.3444,1000.0,1.3810375833134059,1.3,normal,47.7338
24,555,33315,2,0,0.5795,0.5795,0.2898,1000.0,1.3810375833134059,1.3,normal,48.3133
24,555,33330,7,0,9.2824,9.2824,1.3261,1000.0,1.3810375833134059,1.3,normal,57.5957
24,555,33345,4,1,4.8775,4.8775,1.2194,1000.0,1.3810375833134059,1.3,normal,62.4732
24,556,33360,7,1,1.2333,1.2333,0.1762,1000.0,1.3119857041477354,1.3,normal,63.7065
24,556,33375,9,1,11.8079,11.8079,1.312,1000.0,1.3119857041477354,1.3,normal,75.5144
24,556,33390,2,0,2.624,2.624,1.312,1000.0,1.3119857041477354,1.3,normal,78.1384
24,556,33405,1,0,0.6809,0.6809,0.6809,1000.0,1.3119857041477354,1.3,normal,78.8193
24,557,33420,1,0,1.312,1.312,1.312,1000.0,1.3119857041477354,1.3,normal,80.1313
24,557,33435,4,0,5.2479,5.2479,1.312,1000.0,1.3119857041477354,1.3,normal,85.3792
24,557,33450,4,0,3.5557,3.5557,0.8889,1000.0,1.3119857041477354,1.3,normal,88.9349
24,557,33465,3,0,3.936,3.936,1.312,1000.0,1.3119857041477354,1.3,normal,92.8709
24,558,33480,5,1,6.5599,6.5599,1.312,1000.0,1.3119857041477354,1.3,normal,99.4308
24,558,33495,2,0,2.624,2.624,1.312,1000.0,1.3119857041477354,1.3,normal,102.0548
24,558,33510,1,0,0.0268,0.0268,0.0268,1000.0,1.3119857041477354,1.3,normal,102.0816
24,558,33525,3,0,2.2337,2.2337,0.7446,1000.0,1.3119857041477354,1.3,normal,104.3153
24,559,33540,3,0,3.936,3.936,1.312,1000.0,1.3119857041477354,1.3,normal,108.2513
24,559,33555,8,0,5.9244,5.9244,0.7405,1000.0,1.3119857041477354,1.3,normal,114.1757
24,559,33570,2,0,1.735,1.735,0.8675,1000.0,1.3119857041477354,1.3,normal,115.9107
24,559,33585,0,0,0.0,0.0,1.312,1000.0,1.3119857041477354,1.3,normal,115.9107
24,560,33600,1,0,1.312,1.312,1.312,1000.0,1.3119857041477354,1.3,normal,117.2227
24,560,33615,2,0,2.624,2.624,1.312,1000.0,1.3119857041477354,1.3,normal,119.8467
24,560,33630,2,0,2.1761,2.1761,1.0881,1000.0,1.3119857041477354,1.3,normal,122.0228
24,560,33645,4,0,5.2479,5.2479,1.312,1000.0,1.3119857041477354,1.3,normal,127.2707
24,561,33660,1,0,1.1054,1.1054,1.1054,1000.0,1.3119857041477354,1.3,normal,128.3761
24,561,33675,3,0,2.8873,2.8873,0.9624,1000.0,1.3119857041477354,1.3,normal,131.2634
24,561,33690,3,0,3.936,3.936,1.312,1000.0,1.3119857041477354,1.3,normal,135.1994
24,561,33705,2,0,0.8431,0.8431,0.4215,1000.0,1.3119857041477354,1.3,normal,136.0425
24,562,33720,5,0,6.5599,6.5599,1.312,1000.0,1.3119857041477354,1.3,normal,142.6024
24,562,33735,1,0,1.312,1.312,1.312,1000.0,1.3119857041477354,1.3,normal,143.9144
24,562,33750,2,0,2.3974,2.3974,1.1987,1000.0,1.3119857041477354,1.3,normal,146.3118
24,562,33765,0,0,0.0,0.0,1.312,1000.0,1.3119857041477354,1.3,normal,146.3118
24,563,33780,3,0,1.0352,1.0352,0.3451,1000.0,1.3119857041477354,1.3,normal,147.347
24,563,33795,4,0,2.2507,2.2507,0.5627,1000.0,1.3119857041477354,1.3,normal,149.5977
24,563,33810,5,0,6.5599,6.5599,1.312,1000.0,1.3119857041477354,1.3,normal,156.1576
24,563,33825,3,0,3.5905,3.5905,1.1968,1000.0,1.3119857041477354,1.3,normal,159.7481
24,564,33840,4,1,5.2479,5.2479,1.312,1000.0,1.3119857041477354,1.3,normal,164.996
24,564,33855,9,0,11.5194,11.5194,1.2799,1000.0,1.3119857041477354,1.3,normal,176.5154
24,564,33870,3,0,1.0873,1.0873,0.3624,1000.0,1.3119857041477354,1.3,normal,177.6027
24,564,33885,1,0,0.1541,0.1541,0.1541,1000.0,1.3119857041477354,1.3,normal,177.7568
24,565,33900,0,0,0.0,0.0,1.312,1000.0,1.3119857041477354,1.3,normal,177.7568
24,565,33915,3,0,3.936,3.936,1.312,1000.0,1.3119857041477354,1.3,normal,181.6928
24,565,33930,8,1,10.4959,10.4959,1.312,1000.0,1.3119857041477354,1.3,normal,192.1887
24,565,33945,5,0,6.5599,6.5599,1.312,1000.0,1.3119857041477354,1.3,normal,198.7486
24,566,33960,3,1,4.3296,4.3296,1.4432,1000.0,1.443184274562509,1.3,normal,203.0782
24,566,33975,5,0,5.096,5.096,1.0192,1000.0,1.443184274562509,1.3,normal,208.1742
24,566,33990,8,2,11.5455,5.7727,1.4432,1000.0,1.443184274562509,1.3,normal,219.7197
24,566,34005,4,0,5.7727,5.7727,1.4432,1000.0,1.443184274562509,1.3,normal,225.4924
24,567,34020,4,0,6.985,6.985,1.7463,1000.0,1.7462529722206361,1.3,normal,232.4774
24,567,34035,2,0,1.6659,1.6659,0.833,1000.0,1.7462529722206361,1.3,normal,234.1433
24,567,34050,3,0,5.2388,5.2388,1.7463,1000.0,1.7462529722206361,1.3,normal,239.3821
24,567,34065,2,0,3.4925,3.4925,1.7463,1000.0,1.7462529722206361,1.3,normal,242.8746
24,568,34080,4,0,8.4519,8.4519,2.113,1000.0,2.11296609638697,1.3,normal,251.3265
24,568,34095,8,0,16.9037,16.9037,2.113,1000.0,2.11296609638697,1.3,normal,268.2302
24,568,34110,9,0,15.7672,15.7672,1.7519,1000.0,2.11296609638697,1.3,normal,283.9974
24,568,34125,0,0,0.0,0.0,2.113,1000.0,2.11296609638697,1.3,normal,283.9974
24,569,34140,10,0,3.1686,3.1686,0.3169,1000.0,2.556688976628234,1.3,normal,287.166
24,569,34155,9,0,15.7004,15.7004,1.7445,1000.0,2.556688976628234,1.3,normal,302.8664
24,569,34170,10,0,13.109,13.109,1.3109,1000.0,2.556688976628234,1.3,normal,315.9754
24,569,34185,8,0,11.9699,11.9699,1.4962,1000.0,2.556688976628234,1.3,normal,327.9453
24,570,34200,4,0,2.4405,2.4405,0.6101,1000.0,3.093593661720164,1.3,normal,330.3858
24,570,34215,8,1,20.4882,20.4882,2.561,1000.0,3.093593661720164,1.3,normal,350.874
24,570,34230,5,0,15.468,15.468,3.0936,1000.0,3.093593661720164,1.3,normal,366.342
24,570,34245,13,0,40.2167,40.2167,3.0936,1000.0,3.093593661720164,1.3,normal,406.5587
24,571,34260,4,0,2.9293,2.9293,0.7323,1000.0,3.743248330681399,1.3,normal,409.488
24,571,34275,11,0,41.1757,41.1757,3.7432,1000.0,3.743248330681399,1.3,normal,450.6637
24,571,34290,10,0,2.5251,2.5251,0.2525,1000.0,3.743248330681399,1.3,normal,453.1888
24,571,34305,7,0,26.2027,26.2027,3.7432,1000.0,3.743248330681399,1.3,normal,479.3915
24,572,34320,17,1,76.9986,76.9986,4.5293,1000.0,4.529330480124494,1.3,normal,556.3901
24,572,34335,9,1,12.4505,12.4505,1.3834,1000.0,4.529330480124494,1.3,normal,568.8406
24,572,34350,12,0,20.6365,20.6365,1.7197,1000.0,4.529330480124494,1.3,normal,589.4771
24,572,34365,22,0,3.3983,3.3983,0.1545,1000.0,4.529330480124494,1.3,normal,592.8754
24,573,34380,16,0,27.2894,27.2894,1.7056,1000.0,5.480489880950638,1.3,normal,620.1648
24,573,34395,12,0,17.0291,17.0291,1.4191,1000.0,5.480489880950638,1.3,normal,637.1939
24,573,34410,23,1,9.8081,9.8081,0.4264,1000.0,5.480489880950638,1.3,normal,647.002
24,573,34425,14,0,57.5057,57.5057,4.1075,1000.0,5.480489880950638,1.3,normal,704.5077
24,574,34440,27,2,172.3476,86.1738,6.3832,1000.0,6.631392755950273,1.3,normal,876.8553
24,574,34455,15,1,53.606,53.606,3.5737,1000.0,6.631392755950273,1.3,budget_constrained,930.4613
24,574,34470,16,1,69.5387,69.5387,4.1646,1000.0,6.631392755950273,1.3,budget_depleted,1000.0
24,574,34485,0,0,0.0,0.0,0.0,1000.0,6.631392755950273,1.3,budget_depleted,1000.0
24,575,34500,0,0,0.0,0.0,0.0,1000.0,7.294532031545301,1.3,budget_depleted,1000.0
24,575,34515,0,0,0.0,0.0,0.0,1000.0,7.294532031545301,1.3,budget_depleted,1000.0
24,575,34530,0,0,0.0,0.0,0.0,1000.0,7.294532031545301,1.3,budget_depleted,1000.0
24,575,34545,0,0,0.0,0.0,0.0,1000.0,7.294532031545301,1.3,budget_depleted,1000.0
25,576,34560,0,0,0.0,0.0,0.0,1000.0,8.02398523469983,1.3,normal,0.0
25,576,34575,13,0,79.9266,79.9266,6.1482,1000.0,8.02398523469983,1.3,normal,79.9266
25,576,34590,24,4,180.1546,45.0386,7.5064,1000.0,8.02398523469983,1.3,normal,260.0812
25,576,34605,25,1,70.9566,70.9566,2.8383,1000.0,8.02398523469983,1.3,normal,331.0378
25,577,34620,20,0,43.3779,43.3779,2.1689,1000.0,7.943745382352833,1.3,normal,374.4157
25,577,34635,22,0,60.9973,60.9973,2.7726,1000.0,7.943745382352833,1.3,normal,435.413
25,577,34650,25,1,10.3332,10.3332,0.4133,1000.0,7.943745382352833,1.3,normal,445.7462
25,577,34665,21,1,24.5896,24.5896,1.1709,1000.0,7.943745382352833,1.3,normal,470.3358
25,578,34680,17,0,40.7513,40.7513,2.3971,1000.0,7.864307928529305,1.3,normal,511.0871
25,578,34695,9,0,23.408,23.408,2.6009,1000.0,7.864307928529305,1.3,normal,534.4951
25,578,34710,21,0,44.2862,44.2862,2.1089,1000.0,7.864307928529305,1.3,normal,578.7813
25,578,34725,13,1,89.3185,89.3185,6.8707,1000.0,7.864307928529305,1.3,normal,668.0998
25,579,34740,13,1,22.9199,22.9199,1.7631,1000.0,7.077877135676375,1.3,normal,691.0197
25,579,34755,20,2,87.0677,43.5339,4.3534,1000.0,7.077877135676375,1.3,normal,778.0874
25,579,34770,15,1,92.573,92.573,6.1715,1000.0,7.077877135676375,1.3,normal,870.6604
25,579,34785,23,1,16.9271,16.9271,0.736,1000.0,7.077877135676375,1.3,normal,887.5875
25,580,34800,21,1,101.1429,101.1429,4.8163,1000.0,7.007098364319612,1.3,budget_constrained,988.7304
25,580,34815,1,0,11.2696,11.2696,6.3647,1000.0,7.007098364319612,1.3,budget_constrained,1000.0
25,580,34830,0,0,0.0,0.0,2.5548,1000.0,7.007098364319612,1.3,budget_constrained,1000.0
25,580,34845,0,0,0.0,0.0,2.7996,1000.0,7.007098364319612,1.3,budget_constrained,1000.0
25,581,34860,0,0,0.0,0.0,1.6215,1000.0,6.306388527887651,1.3,budget_constrained,1000.0
25,581,34875,0,0,0.0,0.0,2.0342,1000.0,6.306388527887651,1.3,budget_constrained,1000.0
25,581,34890,0,0,0.0,0.0,5.0496,1000.0,6.306388527887651,1.3,budget_constrained,1000.0
25,581,34905,0,0,0.0,0.0,4.3866,1000.0,6.306388527887651,1.3,budget_constrained,1000.0
25,582,34920,0,0,0.0,0.0,5.139,1000.0,5.675749675098886,1.3,budget_constrained,1000.0
25,582,34935,0,0,0.0,0.0,3.7448,1000.0,5.675749675098886,1.3,budget_constrained,1000.0
25,582,34950,0,0,0.0,0.0,0.6545,1000.0,5.675749675098886,1.3,budget_constrained,1000.0
25,582,34965,0,0,0.0,0.0,1.6713,1000.0,5.675749675098886,1.3,budget_constrained,1000.0
25,583,34980,0,0,0.0,0.0,4.7768,1000.0,5.108174707588997,1.3,budget_constrained,1000.0
25,583,34995,0,0,0.0,0.0,0.662,1000.0,5.108174707588997,1.3,budget_constrained,1000.0
25,583,35010,0,0,0.0,0.0,4.983,1000.0,5.108174707588997,1.3,budget_constrained,1000.0
25,583,35025,0,0,0.0,0.0,2.1861,1000.0,5.108174707588997,1.3,budget_constrained,1000.0
25,584,35040,0,0,0.0,0.0,3.8889,1000.0,4.5973572368300974,1.3,budget_constrained,1000.0
25,584,35055,0,0,0.0,0.0,0.1547,1000.0,4.5973572368300974,1.3,budget_constrained,1000.0
25,584,35070,0,0,0.0,0.0,1.7906,1000.0,4.5973572368300974,1.3,budget_constrained,1000.0
25,584,35085,0,0,0.0,0.0,4.4756,1000.0,4.5973572368300974,1.3,budget_constrained,1000.0
25,585,35100,0,0,0.0,0.0,0.86,1000.0,4.137621513147088,1.3,budget_constrained,1000.0
25,585,35115,0,0,0.0,0.0,0.3499,1000.0,4.137621513147088,1.3,budget_constrained,1000.0
25,585,35130,0,0,0.0,0.0,4.1376,1000.0,4.137621513147088,1.3,budget_constrained,1000.0
25,585,35145,0,0,0.0,0.0,3.5839,1000.0,4.137621513147088,1.3,budget_constrained,1000.0
25,586,35160,0,0,0.0,0.0,3.7239,1000.0,3.723859361832379,1.3,budget_constrained,1000.0
25,586,35175,0,0,0.0,0.0,3.3769,1000.0,3.723859361832379,1.3,budget_constrained,1000.0
25,586,35190,0,0,0.0,0.0,0.4491,1000.0,3.723859361832379,1.3,budget_constrained,1000.0
25,586,35205,0,0,0.0,0.0,1.4966,1000.0,3.723859361832379,1.3,budget_constrained,1000.0
25,587,35220,0,0,0.0,0.0,0.4074,1000.0,3.351473425649141,1.3,budget_constrained,1000.0
25,587,35235,0,0,0.0,0.0,3.1472,1000.0,3.351473425649141,1.3,budget_constrained,1000.0
25,587,35250,0,0,0.0,0.0,0.6669,1000.0,3.351473425649141,1.3,budget_constrained,1000.0
25,587,35265,0,0,0.0,0.0,3.3515,1000.0,3.351473425649141,1.3,budget_constrained,1000.0
25,588,35280,0,0,0.0,0.0,1.2366,1000.0,3.0163260830842273,1.3,budget_constrained,1000.0
25,588,35295,0,0,0.0,0.0,0.3193,1000.0,3.0163260830842273,1.3,budget_constrained,1000.0
25,588,35310,0,0,0.0,0.0,3.0163,1000.0,3.0163260830842273,1.3,budget_constrained,1000.0
25,588,35325,0,0,0.0,0.0,3.0163,1000.0,3.0163260830842273,1.3,budget_constrained,1000.0
25,589,35340,0,0,0.0,0.0,2.1005,1000.0,2.7146934747758045,1.3,budget_constrained,1000.0
25,589,35355,0,0,0.0,0.0,1.2734,1000.0,2.7146934747758045,1.3,budget_constrained,1000.0
25,589,35370,0,0,0.0,0.0,1.6612,1000.0,2.7146934747758045,1.3,budget_constrained,1000.0
25,589,35385,0,0,0.0,0.0,2.7147,1000.0,2.7146934747758045,1.3,budget_constrained,1000.0
25,590,35400,0,0,0.0,0.0,2.3959,1000.0,2.4432241272982242,1.3,budget_constrained,1000.0
25,590,35415,0,0,0.0,0.0,1.8366,1000.0,2.4432241272982242,1.3,budget_constrained,1000.0
25,590,35430,0,0,0.0,0.0,2.4432,1000.0,2.4432241272982242,1.3,budget_constrained,1000.0
25,590,35445,0,0,0.0,0.0,0.1135,1000.0,2.4432241272982242,1.3,budget_constrained,1000.0
25,591,35460,0,0,0.0,0.0,2.0255,1000.0,2.088956628839982,1.3,budget_constrained,1000.0
25,591,35475,0,0,0.0,0.0,1.7007,1000.0,2.088956628839982,1.3,budget_constrained,1000.0
25,591,35490,0,0,0.0,0.0,2.089,1000.0,2.088956628839982,1.3,budget_constrained,1000.0
25,591,35505,0,0,0.0,0.0,2.089,1000.0,2.088956628839982,1.3,budget_constrained,1000.0
25,592,35520,0,0,0.0,0.0,1.3493,1000.0,1.8800609659559837,1.3,budget_constrained,1000.0
25,592,35535,0,0,0.0,0.0,1.5437,1000.0,1.8800609659559837,1.3,budget_constrained,1000.0
25,592,35550,0,0,0.0,0.0,1.8801,1000.0,1.8800609659559837,1.3,budget_constrained,1000.0
25,592,35565,0,0,0.0,0.0,0.955,1000.0,1.8800609659559837,1.3,budget_constrained,1000.0
25,593,35580,0,0,0.0,0.0,1.4726,1000.0,1.6920548693603854,1.3,budget_constrained,1000.0
25,593,35595,0,0,0.0,0.0,1.6921,1000.0,1.6920548693603854,1.3,budget_constrained,1000.0
25,593,35610,0,0,0.0,0.0,1.6921,1000.0,1.6920548693603854,1.3,budget_constrained,1000.0
25,593,35625,0,0,0.0,0.0,0.6473,1000.0,1.6920548693603854,1.3,budget_constrained,1000.0
25,594,35640,0,0,0.0,0.0,1.5228,1000.0,1.522849382424347,1.3,budget_constrained,1000.0
25,594,35655,0,0,0.0,0.0,1.5228,1000.0,1.522849382424347,1.3,budget_constrained,1000.0
25,594,35670,0,0,0.0,0.0,1.5228,1000.0,1.522849382424347,1.3,budget_constrained,1000.0
25,594,35685,0,0,0.0,0.0,1.5228,1000.0,1.522849382424347,1.3,budget_constrained,1000.0
25,595,35700,0,0,0.0,0.0,1.3706,1000.0,1.3705644441819123,1.3,budget_constrained,1000.0
25,595,35715,0,0,0.0,0.0,0.4378,1000.0,1.3705644441819123,1.3,budget_constrained,1000.0
25,595,35730,0,0,0.0,0.0,0.9377,1000.0,1.3705644441819123,1.3,budget_constrained,1000.0
25,595,35745,0,0,0.0,0.0,1.3706,1000.0,1.3705644441819123,1.3,budget_constrained,1000.0
25,596,35760,0,0,0.0,0.0,1.2335,1000.0,1.233507999763721,1.3,budget_constrained,1000.0
25,596,35775,0,0,0.0,0.0,1.2335,1000.0,1.233507999763721,1.3,budget_constrained,1000.0
25,596,35790,0,0,0.0,0.0,0.2739,1000.0,1.233507999763721,1.3,budget_constrained,1000.0
25,596,35805,0,0,0.0,0.0,1.2335,1000.0,1.233507999763721,1.3,budget_constrained,1000.0
25,597,35820,0,0,0.0,0.0,0.6936,1000.0,1.110157199787349,1.3,budget_constrained,1000.0
25,597,35835,0,0,0.0,0.0,0.3923,1000.0,1.110157199787349,1.3,budget_constrained,1000.0
25,597,35850,0,0,0.0,0.0,0.5783,1000.0,1.110157199787349,1.3,budget_constrained,1000.0
25,597,35865,0,0,0.0,0.0,1.1102,1000.0,1.110157199787349,1.3,budget_constrained,1000.0
25,598,35880,0,0,0.0,0.0,0.9991,1000.0,0.9991414798086141,1.3,budget_constrained,1000.0
25,598,35895,0,0,0.0,0.0,0.9991,1000.0,0.9991414798086141,1.3,budget_constrained,1000.0
25,598,35910,0,0,0.0,0.0,0.9991,1000.0,0.9991414798086141,1.3,budget_constrained,1000.0
25,598,35925,0,0,0.0,0.0,0.9991,1000.0,0.9991414798086141,1.3,budget_constrained,1000.0
25,599,35940,0,0,0.0,0.0,0.5283,1000.0,0.9991414798086141,1.3,budget_constrained,1000.0
25,599,35955,0,0,0.0,0.0,0.9991,1000.0,0.9991414798086141,1.3,budget_constrained,1000.0
25,599,35970,0,0,0.0,0.0,0.9991,1000.0,0.9991414798086141,1.3,budget_constrained,1000.0
25,599,35985,0,0,0.0,0.0,0.9991,1000.0,0.9991414798086141,1.3,budget_constrained,1000.0
26,600,36000,0,0,0.0,0.0,0.9991,1000.0,0.9991414798086141,1.3,normal,0.0
26,600,36015,4,0,3.9966,3.9966,0.9991,1000.0,0.9991414798086141,1.3,normal,3.9966
26,600,36030,2,0,1.9983,1.9983,0.9991,1000.0,0.9991414798086141,1.3,normal,5.9949
26,600,36045,1,0,0.9991,0.9991,0.9991,1000.0,0.9991414798086141,1.3,normal,6.994
26,601,36060,2,0,1.8531,1.8531,0.9265,1000.0,1.0990556277894756,1.3,normal,8.8471
26,601,36075,2,0,2.1981,2.1981,1.0991,1000.0,1.0990556277894756,1.3,normal,11.0452
26,601,36090,4,0,1.66,1.66,0.415,1000.0,1.0990556277894756,1.3,normal,12.7052
26,601,36105,1,0,1.0991,1.0991,1.0991,1000.0,1.0990556277894756,1.3,normal,13.8043
26,602,36120,2,0,0.8311,0.8311,0.4155,1000.0,1.2089611905684232,1.3,normal,14.6354
26,602,36135,7,1,8.3023,8.3023,1.186,1000.0,1.2089611905684232,1.3,normal,22.9377
26,602,36150,2,0,2.4179,2.4179,1.209,1000.0,1.2089611905684232,1.3,normal,25.3556
26,602,36165,3,0,2.1883,2.1883,0.7294,1000.0,1.2089611905684232,1.3,normal,27.5439
26,603,36180,3,0,2.0248,2.0248,0.6749,1000.0,1.4628430405877924,1.3,normal,29.5687
26,603,36195,4,0,1.966,1.966,0.4915,1000.0,1.4628430405877924,1.3,normal,31.5347
26,603,36210,5,0,0.1659,0.1659,0.0332,1000.0,1.4628430405877924,1.3,normal,31.7006
26,603,36225,5,1,7.3142,7.3142,1.4628,1000.0,1.4628430405877924,1.3,normal,39.0148
26,604,36240,4,0,7.0802,7.0802,1.77,1000.0,1.770040079111229,1.3,normal,46.095
26,604,36255,13,1,0.1093,0.1093,0.0084,1000.0,1.770040079111229,1.3,normal,46.2043
26,604,36270,3,0,2.1426,2.1426,0.7142,1000.0,1.770040079111229,1.3,normal,48.3469
26,604,36285,2,0,3.5401,3.5401,1.77,1000.0,1.770040079111229,1.3,normal,51.887
26,605,36300,9,0,17.5378,17.5378,1.9486,1000.0,2.1417484957245874,1.3,normal,69.4248
26,605,36315,6,0,8.3746,8.3746,1.3958,1000.0,2.1417484957245874,1.3,normal,77.7994
26,605,36330,6,0,12.8505,12.8505,2.1417,1000.0,2.1417484957245874,1.3,normal,90.6499
26,605,36345,6,0,12.8505,12.8505,2.1417,1000.0,2.1417484957245874,1.3,normal,103.5004
26,606,36360,10,0,18.8504,18.8504,1.885,1000.0,2.591515679826751,1.3,normal,122.3508
26,606,36375,8,1,5.0787,5.0787,0.6348,1000.0,2.591515679826751,1.3,normal,127.4295
26,606,36390,5,0,0.4076,0.4076,0.0815,1000.0,2.591515679826751,1.3,normal,127.8371
26,606,36405,3,1,3.8986,3.8986,1.2995,1000.0,2.591515679826751,1.3,normal,131.7357
26,607,36420,10,0,31.3573,31.3573,3.1357,1000.0,3.1357339725903692,1.3,normal,163.093
26,607,36435,9,1,16.207,16.207,1.8008,1000.0,3.1357339725903692,1.3,normal,179.3
26,607,36450,6,0,3.2008,3.2008,0.5335,1000.0,3.1357339725903692,1.3,normal,182.5008
26,607,36465,6,1,16.2191,16.2191,2.7032,1000.0,3.1357339725903692,1.3,normal,198.7199
26,608,36480,6,0,13.6981,13.6981,2.283,1000.0,3.794238106834347,1.3,normal,212.418
26,608,36495,8,1,19.998,19.998,2.4997,1000.0,3.794238106834347,1.3,normal,232.416
26,608,36510,12,0,19.5807,19.5807,1.6317,1000.0,3.794238106834347,1.3,normal,251.9967
26,608,36525,12,0,45.0902,45.0902,3.7575,1000.0,3.794238106834347,1.3,normal,297.0869
26,609,36540,12,1,36.4716,36.4716,3.0393,1000.0,4.59102810926956,1.3,normal,333.5585
26,609,36555,14,0,45.5915,45.5915,3.2565,1000.0,4.59102810926956,1.3,normal,379.15
26,609,36570,10,0,44.2811,44.2811,4.4281,1000.0,4.59102810926956,1.3,normal,423.4311
26,609,36585,9,0,41.3193,41.3193,4.591,1000.0,4.59102810926956,1.3,normal,464.7504
26,610,36600,12,0,52.8506,52.8506,4.4042,1000.0,5.555144012216169,1.3,normal,517.601
26,610,36615,14,1,16.6616,16.6616,1.1901,1000.0,5.555144012216169,1.3,normal,534.2626
26,610,36630,12,0,53.3075,53.3075,4.4423,1000.0,5.555144012216169,1.3,normal,587.5701
26,610,36645,14,2,13.244,6.622,0.946,1000.0,5.555144012216169,1.3,normal,600.8141
26,611,36660,11,1,60.5674,60.5674,5.5061,1000.0,6.721724254781566,1.3,normal,661.3815
26,611,36675,17,1,26.6065,26.6065,1.5651,1000.0,6.721724254781566,1.3,normal,687.988
26,611,36690,15,0,43.3817,43.3817,2.8921,1000.0,6.721724254781566,1.3,normal,731.3697
26,611,36705,9,0,14.0231,14.0231,1.5581,1000.0,6.721724254781566,1.3,normal,745.3928
26,612,36720,31,1,38.3256,38.3256,1.2363,1000.0,8.133286348285695,1.3,normal,783.7184
26,612,36735,33,1,184.5428,184.5428,5.5922,1000.0,8.133286348285695,1.3,budget_constrained,968.2612
26,612,36750,17,1,31.7388,31.7388,1.7753,1000.0,8.133286348285695,1.3,budget_depleted,1000.0
26,612,36765,0,0,0.0,0.0,0.0,1000.0,8.133286348285695,1.3,budget_depleted,1000.0
26,613,36780,0,0,0.0,0.0,0.0,1000.0,8.946614983114266,1.3,budget_depleted,1000.0
26,613,36795,0,0,0.0,0.0,0.0,1000.0,8.946614983114266,1.3,budget_depleted,1000.0
26,613,36810,0,0,0.0,0.0,0.0,1000.0,8.946614983114266,1.3,budget_depleted,1000.0
26,613,36825,0,0,0.0,0.0,0.0,1000.0,8.946614983114266,1.3,budget_depleted,1000.0
26,614,36840,0,0,0.0,0.0,0.0,1000.0,9.841276481425693,1.3,budget_depleted,1000.0
26,614,36855,0,0,0.0,0.0,0.0,1000.0,9.841276481425693,1.3,budget_depleted,1000.0
26,614,36870,0,0,0.0,0.0,0.0,1000.0,9.841276481425693,1.3,budget_depleted,1000.0
26,614,36885,0,0,0.0,0.0,0.0,1000.0,9.841276481425693,1.3,budget_depleted,1000.0
26,615,36900,0,0,0.0,0.0,0.0,1000.0,10.825404129568263,1.3,budget_depleted,1000.0
26,615,36915,0,0,0.0,0.0,0.0,1000.0,10.825404129568263,1.3,budget_depleted,1000.0
26,615,36930,0,0,0.0,0.0,0.0,1000.0,10.825404129568263,1.3,budget_depleted,1000.0
26,615,36945,0,0,0.0,0.0,0.0,1000.0,10.825404129568263,1.3,budget_depleted,1000.0
26,616,36960,0,0,0.0,0.0,0.0,1000.0,11.90794454252509,1.3,budget_depleted,1000.0
26,616,36975,0,0,0.0,0.0,0.0,1000.0,11.90794454252509,1.3,budget_depleted,1000.0
26,616,36990,0,0,0.0,0.0,0.0,1000.0,11.90794454252509,1.3,budget_depleted,1000.0
26,616,37005,0,0,0.0,0.0,0.0,1000.0,11.90794454252509,1.3,budget_depleted,1000.0
26,617,37020,0,0,0.0,0.0,0.0,1000.0,13.0987389967776,1.3,budget_depleted,1000.0
26,617,37035,0,0,0.0,0.0,0.0,1000.0,13.0987389967776,1.3,budget_depleted,1000.0
26,617,37050,0,0,0.0,0.0,0.0,1000.0,13.0987389967776,1.3,budget_depleted,1000.0
26,617,37065,0,0,0.0,0.0,0.0,1000.0,13.0987389967776,1.3,budget_depleted,1000.0
26,618,37080,0,0,0.0,0.0,0.0,1000.0,14.408612896455361,1.3,budget_depleted,1000.0
26,618,37095,0,0,0.0,0.0,0.0,1000.0,14.408612896455361,1.3,budget_depleted,1000.0
26,618,37110,0,0,0.0,0.0,0.0,1000.0,14.408612896455361,1.3,budget_depleted,1000.0
26,618,37125,0,0,0.0,0.0,0.0,1000.0,14.408612896455361,1.3,budget_depleted,1000.0
26,619,37140,0,0,0.0,0.0,0.0,1000.0,15.849474186100899,1.3,budget_depleted,1000.0
26,619,37155,0,0,0.0,0.0,0.0,1000.0,15.849474186100899,1.3,budget_depleted,1000.0
26,619,37170,0,0,0.0,0.0,0.0,1000.0,15.849474186100899,1.3,budget_depleted,1000.0
26,619,37185,0,0,0.0,0.0,0.0,1000.0,15.849474186100899,1.3,budget_depleted,1000.0
26,620,37200,0,0,0.0,0.0,0.0,1000.0,17.43442160471099,1.3,budget_depleted,1000.0
26,620,37215,0,0,0.0,0.0,0.0,1000.0,17.43442160471099,1.3,budget_depleted,1000.0
26,620,37230,0,0,0.0,0.0,0.0,1000.0,17.43442160471099,1.3,budget_depleted,1000.0
26,620,37245,0,0,0.0,0.0,0.0,1000.0,17.43442160471099,1.3,budget_depleted,1000.0
26,621,37260,0,0,0.0,0.0,0.0,1000.0,19.177863765182092,1.3,budget_depleted,1000.0
26,621,37275,0,0,0.0,0.0,0.0,1000.0,19.177863765182092,1.3,budget_depleted,1000.0
26,621,37290,0,0,0.0,0.0,0.0,1000.0,19.177863765182092,1.3,budget_depleted,1000.0
26,621,37305,0,0,0.0,0.0,0.0,1000.0,19.177863765182092,1.3,budget_depleted,1000.0
26,622,37320,0,0,0.0,0.0,0.0,1000.0,20.0,1.3,budget_depleted,1000.0
26,622,37335,0,0,0.0,0.0,0.0,1000.0,20.0,1.3,budget_depleted,1000.0
26,622,37350,0,0,0.0,0.0,0.0,1000.0,20.0,1.3,budget_depleted,1000.0
26,622,37365,0,0,0.0,0.0,0.0,1000.0,20.0,1.3,budget_depleted,1000.0
26,623,37380,0,0,0.0,0.0,0.0,1000.0,20.0,1.3,budget_depleted,1000.0
26,623,37395,0,0,0.0,0.0,0.0,1000.0,20.0,1.3,budget_depleted,1000.0
26,623,37410,0,0,0.0,0.0,0.0,1000.0,20.0,1.3,budget_depleted,1000.0
26,623,37425,0,0,0.0,0.0,0.0,1000.0,20.0,1.3,budget_depleted,1000.0
27,624,37440,0,0,0.0,0.0,0.0,1000.0,20.0,1.3,normal,0.0
27,624,37455,61,4,115.337,28.8343,1.8908,1000.0,20.0,1.3,normal,115.337
27,624,37470,68,4,25.8799,6.47,0.3806,1000.0,20.0,1.3,normal,141.2169
27,624,37485,52,1,65.4449,65.4449,1.2586,1000.0,20.0,1.3,normal,206.6618
27,625,37500,47,2,142.977,71.4885,3.0421,1000.0,19.8,1.0,normal,349.6388
27,625,37515,58,0,130.3981,130.3981,2.2482,1000.0,19.8,1.0,normal,480.0369
27,625,37530,47,1,65.8693,65.8693,1.4015,1000.0,19.8,1.0,normal,545.9062
27,625,37545,46,1,454.0938,454.0938,9.765,1000.0,19.8,1.0,budget_depleted,1000.0
27,626,37560,0,0,0.0,0.0,0.0,1000.0,17.82,1.0,budget_depleted,1000.0
27,626,37575,0,0,0.0,0.0,0.0,1000.0,17.82,1.0,budget_depleted,1000.0
27,626,37590,0,0,0.0,0.0,0.0,1000.0,17.82,1.0,budget_depleted,1000.0
27,626,37605,0,0,0.0,0.0,0.0,1000.0,17.82,1.0,budget_depleted,1000.0
27,627,37620,0,0,0.0,0.0,0.0,1000.0,16.038,1.0,budget_depleted,1000.0
27,627,37635,0,0,0.0,0.0,0.0,1000.0,16.038,1.0,budget_depleted,1000.0
27,627,37650,0,0,0.0,0.0,0.0,1000.0,16.038,1.0,budget_depleted,1000.0
27,627,37665,0,0,0.0,0.0,0.0,1000.0,16.038,1.0,budget_depleted,1000.0
27,628,37680,0,0,0.0,0.0,0.0,1000.0,14.4342,1.0,budget_depleted,1000.0
27,628,37695,0,0,0.0,0.0,0.0,1000.0,14.4342,1.0,budget_depleted,1000.0
27,628,37710,0,0,0.0,0.0,0.0,1000.0,14.4342,1.0,budget_depleted,1000.0
27,628,37725,0,0,0.0,0.0,0.0,1000.0,14.4342,1.0,budget_depleted,1000.0
27,629,37740,0,0,0.0,0.0,0.0,1000.0,12.99078,1.0,budget_depleted,1000.0
27,629,37755,0,0,0.0,0.0,0.0,1000.0,12.99078,1.0,budget_depleted,1000.0
27,629,37770,0,0,0.0,0.0,0.0,1000.0,12.99078,1.0,budget_depleted,1000.0
27,629,37785,0,0,0.0,0.0,0.0,1000.0,12.99078,1.0,budget_depleted,1000.0
27,630,37800,0,0,0.0,0.0,0.0,1000.0,11.691702000000001,1.0,budget_depleted,1000.0
27,630,37815,0,0,0.0,0.0,0.0,1000.0,11.691702000000001,1.0,budget_depleted,1000.0
27,630,37830,0,0,0.0,0.0,0.0,1000.0,11.691702000000001,1.0,budget_depleted,1000.0
27,630,37845,0,0,0.0,0.0,0.0,1000.0,11.691702000000001,1.0,budget_depleted,1000.0
27,631,37860,0,0,0.0,0.0,0.0,1000.0,10.522531800000001,1.0,budget_depleted,1000.0
27,631,37875,0,0,0.0,0.0,0.0,1000.0,10.522531800000001,1.0,budget_depleted,1000.0
27,631,37890,0,0,0.0,0.0,0.0,1000.0,10.522531800000001,1.0,budget_depleted,1000.0
27,631,37905,0,0,0.0,0.0,0.0,1000.0,10.522531800000001,1.0,budget_depleted,1000.0
27,632,37920,0,0,0.0,0.0,0.0,1000.0,9.470278620000002,1.0,budget_depleted,1000.0
27,632,37935,0,0,0.0,0.0,0.0,1000.0,9.470278620000002,1.0,budget_depleted,1000.0
27,632,37950,0,0,0.0,0.0,0.0,1000.0,9.470278620000002,1.0,budget_depleted,1000.0
27,632,37965,0,0,0.0,0.0,0.0,1000.0,9.470278620000002,1.0,budget_depleted,1000.0
27,633,37980,0,0,0.0,0.0,0.0,1000.0,8.523250758000001,1.0,budget_depleted,1000.0
27,633,37995,0,0,0.0,0.0,0.0,1000.0,8.523250758000001,1.0,budget_depleted,1000.0
27,633,38010,0,0,0.0,0.0,0.0,1000.0,8.523250758000001,1.0,budget_depleted,1000.0
27,633,38025,0,0,0.0,0.0,0.0,1000.0,8.523250758000001,1.0,budget_depleted,1000.0
27,634,38040,0,0,0.0,0.0,0.0,1000.0,7.670925682200002,1.0,budget_depleted,1000.0
27,634,38055,0,0,0.0,0.0,0.0,1000.0,7.670925682200002,1.0,budget_depleted,1000.0
27,634,38070,0,0,0.0,0.0,0.0,1000.0,7.670925682200002,1.0,budget_depleted,1000.0
27,634,38085,0,0,0.0,0.0,0.0,1000.0,7.670925682200002,1.0,budget_depleted,1000.0
27,635,38100,0,0,0.0,0.0,0.0,1000.0,6.903833113980002,1.0,budget_depleted,1000.0
27,635,38115,0,0,0.0,0.0,0.0,1000.0,6.903833113980002,1.0,budget_depleted,1000.0
27,635,38130,0,0,0.0,0.0,0.0,1000.0,6.903833113980002,1.0,budget_depleted,1000.0
27,635,38145,0,0,0.0,0.0,0.0,1000.0,6.903833113980002,1.0,budget_depleted,1000.0
27,636,38160,0,0,0.0,0.0,0.0,1000.0,6.2134498025820015,1.0,budget_depleted,1000.0
27,636,38175,0,0,0.0,0.0,0.0,1000.0,6.2134498025820015,1.0,budget_depleted,1000.0
27,636,38190,0,0,0.0,0.0,0.0,1000.0,6.2134498025820015,1.0,budget_depleted,1000.0
27,636,38205,0,0,0.0,0.0,0.0,1000.0,6.2134498025820015,1.0,budget_depleted,1000.0
27,637,38220,0,0,0.0,0.0,0.0,1000.0,6.2134498025820015,1.0,budget_depleted,1000.0
27,637,38235,0,0,0.0,0.0,0.0,1000.0,6.2134498025820015,1.0,budget_depleted,1000.0
27,637,38250,0,0,0.0,0.0,0.0,1000.0,6.2134498025820015,1.0,budget_depleted,1000.0
27,637,38265,0,0,0.0,0.0,0.0,1000.0,6.2134498025820015,1.0,budget_depleted,1000.0
27,638,38280,0,0,0.0,0.0,0.0,1000.0,6.2134498025820015,1.0,budget_depleted,1000.0
27,638,38295,0,0,0.0,0.0,0.0,1000.0,6.2134498025820015,1.0,budget_depleted,1000.0
27,638,38310,0,0,0.0,0.0,0.0,1000.0,6.2134498025820015,1.0,budget_depleted,1000.0
27,638,38325,0,0,0.0,0.0,0.0,1000.0,6.2134498025820015,1.0,budget_depleted,1000.0
27,639,38340,0,0,0.0,0.0,0.0,1000.0,6.2134498025820015,1.0,budget_depleted,1000.0
27,639,38355,0,0,0.0,0.0,0.0,1000.0,6.2134498025820015,1.0,budget_depleted,1000.0
27,639,38370,0,0,0.0,0.0,0.0,1000.0,6.2134498025820015,1.0,budget_depleted,1000.0
27,639,38385,0,0,0.0,0.0,0.0,1000.0,6.2134498025820015,1.0,budget_depleted,1000.0
27,640,38400,0,0,0.0,0.0,0.0,1000.0,6.2134498025820015,1.0,budget_depleted,1000.0
27,640,38415,0,0,0.0,0.0,0.0,1000.0,6.2134498025820015,1.0,budget_depleted,1000.0
27,640,38430,0,0,0.0,0.0,0.0,1000.0,6.2134498025820015,1.0,budget_depleted,1000.0
27,640,38445,0,0,0.0,0.0,0.0,1000.0,6.2134498025820015,1.0,budget_depleted,1000.0
27,641,38460,0,0,0.0,0.0,0.0,1000.0,6.2134498025820015,1.0,budget_depleted,1000.0
27,641,38475,0,0,0.0,0.0,0.0,1000.0,6.2134498025820015,1.0,budget_depleted,1000.0
27,641,38490,0,0,0.0,0.0,0.0,1000.0,6.2134498025820015,1.0,budget_depleted,1000.0
27,641,38505,0,0,0.0,0.0,0.0,1000.0,6.2134498025820015,1.0,budget_depleted,1000.0
27,642,38520,0,0,0.0,0.0,0.0,1000.0,6.2134498025820015,1.0,budget_depleted,1000.0
27,642,38535,0,0,0.0,0.0,0.0,1000.0,6.2134498025820015,1.0,budget_depleted,1000.0
27,642,38550,0,0,0.0,0.0,0.0,1000.0,6.2134498025820015,1.0,budget_depleted,1000.0
27,642,38565,0,0,0.0,0.0,0.0,1000.0,6.2134498025820015,1.0,budget_depleted,1000.0
27,643,38580,0,0,0.0,0.0,0.0,1000.0,6.2134498025820015,1.0,budget_depleted,1000.0
27,643,38595,0,0,0.0,0.0,0.0,1000.0,6.2134498025820015,1.0,budget_depleted,1000.0
27,643,38610,0,0,0.0,0.0,0.0,1000.0,6.2134498025820015,1.0,budget_depleted,1000.0
27,643,38625,0,0,0.0,0.0,0.0,1000.0,6.2134498025820015,1.0,budget_depleted,1000.0
27,644,38640,0,0,0.0,0.0,0.0,1000.0,6.2134498025820015,1.0,budget_depleted,1000.0
27,644,38655,0,0,0.0,0.0,0.0,1000.0,6.2134498025820015,1.0,budget_depleted,1000.0
27,644,38670,0,0,0.0,0.0,0.0,1000.0,6.2134498025820015,1.0,budget_depleted,1000.0
27,644,38685,0,0,0.0,0.0,0.0,1000.0,6.2134498025820015,1.0,budget_depleted,1000.0
27,645,38700,0,0,0.0,0.0,0.0,1000.0,6.2134498025820015,1.0,budget_depleted,1000.0
27,645,38715,0,0,0.0,0.0,0.0,1000.0,6.2134498025820015,1.0,budget_depleted,1000.0
27,645,38730,0,0,0.0,0.0,0.0,1000.0,6.2134498025820015,1.0,budget_depleted,1000.0
27,645,38745,0,0,0.0,0.0,0.0,1000.0,6.2134498025820015,1.0,budget_depleted,1000.0
27,646,38760,0,0,0.0,0.0,0.0,1000.0,6.2134498025820015,1.0,budget_depleted,1000.0
27,646,38775,0,0,0.0,0.0,0.0,1000.0,6.2134498025820015,1.0,budget_depleted,1000.0
27,646,38790,0,0,0.0,0.0,0.0,1000.0,6.2134498025820015,1.0,budget_depleted,1000.0
27,646,38805,0,0,0.0,0.0,0.0,1000.0,6.2134498025820015,1.0,budget_depleted,1000.0
27,647,38820,0,0,0.0,0.0,0.0,1000.0,6.2134498025820015,1.0,budget_depleted,1000.0
27,647,38835,0,0,0.0,0.0,0.0,1000.0,6.2134498025820015,1.0,budget_depleted,1000.0
27,647,38850,0,0,0.0,0.0,0.0,1000.0,6.2134498025820015,1.0,budget_depleted,1000.0
27,647,38865,0,0,0.0,0.0,0.0,1000.0,6.2134498025820015,1.0,budget_depleted,1000.0
28,648,38880,0,0,0.0,0.0,0.0,1000.0,6.2134498025820015,1.0,normal,0.0
28,648,38895,13,0,78.7645,78.7645,6.0588,1000.0,6.2134498025820015,1.0,normal,78.7645
28,648,38910,24,1,30.8135,30.8135,1.2839,1000.0,6.2134498025820015,1.0,normal,109.578
28,648,38925,16,1,2.6092,2.6092,0.1631,1000.0,6.2134498025820015,1.0,normal,112.1872
28,649,38940,9,0,7.3663,7.3663,0.8185,1000.0,4.660087351936501,1.0,normal,119.5535
28,649,38955,9,0,31.1709,31.1709,3.4634,1000.0,4.660087351936501,1.0,normal,150.7244
28,649,38970,8,1,19.0782,19.0782,2.3848,1000.0,4.660087351936501,1.0,normal,169.8026
28,649,38985,6,0,3.9676,3.9676,0.6613,1000.0,4.660087351936501,1.0,normal,173.7702
28,650,39000,11,0,25.8391,25.8391,2.349,1000.0,5.638705695843167,1.0,normal,199.6093
28,650,39015,13,0,73.3032,73.3032,5.6387,1000.0,5.638705695843167,1.0,normal,272.9125
28,650,39030,20,0,10.219,10.219,0.5109,1000.0,5.638705695843167,1.0,normal,283.1315
28,650,39045,11,0,5.9682,5.9682,0.5426,1000.0,5.638705695843167,1.0,normal,289.0997
28,651,39060,11,1,10.0829,10.0829,0.9166,1000.0,5.272189825613362,1.0,normal,299.1826
28,651,39075,11,1,7.5166,7.5166,0.6833,1000.0,5.272189825613362,1.0,normal,306.6992
28,651,39090,12,0,11.0826,11.0826,0.9235,1000.0,5.272189825613362,1.0,normal,317.7818
28,651,39105,12,0,4.9,4.9,0.4083,1000.0,5.272189825613362,1.0,normal,322.6818
28,652,39120,18,1,54.8431,54.8431,3.0468,1000.0,5.799408808174698,1.0,normal,377.5249
28,652,39135,15,0,22.3515,22.3515,1.4901,1000.0,5.799408808174698,1.0,normal,399.8764
28,652,39150,8,0,16.1941,16.1941,2.0243,1000.0,5.799408808174698,1.0,normal,416.0705
28,652,39165,16,0,4.4346,4.4346,0.2772,1000.0,5.799408808174698,1.0,normal,420.5051
28,653,39180,17,1,100.7489,100.7489,5.9264,1000.0,6.379349688992169,1.0,normal,521.254
28,653,39195,15,0,47.4025,47.4025,3.1602,1000.0,6.379349688992169,1.0,normal,568.6565
28,653,39210,13,0,57.3902,57.3902,4.4146,1000.0,6.379349688992169,1.0,normal,626.0467
28,653,39225,25,0,158.4764,158.4764,6.3391,1000.0,6.379349688992169,1.0,normal,784.5231
28,654,39240,21,1,110.5222,110.5222,5.263,1000.0,5.262963493418539,1.0,normal,895.0453
28,654,39255,23,0,104.9547,104.9547,4.5062,1000.0,5.262963493418539,1.0,budget_depleted,1000.0
28,654,39270,0,0,0.0,0.0,0.0,1000.0,5.262963493418539,1.0,budget_depleted,1000.0
28,654,39285,0,0,0.0,0.0,0.0,1000.0,5.262963493418539,1.0,budget_depleted,1000.0
28,655,39300,0,0,0.0,0.0,0.0,1000.0,3.9472226200639042,1.0,budget_depleted,1000.0
28,655,39315,0,0,0.0,0.0,0.0,1000.0,3.9472226200639042,1.0,budget_depleted,1000.0
28,655,39330,0,0,0.0,0.0,0.0,1000.0,3.9472226200639042,1.0,budget_depleted,1000.0
28,655,39345,0,0,0.0,0.0,0.0,1000.0,3.9472226200639042,1.0,budget_depleted,1000.0
28,656,39360,0,0,0.0,0.0,0.0,1000.0,2.960416965047928,1.0,budget_depleted,1000.0
28,656,39375,0,0,0.0,0.0,0.0,1000.0,2.960416965047928,1.0,budget_depleted,1000.0
28,656,39390,0,0,0.0,0.0,0.0,1000.0,2.960416965047928,1.0,budget_depleted,1000.0
28,656,39405,0,0,0.0,0.0,0.0,1000.0,2.960416965047928,1.0,budget_depleted,1000.0
28,657,39420,0,0,0.0,0.0,0.0,1000.0,2.220312723785946,1.0,budget_depleted,1000.0
28,657,39435,0,0,0.0,0.0,0.0,1000.0,2.220312723785946,1.0,budget_depleted,1000.0
28,657,39450,0,0,0.0,0.0,0.0,1000.0,2.220312723785946,1.0,budget_depleted,1000.0
28,657,39465,0,0,0.0,0.0,0.0,1000.0,2.220312723785946,1.0,budget_depleted,1000.0
28,658,39480,0,0,0.0,0.0,0.0,1000.0,1.6652345428394595,1.0,budget_depleted,1000.0
28,658,39495,0,0,0.0,0.0,0.0,1000.0,1.6652345428394595,1.0,budget_depleted,1000.0
28,658,39510,0,0,0.0,0.0,0.0,1000.0,1.6652345428394595,1.0,budget_depleted,1000.0
28,658,39525,0,0,0.0,0.0,0.0,1000.0,1.6652345428394595,1.0,budget_depleted,1000.0
28,659,39540,0,0,0.0,0.0,0.0,1000.0,1.2489259071295946,1.0,budget_depleted,1000.0
28,659,39555,0,0,0.0,0.0,0.0,1000.0,1.2489259071295946,1.0,budget_depleted,1000.0
28,659,39570,0,0,0.0,0.0,0.0,1000.0,1.2489259071295946,1.0,budget_depleted,1000.0
28,659,39585,0,0,0.0,0.0,0.0,1000.0,1.2489259071295946,1.0,budget_depleted,1000.0
28,660,39600,0,0,0.0,0.0,0.0,1000.0,0.936694430347196,1.0,budget_depleted,1000.0
28,660,39615,0,0,0.0,0.0,0.0,1000.0,0.936694430347196,1.0,budget_depleted,1000.0
28,660,39630,0,0,0.0,0.0,0.0,1000.0,0.936694430347196,1.0,budget_depleted,1000.0
28,660,39645,0,0,0.0,0.0,0.0,1000.0,0.936694430347196,1.0,budget_depleted,1000.0
28,661,39660,0,0,0.0,0.0,0.0,1000.0,0.702520822760397,1.0,budget_depleted,1000.0
28,661,39675,0,0,0.0,0.0,0.0,1000.0,0.702520822760397,1.0,budget_depleted,1000.0
28,661,39690,0,0,0.0,0.0,0.0,1000.0,0.702520822760397,1.0,budget_depleted,1000.0
28,661,39705,0,0,0.0,0.0,0.0,1000.0,0.702520822760397,1.0,budget_depleted,1000.0
28,662,39720,0,0,0.0,0.0,0.0,1000.0,0.5268906170702977,1.0,budget_depleted,1000.0
28,662,39735,0,0,0.0,0.0,0.0,1000.0,0.5268906170702977,1.0,budget_depleted,1000.0
28,662,39750,0,0,0.0,0.0,0.0,1000.0,0.5268906170702977,1.0,budget_depleted,1000.0
28,662,39765,0,0,0.0,0.0,0.0,1000.0,0.5268906170702977,1.0,budget_depleted,1000.0
28,663,39780,0,0,0.0,0.0,0.0,1000.0,0.5,1.0,budget_depleted,1000.0
28,663,39795,0,0,0.0,0.0,0.0,1000.0,0.5,1.0,budget_depleted,1000.0
28,663,39810,0,0,0.0,0.0,0.0,1000.0,0.5,1.0,budget_depleted,1000.0
28,663,39825,0,0,0.0,0.0,0.0,1000.0,0.5,1.0,budget_depleted,1000.0
28,664,39840,0,0,0.0,0.0,0.0,1000.0,0.5,1.0,budget_depleted,1000.0
28,664,39855,0,0,0.0,0.0,0.0,1000.0,0.5,1.0,budget_depleted,1000.0
28,664,39870,0,0,0.0,0.0,0.0,1000.0,0.5,1.0,budget_depleted,1000.0
28,664,39885,0,0,0.0,0.0,0.0,1000.0,0.5,1.0,budget_depleted,1000.0
28,665,39900,0,0,0.0,0.0,0.0,1000.0,0.5,1.0,budget_depleted,1000.0
28,665,39915,0,0,0.0,0.0,0.0,1000.0,0.5,1.0,budget_depleted,1000.0
28,665,39930,0,0,0.0,0.0,0.0,1000.0,0.5,1.0,budget_depleted,1000.0
28,665,39945,0,0,0.0,0.0,0.0,1000.0,0.5,1.0,budget_depleted,1000.0
28,666,39960,0,0,0.0,0.0,0.0,1000.0,0.5,1.0,budget_depleted,1000.0
28,666,39975,0,0,0.0,0.0,0.0,1000.0,0.5,1.0,budget_depleted,1000.0
28,666,39990,0,0,0.0,0.0,0.0,1000.0,0.5,1.0,budget_depleted,1000.0
28,666,40005,0,0,0.0,0.0,0.0,1000.0,0.5,1.0,budget_depleted,1000.0
28,667,40020,0,0,0.0,0.0,0.0,1000.0,0.5,1.0,budget_depleted,1000.0
28,667,40035,0,0,0.0,0.0,0.0,1000.0,0.5,1.0,budget_depleted,1000.0
28,667,40050,0,0,0.0,0.0,0.0,1000.0,0.5,1.0,budget_depleted,1000.0
28,667,40065,0,0,0.0,0.0,0.0,1000.0,0.5,1.0,budget_depleted,1000.0
28,668,40080,0,0,0.0,0.0,0.0,1000.0,0.5,1.0,budget_depleted,1000.0
28,668,40095,0,0,0.0,0.0,0.0,1000.0,0.5,1.0,budget_depleted,1000.0
28,668,40110,0,0,0.0,0.0,0.0,1000.0,0.5,1.0,budget_depleted,1000.0
28,668,40125,0,0,0.0,0.0,0.0,1000.0,0.5,1.0,budget_depleted,1000.0
28,669,40140,0,0,0.0,0.0,0.0,1000.0,0.5,1.0,budget_depleted,1000.0
28,669,40155,0,0,0.0,0.0,0.0,1000.0,0.5,1.0,budget_depleted,1000.0
28,669,40170,0,0,0.0,0.0,0.0,1000.0,0.5,1.0,budget_depleted,1000.0
28,669,40185,0,0,0.0,0.0,0.0,1000.0,0.5,1.0,budget_depleted,1000.0
28,670,40200,0,0,0.0,0.0,0.0,1000.0,0.5,1.0,budget_depleted,1000.0
28,670,40215,0,0,0.0,0.0,0.0,1000.0,0.5,1.0,budget_depleted,1000.0
28,670,40230,0,0,0.0,0.0,0.0,1000.0,0.5,1.0,budget_depleted,1000.0
28,670,40245,0,0,0.0,0.0,0.0,1000.0,0.5,1.0,budget_depleted,1000.0
28,671,40260,0,0,0.0,0.0,0.0,1000.0,0.5,1.0,budget_depleted,1000.0
28,671,40275,0,0,0.0,0.0,0.0,1000.0,0.5,1.0,budget_depleted,1000.0
28,671,40290,0,0,0.0,0.0,0.0,1000.0,0.5,1.0,budget_depleted,1000.0
28,671,40305,0,0,0.0,0.0,0.0,1000.0,0.5,1.0,budget_depleted,1000.0
29,672,40320,0,0,0.0,0.0,0.0,1000.0,0.5,1.0,normal,0.0
29,672,40335,0,0,0.0,0.0,0.0808,1000.0,0.5,1.0,normal,0.0
29,672,40350,0,0,0.0,0.0,0.5,1000.0,0.5,1.0,normal,0.0
29,672,40365,1,0,0.5,0.5,0.5,1000.0,0.5,1.0,normal,0.5
29,673,40380,0,0,0.0,0.0,0.5,1000.0,0.5,1.0,normal,0.5
29,673,40395,0,0,0.0,0.0,0.5,1000.0,0.5,1.0,normal,0.5
29,673,40410,0,0,0.0,0.0,0.3545,1000.0,0.5,1.0,normal,0.5
29,673,40425,1,0,0.5,0.5,0.5,1000.0,0.5,1.0,normal,1.0
29,674,40440,5,1,2.5,2.5,0.5,1000.0,0.5,1.0,normal,3.5
29,674,40455,0,0,0.0,0.0,0.5,1000.0,0.5,1.0,normal,3.5
29,674,40470,1,0,0.4251,0.4251,0.4251,1000.0,0.5,1.0,normal,3.9251
29,674,40485,0,0,0.0,0.0,0.5,1000.0,0.5,1.0,normal,3.9251
29,675,40500,0,0,0.0,0.0,0.2844,1000.0,0.5,1.0,normal,3.9251
29,675,40515,1,0,0.363,0.363,0.363,1000.0,0.5,1.0,normal,4.2881
29,675,40530,1,0,0.5,0.5,0.5,1000.0,0.5,1.0,normal,4.7881
29,675,40545,0,0,0.0,0.0,0.5,1000.0,0.5,1.0,normal,4.7881
29,676,40560,1,0,0.5,0.5,0.5,1000.0,0.5,1.0,normal,5.2881
29,676,40575,3,0,1.5,1.5,0.5,1000.0,0.5,1.0,normal,6.7881
29,676,40590,2,0,0.9382,0.9382,0.4691,1000.0,0.5,1.0,normal,7.7263
29,676,40605,0,0,0.0,0.0,0.5,1000.0,0.5,1.0,normal,7.7263
29,677,40620,0,0,0.0,0.0,0.362,1000.0,0.5,1.0,normal,7.7263
29,677,40635,0,0,0.0,0.0,0.5,1000.0,0.5,1.0,normal,7.7263
29,677,40650,2,0,1.0,1.0,0.5,1000.0,0.5,1.0,normal,8.7263
29,677,40665,1,0,0.5,0.5,0.5,1000.0,0.5,1.0,normal,9.2263
29,678,40680,1,0,0.5,0.5,0.5,1000.0,0.5,1.0,normal,9.7263
29,678,40695,0,0,0.0,0.0,0.5,1000.0,0.5,1.0,normal,9.7263
29,678,40710,1,0,0.5,0.5,0.5,1000.0,0.5,1.0,normal,10.2263
29,678,40725,0,0,0.0,0.0,0.5,1000.0,0.5,1.0,normal,10.2263
29,679,40740,1,0,0.605,0.605,0.605,1000.0,0.6050000000000001,1.0,normal,10.8313
29,679,40755,0,0,0.0,0.0,0.605,1000.0,0.6050000000000001,1.0,normal,10.8313
29,679,40770,1,0,0.605,0.605,0.605,1000.0,0.6050000000000001,1.0,normal,11.4363
29,679,40785,4,0,2.42,2.42,0.605,1000.0,0.6050000000000001,1.0,normal,13.8563
29,680,40800,1,0,0.7321,0.7321,0.7321,1000.0,0.7320500000000003,1.0,normal,14.5884
29,680,40815,2,0,1.4641,1.4641,0.7321,1000.0,0.7320500000000003,1.0,normal,16.0525
29,680,40830,2,0,0.3889,0.3889,0.1944,1000.0,0.7320500000000003,1.0,normal,16.4414
29,680,40845,0,0,0.0,0.0,0.7321,1000.0,0.7320500000000003,1.0,normal,16.4414
29,681,40860,2,0,1.7716,1.7716,0.8858,1000.0,0.8857805000000005,1.0,normal,18.213
29,681,40875,0,0,0.0,0.0,0.3668,1000.0,0.8857805000000005,1.0,normal,18.213
29,681,40890,5,0,2.2475,2.2475,0.4495,1000.0,0.8857805000000005,1.0,normal,20.4605
29,681,40905,2,0,1.7716,1.7716,0.8858,1000.0,0.8857805000000005,1.0,normal,22.2321
29,682,40920,3,0,3.2154,3.2154,1.0718,1000.0,1.0717944050000008,1.0,normal,25.4475
29,682,40935,1,0,1.0718,1.0718,1.0718,1000.0,1.0717944050000008,1.0,normal,26.5193
29,682,40950,2,0,2.1436,2.1436,1.0718,1000.0,1.0717944050000008,1.0,normal,28.6629
29,682,40965,3,0,3.2154,3.2154,1.0718,1000.0,1.0717944050000008,1.0,normal,31.8783
29,683,40980,3,0,0.1576,0.1576,0.0525,1000.0,1.2968712300500012,1.0,normal,32.0359
29,683,40995,3,0,3.8906,3.8906,1.2969,1000.0,1.2968712300500012,1.0,normal,35.9265
29,683,41010,3,0,3.2946,3.2946,1.0982,1000.0,1.2968712300500012,1.0,normal,39.2211
29,683,41025,1,0,1.2969,1.2969,1.2969,1000.0,1.2968712300500012,1.0,normal,40.518
29,684,41040,21,0,54.3152,54.3152,2.5864,1000.0,5.0,1.0,normal,94.8332
29,684,41055,9,0,19.1079,19.1079,2.1231,1000.0,5.0,1.0,normal,113.9411
29,684,41070,12,1,33.0502,33.0502,2.7542,1000.0,5.0,1.0,normal,146.9913
29,684,41085,13,0,12.262,12.262,0.9432,1000.0,5.0,1.0,normal,159.2533
29,685,41100,5,0,20.966,20.966,4.1932,1000.0,5.5,1.0,normal,180.2193
29,685,41115,12,0,20.6399,20.6399,1.72,1000.0,5.5,1.0,normal,200.8592
29,685,41130,11,0,48.0326,48.0326,4.3666,1000.0,5.5,1.0,normal,248.8918
29,685,41145,13,0,62.5024,62.5024,4.8079,1000.0,5.5,1.0,normal,311.3942
29,686,41160,10,0,28.3138,28.3138,2.8314,1000.0,4.5375000000000005,1.0,normal,339.708
29,686,41175,9,0,30.7359,30.7359,3.4151,1000.0,4.5375000000000005,1.0,normal,370.4439
29,686,41190,9,0,24.3534,24.3534,2.7059,1000.0,4.5375000000000005,1.0,normal,394.7973
29,686,41205,11,0,38.7888,38.7888,3.5263,1000.0,4.5375000000000005,1.0,normal,433.5861
29,687,41220,11,0,19.8048,19.8048,1.8004,1000.0,3.7434375000000006,1.0,normal,453.3909
29,687,41235,10,0,37.4344,37.4344,3.7434,1000.0,3.7434375000000006,1.0,normal,490.8253
29,687,41250,12,1,39.8309,39.8309,3.3192,1000.0,3.7434375000000006,1.0,normal,530.6562
29,687,41265,8,0,29.9475,29.9475,3.7434,1000.0,3.7434375000000006,1.0,normal,560.6037
29,688,41280,7,0,3.138,3.138,0.4483,1000.0,3.088335937500001,1.0,normal,563.7417
29,688,41295,10,0,30.8834,30.8834,3.0883,1000.0,3.088335937500001,1.0,normal,594.6251
29,688,41310,10,0,30.8834,30.8834,3.0883,1000.0,3.088335937500001,1.0,normal,625.5085
29,688,41325,4,0,12.3533,12.3533,3.0883,1000.0,3.088335937500001,1.0,normal,637.8618
29,689,41340,4,0,10.1915,10.1915,2.5479,1000.0,2.547877148437501,1.0,normal,648.0533
29,689,41355,11,0,28.0266,28.0266,2.5479,1000.0,2.547877148437501,1.0,normal,676.0799
29,689,41370,8,1,15.7724,15.7724,1.9715,1000.0,2.547877148437501,1.0,normal,691.8523
29,689,41385,8,0,15.102,15.102,1.8877,1000.0,2.547877148437501,1.0,normal,706.9543
29,690,41400,6,0,12.0708,12.0708,2.0118,1000.0,2.1019986474609387,1.0,normal,719.0251
29,690,41415,3,0,6.306,6.306,2.102,1000.0,2.1019986474609387,1.0,normal,725.3311
29,690,41430,4,0,6.0761,6.0761,1.519,1000.0,2.1019986474609387,1.0,normal,731.4072
29,690,41445,4,0,2.5385,2.5385,0.6346,1000.0,2.1019986474609387,1.0,normal,733.9457
29,691,41460,6,0,4.6201,4.6201,0.77,1000.0,1.7341488841552746,1.0,normal,738.5658
29,691,41475,8,0,13.8732,13.8732,1.7341,1000.0,1.7341488841552746,1.0,normal,752.439
29,691,41490,7,1,12.139,12.139,1.7341,1000.0,1.7341488841552746,1.0,normal,764.578
29,691,41505,4,0,6.9366,6.9366,1.7341,1000.0,1.7341488841552746,1.0,normal,771.5146
29,692,41520,6,0,8.584,8.584,1.4307,1000.0,1.4306728294281017,1.0,normal,780.0986
29,692,41535,6,0,8.584,8.584,1.4307,1000.0,1.4306728294281017,1.0,normal,788.6826
29,692,41550,5,0,0.4337,0.4337,0.0867,1000.0,1.4306728294281017,1.0,normal,789.1163
29,692,41565,2,0,2.2117,2.2117,1.1058,1000.0,1.4306728294281017,1.0,normal,791.328
29,693,41580,3,0,3.471,3.471,1.157,1000.0,1.1803050842781841,1.0,normal,794.799
29,693,41595,2,0,1.352,1.352,0.676,1000.0,1.1803050842781841,1.0,normal,796.151
29,693,41610,3,0,3.5409,3.5409,1.1803,1000.0,1.1803050842781841,1.0,normal,799.6919
29,693,41625,3,0,3.5409,3.5409,1.1803,1000.0,1.1803050842781841,1.0,normal,803.2328
29,694,41640,1,0,0.9738,0.9738,0.9738,1000.0,0.973751694529502,1.0,normal,804.2066
29,694,41655,1,0,0.9738,0.9738,0.9738,1000.0,0.973751694529502,1.0,normal,805.1804
29,694,41670,3,0,2.9213,2.9213,0.9738,1000.0,0.973751694529502,1.0,normal,808.1017
29,694,41685,2,0,0.3831,0.3831,0.1916,1000.0,0.973751694529502,1.0,normal,808.4848
29,695,41700,2,0,1.6067,1.6067,0.8033,1000.0,0.8033451479868392,1.0,normal,810.0915
29,695,41715,1,0,0.8033,0.8033,0.8033,1000.0,0.8033451479868392,1.0,normal,810.8948
29,695,41730,0,0,0.0,0.0,0.8033,1000.0,0.8033451479868392,1.0,normal,810.8948
29,695,41745,3,0,2.41,2.41,0.8033,1000.0,0.8033451479868392,1.0,normal,813.3048
30,696,41760,1,0,0.6628,0.6628,0.6628,1000.0,0.6627597470891424,1.0,normal,0.6628
30,696,41775,3,0,1.9883,1.9883,0.6628,1000.0,0.6627597470891424,1.0,normal,2.6511
30,696,41790,1,0,0.6628,0.6628,0.6628,1000.0,0.6627597470891424,1.0,normal,3.3139
30,696,41805,3,0,1.9883,1.9883,0.6628,1000.0,0.6627597470891424,1.0,normal,5.3022
30,697,41820,2,0,0.8657,0.8657,0.4329,1000.0,0.5467767913485426,1.0,normal,6.1679
30,697,41835,0,0,0.0,0.0,0.4917,1000.0,0.5467767913485426,1.0,normal,6.1679
30,697,41850,0,0,0.0,0.0,0.5468,1000.0,0.5467767913485426,1.0,normal,6.1679
30,697,41865,4,0,2.1871,2.1871,0.5468,1000.0,0.5467767913485426,1.0,normal,8.355
30,698,41880,2,0,1.0,1.0,0.5,1000.0,0.5,1.0,normal,9.355
30,698,41895,1,0,0.5,0.5,0.5,1000.0,0.5,1.0,normal,9.855
30,698,41910,2,0,1.0,1.0,0.5,1000.0,0.5,1.0,normal,10.855
30,698,41925,1,0,0.5,0.5,0.5,1000.0,0.5,1.0,normal,11.355
30,699,41940,1,1,0.5,0.5,0.5,1000.0,0.5,1.0,normal,11.855
30,699,41955,1,0,0.5,0.5,0.5,1000.0,0.5,1.0,normal,12.355
30,699,41970,0,0,0.0,0.0,0.5,1000.0,0.5,1.0,normal,12.355
30,699,41985,0,0,0.0,0.0,0.4997,1000.0,0.5,1.0,normal,12.355
30,700,42000,1,0,0.5,0.5,0.5,1000.0,0.5,1.0,normal,12.855
30,700,42015,1,0,0.5,0.5,0.5,1000.0,0.5,1.0,normal,13.355
30,700,42030,2,0,1.0,1.0,0.5,1000.0,0.5,1.0,normal,14.355
30,700,42045,1,0,0.5,0.5,0.5,1000.0,0.5,1.0,normal,14.855
30,701,42060,2,0,1.0,1.0,0.5,1000.0,0.5,1.0,normal,15.855
30,701,42075,3,0,0.6831,0.6831,0.2277,1000.0,0.5,1.0,normal,16.5381
30,701,42090,0,0,0.0,0.0,0.5,1000.0,0.5,1.0,normal,16.5381
30,701,42105,0,0,0.0,0.0,0.5,1000.0,0.5,1.0,normal,16.5381
30,702,42120,1,0,0.2921,0.2921,0.2921,1000.0,0.5,1.0,normal,16.8302
30,702,42135,1,0,0.5,0.5,0.5,1000.0,0.5,1.0,normal,17.3302
30,702,42150,4,0,2.0,2.0,0.5,1000.0,0.5,1.0,normal,19.3302
30,702,42165,1,0,0.5,0.5,0.5,1000.0,0.5,1.0,normal,19.8302
30,703,42180,1,0,0.5,0.5,0.5,1000.0,0.5,1.0,normal,20.3302
30,703,42195,1,0,0.5,0.5,0.5,1000.0,0.5,1.0,normal,20.8302
30,703,42210,1,0,0.5,0.5,0.5,1000.0,0.5,1.0,normal,21.3302
30,703,42225,0,0,0.0,0.0,0.5,1000.0,0.5,1.0,normal,21.3302
30,704,42240,0,0,0.0,0.0,0.5,1000.0,0.5,1.0,normal,21.3302
30,704,42255,3,0,1.5,1.5,0.5,1000.0,0.5,1.0,normal,22.8302
30,704,42270,3,0,1.5,1.5,0.5,1000.0,0.5,1.0,normal,24.3302
30,704,42285,2,0,1.0,1.0,0.5,1000.0,0.5,1.0,normal,25.3302
30,705,42300,1,0,0.1873,0.1873,0.1873,1000.0,0.5,1.0,normal,25.5175
30,705,42315,2,0,1.0,1.0,0.5,1000.0,0.5,1.0,normal,26.5175
30,705,42330,0,0,0.0,0.0,0.5,1000.0,0.5,1.0,normal,26.5175
30,705,42345,0,0,0.0,0.0,0.0365,1000.0,0.5,1.0,normal,26.5175
30,706,42360,0,0,0.0,0.0,0.0104,1000.0,0.5,1.0,normal,26.5175
30,706,42375,1,0,0.5,0.5,0.5,1000.0,0.5,1.0,normal,27.0175
30,706,42390,0,0,0.0,0.0,0.5,1000.0,0.5,1.0,normal,27.0175
30,706,42405,2,0,0.7227,0.7227,0.3613,1000.0,0.5,1.0,normal,27.7402
30,707,42420,0,0,0.0,0.0,0.5,1000.0,0.5,1.0,normal,27.7402
30,707,42435,0,0,0.0,0.0,0.5,1000.0,0.5,1.0,normal,27.7402
30,707,42450,1,0,0.5,0.5,0.5,1000.0,0.5,1.0,normal,28.2402
30,707,42465,2,1,1.0,1.0,0.5,1000.0,0.5,1.0,normal,29.2402
30,708,42480,0,0,0.0,0.0,0.5,1000.0,0.5,1.0,normal,29.2402
30,708,42495,1,0,0.4583,0.4583,0.4583,1000.0,0.5,1.0,normal,29.6985
30,708,42510,3,0,1.5,1.5,0.5,1000.0,0.5,1.0,normal,31.1985
30,708,42525,0,0,0.0,0.0,0.5,1000.0,0.5,1.0,normal,31.1985
30,709,42540,1,0,0.5,0.5,0.5,1000.0,0.5,1.0,normal,31.6985
30,709,42555,2,0,0.9312,0.9312,0.4656,1000.0,0.5,1.0,normal,32.6297
30,709,42570,2,0,1.0,1.0,0.5,1000.0,0.5,1.0,normal,33.6297
30,709,42585,0,0,0.0,0.0,0.5,1000.0,0.5,1.0,normal,33.6297
30,710,42600,1,0,0.5,0.5,0.5,1000.0,0.5,1.0,normal,34.1297
30,710,42615,4,1,2.0,2.0,0.5,1000.0,0.5,1.0,normal,36.1297
30,710,42630,0,0,0.0,0.0,0.5,1000.0,0.5,1.0,normal,36.1297
30,710,42645,0,0,0.0,0.0,0.5,1000.0,0.5,1.0,normal,36.1297
30,711,42660,0,0,0.0,0.0,0.55,1000.0,0.55,1.0,normal,36.1297
30,711,42675,1,0,0.55,0.55,0.55,1000.0,0.55,1.0,normal,36.6797
30,711,42690,2,0,1.1,1.1,0.55,1000.0,0.55,1.0,normal,37.7797
30,711,42705,0,0,0.0,0.0,0.55,1000.0,0.55,1.0,normal,37.7797
30,712,42720,1,0,0.2509,0.2509,0.2509,1000.0,0.6655000000000002,1.0,normal,38.0306
30,712,42735,7,0,0.7168,0.7168,0.1024,1000.0,0.6655000000000002,1.0,normal,38.7474
30,712,42750,2,0,1.331,1.331,0.6655,1000.0,0.6655000000000002,1.0,normal,40.0784
30,712,42765,0,0,0.0,0.0,0.6655,1000.0,0.6655000000000002,1.0,normal,40.0784
30,713,42780,1,0,0.8053,0.8053,0.8053,1000.0,0.8052550000000004,1.0,normal,40.8837
30,713,42795,3,0,2.4158,2.4158,0.8053,1000.0,0.8052550000000004,1.0,normal,43.2995
30,713,42810,2,0,0.8397,0.8397,0.4199,1000.0,0.8052550000000004,1.0,normal,44.1392
30,713,42825,0,0,0.0,0.0,0.8053,1000.0,0.8052550000000004,1.0,normal,44.1392
30,714,42840,3,0,2.9231,2.9231,0.9744,1000.0,0.9743585500000007,1.0,normal,47.0623
30,714,42855,2,0,1.9487,1.9487,0.9744,1000.0,0.9743585500000007,1.0,normal,49.011
30,714,42870,4,0,3.8974,3.8974,0.9744,1000.0,0.9743585500000007,1.0,normal,52.9084
30,714,42885,2,0,0.6924,0.6924,0.3462,1000.0,0.9743585500000007,1.0,normal,53.6008
30,715,42900,6,0,7.0738,7.0738,1.179,1000.0,1.178973845500001,1.0,normal,60.6746
30,715,42915,3,0,2.3611,2.3611,0.787,1000.0,1.178973845500001,1.0,normal,63.0357
30,715,42930,3,0,2.4956,2.4956,0.8319,1000.0,1.178973845500001,1.0,normal,65.5313
30,715,42945,3,0,3.5369,3.5369,1.179,1000.0,1.178973845500001,1.0,normal,69.0682
30,716,42960,3,0,4.2797,4.2797,1.4266,1000.0,1.4265583530550014,1.0,normal,73.3479
30,716,42975,4,0,5.7062,5.7062,1.4266,1000.0,1.4265583530550014,1.0,normal,79.0541
30,716,42990,5,0,2.37,2.37,0.474,1000.0,1.4265583530550014,1.0,normal,81.4241
30,716,43005,5,0,3.9727,3.9727,0.7945,1000.0,1.4265583530550014,1.0,normal,85.3968
30,717,43020,3,0,5.1784,5.1784,1.7261,1000.0,1.7261356071965521,1.0,normal,90.5752
30,717,43035,2,0,2.5819,2.5819,1.291,1000.0,1.7261356071965521,1.0,normal,93.1571
30,717,43050,3,0,5.1784,5.1784,1.7261,1000.0,1.7261356071965521,1.0,normal,98.3355
30,717,43065,5,1,8.6307,8.6307,1.7261,1000.0,1.7261356071965521,1.0,normal,106.9662
30,718,43080,3,0,6.2659,6.2659,2.0886,1000.0,2.088624084707828,1.0,normal,113.2321
30,718,43095,8,1,8.4918,8.4918,1.0615,1000.0,2.088624084707828,1.0,normal,121.7239
30,718,43110,4,0,1.1137,1.1137,0.2784,1000.0,2.088624084707828,1.0,normal,122.8376
30,718,43125,10,0,16.4035,16.4035,1.6403,1000.0,2.088624084707828,1.0,normal,139.2411
30,719,43140,1,0,0.0959,0.0959,0.0959,1000.0,2.527235142496472,1.0,normal,139.337
30,719,43155,5,0,4.7488,4.7488,0.9498,1000.0,2.527235142496472,1.0,normal,144.0858
30,719,43170,6,0,15.1634,15.1634,2.5272,1000.0,2.527235142496472,1.0,normal,159.2492
30,719,43185,8,0,5.9082,5.9082,0.7385,1000.0,2.527235142496472,1.0,normal,165.1574
31,720,43200,7,0,31.8945,31.8945,4.5564,1000.0,5.0,1.0,normal,31.8945
31,720,43215,9,0,37.4802,37.4802,4.1645,1000.0,5.0,1.0,normal,69.3747
31,720,43230,8,1,30.8105,30.8105,3.8513,1000.0,5.0,1.0,normal,100.1852
31,720,43245,18,2,90.0,45.0,5.0,1000.0,5.0,1.0,normal,190.1852
31,721,43260,14,0,0.1196,0.1196,0.0085,1000.0,6.050000000000001,1.0,normal,190.3048
31,721,43275,14,1,31.2736,31.2736,2.2338,1000.0,6.050000000000001,1.0,normal,221.5784
31,721,43290,13,0,69.1716,69.1716,5.3209,1000.0,6.050000000000001,1.0,normal,290.75
31,721,43305,10,0,28.9274,28.9274,2.8927,1000.0,6.050000000000001,1.0,normal,319.6774
31,722,43320,13,1,76.4809,76.4809,5.8831,1000.0,7.320500000000002,1.0,normal,396.1583
31,722,43335,27,0,64.4355,64.4355,2.3865,1000.0,7.320500000000002,1.0,normal,460.5938
31,722,43350,15,0,68.8466,68.8466,4.5898,1000.0,7.320500000000002,1.0,normal,529.4404
31,722,43365,25,0,79.9239,79.9239,3.197,1000.0,7.320500000000002,1.0,normal,609.3643
31,723,43380,29,0,90.0578,90.0578,3.1054,1000.0,8.052550000000002,1.0,normal,699.4221
31,723,43395,12,0,51.0528,51.0528,4.2544,1000.0,8.052550000000002,1.0,normal,750.4749
31,723,43410,19,2,7.8434,3.9217,0.4128,1000.0,8.052550000000002,1.0,normal,758.3183
31,723,43425,17,1,125.3767,125.3767,7.3751,1000.0,8.052550000000002,1.0,normal,883.695
31,724,43440,19,0,115.0377,115.0377,6.0546,1000.0,7.6499225000000015,1.0,budget_constrained,998.7327
31,724,43455,0,0,1.2673,1.2673,2.3639,1000.0,7.6499225000000015,1.0,budget_depleted,1000.0
31,724,43470,0,0,0.0,0.0,0.0,1000.0,7.6499225000000015,1.0,budget_depleted,1000.0
31,724,43485,0,0,0.0,0.0,0.0,1000.0,7.6499225000000015,1.0,budget_depleted,1000.0
31,725,43500,0,0,0.0,0.0,0.0,1000.0,5.8521907125000014,1.0,budget_depleted,1000.0
31,725,43515,0,0,0.0,0.0,0.0,1000.0,5.8521907125000014,1.0,budget_depleted,1000.0
31,725,43530,0,0,0.0,0.0,0.0,1000.0,5.8521907125000014,1.0,budget_depleted,1000.0
31,725,43545,0,0,0.0,0.0,0.0,1000.0,5.8521907125000014,1.0,budget_depleted,1000.0
31,726,43560,0,0,0.0,0.0,0.0,1000.0,4.476925895062501,1.0,budget_depleted,1000.0
31,726,43575,0,0,0.0,0.0,0.0,1000.0,4.476925895062501,1.0,budget_depleted,1000.0
31,726,43590,0,0,0.0,0.0,0.0,1000.0,4.476925895062501,1.0,budget_depleted,1000.0
31,726,43605,0,0,0.0,0.0,0.0,1000.0,4.476925895062501,1.0,budget_depleted,1000.0
31,727,43620,0,0,0.0,0.0,0.0,1000.0,3.424848309722813,1.0,budget_depleted,1000.0
31,727,43635,0,0,0.0,0.0,0.0,1000.0,3.424848309722813,1.0,budget_depleted,1000.0
31,727,43650,0,0,0.0,0.0,0.0,1000.0,3.424848309722813,1.0,budget_depleted,1000.0
31,727,43665,0,0,0.0,0.0,0.0,1000.0,3.424848309722813,1.0,budget_depleted,1000.0
31,728,43680,0,0,0.0,0.0,0.0,1000.0,2.620008956937952,1.0,budget_depleted,1000.0
31,728,43695,0,0,0.0,0.0,0.0,1000.0,2.620008956937952,1.0,budget_depleted,1000.0
31,728,43710,0,0,0.0,0.0,0.0,1000.0,2.620008956937952,1.0,budget_depleted,1000.0
31,728,43725,0,0,0.0,0.0,0.0,1000.0,2.620008956937952,1.0,budget_depleted,1000.0
31,729,43740,0,0,0.0,0.0,0.0,1000.0,2.004306852057533,1.0,budget_depleted,1000.0
31,729,43755,0,0,0.0,0.0,0.0,1000.0,2.004306852057533,1.0,budget_depleted,1000.0
31,729,43770,0,0,0.0,0.0,0.0,1000.0,2.004306852057533,1.0,budget_depleted,1000.0
31,729,43785,0,0,0.0,0.0,0.0,1000.0,2.004306852057533,1.0,budget_depleted,1000.0
31,730,43800,0,0,0.0,0.0,0.0,1000.0,1.5332947418240128,1.0,budget_depleted,1000.0
31,730,43815,0,0,0.0,0.0,0.0,1000.0,1.5332947418240128,1.0,budget_depleted,1000.0
31,730,43830,0,0,0.0,0.0,0.0,1000.0,1.5332947418240128,1.0,budget_depleted,1000.0
31,730,43845,0,0,0.0,0.0,0.0,1000.0,1.5332947418240128,1.0,budget_depleted,1000.0
31,731,43860,0,0,0.0,0.0,0.0,1000.0,1.17297047749537,1.0,budget_depleted,1000.0
31,731,43875,0,0,0.0,0.0,0.0,1000.0,1.17297047749537,1.0,budget_depleted,1000.0
31,731,43890,0,0,0.0,0.0,0.0,1000.0,1.17297047749537,1.0,budget_depleted,1000.0
31,731,43905,0,0,0.0,0.0,0.0,1000.0,1.17297047749537,1.0,budget_depleted,1000.0
31,732,43920,0,0,0.0,0.0,0.0,1000.0,0.8973224152839581,1.0,budget_depleted,1000.0
31,732,43935,0,0,0.0,0.0,0.0,1000.0,0.8973224152839581,1.0,budget_depleted,1000.0
31,732,43950,0,0,0.0,0.0,0.0,1000.0,0.8973224152839581,1.0,budget_depleted,1000.0
31,732,43965,0,0,0.0,0.0,0.0,1000.0,0.8973224152839581,1.0,budget_depleted,1000.0
31,733,43980,0,0,0.0,0.0,0.0,1000.0,0.6864516476922279,1.0,budget_depleted,1000.0
31,733,43995,0,0,0.0,0.0,0.0,1000.0,0.6864516476922279,1.0,budget_depleted,1000.0
31,733,44010,0,0,0.0,0.0,0.0,1000.0,0.6864516476922279,1.0,budget_depleted,1000.0
31,733,44025,0,0,0.0,0.0,0.0,1000.0,0.6864516476922279,1.0,budget_depleted,1000.0
31,734,44040,0,0,0.0,0.0,0.0,1000.0,0.5251355104845543,1.0,budget_depleted,1000.0
31,734,44055,0,0,0.0,0.0,0.0,1000.0,0.5251355104845543,1.0,budget_depleted,1000.0
31,734,44070,0,0,0.0,0.0,0.0,1000.0,0.5251355104845543,1.0,budget_depleted,1000.0
31,734,44085,0,0,0.0,0.0,0.0,1000.0,0.5251355104845543,1.0,budget_depleted,1000.0
31,735,44100,0,0,0.0,0.0,0.0,1000.0,0.5,1.0,budget_depleted,1000.0
31,735,44115,0,0,0.0,0.0,0.0,1000.0,0.5,1.0,budget_depleted,1000.0
31,735,44130,0,0,0.0,0.0,0.0,1000.0,0.5,1.0,budget_depleted,1000.0
31,735,44145,0,0,0.0,0.0,0.0,1000.0,0.5,1.0,budget_depleted,1000.0
31,736,44160,0,0,0.0,0.0,0.0,1000.0,0.5,1.0,budget_depleted,1000.0
31,736,44175,0,0,0.0,0.0,0.0,1000.0,0.5,1.0,budget_depleted,1000.0
31,736,44190,0,0,0.0,0.0,0.0,1000.0,0.5,1.0,budget_depleted,1000.0
31,736,44205,0,0,0.0,0.0,0.0,1000.0,0.5,1.0,budget_depleted,1000.0
31,737,44220,0,0,0.0,0.0,0.0,1000.0,0.5,1.0,budget_depleted,1000.0
31,737,44235,0,0,0.0,0.0,0.0,1000.0,0.5,1.0,budget_depleted,1000.0
31,737,44250,0,0,0.0,0.0,0.0,1000.0,0.5,1.0,budget_depleted,1000.0
31,737,44265,0,0,0.0,0.0,0.0,1000.0,0.5,1.0,budget_depleted,1000.0
31,738,44280,0,0,0.0,0.0,0.0,1000.0,0.5,1.0,budget_depleted,1000.0
31,738,44295,0,0,0.0,0.0,0.0,1000.0,0.5,1.0,budget_depleted,1000.0
31,738,44310,0,0,0.0,0.0,0.0,1000.0,0.5,1.0,budget_depleted,1000.0
31,738,44325,0,0,0.0,0.0,0.0,1000.0,0.5,1.0,budget_depleted,1000.0
31,739,44340,0,0,0.0,0.0,0.0,1000.0,0.5,1.0,budget_depleted,1000.0
31,739,44355,0,0,0.0,0.0,0.0,1000.0,0.5,1.0,budget_depleted,1000.0
31,739,44370,0,0,0.0,0.0,0.0,1000.0,0.5,1.0,budget_depleted,1000.0
31,739,44385,0,0,0.0,0.0,0.0,1000.0,0.5,1.0,budget_depleted,1000.0
31,740,44400,0,0,0.0,0.0,0.0,1000.0,0.5,1.0,budget_depleted,1000.0
31,740,44415,0,0,0.0,0.0,0.0,1000.0,0.5,1.0,budget_depleted,1000.0
31,740,44430,0,0,0.0,0.0,0.0,1000.0,0.5,1.0,budget_depleted,1000.0
31,740,44445,0,0,0.0,0.0,0.0,1000.0,0.5,1.0,budget_depleted,1000.0
31,741,44460,0,0,0.0,0.0,0.0,1000.0,0.5,1.0,budget_depleted,1000.0
31,741,44475,0,0,0.0,0.0,0.0,1000.0,0.5,1.0,budget_depleted,1000.0
31,741,44490,0,0,0.0,0.0,0.0,1000.0,0.5,1.0,budget_depleted,1000.0
31,741,44505,0,0,0.0,0.0,0.0,1000.0,0.5,1.0,budget_depleted,1000.0
31,742,44520,0,0,0.0,0.0,0.0,1000.0,0.5,1.0,budget_depleted,1000.0
31,742,44535,0,0,0.0,0.0,0.0,1000.0,0.5,1.0,budget_depleted,1000.0
31,742,44550,0,0,0.0,0.0,0.0,1000.0,0.5,1.0,budget_depleted,1000.0
31,742,44565,0,0,0.0,0.0,0.0,1000.0,0.5,1.0,budget_depleted,1000.0
31,743,44580,0,0,0.0,0.0,0.0,1000.0,0.5,1.0,budget_depleted,1000.0
31,743,44595,0,0,0.0,0.0,0.0,1000.0,0.5,1.0,budget_depleted,1000.0
31,743,44610,0,0,0.0,0.0,0.0,1000.0,0.5,1.0,budget_depleted,1000.0
31,743,44625,0,0,0.0,0.0,0.0,1000.0,0.5,1.0,budget_depleted,1000.0
32,744,44640,0,0,0.0,0.0,0.0,1000.0,0.5,1.0,normal,0.0
32,744,44655,2,1,0.3418,0.3418,0.1709,1000.0,0.5,1.0,normal,0.3418
32,744,44670,0,0,0.0,0.0,0.5,1000.0,0.5,1.0,normal,0.3418
32,744,44685,1,0,0.5,0.5,0.5,1000.0,0.5,1.0,normal,0.8418
32,745,44700,1,0,0.5,0.5,0.5,1000.0,0.5,1.0,normal,1.3418
32,745,44715,1,0,0.5,0.5,0.5,1000.0,0.5,1.0,normal,1.8418
32,745,44730,0,0,0.0,0.0,0.5,1000.0,0.5,1.0,normal,1.8418
32,745,44745,1,0,0.5,0.5,0.5,1000.0,0.5,1.0,normal,2.3418
32,746,44760,3,0,1.5,1.5,0.5,1000.0,0.5,1.0,normal,3.8418
32,746,44775,1,0,0.5,0.5,0.5,1000.0,0.5,1.0,normal,4.3418
32,746,44790,2,0,1.0,1.0,0.5,1000.0,0.5,1.0,normal,5.3418
32,746,44805,3,1,1.5,1.5,0.5,1000.0,0.5,1.0,normal,6.8418
32,747,44820,1,0,0.55,0.55,0.55,1000.0,0.55,1.0,normal,7.3918
32,747,44835,2,0,0.8076,0.8076,0.4038,1000.0,0.55,1.0,normal,8.1994
32,747,44850,1,0,0.55,0.55,0.55,1000.0,0.55,1.0,normal,8.7494
32,747,44865,0,0,0.0,0.0,0.55,1000.0,0.55,1.0,normal,8.7494
32,748,44880,4,0,2.662,2.662,0.6655,1000.0,0.6655000000000002,1.0,normal,11.4114
32,748,44895,1,0,0.6655,0.6655,0.6655,1000.0,0.6655000000000002,1.0,normal,12.0769
32,748,44910,4,0,2.1806,2.1806,0.5451,1000.0,0.6655000000000002,1.0,normal,14.2575
32,748,44925,1,0,0.6655,0.6655,0.6655,1000.0,0.6655000000000002,1.0,normal,14.923
32,749,44940,1,0,0.1853,0.1853,0.1853,1000.0,0.8052550000000004,1.0,normal,15.1083
32,749,44955,3,0,2.4158,2.4158,0.8053,1000.0,0.8052550000000004,1.0,normal,17.5241
32,749,44970,4,0,3.221,3.221,0.8053,1000.0,0.8052550000000004,1.0,normal,20.7451
32,749,44985,1,0,0.8053,0.8053,0.8053,1000.0,0.8052550000000004,1.0,normal,21.5504
32,750,45000,5,0,2.4524,2.4524,0.4905,1000.0,0.9743585500000007,1.0,normal,24.0028
32,750,45015,3,0,1.7417,1.7417,0.5806,1000.0,0.9743585500000007,1.0,normal,25.7445
32,750,45030,0,0,0.0,0.0,0.9744,1000.0,0.9743585500000007,1.0,normal,25.7445
32,750,45045,2,0,0.2506,0.2506,0.1253,1000.0,0.9743585500000007,1.0,normal,25.9951
32,751,45060,2,0,1.0856,1.0856,0.5428,1000.0,1.178973845500001,1.0,normal,27.0807
32,751,45075,5,0,3.5539,3.5539,0.7108,1000.0,1.178973845500001,1.0,normal,30.6346
32,751,45090,3,0,3.5197,3.5197,1.1732,1000.0,1.178973845500001,1.0,normal,34.1543
32,751,45105,5,1,1.7212,1.7212,0.3442,1000.0,1.178973845500001,1.0,normal,35.8755
32,752,45120,5,0,6.521,6.521,1.3042,1000.0,1.4265583530550014,1.0,normal,42.3965
32,752,45135,5,0,7.1328,7.1328,1.4266,1000.0,1.4265583530550014,1.0,normal,49.5293
32,752,45150,5,0,6.6973,6.6973,1.3395,1000.0,1.4265583530550014,1.0,normal,56.2266
32,752,45165,6,0,3.6614,3.6614,0.6102,1000.0,1.4265583530550014,1.0,normal,59.888
32,753,45180,6,0,6.4195,6.4195,1.0699,1000.0,1.7261356071965521,1.0,normal,66.3075
32,753,45195,3,0,5.1784,5.1784,1.7261,1000.0,1.7261356071965521,1.0,normal,71.4859
32,753,45210,3,0,5.1784,5.1784,1.7261,1000.0,1.7261356071965521,1.0,normal,76.6643
32,753,45225,3,0,5.1784,5.1784,1.7261,1000.0,1.7261356071965521,1.0,normal,81.8427
32,754,45240,3,0,0.3342,0.3342,0.1114,1000.0,2.088624084707828,1.0,normal,82.1769
32,754,45255,1,0,2.0172,2.0172,2.0172,1000.0,2.088624084707828,1.0,normal,84.1941
32,754,45270,5,0,0.4168,0.4168,0.0834,1000.0,2.088624084707828,1.0,normal,84.6109
32,754,45285,3,0,6.2659,6.2659,2.0886,1000.0,2.088624084707828,1.0,normal,90.8768
32,755,45300,6,0,15.1634,15.1634,2.5272,1000.0,2.527235142496472,1.0,normal,106.0402
32,755,45315,9,1,18.7524,18.7524,2.0836,1000.0,2.527235142496472,1.0,normal,124.7926
32,755,45330,8,0,0.2363,0.2363,0.0295,1000.0,2.527235142496472,1.0,normal,125.0289
32,755,45345,4,1,10.1089,10.1089,2.5272,1000.0,2.527235142496472,1.0,normal,135.1378
32,756,45360,7,0,15.2757,15.2757,2.1822,1000.0,5.0,1.0,normal,150.4135
32,756,45375,15,1,50.1352,50.1352,3.3423,1000.0,5.0,1.0,normal,200.5487
32,756,45390,15,0,47.0401,47.0401,3.136,1000.0,5.0,1.0,normal,247.5888
32,756,45405,13,0,39.9511,39.9511,3.0732,1000.0,5.0,1.0,normal,287.5399
32,757,45420,20,2,60.6203,30.3102,3.031,1000.0,6.050000000000001,1.0,normal,348.1602
32,757,45435,19,1,80.3699,80.3699,4.23,1000.0,6.050000000000001,1.0,normal,428.5301
32,757,45450,11,0,66.55,66.55,6.05,1000.0,6.050000000000001,1.0,normal,495.0801
32,757,45465,14,0,49.1914,49.1914,3.5137,1000.0,6.050000000000001,1.0,normal,544.2715
32,758,45480,15,0,54.9291,54.9291,3.6619,1000.0,7.320500000000002,1.0,normal,599.2006
32,758,45495,14,0,50.7895,50.7895,3.6278,1000.0,7.320500000000002,1.0,normal,649.9901
32,758,45510,22,0,18.3483,18.3483,0.834,1000.0,7.320500000000002,1.0,normal,668.3384
32,758,45525,20,1,97.9933,97.9933,4.8997,1000.0,7.320500000000002,1.0,normal,766.3317
32,759,45540,22,1,96.5595,96.5595,4.3891,1000.0,8.052550000000002,1.0,normal,862.8912
32,759,45555,12,0,15.2025,15.2025,1.2669,1000.0,8.052550000000002,1.0,normal,878.0937
32,759,45570,17,0,26.6423,26.6423,1.5672,1000.0,8.052550000000002,1.0,budget_constrained,904.736
32,759,45585,16,0,81.0172,81.0172,5.0636,1000.0,8.052550000000002,1.0,budget_constrained,985.7532
32,760,45600,2,0,14.2468,14.2468,5.1852,1000.0,6.844667500000002,1.0,budget_constrained,1000.0
32,760,45615,0,0,0.0,0.0,4.728,1000.0,6.844667500000002,1.0,budget_constrained,1000.0
32,760,45630,0,0,0.0,0.0,1.1427,1000.0,6.844667500000002,1.0,budget_constrained,1000.0
32,760,45645,0,0,0.0,0.0,6.3265,1000.0,6.844667500000002,1.0,budget_constrained,1000.0
32,761,45660,0,0,0.0,0.0,5.7467,1000.0,5.817967375000001,1.0,budget_constrained,1000.0
32,761,45675,0,0,0.0,0.0,5.818,1000.0,5.817967375000001,1.0,budget_constrained,1000.0
32,761,45690,0,0,0.0,0.0,3.3484,1000.0,5.817967375000001,1.0,budget_constrained,1000.0
32,761,45705,0,0,0.0,0.0,3.2224,1000.0,5.817967375000001,1.0,budget_constrained,1000.0
32,762,45720,0,0,0.0,0.0,0.0533,1000.0,4.945272268750001,1.0,budget_constrained,1000.0
32,762,45735,0,0,0.0,0.0,0.7969,1000.0,4.945272268750001,1.0,budget_constrained,1000.0
32,762,45750,0,0,0.0,0.0,0.2022,1000.0,4.945272268750001,1.0,budget_constrained,1000.0
32,762,45765,0,0,0.0,0.0,4.8641,1000.0,4.945272268750001,1.0,budget_constrained,1000.0
32,763,45780,0,0,0.0,0.0,3.0338,1000.0,4.203481428437501,1.0,budget_constrained,1000.0
32,763,45795,0,0,0.0,0.0,4.2035,1000.0,4.203481428437501,1.0,budget_constrained,1000.0
32,763,45810,0,0,0.0,0.0,1.9292,1000.0,4.203481428437501,1.0,budget_constrained,1000.0
32,763,45825,0,0,0.0,0.0,4.2035,1000.0,4.203481428437501,1.0,budget_constrained,1000.0
32,764,45840,0,0,0.0,0.0,3.573,1000.0,3.5729592141718753,1.0,budget_constrained,1000.0
32,764,45855,0,0,0.0,0.0,0.8575,1000.0,3.5729592141718753,1.0,budget_constrained,1000.0
32,764,45870,0,0,0.0,0.0,3.1885,1000.0,3.5729592141718753,1.0,budget_constrained,1000.0
32,764,45885,0,0,0.0,0.0,1.6641,1000.0,3.5729592141718753,1.0,budget_constrained,1000.0
32,765,45900,0,0,0.0,0.0,3.037,1000.0,3.037015332046094,1.0,budget_constrained,1000.0
32,765,45915,0,0,0.0,0.0,3.037,1000.0,3.037015332046094,1.0,budget_constrained,1000.0
32,765,45930,0,0,0.0,0.0,3.037,1000.0,3.037015332046094,1.0,budget_constrained,1000.0
32,765,45945,0,0,0.0,0.0,0.1884,1000.0,3.037015332046094,1.0,budget_constrained,1000.0
32,766,45960,0,0,0.0,0.0,2.5815,1000.0,2.5814630322391796,1.0,budget_constrained,1000.0
32,766,45975,0,0,0.0,0.0,0.5776,1000.0,2.5814630322391796,1.0,budget_constrained,1000.0
32,766,45990,0,0,0.0,0.0,0.1851,1000.0,2.5814630322391796,1.0,budget_constrained,1000.0
32,766,46005,0,0,0.0,0.0,2.5815,1000.0,2.5814630322391796,1.0,budget_constrained,1000.0
32,767,46020,0,0,0.0,0.0,0.8743,1000.0,2.1942435774033027,1.0,budget_constrained,1000.0
32,767,46035,0,0,0.0,0.0,0.9354,1000.0,2.1942435774033027,1.0,budget_constrained,1000.0
32,767,46050,0,0,0.0,0.0,2.1942,1000.0,2.1942435774033027,1.0,budget_constrained,1000.0
32,767,46065,0,0,0.0,0.0,2.1942,1000.0,2.1942435774033027,1.0,budget_constrained,1000.0
33,768,46080,0,0,0.0,0.0,1.8651,1000.0,1.8651070407928072,1.0,normal,0.0
33,768,46095,4,0,0.2022,0.2022,0.0505,1000.0,1.8651070407928072,1.0,normal,0.2022
33,768,46110,5,0,9.3255,9.3255,1.8651,1000.0,1.8651070407928072,1.0,normal,9.5277
33,768,46125,3,0,4.6474,4.6474,1.5491,1000.0,1.8651070407928072,1.0,normal,14.1751
33,769,46140,1,0,1.5853,1.5853,1.5853,1000.0,1.5853409846738862,1.0,normal,15.7604
33,769,46155,3,0,0.2103,0.2103,0.0701,1000.0,1.5853409846738862,1.0,normal,15.9707
33,769,46170,4,0,6.3414,6.3414,1.5853,1000.0,1.5853409846738862,1.0,normal,22.3121
33,769,46185,5,0,7.9267,7.9267,1.5853,1000.0,1.5853409846738862,1.0,normal,30.2388
33,770,46200,7,0,9.4328,9.4328,1.3475,1000.0,1.347539836972803,1.0,normal,39.6716
33,770,46215,5,1,6.7377,6.7377,1.3475,1000.0,1.347539836972803,1.0,normal,46.4093
33,770,46230,2,0,2.6951,2.6951,1.3475,1000.0,1.347539836972803,1.0,normal,49.1044
33,770,46245,1,0,0.9064,0.9064,0.9064,1000.0,1.347539836972803,1.0,normal,50.0108
33,771,46260,4,0,4.0426,4.0426,1.0107,1000.0,1.0106548777296023,1.0,normal,54.0534
33,771,46275,4,1,4.0426,4.0426,1.0107,1000.0,1.0106548777296023,1.0,normal,58.096
33,771,46290,1,0,1.0107,1.0107,1.0107,1000.0,1.0106548777296023,1.0,normal,59.1067
33,771,46305,5,0,0.0038,0.0038,0.0008,1000.0,1.0106548777296023,1.0,normal,59.1105
33,772,46320,1,1,0.8104,0.8104,0.8104,1000.0,0.8590566460701619,1.0,normal,59.9209
33,772,46335,2,0,1.7181,1.7181,0.8591,1000.0,0.8590566460701619,1.0,normal,61.639
33,772,46350,1,0,0.8591,0.8591,0.8591,1000.0,0.8590566460701619,1.0,normal,62.4981
33,772,46365,1,0,0.1743,0.1743,0.1743,1000.0,0.8590566460701619,1.0,normal,62.6724
33,773,46380,4,0,3.2644,3.2644,0.8161,1000.0,0.8161038137666538,1.0,normal,65.9368
33,773,46395,0,0,0.0,0.0,0.8161,1000.0,0.8161038137666538,1.0,normal,65.9368
33,773,46410,3,0,2.4483,2.4483,0.8161,1000.0,0.8161038137666538,1.0,normal,68.3851
33,773,46425,2,0,1.178,1.178,0.589,1000.0,0.8161038137666538,1.0,normal,69.5631
33,774,46440,2,0,1.5506,1.5506,0.7753,1000.0,0.775298623078321,1.0,normal,71.1137
33,774,46455,3,0,1.2003,1.2003,0.4001,1000.0,0.775298623078321,1.0,normal,72.314
33,774,46470,1,0,0.6383,0.6383,0.6383,1000.0,0.775298623078321,1.0,normal,72.9523
33,774,46485,1,0,0.0033,0.0033,0.0033,1000.0,0.775298623078321,1.0,normal,72.9556
33,775,46500,0,0,0.0,0.0,0.7365,1000.0,0.7365336919244049,1.0,normal,72.9556
33,775,46515,3,0,2.2096,2.2096,0.7365,1000.0,0.7365336919244049,1.0,normal,75.1652
33,775,46530,5,0,3.6827,3.6827,0.7365,1000.0,0.7365336919244049,1.0,normal,78.8479
33,775,46545,0,0,0.0,0.0,0.7365,1000.0,0.7365336919244049,1.0,normal,78.8479
33,776,46560,0,0,0.0,0.0,0.6261,1000.0,0.6260536381357441,1.0,normal,78.8479
33,776,46575,1,0,0.6261,0.6261,0.6261,1000.0,0.6260536381357441,1.0,normal,79.474
33,776,46590,0,0,0.0,0.0,0.1846,1000.0,0.6260536381357441,1.0,normal,79.474
33,776,46605,2,0,1.2521,1.2521,0.6261,1000.0,0.6260536381357441,1.0,normal,80.7261
33,777,46620,2,0,0.5505,0.5505,0.2753,1000.0,0.5321455924153825,1.0,normal,81.2766
33,777,46635,2,0,1.0643,1.0643,0.5321,1000.0,0.5321455924153825,1.0,normal,82.3409
33,777,46650,2,0,1.0643,1.0643,0.5321,1000.0,0.5321455924153825,1.0,normal,83.4052
33,777,46665,2,0,1.0643,1.0643,0.5321,1000.0,0.5321455924153825,1.0,normal,84.4695
33,778,46680,3,0,1.2667,1.2667,0.4222,1000.0,0.5,1.0,normal,85.7362
33,778,46695,1,0,0.5,0.5,0.5,1000.0,0.5,1.0,normal,86.2362
33,778,46710,3,0,1.5,1.5,0.5,1000.0,0.5,1.0,normal,87.7362
33,778,46725,3,0,0.3584,0.3584,0.1195,1000.0,0.5,1.0,normal,88.0946
33,779,46740,3,0,1.5,1.5,0.5,1000.0,0.5,1.0,normal,89.5946
33,779,46755,2,0,1.0,1.0,0.5,1000.0,0.5,1.0,normal,90.5946
33,779,46770,0,0,0.0,0.0,0.5,1000.0,0.5,1.0,normal,90.5946
33,779,46785,1,0,0.5,0.5,0.5,1000.0,0.5,1.0,normal,91.0946
33,780,46800,1,0,0.5,0.5,0.5,1000.0,0.5,1.0,normal,91.5946
33,780,46815,2,0,1.0,1.0,0.5,1000.0,0.5,1.0,normal,92.5946
33,780,46830,0,0,0.0,0.0,0.5,1000.0,0.5,1.0,normal,92.5946
33,780,46845,0,0,0.0,0.0,0.4924,1000.0,0.5,1.0,normal,92.5946
33,781,46860,1,0,0.0634,0.0634,0.0634,1000.0,0.5,1.0,normal,92.658
33,781,46875,1,0,0.5,0.5,0.5,1000.0,0.5,1.0,normal,93.158
33,781,46890,1,0,0.5,0.5,0.5,1000.0,0.5,1.0,normal,93.658
33,781,46905,2,1,1.0,1.0,0.5,1000.0,0.5,1.0,normal,94.658
33,782,46920,3,0,1.5,1.5,0.5,1000.0,0.5,1.0,normal,96.158
33,782,46935,2,0,1.0,1.0,0.5,1000.0,0.5,1.0,normal,97.158
33,782,46950,3,0,1.5,1.5,0.5,1000.0,0.5,1.0,normal,98.658
33,782,46965,1,0,0.5,0.5,0.5,1000.0,0.5,1.0,normal,99.158
33,783,46980,0,0,0.0,0.0,0.55,1000.0,0.55,1.0,normal,99.158
33,783,46995,1,0,0.3254,0.3254,0.3254,1000.0,0.55,1.0,normal,99.4834
33,783,47010,1,0,0.55,0.55,0.55,1000.0,0.55,1.0,normal,100.0334
33,783,47025,1,0,0.4661,0.4661,0.4661,1000.0,0.55,1.0,normal,100.4995
33,784,47040,3,0,1.9965,1.9965,0.6655,1000.0,0.6655000000000002,1.0,normal,102.496
33,784,47055,0,0,0.0,0.0,0.2145,1000.0,0.6655000000000002,1.0,normal,102.496
33,784,47070,3,0,1.9965,1.9965,0.6655,1000.0,0.6655000000000002,1.0,normal,104.4925
33,784,47085,1,0,0.0785,0.0785,0.0785,1000.0,0.6655000000000002,1.0,normal,104.571
33,785,47100,3,0,2.4158,2.4158,0.8053,1000.0,0.8052550000000004,1.0,normal,106.9868
33,785,47115,2,0,1.3085,1.3085,0.6542,1000.0,0.8052550000000004,1.0,normal,108.2953
33,785,47130,1,0,0.7167,0.7167,0.7167,1000.0,0.8052550000000004,1.0,normal,109.012
33,785,47145,2,0,1.6105,1.6105,0.8053,1000.0,0.8052550000000004,1.0,normal,110.6225
33,786,47160,2,0,1.9487,1.9487,0.9744,1000.0,0.9743585500000007,1.0,normal,112.5712
33,786,47175,2,0,1.9487,1.9487,0.9744,1000.0,0.9743585500000007,1.0,normal,114.5199
33,786,47190,2,0,1.9487,1.9487,0.9744,1000.0,0.9743585500000007,1.0,normal,116.4686
33,786,47205,4,0,3.8974,3.8974,0.9744,1000.0,0.9743585500000007,1.0,normal,120.366
33,787,47220,4,0,0.1133,0.1133,0.0283,1000.0,1.178973845500001,1.0,normal,120.4793
33,787,47235,3,0,3.5369,3.5369,1.179,1000.0,1.178973845500001,1.0,normal,124.0162
33,787,47250,2,0,2.3579,2.3579,1.179,1000.0,1.178973845500001,1.0,normal,126.3741
33,787,47265,1,0,1.179,1.179,1.179,1000.0,1.178973845500001,1.0,normal,127.5531
33,788,47280,3,0,4.2797,4.2797,1.4266,1000.0,1.4265583530550014,1.0,normal,131.8328
33,788,47295,3,0,4.2797,4.2797,1.4266,1000.0,1.4265583530550014,1.0,normal,136.1125
33,788,47310,4,0,5.7062,5.7062,1.4266,1000.0,1.4265583530550014,1.0,normal,141.8187
33,788,47325,5,1,7.1328,7.1328,1.4266,1000.0,1.4265583530550014,1.0,normal,148.9515
33,789,47340,3,0,5.1784,5.1784,1.7261,1000.0,1.7261356071965521,1.0,normal,154.1299
33,789,47355,8,0,4.179,4.179,0.5224,1000.0,1.7261356071965521,1.0,normal,158.3089
33,789,47370,4,0,6.9045,6.9045,1.7261,1000.0,1.7261356071965521,1.0,normal,165.2134
33,789,47385,0,0,0.0,0.0,1.5693,1000.0,1.7261356071965521,1.0,normal,165.2134
33,790,47400,5,0,9.2121,9.2121,1.8424,1000.0,2.088624084707828,1.0,normal,174.4255
33,790,47415,4,0,8.1458,8.1458,2.0365,1000.0,2.088624084707828,1.0,normal,182.5713
33,790,47430,3,0,2.6422,2.6422,0.8807,1000.0,2.088624084707828,1.0,normal,185.2135
33,790,47445,5,0,10.4431,10.4431,2.0886,1000.0,2.088624084707828,1.0,normal,195.6566
33,791,47460,4,0,4.7677,4.7677,1.1919,1000.0,2.527235142496472,1.0,normal,200.4243
33,791,47475,8,0,11.2674,11.2674,1.4084,1000.0,2.527235142496472,1.0,normal,211.6917
33,791,47490,4,0,6.0969,6.0969,1.5242,1000.0,2.527235142496472,1.0,normal,217.7886
33,791,47505,5,0,12.6362,12.6362,2.5272,1000.0,2.527235142496472,1.0,normal,230.4248
34,792,47520,18,0,60.5524,60.5524,3.364,1000.0,5.0,1.0,normal,60.5524
34,792,47535,17,1,11.4279,11.4279,0.6722,1000.0,5.0,1.0,normal,71.9803
34,792,47550,11,0,16.9038,16.9038,1.5367,1000.0,5.0,1.0,normal,88.8841
34,792,47565,13,0,12.4136,12.4136,0.9549,1000.0,5.0,1.0,normal,101.2977
34,793,47580,15,0,31.7429,31.7429,2.1162,1000.0,6.050000000000001,1.0,normal,133.0406
34,793,47595,19,0,65.1291,65.1291,3.4278,1000.0,6.050000000000001,1.0,normal,198.1697
34,793,47610,16,0,88.2101,88.2101,5.5131,1000.0,6.050000000000001,1.0,normal,286.3798
34,793,47625,16,1,53.0932,53.0932,3.3183,1000.0,6.050000000000001,1.0,normal,339.473
34,794,47640,15,1,68.0076,68.0076,4.5338,1000.0,6.655000000000001,1.0,normal,407.4806
34,794,47655,10,0,6.1919,6.1919,0.6192,1000.0,6.655000000000001,1.0,normal,413.6725
34,794,47670,13,0,81.4531,81.4531,6.2656,1000.0,6.655000000000001,1.0,normal,495.1256
34,794,47685,15,0,66.9143,66.9143,4.461,1000.0,6.655000000000001,1.0,normal,562.0399
34,795,47700,14,0,0.4629,0.4629,0.0331,1000.0,5.490375000000001,1.0,normal,562.5028
34,795,47715,10,0,54.9038,54.9038,5.4904,1000.0,5.490375000000001,1.0,normal,617.4066
34,795,47730,15,1,75.1938,75.1938,5.0129,1000.0,5.490375000000001,1.0,normal,692.6004
34,795,47745,12,0,19.7708,19.7708,1.6476,1000.0,5.490375000000001,1.0,normal,712.3712
34,796,47760,12,0,42.7789,42.7789,3.5649,1000.0,4.117781250000001,1.0,normal,755.1501
34,796,47775,7,0,21.4254,21.4254,3.0608,1000.0,4.117781250000001,1.0,normal,776.5755
34,796,47790,6,1,24.7067,24.7067,4.1178,1000.0,4.117781250000001,1.0,normal,801.2822
34,796,47805,9,0,26.1219,26.1219,2.9024,1000.0,4.117781250000001,1.0,normal,827.4041
34,797,47820,11,1,24.6027,24.6027,2.2366,1000.0,3.088335937500001,1.0,normal,852.0068
34,797,47835,13,0,19.8103,19.8103,1.5239,1000.0,3.088335937500001,1.0,normal,871.8171
34,797,47850,11,1,33.9717,33.9717,3.0883,1000.0,3.088335937500001,1.0,budget_constrained,905.7888
34,797,47865,5,0,13.7781,13.7781,2.7556,1000.0,3.088335937500001,1.0,budget_constrained,919.5669
34,798,47880,10,0,0.236,0.236,0.0236,1000.0,2.3162519531250005,1.0,budget_constrained,919.8029
34,798,47895,7,0,0.9983,0.9983,0.1426,1000.0,2.3162519531250005,1.0,budget_constrained,920.8012
34,798,47910,5,0,11.5813,11.5813,2.3163,1000.0,2.3162519531250005,1.0,budget_constrained,932.3825
34,798,47925,4,0,9.265,9.265,2.3163,1000.0,2.3162519531250005,1.0,budget_constrained,941.6475
34,799,47940,2,0,3.4744,3.4744,1.7372,1000.0,1.7371889648437504,1.0,budget_constrained,945.1219
34,799,47955,3,0,2.675,2.675,0.8917,1000.0,1.7371889648437504,1.0,budget_constrained,947.7969
34,799,47970,0,0,0.0,0.0,1.7372,1000.0,1.7371889648437504,1.0,budget_constrained,947.7969
34,799,47985,0,0,0.0,0.0,1.7372,1000.0,1.7371889648437504,1.0,budget_constrained,947.7969
34,800,48000,3,0,3.9087,3.9087,1.3029,1000.0,1.3028917236328128,1.0,budget_constrained,951.7056
34,800,48015,6,0,7.8174,7.8174,1.3029,1000.0,1.3028917236328128,1.0,budget_constrained,959.523
34,800,48030,8,0,10.4231,10.4231,1.3029,1000.0,1.3028917236328128,1.0,budget_constrained,969.9461
34,800,48045,3,0,3.9087,3.9087,1.3029,1000.0,1.3028917236328128,1.0,budget_constrained,973.8548
34,801,48060,3,0,2.6384,2.6384,0.8795,1000.0,0.8794519134521486,1.0,budget_constrained,976.4932
34,801,48075,2,0,0.4187,0.4187,0.2093,1000.0,0.8794519134521486,1.0,budget_constrained,976.9119
34,801,48090,4,0,3.5178,3.5178,0.8795,1000.0,0.8794519134521486,1.0,budget_constrained,980.4297
34,801,48105,2,0,1.7589,1.7589,0.8795,1000.0,0.8794519134521486,1.0,budget_constrained,982.1886
34,802,48120,4,0,2.3745,2.3745,0.5936,1000.0,0.5936300415802003,1.0,budget_constrained,984.5631
34,802,48135,6,0,3.5618,3.5618,0.5936,1000.0,0.5936300415802003,1.0,budget_constrained,988.1249
34,802,48150,1,0,0.5936,0.5936,0.5936,1000.0,0.5936300415802003,1.0,budget_constrained,988.7185
34,802,48165,3,0,1.7809,1.7809,0.5936,1000.0,0.5936300415802003,1.0,budget_constrained,990.4994
34,803,48180,1,0,0.5,0.5,0.5,1000.0,0.5,1.0,budget_constrained,990.9994
34,803,48195,2,0,1.0,1.0,0.5,1000.0,0.5,1.0,budget_constrained,991.9994
34,803,48210,0,0,0.0,0.0,0.5,1000.0,0.5,1.0,budget_constrained,991.9994
34,803,48225,0,0,0.0,0.0,0.4916,1000.0,0.5,1.0,budget_constrained,991.9994
34,804,48240,4,1,2.0,2.0,0.5,1000.0,0.5,1.0,budget_constrained,993.9994
34,804,48255,1,0,0.5,0.5,0.5,1000.0,0.5,1.0,budget_constrained,994.4994
34,804,48270,1,0,0.0163,0.0163,0.0163,1000.0,0.5,1.0,budget_constrained,994.5157
34,804,48285,1,0,0.5,0.5,0.5,1000.0,0.5,1.0,budget_constrained,995.0157
34,805,48300,2,0,0.7438,0.7438,0.3719,1000.0,0.5,1.0,budget_constrained,995.7595
34,805,48315,3,0,1.5,1.5,0.5,1000.0,0.5,1.0,budget_constrained,997.2595
34,805,48330,1,0,0.5,0.5,0.5,1000.0,0.5,1.0,budget_constrained,997.7595
34,805,48345,1,0,0.5,0.5,0.5,1000.0,0.5,1.0,budget_constrained,998.2595
34,806,48360,1,0,0.5,0.5,0.5,1000.0,0.5,1.0,budget_constrained,998.7595
34,806,48375,1,0,0.5,0.5,0.5,1000.0,0.5,1.0,budget_constrained,999.2595
34,806,48390,0,0,0.0,0.0,0.3295,1000.0,0.5,1.0,budget_constrained,999.2595
34,806,48405,3,0,0.1303,0.1303,0.0434,1000.0,0.5,1.0,budget_constrained,999.3898
34,807,48420,0,0,0.0,0.0,0.5,1000.0,0.5,1.0,budget_constrained,999.3898
34,807,48435,0,0,0.0,0.0,0.5,1000.0,0.5,1.0,budget_constrained,999.3898
34,807,48450,1,0,0.5,0.5,0.5,1000.0,0.5,1.0,budget_constrained,999.8898
34,807,48465,0,0,0.0,0.0,0.5,1000.0,0.5,1.0,budget_constrained,999.8898
34,808,48480,0,0,0.1102,0.1102,0.3123,1000.0,0.5,1.0,budget_constrained,1000.0
34,808,48495,0,0,0.0,0.0,0.5,1000.0,0.5,1.0,budget_constrained,1000.0
34,808,48510,0,0,0.0,0.0,0.5,1000.0,0.5,1.0,budget_constrained,1000.0
34,808,48525,0,0,0.0,0.0,0.4397,1000.0,0.5,1.0,budget_constrained,1000.0
34,809,48540,0,0,0.0,0.0,0.5,1000.0,0.5,1.0,budget_constrained,1000.0
34,809,48555,0,0,0.0,0.0,0.5,1000.0,0.5,1.0,budget_constrained,1000.0
34,809,48570,0,0,0.0,0.0,0.5,1000.0,0.5,1.0,budget_constrained,1000.0
34,809,48585,0,0,0.0,0.0,0.5,1000.0,0.5,1.0,budget_constrained,1000.0
34,810,48600,0,0,0.0,0.0,0.5,1000.0,0.5,1.0,budget_constrained,1000.0
34,810,48615,0,0,0.0,0.0,0.5,1000.0,0.5,1.0,budget_constrained,1000.0
34,810,48630,0,0,0.0,0.0,0.5,1000.0,0.5,1.0,budget_constrained,1000.0
34,810,48645,0,0,0.0,0.0,0.5,1000.0,0.5,1.0,budget_constrained,1000.0
34,811,48660,0,0,0.0,0.0,0.5,1000.0,0.5,1.0,budget_constrained,1000.0
34,811,48675,0,0,0.0,0.0,0.3176,1000.0,0.5,1.0,budget_constrained,1000.0
34,811,48690,0,0,0.0,0.0,0.5,1000.0,0.5,1.0,budget_constrained,1000.0
34,811,48705,0,0,0.0,0.0,0.5,1000.0,0.5,1.0,budget_constrained,1000.0
34,812,48720,0,0,0.0,0.0,0.5,1000.0,0.5,1.0,budget_constrained,1000.0
34,812,48735,0,0,0.0,0.0,0.5,1000.0,0.5,1.0,budget_constrained,1000.0
34,812,48750,0,0,0.0,0.0,0.5,1000.0,0.5,1.0,budget_constrained,1000.0
34,812,48765,0,0,0.0,0.0,0.5,1000.0,0.5,1.0,budget_constrained,1000.0
34,813,48780,0,0,0.0,0.0,0.5,1000.0,0.5,1.0,budget_constrained,1000.0
34,813,48795,0,0,0.0,0.0,0.5,1000.0,0.5,1.0,budget_constrained,1000.0
34,813,48810,0,0,0.0,0.0,0.5,1000.0,0.5,1.0,budget_constrained,1000.0
34,813,48825,0,0,0.0,0.0,0.5,1000.0,0.5,1.0,budget_constrained,1000.0
34,814,48840,0,0,0.0,0.0,0.5,1000.0,0.5,1.0,budget_constrained,1000.0
34,814,48855,0,0,0.0,0.0,0.5,1000.0,0.5,1.0,budget_constrained,1000.0
34,814,48870,0,0,0.0,0.0,0.16,1000.0,0.5,1.0,budget_constrained,1000.0
34,814,48885,0,0,0.0,0.0,0.5,1000.0,0.5,1.0,budget_constrained,1000.0
34,815,48900,0,0,0.0,0.0,0.5,1000.0,0.5,1.0,budget_constrained,1000.0
34,815,48915,0,0,0.0,0.0,0.5,1000.0,0.5,1.0,budget_constrained,1000.0
34,815,48930,0,0,0.0,0.0,0.5,1000.0,0.5,1.0,budget_constrained,1000.0
34,815,48945,0,0,0.0,0.0,0.5,1000.0,0.5,1.0,budget_constrained,1000.0
35,816,48960,0,0,0.0,0.0,0.0069,1000.0,0.5,1.0,normal,0.0
35,816,48975,1,0,0.5,0.5,0.5,1000.0,0.5,1.0,normal,0.5
35,816,48990,0,0,0.0,0.0,0.5,1000.0,0.5,1.0,normal,0.5
35,816,49005,2,0,1.0,1.0,0.5,1000.0,0.5,1.0,normal,1.5
35,817,49020,3,0,1.5,1.5,0.5,1000.0,0.5,1.0,normal,3.0
35,817,49035,0,0,0.0,0.0,0.5,1000.0,0.5,1.0,normal,3.0
35,817,49050,0,0,0.0,0.0,0.5,1000.0,0.5,1.0,normal,3.0
35,817,49065,2,0,1.0,1.0,0.5,1000.0,0.5,1.0,normal,4.0
35,818,49080,0,0,0.0,0.0,0.5,1000.0,0.5,1.0,normal,4.0
35,818,49095,0,0,0.0,0.0,0.5,1000.0,0.5,1.0,normal,4.0
35,818,49110,1,0,0.5,0.5,0.5,1000.0,0.5,1.0,normal,4.5
35,818,49125,0,0,0.0,0.0,0.5,1000.0,0.5,1.0,normal,4.5
35,819,49140,2,0,1.0,1.0,0.5,1000.0,0.5,1.0,normal,5.5
35,819,49155,1,0,0.5,0.5,0.5,1000.0,0.5,1.0,normal,6.0
35,819,49170,1,0,0.5,0.5,0.5,1000.0,0.5,1.0,normal,6.5
35,819,49185,2,0,1.0,1.0,0.5,1000.0,0.5,1.0,normal,7.5
35,820,49200,4,0,2.2,2.2,0.55,1000.0,0.55,1.0,normal,9.7
35,820,49215,0,0,0.0,0.0,0.55,1000.0,0.55,1.0,normal,9.7
35,820,49230,5,0,2.75,2.75,0.55,1000.0,0.55,1.0,normal,12.45
35,820,49245,1,0,0.55,0.55,0.55,1000.0,0.55,1.0,normal,13.0
35,821,49260,2,0,1.331,1.331,0.6655,1000.0,0.6655000000000002,1.0,normal,14.331
35,821,49275,2,0,1.331,1.331,0.6655,1000.0,0.6655000000000002,1.0,normal,15.662
35,821,49290,3,0,1.9965,1.9965,0.6655,1000.0,0.6655000000000002,1.0,normal,17.6585
35,821,49305,2,0,1.331,1.331,0.6655,1000.0,0.6655000000000002,1.0,normal,18.9895
35,822,49320,1,0,0.0023,0.0023,0.0023,1000.0,0.6222425000000003,1.0,normal,18.9918
35,822,49335,0,0,0.0,0.0,0.3115,1000.0,0.6222425000000003,1.0,normal,18.9918
35,822,49350,1,0,0.6222,0.6222,0.6222,1000.0,0.6222425000000003,1.0,normal,19.614
35,822,49365,3,0,1.8667,1.8667,0.6222,1000.0,0.6222425000000003,1.0,normal,21.4807
35,823,49380,4,0,2.7379,2.7379,0.6845,1000.0,0.6844667500000003,1.0,normal,24.2186
35,823,49395,0,0,0.0,0.0,0.6845,1000.0,0.6844667500000003,1.0,normal,24.2186
35,823,49410,2,0,1.3689,1.3689,0.6845,1000.0,0.6844667500000003,1.0,normal,25.5875
35,823,49425,1,0,0.6845,0.6845,0.6845,1000.0,0.6844667500000003,1.0,normal,26.272
35,824,49440,1,0,0.7529,0.7529,0.7529,1000.0,0.7529134250000005,1.0,normal,27.0249
35,824,49455,1,0,0.7529,0.7529,0.7529,1000.0,0.7529134250000005,1.0,normal,27.7778
35,824,49470,2,0,1.3968,1.3968,0.6984,1000.0,0.7529134250000005,1.0,normal,29.1746
35,824,49485,2,0,1.5058,1.5058,0.7529,1000.0,0.7529134250000005,1.0,normal,30.6804
35,825,49500,2,0,1.8221,1.8221,0.911,1000.0,0.9110252442500008,1.0,normal,32.5025
35,825,49515,2,0,1.8221,1.8221,0.911,1000.0,0.9110252442500008,1.0,normal,34.3246
35,825,49530,1,0,0.911,0.911,0.911,1000.0,0.9110252442500008,1.0,normal,35.2356
35,825,49545,4,0,3.6441,3.6441,0.911,1000.0,0.9110252442500008,1.0,normal,38.8797
35,826,49560,2,0,2.2047,2.2047,1.1023,1000.0,1.1023405455425013,1.0,normal,41.0844
35,826,49575,1,0,1.1023,1.1023,1.1023,1000.0,1.1023405455425013,1.0,normal,42.1867
35,826,49590,0,0,0.0,0.0,0.9445,1000.0,1.1023405455425013,1.0,normal,42.1867
35,826,49605,4,0,2.0006,2.0006,0.5002,1000.0,1.1023405455425013,1.0,normal,44.1873
35,827,49620,3,0,4.0015,4.0015,1.3338,1000.0,1.3338320601064266,1.0,normal,48.1888
35,827,49635,4,0,5.3353,5.3353,1.3338,1000.0,1.3338320601064266,1.0,normal,53.5241
35,827,49650,3,0,3.7393,3.7393,1.2464,1000.0,1.3338320601064266,1.0,normal,57.2634
35,827,49665,1,0,1.3338,1.3338,1.3338,1000.0,1.3338320601064266,1.0,normal,58.5972
35,828,49680,12,0,22.1707,22.1707,1.8476,1000.0,5.0,1.0,normal,80.7679
35,828,49695,7,0,35.0,35.0,5.0,1000.0,5.0,1.0,normal,115.7679
35,828,49710,12,0,44.0081,44.0081,3.6673,1000.0,5.0,1.0,normal,159.776
35,828,49725,12,0,26.2533,26.2533,2.1878,1000.0,5.0,1.0,normal,186.0293
35,829,49740,9,1,22.231,22.231,2.4701,1000.0,3.8499999999999996,1.0,normal,208.2603
35,829,49755,8,0,22.2524,22.2524,2.7816,1000.0,3.8499999999999996,1.0,normal,230.5127
35,829,49770,8,0,26.5977,26.5977,3.3247,1000.0,3.8499999999999996,1.0,normal,257.1104
35,829,49785,6,0,23.1,23.1,3.85,1000.0,3.8499999999999996,1.0,normal,280.2104
35,830,49800,8,0,25.41,25.41,3.1763,1000.0,3.1762500000000005,1.0,normal,305.6204
35,830,49815,12,1,8.0625,8.0625,0.6719,1000.0,3.1762500000000005,1.0,normal,313.6829
35,830,49830,11,0,34.9388,34.9388,3.1763,1000.0,3.1762500000000005,1.0,normal,348.6217
35,830,49845,9,0,20.5974,20.5974,2.2886,1000.0,3.1762500000000005,1.0,normal,369.2191
35,831,49860,5,0,1.085,1.085,0.217,1000.0,2.6204062500000007,1.0,normal,370.3041
35,831,49875,6,0,15.7224,15.7224,2.6204,1000.0,2.6204062500000007,1.0,normal,386.0265
35,831,49890,7,0,1.1107,1.1107,0.1587,1000.0,2.6204062500000007,1.0,normal,387.1372
35,831,49905,3,0,7.8612,7.8612,2.6204,1000.0,2.6204062500000007,1.0,normal,394.9984
35,832,49920,4,0,8.6473,8.6473,2.1618,1000.0,2.161835156250001,1.0,normal,403.6457
35,832,49935,5,1,6.5679,6.5679,1.3136,1000.0,2.161835156250001,1.0,normal,410.2136
35,832,49950,2,0,4.3237,4.3237,2.1618,1000.0,2.161835156250001,1.0,normal,414.5373
35,832,49965,7,0,7.3997,7.3997,1.0571,1000.0,2.161835156250001,1.0,normal,421.937
35,833,49980,5,0,8.9176,8.9176,1.7835,1000.0,1.7835140039062511,1.0,normal,430.8546
35,833,49995,4,0,4.3078,4.3078,1.077,1000.0,1.7835140039062511,1.0,normal,435.1624
35,833,50010,5,1,8.9176,8.9176,1.7835,1000.0,1.7835140039062511,1.0,normal,444.08
35,833,50025,4,0,7.1341,7.1341,1.7835,1000.0,1.7835140039062511,1.0,normal,451.2141
35,834,50040,3,0,4.4142,4.4142,1.4714,1000.0,1.4713990532226573,1.0,normal,455.6283
35,834,50055,5,0,7.357,7.357,1.4714,1000.0,1.4713990532226573,1.0,normal,462.9853
35,834,50070,1,0,0.2927,0.2927,0.2927,1000.0,1.4713990532226573,1.0,normal,463.278
35,834,50085,2,0,0.9256,0.9256,0.4628,1000.0,1.4713990532226573,1.0,normal,464.2036
35,835,50100,6,0,7.2834,7.2834,1.2139,1000.0,1.2139042189086924,1.0,normal,471.487
35,835,50115,1,0,1.2139,1.2139,1.2139,1000.0,1.2139042189086924,1.0,normal,472.7009
35,835,50130,2,0,2.4278,2.4278,1.2139,1000.0,1.2139042189086924,1.0,normal,475.1287
35,835,50145,3,0,3.6417,3.6417,1.2139,1000.0,1.2139042189086924,1.0,normal,478.7704
35,836,50160,2,0,1.9062,1.9062,0.9531,1000.0,1.001470980599671,1.0,normal,480.6766
35,836,50175,1,0,1.0015,1.0015,1.0015,1000.0,1.001470980599671,1.0,normal,481.6781
35,836,50190,6,0,6.0088,6.0088,1.0015,1000.0,1.001470980599671,1.0,normal,487.6869
35,836,50205,1,0,1.0015,1.0015,1.0015,1000.0,1.001470980599671,1.0,normal,488.6884
35,837,50220,0,0,0.0,0.0,0.8262,1000.0,0.8262135589947288,1.0,normal,488.6884
35,837,50235,3,0,2.4786,2.4786,0.8262,1000.0,0.8262135589947288,1.0,normal,491.167
35,837,50250,4,0,3.3049,3.3049,0.8262,1000.0,0.8262135589947288,1.0,normal,494.4719
35,837,50265,3,0,1.6792,1.6792,0.5597,1000.0,0.8262135589947288,1.0,normal,496.1511
35,838,50280,3,0,2.0449,2.0449,0.6816,1000.0,0.6816261861706513,1.0,normal,498.196
35,838,50295,1,0,0.4975,0.4975,0.4975,1000.0,0.6816261861706513,1.0,normal,498.6935
35,838,50310,3,0,2.0278,2.0278,0.6759,1000.0,0.6816261861706513,1.0,normal,500.7213
35,838,50325,3,0,1.6663,1.6663,0.5554,1000.0,0.6816261861706513,1.0,normal,502.3876
35,839,50340,1,0,0.5623,0.5623,0.5623,1000.0,0.5623416035907873,1.0,normal,502.9499
35,839,50355,4,0,0.6884,0.6884,0.1721,1000.0,0.5623416035907873,1.0,normal,503.6383
35,839,50370,0,0,0.0,0.0,0.5623,1000.0,0.5623416035907873,1.0,normal,503.6383
35,839,50385,0,0,0.0,0.0,0.5623,1000.0,0.5623416035907873,1.0,normal,503.6383
36,840,50400,0,0,0.0,0.0,0.5,700.0,0.5,1.0,normal,0.0
36,840,50415,0,0,0.0,0.0,0.5,700.0,0.5,1.0,normal,0.0
36,840,50430,2,0,1.0,1.0,0.5,700.0,0.5,1.0,normal,1.0
36,840,50445,1,0,0.5,0.5,0.5,700.0,0.5,1.0,normal,1.5
36,841,50460,3,0,1.5,1.5,0.5,700.0,0.5,1.0,normal,3.0
36,841,50475,1,0,0.5,0.5,0.5,700.0,0.5,1.0,normal,3.5
36,841,50490,3,0,1.5,1.5,0.5,700.0,0.5,1.0,normal,5.0
36,841,50505,2,0,0.286,0.286,0.143,700.0,0.5,1.0,normal,5.286
36,842,50520,1,0,0.5,0.5,0.5,700.0,0.5,1.0,normal,5.786
36,842,50535,0,0,0.0,0.0,0.5,700.0,0.5,1.0,normal,5.786
36,842,50550,0,0,0.0,0.0,0.5,700.0,0.5,1.0,normal,5.786
36,842,50565,1,0,0.5,0.5,0.5,700.0,0.5,1.0,normal,6.286
36,843,50580,2,0,1.0,1.0,0.5,700.0,0.5,1.0,normal,7.286
36,843,50595,1,0,0.5,0.5,0.5,700.0,0.5,1.0,normal,7.786
36,843,50610,0,0,0.0,0.0,0.2842,700.0,0.5,1.0,normal,7.786
36,843,50625,1,0,0.5,0.5,0.5,700.0,0.5,1.0,normal,8.286
36,844,50640,0,0,0.0,0.0,0.5,700.0,0.5,1.0,normal,8.286
36,844,50655,3,0,1.5,1.5,0.5,700.0,0.5,1.0,normal,9.786
36,844,50670,2,0,1.0,1.0,0.5,700.0,0.5,1.0,normal,10.786
36,844,50685,1,0,0.3044,0.3044,0.3044,700.0,0.5,1.0,normal,11.0904
36,845,50700,1,0,0.4192,0.4192,0.4192,700.0,0.5,1.0,normal,11.5096
36,845,50715,2,0,1.0,1.0,0.5,700.0,0.5,1.0,normal,12.5096
36,845,50730,2,0,1.0,1.0,0.5,700.0,0.5,1.0,normal,13.5096
36,845,50745,1,0,0.5,0.5,0.5,700.0,0.5,1.0,normal,14.0096
36,846,50760,0,0,0.0,0.0,0.5,700.0,0.5,1.0,normal,14.0096
36,846,50775,3,0,1.5,1.5,0.5,700.0,0.5,1.0,normal,15.5096
36,846,50790,0,0,0.0,0.0,0.3847,700.0,0.5,1.0,normal,15.5096
36,846,50805,2,0,1.0,1.0,0.5,700.0,0.5,1.0,normal,16.5096
36,847,50820,2,0,1.0,1.0,0.5,700.0,0.5,1.0,normal,17.5096
36,847,50835,1,0,0.5,0.5,0.5,700.0,0.5,1.0,normal,18.0096
36,847,50850,1,0,0.3299,0.3299,0.3299,700.0,0.5,1.0,normal,18.3395
36,847,50865,0,0,0.0,0.0,0.5,700.0,0.5,1.0,normal,18.3395
36,848,50880,1,0,0.3318,0.3318,0.3318,700.0,0.5,1.0,normal,18.6713
36,848,50895,0,0,0.0,0.0,0.5,700.0,0.5,1.0,normal,18.6713
36,848,50910,1,0,0.5,0.5,0.5,700.0,0.5,1.0,normal,19.1713
36,848,50925,1,0,0.2697,0.2697,0.2697,700.0,0.5,1.0,normal,19.441
36,849,50940,0,0,0.0,0.0,0.5,700.0,0.5,1.0,normal,19.441
36,849,50955,1,0,0.4085,0.4085,0.4085,700.0,0.5,1.0,normal,19.8495
36,849,50970,2,0,1.0,1.0,0.5,700.0,0.5,1.0,normal,20.8495
36,849,50985,1,0,0.4253,0.4253,0.4253,700.0,0.5,1.0,normal,21.2748
36,850,51000,2,0,1.0,1.0,0.5,700.0,0.5,1.0,normal,22.2748
36,850,51015,1,0,0.5,0.5,0.5,700.0,0.5,1.0,normal,22.7748
36,850,51030,0,0,0.0,0.0,0.5,700.0,0.5,1.0,normal,22.7748
36,850,51045,2,0,1.0,1.0,0.5,700.0,0.5,1.0,normal,23.7748
36,851,51060,0,0,0.0,0.0,0.5,700.0,0.5,1.0,normal,23.7748
36,851,51075,2,0,1.0,1.0,0.5,700.0,0.5,1.0,normal,24.7748
36,851,51090,1,0,0.0896,0.0896,0.0896,700.0,0.5,1.0,normal,24.8644
36,851,51105,1,1,0.5,0.5,0.5,700.0,0.5,1.0,normal,25.3644
36,852,51120,1,0,0.5,0.5,0.5,700.0,0.5,1.0,normal,25.8644
36,852,51135,2,0,0.9466,0.9466,0.4733,700.0,0.5,1.0,normal,26.811
36,852,51150,0,0,0.0,0.0,0.5,700.0,0.5,1.0,normal,26.811
36,852,51165,2,0,1.0,1.0,0.5,700.0,0.5,1.0,normal,27.811
36,853,51180,1,0,0.55,0.55,0.55,700.0,0.55,1.0,normal,28.361
36,853,51195,3,0,1.65,1.65,0.55,700.0,0.55,1.0,normal,30.011
36,853,51210,1,0,0.55,0.55,0.55,700.0,0.55,1.0,normal,30.561
36,853,51225,2,0,1.1,1.1,0.55,700.0,0.55,1.0,normal,31.661
36,854,51240,0,0,0.0,0.0,0.6655,700.0,0.6655000000000002,1.0,normal,31.661
36,854,51255,3,0,1.9965,1.9965,0.6655,700.0,0.6655000000000002,1.0,normal,33.6575
36,854,51270,0,0,0.0,0.0,0.3895,700.0,0.6655000000000002,1.0,normal,33.6575
36,854,51285,2,0,1.331,1.331,0.6655,700.0,0.6655000000000002,1.0,normal,34.9885
36,855,51300,2,0,0.08,0.08,0.04,700.0,0.8052550000000004,1.0,normal,35.0685
36,855,51315,1,0,0.8053,0.8053,0.8053,700.0,0.8052550000000004,1.0,normal,35.8738
36,855,51330,0,0,0.0,0.0,0.5597,700.0,0.8052550000000004,1.0,normal,35.8738
36,855,51345,2,0,1.3654,1.3654,0.6827,700.0,0.8052550000000004,1.0,normal,37.2392
36,856,51360,1,0,0.9744,0.9744,0.9744,700.0,0.9743585500000007,1.0,normal,38.2136
36,856,51375,4,0,2.3495,2.3495,0.5874,700.0,0.9743585500000007,1.0,normal,40.5631
36,856,51390,4,0,2.071,2.071,0.5178,700.0,0.9743585500000007,1.0,normal,42.6341
36,856,51405,3,0,2.6019,2.6019,0.8673,700.0,0.9743585500000007,1.0,normal,45.236
36,857,51420,4,0,0.7523,0.7523,0.1881,700.0,1.178973845500001,1.0,normal,45.9883
36,857,51435,1,0,1.179,1.179,1.179,700.0,1.178973845500001,1.0,normal,47.1673
36,857,51450,5,0,5.8949,5.8949,1.179,700.0,1.178973845500001,1.0,normal,53.0622
36,857,51465,0,0,0.0,0.0,1.179,700.0,1.178973845500001,1.0,normal,53.0622
36,858,51480,4,0,3.8906,3.8906,0.9727,700.0,0.9726534225375009,1.0,normal,56.9528
36,858,51495,2,0,1.9453,1.9453,0.9727,700.0,0.9726534225375009,1.0,normal,58.8981
36,858,51510,2,0,1.9453,1.9453,0.9727,700.0,0.9726534225375009,1.0,normal,60.8434
36,858,51525,1,1,0.1611,0.1611,0.1611,700.0,0.9726534225375009,1.0,normal,61.0045
36,859,51540,5,0,5.8846,5.8846,1.1769,700.0,1.1769106412703763,1.0,normal,66.8891
36,859,51555,1,0,1.1769,1.1769,1.1769,700.0,1.1769106412703763,1.0,normal,68.066
36,859,51570,5,0,0.5248,0.5248,0.105,700.0,1.1769106412703763,1.0,normal,68.5908
36,859,51585,2,0,2.3538,2.3538,1.1769,700.0,1.1769106412703763,1.0,normal,70.9446
36,860,51600,7,0,7.5868,7.5868,1.0838,700.0,1.4240618759371555,1.0,normal,78.5314
36,860,51615,4,0,5.6962,5.6962,1.4241,700.0,1.4240618759371555,1.0,normal,84.2276
36,860,51630,1,0,1.2141,1.2141,1.2141,700.0,1.4240618759371555,1.0,normal,85.4417
36,860,51645,3,0,4.2722,4.2722,1.4241,700.0,1.4240618759371555,1.0,normal,89.7139
36,861,51660,4,1,5.662,5.662,1.4155,700.0,1.7231148698839585,1.0,normal,95.3759
36,861,51675,3,0,0.4929,0.4929,0.1643,700.0,1.7231148698839585,1.0,normal,95.8688
36,861,51690,2,0,3.4462,3.4462,1.7231,700.0,1.7231148698839585,1.0,normal,99.315
36,861,51705,4,0,4.0999,4.0999,1.025,700.0,1.7231148698839585,1.0,normal,103.4149
36,862,51720,5,0,10.4248,10.4248,2.085,700.0,2.08496899255959,1.0,normal,113.8397
36,862,51735,7,1,14.5948,14.5948,2.085,700.0,2.08496899255959,1.0,normal,128.4345
36,862,51750,4,0,6.4688,6.4688,1.6172,700.0,2.08496899255959,1.0,normal,134.9033
36,862,51765,3,0,5.1819,5.1819,1.7273,700.0,2.08496899255959,1.0,normal,140.0852
36,863,51780,4,1,10.0912,10.0912,2.5228,700.0,2.5228124809971044,1.0,normal,150.1764
36,863,51795,5,0,12.6141,12.6141,2.5228,700.0,2.5228124809971044,1.0,normal,162.7905
36,863,51810,3,0,1.8486,1.8486,0.6162,700.0,2.5228124809971044,1.0,normal,164.6391
36,863,51825,11,0,27.7509,27.7509,2.5228,700.0,2.5228124809971044,1.0,normal,192.39
37,864,51840,15,0,2.8215,2.8215,0.1881,700.0,5.0,1.0,normal,2.8215
37,864,51855,10,0,2.3197,2.3197,0.232,700.0,5.0,1.0,normal,5.1412
37,864,51870,16,0,25.1818,25.1818,1.5739,700.0,5.0,1.0,normal,30.323
37,864,51885,9,0,32.2186,32.2186,3.5798,700.0,5.0,1.0,normal,62.5416
37,865,51900,12,0,51.9465,51.9465,4.3289,700.0,6.050000000000001,1.0,normal,114.4881
37,865,51915,9,0,35.8991,35.8991,3.9888,700.0,6.050000000000001,1.0,normal,150.3872
37,865,51930,9,0,21.0959,21.0959,2.344,700.0,6.050000000000001,1.0,normal,171.4831
37,865,51945,20,0,66.0199,66.0199,3.301,700.0,6.050000000000001,1.0,normal,237.503
37,866,51960,18,1,13.6516,13.6516,0.7584,700.0,6.32225,1.0,normal,251.1546
37,866,51975,20,1,107.4274,107.4274,5.3714,700.0,6.32225,1.0,normal,358.582
37,866,51990,19,0,32.9416,32.9416,1.7338,700.0,6.32225,1.0,normal,391.5236
37,866,52005,16,1,48.5573,48.5573,3.0348,700.0,6.32225,1.0,normal,440.0809
37,867,52020,18,0,89.115,89.115,4.9508,700.0,6.32225,1.0,normal,529.1959
37,867,52035,11,1,51.5415,51.5415,4.6856,700.0,6.32225,1.0,normal,580.7374
37,867,52050,10,0,37.4945,37.4945,3.7495,700.0,6.32225,1.0,normal,618.2319
37,867,52065,22,1,40.7681,40.7681,1.8531,700.0,6.32225,1.0,budget_constrained,659.0
37,868,52080,10,0,21.5099,21.5099,2.151,700.0,5.40552375,1.0,budget_constrained,680.5099
37,868,52095,13,1,10.805,10.805,0.8312,700.0,5.40552375,1.0,budget_constrained,691.3149
37,868,52110,6,0,8.6851,8.6851,1.2819,700.0,5.40552375,1.0,budget_depleted,700.0
37,868,52125,0,0,0.0,0.0,0.0,700.0,5.40552375,1.0,budget_depleted,700.0
37,869,52140,0,0,0.0,0.0,0.0,700.0,4.62172280625,1.0,budget_depleted,700.0
37,869,52155,0,0,0.0,0.0,0.0,700.0,4.62172280625,1.0,budget_depleted,700.0
37,869,52170,0,0,0.0,0.0,0.0,700.0,4.62172280625,1.0,budget_depleted,700.0
37,869,52185,0,0,0.0,0.0,0.0,700.0,4.62172280625,1.0,budget_depleted,700.0
37,870,52200,0,0,0.0,0.0,0.0,700.0,4.159550525625001,1.0,budget_depleted,700.0
37,870,52215,0,0,0.0,0.0,0.0,700.0,4.159550525625001,1.0,budget_depleted,700.0
37,870,52230,0,0,0.0,0.0,0.0,700.0,4.159550525625001,1.0,budget_depleted,700.0
37,870,52245,0,0,0.0,0.0,0.0,700.0,4.159550525625001,1.0,budget_depleted,700.0
37,871,52260,0,0,0.0,0.0,0.0,700.0,3.7435954730625007,1.0,budget_depleted,700.0
37,871,52275,0,0,0.0,0.0,0.0,700.0,3.7435954730625007,1.0,budget_depleted,700.0
37,871,52290,0,0,0.0,0.0,0.0,700.0,3.7435954730625007,1.0,budget_depleted,700.0
37,871,52305,0,0,0.0,0.0,0.0,700.0,3.7435954730625007,1.0,budget_depleted,700.0
37,872,52320,0,0,0.0,0.0,0.0,700.0,3.3692359257562505,1.0,budget_depleted,700.0
37,872,52335,0,0,0.0,0.0,0.0,700.0,3.3692359257562505,1.0,budget_depleted,700.0
37,872,52350,0,0,0.0,0.0,0.0,700.0,3.3692359257562505,1.0,budget_depleted,700.0
37,872,52365,0,0,0.0,0.0,0.0,700.0,3.3692359257562505,1.0,budget_depleted,700.0
37,873,52380,0,0,0.0,0.0,0.0,700.0,3.0323123331806254,1.0,budget_depleted,700.0
37,873,52395,0,0,0.0,0.0,0.0,700.0,3.0323123331806254,1.0,budget_depleted,700.0
37,873,52410,0,0,0.0,0.0,0.0,700.0,3.0323123331806254,1.0,budget_depleted,700.0
37,873,52425,0,0,0.0,0.0,0.0,700.0,3.0323123331806254,1.0,budget_depleted,700.0
37,874,52440,0,0,0.0,0.0,0.0,700.0,2.729081099862563,1.0,budget_depleted,700.0
37,874,52455,0,0,0.0,0.0,0.0,700.0,2.729081099862563,1.0,budget_depleted,700.0
37,874,52470,0,0,0.0,0.0,0.0,700.0,2.729081099862563,1.0,budget_depleted,700.0
37,874,52485,0,0,0.0,0.0,0.0,700.0,2.729081099862563,1.0,budget_depleted,700.0
37,875,52500,0,0,0.0,0.0,0.0,700.0,2.4561729898763067,1.0,budget_depleted,700.0
37,875,52515,0,0,0.0,0.0,0.0,700.0,2.4561729898763067,1.0,budget_depleted,700.0
37,875,52530,0,0,0.0,0.0,0.0,700.0,2.4561729898763067,1.0,budget_depleted,700.0
37,875,52545,0,0,0.0,0.0,0.0,700.0,2.4561729898763067,1.0,budget_depleted,700.0
37,876,52560,0,0,0.0,0.0,0.0,700.0,2.100027906344242,1.0,budget_depleted,700.0
37,876,52575,0,0,0.0,0.0,0.0,700.0,2.100027906344242,1.0,budget_depleted,700.0
37,876,52590,0,0,0.0,0.0,0.0,700.0,2.100027906344242,1.0,budget_depleted,700.0
37,876,52605,0,0,0.0,0.0,0.0,700.0,2.100027906344242,1.0,budget_depleted,700.0
37,877,52620,0,0,0.0,0.0,0.0,700.0,1.795523859924327,1.0,budget_depleted,700.0
37,877,52635,0,0,0.0,0.0,0.0,700.0,1.795523859924327,1.0,budget_depleted,700.0
37,877,52650,0,0,0.0,0.0,0.0,700.0,1.795523859924327,1.0,budget_depleted,700.0
37,877,52665,0,0,0.0,0.0,0.0,700.0,1.795523859924327,1.0,budget_depleted,700.0
37,878,52680,0,0,0.0,0.0,0.0,700.0,1.5351729002352996,1.0,budget_depleted,700.0
37,878,52695,0,0,0.0,0.0,0.0,700.0,1.5351729002352996,1.0,budget_depleted,700.0
37,878,52710,0,0,0.0,0.0,0.0,700.0,1.5351729002352996,1.0,budget_depleted,700.0
37,878,52725,0,0,0.0,0.0,0.0,700.0,1.5351729002352996,1.0,budget_depleted,700.0
37,879,52740,0,0,0.0,0.0,0.0,700.0,1.3125728297011812,1.0,budget_depleted,700.0
37,879,52755,0,0,0.0,0.0,0.0,700.0,1.3125728297011812,1.0,budget_depleted,700.0
37,879,52770,0,0,0.0,0.0,0.0,700.0,1.3125728297011812,1.0,budget_depleted,700.0
37,879,52785,0,0,0.0,0.0,0.0,700.0,1.3125728297011812,1.0,budget_depleted,700.0
37,880,52800,0,0,0.0,0.0,0.0,700.0,1.1222497693945097,1.0,budget_depleted,700.0
37,880,52815,0,0,0.0,0.0,0.0,700.0,1.1222497693945097,1.0,budget_depleted,700.0
37,880,52830,0,0,0.0,0.0,0.0,700.0,1.1222497693945097,1.0,budget_depleted,700.0
37,880,52845,0,0,0.0,0.0,0.0,700.0,1.1222497693945097,1.0,budget_depleted,700.0
37,881,52860,0,0,0.0,0.0,0.0,700.0,0.9595235528323057,1.0,budget_depleted,700.0
37,881,52875,0,0,0.0,0.0,0.0,700.0,0.9595235528323057,1.0,budget_depleted,700.0
37,881,52890,0,0,0.0,0.0,0.0,700.0,0.9595235528323057,1.0,budget_depleted,700.0
37,881,52905,0,0,0.0,0.0,0.0,700.0,0.9595235528323057,1.0,budget_depleted,700.0
37,882,52920,0,0,0.0,0.0,0.0,700.0,0.8203926376716214,1.0,budget_depleted,700.0
37,882,52935,0,0,0.0,0.0,0.0,700.0,0.8203926376716214,1.0,budget_depleted,700.0
37,882,52950,0,0,0.0,0.0,0.0,700.0,0.8203926376716214,1.0,budget_depleted,700.0
37,882,52965,0,0,0.0,0.0,0.0,700.0,0.8203926376716214,1.0,budget_depleted,700.0
37,883,52980,0,0,0.0,0.0,0.0,700.0,0.6276003678187904,1.0,budget_depleted,700.0
37,883,52995,0,0,0.0,0.0,0.0,700.0,0.6276003678187904,1.0,budget_depleted,700.0
37,883,53010,0,0,0.0,0.0,0.0,700.0,0.6276003678187904,1.0,budget_depleted,700.0
37,883,53025,0,0,0.0,0.0,0.0,700.0,0.6276003678187904,1.0,budget_depleted,700.0
37,884,53040,0,0,0.0,0.0,0.0,700.0,0.5,1.0,budget_depleted,700.0
37,884,53055,0,0,0.0,0.0,0.0,700.0,0.5,1.0,budget_depleted,700.0
37,884,53070,0,0,0.0,0.0,0.0,700.0,0.5,1.0,budget_depleted,700.0
37,884,53085,0,0,0.0,0.0,0.0,700.0,0.5,1.0,budget_depleted,700.0
37,885,53100,0,0,0.0,0.0,0.0,700.0,0.5,1.0,budget_depleted,700.0
37,885,53115,0,0,0.0,0.0,0.0,700.0,0.5,1.0,budget_depleted,700.0
37,885,53130,0,0,0.0,0.0,0.0,700.0,0.5,1.0,budget_depleted,700.0
37,885,53145,0,0,0.0,0.0,0.0,700.0,0.5,1.0,budget_depleted,700.0
37,886,53160,0,0,0.0,0.0,0.0,700.0,0.5,1.0,budget_depleted,700.0
37,886,53175,0,0,0.0,0.0,0.0,700.0,0.5,1.0,budget_depleted,700.0
37,886,53190,0,0,0.0,0.0,0.0,700.0,0.5,1.0,budget_depleted,700.0
37,886,53205,0,0,0.0,0.0,0.0,700.0,0.5,1.0,budget_depleted,700.0
37,887,53220,0,0,0.0,0.0,0.0,700.0,0.5,1.0,budget_depleted,700.0
37,887,53235,0,0,0.0,0.0,0.0,700.0,0.5,1.0,budget_depleted,700.0
37,887,53250,0,0,0.0,0.0,0.0,700.0,0.5,1.0,budget_depleted,700.0
37,887,53265,0,0,0.0,0.0,0.0,700.0,0.5,1.0,budget_depleted,700.0
