current_day,current_hour,current_minute,clicks,leads,spend,cpa,realized_cpc,daily_budget,max_bid,volatility,budget_status,current_day_spend
8,168,10080,0,0,0.0,0.0,0.5,1000.0,0.5,1.0,normal,0.0
8,168,10095,1,0,0.5,0.5,0.5,1000.0,0.5,1.0,normal,0.5
8,168,10110,0,0,0.0,0.0,0.5,1000.0,0.5,1.0,normal,0.5
8,168,10125,3,0,1.5,1.5,0.5,1000.0,0.5,1.0,normal,2.0
8,169,10140,1,0,0.5,0.5,0.5,1000.0,0.5,1.0,normal,2.5
8,169,10155,1,0,0.5,0.5,0.5,1000.0,0.5,1.0,normal,3.0
8,169,10170,0,0,0.0,0.0,0.5,1000.0,0.5,1.0,normal,3.0
8,169,10185,0,0,0.0,0.0,0.5,1000.0,0.5,1.0,normal,3.0
8,170,10200,0,0,0.0,0.0,0.5,1000.0,0.5,1.0,normal,3.0
8,170,10215,4,0,2.0,2.0,0.5,1000.0,0.5,1.0,normal,5.0
8,170,10230,1,0,0.2608,0.2608,0.2608,1000.0,0.5,1.0,normal,5.2608
8,170,10245,2,0,1.0,1.0,0.5,1000.0,0.5,1.0,normal,6.2608
8,171,10260,2,0,1.1,1.1,0.55,1000.0,0.55,1.0,normal,7.3608
8,171,10275,1,0,0.55,0.55,0.55,1000.0,0.55,1.0,normal,7.9108
8,171,10290,1,0,0.55,0.55,0.55,1000.0,0.55,1.0,normal,8.4608
8,171,10305,1,0,0.55,0.55,0.55,1000.0,0.55,1.0,normal,9.0108
8,172,10320,0,0,0.0,0.0,0.4166,1000.0,0.6050000000000001,1.0,normal,9.0108
8,172,10335,2,0,1.21,1.21,0.605,1000.0,0.6050000000000001,1.0,normal,10.2208
8,172,10350,2,0,1.21,1.21,0.605,1000.0,0.6050000000000001,1.0,normal,11.4308
8,172,10365,1,0,0.605,0.605,0.605,1000.0,0.6050000000000001,1.0,normal,12.0358
8,173,10380,2,0,1.331,1.331,0.6655,1000.0,0.6655000000000002,1.0,normal,13.3668
8,173,10395,0,0,0.0,0.0,0.6655,1000.0,0.6655000000000002,1.0,normal,13.3668
8,173,10410,2,0,0.1436,0.1436,0.0718,1000.0,0.6655000000000002,1.0,normal,13.5104
8,173,10425,1,0,0.6655,0.6655,0.6655,1000.0,0.6655000000000002,1.0,normal,14.1759
8,174,10440,1,0,0.7321,0.7321,0.7321,1000.0,0.7320500000000003,1.0,normal,14.908
8,174,10455,1,0,0.7321,0.7321,0.7321,1000.0,0.7320500000000003,1.0,normal,15.6401
8,174,10470,1,0,0.6986,0.6986,0.6986,1000.0,0.7320500000000003,1.0,normal,16.3387
8,174,10485,2,0,1.4641,1.4641,0.7321,1000.0,0.7320500000000003,1.0,normal,17.8028
8,175,10500,4,0,3.221,3.221,0.8053,1000.0,0.8052550000000004,1.0,normal,21.0238
8,175,10515,1,0,0.8053,0.8053,0.8053,1000.0,0.8052550000000004,1.0,normal,21.8291
8,175,10530,2,0,1.6105,1.6105,0.8053,1000.0,0.8052550000000004,1.0,normal,23.4396
8,175,10545,2,0,1.6105,1.6105,0.8053,1000.0,0.8052550000000004,1.0,normal,25.0501
8,176,10560,1,0,0.8858,0.8858,0.8858,1000.0,0.8857805000000005,1.0,normal,25.9359
8,176,10575,4,0,3.5431,3.5431,0.8858,1000.0,0.8857805000000005,1.0,normal,29.479
8,176,10590,5,0,4.4289,4.4289,0.8858,1000.0,0.8857805000000005,1.0,normal,33.9079
8,176,10605,3,1,2.6573,2.6573,0.8858,1000.0,0.8857805000000005,1.0,normal,36.5652
8,177,10620,3,0,3.2154,3.2154,1.0718,1000.0,1.0717944050000008,1.0,normal,39.7806
8,177,10635,4,0,4.0599,4.0599,1.015,1000.0,1.0717944050000008,1.0,normal,43.8405
8,177,10650,5,0,5.359,5.359,1.0718,1000.0,1.0717944050000008,1.0,normal,49.1995
8,177,10665,2,0,2.1436,2.1436,1.0718,1000.0,1.0717944050000008,1.0,normal,51.3431
8,178,10680,1,0,0.3964,0.3964,0.3964,1000.0,1.2968712300500012,1.0,normal,51.7395
8,178,10695,2,0,1.5351,1.5351,0.7675,1000.0,1.2968712300500012,1.0,normal,53.2746
8,178,10710,1,0,0.6378,0.6378,0.6378,1000.0,1.2968712300500012,1.0,normal,53.9124
8,178,10725,5,0,0.6603,0.6603,0.1321,1000.0,1.2968712300500012,1.0,normal,54.5727
8,179,10740,2,0,3.1384,3.1384,1.5692,1000.0,1.5692141883605017,1.0,normal,57.7111
8,179,10755,3,0,4.7076,4.7076,1.5692,1000.0,1.5692141883605017,1.0,normal,62.4187
8,179,10770,3,0,4.7076,4.7076,1.5692,1000.0,1.5692141883605017,1.0,normal,67.1263
8,179,10785,5,0,7.8461,7.8461,1.5692,1000.0,1.5692141883605017,1.0,normal,74.9724
8,180,10800,12,0,37.7813,37.7813,3.1484,1000.0,5.0,1.0,normal,112.7537
8,180,10815,6,0,5.2834,5.2834,0.8806,1000.0,5.0,1.0,normal,118.0371
8,180,10830,12,2,59.364,29.682,4.947,1000.0,5.0,1.0,normal,177.4011
8,180,10845,10,0,7.2327,7.2327,0.7233,1000.0,5.0,1.0,normal,184.6338
8,181,10860,12,0,72.6,72.6,6.05,1000.0,6.050000000000001,1.0,normal,257.2338
8,181,10875,21,1,55.2251,55.2251,2.6298,1000.0,6.050000000000001,1.0,normal,312.4589
8,181,10890,13,0,6.9055,6.9055,0.5312,1000.0,6.050000000000001,1.0,normal,319.3644
8,181,10905,24,0,56.4354,56.4354,2.3515,1000.0,6.050000000000001,1.0,normal,375.7998
8,182,10920,16,0,60.9022,60.9022,3.8064,1000.0,5.656750000000001,1.0,normal,436.702
8,182,10935,14,0,67.5592,67.5592,4.8257,1000.0,5.656750000000001,1.0,normal,504.2612
8,182,10950,12,0,12.95,12.95,1.0792,1000.0,5.656750000000001,1.0,normal,517.2112
8,182,10965,15,1,84.8513,84.8513,5.6568,1000.0,5.656750000000001,1.0,normal,602.0625
8,183,10980,14,0,36.9041,36.9041,2.636,1000.0,4.666818750000001,1.0,normal,638.9666
8,183,10995,12,0,43.2726,43.2726,3.606,1000.0,4.666818750000001,1.0,normal,682.2392
8,183,11010,8,0,28.4022,28.4022,3.5503,1000.0,4.666818750000001,1.0,normal,710.6414
8,183,11025,14,0,28.7248,28.7248,2.0518,1000.0,4.666818750000001,1.0,normal,739.3662
8,184,11040,6,0,10.7204,10.7204,1.7867,1000.0,3.8501254687500013,1.0,normal,750.0866
8,184,11055,8,0,30.801,30.801,3.8501,1000.0,3.8501254687500013,1.0,normal,780.8876
8,184,11070,5,0,9.0859,9.0859,1.8172,1000.0,3.8501254687500013,1.0,normal,789.9735
8,184,11085,10,1,31.4997,31.4997,3.15,1000.0,3.8501254687500013,1.0,normal,821.4732
8,185,11100,8,0,18.9197,18.9197,2.365,1000.0,3.1763535117187516,1.0,normal,840.3929
8,185,11115,6,0,17.9327,17.9327,2.9888,1000.0,3.1763535117187516,1.0,normal,858.3256
8,185,11130,9,0,28.5872,28.5872,3.1764,1000.0,3.1763535117187516,1.0,normal,886.9128
8,185,11145,8,0,23.4726,23.4726,2.9341,1000.0,3.1763535117187516,1.0,budget_constrained,910.3854
8,186,11160,9,0,17.1477,17.1477,1.9053,1000.0,2.3822651337890637,1.0,budget_constrained,927.5331
8,186,11175,11,0,22.0332,22.0332,2.003,1000.0,2.3822651337890637,1.0,budget_constrained,949.5663
8,186,11190,5,0,3.7447,3.7447,0.7489,1000.0,2.3822651337890637,1.0,budget_constrained,953.311
8,186,11205,7,1,16.6759,16.6759,2.3823,1000.0,2.3822651337890637,1.0,budget_constrained,969.9869
8,187,11220,7,1,12.5069,12.5069,1.7867,1000.0,1.7866988503417978,1.0,budget_constrained,982.4938
8,187,11235,3,0,5.3601,5.3601,1.7867,1000.0,1.7866988503417978,1.0,budget_constrained,987.8539
8,187,11250,5,0,8.9335,8.9335,1.7867,1000.0,1.7866988503417978,1.0,budget_constrained,996.7874
8,187,11265,4,0,2.0055,2.0055,0.5014,1000.0,1.7866988503417978,1.0,budget_constrained,998.7929
8,188,11280,0,0,1.2071,1.2071,1.2408,1000.0,1.3400241377563482,1.0,budget_constrained,1000.0
8,188,11295,0,0,0.0,0.0,1.34,1000.0,1.3400241377563482,1.0,budget_constrained,1000.0
8,188,11310,0,0,0.0,0.0,0.5052,1000.0,1.3400241377563482,1.0,budget_constrained,1000.0
8,188,11325,0,0,0.0,0.0,1.2471,1000.0,1.3400241377563482,1.0,budget_constrained,1000.0
8,189,11340,0,0,0.0,0.0,1.005,1000.0,1.0050181033172612,1.0,budget_constrained,1000.0
8,189,11355,0,0,0.0,0.0,1.005,1000.0,1.0050181033172612,1.0,budget_constrained,1000.0
8,189,11370,0,0,0.0,0.0,1.005,1000.0,1.0050181033172612,1.0,budget_constrained,1000.0
8,189,11385,0,0,0.0,0.0,0.2709,1000.0,1.0050181033172612,1.0,budget_constrained,1000.0
8,190,11400,0,0,0.0,0.0,0.7538,1000.0,0.7537635774879459,1.0,budget_constrained,1000.0
8,190,11415,0,0,0.0,0.0,0.7538,1000.0,0.7537635774879459,1.0,budget_constrained,1000.0
8,190,11430,0,0,0.0,0.0,0.7538,1000.0,0.7537635774879459,1.0,budget_constrained,1000.0
8,190,11445,0,0,0.0,0.0,0.7538,1000.0,0.7537635774879459,1.0,budget_constrained,1000.0
8,191,11460,0,0,0.0,0.0,0.5653,1000.0,0.5653226831159595,1.0,budget_constrained,1000.0
8,191,11475,0,0,0.0,0.0,0.5653,1000.0,0.5653226831159595,1.0,budget_constrained,1000.0
8,191,11490,0,0,0.0,0.0,0.5653,1000.0,0.5653226831159595,1.0,budget_constrained,1000.0
8,191,11505,0,0,0.0,0.0,0.5653,1000.0,0.5653226831159595,1.0,budget_constrained,1000.0
9,192,11520,0,0,0.0,0.0,0.5,1000.0,0.5,1.0,normal,0.0
9,192,11535,0,0,0.0,0.0,0.5,1000.0,0.5,1.0,normal,0.0
9,192,11550,0,0,0.0,0.0,0.5,1000.0,0.5,1.0,normal,0.0
9,192,11565,2,0,1.0,1.0,0.5,1000.0,0.5,1.0,normal,1.0
9,193,11580,0,0,0.0,0.0,0.5,1000.0,0.5,1.0,normal,1.0
9,193,11595,2,0,1.0,1.0,0.5,1000.0,0.5,1.0,normal,2.0
9,193,11610,2,0,1.0,1.0,0.5,1000.0,0.5,1.0,normal,3.0
9,193,11625,3,0,1.5,1.5,0.5,1000.0,0.5,1.0,normal,4.5
9,194,11640,1,0,0.5,0.5,0.5,1000.0,0.5,1.0,normal,5.0
9,194,11655,2,0,1.0,1.0,0.5,1000.0,0.5,1.0,normal,6.0
9,194,11670,1,0,0.5,0.5,0.5,1000.0,0.5,1.0,normal,6.5
9,194,11685,1,0,0.5,0.5,0.5,1000.0,0.5,1.0,normal,7.0
9,195,11700,2,0,1.0,1.0,0.5,1000.0,0.5,1.0,normal,8.0
9,195,11715,0,0,0.0,0.0,0.0716,1000.0,0.5,1.0,normal,8.0
9,195,11730,0,0,0.0,0.0,0.5,1000.0,0.5,1.0,normal,8.0
9,195,11745,2,0,1.0,1.0,0.5,1000.0,0.5,1.0,normal,9.0
9,196,11760,0,0,0.0,0.0,0.5,1000.0,0.5,1.0,normal,9.0
9,196,11775,1,0,0.5,0.5,0.5,1000.0,0.5,1.0,normal,9.5
9,196,11790,0,0,0.0,0.0,0.5,1000.0,0.5,1.0,normal,9.5
9,196,11805,1,0,0.5,0.5,0.5,1000.0,0.5,1.0,normal,10.0
9,197,11820,1,0,0.5,0.5,0.5,1000.0,0.5,1.0,normal,10.5
9,197,11835,2,0,0.2892,0.2892,0.1446,1000.0,0.5,1.0,normal,10.7892
9,197,11850,0,0,0.0,0.0,0.5,1000.0,0.5,1.0,normal,10.7892
9,197,11865,0,0,0.0,0.0,0.5,1000.0,0.5,1.0,normal,10.7892
9,198,11880,2,0,1.0,1.0,0.5,1000.0,0.5,1.0,normal,11.7892
9,198,11895,1,0,0.5,0.5,0.5,1000.0,0.5,1.0,normal,12.2892
9,198,11910,1,0,0.3378,0.3378,0.3378,1000.0,0.5,1.0,normal,12.627
9,198,11925,0,0,0.0,0.0,0.3678,1000.0,0.5,1.0,normal,12.627
9,199,11940,0,0,0.0,0.0,0.5,1000.0,0.5,1.0,normal,12.627
9,199,11955,1,0,0.5,0.5,0.5,1000.0,0.5,1.0,normal,13.127
9,199,11970,3,0,1.5,1.5,0.5,1000.0,0.5,1.0,normal,14.627
9,199,11985,1,0,0.5,0.5,0.5,1000.0,0.5,1.0,normal,15.127
9,200,12000,0,0,0.0,0.0,0.5,1000.0,0.5,1.0,normal,15.127
9,200,12015,0,0,0.0,0.0,0.5,1000.0,0.5,1.0,normal,15.127
9,200,12030,0,0,0.0,0.0,0.3886,1000.0,0.5,1.0,normal,15.127
9,200,12045,2,0,1.0,1.0,0.5,1000.0,0.5,1.0,normal,16.127
9,201,12060,1,0,0.5,0.5,0.5,1000.0,0.5,1.0,normal,16.627
9,201,12075,0,0,0.0,0.0,0.5,1000.0,0.5,1.0,normal,16.627
9,201,12090,0,0,0.0,0.0,0.5,1000.0,0.5,1.0,normal,16.627
9,201,12105,0,0,0.0,0.0,0.5,1000.0,0.5,1.0,normal,16.627
9,202,12120,0,0,0.0,0.0,0.5,1000.0,0.5,1.0,normal,16.627
9,202,12135,2,0,1.0,1.0,0.5,1000.0,0.5,1.0,normal,17.627
9,202,12150,1,0,0.5,0.5,0.5,1000.0,0.5,1.0,normal,18.127
9,202,12165,5,0,2.5,2.5,0.5,1000.0,0.5,1.0,normal,20.627
9,203,12180,4,0,2.0,2.0,0.5,1000.0,0.5,1.0,normal,22.627
9,203,12195,2,0,1.0,1.0,0.5,1000.0,0.5,1.0,normal,23.627
9,203,12210,0,0,0.0,0.0,0.2465,1000.0,0.5,1.0,normal,23.627
9,203,12225,0,0,0.0,0.0,0.5,1000.0,0.5,1.0,normal,23.627
9,204,12240,1,0,0.5,0.5,0.5,1000.0,0.5,1.0,normal,24.127
9,204,12255,0,0,0.0,0.0,0.5,1000.0,0.5,1.0,normal,24.127
9,204,12270,2,0,1.0,1.0,0.5,1000.0,0.5,1.0,normal,25.127
9,204,12285,0,0,0.0,0.0,0.5,1000.0,0.5,1.0,normal,25.127
9,205,12300,0,0,0.0,0.0,0.5,1000.0,0.5,1.0,normal,25.127
9,205,12315,0,0,0.0,0.0,0.5,1000.0,0.5,1.0,normal,25.127
9,205,12330,0,0,0.0,0.0,0.5,1000.0,0.5,1.0,normal,25.127
9,205,12345,0,0,0.0,0.0,0.5,1000.0,0.5,1.0,normal,25.127
9,206,12360,0,0,0.0,0.0,0.5,1000.0,0.5,1.0,normal,25.127
9,206,12375,0,0,0.0,0.0,0.5,1000.0,0.5,1.0,normal,25.127
9,206,12390,2,0,1.0,1.0,0.5,1000.0,0.5,1.0,normal,26.127
9,206,12405,0,0,0.0,0.0,0.5,1000.0,0.5,1.0,normal,26.127
9,207,12420,2,0,1.0,1.0,0.5,1000.0,0.5,1.0,normal,27.127
9,207,12435,0,0,0.0,0.0,0.5,1000.0,0.5,1.0,normal,27.127
9,207,12450,1,0,0.5,0.5,0.5,1000.0,0.5,1.0,normal,27.627
9,207,12465,2,0,1.0,1.0,0.5,1000.0,0.5,1.0,normal,28.627
9,208,12480,3,0,1.5,1.5,0.5,1000.0,0.5,1.0,normal,30.127
9,208,12495,0,0,0.0,0.0,0.5,1000.0,0.5,1.0,normal,30.127
9,208,12510,3,0,1.5,1.5,0.5,1000.0,0.5,1.0,normal,31.627
9,208,12525,0,0,0.0,0.0,0.5,1000.0,0.5,1.0,normal,31.627
9,209,12540,0,0,0.0,0.0,0.0136,1000.0,0.5,1.0,normal,31.627
9,209,12555,0,0,0.0,0.0,0.1734,1000.0,0.5,1.0,normal,31.627
9,209,12570,2,0,1.0,1.0,0.5,1000.0,0.5,1.0,normal,32.627
9,209,12585,0,0,0.0,0.0,0.3206,1000.0,0.5,1.0,normal,32.627
9,210,12600,1,0,0.605,0.605,0.605,1000.0,0.6050000000000001,1.0,normal,33.232
9,210,12615,2,0,1.0724,1.0724,0.5362,1000.0,0.6050000000000001,1.0,normal,34.3044
9,210,12630,5,0,3.025,3.025,0.605,1000.0,0.6050000000000001,1.0,normal,37.3294
9,210,12645,2,0,1.21,1.21,0.605,1000.0,0.6050000000000001,1.0,normal,38.5394
9,211,12660,0,0,0.0,0.0,0.6655,1000.0,0.6655000000000002,1.0,normal,38.5394
9,211,12675,4,0,2.662,2.662,0.6655,1000.0,0.6655000000000002,1.0,normal,41.2014
9,211,12690,0,0,0.0,0.0,0.6655,1000.0,0.6655000000000002,1.0,normal,41.2014
9,211,12705,2,0,1.331,1.331,0.6655,1000.0,0.6655000000000002,1.0,normal,42.5324
9,212,12720,1,0,0.7321,0.7321,0.7321,1000.0,0.7320500000000003,1.0,normal,43.2645
9,212,12735,2,0,0.3994,0.3994,0.1997,1000.0,0.7320500000000003,1.0,normal,43.6639
9,212,12750,1,0,0.7321,0.7321,0.7321,1000.0,0.7320500000000003,1.0,normal,44.396
9,212,12765,1,0,0.7321,0.7321,0.7321,1000.0,0.7320500000000003,1.0,normal,45.1281
9,213,12780,3,0,1.5325,1.5325,0.5108,1000.0,0.8052550000000004,1.0,normal,46.6606
9,213,12795,1,0,0.8053,0.8053,0.8053,1000.0,0.8052550000000004,1.0,normal,47.4659
9,213,12810,1,0,0.8053,0.8053,0.8053,1000.0,0.8052550000000004,1.0,normal,48.2712
9,213,12825,3,0,2.4158,2.4158,0.8053,1000.0,0.8052550000000004,1.0,normal,50.687
9,214,12840,1,0,0.8858,0.8858,0.8858,1000.0,0.8857805000000005,1.0,normal,51.5728
9,214,12855,1,0,0.8858,0.8858,0.8858,1000.0,0.8857805000000005,1.0,normal,52.4586
9,214,12870,3,0,2.6573,2.6573,0.8858,1000.0,0.8857805000000005,1.0,normal,55.1159
9,214,12885,3,1,2.6573,2.6573,0.8858,1000.0,0.8857805000000005,1.0,normal,57.7732
9,215,12900,3,0,0.422,0.422,0.1407,1000.0,1.0717944050000008,1.0,normal,58.1952
9,215,12915,5,0,5.359,5.359,1.0718,1000.0,1.0717944050000008,1.0,normal,63.5542
9,215,12930,7,0,7.5026,7.5026,1.0718,1000.0,1.0717944050000008,1.0,normal,71.0568
9,215,12945,1,0,0.3236,0.3236,0.3236,1000.0,1.0717944050000008,1.0,normal,71.3804
10,216,12960,10,0,3.6856,3.6856,0.3686,1000.0,5.0,1.0,normal,3.6856
10,216,12975,22,3,7.3061,2.4354,0.3321,1000.0,5.0,1.0,normal,10.9917
10,216,12990,17,0,57.2287,57.2287,3.3664,1000.0,5.0,1.0,normal,68.2204
10,216,13005,17,1,69.7739,69.7739,4.1043,1000.0,5.0,1.0,normal,137.9943
10,217,13020,19,0,7.0765,7.0765,0.3724,1000.0,6.050000000000001,1.0,normal,145.0708
10,217,13035,23,0,128.3909,128.3909,5.5822,1000.0,6.050000000000001,1.0,normal,273.4617
10,217,13050,17,1,0.4793,0.4793,0.0282,1000.0,6.050000000000001,1.0,normal,273.941
10,217,13065,14,0,15.7752,15.7752,1.1268,1000.0,6.050000000000001,1.0,normal,289.7162
10,218,13080,17,0,26.5054,26.5054,1.5591,1000.0,7.320500000000002,1.0,normal,316.2216
10,218,13095,12,1,1.5801,1.5801,0.1317,1000.0,7.320500000000002,1.0,normal,317.8017
10,218,13110,23,0,6.6952,6.6952,0.2911,1000.0,7.320500000000002,1.0,normal,324.4969
10,218,13125,26,0,16.9343,16.9343,0.6513,1000.0,7.320500000000002,1.0,normal,341.4312
10,219,13140,24,0,30.861,30.861,1.2859,1000.0,8.857805000000003,1.0,normal,372.2922
10,219,13155,15,0,100.2767,100.2767,6.6851,1000.0,8.857805000000003,1.0,normal,472.5689
10,219,13170,21,0,140.5629,140.5629,6.6935,1000.0,8.857805000000003,1.0,normal,613.1318
10,219,13185,18,0,94.8346,94.8346,5.2686,1000.0,8.857805000000003,1.0,normal,707.9664
10,220,13200,19,1,122.2868,122.2868,6.4361,1000.0,7.307689125000003,1.0,normal,830.2532
10,220,13215,20,0,35.2999,35.2999,1.765,1000.0,7.307689125000003,1.0,normal,865.5531
10,220,13230,15,0,26.0858,26.0858,1.7391,1000.0,7.307689125000003,1.0,normal,891.6389
10,220,13245,10,2,67.5717,33.7858,6.7572,1000.0,7.307689125000003,1.0,budget_constrained,959.2106
10,221,13260,11,0,40.7894,40.7894,3.5283,1000.0,6.211535756250003,1.0,budget_depleted,1000.0
10,221,13275,0,0,0.0,0.0,0.0,1000.0,6.211535756250003,1.0,budget_depleted,1000.0
10,221,13290,0,0,0.0,0.0,0.0,1000.0,6.211535756250003,1.0,budget_depleted,1000.0
10,221,13305,0,0,0.0,0.0,0.0,1000.0,6.211535756250003,1.0,budget_depleted,1000.0
10,222,13320,0,0,0.0,0.0,0.0,1000.0,4.658651817187502,1.0,budget_depleted,1000.0
10,222,13335,0,0,0.0,0.0,0.0,1000.0,4.658651817187502,1.0,budget_depleted,1000.0
10,222,13350,0,0,0.0,0.0,0.0,1000.0,4.658651817187502,1.0,budget_depleted,1000.0
10,222,13365,0,0,0.0,0.0,0.0,1000.0,4.658651817187502,1.0,budget_depleted,1000.0
10,223,13380,0,0,0.0,0.0,0.0,1000.0,3.493988862890627,1.0,budget_depleted,1000.0
10,223,13395,0,0,0.0,0.0,0.0,1000.0,3.493988862890627,1.0,budget_depleted,1000.0
10,223,13410,0,0,0.0,0.0,0.0,1000.0,3.493988862890627,1.0,budget_depleted,1000.0
10,223,13425,0,0,0.0,0.0,0.0,1000.0,3.493988862890627,1.0,budget_depleted,1000.0
10,224,13440,0,0,0.0,0.0,0.0,1000.0,2.6204916471679702,1.0,budget_depleted,1000.0
10,224,13455,0,0,0.0,0.0,0.0,1000.0,2.6204916471679702,1.0,budget_depleted,1000.0
10,224,13470,0,0,0.0,0.0,0.0,1000.0,2.6204916471679702,1.0,budget_depleted,1000.0
10,224,13485,0,0,0.0,0.0,0.0,1000.0,2.6204916471679702,1.0,budget_depleted,1000.0
10,225,13500,0,0,0.0,0.0,0.0,1000.0,1.9653687353759777,1.0,budget_depleted,1000.0
10,225,13515,0,0,0.0,0.0,0.0,1000.0,1.9653687353759777,1.0,budget_depleted,1000.0
10,225,13530,0,0,0.0,0.0,0.0,1000.0,1.9653687353759777,1.0,budget_depleted,1000.0
10,225,13545,0,0,0.0,0.0,0.0,1000.0,1.9653687353759777,1.0,budget_depleted,1000.0
10,226,13560,0,0,0.0,0.0,0.0,1000.0,1.4740265515319833,1.0,budget_depleted,1000.0
10,226,13575,0,0,0.0,0.0,0.0,1000.0,1.4740265515319833,1.0,budget_depleted,1000.0
10,226,13590,0,0,0.0,0.0,0.0,1000.0,1.4740265515319833,1.0,budget_depleted,1000.0
10,226,13605,0,0,0.0,0.0,0.0,1000.0,1.4740265515319833,1.0,budget_depleted,1000.0
10,227,13620,0,0,0.0,0.0,0.0,1000.0,1.1055199136489875,1.0,budget_depleted,1000.0
10,227,13635,0,0,0.0,0.0,0.0,1000.0,1.1055199136489875,1.0,budget_depleted,1000.0
10,227,13650,0,0,0.0,0.0,0.0,1000.0,1.1055199136489875,1.0,budget_depleted,1000.0
10,227,13665,0,0,0.0,0.0,0.0,1000.0,1.1055199136489875,1.0,budget_depleted,1000.0
10,228,13680,0,0,0.0,0.0,0.0,1000.0,0.8291399352367406,1.0,budget_depleted,1000.0
10,228,13695,0,0,0.0,0.0,0.0,1000.0,0.8291399352367406,1.0,budget_depleted,1000.0
10,228,13710,0,0,0.0,0.0,0.0,1000.0,0.8291399352367406,1.0,budget_depleted,1000.0
10,228,13725,0,0,0.0,0.0,0.0,1000.0,0.8291399352367406,1.0,budget_depleted,1000.0
10,229,13740,0,0,0.0,0.0,0.0,1000.0,0.6218549514275554,1.0,budget_depleted,1000.0
10,229,13755,0,0,0.0,0.0,0.0,1000.0,0.6218549514275554,1.0,budget_depleted,1000.0
10,229,13770,0,0,0.0,0.0,0.0,1000.0,0.6218549514275554,1.0,budget_depleted,1000.0
10,229,13785,0,0,0.0,0.0,0.0,1000.0,0.6218549514275554,1.0,budget_depleted,1000.0
10,230,13800,0,0,0.0,0.0,0.0,1000.0,0.5,1.0,budget_depleted,1000.0
10,230,13815,0,0,0.0,0.0,0.0,1000.0,0.5,1.0,budget_depleted,1000.0
10,230,13830,0,0,0.0,0.0,0.0,1000.0,0.5,1.0,budget_depleted,1000.0
10,230,13845,0,0,0.0,0.0,0.0,1000.0,0.5,1.0,budget_depleted,1000.0
10,231,13860,0,0,0.0,0.0,0.0,1000.0,0.5,1.0,budget_depleted,1000.0
10,231,13875,0,0,0.0,0.0,0.0,1000.0,0.5,1.0,budget_depleted,1000.0
10,231,13890,0,0,0.0,0.0,0.0,1000.0,0.5,1.0,budget_depleted,1000.0
10,231,13905,0,0,0.0,0.0,0.0,1000.0,0.5,1.0,budget_depleted,1000.0
10,232,13920,0,0,0.0,0.0,0.0,1000.0,0.5,1.0,budget_depleted,1000.0
10,232,13935,0,0,0.0,0.0,0.0,1000.0,0.5,1.0,budget_depleted,1000.0
10,232,13950,0,0,0.0,0.0,0.0,1000.0,0.5,1.0,budget_depleted,1000.0
10,232,13965,0,0,0.0,0.0,0.0,1000.0,0.5,1.0,budget_depleted,1000.0
10,233,13980,0,0,0.0,0.0,0.0,1000.0,0.5,1.0,budget_depleted,1000.0
10,233,13995,0,0,0.0,0.0,0.0,1000.0,0.5,1.0,budget_depleted,1000.0
10,233,14010,0,0,0.0,0.0,0.0,1000.0,0.5,1.0,budget_depleted,1000.0
10,233,14025,0,0,0.0,0.0,0.0,1000.0,0.5,1.0,budget_depleted,1000.0
10,234,14040,0,0,0.0,0.0,0.0,1000.0,0.5,1.0,budget_depleted,1000.0
10,234,14055,0,0,0.0,0.0,0.0,1000.0,0.5,1.0,budget_depleted,1000.0
10,234,14070,0,0,0.0,0.0,0.0,1000.0,0.5,1.0,budget_depleted,1000.0
10,234,14085,0,0,0.0,0.0,0.0,1000.0,0.5,1.0,budget_depleted,1000.0
10,235,14100,0,0,0.0,0.0,0.0,1000.0,0.5,1.0,budget_depleted,1000.0
10,235,14115,0,0,0.0,0.0,0.0,1000.0,0.5,1.0,budget_depleted,1000.0
10,235,14130,0,0,0.0,0.0,0.0,1000.0,0.5,1.0,budget_depleted,1000.0
10,235,14145,0,0,0.0,0.0,0.0,1000.0,0.5,1.0,budget_depleted,1000.0
10,236,14160,0,0,0.0,0.0,0.0,1000.0,0.5,1.0,budget_depleted,1000.0
10,236,14175,0,0,0.0,0.0,0.0,1000.0,0.5,1.0,budget_depleted,1000.0
10,236,14190,0,0,0.0,0.0,0.0,1000.0,0.5,1.0,budget_depleted,1000.0
10,236,14205,0,0,0.0,0.0,0.0,1000.0,0.5,1.0,budget_depleted,1000.0
10,237,14220,0,0,0.0,0.0,0.0,1000.0,0.5,1.0,budget_depleted,1000.0
10,237,14235,0,0,0.0,0.0,0.0,1000.0,0.5,1.0,budget_depleted,1000.0
10,237,14250,0,0,0.0,0.0,0.0,1000.0,0.5,1.0,budget_depleted,1000.0
10,237,14265,0,0,0.0,0.0,0.0,1000.0,0.5,1.0,budget_depleted,1000.0
10,238,14280,0,0,0.0,0.0,0.0,1000.0,0.5,1.0,budget_depleted,1000.0
10,238,14295,0,0,0.0,0.0,0.0,1000.0,0.5,1.0,budget_depleted,1000.0
10,238,14310,0,0,0.0,0.0,0.0,1000.0,0.5,1.0,budget_depleted,1000.0
10,238,14325,0,0,0.0,0.0,0.0,1000.0,0.5,1.0,budget_depleted,1000.0
10,239,14340,0,0,0.0,0.0,0.0,1000.0,0.5,1.0,budget_depleted,1000.0
10,239,14355,0,0,0.0,0.0,0.0,1000.0,0.5,1.0,budget_depleted,1000.0
10,239,14370,0,0,0.0,0.0,0.0,1000.0,0.5,1.0,budget_depleted,1000.0
10,239,14385,0,0,0.0,0.0,0.0,1000.0,0.5,1.0,budget_depleted,1000.0
11,240,14400,0,0,0.0,0.0,0.0,1000.0,0.5,1.0,normal,0.0
11,240,14415,1,0,0.5,0.5,0.5,1000.0,0.5,1.0,normal,0.5
11,240,14430,0,0,0.0,0.0,0.5,1000.0,0.5,1.0,normal,0.5
11,240,14445,2,0,0.8744,0.8744,0.4372,1000.0,0.5,1.0,normal,1.3744
11,241,14460,7,0,3.5,3.5,0.5,1000.0,0.5,1.0,normal,4.8744
11,241,14475,1,0,0.5,0.5,0.5,1000.0,0.5,1.0,normal,5.3744
11,241,14490,1,0,0.5,0.5,0.5,1000.0,0.5,1.0,normal,5.8744
11,241,14505,1,0,0.5,0.5,0.5,1000.0,0.5,1.0,normal,6.3744
11,242,14520,2,0,0.0981,0.0981,0.049,1000.0,0.5,1.0,normal,6.4725
11,242,14535,0,0,0.0,0.0,0.5,1000.0,0.5,1.0,normal,6.4725
11,242,14550,1,0,0.5,0.5,0.5,1000.0,0.5,1.0,normal,6.9725
11,242,14565,1,0,0.5,0.5,0.5,1000.0,0.5,1.0,normal,7.4725
11,243,14580,1,0,0.5,0.5,0.5,1000.0,0.5,1.0,normal,7.9725
11,243,14595,2,0,0.5769,0.5769,0.2885,1000.0,0.5,1.0,normal,8.5494
11,243,14610,1,0,0.2254,0.2254,0.2254,1000.0,0.5,1.0,normal,8.7748
11,243,14625,2,0,0.3604,0.3604,0.1802,1000.0,0.5,1.0,normal,9.1352
11,244,14640,0,0,0.0,0.0,0.4518,1000.0,0.5,1.0,normal,9.1352
11,244,14655,1,0,0.0864,0.0864,0.0864,1000.0,0.5,1.0,normal,9.2216
11,244,14670,0,0,0.0,0.0,0.5,1000.0,0.5,1.0,normal,9.2216
11,244,14685,2,0,0.3956,0.3956,0.1978,1000.0,0.5,1.0,normal,9.6172
11,245,14700,2,0,1.1,1.1,0.55,1000.0,0.55,1.0,normal,10.7172
11,245,14715,0,0,0.0,0.0,0.55,1000.0,0.55,1.0,normal,10.7172
11,245,14730,2,0,0.5826,0.5826,0.2913,1000.0,0.55,1.0,normal,11.2998
11,245,14745,0,0,0.0,0.0,0.55,1000.0,0.55,1.0,normal,11.2998
11,246,14760,1,0,0.605,0.605,0.605,1000.0,0.6050000000000001,1.0,normal,11.9048
11,246,14775,3,0,1.815,1.815,0.605,1000.0,0.6050000000000001,1.0,normal,13.7198
11,246,14790,0,0,0.0,0.0,0.5527,1000.0,0.6050000000000001,1.0,normal,13.7198
11,246,14805,1,0,0.605,0.605,0.605,1000.0,0.6050000000000001,1.0,normal,14.3248
11,247,14820,3,0,1.9965,1.9965,0.6655,1000.0,0.6655000000000002,1.0,normal,16.3213
11,247,14835,4,0,2.662,2.662,0.6655,1000.0,0.6655000000000002,1.0,normal,18.9833
11,247,14850,1,0,0.6655,0.6655,0.6655,1000.0,0.6655000000000002,1.0,normal,19.6488
11,247,14865,2,0,1.331,1.331,0.6655,1000.0,0.6655000000000002,1.0,normal,20.9798
11,248,14880,1,0,0.7321,0.7321,0.7321,1000.0,0.7320500000000003,1.0,normal,21.7119
11,248,14895,2,0,1.4641,1.4641,0.7321,1000.0,0.7320500000000003,1.0,normal,23.176
11,248,14910,0,0,0.0,0.0,0.7321,1000.0,0.7320500000000003,1.0,normal,23.176
11,248,14925,1,0,0.7211,0.7211,0.7211,1000.0,0.7320500000000003,1.0,normal,23.8971
11,249,14940,0,0,0.0,0.0,0.2835,1000.0,0.8052550000000004,1.0,normal,23.8971
11,249,14955,3,0,2.4158,2.4158,0.8053,1000.0,0.8052550000000004,1.0,normal,26.3129
11,249,14970,0,0,0.0,0.0,0.8053,1000.0,0.8052550000000004,1.0,normal,26.3129
11,249,14985,0,0,0.0,0.0,0.8053,1000.0,0.8052550000000004,1.0,normal,26.3129
11,250,15000,2,0,1.7716,1.7716,0.8858,1000.0,0.8857805000000005,1.0,normal,28.0845
11,250,15015,0,0,0.0,0.0,0.8858,1000.0,0.8857805000000005,1.0,normal,28.0845
11,250,15030,3,0,2.3508,2.3508,0.7836,1000.0,0.8857805000000005,1.0,normal,30.4353
11,250,15045,3,0,2.6573,2.6573,0.8858,1000.0,0.8857805000000005,1.0,normal,33.0926
11,251,15060,3,0,2.9231,2.9231,0.9744,1000.0,0.9743585500000007,1.0,normal,36.0157
11,251,15075,2,0,1.9487,1.9487,0.9744,1000.0,0.9743585500000007,1.0,normal,37.9644
11,251,15090,3,0,2.0218,2.0218,0.6739,1000.0,0.9743585500000007,1.0,normal,39.9862
11,251,15105,4,0,3.8974,3.8974,0.9744,1000.0,0.9743585500000007,1.0,normal,43.8836
11,252,15120,15,0,75.0,75.0,5.0,1000.0,5.0,1.0,normal,118.8836
11,252,15135,8,0,22.9993,22.9993,2.8749,1000.0,5.0,1.0,normal,141.8829
11,252,15150,15,2,38.2327,19.1164,2.5488,1000.0,5.0,1.0,normal,180.1156
11,252,15165,11,0,33.2431,33.2431,3.0221,1000.0,5.0,1.0,normal,213.3587
11,253,15180,12,0,7.147,7.147,0.5956,1000.0,4.125,1.0,normal,220.5057
11,253,15195,9,0,37.125,37.125,4.125,1000.0,4.125,1.0,normal,257.6307
11,253,15210,7,1,15.8974,15.8974,2.2711,1000.0,4.125,1.0,normal,273.5281
11,253,15225,14,1,15.0169,15.0169,1.0726,1000.0,4.125,1.0,normal,288.545
11,254,15240,10,1,44.2544,44.2544,4.4254,1000.0,4.5375000000000005,1.0,normal,332.7994
11,254,15255,7,1,14.8508,14.8508,2.1215,1000.0,4.5375000000000005,1.0,normal,347.6502
11,254,15270,14,0,10.2478,10.2478,0.732,1000.0,4.5375000000000005,1.0,normal,357.898
11,254,15285,9,0,6.9665,6.9665,0.7741,1000.0,4.5375000000000005,1.0,normal,364.8645
11,255,15300,12,0,38.8546,38.8546,3.2379,1000.0,5.490375000000001,1.0,normal,403.7191
11,255,15315,18,1,72.9415,72.9415,4.0523,1000.0,5.490375000000001,1.0,normal,476.6606
11,255,15330,25,1,137.2594,137.2594,5.4904,1000.0,5.490375000000001,1.0,normal,613.92
11,255,15345,8,1,43.923,43.923,5.4904,1000.0,5.490375000000001,1.0,normal,657.843
11,256,15360,17,0,102.67,102.67,6.0394,1000.0,6.039412500000002,1.0,normal,760.513
11,256,15375,19,0,78.3576,78.3576,4.1241,1000.0,6.039412500000002,1.0,normal,838.8706
11,256,15390,22,2,10.578,5.289,0.4808,1000.0,6.039412500000002,1.0,normal,849.4486
11,256,15405,23,1,9.3833,9.3833,0.408,1000.0,6.039412500000002,1.0,normal,858.8319
11,257,15420,18,0,65.0016,65.0016,3.6112,1000.0,6.039412500000002,1.0,budget_constrained,923.8335
11,257,15435,13,0,39.3461,39.3461,3.0266,1000.0,6.039412500000002,1.0,budget_constrained,963.1796
11,257,15450,6,0,36.8204,36.8204,6.0394,1000.0,6.039412500000002,1.0,budget_constrained,1000.0
11,257,15465,0,0,0.0,0.0,5.0463,1000.0,6.039412500000002,1.0,budget_constrained,1000.0
11,258,15480,0,0,0.0,0.0,5.199,1000.0,5.737441875000002,1.0,budget_constrained,1000.0
11,258,15495,0,0,0.0,0.0,4.9533,1000.0,5.737441875000002,1.0,budget_constrained,1000.0
11,258,15510,0,0,0.0,0.0,0.1789,1000.0,5.737441875000002,1.0,budget_constrained,1000.0
11,258,15525,0,0,0.0,0.0,3.1862,1000.0,5.737441875000002,1.0,budget_constrained,1000.0
11,259,15540,0,0,0.0,0.0,1.7421,1000.0,5.450569781250001,1.0,budget_constrained,1000.0
11,259,15555,0,0,0.0,0.0,1.4102,1000.0,5.450569781250001,1.0,budget_constrained,1000.0
11,259,15570,0,0,0.0,0.0,5.4506,1000.0,5.450569781250001,1.0,budget_constrained,1000.0
11,259,15585,0,0,0.0,0.0,0.0137,1000.0,5.450569781250001,1.0,budget_constrained,1000.0
11,260,15600,0,0,0.0,0.0,1.0938,1000.0,5.178041292187501,1.0,budget_constrained,1000.0
11,260,15615,0,0,0.0,0.0,3.3479,1000.0,5.178041292187501,1.0,budget_constrained,1000.0
11,260,15630,0,0,0.0,0.0,5.178,1000.0,5.178041292187501,1.0,budget_constrained,1000.0
11,260,15645,0,0,0.0,0.0,1.9719,1000.0,5.178041292187501,1.0,budget_constrained,1000.0
11,261,15660,0,0,0.0,0.0,2.7382,1000.0,4.919139227578126,1.0,budget_constrained,1000.0
11,261,15675,0,0,0.0,0.0,4.9191,1000.0,4.919139227578126,1.0,budget_constrained,1000.0
11,261,15690,0,0,0.0,0.0,4.9191,1000.0,4.919139227578126,1.0,budget_constrained,1000.0
11,261,15705,0,0,0.0,0.0,1.6035,1000.0,4.919139227578126,1.0,budget_constrained,1000.0
11,262,15720,0,0,0.0,0.0,3.8911,1000.0,4.673182266199219,1.0,budget_constrained,1000.0
11,262,15735,0,0,0.0,0.0,4.0516,1000.0,4.673182266199219,1.0,budget_constrained,1000.0
11,262,15750,0,0,0.0,0.0,1.0776,1000.0,4.673182266199219,1.0,budget_constrained,1000.0
11,262,15765,0,0,0.0,0.0,4.6732,1000.0,4.673182266199219,1.0,budget_constrained,1000.0
11,263,15780,0,0,0.0,0.0,1.4502,1000.0,4.439523152889258,1.0,budget_constrained,1000.0
11,263,15795,0,0,0.0,0.0,4.4395,1000.0,4.439523152889258,1.0,budget_constrained,1000.0
11,263,15810,0,0,0.0,0.0,2.8866,1000.0,4.439523152889258,1.0,budget_constrained,1000.0
11,263,15825,0,0,0.0,0.0,0.9296,1000.0,4.439523152889258,1.0,budget_constrained,1000.0
12,264,15840,0,0,0.0,0.0,1.7509,1000.0,4.217546995244795,1.0,normal,0.0
12,264,15855,12,1,48.3842,48.3842,4.032,1000.0,4.217546995244795,1.0,normal,48.3842
12,264,15870,11,1,28.4778,28.4778,2.5889,1000.0,4.217546995244795,1.0,normal,76.862
12,264,15885,10,0,10.2985,10.2985,1.0299,1000.0,4.217546995244795,1.0,normal,87.1605
12,265,15900,8,0,24.8266,24.8266,3.1033,1000.0,4.217546995244795,1.0,normal,111.9871
12,265,15915,13,1,34.9333,34.9333,2.6872,1000.0,4.217546995244795,1.0,normal,146.9204
12,265,15930,10,0,31.6432,31.6432,3.1643,1000.0,4.217546995244795,1.0,normal,178.5636
12,265,15945,11,0,8.7702,8.7702,0.7973,1000.0,4.217546995244795,1.0,normal,187.3338
12,266,15960,11,0,41.7537,41.7537,3.7958,1000.0,3.7957922957203154,1.0,normal,229.0875
12,266,15975,8,0,28.377,28.377,3.5471,1000.0,3.7957922957203154,1.0,normal,257.4645
12,266,15990,15,2,46.4869,23.2434,3.0991,1000.0,3.7957922957203154,1.0,normal,303.9514
12,266,16005,10,0,2.9812,2.9812,0.2981,1000.0,3.7957922957203154,1.0,normal,306.9326
12,267,16020,11,0,21.2093,21.2093,1.9281,1000.0,3.416213066148284,1.0,normal,328.1419
12,267,16035,6,0,6.9075,6.9075,1.1512,1000.0,3.416213066148284,1.0,normal,335.0494
12,267,16050,8,0,27.3297,27.3297,3.4162,1000.0,3.416213066148284,1.0,normal,362.3791
12,267,16065,13,1,44.4108,44.4108,3.4162,1000.0,3.416213066148284,1.0,normal,406.7899
12,268,16080,11,1,12.2792,12.2792,1.1163,1000.0,3.074591759533456,1.0,normal,419.0691
12,268,16095,7,0,12.989,12.989,1.8556,1000.0,3.074591759533456,1.0,normal,432.0581
12,268,16110,10,0,28.7665,28.7665,2.8767,1000.0,3.074591759533456,1.0,normal,460.8246
12,268,16125,4,0,9.2627,9.2627,2.3157,1000.0,3.074591759533456,1.0,normal,470.0873
12,269,16140,6,0,11.3242,11.3242,1.8874,1000.0,2.7671325835801106,1.0,normal,481.4115
12,269,16155,9,0,24.9042,24.9042,2.7671,1000.0,2.7671325835801106,1.0,normal,506.3157
12,269,16170,9,0,24.9042,24.9042,2.7671,1000.0,2.7671325835801106,1.0,normal,531.2199
12,269,16185,11,0,28.9505,28.9505,2.6319,1000.0,2.7671325835801106,1.0,normal,560.1704
12,270,16200,8,0,18.9272,18.9272,2.3659,1000.0,2.3658983589609948,1.0,normal,579.0976
12,270,16215,6,0,14.1954,14.1954,2.3659,1000.0,2.3658983589609948,1.0,normal,593.293
12,270,16230,5,0,3.0795,3.0795,0.6159,1000.0,2.3658983589609948,1.0,normal,596.3725
12,270,16245,2,0,1.7443,1.7443,0.8721,1000.0,2.3658983589609948,1.0,normal,598.1168
12,271,16260,4,0,8.0914,8.0914,2.0228,1000.0,2.0228430969116507,1.0,normal,606.2082
12,271,16275,9,0,1.2818,1.2818,0.1424,1000.0,2.0228430969116507,1.0,normal,607.49
12,271,16290,7,0,14.1599,14.1599,2.0228,1000.0,2.0228430969116507,1.0,normal,621.6499
12,271,16305,6,1,12.1371,12.1371,2.0228,1000.0,2.0228430969116507,1.0,normal,633.787
12,272,16320,0,0,0.0,0.0,1.503,1000.0,1.7295308478594613,1.0,normal,633.787
12,272,16335,0,0,0.0,0.0,0.9755,1000.0,1.7295308478594613,1.0,normal,633.787
12,272,16350,5,0,2.7462,2.7462,0.5492,1000.0,1.7295308478594613,1.0,normal,636.5332
12,272,16365,7,0,0.6265,0.6265,0.0895,1000.0,1.7295308478594613,1.0,normal,637.1597
12,273,16380,6,0,8.8725,8.8725,1.4787,1000.0,1.4787488749198394,1.0,normal,646.0322
12,273,16395,6,0,6.6794,6.6794,1.1132,1000.0,1.4787488749198394,1.0,normal,652.7116
12,273,16410,3,0,4.4362,4.4362,1.4787,1000.0,1.4787488749198394,1.0,normal,657.1478
12,273,16425,0,0,0.0,0.0,0.8178,1000.0,1.4787488749198394,1.0,normal,657.1478
12,274,16440,2,0,0.9612,0.9612,0.4806,1000.0,1.2643302880564626,1.0,normal,658.109
12,274,16455,3,0,3.793,3.793,1.2643,1000.0,1.2643302880564626,1.0,normal,661.902
12,274,16470,5,0,4.1734,4.1734,0.8347,1000.0,1.2643302880564626,1.0,normal,666.0754
12,274,16485,4,0,5.0573,5.0573,1.2643,1000.0,1.2643302880564626,1.0,normal,671.1327
12,275,16500,3,0,3.243,3.243,1.081,1000.0,1.0810023962882755,1.0,normal,674.3757
12,275,16515,3,0,1.5188,1.5188,0.5063,1000.0,1.0810023962882755,1.0,normal,675.8945
12,275,16530,2,0,2.162,2.162,1.081,1000.0,1.0810023962882755,1.0,normal,678.0565
12,275,16545,2,0,2.0096,2.0096,1.0048,1000.0,1.0810023962882755,1.0,normal,680.0661
12,276,16560,1,0,0.9243,0.9243,0.9243,1000.0,0.9242570488264755,1.0,normal,680.9904
12,276,16575,6,1,5.383,5.383,0.8972,1000.0,0.9242570488264755,1.0,normal,686.3734
12,276,16590,1,1,0.9243,0.9243,0.9243,1000.0,0.9242570488264755,1.0,normal,687.2977
12,276,16605,2,0,1.8485,1.8485,0.9243,1000.0,0.9242570488264755,1.0,normal,689.1462
12,277,16620,4,0,3.3273,3.3273,0.8318,1000.0,0.831831343943828,1.0,normal,692.4735
12,277,16635,4,0,3.3273,3.3273,0.8318,1000.0,0.831831343943828,1.0,normal,695.8008
12,277,16650,4,1,3.3273,3.3273,0.8318,1000.0,0.831831343943828,1.0,normal,699.1281
12,277,16665,1,0,0.8318,0.8318,0.8318,1000.0,0.831831343943828,1.0,normal,699.9599
12,278,16680,3,0,2.2459,2.2459,0.7486,1000.0,0.7486482095494452,1.0,normal,702.2058
12,278,16695,2,0,1.4973,1.4973,0.7486,1000.0,0.7486482095494452,1.0,normal,703.7031
12,278,16710,1,0,0.6517,0.6517,0.6517,1000.0,0.7486482095494452,1.0,normal,704.3548
12,278,16725,1,0,0.7486,0.7486,0.7486,1000.0,0.7486482095494452,1.0,normal,705.1034
12,279,16740,2,0,1.3476,1.3476,0.6738,1000.0,0.6737833885945007,1.0,normal,706.451
12,279,16755,2,0,1.3476,1.3476,0.6738,1000.0,0.6737833885945007,1.0,normal,707.7986
12,279,16770,1,0,0.6738,0.6738,0.6738,1000.0,0.6737833885945007,1.0,normal,708.4724
12,279,16785,3,0,2.0214,2.0214,0.6738,1000.0,0.6737833885945007,1.0,normal,710.4938
12,280,16800,1,0,0.6738,0.6738,0.6738,1000.0,0.6737833885945007,1.0,normal,711.1676
12,280,16815,0,0,0.0,0.0,0.6738,1000.0,0.6737833885945007,1.0,normal,711.1676
12,280,16830,3,0,2.0214,2.0214,0.6738,1000.0,0.6737833885945007,1.0,normal,713.189
12,280,16845,3,0,2.0214,2.0214,0.6738,1000.0,0.6737833885945007,1.0,normal,715.2104
12,281,16860,1,0,0.4303,0.4303,0.4303,1000.0,0.6737833885945007,1.0,normal,715.6407
12,281,16875,0,0,0.0,0.0,0.0081,1000.0,0.6737833885945007,1.0,normal,715.6407
12,281,16890,1,0,0.6738,0.6738,0.6738,1000.0,0.6737833885945007,1.0,normal,716.3145
12,281,16905,5,0,3.0675,3.0675,0.6135,1000.0,0.6737833885945007,1.0,normal,719.382
12,282,16920,2,0,0.989,0.989,0.4945,1000.0,0.7411617274539508,1.0,normal,720.371
12,282,16935,1,0,0.1374,0.1374,0.1374,1000.0,0.7411617274539508,1.0,normal,720.5084
12,282,16950,0,0,0.0,0.0,0.7315,1000.0,0.7411617274539508,1.0,normal,720.5084
12,282,16965,5,0,3.7058,3.7058,0.7412,1000.0,0.7411617274539508,1.0,normal,724.2142
12,283,16980,3,0,0.6233,0.6233,0.2078,1000.0,0.815277900199346,1.0,normal,724.8375
12,283,16995,3,0,1.6034,1.6034,0.5345,1000.0,0.815277900199346,1.0,normal,726.4409
12,283,17010,1,0,0.1641,0.1641,0.1641,1000.0,0.815277900199346,1.0,normal,726.605
12,283,17025,3,0,2.4458,2.4458,0.8153,1000.0,0.815277900199346,1.0,normal,729.0508
12,284,17040,3,0,2.6904,2.6904,0.8968,1000.0,0.8968056902192807,1.0,normal,731.7412
12,284,17055,3,0,2.6904,2.6904,0.8968,1000.0,0.8968056902192807,1.0,normal,734.4316
12,284,17070,2,0,1.7936,1.7936,0.8968,1000.0,0.8968056902192807,1.0,normal,736.2252
12,284,17085,2,0,1.3319,1.3319,0.666,1000.0,0.8968056902192807,1.0,normal,737.5571
12,285,17100,3,0,2.9595,2.9595,0.9865,1000.0,0.9864862592412088,1.0,normal,740.5166
12,285,17115,3,0,2.9595,2.9595,0.9865,1000.0,0.9864862592412088,1.0,normal,743.4761
12,285,17130,3,0,1.4443,1.4443,0.4814,1000.0,0.9864862592412088,1.0,normal,744.9204
12,285,17145,3,0,2.7118,2.7118,0.9039,1000.0,0.9864862592412088,1.0,normal,747.6322
12,286,17160,4,0,4.3405,4.3405,1.0851,1000.0,1.0851348851653297,1.0,normal,751.9727
12,286,17175,2,0,1.8212,1.8212,0.9106,1000.0,1.0851348851653297,1.0,normal,753.7939
12,286,17190,2,0,2.1703,2.1703,1.0851,1000.0,1.0851348851653297,1.0,normal,755.9642
12,286,17205,1,0,1.0851,1.0851,1.0851,1000.0,1.0851348851653297,1.0,normal,757.0493
12,287,17220,3,0,3.5809,3.5809,1.1936,1000.0,1.1936483736818628,1.0,normal,760.6302
12,287,17235,1,0,1.1936,1.1936,1.1936,1000.0,1.1936483736818628,1.0,normal,761.8238
12,287,17250,6,0,3.8716,3.8716,0.6453,1000.0,1.1936483736818628,1.0,normal,765.6954
12,287,17265,8,1,2.225,2.225,0.2781,1000.0,1.1936483736818628,1.0,normal,767.9204
13,288,17280,3,0,3.0233,3.0233,1.0078,1000.0,1.4443145321550543,0.0,normal,3.0233
13,288,17295,4,0,1.9487,1.9487,0.4872,1000.0,1.4443145321550543,0.0,normal,4.972
13,288,17310,4,0,5.7773,5.7773,1.4443,1000.0,1.4443145321550543,0.0,normal,10.7493
13,288,17325,3,0,3.4216,3.4216,1.1405,1000.0,1.4443145321550543,0.0,normal,14.1709
13,289,17340,4,0,3.6699,3.6699,0.9175,1000.0,1.5887459853705599,0.0,normal,17.8408
13,289,17355,6,0,9.5325,9.5325,1.5887,1000.0,1.5887459853705599,0.0,normal,27.3733
13,289,17370,2,0,2.8716,2.8716,1.4358,1000.0,1.5887459853705599,0.0,normal,30.2449
13,289,17385,2,0,1.1587,1.1587,0.5794,1000.0,1.5887459853705599,0.0,normal,31.4036
13,290,17400,6,0,9.1308,9.1308,1.5218,1000.0,1.747620583907616,0.0,normal,40.5344
13,290,17415,5,0,8.7381,8.7381,1.7476,1000.0,1.747620583907616,0.0,normal,49.2725
13,290,17430,8,0,13.981,13.981,1.7476,1000.0,1.747620583907616,0.0,normal,63.2535
13,290,17445,0,0,0.0,0.0,0.8058,1000.0,1.747620583907616,0.0,normal,63.2535
13,291,17460,8,0,10.2659,10.2659,1.2832,1000.0,1.9223826422983776,0.0,normal,73.5194
13,291,17475,3,0,5.7671,5.7671,1.9224,1000.0,1.9223826422983776,0.0,normal,79.2865
13,291,17490,3,0,5.7671,5.7671,1.9224,1000.0,1.9223826422983776,0.0,normal,85.0536
13,291,17505,0,0,0.0,0.0,0.6684,1000.0,1.9223826422983776,0.0,normal,85.0536
13,292,17520,3,0,2.4414,2.4414,0.8138,1000.0,2.1146209065282155,0.0,normal,87.495
13,292,17535,5,0,10.5731,10.5731,2.1146,1000.0,2.1146209065282155,0.0,normal,98.0681
13,292,17550,5,0,1.4433,1.4433,0.2887,1000.0,2.1146209065282155,0.0,normal,99.5114
13,292,17565,5,0,6.2763,6.2763,1.2553,1000.0,2.1146209065282155,0.0,normal,105.7877
13,293,17580,8,0,9.5055,9.5055,1.1882,1000.0,2.2097788473219855,0.0,normal,115.2932
13,293,17595,9,0,10.0916,10.0916,1.1213,1000.0,2.2097788473219855,0.0,normal,125.3848
13,293,17610,6,0,13.2587,13.2587,2.2098,1000.0,2.2097788473219855,0.0,normal,138.6435
13,293,17625,5,0,6.2156,6.2156,1.2431,1000.0,2.2097788473219855,0.0,normal,144.8591
13,294,17640,7,0,17.0153,17.0153,2.4308,1000.0,2.430756732054184,0.0,normal,161.8744
13,294,17655,5,0,2.399,2.399,0.4798,1000.0,2.430756732054184,0.0,normal,164.2734
13,294,17670,5,0,8.4147,8.4147,1.6829,1000.0,2.430756732054184,0.0,normal,172.6881
13,294,17685,5,0,2.6511,2.6511,0.5302,1000.0,2.430756732054184,0.0,normal,175.3392
13,295,17700,7,0,2.8172,2.8172,0.4025,1000.0,2.6738324052596028,0.0,normal,178.1564
13,295,17715,3,0,0.5514,0.5514,0.1838,1000.0,2.6738324052596028,0.0,normal,178.7078
13,295,17730,7,0,18.7168,18.7168,2.6738,1000.0,2.6738324052596028,0.0,normal,197.4246
13,295,17745,6,0,0.159,0.159,0.0265,1000.0,2.6738324052596028,0.0,normal,197.5836
13,296,17760,7,0,19.5591,19.5591,2.7942,1000.0,2.794154863496285,0.0,normal,217.1427
13,296,17775,7,0,19.5591,19.5591,2.7942,1000.0,2.794154863496285,0.0,normal,236.7018
13,296,17790,5,0,8.712,8.712,1.7424,1000.0,2.794154863496285,0.0,normal,245.4138
13,296,17805,4,0,0.9513,0.9513,0.2378,1000.0,2.794154863496285,0.0,normal,246.3651
13,297,17820,5,0,12.4438,12.4438,2.4888,1000.0,2.6125347973690265,0.0,normal,258.8089
13,297,17835,6,0,15.6752,15.6752,2.6125,1000.0,2.6125347973690265,0.0,normal,274.4841
13,297,17850,3,0,3.7857,3.7857,1.2619,1000.0,2.6125347973690265,0.0,normal,278.2698
13,297,17865,13,0,2.4034,2.4034,0.1849,1000.0,2.6125347973690265,0.0,normal,280.6732
13,298,17880,8,0,19.5418,19.5418,2.4427,1000.0,2.4427200355400402,0.0,normal,300.215
13,298,17895,5,0,11.1874,11.1874,2.2375,1000.0,2.4427200355400402,0.0,normal,311.4024
13,298,17910,3,0,4.9508,4.9508,1.6503,1000.0,2.4427200355400402,0.0,normal,316.3532
13,298,17925,3,0,7.3282,7.3282,2.4427,1000.0,2.4427200355400402,0.0,normal,323.6814
13,299,17940,7,0,14.1067,14.1067,2.0152,1000.0,2.0152440293205336,0.0,normal,337.7881
13,299,17955,8,0,12.3605,12.3605,1.5451,1000.0,2.0152440293205336,0.0,normal,350.1486
13,299,17970,3,0,6.0457,6.0457,2.0152,1000.0,2.0152440293205336,0.0,normal,356.1943
13,299,17985,4,0,8.061,8.061,2.0152,1000.0,2.0152440293205336,0.0,normal,364.2553
13,300,18000,0,0,0.0,0.0,0.01,1000.0,0.01,0.0,normal,364.2553
13,300,18015,0,0,0.0,0.0,0.01,1000.0,0.01,0.0,normal,364.2553
13,300,18030,0,0,0.0,0.0,0.01,1000.0,0.01,0.0,normal,364.2553
13,300,18045,0,0,0.0,0.0,0.01,1000.0,0.01,0.0,normal,364.2553
13,301,18060,2,0,1.0,1.0,0.5,1000.0,0.5,0.0,normal,365.2553
13,301,18075,0,0,0.0,0.0,0.5,1000.0,0.5,0.0,normal,365.2553
13,301,18090,0,0,0.0,0.0,0.2314,1000.0,0.5,0.0,normal,365.2553
13,301,18105,3,0,1.5,1.5,0.5,1000.0,0.5,0.0,normal,366.7553
13,302,18120,1,0,0.5,0.5,0.5,1000.0,0.5,0.0,normal,367.2553
13,302,18135,0,0,0.0,0.0,0.5,1000.0,0.5,0.0,normal,367.2553
13,302,18150,2,0,1.0,1.0,0.5,1000.0,0.5,0.0,normal,368.2553
13,302,18165,1,0,0.5,0.5,0.5,1000.0,0.5,0.0,normal,368.7553
13,303,18180,0,0,0.0,0.0,0.5,1000.0,0.5,0.0,normal,368.7553
13,303,18195,2,0,0.6957,0.6957,0.3478,1000.0,0.5,0.0,normal,369.451
13,303,18210,2,0,1.0,1.0,0.5,1000.0,0.5,0.0,normal,370.451
13,303,18225,3,0,1.5,1.5,0.5,1000.0,0.5,0.0,normal,371.951
13,304,18240,2,0,1.0,1.0,0.5,1000.0,0.5,0.0,normal,372.951
13,304,18255,0,0,0.0,0.0,0.5,1000.0,0.5,0.0,normal,372.951
13,304,18270,1,0,0.5,0.5,0.5,1000.0,0.5,0.0,normal,373.451
13,304,18285,1,0,0.5,0.5,0.5,1000.0,0.5,0.0,normal,373.951
13,305,18300,1,0,0.3834,0.3834,0.3834,1000.0,0.5,0.0,normal,374.3344
13,305,18315,0,0,0.0,0.0,0.5,1000.0,0.5,0.0,normal,374.3344
13,305,18330,2,0,0.395,0.395,0.1975,1000.0,0.5,0.0,normal,374.7294
13,305,18345,2,0,1.0,1.0,0.5,1000.0,0.5,0.0,normal,375.7294
13,306,18360,2,0,1.0,1.0,0.5,1000.0,0.5,0.0,normal,376.7294
13,306,18375,3,0,1.5,1.5,0.5,1000.0,0.5,0.0,normal,378.2294
13,306,18390,1,0,0.4298,0.4298,0.4298,1000.0,0.5,0.0,normal,378.6592
13,306,18405,0,0,0.0,0.0,0.1071,1000.0,0.5,0.0,normal,378.6592
13,307,18420,0,0,0.0,0.0,0.3846,1000.0,0.5,0.0,normal,378.6592
13,307,18435,0,0,0.0,0.0,0.5,1000.0,0.5,0.0,normal,378.6592
13,307,18450,3,0,0.3851,0.3851,0.1284,1000.0,0.5,0.0,normal,379.0443
13,307,18465,2,0,1.0,1.0,0.5,1000.0,0.5,0.0,normal,380.0443
13,308,18480,2,0,1.0,1.0,0.5,1000.0,0.5,0.0,normal,381.0443
13,308,18495,2,0,1.0,1.0,0.5,1000.0,0.5,0.0,normal,382.0443
13,308,18510,0,0,0.0,0.0,0.5,1000.0,0.5,0.0,normal,382.0443
13,308,18525,1,0,0.5,0.5,0.5,1000.0,0.5,0.0,normal,382.5443
13,309,18540,1,0,0.2211,0.2211,0.2211,1000.0,0.5,0.0,normal,382.7654
13,309,18555,2,0,0.1497,0.1497,0.0749,1000.0,0.5,0.0,normal,382.9151
13,309,18570,2,0,1.0,1.0,0.5,1000.0,0.5,0.0,normal,383.9151
13,309,18585,4,0,1.8497,1.8497,0.4624,1000.0,0.5,0.0,normal,385.7648
13,310,18600,0,0,0.0,0.0,0.055,1000.0,0.5,0.0,normal,385.7648
13,310,18615,1,0,0.5,0.5,0.5,1000.0,0.5,0.0,normal,386.2648
13,310,18630,1,0,0.5,0.5,0.5,1000.0,0.5,0.0,normal,386.7648
13,310,18645,1,0,0.5,0.5,0.5,1000.0,0.5,0.0,normal,387.2648
13,311,18660,3,0,1.5,1.5,0.5,1000.0,0.5,0.0,normal,388.7648
13,311,18675,3,0,1.5,1.5,0.5,1000.0,0.5,0.0,normal,390.2648
13,311,18690,2,0,1.0,1.0,0.5,1000.0,0.5,0.0,normal,391.2648
13,311,18705,0,0,0.0,0.0,0.5,1000.0,0.5,0.0,normal,391.2648
14,312,18720,0,0,0.0,0.0,0.01,1000.0,0.01,0.0,normal,0.0
14,312,18735,0,0,0.0,0.0,0.01,1000.0,0.01,0.0,normal,0.0
14,312,18750,0,0,0.0,0.0,0.01,1000.0,0.01,0.0,normal,0.0
14,312,18765,0,0,0.0,0.0,0.01,1000.0,0.01,0.0,normal,0.0
14,313,18780,2,0,1.0,1.0,0.5,1000.0,0.5,0.0,normal,1.0
14,313,18795,0,0,0.0,0.0,0.5,1000.0,0.5,0.0,normal,1.0
14,313,18810,0,0,0.0,0.0,0.5,1000.0,0.5,0.0,normal,1.0
14,313,18825,0,0,0.0,0.0,0.5,1000.0,0.5,0.0,normal,1.0
14,314,18840,1,0,0.5,0.5,0.5,1000.0,0.5,0.0,normal,1.5
14,314,18855,1,0,0.3572,0.3572,0.3572,1000.0,0.5,0.0,normal,1.8572
14,314,18870,1,0,0.5,0.5,0.5,1000.0,0.5,0.0,normal,2.3572
14,314,18885,1,0,0.2122,0.2122,0.2122,1000.0,0.5,0.0,normal,2.5694
14,315,18900,3,0,1.5,1.5,0.5,1000.0,0.5,0.0,normal,4.0694
14,315,18915,3,0,1.5,1.5,0.5,1000.0,0.5,0.0,normal,5.5694
14,315,18930,1,0,0.5,0.5,0.5,1000.0,0.5,0.0,normal,6.0694
14,315,18945,2,0,1.0,1.0,0.5,1000.0,0.5,0.0,normal,7.0694
14,316,18960,0,0,0.0,0.0,0.5,1000.0,0.5,0.0,normal,7.0694
14,316,18975,1,0,0.5,0.5,0.5,1000.0,0.5,0.0,normal,7.5694
14,316,18990,2,0,1.0,1.0,0.5,1000.0,0.5,0.0,normal,8.5694
14,316,19005,1,0,0.5,0.5,0.5,1000.0,0.5,0.0,normal,9.0694
14,317,19020,0,0,0.0,0.0,0.5,1000.0,0.5,0.0,normal,9.0694
14,317,19035,1,0,0.5,0.5,0.5,1000.0,0.5,0.0,normal,9.5694
14,317,19050,1,0,0.249,0.249,0.249,1000.0,0.5,0.0,normal,9.8184
14,317,19065,2,0,1.0,1.0,0.5,1000.0,0.5,0.0,normal,10.8184
14,318,19080,0,0,0.0,0.0,0.1563,1000.0,0.5,0.0,normal,10.8184
14,318,19095,1,0,0.5,0.5,0.5,1000.0,0.5,0.0,normal,11.3184
14,318,19110,2,0,0.4808,0.4808,0.2404,1000.0,0.5,0.0,normal,11.7992
14,318,19125,4,0,2.0,2.0,0.5,1000.0,0.5,0.0,normal,13.7992
14,319,19140,4,0,2.0,2.0,0.5,1000.0,0.5,0.0,normal,15.7992
14,319,19155,1,0,0.5,0.5,0.5,1000.0,0.5,0.0,normal,16.2992
14,319,19170,0,0,0.0,0.0,0.5,1000.0,0.5,0.0,normal,16.2992
14,319,19185,2,0,1.0,1.0,0.5,1000.0,0.5,0.0,normal,17.2992
14,320,19200,1,0,0.5,0.5,0.5,1000.0,0.5,0.0,normal,17.7992
14,320,19215,2,0,0.3397,0.3397,0.1698,1000.0,0.5,0.0,normal,18.1389
14,320,19230,0,0,0.0,0.0,0.5,1000.0,0.5,0.0,normal,18.1389
14,320,19245,4,0,2.0,2.0,0.5,1000.0,0.5,0.0,normal,20.1389
14,321,19260,2,0,1.0,1.0,0.5,1000.0,0.5,0.0,normal,21.1389
14,321,19275,0,0,0.0,0.0,0.3713,1000.0,0.5,0.0,normal,21.1389
14,321,19290,1,0,0.5,0.5,0.5,1000.0,0.5,0.0,normal,21.6389
14,321,19305,2,0,1.0,1.0,0.5,1000.0,0.5,0.0,normal,22.6389
14,322,19320,0,0,0.0,0.0,0.5,1000.0,0.5,0.0,normal,22.6389
14,322,19335,0,0,0.0,0.0,0.5,1000.0,0.5,0.0,normal,22.6389
14,322,19350,0,0,0.0,0.0,0.5,1000.0,0.5,0.0,normal,22.6389
14,322,19365,0,0,0.0,0.0,0.5,1000.0,0.5,0.0,normal,22.6389
14,323,19380,3,0,1.65,1.65,0.55,1000.0,0.55,0.0,normal,24.2889
14,323,19395,0,0,0.0,0.0,0.55,1000.0,0.55,0.0,normal,24.2889
14,323,19410,2,0,1.1,1.1,0.55,1000.0,0.55,0.0,normal,25.3889
14,323,19425,0,0,0.0,0.0,0.5197,1000.0,0.55,0.0,normal,25.3889
14,324,19440,0,0,0.0,0.0,0.01,1000.0,0.01,0.0,normal,25.3889
14,324,19455,0,0,0.0,0.0,0.01,1000.0,0.01,0.0,normal,25.3889
14,324,19470,0,0,0.0,0.0,0.01,1000.0,0.01,0.0,normal,25.3889
14,324,19485,0,0,0.0,0.0,0.01,1000.0,0.01,0.0,normal,25.3889
14,325,19500,2,0,1.0,1.0,0.5,1000.0,0.5,0.0,normal,26.3889
14,325,19515,1,0,0.5,0.5,0.5,1000.0,0.5,0.0,normal,26.8889
14,325,19530,0,0,0.0,0.0,0.5,1000.0,0.5,0.0,normal,26.8889
14,325,19545,2,0,1.0,1.0,0.5,1000.0,0.5,0.0,normal,27.8889
14,326,19560,1,0,0.55,0.55,0.55,1000.0,0.55,0.0,normal,28.4389
14,326,19575,0,0,0.0,0.0,0.55,1000.0,0.55,0.0,normal,28.4389
14,326,19590,1,0,0.55,0.55,0.55,1000.0,0.55,0.0,normal,28.9889
14,326,19605,1,0,0.55,0.55,0.55,1000.0,0.55,0.0,normal,29.5389
14,327,19620,2,0,1.21,1.21,0.605,1000.0,0.6050000000000001,0.0,normal,30.7489
14,327,19635,1,0,0.4544,0.4544,0.4544,1000.0,0.6050000000000001,0.0,normal,31.2033
14,327,19650,1,0,0.605,0.605,0.605,1000.0,0.6050000000000001,0.0,normal,31.8083
14,327,19665,1,0,0.605,0.605,0.605,1000.0,0.6050000000000001,0.0,normal,32.4133
14,328,19680,2,0,1.331,1.331,0.6655,1000.0,0.6655000000000002,0.0,normal,33.7443
14,328,19695,2,0,1.331,1.331,0.6655,1000.0,0.6655000000000002,0.0,normal,35.0753
14,328,19710,1,0,0.6655,0.6655,0.6655,1000.0,0.6655000000000002,0.0,normal,35.7408
14,328,19725,3,0,1.5261,1.5261,0.5087,1000.0,0.6655000000000002,0.0,normal,37.2669
14,329,19740,0,0,0.0,0.0,0.7321,1000.0,0.7320500000000003,0.0,normal,37.2669
14,329,19755,1,0,0.7321,0.7321,0.7321,1000.0,0.7320500000000003,0.0,normal,37.999
14,329,19770,3,0,2.1962,2.1962,0.7321,1000.0,0.7320500000000003,0.0,normal,40.1952
14,329,19785,0,0,0.0,0.0,0.7321,1000.0,0.7320500000000003,0.0,normal,40.1952
14,330,19800,2,0,1.6105,1.6105,0.8053,1000.0,0.8052550000000004,0.0,normal,41.8057
14,330,19815,0,0,0.0,0.0,0.8053,1000.0,0.8052550000000004,0.0,normal,41.8057
14,330,19830,0,0,0.0,0.0,0.8053,1000.0,0.8052550000000004,0.0,normal,41.8057
14,330,19845,3,0,0.0836,0.0836,0.0279,1000.0,0.8052550000000004,0.0,normal,41.8893
14,331,19860,1,0,0.8858,0.8858,0.8858,1000.0,0.8857805000000005,0.0,normal,42.7751
14,331,19875,1,0,0.5937,0.5937,0.5937,1000.0,0.8857805000000005,0.0,normal,43.3688
14,331,19890,2,0,1.7716,1.7716,0.8858,1000.0,0.8857805000000005,0.0,normal,45.1404
14,331,19905,3,0,2.6573,2.6573,0.8858,1000.0,0.8857805000000005,0.0,normal,47.7977
14,332,19920,0,0,0.0,0.0,0.9744,1000.0,0.9743585500000007,0.0,normal,47.7977
14,332,19935,5,0,4.8718,4.8718,0.9744,1000.0,0.9743585500000007,0.0,normal,52.6695
14,332,19950,4,0,3.8974,3.8974,0.9744,1000.0,0.9743585500000007,0.0,normal,56.5669
14,332,19965,5,0,4.8718,4.8718,0.9744,1000.0,0.9743585500000007,0.0,normal,61.4387
14,333,19980,2,0,2.1436,2.1436,1.0718,1000.0,1.0717944050000008,0.0,normal,63.5823
14,333,19995,5,0,5.359,5.359,1.0718,1000.0,1.0717944050000008,0.0,normal,68.9413
14,333,20010,5,0,1.9875,1.9875,0.3975,1000.0,1.0717944050000008,0.0,normal,70.9288
14,333,20025,4,0,4.2872,4.2872,1.0718,1000.0,1.0717944050000008,0.0,normal,75.216
14,334,20040,2,0,2.3579,2.3579,1.179,1000.0,1.178973845500001,0.0,normal,77.5739
14,334,20055,3,0,3.5369,3.5369,1.179,1000.0,1.178973845500001,0.0,normal,81.1108
14,334,20070,3,0,3.5369,3.5369,1.179,1000.0,1.178973845500001,0.0,normal,84.6477
14,334,20085,1,0,1.179,1.179,1.179,1000.0,1.178973845500001,0.0,normal,85.8267
14,335,20100,2,0,2.5937,2.5937,1.2969,1000.0,1.2968712300500012,0.0,normal,88.4204
14,335,20115,4,0,4.2411,4.2411,1.0603,1000.0,1.2968712300500012,0.0,normal,92.6615
14,335,20130,3,0,2.8241,2.8241,0.9414,1000.0,1.2968712300500012,0.0,normal,95.4856
14,335,20145,3,0,0.3898,0.3898,0.1299,1000.0,1.2968712300500012,0.0,normal,95.8754
15,336,20160,0,0,0.0,0.0,0.01,700.0,0.01,0.0,normal,0.0
15,336,20175,0,0,0.0,0.0,0.01,700.0,0.01,0.0,normal,0.0
15,336,20190,0,0,0.0,0.0,0.01,700.0,0.01,0.0,normal,0.0
15,336,20205,0,0,0.0,0.0,0.01,700.0,0.01,0.0,normal,0.0
15,337,20220,2,0,1.0,1.0,0.5,700.0,0.5,0.0,normal,1.0
15,337,20235,0,0,0.0,0.0,0.5,700.0,0.5,0.0,normal,1.0
15,337,20250,1,0,0.5,0.5,0.5,700.0,0.5,0.0,normal,1.5
15,337,20265,0,0,0.0,0.0,0.5,700.0,0.5,0.0,normal,1.5
15,338,20280,0,0,0.0,0.0,0.55,700.0,0.55,0.0,normal,1.5
15,338,20295,0,0,0.0,0.0,0.55,700.0,0.55,0.0,normal,1.5
15,338,20310,0,0,0.0,0.0,0.55,700.0,0.55,0.0,normal,1.5
15,338,20325,1,0,0.55,0.55,0.55,700.0,0.55,0.0,normal,2.05
15,339,20340,0,0,0.0,0.0,0.605,700.0,0.6050000000000001,0.0,normal,2.05
15,339,20355,0,0,0.0,0.0,0.605,700.0,0.6050000000000001,0.0,normal,2.05
15,339,20370,1,0,0.605,0.605,0.605,700.0,0.6050000000000001,0.0,normal,2.655
15,339,20385,1,0,0.605,0.605,0.605,700.0,0.6050000000000001,0.0,normal,3.26
15,340,20400,4,0,2.662,2.662,0.6655,700.0,0.6655000000000002,0.0,normal,5.922
15,340,20415,6,0,3.993,3.993,0.6655,700.0,0.6655000000000002,0.0,normal,9.915
15,340,20430,1,0,0.6655,0.6655,0.6655,700.0,0.6655000000000002,0.0,normal,10.5805
15,340,20445,2,0,1.0322,1.0322,0.5161,700.0,0.6655000000000002,0.0,normal,11.6127
15,341,20460,2,0,0.046,0.046,0.023,700.0,0.7320500000000003,0.0,normal,11.6587
15,341,20475,2,0,1.4641,1.4641,0.7321,700.0,0.7320500000000003,0.0,normal,13.1228
15,341,20490,0,0,0.0,0.0,0.7321,700.0,0.7320500000000003,0.0,normal,13.1228
15,341,20505,1,0,0.7321,0.7321,0.7321,700.0,0.7320500000000003,0.0,normal,13.8549
15,342,20520,1,0,0.1211,0.1211,0.1211,700.0,0.8052550000000004,0.0,normal,13.976
15,342,20535,4,0,2.1585,2.1585,0.5396,700.0,0.8052550000000004,0.0,normal,16.1345
15,342,20550,4,0,3.221,3.221,0.8053,700.0,0.8052550000000004,0.0,normal,19.3555
15,342,20565,2,0,0.5375,0.5375,0.2688,700.0,0.8052550000000004,0.0,normal,19.893
15,343,20580,2,0,0.6918,0.6918,0.3459,700.0,0.8857805000000005,0.0,normal,20.5848
15,343,20595,3,0,2.6573,2.6573,0.8858,700.0,0.8857805000000005,0.0,normal,23.2421
15,343,20610,5,0,4.4289,4.4289,0.8858,700.0,0.8857805000000005,0.0,normal,27.671
15,343,20625,2,0,0.2289,0.2289,0.1144,700.0,0.8857805000000005,0.0,normal,27.8999
15,344,20640,3,0,2.9231,2.9231,0.9744,700.0,0.9743585500000007,0.0,normal,30.823
15,344,20655,4,0,3.8974,3.8974,0.9744,700.0,0.9743585500000007,0.0,normal,34.7204
15,344,20670,2,0,1.1877,1.1877,0.5939,700.0,0.9743585500000007,0.0,normal,35.9081
15,344,20685,2,0,1.9487,1.9487,0.9744,700.0,0.9743585500000007,0.0,normal,37.8568
15,345,20700,4,0,4.2872,4.2872,1.0718,700.0,1.0717944050000008,0.0,normal,42.144
15,345,20715,1,0,1.0287,1.0287,1.0287,700.0,1.0717944050000008,0.0,normal,43.1727
15,345,20730,2,0,2.1436,2.1436,1.0718,700.0,1.0717944050000008,0.0,normal,45.3163
15,345,20745,4,0,4.2872,4.2872,1.0718,700.0,1.0717944050000008,0.0,normal,49.6035
15,346,20760,2,0,1.6506,1.6506,0.8253,700.0,0.8252816918500007,0.0,normal,51.2541
15,346,20775,0,0,0.0,0.0,0.8253,700.0,0.8252816918500007,0.0,normal,51.2541
15,346,20790,2,0,0.2584,0.2584,0.1292,700.0,0.8252816918500007,0.0,normal,51.5125
15,346,20805,3,0,2.4758,2.4758,0.8253,700.0,0.8252816918500007,0.0,normal,53.9883
15,347,20820,4,0,2.5419,2.5419,0.6355,700.0,0.6354669027245006,0.0,normal,56.5302
15,347,20835,2,0,0.69,0.69,0.345,700.0,0.6354669027245006,0.0,normal,57.2202
15,347,20850,4,0,2.5419,2.5419,0.6355,700.0,0.6354669027245006,0.0,normal,59.7621
15,347,20865,1,0,0.6355,0.6355,0.6355,700.0,0.6354669027245006,0.0,normal,60.3976
15,348,20880,0,0,0.0,0.0,0.01,700.0,0.01,0.0,normal,60.3976
15,348,20895,0,0,0.0,0.0,0.01,700.0,0.01,0.0,normal,60.3976
15,348,20910,0,0,0.0,0.0,0.01,700.0,0.01,0.0,normal,60.3976
15,348,20925,0,0,0.0,0.0,0.01,700.0,0.01,0.0,normal,60.3976
15,349,20940,2,0,1.0,1.0,0.5,700.0,0.5,0.0,normal,61.3976
15,349,20955,0,0,0.0,0.0,0.5,700.0,0.5,0.0,normal,61.3976
15,349,20970,4,0,2.0,2.0,0.5,700.0,0.5,0.0,normal,63.3976
15,349,20985,1,0,0.5,0.5,0.5,700.0,0.5,0.0,normal,63.8976
15,350,21000,3,0,1.5,1.5,0.5,700.0,0.5,0.0,normal,65.3976
15,350,21015,1,0,0.5,0.5,0.5,700.0,0.5,0.0,normal,65.8976
15,350,21030,1,0,0.5,0.5,0.5,700.0,0.5,0.0,normal,66.3976
15,350,21045,2,0,0.6928,0.6928,0.3464,700.0,0.5,0.0,normal,67.0904
15,351,21060,0,0,0.0,0.0,0.5,700.0,0.5,0.0,normal,67.0904
15,351,21075,2,0,1.0,1.0,0.5,700.0,0.5,0.0,normal,68.0904
15,351,21090,1,0,0.5,0.5,0.5,700.0,0.5,0.0,normal,68.5904
15,351,21105,1,0,0.5,0.5,0.5,700.0,0.5,0.0,normal,69.0904
15,352,21120,0,0,0.0,0.0,0.5,700.0,0.5,0.0,normal,69.0904
15,352,21135,3,0,1.5,1.5,0.5,700.0,0.5,0.0,normal,70.5904
15,352,21150,1,0,0.5,0.5,0.5,700.0,0.5,0.0,normal,71.0904
15,352,21165,1,0,0.5,0.5,0.5,700.0,0.5,0.0,normal,71.5904
15,353,21180,3,0,1.5,1.5,0.5,700.0,0.5,0.0,normal,73.0904
15,353,21195,1,0,0.5,0.5,0.5,700.0,0.5,0.0,normal,73.5904
15,353,21210,1,0,0.5,0.5,0.5,700.0,0.5,0.0,normal,74.0904
15,353,21225,1,0,0.5,0.5,0.5,700.0,0.5,0.0,normal,74.5904
15,354,21240,0,0,0.0,0.0,0.5,700.0,0.5,0.0,normal,74.5904
15,354,21255,4,0,2.0,2.0,0.5,700.0,0.5,0.0,normal,76.5904
15,354,21270,1,0,0.5,0.5,0.5,700.0,0.5,0.0,normal,77.0904
15,354,21285,1,0,0.5,0.5,0.5,700.0,0.5,0.0,normal,77.5904
15,355,21300,1,0,0.5,0.5,0.5,700.0,0.5,0.0,normal,78.0904
15,355,21315,2,0,1.0,1.0,0.5,700.0,0.5,0.0,normal,79.0904
15,355,21330,2,0,0.4631,0.4631,0.2315,700.0,0.5,0.0,normal,79.5535
15,355,21345,1,0,0.5,0.5,0.5,700.0,0.5,0.0,normal,80.0535
15,356,21360,0,0,0.0,0.0,0.5,700.0,0.5,0.0,normal,80.0535
15,356,21375,4,0,2.0,2.0,0.5,700.0,0.5,0.0,normal,82.0535
15,356,21390,1,0,0.151,0.151,0.151,700.0,0.5,0.0,normal,82.2045
15,356,21405,0,0,0.0,0.0,0.5,700.0,0.5,0.0,normal,82.2045
15,357,21420,0,0,0.0,0.0,0.55,700.0,0.55,0.0,normal,82.2045
15,357,21435,1,0,0.55,0.55,0.55,700.0,0.55,0.0,normal,82.7545
15,357,21450,5,0,2.75,2.75,0.55,700.0,0.55,0.0,normal,85.5045
15,357,21465,1,0,0.55,0.55,0.55,700.0,0.55,0.0,normal,86.0545
15,358,21480,1,0,0.5498,0.5498,0.5498,700.0,0.6050000000000001,0.0,normal,86.6043
15,358,21495,2,0,1.21,1.21,0.605,700.0,0.6050000000000001,0.0,normal,87.8143
15,358,21510,1,0,0.605,0.605,0.605,700.0,0.6050000000000001,0.0,normal,88.4193
15,358,21525,1,0,0.605,0.605,0.605,700.0,0.6050000000000001,0.0,normal,89.0243
15,359,21540,4,0,2.662,2.662,0.6655,700.0,0.6655000000000002,0.0,normal,91.6863
15,359,21555,3,0,1.9965,1.9965,0.6655,700.0,0.6655000000000002,0.0,normal,93.6828
15,359,21570,3,0,1.9965,1.9965,0.6655,700.0,0.6655000000000002,0.0,normal,95.6793
15,359,21585,0,0,0.0,0.0,0.029,700.0,0.6655000000000002,0.0,normal,95.6793
16,360,21600,0,0,0.0,0.0,0.01,700.0,0.01,0.0,normal,0.0
16,360,21615,0,0,0.0,0.0,0.01,700.0,0.01,0.0,normal,0.0
16,360,21630,0,0,0.0,0.0,0.01,700.0,0.01,0.0,normal,0.0
16,360,21645,0,0,0.0,0.0,0.01,700.0,0.01,0.0,normal,0.0
16,361,21660,0,0,0.0,0.0,0.5,700.0,0.5,0.0,normal,0.0
16,361,21675,0,0,0.0,0.0,0.5,700.0,0.5,0.0,normal,0.0
16,361,21690,0,0,0.0,0.0,0.5,700.0,0.5,0.0,normal,0.0
16,361,21705,2,0,0.2939,0.2939,0.1469,700.0,0.5,0.0,normal,0.2939
16,362,21720,1,0,0.55,0.55,0.55,700.0,0.55,0.0,normal,0.8439
16,362,21735,1,0,0.55,0.55,0.55,700.0,0.55,0.0,normal,1.3939
16,362,21750,2,0,1.1,1.1,0.55,700.0,0.55,0.0,normal,2.4939
16,362,21765,1,0,0.55,0.55,0.55,700.0,0.55,0.0,normal,3.0439
16,363,21780,1,0,0.605,0.605,0.605,700.0,0.6050000000000001,0.0,normal,3.6489
16,363,21795,0,0,0.0,0.0,0.605,700.0,0.6050000000000001,0.0,normal,3.6489
16,363,21810,3,0,1.815,1.815,0.605,700.0,0.6050000000000001,0.0,normal,5.4639
16,363,21825,1,0,0.605,0.605,0.605,700.0,0.6050000000000001,0.0,normal,6.0689
16,364,21840,2,0,1.331,1.331,0.6655,700.0,0.6655000000000002,0.0,normal,7.3999
16,364,21855,4,0,0.8683,0.8683,0.2171,700.0,0.6655000000000002,0.0,normal,8.2682
16,364,21870,3,0,1.9965,1.9965,0.6655,700.0,0.6655000000000002,0.0,normal,10.2647
16,364,21885,1,0,0.6655,0.6655,0.6655,700.0,0.6655000000000002,0.0,normal,10.9302
16,365,21900,2,0,0.6032,0.6032,0.3016,700.0,0.7320500000000003,0.0,normal,11.5334
16,365,21915,2,0,1.4641,1.4641,0.7321,700.0,0.7320500000000003,0.0,normal,12.9975
16,365,21930,0,0,0.0,0.0,0.7321,700.0,0.7320500000000003,0.0,normal,12.9975
16,365,21945,0,0,0.0,0.0,0.3236,700.0,0.7320500000000003,0.0,normal,12.9975
16,366,21960,0,0,0.0,0.0,0.8053,700.0,0.8052550000000004,0.0,normal,12.9975
16,366,21975,0,0,0.0,0.0,0.8053,700.0,0.8052550000000004,0.0,normal,12.9975
16,366,21990,1,0,0.2529,0.2529,0.2529,700.0,0.8052550000000004,0.0,normal,13.2504
16,366,22005,0,0,0.0,0.0,0.8053,700.0,0.8052550000000004,0.0,normal,13.2504
16,367,22020,4,0,3.5431,3.5431,0.8858,700.0,0.8857805000000005,0.0,normal,16.7935
16,367,22035,1,0,0.8858,0.8858,0.8858,700.0,0.8857805000000005,0.0,normal,17.6793
16,367,22050,2,0,1.7716,1.7716,0.8858,700.0,0.8857805000000005,0.0,normal,19.4509
16,367,22065,3,0,2.6573,2.6573,0.8858,700.0,0.8857805000000005,0.0,normal,22.1082
16,368,22080,3,0,2.9231,2.9231,0.9744,700.0,0.9743585500000007,0.0,normal,25.0313
16,368,22095,2,0,0.1304,0.1304,0.0652,700.0,0.9743585500000007,0.0,normal,25.1617
16,368,22110,2,0,1.0647,1.0647,0.5323,700.0,0.9743585500000007,0.0,normal,26.2264
16,368,22125,2,0,1.4941,1.4941,0.747,700.0,0.9743585500000007,0.0,normal,27.7205
16,369,22140,3,0,3.2154,3.2154,1.0718,700.0,1.0717944050000008,0.0,normal,30.9359
16,369,22155,2,0,2.1436,2.1436,1.0718,700.0,1.0717944050000008,0.0,normal,33.0795
16,369,22170,1,0,0.1646,0.1646,0.1646,700.0,1.0717944050000008,0.0,normal,33.2441
16,369,22185,3,0,3.2154,3.2154,1.0718,700.0,1.0717944050000008,0.0,normal,36.4595
16,370,22200,2,0,2.3579,2.3579,1.179,700.0,1.178973845500001,0.0,normal,38.8174
16,370,22215,0,0,0.0,0.0,0.6809,700.0,1.178973845500001,0.0,normal,38.8174
16,370,22230,1,0,1.179,1.179,1.179,700.0,1.178973845500001,0.0,normal,39.9964
16,370,22245,4,0,4.7159,4.7159,1.179,700.0,1.178973845500001,0.0,normal,44.7123
16,371,22260,2,0,2.5937,2.5937,1.2969,700.0,1.2968712300500012,0.0,normal,47.306
16,371,22275,4,0,5.1875,5.1875,1.2969,700.0,1.2968712300500012,0.0,normal,52.4935
16,371,22290,2,0,2.5937,2.5937,1.2969,700.0,1.2968712300500012,0.0,normal,55.0872
16,371,22305,5,0,6.4844,6.4844,1.2969,700.0,1.2968712300500012,0.0,normal,61.5716
16,372,22320,0,0,0.0,0.0,0.01,700.0,0.01,0.0,normal,61.5716
16,372,22335,0,0,0.0,0.0,0.01,700.0,0.01,0.0,normal,61.5716
16,372,22350,0,0,0.0,0.0,0.01,700.0,0.01,0.0,normal,61.5716
16,372,22365,0,0,0.0,0.0,0.01,700.0,0.01,0.0,normal,61.5716
16,373,22380,3,0,1.2698,1.2698,0.4233,700.0,0.5,0.0,normal,62.8414
16,373,22395,1,0,0.5,0.5,0.5,700.0,0.5,0.0,normal,63.3414
16,373,22410,2,0,0.438,0.438,0.219,700.0,0.5,0.0,normal,63.7794
16,373,22425,1,0,0.5,0.5,0.5,700.0,0.5,0.0,normal,64.2794
16,374,22440,1,0,0.55,0.55,0.55,700.0,0.55,0.0,normal,64.8294
16,374,22455,1,0,0.55,0.55,0.55,700.0,0.55,0.0,normal,65.3794
16,374,22470,1,0,0.55,0.55,0.55,700.0,0.55,0.0,normal,65.9294
16,374,22485,0,0,0.0,0.0,0.186,700.0,0.55,0.0,normal,65.9294
16,375,22500,0,0,0.0,0.0,0.0825,700.0,0.6050000000000001,0.0,normal,65.9294
16,375,22515,1,0,0.605,0.605,0.605,700.0,0.6050000000000001,0.0,normal,66.5344
16,375,22530,0,0,0.0,0.0,0.1261,700.0,0.6050000000000001,0.0,normal,66.5344
16,375,22545,3,0,1.815,1.815,0.605,700.0,0.6050000000000001,0.0,normal,68.3494
16,376,22560,0,0,0.0,0.0,0.2062,700.0,0.6655000000000002,0.0,normal,68.3494
16,376,22575,4,0,2.662,2.662,0.6655,700.0,0.6655000000000002,0.0,normal,71.0114
16,376,22590,5,0,3.3275,3.3275,0.6655,700.0,0.6655000000000002,0.0,normal,74.3389
16,376,22605,1,0,0.6655,0.6655,0.6655,700.0,0.6655000000000002,0.0,normal,75.0044
16,377,22620,2,0,1.4641,1.4641,0.7321,700.0,0.7320500000000003,0.0,normal,76.4685
16,377,22635,4,0,0.015,0.015,0.0038,700.0,0.7320500000000003,0.0,normal,76.4835
16,377,22650,0,0,0.0,0.0,0.7321,700.0,0.7320500000000003,0.0,normal,76.4835
16,377,22665,2,0,1.4641,1.4641,0.7321,700.0,0.7320500000000003,0.0,normal,77.9476
16,378,22680,2,0,1.6105,1.6105,0.8053,700.0,0.8052550000000004,0.0,normal,79.5581
16,378,22695,5,0,4.0263,4.0263,0.8053,700.0,0.8052550000000004,0.0,normal,83.5844
16,378,22710,4,0,3.221,3.221,0.8053,700.0,0.8052550000000004,0.0,normal,86.8054
16,378,22725,0,0,0.0,0.0,0.8053,700.0,0.8052550000000004,0.0,normal,86.8054
16,379,22740,2,0,1.7716,1.7716,0.8858,700.0,0.8857805000000005,0.0,normal,88.577
16,379,22755,2,0,1.7716,1.7716,0.8858,700.0,0.8857805000000005,0.0,normal,90.3486
16,379,22770,2,0,1.7716,1.7716,0.8858,700.0,0.8857805000000005,0.0,normal,92.1202
16,379,22785,4,0,2.6472,2.6472,0.6618,700.0,0.8857805000000005,0.0,normal,94.7674
16,380,22800,1,0,0.9744,0.9744,0.9744,700.0,0.9743585500000007,0.0,normal,95.7418
16,380,22815,2,0,1.9487,1.9487,0.9744,700.0,0.9743585500000007,0.0,normal,97.6905
16,380,22830,1,0,0.9744,0.9744,0.9744,700.0,0.9743585500000007,0.0,normal,98.6649
16,380,22845,2,0,1.9487,1.9487,0.9744,700.0,0.9743585500000007,0.0,normal,100.6136
16,381,22860,3,0,3.2154,3.2154,1.0718,700.0,1.0717944050000008,0.0,normal,103.829
16,381,22875,1,0,1.0718,1.0718,1.0718,700.0,1.0717944050000008,0.0,normal,104.9008
16,381,22890,3,0,3.2154,3.2154,1.0718,700.0,1.0717944050000008,0.0,normal,108.1162
16,381,22905,7,0,1.2675,1.2675,0.1811,700.0,1.0717944050000008,0.0,normal,109.3837
16,382,22920,4,0,3.1279,3.1279,0.782,700.0,1.178973845500001,0.0,normal,112.5116
16,382,22935,3,0,3.5369,3.5369,1.179,700.0,1.178973845500001,0.0,normal,116.0485
16,382,22950,3,0,3.5369,3.5369,1.179,700.0,1.178973845500001,0.0,normal,119.5854
16,382,22965,4,0,4.7159,4.7159,1.179,700.0,1.178973845500001,0.0,normal,124.3013
16,383,22980,1,0,0.375,0.375,0.375,700.0,0.9078098610350007,0.0,normal,124.6763
16,383,22995,1,0,0.9078,0.9078,0.9078,700.0,0.9078098610350007,0.0,normal,125.5841
16,383,23010,3,0,2.7234,2.7234,0.9078,700.0,0.9078098610350007,0.0,normal,128.3075
16,383,23025,3,0,0.5245,0.5245,0.1748,700.0,0.9078098610350007,0.0,normal,128.832
17,384,23040,0,0,0.0,0.0,0.01,700.0,0.01,0.0,normal,0.0
17,384,23055,0,0,0.0,0.0,0.01,700.0,0.01,0.0,normal,0.0
17,384,23070,0,0,0.0,0.0,0.01,700.0,0.01,0.0,normal,0.0
17,384,23085,0,0,0.0,0.0,0.01,700.0,0.01,0.0,normal,0.0
17,385,23100,4,0,2.0,2.0,0.5,700.0,0.5,0.0,normal,2.0
17,385,23115,2,0,1.0,1.0,0.5,700.0,0.5,0.0,normal,3.0
17,385,23130,0,0,0.0,0.0,0.5,700.0,0.5,0.0,normal,3.0
17,385,23145,1,0,0.5,0.5,0.5,700.0,0.5,0.0,normal,3.5
17,386,23160,2,0,0.3503,0.3503,0.1752,700.0,0.5,0.0,normal,3.8503
17,386,23175,0,0,0.0,0.0,0.5,700.0,0.5,0.0,normal,3.8503
17,386,23190,2,0,1.0,1.0,0.5,700.0,0.5,0.0,normal,4.8503
17,386,23205,2,0,1.0,1.0,0.5,700.0,0.5,0.0,normal,5.8503
17,387,23220,1,0,0.216,0.216,0.216,700.0,0.5,0.0,normal,6.0663
17,387,23235,1,0,0.5,0.5,0.5,700.0,0.5,0.0,normal,6.5663
17,387,23250,2,0,1.0,1.0,0.5,700.0,0.5,0.0,normal,7.5663
17,387,23265,0,0,0.0,0.0,0.5,700.0,0.5,0.0,normal,7.5663
17,388,23280,2,0,1.0,1.0,0.5,700.0,0.5,0.0,normal,8.5663
17,388,23295,1,0,0.5,0.5,0.5,700.0,0.5,0.0,normal,9.0663
17,388,23310,1,0,0.1943,0.1943,0.1943,700.0,0.5,0.0,normal,9.2606
17,388,23325,2,0,1.0,1.0,0.5,700.0,0.5,0.0,normal,10.2606
17,389,23340,2,0,1.0,1.0,0.5,700.0,0.5,0.0,normal,11.2606
17,389,23355,1,0,0.5,0.5,0.5,700.0,0.5,0.0,normal,11.7606
17,389,23370,0,0,0.0,0.0,0.5,700.0,0.5,0.0,normal,11.7606
17,389,23385,2,0,1.0,1.0,0.5,700.0,0.5,0.0,normal,12.7606
17,390,23400,1,0,0.5,0.5,0.5,700.0,0.5,0.0,normal,13.2606
17,390,23415,2,0,0.293,0.293,0.1465,700.0,0.5,0.0,normal,13.5536
17,390,23430,1,0,0.5,0.5,0.5,700.0,0.5,0.0,normal,14.0536
17,390,23445,1,0,0.5,0.5,0.5,700.0,0.5,0.0,normal,14.5536
17,391,23460,2,0,1.0,1.0,0.5,700.0,0.5,0.0,normal,15.5536
17,391,23475,4,0,0.2712,0.2712,0.0678,700.0,0.5,0.0,normal,15.8248
17,391,23490,3,0,1.5,1.5,0.5,700.0,0.5,0.0,normal,17.3248
17,391,23505,0,0,0.0,0.0,0.5,700.0,0.5,0.0,normal,17.3248
17,392,23520,3,0,1.5,1.5,0.5,700.0,0.5,0.0,normal,18.8248
17,392,23535,0,0,0.0,0.0,0.5,700.0,0.5,0.0,normal,18.8248
17,392,23550,6,0,3.0,3.0,0.5,700.0,0.5,0.0,normal,21.8248
17,392,23565,1,0,0.5,0.5,0.5,700.0,0.5,0.0,normal,22.3248
17,393,23580,1,0,0.5,0.5,0.5,700.0,0.5,0.0,normal,22.8248
17,393,23595,0,0,0.0,0.0,0.1361,700.0,0.5,0.0,normal,22.8248
17,393,23610,1,0,0.5,0.5,0.5,700.0,0.5,0.0,normal,23.3248
17,393,23625,0,0,0.0,0.0,0.5,700.0,0.5,0.0,normal,23.3248
17,394,23640,0,0,0.0,0.0,0.2246,700.0,0.55,0.0,normal,23.3248
17,394,23655,2,0,1.1,1.1,0.55,700.0,0.55,0.0,normal,24.4248
17,394,23670,3,0,1.65,1.65,0.55,700.0,0.55,0.0,normal,26.0748
17,394,23685,2,0,1.1,1.1,0.55,700.0,0.55,0.0,normal,27.1748
17,395,23700,1,0,0.605,0.605,0.605,700.0,0.6050000000000001,0.0,normal,27.7798
17,395,23715,2,0,1.21,1.21,0.605,700.0,0.6050000000000001,0.0,normal,28.9898
17,395,23730,0,0,0.0,0.0,0.605,700.0,0.6050000000000001,0.0,normal,28.9898
17,395,23745,0,0,0.0,0.0,0.5974,700.0,0.6050000000000001,0.0,normal,28.9898
17,396,23760,0,0,0.0,0.0,0.01,700.0,0.01,0.0,normal,28.9898
17,396,23775,0,0,0.0,0.0,0.01,700.0,0.01,0.0,normal,28.9898
17,396,23790,0,0,0.0,0.0,0.01,700.0,0.01,0.0,normal,28.9898
17,396,23805,0,0,0.0,0.0,0.01,700.0,0.01,0.0,normal,28.9898
17,397,23820,2,0,1.0,1.0,0.5,700.0,0.5,0.0,normal,29.9898
17,397,23835,1,0,0.4803,0.4803,0.4803,700.0,0.5,0.0,normal,30.4701
17,397,23850,1,0,0.0488,0.0488,0.0488,700.0,0.5,0.0,normal,30.5189
17,397,23865,4,0,2.0,2.0,0.5,700.0,0.5,0.0,normal,32.5189
17,398,23880,6,0,3.3,3.3,0.55,700.0,0.55,0.0,normal,35.8189
17,398,23895,0,0,0.0,0.0,0.55,700.0,0.55,0.0,normal,35.8189
17,398,23910,0,0,0.0,0.0,0.5391,700.0,0.55,0.0,normal,35.8189
17,398,23925,2,0,1.1,1.1,0.55,700.0,0.55,0.0,normal,36.9189
17,399,23940,4,0,2.42,2.42,0.605,700.0,0.6050000000000001,0.0,normal,39.3389
17,399,23955,1,0,0.1699,0.1699,0.1699,700.0,0.6050000000000001,0.0,normal,39.5088
17,399,23970,4,0,0.2518,0.2518,0.0629,700.0,0.6050000000000001,0.0,normal,39.7606
17,399,23985,1,0,0.605,0.605,0.605,700.0,0.6050000000000001,0.0,normal,40.3656
17,400,24000,2,0,1.331,1.331,0.6655,700.0,0.6655000000000002,0.0,normal,41.6966
17,400,24015,2,0,1.331,1.331,0.6655,700.0,0.6655000000000002,0.0,normal,43.0276
17,400,24030,1,0,0.6655,0.6655,0.6655,700.0,0.6655000000000002,0.0,normal,43.6931
17,400,24045,2,0,1.331,1.331,0.6655,700.0,0.6655000000000002,0.0,normal,45.0241
17,401,24060,4,0,2.9282,2.9282,0.7321,700.0,0.7320500000000003,0.0,normal,47.9523
17,401,24075,1,0,0.4739,0.4739,0.4739,700.0,0.7320500000000003,0.0,normal,48.4262
17,401,24090,5,0,0.6202,0.6202,0.124,700.0,0.7320500000000003,0.0,normal,49.0464
17,401,24105,0,0,0.0,0.0,0.0172,700.0,0.7320500000000003,0.0,normal,49.0464
17,402,24120,2,0,1.4589,1.4589,0.7295,700.0,0.8052550000000004,0.0,normal,50.5053
17,402,24135,5,0,4.0263,4.0263,0.8053,700.0,0.8052550000000004,0.0,normal,54.5316
17,402,24150,2,0,0.2569,0.2569,0.1285,700.0,0.8052550000000004,0.0,normal,54.7885
17,402,24165,2,0,1.6105,1.6105,0.8053,700.0,0.8052550000000004,0.0,normal,56.399
17,403,24180,8,0,7.0862,7.0862,0.8858,700.0,0.8857805000000005,0.0,normal,63.4852
17,403,24195,1,0,0.8858,0.8858,0.8858,700.0,0.8857805000000005,0.0,normal,64.371
17,403,24210,0,0,0.0,0.0,0.8858,700.0,0.8857805000000005,0.0,normal,64.371
17,403,24225,4,0,3.5431,3.5431,0.8858,700.0,0.8857805000000005,0.0,normal,67.9141
17,404,24240,2,0,1.9487,1.9487,0.9744,700.0,0.9743585500000007,0.0,normal,69.8628
17,404,24255,1,0,0.4104,0.4104,0.4104,700.0,0.9743585500000007,0.0,normal,70.2732
17,404,24270,3,0,2.9231,2.9231,0.9744,700.0,0.9743585500000007,0.0,normal,73.1963
17,404,24285,1,0,0.9744,0.9744,0.9744,700.0,0.9743585500000007,0.0,normal,74.1707
17,405,24300,4,0,4.2872,4.2872,1.0718,700.0,1.0717944050000008,0.0,normal,78.4579
17,405,24315,0,0,0.0,0.0,1.0089,700.0,1.0717944050000008,0.0,normal,78.4579
17,405,24330,4,0,2.8208,2.8208,0.7052,700.0,1.0717944050000008,0.0,normal,81.2787
17,405,24345,0,0,0.0,0.0,0.7754,700.0,1.0717944050000008,0.0,normal,81.2787
17,406,24360,6,0,3.8468,3.8468,0.6411,700.0,1.178973845500001,0.0,normal,85.1255
17,406,24375,1,0,1.179,1.179,1.179,700.0,1.178973845500001,0.0,normal,86.3045
17,406,24390,1,0,1.179,1.179,1.179,700.0,1.178973845500001,0.0,normal,87.4835
17,406,24405,5,0,5.8949,5.8949,1.179,700.0,1.178973845500001,0.0,normal,93.3784
17,407,24420,4,0,3.6038,3.6038,0.901,700.0,1.2968712300500012,0.0,normal,96.9822
17,407,24435,4,0,5.1875,5.1875,1.2969,700.0,1.2968712300500012,0.0,normal,102.1697
17,407,24450,5,0,0.0517,0.0517,0.0103,700.0,1.2968712300500012,0.0,normal,102.2214
17,407,24465,2,0,1.096,1.096,0.548,700.0,1.2968712300500012,0.0,normal,103.3174
18,408,24480,0,0,0.0,0.0,0.01,700.0,0.01,0.0,normal,0.0
18,408,24495,0,0,0.0,0.0,0.01,700.0,0.01,0.0,normal,0.0
18,408,24510,0,0,0.0,0.0,0.01,700.0,0.01,0.0,normal,0.0
18,408,24525,0,0,0.0,0.0,0.01,700.0,0.01,0.0,normal,0.0
18,409,24540,6,0,3.0,3.0,0.5,700.0,0.5,0.0,normal,3.0
18,409,24555,2,0,1.0,1.0,0.5,700.0,0.5,0.0,normal,4.0
18,409,24570,2,0,1.0,1.0,0.5,700.0,0.5,0.0,normal,5.0
18,409,24585,3,0,1.5,1.5,0.5,700.0,0.5,0.0,normal,6.5
18,410,24600,3,0,1.65,1.65,0.55,700.0,0.55,0.0,normal,8.15
18,410,24615,1,0,0.0452,0.0452,0.0452,700.0,0.55,0.0,normal,8.1952
18,410,24630,2,0,0.4249,0.4249,0.2124,700.0,0.55,0.0,normal,8.6201
18,410,24645,3,0,1.65,1.65,0.55,700.0,0.55,0.0,normal,10.2701
18,411,24660,0,0,0.0,0.0,0.605,700.0,0.6050000000000001,0.0,normal,10.2701
18,411,24675,2,0,1.21,1.21,0.605,700.0,0.6050000000000001,0.0,normal,11.4801
18,411,24690,5,0,3.025,3.025,0.605,700.0,0.6050000000000001,0.0,normal,14.5051
18,411,24705,1,0,0.0987,0.0987,0.0987,700.0,0.6050000000000001,0.0,normal,14.6038
18,412,24720,3,0,0.6981,0.6981,0.2327,700.0,0.6655000000000002,0.0,normal,15.3019
18,412,24735,1,0,0.6655,0.6655,0.6655,700.0,0.6655000000000002,0.0,normal,15.9674
18,412,24750,2,0,1.331,1.331,0.6655,700.0,0.6655000000000002,0.0,normal,17.2984
18,412,24765,2,0,1.331,1.331,0.6655,700.0,0.6655000000000002,0.0,normal,18.6294
18,413,24780,4,0,2.9282,2.9282,0.7321,700.0,0.7320500000000003,0.0,normal,21.5576
18,413,24795,3,0,2.1962,2.1962,0.7321,700.0,0.7320500000000003,0.0,normal,23.7538
18,413,24810,1,0,0.7321,0.7321,0.7321,700.0,0.7320500000000003,0.0,normal,24.4859
18,413,24825,3,0,2.1962,2.1962,0.7321,700.0,0.7320500000000003,0.0,normal,26.6821
18,414,24840,5,0,4.0263,4.0263,0.8053,700.0,0.8052550000000004,0.0,normal,30.7084
18,414,24855,2,0,1.6105,1.6105,0.8053,700.0,0.8052550000000004,0.0,normal,32.3189
18,414,24870,3,0,2.4158,2.4158,0.8053,700.0,0.8052550000000004,0.0,normal,34.7347
18,414,24885,1,0,0.7706,0.7706,0.7706,700.0,0.8052550000000004,0.0,normal,35.5053
18,415,24900,1,0,0.5512,0.5512,0.5512,700.0,0.6200463500000003,0.0,normal,36.0565
18,415,24915,1,0,0.62,0.62,0.62,700.0,0.6200463500000003,0.0,normal,36.6765
18,415,24930,1,0,0.62,0.62,0.62,700.0,0.6200463500000003,0.0,normal,37.2965
18,415,24945,1,0,0.2244,0.2244,0.2244,700.0,0.6200463500000003,0.0,normal,37.5209
18,416,24960,2,0,1.0,1.0,0.5,700.0,0.5,0.0,normal,38.5209
18,416,24975,0,0,0.0,0.0,0.5,700.0,0.5,0.0,normal,38.5209
18,416,24990,0,0,0.0,0.0,0.5,700.0,0.5,0.0,normal,38.5209
18,416,25005,0,0,0.0,0.0,0.5,700.0,0.5,0.0,normal,38.5209
18,417,25020,3,0,1.65,1.65,0.55,700.0,0.55,0.0,normal,40.1709
18,417,25035,1,0,0.55,0.55,0.55,700.0,0.55,0.0,normal,40.7209
18,417,25050,3,0,0.3764,0.3764,0.1255,700.0,0.55,0.0,normal,41.0973
18,417,25065,4,0,2.2,2.2,0.55,700.0,0.55,0.0,normal,43.2973
18,418,25080,0,0,0.0,0.0,0.5,700.0,0.5,0.0,normal,43.2973
18,418,25095,1,0,0.4622,0.4622,0.4622,700.0,0.5,0.0,normal,43.7595
18,418,25110,2,0,1.0,1.0,0.5,700.0,0.5,0.0,normal,44.7595
18,418,25125,5,0,2.5,2.5,0.5,700.0,0.5,0.0,normal,47.2595
18,419,25140,3,0,1.5,1.5,0.5,700.0,0.5,0.0,normal,48.7595
18,419,25155,1,0,0.5,0.5,0.5,700.0,0.5,0.0,normal,49.2595
18,419,25170,1,0,0.5,0.5,0.5,700.0,0.5,0.0,normal,49.7595
18,419,25185,0,0,0.0,0.0,0.5,700.0,0.5,0.0,normal,49.7595
18,420,25200,0,0,0.0,0.0,0.01,700.0,0.01,0.0,normal,49.7595
18,420,25215,0,0,0.0,0.0,0.01,700.0,0.01,0.0,normal,49.7595
18,420,25230,0,0,0.0,0.0,0.01,700.0,0.01,0.0,normal,49.7595
18,420,25245,0,0,0.0,0.0,0.01,700.0,0.01,0.0,normal,49.7595
18,421,25260,0,0,0.0,0.0,0.5,700.0,0.5,0.0,normal,49.7595
18,421,25275,1,0,0.5,0.5,0.5,700.0,0.5,0.0,normal,50.2595
18,421,25290,1,0,0.3867,0.3867,0.3867,700.0,0.5,0.0,normal,50.6462
18,421,25305,0,0,0.0,0.0,0.5,700.0,0.5,0.0,normal,50.6462
18,422,25320,2,0,1.0,1.0,0.5,700.0,0.5,0.0,normal,51.6462
18,422,25335,1,0,0.5,0.5,0.5,700.0,0.5,0.0,normal,52.1462
18,422,25350,1,0,0.5,0.5,0.5,700.0,0.5,0.0,normal,52.6462
18,422,25365,2,0,0.1793,0.1793,0.0897,700.0,0.5,0.0,normal,52.8255
18,423,25380,1,0,0.55,0.55,0.55,700.0,0.55,0.0,normal,53.3755
18,423,25395,2,0,0.045,0.045,0.0225,700.0,0.55,0.0,normal,53.4205
18,423,25410,2,0,1.1,1.1,0.55,700.0,0.55,0.0,normal,54.5205
18,423,25425,2,0,1.1,1.1,0.55,700.0,0.55,0.0,normal,55.6205
18,424,25440,2,0,1.21,1.21,0.605,700.0,0.6050000000000001,0.0,normal,56.8305
18,424,25455,2,0,1.21,1.21,0.605,700.0,0.6050000000000001,0.0,normal,58.0405
18,424,25470,1,0,0.605,0.605,0.605,700.0,0.6050000000000001,0.0,normal,58.6455
18,424,25485,1,0,0.4237,0.4237,0.4237,700.0,0.6050000000000001,0.0,normal,59.0692
18,425,25500,0,0,0.0,0.0,0.6056,700.0,0.6655000000000002,0.0,normal,59.0692
18,425,25515,4,0,2.4438,2.4438,0.611,700.0,0.6655000000000002,0.0,normal,61.513
18,425,25530,2,0,1.331,1.331,0.6655,700.0,0.6655000000000002,0.0,normal,62.844
18,425,25545,3,0,1.9965,1.9965,0.6655,700.0,0.6655000000000002,0.0,normal,64.8405
18,426,25560,4,0,1.6563,1.6563,0.4141,700.0,0.7320500000000003,0.0,normal,66.4968
18,426,25575,2,0,1.4641,1.4641,0.7321,700.0,0.7320500000000003,0.0,normal,67.9609
18,426,25590,1,0,0.7321,0.7321,0.7321,700.0,0.7320500000000003,0.0,normal,68.693
18,426,25605,1,0,0.16,0.16,0.16,700.0,0.7320500000000003,0.0,normal,68.853
18,427,25620,2,0,0.3455,0.3455,0.1727,700.0,0.8052550000000004,0.0,normal,69.1985
18,427,25635,0,0,0.0,0.0,0.8053,700.0,0.8052550000000004,0.0,normal,69.1985
18,427,25650,0,0,0.0,0.0,0.8053,700.0,0.8052550000000004,0.0,normal,69.1985
18,427,25665,4,0,3.221,3.221,0.8053,700.0,0.8052550000000004,0.0,normal,72.4195
18,428,25680,1,0,0.8858,0.8858,0.8858,700.0,0.8857805000000005,0.0,normal,73.3053
18,428,25695,1,0,0.8858,0.8858,0.8858,700.0,0.8857805000000005,0.0,normal,74.1911
18,428,25710,2,0,1.5003,1.5003,0.7502,700.0,0.8857805000000005,0.0,normal,75.6914
18,428,25725,0,0,0.0,0.0,0.7458,700.0,0.8857805000000005,0.0,normal,75.6914
18,429,25740,4,0,3.8974,3.8974,0.9744,700.0,0.9743585500000007,0.0,normal,79.5888
18,429,25755,2,0,1.9487,1.9487,0.9744,700.0,0.9743585500000007,0.0,normal,81.5375
18,429,25770,3,0,1.0699,1.0699,0.3566,700.0,0.9743585500000007,0.0,normal,82.6074
18,429,25785,1,0,0.5991,0.5991,0.5991,700.0,0.9743585500000007,0.0,normal,83.2065
18,430,25800,2,0,2.1436,2.1436,1.0718,700.0,1.0717944050000008,0.0,normal,85.3501
18,430,25815,6,0,1.4913,1.4913,0.2485,700.0,1.0717944050000008,0.0,normal,86.8414
18,430,25830,5,0,5.359,5.359,1.0718,700.0,1.0717944050000008,0.0,normal,92.2004
18,430,25845,5,0,5.0627,5.0627,1.0125,700.0,1.0717944050000008,0.0,normal,97.2631
18,431,25860,5,0,5.7775,5.7775,1.1555,700.0,1.178973845500001,0.0,normal,103.0406
18,431,25875,1,0,1.179,1.179,1.179,700.0,1.178973845500001,0.0,normal,104.2196
18,431,25890,2,0,2.3579,2.3579,1.179,700.0,1.178973845500001,0.0,normal,106.5775
18,431,25905,3,0,3.5369,3.5369,1.179,700.0,1.178973845500001,0.0,normal,110.1144
19,432,25920,0,0,0.0,0.0,0.01,700.0,0.01,0.0,normal,0.0
19,432,25935,0,0,0.0,0.0,0.01,700.0,0.01,0.0,normal,0.0
19,432,25950,0,0,0.0,0.0,0.01,700.0,0.01,0.0,normal,0.0
19,432,25965,0,0,0.0,0.0,0.01,700.0,0.01,0.0,normal,0.0
19,433,25980,1,0,0.5,0.5,0.5,700.0,0.5,1.0,normal,0.5
19,433,25995,0,0,0.0,0.0,0.5,700.0,0.5,1.0,normal,0.5
19,433,26010,2,0,0.8107,0.8107,0.4053,700.0,0.5,1.0,normal,1.3107
19,433,26025,3,0,0.6718,0.6718,0.2239,700.0,0.5,1.0,normal,1.9825
19,434,26040,2,0,1.1,1.1,0.55,700.0,0.55,1.0,normal,3.0825
19,434,26055,2,0,0.7086,0.7086,0.3543,700.0,0.55,1.0,normal,3.7911
19,434,26070,2,0,1.1,1.1,0.55,700.0,0.55,1.0,normal,4.8911
19,434,26085,1,0,0.4196,0.4196,0.4196,700.0,0.55,1.0,normal,5.3107
19,435,26100,1,0,0.605,0.605,0.605,700.0,0.6050000000000001,1.0,normal,5.9157
19,435,26115,4,0,2.42,2.42,0.605,700.0,0.6050000000000001,1.0,normal,8.3357
19,435,26130,0,0,0.0,0.0,0.605,700.0,0.6050000000000001,1.0,normal,8.3357
19,435,26145,0,0,0.0,0.0,0.605,700.0,0.6050000000000001,1.0,normal,8.3357
19,436,26160,0,0,0.0,0.0,0.6655,700.0,0.6655000000000002,1.0,normal,8.3357
19,436,26175,1,0,0.6655,0.6655,0.6655,700.0,0.6655000000000002,1.0,normal,9.0012
19,436,26190,2,0,1.331,1.331,0.6655,700.0,0.6655000000000002,1.0,normal,10.3322
19,436,26205,2,0,0.7659,0.7659,0.3829,700.0,0.6655000000000002,1.0,normal,11.0981
19,437,26220,1,0,0.7321,0.7321,0.7321,700.0,0.7320500000000003,1.0,normal,11.8302
19,437,26235,1,0,0.7321,0.7321,0.7321,700.0,0.7320500000000003,1.0,normal,12.5623
19,437,26250,1,0,0.7321,0.7321,0.7321,700.0,0.7320500000000003,1.0,normal,13.2944
19,437,26265,3,0,2.1962,2.1962,0.7321,700.0,0.7320500000000003,1.0,normal,15.4906
19,438,26280,0,0,0.0,0.0,0.8053,700.0,0.8052550000000004,1.0,normal,15.4906
19,438,26295,2,0,1.6105,1.6105,0.8053,700.0,0.8052550000000004,1.0,normal,17.1011
19,438,26310,3,0,2.4158,2.4158,0.8053,700.0,0.8052550000000004,1.0,normal,19.5169
19,438,26325,0,0,0.0,0.0,0.6264,700.0,0.8052550000000004,1.0,normal,19.5169
19,439,26340,2,1,1.7716,1.7716,0.8858,700.0,0.8857805000000005,1.0,normal,21.2885
19,439,26355,1,0,0.8858,0.8858,0.8858,700.0,0.8857805000000005,1.0,normal,22.1743
19,439,26370,2,0,0.7614,0.7614,0.3807,700.0,0.8857805000000005,1.0,normal,22.9357
19,439,26385,2,0,1.7716,1.7716,0.8858,700.0,0.8857805000000005,1.0,normal,24.7073
19,440,26400,0,0,0.0,0.0,0.6141,700.0,0.8282047675000006,1.0,normal,24.7073
19,440,26415,0,0,0.0,0.0,0.8282,700.0,0.8282047675000006,1.0,normal,24.7073
19,440,26430,8,0,6.6256,6.6256,0.8282,700.0,0.8282047675000006,1.0,normal,31.3329
19,440,26445,2,0,1.6564,1.6564,0.8282,700.0,0.8282047675000006,1.0,normal,32.9893
19,441,26460,2,0,1.3665,1.3665,0.6833,700.0,0.6832689331875006,1.0,normal,34.3558
19,441,26475,4,0,2.7331,2.7331,0.6833,700.0,0.6832689331875006,1.0,normal,37.0889
19,441,26490,2,0,1.3665,1.3665,0.6833,700.0,0.6832689331875006,1.0,normal,38.4554
19,441,26505,1,0,0.6833,0.6833,0.6833,700.0,0.6832689331875006,1.0,normal,39.1387
19,442,26520,1,0,0.4963,0.4963,0.4963,700.0,0.563696869879688,1.0,normal,39.635
19,442,26535,1,0,0.0098,0.0098,0.0098,700.0,0.563696869879688,1.0,normal,39.6448
19,442,26550,4,0,2.2548,2.2548,0.5637,700.0,0.563696869879688,1.0,normal,41.8996
19,442,26565,4,0,2.2548,2.2548,0.5637,700.0,0.563696869879688,1.0,normal,44.1544
19,443,26580,1,0,0.5,0.5,0.5,700.0,0.5,1.0,normal,44.6544
19,443,26595,2,0,1.0,1.0,0.5,700.0,0.5,1.0,normal,45.6544
19,443,26610,0,0,0.0,0.0,0.5,700.0,0.5,1.0,normal,45.6544
19,443,26625,0,0,0.0,0.0,0.5,700.0,0.5,1.0,normal,45.6544
19,444,26640,12,0,60.0,60.0,5.0,1000.0,5.0,1.0,normal,105.6544
19,444,26655,13,0,65.0,65.0,5.0,1000.0,5.0,1.0,normal,170.6544
19,444,26670,17,0,55.1448,55.1448,3.2438,1000.0,5.0,1.0,normal,225.7992
19,444,26685,8,0,16.5064,16.5064,2.0633,1000.0,5.0,1.0,normal,242.3056
19,445,26700,7,0,28.875,28.875,4.125,1000.0,4.125,1.0,normal,271.1806
19,445,26715,9,0,24.0855,24.0855,2.6762,1000.0,4.125,1.0,normal,295.2661
19,445,26730,9,1,10.721,10.721,1.1912,1000.0,4.125,1.0,normal,305.9871
19,445,26745,7,0,28.875,28.875,4.125,1000.0,4.125,1.0,normal,334.8621
19,446,26760,10,0,12.3334,12.3334,1.2333,1000.0,3.403125,1.0,normal,347.1955
19,446,26775,11,0,37.4344,37.4344,3.4031,1000.0,3.403125,1.0,normal,384.6299
19,446,26790,7,0,3.3619,3.3619,0.4803,1000.0,3.403125,1.0,normal,387.9918
19,446,26805,7,0,23.8219,23.8219,3.4031,1000.0,3.403125,1.0,normal,411.8137
19,447,26820,13,0,10.4079,10.4079,0.8006,1000.0,2.8075781250000005,1.0,normal,422.2216
19,447,26835,11,0,4.0846,4.0846,0.3713,1000.0,2.8075781250000005,1.0,normal,426.3062
19,447,26850,10,0,25.2777,25.2777,2.5278,1000.0,2.8075781250000005,1.0,normal,451.5839
19,447,26865,8,1,0.6582,0.6582,0.0823,1000.0,2.8075781250000005,1.0,normal,452.2421
19,448,26880,2,0,4.6325,4.6325,2.3163,1000.0,2.3162519531250005,1.0,normal,456.8746
19,448,26895,7,0,8.6202,8.6202,1.2315,1000.0,2.3162519531250005,1.0,normal,465.4948
19,448,26910,5,0,2.3926,2.3926,0.4785,1000.0,2.3162519531250005,1.0,normal,467.8874
19,448,26925,5,0,6.3229,6.3229,1.2646,1000.0,2.3162519531250005,1.0,normal,474.2103
19,449,26940,4,0,7.6436,7.6436,1.9109,1000.0,1.9109078613281256,1.0,normal,481.8539
19,449,26955,4,0,2.3534,2.3534,0.5883,1000.0,1.9109078613281256,1.0,normal,484.2073
19,449,26970,5,0,5.8088,5.8088,1.1618,1000.0,1.9109078613281256,1.0,normal,490.0161
19,449,26985,8,0,15.2873,15.2873,1.9109,1000.0,1.9109078613281256,1.0,normal,505.3034
19,450,27000,3,0,4.7295,4.7295,1.5765,1000.0,1.5764989855957037,1.0,normal,510.0329
19,450,27015,8,0,12.0818,12.0818,1.5102,1000.0,1.5764989855957037,1.0,normal,522.1147
19,450,27030,6,0,3.271,3.271,0.5452,1000.0,1.5764989855957037,1.0,normal,525.3857
19,450,27045,3,0,2.7627,2.7627,0.9209,1000.0,1.5764989855957037,1.0,normal,528.1484
19,451,27060,5,0,2.1244,2.1244,0.4249,1000.0,1.3006116631164555,1.0,normal,530.2728
19,451,27075,4,0,5.2024,5.2024,1.3006,1000.0,1.3006116631164555,1.0,normal,535.4752
19,451,27090,4,0,2.011,2.011,0.5028,1000.0,1.3006116631164555,1.0,normal,537.4862
19,451,27105,1,0,0.5494,0.5494,0.5494,1000.0,1.3006116631164555,1.0,normal,538.0356
19,452,27120,4,0,4.292,4.292,1.073,1000.0,1.073004622071076,1.0,normal,542.3276
19,452,27135,1,0,1.073,1.073,1.073,1000.0,1.073004622071076,1.0,normal,543.4006
19,452,27150,1,0,1.073,1.073,1.073,1000.0,1.073004622071076,1.0,normal,544.4736
19,452,27165,1,0,1.073,1.073,1.073,1000.0,1.073004622071076,1.0,normal,545.5466
19,453,27180,0,0,0.0,0.0,0.8852,1000.0,0.8852288132086378,1.0,normal,545.5466
19,453,27195,5,0,4.4261,4.4261,0.8852,1000.0,0.8852288132086378,1.0,normal,549.9727
19,453,27210,0,0,0.0,0.0,0.8852,1000.0,0.8852288132086378,1.0,normal,549.9727
19,453,27225,2,0,1.7341,1.7341,0.8671,1000.0,0.8852288132086378,1.0,normal,551.7068
19,454,27240,6,0,4.3819,4.3819,0.7303,1000.0,0.7303137708971262,1.0,normal,556.0887
19,454,27255,2,0,1.4606,1.4606,0.7303,1000.0,0.7303137708971262,1.0,normal,557.5493
19,454,27270,2,1,1.4606,1.4606,0.7303,1000.0,0.7303137708971262,1.0,normal,559.0099
19,454,27285,2,0,1.4606,1.4606,0.7303,1000.0,0.7303137708971262,1.0,normal,560.4705
19,455,27300,1,0,0.6025,0.6025,0.6025,1000.0,0.6025088609901291,1.0,normal,561.073
19,455,27315,4,0,2.41,2.41,0.6025,1000.0,0.6025088609901291,1.0,normal,563.483
19,455,27330,2,0,1.205,1.205,0.6025,1000.0,0.6025088609901291,1.0,normal,564.688
19,455,27345,0,0,0.0,0.0,0.6025,1000.0,0.6025088609901291,1.0,normal,564.688
20,456,27360,2,0,1.0,1.0,0.5,1000.0,0.5,1.0,normal,1.0
20,456,27375,1,0,0.5,0.5,0.5,1000.0,0.5,1.0,normal,1.5
20,456,27390,0,0,0.0,0.0,0.5,1000.0,0.5,1.0,normal,1.5
20,456,27405,3,0,1.0191,1.0191,0.3397,1000.0,0.5,1.0,normal,2.5191
20,457,27420,1,0,0.5,0.5,0.5,1000.0,0.5,1.0,normal,3.0191
20,457,27435,1,0,0.4528,0.4528,0.4528,1000.0,0.5,1.0,normal,3.4719
20,457,27450,0,0,0.0,0.0,0.5,1000.0,0.5,1.0,normal,3.4719
20,457,27465,3,0,1.5,1.5,0.5,1000.0,0.5,1.0,normal,4.9719
20,458,27480,0,0,0.0,0.0,0.5,1000.0,0.5,1.0,normal,4.9719
20,458,27495,0,0,0.0,0.0,0.5,1000.0,0.5,1.0,normal,4.9719
20,458,27510,0,0,0.0,0.0,0.5,1000.0,0.5,1.0,normal,4.9719
20,458,27525,2,0,1.0,1.0,0.5,1000.0,0.5,1.0,normal,5.9719
20,459,27540,1,0,0.5,0.5,0.5,1000.0,0.5,1.0,normal,6.4719
20,459,27555,1,0,0.5,0.5,0.5,1000.0,0.5,1.0,normal,6.9719
20,459,27570,2,0,0.7768,0.7768,0.3884,1000.0,0.5,1.0,normal,7.7487
20,459,27585,1,0,0.5,0.5,0.5,1000.0,0.5,1.0,normal,8.2487
20,460,27600,5,0,2.5,2.5,0.5,1000.0,0.5,1.0,normal,10.7487
20,460,27615,1,0,0.5,0.5,0.5,1000.0,0.5,1.0,normal,11.2487
20,460,27630,0,0,0.0,0.0,0.5,1000.0,0.5,1.0,normal,11.2487
20,460,27645,3,0,1.5,1.5,0.5,1000.0,0.5,1.0,normal,12.7487
20,461,27660,0,0,0.0,0.0,0.5,1000.0,0.5,1.0,normal,12.7487
20,461,27675,0,0,0.0,0.0,0.5,1000.0,0.5,1.0,normal,12.7487
20,461,27690,5,0,2.5,2.5,0.5,1000.0,0.5,1.0,normal,15.2487
20,461,27705,0,0,0.0,0.0,0.5,1000.0,0.5,1.0,normal,15.2487
20,462,27720,2,0,1.0,1.0,0.5,1000.0,0.5,1.0,normal,16.2487
20,462,27735,0,0,0.0,0.0,0.5,1000.0,0.5,1.0,normal,16.2487
20,462,27750,2,0,1.0,1.0,0.5,1000.0,0.5,1.0,normal,17.2487
20,462,27765,4,0,2.0,2.0,0.5,1000.0,0.5,1.0,normal,19.2487
20,463,27780,0,0,0.0,0.0,0.5,1000.0,0.5,1.0,normal,19.2487
20,463,27795,0,0,0.0,0.0,0.5,1000.0,0.5,1.0,normal,19.2487
20,463,27810,2,0,0.488,0.488,0.244,1000.0,0.5,1.0,normal,19.7367
20,463,27825,3,0,1.4871,1.4871,0.4957,1000.0,0.5,1.0,normal,21.2238
20,464,27840,2,0,1.0,1.0,0.5,1000.0,0.5,1.0,normal,22.2238
20,464,27855,1,0,0.5,0.5,0.5,1000.0,0.5,1.0,normal,22.7238
20,464,27870,2,0,1.0,1.0,0.5,1000.0,0.5,1.0,normal,23.7238
20,464,27885,1,0,0.1354,0.1354,0.1354,1000.0,0.5,1.0,normal,23.8592
20,465,27900,2,0,1.0,1.0,0.5,1000.0,0.5,1.0,normal,24.8592
20,465,27915,0,0,0.0,0.0,0.5,1000.0,0.5,1.0,normal,24.8592
20,465,27930,1,0,0.5,0.5,0.5,1000.0,0.5,1.0,normal,25.3592
20,465,27945,0,0,0.0,0.0,0.5,1000.0,0.5,1.0,normal,25.3592
20,466,27960,1,0,0.5,0.5,0.5,1000.0,0.5,1.0,normal,25.8592
20,466,27975,0,0,0.0,0.0,0.5,1000.0,0.5,1.0,normal,25.8592
20,466,27990,0,0,0.0,0.0,0.5,1000.0,0.5,1.0,normal,25.8592
20,466,28005,0,0,0.0,0.0,0.5,1000.0,0.5,1.0,normal,25.8592
20,467,28020,2,0,1.0,1.0,0.5,1000.0,0.5,1.0,normal,26.8592
20,467,28035,1,1,0.5,0.5,0.5,1000.0,0.5,1.0,normal,27.3592
20,467,28050,2,0,1.0,1.0,0.5,1000.0,0.5,1.0,normal,28.3592
20,467,28065,1,0,0.3574,0.3574,0.3574,1000.0,0.5,1.0,normal,28.7166
20,468,28080,0,0,0.0,0.0,0.5,1000.0,0.5,1.3,normal,28.7166
20,468,28095,0,0,0.0,0.0,0.2871,1000.0,0.5,1.3,normal,28.7166
20,468,28110,1,0,0.5,0.5,0.5,1000.0,0.5,1.3,normal,29.2166
20,468,28125,1,0,0.5,0.5,0.5,1000.0,0.5,1.3,normal,29.7166
20,469,28140,1,0,0.5,0.5,0.5,1000.0,0.5,1.3,normal,30.2166
20,469,28155,1,0,0.3868,0.3868,0.3868,1000.0,0.5,1.3,normal,30.6034
20,469,28170,0,0,0.0,0.0,0.5,1000.0,0.5,1.3,normal,30.6034
20,469,28185,0,0,0.0,0.0,0.5,1000.0,0.5,1.3,normal,30.6034
20,470,28200,1,0,0.5225,0.5225,0.5225,1000.0,0.5225,1.3,normal,31.1259
20,470,28215,1,0,0.5225,0.5225,0.5225,1000.0,0.5225,1.3,normal,31.6484
20,470,28230,2,0,0.924,0.924,0.462,1000.0,0.5225,1.3,normal,32.5724
20,470,28245,0,0,0.0,0.0,0.5225,1000.0,0.5225,1.3,normal,32.5724
20,471,28260,1,0,0.6322,0.6322,0.6322,1000.0,0.632225,1.3,normal,33.2046
20,471,28275,0,0,0.0,0.0,0.6322,1000.0,0.632225,1.3,normal,33.2046
20,471,28290,1,0,0.6322,0.6322,0.6322,1000.0,0.632225,1.3,normal,33.8368
20,471,28305,3,0,1.8967,1.8967,0.6322,1000.0,0.632225,1.3,normal,35.7335
20,472,28320,4,0,2.7818,2.7818,0.6954,1000.0,0.6954475000000001,1.3,normal,38.5153
20,472,28335,2,0,1.3909,1.3909,0.6954,1000.0,0.6954475000000001,1.3,normal,39.9062
20,472,28350,0,0,0.0,0.0,0.6954,1000.0,0.6954475000000001,1.3,normal,39.9062
20,472,28365,0,0,0.0,0.0,0.6954,1000.0,0.6954475000000001,1.3,normal,39.9062
20,473,28380,1,0,0.765,0.765,0.765,1000.0,0.7649922500000002,1.3,normal,40.6712
20,473,28395,3,0,2.295,2.295,0.765,1000.0,0.7649922500000002,1.3,normal,42.9662
20,473,28410,2,0,1.53,1.53,0.765,1000.0,0.7649922500000002,1.3,normal,44.4962
20,473,28425,4,0,1.8716,1.8716,0.4679,1000.0,0.7649922500000002,1.3,normal,46.3678
20,474,28440,2,0,0.0512,0.0512,0.0256,1000.0,0.9256406225000003,1.3,normal,46.419
20,474,28455,1,0,0.9256,0.9256,0.9256,1000.0,0.9256406225000003,1.3,normal,47.3446
20,474,28470,2,0,1.8513,1.8513,0.9256,1000.0,0.9256406225000003,1.3,normal,49.1959
20,474,28485,3,0,1.571,1.571,0.5237,1000.0,0.9256406225000003,1.3,normal,50.7669
20,475,28500,4,0,4.4801,4.4801,1.12,1000.0,1.1200251532250005,1.3,normal,55.247
20,475,28515,2,0,2.2401,2.2401,1.12,1000.0,1.1200251532250005,1.3,normal,57.4871
20,475,28530,1,0,1.12,1.12,1.12,1000.0,1.1200251532250005,1.3,normal,58.6071
20,475,28545,1,0,0.6714,0.6714,0.6714,1000.0,1.1200251532250005,1.3,normal,59.2785
20,476,28560,3,0,0.024,0.024,0.008,1000.0,1.3552304354022509,1.3,normal,59.3025
20,476,28575,5,0,2.0637,2.0637,0.4127,1000.0,1.3552304354022509,1.3,normal,61.3662
20,476,28590,1,0,1.3552,1.3552,1.3552,1000.0,1.3552304354022509,1.3,normal,62.7214
20,476,28605,3,0,4.0657,4.0657,1.3552,1000.0,1.3552304354022509,1.3,normal,66.7871
20,477,28620,4,0,6.5593,6.5593,1.6398,1000.0,1.6398288268367238,1.3,normal,73.3464
20,477,28635,8,0,13.1186,13.1186,1.6398,1000.0,1.6398288268367238,1.3,normal,86.465
20,477,28650,5,0,8.1991,8.1991,1.6398,1000.0,1.6398288268367238,1.3,normal,94.6641
20,477,28665,4,0,5.4865,5.4865,1.3716,1000.0,1.6398288268367238,1.3,normal,100.1506
20,478,28680,4,0,7.8678,7.8678,1.967,1000.0,1.984192880472436,1.3,normal,108.0184
20,478,28695,5,0,9.921,9.921,1.9842,1000.0,1.984192880472436,1.3,normal,117.9394
20,478,28710,3,0,5.9526,5.9526,1.9842,1000.0,1.984192880472436,1.3,normal,123.892
20,478,28725,4,1,7.9368,7.9368,1.9842,1000.0,1.984192880472436,1.3,normal,131.8288
20,479,28740,6,0,9.3439,9.3439,1.5573,1000.0,2.1826121685196798,1.3,normal,141.1727
20,479,28755,10,0,0.1353,0.1353,0.0135,1000.0,2.1826121685196798,1.3,normal,141.308
20,479,28770,4,0,6.7889,6.7889,1.6972,1000.0,2.1826121685196798,1.3,normal,148.0969
20,479,28785,9,0,19.6435,19.6435,2.1826,1000.0,2.1826121685196798,1.3,normal,167.7404
21,480,28800,13,1,29.1474,29.1474,2.2421,1000.0,5.0,1.3,normal,29.1474
21,480,28815,14,0,31.5692,31.5692,2.2549,1000.0,5.0,1.3,normal,60.7166
21,480,28830,7,1,1.6351,1.6351,0.2336,1000.0,5.0,1.3,normal,62.3517
21,480,28845,8,0,22.9598,22.9598,2.87,1000.0,5.0,1.3,normal,85.3115
21,481,28860,18,0,75.3843,75.3843,4.188,1000.0,6.050000000000001,1.3,normal,160.6958
21,481,28875,18,1,99.5744,99.5744,5.5319,1000.0,6.050000000000001,1.3,normal,260.2702
21,481,28890,18,1,32.6721,32.6721,1.8151,1000.0,6.050000000000001,1.3,normal,292.9423
21,481,28905,17,0,62.1149,62.1149,3.6538,1000.0,6.050000000000001,1.3,normal,355.0572
21,482,28920,17,2,30.8507,15.4254,1.8147,1000.0,6.32225,1.3,normal,385.9079
21,482,28935,24,0,135.2149,135.2149,5.634,1000.0,6.32225,1.3,normal,521.1228
21,482,28950,21,0,56.8582,56.8582,2.7075,1000.0,6.32225,1.3,normal,577.981
21,482,28965,12,1,75.315,75.315,6.2763,1000.0,6.32225,1.3,normal,653.296
21,483,28980,10,1,44.4562,44.4562,4.4456,1000.0,5.911303750000001,1.3,normal,697.7522
21,483,28995,16,1,65.0274,65.0274,4.0642,1000.0,5.911303750000001,1.3,normal,762.7796
21,483,29010,13,0,58.3312,58.3312,4.487,1000.0,5.911303750000001,1.3,normal,821.1108
21,483,29025,25,0,138.0855,138.0855,5.5234,1000.0,5.911303750000001,1.3,budget_constrained,959.1963
21,484,29040,14,0,40.8037,40.8037,2.7893,1000.0,4.522147368750001,1.3,budget_depleted,1000.0
21,484,29055,0,0,0.0,0.0,0.0,1000.0,4.522147368750001,1.3,budget_depleted,1000.0
21,484,29070,0,0,0.0,0.0,0.0,1000.0,4.522147368750001,1.3,budget_depleted,1000.0
21,484,29085,0,0,0.0,0.0,0.0,1000.0,4.522147368750001,1.3,budget_depleted,1000.0
21,485,29100,0,0,0.0,0.0,0.0,1000.0,3.0524494739062504,1.3,budget_depleted,1000.0
21,485,29115,0,0,0.0,0.0,0.0,1000.0,3.0524494739062504,1.3,budget_depleted,1000.0
21,485,29130,0,0,0.0,0.0,0.0,1000.0,3.0524494739062504,1.3,budget_depleted,1000.0
21,485,29145,0,0,0.0,0.0,0.0,1000.0,3.0524494739062504,1.3,budget_depleted,1000.0
21,486,29160,0,0,0.0,0.0,0.0,1000.0,2.060403394886719,1.3,budget_depleted,1000.0
21,486,29175,0,0,0.0,0.0,0.0,1000.0,2.060403394886719,1.3,budget_depleted,1000.0
21,486,29190,0,0,0.0,0.0,0.0,1000.0,2.060403394886719,1.3,budget_depleted,1000.0
21,486,29205,0,0,0.0,0.0,0.0,1000.0,2.060403394886719,1.3,budget_depleted,1000.0
21,487,29220,0,0,0.0,0.0,0.0,1000.0,1.3907722915485352,1.3,budget_depleted,1000.0
21,487,29235,0,0,0.0,0.0,0.0,1000.0,1.3907722915485352,1.3,budget_depleted,1000.0
21,487,29250,0,0,0.0,0.0,0.0,1000.0,1.3907722915485352,1.3,budget_depleted,1000.0
21,487,29265,0,0,0.0,0.0,0.0,1000.0,1.3907722915485352,1.3,budget_depleted,1000.0
21,488,29280,0,0,0.0,0.0,0.0,1000.0,0.9387712967952613,1.3,budget_depleted,1000.0
21,488,29295,0,0,0.0,0.0,0.0,1000.0,0.9387712967952613,1.3,budget_depleted,1000.0
21,488,29310,0,0,0.0,0.0,0.0,1000.0,0.9387712967952613,1.3,budget_depleted,1000.0
21,488,29325,0,0,0.0,0.0,0.0,1000.0,0.9387712967952613,1.3,budget_depleted,1000.0
21,489,29340,0,0,0.0,0.0,0.0,1000.0,0.7181600420483749,1.3,budget_depleted,1000.0
21,489,29355,0,0,0.0,0.0,0.0,1000.0,0.7181600420483749,1.3,budget_depleted,1000.0
21,489,29370,0,0,0.0,0.0,0.0,1000.0,0.7181600420483749,1.3,budget_depleted,1000.0
21,489,29385,0,0,0.0,0.0,0.0,1000.0,0.7181600420483749,1.3,budget_depleted,1000.0
21,490,29400,0,0,0.0,0.0,0.0,1000.0,0.5493924321670068,1.3,budget_depleted,1000.0
21,490,29415,0,0,0.0,0.0,0.0,1000.0,0.5493924321670068,1.3,budget_depleted,1000.0
21,490,29430,0,0,0.0,0.0,0.0,1000.0,0.5493924321670068,1.3,budget_depleted,1000.0
21,490,29445,0,0,0.0,0.0,0.0,1000.0,0.5493924321670068,1.3,budget_depleted,1000.0
21,491,29460,0,0,0.0,0.0,0.0,1000.0,0.5,1.3,budget_depleted,1000.0
21,491,29475,0,0,0.0,0.0,0.0,1000.0,0.5,1.3,budget_depleted,1000.0
21,491,29490,0,0,0.0,0.0,0.0,1000.0,0.5,1.3,budget_depleted,1000.0
21,491,29505,0,0,0.0,0.0,0.0,1000.0,0.5,1.3,budget_depleted,1000.0
21,492,29520,0,0,0.0,0.0,0.0,1000.0,0.5,1.3,budget_depleted,1000.0
21,492,29535,0,0,0.0,0.0,0.0,1000.0,0.5,1.3,budget_depleted,1000.0
21,492,29550,0,0,0.0,0.0,0.0,1000.0,0.5,1.3,budget_depleted,1000.0
21,492,29565,0,0,0.0,0.0,0.0,1000.0,0.5,1.3,budget_depleted,1000.0
21,493,29580,0,0,0.0,0.0,0.0,1000.0,0.5,1.3,budget_depleted,1000.0
21,493,29595,0,0,0.0,0.0,0.0,1000.0,0.5,1.3,budget_depleted,1000.0
21,493,29610,0,0,0.0,0.0,0.0,1000.0,0.5,1.3,budget_depleted,1000.0
21,493,29625,0,0,0.0,0.0,0.0,1000.0,0.5,1.3,budget_depleted,1000.0
21,494,29640,0,0,0.0,0.0,0.0,1000.0,0.5,1.3,budget_depleted,1000.0
21,494,29655,0,0,0.0,0.0,0.0,1000.0,0.5,1.3,budget_depleted,1000.0
21,494,29670,0,0,0.0,0.0,0.0,1000.0,0.5,1.3,budget_depleted,1000.0
21,494,29685,0,0,0.0,0.0,0.0,1000.0,0.5,1.3,budget_depleted,1000.0
21,495,29700,0,0,0.0,0.0,0.0,1000.0,0.5,1.3,budget_depleted,1000.0
21,495,29715,0,0,0.0,0.0,0.0,1000.0,0.5,1.3,budget_depleted,1000.0
21,495,29730,0,0,0.0,0.0,0.0,1000.0,0.5,1.3,budget_depleted,1000.0
21,495,29745,0,0,0.0,0.0,0.0,1000.0,0.5,1.3,budget_depleted,1000.0
21,496,29760,0,0,0.0,0.0,0.0,1000.0,0.5,1.3,budget_depleted,1000.0
21,496,29775,0,0,0.0,0.0,0.0,1000.0,0.5,1.3,budget_depleted,1000.0
21,496,29790,0,0,0.0,0.0,0.0,1000.0,0.5,1.3,budget_depleted,1000.0
21,496,29805,0,0,0.0,0.0,0.0,1000.0,0.5,1.3,budget_depleted,1000.0
21,497,29820,0,0,0.0,0.0,0.0,1000.0,0.5,1.3,budget_depleted,1000.0
21,497,29835,0,0,0.0,0.0,0.0,1000.0,0.5,1.3,budget_depleted,1000.0
21,497,29850,0,0,0.0,0.0,0.0,1000.0,0.5,1.3,budget_depleted,1000.0
21,497,29865,0,0,0.0,0.0,0.0,1000.0,0.5,1.3,budget_depleted,1000.0
21,498,29880,0,0,0.0,0.0,0.0,1000.0,0.5,1.3,budget_depleted,1000.0
21,498,29895,0,0,0.0,0.0,0.0,1000.0,0.5,1.3,budget_depleted,1000.0
21,498,29910,0,0,0.0,0.0,0.0,1000.0,0.5,1.3,budget_depleted,1000.0
21,498,29925,0,0,0.0,0.0,0.0,1000.0,0.5,1.3,budget_depleted,1000.0
21,499,29940,0,0,0.0,0.0,0.0,1000.0,0.5,1.3,budget_depleted,1000.0
21,499,29955,0,0,0.0,0.0,0.0,1000.0,0.5,1.3,budget_depleted,1000.0
21,499,29970,0,0,0.0,0.0,0.0,1000.0,0.5,1.3,budget_depleted,1000.0
21,499,29985,0,0,0.0,0.0,0.0,1000.0,0.5,1.3,budget_depleted,1000.0
21,500,30000,0,0,0.0,0.0,0.0,1000.0,0.5,1.3,budget_depleted,1000.0
21,500,30015,0,0,0.0,0.0,0.0,1000.0,0.5,1.3,budget_depleted,1000.0
21,500,30030,0,0,0.0,0.0,0.0,1000.0,0.5,1.3,budget_depleted,1000.0
21,500,30045,0,0,0.0,0.0,0.0,1000.0,0.5,1.3,budget_depleted,1000.0
21,501,30060,0,0,0.0,0.0,0.0,1000.0,0.5,1.3,budget_depleted,1000.0
21,501,30075,0,0,0.0,0.0,0.0,1000.0,0.5,1.3,budget_depleted,1000.0
21,501,30090,0,0,0.0,0.0,0.0,1000.0,0.5,1.3,budget_depleted,1000.0
21,501,30105,0,0,0.0,0.0,0.0,1000.0,0.5,1.3,budget_depleted,1000.0
21,502,30120,0,0,0.0,0.0,0.0,1000.0,0.5,1.3,budget_depleted,1000.0
21,502,30135,0,0,0.0,0.0,0.0,1000.0,0.5,1.3,budget_depleted,1000.0
21,502,30150,0,0,0.0,0.0,0.0,1000.0,0.5,1.3,budget_depleted,1000.0
21,502,30165,0,0,0.0,0.0,0.0,1000.0,0.5,1.3,budget_depleted,1000.0
21,503,30180,0,0,0.0,0.0,0.0,1000.0,0.5,1.3,budget_depleted,1000.0
21,503,30195,0,0,0.0,0.0,0.0,1000.0,0.5,1.3,budget_depleted,1000.0
21,503,30210,0,0,0.0,0.0,0.0,1000.0,0.5,1.3,budget_depleted,1000.0
21,503,30225,0,0,0.0,0.0,0.0,1000.0,0.5,1.3,budget_depleted,1000.0
22,504,30240,0,0,0.0,0.0,0.0,700.0,0.5,1.3,normal,0.0
22,504,30255,1,0,0.5,0.5,0.5,700.0,0.5,1.3,normal,0.5
22,504,30270,1,0,0.4836,0.4836,0.4836,700.0,0.5,1.3,normal,0.9836
22,504,30285,1,0,0.5,0.5,0.5,700.0,0.5,1.3,normal,1.4836
22,505,30300,1,0,0.5,0.5,0.5,700.0,0.5,1.3,normal,1.9836
22,505,30315,0,0,0.0,0.0,0.5,700.0,0.5,1.3,normal,1.9836
22,505,30330,0,0,0.0,0.0,0.5,700.0,0.5,1.3,normal,1.9836
22,505,30345,0,0,0.0,0.0,0.5,700.0,0.5,1.3,normal,1.9836
22,506,30360,2,0,1.0,1.0,0.5,700.0,0.5,1.3,normal,2.9836
22,506,30375,0,0,0.0,0.0,0.5,700.0,0.5,1.3,normal,2.9836
22,506,30390,1,0,0.5,0.5,0.5,700.0,0.5,1.3,normal,3.4836
22,506,30405,1,0,0.5,0.5,0.5,700.0,0.5,1.3,normal,3.9836
22,507,30420,1,0,0.5,0.5,0.5,700.0,0.5,1.3,normal,4.4836
22,507,30435,1,0,0.5,0.5,0.5,700.0,0.5,1.3,normal,4.9836
22,507,30450,2,0,1.0,1.0,0.5,700.0,0.5,1.3,normal,5.9836
22,507,30465,4,1,2.0,2.0,0.5,700.0,0.5,1.3,normal,7.9836
22,508,30480,0,0,0.0,0.0,0.605,700.0,0.6050000000000001,1.3,normal,7.9836
22,508,30495,0,0,0.0,0.0,0.605,700.0,0.6050000000000001,1.3,normal,7.9836
22,508,30510,1,0,0.605,0.605,0.605,700.0,0.6050000000000001,1.3,normal,8.5886
22,508,30525,0,0,0.0,0.0,0.605,700.0,0.6050000000000001,1.3,normal,8.5886
22,509,30540,1,0,0.7321,0.7321,0.7321,700.0,0.7320500000000003,1.3,normal,9.3207
22,509,30555,2,1,0.2019,0.2019,0.101,700.0,0.7320500000000003,1.3,normal,9.5226
22,509,30570,4,0,2.9282,2.9282,0.7321,700.0,0.7320500000000003,1.3,normal,12.4508
22,509,30585,2,0,1.4641,1.4641,0.7321,700.0,0.7320500000000003,1.3,normal,13.9149
22,510,30600,0,0,0.0,0.0,0.8858,700.0,0.8857805000000005,1.3,normal,13.9149
22,510,30615,4,0,3.5431,3.5431,0.8858,700.0,0.8857805000000005,1.3,normal,17.458
22,510,30630,2,0,0.75,0.75,0.375,700.0,0.8857805000000005,1.3,normal,18.208
22,510,30645,0,0,0.0,0.0,0.463,700.0,0.8857805000000005,1.3,normal,18.208
22,511,30660,2,0,0.5562,0.5562,0.2781,700.0,1.0717944050000008,1.3,normal,18.7642
22,511,30675,6,1,6.4308,6.4308,1.0718,700.0,1.0717944050000008,1.3,normal,25.195
22,511,30690,1,0,1.0718,1.0718,1.0718,700.0,1.0717944050000008,1.3,normal,26.2668
22,511,30705,4,0,4.2872,4.2872,1.0718,700.0,1.0717944050000008,1.3,normal,30.554
22,512,30720,2,0,2.5937,2.5937,1.2969,700.0,1.2968712300500012,1.3,normal,33.1477
22,512,30735,1,0,1.2969,1.2969,1.2969,700.0,1.2968712300500012,1.3,normal,34.4446
22,512,30750,3,0,2.7608,2.7608,0.9203,700.0,1.2968712300500012,1.3,normal,37.2054
22,512,30765,5,0,4.0412,4.0412,0.8082,700.0,1.2968712300500012,1.3,normal,41.2466
22,513,30780,2,0,3.1384,3.1384,1.5692,700.0,1.5692141883605017,1.3,normal,44.385
22,513,30795,5,0,3.8869,3.8869,0.7774,700.0,1.5692141883605017,1.3,normal,48.2719
22,513,30810,3,0,2.3512,2.3512,0.7837,700.0,1.5692141883605017,1.3,normal,50.6231
22,513,30825,6,0,7.4382,7.4382,1.2397,700.0,1.5692141883605017,1.3,normal,58.0613
22,514,30840,5,0,9.4937,9.4937,1.8987,700.0,1.8987491679162074,1.3,normal,67.555
22,514,30855,3,1,5.6962,5.6962,1.8987,700.0,1.8987491679162074,1.3,normal,73.2512
22,514,30870,5,0,9.4937,9.4937,1.8987,700.0,1.8987491679162074,1.3,normal,82.7449
22,514,30885,3,0,3.3717,3.3717,1.1239,700.0,1.8987491679162074,1.3,normal,86.1166
22,515,30900,8,0,18.3799,18.3799,2.2975,700.0,2.297486493178611,1.3,normal,104.4965
22,515,30915,5,0,11.4874,11.4874,2.2975,700.0,2.297486493178611,1.3,normal,115.9839
22,515,30930,3,0,6.4821,6.4821,2.1607,700.0,2.297486493178611,1.3,normal,122.466
22,515,30945,8,0,15.3656,15.3656,1.9207,700.0,2.297486493178611,1.3,normal,137.8316
22,516,30960,10,1,17.3661,17.3661,1.7366,700.0,5.0,1.3,normal,155.1977
22,516,30975,8,0,11.5597,11.5597,1.445,700.0,5.0,1.3,normal,166.7574
22,516,30990,10,0,15.2534,15.2534,1.5253,700.0,5.0,1.3,normal,182.0108
22,516,31005,13,0,38.8835,38.8835,2.991,700.0,5.0,1.3,normal,220.8943
22,517,31020,21,0,44.3947,44.3947,2.114,700.0,6.050000000000001,1.3,normal,265.289
22,517,31035,16,1,96.8,96.8,6.05,700.0,6.050000000000001,1.3,normal,362.089
22,517,31050,16,0,16.9412,16.9412,1.0588,700.0,6.050000000000001,1.3,normal,379.0302
22,517,31065,22,0,77.6404,77.6404,3.5291,700.0,6.050000000000001,1.3,normal,456.6706
22,518,31080,10,1,54.8536,54.8536,5.4854,700.0,6.655000000000001,1.3,normal,511.5242
22,518,31095,17,1,1.3257,1.3257,0.078,700.0,6.655000000000001,1.3,normal,512.8499
22,518,31110,26,1,40.4573,40.4573,1.556,700.0,6.655000000000001,1.3,normal,553.3072
22,518,31125,11,0,27.6748,27.6748,2.5159,700.0,6.655000000000001,1.3,normal,580.982
22,519,31140,19,0,20.4911,20.4911,1.0785,700.0,7.320500000000002,1.3,normal,601.4731
22,519,31155,18,0,24.4146,24.4146,1.3564,700.0,7.320500000000002,1.3,normal,625.8877
22,519,31170,17,0,74.1123,74.1123,4.3011,700.0,7.320500000000002,1.3,budget_constrained,700.0
22,519,31185,0,0,0.0,0.0,1.5776,700.0,7.320500000000002,1.3,budget_constrained,700.0
22,520,31200,0,0,0.0,0.0,6.757,700.0,7.320500000000002,1.3,budget_constrained,700.0
22,520,31215,0,0,0.0,0.0,4.6084,700.0,7.320500000000002,1.3,budget_constrained,700.0
22,520,31230,0,0,0.0,0.0,2.6234,700.0,7.320500000000002,1.3,budget_constrained,700.0
22,520,31245,0,0,0.0,0.0,2.5368,700.0,7.320500000000002,1.3,budget_constrained,700.0
22,521,31260,0,0,0.0,0.0,7.1173,700.0,7.320500000000002,1.3,budget_constrained,700.0
22,521,31275,0,0,0.0,0.0,0.8934,700.0,7.320500000000002,1.3,budget_constrained,700.0
22,521,31290,0,0,0.0,0.0,2.3317,700.0,7.320500000000002,1.3,budget_constrained,700.0
22,521,31305,0,0,0.0,0.0,4.6732,700.0,7.320500000000002,1.3,budget_constrained,700.0
22,522,31320,0,0,0.0,0.0,0.3054,700.0,7.320500000000002,1.3,budget_constrained,700.0
22,522,31335,0,0,0.0,0.0,4.6504,700.0,7.320500000000002,1.3,budget_constrained,700.0
22,522,31350,0,0,0.0,0.0,6.2478,700.0,7.320500000000002,1.3,budget_constrained,700.0
22,522,31365,0,0,0.0,0.0,1.5212,700.0,7.320500000000002,1.3,budget_constrained,700.0
22,523,31380,0,0,0.0,0.0,3.4878,700.0,7.320500000000002,1.3,budget_constrained,700.0
22,523,31395,0,0,0.0,0.0,2.5493,700.0,7.320500000000002,1.3,budget_constrained,700.0
22,523,31410,0,0,0.0,0.0,0.0101,700.0,7.320500000000002,1.3,budget_constrained,700.0
22,523,31425,0,0,0.0,0.0,0.9607,700.0,7.320500000000002,1.3,budget_constrained,700.0
22,524,31440,0,0,0.0,0.0,4.2191,700.0,7.320500000000002,1.3,budget_constrained,700.0
22,524,31455,0,0,0.0,0.0,7.1107,700.0,7.320500000000002,1.3,budget_constrained,700.0
22,524,31470,0,0,0.0,0.0,5.0185,700.0,7.320500000000002,1.3,budget_constrained,700.0
22,524,31485,0,0,0.0,0.0,3.2064,700.0,7.320500000000002,1.3,budget_constrained,700.0
22,525,31500,0,0,0.0,0.0,3.6188,700.0,7.320500000000002,1.3,budget_constrained,700.0
22,525,31515,0,0,0.0,0.0,4.0613,700.0,7.320500000000002,1.3,budget_constrained,700.0
22,525,31530,0,0,0.0,0.0,3.6704,700.0,7.320500000000002,1.3,budget_constrained,700.0
22,525,31545,0,0,0.0,0.0,4.0385,700.0,7.320500000000002,1.3,budget_constrained,700.0
22,526,31560,0,0,0.0,0.0,3.3184,700.0,7.320500000000002,1.3,budget_constrained,700.0
22,526,31575,0,0,0.0,0.0,3.2112,700.0,7.320500000000002,1.3,budget_constrained,700.0
22,526,31590,0,0,0.0,0.0,2.1478,700.0,7.320500000000002,1.3,budget_constrained,700.0
22,526,31605,0,0,0.0,0.0,1.979,700.0,7.320500000000002,1.3,budget_constrained,700.0
22,527,31620,0,0,0.0,0.0,4.592,700.0,7.320500000000002,1.3,budget_constrained,700.0
22,527,31635,0,0,0.0,0.0,0.3739,700.0,7.320500000000002,1.3,budget_constrained,700.0
22,527,31650,0,0,0.0,0.0,2.3111,700.0,7.320500000000002,1.3,budget_constrained,700.0
22,527,31665,0,0,0.0,0.0,6.6561,700.0,7.320500000000002,1.3,budget_constrained,700.0
23,528,31680,0,0,0.0,0.0,3.4788,700.0,7.320500000000002,1.3,normal,0.0
23,528,31695,18,0,15.7797,15.7797,0.8767,700.0,7.320500000000002,1.3,normal,15.7797
23,528,31710,17,2,3.5943,1.7971,0.2114,700.0,7.320500000000002,1.3,normal,19.374
23,528,31725,16,0,68.8414,68.8414,4.3026,700.0,7.320500000000002,1.3,normal,88.2154
23,529,31740,19,0,38.049,38.049,2.0026,700.0,6.588450000000002,1.3,normal,126.2644
23,529,31755,19,0,59.4134,59.4134,3.127,700.0,6.588450000000002,1.3,normal,185.6778
23,529,31770,13,1,69.5002,69.5002,5.3462,700.0,6.588450000000002,1.3,normal,255.178
23,529,31785,17,1,47.9312,47.9312,2.8195,700.0,6.588450000000002,1.3,normal,303.1092
23,530,31800,19,0,112.6625,112.6625,5.9296,700.0,5.929605000000001,1.3,normal,415.7717
23,530,31815,15,0,88.9441,88.9441,5.9296,700.0,5.929605000000001,1.3,normal,504.7158
23,530,31830,14,1,37.0374,37.0374,2.6455,700.0,5.929605000000001,1.3,normal,541.7532
23,530,31845,11,2,61.9991,30.9995,5.6363,700.0,5.929605000000001,1.3,normal,603.7523
23,531,31860,14,1,53.7127,53.7127,3.8366,700.0,5.069812275000001,1.3,budget_constrained,657.465
23,531,31875,5,0,3.8181,3.8181,0.7636,700.0,5.069812275000001,1.3,budget_constrained,661.2831
23,531,31890,12,1,7.7791,7.7791,0.6483,700.0,5.069812275000001,1.3,budget_constrained,669.0622
23,531,31905,8,0,30.9378,30.9378,3.5001,700.0,5.069812275000001,1.3,budget_depleted,700.0
23,532,31920,0,0,0.0,0.0,0.0,700.0,4.3346894951250015,1.3,budget_depleted,700.0
23,532,31935,0,0,0.0,0.0,0.0,700.0,4.3346894951250015,1.3,budget_depleted,700.0
23,532,31950,0,0,0.0,0.0,0.0,700.0,4.3346894951250015,1.3,budget_depleted,700.0
23,532,31965,0,0,0.0,0.0,0.0,700.0,4.3346894951250015,1.3,budget_depleted,700.0
23,533,31980,0,0,0.0,0.0,0.0,700.0,3.706159518331876,1.3,budget_depleted,700.0
23,533,31995,0,0,0.0,0.0,0.0,700.0,3.706159518331876,1.3,budget_depleted,700.0
23,533,32010,0,0,0.0,0.0,0.0,700.0,3.706159518331876,1.3,budget_depleted,700.0
23,533,32025,0,0,0.0,0.0,0.0,700.0,3.706159518331876,1.3,budget_depleted,700.0
23,534,32040,0,0,0.0,0.0,0.0,700.0,3.168766388173754,1.3,budget_depleted,700.0
23,534,32055,0,0,0.0,0.0,0.0,700.0,3.168766388173754,1.3,budget_depleted,700.0
23,534,32070,0,0,0.0,0.0,0.0,700.0,3.168766388173754,1.3,budget_depleted,700.0
23,534,32085,0,0,0.0,0.0,0.0,700.0,3.168766388173754,1.3,budget_depleted,700.0
23,535,32100,0,0,0.0,0.0,0.0,700.0,2.7092952618885597,1.3,budget_depleted,700.0
23,535,32115,0,0,0.0,0.0,0.0,700.0,2.7092952618885597,1.3,budget_depleted,700.0
23,535,32130,0,0,0.0,0.0,0.0,700.0,2.7092952618885597,1.3,budget_depleted,700.0
23,535,32145,0,0,0.0,0.0,0.0,700.0,2.7092952618885597,1.3,budget_depleted,700.0
23,536,32160,0,0,0.0,0.0,0.0,700.0,2.0726108753447483,1.3,budget_depleted,700.0
23,536,32175,0,0,0.0,0.0,0.0,700.0,2.0726108753447483,1.3,budget_depleted,700.0
23,536,32190,0,0,0.0,0.0,0.0,700.0,2.0726108753447483,1.3,budget_depleted,700.0
23,536,32205,0,0,0.0,0.0,0.0,700.0,2.0726108753447483,1.3,budget_depleted,700.0
23,537,32220,0,0,0.0,0.0,0.0,700.0,1.5855473196387326,1.3,budget_depleted,700.0
23,537,32235,0,0,0.0,0.0,0.0,700.0,1.5855473196387326,1.3,budget_depleted,700.0
23,537,32250,0,0,0.0,0.0,0.0,700.0,1.5855473196387326,1.3,budget_depleted,700.0
23,537,32265,0,0,0.0,0.0,0.0,700.0,1.5855473196387326,1.3,budget_depleted,700.0
23,538,32280,0,0,0.0,0.0,0.0,700.0,1.2129436995236305,1.3,budget_depleted,700.0
23,538,32295,0,0,0.0,0.0,0.0,700.0,1.2129436995236305,1.3,budget_depleted,700.0
23,538,32310,0,0,0.0,0.0,0.0,700.0,1.2129436995236305,1.3,budget_depleted,700.0
23,538,32325,0,0,0.0,0.0,0.0,700.0,1.2129436995236305,1.3,budget_depleted,700.0
23,539,32340,0,0,0.0,0.0,0.0,700.0,0.9279019301355773,1.3,budget_depleted,700.0
23,539,32355,0,0,0.0,0.0,0.0,700.0,0.9279019301355773,1.3,budget_depleted,700.0
23,539,32370,0,0,0.0,0.0,0.0,700.0,0.9279019301355773,1.3,budget_depleted,700.0
23,539,32385,0,0,0.0,0.0,0.0,700.0,0.9279019301355773,1.3,budget_depleted,700.0
23,540,32400,0,0,0.0,0.0,0.0,700.0,0.7098449765537166,1.3,budget_depleted,700.0
23,540,32415,0,0,0.0,0.0,0.0,700.0,0.7098449765537166,1.3,budget_depleted,700.0
23,540,32430,0,0,0.0,0.0,0.0,700.0,0.7098449765537166,1.3,budget_depleted,700.0
23,540,32445,0,0,0.0,0.0,0.0,700.0,0.7098449765537166,1.3,budget_depleted,700.0
23,541,32460,0,0,0.0,0.0,0.0,700.0,0.5430314070635932,1.3,budget_depleted,700.0
23,541,32475,0,0,0.0,0.0,0.0,700.0,0.5430314070635932,1.3,budget_depleted,700.0
23,541,32490,0,0,0.0,0.0,0.0,700.0,0.5430314070635932,1.3,budget_depleted,700.0
23,541,32505,0,0,0.0,0.0,0.0,700.0,0.5430314070635932,1.3,budget_depleted,700.0
23,542,32520,0,0,0.0,0.0,0.0,700.0,0.5,1.3,budget_depleted,700.0
23,542,32535,0,0,0.0,0.0,0.0,700.0,0.5,1.3,budget_depleted,700.0
23,542,32550,0,0,0.0,0.0,0.0,700.0,0.5,1.3,budget_depleted,700.0
23,542,32565,0,0,0.0,0.0,0.0,700.0,0.5,1.3,budget_depleted,700.0
23,543,32580,0,0,0.0,0.0,0.0,700.0,0.5,1.3,budget_depleted,700.0
23,543,32595,0,0,0.0,0.0,0.0,700.0,0.5,1.3,budget_depleted,700.0
23,543,32610,0,0,0.0,0.0,0.0,700.0,0.5,1.3,budget_depleted,700.0
23,543,32625,0,0,0.0,0.0,0.0,700.0,0.5,1.3,budget_depleted,700.0
23,544,32640,0,0,0.0,0.0,0.0,700.0,0.5,1.3,budget_depleted,700.0
23,544,32655,0,0,0.0,0.0,0.0,700.0,0.5,1.3,budget_depleted,700.0
23,544,32670,0,0,0.0,0.0,0.0,700.0,0.5,1.3,budget_depleted,700.0
23,544,32685,0,0,0.0,0.0,0.0,700.0,0.5,1.3,budget_depleted,700.0
23,545,32700,0,0,0.0,0.0,0.0,700.0,0.5,1.3,budget_depleted,700.0
23,545,32715,0,0,0.0,0.0,0.0,700.0,0.5,1.3,budget_depleted,700.0
23,545,32730,0,0,0.0,0.0,0.0,700.0,0.5,1.3,budget_depleted,700.0
23,545,32745,0,0,0.0,0.0,0.0,700.0,0.5,1.3,budget_depleted,700.0
23,546,32760,0,0,0.0,0.0,0.0,700.0,0.5,1.3,budget_depleted,700.0
23,546,32775,0,0,0.0,0.0,0.0,700.0,0.5,1.3,budget_depleted,700.0
23,546,32790,0,0,0.0,0.0,0.0,700.0,0.5,1.3,budget_depleted,700.0
23,546,32805,0,0,0.0,0.0,0.0,700.0,0.5,1.3,budget_depleted,700.0
23,547,32820,0,0,0.0,0.0,0.0,700.0,0.5,1.3,budget_depleted,700.0
23,547,32835,0,0,0.0,0.0,0.0,700.0,0.5,1.3,budget_depleted,700.0
23,547,32850,0,0,0.0,0.0,0.0,700.0,0.5,1.3,budget_depleted,700.0
23,547,32865,0,0,0.0,0.0,0.0,700.0,0.5,1.3,budget_depleted,700.0
23,548,32880,0,0,0.0,0.0,0.0,700.0,0.5,1.3,budget_depleted,700.0
23,548,32895,0,0,0.0,0.0,0.0,700.0,0.5,1.3,budget_depleted,700.0
23,548,32910,0,0,0.0,0.0,0.0,700.0,0.5,1.3,budget_depleted,700.0
23,548,32925,0,0,0.0,0.0,0.0,700.0,0.5,1.3,budget_depleted,700.0
23,549,32940,0,0,0.0,0.0,0.0,700.0,0.5,1.3,budget_depleted,700.0
23,549,32955,0,0,0.0,0.0,0.0,700.0,0.5,1.3,budget_depleted,700.0
23,549,32970,0,0,0.0,0.0,0.0,700.0,0.5,1.3,budget_depleted,700.0
23,549,32985,0,0,0.0,0.0,0.0,700.0,0.5,1.3,budget_depleted,700.0
23,550,33000,0,0,0.0,0.0,0.0,700.0,0.5,1.3,budget_depleted,700.0
23,550,33015,0,0,0.0,0.0,0.0,700.0,0.5,1.3,budget_depleted,700.0
23,550,33030,0,0,0.0,0.0,0.0,700.0,0.5,1.3,budget_depleted,700.0
23,550,33045,0,0,0.0,0.0,0.0,700.0,0.5,1.3,budget_depleted,700.0
23,551,33060,0,0,0.0,0.0,0.0,700.0,0.5,1.3,budget_depleted,700.0
23,551,33075,0,0,0.0,0.0,0.0,700.0,0.5,1.3,budget_depleted,700.0
23,551,33090,0,0,0.0,0.0,0.0,700.0,0.5,1.3,budget_depleted,700.0
23,551,33105,0,0,0.0,0.0,0.0,700.0,0.5,1.3,budget_depleted,700.0
24,552,33120,0,0,0.0,0.0,0.0,700.0,0.5,1.3,normal,0.0
24,552,33135,0,0,0.0,0.0,0.5,700.0,0.5,1.3,normal,0.0
24,552,33150,1,0,0.5,0.5,0.5,700.0,0.5,1.3,normal,0.5
24,552,33165,2,0,1.0,1.0,0.5,700.0,0.5,1.3,normal,1.5
24,553,33180,1,0,0.5,0.5,0.5,700.0,0.5,1.3,normal,2.0
24,553,33195,3,0,1.5,1.5,0.5,700.0,0.5,1.3,normal,3.5
24,553,33210,0,0,0.0,0.0,0.2348,700.0,0.5,1.3,normal,3.5
24,553,33225,0,0,0.0,0.0,0.5,700.0,0.5,1.3,normal,3.5
24,554,33240,2,0,1.045,1.045,0.5225,700.0,0.5225,1.3,normal,4.545
24,554,33255,0,0,0.0,0.0,0.5225,700.0,0.5225,1.3,normal,4.545
24,554,33270,2,0,1.045,1.045,0.5225,700.0,0.5225,1.3,normal,5.59
24,554,33285,2,0,0.9613,0.9613,0.4806,700.0,0.5225,1.3,normal,6.5513
24,555,33300,1,0,0.6322,0.6322,0.6322,700.0,0.632225,1.3,normal,7.1835
24,555,33315,1,0,0.6322,0.6322,0.6322,700.0,0.632225,1.3,normal,7.8157
24,555,33330,0,0,0.0,0.0,0.6322,700.0,0.632225,1.3,normal,7.8157
24,555,33345,0,0,0.0,0.0,0.6322,700.0,0.632225,1.3,normal,7.8157
24,556,33360,2,0,1.3909,1.3909,0.6954,700.0,0.6954475000000001,1.3,normal,9.2066
24,556,33375,0,0,0.0,0.0,0.6954,700.0,0.6954475000000001,1.3,normal,9.2066
24,556,33390,1,0,0.6954,0.6954,0.6954,700.0,0.6954475000000001,1.3,normal,9.902
24,556,33405,1,0,0.6954,0.6954,0.6954,700.0,0.6954475000000001,1.3,normal,10.5974
24,557,33420,1,0,0.765,0.765,0.765,700.0,0.7649922500000002,1.3,normal,11.3624
24,557,33435,1,0,0.679,0.679,0.679,700.0,0.7649922500000002,1.3,normal,12.0414
24,557,33450,2,0,1.53,1.53,0.765,700.0,0.7649922500000002,1.3,normal,13.5714
24,557,33465,3,0,0.7468,0.7468,0.2489,700.0,0.7649922500000002,1.3,normal,14.3182
24,558,33480,0,0,0.0,0.0,0.8415,700.0,0.8414914750000002,1.3,normal,14.3182
24,558,33495,2,0,1.683,1.683,0.8415,700.0,0.8414914750000002,1.3,normal,16.0012
24,558,33510,2,0,1.683,1.683,0.8415,700.0,0.8414914750000002,1.3,normal,17.6842
24,558,33525,1,0,0.8415,0.8415,0.8415,700.0,0.8414914750000002,1.3,normal,18.5257
24,559,33540,2,0,1.8513,1.8513,0.9256,700.0,0.9256406225000003,1.3,normal,20.377
24,559,33555,3,0,2.7769,2.7769,0.9256,700.0,0.9256406225000003,1.3,normal,23.1539
24,559,33570,2,0,0.3156,0.3156,0.1578,700.0,0.9256406225000003,1.3,normal,23.4695
24,559,33585,2,0,1.8513,1.8513,0.9256,700.0,0.9256406225000003,1.3,normal,25.3208
24,560,33600,1,0,1.0182,1.0182,1.0182,700.0,1.0182046847500004,1.3,normal,26.339
24,560,33615,2,0,2.0364,2.0364,1.0182,700.0,1.0182046847500004,1.3,normal,28.3754
24,560,33630,0,0,0.0,0.0,1.0182,700.0,1.0182046847500004,1.3,normal,28.3754
24,560,33645,0,0,0.0,0.0,0.7315,700.0,1.0182046847500004,1.3,normal,28.3754
24,561,33660,5,0,5.6001,5.6001,1.12,700.0,1.1200251532250005,1.3,normal,33.9755
24,561,33675,1,0,1.0356,1.0356,1.0356,700.0,1.1200251532250005,1.3,normal,35.0111
24,561,33690,0,0,0.0,0.0,1.12,700.0,1.1200251532250005,1.3,normal,35.0111
24,561,33705,1,0,1.12,1.12,1.12,700.0,1.1200251532250005,1.3,normal,36.1311
24,562,33720,3,1,3.6961,3.6961,1.232,700.0,1.2320276685475007,1.3,normal,39.8272
24,562,33735,2,0,2.4641,2.4641,1.232,700.0,1.2320276685475007,1.3,normal,42.2913
24,562,33750,2,0,2.4641,2.4641,1.232,700.0,1.2320276685475007,1.3,normal,44.7554
24,562,33765,5,0,0.6655,0.6655,0.1331,700.0,1.2320276685475007,1.3,normal,45.4209
24,563,33780,1,0,1.4908,1.4908,1.4908,700.0,1.4907534789424761,1.3,normal,46.9117
24,563,33795,5,1,7.4538,7.4538,1.4908,700.0,1.4907534789424761,1.3,normal,54.3655
24,563,33810,1,1,0.4171,0.4171,0.4171,700.0,1.4907534789424761,1.3,normal,54.7826
24,563,33825,3,0,3.9474,3.9474,1.3158,700.0,1.4907534789424761,1.3,normal,58.73
24,564,33840,6,0,20.8239,20.8239,3.4707,700.0,5.0,1.3,normal,79.5539
24,564,33855,13,0,25.1349,25.1349,1.9335,700.0,5.0,1.3,normal,104.6888
24,564,33870,9,0,42.7907,42.7907,4.7545,700.0,5.0,1.3,normal,147.4795
24,564,33885,10,0,42.0383,42.0383,4.2038,700.0,5.0,1.3,normal,189.5178
24,565,33900,10,0,35.7194,35.7194,3.5719,700.0,6.050000000000001,1.3,normal,225.2372
24,565,33915,24,0,52.3883,52.3883,2.1828,700.0,6.050000000000001,1.3,normal,277.6255
24,565,33930,11,0,10.8564,10.8564,0.9869,700.0,6.050000000000001,1.3,normal,288.4819
24,565,33945,17,1,12.3901,12.3901,0.7288,700.0,6.050000000000001,1.3,normal,300.872
24,566,33960,18,1,104.658,104.658,5.8143,700.0,6.655000000000001,1.3,normal,405.53
24,566,33975,21,2,108.0457,54.0228,5.145,700.0,6.655000000000001,1.3,normal,513.5757
24,566,33990,13,1,83.358,83.358,6.4122,700.0,6.655000000000001,1.3,normal,596.9337
24,566,34005,12,0,0.4354,0.4354,0.0363,700.0,6.655000000000001,1.3,normal,597.3691
24,567,34020,24,0,63.4756,63.4756,2.6448,700.0,6.655000000000001,1.3,budget_constrained,660.8447
24,567,34035,7,0,39.1553,39.1553,5.046,700.0,6.655000000000001,1.3,budget_depleted,700.0
24,567,34050,0,0,0.0,0.0,0.0,700.0,6.655000000000001,1.3,budget_depleted,700.0
24,567,34065,0,0,0.0,0.0,0.0,700.0,6.655000000000001,1.3,budget_depleted,700.0
24,568,34080,0,0,0.0,0.0,0.0,700.0,6.32225,1.3,budget_depleted,700.0
24,568,34095,0,0,0.0,0.0,0.0,700.0,6.32225,1.3,budget_depleted,700.0
24,568,34110,0,0,0.0,0.0,0.0,700.0,6.32225,1.3,budget_depleted,700.0
24,568,34125,0,0,0.0,0.0,0.0,700.0,6.32225,1.3,budget_depleted,700.0
24,569,34140,0,0,0.0,0.0,0.0,700.0,6.0061375,1.3,budget_depleted,700.0
24,569,34155,0,0,0.0,0.0,0.0,700.0,6.0061375,1.3,budget_depleted,700.0
24,569,34170,0,0,0.0,0.0,0.0,700.0,6.0061375,1.3,budget_depleted,700.0
24,569,34185,0,0,0.0,0.0,0.0,700.0,6.0061375,1.3,budget_depleted,700.0
24,570,34200,0,0,0.0,0.0,0.0,700.0,5.705830625,1.3,budget_depleted,700.0
24,570,34215,0,0,0.0,0.0,0.0,700.0,5.705830625,1.3,budget_depleted,700.0
24,570,34230,0,0,0.0,0.0,0.0,700.0,5.705830625,1.3,budget_depleted,700.0
24,570,34245,0,0,0.0,0.0,0.0,700.0,5.705830625,1.3,budget_depleted,700.0
24,571,34260,0,0,0.0,0.0,0.0,700.0,5.4205390937499995,1.3,budget_depleted,700.0
24,571,34275,0,0,0.0,0.0,0.0,700.0,5.4205390937499995,1.3,budget_depleted,700.0
24,571,34290,0,0,0.0,0.0,0.0,700.0,5.4205390937499995,1.3,budget_depleted,700.0
24,571,34305,0,0,0.0,0.0,0.0,700.0,5.4205390937499995,1.3,budget_depleted,700.0
24,572,34320,0,0,0.0,0.0,0.0,700.0,5.149512139062499,1.3,budget_depleted,700.0
24,572,34335,0,0,0.0,0.0,0.0,700.0,5.149512139062499,1.3,budget_depleted,700.0
24,572,34350,0,0,0.0,0.0,0.0,700.0,5.149512139062499,1.3,budget_depleted,700.0
24,572,34365,0,0,0.0,0.0,0.0,700.0,5.149512139062499,1.3,budget_depleted,700.0
24,573,34380,0,0,0.0,0.0,0.0,700.0,4.8920365321093735,1.3,budget_depleted,700.0
24,573,34395,0,0,0.0,0.0,0.0,700.0,4.8920365321093735,1.3,budget_depleted,700.0
24,573,34410,0,0,0.0,0.0,0.0,700.0,4.8920365321093735,1.3,budget_depleted,700.0
24,573,34425,0,0,0.0,0.0,0.0,700.0,4.8920365321093735,1.3,budget_depleted,700.0
24,574,34440,0,0,0.0,0.0,0.0,700.0,4.647434705503905,1.3,budget_depleted,700.0
24,574,34455,0,0,0.0,0.0,0.0,700.0,4.647434705503905,1.3,budget_depleted,700.0
24,574,34470,0,0,0.0,0.0,0.0,700.0,4.647434705503905,1.3,budget_depleted,700.0
24,574,34485,0,0,0.0,0.0,0.0,700.0,4.647434705503905,1.3,budget_depleted,700.0
24,575,34500,0,0,0.0,0.0,0.0,700.0,4.41506297022871,1.3,budget_depleted,700.0
24,575,34515,0,0,0.0,0.0,0.0,700.0,4.41506297022871,1.3,budget_depleted,700.0
24,575,34530,0,0,0.0,0.0,0.0,700.0,4.41506297022871,1.3,budget_depleted,700.0
24,575,34545,0,0,0.0,0.0,0.0,700.0,4.41506297022871,1.3,budget_depleted,700.0
25,576,34560,0,0,0.0,0.0,0.0,700.0,4.194309821717274,1.3,normal,0.0
25,576,34575,13,0,47.4726,47.4726,3.6517,700.0,4.194309821717274,1.3,normal,47.4726
25,576,34590,10,0,13.6987,13.6987,1.3699,700.0,4.194309821717274,1.3,normal,61.1713
25,576,34605,10,0,26.1344,26.1344,2.6134,700.0,4.194309821717274,1.3,normal,87.3057
25,577,34620,9,0,28.8778,28.8778,3.2086,700.0,3.208647013613715,1.3,normal,116.1835
25,577,34635,13,1,39.8283,39.8283,3.0637,700.0,3.208647013613715,1.3,normal,156.0118
25,577,34650,15,0,1.1771,1.1771,0.0785,700.0,3.208647013613715,1.3,normal,157.1889
25,577,34665,5,0,9.8314,9.8314,1.9663,700.0,3.208647013613715,1.3,normal,167.0203
25,578,34680,3,0,7.3638,7.3638,2.4546,700.0,2.454614965414492,1.3,normal,174.3841
25,578,34695,7,1,16.1016,16.1016,2.3002,700.0,2.454614965414492,1.3,normal,190.4857
25,578,34710,4,0,9.8185,9.8185,2.4546,700.0,2.454614965414492,1.3,normal,200.3042
25,578,34725,7,0,10.6158,10.6158,1.5165,700.0,2.454614965414492,1.3,normal,210.92
25,579,34740,5,2,5.242,2.621,1.0484,700.0,1.8777804485420866,1.3,normal,216.162
25,579,34755,8,0,12.0703,12.0703,1.5088,700.0,1.8777804485420866,1.3,normal,228.2323
25,579,34770,3,0,0.5418,0.5418,0.1806,700.0,1.8777804485420866,1.3,normal,228.7741
25,579,34785,3,0,0.6309,0.6309,0.2103,700.0,1.8777804485420866,1.3,normal,229.405
25,580,34800,9,0,15.21,15.21,1.69,700.0,1.690002403687878,1.3,normal,244.615
25,580,34815,6,0,2.3368,2.3368,0.3895,700.0,1.690002403687878,1.3,normal,246.9518
25,580,34830,4,0,2.1125,2.1125,0.5281,700.0,1.690002403687878,1.3,normal,249.0643
25,580,34845,10,0,10.6922,10.6922,1.0692,700.0,1.690002403687878,1.3,normal,259.7565
25,581,34860,4,0,6.084,6.084,1.521,700.0,1.5210021633190902,1.3,normal,265.8405
25,581,34875,5,0,7.605,7.605,1.521,700.0,1.5210021633190902,1.3,normal,273.4455
25,581,34890,2,0,3.042,3.042,1.521,700.0,1.5210021633190902,1.3,normal,276.4875
25,581,34905,1,0,1.521,1.521,1.521,700.0,1.5210021633190902,1.3,normal,278.0085
25,582,34920,3,0,0.298,0.298,0.0993,700.0,1.3004568496378222,1.3,normal,278.3065
25,582,34935,1,0,1.3005,1.3005,1.3005,700.0,1.3004568496378222,1.3,normal,279.607
25,582,34950,5,0,6.5023,6.5023,1.3005,700.0,1.3004568496378222,1.3,normal,286.1093
25,582,34965,4,0,5.2018,5.2018,1.3005,700.0,1.3004568496378222,1.3,normal,291.3111
25,583,34980,4,0,0.4207,0.4207,0.1052,700.0,1.111890606440338,1.3,normal,291.7318
25,583,34995,3,0,1.5866,1.5866,0.5289,700.0,1.111890606440338,1.3,normal,293.3184
25,583,35010,0,0,0.0,0.0,1.1119,700.0,1.111890606440338,1.3,normal,293.3184
25,583,35025,7,0,7.7832,7.7832,1.1119,700.0,1.111890606440338,1.3,normal,301.1016
25,584,35040,7,0,6.6547,6.6547,0.9507,700.0,0.950666468506489,1.3,normal,307.7563
25,584,35055,7,1,1.7183,1.7183,0.2455,700.0,0.950666468506489,1.3,normal,309.4746
25,584,35070,4,0,1.7516,1.7516,0.4379,700.0,0.950666468506489,1.3,normal,311.2262
25,584,35085,2,0,0.2042,0.2042,0.1021,700.0,0.950666468506489,1.3,normal,311.4304
25,585,35100,2,0,0.7704,0.7704,0.3852,700.0,0.85559982165584,1.3,normal,312.2008
25,585,35115,3,0,2.5668,2.5668,0.8556,700.0,0.85559982165584,1.3,normal,314.7676
25,585,35130,1,0,0.1961,0.1961,0.1961,700.0,0.85559982165584,1.3,normal,314.9637
25,585,35145,0,0,0.0,0.0,0.8556,700.0,0.85559982165584,1.3,normal,314.9637
25,586,35160,4,0,3.0802,3.0802,0.77,700.0,0.770039839490256,1.3,normal,318.0439
25,586,35175,1,0,0.77,0.77,0.77,700.0,0.770039839490256,1.3,normal,318.8139
25,586,35190,2,0,1.5401,1.5401,0.77,700.0,0.770039839490256,1.3,normal,320.354
25,586,35205,9,0,6.9304,6.9304,0.77,700.0,0.770039839490256,1.3,normal,327.2844
25,587,35220,2,1,0.4697,0.4697,0.2349,700.0,0.6583840627641688,1.3,normal,327.7541
25,587,35235,2,0,0.6492,0.6492,0.3246,700.0,0.6583840627641688,1.3,normal,328.4033
25,587,35250,2,0,1.3168,1.3168,0.6584,700.0,0.6583840627641688,1.3,normal,329.7201
25,587,35265,2,0,1.3168,1.3168,0.6584,700.0,0.6583840627641688,1.3,normal,331.0369
25,588,35280,1,0,0.5037,0.5037,0.5037,700.0,0.5036638080145891,1.3,normal,331.5406
25,588,35295,0,0,0.0,0.0,0.2138,700.0,0.5036638080145891,1.3,normal,331.5406
25,588,35310,1,0,0.3873,0.3873,0.3873,700.0,0.5036638080145891,1.3,normal,331.9279
25,588,35325,0,0,0.0,0.0,0.4282,700.0,0.5036638080145891,1.3,normal,331.9279
25,589,35340,1,0,0.5037,0.5037,0.5037,700.0,0.5036638080145891,1.3,normal,332.4316
25,589,35355,1,0,0.5037,0.5037,0.5037,700.0,0.5036638080145891,1.3,normal,332.9353
25,589,35370,2,0,1.0073,1.0073,0.5037,700.0,0.5036638080145891,1.3,normal,333.9426
25,589,35385,3,0,1.511,1.511,0.5037,700.0,0.5036638080145891,1.3,normal,335.4536
25,590,35400,1,0,0.5037,0.5037,0.5037,700.0,0.5036638080145891,1.3,normal,335.9573
25,590,35415,2,0,1.0073,1.0073,0.5037,700.0,0.5036638080145891,1.3,normal,336.9646
25,590,35430,2,0,1.0073,1.0073,0.5037,700.0,0.5036638080145891,1.3,normal,337.9719
25,590,35445,0,0,0.0,0.0,0.5037,700.0,0.5036638080145891,1.3,normal,337.9719
25,591,35460,2,0,1.1081,1.1081,0.554,700.0,0.554030188816048,1.3,normal,339.08
25,591,35475,0,0,0.0,0.0,0.2352,700.0,0.554030188816048,1.3,normal,339.08
25,591,35490,2,0,1.1081,1.1081,0.554,700.0,0.554030188816048,1.3,normal,340.1881
25,591,35505,2,0,1.1081,1.1081,0.554,700.0,0.554030188816048,1.3,normal,341.2962
25,592,35520,2,0,1.3408,1.3408,0.6704,700.0,0.6703765284674182,1.3,normal,342.637
25,592,35535,2,0,1.3408,1.3408,0.6704,700.0,0.6703765284674182,1.3,normal,343.9778
25,592,35550,6,0,4.0223,4.0223,0.6704,700.0,0.6703765284674182,1.3,normal,348.0001
25,592,35565,2,0,1.3408,1.3408,0.6704,700.0,0.6703765284674182,1.3,normal,349.3409
25,593,35580,1,0,0.8112,0.8112,0.8112,700.0,0.8111555994455762,1.3,normal,350.1521
25,593,35595,1,0,0.8112,0.8112,0.8112,700.0,0.8111555994455762,1.3,normal,350.9633
25,593,35610,1,0,0.2813,0.2813,0.2813,700.0,0.8111555994455762,1.3,normal,351.2446
25,593,35625,2,0,1.6223,1.6223,0.8112,700.0,0.8111555994455762,1.3,normal,352.8669
25,594,35640,2,0,1.963,1.963,0.9815,700.0,0.9814982753291474,1.3,normal,354.8299
25,594,35655,4,0,3.926,3.926,0.9815,700.0,0.9814982753291474,1.3,normal,358.7559
25,594,35670,2,0,1.963,1.963,0.9815,700.0,0.9814982753291474,1.3,normal,360.7189
25,594,35685,3,0,2.9445,2.9445,0.9815,700.0,0.9814982753291474,1.3,normal,363.6634
25,595,35700,4,0,4.7505,4.7505,1.1876,700.0,1.1876129131482684,1.3,normal,368.4139
25,595,35715,1,0,1.1876,1.1876,1.1876,700.0,1.1876129131482684,1.3,normal,369.6015
25,595,35730,4,0,4.7505,4.7505,1.1876,700.0,1.1876129131482684,1.3,normal,374.352
25,595,35745,0,0,0.0,0.0,1.1876,700.0,1.1876129131482684,1.3,normal,374.352
25,596,35760,5,0,4.9477,4.9477,0.9895,700.0,1.4370116249094051,1.3,normal,379.2997
25,596,35775,3,0,4.311,4.311,1.437,700.0,1.4370116249094051,1.3,normal,383.6107
25,596,35790,4,0,4.4282,4.4282,1.107,700.0,1.4370116249094051,1.3,normal,388.0389
25,596,35805,2,0,0.1748,0.1748,0.0874,700.0,1.4370116249094051,1.3,normal,388.2137
25,597,35820,6,0,1.9516,1.9516,0.3253,700.0,1.5807127874003457,1.3,normal,390.1653
25,597,35835,0,0,0.0,0.0,1.414,700.0,1.5807127874003457,1.3,normal,390.1653
25,597,35850,4,1,6.3229,6.3229,1.5807,700.0,1.5807127874003457,1.3,normal,396.4882
25,597,35865,2,0,1.704,1.704,0.852,700.0,1.5807127874003457,1.3,normal,398.1922
25,598,35880,4,0,7.6506,7.6506,1.9127,700.0,1.9126624727544186,1.3,normal,405.8428
25,598,35895,4,0,5.3722,5.3722,1.343,700.0,1.9126624727544186,1.3,normal,411.215
25,598,35910,3,0,5.738,5.738,1.9127,700.0,1.9126624727544186,1.3,normal,416.953
25,598,35925,7,0,13.3886,13.3886,1.9127,700.0,1.9126624727544186,1.3,normal,430.3416
25,599,35940,8,0,18.5146,18.5146,2.3143,700.0,2.314321592032847,1.3,normal,448.8562
25,599,35955,7,1,16.2003,16.2003,2.3143,700.0,2.314321592032847,1.3,normal,465.0565
25,599,35970,7,0,15.9724,15.9724,2.2818,700.0,2.314321592032847,1.3,normal,481.0289
25,599,35985,6,0,7.1554,7.1554,1.1926,700.0,2.314321592032847,1.3,normal,488.1843
26,600,36000,4,0,11.2013,11.2013,2.8003,700.0,2.8003291263597454,1.3,normal,11.2013
26,600,36015,4,0,11.2013,11.2013,2.8003,700.0,2.8003291263597454,1.3,normal,22.4026
26,600,36030,11,0,11.5481,11.5481,1.0498,700.0,2.8003291263597454,1.3,normal,33.9507
26,600,36045,10,0,10.0391,10.0391,1.0039,700.0,2.8003291263597454,1.3,normal,43.9898
26,601,36060,6,1,3.615,3.615,0.6025,700.0,3.3883982428952923,1.3,normal,47.6048
26,601,36075,4,0,13.5536,13.5536,3.3884,700.0,3.3883982428952923,1.3,normal,61.1584
26,601,36090,5,0,0.7428,0.7428,0.1486,700.0,3.3883982428952923,1.3,normal,61.9012
26,601,36105,8,0,27.1072,27.1072,3.3884,700.0,3.3883982428952923,1.3,normal,89.0084
26,602,36120,5,0,16.1825,16.1825,3.2365,700.0,4.099961873903305,1.3,normal,105.1909
26,602,36135,12,0,27.6384,27.6384,2.3032,700.0,4.099961873903305,1.3,normal,132.8293
26,602,36150,8,0,28.7534,28.7534,3.5942,700.0,4.099961873903305,1.3,normal,161.5827
26,602,36165,5,1,20.4998,20.4998,4.1,700.0,4.099961873903305,1.3,normal,182.0825
26,603,36180,5,0,24.8048,24.8048,4.961,700.0,4.960953867423,1.3,normal,206.8873
26,603,36195,13,0,18.283,18.283,1.4064,700.0,4.960953867423,1.3,normal,225.1703
26,603,36210,13,0,41.8438,41.8438,3.2188,700.0,4.960953867423,1.3,normal,267.0141
26,603,36225,12,0,17.2577,17.2577,1.4381,700.0,4.960953867423,1.3,normal,284.2718
26,604,36240,17,0,78.8544,78.8544,4.6385,700.0,4.638491866040505,1.3,normal,363.1262
26,604,36255,9,0,5.6878,5.6878,0.632,700.0,4.638491866040505,1.3,normal,368.814
26,604,36270,7,1,14.8963,14.8963,2.128,700.0,4.638491866040505,1.3,normal,383.7103
26,604,36285,8,0,15.4536,15.4536,1.9317,700.0,4.638491866040505,1.3,normal,399.1639
26,605,36300,16,0,21.7574,21.7574,1.3598,700.0,3.9427180861344295,1.3,normal,420.9213
26,605,36315,12,0,42.0934,42.0934,3.5078,700.0,3.9427180861344295,1.3,normal,463.0147
26,605,36330,4,0,15.7709,15.7709,3.9427,700.0,3.9427180861344295,1.3,normal,478.7856
26,605,36345,7,1,18.9637,18.9637,2.7091,700.0,3.9427180861344295,1.3,normal,497.7493
26,606,36360,9,0,30.1618,30.1618,3.3513,700.0,3.351310373214265,1.3,normal,527.9111
26,606,36375,6,0,2.5386,2.5386,0.4231,700.0,3.351310373214265,1.3,normal,530.4497
26,606,36390,7,0,23.4592,23.4592,3.3513,700.0,3.351310373214265,1.3,normal,553.9089
26,606,36405,7,0,23.4592,23.4592,3.3513,700.0,3.351310373214265,1.3,normal,577.3681
26,607,36420,8,0,8.0451,8.0451,1.0056,700.0,2.5637524355089125,1.3,normal,585.4132
26,607,36435,6,0,15.3825,15.3825,2.5638,700.0,2.5637524355089125,1.3,normal,600.7957
26,607,36450,8,1,19.6641,19.6641,2.458,700.0,2.5637524355089125,1.3,normal,620.4598
26,607,36465,9,0,14.7426,14.7426,1.6381,700.0,2.5637524355089125,1.3,budget_constrained,635.2024
26,608,36480,7,1,4.1726,4.1726,0.5961,700.0,1.961270613164318,1.3,budget_constrained,639.375
26,608,36495,3,0,5.8838,5.8838,1.9613,700.0,1.961270613164318,1.3,budget_constrained,645.2588
26,608,36510,6,0,11.7676,11.7676,1.9613,700.0,1.961270613164318,1.3,budget_constrained,657.0264
26,608,36525,8,0,4.5906,4.5906,0.5738,700.0,1.961270613164318,1.3,budget_constrained,661.617
26,609,36540,5,0,7.5019,7.5019,1.5004,700.0,1.5003720190707033,1.3,budget_constrained,669.1189
26,609,36555,0,0,0.0,0.0,0.8207,700.0,1.5003720190707033,1.3,budget_constrained,669.1189
26,609,36570,5,0,7.5019,7.5019,1.5004,700.0,1.5003720190707033,1.3,budget_constrained,676.6208
26,609,36585,4,0,1.5525,1.5525,0.3881,700.0,1.5003720190707033,1.3,budget_constrained,678.1733
26,610,36600,0,0,0.0,0.0,1.1478,700.0,1.1477845945890879,1.3,budget_constrained,678.1733
26,610,36615,2,1,2.2956,2.2956,1.1478,700.0,1.1477845945890879,1.3,budget_constrained,680.4689
26,610,36630,2,0,1.8428,1.8428,0.9214,700.0,1.1477845945890879,1.3,budget_constrained,682.3117
26,610,36645,4,0,4.5911,4.5911,1.1478,700.0,1.1477845945890879,1.3,budget_constrained,686.9028
26,611,36660,1,0,0.9814,0.9814,0.9814,700.0,0.9813558283736701,1.3,budget_constrained,687.8842
26,611,36675,3,0,2.9441,2.9441,0.9814,700.0,0.9813558283736701,1.3,budget_constrained,690.8283
26,611,36690,6,0,1.0739,1.0739,0.179,700.0,0.9813558283736701,1.3,budget_constrained,691.9022
26,611,36705,1,0,0.9814,0.9814,0.9814,700.0,0.9813558283736701,1.3,budget_constrained,692.8836
26,612,36720,2,0,0.353,0.353,0.1765,700.0,0.7507372087058576,1.3,budget_constrained,693.2366
26,612,36735,2,0,1.5015,1.5015,0.7507,700.0,0.7507372087058576,1.3,budget_constrained,694.7381
26,612,36750,2,0,1.5015,1.5015,0.7507,700.0,0.7507372087058576,1.3,budget_constrained,696.2396
26,612,36765,2,0,1.5015,1.5015,0.7507,700.0,0.7507372087058576,1.3,budget_constrained,697.7411
26,613,36780,1,0,0.5743,0.5743,0.5743,700.0,0.5743139646599811,1.3,budget_constrained,698.3154
26,613,36795,2,0,1.1486,1.1486,0.5743,700.0,0.5743139646599811,1.3,budget_constrained,699.464
26,613,36810,0,0,0.536,0.536,0.5743,700.0,0.5743139646599811,1.3,budget_constrained,700.0
26,613,36825,0,0,0.0,0.0,0.5743,700.0,0.5743139646599811,1.3,budget_constrained,700.0
26,614,36840,0,0,0.0,0.0,0.5,700.0,0.5,1.3,budget_constrained,700.0
26,614,36855,0,0,0.0,0.0,0.5,700.0,0.5,1.3,budget_constrained,700.0
26,614,36870,0,0,0.0,0.0,0.5,700.0,0.5,1.3,budget_constrained,700.0
26,614,36885,0,0,0.0,0.0,0.5,700.0,0.5,1.3,budget_constrained,700.0
26,615,36900,0,0,0.0,0.0,0.5,700.0,0.5,1.3,budget_constrained,700.0
26,615,36915,0,0,0.0,0.0,0.2624,700.0,0.5,1.3,budget_constrained,700.0
26,615,36930,0,0,0.0,0.0,0.5,700.0,0.5,1.3,budget_constrained,700.0
26,615,36945,0,0,0.0,0.0,0.5,700.0,0.5,1.3,budget_constrained,700.0
26,616,36960,0,0,0.0,0.0,0.5,700.0,0.5,1.3,budget_constrained,700.0
26,616,36975,0,0,0.0,0.0,0.3492,700.0,0.5,1.3,budget_constrained,700.0
26,616,36990,0,0,0.0,0.0,0.5,700.0,0.5,1.3,budget_constrained,700.0
26,616,37005,0,0,0.0,0.0,0.5,700.0,0.5,1.3,budget_constrained,700.0
26,617,37020,0,0,0.0,0.0,0.5,700.0,0.5,1.3,budget_constrained,700.0
26,617,37035,0,0,0.0,0.0,0.1528,700.0,0.5,1.3,budget_constrained,700.0
26,617,37050,0,0,0.0,0.0,0.5,700.0,0.5,1.3,budget_constrained,700.0
26,617,37065,0,0,0.0,0.0,0.2675,700.0,0.5,1.3,budget_constrained,700.0
26,618,37080,0,0,0.0,0.0,0.5,700.0,0.5,1.3,budget_constrained,700.0
26,618,37095,0,0,0.0,0.0,0.5,700.0,0.5,1.3,budget_constrained,700.0
26,618,37110,0,0,0.0,0.0,0.3162,700.0,0.5,1.3,budget_constrained,700.0
26,618,37125,0,0,0.0,0.0,0.5,700.0,0.5,1.3,budget_constrained,700.0
26,619,37140,0,0,0.0,0.0,0.5,700.0,0.5,1.3,budget_constrained,700.0
26,619,37155,0,0,0.0,0.0,0.5,700.0,0.5,1.3,budget_constrained,700.0
26,619,37170,0,0,0.0,0.0,0.467,700.0,0.5,1.3,budget_constrained,700.0
26,619,37185,0,0,0.0,0.0,0.5,700.0,0.5,1.3,budget_constrained,700.0
26,620,37200,0,0,0.0,0.0,0.5,700.0,0.5,1.3,budget_constrained,700.0
26,620,37215,0,0,0.0,0.0,0.5,700.0,0.5,1.3,budget_constrained,700.0
26,620,37230,0,0,0.0,0.0,0.5,700.0,0.5,1.3,budget_constrained,700.0
26,620,37245,0,0,0.0,0.0,0.5,700.0,0.5,1.3,budget_constrained,700.0
26,621,37260,0,0,0.0,0.0,0.5,700.0,0.5,1.3,budget_constrained,700.0
26,621,37275,0,0,0.0,0.0,0.5,700.0,0.5,1.3,budget_constrained,700.0
26,621,37290,0,0,0.0,0.0,0.5,700.0,0.5,1.3,budget_constrained,700.0
26,621,37305,0,0,0.0,0.0,0.5,700.0,0.5,1.3,budget_constrained,700.0
26,622,37320,0,0,0.0,0.0,0.4001,700.0,0.5,1.3,budget_constrained,700.0
26,622,37335,0,0,0.0,0.0,0.2653,700.0,0.5,1.3,budget_constrained,700.0
26,622,37350,0,0,0.0,0.0,0.5,700.0,0.5,1.3,budget_constrained,700.0
26,622,37365,0,0,0.0,0.0,0.5,700.0,0.5,1.3,budget_constrained,700.0
26,623,37380,0,0,0.0,0.0,0.5,700.0,0.5,1.3,budget_constrained,700.0
26,623,37395,0,0,0.0,0.0,0.5,700.0,0.5,1.3,budget_constrained,700.0
26,623,37410,0,0,0.0,0.0,0.5,700.0,0.5,1.3,budget_constrained,700.0
26,623,37425,0,0,0.0,0.0,0.5,700.0,0.5,1.3,budget_constrained,700.0
27,624,37440,0,0,0.0,0.0,0.5,700.0,0.5,1.3,normal,0.0
27,624,37455,2,0,0.9461,0.9461,0.473,700.0,0.5,1.3,normal,0.9461
27,624,37470,1,0,0.1957,0.1957,0.1957,700.0,0.5,1.3,normal,1.1418
27,624,37485,1,0,0.5,0.5,0.5,700.0,0.5,1.3,normal,1.6418
27,625,37500,1,0,0.1136,0.1136,0.1136,700.0,0.5,1.0,normal,1.7554
27,625,37515,1,0,0.5,0.5,0.5,700.0,0.5,1.0,normal,2.2554
27,625,37530,2,0,0.752,0.752,0.376,700.0,0.5,1.0,normal,3.0074
27,625,37545,0,0,0.0,0.0,0.5,700.0,0.5,1.0,normal,3.0074
27,626,37560,3,0,1.5,1.5,0.5,700.0,0.5,1.0,normal,4.5074
27,626,37575,1,0,0.5,0.5,0.5,700.0,0.5,1.0,normal,5.0074
27,626,37590,1,0,0.5,0.5,0.5,700.0,0.5,1.0,normal,5.5074
27,626,37605,0,0,0.0,0.0,0.5,700.0,0.5,1.0,normal,5.5074
27,627,37620,2,0,1.0,1.0,0.5,700.0,0.5,1.0,normal,6.5074
27,627,37635,3,0,1.5,1.5,0.5,700.0,0.5,1.0,normal,8.0074
27,627,37650,0,0,0.0,0.0,0.5,700.0,0.5,1.0,normal,8.0074
27,627,37665,1,0,0.5,0.5,0.5,700.0,0.5,1.0,normal,8.5074
27,628,37680,2,0,1.045,1.045,0.5225,700.0,0.5225,1.0,normal,9.5524
27,628,37695,0,0,0.0,0.0,0.5225,700.0,0.5225,1.0,normal,9.5524
27,628,37710,4,0,2.09,2.09,0.5225,700.0,0.5225,1.0,normal,11.6424
27,628,37725,2,0,1.045,1.045,0.5225,700.0,0.5225,1.0,normal,12.6874
27,629,37740,2,0,1.1495,1.1495,0.5747,700.0,0.57475,1.0,normal,13.8369
27,629,37755,2,0,1.1495,1.1495,0.5747,700.0,0.57475,1.0,normal,14.9864
27,629,37770,2,0,1.1495,1.1495,0.5747,700.0,0.57475,1.0,normal,16.1359
27,629,37785,1,0,0.0097,0.0097,0.0097,700.0,0.57475,1.0,normal,16.1456
27,630,37800,1,0,0.6322,0.6322,0.6322,700.0,0.632225,1.0,normal,16.7778
27,630,37815,1,0,0.6322,0.6322,0.6322,700.0,0.632225,1.0,normal,17.41
27,630,37830,1,0,0.6322,0.6322,0.6322,700.0,0.632225,1.0,normal,18.0422
27,630,37845,2,0,1.2645,1.2645,0.6322,700.0,0.632225,1.0,normal,19.3067
27,631,37860,6,1,4.2651,4.2651,0.7109,700.0,0.7649922500000002,1.0,normal,23.5718
27,631,37875,1,0,0.765,0.765,0.765,700.0,0.7649922500000002,1.0,normal,24.3368
27,631,37890,0,0,0.0,0.0,0.765,700.0,0.7649922500000002,1.0,normal,24.3368
27,631,37905,1,0,0.765,0.765,0.765,700.0,0.7649922500000002,1.0,normal,25.1018
27,632,37920,4,0,3.7026,3.7026,0.9256,700.0,0.9256406225000003,1.0,normal,28.8044
27,632,37935,2,0,1.8513,1.8513,0.9256,700.0,0.9256406225000003,1.0,normal,30.6557
27,632,37950,2,0,1.8513,1.8513,0.9256,700.0,0.9256406225000003,1.0,normal,32.507
27,632,37965,0,0,0.0,0.0,0.9256,700.0,0.9256406225000003,1.0,normal,32.507
27,633,37980,1,0,1.12,1.12,1.12,700.0,1.1200251532250005,1.0,normal,33.627
27,633,37995,2,1,0.5431,0.5431,0.2715,700.0,1.1200251532250005,1.0,normal,34.1701
27,633,38010,4,0,4.4801,4.4801,1.12,700.0,1.1200251532250005,1.0,normal,38.6502
27,633,38025,3,0,0.426,0.426,0.142,700.0,1.1200251532250005,1.0,normal,39.0762
27,634,38040,5,0,6.7762,6.7762,1.3552,700.0,1.3552304354022509,1.0,normal,45.8524
27,634,38055,10,0,13.5523,13.5523,1.3552,700.0,1.3552304354022509,1.0,normal,59.4047
27,634,38070,5,0,6.7762,6.7762,1.3552,700.0,1.3552304354022509,1.0,normal,66.1809
27,634,38085,1,0,1.3552,1.3552,1.3552,700.0,1.3552304354022509,1.0,normal,67.5361
27,635,38100,5,1,8.1991,8.1991,1.6398,700.0,1.6398288268367238,1.0,normal,75.7352
27,635,38115,3,0,4.9195,4.9195,1.6398,700.0,1.6398288268367238,1.0,normal,80.6547
27,635,38130,2,0,3.2797,3.2797,1.6398,700.0,1.6398288268367238,1.0,normal,83.9344
27,635,38145,2,0,3.2797,3.2797,1.6398,700.0,1.6398288268367238,1.0,normal,87.2141
27,636,38160,8,0,29.4646,29.4646,3.6831,1000.0,5.0,1.0,normal,116.6787
27,636,38175,20,0,62.1464,62.1464,3.1073,1000.0,5.0,1.0,normal,178.8251
27,636,38190,12,0,56.3078,56.3078,4.6923,1000.0,5.0,1.0,normal,235.1329
27,636,38205,15,0,28.3565,28.3565,1.8904,1000.0,5.0,1.0,normal,263.4894
27,637,38220,7,0,10.45,10.45,1.4929,1000.0,4.675,1.0,normal,273.9394
27,637,38235,7,0,20.0969,20.0969,2.871,1000.0,4.675,1.0,normal,294.0363
27,637,38250,18,0,57.2087,57.2087,3.1783,1000.0,4.675,1.0,normal,351.245
27,637,38265,12,0,56.1,56.1,4.675,1000.0,4.675,1.0,normal,407.345
27,638,38280,10,0,38.5688,38.5688,3.8569,1000.0,3.856875,1.0,normal,445.9138
27,638,38295,11,0,20.7608,20.7608,1.8873,1000.0,3.856875,1.0,normal,466.6746
27,638,38310,13,0,15.1028,15.1028,1.1618,1000.0,3.856875,1.0,normal,481.7774
27,638,38325,11,0,19.797,19.797,1.7997,1000.0,3.856875,1.0,normal,501.5744
27,639,38340,10,0,16.2274,16.2274,1.6227,1000.0,3.181921875,1.0,normal,517.8018
27,639,38355,6,0,18.6218,18.6218,3.1036,1000.0,3.181921875,1.0,normal,536.4236
27,639,38370,15,2,47.7288,23.8644,3.1819,1000.0,3.181921875,1.0,normal,584.1524
27,639,38385,19,0,60.4565,60.4565,3.1819,1000.0,3.181921875,1.0,normal,644.6089
27,640,38400,4,0,10.5003,10.5003,2.6251,1000.0,2.6250855468750003,1.0,normal,655.1092
27,640,38415,9,0,4.1887,4.1887,0.4654,1000.0,2.6250855468750003,1.0,normal,659.2979
27,640,38430,5,0,2.7788,2.7788,0.5558,1000.0,2.6250855468750003,1.0,normal,662.0767
27,640,38445,5,0,6.207,6.207,1.2414,1000.0,2.6250855468750003,1.0,normal,668.2837
27,641,38460,4,0,7.4936,7.4936,1.8734,1000.0,2.1656955761718755,1.0,normal,675.7773
27,641,38475,6,0,4.909,4.909,0.8182,1000.0,2.1656955761718755,1.0,normal,680.6863
27,641,38490,5,0,10.7719,10.7719,2.1544,1000.0,2.1656955761718755,1.0,normal,691.4582
27,641,38505,8,0,9.4601,9.4601,1.1825,1000.0,2.1656955761718755,1.0,normal,700.9183
27,642,38520,7,0,12.5069,12.5069,1.7867,1000.0,1.7866988503417973,1.0,normal,713.4252
27,642,38535,1,0,0.8047,0.8047,0.8047,1000.0,1.7866988503417973,1.0,normal,714.2299
27,642,38550,3,0,1.1819,1.1819,0.394,1000.0,1.7866988503417973,1.0,normal,715.4118
27,642,38565,4,0,5.1344,5.1344,1.2836,1000.0,1.7866988503417973,1.0,normal,720.5462
27,643,38580,4,0,4.4474,4.4474,1.1118,1000.0,1.474026551531983,1.0,normal,724.9936
27,643,38595,1,0,1.4491,1.4491,1.4491,1000.0,1.474026551531983,1.0,normal,726.4427
27,643,38610,2,0,0.6542,0.6542,0.3271,1000.0,1.474026551531983,1.0,normal,727.0969
27,643,38625,6,0,8.8442,8.8442,1.474,1000.0,1.474026551531983,1.0,normal,735.9411
27,644,38640,6,0,2.9365,2.9365,0.4894,1000.0,1.216071905013886,1.0,normal,738.8776
27,644,38655,2,0,2.2899,2.2899,1.1449,1000.0,1.216071905013886,1.0,normal,741.1675
27,644,38670,0,0,0.0,0.0,1.2161,1000.0,1.216071905013886,1.0,normal,741.1675
27,644,38685,4,0,4.8539,4.8539,1.2135,1000.0,1.216071905013886,1.0,normal,746.0214
27,645,38700,3,0,3.0098,3.0098,1.0033,1000.0,1.003259321636456,1.0,normal,749.0312
27,645,38715,2,0,0.4989,0.4989,0.2495,1000.0,1.003259321636456,1.0,normal,749.5301
27,645,38730,3,0,3.0098,3.0098,1.0033,1000.0,1.003259321636456,1.0,normal,752.5399
27,645,38745,2,0,1.074,1.074,0.537,1000.0,1.003259321636456,1.0,normal,753.6139
27,646,38760,5,0,4.1384,4.1384,0.8277,1000.0,0.8276889403500762,1.0,normal,757.7523
27,646,38775,2,0,1.6082,1.6082,0.8041,1000.0,0.8276889403500762,1.0,normal,759.3605
27,646,38790,1,0,0.8277,0.8277,0.8277,1000.0,0.8276889403500762,1.0,normal,760.1882
27,646,38805,2,0,1.6554,1.6554,0.8277,1000.0,0.8276889403500762,1.0,normal,761.8436
27,647,38820,1,0,0.1153,0.1153,0.1153,1000.0,0.6828433757888129,1.0,normal,761.9589
27,647,38835,0,0,0.0,0.0,0.6828,1000.0,0.6828433757888129,1.0,normal,761.9589
27,647,38850,2,0,0.3594,0.3594,0.1797,1000.0,0.6828433757888129,1.0,normal,762.3183
27,647,38865,1,0,0.6828,0.6828,0.6828,1000.0,0.6828433757888129,1.0,normal,763.0011
28,648,38880,3,0,1.69,1.69,0.5633,1000.0,0.5633457850257707,1.0,normal,1.69
28,648,38895,1,0,0.5633,0.5633,0.5633,1000.0,0.5633457850257707,1.0,normal,2.2533
28,648,38910,2,0,0.8685,0.8685,0.4342,1000.0,0.5633457850257707,1.0,normal,3.1218
28,648,38925,2,0,1.1267,1.1267,0.5633,1000.0,0.5633457850257707,1.0,normal,4.2485
28,649,38940,1,0,0.5,0.5,0.5,1000.0,0.5,1.0,normal,4.7485
28,649,38955,0,0,0.0,0.0,0.5,1000.0,0.5,1.0,normal,4.7485
28,649,38970,0,0,0.0,0.0,0.5,1000.0,0.5,1.0,normal,4.7485
28,649,38985,0,0,0.0,0.0,0.5,1000.0,0.5,1.0,normal,4.7485
28,650,39000,3,0,1.5,1.5,0.5,1000.0,0.5,1.0,normal,6.2485
28,650,39015,2,0,1.0,1.0,0.5,1000.0,0.5,1.0,normal,7.2485
28,650,39030,3,1,1.5,1.5,0.5,1000.0,0.5,1.0,normal,8.7485
28,650,39045,2,0,0.9592,0.9592,0.4796,1000.0,0.5,1.0,normal,9.7077
28,651,39060,0,0,0.0,0.0,0.5,1000.0,0.5,1.0,normal,9.7077
28,651,39075,2,0,1.0,1.0,0.5,1000.0,0.5,1.0,normal,10.7077
28,651,39090,0,0,0.0,0.0,0.3297,1000.0,0.5,1.0,normal,10.7077
28,651,39105,1,0,0.4725,0.4725,0.4725,1000.0,0.5,1.0,normal,11.1802
28,652,39120,1,0,0.5,0.5,0.5,1000.0,0.5,1.0,normal,11.6802
28,652,39135,1,0,0.5,0.5,0.5,1000.0,0.5,1.0,normal,12.1802
28,652,39150,2,0,1.0,1.0,0.5,1000.0,0.5,1.0,normal,13.1802
28,652,39165,0,0,0.0,0.0,0.5,1000.0,0.5,1.0,normal,13.1802
28,653,39180,1,0,0.5,0.5,0.5,1000.0,0.5,1.0,normal,13.6802
28,653,39195,0,0,0.0,0.0,0.5,1000.0,0.5,1.0,normal,13.6802
28,653,39210,3,0,0.2192,0.2192,0.0731,1000.0,0.5,1.0,normal,13.8994
28,653,39225,3,0,1.5,1.5,0.5,1000.0,0.5,1.0,normal,15.3994
28,654,39240,2,0,1.0,1.0,0.5,1000.0,0.5,1.0,normal,16.3994
28,654,39255,0,0,0.0,0.0,0.4742,1000.0,0.5,1.0,normal,16.3994
28,654,39270,2,0,0.4928,0.4928,0.2464,1000.0,0.5,1.0,normal,16.8922
28,654,39285,0,0,0.0,0.0,0.5,1000.0,0.5,1.0,normal,16.8922
28,655,39300,1,0,0.5,0.5,0.5,1000.0,0.5,1.0,normal,17.3922
28,655,39315,2,0,1.0,1.0,0.5,1000.0,0.5,1.0,normal,18.3922
28,655,39330,0,0,0.0,0.0,0.5,1000.0,0.5,1.0,normal,18.3922
28,655,39345,1,0,0.5,0.5,0.5,1000.0,0.5,1.0,normal,18.8922
28,656,39360,1,0,0.5,0.5,0.5,1000.0,0.5,1.0,normal,19.3922
28,656,39375,2,0,1.0,1.0,0.5,1000.0,0.5,1.0,normal,20.3922
28,656,39390,1,0,0.5,0.5,0.5,1000.0,0.5,1.0,normal,20.8922
28,656,39405,1,1,0.5,0.5,0.5,1000.0,0.5,1.0,normal,21.3922
28,657,39420,1,0,0.5,0.5,0.5,1000.0,0.5,1.0,normal,21.8922
28,657,39435,1,0,0.5,0.5,0.5,1000.0,0.5,1.0,normal,22.3922
28,657,39450,1,0,0.5,0.5,0.5,1000.0,0.5,1.0,normal,22.8922
28,657,39465,2,0,1.0,1.0,0.5,1000.0,0.5,1.0,normal,23.8922
28,658,39480,0,0,0.0,0.0,0.5,1000.0,0.5,1.0,normal,23.8922
28,658,39495,0,0,0.0,0.0,0.4052,1000.0,0.5,1.0,normal,23.8922
28,658,39510,2,0,0.6254,0.6254,0.3127,1000.0,0.5,1.0,normal,24.5176
28,658,39525,1,0,0.5,0.5,0.5,1000.0,0.5,1.0,normal,25.0176
28,659,39540,1,0,0.023,0.023,0.023,1000.0,0.5,1.0,normal,25.0406
28,659,39555,1,0,0.5,0.5,0.5,1000.0,0.5,1.0,normal,25.5406
28,659,39570,0,0,0.0,0.0,0.5,1000.0,0.5,1.0,normal,25.5406
28,659,39585,1,0,0.5,0.5,0.5,1000.0,0.5,1.0,normal,26.0406
28,660,39600,1,0,0.5,0.5,0.5,1000.0,0.5,1.0,normal,26.5406
28,660,39615,1,0,0.5,0.5,0.5,1000.0,0.5,1.0,normal,27.0406
28,660,39630,3,0,1.5,1.5,0.5,1000.0,0.5,1.0,normal,28.5406
28,660,39645,1,0,0.5,0.5,0.5,1000.0,0.5,1.0,normal,29.0406
28,661,39660,1,0,0.5,0.5,0.5,1000.0,0.5,1.0,normal,29.5406
28,661,39675,0,0,0.0,0.0,0.5,1000.0,0.5,1.0,normal,29.5406
28,661,39690,2,0,1.0,1.0,0.5,1000.0,0.5,1.0,normal,30.5406
28,661,39705,1,0,0.5,0.5,0.5,1000.0,0.5,1.0,normal,31.0406
28,662,39720,2,0,1.0,1.0,0.5,1000.0,0.5,1.0,normal,32.0406
28,662,39735,0,0,0.0,0.0,0.5,1000.0,0.5,1.0,normal,32.0406
28,662,39750,0,0,0.0,0.0,0.5,1000.0,0.5,1.0,normal,32.0406
28,662,39765,2,0,1.0,1.0,0.5,1000.0,0.5,1.0,normal,33.0406
28,663,39780,2,0,1.0889,1.0889,0.5445,1000.0,0.55,1.0,normal,34.1295
28,663,39795,2,0,1.1,1.1,0.55,1000.0,0.55,1.0,normal,35.2295
28,663,39810,1,0,0.55,0.55,0.55,1000.0,0.55,1.0,normal,35.7795
28,663,39825,0,0,0.0,0.0,0.55,1000.0,0.55,1.0,normal,35.7795
28,664,39840,0,0,0.0,0.0,0.605,1000.0,0.6050000000000001,1.0,normal,35.7795
28,664,39855,1,0,0.605,0.605,0.605,1000.0,0.6050000000000001,1.0,normal,36.3845
28,664,39870,0,0,0.0,0.0,0.3317,1000.0,0.6050000000000001,1.0,normal,36.3845
28,664,39885,2,0,0.9429,0.9429,0.4715,1000.0,0.6050000000000001,1.0,normal,37.3274
28,665,39900,0,0,0.0,0.0,0.6655,1000.0,0.6655000000000002,1.0,normal,37.3274
28,665,39915,3,0,1.9965,1.9965,0.6655,1000.0,0.6655000000000002,1.0,normal,39.3239
28,665,39930,2,0,1.331,1.331,0.6655,1000.0,0.6655000000000002,1.0,normal,40.6549
28,665,39945,2,0,1.331,1.331,0.6655,1000.0,0.6655000000000002,1.0,normal,41.9859
28,666,39960,3,0,0.5478,0.5478,0.1826,1000.0,0.8052550000000004,1.0,normal,42.5337
28,666,39975,2,0,1.6105,1.6105,0.8053,1000.0,0.8052550000000004,1.0,normal,44.1442
28,666,39990,3,0,2.4158,2.4158,0.8053,1000.0,0.8052550000000004,1.0,normal,46.56
28,666,40005,2,0,1.6105,1.6105,0.8053,1000.0,0.8052550000000004,1.0,normal,48.1705
28,667,40020,3,0,2.9231,2.9231,0.9744,1000.0,0.9743585500000007,1.0,normal,51.0936
28,667,40035,1,0,0.9744,0.9744,0.9744,1000.0,0.9743585500000007,1.0,normal,52.068
28,667,40050,1,0,0.9744,0.9744,0.9744,1000.0,0.9743585500000007,1.0,normal,53.0424
28,667,40065,5,0,4.8718,4.8718,0.9744,1000.0,0.9743585500000007,1.0,normal,57.9142
28,668,40080,4,0,4.7159,4.7159,1.179,1000.0,1.178973845500001,1.0,normal,62.6301
28,668,40095,4,0,2.2212,2.2212,0.5553,1000.0,1.178973845500001,1.0,normal,64.8513
28,668,40110,4,0,4.2364,4.2364,1.0591,1000.0,1.178973845500001,1.0,normal,69.0877
28,668,40125,2,0,2.3579,2.3579,1.179,1000.0,1.178973845500001,1.0,normal,71.4456
28,669,40140,5,0,7.1328,7.1328,1.4266,1000.0,1.4265583530550014,1.0,normal,78.5784
28,669,40155,1,0,1.4266,1.4266,1.4266,1000.0,1.4265583530550014,1.0,normal,80.005
28,669,40170,1,0,1.4266,1.4266,1.4266,1000.0,1.4265583530550014,1.0,normal,81.4316
28,669,40185,4,0,5.7062,5.7062,1.4266,1000.0,1.4265583530550014,1.0,normal,87.1378
28,670,40200,3,0,0.0547,0.0547,0.0182,1000.0,1.7261356071965521,1.0,normal,87.1925
28,670,40215,5,0,8.6307,8.6307,1.7261,1000.0,1.7261356071965521,1.0,normal,95.8232
28,670,40230,3,0,5.1784,5.1784,1.7261,1000.0,1.7261356071965521,1.0,normal,101.0016
28,670,40245,0,0,0.0,0.0,1.7261,1000.0,1.7261356071965521,1.0,normal,101.0016
28,671,40260,8,0,8.1742,8.1742,1.0218,1000.0,2.088624084707828,1.0,normal,109.1758
28,671,40275,9,0,18.7976,18.7976,2.0886,1000.0,2.088624084707828,1.0,normal,127.9734
28,671,40290,8,0,11.4783,11.4783,1.4348,1000.0,2.088624084707828,1.0,normal,139.4517
28,671,40305,5,0,10.4431,10.4431,2.0886,1000.0,2.088624084707828,1.0,normal,149.8948
29,672,40320,8,0,40.0,40.0,5.0,1000.0,5.0,1.0,normal,40.0
29,672,40335,11,0,16.1834,16.1834,1.4712,1000.0,5.0,1.0,normal,56.1834
29,672,40350,18,0,62.4769,62.4769,3.4709,1000.0,5.0,1.0,normal,118.6603
29,672,40365,10,0,44.724,44.724,4.4724,1000.0,5.0,1.0,normal,163.3843
29,673,40380,15,1,57.734,57.734,3.8489,1000.0,4.125,1.0,normal,221.1183
29,673,40395,10,0,41.25,41.25,4.125,1000.0,4.125,1.0,normal,262.3683
29,673,40410,8,0,33.0,33.0,4.125,1000.0,4.125,1.0,normal,295.3683
29,673,40425,10,0,26.6606,26.6606,2.6661,1000.0,4.125,1.0,normal,322.0289
29,674,40440,6,0,19.9762,19.9762,3.3294,1000.0,3.403125,1.0,normal,342.0051
29,674,40455,8,1,24.7552,24.7552,3.0944,1000.0,3.403125,1.0,normal,366.7603
29,674,40470,10,0,34.0312,34.0312,3.4031,1000.0,3.403125,1.0,normal,400.7915
29,674,40485,9,0,27.8642,27.8642,3.096,1000.0,3.403125,1.0,normal,428.6557
29,675,40500,8,0,13.7996,13.7996,1.725,1000.0,2.8075781250000005,1.0,normal,442.4553
29,675,40515,9,0,25.2682,25.2682,2.8076,1000.0,2.8075781250000005,1.0,normal,467.7235
29,675,40530,8,1,22.4606,22.4606,2.8076,1000.0,2.8075781250000005,1.0,normal,490.1841
29,675,40545,5,0,7.0651,7.0651,1.413,1000.0,2.8075781250000005,1.0,normal,497.2492
29,676,40560,5,0,9.0455,9.0455,1.8091,1000.0,2.3162519531250005,1.0,normal,506.2947
29,676,40575,9,0,20.8463,20.8463,2.3163,1000.0,2.3162519531250005,1.0,normal,527.141
29,676,40590,3,0,6.9488,6.9488,2.3163,1000.0,2.3162519531250005,1.0,normal,534.0898
29,676,40605,6,0,5.7997,5.7997,0.9666,1000.0,2.3162519531250005,1.0,normal,539.8895
29,677,40620,2,0,0.9578,0.9578,0.4789,1000.0,1.9109078613281256,1.0,normal,540.8473
29,677,40635,4,0,4.1852,4.1852,1.0463,1000.0,1.9109078613281256,1.0,normal,545.0325
29,677,40650,0,0,0.0,0.0,1.9109,1000.0,1.9109078613281256,1.0,normal,545.0325
29,677,40665,5,0,9.5545,9.5545,1.9109,1000.0,1.9109078613281256,1.0,normal,554.587
29,678,40680,5,0,6.15,6.15,1.23,1000.0,1.5764989855957037,1.0,normal,560.737
29,678,40695,6,0,0.2347,0.2347,0.0391,1000.0,1.5764989855957037,1.0,normal,560.9717
29,678,40710,3,0,4.7295,4.7295,1.5765,1000.0,1.5764989855957037,1.0,normal,565.7012
29,678,40725,8,0,12.612,12.612,1.5765,1000.0,1.5764989855957037,1.0,normal,578.3132
29,679,40740,3,0,3.9018,3.9018,1.3006,1000.0,1.3006116631164555,1.0,normal,582.215
29,679,40755,5,0,6.5031,6.5031,1.3006,1000.0,1.3006116631164555,1.0,normal,588.7181
29,679,40770,3,0,3.9018,3.9018,1.3006,1000.0,1.3006116631164555,1.0,normal,592.6199
29,679,40785,2,0,1.1979,1.1979,0.5989,1000.0,1.3006116631164555,1.0,normal,593.8178
29,680,40800,2,0,2.146,2.146,1.073,1000.0,1.073004622071076,1.0,normal,595.9638
29,680,40815,3,0,0.3268,0.3268,0.1089,1000.0,1.073004622071076,1.0,normal,596.2906
29,680,40830,3,1,0.9277,0.9277,0.3092,1000.0,1.073004622071076,1.0,normal,597.2183
29,680,40845,2,0,2.146,2.146,1.073,1000.0,1.073004622071076,1.0,normal,599.3643
29,681,40860,1,0,0.8852,0.8852,0.8852,1000.0,0.8852288132086378,1.0,normal,600.2495
29,681,40875,1,0,0.8852,0.8852,0.8852,1000.0,0.8852288132086378,1.0,normal,601.1347
29,681,40890,4,0,3.5409,3.5409,0.8852,1000.0,0.8852288132086378,1.0,normal,604.6756
29,681,40905,2,0,1.7705,1.7705,0.8852,1000.0,0.8852288132086378,1.0,normal,606.4461
29,682,40920,1,0,0.6263,0.6263,0.6263,1000.0,0.7303137708971262,1.0,normal,607.0724
29,682,40935,1,0,0.7303,0.7303,0.7303,1000.0,0.7303137708971262,1.0,normal,607.8027
29,682,40950,2,0,0.1215,0.1215,0.0607,1000.0,0.7303137708971262,1.0,normal,607.9242
29,682,40965,2,0,1.4606,1.4606,0.7303,1000.0,0.7303137708971262,1.0,normal,609.3848
29,683,40980,1,0,0.6025,0.6025,0.6025,1000.0,0.6025088609901291,1.0,normal,609.9873
29,683,40995,4,0,2.41,2.41,0.6025,1000.0,0.6025088609901291,1.0,normal,612.3973
29,683,41010,2,0,1.205,1.205,0.6025,1000.0,0.6025088609901291,1.0,normal,613.6023
29,683,41025,1,0,0.6025,0.6025,0.6025,1000.0,0.6025088609901291,1.0,normal,614.2048
29,684,41040,1,0,0.4255,0.4255,0.4255,1000.0,0.5,1.0,normal,614.6303
29,684,41055,1,0,0.5,0.5,0.5,1000.0,0.5,1.0,normal,615.1303
29,684,41070,2,0,1.0,1.0,0.5,1000.0,0.5,1.0,normal,616.1303
29,684,41085,0,0,0.0,0.0,0.5,1000.0,0.5,1.0,normal,616.1303
29,685,41100,0,0,0.0,0.0,0.5,1000.0,0.5,1.0,normal,616.1303
29,685,41115,1,0,0.5,0.5,0.5,1000.0,0.5,1.0,normal,616.6303
29,685,41130,0,0,0.0,0.0,0.1534,1000.0,0.5,1.0,normal,616.6303
29,685,41145,0,0,0.0,0.0,0.5,1000.0,0.5,1.0,normal,616.6303
29,686,41160,0,0,0.0,0.0,0.013,1000.0,0.5,1.0,normal,616.6303
29,686,41175,0,0,0.0,0.0,0.0611,1000.0,0.5,1.0,normal,616.6303
29,686,41190,1,0,0.2271,0.2271,0.2271,1000.0,0.5,1.0,normal,616.8574
29,686,41205,2,0,1.0,1.0,0.5,1000.0,0.5,1.0,normal,617.8574
29,687,41220,1,0,0.5,0.5,0.5,1000.0,0.5,1.0,normal,618.3574
29,687,41235,2,0,0.0958,0.0958,0.0479,1000.0,0.5,1.0,normal,618.4532
29,687,41250,1,0,0.5,0.5,0.5,1000.0,0.5,1.0,normal,618.9532
29,687,41265,2,0,1.0,1.0,0.5,1000.0,0.5,1.0,normal,619.9532
29,688,41280,0,0,0.0,0.0,0.1017,1000.0,0.5,1.0,normal,619.9532
29,688,41295,2,0,1.0,1.0,0.5,1000.0,0.5,1.0,normal,620.9532
29,688,41310,1,0,0.1251,0.1251,0.1251,1000.0,0.5,1.0,normal,621.0783
29,688,41325,3,0,1.5,1.5,0.5,1000.0,0.5,1.0,normal,622.5783
29,689,41340,1,0,0.5,0.5,0.5,1000.0,0.5,1.0,normal,623.0783
29,689,41355,1,0,0.5,0.5,0.5,1000.0,0.5,1.0,normal,623.5783
29,689,41370,1,0,0.5,0.5,0.5,1000.0,0.5,1.0,normal,624.0783
29,689,41385,2,0,1.0,1.0,0.5,1000.0,0.5,1.0,normal,625.0783
29,690,41400,0,0,0.0,0.0,0.5,1000.0,0.5,1.0,normal,625.0783
29,690,41415,1,0,0.5,0.5,0.5,1000.0,0.5,1.0,normal,625.5783
29,690,41430,1,0,0.5,0.5,0.5,1000.0,0.5,1.0,normal,626.0783
29,690,41445,4,0,2.0,2.0,0.5,1000.0,0.5,1.0,normal,628.0783
29,691,41460,1,0,0.0321,0.0321,0.0321,1000.0,0.5,1.0,normal,628.1104
29,691,41475,2,0,1.0,1.0,0.5,1000.0,0.5,1.0,normal,629.1104
29,691,41490,1,0,0.3194,0.3194,0.3194,1000.0,0.5,1.0,normal,629.4298
29,691,41505,0,0,0.0,0.0,0.5,1000.0,0.5,1.0,normal,629.4298
29,692,41520,2,0,0.747,0.747,0.3735,1000.0,0.5,1.0,normal,630.1768
29,692,41535,0,0,0.0,0.0,0.5,1000.0,0.5,1.0,normal,630.1768
29,692,41550,0,0,0.0,0.0,0.1054,1000.0,0.5,1.0,normal,630.1768
29,692,41565,1,1,0.1895,0.1895,0.1895,1000.0,0.5,1.0,normal,630.3663
29,693,41580,2,0,1.0,1.0,0.5,1000.0,0.5,1.0,normal,631.3663
29,693,41595,0,0,0.0,0.0,0.5,1000.0,0.5,1.0,normal,631.3663
29,693,41610,1,0,0.5,0.5,0.5,1000.0,0.5,1.0,normal,631.8663
29,693,41625,3,0,1.5,1.5,0.5,1000.0,0.5,1.0,normal,633.3663
29,694,41640,1,0,0.5,0.5,0.5,1000.0,0.5,1.0,normal,633.8663
29,694,41655,2,0,1.0,1.0,0.5,1000.0,0.5,1.0,normal,634.8663
29,694,41670,0,0,0.0,0.0,0.5,1000.0,0.5,1.0,normal,634.8663
29,694,41685,0,0,0.0,0.0,0.5,1000.0,0.5,1.0,normal,634.8663
29,695,41700,0,0,0.0,0.0,0.371,1000.0,0.5,1.0,normal,634.8663
29,695,41715,2,0,1.0,1.0,0.5,1000.0,0.5,1.0,normal,635.8663
29,695,41730,3,0,1.5,1.5,0.5,1000.0,0.5,1.0,normal,637.3663
29,695,41745,2,0,0.3851,0.3851,0.1926,1000.0,0.5,1.0,normal,637.7514
30,696,41760,3,0,1.5,1.5,0.5,1000.0,0.5,1.0,normal,1.5
30,696,41775,3,2,1.5,0.75,0.5,1000.0,0.5,1.0,normal,3.0
30,696,41790,0,0,0.0,0.0,0.379,1000.0,0.5,1.0,normal,3.0
30,696,41805,2,0,1.0,1.0,0.5,1000.0,0.5,1.0,normal,4.0
30,697,41820,0,0,0.0,0.0,0.55,1000.0,0.55,1.0,normal,4.0
30,697,41835,0,0,0.0,0.0,0.5301,1000.0,0.55,1.0,normal,4.0
30,697,41850,1,0,0.2736,0.2736,0.2736,1000.0,0.55,1.0,normal,4.2736
30,697,41865,1,0,0.4635,0.4635,0.4635,1000.0,0.55,1.0,normal,4.7371
30,698,41880,1,0,0.6655,0.6655,0.6655,1000.0,0.6655000000000002,1.0,normal,5.4026
30,698,41895,4,0,2.662,2.662,0.6655,1000.0,0.6655000000000002,1.0,normal,8.0646
30,698,41910,0,0,0.0,0.0,0.6582,1000.0,0.6655000000000002,1.0,normal,8.0646
30,698,41925,1,0,0.4067,0.4067,0.4067,1000.0,0.6655000000000002,1.0,normal,8.4713
30,699,41940,0,0,0.0,0.0,0.8053,1000.0,0.8052550000000004,1.0,normal,8.4713
30,699,41955,2,0,1.6105,1.6105,0.8053,1000.0,0.8052550000000004,1.0,normal,10.0818
30,699,41970,1,0,0.3384,0.3384,0.3384,1000.0,0.8052550000000004,1.0,normal,10.4202
30,699,41985,3,0,2.4158,2.4158,0.8053,1000.0,0.8052550000000004,1.0,normal,12.836
30,700,42000,0,0,0.0,0.0,0.9744,1000.0,0.9743585500000007,1.0,normal,12.836
30,700,42015,4,0,3.8974,3.8974,0.9744,1000.0,0.9743585500000007,1.0,normal,16.7334
30,700,42030,5,0,4.8718,4.8718,0.9744,1000.0,0.9743585500000007,1.0,normal,21.6052
30,700,42045,5,0,4.8718,4.8718,0.9744,1000.0,0.9743585500000007,1.0,normal,26.477
30,701,42060,6,0,7.0738,7.0738,1.179,1000.0,1.178973845500001,1.0,normal,33.5508
30,701,42075,0,0,0.0,0.0,0.5759,1000.0,1.178973845500001,1.0,normal,33.5508
30,701,42090,6,0,6.5039,6.5039,1.084,1000.0,1.178973845500001,1.0,normal,40.0547
30,701,42105,1,0,1.179,1.179,1.179,1000.0,1.178973845500001,1.0,normal,41.2337
30,702,42120,4,0,3.9002,3.9002,0.9751,1000.0,1.4265583530550014,1.0,normal,45.1339
30,702,42135,3,1,3.0971,3.0971,1.0324,1000.0,1.4265583530550014,1.0,normal,48.231
30,702,42150,1,0,1.4266,1.4266,1.4266,1000.0,1.4265583530550014,1.0,normal,49.6576
30,702,42165,5,0,6.3412,6.3412,1.2682,1000.0,1.4265583530550014,1.0,normal,55.9988
30,703,42180,9,0,11.6718,11.6718,1.2969,1000.0,1.7261356071965521,1.0,normal,67.6706
30,703,42195,5,0,2.4944,2.4944,0.4989,1000.0,1.7261356071965521,1.0,normal,70.165
30,703,42210,2,0,3.4523,3.4523,1.7261,1000.0,1.7261356071965521,1.0,normal,73.6173
30,703,42225,4,0,5.527,5.527,1.3817,1000.0,1.7261356071965521,1.0,normal,79.1443
30,704,42240,4,0,8.3545,8.3545,2.0886,1000.0,2.088624084707828,1.0,normal,87.4988
30,704,42255,2,0,2.5678,2.5678,1.2839,1000.0,2.088624084707828,1.0,normal,90.0666
30,704,42270,4,0,1.4202,1.4202,0.355,1000.0,2.088624084707828,1.0,normal,91.4868
30,704,42285,4,0,3.7423,3.7423,0.9356,1000.0,2.088624084707828,1.0,normal,95.2291
30,705,42300,6,1,10.1052,10.1052,1.6842,1000.0,2.527235142496472,1.0,normal,105.3343
30,705,42315,5,0,10.5331,10.5331,2.1066,1000.0,2.527235142496472,1.0,normal,115.8674
30,705,42330,8,0,20.2179,20.2179,2.5272,1000.0,2.527235142496472,1.0,normal,136.0853
30,705,42345,5,0,12.6362,12.6362,2.5272,1000.0,2.527235142496472,1.0,normal,148.7215
30,706,42360,7,0,21.4057,21.4057,3.058,1000.0,3.0579545224207316,1.0,normal,170.1272
30,706,42375,13,0,27.5303,27.5303,2.1177,1000.0,3.0579545224207316,1.0,normal,197.6575
30,706,42390,11,0,18.6458,18.6458,1.6951,1000.0,3.0579545224207316,1.0,normal,216.3033
30,706,42405,9,0,26.3392,26.3392,2.9266,1000.0,3.0579545224207316,1.0,normal,242.6425
30,707,42420,9,0,29.3238,29.3238,3.2582,1000.0,3.700124972129086,1.0,normal,271.9663
30,707,42435,10,0,5.8888,5.8888,0.5889,1000.0,3.700124972129086,1.0,normal,277.8551
30,707,42450,9,0,30.1493,30.1493,3.3499,1000.0,3.700124972129086,1.0,normal,308.0044
30,707,42465,9,0,33.3011,33.3011,3.7001,1000.0,3.700124972129086,1.0,normal,341.3055
30,708,42480,17,1,74.0055,74.0055,4.3533,1000.0,5.0,1.0,normal,415.311
30,708,42495,12,0,30.0842,30.0842,2.507,1000.0,5.0,1.0,normal,445.3952
30,708,42510,10,0,19.3385,19.3385,1.9338,1000.0,5.0,1.0,normal,464.7337
30,708,42525,12,1,5.1823,5.1823,0.4319,1000.0,5.0,1.0,normal,469.916
30,709,42540,10,0,32.7521,32.7521,3.2752,1000.0,5.5,1.0,normal,502.6681
30,709,42555,11,2,8.9221,4.4611,0.8111,1000.0,5.5,1.0,normal,511.5902
30,709,42570,19,1,68.4097,68.4097,3.6005,1000.0,5.5,1.0,normal,579.9999
30,709,42585,14,0,20.5287,20.5287,1.4663,1000.0,5.5,1.0,normal,600.5286
30,710,42600,20,1,52.3049,52.3049,2.6152,1000.0,6.655000000000001,1.0,normal,652.8335
30,710,42615,18,0,49.3479,49.3479,2.7416,1000.0,6.655000000000001,1.0,normal,702.1814
30,710,42630,15,1,82.4712,82.4712,5.4981,1000.0,6.655000000000001,1.0,normal,784.6526
30,710,42645,17,0,23.2813,23.2813,1.3695,1000.0,6.655000000000001,1.0,normal,807.9339
30,711,42660,19,1,135.5835,135.5835,7.136,1000.0,7.320500000000002,1.0,budget_constrained,943.5174
30,711,42675,20,0,56.4826,56.4826,2.7763,1000.0,7.320500000000002,1.0,budget_constrained,1000.0
30,711,42690,0,0,0.0,0.0,4.8421,1000.0,7.320500000000002,1.0,budget_constrained,1000.0
30,711,42705,0,0,0.0,0.0,3.3221,1000.0,7.320500000000002,1.0,budget_constrained,1000.0
30,712,42720,0,0,0.0,0.0,5.8388,1000.0,7.320500000000002,1.0,budget_constrained,1000.0
30,712,42735,0,0,0.0,0.0,2.9118,1000.0,7.320500000000002,1.0,budget_constrained,1000.0
30,712,42750,0,0,0.0,0.0,7.1652,1000.0,7.320500000000002,1.0,budget_constrained,1000.0
30,712,42765,0,0,0.0,0.0,1.1943,1000.0,7.320500000000002,1.0,budget_constrained,1000.0
30,713,42780,0,0,0.0,0.0,3.0412,1000.0,7.320500000000002,1.0,budget_constrained,1000.0
30,713,42795,0,0,0.0,0.0,5.4841,1000.0,7.320500000000002,1.0,budget_constrained,1000.0
30,713,42810,0,0,0.0,0.0,3.7844,1000.0,7.320500000000002,1.0,budget_constrained,1000.0
30,713,42825,0,0,0.0,0.0,5.3607,1000.0,7.320500000000002,1.0,budget_constrained,1000.0
30,714,42840,0,0,0.0,0.0,1.7168,1000.0,7.320500000000002,1.0,budget_constrained,1000.0
30,714,42855,0,0,0.0,0.0,2.1716,1000.0,7.320500000000002,1.0,budget_constrained,1000.0
30,714,42870,0,0,0.0,0.0,3.1504,1000.0,7.320500000000002,1.0,budget_constrained,1000.0
30,714,42885,0,0,0.0,0.0,6.1243,1000.0,7.320500000000002,1.0,budget_constrained,1000.0
30,715,42900,0,0,0.0,0.0,7.1149,1000.0,7.320500000000002,1.0,budget_constrained,1000.0
30,715,42915,0,0,0.0,0.0,4.6284,1000.0,7.320500000000002,1.0,budget_constrained,1000.0
30,715,42930,0,0,0.0,0.0,2.6516,1000.0,7.320500000000002,1.0,budget_constrained,1000.0
30,715,42945,0,0,0.0,0.0,3.5887,1000.0,7.320500000000002,1.0,budget_constrained,1000.0
30,716,42960,0,0,0.0,0.0,2.5442,1000.0,7.320500000000002,1.0,budget_constrained,1000.0
30,716,42975,0,0,0.0,0.0,0.3085,1000.0,7.320500000000002,1.0,budget_constrained,1000.0
30,716,42990,0,0,0.0,0.0,4.0329,1000.0,7.320500000000002,1.0,budget_constrained,1000.0
30,716,43005,0,0,0.0,0.0,5.9697,1000.0,7.320500000000002,1.0,budget_constrained,1000.0
30,717,43020,0,0,0.0,0.0,3.5283,1000.0,6.954475000000001,1.0,budget_constrained,1000.0
30,717,43035,0,0,0.0,0.0,6.6602,1000.0,6.954475000000001,1.0,budget_constrained,1000.0
30,717,43050,0,0,0.0,0.0,0.591,1000.0,6.954475000000001,1.0,budget_constrained,1000.0
30,717,43065,0,0,0.0,0.0,6.5199,1000.0,6.954475000000001,1.0,budget_constrained,1000.0
30,718,43080,0,0,0.0,0.0,2.8081,1000.0,6.606751250000001,1.0,budget_constrained,1000.0
30,718,43095,0,0,0.0,0.0,2.3614,1000.0,6.606751250000001,1.0,budget_constrained,1000.0
30,718,43110,0,0,0.0,0.0,5.24,1000.0,6.606751250000001,1.0,budget_constrained,1000.0
30,718,43125,0,0,0.0,0.0,3.2109,1000.0,6.606751250000001,1.0,budget_constrained,1000.0
30,719,43140,0,0,0.0,0.0,5.1858,1000.0,6.276413687500001,1.0,budget_constrained,1000.0
30,719,43155,0,0,0.0,0.0,5.457,1000.0,6.276413687500001,1.0,budget_constrained,1000.0
30,719,43170,0,0,0.0,0.0,5.4217,1000.0,6.276413687500001,1.0,budget_constrained,1000.0
30,719,43185,0,0,0.0,0.0,0.3561,1000.0,6.276413687500001,1.0,budget_constrained,1000.0
31,720,43200,0,0,0.0,0.0,5.1301,1000.0,5.962593003125001,1.0,normal,0.0
31,720,43215,17,0,7.5691,7.5691,0.4452,1000.0,5.962593003125001,1.0,normal,7.5691
31,720,43230,15,0,68.0827,68.0827,4.5388,1000.0,5.962593003125001,1.0,normal,75.6518
31,720,43245,20,1,83.091,83.091,4.1546,1000.0,5.962593003125001,1.0,normal,158.7428
31,721,43260,9,0,36.2228,36.2228,4.0248,1000.0,4.0247502771093755,1.0,normal,194.9656
31,721,43275,8,1,32.198,32.198,4.0248,1000.0,4.0247502771093755,1.0,normal,227.1636
31,721,43290,5,1,20.1238,20.1238,4.0248,1000.0,4.0247502771093755,1.0,normal,247.2874
31,721,43305,13,0,18.5809,18.5809,1.4293,1000.0,4.0247502771093755,1.0,normal,265.8683
31,722,43320,6,0,10.6905,10.6905,1.7817,1000.0,3.0789339619886724,1.0,normal,276.5588
31,722,43335,14,1,25.8505,25.8505,1.8465,1000.0,3.0789339619886724,1.0,normal,302.4093
31,722,43350,9,0,17.7077,17.7077,1.9675,1000.0,3.0789339619886724,1.0,normal,320.117
31,722,43365,9,0,15.256,15.256,1.6951,1000.0,3.0789339619886724,1.0,normal,335.373
31,723,43380,8,0,18.8431,18.8431,2.3554,1000.0,2.3553844809213347,1.0,normal,354.2161
31,723,43395,5,0,4.6368,4.6368,0.9274,1000.0,2.3553844809213347,1.0,normal,358.8529
31,723,43410,7,1,14.392,14.392,2.056,1000.0,2.3553844809213347,1.0,normal,373.2449
31,723,43425,3,0,5.339,5.339,1.7797,1000.0,2.3553844809213347,1.0,normal,378.5839
31,724,43440,6,0,10.8112,10.8112,1.8019,1000.0,1.8018691279048211,1.0,normal,389.3951
31,724,43455,3,0,3.4215,3.4215,1.1405,1000.0,1.8018691279048211,1.0,normal,392.8166
31,724,43470,1,0,0.6944,0.6944,0.6944,1000.0,1.8018691279048211,1.0,normal,393.511
31,724,43485,5,1,0.4008,0.4008,0.0802,1000.0,1.8018691279048211,1.0,normal,393.9118
31,725,43500,2,0,3.0812,3.0812,1.5406,1000.0,1.540598104358622,1.0,normal,396.993
31,725,43515,3,0,1.904,1.904,0.6347,1000.0,1.540598104358622,1.0,normal,398.897
31,725,43530,3,0,1.9281,1.9281,0.6427,1000.0,1.540598104358622,1.0,normal,400.8251
31,725,43545,7,0,10.7842,10.7842,1.5406,1000.0,1.540598104358622,1.0,normal,411.6093
31,726,43560,0,0,0.0,0.0,1.3172,1000.0,1.3172113792266218,1.0,normal,411.6093
31,726,43575,5,0,6.5861,6.5861,1.3172,1000.0,1.3172113792266218,1.0,normal,418.1954
31,726,43590,4,0,5.2688,5.2688,1.3172,1000.0,1.3172113792266218,1.0,normal,423.4642
31,726,43605,0,0,0.0,0.0,1.3172,1000.0,1.3172113792266218,1.0,normal,423.4642
31,727,43620,2,0,2.0153,2.0153,1.0077,1000.0,1.0076667051083656,1.0,normal,425.4795
31,727,43635,4,0,4.0307,4.0307,1.0077,1000.0,1.0076667051083656,1.0,normal,429.5102
31,727,43650,1,0,1.0077,1.0077,1.0077,1000.0,1.0076667051083656,1.0,normal,430.5179
31,727,43665,7,0,2.1402,2.1402,0.3057,1000.0,1.0076667051083656,1.0,normal,432.6581
31,728,43680,3,0,2.3126,2.3126,0.7709,1000.0,0.7708650294078997,1.0,normal,434.9707
31,728,43695,0,0,0.0,0.0,0.4458,1000.0,0.7708650294078997,1.0,normal,434.9707
31,728,43710,4,0,3.0835,3.0835,0.7709,1000.0,0.7708650294078997,1.0,normal,438.0542
31,728,43725,2,0,1.5417,1.5417,0.7709,1000.0,0.7708650294078997,1.0,normal,439.5959
31,729,43740,0,0,0.0,0.0,0.5897,1000.0,0.5897117474970432,1.0,normal,439.5959
31,729,43755,2,0,0.0474,0.0474,0.0237,1000.0,0.5897117474970432,1.0,normal,439.6433
31,729,43770,2,0,1.1794,1.1794,0.5897,1000.0,0.5897117474970432,1.0,normal,440.8227
31,729,43785,0,0,0.0,0.0,0.5897,1000.0,0.5897117474970432,1.0,normal,440.8227
31,730,43800,0,0,0.0,0.0,0.5,1000.0,0.5,1.0,normal,440.8227
31,730,43815,2,0,1.0,1.0,0.5,1000.0,0.5,1.0,normal,441.8227
31,730,43830,1,0,0.5,0.5,0.5,1000.0,0.5,1.0,normal,442.3227
31,730,43845,2,0,1.0,1.0,0.5,1000.0,0.5,1.0,normal,443.3227
31,731,43860,0,0,0.0,0.0,0.0062,1000.0,0.5,1.0,normal,443.3227
31,731,43875,0,0,0.0,0.0,0.5,1000.0,0.5,1.0,normal,443.3227
31,731,43890,2,0,1.0,1.0,0.5,1000.0,0.5,1.0,normal,444.3227
31,731,43905,1,0,0.5,0.5,0.5,1000.0,0.5,1.0,normal,444.8227
31,732,43920,0,0,0.0,0.0,0.5,1000.0,0.5,1.0,normal,444.8227
31,732,43935,2,0,0.4877,0.4877,0.2439,1000.0,0.5,1.0,normal,445.3104
31,732,43950,1,0,0.4015,0.4015,0.4015,1000.0,0.5,1.0,normal,445.7119
31,732,43965,3,0,0.6351,0.6351,0.2117,1000.0,0.5,1.0,normal,446.347
31,733,43980,4,0,1.2141,1.2141,0.3035,1000.0,0.5,1.0,normal,447.5611
31,733,43995,0,0,0.0,0.0,0.5,1000.0,0.5,1.0,normal,447.5611
31,733,44010,0,0,0.0,0.0,0.5,1000.0,0.5,1.0,normal,447.5611
31,733,44025,0,0,0.0,0.0,0.5,1000.0,0.5,1.0,normal,447.5611
31,734,44040,0,0,0.0,0.0,0.5,1000.0,0.5,1.0,normal,447.5611
31,734,44055,1,0,0.5,0.5,0.5,1000.0,0.5,1.0,normal,448.0611
31,734,44070,5,0,1.2919,1.2919,0.2584,1000.0,0.5,1.0,normal,449.353
31,734,44085,2,0,1.0,1.0,0.5,1000.0,0.5,1.0,normal,450.353
31,735,44100,0,0,0.0,0.0,0.5,1000.0,0.5,1.0,normal,450.353
31,735,44115,0,0,0.0,0.0,0.5,1000.0,0.5,1.0,normal,450.353
31,735,44130,0,0,0.0,0.0,0.5,1000.0,0.5,1.0,normal,450.353
31,735,44145,2,0,0.8712,0.8712,0.4356,1000.0,0.5,1.0,normal,451.2242
31,736,44160,1,0,0.55,0.55,0.55,1000.0,0.55,1.0,normal,451.7742
31,736,44175,2,0,1.1,1.1,0.55,1000.0,0.55,1.0,normal,452.8742
31,736,44190,1,1,0.55,0.55,0.55,1000.0,0.55,1.0,normal,453.4242
31,736,44205,1,0,0.4037,0.4037,0.4037,1000.0,0.55,1.0,normal,453.8279
31,737,44220,0,0,0.0,0.0,0.605,1000.0,0.6050000000000001,1.0,normal,453.8279
31,737,44235,3,0,1.815,1.815,0.605,1000.0,0.6050000000000001,1.0,normal,455.6429
31,737,44250,3,0,1.815,1.815,0.605,1000.0,0.6050000000000001,1.0,normal,457.4579
31,737,44265,5,0,3.025,3.025,0.605,1000.0,0.6050000000000001,1.0,normal,460.4829
31,738,44280,0,0,0.0,0.0,0.6655,1000.0,0.6655000000000002,1.0,normal,460.4829
31,738,44295,0,0,0.0,0.0,0.6655,1000.0,0.6655000000000002,1.0,normal,460.4829
31,738,44310,0,0,0.0,0.0,0.6655,1000.0,0.6655000000000002,1.0,normal,460.4829
31,738,44325,3,0,1.9965,1.9965,0.6655,1000.0,0.6655000000000002,1.0,normal,462.4794
31,739,44340,1,0,0.5532,0.5532,0.5532,1000.0,0.7320500000000003,1.0,normal,463.0326
31,739,44355,3,0,2.1962,2.1962,0.7321,1000.0,0.7320500000000003,1.0,normal,465.2288
31,739,44370,0,0,0.0,0.0,0.7321,1000.0,0.7320500000000003,1.0,normal,465.2288
31,739,44385,3,0,2.1962,2.1962,0.7321,1000.0,0.7320500000000003,1.0,normal,467.425
31,740,44400,2,0,1.6105,1.6105,0.8053,1000.0,0.8052550000000004,1.0,normal,469.0355
31,740,44415,3,0,0.4697,0.4697,0.1566,1000.0,0.8052550000000004,1.0,normal,469.5052
31,740,44430,6,0,0.1796,0.1796,0.0299,1000.0,0.8052550000000004,1.0,normal,469.6848
31,740,44445,1,0,0.8053,0.8053,0.8053,1000.0,0.8052550000000004,1.0,normal,470.4901
31,741,44460,2,0,0.9805,0.9805,0.4903,1000.0,0.8857805000000005,1.0,normal,471.4706
31,741,44475,1,0,0.8858,0.8858,0.8858,1000.0,0.8857805000000005,1.0,normal,472.3564
31,741,44490,4,1,3.5431,3.5431,0.8858,1000.0,0.8857805000000005,1.0,normal,475.8995
31,741,44505,2,0,1.7716,1.7716,0.8858,1000.0,0.8857805000000005,1.0,normal,477.6711
31,742,44520,4,0,4.2872,4.2872,1.0718,1000.0,1.0717944050000008,1.0,normal,481.9583
31,742,44535,3,0,2.7463,2.7463,0.9154,1000.0,1.0717944050000008,1.0,normal,484.7046
31,742,44550,4,0,1.7694,1.7694,0.4424,1000.0,1.0717944050000008,1.0,normal,486.474
31,742,44565,1,0,1.0718,1.0718,1.0718,1000.0,1.0717944050000008,1.0,normal,487.5458
31,743,44580,6,0,2.118,2.118,0.353,1000.0,1.2968712300500012,1.0,normal,489.6638
31,743,44595,5,0,6.4844,6.4844,1.2969,1000.0,1.2968712300500012,1.0,normal,496.1482
31,743,44610,7,0,9.0781,9.0781,1.2969,1000.0,1.2968712300500012,1.0,normal,505.2263
31,743,44625,3,0,3.1655,3.1655,1.0552,1000.0,1.2968712300500012,1.0,normal,508.3918
32,744,44640,5,0,2.0043,2.0043,0.4009,1000.0,1.5692141883605017,1.0,normal,2.0043
32,744,44655,4,0,4.4334,4.4334,1.1084,1000.0,1.5692141883605017,1.0,normal,6.4377
32,744,44670,3,1,0.3519,0.3519,0.1173,1000.0,1.5692141883605017,1.0,normal,6.7896
32,744,44685,4,1,5.0037,5.0037,1.2509,1000.0,1.5692141883605017,1.0,normal,11.7933
32,745,44700,2,0,3.7975,3.7975,1.8987,1000.0,1.8987491679162074,1.0,normal,15.5908
32,745,44715,4,0,0.2967,0.2967,0.0742,1000.0,1.8987491679162074,1.0,normal,15.8875
32,745,44730,0,0,0.0,0.0,0.4779,1000.0,1.8987491679162074,1.0,normal,15.8875
32,745,44745,6,0,1.4581,1.4581,0.243,1000.0,1.8987491679162074,1.0,normal,17.3456
32,746,44760,6,0,8.3503,8.3503,1.3917,1000.0,2.297486493178611,1.0,normal,25.6959
32,746,44775,10,1,16.1578,16.1578,1.6158,1000.0,2.297486493178611,1.0,normal,41.8537
32,746,44790,5,1,11.4874,11.4874,2.2975,1000.0,2.297486493178611,1.0,normal,53.3411
32,746,44805,7,0,16.0824,16.0824,2.2975,1000.0,2.297486493178611,1.0,normal,69.4235
32,747,44820,6,0,16.6798,16.6798,2.78,1000.0,2.7799586567461194,1.0,normal,86.1033
32,747,44835,7,1,8.877,8.877,1.2681,1000.0,2.7799586567461194,1.0,normal,94.9803
32,747,44850,9,0,25.0196,25.0196,2.78,1000.0,2.7799586567461194,1.0,normal,119.9999
32,747,44865,9,0,3.4496,3.4496,0.3833,1000.0,2.7799586567461194,1.0,normal,123.4495
32,748,44880,8,1,26.91,26.91,3.3637,1000.0,3.363749974662805,1.0,normal,150.3595
32,748,44895,7,0,17.1465,17.1465,2.4495,1000.0,3.363749974662805,1.0,normal,167.506
32,748,44910,9,0,30.2737,30.2737,3.3637,1000.0,3.363749974662805,1.0,normal,197.7797
32,748,44925,7,0,3.1796,3.1796,0.4542,1000.0,3.363749974662805,1.0,normal,200.9593
32,749,44940,9,0,34.6925,34.6925,3.8547,1000.0,4.0701374693419945,1.0,normal,235.6518
32,749,44955,9,0,20.2914,20.2914,2.2546,1000.0,4.0701374693419945,1.0,normal,255.9432
32,749,44970,10,0,14.7235,14.7235,1.4724,1000.0,4.0701374693419945,1.0,normal,270.6667
32,749,44985,10,0,27.9866,27.9866,2.7987,1000.0,4.0701374693419945,1.0,normal,298.6533
32,750,45000,14,1,48.4241,48.4241,3.4589,1000.0,4.924866337903814,1.0,normal,347.0774
32,750,45015,17,3,64.6947,21.5649,3.8056,1000.0,4.924866337903814,1.0,normal,411.7721
32,750,45030,14,0,50.8461,50.8461,3.6319,1000.0,4.924866337903814,1.0,normal,462.6182
32,750,45045,18,0,88.6476,88.6476,4.9249,1000.0,4.924866337903814,1.0,normal,551.2658
32,751,45060,14,0,75.9687,75.9687,5.4263,1000.0,5.959088268863615,1.0,normal,627.2345
32,751,45075,21,0,107.4653,107.4653,5.1174,1000.0,5.959088268863615,1.0,normal,734.6998
32,751,45090,19,1,0.8813,0.8813,0.0464,1000.0,5.959088268863615,1.0,normal,735.5811
32,751,45105,11,0,6.212,6.212,0.5647,1000.0,5.959088268863615,1.0,normal,741.7931
32,752,45120,19,0,119.4016,119.4016,6.2843,1000.0,7.210496805324976,1.0,normal,861.1947
32,752,45135,26,0,69.2838,69.2838,2.6648,1000.0,7.210496805324976,1.0,budget_constrained,930.4785
32,752,45150,17,0,35.4355,35.4355,2.0844,1000.0,7.210496805324976,1.0,budget_constrained,965.914
32,752,45165,4,0,34.086,34.086,6.905,1000.0,7.210496805324976,1.0,budget_depleted,1000.0
32,753,45180,0,0,0.0,0.0,0.0,1000.0,6.849971965058726,1.0,budget_depleted,1000.0
32,753,45195,0,0,0.0,0.0,0.0,1000.0,6.849971965058726,1.0,budget_depleted,1000.0
32,753,45210,0,0,0.0,0.0,0.0,1000.0,6.849971965058726,1.0,budget_depleted,1000.0
32,753,45225,0,0,0.0,0.0,0.0,1000.0,6.849971965058726,1.0,budget_depleted,1000.0
32,754,45240,0,0,0.0,0.0,0.0,1000.0,6.507473366805789,1.0,budget_depleted,1000.0
32,754,45255,0,0,0.0,0.0,0.0,1000.0,6.507473366805789,1.0,budget_depleted,1000.0
32,754,45270,0,0,0.0,0.0,0.0,1000.0,6.507473366805789,1.0,budget_depleted,1000.0
32,754,45285,0,0,0.0,0.0,0.0,1000.0,6.507473366805789,1.0,budget_depleted,1000.0
32,755,45300,0,0,0.0,0.0,0.0,1000.0,6.1820996984655,1.0,budget_depleted,1000.0
32,755,45315,0,0,0.0,0.0,0.0,1000.0,6.1820996984655,1.0,budget_depleted,1000.0
32,755,45330,0,0,0.0,0.0,0.0,1000.0,6.1820996984655,1.0,budget_depleted,1000.0
32,755,45345,0,0,0.0,0.0,0.0,1000.0,6.1820996984655,1.0,budget_depleted,1000.0
32,756,45360,0,0,0.0,0.0,0.0,1000.0,5.872994713542225,1.0,budget_depleted,1000.0
32,756,45375,0,0,0.0,0.0,0.0,1000.0,5.872994713542225,1.0,budget_depleted,1000.0
32,756,45390,0,0,0.0,0.0,0.0,1000.0,5.872994713542225,1.0,budget_depleted,1000.0
32,756,45405,0,0,0.0,0.0,0.0,1000.0,5.872994713542225,1.0,budget_depleted,1000.0
32,757,45420,0,0,0.0,0.0,0.0,1000.0,5.579344977865113,1.0,budget_depleted,1000.0
32,757,45435,0,0,0.0,0.0,0.0,1000.0,5.579344977865113,1.0,budget_depleted,1000.0
32,757,45450,0,0,0.0,0.0,0.0,1000.0,5.579344977865113,1.0,budget_depleted,1000.0
32,757,45465,0,0,0.0,0.0,0.0,1000.0,5.579344977865113,1.0,budget_depleted,1000.0
32,758,45480,0,0,0.0,0.0,0.0,1000.0,5.300377728971857,1.0,budget_depleted,1000.0
32,758,45495,0,0,0.0,0.0,0.0,1000.0,5.300377728971857,1.0,budget_depleted,1000.0
32,758,45510,0,0,0.0,0.0,0.0,1000.0,5.300377728971857,1.0,budget_depleted,1000.0
32,758,45525,0,0,0.0,0.0,0.0,1000.0,5.300377728971857,1.0,budget_depleted,1000.0
32,759,45540,0,0,0.0,0.0,0.0,1000.0,5.035358842523264,1.0,budget_depleted,1000.0
32,759,45555,0,0,0.0,0.0,0.0,1000.0,5.035358842523264,1.0,budget_depleted,1000.0
32,759,45570,0,0,0.0,0.0,0.0,1000.0,5.035358842523264,1.0,budget_depleted,1000.0
32,759,45585,0,0,0.0,0.0,0.0,1000.0,5.035358842523264,1.0,budget_depleted,1000.0
32,760,45600,0,0,0.0,0.0,0.0,1000.0,4.7835909003971,1.0,budget_depleted,1000.0
32,760,45615,0,0,0.0,0.0,0.0,1000.0,4.7835909003971,1.0,budget_depleted,1000.0
32,760,45630,0,0,0.0,0.0,0.0,1000.0,4.7835909003971,1.0,budget_depleted,1000.0
32,760,45645,0,0,0.0,0.0,0.0,1000.0,4.7835909003971,1.0,budget_depleted,1000.0
32,761,45660,0,0,0.0,0.0,0.0,1000.0,4.544411355377245,1.0,budget_depleted,1000.0
32,761,45675,0,0,0.0,0.0,0.0,1000.0,4.544411355377245,1.0,budget_depleted,1000.0
32,761,45690,0,0,0.0,0.0,0.0,1000.0,4.544411355377245,1.0,budget_depleted,1000.0
32,761,45705,0,0,0.0,0.0,0.0,1000.0,4.544411355377245,1.0,budget_depleted,1000.0
32,762,45720,0,0,0.0,0.0,0.0,1000.0,4.317190787608383,1.0,budget_depleted,1000.0
32,762,45735,0,0,0.0,0.0,0.0,1000.0,4.317190787608383,1.0,budget_depleted,1000.0
32,762,45750,0,0,0.0,0.0,0.0,1000.0,4.317190787608383,1.0,budget_depleted,1000.0
32,762,45765,0,0,0.0,0.0,0.0,1000.0,4.317190787608383,1.0,budget_depleted,1000.0
32,763,45780,0,0,0.0,0.0,0.0,1000.0,4.101331248227964,1.0,budget_depleted,1000.0
32,763,45795,0,0,0.0,0.0,0.0,1000.0,4.101331248227964,1.0,budget_depleted,1000.0
32,763,45810,0,0,0.0,0.0,0.0,1000.0,4.101331248227964,1.0,budget_depleted,1000.0
32,763,45825,0,0,0.0,0.0,0.0,1000.0,4.101331248227964,1.0,budget_depleted,1000.0
32,764,45840,0,0,0.0,0.0,0.0,1000.0,3.8962646858165653,1.0,budget_depleted,1000.0
32,764,45855,0,0,0.0,0.0,0.0,1000.0,3.8962646858165653,1.0,budget_depleted,1000.0
32,764,45870,0,0,0.0,0.0,0.0,1000.0,3.8962646858165653,1.0,budget_depleted,1000.0
32,764,45885,0,0,0.0,0.0,0.0,1000.0,3.8962646858165653,1.0,budget_depleted,1000.0
32,765,45900,0,0,0.0,0.0,0.0,1000.0,3.701451451525737,1.0,budget_depleted,1000.0
32,765,45915,0,0,0.0,0.0,0.0,1000.0,3.701451451525737,1.0,budget_depleted,1000.0
32,765,45930,0,0,0.0,0.0,0.0,1000.0,3.701451451525737,1.0,budget_depleted,1000.0
32,765,45945,0,0,0.0,0.0,0.0,1000.0,3.701451451525737,1.0,budget_depleted,1000.0
32,766,45960,0,0,0.0,0.0,0.0,1000.0,3.146233733796876,1.0,budget_depleted,1000.0
32,766,45975,0,0,0.0,0.0,0.0,1000.0,3.146233733796876,1.0,budget_depleted,1000.0
32,766,45990,0,0,0.0,0.0,0.0,1000.0,3.146233733796876,1.0,budget_depleted,1000.0
32,766,46005,0,0,0.0,0.0,0.0,1000.0,3.146233733796876,1.0,budget_depleted,1000.0
32,767,46020,0,0,0.0,0.0,0.0,1000.0,2.674298673727345,1.0,budget_depleted,1000.0
32,767,46035,0,0,0.0,0.0,0.0,1000.0,2.674298673727345,1.0,budget_depleted,1000.0
32,767,46050,0,0,0.0,0.0,0.0,1000.0,2.674298673727345,1.0,budget_depleted,1000.0
32,767,46065,0,0,0.0,0.0,0.0,1000.0,2.674298673727345,1.0,budget_depleted,1000.0
33,768,46080,0,0,0.0,0.0,0.0,1000.0,2.273153872668243,1.0,normal,0.0
33,768,46095,3,0,5.082,5.082,1.694,1000.0,2.273153872668243,1.0,normal,5.082
33,768,46110,12,0,27.2778,27.2778,2.2732,1000.0,2.273153872668243,1.0,normal,32.3598
33,768,46125,7,0,15.9121,15.9121,2.2732,1000.0,2.273153872668243,1.0,normal,48.2719
33,769,46140,5,0,8.5243,8.5243,1.7049,1000.0,1.7048654045011824,1.0,normal,56.7962
33,769,46155,9,0,15.3438,15.3438,1.7049,1000.0,1.7048654045011824,1.0,normal,72.14
33,769,46170,2,0,3.4097,3.4097,1.7049,1000.0,1.7048654045011824,1.0,normal,75.5497
33,769,46185,5,0,8.5243,8.5243,1.7049,1000.0,1.7048654045011824,1.0,normal,84.074
33,770,46200,2,0,2.5573,2.5573,1.2786,1000.0,1.2786490533758867,1.0,normal,86.6313
33,770,46215,2,0,2.5573,2.5573,1.2786,1000.0,1.2786490533758867,1.0,normal,89.1886
33,770,46230,5,0,1.3526,1.3526,0.2705,1000.0,1.2786490533758867,1.0,normal,90.5412
33,770,46245,2,1,0.3196,0.3196,0.1598,1000.0,1.2786490533758867,1.0,normal,90.8608
33,771,46260,2,0,1.918,1.918,0.959,1000.0,0.9589867900319151,1.0,normal,92.7788
33,771,46275,4,0,3.8359,3.8359,0.959,1000.0,0.9589867900319151,1.0,normal,96.6147
33,771,46290,1,0,0.959,0.959,0.959,1000.0,0.9589867900319151,1.0,normal,97.5737
33,771,46305,1,0,0.5069,0.5069,0.5069,1000.0,0.9589867900319151,1.0,normal,98.0806
33,772,46320,2,0,1.4385,1.4385,0.7192,1000.0,0.7192400925239364,1.0,normal,99.5191
33,772,46335,0,0,0.0,0.0,0.7192,1000.0,0.7192400925239364,1.0,normal,99.5191
33,772,46350,3,0,2.1389,2.1389,0.713,1000.0,0.7192400925239364,1.0,normal,101.658
33,772,46365,1,0,0.7192,0.7192,0.7192,1000.0,0.7192400925239364,1.0,normal,102.3772
33,773,46380,1,0,0.0015,0.0015,0.0015,1000.0,0.5394300693929523,1.0,normal,102.3787
33,773,46395,0,0,0.0,0.0,0.5394,1000.0,0.5394300693929523,1.0,normal,102.3787
33,773,46410,1,0,0.2185,0.2185,0.2185,1000.0,0.5394300693929523,1.0,normal,102.5972
33,773,46425,2,0,1.0789,1.0789,0.5394,1000.0,0.5394300693929523,1.0,normal,103.6761
33,774,46440,1,0,0.4499,0.4499,0.4499,1000.0,0.5,1.0,normal,104.126
33,774,46455,0,0,0.0,0.0,0.5,1000.0,0.5,1.0,normal,104.126
33,774,46470,2,0,0.7719,0.7719,0.3859,1000.0,0.5,1.0,normal,104.8979
33,774,46485,2,0,0.5453,0.5453,0.2727,1000.0,0.5,1.0,normal,105.4432
33,775,46500,3,0,1.5,1.5,0.5,1000.0,0.5,1.0,normal,106.9432
33,775,46515,3,0,1.1352,1.1352,0.3784,1000.0,0.5,1.0,normal,108.0784
33,775,46530,1,0,0.5,0.5,0.5,1000.0,0.5,1.0,normal,108.5784
33,775,46545,2,0,0.0985,0.0985,0.0492,1000.0,0.5,1.0,normal,108.6769
33,776,46560,0,0,0.0,0.0,0.5,1000.0,0.5,1.0,normal,108.6769
33,776,46575,2,0,1.0,1.0,0.5,1000.0,0.5,1.0,normal,109.6769
33,776,46590,5,0,1.8309,1.8309,0.3662,1000.0,0.5,1.0,normal,111.5078
33,776,46605,0,0,0.0,0.0,0.0684,1000.0,0.5,1.0,normal,111.5078
33,777,46620,1,0,0.5,0.5,0.5,1000.0,0.5,1.0,normal,112.0078
33,777,46635,1,0,0.5,0.5,0.5,1000.0,0.5,1.0,normal,112.5078
33,777,46650,2,0,1.0,1.0,0.5,1000.0,0.5,1.0,normal,113.5078
33,777,46665,0,0,0.0,0.0,0.5,1000.0,0.5,1.0,normal,113.5078
33,778,46680,1,0,0.1334,0.1334,0.1334,1000.0,0.5,1.0,normal,113.6412
33,778,46695,1,0,0.3297,0.3297,0.3297,1000.0,0.5,1.0,normal,113.9709
33,778,46710,0,0,0.0,0.0,0.5,1000.0,0.5,1.0,normal,113.9709
33,778,46725,1,0,0.5,0.5,0.5,1000.0,0.5,1.0,normal,114.4709
33,779,46740,0,0,0.0,0.0,0.5,1000.0,0.5,1.0,normal,114.4709
33,779,46755,1,0,0.5,0.5,0.5,1000.0,0.5,1.0,normal,114.9709
33,779,46770,0,0,0.0,0.0,0.5,1000.0,0.5,1.0,normal,114.9709
33,779,46785,1,0,0.5,0.5,0.5,1000.0,0.5,1.0,normal,115.4709
33,780,46800,17,0,83.6513,83.6513,4.9207,1000.0,5.0,1.0,normal,199.1222
33,780,46815,13,2,40.4815,20.2408,3.114,1000.0,5.0,1.0,normal,239.6037
33,780,46830,11,2,55.0,27.5,5.0,1000.0,5.0,1.0,normal,294.6037
33,780,46845,10,0,9.942,9.942,0.9942,1000.0,5.0,1.0,normal,304.5457
33,781,46860,13,0,36.3511,36.3511,2.7962,1000.0,6.050000000000001,1.0,normal,340.8968
33,781,46875,5,0,25.4958,25.4958,5.0992,1000.0,6.050000000000001,1.0,normal,366.3926
33,781,46890,21,0,117.8725,117.8725,5.613,1000.0,6.050000000000001,1.0,normal,484.2651
33,781,46905,10,1,41.1491,41.1491,4.1149,1000.0,6.050000000000001,1.0,normal,525.4142
33,782,46920,13,1,82.1893,82.1893,6.3223,1000.0,6.32225,1.0,normal,607.6035
33,782,46935,17,0,20.0234,20.0234,1.1778,1000.0,6.32225,1.0,normal,627.6269
33,782,46950,18,1,44.7664,44.7664,2.487,1000.0,6.32225,1.0,normal,672.3933
33,782,46965,16,0,72.0485,72.0485,4.503,1000.0,6.32225,1.0,normal,744.4418
33,783,46980,11,0,65.0243,65.0243,5.9113,1000.0,5.911303750000001,1.0,normal,809.4661
33,783,46995,17,0,57.597,57.597,3.3881,1000.0,5.911303750000001,1.0,normal,867.0631
33,783,47010,20,0,116.7621,116.7621,5.8381,1000.0,5.911303750000001,1.0,budget_constrained,983.8252
33,783,47025,6,0,16.1748,16.1748,2.5207,1000.0,5.911303750000001,1.0,budget_depleted,1000.0
33,784,47040,0,0,0.0,0.0,0.0,1000.0,4.4334778125000005,1.0,budget_depleted,1000.0
33,784,47055,0,0,0.0,0.0,0.0,1000.0,4.4334778125000005,1.0,budget_depleted,1000.0
33,784,47070,0,0,0.0,0.0,0.0,1000.0,4.4334778125000005,1.0,budget_depleted,1000.0
33,784,47085,0,0,0.0,0.0,0.0,1000.0,4.4334778125000005,1.0,budget_depleted,1000.0
33,785,47100,0,0,0.0,0.0,0.0,1000.0,3.325108359375,1.0,budget_depleted,1000.0
33,785,47115,0,0,0.0,0.0,0.0,1000.0,3.325108359375,1.0,budget_depleted,1000.0
33,785,47130,0,0,0.0,0.0,0.0,1000.0,3.325108359375,1.0,budget_depleted,1000.0
33,785,47145,0,0,0.0,0.0,0.0,1000.0,3.325108359375,1.0,budget_depleted,1000.0
33,786,47160,0,0,0.0,0.0,0.0,1000.0,2.49383126953125,1.0,budget_depleted,1000.0
33,786,47175,0,0,0.0,0.0,0.0,1000.0,2.49383126953125,1.0,budget_depleted,1000.0
33,786,47190,0,0,0.0,0.0,0.0,1000.0,2.49383126953125,1.0,budget_depleted,1000.0
33,786,47205,0,0,0.0,0.0,0.0,1000.0,2.49383126953125,1.0,budget_depleted,1000.0
33,787,47220,0,0,0.0,0.0,0.0,1000.0,1.8703734521484374,1.0,budget_depleted,1000.0
33,787,47235,0,0,0.0,0.0,0.0,1000.0,1.8703734521484374,1.0,budget_depleted,1000.0
33,787,47250,0,0,0.0,0.0,0.0,1000.0,1.8703734521484374,1.0,budget_depleted,1000.0
33,787,47265,0,0,0.0,0.0,0.0,1000.0,1.8703734521484374,1.0,budget_depleted,1000.0
33,788,47280,0,0,0.0,0.0,0.0,1000.0,1.402780089111328,1.0,budget_depleted,1000.0
33,788,47295,0,0,0.0,0.0,0.0,1000.0,1.402780089111328,1.0,budget_depleted,1000.0
33,788,47310,0,0,0.0,0.0,0.0,1000.0,1.402780089111328,1.0,budget_depleted,1000.0
33,788,47325,0,0,0.0,0.0,0.0,1000.0,1.402780089111328,1.0,budget_depleted,1000.0
33,789,47340,0,0,0.0,0.0,0.0,1000.0,1.052085066833496,1.0,budget_depleted,1000.0
33,789,47355,0,0,0.0,0.0,0.0,1000.0,1.052085066833496,1.0,budget_depleted,1000.0
33,789,47370,0,0,0.0,0.0,0.0,1000.0,1.052085066833496,1.0,budget_depleted,1000.0
33,789,47385,0,0,0.0,0.0,0.0,1000.0,1.052085066833496,1.0,budget_depleted,1000.0
33,790,47400,0,0,0.0,0.0,0.0,1000.0,0.789063800125122,1.0,budget_depleted,1000.0
33,790,47415,0,0,0.0,0.0,0.0,1000.0,0.789063800125122,1.0,budget_depleted,1000.0
33,790,47430,0,0,0.0,0.0,0.0,1000.0,0.789063800125122,1.0,budget_depleted,1000.0
33,790,47445,0,0,0.0,0.0,0.0,1000.0,0.789063800125122,1.0,budget_depleted,1000.0
33,791,47460,0,0,0.0,0.0,0.0,1000.0,0.5917978500938414,1.0,budget_depleted,1000.0
33,791,47475,0,0,0.0,0.0,0.0,1000.0,0.5917978500938414,1.0,budget_depleted,1000.0
33,791,47490,0,0,0.0,0.0,0.0,1000.0,0.5917978500938414,1.0,budget_depleted,1000.0
33,791,47505,0,0,0.0,0.0,0.0,1000.0,0.5917978500938414,1.0,budget_depleted,1000.0
34,792,47520,0,0,0.0,0.0,0.0,1000.0,0.5,1.0,normal,0.0
34,792,47535,2,0,1.0,1.0,0.5,1000.0,0.5,1.0,normal,1.0
34,792,47550,1,0,0.3058,0.3058,0.3058,1000.0,0.5,1.0,normal,1.3058
34,792,47565,4,0,2.0,2.0,0.5,1000.0,0.5,1.0,normal,3.3058
34,793,47580,2,0,1.0,1.0,0.5,1000.0,0.5,1.0,normal,4.3058
34,793,47595,2,1,1.0,1.0,0.5,1000.0,0.5,1.0,normal,5.3058
34,793,47610,1,0,0.5,0.5,0.5,1000.0,0.5,1.0,normal,5.8058
34,793,47625,2,0,1.0,1.0,0.5,1000.0,0.5,1.0,normal,6.8058
34,794,47640,1,0,0.1829,0.1829,0.1829,1000.0,0.5,1.0,normal,6.9887
34,794,47655,1,0,0.5,0.5,0.5,1000.0,0.5,1.0,normal,7.4887
34,794,47670,2,0,1.0,1.0,0.5,1000.0,0.5,1.0,normal,8.4887
34,794,47685,1,0,0.5,0.5,0.5,1000.0,0.5,1.0,normal,8.9887
34,795,47700,7,0,1.4918,1.4918,0.2131,1000.0,0.5,1.0,normal,10.4805
34,795,47715,1,0,0.5,0.5,0.5,1000.0,0.5,1.0,normal,10.9805
34,795,47730,3,0,1.5,1.5,0.5,1000.0,0.5,1.0,normal,12.4805
34,795,47745,0,0,0.0,0.0,0.5,1000.0,0.5,1.0,normal,12.4805
34,796,47760,1,0,0.5,0.5,0.5,1000.0,0.5,1.0,normal,12.9805
34,796,47775,2,0,1.0,1.0,0.5,1000.0,0.5,1.0,normal,13.9805
34,796,47790,2,0,1.0,1.0,0.5,1000.0,0.5,1.0,normal,14.9805
34,796,47805,1,0,0.3441,0.3441,0.3441,1000.0,0.5,1.0,normal,15.3246
34,797,47820,3,0,1.5,1.5,0.5,1000.0,0.5,1.0,normal,16.8246
34,797,47835,2,0,1.0,1.0,0.5,1000.0,0.5,1.0,normal,17.8246
34,797,47850,1,0,0.5,0.5,0.5,1000.0,0.5,1.0,normal,18.3246
34,797,47865,2,0,1.0,1.0,0.5,1000.0,0.5,1.0,normal,19.3246
34,798,47880,1,0,0.5,0.5,0.5,1000.0,0.5,1.0,normal,19.8246
34,798,47895,1,0,0.5,0.5,0.5,1000.0,0.5,1.0,normal,20.3246
34,798,47910,1,0,0.421,0.421,0.421,1000.0,0.5,1.0,normal,20.7456
34,798,47925,0,0,0.0,0.0,0.5,1000.0,0.5,1.0,normal,20.7456
34,799,47940,0,0,0.0,0.0,0.5,1000.0,0.5,1.0,normal,20.7456
34,799,47955,2,0,0.5365,0.5365,0.2683,1000.0,0.5,1.0,normal,21.2821
34,799,47970,1,0,0.5,0.5,0.5,1000.0,0.5,1.0,normal,21.7821
34,799,47985,0,0,0.0,0.0,0.5,1000.0,0.5,1.0,normal,21.7821
34,800,48000,0,0,0.0,0.0,0.5,1000.0,0.5,1.0,normal,21.7821
34,800,48015,1,0,0.5,0.5,0.5,1000.0,0.5,1.0,normal,22.2821
34,800,48030,1,0,0.5,0.5,0.5,1000.0,0.5,1.0,normal,22.7821
34,800,48045,0,0,0.0,0.0,0.409,1000.0,0.5,1.0,normal,22.7821
34,801,48060,0,0,0.0,0.0,0.4631,1000.0,0.5,1.0,normal,22.7821
34,801,48075,0,0,0.0,0.0,0.5,1000.0,0.5,1.0,normal,22.7821
34,801,48090,3,0,1.5,1.5,0.5,1000.0,0.5,1.0,normal,24.2821
34,801,48105,0,0,0.0,0.0,0.5,1000.0,0.5,1.0,normal,24.2821
34,802,48120,2,0,1.0,1.0,0.5,1000.0,0.5,1.0,normal,25.2821
34,802,48135,2,0,1.0,1.0,0.5,1000.0,0.5,1.0,normal,26.2821
34,802,48150,1,0,0.5,0.5,0.5,1000.0,0.5,1.0,normal,26.7821
34,802,48165,1,0,0.5,0.5,0.5,1000.0,0.5,1.0,normal,27.2821
34,803,48180,1,0,0.2043,0.2043,0.2043,1000.0,0.5,1.0,normal,27.4864
34,803,48195,2,0,1.0,1.0,0.5,1000.0,0.5,1.0,normal,28.4864
34,803,48210,4,0,2.0,2.0,0.5,1000.0,0.5,1.0,normal,30.4864
34,803,48225,1,0,0.5,0.5,0.5,1000.0,0.5,1.0,normal,30.9864
34,804,48240,1,0,0.492,0.492,0.492,1000.0,0.5,1.0,normal,31.4784
34,804,48255,2,0,1.0,1.0,0.5,1000.0,0.5,1.0,normal,32.4784
34,804,48270,1,0,0.5,0.5,0.5,1000.0,0.5,1.0,normal,32.9784
34,804,48285,1,0,0.5,0.5,0.5,1000.0,0.5,1.0,normal,33.4784
34,805,48300,0,0,0.0,0.0,0.5,1000.0,0.5,1.0,normal,33.4784
34,805,48315,1,0,0.4357,0.4357,0.4357,1000.0,0.5,1.0,normal,33.9141
34,805,48330,4,0,2.0,2.0,0.5,1000.0,0.5,1.0,normal,35.9141
34,805,48345,1,0,0.5,0.5,0.5,1000.0,0.5,1.0,normal,36.4141
34,806,48360,2,0,1.0,1.0,0.5,1000.0,0.5,1.0,normal,37.4141
34,806,48375,2,0,0.7357,0.7357,0.3679,1000.0,0.5,1.0,normal,38.1498
34,806,48390,0,0,0.0,0.0,0.5,1000.0,0.5,1.0,normal,38.1498
34,806,48405,0,0,0.0,0.0,0.5,1000.0,0.5,1.0,normal,38.1498
34,807,48420,0,0,0.0,0.0,0.5,1000.0,0.5,1.0,normal,38.1498
34,807,48435,0,0,0.0,0.0,0.2407,1000.0,0.5,1.0,normal,38.1498
34,807,48450,2,0,1.0,1.0,0.5,1000.0,0.5,1.0,normal,39.1498
34,807,48465,1,0,0.5,0.5,0.5,1000.0,0.5,1.0,normal,39.6498
34,808,48480,2,0,0.1352,0.1352,0.0676,1000.0,0.6050000000000001,1.0,normal,39.785
34,808,48495,1,0,0.4078,0.4078,0.4078,1000.0,0.6050000000000001,1.0,normal,40.1928
34,808,48510,0,0,0.0,0.0,0.2536,1000.0,0.6050000000000001,1.0,normal,40.1928
34,808,48525,2,0,1.21,1.21,0.605,1000.0,0.6050000000000001,1.0,normal,41.4028
34,809,48540,1,0,0.7321,0.7321,0.7321,1000.0,0.7320500000000003,1.0,normal,42.1349
34,809,48555,0,0,0.0,0.0,0.7321,1000.0,0.7320500000000003,1.0,normal,42.1349
34,809,48570,0,0,0.0,0.0,0.7321,1000.0,0.7320500000000003,1.0,normal,42.1349
34,809,48585,4,0,2.9282,2.9282,0.7321,1000.0,0.7320500000000003,1.0,normal,45.0631
34,810,48600,3,0,2.6573,2.6573,0.8858,1000.0,0.8857805000000005,1.0,normal,47.7204
34,810,48615,2,0,1.7716,1.7716,0.8858,1000.0,0.8857805000000005,1.0,normal,49.492
34,810,48630,4,0,3.5431,3.5431,0.8858,1000.0,0.8857805000000005,1.0,normal,53.0351
34,810,48645,3,0,2.6573,2.6573,0.8858,1000.0,0.8857805000000005,1.0,normal,55.6924
34,811,48660,2,0,2.1436,2.1436,1.0718,1000.0,1.0717944050000008,1.0,normal,57.836
34,811,48675,1,0,0.677,0.677,0.677,1000.0,1.0717944050000008,1.0,normal,58.513
34,811,48690,1,0,1.0718,1.0718,1.0718,1000.0,1.0717944050000008,1.0,normal,59.5848
34,811,48705,0,0,0.0,0.0,1.0718,1000.0,1.0717944050000008,1.0,normal,59.5848
34,812,48720,7,0,9.0781,9.0781,1.2969,1000.0,1.2968712300500012,1.0,normal,68.6629
34,812,48735,5,0,1.6847,1.6847,0.3369,1000.0,1.2968712300500012,1.0,normal,70.3476
34,812,48750,3,0,3.8906,3.8906,1.2969,1000.0,1.2968712300500012,1.0,normal,74.2382
34,812,48765,2,0,0.2698,0.2698,0.1349,1000.0,1.2968712300500012,1.0,normal,74.508
34,813,48780,1,0,1.4266,1.4266,1.4266,1000.0,1.4265583530550014,1.0,normal,75.9346
34,813,48795,3,0,1.8356,1.8356,0.6119,1000.0,1.4265583530550014,1.0,normal,77.7702
34,813,48810,3,0,4.2797,4.2797,1.4266,1000.0,1.4265583530550014,1.0,normal,82.0499
34,813,48825,5,0,6.7595,6.7595,1.3519,1000.0,1.4265583530550014,1.0,normal,88.8094
34,814,48840,4,0,5.3353,5.3353,1.3338,1000.0,1.3338320601064264,1.0,normal,94.1447
34,814,48855,1,0,1.3338,1.3338,1.3338,1000.0,1.3338320601064264,1.0,normal,95.4785
34,814,48870,3,0,4.0015,4.0015,1.3338,1000.0,1.3338320601064264,1.0,normal,99.48
34,814,48885,4,0,5.3353,5.3353,1.3338,1000.0,1.3338320601064264,1.0,normal,104.8153
34,815,48900,6,0,6.6025,6.6025,1.1004,1000.0,1.100411449587802,1.0,normal,111.4178
34,815,48915,2,0,2.2008,2.2008,1.1004,1000.0,1.100411449587802,1.0,normal,113.6186
34,815,48930,3,0,3.3012,3.3012,1.1004,1000.0,1.100411449587802,1.0,normal,116.9198
34,815,48945,2,0,2.2008,2.2008,1.1004,1000.0,1.100411449587802,1.0,normal,119.1206
35,816,48960,13,1,50.0183,50.0183,3.8476,1000.0,5.0,1.0,normal,50.0183
35,816,48975,14,2,24.7215,12.3607,1.7658,1000.0,5.0,1.0,normal,74.7398
35,816,48990,12,0,27.7579,27.7579,2.3132,1000.0,5.0,1.0,normal,102.4977
35,816,49005,8,0,17.692,17.692,2.2115,1000.0,5.0,1.0,normal,120.1897
35,817,49020,11,2,4.9182,2.4591,0.4471,1000.0,6.050000000000001,1.0,normal,125.1079
35,817,49035,14,0,39.4307,39.4307,2.8165,1000.0,6.050000000000001,1.0,normal,164.5386
35,817,49050,23,0,34.5909,34.5909,1.504,1000.0,6.050000000000001,1.0,normal,199.1295
35,817,49065,16,0,43.722,43.722,2.7326,1000.0,6.050000000000001,1.0,normal,242.8515
35,818,49080,17,0,9.1852,9.1852,0.5403,1000.0,6.655000000000001,1.0,normal,252.0367
35,818,49095,13,0,5.9679,5.9679,0.4591,1000.0,6.655000000000001,1.0,normal,258.0046
35,818,49110,22,0,43.5222,43.5222,1.9783,1000.0,6.655000000000001,1.0,normal,301.5268
35,818,49125,13,1,24.729,24.729,1.9022,1000.0,6.655000000000001,1.0,normal,326.2558
35,819,49140,11,1,39.724,39.724,3.6113,1000.0,7.320500000000002,1.0,normal,365.9798
35,819,49155,21,0,3.5792,3.5792,0.1704,1000.0,7.320500000000002,1.0,normal,369.559
35,819,49170,24,0,5.7196,5.7196,0.2383,1000.0,7.320500000000002,1.0,normal,375.2786
35,819,49185,21,1,104.3477,104.3477,4.9689,1000.0,7.320500000000002,1.0,normal,479.6263
35,820,49200,22,0,28.4664,28.4664,1.2939,1000.0,8.052550000000002,1.0,normal,508.0927
35,820,49215,27,0,11.2251,11.2251,0.4157,1000.0,8.052550000000002,1.0,normal,519.3178
35,820,49230,31,2,186.652,93.326,6.021,1000.0,8.052550000000002,1.0,normal,705.9698
35,820,49245,23,1,125.054,125.054,5.4371,1000.0,8.052550000000002,1.0,normal,831.0238
35,821,49260,11,1,67.0039,67.0039,6.0913,1000.0,7.6499225000000015,1.0,normal,898.0277
35,821,49275,19,1,101.9723,101.9723,5.2968,1000.0,7.6499225000000015,1.0,budget_depleted,1000.0
35,821,49290,0,0,0.0,0.0,0.0,1000.0,7.6499225000000015,1.0,budget_depleted,1000.0
35,821,49305,0,0,0.0,0.0,0.0,1000.0,7.6499225000000015,1.0,budget_depleted,1000.0
35,822,49320,0,0,0.0,0.0,0.0,1000.0,7.267426375000001,1.0,budget_depleted,1000.0
35,822,49335,0,0,0.0,0.0,0.0,1000.0,7.267426375000001,1.0,budget_depleted,1000.0
35,822,49350,0,0,0.0,0.0,0.0,1000.0,7.267426375000001,1.0,budget_depleted,1000.0
35,822,49365,0,0,0.0,0.0,0.0,1000.0,7.267426375000001,1.0,budget_depleted,1000.0
35,823,49380,0,0,0.0,0.0,0.0,1000.0,6.904055056250001,1.0,budget_depleted,1000.0
35,823,49395,0,0,0.0,0.0,0.0,1000.0,6.904055056250001,1.0,budget_depleted,1000.0
35,823,49410,0,0,0.0,0.0,0.0,1000.0,6.904055056250001,1.0,budget_depleted,1000.0
35,823,49425,0,0,0.0,0.0,0.0,1000.0,6.904055056250001,1.0,budget_depleted,1000.0
35,824,49440,0,0,0.0,0.0,0.0,1000.0,6.558852303437501,1.0,budget_depleted,1000.0
35,824,49455,0,0,0.0,0.0,0.0,1000.0,6.558852303437501,1.0,budget_depleted,1000.0
35,824,49470,0,0,0.0,0.0,0.0,1000.0,6.558852303437501,1.0,budget_depleted,1000.0
35,824,49485,0,0,0.0,0.0,0.0,1000.0,6.558852303437501,1.0,budget_depleted,1000.0
35,825,49500,0,0,0.0,0.0,0.0,1000.0,6.230909688265625,1.0,budget_depleted,1000.0
35,825,49515,0,0,0.0,0.0,0.0,1000.0,6.230909688265625,1.0,budget_depleted,1000.0
35,825,49530,0,0,0.0,0.0,0.0,1000.0,6.230909688265625,1.0,budget_depleted,1000.0
35,825,49545,0,0,0.0,0.0,0.0,1000.0,6.230909688265625,1.0,budget_depleted,1000.0
35,826,49560,0,0,0.0,0.0,0.0,1000.0,5.919364203852344,1.0,budget_depleted,1000.0
35,826,49575,0,0,0.0,0.0,0.0,1000.0,5.919364203852344,1.0,budget_depleted,1000.0
35,826,49590,0,0,0.0,0.0,0.0,1000.0,5.919364203852344,1.0,budget_depleted,1000.0
35,826,49605,0,0,0.0,0.0,0.0,1000.0,5.919364203852344,1.0,budget_depleted,1000.0
35,827,49620,0,0,0.0,0.0,0.0,1000.0,5.623395993659726,1.0,budget_depleted,1000.0
35,827,49635,0,0,0.0,0.0,0.0,1000.0,5.623395993659726,1.0,budget_depleted,1000.0
35,827,49650,0,0,0.0,0.0,0.0,1000.0,5.623395993659726,1.0,budget_depleted,1000.0
35,827,49665,0,0,0.0,0.0,0.0,1000.0,5.623395993659726,1.0,budget_depleted,1000.0
35,828,49680,0,0,0.0,0.0,0.0,1000.0,5.34222619397674,1.0,budget_depleted,1000.0
35,828,49695,0,0,0.0,0.0,0.0,1000.0,5.34222619397674,1.0,budget_depleted,1000.0
35,828,49710,0,0,0.0,0.0,0.0,1000.0,5.34222619397674,1.0,budget_depleted,1000.0
35,828,49725,0,0,0.0,0.0,0.0,1000.0,5.34222619397674,1.0,budget_depleted,1000.0
35,829,49740,0,0,0.0,0.0,0.0,1000.0,5.075114884277903,1.0,budget_depleted,1000.0
35,829,49755,0,0,0.0,0.0,0.0,1000.0,5.075114884277903,1.0,budget_depleted,1000.0
35,829,49770,0,0,0.0,0.0,0.0,1000.0,5.075114884277903,1.0,budget_depleted,1000.0
35,829,49785,0,0,0.0,0.0,0.0,1000.0,5.075114884277903,1.0,budget_depleted,1000.0
35,830,49800,0,0,0.0,0.0,0.0,1000.0,4.821359140064007,1.0,budget_depleted,1000.0
35,830,49815,0,0,0.0,0.0,0.0,1000.0,4.821359140064007,1.0,budget_depleted,1000.0
35,830,49830,0,0,0.0,0.0,0.0,1000.0,4.821359140064007,1.0,budget_depleted,1000.0
35,830,49845,0,0,0.0,0.0,0.0,1000.0,4.821359140064007,1.0,budget_depleted,1000.0
35,831,49860,0,0,0.0,0.0,0.0,1000.0,4.580291183060806,1.0,budget_depleted,1000.0
35,831,49875,0,0,0.0,0.0,0.0,1000.0,4.580291183060806,1.0,budget_depleted,1000.0
35,831,49890,0,0,0.0,0.0,0.0,1000.0,4.580291183060806,1.0,budget_depleted,1000.0
35,831,49905,0,0,0.0,0.0,0.0,1000.0,4.580291183060806,1.0,budget_depleted,1000.0
35,832,49920,0,0,0.0,0.0,0.0,1000.0,4.351276623907766,1.0,budget_depleted,1000.0
35,832,49935,0,0,0.0,0.0,0.0,1000.0,4.351276623907766,1.0,budget_depleted,1000.0
35,832,49950,0,0,0.0,0.0,0.0,1000.0,4.351276623907766,1.0,budget_depleted,1000.0
35,832,49965,0,0,0.0,0.0,0.0,1000.0,4.351276623907766,1.0,budget_depleted,1000.0
35,833,49980,0,0,0.0,0.0,0.0,1000.0,4.133712792712378,1.0,budget_depleted,1000.0
35,833,49995,0,0,0.0,0.0,0.0,1000.0,4.133712792712378,1.0,budget_depleted,1000.0
35,833,50010,0,0,0.0,0.0,0.0,1000.0,4.133712792712378,1.0,budget_depleted,1000.0
35,833,50025,0,0,0.0,0.0,0.0,1000.0,4.133712792712378,1.0,budget_depleted,1000.0
35,834,50040,0,0,0.0,0.0,0.0,1000.0,3.9270271530767586,1.0,budget_depleted,1000.0
35,834,50055,0,0,0.0,0.0,0.0,1000.0,3.9270271530767586,1.0,budget_depleted,1000.0
35,834,50070,0,0,0.0,0.0,0.0,1000.0,3.9270271530767586,1.0,budget_depleted,1000.0
35,834,50085,0,0,0.0,0.0,0.0,1000.0,3.9270271530767586,1.0,budget_depleted,1000.0
35,835,50100,0,0,0.0,0.0,0.0,1000.0,3.7306757954229206,1.0,budget_depleted,1000.0
35,835,50115,0,0,0.0,0.0,0.0,1000.0,3.7306757954229206,1.0,budget_depleted,1000.0
35,835,50130,0,0,0.0,0.0,0.0,1000.0,3.7306757954229206,1.0,budget_depleted,1000.0
35,835,50145,0,0,0.0,0.0,0.0,1000.0,3.7306757954229206,1.0,budget_depleted,1000.0
35,836,50160,0,0,0.0,0.0,0.0,1000.0,3.5441420056517745,1.0,budget_depleted,1000.0
35,836,50175,0,0,0.0,0.0,0.0,1000.0,3.5441420056517745,1.0,budget_depleted,1000.0
35,836,50190,0,0,0.0,0.0,0.0,1000.0,3.5441420056517745,1.0,budget_depleted,1000.0
35,836,50205,0,0,0.0,0.0,0.0,1000.0,3.5441420056517745,1.0,budget_depleted,1000.0
35,837,50220,0,0,0.0,0.0,0.0,1000.0,3.3669349053691855,1.0,budget_depleted,1000.0
35,837,50235,0,0,0.0,0.0,0.0,1000.0,3.3669349053691855,1.0,budget_depleted,1000.0
35,837,50250,0,0,0.0,0.0,0.0,1000.0,3.3669349053691855,1.0,budget_depleted,1000.0
35,837,50265,0,0,0.0,0.0,0.0,1000.0,3.3669349053691855,1.0,budget_depleted,1000.0
35,838,50280,0,0,0.0,0.0,0.0,1000.0,3.3669349053691855,1.0,budget_depleted,1000.0
35,838,50295,0,0,0.0,0.0,0.0,1000.0,3.3669349053691855,1.0,budget_depleted,1000.0
35,838,50310,0,0,0.0,0.0,0.0,1000.0,3.3669349053691855,1.0,budget_depleted,1000.0
35,838,50325,0,0,0.0,0.0,0.0,1000.0,3.3669349053691855,1.0,budget_depleted,1000.0
35,839,50340,0,0,0.0,0.0,0.0,1000.0,3.3669349053691855,1.0,budget_depleted,1000.0
35,839,50355,0,0,0.0,0.0,0.0,1000.0,3.3669349053691855,1.0,budget_depleted,1000.0
35,839,50370,0,0,0.0,0.0,0.0,1000.0,3.3669349053691855,1.0,budget_depleted,1000.0
35,839,50385,0,0,0.0,0.0,0.0,1000.0,3.3669349053691855,1.0,budget_depleted,1000.0
36,840,50400,0,0,0.0,0.0,0.0,1000.0,3.3669349053691855,1.0,normal,0.0
36,840,50415,9,0,3.2972,3.2972,0.3664,1000.0,3.3669349053691855,1.0,normal,3.2972
36,840,50430,6,0,10.5619,10.5619,1.7603,1000.0,3.3669349053691855,1.0,normal,13.8591
36,840,50445,10,0,33.6693,33.6693,3.3669,1000.0,3.3669349053691855,1.0,normal,47.5284
36,841,50460,14,1,8.563,8.563,0.6116,1000.0,2.8618946695638074,1.0,normal,56.0914
36,841,50475,3,1,8.5857,8.5857,2.8619,1000.0,2.8618946695638074,1.0,normal,64.6771
36,841,50490,4,0,10.9453,10.9453,2.7363,1000.0,2.8618946695638074,1.0,normal,75.6224
36,841,50505,4,0,7.099,7.099,1.7748,1000.0,2.8618946695638074,1.0,normal,82.7214
36,842,50520,8,0,0.783,0.783,0.0979,1000.0,2.9906799296941786,1.0,normal,83.5044
36,842,50535,11,1,18.8044,18.8044,1.7095,1000.0,2.9906799296941786,1.0,normal,102.3088
36,842,50550,7,0,20.9348,20.9348,2.9907,1000.0,2.9906799296941786,1.0,normal,123.2436
36,842,50565,0,0,0.0,0.0,1.8881,1000.0,2.9906799296941786,1.0,normal,123.2436
36,843,50580,11,0,2.1806,2.1806,0.1982,1000.0,3.289747922663597,1.0,normal,125.4242
36,843,50595,9,0,23.3768,23.3768,2.5974,1000.0,3.289747922663597,1.0,normal,148.801
36,843,50610,8,1,12.8105,12.8105,1.6013,1000.0,3.289747922663597,1.0,normal,161.6115
36,843,50625,11,0,10.442,10.442,0.9493,1000.0,3.289747922663597,1.0,normal,172.0535
36,844,50640,5,0,18.0936,18.0936,3.6187,1000.0,3.618722714929957,1.0,normal,190.1471
36,844,50655,8,0,13.1656,13.1656,1.6457,1000.0,3.618722714929957,1.0,normal,203.3127
36,844,50670,15,0,0.9775,0.9775,0.0652,1000.0,3.618722714929957,1.0,normal,204.2902
36,844,50685,12,0,43.4247,43.4247,3.6187,1000.0,3.618722714929957,1.0,normal,247.7149
36,845,50700,12,0,47.7671,47.7671,3.9806,1000.0,3.980594986422953,1.0,normal,295.482
36,845,50715,9,0,14.3798,14.3798,1.5978,1000.0,3.980594986422953,1.0,normal,309.8618
36,845,50730,10,1,0.0063,0.0063,0.0006,1000.0,3.980594986422953,1.0,normal,309.8681
36,845,50745,6,0,17.6986,17.6986,2.9498,1000.0,3.980594986422953,1.0,normal,327.5667
36,846,50760,15,0,15.584,15.584,1.0389,1000.0,4.3786544850652485,1.0,normal,343.1507
36,846,50775,10,0,14.0403,14.0403,1.404,1000.0,4.3786544850652485,1.0,normal,357.191
36,846,50790,13,0,53.5937,53.5937,4.1226,1000.0,4.3786544850652485,1.0,normal,410.7847
36,846,50805,14,0,61.3012,61.3012,4.3787,1000.0,4.3786544850652485,1.0,normal,472.0859
36,847,50820,6,1,24.5643,24.5643,4.094,1000.0,4.094041943536008,1.0,normal,496.6502
36,847,50835,10,1,19.2111,19.2111,1.9211,1000.0,4.094041943536008,1.0,normal,515.8613
36,847,50850,6,0,19.4558,19.4558,3.2426,1000.0,4.094041943536008,1.0,normal,535.3171
36,847,50865,7,0,28.0816,28.0816,4.0117,1000.0,4.094041943536008,1.0,normal,563.3987
36,848,50880,7,1,16.7797,16.7797,2.3971,1000.0,4.278273830995128,1.0,normal,580.1784
36,848,50895,18,0,55.8202,55.8202,3.1011,1000.0,4.278273830995128,1.0,normal,635.9986
36,848,50910,14,0,24.2235,24.2235,1.7302,1000.0,4.278273830995128,1.0,normal,660.2221
36,848,50925,13,1,55.3943,55.3943,4.2611,1000.0,4.278273830995128,1.0,normal,715.6164
36,849,50940,12,0,46.4819,46.4819,3.8735,1000.0,4.706101214094642,1.0,normal,762.0983
36,849,50955,9,0,25.9427,25.9427,2.8825,1000.0,4.706101214094642,1.0,normal,788.041
36,849,50970,18,1,35.1083,35.1083,1.9505,1000.0,4.706101214094642,1.0,normal,823.1493
36,849,50985,16,0,19.132,19.132,1.1957,1000.0,4.706101214094642,1.0,normal,842.2813
36,850,51000,17,0,83.6039,83.6039,4.9179,1000.0,4.9178757687289005,1.0,budget_constrained,925.8852
36,850,51015,9,0,0.0623,0.0623,0.0069,1000.0,4.9178757687289005,1.0,budget_constrained,925.9475
36,850,51030,7,0,3.4402,3.4402,0.4915,1000.0,4.9178757687289005,1.0,budget_constrained,929.3877
36,850,51045,12,1,59.0145,59.0145,4.9179,1000.0,4.9178757687289005,1.0,budget_constrained,988.4022
36,851,51060,12,0,11.5978,11.5978,0.9038,1000.0,4.1801944034195655,1.0,budget_constrained,1000.0
36,851,51075,0,0,0.0,0.0,4.1441,1000.0,4.1801944034195655,1.0,budget_constrained,1000.0
36,851,51090,0,0,0.0,0.0,4.1802,1000.0,4.1801944034195655,1.0,budget_constrained,1000.0
36,851,51105,0,0,0.0,0.0,2.7299,1000.0,4.1801944034195655,1.0,budget_constrained,1000.0
36,852,51120,0,0,0.0,0.0,3.5532,1000.0,3.5531652429066307,1.0,budget_constrained,1000.0
36,852,51135,0,0,0.0,0.0,2.4423,1000.0,3.5531652429066307,1.0,budget_constrained,1000.0
36,852,51150,0,0,0.0,0.0,2.1228,1000.0,3.5531652429066307,1.0,budget_constrained,1000.0
36,852,51165,0,0,0.0,0.0,3.5532,1000.0,3.5531652429066307,1.0,budget_constrained,1000.0
36,853,51180,0,0,0.0,0.0,3.0202,1000.0,3.020190456470636,1.0,budget_constrained,1000.0
36,853,51195,0,0,0.0,0.0,3.0202,1000.0,3.020190456470636,1.0,budget_constrained,1000.0
36,853,51210,0,0,0.0,0.0,0.4369,1000.0,3.020190456470636,1.0,budget_constrained,1000.0
36,853,51225,0,0,0.0,0.0,3.0202,1000.0,3.020190456470636,1.0,budget_constrained,1000.0
36,854,51240,0,0,0.0,0.0,1.1552,1000.0,2.5671618880000406,1.0,budget_constrained,1000.0
36,854,51255,0,0,0.0,0.0,2.5672,1000.0,2.5671618880000406,1.0,budget_constrained,1000.0
36,854,51270,0,0,0.0,0.0,1.511,1000.0,2.5671618880000406,1.0,budget_constrained,1000.0
36,854,51285,0,0,0.0,0.0,2.5672,1000.0,2.5671618880000406,1.0,budget_constrained,1000.0
36,855,51300,0,0,0.0,0.0,2.1821,1000.0,2.1820876048000346,1.0,budget_constrained,1000.0
36,855,51315,0,0,0.0,0.0,2.1821,1000.0,2.1820876048000346,1.0,budget_constrained,1000.0
36,855,51330,0,0,0.0,0.0,0.5789,1000.0,2.1820876048000346,1.0,budget_constrained,1000.0
36,855,51345,0,0,0.0,0.0,2.1821,1000.0,2.1820876048000346,1.0,budget_constrained,1000.0
36,856,51360,0,0,0.0,0.0,1.8548,1000.0,1.8547744640800294,1.0,budget_constrained,1000.0
36,856,51375,0,0,0.0,0.0,1.8548,1000.0,1.8547744640800294,1.0,budget_constrained,1000.0
36,856,51390,0,0,0.0,0.0,1.2482,1000.0,1.8547744640800294,1.0,budget_constrained,1000.0
36,856,51405,0,0,0.0,0.0,0.8654,1000.0,1.8547744640800294,1.0,budget_constrained,1000.0
36,857,51420,0,0,0.0,0.0,1.5766,1000.0,1.576558294468025,1.0,budget_constrained,1000.0
36,857,51435,0,0,0.0,0.0,0.9328,1000.0,1.576558294468025,1.0,budget_constrained,1000.0
36,857,51450,0,0,0.0,0.0,1.4353,1000.0,1.576558294468025,1.0,budget_constrained,1000.0
36,857,51465,0,0,0.0,0.0,0.7931,1000.0,1.576558294468025,1.0,budget_constrained,1000.0
36,858,51480,0,0,0.0,0.0,0.5719,1000.0,1.3400745502978213,1.0,budget_constrained,1000.0
36,858,51495,0,0,0.0,0.0,1.3401,1000.0,1.3400745502978213,1.0,budget_constrained,1000.0
36,858,51510,0,0,0.0,0.0,1.3401,1000.0,1.3400745502978213,1.0,budget_constrained,1000.0
36,858,51525,0,0,0.0,0.0,0.7782,1000.0,1.3400745502978213,1.0,budget_constrained,1000.0
36,859,51540,0,0,0.0,0.0,1.1391,1000.0,1.139063367753148,1.0,budget_constrained,1000.0
36,859,51555,0,0,0.0,0.0,1.1391,1000.0,1.139063367753148,1.0,budget_constrained,1000.0
36,859,51570,0,0,0.0,0.0,1.1391,1000.0,1.139063367753148,1.0,budget_constrained,1000.0
36,859,51585,0,0,0.0,0.0,0.2333,1000.0,1.139063367753148,1.0,budget_constrained,1000.0
36,860,51600,0,0,0.0,0.0,0.9682,1000.0,0.9682038625901759,1.0,budget_constrained,1000.0
36,860,51615,0,0,0.0,0.0,0.9682,1000.0,0.9682038625901759,1.0,budget_constrained,1000.0
36,860,51630,0,0,0.0,0.0,0.9682,1000.0,0.9682038625901759,1.0,budget_constrained,1000.0
36,860,51645,0,0,0.0,0.0,0.9682,1000.0,0.9682038625901759,1.0,budget_constrained,1000.0
36,861,51660,0,0,0.0,0.0,0.823,1000.0,0.8229732832016495,1.0,budget_constrained,1000.0
36,861,51675,0,0,0.0,0.0,0.4381,1000.0,0.8229732832016495,1.0,budget_constrained,1000.0
36,861,51690,0,0,0.0,0.0,0.2704,1000.0,0.8229732832016495,1.0,budget_constrained,1000.0
36,861,51705,0,0,0.0,0.0,0.823,1000.0,0.8229732832016495,1.0,budget_constrained,1000.0
36,862,51720,0,0,0.0,0.0,0.3881,1000.0,0.6995272907214021,1.0,budget_constrained,1000.0
36,862,51735,0,0,0.0,0.0,0.6995,1000.0,0.6995272907214021,1.0,budget_constrained,1000.0
36,862,51750,0,0,0.0,0.0,0.6995,1000.0,0.6995272907214021,1.0,budget_constrained,1000.0
36,862,51765,0,0,0.0,0.0,0.6995,1000.0,0.6995272907214021,1.0,budget_constrained,1000.0
36,863,51780,0,0,0.0,0.0,0.3301,1000.0,0.5945981971131917,1.0,budget_constrained,1000.0
36,863,51795,0,0,0.0,0.0,0.5946,1000.0,0.5945981971131917,1.0,budget_constrained,1000.0
36,863,51810,0,0,0.0,0.0,0.5946,1000.0,0.5945981971131917,1.0,budget_constrained,1000.0
36,863,51825,0,0,0.0,0.0,0.5946,1000.0,0.5945981971131917,1.0,budget_constrained,1000.0
37,864,51840,0,0,0.0,0.0,0.5054,1000.0,0.5054084675462129,1.0,normal,0.0
37,864,51855,3,0,1.5162,1.5162,0.5054,1000.0,0.5054084675462129,1.0,normal,1.5162
37,864,51870,1,0,0.5054,0.5054,0.5054,1000.0,0.5054084675462129,1.0,normal,2.0216
37,864,51885,0,0,0.0,0.0,0.5054,1000.0,0.5054084675462129,1.0,normal,2.0216
37,865,51900,1,0,0.5,0.5,0.5,1000.0,0.5,1.0,normal,2.5216
37,865,51915,1,0,0.5,0.5,0.5,1000.0,0.5,1.0,normal,3.0216
37,865,51930,0,0,0.0,0.0,0.5,1000.0,0.5,1.0,normal,3.0216
37,865,51945,3,0,1.5,1.5,0.5,1000.0,0.5,1.0,normal,4.5216
37,866,51960,3,0,1.5,1.5,0.5,1000.0,0.5,1.0,normal,6.0216
37,866,51975,0,0,0.0,0.0,0.5,1000.0,0.5,1.0,normal,6.0216
37,866,51990,2,0,1.0,1.0,0.5,1000.0,0.5,1.0,normal,7.0216
37,866,52005,2,1,1.0,1.0,0.5,1000.0,0.5,1.0,normal,8.0216
37,867,52020,2,0,1.0,1.0,0.5,1000.0,0.5,1.0,normal,9.0216
37,867,52035,0,0,0.0,0.0,0.5,1000.0,0.5,1.0,normal,9.0216
37,867,52050,0,0,0.0,0.0,0.5,1000.0,0.5,1.0,normal,9.0216
37,867,52065,2,0,0.9453,0.9453,0.4727,1000.0,0.5,1.0,normal,9.9669
37,868,52080,2,0,1.0,1.0,0.5,1000.0,0.5,1.0,normal,10.9669
37,868,52095,4,0,2.0,2.0,0.5,1000.0,0.5,1.0,normal,12.9669
37,868,52110,2,0,1.0,1.0,0.5,1000.0,0.5,1.0,normal,13.9669
37,868,52125,1,0,0.5,0.5,0.5,1000.0,0.5,1.0,normal,14.4669
37,869,52140,3,0,1.5,1.5,0.5,1000.0,0.5,1.0,normal,15.9669
37,869,52155,0,0,0.0,0.0,0.5,1000.0,0.5,1.0,normal,15.9669
37,869,52170,0,0,0.0,0.0,0.5,1000.0,0.5,1.0,normal,15.9669
37,869,52185,1,0,0.5,0.5,0.5,1000.0,0.5,1.0,normal,16.4669
37,870,52200,2,0,1.0,1.0,0.5,1000.0,0.5,1.0,normal,17.4669
37,870,52215,2,0,1.0,1.0,0.5,1000.0,0.5,1.0,normal,18.4669
37,870,52230,2,0,0.9878,0.9878,0.4939,1000.0,0.5,1.0,normal,19.4547
37,870,52245,2,0,1.0,1.0,0.5,1000.0,0.5,1.0,normal,20.4547
37,871,52260,1,0,0.55,0.55,0.55,1000.0,0.55,1.0,normal,21.0047
37,871,52275,2,0,0.2377,0.2377,0.1188,1000.0,0.55,1.0,normal,21.2424
37,871,52290,0,0,0.0,0.0,0.55,1000.0,0.55,1.0,normal,21.2424
37,871,52305,1,0,0.55,0.55,0.55,1000.0,0.55,1.0,normal,21.7924
37,872,52320,0,0,0.0,0.0,0.5143,1000.0,0.5142500000000001,1.0,normal,21.7924
37,872,52335,2,0,0.8785,0.8785,0.4392,1000.0,0.5142500000000001,1.0,normal,22.6709
37,872,52350,0,0,0.0,0.0,0.5143,1000.0,0.5142500000000001,1.0,normal,22.6709
37,872,52365,1,0,0.4266,0.4266,0.4266,1000.0,0.5142500000000001,1.0,normal,23.0975
37,873,52380,1,0,0.5,0.5,0.5,1000.0,0.5,1.0,normal,23.5975
37,873,52395,1,0,0.5,0.5,0.5,1000.0,0.5,1.0,normal,24.0975
37,873,52410,1,0,0.5,0.5,0.5,1000.0,0.5,1.0,normal,24.5975
37,873,52425,1,0,0.5,0.5,0.5,1000.0,0.5,1.0,normal,25.0975
37,874,52440,1,1,0.5,0.5,0.5,1000.0,0.5,1.0,normal,25.5975
37,874,52455,2,1,1.0,1.0,0.5,1000.0,0.5,1.0,normal,26.5975
37,874,52470,2,0,0.5572,0.5572,0.2786,1000.0,0.5,1.0,normal,27.1547
37,874,52485,2,0,0.1764,0.1764,0.0882,1000.0,0.5,1.0,normal,27.3311
37,875,52500,1,0,0.605,0.605,0.605,1000.0,0.6050000000000001,1.0,normal,27.9361
37,875,52515,0,0,0.0,0.0,0.2465,1000.0,0.6050000000000001,1.0,normal,27.9361
37,875,52530,1,0,0.605,0.605,0.605,1000.0,0.6050000000000001,1.0,normal,28.5411
37,875,52545,1,0,0.605,0.605,0.605,1000.0,0.6050000000000001,1.0,normal,29.1461
37,876,52560,20,1,48.4147,48.4147,2.4207,1000.0,5.0,1.0,normal,77.5608
37,876,52575,11,1,35.8984,35.8984,3.2635,1000.0,5.0,1.0,normal,113.4592
37,876,52590,8,0,6.6997,6.6997,0.8375,1000.0,5.0,1.0,normal,120.1589
37,876,52605,15,0,24.8315,24.8315,1.6554,1000.0,5.0,1.0,normal,144.9904
37,877,52620,12,0,34.921,34.921,2.9101,1000.0,6.050000000000001,1.0,normal,179.9114
37,877,52635,15,0,20.9573,20.9573,1.3972,1000.0,6.050000000000001,1.0,normal,200.8687
37,877,52650,19,0,42.867,42.867,2.2562,1000.0,6.050000000000001,1.0,normal,243.7357
37,877,52665,20,0,121.0,121.0,6.05,1000.0,6.050000000000001,1.0,normal,364.7357
37,878,52680,14,0,72.7056,72.7056,5.1933,1000.0,6.655000000000001,1.0,normal,437.4413
37,878,52695,13,0,44.4255,44.4255,3.4173,1000.0,6.655000000000001,1.0,normal,481.8668
37,878,52710,10,1,24.5778,24.5778,2.4578,1000.0,6.655000000000001,1.0,normal,506.4446
37,878,52725,16,0,101.2114,101.2114,6.3257,1000.0,6.655000000000001,1.0,normal,607.656
37,879,52740,22,0,100.0852,100.0852,4.5493,1000.0,6.222425000000001,1.0,normal,707.7412
37,879,52755,12,0,27.4039,27.4039,2.2837,1000.0,6.222425000000001,1.0,normal,735.1451
37,879,52770,10,0,4.5431,4.5431,0.4543,1000.0,6.222425000000001,1.0,normal,739.6882
37,879,52785,16,1,17.5929,17.5929,1.0996,1000.0,6.222425000000001,1.0,normal,757.2811
37,880,52800,20,0,21.6773,21.6773,1.0839,1000.0,5.133500625000002,1.0,normal,778.9584
37,880,52815,20,0,59.4164,59.4164,2.9708,1000.0,5.133500625000002,1.0,normal,838.3748
37,880,52830,14,0,59.4162,59.4162,4.244,1000.0,5.133500625000002,1.0,normal,897.791
37,880,52845,14,2,52.9049,26.4524,3.7789,1000.0,5.133500625000002,1.0,budget_constrained,950.6959
37,881,52860,5,0,4.1788,4.1788,0.8358,1000.0,3.8501254687500013,1.0,budget_constrained,954.8747
37,881,52875,7,0,26.9509,26.9509,3.8501,1000.0,3.8501254687500013,1.0,budget_constrained,981.8256
37,881,52890,8,0,4.4243,4.4243,0.553,1000.0,3.8501254687500013,1.0,budget_constrained,986.2499
37,881,52905,3,0,13.7501,13.7501,3.8501,1000.0,3.8501254687500013,1.0,budget_depleted,1000.0
37,882,52920,0,0,0.0,0.0,0.0,1000.0,2.887594101562501,1.0,budget_depleted,1000.0
37,882,52935,0,0,0.0,0.0,0.0,1000.0,2.887594101562501,1.0,budget_depleted,1000.0
37,882,52950,0,0,0.0,0.0,0.0,1000.0,2.887594101562501,1.0,budget_depleted,1000.0
37,882,52965,0,0,0.0,0.0,0.0,1000.0,2.887594101562501,1.0,budget_depleted,1000.0
37,883,52980,0,0,0.0,0.0,0.0,1000.0,2.165695576171876,1.0,budget_depleted,1000.0
37,883,52995,0,0,0.0,0.0,0.0,1000.0,2.165695576171876,1.0,budget_depleted,1000.0
37,883,53010,0,0,0.0,0.0,0.0,1000.0,2.165695576171876,1.0,budget_depleted,1000.0
37,883,53025,0,0,0.0,0.0,0.0,1000.0,2.165695576171876,1.0,budget_depleted,1000.0
37,884,53040,0,0,0.0,0.0,0.0,1000.0,1.624271682128907,1.0,budget_depleted,1000.0
37,884,53055,0,0,0.0,0.0,0.0,1000.0,1.624271682128907,1.0,budget_depleted,1000.0
37,884,53070,0,0,0.0,0.0,0.0,1000.0,1.624271682128907,1.0,budget_depleted,1000.0
37,884,53085,0,0,0.0,0.0,0.0,1000.0,1.624271682128907,1.0,budget_depleted,1000.0
37,885,53100,0,0,0.0,0.0,0.0,1000.0,1.2182037615966803,1.0,budget_depleted,1000.0
37,885,53115,0,0,0.0,0.0,0.0,1000.0,1.2182037615966803,1.0,budget_depleted,1000.0
37,885,53130,0,0,0.0,0.0,0.0,1000.0,1.2182037615966803,1.0,budget_depleted,1000.0
37,885,53145,0,0,0.0,0.0,0.0,1000.0,1.2182037615966803,1.0,budget_depleted,1000.0
37,886,53160,0,0,0.0,0.0,0.0,1000.0,0.9136528211975102,1.0,budget_depleted,1000.0
37,886,53175,0,0,0.0,0.0,0.0,1000.0,0.9136528211975102,1.0,budget_depleted,1000.0
37,886,53190,0,0,0.0,0.0,0.0,1000.0,0.9136528211975102,1.0,budget_depleted,1000.0
37,886,53205,0,0,0.0,0.0,0.0,1000.0,0.9136528211975102,1.0,budget_depleted,1000.0
37,887,53220,0,0,0.0,0.0,0.0,1000.0,0.6852396158981326,1.0,budget_depleted,1000.0
37,887,53235,0,0,0.0,0.0,0.0,1000.0,0.6852396158981326,1.0,budget_depleted,1000.0
37,887,53250,0,0,0.0,0.0,0.0,1000.0,0.6852396158981326,1.0,budget_depleted,1000.0
37,887,53265,0,0,0.0,0.0,0.0,1000.0,0.6852396158981326,1.0,budget_depleted,1000.0
