current_day,current_hour,current_minute,clicks,leads,spend,cpa,realized_cpc,daily_budget,max_bid,volatility,budget_status,current_day_spend
8,168,10080,6,0,18.2033,18.2033,3.0339,1000.0,5.0,1.0,normal,18.2033
8,168,10095,12,0,16.3747,16.3747,1.3646,1000.0,5.0,1.0,normal,34.578
8,168,10110,11,0,15.7103,15.7103,1.4282,1000.0,5.0,1.0,normal,50.2883
8,168,10125,14,1,45.0257,45.0257,3.2161,1000.0,5.0,1.0,normal,95.314
8,169,10140,8,1,26.3745,26.3745,3.2968,1000.0,6.050000000000001,1.0,normal,121.6885
8,169,10155,23,0,103.9085,103.9085,4.5178,1000.0,6.050000000000001,1.0,normal,225.597
8,169,10170,14,0,17.988,17.988,1.2849,1000.0,6.050000000000001,1.0,normal,243.585
8,169,10185,18,0,34.9786,34.9786,1.9433,1000.0,6.050000000000001,1.0,normal,278.5636
8,170,10200,15,0,91.2315,91.2315,6.0821,1000.0,6.655000000000001,1.0,normal,369.7951
8,170,10215,15,0,46.2107,46.2107,3.0807,1000.0,6.655000000000001,1.0,normal,416.0058
8,170,10230,8,0,34.5903,34.5903,4.3238,1000.0,6.655000000000001,1.0,normal,450.5961
8,170,10245,25,1,91.1267,91.1267,3.6451,1000.0,6.655000000000001,1.0,normal,541.7228
8,171,10260,20,1,2.8237,2.8237,0.1412,1000.0,6.222425000000001,1.0,normal,544.5465
8,171,10275,22,0,132.4186,132.4186,6.019,1000.0,6.222425000000001,1.0,normal,676.9651
8,171,10290,14,1,8.3721,8.3721,0.598,1000.0,6.222425000000001,1.0,normal,685.3372
8,171,10305,10,0,6.3949,6.3949,0.6395,1000.0,6.222425000000001,1.0,normal,691.7321
8,172,10320,16,2,84.625,42.3125,5.2891,1000.0,5.2890612500000005,1.0,normal,776.3571
8,172,10335,12,1,63.406,63.406,5.2838,1000.0,5.2890612500000005,1.0,normal,839.7631
8,172,10350,21,1,27.2013,27.2013,1.2953,1000.0,5.2890612500000005,1.0,normal,866.9644
8,172,10365,14,0,11.8243,11.8243,0.8446,1000.0,5.2890612500000005,1.0,normal,878.7887
8,173,10380,12,0,13.1331,13.1331,1.0944,1000.0,5.0246081875,1.0,normal,891.9218
8,173,10395,17,1,61.5924,61.5924,3.6231,1000.0,5.0246081875,1.0,budget_constrained,953.5142
8,173,10410,9,0,46.4858,46.4858,5.0246,1000.0,5.0246081875,1.0,budget_depleted,1000.0
8,173,10425,0,0,0.0,0.0,0.0,1000.0,5.0246081875,1.0,budget_depleted,1000.0
8,174,10440,0,0,0.0,0.0,0.0,1000.0,4.296040000312501,1.0,budget_depleted,1000.0
8,174,10455,0,0,0.0,0.0,0.0,1000.0,4.296040000312501,1.0,budget_depleted,1000.0
8,174,10470,0,0,0.0,0.0,0.0,1000.0,4.296040000312501,1.0,budget_depleted,1000.0
8,174,10485,0,0,0.0,0.0,0.0,1000.0,4.296040000312501,1.0,budget_depleted,1000.0
8,175,10500,0,0,0.0,0.0,0.0,1000.0,3.673114200267188,1.0,budget_depleted,1000.0
8,175,10515,0,0,0.0,0.0,0.0,1000.0,3.673114200267188,1.0,budget_depleted,1000.0
8,175,10530,0,0,0.0,0.0,0.0,1000.0,3.673114200267188,1.0,budget_depleted,1000.0
8,175,10545,0,0,0.0,0.0,0.0,1000.0,3.673114200267188,1.0,budget_depleted,1000.0
8,176,10560,0,0,0.0,0.0,0.0,1000.0,3.1405126412284456,1.0,budget_depleted,1000.0
8,176,10575,0,0,0.0,0.0,0.0,1000.0,3.1405126412284456,1.0,budget_depleted,1000.0
8,176,10590,0,0,0.0,0.0,0.0,1000.0,3.1405126412284456,1.0,budget_depleted,1000.0
8,176,10605,0,0,0.0,0.0,0.0,1000.0,3.1405126412284456,1.0,budget_depleted,1000.0
8,177,10620,0,0,0.0,0.0,0.0,1000.0,2.685138308250321,1.0,budget_depleted,1000.0
8,177,10635,0,0,0.0,0.0,0.0,1000.0,2.685138308250321,1.0,budget_depleted,1000.0
8,177,10650,0,0,0.0,0.0,0.0,1000.0,2.685138308250321,1.0,budget_depleted,1000.0
8,177,10665,0,0,0.0,0.0,0.0,1000.0,2.685138308250321,1.0,budget_depleted,1000.0
8,178,10680,0,0,0.0,0.0,0.0,1000.0,2.2957932535540246,1.0,budget_depleted,1000.0
8,178,10695,0,0,0.0,0.0,0.0,1000.0,2.2957932535540246,1.0,budget_depleted,1000.0
8,178,10710,0,0,0.0,0.0,0.0,1000.0,2.2957932535540246,1.0,budget_depleted,1000.0
8,178,10725,0,0,0.0,0.0,0.0,1000.0,2.2957932535540246,1.0,budget_depleted,1000.0
8,179,10740,0,0,0.0,0.0,0.0,1000.0,1.7562818389688288,1.0,budget_depleted,1000.0
8,179,10755,0,0,0.0,0.0,0.0,1000.0,1.7562818389688288,1.0,budget_depleted,1000.0
8,179,10770,0,0,0.0,0.0,0.0,1000.0,1.7562818389688288,1.0,budget_depleted,1000.0
8,179,10785,0,0,0.0,0.0,0.0,1000.0,1.7562818389688288,1.0,budget_depleted,1000.0
8,180,10800,0,0,0.0,0.0,0.0,1000.0,1.343555606811154,1.0,budget_depleted,1000.0
8,180,10815,0,0,0.0,0.0,0.0,1000.0,1.343555606811154,1.0,budget_depleted,1000.0
8,180,10830,0,0,0.0,0.0,0.0,1000.0,1.343555606811154,1.0,budget_depleted,1000.0
8,180,10845,0,0,0.0,0.0,0.0,1000.0,1.343555606811154,1.0,budget_depleted,1000.0
8,181,10860,0,0,0.0,0.0,0.0,1000.0,1.027820039210533,1.0,budget_depleted,1000.0
8,181,10875,0,0,0.0,0.0,0.0,1000.0,1.027820039210533,1.0,budget_depleted,1000.0
8,181,10890,0,0,0.0,0.0,0.0,1000.0,1.027820039210533,1.0,budget_depleted,1000.0
8,181,10905,0,0,0.0,0.0,0.0,1000.0,1.027820039210533,1.0,budget_depleted,1000.0
8,182,10920,0,0,0.0,0.0,0.0,1000.0,0.7862823299960577,1.0,budget_depleted,1000.0
8,182,10935,0,0,0.0,0.0,0.0,1000.0,0.7862823299960577,1.0,budget_depleted,1000.0
8,182,10950,0,0,0.0,0.0,0.0,1000.0,0.7862823299960577,1.0,budget_depleted,1000.0
8,182,10965,0,0,0.0,0.0,0.0,1000.0,0.7862823299960577,1.0,budget_depleted,1000.0
8,183,10980,0,0,0.0,0.0,0.0,1000.0,0.6015059824469842,1.0,budget_depleted,1000.0
8,183,10995,0,0,0.0,0.0,0.0,1000.0,0.6015059824469842,1.0,budget_depleted,1000.0
8,183,11010,0,0,0.0,0.0,0.0,1000.0,0.6015059824469842,1.0,budget_depleted,1000.0
8,183,11025,0,0,0.0,0.0,0.0,1000.0,0.6015059824469842,1.0,budget_depleted,1000.0
8,184,11040,0,0,0.0,0.0,0.0,1000.0,0.5,1.0,budget_depleted,1000.0
8,184,11055,0,0,0.0,0.0,0.0,1000.0,0.5,1.0,budget_depleted,1000.0
8,184,11070,0,0,0.0,0.0,0.0,1000.0,0.5,1.0,budget_depleted,1000.0
8,184,11085,0,0,0.0,0.0,0.0,1000.0,0.5,1.0,budget_depleted,1000.0
8,185,11100,0,0,0.0,0.0,0.0,1000.0,0.5,1.0,budget_depleted,1000.0
8,185,11115,0,0,0.0,0.0,0.0,1000.0,0.5,1.0,budget_depleted,1000.0
8,185,11130,0,0,0.0,0.0,0.0,1000.0,0.5,1.0,budget_depleted,1000.0
8,185,11145,0,0,0.0,0.0,0.0,1000.0,0.5,1.0,budget_depleted,1000.0
8,186,11160,0,0,0.0,0.0,0.0,1000.0,0.5,1.0,budget_depleted,1000.0
8,186,11175,0,0,0.0,0.0,0.0,1000.0,0.5,1.0,budget_depleted,1000.0
8,186,11190,0,0,0.0,0.0,0.0,1000.0,0.5,1.0,budget_depleted,1000.0
8,186,11205,0,0,0.0,0.0,0.0,1000.0,0.5,1.0,budget_depleted,1000.0
8,187,11220,0,0,0.0,0.0,0.0,1000.0,0.5,1.0,budget_depleted,1000.0
8,187,11235,0,0,0.0,0.0,0.0,1000.0,0.5,1.0,budget_depleted,1000.0
8,187,11250,0,0,0.0,0.0,0.0,1000.0,0.5,1.0,budget_depleted,1000.0
8,187,11265,0,0,0.0,0.0,0.0,1000.0,0.5,1.0,budget_depleted,1000.0
8,188,11280,0,0,0.0,0.0,0.0,1000.0,0.5,1.0,budget_depleted,1000.0
8,188,11295,0,0,0.0,0.0,0.0,1000.0,0.5,1.0,budget_depleted,1000.0
8,188,11310,0,0,0.0,0.0,0.0,1000.0,0.5,1.0,budget_depleted,1000.0
8,188,11325,0,0,0.0,0.0,0.0,1000.0,0.5,1.0,budget_depleted,1000.0
8,189,11340,0,0,0.0,0.0,0.0,1000.0,0.5,1.0,budget_depleted,1000.0
8,189,11355,0,0,0.0,0.0,0.0,1000.0,0.5,1.0,budget_depleted,1000.0
8,189,11370,0,0,0.0,0.0,0.0,1000.0,0.5,1.0,budget_depleted,1000.0
8,189,11385,0,0,0.0,0.0,0.0,1000.0,0.5,1.0,budget_depleted,1000.0
8,190,11400,0,0,0.0,0.0,0.0,1000.0,0.5,1.0,budget_depleted,1000.0
8,190,11415,0,0,0.0,0.0,0.0,1000.0,0.5,1.0,budget_depleted,1000.0
8,190,11430,0,0,0.0,0.0,0.0,1000.0,0.5,1.0,budget_depleted,1000.0
8,190,11445,0,0,0.0,0.0,0.0,1000.0,0.5,1.0,budget_depleted,1000.0
8,191,11460,0,0,0.0,0.0,0.0,1000.0,0.5,1.0,budget_depleted,1000.0
8,191,11475,0,0,0.0,0.0,0.0,1000.0,0.5,1.0,budget_depleted,1000.0
8,191,11490,0,0,0.0,0.0,0.0,1000.0,0.5,1.0,budget_depleted,1000.0
8,191,11505,0,0,0.0,0.0,0.0,1000.0,0.5,1.0,budget_depleted,1000.0
9,192,11520,0,0,0.0,0.0,0.0,1000.0,0.5,1.0,normal,0.0
9,192,11535,2,0,1.0,1.0,0.5,1000.0,0.5,1.0,normal,1.0
9,192,11550,1,0,0.5,0.5,0.5,1000.0,0.5,1.0,normal,1.5
9,192,11565,1,0,0.5,0.5,0.5,1000.0,0.5,1.0,normal,2.0
9,193,11580,4,0,2.0,2.0,0.5,1000.0,0.5,1.0,normal,4.0
9,193,11595,2,0,1.0,1.0,0.5,1000.0,0.5,1.0,normal,5.0
9,193,11610,2,0,1.0,1.0,0.5,1000.0,0.5,1.0,normal,6.0
9,193,11625,1,0,0.2635,0.2635,0.2635,1000.0,0.5,1.0,normal,6.2635
9,194,11640,1,0,0.5,0.5,0.5,1000.0,0.5,1.0,normal,6.7635
9,194,11655,1,0,0.5,0.5,0.5,1000.0,0.5,1.0,normal,7.2635
9,194,11670,1,0,0.5,0.5,0.5,1000.0,0.5,1.0,normal,7.7635
9,194,11685,2,0,1.0,1.0,0.5,1000.0,0.5,1.0,normal,8.7635
9,195,11700,1,0,0.55,0.55,0.55,1000.0,0.55,1.0,normal,9.3135
9,195,11715,0,0,0.0,0.0,0.55,1000.0,0.55,1.0,normal,9.3135
9,195,11730,0,0,0.0,0.0,0.55,1000.0,0.55,1.0,normal,9.3135
9,195,11745,1,0,0.55,0.55,0.55,1000.0,0.55,1.0,normal,9.8635
9,196,11760,0,0,0.0,0.0,0.6655,1000.0,0.6655000000000002,1.0,normal,9.8635
9,196,11775,2,0,1.1558,1.1558,0.5779,1000.0,0.6655000000000002,1.0,normal,11.0193
9,196,11790,6,0,0.1222,0.1222,0.0204,1000.0,0.6655000000000002,1.0,normal,11.1415
9,196,11805,3,0,1.9965,1.9965,0.6655,1000.0,0.6655000000000002,1.0,normal,13.138
9,197,11820,0,0,0.0,0.0,0.549,1000.0,0.5490375000000003,1.0,normal,13.138
9,197,11835,2,0,1.0981,1.0981,0.549,1000.0,0.5490375000000003,1.0,normal,14.2361
9,197,11850,1,0,0.549,0.549,0.549,1000.0,0.5490375000000003,1.0,normal,14.7851
9,197,11865,0,0,0.0,0.0,0.549,1000.0,0.5490375000000003,1.0,normal,14.7851
9,198,11880,1,0,0.6039,0.6039,0.6039,1000.0,0.6039412500000003,1.0,normal,15.389
9,198,11895,0,0,0.0,0.0,0.6039,1000.0,0.6039412500000003,1.0,normal,15.389
9,198,11910,2,0,1.2079,1.2079,0.6039,1000.0,0.6039412500000003,1.0,normal,16.5969
9,198,11925,1,1,0.6039,0.6039,0.6039,1000.0,0.6039412500000003,1.0,normal,17.2008
9,199,11940,2,0,1.4615,1.4615,0.7308,1000.0,0.7307689125000005,1.0,normal,18.6623
9,199,11955,2,0,0.8694,0.8694,0.4347,1000.0,0.7307689125000005,1.0,normal,19.5317
9,199,11970,0,0,0.0,0.0,0.7308,1000.0,0.7307689125000005,1.0,normal,19.5317
9,199,11985,1,0,0.7308,0.7308,0.7308,1000.0,0.7307689125000005,1.0,normal,20.2625
9,200,12000,1,0,0.8842,0.8842,0.8842,1000.0,0.8842303841250009,1.0,normal,21.1467
9,200,12015,3,0,2.6527,2.6527,0.8842,1000.0,0.8842303841250009,1.0,normal,23.7994
9,200,12030,2,0,0.774,0.774,0.387,1000.0,0.8842303841250009,1.0,normal,24.5734
9,200,12045,3,0,2.6527,2.6527,0.8842,1000.0,0.8842303841250009,1.0,normal,27.2261
9,201,12060,3,0,3.2098,3.2098,1.0699,1000.0,1.0699187647912514,1.0,normal,30.4359
9,201,12075,3,0,3.2098,3.2098,1.0699,1000.0,1.0699187647912514,1.0,normal,33.6457
9,201,12090,3,0,0.7215,0.7215,0.2405,1000.0,1.0699187647912514,1.0,normal,34.3672
9,201,12105,3,0,3.2098,3.2098,1.0699,1000.0,1.0699187647912514,1.0,normal,37.577
9,202,12120,4,0,0.7578,0.7578,0.1894,1000.0,1.2946017053974144,1.0,normal,38.3348
9,202,12135,2,0,1.0772,1.0772,0.5386,1000.0,1.2946017053974144,1.0,normal,39.412
9,202,12150,6,0,7.7676,7.7676,1.2946,1000.0,1.2946017053974144,1.0,normal,47.1796
9,202,12165,7,0,9.0622,9.0622,1.2946,1000.0,1.2946017053974144,1.0,normal,56.2418
9,203,12180,6,0,9.3988,9.3988,1.5665,1000.0,1.5664680635308716,1.0,normal,65.6406
9,203,12195,5,0,7.8323,7.8323,1.5665,1000.0,1.5664680635308716,1.0,normal,73.4729
9,203,12210,2,0,3.1329,3.1329,1.5665,1000.0,1.5664680635308716,1.0,normal,76.6058
9,203,12225,7,0,10.9653,10.9653,1.5665,1000.0,1.5664680635308716,1.0,normal,87.5711
9,204,12240,15,0,75.0,75.0,5.0,1000.0,5.0,1.0,normal,162.5711
9,204,12255,15,0,40.9462,40.9462,2.7297,1000.0,5.0,1.0,normal,203.5173
9,204,12270,12,0,8.636,8.636,0.7197,1000.0,5.0,1.0,normal,212.1533
9,204,12285,7,0,35.0,35.0,5.0,1000.0,5.0,1.0,normal,247.1533
9,205,12300,9,0,37.125,37.125,4.125,1000.0,4.125,1.0,normal,284.2783
9,205,12315,11,1,45.375,45.375,4.125,1000.0,4.125,1.0,normal,329.6533
9,205,12330,12,1,32.6844,32.6844,2.7237,1000.0,4.125,1.0,normal,362.3377
9,205,12345,9,0,37.125,37.125,4.125,1000.0,4.125,1.0,normal,399.4627
9,206,12360,8,0,27.225,27.225,3.4031,1000.0,3.403125,1.0,normal,426.6877
9,206,12375,14,0,47.6438,47.6438,3.4031,1000.0,3.403125,1.0,normal,474.3315
9,206,12390,8,0,27.225,27.225,3.4031,1000.0,3.403125,1.0,normal,501.5565
9,206,12405,9,0,30.6281,30.6281,3.4031,1000.0,3.403125,1.0,normal,532.1846
9,207,12420,5,0,14.0379,14.0379,2.8076,1000.0,2.8075781250000005,1.0,normal,546.2225
9,207,12435,7,0,19.653,19.653,2.8076,1000.0,2.8075781250000005,1.0,normal,565.8755
9,207,12450,5,0,14.0379,14.0379,2.8076,1000.0,2.8075781250000005,1.0,normal,579.9134
9,207,12465,6,1,13.6662,13.6662,2.2777,1000.0,2.8075781250000005,1.0,normal,593.5796
9,208,12480,2,0,4.6325,4.6325,2.3163,1000.0,2.3162519531250005,1.0,normal,598.2121
9,208,12495,11,0,11.4034,11.4034,1.0367,1000.0,2.3162519531250005,1.0,normal,609.6155
9,208,12510,7,0,16.2138,16.2138,2.3163,1000.0,2.3162519531250005,1.0,normal,625.8293
9,208,12525,3,0,2.3098,2.3098,0.7699,1000.0,2.3162519531250005,1.0,normal,628.1391
9,209,12540,6,0,11.4654,11.4654,1.9109,1000.0,1.9109078613281256,1.0,normal,639.6045
9,209,12555,10,0,15.4493,15.4493,1.5449,1000.0,1.9109078613281256,1.0,normal,655.0538
9,209,12570,0,0,0.0,0.0,0.5196,1000.0,1.9109078613281256,1.0,normal,655.0538
9,209,12585,3,0,5.7327,5.7327,1.9109,1000.0,1.9109078613281256,1.0,normal,660.7865
9,210,12600,4,0,3.6488,3.6488,0.9122,1000.0,1.5764989855957037,1.0,normal,664.4353
9,210,12615,5,0,3.7286,3.7286,0.7457,1000.0,1.5764989855957037,1.0,normal,668.1639
9,210,12630,0,0,0.0,0.0,1.0361,1000.0,1.5764989855957037,1.0,normal,668.1639
9,210,12645,2,0,2.6849,2.6849,1.3424,1000.0,1.5764989855957037,1.0,normal,670.8488
9,211,12660,3,0,3.9018,3.9018,1.3006,1000.0,1.3006116631164555,1.0,normal,674.7506
9,211,12675,5,0,6.5031,6.5031,1.3006,1000.0,1.3006116631164555,1.0,normal,681.2537
9,211,12690,8,0,3.8396,3.8396,0.4799,1000.0,1.3006116631164555,1.0,normal,685.0933
9,211,12705,1,0,0.2032,0.2032,0.2032,1000.0,1.3006116631164555,1.0,normal,685.2965
9,212,12720,4,0,2.1671,2.1671,0.5418,1000.0,1.073004622071076,1.0,normal,687.4636
9,212,12735,6,0,1.4301,1.4301,0.2383,1000.0,1.073004622071076,1.0,normal,688.8937
9,212,12750,2,0,2.146,2.146,1.073,1000.0,1.073004622071076,1.0,normal,691.0397
9,212,12765,5,0,5.365,5.365,1.073,1000.0,1.073004622071076,1.0,normal,696.4047
9,213,12780,1,0,0.8852,0.8852,0.8852,1000.0,0.8852288132086378,1.0,normal,697.2899
9,213,12795,2,0,1.308,1.308,0.654,1000.0,0.8852288132086378,1.0,normal,698.5979
9,213,12810,3,0,2.6557,2.6557,0.8852,1000.0,0.8852288132086378,1.0,normal,701.2536
9,213,12825,3,0,2.6557,2.6557,0.8852,1000.0,0.8852288132086378,1.0,normal,703.9093
9,214,12840,0,0,0.0,0.0,0.7303,1000.0,0.7303137708971262,1.0,normal,703.9093
9,214,12855,0,0,0.0,0.0,0.7303,1000.0,0.7303137708971262,1.0,normal,703.9093
9,214,12870,2,0,1.4606,1.4606,0.7303,1000.0,0.7303137708971262,1.0,normal,705.3699
9,214,12885,3,0,2.1909,2.1909,0.7303,1000.0,0.7303137708971262,1.0,normal,707.5608
9,215,12900,0,0,0.0,0.0,0.1021,1000.0,0.6025088609901291,1.0,normal,707.5608
9,215,12915,2,0,0.2044,0.2044,0.1022,1000.0,0.6025088609901291,1.0,normal,707.7652
9,215,12930,3,0,1.8075,1.8075,0.6025,1000.0,0.6025088609901291,1.0,normal,709.5727
9,215,12945,1,0,0.6025,0.6025,0.6025,1000.0,0.6025088609901291,1.0,normal,710.1752
10,216,12960,4,0,2.0,2.0,0.5,1000.0,0.5,1.0,normal,2.0
10,216,12975,1,0,0.5,0.5,0.5,1000.0,0.5,1.0,normal,2.5
10,216,12990,0,0,0.0,0.0,0.5,1000.0,0.5,1.0,normal,2.5
10,216,13005,2,0,1.0,1.0,0.5,1000.0,0.5,1.0,normal,3.5
10,217,13020,1,0,0.5,0.5,0.5,1000.0,0.5,1.0,normal,4.0
10,217,13035,1,0,0.5,0.5,0.5,1000.0,0.5,1.0,normal,4.5
10,217,13050,0,0,0.0,0.0,0.5,1000.0,0.5,1.0,normal,4.5
10,217,13065,1,0,0.5,0.5,0.5,1000.0,0.5,1.0,normal,5.0
10,218,13080,1,0,0.2337,0.2337,0.2337,1000.0,0.5,1.0,normal,5.2337
10,218,13095,2,0,1.0,1.0,0.5,1000.0,0.5,1.0,normal,6.2337
10,218,13110,2,0,0.891,0.891,0.4455,1000.0,0.5,1.0,normal,7.1247
10,218,13125,1,0,0.2225,0.2225,0.2225,1000.0,0.5,1.0,normal,7.3472
10,219,13140,2,0,1.0,1.0,0.5,1000.0,0.5,1.0,normal,8.3472
10,219,13155,2,0,0.3302,0.3302,0.1651,1000.0,0.5,1.0,normal,8.6774
10,219,13170,1,0,0.4339,0.4339,0.4339,1000.0,0.5,1.0,normal,9.1113
10,219,13185,1,0,0.5,0.5,0.5,1000.0,0.5,1.0,normal,9.6113
10,220,13200,1,0,0.0854,0.0854,0.0854,1000.0,0.5,1.0,normal,9.6967
10,220,13215,3,0,1.5,1.5,0.5,1000.0,0.5,1.0,normal,11.1967
10,220,13230,2,0,1.0,1.0,0.5,1000.0,0.5,1.0,normal,12.1967
10,220,13245,2,0,1.0,1.0,0.5,1000.0,0.5,1.0,normal,13.1967
10,221,13260,0,0,0.0,0.0,0.5,1000.0,0.5,1.0,normal,13.1967
10,221,13275,0,0,0.0,0.0,0.5,1000.0,0.5,1.0,normal,13.1967
10,221,13290,3,0,1.5,1.5,0.5,1000.0,0.5,1.0,normal,14.6967
10,221,13305,1,0,0.5,0.5,0.5,1000.0,0.5,1.0,normal,15.1967
10,222,13320,1,0,0.5,0.5,0.5,1000.0,0.5,1.0,normal,15.6967
10,222,13335,0,0,0.0,0.0,0.5,1000.0,0.5,1.0,normal,15.6967
10,222,13350,1,0,0.5,0.5,0.5,1000.0,0.5,1.0,normal,16.1967
10,222,13365,2,0,0.5867,0.5867,0.2934,1000.0,0.5,1.0,normal,16.7834
10,223,13380,1,1,0.5,0.5,0.5,1000.0,0.5,1.0,normal,17.2834
10,223,13395,0,0,0.0,0.0,0.5,1000.0,0.5,1.0,normal,17.2834
10,223,13410,3,0,1.5,1.5,0.5,1000.0,0.5,1.0,normal,18.7834
10,223,13425,1,0,0.5,0.5,0.5,1000.0,0.5,1.0,normal,19.2834
10,224,13440,3,0,1.5,1.5,0.5,1000.0,0.5,1.0,normal,20.7834
10,224,13455,3,1,0.3065,0.3065,0.1022,1000.0,0.5,1.0,normal,21.0899
10,224,13470,1,0,0.0417,0.0417,0.0417,1000.0,0.5,1.0,normal,21.1316
10,224,13485,1,0,0.5,0.5,0.5,1000.0,0.5,1.0,normal,21.6316
10,225,13500,1,0,0.5,0.5,0.5,1000.0,0.5,1.0,normal,22.1316
10,225,13515,1,1,0.5,0.5,0.5,1000.0,0.5,1.0,normal,22.6316
10,225,13530,0,0,0.0,0.0,0.2481,1000.0,0.5,1.0,normal,22.6316
10,225,13545,1,0,0.5,0.5,0.5,1000.0,0.5,1.0,normal,23.1316
10,226,13560,1,0,0.5,0.5,0.5,1000.0,0.5,1.0,normal,23.6316
10,226,13575,0,0,0.0,0.0,0.231,1000.0,0.5,1.0,normal,23.6316
10,226,13590,0,0,0.0,0.0,0.5,1000.0,0.5,1.0,normal,23.6316
10,226,13605,0,0,0.0,0.0,0.5,1000.0,0.5,1.0,normal,23.6316
10,227,13620,0,0,0.0,0.0,0.5,1000.0,0.5,1.0,normal,23.6316
10,227,13635,0,0,0.0,0.0,0.5,1000.0,0.5,1.0,normal,23.6316
10,227,13650,1,0,0.5,0.5,0.5,1000.0,0.5,1.0,normal,24.1316
10,227,13665,3,0,1.5,1.5,0.5,1000.0,0.5,1.0,normal,25.6316
10,228,13680,4,0,2.0,2.0,0.5,1000.0,0.5,1.0,normal,27.6316
10,228,13695,2,0,1.0,1.0,0.5,1000.0,0.5,1.0,normal,28.6316
10,228,13710,1,0,0.5,0.5,0.5,1000.0,0.5,1.0,normal,29.1316
10,228,13725,2,0,1.0,1.0,0.5,1000.0,0.5,1.0,normal,30.1316
10,229,13740,4,1,0.3615,0.3615,0.0904,1000.0,0.5225,1.0,normal,30.4931
10,229,13755,0,0,0.0,0.0,0.5225,1000.0,0.5225,1.0,normal,30.4931
10,229,13770,3,1,1.5675,1.5675,0.5225,1000.0,0.5225,1.0,normal,32.0606
10,229,13785,3,0,1.5675,1.5675,0.5225,1000.0,0.5225,1.0,normal,33.6281
10,230,13800,2,0,1.2645,1.2645,0.6322,1000.0,0.632225,1.0,normal,34.8926
10,230,13815,4,1,2.5289,2.5289,0.6322,1000.0,0.632225,1.0,normal,37.4215
10,230,13830,2,0,1.2645,1.2645,0.6322,1000.0,0.632225,1.0,normal,38.686
10,230,13845,3,0,1.8967,1.8967,0.6322,1000.0,0.632225,1.0,normal,40.5827
10,231,13860,3,0,0.459,0.459,0.153,1000.0,0.7649922500000002,1.0,normal,41.0417
10,231,13875,4,0,3.06,3.06,0.765,1000.0,0.7649922500000002,1.0,normal,44.1017
10,231,13890,2,0,0.3279,0.3279,0.1639,1000.0,0.7649922500000002,1.0,normal,44.4296
10,231,13905,0,0,0.0,0.0,0.5126,1000.0,0.7649922500000002,1.0,normal,44.4296
10,232,13920,3,0,1.735,1.735,0.5783,1000.0,0.9256406225000003,1.0,normal,46.1646
10,232,13935,1,0,0.9256,0.9256,0.9256,1000.0,0.9256406225000003,1.0,normal,47.0902
10,232,13950,4,0,1.7855,1.7855,0.4464,1000.0,0.9256406225000003,1.0,normal,48.8757
10,232,13965,4,0,3.3175,3.3175,0.8294,1000.0,0.9256406225000003,1.0,normal,52.1932
10,233,13980,0,0,0.0,0.0,1.12,1000.0,1.1200251532250005,1.0,normal,52.1932
10,233,13995,3,0,3.3601,3.3601,1.12,1000.0,1.1200251532250005,1.0,normal,55.5533
10,233,14010,1,0,1.12,1.12,1.12,1000.0,1.1200251532250005,1.0,normal,56.6733
10,233,14025,3,0,3.3601,3.3601,1.12,1000.0,1.1200251532250005,1.0,normal,60.0334
10,234,14040,3,0,1.9971,1.9971,0.6657,1000.0,1.3552304354022509,1.0,normal,62.0305
10,234,14055,6,0,0.4345,0.4345,0.0724,1000.0,1.3552304354022509,1.0,normal,62.465
10,234,14070,5,0,5.5774,5.5774,1.1155,1000.0,1.3552304354022509,1.0,normal,68.0424
10,234,14085,9,0,3.9881,3.9881,0.4431,1000.0,1.3552304354022509,1.0,normal,72.0305
10,235,14100,4,0,6.5593,6.5593,1.6398,1000.0,1.6398288268367238,1.0,normal,78.5898
10,235,14115,5,0,8.1991,8.1991,1.6398,1000.0,1.6398288268367238,1.0,normal,86.7889
10,235,14130,5,0,8.1991,8.1991,1.6398,1000.0,1.6398288268367238,1.0,normal,94.988
10,235,14145,5,1,4.1471,4.1471,0.8294,1000.0,1.6398288268367238,1.0,normal,99.1351
10,236,14160,10,0,8.0937,8.0937,0.8094,1000.0,1.984192880472436,1.0,normal,107.2288
10,236,14175,6,0,11.9052,11.9052,1.9842,1000.0,1.984192880472436,1.0,normal,119.134
10,236,14190,9,0,17.8577,17.8577,1.9842,1000.0,1.984192880472436,1.0,normal,136.9917
10,236,14205,2,0,3.4743,3.4743,1.7371,1000.0,1.984192880472436,1.0,normal,140.466
10,237,14220,8,1,19.207,19.207,2.4009,1000.0,2.4008733853716477,1.0,normal,159.673
10,237,14235,4,0,2.2836,2.2836,0.5709,1000.0,2.4008733853716477,1.0,normal,161.9566
10,237,14250,8,0,19.207,19.207,2.4009,1000.0,2.4008733853716477,1.0,normal,181.1636
10,237,14265,6,0,8.0905,8.0905,1.3484,1000.0,2.4008733853716477,1.0,normal,189.2541
10,238,14280,4,0,9.9368,9.9368,2.4842,1000.0,2.9050567962996943,1.0,normal,199.1909
10,238,14295,8,0,23.2405,23.2405,2.9051,1000.0,2.9050567962996943,1.0,normal,222.4314
10,238,14310,8,0,2.4591,2.4591,0.3074,1000.0,2.9050567962996943,1.0,normal,224.8905
10,238,14325,6,1,17.4303,17.4303,2.9051,1000.0,2.9050567962996943,1.0,normal,242.3208
10,239,14340,11,0,9.7891,9.7891,0.8899,1000.0,3.5151187235226304,1.0,normal,252.1099
10,239,14355,10,0,35.1512,35.1512,3.5151,1000.0,3.5151187235226304,1.0,normal,287.2611
10,239,14370,13,1,24.9553,24.9553,1.9196,1000.0,3.5151187235226304,1.0,normal,312.2164
10,239,14385,9,0,16.6825,16.6825,1.8536,1000.0,3.5151187235226304,1.0,normal,328.8989
11,240,14400,13,0,5.1532,5.1532,0.3964,1000.0,5.0,1.0,normal,5.1532
11,240,14415,10,0,24.5268,24.5268,2.4527,1000.0,5.0,1.0,normal,29.68
11,240,14430,13,2,30.2378,15.1189,2.326,1000.0,5.0,1.0,normal,59.9178
11,240,14445,17,1,42.7747,42.7747,2.5162,1000.0,5.0,1.0,normal,102.6925
11,241,14460,18,0,62.1617,62.1617,3.4534,1000.0,6.050000000000001,1.0,normal,164.8542
11,241,14475,19,0,108.4968,108.4968,5.7104,1000.0,6.050000000000001,1.0,normal,273.351
11,241,14490,17,0,6.3027,6.3027,0.3707,1000.0,6.050000000000001,1.0,normal,279.6537
11,241,14505,18,1,74.8811,74.8811,4.1601,1000.0,6.050000000000001,1.0,normal,354.5348
11,242,14520,18,2,87.4516,43.7258,4.8584,1000.0,7.320500000000002,1.0,normal,441.9864
11,242,14535,14,0,81.2098,81.2098,5.8007,1000.0,7.320500000000002,1.0,normal,523.1962
11,242,14550,18,1,102.8591,102.8591,5.7144,1000.0,7.320500000000002,1.0,normal,626.0553
11,242,14565,24,0,41.3806,41.3806,1.7242,1000.0,7.320500000000002,1.0,normal,667.4359
11,243,14580,19,0,62.887,62.887,3.3098,1000.0,8.052550000000002,1.0,normal,730.3229
11,243,14595,25,1,164.2737,164.2737,6.5709,1000.0,8.052550000000002,1.0,normal,894.5966
11,243,14610,17,1,105.4034,105.4034,6.1068,1000.0,8.052550000000002,1.0,budget_constrained,1000.0
11,243,14625,0,0,0.0,0.0,7.1229,1000.0,8.052550000000002,1.0,budget_constrained,1000.0
11,244,14640,0,0,0.0,0.0,1.7196,1000.0,7.247295000000002,1.0,budget_constrained,1000.0
11,244,14655,0,0,0.0,0.0,4.681,1000.0,7.247295000000002,1.0,budget_constrained,1000.0
11,244,14670,0,0,0.0,0.0,7.008,1000.0,7.247295000000002,1.0,budget_constrained,1000.0
11,244,14685,0,0,0.0,0.0,3.2896,1000.0,7.247295000000002,1.0,budget_constrained,1000.0
11,245,14700,0,0,0.0,0.0,6.5226,1000.0,6.522565500000002,1.0,budget_constrained,1000.0
11,245,14715,0,0,0.0,0.0,5.0667,1000.0,6.522565500000002,1.0,budget_constrained,1000.0
11,245,14730,0,0,0.0,0.0,0.0757,1000.0,6.522565500000002,1.0,budget_constrained,1000.0
11,245,14745,0,0,0.0,0.0,4.5836,1000.0,6.522565500000002,1.0,budget_constrained,1000.0
11,246,14760,0,0,0.0,0.0,0.0954,1000.0,5.870308950000002,1.0,budget_constrained,1000.0
11,246,14775,0,0,0.0,0.0,0.7904,1000.0,5.870308950000002,1.0,budget_constrained,1000.0
11,246,14790,0,0,0.0,0.0,0.6062,1000.0,5.870308950000002,1.0,budget_constrained,1000.0
11,246,14805,0,0,0.0,0.0,2.3903,1000.0,5.870308950000002,1.0,budget_constrained,1000.0
11,247,14820,0,0,0.0,0.0,5.2833,1000.0,5.283278055000002,1.0,budget_constrained,1000.0
11,247,14835,0,0,0.0,0.0,3.6105,1000.0,5.283278055000002,1.0,budget_constrained,1000.0
11,247,14850,0,0,0.0,0.0,1.6661,1000.0,5.283278055000002,1.0,budget_constrained,1000.0
11,247,14865,0,0,0.0,0.0,0.4321,1000.0,5.283278055000002,1.0,budget_constrained,1000.0
11,248,14880,0,0,0.0,0.0,3.1022,1000.0,4.754950249500002,1.0,budget_constrained,1000.0
11,248,14895,0,0,0.0,0.0,1.9396,1000.0,4.754950249500002,1.0,budget_constrained,1000.0
11,248,14910,0,0,0.0,0.0,1.4334,1000.0,4.754950249500002,1.0,budget_constrained,1000.0
11,248,14925,0,0,0.0,0.0,1.4207,1000.0,4.754950249500002,1.0,budget_constrained,1000.0
11,249,14940,0,0,0.0,0.0,1.8343,1000.0,4.279455224550002,1.0,budget_constrained,1000.0
11,249,14955,0,0,0.0,0.0,4.2795,1000.0,4.279455224550002,1.0,budget_constrained,1000.0
11,249,14970,0,0,0.0,0.0,0.4118,1000.0,4.279455224550002,1.0,budget_constrained,1000.0
11,249,14985,0,0,0.0,0.0,4.2795,1000.0,4.279455224550002,1.0,budget_constrained,1000.0
11,250,15000,0,0,0.0,0.0,2.7878,1000.0,3.658934216990252,1.0,budget_constrained,1000.0
11,250,15015,0,0,0.0,0.0,1.8974,1000.0,3.658934216990252,1.0,budget_constrained,1000.0
11,250,15030,0,0,0.0,0.0,3.0059,1000.0,3.658934216990252,1.0,budget_constrained,1000.0
11,250,15045,0,0,0.0,0.0,3.5794,1000.0,3.658934216990252,1.0,budget_constrained,1000.0
11,251,15060,0,0,0.0,0.0,0.1303,1000.0,3.128388755526665,1.0,budget_constrained,1000.0
11,251,15075,0,0,0.0,0.0,0.0007,1000.0,3.128388755526665,1.0,budget_constrained,1000.0
11,251,15090,0,0,0.0,0.0,2.9901,1000.0,3.128388755526665,1.0,budget_constrained,1000.0
11,251,15105,0,0,0.0,0.0,3.1284,1000.0,3.128388755526665,1.0,budget_constrained,1000.0
11,252,15120,0,0,0.0,0.0,2.4065,1000.0,2.6747723859752983,1.0,budget_constrained,1000.0
11,252,15135,0,0,0.0,0.0,2.6748,1000.0,2.6747723859752983,1.0,budget_constrained,1000.0
11,252,15150,0,0,0.0,0.0,2.6748,1000.0,2.6747723859752983,1.0,budget_constrained,1000.0
11,252,15165,0,0,0.0,0.0,1.8769,1000.0,2.6747723859752983,1.0,budget_constrained,1000.0
11,253,15180,0,0,0.0,0.0,1.8861,1000.0,2.28693039000888,1.0,budget_constrained,1000.0
11,253,15195,0,0,0.0,0.0,2.2869,1000.0,2.28693039000888,1.0,budget_constrained,1000.0
11,253,15210,0,0,0.0,0.0,0.1978,1000.0,2.28693039000888,1.0,budget_constrained,1000.0
11,253,15225,0,0,0.0,0.0,1.3642,1000.0,2.28693039000888,1.0,budget_constrained,1000.0
11,254,15240,0,0,0.0,0.0,1.5233,1000.0,1.7495017483567932,1.0,budget_constrained,1000.0
11,254,15255,0,0,0.0,0.0,1.3306,1000.0,1.7495017483567932,1.0,budget_constrained,1000.0
11,254,15270,0,0,0.0,0.0,1.5858,1000.0,1.7495017483567932,1.0,budget_constrained,1000.0
11,254,15285,0,0,0.0,0.0,0.7694,1000.0,1.7495017483567932,1.0,budget_constrained,1000.0
11,255,15300,0,0,0.0,0.0,1.2045,1000.0,1.3383688374929468,1.0,budget_constrained,1000.0
11,255,15315,0,0,0.0,0.0,1.3384,1000.0,1.3383688374929468,1.0,budget_constrained,1000.0
11,255,15330,0,0,0.0,0.0,1.2106,1000.0,1.3383688374929468,1.0,budget_constrained,1000.0
11,255,15345,0,0,0.0,0.0,1.3384,1000.0,1.3383688374929468,1.0,budget_constrained,1000.0
11,256,15360,0,0,0.0,0.0,1.0239,1000.0,1.0238521606821043,1.0,budget_constrained,1000.0
11,256,15375,0,0,0.0,0.0,0.6241,1000.0,1.0238521606821043,1.0,budget_constrained,1000.0
11,256,15390,0,0,0.0,0.0,1.0239,1000.0,1.0238521606821043,1.0,budget_constrained,1000.0
11,256,15405,0,0,0.0,0.0,1.0239,1000.0,1.0238521606821043,1.0,budget_constrained,1000.0
11,257,15420,0,0,0.0,0.0,0.7832,1000.0,0.7832469029218098,1.0,budget_constrained,1000.0
11,257,15435,0,0,0.0,0.0,0.7832,1000.0,0.7832469029218098,1.0,budget_constrained,1000.0
11,257,15450,0,0,0.0,0.0,0.7832,1000.0,0.7832469029218098,1.0,budget_constrained,1000.0
11,257,15465,0,0,0.0,0.0,0.7832,1000.0,0.7832469029218098,1.0,budget_constrained,1000.0
11,258,15480,0,0,0.0,0.0,0.4324,1000.0,0.5991838807351845,1.0,budget_constrained,1000.0
11,258,15495,0,0,0.0,0.0,0.5992,1000.0,0.5991838807351845,1.0,budget_constrained,1000.0
11,258,15510,0,0,0.0,0.0,0.5992,1000.0,0.5991838807351845,1.0,budget_constrained,1000.0
11,258,15525,0,0,0.0,0.0,0.5992,1000.0,0.5991838807351845,1.0,budget_constrained,1000.0
11,259,15540,0,0,0.0,0.0,0.5,1000.0,0.5,1.0,budget_constrained,1000.0
11,259,15555,0,0,0.0,0.0,0.5,1000.0,0.5,1.0,budget_constrained,1000.0
11,259,15570,0,0,0.0,0.0,0.5,1000.0,0.5,1.0,budget_constrained,1000.0
11,259,15585,0,0,0.0,0.0,0.5,1000.0,0.5,1.0,budget_constrained,1000.0
11,260,15600,0,0,0.0,0.0,0.5,1000.0,0.5,1.0,budget_constrained,1000.0
11,260,15615,0,0,0.0,0.0,0.5,1000.0,0.5,1.0,budget_constrained,1000.0
11,260,15630,0,0,0.0,0.0,0.5,1000.0,0.5,1.0,budget_constrained,1000.0
11,260,15645,0,0,0.0,0.0,0.5,1000.0,0.5,1.0,budget_constrained,1000.0
11,261,15660,0,0,0.0,0.0,0.5,1000.0,0.5,1.0,budget_constrained,1000.0
11,261,15675,0,0,0.0,0.0,0.5,1000.0,0.5,1.0,budget_constrained,1000.0
11,261,15690,0,0,0.0,0.0,0.5,1000.0,0.5,1.0,budget_constrained,1000.0
11,261,15705,0,0,0.0,0.0,0.5,1000.0,0.5,1.0,budget_constrained,1000.0
11,262,15720,0,0,0.0,0.0,0.3469,1000.0,0.5,1.0,budget_constrained,1000.0
11,262,15735,0,0,0.0,0.0,0.5,1000.0,0.5,1.0,budget_constrained,1000.0
11,262,15750,0,0,0.0,0.0,0.5,1000.0,0.5,1.0,budget_constrained,1000.0
11,262,15765,0,0,0.0,0.0,0.5,1000.0,0.5,1.0,budget_constrained,1000.0
11,263,15780,0,0,0.0,0.0,0.2639,1000.0,0.5,1.0,budget_constrained,1000.0
11,263,15795,0,0,0.0,0.0,0.5,1000.0,0.5,1.0,budget_constrained,1000.0
11,263,15810,0,0,0.0,0.0,0.5,1000.0,0.5,1.0,budget_constrained,1000.0
11,263,15825,0,0,0.0,0.0,0.1654,1000.0,0.5,1.0,budget_constrained,1000.0
12,264,15840,0,0,0.0,0.0,0.5,1000.0,0.5,1.0,normal,0.0
12,264,15855,1,0,0.5,0.5,0.5,1000.0,0.5,1.0,normal,0.5
12,264,15870,2,0,1.0,1.0,0.5,1000.0,0.5,1.0,normal,1.5
12,264,15885,3,0,1.5,1.5,0.5,1000.0,0.5,1.0,normal,3.0
12,265,15900,1,0,0.2509,0.2509,0.2509,1000.0,0.5,1.0,normal,3.2509
12,265,15915,3,0,1.5,1.5,0.5,1000.0,0.5,1.0,normal,4.7509
12,265,15930,2,0,1.0,1.0,0.5,1000.0,0.5,1.0,normal,5.7509
12,265,15945,3,0,1.5,1.5,0.5,1000.0,0.5,1.0,normal,7.2509
12,266,15960,2,0,0.6039,0.6039,0.3019,1000.0,0.5,1.0,normal,7.8548
12,266,15975,1,0,0.5,0.5,0.5,1000.0,0.5,1.0,normal,8.3548
12,266,15990,3,0,1.5,1.5,0.5,1000.0,0.5,1.0,normal,9.8548
12,266,16005,2,0,0.4554,0.4554,0.2277,1000.0,0.5,1.0,normal,10.3102
12,267,16020,1,0,0.333,0.333,0.333,1000.0,0.5,1.0,normal,10.6432
12,267,16035,3,0,1.5,1.5,0.5,1000.0,0.5,1.0,normal,12.1432
12,267,16050,0,0,0.0,0.0,0.5,1000.0,0.5,1.0,normal,12.1432
12,267,16065,0,0,0.0,0.0,0.5,1000.0,0.5,1.0,normal,12.1432
12,268,16080,2,1,1.1,1.1,0.55,1000.0,0.55,1.0,normal,13.2432
12,268,16095,0,0,0.0,0.0,0.1,1000.0,0.55,1.0,normal,13.2432
12,268,16110,5,0,2.75,2.75,0.55,1000.0,0.55,1.0,normal,15.9932
12,268,16125,0,0,0.0,0.0,0.55,1000.0,0.55,1.0,normal,15.9932
12,269,16140,1,0,0.2512,0.2512,0.2512,1000.0,0.6655000000000002,1.0,normal,16.2444
12,269,16155,3,0,1.9687,1.9687,0.6562,1000.0,0.6655000000000002,1.0,normal,18.2131
12,269,16170,1,0,0.6655,0.6655,0.6655,1000.0,0.6655000000000002,1.0,normal,18.8786
12,269,16185,3,0,1.9965,1.9965,0.6655,1000.0,0.6655000000000002,1.0,normal,20.8751
12,270,16200,0,0,0.0,0.0,0.0588,1000.0,0.8052550000000004,1.0,normal,20.8751
12,270,16215,2,0,1.3693,1.3693,0.6847,1000.0,0.8052550000000004,1.0,normal,22.2444
12,270,16230,4,0,3.221,3.221,0.8053,1000.0,0.8052550000000004,1.0,normal,25.4654
12,270,16245,3,0,2.4158,2.4158,0.8053,1000.0,0.8052550000000004,1.0,normal,27.8812
12,271,16260,2,0,0.6535,0.6535,0.3267,1000.0,0.9743585500000007,1.0,normal,28.5347
12,271,16275,2,0,1.5448,1.5448,0.7724,1000.0,0.9743585500000007,1.0,normal,30.0795
12,271,16290,5,0,4.8718,4.8718,0.9744,1000.0,0.9743585500000007,1.0,normal,34.9513
12,271,16305,5,0,4.8718,4.8718,0.9744,1000.0,0.9743585500000007,1.0,normal,39.8231
12,272,16320,5,0,5.8949,5.8949,1.179,1000.0,1.178973845500001,1.0,normal,45.718
12,272,16335,3,0,1.7842,1.7842,0.5947,1000.0,1.178973845500001,1.0,normal,47.5022
12,272,16350,3,0,3.5369,3.5369,1.179,1000.0,1.178973845500001,1.0,normal,51.0391
12,272,16365,2,0,2.3579,2.3579,1.179,1000.0,1.178973845500001,1.0,normal,53.397
12,273,16380,5,0,3.141,3.141,0.6282,1000.0,1.4265583530550014,1.0,normal,56.538
12,273,16395,2,0,1.0113,1.0113,0.5057,1000.0,1.4265583530550014,1.0,normal,57.5493
12,273,16410,4,1,5.7062,5.7062,1.4266,1000.0,1.4265583530550014,1.0,normal,63.2555
12,273,16425,8,0,11.4125,11.4125,1.4266,1000.0,1.4265583530550014,1.0,normal,74.668
12,274,16440,3,0,2.3382,2.3382,0.7794,1000.0,1.7261356071965521,1.0,normal,77.0062
12,274,16455,3,1,5.1784,5.1784,1.7261,1000.0,1.7261356071965521,1.0,normal,82.1846
12,274,16470,4,0,3.6574,3.6574,0.9144,1000.0,1.7261356071965521,1.0,normal,85.842
12,274,16485,9,0,14.1127,14.1127,1.5681,1000.0,1.7261356071965521,1.0,normal,99.9547
12,275,16500,4,0,8.3545,8.3545,2.0886,1000.0,2.088624084707828,1.0,normal,108.3092
12,275,16515,6,0,12.5317,12.5317,2.0886,1000.0,2.088624084707828,1.0,normal,120.8409
12,275,16530,5,0,10.4431,10.4431,2.0886,1000.0,2.088624084707828,1.0,normal,131.284
12,275,16545,5,0,10.4431,10.4431,2.0886,1000.0,2.088624084707828,1.0,normal,141.7271
12,276,16560,16,0,53.9918,53.9918,3.3745,1000.0,5.0,1.0,normal,195.7189
12,276,16575,15,0,24.2518,24.2518,1.6168,1000.0,5.0,1.0,normal,219.9707
12,276,16590,6,0,12.6144,12.6144,2.1024,1000.0,5.0,1.0,normal,232.5851
12,276,16605,8,0,2.8292,2.8292,0.3536,1000.0,5.0,1.0,normal,235.4143
12,277,16620,10,0,49.9505,49.9505,4.995,1000.0,5.5,1.0,normal,285.3648
12,277,16635,8,0,36.3304,36.3304,4.5413,1000.0,5.5,1.0,normal,321.6952
12,277,16650,15,0,82.5,82.5,5.5,1000.0,5.5,1.0,normal,404.1952
12,277,16665,9,1,34.148,34.148,3.7942,1000.0,5.5,1.0,normal,438.3432
12,278,16680,17,0,10.8395,10.8395,0.6376,1000.0,4.5375000000000005,1.0,normal,449.1827
12,278,16695,14,1,47.5921,47.5921,3.3994,1000.0,4.5375000000000005,1.0,normal,496.7748
12,278,16710,13,1,15.5235,15.5235,1.1941,1000.0,4.5375000000000005,1.0,normal,512.2983
12,278,16725,7,0,27.0653,27.0653,3.8665,1000.0,4.5375000000000005,1.0,normal,539.3636
12,279,16740,8,0,20.9368,20.9368,2.6171,1000.0,4.242562500000001,1.0,normal,560.3004
12,279,16755,11,0,28.8857,28.8857,2.626,1000.0,4.242562500000001,1.0,normal,589.1861
12,279,16770,8,0,7.5068,7.5068,0.9384,1000.0,4.242562500000001,1.0,normal,596.6929
12,279,16785,9,1,20.4845,20.4845,2.2761,1000.0,4.242562500000001,1.0,normal,617.1774
12,280,16800,15,0,6.0281,6.0281,0.4019,1000.0,3.9667959375000015,1.0,normal,623.2055
12,280,16815,11,1,34.2193,34.2193,3.1108,1000.0,3.9667959375000015,1.0,normal,657.4248
12,280,16830,9,0,23.7938,23.7938,2.6438,1000.0,3.9667959375000015,1.0,normal,681.2186
12,280,16845,6,1,23.8008,23.8008,3.9668,1000.0,3.9667959375000015,1.0,normal,705.0194
12,281,16860,11,1,7.5386,7.5386,0.6853,1000.0,4.3634755312500015,1.0,normal,712.558
12,281,16875,11,0,47.9982,47.9982,4.3635,1000.0,4.3634755312500015,1.0,normal,760.5562
12,281,16890,9,0,26.6838,26.6838,2.9649,1000.0,4.3634755312500015,1.0,normal,787.24
12,281,16905,11,1,46.2055,46.2055,4.2005,1000.0,4.3634755312500015,1.0,normal,833.4455
12,282,16920,10,0,22.4884,22.4884,2.2488,1000.0,4.799823084375002,1.0,normal,855.9339
12,282,16935,15,0,49.8012,49.8012,3.3201,1000.0,4.799823084375002,1.0,budget_constrained,905.7351
12,282,16950,8,0,18.3367,18.3367,2.2921,1000.0,4.799823084375002,1.0,budget_constrained,924.0718
12,282,16965,11,0,5.5783,5.5783,0.5071,1000.0,4.799823084375002,1.0,budget_constrained,929.6501
12,283,16980,9,0,15.6552,15.6552,1.7395,1000.0,4.5598319301562515,1.0,budget_constrained,945.3053
12,283,16995,13,1,5.0319,5.0319,0.3871,1000.0,4.5598319301562515,1.0,budget_constrained,950.3372
12,283,17010,14,0,27.2686,27.2686,1.9478,1000.0,4.5598319301562515,1.0,budget_constrained,977.6058
12,283,17025,4,0,22.3942,22.3942,4.5598,1000.0,4.5598319301562515,1.0,budget_constrained,1000.0
12,284,17040,0,0,0.0,0.0,4.3318,1000.0,4.331840333648438,1.0,budget_constrained,1000.0
12,284,17055,0,0,0.0,0.0,0.6427,1000.0,4.331840333648438,1.0,budget_constrained,1000.0
12,284,17070,0,0,0.0,0.0,3.1514,1000.0,4.331840333648438,1.0,budget_constrained,1000.0
12,284,17085,0,0,0.0,0.0,0.4149,1000.0,4.331840333648438,1.0,budget_constrained,1000.0
12,285,17100,0,0,0.0,0.0,0.2622,1000.0,4.115248316966016,1.0,budget_constrained,1000.0
12,285,17115,0,0,0.0,0.0,0.8306,1000.0,4.115248316966016,1.0,budget_constrained,1000.0
12,285,17130,0,0,0.0,0.0,3.9466,1000.0,4.115248316966016,1.0,budget_constrained,1000.0
12,285,17145,0,0,0.0,0.0,0.6137,1000.0,4.115248316966016,1.0,budget_constrained,1000.0
12,286,17160,0,0,0.0,0.0,0.4592,1000.0,3.909485901117715,1.0,budget_constrained,1000.0
12,286,17175,0,0,0.0,0.0,3.4178,1000.0,3.909485901117715,1.0,budget_constrained,1000.0
12,286,17190,0,0,0.0,0.0,3.9095,1000.0,3.909485901117715,1.0,budget_constrained,1000.0
12,286,17205,0,0,0.0,0.0,3.9095,1000.0,3.909485901117715,1.0,budget_constrained,1000.0
12,287,17220,0,0,0.0,0.0,3.0787,1000.0,3.7140116060618293,1.0,budget_constrained,1000.0
12,287,17235,0,0,0.0,0.0,0.9622,1000.0,3.7140116060618293,1.0,budget_constrained,1000.0
12,287,17250,0,0,0.0,0.0,1.937,1000.0,3.7140116060618293,1.0,budget_constrained,1000.0
12,287,17265,0,0,0.0,0.0,3.714,1000.0,3.7140116060618293,1.0,budget_constrained,1000.0
13,288,17280,0,0,0.0,0.0,3.0224,1000.0,3.528311025758738,0.0,normal,0.0
13,288,17295,6,0,2.0244,2.0244,0.3374,1000.0,3.528311025758738,0.0,normal,2.0244
13,288,17310,8,0,25.2923,25.2923,3.1615,1000.0,3.528311025758738,0.0,normal,27.3167
13,288,17325,5,0,11.6482,11.6482,2.3296,1000.0,3.528311025758738,0.0,normal,38.9649
13,289,17340,5,0,15.896,15.896,3.1792,1000.0,3.3518954744708007,0.0,normal,54.8609
13,289,17355,7,0,11.7525,11.7525,1.6789,1000.0,3.3518954744708007,0.0,normal,66.6134
13,289,17370,1,0,2.4877,2.4877,2.4877,1000.0,3.3518954744708007,0.0,normal,69.1011
13,289,17385,6,0,15.8971,15.8971,2.6495,1000.0,3.3518954744708007,0.0,normal,84.9982
13,290,17400,7,0,12.3271,12.3271,1.761,1000.0,2.8491111533001807,0.0,normal,97.3253
13,290,17415,8,0,4.5562,4.5562,0.5695,1000.0,2.8491111533001807,0.0,normal,101.8815
13,290,17430,6,0,17.0947,17.0947,2.8491,1000.0,2.8491111533001807,0.0,normal,118.9762
13,290,17445,8,0,12.1303,12.1303,1.5163,1000.0,2.8491111533001807,0.0,normal,131.1065
13,291,17460,4,0,8.7183,8.7183,2.1796,1000.0,2.179570032274638,0.0,normal,139.8248
13,291,17475,6,0,13.0774,13.0774,2.1796,1000.0,2.179570032274638,0.0,normal,152.9022
13,291,17490,7,0,15.257,15.257,2.1796,1000.0,2.179570032274638,0.0,normal,168.1592
13,291,17505,3,0,0.1412,0.1412,0.0471,1000.0,2.179570032274638,0.0,normal,168.3004
13,292,17520,3,0,4.7614,4.7614,1.5871,1000.0,1.667371074690098,0.0,normal,173.0618
13,292,17535,5,0,5.0358,5.0358,1.0072,1000.0,1.667371074690098,0.0,normal,178.0976
13,292,17550,7,0,11.6716,11.6716,1.6674,1000.0,1.667371074690098,0.0,normal,189.7692
13,292,17565,5,0,5.5103,5.5103,1.1021,1000.0,1.667371074690098,0.0,normal,195.2795
13,293,17580,3,0,3.3764,3.3764,1.1255,1000.0,1.1254754754158163,0.0,normal,198.6559
13,293,17595,3,0,1.5768,1.5768,0.5256,1000.0,1.1254754754158163,0.0,normal,200.2327
13,293,17610,5,0,5.6274,5.6274,1.1255,1000.0,1.1254754754158163,0.0,normal,205.8601
13,293,17625,1,0,0.3145,0.3145,0.3145,1000.0,1.1254754754158163,0.0,normal,206.1746
13,294,17640,1,0,0.1667,0.1667,0.1667,1000.0,0.759695945905676,0.0,normal,206.3413
13,294,17655,1,0,0.3967,0.3967,0.3967,1000.0,0.759695945905676,0.0,normal,206.738
13,294,17670,6,0,4.5582,4.5582,0.7597,1000.0,0.759695945905676,0.0,normal,211.2962
13,294,17685,3,0,0.6045,0.6045,0.2015,1000.0,0.759695945905676,0.0,normal,211.9007
13,295,17700,1,0,0.5128,0.5128,0.5128,1000.0,0.5127947634863312,0.0,normal,212.4135
13,295,17715,2,0,1.0256,1.0256,0.5128,1000.0,0.5127947634863312,0.0,normal,213.4391
13,295,17730,0,0,0.0,0.0,0.3383,1000.0,0.5127947634863312,0.0,normal,213.4391
13,295,17745,3,0,1.5384,1.5384,0.5128,1000.0,0.5127947634863312,0.0,normal,214.9775
13,296,17760,1,0,0.5,0.5,0.5,1000.0,0.5,0.0,normal,215.4775
13,296,17775,1,0,0.5,0.5,0.5,1000.0,0.5,0.0,normal,215.9775
13,296,17790,3,0,1.5,1.5,0.5,1000.0,0.5,0.0,normal,217.4775
13,296,17805,1,0,0.5,0.5,0.5,1000.0,0.5,0.0,normal,217.9775
13,297,17820,0,0,0.0,0.0,0.5,1000.0,0.5,0.0,normal,217.9775
13,297,17835,0,0,0.0,0.0,0.5,1000.0,0.5,0.0,normal,217.9775
13,297,17850,1,0,0.5,0.5,0.5,1000.0,0.5,0.0,normal,218.4775
13,297,17865,1,0,0.5,0.5,0.5,1000.0,0.5,0.0,normal,218.9775
13,298,17880,1,0,0.5,0.5,0.5,1000.0,0.5,0.0,normal,219.4775
13,298,17895,0,0,0.0,0.0,0.0417,1000.0,0.5,0.0,normal,219.4775
13,298,17910,4,0,2.0,2.0,0.5,1000.0,0.5,0.0,normal,221.4775
13,298,17925,2,0,1.0,1.0,0.5,1000.0,0.5,0.0,normal,222.4775
13,299,17940,1,0,0.5,0.5,0.5,1000.0,0.5,0.0,normal,222.9775
13,299,17955,2,0,0.7293,0.7293,0.3646,1000.0,0.5,0.0,normal,223.7068
13,299,17970,3,0,1.5,1.5,0.5,1000.0,0.5,0.0,normal,225.2068
13,299,17985,1,0,0.5,0.5,0.5,1000.0,0.5,0.0,normal,225.7068
13,300,18000,0,0,0.0,0.0,0.01,1000.0,0.01,0.0,normal,225.7068
13,300,18015,0,0,0.0,0.0,0.01,1000.0,0.01,0.0,normal,225.7068
13,300,18030,0,0,0.0,0.0,0.01,1000.0,0.01,0.0,normal,225.7068
13,300,18045,0,0,0.0,0.0,0.01,1000.0,0.01,0.0,normal,225.7068
13,301,18060,0,0,0.0,0.0,0.5,1000.0,0.5,0.0,normal,225.7068
13,301,18075,3,0,1.2867,1.2867,0.4289,1000.0,0.5,0.0,normal,226.9935
13,301,18090,0,0,0.0,0.0,0.5,1000.0,0.5,0.0,normal,226.9935
13,301,18105,1,0,0.5,0.5,0.5,1000.0,0.5,0.0,normal,227.4935
13,302,18120,2,0,1.0,1.0,0.5,1000.0,0.5,0.0,normal,228.4935
13,302,18135,0,0,0.0,0.0,0.5,1000.0,0.5,0.0,normal,228.4935
13,302,18150,2,0,1.0,1.0,0.5,1000.0,0.5,0.0,normal,229.4935
13,302,18165,1,0,0.5,0.5,0.5,1000.0,0.5,0.0,normal,229.9935
13,303,18180,2,0,1.0,1.0,0.5,1000.0,0.5,0.0,normal,230.9935
13,303,18195,2,0,1.0,1.0,0.5,1000.0,0.5,0.0,normal,231.9935
13,303,18210,0,0,0.0,0.0,0.5,1000.0,0.5,0.0,normal,231.9935
13,303,18225,0,0,0.0,0.0,0.5,1000.0,0.5,0.0,normal,231.9935
13,304,18240,1,0,0.5,0.5,0.5,1000.0,0.5,0.0,normal,232.4935
13,304,18255,3,0,0.3668,0.3668,0.1223,1000.0,0.5,0.0,normal,232.8603
13,304,18270,3,0,1.5,1.5,0.5,1000.0,0.5,0.0,normal,234.3603
13,304,18285,1,0,0.5,0.5,0.5,1000.0,0.5,0.0,normal,234.8603
13,305,18300,2,0,1.0,1.0,0.5,1000.0,0.5,0.0,normal,235.8603
13,305,18315,1,0,0.5,0.5,0.5,1000.0,0.5,0.0,normal,236.3603
13,305,18330,0,0,0.0,0.0,0.1216,1000.0,0.5,0.0,normal,236.3603
13,305,18345,1,0,0.5,0.5,0.5,1000.0,0.5,0.0,normal,236.8603
13,306,18360,2,0,1.0,1.0,0.5,1000.0,0.5,0.0,normal,237.8603
13,306,18375,0,0,0.0,0.0,0.2686,1000.0,0.5,0.0,normal,237.8603
13,306,18390,1,0,0.5,0.5,0.5,1000.0,0.5,0.0,normal,238.3603
13,306,18405,2,0,1.0,1.0,0.5,1000.0,0.5,0.0,normal,239.3603
13,307,18420,3,0,1.5,1.5,0.5,1000.0,0.5,0.0,normal,240.8603
13,307,18435,2,0,1.0,1.0,0.5,1000.0,0.5,0.0,normal,241.8603
13,307,18450,1,0,0.1916,0.1916,0.1916,1000.0,0.5,0.0,normal,242.0519
13,307,18465,0,0,0.0,0.0,0.5,1000.0,0.5,0.0,normal,242.0519
13,308,18480,0,0,0.0,0.0,0.5,1000.0,0.5,0.0,normal,242.0519
13,308,18495,2,0,1.0,1.0,0.5,1000.0,0.5,0.0,normal,243.0519
13,308,18510,0,0,0.0,0.0,0.5,1000.0,0.5,0.0,normal,243.0519
13,308,18525,4,0,0.894,0.894,0.2235,1000.0,0.5,0.0,normal,243.9459
13,309,18540,0,0,0.0,0.0,0.5,1000.0,0.5,0.0,normal,243.9459
13,309,18555,0,0,0.0,0.0,0.5,1000.0,0.5,0.0,normal,243.9459
13,309,18570,1,0,0.5,0.5,0.5,1000.0,0.5,0.0,normal,244.4459
13,309,18585,1,0,0.2765,0.2765,0.2765,1000.0,0.5,0.0,normal,244.7224
13,310,18600,1,0,0.5,0.5,0.5,1000.0,0.5,0.0,normal,245.2224
13,310,18615,0,0,0.0,0.0,0.5,1000.0,0.5,0.0,normal,245.2224
13,310,18630,0,0,0.0,0.0,0.2424,1000.0,0.5,0.0,normal,245.2224
13,310,18645,0,0,0.0,0.0,0.0429,1000.0,0.5,0.0,normal,245.2224
13,311,18660,0,0,0.0,0.0,0.5,1000.0,0.5,0.0,normal,245.2224
13,311,18675,1,0,0.5,0.5,0.5,1000.0,0.5,0.0,normal,245.7224
13,311,18690,3,0,1.5,1.5,0.5,1000.0,0.5,0.0,normal,247.2224
13,311,18705,3,0,1.5,1.5,0.5,1000.0,0.5,0.0,normal,248.7224
14,312,18720,0,0,0.0,0.0,0.01,1000.0,0.01,0.0,normal,0.0
14,312,18735,0,0,0.0,0.0,0.01,1000.0,0.01,0.0,normal,0.0
14,312,18750,0,0,0.0,0.0,0.01,1000.0,0.01,0.0,normal,0.0
14,312,18765,0,0,0.0,0.0,0.01,1000.0,0.01,0.0,normal,0.0
14,313,18780,2,0,1.0,1.0,0.5,1000.0,0.5,0.0,normal,1.0
14,313,18795,1,0,0.5,0.5,0.5,1000.0,0.5,0.0,normal,1.5
14,313,18810,2,0,1.0,1.0,0.5,1000.0,0.5,0.0,normal,2.5
14,313,18825,1,0,0.5,0.5,0.5,1000.0,0.5,0.0,normal,3.0
14,314,18840,1,0,0.0988,0.0988,0.0988,1000.0,0.5,0.0,normal,3.0988
14,314,18855,1,0,0.5,0.5,0.5,1000.0,0.5,0.0,normal,3.5988
14,314,18870,2,0,1.0,1.0,0.5,1000.0,0.5,0.0,normal,4.5988
14,314,18885,3,0,1.5,1.5,0.5,1000.0,0.5,0.0,normal,6.0988
14,315,18900,3,0,1.5,1.5,0.5,1000.0,0.5,0.0,normal,7.5988
14,315,18915,2,0,1.0,1.0,0.5,1000.0,0.5,0.0,normal,8.5988
14,315,18930,1,0,0.5,0.5,0.5,1000.0,0.5,0.0,normal,9.0988
14,315,18945,1,0,0.5,0.5,0.5,1000.0,0.5,0.0,normal,9.5988
14,316,18960,1,0,0.55,0.55,0.55,1000.0,0.55,0.0,normal,10.1488
14,316,18975,2,0,0.0711,0.0711,0.0356,1000.0,0.55,0.0,normal,10.2199
14,316,18990,1,0,0.55,0.55,0.55,1000.0,0.55,0.0,normal,10.7699
14,316,19005,1,0,0.55,0.55,0.55,1000.0,0.55,0.0,normal,11.3199
14,317,19020,1,0,0.605,0.605,0.605,1000.0,0.6050000000000001,0.0,normal,11.9249
14,317,19035,1,0,0.605,0.605,0.605,1000.0,0.6050000000000001,0.0,normal,12.5299
14,317,19050,3,0,1.815,1.815,0.605,1000.0,0.6050000000000001,0.0,normal,14.3449
14,317,19065,2,0,1.21,1.21,0.605,1000.0,0.6050000000000001,0.0,normal,15.5549
14,318,19080,2,0,1.331,1.331,0.6655,1000.0,0.6655000000000002,0.0,normal,16.8859
14,318,19095,1,0,0.6655,0.6655,0.6655,1000.0,0.6655000000000002,0.0,normal,17.5514
14,318,19110,2,0,0.3296,0.3296,0.1648,1000.0,0.6655000000000002,0.0,normal,17.881
14,318,19125,0,0,0.0,0.0,0.6655,1000.0,0.6655000000000002,0.0,normal,17.881
14,319,19140,1,0,0.7321,0.7321,0.7321,1000.0,0.7320500000000003,0.0,normal,18.6131
14,319,19155,2,0,1.4641,1.4641,0.7321,1000.0,0.7320500000000003,0.0,normal,20.0772
14,319,19170,1,0,0.7321,0.7321,0.7321,1000.0,0.7320500000000003,0.0,normal,20.8093
14,319,19185,6,0,4.3923,4.3923,0.7321,1000.0,0.7320500000000003,0.0,normal,25.2016
14,320,19200,0,0,0.0,0.0,0.3474,1000.0,0.8052550000000004,0.0,normal,25.2016
14,320,19215,0,0,0.0,0.0,0.4599,1000.0,0.8052550000000004,0.0,normal,25.2016
14,320,19230,5,0,4.0263,4.0263,0.8053,1000.0,0.8052550000000004,0.0,normal,29.2279
14,320,19245,2,0,0.2506,0.2506,0.1253,1000.0,0.8052550000000004,0.0,normal,29.4785
14,321,19260,3,0,2.3436,2.3436,0.7812,1000.0,0.8857805000000005,0.0,normal,31.8221
14,321,19275,5,0,4.4289,4.4289,0.8858,1000.0,0.8857805000000005,0.0,normal,36.251
14,321,19290,1,0,0.8573,0.8573,0.8573,1000.0,0.8857805000000005,0.0,normal,37.1083
14,321,19305,3,0,2.6573,2.6573,0.8858,1000.0,0.8857805000000005,0.0,normal,39.7656
14,322,19320,3,0,2.9231,2.9231,0.9744,1000.0,0.9743585500000007,0.0,normal,42.6887
14,322,19335,5,0,4.8718,4.8718,0.9744,1000.0,0.9743585500000007,0.0,normal,47.5605
14,322,19350,5,0,1.2282,1.2282,0.2456,1000.0,0.9743585500000007,0.0,normal,48.7887
14,322,19365,2,0,0.2183,0.2183,0.1092,1000.0,0.9743585500000007,0.0,normal,49.007
14,323,19380,1,0,1.0718,1.0718,1.0718,1000.0,1.0717944050000008,0.0,normal,50.0788
14,323,19395,1,0,1.0718,1.0718,1.0718,1000.0,1.0717944050000008,0.0,normal,51.1506
14,323,19410,2,0,1.721,1.721,0.8605,1000.0,1.0717944050000008,0.0,normal,52.8716
14,323,19425,2,0,0.9056,0.9056,0.4528,1000.0,1.0717944050000008,0.0,normal,53.7772
14,324,19440,0,0,0.0,0.0,0.01,1000.0,0.01,0.0,normal,53.7772
14,324,19455,1,0,0.01,0.01,0.01,1000.0,0.01,0.0,normal,53.7872
14,324,19470,0,0,0.0,0.0,0.01,1000.0,0.01,0.0,normal,53.7872
14,324,19485,0,0,0.0,0.0,0.01,1000.0,0.01,0.0,normal,53.7872
14,325,19500,1,0,0.5,0.5,0.5,1000.0,0.5,0.0,normal,54.2872
14,325,19515,4,0,2.0,2.0,0.5,1000.0,0.5,0.0,normal,56.2872
14,325,19530,1,0,0.5,0.5,0.5,1000.0,0.5,0.0,normal,56.7872
14,325,19545,1,0,0.5,0.5,0.5,1000.0,0.5,0.0,normal,57.2872
14,326,19560,0,0,0.0,0.0,0.55,1000.0,0.55,0.0,normal,57.2872
14,326,19575,1,0,0.55,0.55,0.55,1000.0,0.55,0.0,normal,57.8372
14,326,19590,1,0,0.55,0.55,0.55,1000.0,0.55,0.0,normal,58.3872
14,326,19605,1,0,0.2741,0.2741,0.2741,1000.0,0.55,0.0,normal,58.6613
14,327,19620,3,0,1.815,1.815,0.605,1000.0,0.6050000000000001,0.0,normal,60.4763
14,327,19635,4,0,2.42,2.42,0.605,1000.0,0.6050000000000001,0.0,normal,62.8963
14,327,19650,2,0,1.21,1.21,0.605,1000.0,0.6050000000000001,0.0,normal,64.1063
14,327,19665,1,0,0.605,0.605,0.605,1000.0,0.6050000000000001,0.0,normal,64.7113
14,328,19680,1,0,0.6655,0.6655,0.6655,1000.0,0.6655000000000002,0.0,normal,65.3768
14,328,19695,3,0,1.9965,1.9965,0.6655,1000.0,0.6655000000000002,0.0,normal,67.3733
14,328,19710,6,0,2.06,2.06,0.3433,1000.0,0.6655000000000002,0.0,normal,69.4333
14,328,19725,1,0,0.6655,0.6655,0.6655,1000.0,0.6655000000000002,0.0,normal,70.0988
14,329,19740,2,0,1.4641,1.4641,0.7321,1000.0,0.7320500000000003,0.0,normal,71.5629
14,329,19755,1,0,0.7321,0.7321,0.7321,1000.0,0.7320500000000003,0.0,normal,72.295
14,329,19770,1,0,0.7321,0.7321,0.7321,1000.0,0.7320500000000003,0.0,normal,73.0271
14,329,19785,1,0,0.0605,0.0605,0.0605,1000.0,0.7320500000000003,0.0,normal,73.0876
14,330,19800,2,0,1.6105,1.6105,0.8053,1000.0,0.8052550000000004,0.0,normal,74.6981
14,330,19815,1,0,0.8053,0.8053,0.8053,1000.0,0.8052550000000004,0.0,normal,75.5034
14,330,19830,1,0,0.8053,0.8053,0.8053,1000.0,0.8052550000000004,0.0,normal,76.3087
14,330,19845,3,0,2.4158,2.4158,0.8053,1000.0,0.8052550000000004,0.0,normal,78.7245
14,331,19860,3,0,2.6573,2.6573,0.8858,1000.0,0.8857805000000005,0.0,normal,81.3818
14,331,19875,2,0,1.7716,1.7716,0.8858,1000.0,0.8857805000000005,0.0,normal,83.1534
14,331,19890,2,0,1.7716,1.7716,0.8858,1000.0,0.8857805000000005,0.0,normal,84.925
14,331,19905,2,0,1.1723,1.1723,0.5861,1000.0,0.8857805000000005,0.0,normal,86.0973
14,332,19920,0,0,0.0,0.0,0.9744,1000.0,0.9743585500000007,0.0,normal,86.0973
14,332,19935,2,0,1.9487,1.9487,0.9744,1000.0,0.9743585500000007,0.0,normal,88.046
14,332,19950,4,0,3.8974,3.8974,0.9744,1000.0,0.9743585500000007,0.0,normal,91.9434
14,332,19965,1,0,0.9744,0.9744,0.9744,1000.0,0.9743585500000007,0.0,normal,92.9178
14,333,19980,5,0,5.359,5.359,1.0718,1000.0,1.0717944050000008,0.0,normal,98.2768
14,333,19995,4,0,4.2872,4.2872,1.0718,1000.0,1.0717944050000008,0.0,normal,102.564
14,333,20010,3,0,3.2154,3.2154,1.0718,1000.0,1.0717944050000008,0.0,normal,105.7794
14,333,20025,3,0,3.2154,3.2154,1.0718,1000.0,1.0717944050000008,0.0,normal,108.9948
14,334,20040,4,0,4.7159,4.7159,1.179,1000.0,1.178973845500001,0.0,normal,113.7107
14,334,20055,1,0,1.0261,1.0261,1.0261,1000.0,1.178973845500001,0.0,normal,114.7368
14,334,20070,3,0,3.5369,3.5369,1.179,1000.0,1.178973845500001,0.0,normal,118.2737
14,334,20085,4,0,4.7159,4.7159,1.179,1000.0,1.178973845500001,0.0,normal,122.9896
14,335,20100,4,0,1.768,1.768,0.442,1000.0,0.9078098610350007,0.0,normal,124.7576
14,335,20115,0,0,0.0,0.0,0.9078,1000.0,0.9078098610350007,0.0,normal,124.7576
14,335,20130,2,0,1.8156,1.8156,0.9078,1000.0,0.9078098610350007,0.0,normal,126.5732
14,335,20145,2,0,1.8156,1.8156,0.9078,1000.0,0.9078098610350007,0.0,normal,128.3888
15,336,20160,0,0,0.0,0.0,0.01,700.0,0.01,0.0,normal,0.0
15,336,20175,0,0,0.0,0.0,0.01,700.0,0.01,0.0,normal,0.0
15,336,20190,0,0,0.0,0.0,0.01,700.0,0.01,0.0,normal,0.0
15,336,20205,0,0,0.0,0.0,0.01,700.0,0.01,0.0,normal,0.0
15,337,20220,2,0,1.0,1.0,0.5,700.0,0.5,0.0,normal,1.0
15,337,20235,0,0,0.0,0.0,0.5,700.0,0.5,0.0,normal,1.0
15,337,20250,2,0,0.7198,0.7198,0.3599,700.0,0.5,0.0,normal,1.7198
15,337,20265,0,0,0.0,0.0,0.5,700.0,0.5,0.0,normal,1.7198
15,338,20280,0,0,0.0,0.0,0.5,700.0,0.5,0.0,normal,1.7198
15,338,20295,1,0,0.5,0.5,0.5,700.0,0.5,0.0,normal,2.2198
15,338,20310,2,0,1.0,1.0,0.5,700.0,0.5,0.0,normal,3.2198
15,338,20325,2,0,1.0,1.0,0.5,700.0,0.5,0.0,normal,4.2198
15,339,20340,0,0,0.0,0.0,0.5,700.0,0.5,0.0,normal,4.2198
15,339,20355,3,0,1.5,1.5,0.5,700.0,0.5,0.0,normal,5.7198
15,339,20370,1,0,0.5,0.5,0.5,700.0,0.5,0.0,normal,6.2198
15,339,20385,1,0,0.5,0.5,0.5,700.0,0.5,0.0,normal,6.7198
15,340,20400,2,0,1.0,1.0,0.5,700.0,0.5,0.0,normal,7.7198
15,340,20415,0,0,0.0,0.0,0.5,700.0,0.5,0.0,normal,7.7198
15,340,20430,1,0,0.5,0.5,0.5,700.0,0.5,0.0,normal,8.2198
15,340,20445,1,0,0.5,0.5,0.5,700.0,0.5,0.0,normal,8.7198
15,341,20460,0,0,0.0,0.0,0.5,700.0,0.5,0.0,normal,8.7198
15,341,20475,1,0,0.5,0.5,0.5,700.0,0.5,0.0,normal,9.2198
15,341,20490,1,0,0.5,0.5,0.5,700.0,0.5,0.0,normal,9.7198
15,341,20505,0,0,0.0,0.0,0.5,700.0,0.5,0.0,normal,9.7198
15,342,20520,0,0,0.0,0.0,0.5,700.0,0.5,0.0,normal,9.7198
15,342,20535,1,0,0.5,0.5,0.5,700.0,0.5,0.0,normal,10.2198
15,342,20550,2,0,1.0,1.0,0.5,700.0,0.5,0.0,normal,11.2198
15,342,20565,1,0,0.5,0.5,0.5,700.0,0.5,0.0,normal,11.7198
15,343,20580,1,0,0.2992,0.2992,0.2992,700.0,0.5,0.0,normal,12.019
15,343,20595,3,0,1.5,1.5,0.5,700.0,0.5,0.0,normal,13.519
15,343,20610,1,0,0.5,0.5,0.5,700.0,0.5,0.0,normal,14.019
15,343,20625,1,0,0.5,0.5,0.5,700.0,0.5,0.0,normal,14.519
15,344,20640,2,0,1.1,1.1,0.55,700.0,0.55,0.0,normal,15.619
15,344,20655,0,0,0.0,0.0,0.22,700.0,0.55,0.0,normal,15.619
15,344,20670,1,0,0.5272,0.5272,0.5272,700.0,0.55,0.0,normal,16.1462
15,344,20685,0,0,0.0,0.0,0.55,700.0,0.55,0.0,normal,16.1462
15,345,20700,1,0,0.605,0.605,0.605,700.0,0.6050000000000001,0.0,normal,16.7512
15,345,20715,1,0,0.605,0.605,0.605,700.0,0.6050000000000001,0.0,normal,17.3562
15,345,20730,4,0,2.42,2.42,0.605,700.0,0.6050000000000001,0.0,normal,19.7762
15,345,20745,0,0,0.0,0.0,0.605,700.0,0.6050000000000001,0.0,normal,19.7762
15,346,20760,1,0,0.6655,0.6655,0.6655,700.0,0.6655000000000002,0.0,normal,20.4417
15,346,20775,0,0,0.0,0.0,0.6655,700.0,0.6655000000000002,0.0,normal,20.4417
15,346,20790,2,0,1.2295,1.2295,0.6148,700.0,0.6655000000000002,0.0,normal,21.6712
15,346,20805,2,0,1.331,1.331,0.6655,700.0,0.6655000000000002,0.0,normal,23.0022
15,347,20820,1,0,0.7321,0.7321,0.7321,700.0,0.7320500000000003,0.0,normal,23.7343
15,347,20835,2,0,1.4641,1.4641,0.7321,700.0,0.7320500000000003,0.0,normal,25.1984
15,347,20850,1,0,0.7321,0.7321,0.7321,700.0,0.7320500000000003,0.0,normal,25.9305
15,347,20865,3,0,2.1962,2.1962,0.7321,700.0,0.7320500000000003,0.0,normal,28.1267
15,348,20880,0,0,0.0,0.0,0.01,700.0,0.01,0.0,normal,28.1267
15,348,20895,0,0,0.0,0.0,0.01,700.0,0.01,0.0,normal,28.1267
15,348,20910,0,0,0.0,0.0,0.01,700.0,0.01,0.0,normal,28.1267
15,348,20925,0,0,0.0,0.0,0.01,700.0,0.01,0.0,normal,28.1267
15,349,20940,0,0,0.0,0.0,0.5,700.0,0.5,0.0,normal,28.1267
15,349,20955,0,0,0.0,0.0,0.5,700.0,0.5,0.0,normal,28.1267
15,349,20970,0,0,0.0,0.0,0.5,700.0,0.5,0.0,normal,28.1267
15,349,20985,2,0,0.8614,0.8614,0.4307,700.0,0.5,0.0,normal,28.9881
15,350,21000,2,0,1.1,1.1,0.55,700.0,0.55,0.0,normal,30.0881
15,350,21015,2,0,1.1,1.1,0.55,700.0,0.55,0.0,normal,31.1881
15,350,21030,2,0,0.4922,0.4922,0.2461,700.0,0.55,0.0,normal,31.6803
15,350,21045,2,0,1.1,1.1,0.55,700.0,0.55,0.0,normal,32.7803
15,351,21060,2,0,0.7452,0.7452,0.3726,700.0,0.6050000000000001,0.0,normal,33.5255
15,351,21075,2,0,1.21,1.21,0.605,700.0,0.6050000000000001,0.0,normal,34.7355
15,351,21090,3,0,0.0575,0.0575,0.0192,700.0,0.6050000000000001,0.0,normal,34.793
15,351,21105,2,0,1.21,1.21,0.605,700.0,0.6050000000000001,0.0,normal,36.003
15,352,21120,2,0,1.331,1.331,0.6655,700.0,0.6655000000000002,0.0,normal,37.334
15,352,21135,2,0,1.331,1.331,0.6655,700.0,0.6655000000000002,0.0,normal,38.665
15,352,21150,2,0,1.331,1.331,0.6655,700.0,0.6655000000000002,0.0,normal,39.996
15,352,21165,2,0,1.1809,1.1809,0.5905,700.0,0.6655000000000002,0.0,normal,41.1769
15,353,21180,2,0,1.3339,1.3339,0.6669,700.0,0.7320500000000003,0.0,normal,42.5108
15,353,21195,1,0,0.7321,0.7321,0.7321,700.0,0.7320500000000003,0.0,normal,43.2429
15,353,21210,3,0,2.1962,2.1962,0.7321,700.0,0.7320500000000003,0.0,normal,45.4391
15,353,21225,3,0,0.2985,0.2985,0.0995,700.0,0.7320500000000003,0.0,normal,45.7376
15,354,21240,1,0,0.8053,0.8053,0.8053,700.0,0.8052550000000004,0.0,normal,46.5429
15,354,21255,1,0,0.8053,0.8053,0.8053,700.0,0.8052550000000004,0.0,normal,47.3482
15,354,21270,2,0,1.6105,1.6105,0.8053,700.0,0.8052550000000004,0.0,normal,48.9587
15,354,21285,1,0,0.8053,0.8053,0.8053,700.0,0.8052550000000004,0.0,normal,49.764
15,355,21300,4,0,2.098,2.098,0.5245,700.0,0.8857805000000005,0.0,normal,51.862
15,355,21315,6,0,5.3147,5.3147,0.8858,700.0,0.8857805000000005,0.0,normal,57.1767
15,355,21330,2,0,1.7716,1.7716,0.8858,700.0,0.8857805000000005,0.0,normal,58.9483
15,355,21345,0,0,0.0,0.0,0.5636,700.0,0.8857805000000005,0.0,normal,58.9483
15,356,21360,0,0,0.0,0.0,0.9744,700.0,0.9743585500000007,0.0,normal,58.9483
15,356,21375,2,0,1.9487,1.9487,0.9744,700.0,0.9743585500000007,0.0,normal,60.897
15,356,21390,1,0,0.9744,0.9744,0.9744,700.0,0.9743585500000007,0.0,normal,61.8714
15,356,21405,0,0,0.0,0.0,0.7189,700.0,0.9743585500000007,0.0,normal,61.8714
15,357,21420,2,0,2.1436,2.1436,1.0718,700.0,1.0717944050000008,0.0,normal,64.015
15,357,21435,3,0,3.2154,3.2154,1.0718,700.0,1.0717944050000008,0.0,normal,67.2304
15,357,21450,2,0,2.1436,2.1436,1.0718,700.0,1.0717944050000008,0.0,normal,69.374
15,357,21465,4,0,4.2872,4.2872,1.0718,700.0,1.0717944050000008,0.0,normal,73.6612
15,358,21480,2,0,2.0491,2.0491,1.0245,700.0,1.178973845500001,0.0,normal,75.7103
15,358,21495,2,0,2.3579,2.3579,1.179,700.0,1.178973845500001,0.0,normal,78.0682
15,358,21510,0,0,0.0,0.0,1.179,700.0,1.178973845500001,0.0,normal,78.0682
15,358,21525,0,0,0.0,0.0,1.179,700.0,1.178973845500001,0.0,normal,78.0682
15,359,21540,4,0,5.1875,5.1875,1.2969,700.0,1.2968712300500012,0.0,normal,83.2557
15,359,21555,5,0,6.4844,6.4844,1.2969,700.0,1.2968712300500012,0.0,normal,89.7401
15,359,21570,2,0,2.5937,2.5937,1.2969,700.0,1.2968712300500012,0.0,normal,92.3338
15,359,21585,3,0,2.9357,2.9357,0.9786,700.0,1.2968712300500012,0.0,normal,95.2695
16,360,21600,0,0,0.0,0.0,0.01,700.0,0.01,0.0,normal,0.0
16,360,21615,0,0,0.0,0.0,0.01,700.0,0.01,0.0,normal,0.0
16,360,21630,0,0,0.0,0.0,0.01,700.0,0.01,0.0,normal,0.0
16,360,21645,0,0,0.0,0.0,0.01,700.0,0.01,0.0,normal,0.0
16,361,21660,3,0,0.6666,0.6666,0.2222,700.0,0.5,0.0,normal,0.6666
16,361,21675,0,0,0.0,0.0,0.5,700.0,0.5,0.0,normal,0.6666
16,361,21690,1,0,0.4023,0.4023,0.4023,700.0,0.5,0.0,normal,1.0689
16,361,21705,0,0,0.0,0.0,0.5,700.0,0.5,0.0,normal,1.0689
16,362,21720,1,0,0.55,0.55,0.55,700.0,0.55,0.0,normal,1.6189
16,362,21735,0,0,0.0,0.0,0.55,700.0,0.55,0.0,normal,1.6189
16,362,21750,1,0,0.55,0.55,0.55,700.0,0.55,0.0,normal,2.1689
16,362,21765,1,0,0.55,0.55,0.55,700.0,0.55,0.0,normal,2.7189
16,363,21780,3,0,0.6572,0.6572,0.2191,700.0,0.6050000000000001,0.0,normal,3.3761
16,363,21795,1,0,0.605,0.605,0.605,700.0,0.6050000000000001,0.0,normal,3.9811
16,363,21810,5,0,2.9469,2.9469,0.5894,700.0,0.6050000000000001,0.0,normal,6.928
16,363,21825,1,0,0.605,0.605,0.605,700.0,0.6050000000000001,0.0,normal,7.533
16,364,21840,1,0,0.6655,0.6655,0.6655,700.0,0.6655000000000002,0.0,normal,8.1985
16,364,21855,2,0,1.331,1.331,0.6655,700.0,0.6655000000000002,0.0,normal,9.5295
16,364,21870,5,0,3.3275,3.3275,0.6655,700.0,0.6655000000000002,0.0,normal,12.857
16,364,21885,0,0,0.0,0.0,0.5304,700.0,0.6655000000000002,0.0,normal,12.857
16,365,21900,0,0,0.0,0.0,0.2774,700.0,0.7320500000000003,0.0,normal,12.857
16,365,21915,1,0,0.7321,0.7321,0.7321,700.0,0.7320500000000003,0.0,normal,13.5891
16,365,21930,4,0,2.9282,2.9282,0.7321,700.0,0.7320500000000003,0.0,normal,16.5173
16,365,21945,1,0,0.7318,0.7318,0.7318,700.0,0.7320500000000003,0.0,normal,17.2491
16,366,21960,3,0,2.4158,2.4158,0.8053,700.0,0.8052550000000004,0.0,normal,19.6649
16,366,21975,3,0,0.8757,0.8757,0.2919,700.0,0.8052550000000004,0.0,normal,20.5406
16,366,21990,4,0,3.221,3.221,0.8053,700.0,0.8052550000000004,0.0,normal,23.7616
16,366,22005,0,0,0.0,0.0,0.1577,700.0,0.8052550000000004,0.0,normal,23.7616
16,367,22020,3,0,2.6573,2.6573,0.8858,700.0,0.8857805000000005,0.0,normal,26.4189
16,367,22035,4,0,3.0499,3.0499,0.7625,700.0,0.8857805000000005,0.0,normal,29.4688
16,367,22050,1,0,0.8858,0.8858,0.8858,700.0,0.8857805000000005,0.0,normal,30.3546
16,367,22065,2,0,1.7716,1.7716,0.8858,700.0,0.8857805000000005,0.0,normal,32.1262
16,368,22080,0,0,0.0,0.0,0.9744,700.0,0.9743585500000007,0.0,normal,32.1262
16,368,22095,0,0,0.0,0.0,0.9744,700.0,0.9743585500000007,0.0,normal,32.1262
16,368,22110,3,0,2.9231,2.9231,0.9744,700.0,0.9743585500000007,0.0,normal,35.0493
16,368,22125,1,0,0.5414,0.5414,0.5414,700.0,0.9743585500000007,0.0,normal,35.5907
16,369,22140,1,0,0.7152,0.7152,0.7152,700.0,1.0717944050000008,0.0,normal,36.3059
16,369,22155,3,0,2.7961,2.7961,0.932,700.0,1.0717944050000008,0.0,normal,39.102
16,369,22170,6,0,6.4308,6.4308,1.0718,700.0,1.0717944050000008,0.0,normal,45.5328
16,369,22185,4,0,1.7603,1.7603,0.4401,700.0,1.0717944050000008,0.0,normal,47.2931
16,370,22200,4,0,2.7502,2.7502,0.6875,700.0,0.8252816918500007,0.0,normal,50.0433
16,370,22215,3,0,1.9178,1.9178,0.6393,700.0,0.8252816918500007,0.0,normal,51.9611
16,370,22230,1,0,0.8253,0.8253,0.8253,700.0,0.8252816918500007,0.0,normal,52.7864
16,370,22245,4,0,3.3011,3.3011,0.8253,700.0,0.8252816918500007,0.0,normal,56.0875
16,371,22260,1,0,0.6355,0.6355,0.6355,700.0,0.6354669027245006,0.0,normal,56.723
16,371,22275,3,0,1.9064,1.9064,0.6355,700.0,0.6354669027245006,0.0,normal,58.6294
16,371,22290,3,0,1.9064,1.9064,0.6355,700.0,0.6354669027245006,0.0,normal,60.5358
16,371,22305,0,0,0.0,0.0,0.5055,700.0,0.6354669027245006,0.0,normal,60.5358
16,372,22320,0,0,0.0,0.0,0.01,700.0,0.01,0.0,normal,60.5358
16,372,22335,0,0,0.0,0.0,0.01,700.0,0.01,0.0,normal,60.5358
16,372,22350,0,0,0.0,0.0,0.01,700.0,0.01,0.0,normal,60.5358
16,372,22365,0,0,0.0,0.0,0.01,700.0,0.01,0.0,normal,60.5358
16,373,22380,0,0,0.0,0.0,0.5,700.0,0.5,0.0,normal,60.5358
16,373,22395,1,0,0.5,0.5,0.5,700.0,0.5,0.0,normal,61.0358
16,373,22410,2,0,1.0,1.0,0.5,700.0,0.5,0.0,normal,62.0358
16,373,22425,0,0,0.0,0.0,0.324,700.0,0.5,0.0,normal,62.0358
16,374,22440,0,0,0.0,0.0,0.3455,700.0,0.5,0.0,normal,62.0358
16,374,22455,3,0,1.5,1.5,0.5,700.0,0.5,0.0,normal,63.5358
16,374,22470,1,0,0.5,0.5,0.5,700.0,0.5,0.0,normal,64.0358
16,374,22485,1,0,0.0281,0.0281,0.0281,700.0,0.5,0.0,normal,64.0639
16,375,22500,2,0,1.0,1.0,0.5,700.0,0.5,0.0,normal,65.0639
16,375,22515,2,0,1.0,1.0,0.5,700.0,0.5,0.0,normal,66.0639
16,375,22530,4,0,2.0,2.0,0.5,700.0,0.5,0.0,normal,68.0639
16,375,22545,1,0,0.5,0.5,0.5,700.0,0.5,0.0,normal,68.5639
16,376,22560,2,0,1.0,1.0,0.5,700.0,0.5,0.0,normal,69.5639
16,376,22575,1,0,0.1092,0.1092,0.1092,700.0,0.5,0.0,normal,69.6731
16,376,22590,1,0,0.5,0.5,0.5,700.0,0.5,0.0,normal,70.1731
16,376,22605,3,0,1.5,1.5,0.5,700.0,0.5,0.0,normal,71.6731
16,377,22620,2,0,1.0,1.0,0.5,700.0,0.5,0.0,normal,72.6731
16,377,22635,2,0,0.3387,0.3387,0.1693,700.0,0.5,0.0,normal,73.0118
16,377,22650,1,0,0.5,0.5,0.5,700.0,0.5,0.0,normal,73.5118
16,377,22665,1,0,0.5,0.5,0.5,700.0,0.5,0.0,normal,74.0118
16,378,22680,1,0,0.1346,0.1346,0.1346,700.0,0.5,0.0,normal,74.1464
16,378,22695,1,0,0.5,0.5,0.5,700.0,0.5,0.0,normal,74.6464
16,378,22710,3,0,0.3737,0.3737,0.1246,700.0,0.5,0.0,normal,75.0201
16,378,22725,2,0,1.0,1.0,0.5,700.0,0.5,0.0,normal,76.0201
16,379,22740,1,0,0.5,0.5,0.5,700.0,0.5,0.0,normal,76.5201
16,379,22755,1,0,0.4086,0.4086,0.4086,700.0,0.5,0.0,normal,76.9287
16,379,22770,1,0,0.5,0.5,0.5,700.0,0.5,0.0,normal,77.4287
16,379,22785,1,0,0.5,0.5,0.5,700.0,0.5,0.0,normal,77.9287
16,380,22800,2,0,1.1,1.1,0.55,700.0,0.55,0.0,normal,79.0287
16,380,22815,2,0,1.1,1.1,0.55,700.0,0.55,0.0,normal,80.1287
16,380,22830,0,0,0.0,0.0,0.55,700.0,0.55,0.0,normal,80.1287
16,380,22845,3,0,1.65,1.65,0.55,700.0,0.55,0.0,normal,81.7787
16,381,22860,0,0,0.0,0.0,0.605,700.0,0.6050000000000001,0.0,normal,81.7787
16,381,22875,3,0,1.815,1.815,0.605,700.0,0.6050000000000001,0.0,normal,83.5937
16,381,22890,2,0,1.21,1.21,0.605,700.0,0.6050000000000001,0.0,normal,84.8037
16,381,22905,4,0,2.42,2.42,0.605,700.0,0.6050000000000001,0.0,normal,87.2237
16,382,22920,0,0,0.0,0.0,0.4287,700.0,0.6655000000000002,0.0,normal,87.2237
16,382,22935,2,0,1.331,1.331,0.6655,700.0,0.6655000000000002,0.0,normal,88.5547
16,382,22950,1,0,0.6655,0.6655,0.6655,700.0,0.6655000000000002,0.0,normal,89.2202
16,382,22965,1,0,0.2385,0.2385,0.2385,700.0,0.6655000000000002,0.0,normal,89.4587
16,383,22980,3,0,0.2993,0.2993,0.0998,700.0,0.7320500000000003,0.0,normal,89.758
16,383,22995,0,0,0.0,0.0,0.7321,700.0,0.7320500000000003,0.0,normal,89.758
16,383,23010,2,0,1.4641,1.4641,0.7321,700.0,0.7320500000000003,0.0,normal,91.2221
16,383,23025,2,0,1.4641,1.4641,0.7321,700.0,0.7320500000000003,0.0,normal,92.6862
17,384,23040,0,0,0.0,0.0,0.01,700.0,0.01,0.0,normal,0.0
17,384,23055,0,0,0.0,0.0,0.01,700.0,0.01,0.0,normal,0.0
17,384,23070,0,0,0.0,0.0,0.01,700.0,0.01,0.0,normal,0.0
17,384,23085,0,0,0.0,0.0,0.01,700.0,0.01,0.0,normal,0.0
17,385,23100,0,0,0.0,0.0,0.5,700.0,0.5,0.0,normal,0.0
17,385,23115,1,0,0.5,0.5,0.5,700.0,0.5,0.0,normal,0.5
17,385,23130,2,0,0.2444,0.2444,0.1222,700.0,0.5,0.0,normal,0.7444
17,385,23145,1,0,0.5,0.5,0.5,700.0,0.5,0.0,normal,1.2444
17,386,23160,1,0,0.258,0.258,0.258,700.0,0.55,0.0,normal,1.5024
17,386,23175,1,0,0.55,0.55,0.55,700.0,0.55,0.0,normal,2.0524
17,386,23190,2,0,1.0456,1.0456,0.5228,700.0,0.55,0.0,normal,3.098
17,386,23205,2,0,1.1,1.1,0.55,700.0,0.55,0.0,normal,4.198
17,387,23220,1,0,0.3546,0.3546,0.3546,700.0,0.6050000000000001,0.0,normal,4.5526
17,387,23235,2,0,1.21,1.21,0.605,700.0,0.6050000000000001,0.0,normal,5.7626
17,387,23250,2,0,1.21,1.21,0.605,700.0,0.6050000000000001,0.0,normal,6.9726
17,387,23265,2,0,1.21,1.21,0.605,700.0,0.6050000000000001,0.0,normal,8.1826
17,388,23280,0,0,0.0,0.0,0.6655,700.0,0.6655000000000002,0.0,normal,8.1826
17,388,23295,2,0,1.331,1.331,0.6655,700.0,0.6655000000000002,0.0,normal,9.5136
17,388,23310,3,0,1.5148,1.5148,0.5049,700.0,0.6655000000000002,0.0,normal,11.0284
17,388,23325,1,0,0.6655,0.6655,0.6655,700.0,0.6655000000000002,0.0,normal,11.6939
17,389,23340,1,0,0.506,0.506,0.506,700.0,0.7320500000000003,0.0,normal,12.1999
17,389,23355,2,0,1.4307,1.4307,0.7154,700.0,0.7320500000000003,0.0,normal,13.6306
17,389,23370,1,0,0.7321,0.7321,0.7321,700.0,0.7320500000000003,0.0,normal,14.3627
17,389,23385,0,0,0.0,0.0,0.5339,700.0,0.7320500000000003,0.0,normal,14.3627
17,390,23400,2,0,0.813,0.813,0.4065,700.0,0.8052550000000004,0.0,normal,15.1757
17,390,23415,3,0,0.5521,0.5521,0.184,700.0,0.8052550000000004,0.0,normal,15.7278
17,390,23430,3,0,1.0133,1.0133,0.3378,700.0,0.8052550000000004,0.0,normal,16.7411
17,390,23445,3,0,0.3474,0.3474,0.1158,700.0,0.8052550000000004,0.0,normal,17.0885
17,391,23460,3,0,2.6573,2.6573,0.8858,700.0,0.8857805000000005,0.0,normal,19.7458
17,391,23475,2,0,1.7716,1.7716,0.8858,700.0,0.8857805000000005,0.0,normal,21.5174
17,391,23490,4,0,3.5431,3.5431,0.8858,700.0,0.8857805000000005,0.0,normal,25.0605
17,391,23505,1,0,0.8858,0.8858,0.8858,700.0,0.8857805000000005,0.0,normal,25.9463
17,392,23520,1,0,0.3091,0.3091,0.3091,700.0,0.9743585500000007,0.0,normal,26.2554
17,392,23535,2,0,1.9487,1.9487,0.9744,700.0,0.9743585500000007,0.0,normal,28.2041
17,392,23550,0,0,0.0,0.0,0.2177,700.0,0.9743585500000007,0.0,normal,28.2041
17,392,23565,4,0,3.8974,3.8974,0.9744,700.0,0.9743585500000007,0.0,normal,32.1015
17,393,23580,6,0,6.4308,6.4308,1.0718,700.0,1.0717944050000008,0.0,normal,38.5323
17,393,23595,2,0,2.1436,2.1436,1.0718,700.0,1.0717944050000008,0.0,normal,40.6759
17,393,23610,3,0,3.2154,3.2154,1.0718,700.0,1.0717944050000008,0.0,normal,43.8913
17,393,23625,2,0,2.1436,2.1436,1.0718,700.0,1.0717944050000008,0.0,normal,46.0349
17,394,23640,2,0,1.4115,1.4115,0.7057,700.0,1.178973845500001,0.0,normal,47.4464
17,394,23655,2,0,0.7963,0.7963,0.3982,700.0,1.178973845500001,0.0,normal,48.2427
17,394,23670,3,0,1.9347,1.9347,0.6449,700.0,1.178973845500001,0.0,normal,50.1774
17,394,23685,5,0,2.4512,2.4512,0.4902,700.0,1.178973845500001,0.0,normal,52.6286
17,395,23700,1,0,0.6672,0.6672,0.6672,700.0,1.2968712300500012,0.0,normal,53.2958
17,395,23715,3,0,3.8906,3.8906,1.2969,700.0,1.2968712300500012,0.0,normal,57.1864
17,395,23730,3,0,3.8906,3.8906,1.2969,700.0,1.2968712300500012,0.0,normal,61.077
17,395,23745,4,0,3.6994,3.6994,0.9249,700.0,1.2968712300500012,0.0,normal,64.7764
17,396,23760,0,0,0.0,0.0,0.01,700.0,0.01,0.0,normal,64.7764
17,396,23775,0,0,0.0,0.0,0.01,700.0,0.01,0.0,normal,64.7764
17,396,23790,0,0,0.0,0.0,0.01,700.0,0.01,0.0,normal,64.7764
17,396,23805,0,0,0.0,0.0,0.01,700.0,0.01,0.0,normal,64.7764
17,397,23820,0,0,0.0,0.0,0.5,700.0,0.5,0.0,normal,64.7764
17,397,23835,2,0,0.9629,0.9629,0.4814,700.0,0.5,0.0,normal,65.7393
17,397,23850,2,0,1.0,1.0,0.5,700.0,0.5,0.0,normal,66.7393
17,397,23865,0,0,0.0,0.0,0.5,700.0,0.5,0.0,normal,66.7393
17,398,23880,2,0,1.1,1.1,0.55,700.0,0.55,0.0,normal,67.8393
17,398,23895,1,0,0.3809,0.3809,0.3809,700.0,0.55,0.0,normal,68.2202
17,398,23910,0,0,0.0,0.0,0.0035,700.0,0.55,0.0,normal,68.2202
17,398,23925,1,0,0.55,0.55,0.55,700.0,0.55,0.0,normal,68.7702
17,399,23940,3,0,1.815,1.815,0.605,700.0,0.6050000000000001,0.0,normal,70.5852
17,399,23955,6,0,3.63,3.63,0.605,700.0,0.6050000000000001,0.0,normal,74.2152
17,399,23970,1,0,0.1272,0.1272,0.1272,700.0,0.6050000000000001,0.0,normal,74.3424
17,399,23985,2,0,0.9111,0.9111,0.4556,700.0,0.6050000000000001,0.0,normal,75.2535
17,400,24000,1,0,0.6655,0.6655,0.6655,700.0,0.6655000000000002,0.0,normal,75.919
17,400,24015,0,0,0.0,0.0,0.6655,700.0,0.6655000000000002,0.0,normal,75.919
17,400,24030,0,0,0.0,0.0,0.6655,700.0,0.6655000000000002,0.0,normal,75.919
17,400,24045,1,0,0.6655,0.6655,0.6655,700.0,0.6655000000000002,0.0,normal,76.5845
17,401,24060,1,0,0.7321,0.7321,0.7321,700.0,0.7320500000000003,0.0,normal,77.3166
17,401,24075,0,0,0.0,0.0,0.7321,700.0,0.7320500000000003,0.0,normal,77.3166
17,401,24090,1,0,0.7321,0.7321,0.7321,700.0,0.7320500000000003,0.0,normal,78.0487
17,401,24105,0,0,0.0,0.0,0.7321,700.0,0.7320500000000003,0.0,normal,78.0487
17,402,24120,3,0,2.4158,2.4158,0.8053,700.0,0.8052550000000004,0.0,normal,80.4645
17,402,24135,1,0,0.659,0.659,0.659,700.0,0.8052550000000004,0.0,normal,81.1235
17,402,24150,3,0,0.9736,0.9736,0.3245,700.0,0.8052550000000004,0.0,normal,82.0971
17,402,24165,1,0,0.8053,0.8053,0.8053,700.0,0.8052550000000004,0.0,normal,82.9024
17,403,24180,1,0,0.2994,0.2994,0.2994,700.0,0.8857805000000005,0.0,normal,83.2018
17,403,24195,2,0,1.7716,1.7716,0.8858,700.0,0.8857805000000005,0.0,normal,84.9734
17,403,24210,5,0,4.4289,4.4289,0.8858,700.0,0.8857805000000005,0.0,normal,89.4023
17,403,24225,2,0,1.7716,1.7716,0.8858,700.0,0.8857805000000005,0.0,normal,91.1739
17,404,24240,2,0,0.2032,0.2032,0.1016,700.0,0.9743585500000007,0.0,normal,91.3771
17,404,24255,2,0,1.1728,1.1728,0.5864,700.0,0.9743585500000007,0.0,normal,92.5499
17,404,24270,3,0,0.5895,0.5895,0.1965,700.0,0.9743585500000007,0.0,normal,93.1394
17,404,24285,4,0,3.8974,3.8974,0.9744,700.0,0.9743585500000007,0.0,normal,97.0368
17,405,24300,6,0,6.4308,6.4308,1.0718,700.0,1.0717944050000008,0.0,normal,103.4676
17,405,24315,2,0,2.1436,2.1436,1.0718,700.0,1.0717944050000008,0.0,normal,105.6112
17,405,24330,1,0,1.0718,1.0718,1.0718,700.0,1.0717944050000008,0.0,normal,106.683
17,405,24345,1,0,1.0718,1.0718,1.0718,700.0,1.0717944050000008,0.0,normal,107.7548
17,406,24360,3,0,3.2751,3.2751,1.0917,700.0,1.178973845500001,0.0,normal,111.0299
17,406,24375,2,0,2.3579,2.3579,1.179,700.0,1.178973845500001,0.0,normal,113.3878
17,406,24390,1,0,1.179,1.179,1.179,700.0,1.178973845500001,0.0,normal,114.5668
17,406,24405,1,0,1.179,1.179,1.179,700.0,1.178973845500001,0.0,normal,115.7458
17,407,24420,3,0,3.8906,3.8906,1.2969,700.0,1.2968712300500012,0.0,normal,119.6364
17,407,24435,3,0,3.8906,3.8906,1.2969,700.0,1.2968712300500012,0.0,normal,123.527
17,407,24450,2,0,2.5937,2.5937,1.2969,700.0,1.2968712300500012,0.0,normal,126.1207
17,407,24465,5,0,6.4844,6.4844,1.2969,700.0,1.2968712300500012,0.0,normal,132.6051
18,408,24480,0,0,0.0,0.0,0.01,700.0,0.01,0.0,normal,0.0
18,408,24495,0,0,0.0,0.0,0.01,700.0,0.01,0.0,normal,0.0
18,408,24510,0,0,0.0,0.0,0.01,700.0,0.01,0.0,normal,0.0
18,408,24525,0,0,0.0,0.0,0.01,700.0,0.01,0.0,normal,0.0
18,409,24540,0,0,0.0,0.0,0.5,700.0,0.5,0.0,normal,0.0
18,409,24555,0,0,0.0,0.0,0.5,700.0,0.5,0.0,normal,0.0
18,409,24570,0,0,0.0,0.0,0.5,700.0,0.5,0.0,normal,0.0
18,409,24585,2,0,1.0,1.0,0.5,700.0,0.5,0.0,normal,1.0
18,410,24600,2,0,1.0,1.0,0.5,700.0,0.5,0.0,normal,2.0
18,410,24615,0,0,0.0,0.0,0.1684,700.0,0.5,0.0,normal,2.0
18,410,24630,1,0,0.5,0.5,0.5,700.0,0.5,0.0,normal,2.5
18,410,24645,2,0,1.0,1.0,0.5,700.0,0.5,0.0,normal,3.5
18,411,24660,1,0,0.0844,0.0844,0.0844,700.0,0.5,0.0,normal,3.5844
18,411,24675,1,0,0.5,0.5,0.5,700.0,0.5,0.0,normal,4.0844
18,411,24690,1,0,0.5,0.5,0.5,700.0,0.5,0.0,normal,4.5844
18,411,24705,0,0,0.0,0.0,0.5,700.0,0.5,0.0,normal,4.5844
18,412,24720,2,0,1.0,1.0,0.5,700.0,0.5,0.0,normal,5.5844
18,412,24735,2,0,0.0514,0.0514,0.0257,700.0,0.5,0.0,normal,5.6358
18,412,24750,0,0,0.0,0.0,0.5,700.0,0.5,0.0,normal,5.6358
18,412,24765,3,0,1.5,1.5,0.5,700.0,0.5,0.0,normal,7.1358
18,413,24780,2,0,1.0,1.0,0.5,700.0,0.5,0.0,normal,8.1358
18,413,24795,1,0,0.5,0.5,0.5,700.0,0.5,0.0,normal,8.6358
18,413,24810,2,0,0.4691,0.4691,0.2346,700.0,0.5,0.0,normal,9.1049
18,413,24825,0,0,0.0,0.0,0.5,700.0,0.5,0.0,normal,9.1049
18,414,24840,3,0,1.3946,1.3946,0.4649,700.0,0.5,0.0,normal,10.4995
18,414,24855,0,0,0.0,0.0,0.1537,700.0,0.5,0.0,normal,10.4995
18,414,24870,1,0,0.5,0.5,0.5,700.0,0.5,0.0,normal,10.9995
18,414,24885,2,0,1.0,1.0,0.5,700.0,0.5,0.0,normal,11.9995
18,415,24900,1,0,0.5,0.5,0.5,700.0,0.5,0.0,normal,12.4995
18,415,24915,1,0,0.5,0.5,0.5,700.0,0.5,0.0,normal,12.9995
18,415,24930,1,0,0.1864,0.1864,0.1864,700.0,0.5,0.0,normal,13.1859
18,415,24945,3,0,1.5,1.5,0.5,700.0,0.5,0.0,normal,14.6859
18,416,24960,4,0,2.0,2.0,0.5,700.0,0.5,0.0,normal,16.6859
18,416,24975,2,0,1.0,1.0,0.5,700.0,0.5,0.0,normal,17.6859
18,416,24990,3,0,1.5,1.5,0.5,700.0,0.5,0.0,normal,19.1859
18,416,25005,1,0,0.5,0.5,0.5,700.0,0.5,0.0,normal,19.6859
18,417,25020,2,0,1.0,1.0,0.5,700.0,0.5,0.0,normal,20.6859
18,417,25035,1,0,0.5,0.5,0.5,700.0,0.5,0.0,normal,21.1859
18,417,25050,0,0,0.0,0.0,0.5,700.0,0.5,0.0,normal,21.1859
18,417,25065,1,0,0.5,0.5,0.5,700.0,0.5,0.0,normal,21.6859
18,418,25080,0,0,0.0,0.0,0.55,700.0,0.55,0.0,normal,21.6859
18,418,25095,3,0,1.65,1.65,0.55,700.0,0.55,0.0,normal,23.3359
18,418,25110,2,0,1.1,1.1,0.55,700.0,0.55,0.0,normal,24.4359
18,418,25125,3,0,1.65,1.65,0.55,700.0,0.55,0.0,normal,26.0859
18,419,25140,0,0,0.0,0.0,0.605,700.0,0.6050000000000001,0.0,normal,26.0859
18,419,25155,3,0,1.1119,1.1119,0.3706,700.0,0.6050000000000001,0.0,normal,27.1978
18,419,25170,2,0,1.21,1.21,0.605,700.0,0.6050000000000001,0.0,normal,28.4078
18,419,25185,0,0,0.0,0.0,0.605,700.0,0.6050000000000001,0.0,normal,28.4078
18,420,25200,0,0,0.0,0.0,0.01,700.0,0.01,0.0,normal,28.4078
18,420,25215,0,0,0.0,0.0,0.01,700.0,0.01,0.0,normal,28.4078
18,420,25230,0,0,0.0,0.0,0.01,700.0,0.01,0.0,normal,28.4078
18,420,25245,0,0,0.0,0.0,0.01,700.0,0.01,0.0,normal,28.4078
18,421,25260,1,0,0.5,0.5,0.5,700.0,0.5,0.0,normal,28.9078
18,421,25275,0,0,0.0,0.0,0.5,700.0,0.5,0.0,normal,28.9078
18,421,25290,1,0,0.5,0.5,0.5,700.0,0.5,0.0,normal,29.4078
18,421,25305,2,0,1.0,1.0,0.5,700.0,0.5,0.0,normal,30.4078
18,422,25320,0,0,0.0,0.0,0.4256,700.0,0.55,0.0,normal,30.4078
18,422,25335,3,0,1.65,1.65,0.55,700.0,0.55,0.0,normal,32.0578
18,422,25350,1,0,0.55,0.55,0.55,700.0,0.55,0.0,normal,32.6078
18,422,25365,1,0,0.55,0.55,0.55,700.0,0.55,0.0,normal,33.1578
18,423,25380,3,0,1.0826,1.0826,0.3609,700.0,0.6050000000000001,0.0,normal,34.2404
18,423,25395,2,0,1.21,1.21,0.605,700.0,0.6050000000000001,0.0,normal,35.4504
18,423,25410,2,0,1.21,1.21,0.605,700.0,0.6050000000000001,0.0,normal,36.6604
18,423,25425,2,0,1.21,1.21,0.605,700.0,0.6050000000000001,0.0,normal,37.8704
18,424,25440,4,0,2.662,2.662,0.6655,700.0,0.6655000000000002,0.0,normal,40.5324
18,424,25455,0,0,0.0,0.0,0.6655,700.0,0.6655000000000002,0.0,normal,40.5324
18,424,25470,0,0,0.0,0.0,0.6655,700.0,0.6655000000000002,0.0,normal,40.5324
18,424,25485,1,0,0.6655,0.6655,0.6655,700.0,0.6655000000000002,0.0,normal,41.1979
18,425,25500,4,0,1.9898,1.9898,0.4975,700.0,0.7320500000000003,0.0,normal,43.1877
18,425,25515,3,0,2.1962,2.1962,0.7321,700.0,0.7320500000000003,0.0,normal,45.3839
18,425,25530,1,0,0.7117,0.7117,0.7117,700.0,0.7320500000000003,0.0,normal,46.0956
18,425,25545,2,0,1.4641,1.4641,0.7321,700.0,0.7320500000000003,0.0,normal,47.5597
18,426,25560,1,0,0.8053,0.8053,0.8053,700.0,0.8052550000000004,0.0,normal,48.365
18,426,25575,3,0,1.4698,1.4698,0.4899,700.0,0.8052550000000004,0.0,normal,49.8348
18,426,25590,4,0,3.221,3.221,0.8053,700.0,0.8052550000000004,0.0,normal,53.0558
18,426,25605,2,0,1.6105,1.6105,0.8053,700.0,0.8052550000000004,0.0,normal,54.6663
18,427,25620,1,0,0.7969,0.7969,0.7969,700.0,0.8857805000000005,0.0,normal,55.4632
18,427,25635,3,0,2.6573,2.6573,0.8858,700.0,0.8857805000000005,0.0,normal,58.1205
18,427,25650,1,0,0.4086,0.4086,0.4086,700.0,0.8857805000000005,0.0,normal,58.5291
18,427,25665,3,0,2.6573,2.6573,0.8858,700.0,0.8857805000000005,0.0,normal,61.1864
18,428,25680,2,0,1.9487,1.9487,0.9744,700.0,0.9743585500000007,0.0,normal,63.1351
18,428,25695,1,0,0.9744,0.9744,0.9744,700.0,0.9743585500000007,0.0,normal,64.1095
18,428,25710,3,0,2.9231,2.9231,0.9744,700.0,0.9743585500000007,0.0,normal,67.0326
18,428,25725,0,0,0.0,0.0,0.8197,700.0,0.9743585500000007,0.0,normal,67.0326
18,429,25740,4,0,4.2872,4.2872,1.0718,700.0,1.0717944050000008,0.0,normal,71.3198
18,429,25755,0,0,0.0,0.0,1.0718,700.0,1.0717944050000008,0.0,normal,71.3198
18,429,25770,2,0,2.1436,2.1436,1.0718,700.0,1.0717944050000008,0.0,normal,73.4634
18,429,25785,5,0,5.359,5.359,1.0718,700.0,1.0717944050000008,0.0,normal,78.8224
18,430,25800,1,0,0.0469,0.0469,0.0469,700.0,1.178973845500001,0.0,normal,78.8693
18,430,25815,3,0,2.8734,2.8734,0.9578,700.0,1.178973845500001,0.0,normal,81.7427
18,430,25830,0,0,0.0,0.0,0.1506,700.0,1.178973845500001,0.0,normal,81.7427
18,430,25845,0,0,0.0,0.0,1.179,700.0,1.178973845500001,0.0,normal,81.7427
18,431,25860,0,0,0.0,0.0,0.4007,700.0,1.2968712300500012,0.0,normal,81.7427
18,431,25875,3,0,1.0033,1.0033,0.3344,700.0,1.2968712300500012,0.0,normal,82.746
18,431,25890,5,0,6.4844,6.4844,1.2969,700.0,1.2968712300500012,0.0,normal,89.2304
18,431,25905,2,0,1.4453,1.4453,0.7227,700.0,1.2968712300500012,0.0,normal,90.6757
19,432,25920,0,0,0.0,0.0,0.01,700.0,0.01,0.0,normal,0.0
19,432,25935,0,0,0.0,0.0,0.01,700.0,0.01,0.0,normal,0.0
19,432,25950,0,0,0.0,0.0,0.01,700.0,0.01,0.0,normal,0.0
19,432,25965,0,0,0.0,0.0,0.01,700.0,0.01,0.0,normal,0.0
19,433,25980,1,0,0.5,0.5,0.5,700.0,0.5,1.0,normal,0.5
19,433,25995,2,0,1.0,1.0,0.5,700.0,0.5,1.0,normal,1.5
19,433,26010,0,0,0.0,0.0,0.0103,700.0,0.5,1.0,normal,1.5
19,433,26025,0,0,0.0,0.0,0.5,700.0,0.5,1.0,normal,1.5
19,434,26040,3,0,1.65,1.65,0.55,700.0,0.55,1.0,normal,3.15
19,434,26055,1,0,0.55,0.55,0.55,700.0,0.55,1.0,normal,3.7
19,434,26070,1,0,0.55,0.55,0.55,700.0,0.55,1.0,normal,4.25
19,434,26085,0,0,0.0,0.0,0.0414,700.0,0.55,1.0,normal,4.25
19,435,26100,0,0,0.0,0.0,0.605,700.0,0.6050000000000001,1.0,normal,4.25
19,435,26115,1,0,0.605,0.605,0.605,700.0,0.6050000000000001,1.0,normal,4.855
19,435,26130,2,0,1.21,1.21,0.605,700.0,0.6050000000000001,1.0,normal,6.065
19,435,26145,0,0,0.0,0.0,0.605,700.0,0.6050000000000001,1.0,normal,6.065
19,436,26160,1,0,0.0318,0.0318,0.0318,700.0,0.6655000000000002,1.0,normal,6.0968
19,436,26175,1,0,0.6655,0.6655,0.6655,700.0,0.6655000000000002,1.0,normal,6.7623
19,436,26190,1,0,0.6655,0.6655,0.6655,700.0,0.6655000000000002,1.0,normal,7.4278
19,436,26205,1,0,0.6655,0.6655,0.6655,700.0,0.6655000000000002,1.0,normal,8.0933
19,437,26220,2,0,1.4641,1.4641,0.7321,700.0,0.7320500000000003,1.0,normal,9.5574
19,437,26235,1,0,0.7321,0.7321,0.7321,700.0,0.7320500000000003,1.0,normal,10.2895
19,437,26250,0,0,0.0,0.0,0.7321,700.0,0.7320500000000003,1.0,normal,10.2895
19,437,26265,3,0,2.1962,2.1962,0.7321,700.0,0.7320500000000003,1.0,normal,12.4857
19,438,26280,0,0,0.0,0.0,0.8053,700.0,0.8052550000000004,1.0,normal,12.4857
19,438,26295,3,0,2.4158,2.4158,0.8053,700.0,0.8052550000000004,1.0,normal,14.9015
19,438,26310,4,0,2.2585,2.2585,0.5646,700.0,0.8052550000000004,1.0,normal,17.16
19,438,26325,2,0,1.6105,1.6105,0.8053,700.0,0.8052550000000004,1.0,normal,18.7705
19,439,26340,1,0,0.8858,0.8858,0.8858,700.0,0.8857805000000005,1.0,normal,19.6563
19,439,26355,3,0,0.924,0.924,0.308,700.0,0.8857805000000005,1.0,normal,20.5803
19,439,26370,0,0,0.0,0.0,0.5856,700.0,0.8857805000000005,1.0,normal,20.5803
19,439,26385,2,0,1.7716,1.7716,0.8858,700.0,0.8857805000000005,1.0,normal,22.3519
19,440,26400,3,0,2.9231,2.9231,0.9744,700.0,0.9743585500000007,1.0,normal,25.275
19,440,26415,2,0,1.9487,1.9487,0.9744,700.0,0.9743585500000007,1.0,normal,27.2237
19,440,26430,2,0,1.9487,1.9487,0.9744,700.0,0.9743585500000007,1.0,normal,29.1724
19,440,26445,1,0,0.9744,0.9744,0.9744,700.0,0.9743585500000007,1.0,normal,30.1468
19,441,26460,4,0,4.2872,4.2872,1.0718,700.0,1.0717944050000008,1.0,normal,34.434
19,441,26475,0,0,0.0,0.0,0.4018,700.0,1.0717944050000008,1.0,normal,34.434
19,441,26490,2,0,2.1436,2.1436,1.0718,700.0,1.0717944050000008,1.0,normal,36.5776
19,441,26505,3,0,0.9619,0.9619,0.3206,700.0,1.0717944050000008,1.0,normal,37.5395
19,442,26520,1,0,1.179,1.179,1.179,700.0,1.178973845500001,1.0,normal,38.7185
19,442,26535,6,0,7.0738,7.0738,1.179,700.0,1.178973845500001,1.0,normal,45.7923
19,442,26550,1,0,1.179,1.179,1.179,700.0,1.178973845500001,1.0,normal,46.9713
19,442,26565,0,0,0.0,0.0,1.179,700.0,1.178973845500001,1.0,normal,46.9713
19,443,26580,3,0,3.8906,3.8906,1.2969,700.0,1.2968712300500012,1.0,normal,50.8619
19,443,26595,3,0,3.8906,3.8906,1.2969,700.0,1.2968712300500012,1.0,normal,54.7525
19,443,26610,2,0,2.5937,2.5937,1.2969,700.0,1.2968712300500012,1.0,normal,57.3462
19,443,26625,3,0,1.2764,1.2764,0.4255,700.0,1.2968712300500012,1.0,normal,58.6226
19,444,26640,13,0,65.0,65.0,5.0,1000.0,5.0,1.0,normal,123.6226
19,444,26655,18,0,84.7282,84.7282,4.7071,1000.0,5.0,1.0,normal,208.3508
19,444,26670,12,1,60.0,60.0,5.0,1000.0,5.0,1.0,normal,268.3508
19,444,26685,11,0,31.1468,31.1468,2.8315,1000.0,5.0,1.0,normal,299.4976
19,445,26700,7,1,28.875,28.875,4.125,1000.0,4.125,1.0,normal,328.3726
19,445,26715,10,1,0.0868,0.0868,0.0087,1000.0,4.125,1.0,normal,328.4594
19,445,26730,9,0,31.7058,31.7058,3.5229,1000.0,4.125,1.0,normal,360.1652
19,445,26745,15,0,61.875,61.875,4.125,1000.0,4.125,1.0,normal,422.0402
19,446,26760,9,0,30.3587,30.3587,3.3732,1000.0,3.403125,1.0,normal,452.3989
19,446,26775,7,0,13.9261,13.9261,1.9894,1000.0,3.403125,1.0,normal,466.325
19,446,26790,10,0,5.7125,5.7125,0.5713,1000.0,3.403125,1.0,normal,472.0375
19,446,26805,8,0,15.0981,15.0981,1.8873,1000.0,3.403125,1.0,normal,487.1356
19,447,26820,5,0,9.1101,9.1101,1.822,1000.0,2.8075781250000005,1.0,normal,496.2457
19,447,26835,4,1,11.2303,11.2303,2.8076,1000.0,2.8075781250000005,1.0,normal,507.476
19,447,26850,6,0,8.1201,8.1201,1.3534,1000.0,2.8075781250000005,1.0,normal,515.5961
19,447,26865,9,1,25.2682,25.2682,2.8076,1000.0,2.8075781250000005,1.0,normal,540.8643
19,448,26880,5,0,11.5813,11.5813,2.3163,1000.0,2.3162519531250005,1.0,normal,552.4456
19,448,26895,8,0,1.7056,1.7056,0.2132,1000.0,2.3162519531250005,1.0,normal,554.1512
19,448,26910,4,0,4.8963,4.8963,1.2241,1000.0,2.3162519531250005,1.0,normal,559.0475
19,448,26925,5,1,5.0775,5.0775,1.0155,1000.0,2.3162519531250005,1.0,normal,564.125
19,449,26940,8,1,17.3256,17.3256,2.1657,1000.0,2.1656955761718755,1.0,normal,581.4506
19,449,26955,3,0,3.1778,3.1778,1.0593,1000.0,2.1656955761718755,1.0,normal,584.6284
19,449,26970,5,0,1.4637,1.4637,0.2927,1000.0,2.1656955761718755,1.0,normal,586.0921
19,449,26985,9,1,13.9345,13.9345,1.5483,1000.0,2.1656955761718755,1.0,normal,600.0266
19,450,27000,6,0,9.9103,9.9103,1.6517,1000.0,2.26315187709961,1.0,normal,609.9369
19,450,27015,6,0,13.5789,13.5789,2.2632,1000.0,2.26315187709961,1.0,normal,623.5158
19,450,27030,3,0,6.7895,6.7895,2.2632,1000.0,2.26315187709961,1.0,normal,630.3053
19,450,27045,11,0,0.8723,0.8723,0.0793,1000.0,2.26315187709961,1.0,normal,631.1776
19,451,27060,1,0,0.4639,0.4639,0.4639,1000.0,2.3649937115690927,1.0,normal,631.6415
19,451,27075,5,0,11.825,11.825,2.365,1000.0,2.3649937115690927,1.0,normal,643.4665
19,451,27090,6,0,14.19,14.19,2.365,1000.0,2.3649937115690927,1.0,normal,657.6565
19,451,27105,4,0,9.46,9.46,2.365,1000.0,2.3649937115690927,1.0,normal,667.1165
19,452,27120,10,0,8.3366,8.3366,0.8337,1000.0,2.471418428589702,1.0,normal,675.4531
19,452,27135,5,0,8.293,8.293,1.6586,1000.0,2.471418428589702,1.0,normal,683.7461
19,452,27150,7,1,2.3177,2.3177,0.3311,1000.0,2.471418428589702,1.0,normal,686.0638
19,452,27165,2,0,4.4172,4.4172,2.2086,1000.0,2.471418428589702,1.0,normal,690.481
19,453,27180,1,0,2.7186,2.7186,2.7186,1000.0,2.718560271448672,1.0,normal,693.1996
19,453,27195,2,0,5.4371,5.4371,2.7186,1000.0,2.718560271448672,1.0,normal,698.6367
19,453,27210,5,0,13.5928,13.5928,2.7186,1000.0,2.718560271448672,1.0,normal,712.2295
19,453,27225,8,0,21.7485,21.7485,2.7186,1000.0,2.718560271448672,1.0,normal,733.978
19,454,27240,14,1,39.7725,39.7725,2.8409,1000.0,2.8408954836638625,1.0,normal,773.7505
19,454,27255,5,0,5.7245,5.7245,1.1449,1000.0,2.8408954836638625,1.0,normal,779.475
19,454,27270,7,1,17.2384,17.2384,2.4626,1000.0,2.8408954836638625,1.0,normal,796.7134
19,454,27285,7,0,1.0965,1.0965,0.1566,1000.0,2.8408954836638625,1.0,normal,797.8099
19,455,27300,5,0,15.6249,15.6249,3.125,1000.0,3.124985032030249,1.0,normal,813.4348
19,455,27315,10,0,31.2499,31.2499,3.125,1000.0,3.124985032030249,1.0,normal,844.6847
19,455,27330,11,2,6.6081,3.3041,0.6007,1000.0,3.124985032030249,1.0,normal,851.2928
19,455,27345,10,0,14.4919,14.4919,1.4492,1000.0,3.124985032030249,1.0,normal,865.7847
20,456,27360,8,1,3.1497,3.1497,0.3937,1000.0,3.124985032030249,1.0,normal,3.1497
20,456,27375,10,0,21.1829,21.1829,2.1183,1000.0,3.124985032030249,1.0,normal,24.3326
20,456,27390,9,0,28.1249,28.1249,3.125,1000.0,3.124985032030249,1.0,normal,52.4575
20,456,27405,15,0,33.1558,33.1558,2.2104,1000.0,3.124985032030249,1.0,normal,85.6133
20,457,27420,6,1,18.7499,18.7499,3.125,1000.0,3.124985032030249,1.0,normal,104.3632
20,457,27435,7,1,21.8749,21.8749,3.125,1000.0,3.124985032030249,1.0,normal,126.2381
20,457,27450,9,0,25.2579,25.2579,2.8064,1000.0,3.124985032030249,1.0,normal,151.496
20,457,27465,8,0,24.9999,24.9999,3.125,1000.0,3.124985032030249,1.0,normal,176.4959
20,458,27480,5,0,8.5889,8.5889,1.7178,1000.0,3.124985032030249,1.0,normal,185.0848
20,458,27495,9,0,22.1135,22.1135,2.4571,1000.0,3.124985032030249,1.0,normal,207.1983
20,458,27510,5,0,5.7066,5.7066,1.1413,1000.0,3.124985032030249,1.0,normal,212.9049
20,458,27525,8,0,0.7609,0.7609,0.0951,1000.0,3.124985032030249,1.0,normal,213.6658
20,459,27540,11,0,5.6573,5.6573,0.5143,1000.0,3.124985032030249,1.0,normal,219.3231
20,459,27555,4,0,12.4999,12.4999,3.125,1000.0,3.124985032030249,1.0,normal,231.823
20,459,27570,7,1,12.4827,12.4827,1.7832,1000.0,3.124985032030249,1.0,normal,244.3057
20,459,27585,10,0,31.2499,31.2499,3.125,1000.0,3.124985032030249,1.0,normal,275.5556
20,460,27600,8,0,15.8312,15.8312,1.9789,1000.0,2.812486528827224,1.0,normal,291.3868
20,460,27615,9,1,11.7006,11.7006,1.3001,1000.0,2.812486528827224,1.0,normal,303.0874
20,460,27630,8,0,16.3505,16.3505,2.0438,1000.0,2.812486528827224,1.0,normal,319.4379
20,460,27645,7,0,19.6874,19.6874,2.8125,1000.0,2.812486528827224,1.0,normal,339.1253
20,461,27660,7,0,17.7187,17.7187,2.5312,1000.0,2.531237875944502,1.0,normal,356.844
20,461,27675,7,0,17.7187,17.7187,2.5312,1000.0,2.531237875944502,1.0,normal,374.5627
20,461,27690,6,0,7.3661,7.3661,1.2277,1000.0,2.531237875944502,1.0,normal,381.9288
20,461,27705,3,0,0.5516,0.5516,0.1839,1000.0,2.531237875944502,1.0,normal,382.4804
20,462,27720,7,0,12.6624,12.6624,1.8089,1000.0,2.2781140883500517,1.0,normal,395.1428
20,462,27735,1,0,1.8847,1.8847,1.8847,1000.0,2.2781140883500517,1.0,normal,397.0275
20,462,27750,3,0,3.8721,3.8721,1.2907,1000.0,2.2781140883500517,1.0,normal,400.8996
20,462,27765,3,0,2.1714,2.1714,0.7238,1000.0,2.2781140883500517,1.0,normal,403.071
20,463,27780,2,0,2.7598,2.7598,1.3799,1000.0,2.0503026795150467,1.0,normal,405.8308
20,463,27795,11,0,22.5533,22.5533,2.0503,1000.0,2.0503026795150467,1.0,normal,428.3841
20,463,27810,3,0,6.1509,6.1509,2.0503,1000.0,2.0503026795150467,1.0,normal,434.535
20,463,27825,5,0,10.2515,10.2515,2.0503,1000.0,2.0503026795150467,1.0,normal,444.7865
20,464,27840,5,0,0.4945,0.4945,0.0989,1000.0,1.8452724115635422,1.0,normal,445.281
20,464,27855,2,1,1.0311,1.0311,0.5155,1000.0,1.8452724115635422,1.0,normal,446.3121
20,464,27870,7,0,10.8092,10.8092,1.5442,1000.0,1.8452724115635422,1.0,normal,457.1213
20,464,27885,5,0,9.2264,9.2264,1.8453,1000.0,1.8452724115635422,1.0,normal,466.3477
20,465,27900,2,0,2.6026,2.6026,1.3013,1000.0,1.660745170407188,1.0,normal,468.9503
20,465,27915,4,0,0.7207,0.7207,0.1802,1000.0,1.660745170407188,1.0,normal,469.671
20,465,27930,3,0,4.9822,4.9822,1.6607,1000.0,1.660745170407188,1.0,normal,474.6532
20,465,27945,5,0,1.1732,1.1732,0.2346,1000.0,1.660745170407188,1.0,normal,475.8264
20,466,27960,1,0,1.4947,1.4947,1.4947,1000.0,1.4946706533664693,1.0,normal,477.3211
20,466,27975,7,0,10.4627,10.4627,1.4947,1000.0,1.4946706533664693,1.0,normal,487.7838
20,466,27990,4,0,1.4675,1.4675,0.3669,1000.0,1.4946706533664693,1.0,normal,489.2513
20,466,28005,4,0,5.9787,5.9787,1.4947,1000.0,1.4946706533664693,1.0,normal,495.23
20,467,28020,5,0,1.6844,1.6844,0.3369,1000.0,1.3452035880298223,1.0,normal,496.9144
20,467,28035,2,0,0.7833,0.7833,0.3916,1000.0,1.3452035880298223,1.0,normal,497.6977
20,467,28050,3,0,4.0356,4.0356,1.3452,1000.0,1.3452035880298223,1.0,normal,501.7333
20,467,28065,2,0,2.6904,2.6904,1.3452,1000.0,1.3452035880298223,1.0,normal,504.4237
20,468,28080,2,0,1.6454,1.6454,0.8227,1000.0,1.2106832292268401,1.3,normal,506.0691
20,468,28095,3,0,3.632,3.632,1.2107,1000.0,1.2106832292268401,1.3,normal,509.7011
20,468,28110,4,0,0.3932,0.3932,0.0983,1000.0,1.2106832292268401,1.3,normal,510.0943
20,468,28125,4,1,4.8427,4.8427,1.2107,1000.0,1.2106832292268401,1.3,normal,514.937
20,469,28140,5,2,6.6588,3.3294,1.3318,1000.0,1.3317515521495242,1.3,normal,521.5958
20,469,28155,6,0,7.9905,7.9905,1.3318,1000.0,1.3317515521495242,1.3,normal,529.5863
20,469,28170,2,0,0.4102,0.4102,0.2051,1000.0,1.3317515521495242,1.3,normal,529.9965
20,469,28185,1,0,0.7466,0.7466,0.7466,1000.0,1.3317515521495242,1.3,normal,530.7431
20,470,28200,4,0,5.2183,5.2183,1.3046,1000.0,1.4649267073644767,1.3,normal,535.9614
20,470,28215,2,0,2.9299,2.9299,1.4649,1000.0,1.4649267073644767,1.3,normal,538.8913
20,470,28230,2,0,2.9299,2.9299,1.4649,1000.0,1.4649267073644767,1.3,normal,541.8212
20,470,28245,5,0,2.6635,2.6635,0.5327,1000.0,1.4649267073644767,1.3,normal,544.4847
20,471,28260,6,0,8.941,8.941,1.4902,1000.0,1.6114193781009245,1.3,normal,553.4257
20,471,28275,6,3,2.8494,0.9498,0.4749,1000.0,1.6114193781009245,1.3,normal,556.2751
20,471,28290,2,0,3.2228,3.2228,1.6114,1000.0,1.6114193781009245,1.3,normal,559.4979
20,471,28305,3,0,4.8343,4.8343,1.6114,1000.0,1.6114193781009245,1.3,normal,564.3322
20,472,28320,2,0,3.5451,3.5451,1.7726,1000.0,1.7725613159110172,1.3,normal,567.8773
20,472,28335,6,1,10.6354,10.6354,1.7726,1000.0,1.7725613159110172,1.3,normal,578.5127
20,472,28350,2,0,1.6309,1.6309,0.8154,1000.0,1.7725613159110172,1.3,normal,580.1436
20,472,28365,2,0,3.5451,3.5451,1.7726,1000.0,1.7725613159110172,1.3,normal,583.6887
20,473,28380,4,0,2.7693,2.7693,0.6923,1000.0,1.949817447502119,1.3,normal,586.458
20,473,28395,5,0,9.7491,9.7491,1.9498,1000.0,1.949817447502119,1.3,normal,596.2071
20,473,28410,5,0,9.7491,9.7491,1.9498,1000.0,1.949817447502119,1.3,normal,605.9562
20,473,28425,2,0,3.8996,3.8996,1.9498,1000.0,1.949817447502119,1.3,normal,609.8558
20,474,28440,9,0,8.0711,8.0711,0.8968,1000.0,2.1447991922523313,1.3,normal,617.9269
20,474,28455,4,1,0.3542,0.3542,0.0885,1000.0,2.1447991922523313,1.3,normal,618.2811
20,474,28470,3,0,6.4344,6.4344,2.1448,1000.0,2.1447991922523313,1.3,normal,624.7155
20,474,28485,5,0,5.3759,5.3759,1.0752,1000.0,2.1447991922523313,1.3,normal,630.0914
20,475,28500,5,1,7.5682,7.5682,1.5136,1000.0,2.3592791114775644,1.3,normal,637.6596
20,475,28515,6,0,14.1557,14.1557,2.3593,1000.0,2.3592791114775644,1.3,normal,651.8153
20,475,28530,5,1,4.7051,4.7051,0.941,1000.0,2.3592791114775644,1.3,normal,656.5204
20,475,28545,4,0,0.3009,0.3009,0.0752,1000.0,2.3592791114775644,1.3,normal,656.8213
20,476,28560,9,0,23.3569,23.3569,2.5952,1000.0,2.595207022625321,1.3,normal,680.1782
20,476,28575,6,1,15.5712,15.5712,2.5952,1000.0,2.595207022625321,1.3,normal,695.7494
20,476,28590,5,0,12.976,12.976,2.5952,1000.0,2.595207022625321,1.3,normal,708.7254
20,476,28605,8,0,20.7617,20.7617,2.5952,1000.0,2.595207022625321,1.3,normal,729.4871
20,477,28620,7,1,4.2652,4.2652,0.6093,1000.0,2.8547277248878533,1.3,normal,733.7523
20,477,28635,6,0,14.0881,14.0881,2.348,1000.0,2.8547277248878533,1.3,normal,747.8404
20,477,28650,8,0,11.9504,11.9504,1.4938,1000.0,2.8547277248878533,1.3,normal,759.7908
20,477,28665,8,0,14.8584,14.8584,1.8573,1000.0,2.8547277248878533,1.3,normal,774.6492
20,478,28680,8,0,2.7926,2.7926,0.3491,1000.0,3.140200497376639,1.3,normal,777.4418
20,478,28695,8,0,22.2365,22.2365,2.7796,1000.0,3.140200497376639,1.3,normal,799.6783
20,478,28710,11,0,24.1227,24.1227,2.193,1000.0,3.140200497376639,1.3,normal,823.801
20,478,28725,8,0,22.0081,22.0081,2.751,1000.0,3.140200497376639,1.3,normal,845.8091
20,479,28740,13,0,23.358,23.358,1.7968,1000.0,3.4542205471143035,1.3,normal,869.1671
20,479,28755,18,2,36.2394,18.1197,2.0133,1000.0,3.4542205471143035,1.3,budget_constrained,905.4065
20,479,28770,3,0,6.7452,6.7452,2.2484,1000.0,3.4542205471143035,1.3,budget_constrained,912.1517
20,479,28785,11,0,12.9895,12.9895,1.1809,1000.0,3.4542205471143035,1.3,budget_constrained,925.1412
21,480,28800,15,1,23.8075,23.8075,1.5872,1000.0,3.799642601825734,1.3,normal,23.8075
21,480,28815,6,2,2.5141,1.2571,0.419,1000.0,3.799642601825734,1.3,normal,26.3216
21,480,28830,7,0,6.6714,6.6714,0.9531,1000.0,3.799642601825734,1.3,normal,32.993
21,480,28845,10,0,6.6487,6.6487,0.6649,1000.0,3.799642601825734,1.3,normal,39.6417
21,481,28860,9,0,18.0514,18.0514,2.0057,1000.0,4.179606862008308,1.3,normal,57.6931
21,481,28875,9,0,37.6165,37.6165,4.1796,1000.0,4.179606862008308,1.3,normal,95.3096
21,481,28890,13,1,6.0747,6.0747,0.4673,1000.0,4.179606862008308,1.3,normal,101.3843
21,481,28905,9,1,18.164,18.164,2.0182,1000.0,4.179606862008308,1.3,normal,119.5483
21,482,28920,11,0,27.5332,27.5332,2.503,1000.0,4.597567548209139,1.3,normal,147.0815
21,482,28935,10,0,13.4914,13.4914,1.3491,1000.0,4.597567548209139,1.3,normal,160.5729
21,482,28950,12,0,6.1835,6.1835,0.5153,1000.0,4.597567548209139,1.3,normal,166.7564
21,482,28965,15,0,28.9919,28.9919,1.9328,1000.0,4.597567548209139,1.3,normal,195.7483
21,483,28980,6,0,6.6374,6.6374,1.1062,1000.0,5.057324303030054,1.3,normal,202.3857
21,483,28995,10,0,23.0771,23.0771,2.3077,1000.0,5.057324303030054,1.3,normal,225.4628
21,483,29010,13,0,3.1743,3.1743,0.2442,1000.0,5.057324303030054,1.3,normal,228.6371
21,483,29025,9,1,40.2736,40.2736,4.4748,1000.0,5.057324303030054,1.3,normal,268.9107
21,484,29040,17,0,91.23,91.23,5.3665,1000.0,5.56305673333306,1.3,normal,360.1407
21,484,29055,14,0,59.0195,59.0195,4.2157,1000.0,5.56305673333306,1.3,normal,419.1602
21,484,29070,15,0,15.9593,15.9593,1.064,1000.0,5.56305673333306,1.3,normal,435.1195
21,484,29085,9,1,21.4517,21.4517,2.3835,1000.0,5.56305673333306,1.3,normal,456.5712
21,485,29100,13,0,63.6028,63.6028,4.8925,1000.0,6.119362406666366,1.3,normal,520.174
21,485,29115,7,0,27.0978,27.0978,3.8711,1000.0,6.119362406666366,1.3,normal,547.2718
21,485,29130,12,0,34.7063,34.7063,2.8922,1000.0,6.119362406666366,1.3,normal,581.9781
21,485,29145,15,0,91.7904,91.7904,6.1194,1000.0,6.119362406666366,1.3,normal,673.7685
21,486,29160,16,0,3.9049,3.9049,0.2441,1000.0,6.058168782599703,1.3,normal,677.6734
21,486,29175,12,0,61.2899,61.2899,5.1075,1000.0,6.058168782599703,1.3,normal,738.9633
21,486,29190,13,1,78.7562,78.7562,6.0582,1000.0,6.058168782599703,1.3,normal,817.7195
21,486,29205,18,0,33.8118,33.8118,1.8784,1000.0,6.058168782599703,1.3,normal,851.5313
21,487,29220,10,0,15.7691,15.7691,1.5769,1000.0,5.9975870947737056,1.3,normal,867.3004
21,487,29235,13,1,47.5133,47.5133,3.6549,1000.0,5.9975870947737056,1.3,budget_constrained,914.8137
21,487,29250,7,0,15.946,15.946,2.278,1000.0,5.9975870947737056,1.3,budget_constrained,930.7597
21,487,29265,19,0,45.2292,45.2292,2.3805,1000.0,5.9975870947737056,1.3,budget_constrained,975.9889
21,488,29280,16,0,21.6215,21.6215,1.3513,1000.0,5.937611223825969,1.3,budget_constrained,997.6104
21,488,29295,0,0,2.3896,2.3896,3.3137,1000.0,5.937611223825969,1.3,budget_constrained,1000.0
21,488,29310,0,0,0.0,0.0,4.2031,1000.0,5.937611223825969,1.3,budget_constrained,1000.0
21,488,29325,0,0,0.0,0.0,2.2328,1000.0,5.937611223825969,1.3,budget_constrained,1000.0
21,489,29340,0,0,0.0,0.0,2.6095,1000.0,5.878235111587709,1.3,budget_constrained,1000.0
21,489,29355,0,0,0.0,0.0,1.6983,1000.0,5.878235111587709,1.3,budget_constrained,1000.0
21,489,29370,0,0,0.0,0.0,3.3513,1000.0,5.878235111587709,1.3,budget_constrained,1000.0
21,489,29385,0,0,0.0,0.0,2.3499,1000.0,5.878235111587709,1.3,budget_constrained,1000.0
21,490,29400,0,0,0.0,0.0,0.486,1000.0,5.819452760471832,1.3,budget_constrained,1000.0
21,490,29415,0,0,0.0,0.0,3.56,1000.0,5.819452760471832,1.3,budget_constrained,1000.0
21,490,29430,0,0,0.0,0.0,5.8195,1000.0,5.819452760471832,1.3,budget_constrained,1000.0
21,490,29445,0,0,0.0,0.0,4.0231,1000.0,5.819452760471832,1.3,budget_constrained,1000.0
21,491,29460,0,0,0.0,0.0,1.5367,1000.0,5.761258232867114,1.3,budget_constrained,1000.0
21,491,29475,0,0,0.0,0.0,3.4106,1000.0,5.761258232867114,1.3,budget_constrained,1000.0
21,491,29490,0,0,0.0,0.0,2.6913,1000.0,5.761258232867114,1.3,budget_constrained,1000.0
21,491,29505,0,0,0.0,0.0,5.0026,1000.0,5.761258232867114,1.3,budget_constrained,1000.0
21,492,29520,0,0,0.0,0.0,0.6467,1000.0,5.703645650538443,1.3,budget_constrained,1000.0
21,492,29535,0,0,0.0,0.0,1.9656,1000.0,5.703645650538443,1.3,budget_constrained,1000.0
21,492,29550,0,0,0.0,0.0,2.0589,1000.0,5.703645650538443,1.3,budget_constrained,1000.0
21,492,29565,0,0,0.0,0.0,5.7036,1000.0,5.703645650538443,1.3,budget_constrained,1000.0
21,493,29580,0,0,0.0,0.0,5.1333,1000.0,5.133281085484599,1.3,budget_constrained,1000.0
21,493,29595,0,0,0.0,0.0,1.6002,1000.0,5.133281085484599,1.3,budget_constrained,1000.0
21,493,29610,0,0,0.0,0.0,2.9858,1000.0,5.133281085484599,1.3,budget_constrained,1000.0
21,493,29625,0,0,0.0,0.0,0.1999,1000.0,5.133281085484599,1.3,budget_constrained,1000.0
21,494,29640,0,0,0.0,0.0,4.62,1000.0,4.61995297693614,1.3,budget_constrained,1000.0
21,494,29655,0,0,0.0,0.0,3.7925,1000.0,4.61995297693614,1.3,budget_constrained,1000.0
21,494,29670,0,0,0.0,0.0,0.5785,1000.0,4.61995297693614,1.3,budget_constrained,1000.0
21,494,29685,0,0,0.0,0.0,1.2215,1000.0,4.61995297693614,1.3,budget_constrained,1000.0
21,495,29700,0,0,0.0,0.0,1.9529,1000.0,4.157957679242526,1.3,budget_constrained,1000.0
21,495,29715,0,0,0.0,0.0,2.6557,1000.0,4.157957679242526,1.3,budget_constrained,1000.0
21,495,29730,0,0,0.0,0.0,0.8752,1000.0,4.157957679242526,1.3,budget_constrained,1000.0
21,495,29745,0,0,0.0,0.0,4.158,1000.0,4.157957679242526,1.3,budget_constrained,1000.0
21,496,29760,0,0,0.0,0.0,1.9744,1000.0,3.55505381575236,1.3,budget_constrained,1000.0
21,496,29775,0,0,0.0,0.0,2.6642,1000.0,3.55505381575236,1.3,budget_constrained,1000.0
21,496,29790,0,0,0.0,0.0,0.6192,1000.0,3.55505381575236,1.3,budget_constrained,1000.0
21,496,29805,0,0,0.0,0.0,0.8402,1000.0,3.55505381575236,1.3,budget_constrained,1000.0
21,497,29820,0,0,0.0,0.0,1.9465,1000.0,3.0395710124682678,1.3,budget_constrained,1000.0
21,497,29835,0,0,0.0,0.0,2.245,1000.0,3.0395710124682678,1.3,budget_constrained,1000.0
21,497,29850,0,0,0.0,0.0,1.9474,1000.0,3.0395710124682678,1.3,budget_constrained,1000.0
21,497,29865,0,0,0.0,0.0,3.0396,1000.0,3.0395710124682678,1.3,budget_constrained,1000.0
21,498,29880,0,0,0.0,0.0,2.5988,1000.0,2.598833215660369,1.3,budget_constrained,1000.0
21,498,29895,0,0,0.0,0.0,0.2205,1000.0,2.598833215660369,1.3,budget_constrained,1000.0
21,498,29910,0,0,0.0,0.0,1.9797,1000.0,2.598833215660369,1.3,budget_constrained,1000.0
21,498,29925,0,0,0.0,0.0,1.6569,1000.0,2.598833215660369,1.3,budget_constrained,1000.0
21,499,29940,0,0,0.0,0.0,1.3501,1000.0,2.2220023993896154,1.3,budget_constrained,1000.0
21,499,29955,0,0,0.0,0.0,2.222,1000.0,2.2220023993896154,1.3,budget_constrained,1000.0
21,499,29970,0,0,0.0,0.0,2.222,1000.0,2.2220023993896154,1.3,budget_constrained,1000.0
21,499,29985,0,0,0.0,0.0,1.681,1000.0,2.2220023993896154,1.3,budget_constrained,1000.0
21,500,30000,0,0,0.0,0.0,1.6998,1000.0,1.6998318355330557,1.3,budget_constrained,1000.0
21,500,30015,0,0,0.0,0.0,1.5514,1000.0,1.6998318355330557,1.3,budget_constrained,1000.0
21,500,30030,0,0,0.0,0.0,0.5159,1000.0,1.6998318355330557,1.3,budget_constrained,1000.0
21,500,30045,0,0,0.0,0.0,1.0825,1000.0,1.6998318355330557,1.3,budget_constrained,1000.0
21,501,30060,0,0,0.0,0.0,1.1451,1000.0,1.3003713541827877,1.3,budget_constrained,1000.0
21,501,30075,0,0,0.0,0.0,1.3004,1000.0,1.3003713541827877,1.3,budget_constrained,1000.0
21,501,30090,0,0,0.0,0.0,1.0474,1000.0,1.3003713541827877,1.3,budget_constrained,1000.0
21,501,30105,0,0,0.0,0.0,0.2884,1000.0,1.3003713541827877,1.3,budget_constrained,1000.0
21,502,30120,0,0,0.0,0.0,0.8778,1000.0,0.8777506640733816,1.3,budget_constrained,1000.0
21,502,30135,0,0,0.0,0.0,0.8778,1000.0,0.8777506640733816,1.3,budget_constrained,1000.0
21,502,30150,0,0,0.0,0.0,0.8778,1000.0,0.8777506640733816,1.3,budget_constrained,1000.0
21,502,30165,0,0,0.0,0.0,0.4293,1000.0,0.8777506640733816,1.3,budget_constrained,1000.0
21,503,30180,0,0,0.0,0.0,0.7461,1000.0,0.7460880644623744,1.3,budget_constrained,1000.0
21,503,30195,0,0,0.0,0.0,0.7461,1000.0,0.7460880644623744,1.3,budget_constrained,1000.0
21,503,30210,0,0,0.0,0.0,0.3877,1000.0,0.7460880644623744,1.3,budget_constrained,1000.0
21,503,30225,0,0,0.0,0.0,0.7461,1000.0,0.7460880644623744,1.3,budget_constrained,1000.0
22,504,30240,0,0,0.0,0.0,0.1628,1000.0,0.5595660483467808,1.3,normal,0.0
22,504,30255,1,0,0.4713,0.4713,0.4713,1000.0,0.5595660483467808,1.3,normal,0.4713
22,504,30270,1,0,0.5596,0.5596,0.5596,1000.0,0.5595660483467808,1.3,normal,1.0309
22,504,30285,3,0,1.6787,1.6787,0.5596,1000.0,0.5595660483467808,1.3,normal,2.7096
22,505,30300,2,0,0.7874,0.7874,0.3937,1000.0,0.5,1.3,normal,3.497
22,505,30315,3,0,0.0893,0.0893,0.0298,1000.0,0.5,1.3,normal,3.5863
22,505,30330,0,0,0.0,0.0,0.5,1000.0,0.5,1.3,normal,3.5863
22,505,30345,1,0,0.5,0.5,0.5,1000.0,0.5,1.3,normal,4.0863
22,506,30360,0,0,0.0,0.0,0.5,1000.0,0.5,1.3,normal,4.0863
22,506,30375,0,0,0.0,0.0,0.5,1000.0,0.5,1.3,normal,4.0863
22,506,30390,2,0,1.0,1.0,0.5,1000.0,0.5,1.3,normal,5.0863
22,506,30405,2,0,1.0,1.0,0.5,1000.0,0.5,1.3,normal,6.0863
22,507,30420,2,0,0.6838,0.6838,0.3419,1000.0,0.5,1.3,normal,6.7701
22,507,30435,2,0,1.0,1.0,0.5,1000.0,0.5,1.3,normal,7.7701
22,507,30450,2,0,1.0,1.0,0.5,1000.0,0.5,1.3,normal,8.7701
22,507,30465,4,0,2.0,2.0,0.5,1000.0,0.5,1.3,normal,10.7701
22,508,30480,1,0,0.5,0.5,0.5,1000.0,0.5,1.3,normal,11.2701
22,508,30495,1,0,0.5,0.5,0.5,1000.0,0.5,1.3,normal,11.7701
22,508,30510,4,1,2.0,2.0,0.5,1000.0,0.5,1.3,normal,13.7701
22,508,30525,1,0,0.0312,0.0312,0.0312,1000.0,0.5,1.3,normal,13.8013
22,509,30540,4,0,2.0,2.0,0.5,1000.0,0.5,1.3,normal,15.8013
22,509,30555,3,0,1.5,1.5,0.5,1000.0,0.5,1.3,normal,17.3013
22,509,30570,3,0,1.5,1.5,0.5,1000.0,0.5,1.3,normal,18.8013
22,509,30585,4,0,2.0,2.0,0.5,1000.0,0.5,1.3,normal,20.8013
22,510,30600,1,0,0.5,0.5,0.5,1000.0,0.5,1.3,normal,21.3013
22,510,30615,1,0,0.4683,0.4683,0.4683,1000.0,0.5,1.3,normal,21.7696
22,510,30630,1,0,0.1983,0.1983,0.1983,1000.0,0.5,1.3,normal,21.9679
22,510,30645,2,0,1.0,1.0,0.5,1000.0,0.5,1.3,normal,22.9679
22,511,30660,1,0,0.5225,0.5225,0.5225,1000.0,0.5225,1.3,normal,23.4904
22,511,30675,0,0,0.0,0.0,0.5225,1000.0,0.5225,1.3,normal,23.4904
22,511,30690,1,0,0.5225,0.5225,0.5225,1000.0,0.5225,1.3,normal,24.0129
22,511,30705,0,0,0.0,0.0,0.3219,1000.0,0.5225,1.3,normal,24.0129
22,512,30720,0,0,0.0,0.0,0.6322,1000.0,0.632225,1.3,normal,24.0129
22,512,30735,2,0,1.0477,1.0477,0.5239,1000.0,0.632225,1.3,normal,25.0606
22,512,30750,3,0,1.8548,1.8548,0.6183,1000.0,0.632225,1.3,normal,26.9154
22,512,30765,1,0,0.6322,0.6322,0.6322,1000.0,0.632225,1.3,normal,27.5476
22,513,30780,0,0,0.0,0.0,0.765,1000.0,0.7649922500000002,1.3,normal,27.5476
22,513,30795,3,0,2.295,2.295,0.765,1000.0,0.7649922500000002,1.3,normal,29.8426
22,513,30810,1,0,0.6009,0.6009,0.6009,1000.0,0.7649922500000002,1.3,normal,30.4435
22,513,30825,3,0,2.254,2.254,0.7513,1000.0,0.7649922500000002,1.3,normal,32.6975
22,514,30840,3,0,2.7769,2.7769,0.9256,1000.0,0.9256406225000003,1.3,normal,35.4744
22,514,30855,3,0,2.7769,2.7769,0.9256,1000.0,0.9256406225000003,1.3,normal,38.2513
22,514,30870,2,0,1.8513,1.8513,0.9256,1000.0,0.9256406225000003,1.3,normal,40.1026
22,514,30885,3,0,2.7769,2.7769,0.9256,1000.0,0.9256406225000003,1.3,normal,42.8795
22,515,30900,5,0,5.6001,5.6001,1.12,1000.0,1.1200251532250005,1.3,normal,48.4796
22,515,30915,2,0,2.2401,2.2401,1.12,1000.0,1.1200251532250005,1.3,normal,50.7197
22,515,30930,4,0,4.4801,4.4801,1.12,1000.0,1.1200251532250005,1.3,normal,55.1998
22,515,30945,1,0,1.12,1.12,1.12,1000.0,1.1200251532250005,1.3,normal,56.3198
22,516,30960,12,0,6.9274,6.9274,0.5773,1000.0,5.0,1.3,normal,63.2472
22,516,30975,18,1,90.0,90.0,5.0,1000.0,5.0,1.3,normal,153.2472
22,516,30990,15,0,11.2395,11.2395,0.7493,1000.0,5.0,1.3,normal,164.4867
22,516,31005,14,1,19.2244,19.2244,1.3732,1000.0,5.0,1.3,normal,183.7111
22,517,31020,19,1,18.4883,18.4883,0.9731,1000.0,6.050000000000001,1.3,normal,202.1994
22,517,31035,13,1,12.553,12.553,0.9656,1000.0,6.050000000000001,1.3,normal,214.7524
22,517,31050,15,0,11.1719,11.1719,0.7448,1000.0,6.050000000000001,1.3,normal,225.9243
22,517,31065,26,1,115.4164,115.4164,4.4391,1000.0,6.050000000000001,1.3,normal,341.3407
22,518,31080,14,0,41.3818,41.3818,2.9558,1000.0,7.320500000000002,1.3,normal,382.7225
22,518,31095,17,0,23.2379,23.2379,1.3669,1000.0,7.320500000000002,1.3,normal,405.9604
22,518,31110,19,0,65.5683,65.5683,3.451,1000.0,7.320500000000002,1.3,normal,471.5287
22,518,31125,23,1,49.7698,49.7698,2.1639,1000.0,7.320500000000002,1.3,normal,521.2985
22,519,31140,18,1,64.4217,64.4217,3.579,1000.0,8.052550000000002,1.3,normal,585.7202
22,519,31155,19,1,138.2521,138.2521,7.2764,1000.0,8.052550000000002,1.3,normal,723.9723
22,519,31170,21,2,58.3286,29.1643,2.7776,1000.0,8.052550000000002,1.3,normal,782.3009
22,519,31185,27,0,6.4685,6.4685,0.2396,1000.0,8.052550000000002,1.3,normal,788.7694
22,520,31200,15,1,11.7831,11.7831,0.7855,1000.0,8.857805000000003,1.3,normal,800.5525
22,520,31215,23,0,116.103,116.103,5.048,1000.0,8.857805000000003,1.3,budget_constrained,916.6555
22,520,31230,19,0,83.3445,83.3445,4.3126,1000.0,8.857805000000003,1.3,budget_depleted,1000.0
22,520,31245,0,0,0.0,0.0,0.0,1000.0,8.857805000000003,1.3,budget_depleted,1000.0
22,521,31260,0,0,0.0,0.0,0.0,1000.0,8.414914750000001,1.3,budget_depleted,1000.0
22,521,31275,0,0,0.0,0.0,0.0,1000.0,8.414914750000001,1.3,budget_depleted,1000.0
22,521,31290,0,0,0.0,0.0,0.0,1000.0,8.414914750000001,1.3,budget_depleted,1000.0
22,521,31305,0,0,0.0,0.0,0.0,1000.0,8.414914750000001,1.3,budget_depleted,1000.0
22,522,31320,0,0,0.0,0.0,0.0,1000.0,7.9941690125000004,1.3,budget_depleted,1000.0
22,522,31335,0,0,0.0,0.0,0.0,1000.0,7.9941690125000004,1.3,budget_depleted,1000.0
22,522,31350,0,0,0.0,0.0,0.0,1000.0,7.9941690125000004,1.3,budget_depleted,1000.0
22,522,31365,0,0,0.0,0.0,0.0,1000.0,7.9941690125000004,1.3,budget_depleted,1000.0
22,523,31380,0,0,0.0,0.0,0.0,1000.0,7.5944605618750005,1.3,budget_depleted,1000.0
22,523,31395,0,0,0.0,0.0,0.0,1000.0,7.5944605618750005,1.3,budget_depleted,1000.0
22,523,31410,0,0,0.0,0.0,0.0,1000.0,7.5944605618750005,1.3,budget_depleted,1000.0
22,523,31425,0,0,0.0,0.0,0.0,1000.0,7.5944605618750005,1.3,budget_depleted,1000.0
22,524,31440,0,0,0.0,0.0,0.0,1000.0,7.21473753378125,1.3,budget_depleted,1000.0
22,524,31455,0,0,0.0,0.0,0.0,1000.0,7.21473753378125,1.3,budget_depleted,1000.0
22,524,31470,0,0,0.0,0.0,0.0,1000.0,7.21473753378125,1.3,budget_depleted,1000.0
22,524,31485,0,0,0.0,0.0,0.0,1000.0,7.21473753378125,1.3,budget_depleted,1000.0
22,525,31500,0,0,0.0,0.0,0.0,1000.0,6.854000657092187,1.3,budget_depleted,1000.0
22,525,31515,0,0,0.0,0.0,0.0,1000.0,6.854000657092187,1.3,budget_depleted,1000.0
22,525,31530,0,0,0.0,0.0,0.0,1000.0,6.854000657092187,1.3,budget_depleted,1000.0
22,525,31545,0,0,0.0,0.0,0.0,1000.0,6.854000657092187,1.3,budget_depleted,1000.0
22,526,31560,0,0,0.0,0.0,0.0,1000.0,6.5113006242375775,1.3,budget_depleted,1000.0
22,526,31575,0,0,0.0,0.0,0.0,1000.0,6.5113006242375775,1.3,budget_depleted,1000.0
22,526,31590,0,0,0.0,0.0,0.0,1000.0,6.5113006242375775,1.3,budget_depleted,1000.0
22,526,31605,0,0,0.0,0.0,0.0,1000.0,6.5113006242375775,1.3,budget_depleted,1000.0
22,527,31620,0,0,0.0,0.0,0.0,1000.0,6.185735593025698,1.3,budget_depleted,1000.0
22,527,31635,0,0,0.0,0.0,0.0,1000.0,6.185735593025698,1.3,budget_depleted,1000.0
22,527,31650,0,0,0.0,0.0,0.0,1000.0,6.185735593025698,1.3,budget_depleted,1000.0
22,527,31665,0,0,0.0,0.0,0.0,1000.0,6.185735593025698,1.3,budget_depleted,1000.0
23,528,31680,0,0,0.0,0.0,0.0,1000.0,5.876448813374413,1.3,normal,0.0
23,528,31695,17,0,13.4055,13.4055,0.7886,1000.0,5.876448813374413,1.3,normal,13.4055
23,528,31710,12,2,26.5824,13.2912,2.2152,1000.0,5.876448813374413,1.3,normal,39.9879
23,528,31725,12,0,63.6993,63.6993,5.3083,1000.0,5.876448813374413,1.3,normal,103.6872
23,529,31740,20,2,105.7761,52.888,5.2888,1000.0,5.288803932036972,1.3,normal,209.4633
23,529,31755,13,2,67.9222,33.9611,5.2248,1000.0,5.288803932036972,1.3,normal,277.3855
23,529,31770,8,0,42.3104,42.3104,5.2888,1000.0,5.288803932036972,1.3,normal,319.6959
23,529,31785,16,1,22.891,22.891,1.4307,1000.0,5.288803932036972,1.3,normal,342.5869
23,530,31800,16,0,76.1588,76.1588,4.7599,1000.0,4.759923538833275,1.3,normal,418.7457
23,530,31815,8,1,38.0794,38.0794,4.7599,1000.0,4.759923538833275,1.3,normal,456.8251
23,530,31830,9,0,15.2615,15.2615,1.6957,1000.0,4.759923538833275,1.3,normal,472.0866
23,530,31845,16,1,9.7662,9.7662,0.6104,1000.0,4.759923538833275,1.3,normal,481.8528
23,531,31860,10,1,26.6064,26.6064,2.6606,1000.0,4.283931184949947,1.3,normal,508.4592
23,531,31875,11,1,36.8844,36.8844,3.3531,1000.0,4.283931184949947,1.3,normal,545.3436
23,531,31890,8,0,1.6862,1.6862,0.2108,1000.0,4.283931184949947,1.3,normal,547.0298
23,531,31905,11,0,28.9091,28.9091,2.6281,1000.0,4.283931184949947,1.3,normal,575.9389
23,532,31920,9,0,28.2038,28.2038,3.1338,1000.0,3.8555380664549523,1.3,normal,604.1427
23,532,31935,11,1,23.5804,23.5804,2.1437,1000.0,3.8555380664549523,1.3,normal,627.7231
23,532,31950,8,0,30.8443,30.8443,3.8555,1000.0,3.8555380664549523,1.3,normal,658.5674
23,532,31965,6,0,5.5486,5.5486,0.9248,1000.0,3.8555380664549523,1.3,normal,664.116
23,533,31980,7,0,24.2899,24.2899,3.47,1000.0,3.4699842598094572,1.3,normal,688.4059
23,533,31995,10,0,34.6998,34.6998,3.47,1000.0,3.4699842598094572,1.3,normal,723.1057
23,533,32010,2,0,6.3457,6.3457,3.1728,1000.0,3.4699842598094572,1.3,normal,729.4514
23,533,32025,10,0,29.2403,29.2403,2.924,1000.0,3.4699842598094572,1.3,normal,758.6917
23,534,32040,4,0,8.5193,8.5193,2.1298,1000.0,3.1229858338285115,1.3,normal,767.211
23,534,32055,11,0,27.1872,27.1872,2.4716,1000.0,3.1229858338285115,1.3,normal,794.3982
23,534,32070,10,1,17.6251,17.6251,1.7625,1000.0,3.1229858338285115,1.3,normal,812.0233
23,534,32085,9,0,28.1069,28.1069,3.123,1000.0,3.1229858338285115,1.3,normal,840.1302
23,535,32100,8,0,22.4855,22.4855,2.8107,1000.0,2.8106872504456604,1.3,normal,862.6157
23,535,32115,5,0,14.0534,14.0534,2.8107,1000.0,2.8106872504456604,1.3,normal,876.6691
23,535,32130,6,0,6.7049,6.7049,1.1175,1000.0,2.8106872504456604,1.3,normal,883.374
23,535,32145,7,0,19.6748,19.6748,2.8107,1000.0,2.8106872504456604,1.3,budget_constrained,903.0488
23,536,32160,5,0,12.6481,12.6481,2.5296,1000.0,2.5296185254010943,1.3,budget_constrained,915.6969
23,536,32175,5,0,9.6934,9.6934,1.9387,1000.0,2.5296185254010943,1.3,budget_constrained,925.3903
23,536,32190,5,0,12.6481,12.6481,2.5296,1000.0,2.5296185254010943,1.3,budget_constrained,938.0384
23,536,32205,4,0,10.1185,10.1185,2.5296,1000.0,2.5296185254010943,1.3,budget_constrained,948.1569
23,537,32220,4,0,1.8546,1.8546,0.4637,1000.0,2.162823839217936,1.3,budget_constrained,950.0115
23,537,32235,2,0,4.124,4.124,2.062,1000.0,2.162823839217936,1.3,budget_constrained,954.1355
23,537,32250,6,1,12.9769,12.9769,2.1628,1000.0,2.162823839217936,1.3,budget_constrained,967.1124
23,537,32265,6,0,3.1502,3.1502,0.525,1000.0,2.162823839217936,1.3,budget_constrained,970.2626
23,538,32280,7,0,1.5767,1.5767,0.2252,1000.0,1.9465414552961424,1.3,budget_constrained,971.8393
23,538,32295,5,0,9.7327,9.7327,1.9465,1000.0,1.9465414552961424,1.3,budget_constrained,981.572
23,538,32310,8,0,15.5723,15.5723,1.9465,1000.0,1.9465414552961424,1.3,budget_constrained,997.1443
23,538,32325,1,0,1.9465,1.9465,1.9465,1000.0,1.9465414552961424,1.3,budget_constrained,999.0908
23,539,32340,0,0,0.9092,0.9092,1.7519,1000.0,1.7518873097665282,1.3,budget_depleted,1000.0
23,539,32355,0,0,0.0,0.0,0.0,1000.0,1.7518873097665282,1.3,budget_depleted,1000.0
23,539,32370,0,0,0.0,0.0,0.0,1000.0,1.7518873097665282,1.3,budget_depleted,1000.0
23,539,32385,0,0,0.0,0.0,0.0,1000.0,1.7518873097665282,1.3,budget_depleted,1000.0
23,540,32400,0,0,0.0,0.0,0.0,1000.0,1.5766985787898753,1.3,budget_depleted,1000.0
23,540,32415,0,0,0.0,0.0,0.0,1000.0,1.5766985787898753,1.3,budget_depleted,1000.0
23,540,32430,0,0,0.0,0.0,0.0,1000.0,1.5766985787898753,1.3,budget_depleted,1000.0
23,540,32445,0,0,0.0,0.0,0.0,1000.0,1.5766985787898753,1.3,budget_depleted,1000.0
23,541,32460,0,0,0.0,0.0,0.0,1000.0,1.4190287209108878,1.3,budget_depleted,1000.0
23,541,32475,0,0,0.0,0.0,0.0,1000.0,1.4190287209108878,1.3,budget_depleted,1000.0
23,541,32490,0,0,0.0,0.0,0.0,1000.0,1.4190287209108878,1.3,budget_depleted,1000.0
23,541,32505,0,0,0.0,0.0,0.0,1000.0,1.4190287209108878,1.3,budget_depleted,1000.0
23,542,32520,0,0,0.0,0.0,0.0,1000.0,1.2132695563788092,1.3,budget_depleted,1000.0
23,542,32535,0,0,0.0,0.0,0.0,1000.0,1.2132695563788092,1.3,budget_depleted,1000.0
23,542,32550,0,0,0.0,0.0,0.0,1000.0,1.2132695563788092,1.3,budget_depleted,1000.0
23,542,32565,0,0,0.0,0.0,0.0,1000.0,1.2132695563788092,1.3,budget_depleted,1000.0
23,543,32580,0,0,0.0,0.0,0.0,1000.0,1.0919426007409283,1.3,budget_depleted,1000.0
23,543,32595,0,0,0.0,0.0,0.0,1000.0,1.0919426007409283,1.3,budget_depleted,1000.0
23,543,32610,0,0,0.0,0.0,0.0,1000.0,1.0919426007409283,1.3,budget_depleted,1000.0
23,543,32625,0,0,0.0,0.0,0.0,1000.0,1.0919426007409283,1.3,budget_depleted,1000.0
23,544,32640,0,0,0.0,0.0,0.0,1000.0,0.9336109236334936,1.3,budget_depleted,1000.0
23,544,32655,0,0,0.0,0.0,0.0,1000.0,0.9336109236334936,1.3,budget_depleted,1000.0
23,544,32670,0,0,0.0,0.0,0.0,1000.0,0.9336109236334936,1.3,budget_depleted,1000.0
23,544,32685,0,0,0.0,0.0,0.0,1000.0,0.9336109236334936,1.3,budget_depleted,1000.0
23,545,32700,0,0,0.0,0.0,0.0,1000.0,0.9336109236334936,1.3,budget_depleted,1000.0
23,545,32715,0,0,0.0,0.0,0.0,1000.0,0.9336109236334936,1.3,budget_depleted,1000.0
23,545,32730,0,0,0.0,0.0,0.0,1000.0,0.9336109236334936,1.3,budget_depleted,1000.0
23,545,32745,0,0,0.0,0.0,0.0,1000.0,0.9336109236334936,1.3,budget_depleted,1000.0
23,546,32760,0,0,0.0,0.0,0.0,1000.0,0.9336109236334936,1.3,budget_depleted,1000.0
23,546,32775,0,0,0.0,0.0,0.0,1000.0,0.9336109236334936,1.3,budget_depleted,1000.0
23,546,32790,0,0,0.0,0.0,0.0,1000.0,0.9336109236334936,1.3,budget_depleted,1000.0
23,546,32805,0,0,0.0,0.0,0.0,1000.0,0.9336109236334936,1.3,budget_depleted,1000.0
23,547,32820,0,0,0.0,0.0,0.0,1000.0,0.9336109236334936,1.3,budget_depleted,1000.0
23,547,32835,0,0,0.0,0.0,0.0,1000.0,0.9336109236334936,1.3,budget_depleted,1000.0
23,547,32850,0,0,0.0,0.0,0.0,1000.0,0.9336109236334936,1.3,budget_depleted,1000.0
23,547,32865,0,0,0.0,0.0,0.0,1000.0,0.9336109236334936,1.3,budget_depleted,1000.0
23,548,32880,0,0,0.0,0.0,0.0,1000.0,0.9336109236334936,1.3,budget_depleted,1000.0
23,548,32895,0,0,0.0,0.0,0.0,1000.0,0.9336109236334936,1.3,budget_depleted,1000.0
23,548,32910,0,0,0.0,0.0,0.0,1000.0,0.9336109236334936,1.3,budget_depleted,1000.0
23,548,32925,0,0,0.0,0.0,0.0,1000.0,0.9336109236334936,1.3,budget_depleted,1000.0
23,549,32940,0,0,0.0,0.0,0.0,1000.0,0.9336109236334936,1.3,budget_depleted,1000.0
23,549,32955,0,0,0.0,0.0,0.0,1000.0,0.9336109236334936,1.3,budget_depleted,1000.0
23,549,32970,0,0,0.0,0.0,0.0,1000.0,0.9336109236334936,1.3,budget_depleted,1000.0
23,549,32985,0,0,0.0,0.0,0.0,1000.0,0.9336109236334936,1.3,budget_depleted,1000.0
23,550,33000,0,0,0.0,0.0,0.0,1000.0,0.9336109236334936,1.3,budget_depleted,1000.0
23,550,33015,0,0,0.0,0.0,0.0,1000.0,0.9336109236334936,1.3,budget_depleted,1000.0
23,550,33030,0,0,0.0,0.0,0.0,1000.0,0.9336109236334936,1.3,budget_depleted,1000.0
23,550,33045,0,0,0.0,0.0,0.0,1000.0,0.9336109236334936,1.3,budget_depleted,1000.0
23,551,33060,0,0,0.0,0.0,0.0,1000.0,0.9336109236334936,1.3,budget_depleted,1000.0
23,551,33075,0,0,0.0,0.0,0.0,1000.0,0.9336109236334936,1.3,budget_depleted,1000.0
23,551,33090,0,0,0.0,0.0,0.0,1000.0,0.9336109236334936,1.3,budget_depleted,1000.0
23,551,33105,0,0,0.0,0.0,0.0,1000.0,0.9336109236334936,1.3,budget_depleted,1000.0
24,552,33120,0,0,0.0,0.0,0.0,1000.0,0.9336109236334936,1.3,normal,0.0
24,552,33135,2,0,1.8672,1.8672,0.9336,1000.0,0.9336109236334936,1.3,normal,1.8672
24,552,33150,1,0,0.9336,0.9336,0.9336,1000.0,0.9336109236334936,1.3,normal,2.8008
24,552,33165,7,0,6.5353,6.5353,0.9336,1000.0,0.9336109236334936,1.3,normal,9.3361
24,553,33180,4,0,3.7344,3.7344,0.9336,1000.0,0.9336109236334936,1.3,normal,13.0705
24,553,33195,1,0,0.9336,0.9336,0.9336,1000.0,0.9336109236334936,1.3,normal,14.0041
24,553,33210,3,0,2.8008,2.8008,0.9336,1000.0,0.9336109236334936,1.3,normal,16.8049
24,553,33225,3,0,1.7312,1.7312,0.5771,1000.0,0.9336109236334936,1.3,normal,18.5361
24,554,33240,1,0,0.8729,0.8729,0.8729,1000.0,0.8729262135973167,1.3,normal,19.409
24,554,33255,1,0,0.0228,0.0228,0.0228,1000.0,0.8729262135973167,1.3,normal,19.4318
24,554,33270,3,0,2.6188,2.6188,0.8729,1000.0,0.8729262135973167,1.3,normal,22.0506
24,554,33285,6,0,0.6856,0.6856,0.1143,1000.0,0.8729262135973167,1.3,normal,22.7362
24,555,33300,0,0,0.0,0.0,0.7202,1000.0,0.7201641262177862,1.3,normal,22.7362
24,555,33315,5,0,3.6008,3.6008,0.7202,1000.0,0.7201641262177862,1.3,normal,26.337
24,555,33330,2,0,0.1311,0.1311,0.0656,1000.0,0.7201641262177862,1.3,normal,26.4681
24,555,33345,2,0,1.4403,1.4403,0.7202,1000.0,0.7201641262177862,1.3,normal,27.9084
24,556,33360,4,0,2.3765,2.3765,0.5941,1000.0,0.5941354041296737,1.3,normal,30.2849
24,556,33375,0,0,0.0,0.0,0.2867,1000.0,0.5941354041296737,1.3,normal,30.2849
24,556,33390,1,0,0.4457,0.4457,0.4457,1000.0,0.5941354041296737,1.3,normal,30.7306
24,556,33405,0,0,0.0,0.0,0.1553,1000.0,0.5941354041296737,1.3,normal,30.7306
24,557,33420,0,0,0.0,0.0,0.5,1000.0,0.5,1.3,normal,30.7306
24,557,33435,1,0,0.5,0.5,0.5,1000.0,0.5,1.3,normal,31.2306
24,557,33450,0,0,0.0,0.0,0.5,1000.0,0.5,1.3,normal,31.2306
24,557,33465,0,0,0.0,0.0,0.3643,1000.0,0.5,1.3,normal,31.2306
24,558,33480,2,0,0.4759,0.4759,0.2379,1000.0,0.5,1.3,normal,31.7065
24,558,33495,0,0,0.0,0.0,0.4576,1000.0,0.5,1.3,normal,31.7065
24,558,33510,0,0,0.0,0.0,0.5,1000.0,0.5,1.3,normal,31.7065
24,558,33525,2,0,0.4629,0.4629,0.2315,1000.0,0.5,1.3,normal,32.1694
24,559,33540,0,0,0.0,0.0,0.2395,1000.0,0.5,1.3,normal,32.1694
24,559,33555,1,0,0.1258,0.1258,0.1258,1000.0,0.5,1.3,normal,32.2952
24,559,33570,1,1,0.5,0.5,0.5,1000.0,0.5,1.3,normal,32.7952
24,559,33585,0,0,0.0,0.0,0.5,1000.0,0.5,1.3,normal,32.7952
24,560,33600,1,0,0.55,0.55,0.55,1000.0,0.55,1.3,normal,33.3452
24,560,33615,1,0,0.55,0.55,0.55,1000.0,0.55,1.3,normal,33.8952
24,560,33630,2,0,0.8102,0.8102,0.4051,1000.0,0.55,1.3,normal,34.7054
24,560,33645,1,0,0.55,0.55,0.55,1000.0,0.55,1.3,normal,35.2554
24,561,33660,1,0,0.6655,0.6655,0.6655,1000.0,0.6655000000000002,1.3,normal,35.9209
24,561,33675,1,0,0.6655,0.6655,0.6655,1000.0,0.6655000000000002,1.3,normal,36.5864
24,561,33690,3,0,1.9965,1.9965,0.6655,1000.0,0.6655000000000002,1.3,normal,38.5829
24,561,33705,4,0,2.662,2.662,0.6655,1000.0,0.6655000000000002,1.3,normal,41.2449
24,562,33720,2,0,1.4641,1.4641,0.7321,1000.0,0.7320500000000003,1.3,normal,42.709
24,562,33735,1,0,0.7321,0.7321,0.7321,1000.0,0.7320500000000003,1.3,normal,43.4411
24,562,33750,2,0,1.4641,1.4641,0.7321,1000.0,0.7320500000000003,1.3,normal,44.9052
24,562,33765,2,0,1.4641,1.4641,0.7321,1000.0,0.7320500000000003,1.3,normal,46.3693
24,563,33780,3,0,2.6573,2.6573,0.8858,1000.0,0.8857805000000005,1.3,normal,49.0266
24,563,33795,2,0,1.7716,1.7716,0.8858,1000.0,0.8857805000000005,1.3,normal,50.7982
24,563,33810,1,0,0.8858,0.8858,0.8858,1000.0,0.8857805000000005,1.3,normal,51.684
24,563,33825,2,0,1.7716,1.7716,0.8858,1000.0,0.8857805000000005,1.3,normal,53.4556
24,564,33840,12,0,25.2002,25.2002,2.1,1000.0,5.0,1.3,normal,78.6558
24,564,33855,15,0,55.5484,55.5484,3.7032,1000.0,5.0,1.3,normal,134.2042
24,564,33870,13,0,30.2952,30.2952,2.3304,1000.0,5.0,1.3,normal,164.4994
24,564,33885,14,1,40.3225,40.3225,2.8802,1000.0,5.0,1.3,normal,204.8219
24,565,33900,10,0,32.7723,32.7723,3.2772,1000.0,4.675,1.3,normal,237.5942
24,565,33915,10,0,46.75,46.75,4.675,1000.0,4.675,1.3,normal,284.3442
24,565,33930,4,0,16.0308,16.0308,4.0077,1000.0,4.675,1.3,normal,300.375
24,565,33945,17,0,45.3132,45.3132,2.6655,1000.0,4.675,1.3,normal,345.6882
24,566,33960,9,1,3.4348,3.4348,0.3816,1000.0,3.856875,1.3,normal,349.123
24,566,33975,12,1,9.6938,9.6938,0.8078,1000.0,3.856875,1.3,normal,358.8168
24,566,33990,12,0,46.1826,46.1826,3.8485,1000.0,3.856875,1.3,normal,404.9994
24,566,34005,9,0,15.9112,15.9112,1.7679,1000.0,3.856875,1.3,normal,420.9106
24,567,34020,6,0,19.0915,19.0915,3.1819,1000.0,3.181921875,1.3,normal,440.0021
24,567,34035,12,0,32.092,32.092,2.6743,1000.0,3.181921875,1.3,normal,472.0941
24,567,34050,7,0,22.2735,22.2735,3.1819,1000.0,3.181921875,1.3,normal,494.3676
24,567,34065,11,0,7.6942,7.6942,0.6995,1000.0,3.181921875,1.3,normal,502.0618
24,568,34080,9,0,23.6258,23.6258,2.6251,1000.0,2.6250855468750003,1.3,normal,525.6876
24,568,34095,4,0,7.9168,7.9168,1.9792,1000.0,2.6250855468750003,1.3,normal,533.6044
24,568,34110,3,0,7.8753,7.8753,2.6251,1000.0,2.6250855468750003,1.3,normal,541.4797
24,568,34125,8,0,6.8325,6.8325,0.8541,1000.0,2.6250855468750003,1.3,normal,548.3122
24,569,34140,4,0,0.4602,0.4602,0.1151,1000.0,2.1656955761718755,1.3,normal,548.7724
24,569,34155,5,0,10.8285,10.8285,2.1657,1000.0,2.1656955761718755,1.3,normal,559.6009
24,569,34170,5,0,10.0901,10.0901,2.018,1000.0,2.1656955761718755,1.3,normal,569.691
24,569,34185,1,0,1.7572,1.7572,1.7572,1000.0,2.1656955761718755,1.3,normal,571.4482
24,570,34200,2,1,3.5734,3.5734,1.7867,1000.0,1.7866988503417973,1.3,normal,575.0216
24,570,34215,7,1,5.5118,5.5118,0.7874,1000.0,1.7866988503417973,1.3,normal,580.5334
24,570,34230,2,1,2.5855,2.5855,1.2927,1000.0,1.7866988503417973,1.3,normal,583.1189
24,570,34245,4,0,5.5269,5.5269,1.3817,1000.0,1.7866988503417973,1.3,normal,588.6458
24,571,34260,6,0,2.9032,2.9032,0.4839,1000.0,1.8671002986071783,1.3,normal,591.549
24,571,34275,6,0,11.2026,11.2026,1.8671,1000.0,1.8671002986071783,1.3,normal,602.7516
24,571,34290,2,0,3.7342,3.7342,1.8671,1000.0,1.8671002986071783,1.3,normal,606.4858
24,571,34305,4,0,7.4684,7.4684,1.8671,1000.0,1.8671002986071783,1.3,normal,613.9542
24,572,34320,5,0,9.7556,9.7556,1.9511,1000.0,1.9511198120445015,1.3,normal,623.7098
24,572,34335,7,0,0.3795,0.3795,0.0542,1000.0,1.9511198120445015,1.3,normal,624.0893
24,572,34350,4,0,4.0387,4.0387,1.0097,1000.0,1.9511198120445015,1.3,normal,628.128
24,572,34365,5,0,5.0269,5.0269,1.0054,1000.0,1.9511198120445015,1.3,normal,633.1549
24,573,34380,7,0,12.7701,12.7701,1.8243,1000.0,1.8242970242616088,1.3,normal,645.925
24,573,34395,5,0,3.9861,3.9861,0.7972,1000.0,1.8242970242616088,1.3,normal,649.9111
24,573,34410,4,0,7.2972,7.2972,1.8243,1000.0,1.8242970242616088,1.3,normal,657.2083
24,573,34425,4,0,3.5892,3.5892,0.8973,1000.0,1.8242970242616088,1.3,normal,660.7975
24,574,34440,5,0,1.8747,1.8747,0.3749,1000.0,1.7057177176846043,1.3,normal,662.6722
24,574,34455,5,0,7.9451,7.9451,1.589,1000.0,1.7057177176846043,1.3,normal,670.6173
24,574,34470,3,0,5.1172,5.1172,1.7057,1000.0,1.7057177176846043,1.3,normal,675.7345
24,574,34485,5,1,8.5286,8.5286,1.7057,1000.0,1.7057177176846043,1.3,normal,684.2631
24,575,34500,4,1,7.1299,7.1299,1.7825,1000.0,1.7824750149804116,1.3,normal,691.393
24,575,34515,6,1,1.9804,1.9804,0.3301,1000.0,1.7824750149804116,1.3,normal,693.3734
24,575,34530,8,0,4.8529,4.8529,0.6066,1000.0,1.7824750149804116,1.3,normal,698.2263
24,575,34545,2,0,2.891,2.891,1.4455,1000.0,1.7824750149804116,1.3,normal,701.1173
25,576,34560,3,0,5.8822,5.8822,1.9607,1000.0,1.960722516478453,1.3,normal,5.8822
25,576,34575,4,0,3.3851,3.3851,0.8463,1000.0,1.960722516478453,1.3,normal,9.2673
25,576,34590,4,0,6.6121,6.6121,1.653,1000.0,1.960722516478453,1.3,normal,15.8794
25,576,34605,9,0,11.0977,11.0977,1.2331,1000.0,1.960722516478453,1.3,normal,26.9771
25,577,34620,10,1,15.0219,15.0219,1.5022,1000.0,2.1567947681262982,1.3,normal,41.999
25,577,34635,5,0,0.9691,0.9691,0.1938,1000.0,2.1567947681262982,1.3,normal,42.9681
25,577,34650,3,1,0.0184,0.0184,0.0061,1000.0,2.1567947681262982,1.3,normal,42.9865
25,577,34665,7,0,15.0976,15.0976,2.1568,1000.0,2.1567947681262982,1.3,normal,58.0841
25,578,34680,10,0,26.0972,26.0972,2.6097,1000.0,2.609721669432821,1.3,normal,84.1813
25,578,34695,3,0,7.8292,7.8292,2.6097,1000.0,2.609721669432821,1.3,normal,92.0105
25,578,34710,4,0,10.4389,10.4389,2.6097,1000.0,2.609721669432821,1.3,normal,102.4494
25,578,34725,11,0,28.7069,28.7069,2.6097,1000.0,2.609721669432821,1.3,normal,131.1563
25,579,34740,6,0,12.553,12.553,2.0922,1000.0,2.8706938363761036,1.3,normal,143.7093
25,579,34755,4,1,1.6551,1.6551,0.4138,1000.0,2.8706938363761036,1.3,normal,145.3644
25,579,34770,9,0,5.4517,5.4517,0.6057,1000.0,2.8706938363761036,1.3,normal,150.8161
25,579,34785,9,0,25.8362,25.8362,2.8707,1000.0,2.8706938363761036,1.3,normal,176.6523
25,580,34800,9,1,28.4199,28.4199,3.1578,1000.0,3.1577632200137145,1.3,normal,205.0722
25,580,34815,12,0,26.1472,26.1472,2.1789,1000.0,3.1577632200137145,1.3,normal,231.2194
25,580,34830,7,0,22.1043,22.1043,3.1578,1000.0,3.1577632200137145,1.3,normal,253.3237
25,580,34845,2,0,6.2198,6.2198,3.1099,1000.0,3.1577632200137145,1.3,normal,259.5435
25,581,34860,3,0,9.4733,9.4733,3.1578,1000.0,3.1577632200137145,1.3,normal,269.0168
25,581,34875,8,0,25.2621,25.2621,3.1578,1000.0,3.1577632200137145,1.3,normal,294.2789
25,581,34890,9,1,11.3955,11.3955,1.2662,1000.0,3.1577632200137145,1.3,normal,305.6744
25,581,34905,9,1,20.7879,20.7879,2.3098,1000.0,3.1577632200137145,1.3,normal,326.4623
25,582,34920,6,1,19.2035,19.2035,3.2006,1000.0,3.4735395420150863,1.3,normal,345.6658
25,582,34935,10,0,34.7354,34.7354,3.4735,1000.0,3.4735395420150863,1.3,normal,380.4012
25,582,34950,7,0,24.3148,24.3148,3.4735,1000.0,3.4735395420150863,1.3,normal,404.716
25,582,34965,11,1,35.7316,35.7316,3.2483,1000.0,3.4735395420150863,1.3,normal,440.4476
25,583,34980,12,0,13.2245,13.2245,1.102,1000.0,3.438804146594936,1.3,normal,453.6721
25,583,34995,5,1,1.6459,1.6459,0.3292,1000.0,3.438804146594936,1.3,normal,455.318
25,583,35010,6,0,19.1225,19.1225,3.1871,1000.0,3.438804146594936,1.3,normal,474.4405
25,583,35025,9,1,29.9351,29.9351,3.3261,1000.0,3.438804146594936,1.3,normal,504.3756
25,584,35040,7,0,23.8309,23.8309,3.4044,1000.0,3.404416105128987,1.3,normal,528.2065
25,584,35055,3,0,5.0462,5.0462,1.6821,1000.0,3.404416105128987,1.3,normal,533.2527
25,584,35070,10,1,7.4874,7.4874,0.7487,1000.0,3.404416105128987,1.3,normal,540.7401
25,584,35085,8,1,27.2353,27.2353,3.4044,1000.0,3.404416105128987,1.3,normal,567.9754
25,585,35100,8,0,21.2318,21.2318,2.654,1000.0,3.370371944077698,1.3,normal,589.2072
25,585,35115,4,0,9.5265,9.5265,2.3816,1000.0,3.370371944077698,1.3,normal,598.7337
25,585,35130,9,0,30.3333,30.3333,3.3704,1000.0,3.370371944077698,1.3,normal,629.067
25,585,35145,9,0,13.003,13.003,1.4448,1000.0,3.370371944077698,1.3,normal,642.07
25,586,35160,13,0,43.3767,43.3767,3.3367,1000.0,3.336668224636921,1.3,normal,685.4467
25,586,35175,10,0,33.3667,33.3667,3.3367,1000.0,3.336668224636921,1.3,normal,718.8134
25,586,35190,10,0,24.8526,24.8526,2.4853,1000.0,3.336668224636921,1.3,normal,743.666
25,586,35205,8,0,21.6091,21.6091,2.7011,1000.0,3.336668224636921,1.3,normal,765.2751
25,587,35220,9,1,27.027,27.027,3.003,1000.0,3.003001402173229,1.3,normal,792.3021
25,587,35235,16,0,48.048,48.048,3.003,1000.0,3.003001402173229,1.3,normal,840.3501
25,587,35250,10,0,2.6557,2.6557,0.2656,1000.0,3.003001402173229,1.3,normal,843.0058
25,587,35265,1,0,1.9291,1.9291,1.9291,1000.0,3.003001402173229,1.3,normal,844.9349
25,588,35280,5,0,10.7299,10.7299,2.146,1000.0,2.7027012619559065,1.3,normal,855.6648
25,588,35295,8,0,21.6216,21.6216,2.7027,1000.0,2.7027012619559065,1.3,normal,877.2864
25,588,35310,9,0,1.7142,1.7142,0.1905,1000.0,2.7027012619559065,1.3,normal,879.0006
25,588,35325,9,0,20.2813,20.2813,2.2535,1000.0,2.7027012619559065,1.3,normal,899.2819
25,589,35340,4,1,9.7297,9.7297,2.4324,1000.0,2.432431135760316,1.3,budget_constrained,909.0116
25,589,35355,7,0,14.9704,14.9704,2.1386,1000.0,2.432431135760316,1.3,budget_constrained,923.982
25,589,35370,10,0,11.0234,11.0234,1.1023,1000.0,2.432431135760316,1.3,budget_constrained,935.0054
25,589,35385,8,0,11.2687,11.2687,1.4086,1000.0,2.432431135760316,1.3,budget_constrained,946.2741
25,590,35400,8,0,3.093,3.093,0.3866,1000.0,2.4081068244027133,1.3,budget_constrained,949.3671
25,590,35415,6,0,1.7254,1.7254,0.2876,1000.0,2.4081068244027133,1.3,budget_constrained,951.0925
25,590,35430,6,0,14.4486,14.4486,2.4081,1000.0,2.4081068244027133,1.3,budget_constrained,965.5411
25,590,35445,3,0,7.2243,7.2243,2.4081,1000.0,2.4081068244027133,1.3,budget_constrained,972.7654
25,591,35460,5,0,7.5249,7.5249,1.505,1000.0,2.3840257561586866,1.3,budget_constrained,980.2903
25,591,35475,8,1,19.7097,19.7097,2.384,1000.0,2.3840257561586866,1.3,budget_depleted,1000.0
25,591,35490,0,0,0.0,0.0,0.0,1000.0,2.3840257561586866,1.3,budget_depleted,1000.0
25,591,35505,0,0,0.0,0.0,0.0,1000.0,2.3840257561586866,1.3,budget_depleted,1000.0
25,592,35520,0,0,0.0,0.0,0.0,1000.0,2.3601854985971,1.3,budget_depleted,1000.0
25,592,35535,0,0,0.0,0.0,0.0,1000.0,2.3601854985971,1.3,budget_depleted,1000.0
25,592,35550,0,0,0.0,0.0,0.0,1000.0,2.3601854985971,1.3,budget_depleted,1000.0
25,592,35565,0,0,0.0,0.0,0.0,1000.0,2.3601854985971,1.3,budget_depleted,1000.0
25,593,35580,0,0,0.0,0.0,0.0,1000.0,2.3365836436111294,1.3,budget_depleted,1000.0
25,593,35595,0,0,0.0,0.0,0.0,1000.0,2.3365836436111294,1.3,budget_depleted,1000.0
25,593,35610,0,0,0.0,0.0,0.0,1000.0,2.3365836436111294,1.3,budget_depleted,1000.0
25,593,35625,0,0,0.0,0.0,0.0,1000.0,2.3365836436111294,1.3,budget_depleted,1000.0
25,594,35640,0,0,0.0,0.0,0.0,1000.0,2.3132178071750182,1.3,budget_depleted,1000.0
25,594,35655,0,0,0.0,0.0,0.0,1000.0,2.3132178071750182,1.3,budget_depleted,1000.0
25,594,35670,0,0,0.0,0.0,0.0,1000.0,2.3132178071750182,1.3,budget_depleted,1000.0
25,594,35685,0,0,0.0,0.0,0.0,1000.0,2.3132178071750182,1.3,budget_depleted,1000.0
25,595,35700,0,0,0.0,0.0,0.0,1000.0,2.2900856291032685,1.3,budget_depleted,1000.0
25,595,35715,0,0,0.0,0.0,0.0,1000.0,2.2900856291032685,1.3,budget_depleted,1000.0
25,595,35730,0,0,0.0,0.0,0.0,1000.0,2.2900856291032685,1.3,budget_depleted,1000.0
25,595,35745,0,0,0.0,0.0,0.0,1000.0,2.2900856291032685,1.3,budget_depleted,1000.0
25,596,35760,0,0,0.0,0.0,0.0,1000.0,2.5190941920135956,1.3,budget_depleted,1000.0
25,596,35775,0,0,0.0,0.0,0.0,1000.0,2.5190941920135956,1.3,budget_depleted,1000.0
25,596,35790,0,0,0.0,0.0,0.0,1000.0,2.5190941920135956,1.3,budget_depleted,1000.0
25,596,35805,0,0,0.0,0.0,0.0,1000.0,2.5190941920135956,1.3,budget_depleted,1000.0
25,597,35820,0,0,0.0,0.0,0.0,1000.0,2.7710036112149554,1.3,budget_depleted,1000.0
25,597,35835,0,0,0.0,0.0,0.0,1000.0,2.7710036112149554,1.3,budget_depleted,1000.0
25,597,35850,0,0,0.0,0.0,0.0,1000.0,2.7710036112149554,1.3,budget_depleted,1000.0
25,597,35865,0,0,0.0,0.0,0.0,1000.0,2.7710036112149554,1.3,budget_depleted,1000.0
25,598,35880,0,0,0.0,0.0,0.0,1000.0,3.048103972336451,1.3,budget_depleted,1000.0
25,598,35895,0,0,0.0,0.0,0.0,1000.0,3.048103972336451,1.3,budget_depleted,1000.0
25,598,35910,0,0,0.0,0.0,0.0,1000.0,3.048103972336451,1.3,budget_depleted,1000.0
25,598,35925,0,0,0.0,0.0,0.0,1000.0,3.048103972336451,1.3,budget_depleted,1000.0
25,599,35940,0,0,0.0,0.0,0.0,1000.0,3.3529143695700965,1.3,budget_depleted,1000.0
25,599,35955,0,0,0.0,0.0,0.0,1000.0,3.3529143695700965,1.3,budget_depleted,1000.0
25,599,35970,0,0,0.0,0.0,0.0,1000.0,3.3529143695700965,1.3,budget_depleted,1000.0
25,599,35985,0,0,0.0,0.0,0.0,1000.0,3.3529143695700965,1.3,budget_depleted,1000.0
26,600,36000,0,0,0.0,0.0,0.0,1000.0,3.3529143695700965,1.3,normal,0.0
26,600,36015,11,0,33.6524,33.6524,3.0593,1000.0,3.3529143695700965,1.3,normal,33.6524
26,600,36030,14,1,10.6307,10.6307,0.7593,1000.0,3.3529143695700965,1.3,normal,44.2831
26,600,36045,19,1,40.4773,40.4773,2.1304,1000.0,3.3529143695700965,1.3,normal,84.7604
26,601,36060,11,0,40.5703,40.5703,3.6882,1000.0,3.6882058065271064,1.3,normal,125.3307
26,601,36075,15,0,6.1132,6.1132,0.4075,1000.0,3.6882058065271064,1.3,normal,131.4439
26,601,36090,8,0,6.3355,6.3355,0.7919,1000.0,3.6882058065271064,1.3,normal,137.7794
26,601,36105,14,0,51.6349,51.6349,3.6882,1000.0,3.6882058065271064,1.3,normal,189.4143
26,602,36120,3,0,9.9582,9.9582,3.3194,1000.0,3.3193852258743957,1.3,normal,199.3725
26,602,36135,7,0,12.7903,12.7903,1.8272,1000.0,3.3193852258743957,1.3,normal,212.1628
26,602,36150,9,0,29.8745,29.8745,3.3194,1000.0,3.3193852258743957,1.3,normal,242.0373
26,602,36165,7,0,23.2357,23.2357,3.3194,1000.0,3.3193852258743957,1.3,normal,265.273
26,603,36180,5,0,13.5212,13.5212,2.7042,1000.0,2.987446703286956,1.3,normal,278.7942
26,603,36195,4,0,7.8313,7.8313,1.9578,1000.0,2.987446703286956,1.3,normal,286.6255
26,603,36210,4,0,0.1993,0.1993,0.0498,1000.0,2.987446703286956,1.3,normal,286.8248
26,603,36225,6,0,16.7487,16.7487,2.7915,1000.0,2.987446703286956,1.3,normal,303.5735
26,604,36240,6,0,7.1909,7.1909,1.1985,1000.0,2.5542669313103477,1.3,normal,310.7644
26,604,36255,9,0,19.0097,19.0097,2.1122,1000.0,2.5542669313103477,1.3,normal,329.7741
26,604,36270,3,0,7.6628,7.6628,2.5543,1000.0,2.5542669313103477,1.3,normal,337.4369
26,604,36285,6,0,15.3256,15.3256,2.5543,1000.0,2.5542669313103477,1.3,normal,352.7625
26,605,36300,5,0,12.1328,12.1328,2.4266,1000.0,2.42655358474483,1.3,normal,364.8953
26,605,36315,7,0,14.3859,14.3859,2.0551,1000.0,2.42655358474483,1.3,normal,379.2812
26,605,36330,7,0,15.088,15.088,2.1554,1000.0,2.42655358474483,1.3,normal,394.3692
26,605,36345,7,0,8.8977,8.8977,1.2711,1000.0,2.42655358474483,1.3,normal,403.2669
26,606,36360,3,0,6.1877,6.1877,2.0626,1000.0,2.0625705470331055,1.3,normal,409.4546
26,606,36375,3,0,6.1877,6.1877,2.0626,1000.0,2.0625705470331055,1.3,normal,415.6423
26,606,36390,8,0,16.5006,16.5006,2.0626,1000.0,2.0625705470331055,1.3,normal,432.1429
26,606,36405,5,0,10.3129,10.3129,2.0626,1000.0,2.0625705470331055,1.3,normal,442.4558
26,607,36420,8,0,12.3754,12.3754,1.5469,1000.0,1.546927910274829,1.3,normal,454.8312
26,607,36435,1,0,1.5469,1.5469,1.5469,1000.0,1.546927910274829,1.3,normal,456.3781
26,607,36450,4,1,1.1991,1.1991,0.2998,1000.0,1.546927910274829,1.3,normal,457.5772
26,607,36465,4,0,6.1877,6.1877,1.5469,1000.0,1.546927910274829,1.3,normal,463.7649
26,608,36480,6,0,6.9612,6.9612,1.1602,1000.0,1.1601959327061218,1.3,normal,470.7261
26,608,36495,6,0,2.4865,2.4865,0.4144,1000.0,1.1601959327061218,1.3,normal,473.2126
26,608,36510,3,0,3.384,3.384,1.128,1000.0,1.1601959327061218,1.3,normal,476.5966
26,608,36525,1,0,1.1602,1.1602,1.1602,1000.0,1.1601959327061218,1.3,normal,477.7568
26,609,36540,2,0,1.7403,1.7403,0.8701,1000.0,0.8701469495295913,1.3,normal,479.4971
26,609,36555,2,0,1.7403,1.7403,0.8701,1000.0,0.8701469495295913,1.3,normal,481.2374
26,609,36570,1,0,0.2229,0.2229,0.2229,1000.0,0.8701469495295913,1.3,normal,481.4603
26,609,36585,0,0,0.0,0.0,0.8701,1000.0,0.8701469495295913,1.3,normal,481.4603
26,610,36600,2,0,1.4357,1.4357,0.7179,1000.0,0.7178712333619128,1.3,normal,482.896
26,610,36615,2,0,1.4357,1.4357,0.7179,1000.0,0.7178712333619128,1.3,normal,484.3317
26,610,36630,3,0,2.1536,2.1536,0.7179,1000.0,0.7178712333619128,1.3,normal,486.4853
26,610,36645,1,0,0.7179,0.7179,0.7179,1000.0,0.7178712333619128,1.3,normal,487.2032
26,611,36660,1,0,0.5922,0.5922,0.5922,1000.0,0.5922437675235781,1.3,normal,487.7954
26,611,36675,1,0,0.5922,0.5922,0.5922,1000.0,0.5922437675235781,1.3,normal,488.3876
26,611,36690,1,0,0.5922,0.5922,0.5922,1000.0,0.5922437675235781,1.3,normal,488.9798
26,611,36705,3,1,1.7767,1.7767,0.5922,1000.0,0.5922437675235781,1.3,normal,490.7565
26,612,36720,2,0,0.1048,0.1048,0.0524,1000.0,0.5,1.3,normal,490.8613
26,612,36735,3,0,1.5,1.5,0.5,1000.0,0.5,1.3,normal,492.3613
26,612,36750,1,0,0.5,0.5,0.5,1000.0,0.5,1.3,normal,492.8613
26,612,36765,1,0,0.5,0.5,0.5,1000.0,0.5,1.3,normal,493.3613
26,613,36780,1,0,0.5,0.5,0.5,1000.0,0.5,1.3,normal,493.8613
26,613,36795,2,0,1.0,1.0,0.5,1000.0,0.5,1.3,normal,494.8613
26,613,36810,0,0,0.0,0.0,0.5,1000.0,0.5,1.3,normal,494.8613
26,613,36825,0,0,0.0,0.0,0.1913,1000.0,0.5,1.3,normal,494.8613
26,614,36840,2,0,1.0,1.0,0.5,1000.0,0.5,1.3,normal,495.8613
26,614,36855,0,0,0.0,0.0,0.5,1000.0,0.5,1.3,normal,495.8613
26,614,36870,1,0,0.5,0.5,0.5,1000.0,0.5,1.3,normal,496.3613
26,614,36885,0,0,0.0,0.0,0.5,1000.0,0.5,1.3,normal,496.3613
26,615,36900,1,0,0.5,0.5,0.5,1000.0,0.5,1.3,normal,496.8613
26,615,36915,2,0,1.0,1.0,0.5,1000.0,0.5,1.3,normal,497.8613
26,615,36930,2,0,0.2876,0.2876,0.1438,1000.0,0.5,1.3,normal,498.1489
26,615,36945,0,0,0.0,0.0,0.5,1000.0,0.5,1.3,normal,498.1489
26,616,36960,1,0,0.5,0.5,0.5,1000.0,0.5,1.3,normal,498.6489
26,616,36975,0,0,0.0,0.0,0.5,1000.0,0.5,1.3,normal,498.6489
26,616,36990,1,0,0.5,0.5,0.5,1000.0,0.5,1.3,normal,499.1489
26,616,37005,0,0,0.0,0.0,0.5,1000.0,0.5,1.3,normal,499.1489
26,617,37020,1,0,0.3333,0.3333,0.3333,1000.0,0.5,1.3,normal,499.4822
26,617,37035,2,0,1.0,1.0,0.5,1000.0,0.5,1.3,normal,500.4822
26,617,37050,1,0,0.5,0.5,0.5,1000.0,0.5,1.3,normal,500.9822
26,617,37065,2,0,1.0,1.0,0.5,1000.0,0.5,1.3,normal,501.9822
26,618,37080,1,0,0.1293,0.1293,0.1293,1000.0,0.5,1.3,normal,502.1115
26,618,37095,1,0,0.5,0.5,0.5,1000.0,0.5,1.3,normal,502.6115
26,618,37110,2,0,1.0,1.0,0.5,1000.0,0.5,1.3,normal,503.6115
26,618,37125,0,0,0.0,0.0,0.5,1000.0,0.5,1.3,normal,503.6115
26,619,37140,2,0,1.0,1.0,0.5,1000.0,0.5,1.3,normal,504.6115
26,619,37155,0,0,0.0,0.0,0.5,1000.0,0.5,1.3,normal,504.6115
26,619,37170,1,0,0.5,0.5,0.5,1000.0,0.5,1.3,normal,505.1115
26,619,37185,1,0,0.5,0.5,0.5,1000.0,0.5,1.3,normal,505.6115
26,620,37200,1,0,0.5,0.5,0.5,1000.0,0.5,1.3,normal,506.1115
26,620,37215,0,0,0.0,0.0,0.5,1000.0,0.5,1.3,normal,506.1115
26,620,37230,2,0,1.0,1.0,0.5,1000.0,0.5,1.3,normal,507.1115
26,620,37245,0,0,0.0,0.0,0.5,1000.0,0.5,1.3,normal,507.1115
26,621,37260,1,0,0.5,0.5,0.5,1000.0,0.5,1.3,normal,507.6115
26,621,37275,0,0,0.0,0.0,0.5,1000.0,0.5,1.3,normal,507.6115
26,621,37290,2,0,1.0,1.0,0.5,1000.0,0.5,1.3,normal,508.6115
26,621,37305,2,0,1.0,1.0,0.5,1000.0,0.5,1.3,normal,509.6115
26,622,37320,2,0,1.0,1.0,0.5,1000.0,0.5,1.3,normal,510.6115
26,622,37335,0,0,0.0,0.0,0.5,1000.0,0.5,1.3,normal,510.6115
26,622,37350,1,0,0.5,0.5,0.5,1000.0,0.5,1.3,normal,511.1115
26,622,37365,1,0,0.5,0.5,0.5,1000.0,0.5,1.3,normal,511.6115
26,623,37380,2,0,1.0,1.0,0.5,1000.0,0.5,1.3,normal,512.6115
26,623,37395,0,0,0.0,0.0,0.1862,1000.0,0.5,1.3,normal,512.6115
26,623,37410,3,0,1.5,1.5,0.5,1000.0,0.5,1.3,normal,514.1115
26,623,37425,1,0,0.5,0.5,0.5,1000.0,0.5,1.3,normal,514.6115
27,624,37440,0,0,0.0,0.0,0.5,1000.0,0.5,1.3,normal,0.0
27,624,37455,2,0,1.0,1.0,0.5,1000.0,0.5,1.3,normal,1.0
27,624,37470,1,0,0.5,0.5,0.5,1000.0,0.5,1.3,normal,1.5
27,624,37485,0,0,0.0,0.0,0.5,1000.0,0.5,1.3,normal,1.5
27,625,37500,3,0,1.5,1.5,0.5,1000.0,0.5,1.0,normal,3.0
27,625,37515,2,0,1.0,1.0,0.5,1000.0,0.5,1.0,normal,4.0
27,625,37530,2,0,0.5165,0.5165,0.2583,1000.0,0.5,1.0,normal,4.5165
27,625,37545,1,0,0.5,0.5,0.5,1000.0,0.5,1.0,normal,5.0165
27,626,37560,4,0,0.1127,0.1127,0.0282,1000.0,0.5,1.0,normal,5.1292
27,626,37575,3,0,0.303,0.303,0.101,1000.0,0.5,1.0,normal,5.4322
27,626,37590,1,0,0.5,0.5,0.5,1000.0,0.5,1.0,normal,5.9322
27,626,37605,0,0,0.0,0.0,0.5,1000.0,0.5,1.0,normal,5.9322
27,627,37620,3,1,0.9861,0.9861,0.3287,1000.0,0.5,1.0,normal,6.9183
27,627,37635,0,0,0.0,0.0,0.4696,1000.0,0.5,1.0,normal,6.9183
27,627,37650,1,0,0.5,0.5,0.5,1000.0,0.5,1.0,normal,7.4183
27,627,37665,1,0,0.5,0.5,0.5,1000.0,0.5,1.0,normal,7.9183
27,628,37680,2,0,1.1,1.1,0.55,1000.0,0.55,1.0,normal,9.0183
27,628,37695,1,0,0.55,0.55,0.55,1000.0,0.55,1.0,normal,9.5683
27,628,37710,1,0,0.55,0.55,0.55,1000.0,0.55,1.0,normal,10.1183
27,628,37725,0,0,0.0,0.0,0.4509,1000.0,0.55,1.0,normal,10.1183
27,629,37740,2,0,1.331,1.331,0.6655,1000.0,0.6655000000000002,1.0,normal,11.4493
27,629,37755,1,0,0.6655,0.6655,0.6655,1000.0,0.6655000000000002,1.0,normal,12.1148
27,629,37770,2,0,1.331,1.331,0.6655,1000.0,0.6655000000000002,1.0,normal,13.4458
27,629,37785,4,0,2.662,2.662,0.6655,1000.0,0.6655000000000002,1.0,normal,16.1078
27,630,37800,3,0,2.4158,2.4158,0.8053,1000.0,0.8052550000000004,1.0,normal,18.5236
27,630,37815,2,0,1.6105,1.6105,0.8053,1000.0,0.8052550000000004,1.0,normal,20.1341
27,630,37830,3,0,0.4873,0.4873,0.1624,1000.0,0.8052550000000004,1.0,normal,20.6214
27,630,37845,2,1,1.6105,1.6105,0.8053,1000.0,0.8052550000000004,1.0,normal,22.2319
27,631,37860,5,0,1.7449,1.7449,0.349,1000.0,0.9743585500000007,1.0,normal,23.9768
27,631,37875,5,0,4.8718,4.8718,0.9744,1000.0,0.9743585500000007,1.0,normal,28.8486
27,631,37890,4,0,3.8974,3.8974,0.9744,1000.0,0.9743585500000007,1.0,normal,32.746
27,631,37905,0,0,0.0,0.0,0.9744,1000.0,0.9743585500000007,1.0,normal,32.746
27,632,37920,3,0,3.5369,3.5369,1.179,1000.0,1.178973845500001,1.0,normal,36.2829
27,632,37935,4,0,4.7159,4.7159,1.179,1000.0,1.178973845500001,1.0,normal,40.9988
27,632,37950,2,0,0.1703,0.1703,0.0851,1000.0,1.178973845500001,1.0,normal,41.1691
27,632,37965,3,0,3.5369,3.5369,1.179,1000.0,1.178973845500001,1.0,normal,44.706
27,633,37980,5,0,1.1637,1.1637,0.2327,1000.0,1.4265583530550014,1.0,normal,45.8697
27,633,37995,4,0,2.0495,2.0495,0.5124,1000.0,1.4265583530550014,1.0,normal,47.9192
27,633,38010,5,0,7.1328,7.1328,1.4266,1000.0,1.4265583530550014,1.0,normal,55.052
27,633,38025,2,0,2.8531,2.8531,1.4266,1000.0,1.4265583530550014,1.0,normal,57.9051
27,634,38040,8,1,13.8091,13.8091,1.7261,1000.0,1.7261356071965521,1.0,normal,71.7142
27,634,38055,4,0,0.8296,0.8296,0.2074,1000.0,1.7261356071965521,1.0,normal,72.5438
27,634,38070,5,0,8.6307,8.6307,1.7261,1000.0,1.7261356071965521,1.0,normal,81.1745
27,634,38085,3,0,2.2641,2.2641,0.7547,1000.0,1.7261356071965521,1.0,normal,83.4386
27,635,38100,2,0,4.1772,4.1772,2.0886,1000.0,2.088624084707828,1.0,normal,87.6158
27,635,38115,6,0,12.5317,12.5317,2.0886,1000.0,2.088624084707828,1.0,normal,100.1475
27,635,38130,5,0,7.1781,7.1781,1.4356,1000.0,2.088624084707828,1.0,normal,107.3256
27,635,38145,6,0,7.5419,7.5419,1.257,1000.0,2.088624084707828,1.0,normal,114.8675
27,636,38160,13,0,5.1926,5.1926,0.3994,1000.0,5.0,1.0,normal,120.0601
27,636,38175,6,0,19.6869,19.6869,3.2812,1000.0,5.0,1.0,normal,139.747
27,636,38190,13,0,65.0,65.0,5.0,1000.0,5.0,1.0,normal,204.747
27,636,38205,17,0,32.5241,32.5241,1.9132,1000.0,5.0,1.0,normal,237.2711
27,637,38220,12,1,56.4833,56.4833,4.7069,1000.0,5.225,1.0,normal,293.7544
27,637,38235,10,0,28.3403,28.3403,2.834,1000.0,5.225,1.0,normal,322.0947
27,637,38250,18,1,23.3135,23.3135,1.2952,1000.0,5.225,1.0,normal,345.4082
27,637,38265,14,0,73.15,73.15,5.225,1000.0,5.225,1.0,normal,418.5582
27,638,38280,15,0,31.0688,31.0688,2.0713,1000.0,5.460125000000001,1.0,normal,449.627
27,638,38295,6,0,0.7093,0.7093,0.1182,1000.0,5.460125000000001,1.0,normal,450.3363
27,638,38310,18,0,98.2823,98.2823,5.4601,1000.0,5.460125000000001,1.0,normal,548.6186
27,638,38325,14,1,66.2335,66.2335,4.731,1000.0,5.460125000000001,1.0,normal,614.8521
27,639,38340,15,0,64.8448,64.8448,4.323,1000.0,4.504603125000001,1.0,normal,679.6969
27,639,38355,7,0,31.5322,31.5322,4.5046,1000.0,4.504603125000001,1.0,normal,711.2291
27,639,38370,16,1,70.5733,70.5733,4.4108,1000.0,4.504603125000001,1.0,normal,781.8024
27,639,38385,16,2,70.1524,35.0762,4.3845,1000.0,4.504603125000001,1.0,normal,851.9548
27,640,38400,8,1,25.5462,25.5462,3.1933,1000.0,3.828912656250001,1.0,normal,877.501
27,640,38415,9,0,34.4602,34.4602,3.8289,1000.0,3.828912656250001,1.0,budget_constrained,911.9612
27,640,38430,9,0,28.9952,28.9952,3.2217,1000.0,3.828912656250001,1.0,budget_constrained,940.9564
27,640,38445,4,0,15.3157,15.3157,3.8289,1000.0,3.828912656250001,1.0,budget_constrained,956.2721
27,641,38460,13,1,43.7279,43.7279,3.2546,1000.0,3.2545757578125007,1.0,budget_constrained,1000.0
27,641,38475,0,0,0.0,0.0,2.3981,1000.0,3.2545757578125007,1.0,budget_constrained,1000.0
27,641,38490,0,0,0.0,0.0,1.1614,1000.0,3.2545757578125007,1.0,budget_constrained,1000.0
27,641,38505,0,0,0.0,0.0,2.2289,1000.0,3.2545757578125007,1.0,budget_constrained,1000.0
27,642,38520,0,0,0.0,0.0,2.7664,1000.0,2.7663893941406257,1.0,budget_constrained,1000.0
27,642,38535,0,0,0.0,0.0,2.7664,1000.0,2.7663893941406257,1.0,budget_constrained,1000.0
27,642,38550,0,0,0.0,0.0,2.7664,1000.0,2.7663893941406257,1.0,budget_constrained,1000.0
27,642,38565,0,0,0.0,0.0,0.1368,1000.0,2.7663893941406257,1.0,budget_constrained,1000.0
27,643,38580,0,0,0.0,0.0,1.3555,1000.0,2.351430985019532,1.0,budget_constrained,1000.0
27,643,38595,0,0,0.0,0.0,2.3514,1000.0,2.351430985019532,1.0,budget_constrained,1000.0
27,643,38610,0,0,0.0,0.0,2.3514,1000.0,2.351430985019532,1.0,budget_constrained,1000.0
27,643,38625,0,0,0.0,0.0,2.3514,1000.0,2.351430985019532,1.0,budget_constrained,1000.0
27,644,38640,0,0,0.0,0.0,1.4994,1000.0,1.998716337266602,1.0,budget_constrained,1000.0
27,644,38655,0,0,0.0,0.0,1.9987,1000.0,1.998716337266602,1.0,budget_constrained,1000.0
27,644,38670,0,0,0.0,0.0,1.2786,1000.0,1.998716337266602,1.0,budget_constrained,1000.0
27,644,38685,0,0,0.0,0.0,0.1727,1000.0,1.998716337266602,1.0,budget_constrained,1000.0
27,645,38700,0,0,0.0,0.0,1.6989,1000.0,1.6989088866766116,1.0,budget_constrained,1000.0
27,645,38715,0,0,0.0,0.0,0.3685,1000.0,1.6989088866766116,1.0,budget_constrained,1000.0
27,645,38730,0,0,0.0,0.0,1.6989,1000.0,1.6989088866766116,1.0,budget_constrained,1000.0
27,645,38745,0,0,0.0,0.0,1.6989,1000.0,1.6989088866766116,1.0,budget_constrained,1000.0
27,646,38760,0,0,0.0,0.0,1.4441,1000.0,1.4440725536751198,1.0,budget_constrained,1000.0
27,646,38775,0,0,0.0,0.0,0.4646,1000.0,1.4440725536751198,1.0,budget_constrained,1000.0
27,646,38790,0,0,0.0,0.0,0.0672,1000.0,1.4440725536751198,1.0,budget_constrained,1000.0
27,646,38805,0,0,0.0,0.0,0.1755,1000.0,1.4440725536751198,1.0,budget_constrained,1000.0
27,647,38820,0,0,0.0,0.0,1.0288,1000.0,1.2274616706238517,1.0,budget_constrained,1000.0
27,647,38835,0,0,0.0,0.0,1.2275,1000.0,1.2274616706238517,1.0,budget_constrained,1000.0
27,647,38850,0,0,0.0,0.0,0.7534,1000.0,1.2274616706238517,1.0,budget_constrained,1000.0
27,647,38865,0,0,0.0,0.0,1.2275,1000.0,1.2274616706238517,1.0,budget_constrained,1000.0
28,648,38880,0,0,0.0,0.0,1.0433,1000.0,1.0433424200302739,1.0,normal,0.0
28,648,38895,5,0,0.5158,0.5158,0.1032,1000.0,1.0433424200302739,1.0,normal,0.5158
28,648,38910,2,0,2.0867,2.0867,1.0433,1000.0,1.0433424200302739,1.0,normal,2.6025
28,648,38925,1,0,1.0433,1.0433,1.0433,1000.0,1.0433424200302739,1.0,normal,3.6458
28,649,38940,2,0,1.7737,1.7737,0.8868,1000.0,0.8868410570257328,1.0,normal,5.4195
28,649,38955,1,0,0.8868,0.8868,0.8868,1000.0,0.8868410570257328,1.0,normal,6.3063
28,649,38970,1,0,0.8868,0.8868,0.8868,1000.0,0.8868410570257328,1.0,normal,7.1931
28,649,38985,1,0,0.8868,0.8868,0.8868,1000.0,0.8868410570257328,1.0,normal,8.0799
28,650,39000,4,0,0.4623,0.4623,0.1156,1000.0,0.7538148984718729,1.0,normal,8.5422
28,650,39015,1,0,0.7538,0.7538,0.7538,1000.0,0.7538148984718729,1.0,normal,9.296
28,650,39030,3,0,0.8322,0.8322,0.2774,1000.0,0.7538148984718729,1.0,normal,10.1282
28,650,39045,1,0,0.7538,0.7538,0.7538,1000.0,0.7538148984718729,1.0,normal,10.882
28,651,39060,1,0,0.6407,0.6407,0.6407,1000.0,0.6407426637010919,1.0,normal,11.5227
28,651,39075,2,0,1.2815,1.2815,0.6407,1000.0,0.6407426637010919,1.0,normal,12.8042
28,651,39090,1,0,0.3254,0.3254,0.3254,1000.0,0.6407426637010919,1.0,normal,13.1296
28,651,39105,3,0,1.9222,1.9222,0.6407,1000.0,0.6407426637010919,1.0,normal,15.0518
28,652,39120,2,0,1.0893,1.0893,0.5446,1000.0,0.5446312641459281,1.0,normal,16.1411
28,652,39135,1,0,0.5446,0.5446,0.5446,1000.0,0.5446312641459281,1.0,normal,16.6857
28,652,39150,0,0,0.0,0.0,0.2523,1000.0,0.5446312641459281,1.0,normal,16.6857
28,652,39165,0,0,0.0,0.0,0.5446,1000.0,0.5446312641459281,1.0,normal,16.6857
28,653,39180,3,0,1.5,1.5,0.5,1000.0,0.5,1.0,normal,18.1857
28,653,39195,1,0,0.0801,0.0801,0.0801,1000.0,0.5,1.0,normal,18.2658
28,653,39210,2,0,1.0,1.0,0.5,1000.0,0.5,1.0,normal,19.2658
28,653,39225,1,0,0.5,0.5,0.5,1000.0,0.5,1.0,normal,19.7658
28,654,39240,2,0,1.0,1.0,0.5,1000.0,0.5,1.0,normal,20.7658
28,654,39255,1,0,0.4519,0.4519,0.4519,1000.0,0.5,1.0,normal,21.2177
28,654,39270,0,0,0.0,0.0,0.5,1000.0,0.5,1.0,normal,21.2177
28,654,39285,3,0,1.5,1.5,0.5,1000.0,0.5,1.0,normal,22.7177
28,655,39300,3,0,1.5,1.5,0.5,1000.0,0.5,1.0,normal,24.2177
28,655,39315,3,0,1.5,1.5,0.5,1000.0,0.5,1.0,normal,25.7177
28,655,39330,0,0,0.0,0.0,0.5,1000.0,0.5,1.0,normal,25.7177
28,655,39345,1,0,0.5,0.5,0.5,1000.0,0.5,1.0,normal,26.2177
28,656,39360,1,0,0.5,0.5,0.5,1000.0,0.5,1.0,normal,26.7177
28,656,39375,2,0,0.6458,0.6458,0.3229,1000.0,0.5,1.0,normal,27.3635
28,656,39390,2,0,1.0,1.0,0.5,1000.0,0.5,1.0,normal,28.3635
28,656,39405,3,0,1.5,1.5,0.5,1000.0,0.5,1.0,normal,29.8635
28,657,39420,1,0,0.5,0.5,0.5,1000.0,0.5,1.0,normal,30.3635
28,657,39435,2,0,1.0,1.0,0.5,1000.0,0.5,1.0,normal,31.3635
28,657,39450,4,0,2.0,2.0,0.5,1000.0,0.5,1.0,normal,33.3635
28,657,39465,1,0,0.1375,0.1375,0.1375,1000.0,0.5,1.0,normal,33.501
28,658,39480,1,0,0.5,0.5,0.5,1000.0,0.5,1.0,normal,34.001
28,658,39495,1,0,0.5,0.5,0.5,1000.0,0.5,1.0,normal,34.501
28,658,39510,4,0,2.0,2.0,0.5,1000.0,0.5,1.0,normal,36.501
28,658,39525,1,0,0.0714,0.0714,0.0714,1000.0,0.5,1.0,normal,36.5724
28,659,39540,1,0,0.1158,0.1158,0.1158,1000.0,0.5,1.0,normal,36.6882
28,659,39555,0,0,0.0,0.0,0.5,1000.0,0.5,1.0,normal,36.6882
28,659,39570,1,0,0.5,0.5,0.5,1000.0,0.5,1.0,normal,37.1882
28,659,39585,3,0,1.5,1.5,0.5,1000.0,0.5,1.0,normal,38.6882
28,660,39600,2,0,1.0,1.0,0.5,1000.0,0.5,1.0,normal,39.6882
28,660,39615,1,0,0.5,0.5,0.5,1000.0,0.5,1.0,normal,40.1882
28,660,39630,0,0,0.0,0.0,0.5,1000.0,0.5,1.0,normal,40.1882
28,660,39645,0,0,0.0,0.0,0.5,1000.0,0.5,1.0,normal,40.1882
28,661,39660,4,0,2.0,2.0,0.5,1000.0,0.5,1.0,normal,42.1882
28,661,39675,1,0,0.166,0.166,0.166,1000.0,0.5,1.0,normal,42.3542
28,661,39690,1,1,0.5,0.5,0.5,1000.0,0.5,1.0,normal,42.8542
28,661,39705,1,0,0.5,0.5,0.5,1000.0,0.5,1.0,normal,43.3542
28,662,39720,3,0,1.5,1.5,0.5,1000.0,0.5,1.0,normal,44.8542
28,662,39735,0,0,0.0,0.0,0.5,1000.0,0.5,1.0,normal,44.8542
28,662,39750,1,0,0.5,0.5,0.5,1000.0,0.5,1.0,normal,45.3542
28,662,39765,1,0,0.5,0.5,0.5,1000.0,0.5,1.0,normal,45.8542
28,663,39780,2,0,0.3744,0.3744,0.1872,1000.0,0.55,1.0,normal,46.2286
28,663,39795,1,0,0.55,0.55,0.55,1000.0,0.55,1.0,normal,46.7786
28,663,39810,5,0,2.75,2.75,0.55,1000.0,0.55,1.0,normal,49.5286
28,663,39825,0,0,0.0,0.0,0.55,1000.0,0.55,1.0,normal,49.5286
28,664,39840,3,0,1.815,1.815,0.605,1000.0,0.6050000000000001,1.0,normal,51.3436
28,664,39855,1,0,0.605,0.605,0.605,1000.0,0.6050000000000001,1.0,normal,51.9486
28,664,39870,1,0,0.605,0.605,0.605,1000.0,0.6050000000000001,1.0,normal,52.5536
28,664,39885,0,0,0.0,0.0,0.605,1000.0,0.6050000000000001,1.0,normal,52.5536
28,665,39900,1,0,0.6527,0.6527,0.6527,1000.0,0.7320500000000003,1.0,normal,53.2063
28,665,39915,2,0,1.3442,1.3442,0.6721,1000.0,0.7320500000000003,1.0,normal,54.5505
28,665,39930,0,0,0.0,0.0,0.7321,1000.0,0.7320500000000003,1.0,normal,54.5505
28,665,39945,2,0,1.0074,1.0074,0.5037,1000.0,0.7320500000000003,1.0,normal,55.5579
28,666,39960,4,1,3.5431,3.5431,0.8858,1000.0,0.8857805000000005,1.0,normal,59.101
28,666,39975,6,1,3.9476,3.9476,0.6579,1000.0,0.8857805000000005,1.0,normal,63.0486
28,666,39990,4,0,3.5431,3.5431,0.8858,1000.0,0.8857805000000005,1.0,normal,66.5917
28,666,40005,0,0,0.0,0.0,0.8858,1000.0,0.8857805000000005,1.0,normal,66.5917
28,667,40020,4,0,2.6473,2.6473,0.6618,1000.0,1.0717944050000008,1.0,normal,69.239
28,667,40035,4,0,4.2872,4.2872,1.0718,1000.0,1.0717944050000008,1.0,normal,73.5262
28,667,40050,6,1,6.4308,6.4308,1.0718,1000.0,1.0717944050000008,1.0,normal,79.957
28,667,40065,2,0,0.4469,0.4469,0.2235,1000.0,1.0717944050000008,1.0,normal,80.4039
28,668,40080,0,0,0.0,0.0,1.2969,1000.0,1.2968712300500012,1.0,normal,80.4039
28,668,40095,3,0,1.154,1.154,0.3847,1000.0,1.2968712300500012,1.0,normal,81.5579
28,668,40110,6,0,7.7812,7.7812,1.2969,1000.0,1.2968712300500012,1.0,normal,89.3391
28,668,40125,3,0,3.8906,3.8906,1.2969,1000.0,1.2968712300500012,1.0,normal,93.2297
28,669,40140,6,0,1.3622,1.3622,0.227,1000.0,1.5692141883605017,1.0,normal,94.5919
28,669,40155,6,0,9.4153,9.4153,1.5692,1000.0,1.5692141883605017,1.0,normal,104.0072
28,669,40170,5,0,7.8461,7.8461,1.5692,1000.0,1.5692141883605017,1.0,normal,111.8533
28,669,40185,5,0,7.8461,7.8461,1.5692,1000.0,1.5692141883605017,1.0,normal,119.6994
28,670,40200,1,0,1.8987,1.8987,1.8987,1000.0,1.8987491679162074,1.0,normal,121.5981
28,670,40215,5,0,4.3659,4.3659,0.8732,1000.0,1.8987491679162074,1.0,normal,125.964
28,670,40230,3,0,5.6962,5.6962,1.8987,1000.0,1.8987491679162074,1.0,normal,131.6602
28,670,40245,3,0,5.6962,5.6962,1.8987,1000.0,1.8987491679162074,1.0,normal,137.3564
28,671,40260,5,0,11.4874,11.4874,2.2975,1000.0,2.297486493178611,1.0,normal,148.8438
28,671,40275,7,0,0.9516,0.9516,0.1359,1000.0,2.297486493178611,1.0,normal,149.7954
28,671,40290,9,0,20.6774,20.6774,2.2975,1000.0,2.297486493178611,1.0,normal,170.4728
28,671,40305,6,0,12.4261,12.4261,2.071,1000.0,2.297486493178611,1.0,normal,182.8989
29,672,40320,18,1,90.0,90.0,5.0,1000.0,5.0,1.0,normal,90.0
29,672,40335,12,1,48.443,48.443,4.0369,1000.0,5.0,1.0,normal,138.443
29,672,40350,10,1,29.7173,29.7173,2.9717,1000.0,5.0,1.0,normal,168.1603
29,672,40365,21,1,31.7481,31.7481,1.5118,1000.0,5.0,1.0,normal,199.9084
29,673,40380,10,0,20.0093,20.0093,2.0009,1000.0,6.050000000000001,1.0,normal,219.9177
29,673,40395,18,1,108.0011,108.0011,6.0001,1000.0,6.050000000000001,1.0,normal,327.9188
29,673,40410,12,0,41.9576,41.9576,3.4965,1000.0,6.050000000000001,1.0,normal,369.8764
29,673,40425,15,0,45.2177,45.2177,3.0145,1000.0,6.050000000000001,1.0,normal,415.0941
29,674,40440,21,0,87.66,87.66,4.1743,1000.0,6.655000000000001,1.0,normal,502.7541
29,674,40455,17,1,87.9588,87.9588,5.174,1000.0,6.655000000000001,1.0,normal,590.7129
29,674,40470,13,0,86.515,86.515,6.655,1000.0,6.655000000000001,1.0,normal,677.2279
29,674,40485,20,2,133.1,66.55,6.655,1000.0,6.655000000000001,1.0,normal,810.3279
29,675,40500,13,0,2.1669,2.1669,0.1667,1000.0,6.32225,1.0,normal,812.4948
29,675,40515,12,0,45.8142,45.8142,3.8178,1000.0,6.32225,1.0,normal,858.309
29,675,40530,11,1,28.3357,28.3357,2.576,1000.0,6.32225,1.0,normal,886.6447
29,675,40545,14,0,76.2267,76.2267,5.4448,1000.0,6.32225,1.0,budget_constrained,962.8714
29,676,40560,7,0,25.1178,25.1178,3.5883,1000.0,5.40552375,1.0,budget_constrained,987.9892
29,676,40575,4,0,12.0108,12.0108,3.0016,1000.0,5.40552375,1.0,budget_depleted,1000.0
29,676,40590,0,0,0.0,0.0,0.0,1000.0,5.40552375,1.0,budget_depleted,1000.0
29,676,40605,0,0,0.0,0.0,0.0,1000.0,5.40552375,1.0,budget_depleted,1000.0
29,677,40620,0,0,0.0,0.0,0.0,1000.0,4.13522566875,1.0,budget_depleted,1000.0
29,677,40635,0,0,0.0,0.0,0.0,1000.0,4.13522566875,1.0,budget_depleted,1000.0
29,677,40650,0,0,0.0,0.0,0.0,1000.0,4.13522566875,1.0,budget_depleted,1000.0
29,677,40665,0,0,0.0,0.0,0.0,1000.0,4.13522566875,1.0,budget_depleted,1000.0
29,678,40680,0,0,0.0,0.0,0.0,1000.0,3.1634476365937503,1.0,budget_depleted,1000.0
29,678,40695,0,0,0.0,0.0,0.0,1000.0,3.1634476365937503,1.0,budget_depleted,1000.0
29,678,40710,0,0,0.0,0.0,0.0,1000.0,3.1634476365937503,1.0,budget_depleted,1000.0
29,678,40725,0,0,0.0,0.0,0.0,1000.0,3.1634476365937503,1.0,budget_depleted,1000.0
29,679,40740,0,0,0.0,0.0,0.0,1000.0,2.420037441994219,1.0,budget_depleted,1000.0
29,679,40755,0,0,0.0,0.0,0.0,1000.0,2.420037441994219,1.0,budget_depleted,1000.0
29,679,40770,0,0,0.0,0.0,0.0,1000.0,2.420037441994219,1.0,budget_depleted,1000.0
29,679,40785,0,0,0.0,0.0,0.0,1000.0,2.420037441994219,1.0,budget_depleted,1000.0
29,680,40800,0,0,0.0,0.0,0.0,1000.0,1.8513286431255775,1.0,budget_depleted,1000.0
29,680,40815,0,0,0.0,0.0,0.0,1000.0,1.8513286431255775,1.0,budget_depleted,1000.0
29,680,40830,0,0,0.0,0.0,0.0,1000.0,1.8513286431255775,1.0,budget_depleted,1000.0
29,680,40845,0,0,0.0,0.0,0.0,1000.0,1.8513286431255775,1.0,budget_depleted,1000.0
29,681,40860,0,0,0.0,0.0,0.0,1000.0,1.4162664119910666,1.0,budget_depleted,1000.0
29,681,40875,0,0,0.0,0.0,0.0,1000.0,1.4162664119910666,1.0,budget_depleted,1000.0
29,681,40890,0,0,0.0,0.0,0.0,1000.0,1.4162664119910666,1.0,budget_depleted,1000.0
29,681,40905,0,0,0.0,0.0,0.0,1000.0,1.4162664119910666,1.0,budget_depleted,1000.0
29,682,40920,0,0,0.0,0.0,0.0,1000.0,1.0834438051731659,1.0,budget_depleted,1000.0
29,682,40935,0,0,0.0,0.0,0.0,1000.0,1.0834438051731659,1.0,budget_depleted,1000.0
29,682,40950,0,0,0.0,0.0,0.0,1000.0,1.0834438051731659,1.0,budget_depleted,1000.0
29,682,40965,0,0,0.0,0.0,0.0,1000.0,1.0834438051731659,1.0,budget_depleted,1000.0
29,683,40980,0,0,0.0,0.0,0.0,1000.0,0.8288345109574718,1.0,budget_depleted,1000.0
29,683,40995,0,0,0.0,0.0,0.0,1000.0,0.8288345109574718,1.0,budget_depleted,1000.0
29,683,41010,0,0,0.0,0.0,0.0,1000.0,0.8288345109574718,1.0,budget_depleted,1000.0
29,683,41025,0,0,0.0,0.0,0.0,1000.0,0.8288345109574718,1.0,budget_depleted,1000.0
29,684,41040,0,0,0.0,0.0,0.0,1000.0,0.634058400882466,1.0,budget_depleted,1000.0
29,684,41055,0,0,0.0,0.0,0.0,1000.0,0.634058400882466,1.0,budget_depleted,1000.0
29,684,41070,0,0,0.0,0.0,0.0,1000.0,0.634058400882466,1.0,budget_depleted,1000.0
29,684,41085,0,0,0.0,0.0,0.0,1000.0,0.634058400882466,1.0,budget_depleted,1000.0
29,685,41100,0,0,0.0,0.0,0.0,1000.0,0.5421199327545084,1.0,budget_depleted,1000.0
29,685,41115,0,0,0.0,0.0,0.0,1000.0,0.5421199327545084,1.0,budget_depleted,1000.0
29,685,41130,0,0,0.0,0.0,0.0,1000.0,0.5421199327545084,1.0,budget_depleted,1000.0
29,685,41145,0,0,0.0,0.0,0.0,1000.0,0.5421199327545084,1.0,budget_depleted,1000.0
29,686,41160,0,0,0.0,0.0,0.0,1000.0,0.5,1.0,budget_depleted,1000.0
29,686,41175,0,0,0.0,0.0,0.0,1000.0,0.5,1.0,budget_depleted,1000.0
29,686,41190,0,0,0.0,0.0,0.0,1000.0,0.5,1.0,budget_depleted,1000.0
29,686,41205,0,0,0.0,0.0,0.0,1000.0,0.5,1.0,budget_depleted,1000.0
29,687,41220,0,0,0.0,0.0,0.0,1000.0,0.5,1.0,budget_depleted,1000.0
29,687,41235,0,0,0.0,0.0,0.0,1000.0,0.5,1.0,budget_depleted,1000.0
29,687,41250,0,0,0.0,0.0,0.0,1000.0,0.5,1.0,budget_depleted,1000.0
29,687,41265,0,0,0.0,0.0,0.0,1000.0,0.5,1.0,budget_depleted,1000.0
29,688,41280,0,0,0.0,0.0,0.0,1000.0,0.5,1.0,budget_depleted,1000.0
29,688,41295,0,0,0.0,0.0,0.0,1000.0,0.5,1.0,budget_depleted,1000.0
29,688,41310,0,0,0.0,0.0,0.0,1000.0,0.5,1.0,budget_depleted,1000.0
29,688,41325,0,0,0.0,0.0,0.0,1000.0,0.5,1.0,budget_depleted,1000.0
29,689,41340,0,0,0.0,0.0,0.0,1000.0,0.5,1.0,budget_depleted,1000.0
29,689,41355,0,0,0.0,0.0,0.0,1000.0,0.5,1.0,budget_depleted,1000.0
29,689,41370,0,0,0.0,0.0,0.0,1000.0,0.5,1.0,budget_depleted,1000.0
29,689,41385,0,0,0.0,0.0,0.0,1000.0,0.5,1.0,budget_depleted,1000.0
29,690,41400,0,0,0.0,0.0,0.0,1000.0,0.5,1.0,budget_depleted,1000.0
29,690,41415,0,0,0.0,0.0,0.0,1000.0,0.5,1.0,budget_depleted,1000.0
29,690,41430,0,0,0.0,0.0,0.0,1000.0,0.5,1.0,budget_depleted,1000.0
29,690,41445,0,0,0.0,0.0,0.0,1000.0,0.5,1.0,budget_depleted,1000.0
29,691,41460,0,0,0.0,0.0,0.0,1000.0,0.5,1.0,budget_depleted,1000.0
29,691,41475,0,0,0.0,0.0,0.0,1000.0,0.5,1.0,budget_depleted,1000.0
29,691,41490,0,0,0.0,0.0,0.0,1000.0,0.5,1.0,budget_depleted,1000.0
29,691,41505,0,0,0.0,0.0,0.0,1000.0,0.5,1.0,budget_depleted,1000.0
29,692,41520,0,0,0.0,0.0,0.0,1000.0,0.5,1.0,budget_depleted,1000.0
29,692,41535,0,0,0.0,0.0,0.0,1000.0,0.5,1.0,budget_depleted,1000.0
29,692,41550,0,0,0.0,0.0,0.0,1000.0,0.5,1.0,budget_depleted,1000.0
29,692,41565,0,0,0.0,0.0,0.0,1000.0,0.5,1.0,budget_depleted,1000.0
29,693,41580,0,0,0.0,0.0,0.0,1000.0,0.5,1.0,budget_depleted,1000.0
29,693,41595,0,0,0.0,0.0,0.0,1000.0,0.5,1.0,budget_depleted,1000.0
29,693,41610,0,0,0.0,0.0,0.0,1000.0,0.5,1.0,budget_depleted,1000.0
29,693,41625,0,0,0.0,0.0,0.0,1000.0,0.5,1.0,budget_depleted,1000.0
29,694,41640,0,0,0.0,0.0,0.0,1000.0,0.5,1.0,budget_depleted,1000.0
29,694,41655,0,0,0.0,0.0,0.0,1000.0,0.5,1.0,budget_depleted,1000.0
29,694,41670,0,0,0.0,0.0,0.0,1000.0,0.5,1.0,budget_depleted,1000.0
29,694,41685,0,0,0.0,0.0,0.0,1000.0,0.5,1.0,budget_depleted,1000.0
29,695,41700,0,0,0.0,0.0,0.0,1000.0,0.5,1.0,budget_depleted,1000.0
29,695,41715,0,0,0.0,0.0,0.0,1000.0,0.5,1.0,budget_depleted,1000.0
29,695,41730,0,0,0.0,0.0,0.0,1000.0,0.5,1.0,budget_depleted,1000.0
29,695,41745,0,0,0.0,0.0,0.0,1000.0,0.5,1.0,budget_depleted,1000.0
30,696,41760,0,0,0.0,0.0,0.0,1000.0,0.5,1.0,normal,0.0
30,696,41775,0,0,0.0,0.0,0.5,1000.0,0.5,1.0,normal,0.0
30,696,41790,0,0,0.0,0.0,0.5,1000.0,0.5,1.0,normal,0.0
30,696,41805,0,0,0.0,0.0,0.5,1000.0,0.5,1.0,normal,0.0
30,697,41820,1,0,0.5,0.5,0.5,1000.0,0.5,1.0,normal,0.5
30,697,41835,1,0,0.1137,0.1137,0.1137,1000.0,0.5,1.0,normal,0.6137
30,697,41850,1,0,0.5,0.5,0.5,1000.0,0.5,1.0,normal,1.1137
30,697,41865,2,0,1.0,1.0,0.5,1000.0,0.5,1.0,normal,2.1137
30,698,41880,5,0,1.7418,1.7418,0.3484,1000.0,0.5,1.0,normal,3.8555
30,698,41895,0,0,0.0,0.0,0.5,1000.0,0.5,1.0,normal,3.8555
30,698,41910,0,0,0.0,0.0,0.5,1000.0,0.5,1.0,normal,3.8555
30,698,41925,3,0,1.5,1.5,0.5,1000.0,0.5,1.0,normal,5.3555
30,699,41940,1,0,0.5,0.5,0.5,1000.0,0.5,1.0,normal,5.8555
30,699,41955,0,0,0.0,0.0,0.5,1000.0,0.5,1.0,normal,5.8555
30,699,41970,0,0,0.0,0.0,0.5,1000.0,0.5,1.0,normal,5.8555
30,699,41985,0,0,0.0,0.0,0.5,1000.0,0.5,1.0,normal,5.8555
30,700,42000,4,1,2.2,2.2,0.55,1000.0,0.55,1.0,normal,8.0555
30,700,42015,0,0,0.0,0.0,0.55,1000.0,0.55,1.0,normal,8.0555
30,700,42030,1,0,0.55,0.55,0.55,1000.0,0.55,1.0,normal,8.6055
30,700,42045,1,0,0.0842,0.0842,0.0842,1000.0,0.55,1.0,normal,8.6897
30,701,42060,2,0,1.331,1.331,0.6655,1000.0,0.6655000000000002,1.0,normal,10.0207
30,701,42075,0,0,0.0,0.0,0.6655,1000.0,0.6655000000000002,1.0,normal,10.0207
30,701,42090,2,0,1.331,1.331,0.6655,1000.0,0.6655000000000002,1.0,normal,11.3517
30,701,42105,1,0,0.6655,0.6655,0.6655,1000.0,0.6655000000000002,1.0,normal,12.0172
30,702,42120,3,0,2.4158,2.4158,0.8053,1000.0,0.8052550000000004,1.0,normal,14.433
30,702,42135,2,0,1.6105,1.6105,0.8053,1000.0,0.8052550000000004,1.0,normal,16.0435
30,702,42150,1,0,0.8053,0.8053,0.8053,1000.0,0.8052550000000004,1.0,normal,16.8488
30,702,42165,3,0,2.4158,2.4158,0.8053,1000.0,0.8052550000000004,1.0,normal,19.2646
30,703,42180,0,0,0.0,0.0,0.9744,1000.0,0.9743585500000007,1.0,normal,19.2646
30,703,42195,3,0,2.9231,2.9231,0.9744,1000.0,0.9743585500000007,1.0,normal,22.1877
30,703,42210,2,0,1.9487,1.9487,0.9744,1000.0,0.9743585500000007,1.0,normal,24.1364
30,703,42225,2,0,1.9487,1.9487,0.9744,1000.0,0.9743585500000007,1.0,normal,26.0851
30,704,42240,7,0,8.2528,8.2528,1.179,1000.0,1.178973845500001,1.0,normal,34.3379
30,704,42255,3,0,0.972,0.972,0.324,1000.0,1.178973845500001,1.0,normal,35.3099
30,704,42270,2,0,2.3579,2.3579,1.179,1000.0,1.178973845500001,1.0,normal,37.6678
30,704,42285,1,0,1.179,1.179,1.179,1000.0,1.178973845500001,1.0,normal,38.8468
30,705,42300,6,0,8.4168,8.4168,1.4028,1000.0,1.4265583530550014,1.0,normal,47.2636
30,705,42315,5,0,7.1328,7.1328,1.4266,1000.0,1.4265583530550014,1.0,normal,54.3964
30,705,42330,2,1,0.408,0.408,0.204,1000.0,1.4265583530550014,1.0,normal,54.8044
30,705,42345,5,0,7.1328,7.1328,1.4266,1000.0,1.4265583530550014,1.0,normal,61.9372
30,706,42360,6,1,10.3568,10.3568,1.7261,1000.0,1.7261356071965521,1.0,normal,72.294
30,706,42375,4,0,6.9045,6.9045,1.7261,1000.0,1.7261356071965521,1.0,normal,79.1985
30,706,42390,2,0,3.4523,3.4523,1.7261,1000.0,1.7261356071965521,1.0,normal,82.6508
30,706,42405,7,1,12.0829,12.0829,1.7261,1000.0,1.7261356071965521,1.0,normal,94.7337
30,707,42420,10,1,3.0499,3.0499,0.305,1000.0,2.088624084707828,1.0,normal,97.7836
30,707,42435,5,0,1.3354,1.3354,0.2671,1000.0,2.088624084707828,1.0,normal,99.119
30,707,42450,4,1,8.3545,8.3545,2.0886,1000.0,2.088624084707828,1.0,normal,107.4735
30,707,42465,7,1,14.6204,14.6204,2.0886,1000.0,2.088624084707828,1.0,normal,122.0939
30,708,42480,14,0,20.2049,20.2049,1.4432,1000.0,5.0,1.0,normal,142.2988
30,708,42495,9,1,1.5266,1.5266,0.1696,1000.0,5.0,1.0,normal,143.8254
30,708,42510,17,1,21.0738,21.0738,1.2396,1000.0,5.0,1.0,normal,164.8992
30,708,42525,11,0,46.7726,46.7726,4.2521,1000.0,5.0,1.0,normal,211.6718
30,709,42540,8,0,18.8905,18.8905,2.3613,1000.0,6.050000000000001,1.0,normal,230.5623
30,709,42555,20,2,121.0,60.5,6.05,1000.0,6.050000000000001,1.0,normal,351.5623
30,709,42570,17,0,95.3277,95.3277,5.6075,1000.0,6.050000000000001,1.0,normal,446.89
30,709,42585,9,0,14.187,14.187,1.5763,1000.0,6.050000000000001,1.0,normal,461.077
30,710,42600,29,1,15.5963,15.5963,0.5378,1000.0,7.320500000000002,1.0,normal,476.6733
30,710,42615,21,1,105.8543,105.8543,5.0407,1000.0,7.320500000000002,1.0,normal,582.5276
30,710,42630,20,0,76.1349,76.1349,3.8067,1000.0,7.320500000000002,1.0,normal,658.6625
30,710,42645,24,2,61.7353,30.8676,2.5723,1000.0,7.320500000000002,1.0,normal,720.3978
30,711,42660,26,0,161.5888,161.5888,6.215,1000.0,8.857805000000003,1.0,normal,881.9866
30,711,42675,17,0,118.0134,118.0134,6.5921,1000.0,8.857805000000003,1.0,budget_depleted,1000.0
30,711,42690,0,0,0.0,0.0,0.0,1000.0,8.857805000000003,1.0,budget_depleted,1000.0
30,711,42705,0,0,0.0,0.0,0.0,1000.0,8.857805000000003,1.0,budget_depleted,1000.0
30,712,42720,0,0,0.0,0.0,0.0,1000.0,8.857805000000003,1.0,budget_depleted,1000.0
30,712,42735,0,0,0.0,0.0,0.0,1000.0,8.857805000000003,1.0,budget_depleted,1000.0
30,712,42750,0,0,0.0,0.0,0.0,1000.0,8.857805000000003,1.0,budget_depleted,1000.0
30,712,42765,0,0,0.0,0.0,0.0,1000.0,8.857805000000003,1.0,budget_depleted,1000.0
30,713,42780,0,0,0.0,0.0,0.0,1000.0,8.857805000000003,1.0,budget_depleted,1000.0
30,713,42795,0,0,0.0,0.0,0.0,1000.0,8.857805000000003,1.0,budget_depleted,1000.0
30,713,42810,0,0,0.0,0.0,0.0,1000.0,8.857805000000003,1.0,budget_depleted,1000.0
30,713,42825,0,0,0.0,0.0,0.0,1000.0,8.857805000000003,1.0,budget_depleted,1000.0
30,714,42840,0,0,0.0,0.0,0.0,1000.0,8.857805000000003,1.0,budget_depleted,1000.0
30,714,42855,0,0,0.0,0.0,0.0,1000.0,8.857805000000003,1.0,budget_depleted,1000.0
30,714,42870,0,0,0.0,0.0,0.0,1000.0,8.857805000000003,1.0,budget_depleted,1000.0
30,714,42885,0,0,0.0,0.0,0.0,1000.0,8.857805000000003,1.0,budget_depleted,1000.0
30,715,42900,0,0,0.0,0.0,0.0,1000.0,8.857805000000003,1.0,budget_depleted,1000.0
30,715,42915,0,0,0.0,0.0,0.0,1000.0,8.857805000000003,1.0,budget_depleted,1000.0
30,715,42930,0,0,0.0,0.0,0.0,1000.0,8.857805000000003,1.0,budget_depleted,1000.0
30,715,42945,0,0,0.0,0.0,0.0,1000.0,8.857805000000003,1.0,budget_depleted,1000.0
30,716,42960,0,0,0.0,0.0,0.0,1000.0,8.857805000000003,1.0,budget_depleted,1000.0
30,716,42975,0,0,0.0,0.0,0.0,1000.0,8.857805000000003,1.0,budget_depleted,1000.0
30,716,42990,0,0,0.0,0.0,0.0,1000.0,8.857805000000003,1.0,budget_depleted,1000.0
30,716,43005,0,0,0.0,0.0,0.0,1000.0,8.857805000000003,1.0,budget_depleted,1000.0
30,717,43020,0,0,0.0,0.0,0.0,1000.0,8.857805000000003,1.0,budget_depleted,1000.0
30,717,43035,0,0,0.0,0.0,0.0,1000.0,8.857805000000003,1.0,budget_depleted,1000.0
30,717,43050,0,0,0.0,0.0,0.0,1000.0,8.857805000000003,1.0,budget_depleted,1000.0
30,717,43065,0,0,0.0,0.0,0.0,1000.0,8.857805000000003,1.0,budget_depleted,1000.0
30,718,43080,0,0,0.0,0.0,0.0,1000.0,8.857805000000003,1.0,budget_depleted,1000.0
30,718,43095,0,0,0.0,0.0,0.0,1000.0,8.857805000000003,1.0,budget_depleted,1000.0
30,718,43110,0,0,0.0,0.0,0.0,1000.0,8.857805000000003,1.0,budget_depleted,1000.0
30,718,43125,0,0,0.0,0.0,0.0,1000.0,8.857805000000003,1.0,budget_depleted,1000.0
30,719,43140,0,0,0.0,0.0,0.0,1000.0,8.857805000000003,1.0,budget_depleted,1000.0
30,719,43155,0,0,0.0,0.0,0.0,1000.0,8.857805000000003,1.0,budget_depleted,1000.0
30,719,43170,0,0,0.0,0.0,0.0,1000.0,8.857805000000003,1.0,budget_depleted,1000.0
30,719,43185,0,0,0.0,0.0,0.0,1000.0,8.857805000000003,1.0,budget_depleted,1000.0
31,720,43200,0,0,0.0,0.0,0.0,1000.0,8.857805000000003,1.0,normal,0.0
31,720,43215,16,0,22.7277,22.7277,1.4205,1000.0,8.857805000000003,1.0,normal,22.7277
31,720,43230,23,0,17.7902,17.7902,0.7735,1000.0,8.857805000000003,1.0,normal,40.5179
31,720,43245,19,1,98.9439,98.9439,5.2076,1000.0,8.857805000000003,1.0,normal,139.4618
31,721,43260,21,1,81.1078,81.1078,3.8623,1000.0,7.9720245000000025,1.0,normal,220.5696
31,721,43275,12,0,9.7928,9.7928,0.8161,1000.0,7.9720245000000025,1.0,normal,230.3624
31,721,43290,17,1,119.6845,119.6845,7.0403,1000.0,7.9720245000000025,1.0,normal,350.0469
31,721,43305,27,0,70.5833,70.5833,2.6142,1000.0,7.9720245000000025,1.0,normal,420.6302
31,722,43320,15,0,5.3347,5.3347,0.3556,1000.0,7.174822050000002,1.0,normal,425.9649
31,722,43335,17,1,78.8043,78.8043,4.6355,1000.0,7.174822050000002,1.0,normal,504.7692
31,722,43350,26,0,176.5594,176.5594,6.7907,1000.0,7.174822050000002,1.0,normal,681.3286
31,722,43365,22,2,50.5467,25.2734,2.2976,1000.0,7.174822050000002,1.0,normal,731.8753
31,723,43380,17,0,40.0415,40.0415,2.3554,1000.0,6.134472852750001,1.0,normal,771.9168
31,723,43395,21,0,19.0093,19.0093,0.9052,1000.0,6.134472852750001,1.0,normal,790.9261
31,723,43410,11,0,58.2009,58.2009,5.291,1000.0,6.134472852750001,1.0,normal,849.127
31,723,43425,23,1,101.6395,101.6395,4.4191,1000.0,6.134472852750001,1.0,budget_constrained,950.7665
31,724,43440,7,0,20.2414,20.2414,2.8916,1000.0,4.692871732353751,1.0,budget_constrained,971.0079
31,724,43455,7,0,6.6091,6.6091,0.9442,1000.0,4.692871732353751,1.0,budget_constrained,977.617
31,724,43470,8,0,22.383,22.383,2.5685,1000.0,4.692871732353751,1.0,budget_depleted,1000.0
31,724,43485,0,0,0.0,0.0,0.0,1000.0,4.692871732353751,1.0,budget_depleted,1000.0
31,725,43500,0,0,0.0,0.0,0.0,1000.0,3.5900468752506196,1.0,budget_depleted,1000.0
31,725,43515,0,0,0.0,0.0,0.0,1000.0,3.5900468752506196,1.0,budget_depleted,1000.0
31,725,43530,0,0,0.0,0.0,0.0,1000.0,3.5900468752506196,1.0,budget_depleted,1000.0
31,725,43545,0,0,0.0,0.0,0.0,1000.0,3.5900468752506196,1.0,budget_depleted,1000.0
31,726,43560,0,0,0.0,0.0,0.0,1000.0,2.746385859566724,1.0,budget_depleted,1000.0
31,726,43575,0,0,0.0,0.0,0.0,1000.0,2.746385859566724,1.0,budget_depleted,1000.0
31,726,43590,0,0,0.0,0.0,0.0,1000.0,2.746385859566724,1.0,budget_depleted,1000.0
31,726,43605,0,0,0.0,0.0,0.0,1000.0,2.746385859566724,1.0,budget_depleted,1000.0
31,727,43620,0,0,0.0,0.0,0.0,1000.0,2.100985182568544,1.0,budget_depleted,1000.0
31,727,43635,0,0,0.0,0.0,0.0,1000.0,2.100985182568544,1.0,budget_depleted,1000.0
31,727,43650,0,0,0.0,0.0,0.0,1000.0,2.100985182568544,1.0,budget_depleted,1000.0
31,727,43665,0,0,0.0,0.0,0.0,1000.0,2.100985182568544,1.0,budget_depleted,1000.0
31,728,43680,0,0,0.0,0.0,0.0,1000.0,1.607253664664936,1.0,budget_depleted,1000.0
31,728,43695,0,0,0.0,0.0,0.0,1000.0,1.607253664664936,1.0,budget_depleted,1000.0
31,728,43710,0,0,0.0,0.0,0.0,1000.0,1.607253664664936,1.0,budget_depleted,1000.0
31,728,43725,0,0,0.0,0.0,0.0,1000.0,1.607253664664936,1.0,budget_depleted,1000.0
31,729,43740,0,0,0.0,0.0,0.0,1000.0,1.229549053468676,1.0,budget_depleted,1000.0
31,729,43755,0,0,0.0,0.0,0.0,1000.0,1.229549053468676,1.0,budget_depleted,1000.0
31,729,43770,0,0,0.0,0.0,0.0,1000.0,1.229549053468676,1.0,budget_depleted,1000.0
31,729,43785,0,0,0.0,0.0,0.0,1000.0,1.229549053468676,1.0,budget_depleted,1000.0
31,730,43800,0,0,0.0,0.0,0.0,1000.0,0.9406050259035371,1.0,budget_depleted,1000.0
31,730,43815,0,0,0.0,0.0,0.0,1000.0,0.9406050259035371,1.0,budget_depleted,1000.0
31,730,43830,0,0,0.0,0.0,0.0,1000.0,0.9406050259035371,1.0,budget_depleted,1000.0
31,730,43845,0,0,0.0,0.0,0.0,1000.0,0.9406050259035371,1.0,budget_depleted,1000.0
31,731,43860,0,0,0.0,0.0,0.0,1000.0,0.6349083924848875,1.0,budget_depleted,1000.0
31,731,43875,0,0,0.0,0.0,0.0,1000.0,0.6349083924848875,1.0,budget_depleted,1000.0
31,731,43890,0,0,0.0,0.0,0.0,1000.0,0.6349083924848875,1.0,budget_depleted,1000.0
31,731,43905,0,0,0.0,0.0,0.0,1000.0,0.6349083924848875,1.0,budget_depleted,1000.0
31,732,43920,0,0,0.0,0.0,0.0,1000.0,0.5,1.0,budget_depleted,1000.0
31,732,43935,0,0,0.0,0.0,0.0,1000.0,0.5,1.0,budget_depleted,1000.0
31,732,43950,0,0,0.0,0.0,0.0,1000.0,0.5,1.0,budget_depleted,1000.0
31,732,43965,0,0,0.0,0.0,0.0,1000.0,0.5,1.0,budget_depleted,1000.0
31,733,43980,0,0,0.0,0.0,0.0,1000.0,0.5,1.0,budget_depleted,1000.0
31,733,43995,0,0,0.0,0.0,0.0,1000.0,0.5,1.0,budget_depleted,1000.0
31,733,44010,0,0,0.0,0.0,0.0,1000.0,0.5,1.0,budget_depleted,1000.0
31,733,44025,0,0,0.0,0.0,0.0,1000.0,0.5,1.0,budget_depleted,1000.0
31,734,44040,0,0,0.0,0.0,0.0,1000.0,0.5,1.0,budget_depleted,1000.0
31,734,44055,0,0,0.0,0.0,0.0,1000.0,0.5,1.0,budget_depleted,1000.0
31,734,44070,0,0,0.0,0.0,0.0,1000.0,0.5,1.0,budget_depleted,1000.0
31,734,44085,0,0,0.0,0.0,0.0,1000.0,0.5,1.0,budget_depleted,1000.0
31,735,44100,0,0,0.0,0.0,0.0,1000.0,0.5,1.0,budget_depleted,1000.0
31,735,44115,0,0,0.0,0.0,0.0,1000.0,0.5,1.0,budget_depleted,1000.0
31,735,44130,0,0,0.0,0.0,0.0,1000.0,0.5,1.0,budget_depleted,1000.0
31,735,44145,0,0,0.0,0.0,0.0,1000.0,0.5,1.0,budget_depleted,1000.0
31,736,44160,0,0,0.0,0.0,0.0,1000.0,0.5,1.0,budget_depleted,1000.0
31,736,44175,0,0,0.0,0.0,0.0,1000.0,0.5,1.0,budget_depleted,1000.0
31,736,44190,0,0,0.0,0.0,0.0,1000.0,0.5,1.0,budget_depleted,1000.0
31,736,44205,0,0,0.0,0.0,0.0,1000.0,0.5,1.0,budget_depleted,1000.0
31,737,44220,0,0,0.0,0.0,0.0,1000.0,0.5,1.0,budget_depleted,1000.0
31,737,44235,0,0,0.0,0.0,0.0,1000.0,0.5,1.0,budget_depleted,1000.0
31,737,44250,0,0,0.0,0.0,0.0,1000.0,0.5,1.0,budget_depleted,1000.0
31,737,44265,0,0,0.0,0.0,0.0,1000.0,0.5,1.0,budget_depleted,1000.0
31,738,44280,0,0,0.0,0.0,0.0,1000.0,0.5,1.0,budget_depleted,1000.0
31,738,44295,0,0,0.0,0.0,0.0,1000.0,0.5,1.0,budget_depleted,1000.0
31,738,44310,0,0,0.0,0.0,0.0,1000.0,0.5,1.0,budget_depleted,1000.0
31,738,44325,0,0,0.0,0.0,0.0,1000.0,0.5,1.0,budget_depleted,1000.0
31,739,44340,0,0,0.0,0.0,0.0,1000.0,0.5,1.0,budget_depleted,1000.0
31,739,44355,0,0,0.0,0.0,0.0,1000.0,0.5,1.0,budget_depleted,1000.0
31,739,44370,0,0,0.0,0.0,0.0,1000.0,0.5,1.0,budget_depleted,1000.0
31,739,44385,0,0,0.0,0.0,0.0,1000.0,0.5,1.0,budget_depleted,1000.0
31,740,44400,0,0,0.0,0.0,0.0,1000.0,0.5,1.0,budget_depleted,1000.0
31,740,44415,0,0,0.0,0.0,0.0,1000.0,0.5,1.0,budget_depleted,1000.0
31,740,44430,0,0,0.0,0.0,0.0,1000.0,0.5,1.0,budget_depleted,1000.0
31,740,44445,0,0,0.0,0.0,0.0,1000.0,0.5,1.0,budget_depleted,1000.0
31,741,44460,0,0,0.0,0.0,0.0,1000.0,0.5,1.0,budget_depleted,1000.0
31,741,44475,0,0,0.0,0.0,0.0,1000.0,0.5,1.0,budget_depleted,1000.0
31,741,44490,0,0,0.0,0.0,0.0,1000.0,0.5,1.0,budget_depleted,1000.0
31,741,44505,0,0,0.0,0.0,0.0,1000.0,0.5,1.0,budget_depleted,1000.0
31,742,44520,0,0,0.0,0.0,0.0,1000.0,0.5,1.0,budget_depleted,1000.0
31,742,44535,0,0,0.0,0.0,0.0,1000.0,0.5,1.0,budget_depleted,1000.0
31,742,44550,0,0,0.0,0.0,0.0,1000.0,0.5,1.0,budget_depleted,1000.0
31,742,44565,0,0,0.0,0.0,0.0,1000.0,0.5,1.0,budget_depleted,1000.0
31,743,44580,0,0,0.0,0.0,0.0,1000.0,0.5,1.0,budget_depleted,1000.0
31,743,44595,0,0,0.0,0.0,0.0,1000.0,0.5,1.0,budget_depleted,1000.0
31,743,44610,0,0,0.0,0.0,0.0,1000.0,0.5,1.0,budget_depleted,1000.0
31,743,44625,0,0,0.0,0.0,0.0,1000.0,0.5,1.0,budget_depleted,1000.0
32,744,44640,0,0,0.0,0.0,0.0,1000.0,0.5,1.0,normal,0.0
32,744,44655,0,0,0.0,0.0,0.4164,1000.0,0.5,1.0,normal,0.0
32,744,44670,2,0,1.0,1.0,0.5,1000.0,0.5,1.0,normal,1.0
32,744,44685,0,0,0.0,0.0,0.2911,1000.0,0.5,1.0,normal,1.0
32,745,44700,1,0,0.5,0.5,0.5,1000.0,0.5,1.0,normal,1.5
32,745,44715,2,0,1.0,1.0,0.5,1000.0,0.5,1.0,normal,2.5
32,745,44730,1,0,0.5,0.5,0.5,1000.0,0.5,1.0,normal,3.0
32,745,44745,1,0,0.5,0.5,0.5,1000.0,0.5,1.0,normal,3.5
32,746,44760,0,0,0.0,0.0,0.5,1000.0,0.5,1.0,normal,3.5
32,746,44775,1,0,0.5,0.5,0.5,1000.0,0.5,1.0,normal,4.0
32,746,44790,1,0,0.5,0.5,0.5,1000.0,0.5,1.0,normal,4.5
32,746,44805,2,0,1.0,1.0,0.5,1000.0,0.5,1.0,normal,5.5
32,747,44820,1,0,0.5,0.5,0.5,1000.0,0.5,1.0,normal,6.0
32,747,44835,1,0,0.5,0.5,0.5,1000.0,0.5,1.0,normal,6.5
32,747,44850,2,0,1.0,1.0,0.5,1000.0,0.5,1.0,normal,7.5
32,747,44865,1,0,0.5,0.5,0.5,1000.0,0.5,1.0,normal,8.0
32,748,44880,0,0,0.0,0.0,0.2948,1000.0,0.55,1.0,normal,8.0
32,748,44895,0,0,0.0,0.0,0.55,1000.0,0.55,1.0,normal,8.0
32,748,44910,0,0,0.0,0.0,0.55,1000.0,0.55,1.0,normal,8.0
32,748,44925,2,0,0.6683,0.6683,0.3341,1000.0,0.55,1.0,normal,8.6683
32,749,44940,0,0,0.0,0.0,0.605,1000.0,0.6050000000000001,1.0,normal,8.6683
32,749,44955,3,0,1.815,1.815,0.605,1000.0,0.6050000000000001,1.0,normal,10.4833
32,749,44970,2,0,1.21,1.21,0.605,1000.0,0.6050000000000001,1.0,normal,11.6933
32,749,44985,1,0,0.3825,0.3825,0.3825,1000.0,0.6050000000000001,1.0,normal,12.0758
32,750,45000,2,0,1.331,1.331,0.6655,1000.0,0.6655000000000002,1.0,normal,13.4068
32,750,45015,0,0,0.0,0.0,0.4078,1000.0,0.6655000000000002,1.0,normal,13.4068
32,750,45030,2,0,1.0883,1.0883,0.5442,1000.0,0.6655000000000002,1.0,normal,14.4951
32,750,45045,1,0,0.6655,0.6655,0.6655,1000.0,0.6655000000000002,1.0,normal,15.1606
32,751,45060,2,0,0.9934,0.9934,0.4967,1000.0,0.7320500000000003,1.0,normal,16.154
32,751,45075,2,1,1.4641,1.4641,0.7321,1000.0,0.7320500000000003,1.0,normal,17.6181
32,751,45090,3,0,2.1962,2.1962,0.7321,1000.0,0.7320500000000003,1.0,normal,19.8143
32,751,45105,1,0,0.7321,0.7321,0.7321,1000.0,0.7320500000000003,1.0,normal,20.5464
32,752,45120,3,0,2.6573,2.6573,0.8858,1000.0,0.8857805000000005,1.0,normal,23.2037
32,752,45135,2,0,1.7716,1.7716,0.8858,1000.0,0.8857805000000005,1.0,normal,24.9753
32,752,45150,2,0,0.9329,0.9329,0.4665,1000.0,0.8857805000000005,1.0,normal,25.9082
32,752,45165,3,1,1.7745,1.7745,0.5915,1000.0,0.8857805000000005,1.0,normal,27.6827
32,753,45180,4,0,4.2872,4.2872,1.0718,1000.0,1.0717944050000008,1.0,normal,31.9699
32,753,45195,2,0,0.9577,0.9577,0.4788,1000.0,1.0717944050000008,1.0,normal,32.9276
32,753,45210,3,0,3.2154,3.2154,1.0718,1000.0,1.0717944050000008,1.0,normal,36.143
32,753,45225,1,0,1.0718,1.0718,1.0718,1000.0,1.0717944050000008,1.0,normal,37.2148
32,754,45240,2,0,0.7185,0.7185,0.3592,1000.0,1.2968712300500012,1.0,normal,37.9333
32,754,45255,0,0,0.0,0.0,1.2969,1000.0,1.2968712300500012,1.0,normal,37.9333
32,754,45270,6,1,7.7812,7.7812,1.2969,1000.0,1.2968712300500012,1.0,normal,45.7145
32,754,45285,3,0,3.8906,3.8906,1.2969,1000.0,1.2968712300500012,1.0,normal,49.6051
32,755,45300,4,0,6.2769,6.2769,1.5692,1000.0,1.5692141883605017,1.0,normal,55.882
32,755,45315,1,0,1.2329,1.2329,1.2329,1000.0,1.5692141883605017,1.0,normal,57.1149
32,755,45330,3,1,2.7545,2.7545,0.9182,1000.0,1.5692141883605017,1.0,normal,59.8694
32,755,45345,7,0,1.2756,1.2756,0.1822,1000.0,1.5692141883605017,1.0,normal,61.145
32,756,45360,12,0,24.0128,24.0128,2.0011,1000.0,5.0,1.0,normal,85.1578
32,756,45375,15,0,48.7399,48.7399,3.2493,1000.0,5.0,1.0,normal,133.8977
32,756,45390,17,0,72.3393,72.3393,4.2553,1000.0,5.0,1.0,normal,206.237
32,756,45405,17,1,85.0,85.0,5.0,1000.0,5.0,1.0,normal,291.237
32,757,45420,19,0,46.4799,46.4799,2.4463,1000.0,6.050000000000001,1.0,normal,337.7169
32,757,45435,17,1,102.85,102.85,6.05,1000.0,6.050000000000001,1.0,normal,440.5669
32,757,45450,20,0,5.172,5.172,0.2586,1000.0,6.050000000000001,1.0,normal,445.7389
32,757,45465,13,0,69.6461,69.6461,5.3574,1000.0,6.050000000000001,1.0,normal,515.385
32,758,45480,18,0,77.3443,77.3443,4.2969,1000.0,6.32225,1.0,normal,592.7293
32,758,45495,8,0,9.6445,9.6445,1.2056,1000.0,6.32225,1.0,normal,602.3738
32,758,45510,17,0,86.1959,86.1959,5.0703,1000.0,6.32225,1.0,normal,688.5697
32,758,45525,10,1,49.7204,49.7204,4.972,1000.0,6.32225,1.0,normal,738.2901
32,759,45540,19,0,20.007,20.007,1.053,1000.0,5.215856250000001,1.0,normal,758.2971
32,759,45555,5,0,8.4827,8.4827,1.6965,1000.0,5.215856250000001,1.0,normal,766.7798
32,759,45570,15,0,68.8398,68.8398,4.5893,1000.0,5.215856250000001,1.0,normal,835.6196
32,759,45585,14,0,68.3127,68.3127,4.8795,1000.0,5.215856250000001,1.0,budget_constrained,903.9323
32,760,45600,6,0,23.4714,23.4714,3.9119,1000.0,3.9118921875000003,1.0,budget_constrained,927.4037
32,760,45615,10,0,39.1189,39.1189,3.9119,1000.0,3.9118921875000003,1.0,budget_constrained,966.5226
32,760,45630,8,0,31.2951,31.2951,3.9119,1000.0,3.9118921875000003,1.0,budget_constrained,997.8177
32,760,45645,0,0,2.1823,2.1823,3.9119,1000.0,3.9118921875000003,1.0,budget_depleted,1000.0
32,761,45660,0,0,0.0,0.0,0.0,1000.0,2.933919140625,1.0,budget_depleted,1000.0
32,761,45675,0,0,0.0,0.0,0.0,1000.0,2.933919140625,1.0,budget_depleted,1000.0
32,761,45690,0,0,0.0,0.0,0.0,1000.0,2.933919140625,1.0,budget_depleted,1000.0
32,761,45705,0,0,0.0,0.0,0.0,1000.0,2.933919140625,1.0,budget_depleted,1000.0
32,762,45720,0,0,0.0,0.0,0.0,1000.0,2.20043935546875,1.0,budget_depleted,1000.0
32,762,45735,0,0,0.0,0.0,0.0,1000.0,2.20043935546875,1.0,budget_depleted,1000.0
32,762,45750,0,0,0.0,0.0,0.0,1000.0,2.20043935546875,1.0,budget_depleted,1000.0
32,762,45765,0,0,0.0,0.0,0.0,1000.0,2.20043935546875,1.0,budget_depleted,1000.0
32,763,45780,0,0,0.0,0.0,0.0,1000.0,1.6503295166015624,1.0,budget_depleted,1000.0
32,763,45795,0,0,0.0,0.0,0.0,1000.0,1.6503295166015624,1.0,budget_depleted,1000.0
32,763,45810,0,0,0.0,0.0,0.0,1000.0,1.6503295166015624,1.0,budget_depleted,1000.0
32,763,45825,0,0,0.0,0.0,0.0,1000.0,1.6503295166015624,1.0,budget_depleted,1000.0
32,764,45840,0,0,0.0,0.0,0.0,1000.0,1.2377471374511717,1.0,budget_depleted,1000.0
32,764,45855,0,0,0.0,0.0,0.0,1000.0,1.2377471374511717,1.0,budget_depleted,1000.0
32,764,45870,0,0,0.0,0.0,0.0,1000.0,1.2377471374511717,1.0,budget_depleted,1000.0
32,764,45885,0,0,0.0,0.0,0.0,1000.0,1.2377471374511717,1.0,budget_depleted,1000.0
32,765,45900,0,0,0.0,0.0,0.0,1000.0,0.9283103530883787,1.0,budget_depleted,1000.0
32,765,45915,0,0,0.0,0.0,0.0,1000.0,0.9283103530883787,1.0,budget_depleted,1000.0
32,765,45930,0,0,0.0,0.0,0.0,1000.0,0.9283103530883787,1.0,budget_depleted,1000.0
32,765,45945,0,0,0.0,0.0,0.0,1000.0,0.9283103530883787,1.0,budget_depleted,1000.0
32,766,45960,0,0,0.0,0.0,0.0,1000.0,0.696232764816284,1.0,budget_depleted,1000.0
32,766,45975,0,0,0.0,0.0,0.0,1000.0,0.696232764816284,1.0,budget_depleted,1000.0
32,766,45990,0,0,0.0,0.0,0.0,1000.0,0.696232764816284,1.0,budget_depleted,1000.0
32,766,46005,0,0,0.0,0.0,0.0,1000.0,0.696232764816284,1.0,budget_depleted,1000.0
32,767,46020,0,0,0.0,0.0,0.0,1000.0,0.522174573612213,1.0,budget_depleted,1000.0
32,767,46035,0,0,0.0,0.0,0.0,1000.0,0.522174573612213,1.0,budget_depleted,1000.0
32,767,46050,0,0,0.0,0.0,0.0,1000.0,0.522174573612213,1.0,budget_depleted,1000.0
32,767,46065,0,0,0.0,0.0,0.0,1000.0,0.522174573612213,1.0,budget_depleted,1000.0
33,768,46080,0,0,0.0,0.0,0.0,1000.0,0.5,1.0,normal,0.0
33,768,46095,1,0,0.3548,0.3548,0.3548,1000.0,0.5,1.0,normal,0.3548
33,768,46110,3,0,1.5,1.5,0.5,1000.0,0.5,1.0,normal,1.8548
33,768,46125,2,0,1.0,1.0,0.5,1000.0,0.5,1.0,normal,2.8548
33,769,46140,1,0,0.5,0.5,0.5,1000.0,0.5,1.0,normal,3.3548
33,769,46155,1,0,0.5,0.5,0.5,1000.0,0.5,1.0,normal,3.8548
33,769,46170,0,0,0.0,0.0,0.5,1000.0,0.5,1.0,normal,3.8548
33,769,46185,0,0,0.0,0.0,0.5,1000.0,0.5,1.0,normal,3.8548
33,770,46200,1,0,0.5,0.5,0.5,1000.0,0.5,1.0,normal,4.3548
33,770,46215,0,0,0.0,0.0,0.5,1000.0,0.5,1.0,normal,4.3548
33,770,46230,2,0,1.0,1.0,0.5,1000.0,0.5,1.0,normal,5.3548
33,770,46245,2,0,0.4517,0.4517,0.2259,1000.0,0.5,1.0,normal,5.8065
33,771,46260,3,0,1.5,1.5,0.5,1000.0,0.5,1.0,normal,7.3065
33,771,46275,2,0,1.0,1.0,0.5,1000.0,0.5,1.0,normal,8.3065
33,771,46290,1,0,0.5,0.5,0.5,1000.0,0.5,1.0,normal,8.8065
33,771,46305,0,0,0.0,0.0,0.5,1000.0,0.5,1.0,normal,8.8065
33,772,46320,1,0,0.4396,0.4396,0.4396,1000.0,0.5,1.0,normal,9.2461
33,772,46335,0,0,0.0,0.0,0.1,1000.0,0.5,1.0,normal,9.2461
33,772,46350,2,0,1.0,1.0,0.5,1000.0,0.5,1.0,normal,10.2461
33,772,46365,3,0,1.5,1.5,0.5,1000.0,0.5,1.0,normal,11.7461
33,773,46380,2,0,1.0,1.0,0.5,1000.0,0.5,1.0,normal,12.7461
33,773,46395,3,0,1.5,1.5,0.5,1000.0,0.5,1.0,normal,14.2461
33,773,46410,0,0,0.0,0.0,0.5,1000.0,0.5,1.0,normal,14.2461
33,773,46425,1,0,0.3662,0.3662,0.3662,1000.0,0.5,1.0,normal,14.6123
33,774,46440,1,0,0.5,0.5,0.5,1000.0,0.5,1.0,normal,15.1123
33,774,46455,2,0,1.0,1.0,0.5,1000.0,0.5,1.0,normal,16.1123
33,774,46470,1,0,0.5,0.5,0.5,1000.0,0.5,1.0,normal,16.6123
33,774,46485,3,0,0.7571,0.7571,0.2524,1000.0,0.5,1.0,normal,17.3694
33,775,46500,2,0,1.0,1.0,0.5,1000.0,0.5,1.0,normal,18.3694
33,775,46515,1,0,0.5,0.5,0.5,1000.0,0.5,1.0,normal,18.8694
33,775,46530,1,0,0.5,0.5,0.5,1000.0,0.5,1.0,normal,19.3694
33,775,46545,3,0,1.4129,1.4129,0.471,1000.0,0.5,1.0,normal,20.7823
33,776,46560,0,0,0.0,0.0,0.5,1000.0,0.5,1.0,normal,20.7823
33,776,46575,1,0,0.5,0.5,0.5,1000.0,0.5,1.0,normal,21.2823
33,776,46590,3,0,0.8111,0.8111,0.2704,1000.0,0.5,1.0,normal,22.0934
33,776,46605,0,0,0.0,0.0,0.5,1000.0,0.5,1.0,normal,22.0934
33,777,46620,1,0,0.5,0.5,0.5,1000.0,0.5,1.0,normal,22.5934
33,777,46635,0,0,0.0,0.0,0.5,1000.0,0.5,1.0,normal,22.5934
33,777,46650,2,0,1.0,1.0,0.5,1000.0,0.5,1.0,normal,23.5934
33,777,46665,1,0,0.5,0.5,0.5,1000.0,0.5,1.0,normal,24.0934
33,778,46680,1,0,0.496,0.496,0.496,1000.0,0.5,1.0,normal,24.5894
33,778,46695,2,0,1.0,1.0,0.5,1000.0,0.5,1.0,normal,25.5894
33,778,46710,0,0,0.0,0.0,0.5,1000.0,0.5,1.0,normal,25.5894
33,778,46725,2,0,0.3416,0.3416,0.1708,1000.0,0.5,1.0,normal,25.931
33,779,46740,1,0,0.0379,0.0379,0.0379,1000.0,0.5,1.0,normal,25.9689
33,779,46755,0,0,0.0,0.0,0.1196,1000.0,0.5,1.0,normal,25.9689
33,779,46770,3,0,1.5,1.5,0.5,1000.0,0.5,1.0,normal,27.4689
33,779,46785,0,0,0.0,0.0,0.1677,1000.0,0.5,1.0,normal,27.4689
33,780,46800,0,0,0.0,0.0,0.0898,1000.0,0.5,1.0,normal,27.4689
33,780,46815,2,0,1.0,1.0,0.5,1000.0,0.5,1.0,normal,28.4689
33,780,46830,1,0,0.5,0.5,0.5,1000.0,0.5,1.0,normal,28.9689
33,780,46845,2,0,1.0,1.0,0.5,1000.0,0.5,1.0,normal,29.9689
33,781,46860,1,0,0.5,0.5,0.5,1000.0,0.5,1.0,normal,30.4689
33,781,46875,1,0,0.3938,0.3938,0.3938,1000.0,0.5,1.0,normal,30.8627
33,781,46890,1,0,0.5,0.5,0.5,1000.0,0.5,1.0,normal,31.3627
33,781,46905,1,0,0.5,0.5,0.5,1000.0,0.5,1.0,normal,31.8627
33,782,46920,1,0,0.5,0.5,0.5,1000.0,0.5,1.0,normal,32.3627
33,782,46935,3,0,1.5,1.5,0.5,1000.0,0.5,1.0,normal,33.8627
33,782,46950,1,0,0.1882,0.1882,0.1882,1000.0,0.5,1.0,normal,34.0509
33,782,46965,1,0,0.5,0.5,0.5,1000.0,0.5,1.0,normal,34.5509
33,783,46980,0,0,0.0,0.0,0.5,1000.0,0.5,1.0,normal,34.5509
33,783,46995,2,0,1.0,1.0,0.5,1000.0,0.5,1.0,normal,35.5509
33,783,47010,3,0,1.5,1.5,0.5,1000.0,0.5,1.0,normal,37.0509
33,783,47025,0,0,0.0,0.0,0.2812,1000.0,0.5,1.0,normal,37.0509
33,784,47040,1,0,0.5,0.5,0.5,1000.0,0.5,1.0,normal,37.5509
33,784,47055,2,0,1.0,1.0,0.5,1000.0,0.5,1.0,normal,38.5509
33,784,47070,1,0,0.5,0.5,0.5,1000.0,0.5,1.0,normal,39.0509
33,784,47085,1,0,0.5,0.5,0.5,1000.0,0.5,1.0,normal,39.5509
33,785,47100,2,0,1.1,1.1,0.55,1000.0,0.55,1.0,normal,40.6509
33,785,47115,0,0,0.0,0.0,0.55,1000.0,0.55,1.0,normal,40.6509
33,785,47130,5,0,2.75,2.75,0.55,1000.0,0.55,1.0,normal,43.4009
33,785,47145,1,0,0.55,0.55,0.55,1000.0,0.55,1.0,normal,43.9509
33,786,47160,3,0,1.5893,1.5893,0.5298,1000.0,0.6050000000000001,1.0,normal,45.5402
33,786,47175,1,0,0.4764,0.4764,0.4764,1000.0,0.6050000000000001,1.0,normal,46.0166
33,786,47190,5,0,3.025,3.025,0.605,1000.0,0.6050000000000001,1.0,normal,49.0416
33,786,47205,1,0,0.3904,0.3904,0.3904,1000.0,0.6050000000000001,1.0,normal,49.432
33,787,47220,2,0,1.331,1.331,0.6655,1000.0,0.6655000000000002,1.0,normal,50.763
33,787,47235,1,0,0.6655,0.6655,0.6655,1000.0,0.6655000000000002,1.0,normal,51.4285
33,787,47250,0,0,0.0,0.0,0.6655,1000.0,0.6655000000000002,1.0,normal,51.4285
33,787,47265,0,0,0.0,0.0,0.6655,1000.0,0.6655000000000002,1.0,normal,51.4285
33,788,47280,1,0,0.7321,0.7321,0.7321,1000.0,0.7320500000000003,1.0,normal,52.1606
33,788,47295,2,0,1.4641,1.4641,0.7321,1000.0,0.7320500000000003,1.0,normal,53.6247
33,788,47310,4,0,1.2845,1.2845,0.3211,1000.0,0.7320500000000003,1.0,normal,54.9092
33,788,47325,1,0,0.7321,0.7321,0.7321,1000.0,0.7320500000000003,1.0,normal,55.6413
33,789,47340,0,0,0.0,0.0,0.3159,1000.0,0.8052550000000004,1.0,normal,55.6413
33,789,47355,1,0,0.8053,0.8053,0.8053,1000.0,0.8052550000000004,1.0,normal,56.4466
33,789,47370,1,0,0.8053,0.8053,0.8053,1000.0,0.8052550000000004,1.0,normal,57.2519
33,789,47385,3,0,1.2845,1.2845,0.4282,1000.0,0.8052550000000004,1.0,normal,58.5364
33,790,47400,3,0,2.6573,2.6573,0.8858,1000.0,0.8857805000000005,1.0,normal,61.1937
33,790,47415,2,0,0.1558,0.1558,0.0779,1000.0,0.8857805000000005,1.0,normal,61.3495
33,790,47430,4,1,3.5431,3.5431,0.8858,1000.0,0.8857805000000005,1.0,normal,64.8926
33,790,47445,1,0,0.0195,0.0195,0.0195,1000.0,0.8857805000000005,1.0,normal,64.9121
33,791,47460,0,0,0.0,0.0,0.4835,1000.0,0.9743585500000007,1.0,normal,64.9121
33,791,47475,2,0,1.9487,1.9487,0.9744,1000.0,0.9743585500000007,1.0,normal,66.8608
33,791,47490,2,0,1.9487,1.9487,0.9744,1000.0,0.9743585500000007,1.0,normal,68.8095
33,791,47505,4,0,3.8974,3.8974,0.9744,1000.0,0.9743585500000007,1.0,normal,72.7069
34,792,47520,14,0,1.0186,1.0186,0.0728,1000.0,5.0,1.0,normal,1.0186
34,792,47535,16,3,37.1112,12.3704,2.3195,1000.0,5.0,1.0,normal,38.1298
34,792,47550,9,0,45.0,45.0,5.0,1000.0,5.0,1.0,normal,83.1298
34,792,47565,8,0,34.6479,34.6479,4.331,1000.0,5.0,1.0,normal,117.7777
34,793,47580,16,1,75.8623,75.8623,4.7414,1000.0,6.050000000000001,1.0,normal,193.64
34,793,47595,14,0,5.1432,5.1432,0.3674,1000.0,6.050000000000001,1.0,normal,198.7832
34,793,47610,14,2,56.7492,28.3746,4.0535,1000.0,6.050000000000001,1.0,normal,255.5324
34,793,47625,21,0,30.4542,30.4542,1.4502,1000.0,6.050000000000001,1.0,normal,285.9866
34,794,47640,14,0,80.7599,80.7599,5.7686,1000.0,7.320500000000002,1.0,normal,366.7465
34,794,47655,21,1,20.6491,20.6491,0.9833,1000.0,7.320500000000002,1.0,normal,387.3956
34,794,47670,18,0,57.1947,57.1947,3.1775,1000.0,7.320500000000002,1.0,normal,444.5903
34,794,47685,28,0,9.2387,9.2387,0.33,1000.0,7.320500000000002,1.0,normal,453.829
34,795,47700,24,0,134.1536,134.1536,5.5897,1000.0,8.052550000000002,1.0,normal,587.9826
34,795,47715,20,0,42.9235,42.9235,2.1462,1000.0,8.052550000000002,1.0,normal,630.9061
34,795,47730,21,0,103.3471,103.3471,4.9213,1000.0,8.052550000000002,1.0,normal,734.2532
34,795,47745,30,0,44.8667,44.8667,1.4956,1000.0,8.052550000000002,1.0,normal,779.1199
34,796,47760,13,0,52.2254,52.2254,4.0173,1000.0,6.643353750000002,1.0,normal,831.3453
34,796,47775,23,0,82.1828,82.1828,3.5732,1000.0,6.643353750000002,1.0,budget_constrained,913.5281
34,796,47790,14,0,30.6638,30.6638,2.1903,1000.0,6.643353750000002,1.0,budget_constrained,944.1919
34,796,47805,10,1,55.8081,55.8081,5.3043,1000.0,6.643353750000002,1.0,budget_depleted,1000.0
34,797,47820,0,0,0.0,0.0,0.0,1000.0,4.982515312500001,1.0,budget_depleted,1000.0
34,797,47835,0,0,0.0,0.0,0.0,1000.0,4.982515312500001,1.0,budget_depleted,1000.0
34,797,47850,0,0,0.0,0.0,0.0,1000.0,4.982515312500001,1.0,budget_depleted,1000.0
34,797,47865,0,0,0.0,0.0,0.0,1000.0,4.982515312500001,1.0,budget_depleted,1000.0
34,798,47880,0,0,0.0,0.0,0.0,1000.0,3.7368864843750007,1.0,budget_depleted,1000.0
34,798,47895,0,0,0.0,0.0,0.0,1000.0,3.7368864843750007,1.0,budget_depleted,1000.0
34,798,47910,0,0,0.0,0.0,0.0,1000.0,3.7368864843750007,1.0,budget_depleted,1000.0
34,798,47925,0,0,0.0,0.0,0.0,1000.0,3.7368864843750007,1.0,budget_depleted,1000.0
34,799,47940,0,0,0.0,0.0,0.0,1000.0,2.8026648632812505,1.0,budget_depleted,1000.0
34,799,47955,0,0,0.0,0.0,0.0,1000.0,2.8026648632812505,1.0,budget_depleted,1000.0
34,799,47970,0,0,0.0,0.0,0.0,1000.0,2.8026648632812505,1.0,budget_depleted,1000.0
34,799,47985,0,0,0.0,0.0,0.0,1000.0,2.8026648632812505,1.0,budget_depleted,1000.0
34,800,48000,0,0,0.0,0.0,0.0,1000.0,2.101998647460938,1.0,budget_depleted,1000.0
34,800,48015,0,0,0.0,0.0,0.0,1000.0,2.101998647460938,1.0,budget_depleted,1000.0
34,800,48030,0,0,0.0,0.0,0.0,1000.0,2.101998647460938,1.0,budget_depleted,1000.0
34,800,48045,0,0,0.0,0.0,0.0,1000.0,2.101998647460938,1.0,budget_depleted,1000.0
34,801,48060,0,0,0.0,0.0,0.0,1000.0,1.5764989855957032,1.0,budget_depleted,1000.0
34,801,48075,0,0,0.0,0.0,0.0,1000.0,1.5764989855957032,1.0,budget_depleted,1000.0
34,801,48090,0,0,0.0,0.0,0.0,1000.0,1.5764989855957032,1.0,budget_depleted,1000.0
34,801,48105,0,0,0.0,0.0,0.0,1000.0,1.5764989855957032,1.0,budget_depleted,1000.0
34,802,48120,0,0,0.0,0.0,0.0,1000.0,1.1823742391967773,1.0,budget_depleted,1000.0
34,802,48135,0,0,0.0,0.0,0.0,1000.0,1.1823742391967773,1.0,budget_depleted,1000.0
34,802,48150,0,0,0.0,0.0,0.0,1000.0,1.1823742391967773,1.0,budget_depleted,1000.0
34,802,48165,0,0,0.0,0.0,0.0,1000.0,1.1823742391967773,1.0,budget_depleted,1000.0
34,803,48180,0,0,0.0,0.0,0.0,1000.0,0.886780679397583,1.0,budget_depleted,1000.0
34,803,48195,0,0,0.0,0.0,0.0,1000.0,0.886780679397583,1.0,budget_depleted,1000.0
34,803,48210,0,0,0.0,0.0,0.0,1000.0,0.886780679397583,1.0,budget_depleted,1000.0
34,803,48225,0,0,0.0,0.0,0.0,1000.0,0.886780679397583,1.0,budget_depleted,1000.0
34,804,48240,0,0,0.0,0.0,0.0,1000.0,0.6650855095481872,1.0,budget_depleted,1000.0
34,804,48255,0,0,0.0,0.0,0.0,1000.0,0.6650855095481872,1.0,budget_depleted,1000.0
34,804,48270,0,0,0.0,0.0,0.0,1000.0,0.6650855095481872,1.0,budget_depleted,1000.0
34,804,48285,0,0,0.0,0.0,0.0,1000.0,0.6650855095481872,1.0,budget_depleted,1000.0
34,805,48300,0,0,0.0,0.0,0.0,1000.0,0.5,1.0,budget_depleted,1000.0
34,805,48315,0,0,0.0,0.0,0.0,1000.0,0.5,1.0,budget_depleted,1000.0
34,805,48330,0,0,0.0,0.0,0.0,1000.0,0.5,1.0,budget_depleted,1000.0
34,805,48345,0,0,0.0,0.0,0.0,1000.0,0.5,1.0,budget_depleted,1000.0
34,806,48360,0,0,0.0,0.0,0.0,1000.0,0.5,1.0,budget_depleted,1000.0
34,806,48375,0,0,0.0,0.0,0.0,1000.0,0.5,1.0,budget_depleted,1000.0
34,806,48390,0,0,0.0,0.0,0.0,1000.0,0.5,1.0,budget_depleted,1000.0
34,806,48405,0,0,0.0,0.0,0.0,1000.0,0.5,1.0,budget_depleted,1000.0
34,807,48420,0,0,0.0,0.0,0.0,1000.0,0.5,1.0,budget_depleted,1000.0
34,807,48435,0,0,0.0,0.0,0.0,1000.0,0.5,1.0,budget_depleted,1000.0
34,807,48450,0,0,0.0,0.0,0.0,1000.0,0.5,1.0,budget_depleted,1000.0
34,807,48465,0,0,0.0,0.0,0.0,1000.0,0.5,1.0,budget_depleted,1000.0
34,808,48480,0,0,0.0,0.0,0.0,1000.0,0.5,1.0,budget_depleted,1000.0
34,808,48495,0,0,0.0,0.0,0.0,1000.0,0.5,1.0,budget_depleted,1000.0
34,808,48510,0,0,0.0,0.0,0.0,1000.0,0.5,1.0,budget_depleted,1000.0
34,808,48525,0,0,0.0,0.0,0.0,1000.0,0.5,1.0,budget_depleted,1000.0
34,809,48540,0,0,0.0,0.0,0.0,1000.0,0.5,1.0,budget_depleted,1000.0
34,809,48555,0,0,0.0,0.0,0.0,1000.0,0.5,1.0,budget_depleted,1000.0
34,809,48570,0,0,0.0,0.0,0.0,1000.0,0.5,1.0,budget_depleted,1000.0
34,809,48585,0,0,0.0,0.0,0.0,1000.0,0.5,1.0,budget_depleted,1000.0
34,810,48600,0,0,0.0,0.0,0.0,1000.0,0.5,1.0,budget_depleted,1000.0
34,810,48615,0,0,0.0,0.0,0.0,1000.0,0.5,1.0,budget_depleted,1000.0
34,810,48630,0,0,0.0,0.0,0.0,1000.0,0.5,1.0,budget_depleted,1000.0
34,810,48645,0,0,0.0,0.0,0.0,1000.0,0.5,1.0,budget_depleted,1000.0
34,811,48660,0,0,0.0,0.0,0.0,1000.0,0.5,1.0,budget_depleted,1000.0
34,811,48675,0,0,0.0,0.0,0.0,1000.0,0.5,1.0,budget_depleted,1000.0
34,811,48690,0,0,0.0,0.0,0.0,1000.0,0.5,1.0,budget_depleted,1000.0
34,811,48705,0,0,0.0,0.0,0.0,1000.0,0.5,1.0,budget_depleted,1000.0
34,812,48720,0,0,0.0,0.0,0.0,1000.0,0.5,1.0,budget_depleted,1000.0
34,812,48735,0,0,0.0,0.0,0.0,1000.0,0.5,1.0,budget_depleted,1000.0
34,812,48750,0,0,0.0,0.0,0.0,1000.0,0.5,1.0,budget_depleted,1000.0
34,812,48765,0,0,0.0,0.0,0.0,1000.0,0.5,1.0,budget_depleted,1000.0
34,813,48780,0,0,0.0,0.0,0.0,1000.0,0.5,1.0,budget_depleted,1000.0
34,813,48795,0,0,0.0,0.0,0.0,1000.0,0.5,1.0,budget_depleted,1000.0
34,813,48810,0,0,0.0,0.0,0.0,1000.0,0.5,1.0,budget_depleted,1000.0
34,813,48825,0,0,0.0,0.0,0.0,1000.0,0.5,1.0,budget_depleted,1000.0
34,814,48840,0,0,0.0,0.0,0.0,1000.0,0.5,1.0,budget_depleted,1000.0
34,814,48855,0,0,0.0,0.0,0.0,1000.0,0.5,1.0,budget_depleted,1000.0
34,814,48870,0,0,0.0,0.0,0.0,1000.0,0.5,1.0,budget_depleted,1000.0
34,814,48885,0,0,0.0,0.0,0.0,1000.0,0.5,1.0,budget_depleted,1000.0
34,815,48900,0,0,0.0,0.0,0.0,1000.0,0.5,1.0,budget_depleted,1000.0
34,815,48915,0,0,0.0,0.0,0.0,1000.0,0.5,1.0,budget_depleted,1000.0
34,815,48930,0,0,0.0,0.0,0.0,1000.0,0.5,1.0,budget_depleted,1000.0
34,815,48945,0,0,0.0,0.0,0.0,1000.0,0.5,1.0,budget_depleted,1000.0
35,816,48960,0,0,0.0,0.0,0.0,1000.0,0.5,1.0,normal,0.0
35,816,48975,1,0,0.5,0.5,0.5,1000.0,0.5,1.0,normal,0.5
35,816,48990,1,0,0.5,0.5,0.5,1000.0,0.5,1.0,normal,1.0
35,816,49005,1,0,0.5,0.5,0.5,1000.0,0.5,1.0,normal,1.5
35,817,49020,0,0,0.0,0.0,0.5,1000.0,0.5,1.0,normal,1.5
35,817,49035,1,0,0.5,0.5,0.5,1000.0,0.5,1.0,normal,2.0
35,817,49050,0,0,0.0,0.0,0.5,1000.0,0.5,1.0,normal,2.0
35,817,49065,2,0,0.1283,0.1283,0.0641,1000.0,0.5,1.0,normal,2.1283
35,818,49080,1,0,0.5,0.5,0.5,1000.0,0.5,1.0,normal,2.6283
35,818,49095,1,0,0.5,0.5,0.5,1000.0,0.5,1.0,normal,3.1283
35,818,49110,1,0,0.5,0.5,0.5,1000.0,0.5,1.0,normal,3.6283
35,818,49125,3,1,1.5,1.5,0.5,1000.0,0.5,1.0,normal,5.1283
35,819,49140,0,0,0.0,0.0,0.5,1000.0,0.5,1.0,normal,5.1283
35,819,49155,2,0,1.0,1.0,0.5,1000.0,0.5,1.0,normal,6.1283
35,819,49170,1,0,0.5,0.5,0.5,1000.0,0.5,1.0,normal,6.6283
35,819,49185,0,0,0.0,0.0,0.5,1000.0,0.5,1.0,normal,6.6283
35,820,49200,0,0,0.0,0.0,0.5,1000.0,0.5,1.0,normal,6.6283
35,820,49215,0,0,0.0,0.0,0.5,1000.0,0.5,1.0,normal,6.6283
35,820,49230,1,0,0.3746,0.3746,0.3746,1000.0,0.5,1.0,normal,7.0029
35,820,49245,1,0,0.5,0.5,0.5,1000.0,0.5,1.0,normal,7.5029
35,821,49260,4,0,2.42,2.42,0.605,1000.0,0.6050000000000001,1.0,normal,9.9229
35,821,49275,1,0,0.605,0.605,0.605,1000.0,0.6050000000000001,1.0,normal,10.5279
35,821,49290,0,0,0.0,0.0,0.605,1000.0,0.6050000000000001,1.0,normal,10.5279
35,821,49305,1,0,0.605,0.605,0.605,1000.0,0.6050000000000001,1.0,normal,11.1329
35,822,49320,1,0,0.4883,0.4883,0.4883,1000.0,0.7320500000000003,1.0,normal,11.6212
35,822,49335,1,0,0.7321,0.7321,0.7321,1000.0,0.7320500000000003,1.0,normal,12.3533
35,822,49350,1,0,0.7321,0.7321,0.7321,1000.0,0.7320500000000003,1.0,normal,13.0854
35,822,49365,2,0,1.2438,1.2438,0.6219,1000.0,0.7320500000000003,1.0,normal,14.3292
35,823,49380,2,0,1.7716,1.7716,0.8858,1000.0,0.8857805000000005,1.0,normal,16.1008
35,823,49395,3,0,2.6573,2.6573,0.8858,1000.0,0.8857805000000005,1.0,normal,18.7581
35,823,49410,2,0,1.7716,1.7716,0.8858,1000.0,0.8857805000000005,1.0,normal,20.5297
35,823,49425,1,0,0.8858,0.8858,0.8858,1000.0,0.8857805000000005,1.0,normal,21.4155
35,824,49440,2,0,2.1436,2.1436,1.0718,1000.0,1.0717944050000008,1.0,normal,23.5591
35,824,49455,1,0,0.6517,0.6517,0.6517,1000.0,1.0717944050000008,1.0,normal,24.2108
35,824,49470,1,0,1.0718,1.0718,1.0718,1000.0,1.0717944050000008,1.0,normal,25.2826
35,824,49485,4,0,4.2872,4.2872,1.0718,1000.0,1.0717944050000008,1.0,normal,29.5698
35,825,49500,2,0,2.5937,2.5937,1.2969,1000.0,1.2968712300500012,1.0,normal,32.1635
35,825,49515,2,0,2.5937,2.5937,1.2969,1000.0,1.2968712300500012,1.0,normal,34.7572
35,825,49530,2,0,2.5937,2.5937,1.2969,1000.0,1.2968712300500012,1.0,normal,37.3509
35,825,49545,6,0,7.7812,7.7812,1.2969,1000.0,1.2968712300500012,1.0,normal,45.1321
35,826,49560,4,0,6.2769,6.2769,1.5692,1000.0,1.5692141883605017,1.0,normal,51.409
35,826,49575,5,0,3.8016,3.8016,0.7603,1000.0,1.5692141883605017,1.0,normal,55.2106
35,826,49590,5,0,3.8374,3.8374,0.7675,1000.0,1.5692141883605017,1.0,normal,59.048
35,826,49605,3,0,4.7076,4.7076,1.5692,1000.0,1.5692141883605017,1.0,normal,63.7556
35,827,49620,4,0,7.595,7.595,1.8987,1000.0,1.8987491679162074,1.0,normal,71.3506
35,827,49635,6,0,8.1231,8.1231,1.3538,1000.0,1.8987491679162074,1.0,normal,79.4737
35,827,49650,5,0,9.4937,9.4937,1.8987,1000.0,1.8987491679162074,1.0,normal,88.9674
35,827,49665,4,0,7.595,7.595,1.8987,1000.0,1.8987491679162074,1.0,normal,96.5624
35,828,49680,14,2,70.0,35.0,5.0,1000.0,5.0,1.0,normal,166.5624
35,828,49695,10,0,28.7724,28.7724,2.8772,1000.0,5.0,1.0,normal,195.3348
35,828,49710,20,2,70.1678,35.0839,3.5084,1000.0,5.0,1.0,normal,265.5026
35,828,49725,16,0,32.6294,32.6294,2.0393,1000.0,5.0,1.0,normal,298.132
35,829,49740,11,1,29.6297,29.6297,2.6936,1000.0,6.050000000000001,1.0,normal,327.7617
35,829,49755,13,0,14.6423,14.6423,1.1263,1000.0,6.050000000000001,1.0,normal,342.404
35,829,49770,10,0,24.061,24.061,2.4061,1000.0,6.050000000000001,1.0,normal,366.465
35,829,49785,17,0,30.2184,30.2184,1.7776,1000.0,6.050000000000001,1.0,normal,396.6834
35,830,49800,22,0,64.0864,64.0864,2.913,1000.0,6.655000000000001,1.0,normal,460.7698
35,830,49815,20,0,101.7949,101.7949,5.0897,1000.0,6.655000000000001,1.0,normal,562.5647
35,830,49830,21,1,105.5677,105.5677,5.027,1000.0,6.655000000000001,1.0,normal,668.1324
35,830,49845,17,0,89.0497,89.0497,5.2382,1000.0,6.655000000000001,1.0,normal,757.1821
35,831,49860,10,0,48.5762,48.5762,4.8576,1000.0,5.490375000000001,1.0,normal,805.7583
35,831,49875,6,1,24.9671,24.9671,4.1612,1000.0,5.490375000000001,1.0,normal,830.7254
35,831,49890,11,0,46.4907,46.4907,4.2264,1000.0,5.490375000000001,1.0,normal,877.2161
35,831,49905,13,0,71.2278,71.2278,5.4791,1000.0,5.490375000000001,1.0,budget_constrained,948.4439
35,832,49920,11,0,39.5006,39.5006,3.591,1000.0,4.117781250000001,1.0,budget_constrained,987.9445
35,832,49935,2,0,12.0555,12.0555,4.1178,1000.0,4.117781250000001,1.0,budget_constrained,1000.0
35,832,49950,0,0,0.0,0.0,2.6161,1000.0,4.117781250000001,1.0,budget_constrained,1000.0
35,832,49965,0,0,0.0,0.0,0.722,1000.0,4.117781250000001,1.0,budget_constrained,1000.0
35,833,49980,0,0,0.0,0.0,1.3817,1000.0,3.088335937500001,1.0,budget_constrained,1000.0
35,833,49995,0,0,0.0,0.0,1.3368,1000.0,3.088335937500001,1.0,budget_constrained,1000.0
35,833,50010,0,0,0.0,0.0,0.9637,1000.0,3.088335937500001,1.0,budget_constrained,1000.0
35,833,50025,0,0,0.0,0.0,0.2169,1000.0,3.088335937500001,1.0,budget_constrained,1000.0
35,834,50040,0,0,0.0,0.0,1.3011,1000.0,2.3162519531250005,1.0,budget_constrained,1000.0
35,834,50055,0,0,0.0,0.0,2.3163,1000.0,2.3162519531250005,1.0,budget_constrained,1000.0
35,834,50070,0,0,0.0,0.0,2.3163,1000.0,2.3162519531250005,1.0,budget_constrained,1000.0
35,834,50085,0,0,0.0,0.0,2.3163,1000.0,2.3162519531250005,1.0,budget_constrained,1000.0
35,835,50100,0,0,0.0,0.0,1.7372,1000.0,1.7371889648437504,1.0,budget_constrained,1000.0
35,835,50115,0,0,0.0,0.0,1.7372,1000.0,1.7371889648437504,1.0,budget_constrained,1000.0
35,835,50130,0,0,0.0,0.0,0.9023,1000.0,1.7371889648437504,1.0,budget_constrained,1000.0
35,835,50145,0,0,0.0,0.0,1.7372,1000.0,1.7371889648437504,1.0,budget_constrained,1000.0
35,836,50160,0,0,0.0,0.0,1.3029,1000.0,1.3028917236328128,1.0,budget_constrained,1000.0
35,836,50175,0,0,0.0,0.0,1.3029,1000.0,1.3028917236328128,1.0,budget_constrained,1000.0
35,836,50190,0,0,0.0,0.0,1.3029,1000.0,1.3028917236328128,1.0,budget_constrained,1000.0
35,836,50205,0,0,0.0,0.0,0.6313,1000.0,1.3028917236328128,1.0,budget_constrained,1000.0
35,837,50220,0,0,0.0,0.0,0.5758,1000.0,0.9771687927246095,1.0,budget_constrained,1000.0
35,837,50235,0,0,0.0,0.0,0.9772,1000.0,0.9771687927246095,1.0,budget_constrained,1000.0
35,837,50250,0,0,0.0,0.0,0.9772,1000.0,0.9771687927246095,1.0,budget_constrained,1000.0
35,837,50265,0,0,0.0,0.0,0.0625,1000.0,0.9771687927246095,1.0,budget_constrained,1000.0
35,838,50280,0,0,0.0,0.0,0.7329,1000.0,0.7328765945434572,1.0,budget_constrained,1000.0
35,838,50295,0,0,0.0,0.0,0.7329,1000.0,0.7328765945434572,1.0,budget_constrained,1000.0
35,838,50310,0,0,0.0,0.0,0.7329,1000.0,0.7328765945434572,1.0,budget_constrained,1000.0
35,838,50325,0,0,0.0,0.0,0.7329,1000.0,0.7328765945434572,1.0,budget_constrained,1000.0
35,839,50340,0,0,0.0,0.0,0.5497,1000.0,0.5496574459075929,1.0,budget_constrained,1000.0
35,839,50355,0,0,0.0,0.0,0.5497,1000.0,0.5496574459075929,1.0,budget_constrained,1000.0
35,839,50370,0,0,0.0,0.0,0.1208,1000.0,0.5496574459075929,1.0,budget_constrained,1000.0
35,839,50385,0,0,0.0,0.0,0.5497,1000.0,0.5496574459075929,1.0,budget_constrained,1000.0
36,840,50400,0,0,0.0,0.0,0.0648,700.0,0.5,1.0,normal,0.0
36,840,50415,1,0,0.5,0.5,0.5,700.0,0.5,1.0,normal,0.5
36,840,50430,0,0,0.0,0.0,0.0349,700.0,0.5,1.0,normal,0.5
36,840,50445,0,0,0.0,0.0,0.5,700.0,0.5,1.0,normal,0.5
36,841,50460,1,0,0.3309,0.3309,0.3309,700.0,0.5,1.0,normal,0.8309
36,841,50475,3,0,0.0454,0.0454,0.0151,700.0,0.5,1.0,normal,0.8763
36,841,50490,3,0,1.5,1.5,0.5,700.0,0.5,1.0,normal,2.3763
36,841,50505,2,0,1.0,1.0,0.5,700.0,0.5,1.0,normal,3.3763
36,842,50520,4,0,0.0699,0.0699,0.0175,700.0,0.5,1.0,normal,3.4462
36,842,50535,0,0,0.0,0.0,0.5,700.0,0.5,1.0,normal,3.4462
36,842,50550,0,0,0.0,0.0,0.5,700.0,0.5,1.0,normal,3.4462
36,842,50565,1,0,0.5,0.5,0.5,700.0,0.5,1.0,normal,3.9462
36,843,50580,0,0,0.0,0.0,0.5,700.0,0.5,1.0,normal,3.9462
36,843,50595,2,0,1.0,1.0,0.5,700.0,0.5,1.0,normal,4.9462
36,843,50610,1,0,0.2718,0.2718,0.2718,700.0,0.5,1.0,normal,5.218
36,843,50625,0,0,0.0,0.0,0.3026,700.0,0.5,1.0,normal,5.218
36,844,50640,1,0,0.5,0.5,0.5,700.0,0.5,1.0,normal,5.718
36,844,50655,1,0,0.5,0.5,0.5,700.0,0.5,1.0,normal,6.218
36,844,50670,0,0,0.0,0.0,0.1978,700.0,0.5,1.0,normal,6.218
36,844,50685,1,0,0.5,0.5,0.5,700.0,0.5,1.0,normal,6.718
36,845,50700,1,0,0.0037,0.0037,0.0037,700.0,0.5,1.0,normal,6.7217
36,845,50715,1,0,0.5,0.5,0.5,700.0,0.5,1.0,normal,7.2217
36,845,50730,0,0,0.0,0.0,0.5,700.0,0.5,1.0,normal,7.2217
36,845,50745,0,0,0.0,0.0,0.5,700.0,0.5,1.0,normal,7.2217
36,846,50760,0,0,0.0,0.0,0.5,700.0,0.5,1.0,normal,7.2217
36,846,50775,1,0,0.2367,0.2367,0.2367,700.0,0.5,1.0,normal,7.4584
36,846,50790,3,0,1.5,1.5,0.5,700.0,0.5,1.0,normal,8.9584
36,846,50805,0,0,0.0,0.0,0.5,700.0,0.5,1.0,normal,8.9584
36,847,50820,3,0,1.5,1.5,0.5,700.0,0.5,1.0,normal,10.4584
36,847,50835,1,0,0.5,0.5,0.5,700.0,0.5,1.0,normal,10.9584
36,847,50850,0,0,0.0,0.0,0.5,700.0,0.5,1.0,normal,10.9584
36,847,50865,3,0,1.5,1.5,0.5,700.0,0.5,1.0,normal,12.4584
36,848,50880,0,0,0.0,0.0,0.5,700.0,0.5,1.0,normal,12.4584
36,848,50895,0,0,0.0,0.0,0.5,700.0,0.5,1.0,normal,12.4584
36,848,50910,3,0,1.5,1.5,0.5,700.0,0.5,1.0,normal,13.9584
36,848,50925,3,0,1.5,1.5,0.5,700.0,0.5,1.0,normal,15.4584
36,849,50940,1,0,0.5,0.5,0.5,700.0,0.5,1.0,normal,15.9584
36,849,50955,2,0,1.0,1.0,0.5,700.0,0.5,1.0,normal,16.9584
36,849,50970,0,0,0.0,0.0,0.5,700.0,0.5,1.0,normal,16.9584
36,849,50985,1,0,0.5,0.5,0.5,700.0,0.5,1.0,normal,17.4584
36,850,51000,1,0,0.5,0.5,0.5,700.0,0.5,1.0,normal,17.9584
36,850,51015,0,0,0.0,0.0,0.5,700.0,0.5,1.0,normal,17.9584
36,850,51030,3,0,1.5,1.5,0.5,700.0,0.5,1.0,normal,19.4584
36,850,51045,1,0,0.5,0.5,0.5,700.0,0.5,1.0,normal,19.9584
36,851,51060,0,0,0.0,0.0,0.5,700.0,0.5,1.0,normal,19.9584
36,851,51075,0,0,0.0,0.0,0.5,700.0,0.5,1.0,normal,19.9584
36,851,51090,2,0,1.0,1.0,0.5,700.0,0.5,1.0,normal,20.9584
36,851,51105,1,0,0.5,0.5,0.5,700.0,0.5,1.0,normal,21.4584
36,852,51120,0,0,0.0,0.0,0.1653,700.0,0.5,1.0,normal,21.4584
36,852,51135,1,0,0.1637,0.1637,0.1637,700.0,0.5,1.0,normal,21.6221
36,852,51150,2,0,1.0,1.0,0.5,700.0,0.5,1.0,normal,22.6221
36,852,51165,3,0,1.5,1.5,0.5,700.0,0.5,1.0,normal,24.1221
36,853,51180,0,0,0.0,0.0,0.5,700.0,0.5,1.0,normal,24.1221
36,853,51195,1,0,0.5,0.5,0.5,700.0,0.5,1.0,normal,24.6221
36,853,51210,5,0,2.5,2.5,0.5,700.0,0.5,1.0,normal,27.1221
36,853,51225,1,0,0.5,0.5,0.5,700.0,0.5,1.0,normal,27.6221
36,854,51240,2,0,0.1593,0.1593,0.0796,700.0,0.5,1.0,normal,27.7814
36,854,51255,3,0,1.5,1.5,0.5,700.0,0.5,1.0,normal,29.2814
36,854,51270,1,0,0.1909,0.1909,0.1909,700.0,0.5,1.0,normal,29.4723
36,854,51285,2,0,0.1136,0.1136,0.0568,700.0,0.5,1.0,normal,29.5859
36,855,51300,0,0,0.0,0.0,0.5,700.0,0.5,1.0,normal,29.5859
36,855,51315,2,0,0.5801,0.5801,0.29,700.0,0.5,1.0,normal,30.166
36,855,51330,0,0,0.0,0.0,0.5,700.0,0.5,1.0,normal,30.166
36,855,51345,3,0,1.5,1.5,0.5,700.0,0.5,1.0,normal,31.666
36,856,51360,1,0,0.55,0.55,0.55,700.0,0.55,1.0,normal,32.216
36,856,51375,1,0,0.55,0.55,0.55,700.0,0.55,1.0,normal,32.766
36,856,51390,0,0,0.0,0.0,0.4277,700.0,0.55,1.0,normal,32.766
36,856,51405,2,1,1.1,1.1,0.55,700.0,0.55,1.0,normal,33.866
36,857,51420,0,0,0.0,0.0,0.6655,700.0,0.6655000000000002,1.0,normal,33.866
36,857,51435,3,0,1.9965,1.9965,0.6655,700.0,0.6655000000000002,1.0,normal,35.8625
36,857,51450,2,0,1.331,1.331,0.6655,700.0,0.6655000000000002,1.0,normal,37.1935
36,857,51465,1,0,0.1553,0.1553,0.1553,700.0,0.6655000000000002,1.0,normal,37.3488
36,858,51480,2,0,1.6105,1.6105,0.8053,700.0,0.8052550000000004,1.0,normal,38.9593
36,858,51495,1,0,0.8053,0.8053,0.8053,700.0,0.8052550000000004,1.0,normal,39.7646
36,858,51510,3,0,2.4158,2.4158,0.8053,700.0,0.8052550000000004,1.0,normal,42.1804
36,858,51525,0,0,0.0,0.0,0.0478,700.0,0.8052550000000004,1.0,normal,42.1804
36,859,51540,4,0,3.8974,3.8974,0.9744,700.0,0.9743585500000007,1.0,normal,46.0778
36,859,51555,0,0,0.0,0.0,0.9744,700.0,0.9743585500000007,1.0,normal,46.0778
36,859,51570,4,0,3.8974,3.8974,0.9744,700.0,0.9743585500000007,1.0,normal,49.9752
36,859,51585,1,0,0.9744,0.9744,0.9744,700.0,0.9743585500000007,1.0,normal,50.9496
36,860,51600,6,0,2.1848,2.1848,0.3641,700.0,1.178973845500001,1.0,normal,53.1344
36,860,51615,1,0,1.179,1.179,1.179,700.0,1.178973845500001,1.0,normal,54.3134
36,860,51630,0,0,0.0,0.0,1.179,700.0,1.178973845500001,1.0,normal,54.3134
36,860,51645,3,0,3.5369,3.5369,1.179,700.0,1.178973845500001,1.0,normal,57.8503
36,861,51660,3,0,0.4317,0.4317,0.1439,700.0,1.4265583530550014,1.0,normal,58.282
36,861,51675,2,0,2.8531,2.8531,1.4266,700.0,1.4265583530550014,1.0,normal,61.1351
36,861,51690,2,0,2.6246,2.6246,1.3123,700.0,1.4265583530550014,1.0,normal,63.7597
36,861,51705,2,0,2.5173,2.5173,1.2587,700.0,1.4265583530550014,1.0,normal,66.277
36,862,51720,2,0,2.6681,2.6681,1.3341,700.0,1.5692141883605017,1.0,normal,68.9451
36,862,51735,5,0,2.8772,2.8772,0.5754,700.0,1.5692141883605017,1.0,normal,71.8223
36,862,51750,3,0,3.9743,3.9743,1.3248,700.0,1.5692141883605017,1.0,normal,75.7966
36,862,51765,6,0,0.921,0.921,0.1535,700.0,1.5692141883605017,1.0,normal,76.7176
36,863,51780,5,0,3.904,3.904,0.7808,700.0,1.7261356071965521,1.0,normal,80.6216
36,863,51795,2,0,0.1105,0.1105,0.0553,700.0,1.7261356071965521,1.0,normal,80.7321
36,863,51810,6,0,1.7503,1.7503,0.2917,700.0,1.7261356071965521,1.0,normal,82.4824
36,863,51825,1,0,1.7261,1.7261,1.7261,700.0,1.7261356071965521,1.0,normal,84.2085
37,864,51840,15,2,27.4452,13.7226,1.8297,700.0,5.0,1.0,normal,27.4452
37,864,51855,20,0,97.2439,97.2439,4.8622,700.0,5.0,1.0,normal,124.6891
37,864,51870,11,0,24.5101,24.5101,2.2282,700.0,5.0,1.0,normal,149.1992
37,864,51885,11,0,28.0436,28.0436,2.5494,700.0,5.0,1.0,normal,177.2428
37,865,51900,9,0,47.025,47.025,5.225,700.0,5.225,1.0,normal,224.2678
37,865,51915,10,1,39.7592,39.7592,3.9759,700.0,5.225,1.0,normal,264.027
37,865,51930,14,0,36.2795,36.2795,2.5914,700.0,5.225,1.0,normal,300.3065
37,865,51945,17,1,0.5382,0.5382,0.0317,700.0,5.225,1.0,normal,300.8447
37,866,51960,13,2,74.7175,37.3588,5.7475,700.0,5.7475000000000005,1.0,normal,375.5622
37,866,51975,21,0,120.6975,120.6975,5.7475,700.0,5.7475000000000005,1.0,normal,496.2597
37,866,51990,18,1,22.7458,22.7458,1.2637,700.0,5.7475000000000005,1.0,normal,519.0055
37,866,52005,10,0,9.3421,9.3421,0.9342,700.0,5.7475000000000005,1.0,normal,528.3476
37,867,52020,11,1,40.2488,40.2488,3.659,700.0,5.7475000000000005,1.0,normal,568.5964
37,867,52035,13,0,32.9942,32.9942,2.538,700.0,5.7475000000000005,1.0,normal,601.5906
37,867,52050,18,1,83.8773,83.8773,4.6598,700.0,5.7475000000000005,1.0,budget_constrained,685.4679
37,867,52065,4,0,14.5321,14.5321,2.9436,700.0,5.7475000000000005,1.0,budget_constrained,700.0
37,868,52080,0,0,0.0,0.0,5.1728,700.0,5.172750000000001,1.0,budget_constrained,700.0
37,868,52095,0,0,0.0,0.0,0.6657,700.0,5.172750000000001,1.0,budget_constrained,700.0
37,868,52110,0,0,0.0,0.0,0.8312,700.0,5.172750000000001,1.0,budget_constrained,700.0
37,868,52125,0,0,0.0,0.0,5.1728,700.0,5.172750000000001,1.0,budget_constrained,700.0
37,869,52140,0,0,0.0,0.0,4.6555,700.0,4.655475000000001,1.0,budget_constrained,700.0
37,869,52155,0,0,0.0,0.0,0.4832,700.0,4.655475000000001,1.0,budget_constrained,700.0
37,869,52170,0,0,0.0,0.0,4.6555,700.0,4.655475000000001,1.0,budget_constrained,700.0
37,869,52185,0,0,0.0,0.0,2.1161,700.0,4.655475000000001,1.0,budget_constrained,700.0
37,870,52200,0,0,0.0,0.0,1.4796,700.0,4.189927500000001,1.0,budget_constrained,700.0
37,870,52215,0,0,0.0,0.0,0.7898,700.0,4.189927500000001,1.0,budget_constrained,700.0
37,870,52230,0,0,0.0,0.0,4.1899,700.0,4.189927500000001,1.0,budget_constrained,700.0
37,870,52245,0,0,0.0,0.0,0.8097,700.0,4.189927500000001,1.0,budget_constrained,700.0
37,871,52260,0,0,0.0,0.0,1.7241,700.0,3.7709347500000012,1.0,budget_constrained,700.0
37,871,52275,0,0,0.0,0.0,3.7709,700.0,3.7709347500000012,1.0,budget_constrained,700.0
37,871,52290,0,0,0.0,0.0,2.293,700.0,3.7709347500000012,1.0,budget_constrained,700.0
37,871,52305,0,0,0.0,0.0,2.8591,700.0,3.7709347500000012,1.0,budget_constrained,700.0
37,872,52320,0,0,0.0,0.0,3.3938,700.0,3.393841275000001,1.0,budget_constrained,700.0
37,872,52335,0,0,0.0,0.0,2.7353,700.0,3.393841275000001,1.0,budget_constrained,700.0
37,872,52350,0,0,0.0,0.0,2.8453,700.0,3.393841275000001,1.0,budget_constrained,700.0
37,872,52365,0,0,0.0,0.0,3.3938,700.0,3.393841275000001,1.0,budget_constrained,700.0
37,873,52380,0,0,0.0,0.0,2.8893,700.0,3.393841275000001,1.0,budget_constrained,700.0
37,873,52395,0,0,0.0,0.0,2.2791,700.0,3.393841275000001,1.0,budget_constrained,700.0
37,873,52410,0,0,0.0,0.0,2.558,700.0,3.393841275000001,1.0,budget_constrained,700.0
37,873,52425,0,0,0.0,0.0,1.7387,700.0,3.393841275000001,1.0,budget_constrained,700.0
37,874,52440,0,0,0.0,0.0,3.1129,700.0,3.393841275000001,1.0,budget_constrained,700.0
37,874,52455,0,0,0.0,0.0,1.6861,700.0,3.393841275000001,1.0,budget_constrained,700.0
37,874,52470,0,0,0.0,0.0,0.6631,700.0,3.393841275000001,1.0,budget_constrained,700.0
37,874,52485,0,0,0.0,0.0,0.1763,700.0,3.393841275000001,1.0,budget_constrained,700.0
37,875,52500,0,0,0.0,0.0,3.3938,700.0,3.393841275000001,1.0,budget_constrained,700.0
37,875,52515,0,0,0.0,0.0,2.7707,700.0,3.393841275000001,1.0,budget_constrained,700.0
37,875,52530,0,0,0.0,0.0,2.1826,700.0,3.393841275000001,1.0,budget_constrained,700.0
37,875,52545,0,0,0.0,0.0,0.8742,700.0,3.393841275000001,1.0,budget_constrained,700.0
37,876,52560,0,0,0.0,0.0,2.4696,700.0,3.393841275000001,1.0,budget_constrained,700.0
37,876,52575,0,0,0.0,0.0,2.8955,700.0,3.393841275000001,1.0,budget_constrained,700.0
37,876,52590,0,0,0.0,0.0,0.0307,700.0,3.393841275000001,1.0,budget_constrained,700.0
37,876,52605,0,0,0.0,0.0,2.3738,700.0,3.393841275000001,1.0,budget_constrained,700.0
37,877,52620,0,0,0.0,0.0,3.3938,700.0,3.393841275000001,1.0,budget_constrained,700.0
37,877,52635,0,0,0.0,0.0,0.4161,700.0,3.393841275000001,1.0,budget_constrained,700.0
37,877,52650,0,0,0.0,0.0,3.3938,700.0,3.393841275000001,1.0,budget_constrained,700.0
37,877,52665,0,0,0.0,0.0,2.1332,700.0,3.393841275000001,1.0,budget_constrained,700.0
37,878,52680,0,0,0.0,0.0,3.3938,700.0,3.393841275000001,1.0,budget_constrained,700.0
37,878,52695,0,0,0.0,0.0,3.3938,700.0,3.393841275000001,1.0,budget_constrained,700.0
37,878,52710,0,0,0.0,0.0,0.4191,700.0,3.393841275000001,1.0,budget_constrained,700.0
37,878,52725,0,0,0.0,0.0,3.3938,700.0,3.393841275000001,1.0,budget_constrained,700.0
37,879,52740,0,0,0.0,0.0,2.7497,700.0,3.393841275000001,1.0,budget_constrained,700.0
37,879,52755,0,0,0.0,0.0,3.3938,700.0,3.393841275000001,1.0,budget_constrained,700.0
37,879,52770,0,0,0.0,0.0,1.4023,700.0,3.393841275000001,1.0,budget_constrained,700.0
37,879,52785,0,0,0.0,0.0,0.3803,700.0,3.393841275000001,1.0,budget_constrained,700.0
37,880,52800,0,0,0.0,0.0,1.8816,700.0,3.393841275000001,1.0,budget_constrained,700.0
37,880,52815,0,0,0.0,0.0,1.4461,700.0,3.393841275000001,1.0,budget_constrained,700.0
37,880,52830,0,0,0.0,0.0,3.3938,700.0,3.393841275000001,1.0,budget_constrained,700.0
37,880,52845,0,0,0.0,0.0,1.2781,700.0,3.393841275000001,1.0,budget_constrained,700.0
37,881,52860,0,0,0.0,0.0,2.1932,700.0,3.2241492112500008,1.0,budget_constrained,700.0
37,881,52875,0,0,0.0,0.0,3.2241,700.0,3.2241492112500008,1.0,budget_constrained,700.0
37,881,52890,0,0,0.0,0.0,2.9186,700.0,3.2241492112500008,1.0,budget_constrained,700.0
37,881,52905,0,0,0.0,0.0,1.8221,700.0,3.2241492112500008,1.0,budget_constrained,700.0
37,882,52920,0,0,0.0,0.0,2.8798,700.0,3.0629417506875005,1.0,budget_constrained,700.0
37,882,52935,0,0,0.0,0.0,0.5023,700.0,3.0629417506875005,1.0,budget_constrained,700.0
37,882,52950,0,0,0.0,0.0,2.7447,700.0,3.0629417506875005,1.0,budget_constrained,700.0
37,882,52965,0,0,0.0,0.0,0.693,700.0,3.0629417506875005,1.0,budget_constrained,700.0
37,883,52980,0,0,0.0,0.0,1.1652,700.0,2.9097946631531255,1.0,budget_constrained,700.0
37,883,52995,0,0,0.0,0.0,2.9098,700.0,2.9097946631531255,1.0,budget_constrained,700.0
37,883,53010,0,0,0.0,0.0,2.9098,700.0,2.9097946631531255,1.0,budget_constrained,700.0
37,883,53025,0,0,0.0,0.0,0.6727,700.0,2.9097946631531255,1.0,budget_constrained,700.0
37,884,53040,0,0,0.0,0.0,0.0141,700.0,2.764304929995469,1.0,budget_constrained,700.0
37,884,53055,0,0,0.0,0.0,2.7643,700.0,2.764304929995469,1.0,budget_constrained,700.0
37,884,53070,0,0,0.0,0.0,2.7643,700.0,2.764304929995469,1.0,budget_constrained,700.0
37,884,53085,0,0,0.0,0.0,2.7643,700.0,2.764304929995469,1.0,budget_constrained,700.0
37,885,53100,0,0,0.0,0.0,0.8949,700.0,2.6260896834956955,1.0,budget_constrained,700.0
37,885,53115,0,0,0.0,0.0,2.6261,700.0,2.6260896834956955,1.0,budget_constrained,700.0
37,885,53130,0,0,0.0,0.0,0.8623,700.0,2.6260896834956955,1.0,budget_constrained,700.0
37,885,53145,0,0,0.0,0.0,2.6261,700.0,2.6260896834956955,1.0,budget_constrained,700.0
37,886,53160,0,0,0.0,0.0,0.6783,700.0,2.6260896834956955,1.0,budget_constrained,700.0
37,886,53175,0,0,0.0,0.0,2.6261,700.0,2.6260896834956955,1.0,budget_constrained,700.0
37,886,53190,0,0,0.0,0.0,2.6261,700.0,2.6260896834956955,1.0,budget_constrained,700.0
37,886,53205,0,0,0.0,0.0,0.686,700.0,2.6260896834956955,1.0,budget_constrained,700.0
37,887,53220,0,0,0.0,0.0,2.6261,700.0,2.6260896834956955,1.0,budget_constrained,700.0
37,887,53235,0,0,0.0,0.0,2.6261,700.0,2.6260896834956955,1.0,budget_constrained,700.0
37,887,53250,0,0,0.0,0.0,1.5479,700.0,2.6260896834956955,1.0,budget_constrained,700.0
37,887,53265,0,0,0.0,0.0,1.5667,700.0,2.6260896834956955,1.0,budget_constrained,700.0
