current_day,current_hour,current_minute,clicks,leads,spend,cpa,realized_cpc,daily_budget,max_bid,volatility,budget_status,current_day_spend
8,168,10080,0,0,0.0,0.0,2.3277,1000.0,2.327651705596949,1.0,normal,0.0
8,168,10095,6,0,13.9659,13.9659,2.3277,1000.0,2.327651705596949,1.0,normal,13.9659
8,168,10110,9,0,10.4522,10.4522,1.1614,1000.0,2.327651705596949,1.0,normal,24.4181
8,168,10125,7,0,15.6528,15.6528,2.2361,1000.0,2.327651705596949,1.0,normal,40.0709
8,169,10140,6,0,8.683,8.683,1.4472,1000.0,2.327651705596949,1.0,normal,48.7539
8,169,10155,7,0,16.2936,16.2936,2.3277,1000.0,2.327651705596949,1.0,normal,65.0475
8,169,10170,15,0,18.3674,18.3674,1.2245,1000.0,2.327651705596949,1.0,normal,83.4149
8,169,10185,5,0,11.6383,11.6383,2.3277,1000.0,2.327651705596949,1.0,normal,95.0532
8,170,10200,9,1,25.3481,25.3481,2.8165,1000.0,2.8164585637723083,1.0,normal,120.4013
8,170,10215,4,0,11.2658,11.2658,2.8165,1000.0,2.8164585637723083,1.0,normal,131.6671
8,170,10230,5,0,0.0243,0.0243,0.0049,1000.0,2.8164585637723083,1.0,normal,131.6914
8,170,10245,8,0,5.7984,5.7984,0.7248,1000.0,2.8164585637723083,1.0,normal,137.4898
8,171,10260,3,0,10.2237,10.2237,3.4079,1000.0,3.4079148621644935,1.0,normal,147.7135
8,171,10275,7,0,5.1953,5.1953,0.7422,1000.0,3.4079148621644935,1.0,normal,152.9088
8,171,10290,7,0,15.6968,15.6968,2.2424,1000.0,3.4079148621644935,1.0,normal,168.6056
8,171,10305,9,0,4.8437,4.8437,0.5382,1000.0,3.4079148621644935,1.0,normal,173.4493
8,172,10320,14,0,57.7301,57.7301,4.1236,1000.0,4.123576983219038,1.0,normal,231.1794
8,172,10335,12,0,49.4829,49.4829,4.1236,1000.0,4.123576983219038,1.0,normal,280.6623
8,172,10350,8,0,32.9886,32.9886,4.1236,1000.0,4.123576983219038,1.0,normal,313.6509
8,172,10365,5,0,19.2117,19.2117,3.8423,1000.0,4.123576983219038,1.0,normal,332.8626
8,173,10380,9,0,24.6812,24.6812,2.7424,1000.0,4.535934681540942,1.0,normal,357.5438
8,173,10395,9,0,8.2359,8.2359,0.9151,1000.0,4.535934681540942,1.0,normal,365.7797
8,173,10410,13,1,58.9672,58.9672,4.5359,1000.0,4.535934681540942,1.0,normal,424.7469
8,173,10425,7,0,16.2204,16.2204,2.3172,1000.0,4.535934681540942,1.0,normal,440.9673
8,174,10440,15,0,74.8429,74.8429,4.9895,1000.0,4.989528149695037,1.0,normal,515.8102
8,174,10455,17,0,61.2459,61.2459,3.6027,1000.0,4.989528149695037,1.0,normal,577.0561
8,174,10470,15,0,73.8131,73.8131,4.9209,1000.0,4.989528149695037,1.0,normal,650.8692
8,174,10485,12,1,48.3188,48.3188,4.0266,1000.0,4.989528149695037,1.0,normal,699.188
8,175,10500,11,0,52.1406,52.1406,4.7401,1000.0,4.740051742210285,1.0,normal,751.3286
8,175,10515,7,0,18.5223,18.5223,2.646,1000.0,4.740051742210285,1.0,normal,769.8509
8,175,10530,16,0,13.209,13.209,0.8256,1000.0,4.740051742210285,1.0,normal,783.0599
8,175,10545,7,0,33.1804,33.1804,4.7401,1000.0,4.740051742210285,1.0,normal,816.2403
8,176,10560,11,0,39.1054,39.1054,3.555,1000.0,3.5550388066577137,1.0,normal,855.3457
8,176,10575,5,0,4.8176,4.8176,0.9635,1000.0,3.5550388066577137,1.0,normal,860.1633
8,176,10590,9,0,14.091,14.091,1.5657,1000.0,3.5550388066577137,1.0,normal,874.2543
8,176,10605,11,0,24.956,24.956,2.2687,1000.0,3.5550388066577137,1.0,normal,899.2103
8,177,10620,7,0,10.7878,10.7878,1.5411,1000.0,2.399651194493957,1.0,budget_constrained,909.9981
8,177,10635,2,0,3.6825,3.6825,1.8413,1000.0,2.399651194493957,1.0,budget_constrained,913.6806
8,177,10650,10,0,17.4417,17.4417,1.7442,1000.0,2.399651194493957,1.0,budget_constrained,931.1223
8,177,10665,5,0,11.9983,11.9983,2.3997,1000.0,2.399651194493957,1.0,budget_constrained,943.1206
8,178,10680,7,0,11.0331,11.0331,1.5762,1000.0,1.619764556283421,1.0,budget_constrained,954.1537
8,178,10695,3,0,4.8593,4.8593,1.6198,1000.0,1.619764556283421,1.0,budget_constrained,959.013
8,178,10710,5,0,1.405,1.405,0.281,1000.0,1.619764556283421,1.0,budget_constrained,960.418
8,178,10725,1,0,1.6198,1.6198,1.6198,1000.0,1.619764556283421,1.0,budget_constrained,962.0378
8,179,10740,2,0,2.1867,2.1867,1.0933,1000.0,1.0933410754913093,1.0,budget_constrained,964.2245
8,179,10755,2,0,2.1602,2.1602,1.0801,1000.0,1.0933410754913093,1.0,budget_constrained,966.3847
8,179,10770,3,0,3.28,3.28,1.0933,1000.0,1.0933410754913093,1.0,budget_constrained,969.6647
8,179,10785,2,0,1.1712,1.1712,0.5856,1000.0,1.0933410754913093,1.0,budget_constrained,970.8359
8,180,10800,2,0,0.4771,0.4771,0.2386,1000.0,0.820005806618482,1.0,budget_constrained,971.313
8,180,10815,1,0,0.82,0.82,0.82,1000.0,0.820005806618482,1.0,budget_constrained,972.133
8,180,10830,0,0,0.0,0.0,0.6557,1000.0,0.820005806618482,1.0,budget_constrained,972.133
8,180,10845,5,0,4.1,4.1,0.82,1000.0,0.820005806618482,1.0,budget_constrained,976.233
8,181,10860,1,0,0.5394,0.5394,0.5394,1000.0,0.6150043549638615,1.0,budget_constrained,976.7724
8,181,10875,0,0,0.0,0.0,0.615,1000.0,0.6150043549638615,1.0,budget_constrained,976.7724
8,181,10890,2,0,1.23,1.23,0.615,1000.0,0.6150043549638615,1.0,budget_constrained,978.0024
8,181,10905,2,0,1.23,1.23,0.615,1000.0,0.6150043549638615,1.0,budget_constrained,979.2324
8,182,10920,1,0,0.5,0.5,0.5,1000.0,0.5,1.0,budget_constrained,979.7324
8,182,10935,3,0,1.5,1.5,0.5,1000.0,0.5,1.0,budget_constrained,981.2324
8,182,10950,0,0,0.0,0.0,0.5,1000.0,0.5,1.0,budget_constrained,981.2324
8,182,10965,3,1,0.8535,0.8535,0.2845,1000.0,0.5,1.0,budget_constrained,982.0859
8,183,10980,1,0,0.5,0.5,0.5,1000.0,0.5,1.0,budget_constrained,982.5859
8,183,10995,2,0,0.925,0.925,0.4625,1000.0,0.5,1.0,budget_constrained,983.5109
8,183,11010,1,0,0.5,0.5,0.5,1000.0,0.5,1.0,budget_constrained,984.0109
8,183,11025,1,1,0.5,0.5,0.5,1000.0,0.5,1.0,budget_constrained,984.5109
8,184,11040,1,0,0.5,0.5,0.5,1000.0,0.5,1.0,budget_constrained,985.0109
8,184,11055,0,0,0.0,0.0,0.5,1000.0,0.5,1.0,budget_constrained,985.0109
8,184,11070,1,0,0.5,0.5,0.5,1000.0,0.5,1.0,budget_constrained,985.5109
8,184,11085,4,0,2.0,2.0,0.5,1000.0,0.5,1.0,budget_constrained,987.5109
8,185,11100,4,0,2.0,2.0,0.5,1000.0,0.5,1.0,budget_constrained,989.5109
8,185,11115,2,0,1.0,1.0,0.5,1000.0,0.5,1.0,budget_constrained,990.5109
8,185,11130,1,0,0.5,0.5,0.5,1000.0,0.5,1.0,budget_constrained,991.0109
8,185,11145,1,0,0.5,0.5,0.5,1000.0,0.5,1.0,budget_constrained,991.5109
8,186,11160,1,0,0.2718,0.2718,0.2718,1000.0,0.5,1.0,budget_constrained,991.7827
8,186,11175,2,0,1.0,1.0,0.5,1000.0,0.5,1.0,budget_constrained,992.7827
8,186,11190,1,0,0.5,0.5,0.5,1000.0,0.5,1.0,budget_constrained,993.2827
8,186,11205,1,0,0.5,0.5,0.5,1000.0,0.5,1.0,budget_constrained,993.7827
8,187,11220,2,0,1.0,1.0,0.5,1000.0,0.5,1.0,budget_constrained,994.7827
8,187,11235,0,0,0.0,0.0,0.5,1000.0,0.5,1.0,budget_constrained,994.7827
8,187,11250,1,0,0.5,0.5,0.5,1000.0,0.5,1.0,budget_constrained,995.2827
8,187,11265,1,0,0.5,0.5,0.5,1000.0,0.5,1.0,budget_constrained,995.7827
8,188,11280,0,0,0.0,0.0,0.5,1000.0,0.5,1.0,budget_constrained,995.7827
8,188,11295,2,0,1.0,1.0,0.5,1000.0,0.5,1.0,budget_constrained,996.7827
8,188,11310,0,0,0.0,0.0,0.5,1000.0,0.5,1.0,budget_constrained,996.7827
8,188,11325,2,0,1.0,1.0,0.5,1000.0,0.5,1.0,budget_constrained,997.7827
8,189,11340,1,0,0.3952,0.3952,0.3952,1000.0,0.5,1.0,budget_constrained,998.1779
8,189,11355,1,0,0.5,0.5,0.5,1000.0,0.5,1.0,budget_constrained,998.6779
8,189,11370,2,0,1.0,1.0,0.5,1000.0,0.5,1.0,budget_constrained,999.6779
8,189,11385,0,0,0.0,0.0,0.5,1000.0,0.5,1.0,budget_constrained,999.6779
8,190,11400,0,0,0.0,0.0,0.2479,1000.0,0.5,1.0,budget_constrained,999.6779
8,190,11415,2,0,0.2753,0.2753,0.1376,1000.0,0.5,1.0,budget_constrained,999.9532
8,190,11430,0,0,0.0468,0.0468,0.5,1000.0,0.5,1.0,budget_constrained,1000.0
8,190,11445,0,0,0.0,0.0,0.5,1000.0,0.5,1.0,budget_constrained,1000.0
8,191,11460,0,0,0.0,0.0,0.5,1000.0,0.5,1.0,budget_constrained,1000.0
8,191,11475,0,0,0.0,0.0,0.5,1000.0,0.5,1.0,budget_constrained,1000.0
8,191,11490,0,0,0.0,0.0,0.5,1000.0,0.5,1.0,budget_constrained,1000.0
8,191,11505,0,0,0.0,0.0,0.5,1000.0,0.5,1.0,budget_constrained,1000.0
9,192,11520,0,0,0.0,0.0,0.5,1000.0,0.5,1.0,normal,0.0
9,192,11535,1,0,0.5,0.5,0.5,1000.0,0.5,1.0,normal,0.5
9,192,11550,0,0,0.0,0.0,0.1543,1000.0,0.5,1.0,normal,0.5
9,192,11565,2,0,1.0,1.0,0.5,1000.0,0.5,1.0,normal,1.5
9,193,11580,0,0,0.0,0.0,0.0816,1000.0,0.5,1.0,normal,1.5
9,193,11595,1,0,0.1095,0.1095,0.1095,1000.0,0.5,1.0,normal,1.6095
9,193,11610,1,0,0.5,0.5,0.5,1000.0,0.5,1.0,normal,2.1095
9,193,11625,3,0,0.5587,0.5587,0.1862,1000.0,0.5,1.0,normal,2.6682
9,194,11640,1,0,0.5,0.5,0.5,1000.0,0.5,1.0,normal,3.1682
9,194,11655,1,0,0.5,0.5,0.5,1000.0,0.5,1.0,normal,3.6682
9,194,11670,3,0,1.5,1.5,0.5,1000.0,0.5,1.0,normal,5.1682
9,194,11685,0,0,0.0,0.0,0.5,1000.0,0.5,1.0,normal,5.1682
9,195,11700,2,0,1.0,1.0,0.5,1000.0,0.5,1.0,normal,6.1682
9,195,11715,0,0,0.0,0.0,0.5,1000.0,0.5,1.0,normal,6.1682
9,195,11730,2,0,1.0,1.0,0.5,1000.0,0.5,1.0,normal,7.1682
9,195,11745,0,0,0.0,0.0,0.2575,1000.0,0.5,1.0,normal,7.1682
9,196,11760,0,0,0.0,0.0,0.5,1000.0,0.5,1.0,normal,7.1682
9,196,11775,1,0,0.5,0.5,0.5,1000.0,0.5,1.0,normal,7.6682
9,196,11790,0,0,0.0,0.0,0.5,1000.0,0.5,1.0,normal,7.6682
9,196,11805,1,0,0.5,0.5,0.5,1000.0,0.5,1.0,normal,8.1682
9,197,11820,1,0,0.5,0.5,0.5,1000.0,0.5,1.0,normal,8.6682
9,197,11835,1,0,0.5,0.5,0.5,1000.0,0.5,1.0,normal,9.1682
9,197,11850,3,0,0.5937,0.5937,0.1979,1000.0,0.5,1.0,normal,9.7619
9,197,11865,2,1,1.0,1.0,0.5,1000.0,0.5,1.0,normal,10.7619
9,198,11880,0,0,0.0,0.0,0.5,1000.0,0.5,1.0,normal,10.7619
9,198,11895,1,0,0.5,0.5,0.5,1000.0,0.5,1.0,normal,11.2619
9,198,11910,2,0,0.2765,0.2765,0.1382,1000.0,0.5,1.0,normal,11.5384
9,198,11925,1,0,0.5,0.5,0.5,1000.0,0.5,1.0,normal,12.0384
9,199,11940,2,0,0.5029,0.5029,0.2515,1000.0,0.5,1.0,normal,12.5413
9,199,11955,0,0,0.0,0.0,0.5,1000.0,0.5,1.0,normal,12.5413
9,199,11970,2,0,0.8363,0.8363,0.4181,1000.0,0.5,1.0,normal,13.3776
9,199,11985,0,0,0.0,0.0,0.5,1000.0,0.5,1.0,normal,13.3776
9,200,12000,0,0,0.0,0.0,0.55,1000.0,0.55,1.0,normal,13.3776
9,200,12015,0,0,0.0,0.0,0.55,1000.0,0.55,1.0,normal,13.3776
9,200,12030,0,0,0.0,0.0,0.55,1000.0,0.55,1.0,normal,13.3776
9,200,12045,1,0,0.55,0.55,0.55,1000.0,0.55,1.0,normal,13.9276
9,201,12060,0,0,0.0,0.0,0.4824,1000.0,0.6655000000000002,1.0,normal,13.9276
9,201,12075,2,0,1.331,1.331,0.6655,1000.0,0.6655000000000002,1.0,normal,15.2586
9,201,12090,0,0,0.0,0.0,0.6655,1000.0,0.6655000000000002,1.0,normal,15.2586
9,201,12105,1,0,0.6655,0.6655,0.6655,1000.0,0.6655000000000002,1.0,normal,15.9241
9,202,12120,0,0,0.0,0.0,0.0596,1000.0,0.8052550000000004,1.0,normal,15.9241
9,202,12135,0,0,0.0,0.0,0.8053,1000.0,0.8052550000000004,1.0,normal,15.9241
9,202,12150,2,0,1.6105,1.6105,0.8053,1000.0,0.8052550000000004,1.0,normal,17.5346
9,202,12165,2,0,1.6105,1.6105,0.8053,1000.0,0.8052550000000004,1.0,normal,19.1451
9,203,12180,3,0,2.9231,2.9231,0.9744,1000.0,0.9743585500000007,1.0,normal,22.0682
9,203,12195,3,0,2.9231,2.9231,0.9744,1000.0,0.9743585500000007,1.0,normal,24.9913
9,203,12210,1,0,0.7253,0.7253,0.7253,1000.0,0.9743585500000007,1.0,normal,25.7166
9,203,12225,1,0,0.9744,0.9744,0.9744,1000.0,0.9743585500000007,1.0,normal,26.691
9,204,12240,16,0,49.0501,49.0501,3.0656,1000.0,5.0,1.0,normal,75.7411
9,204,12255,13,1,59.3868,59.3868,4.5682,1000.0,5.0,1.0,normal,135.1279
9,204,12270,11,0,2.9424,2.9424,0.2675,1000.0,5.0,1.0,normal,138.0703
9,204,12285,14,0,30.7856,30.7856,2.199,1000.0,5.0,1.0,normal,168.8559
9,205,12300,13,0,76.2133,76.2133,5.8626,1000.0,6.050000000000001,1.0,normal,245.0692
9,205,12315,17,0,15.1754,15.1754,0.8927,1000.0,6.050000000000001,1.0,normal,260.2446
9,205,12330,12,0,37.002,37.002,3.0835,1000.0,6.050000000000001,1.0,normal,297.2466
9,205,12345,16,0,36.3872,36.3872,2.2742,1000.0,6.050000000000001,1.0,normal,333.6338
9,206,12360,16,0,29.5309,29.5309,1.8457,1000.0,5.656750000000001,1.0,normal,363.1647
9,206,12375,9,0,16.5059,16.5059,1.834,1000.0,5.656750000000001,1.0,normal,379.6706
9,206,12390,16,0,72.3863,72.3863,4.5241,1000.0,5.656750000000001,1.0,normal,452.0569
9,206,12405,13,0,73.5378,73.5378,5.6568,1000.0,5.656750000000001,1.0,normal,525.5947
9,207,12420,9,0,41.3524,41.3524,4.5947,1000.0,4.666818750000001,1.0,normal,566.9471
9,207,12435,8,0,37.3346,37.3346,4.6668,1000.0,4.666818750000001,1.0,normal,604.2817
9,207,12450,11,0,39.2901,39.2901,3.5718,1000.0,4.666818750000001,1.0,normal,643.5718
9,207,12465,14,0,9.9351,9.9351,0.7097,1000.0,4.666818750000001,1.0,normal,653.5069
9,208,12480,7,0,3.1586,3.1586,0.4512,1000.0,3.8501254687500013,1.0,normal,656.6655
9,208,12495,7,0,25.9181,25.9181,3.7026,1000.0,3.8501254687500013,1.0,normal,682.5836
9,208,12510,9,1,34.6511,34.6511,3.8501,1000.0,3.8501254687500013,1.0,normal,717.2347
9,208,12525,11,1,0.476,0.476,0.0433,1000.0,3.8501254687500013,1.0,normal,717.7107
9,209,12540,8,1,14.1435,14.1435,1.7679,1000.0,3.1763535117187516,1.0,normal,731.8542
9,209,12555,8,0,8.1438,8.1438,1.018,1000.0,3.1763535117187516,1.0,normal,739.998
9,209,12570,13,0,37.4859,37.4859,2.8835,1000.0,3.1763535117187516,1.0,normal,777.4839
9,209,12585,6,0,15.7742,15.7742,2.629,1000.0,3.1763535117187516,1.0,normal,793.2581
9,210,12600,1,0,2.6205,2.6205,2.6205,1000.0,2.6204916471679702,1.0,normal,795.8786
9,210,12615,4,0,8.3422,8.3422,2.0855,1000.0,2.6204916471679702,1.0,normal,804.2208
9,210,12630,5,1,13.1025,13.1025,2.6205,1000.0,2.6204916471679702,1.0,normal,817.3233
9,210,12645,2,0,0.0886,0.0886,0.0443,1000.0,2.6204916471679702,1.0,normal,817.4119
9,211,12660,4,0,7.6161,7.6161,1.904,1000.0,2.1619056089135755,1.0,normal,825.028
9,211,12675,4,0,5.5452,5.5452,1.3863,1000.0,2.1619056089135755,1.0,normal,830.5732
9,211,12690,2,0,2.5988,2.5988,1.2994,1000.0,2.1619056089135755,1.0,normal,833.172
9,211,12705,7,0,15.1333,15.1333,2.1619,1000.0,2.1619056089135755,1.0,normal,848.3053
9,212,12720,2,0,3.2429,3.2429,1.6214,1000.0,1.6214292066851816,1.0,normal,851.5482
9,212,12735,3,0,4.8643,4.8643,1.6214,1000.0,1.6214292066851816,1.0,normal,856.4125
9,212,12750,6,0,7.431,7.431,1.2385,1000.0,1.6214292066851816,1.0,normal,863.8435
9,212,12765,4,0,3.1869,3.1869,0.7967,1000.0,1.6214292066851816,1.0,normal,867.0304
9,213,12780,5,0,2.7233,2.7233,0.5447,1000.0,1.2160719050138862,1.0,normal,869.7537
9,213,12795,4,0,4.8643,4.8643,1.2161,1000.0,1.2160719050138862,1.0,normal,874.618
9,213,12810,2,0,2.4321,2.4321,1.2161,1000.0,1.2160719050138862,1.0,normal,877.0501
9,213,12825,2,0,1.2846,1.2846,0.6423,1000.0,1.2160719050138862,1.0,normal,878.3347
9,214,12840,2,0,0.8274,0.8274,0.4137,1000.0,0.9120539287604146,1.0,normal,879.1621
9,214,12855,2,0,1.8241,1.8241,0.9121,1000.0,0.9120539287604146,1.0,normal,880.9862
9,214,12870,1,0,0.9121,0.9121,0.9121,1000.0,0.9120539287604146,1.0,normal,881.8983
9,214,12885,3,0,2.026,2.026,0.6753,1000.0,0.9120539287604146,1.0,normal,883.9243
9,215,12900,0,0,0.0,0.0,0.684,1000.0,0.6840404465703109,1.0,normal,883.9243
9,215,12915,1,0,0.2176,0.2176,0.2176,1000.0,0.6840404465703109,1.0,normal,884.1419
9,215,12930,3,0,2.0521,2.0521,0.684,1000.0,0.6840404465703109,1.0,normal,886.194
9,215,12945,1,0,0.4235,0.4235,0.4235,1000.0,0.6840404465703109,1.0,normal,886.6175
10,216,12960,1,0,0.513,0.513,0.513,1000.0,0.5130303349277332,1.0,normal,0.513
10,216,12975,1,0,0.513,0.513,0.513,1000.0,0.5130303349277332,1.0,normal,1.026
10,216,12990,1,0,0.513,0.513,0.513,1000.0,0.5130303349277332,1.0,normal,1.539
10,216,13005,5,0,1.4339,1.4339,0.2868,1000.0,0.5130303349277332,1.0,normal,2.9729
10,217,13020,2,1,1.0,1.0,0.5,1000.0,0.5,1.0,normal,3.9729
10,217,13035,1,0,0.5,0.5,0.5,1000.0,0.5,1.0,normal,4.4729
10,217,13050,2,0,1.0,1.0,0.5,1000.0,0.5,1.0,normal,5.4729
10,217,13065,0,0,0.0,0.0,0.5,1000.0,0.5,1.0,normal,5.4729
10,218,13080,1,0,0.4591,0.4591,0.4591,1000.0,0.5,1.0,normal,5.932
10,218,13095,1,0,0.5,0.5,0.5,1000.0,0.5,1.0,normal,6.432
10,218,13110,1,0,0.5,0.5,0.5,1000.0,0.5,1.0,normal,6.932
10,218,13125,6,0,3.0,3.0,0.5,1000.0,0.5,1.0,normal,9.932
10,219,13140,0,0,0.0,0.0,0.5,1000.0,0.5,1.0,normal,9.932
10,219,13155,3,0,1.5,1.5,0.5,1000.0,0.5,1.0,normal,11.432
10,219,13170,1,0,0.5,0.5,0.5,1000.0,0.5,1.0,normal,11.932
10,219,13185,0,0,0.0,0.0,0.5,1000.0,0.5,1.0,normal,11.932
10,220,13200,1,0,0.2092,0.2092,0.2092,1000.0,0.5,1.0,normal,12.1412
10,220,13215,3,0,1.5,1.5,0.5,1000.0,0.5,1.0,normal,13.6412
10,220,13230,2,0,0.1972,0.1972,0.0986,1000.0,0.5,1.0,normal,13.8384
10,220,13245,0,0,0.0,0.0,0.5,1000.0,0.5,1.0,normal,13.8384
10,221,13260,2,0,1.0,1.0,0.5,1000.0,0.5,1.0,normal,14.8384
10,221,13275,1,0,0.5,0.5,0.5,1000.0,0.5,1.0,normal,15.3384
10,221,13290,2,0,0.722,0.722,0.361,1000.0,0.5,1.0,normal,16.0604
10,221,13305,1,0,0.5,0.5,0.5,1000.0,0.5,1.0,normal,16.5604
10,222,13320,1,0,0.5,0.5,0.5,1000.0,0.5,1.0,normal,17.0604
10,222,13335,0,0,0.0,0.0,0.5,1000.0,0.5,1.0,normal,17.0604
10,222,13350,1,0,0.5,0.5,0.5,1000.0,0.5,1.0,normal,17.5604
10,222,13365,1,0,0.5,0.5,0.5,1000.0,0.5,1.0,normal,18.0604
10,223,13380,1,0,0.4033,0.4033,0.4033,1000.0,0.5,1.0,normal,18.4637
10,223,13395,1,0,0.5,0.5,0.5,1000.0,0.5,1.0,normal,18.9637
10,223,13410,1,0,0.5,0.5,0.5,1000.0,0.5,1.0,normal,19.4637
10,223,13425,2,0,1.0,1.0,0.5,1000.0,0.5,1.0,normal,20.4637
10,224,13440,2,0,1.0,1.0,0.5,1000.0,0.5,1.0,normal,21.4637
10,224,13455,1,0,0.5,0.5,0.5,1000.0,0.5,1.0,normal,21.9637
10,224,13470,2,0,1.0,1.0,0.5,1000.0,0.5,1.0,normal,22.9637
10,224,13485,0,0,0.0,0.0,0.5,1000.0,0.5,1.0,normal,22.9637
10,225,13500,1,0,0.3361,0.3361,0.3361,1000.0,0.5,1.0,normal,23.2998
10,225,13515,3,0,0.3882,0.3882,0.1294,1000.0,0.5,1.0,normal,23.688
10,225,13530,0,0,0.0,0.0,0.4794,1000.0,0.5,1.0,normal,23.688
10,225,13545,1,0,0.5,0.5,0.5,1000.0,0.5,1.0,normal,24.188
10,226,13560,2,0,1.0,1.0,0.5,1000.0,0.5,1.0,normal,25.188
10,226,13575,2,0,1.0,1.0,0.5,1000.0,0.5,1.0,normal,26.188
10,226,13590,1,0,0.5,0.5,0.5,1000.0,0.5,1.0,normal,26.688
10,226,13605,3,0,1.5,1.5,0.5,1000.0,0.5,1.0,normal,28.188
10,227,13620,3,0,0.8315,0.8315,0.2772,1000.0,0.5,1.0,normal,29.0195
10,227,13635,1,0,0.5,0.5,0.5,1000.0,0.5,1.0,normal,29.5195
10,227,13650,0,0,0.0,0.0,0.5,1000.0,0.5,1.0,normal,29.5195
10,227,13665,3,0,1.5,1.5,0.5,1000.0,0.5,1.0,normal,31.0195
10,228,13680,1,0,0.3801,0.3801,0.3801,1000.0,0.5,1.0,normal,31.3996
10,228,13695,0,0,0.0,0.0,0.5,1000.0,0.5,1.0,normal,31.3996
10,228,13710,1,0,0.5,0.5,0.5,1000.0,0.5,1.0,normal,31.8996
10,228,13725,1,0,0.5,0.5,0.5,1000.0,0.5,1.0,normal,32.3996
10,229,13740,0,0,0.0,0.0,0.5,1000.0,0.5,1.0,normal,32.3996
10,229,13755,3,0,1.5,1.5,0.5,1000.0,0.5,1.0,normal,33.8996
10,229,13770,1,0,0.5,0.5,0.5,1000.0,0.5,1.0,normal,34.3996
10,229,13785,1,0,0.5,0.5,0.5,1000.0,0.5,1.0,normal,34.8996
10,230,13800,0,0,0.0,0.0,0.0304,1000.0,0.5,1.0,normal,34.8996
10,230,13815,2,0,1.0,1.0,0.5,1000.0,0.5,1.0,normal,35.8996
10,230,13830,1,0,0.5,0.5,0.5,1000.0,0.5,1.0,normal,36.3996
10,230,13845,2,0,0.8686,0.8686,0.4343,1000.0,0.5,1.0,normal,37.2682
10,231,13860,1,1,0.1929,0.1929,0.1929,1000.0,0.55,1.0,normal,37.4611
10,231,13875,1,0,0.55,0.55,0.55,1000.0,0.55,1.0,normal,38.0111
10,231,13890,1,0,0.55,0.55,0.55,1000.0,0.55,1.0,normal,38.5611
10,231,13905,2,0,1.1,1.1,0.55,1000.0,0.55,1.0,normal,39.6611
10,232,13920,5,0,0.2474,0.2474,0.0495,1000.0,0.6655000000000002,1.0,normal,39.9085
10,232,13935,1,1,0.6655,0.6655,0.6655,1000.0,0.6655000000000002,1.0,normal,40.574
10,232,13950,1,1,0.6655,0.6655,0.6655,1000.0,0.6655000000000002,1.0,normal,41.2395
10,232,13965,0,0,0.0,0.0,0.6655,1000.0,0.6655000000000002,1.0,normal,41.2395
10,233,13980,1,0,0.8053,0.8053,0.8053,1000.0,0.8052550000000004,1.0,normal,42.0448
10,233,13995,2,0,1.6105,1.6105,0.8053,1000.0,0.8052550000000004,1.0,normal,43.6553
10,233,14010,6,0,2.9796,2.9796,0.4966,1000.0,0.8052550000000004,1.0,normal,46.6349
10,233,14025,0,0,0.0,0.0,0.5512,1000.0,0.8052550000000004,1.0,normal,46.6349
10,234,14040,2,0,1.354,1.354,0.677,1000.0,0.9743585500000007,1.0,normal,47.9889
10,234,14055,1,0,0.9744,0.9744,0.9744,1000.0,0.9743585500000007,1.0,normal,48.9633
10,234,14070,2,0,1.9487,1.9487,0.9744,1000.0,0.9743585500000007,1.0,normal,50.912
10,234,14085,2,0,1.9487,1.9487,0.9744,1000.0,0.9743585500000007,1.0,normal,52.8607
10,235,14100,4,0,1.6667,1.6667,0.4167,1000.0,1.178973845500001,1.0,normal,54.5274
10,235,14115,4,1,4.7159,4.7159,1.179,1000.0,1.178973845500001,1.0,normal,59.2433
10,235,14130,1,0,1.179,1.179,1.179,1000.0,1.178973845500001,1.0,normal,60.4223
10,235,14145,3,0,3.5369,3.5369,1.179,1000.0,1.178973845500001,1.0,normal,63.9592
10,236,14160,4,1,0.6105,0.6105,0.1526,1000.0,1.4265583530550014,1.0,normal,64.5697
10,236,14175,3,0,4.2797,4.2797,1.4266,1000.0,1.4265583530550014,1.0,normal,68.8494
10,236,14190,3,1,0.8488,0.8488,0.2829,1000.0,1.4265583530550014,1.0,normal,69.6982
10,236,14205,3,0,4.2797,4.2797,1.4266,1000.0,1.4265583530550014,1.0,normal,73.9779
10,237,14220,2,0,3.4523,3.4523,1.7261,1000.0,1.7261356071965521,1.0,normal,77.4302
10,237,14235,1,0,1.7261,1.7261,1.7261,1000.0,1.7261356071965521,1.0,normal,79.1563
10,237,14250,5,0,2.2281,2.2281,0.4456,1000.0,1.7261356071965521,1.0,normal,81.3844
10,237,14265,4,0,3.8964,3.8964,0.9741,1000.0,1.7261356071965521,1.0,normal,85.2808
10,238,14280,6,0,8.2111,8.2111,1.3685,1000.0,2.088624084707828,1.0,normal,93.4919
10,238,14295,4,0,0.3595,0.3595,0.0899,1000.0,2.088624084707828,1.0,normal,93.8514
10,238,14310,3,0,5.0575,5.0575,1.6858,1000.0,2.088624084707828,1.0,normal,98.9089
10,238,14325,6,0,0.4581,0.4581,0.0763,1000.0,2.088624084707828,1.0,normal,99.367
10,239,14340,3,0,7.5817,7.5817,2.5272,1000.0,2.527235142496472,1.0,normal,106.9487
10,239,14355,5,0,5.0831,5.0831,1.0166,1000.0,2.527235142496472,1.0,normal,112.0318
10,239,14370,2,0,5.0545,5.0545,2.5272,1000.0,2.527235142496472,1.0,normal,117.0863
10,239,14385,12,1,11.2034,11.2034,0.9336,1000.0,2.527235142496472,1.0,normal,128.2897
11,240,14400,14,1,0.5871,0.5871,0.0419,1000.0,5.0,1.0,normal,0.5871
11,240,14415,8,0,10.1633,10.1633,1.2704,1000.0,5.0,1.0,normal,10.7504
11,240,14430,9,0,22.9791,22.9791,2.5532,1000.0,5.0,1.0,normal,33.7295
11,240,14445,13,1,65.0,65.0,5.0,1000.0,5.0,1.0,normal,98.7295
11,241,14460,16,0,4.3606,4.3606,0.2725,1000.0,6.050000000000001,1.0,normal,103.0901
11,241,14475,9,0,20.0662,20.0662,2.2296,1000.0,6.050000000000001,1.0,normal,123.1563
11,241,14490,10,0,19.172,19.172,1.9172,1000.0,6.050000000000001,1.0,normal,142.3283
11,241,14505,12,0,67.7042,67.7042,5.642,1000.0,6.050000000000001,1.0,normal,210.0325
11,242,14520,16,1,43.6452,43.6452,2.7278,1000.0,7.320500000000002,1.0,normal,253.6777
11,242,14535,17,1,40.0592,40.0592,2.3564,1000.0,7.320500000000002,1.0,normal,293.7369
11,242,14550,23,0,83.7614,83.7614,3.6418,1000.0,7.320500000000002,1.0,normal,377.4983
11,242,14565,21,2,143.55,71.775,6.8357,1000.0,7.320500000000002,1.0,normal,521.0483
11,243,14580,26,1,35.2735,35.2735,1.3567,1000.0,8.857805000000003,1.0,normal,556.3218
11,243,14595,9,0,61.396,61.396,6.8218,1000.0,8.857805000000003,1.0,normal,617.7178
11,243,14610,24,1,84.5744,84.5744,3.5239,1000.0,8.857805000000003,1.0,normal,702.2922
11,243,14625,24,0,18.6699,18.6699,0.7779,1000.0,8.857805000000003,1.0,normal,720.9621
11,244,14640,31,0,172.3422,172.3422,5.5594,1000.0,10.717944050000005,1.0,normal,893.3043
11,244,14655,27,0,61.7009,61.7009,2.2852,1000.0,10.717944050000005,1.0,budget_constrained,955.0052
11,244,14670,10,0,44.9948,44.9948,4.3603,1000.0,10.717944050000005,1.0,budget_constrained,1000.0
11,244,14685,0,0,0.0,0.0,5.1874,1000.0,10.717944050000005,1.0,budget_constrained,1000.0
11,245,14700,0,0,0.0,0.0,3.3574,1000.0,9.646149645000005,1.0,budget_constrained,1000.0
11,245,14715,0,0,0.0,0.0,2.6378,1000.0,9.646149645000005,1.0,budget_constrained,1000.0
11,245,14730,0,0,0.0,0.0,5.6731,1000.0,9.646149645000005,1.0,budget_constrained,1000.0
11,245,14745,0,0,0.0,0.0,7.4961,1000.0,9.646149645000005,1.0,budget_constrained,1000.0
11,246,14760,0,0,0.0,0.0,0.4065,1000.0,8.681534680500004,1.0,budget_constrained,1000.0
11,246,14775,0,0,0.0,0.0,7.0663,1000.0,8.681534680500004,1.0,budget_constrained,1000.0
11,246,14790,0,0,0.0,0.0,0.1994,1000.0,8.681534680500004,1.0,budget_constrained,1000.0
11,246,14805,0,0,0.0,0.0,2.0946,1000.0,8.681534680500004,1.0,budget_constrained,1000.0
11,247,14820,0,0,0.0,0.0,6.662,1000.0,7.813381212450004,1.0,budget_constrained,1000.0
11,247,14835,0,0,0.0,0.0,4.2434,1000.0,7.813381212450004,1.0,budget_constrained,1000.0
11,247,14850,0,0,0.0,0.0,6.1767,1000.0,7.813381212450004,1.0,budget_constrained,1000.0
11,247,14865,0,0,0.0,0.0,5.3845,1000.0,7.813381212450004,1.0,budget_constrained,1000.0
11,248,14880,0,0,0.0,0.0,3.05,1000.0,7.032043091205003,1.0,budget_constrained,1000.0
11,248,14895,0,0,0.0,0.0,5.1833,1000.0,7.032043091205003,1.0,budget_constrained,1000.0
11,248,14910,0,0,0.0,0.0,2.7054,1000.0,7.032043091205003,1.0,budget_constrained,1000.0
11,248,14925,0,0,0.0,0.0,3.2316,1000.0,7.032043091205003,1.0,budget_constrained,1000.0
11,249,14940,0,0,0.0,0.0,2.4695,1000.0,6.328838782084503,1.0,budget_constrained,1000.0
11,249,14955,0,0,0.0,0.0,5.5777,1000.0,6.328838782084503,1.0,budget_constrained,1000.0
11,249,14970,0,0,0.0,0.0,3.674,1000.0,6.328838782084503,1.0,budget_constrained,1000.0
11,249,14985,0,0,0.0,0.0,5.5264,1000.0,6.328838782084503,1.0,budget_constrained,1000.0
11,250,15000,0,0,0.0,0.0,4.0107,1000.0,5.695954903876053,1.0,budget_constrained,1000.0
11,250,15015,0,0,0.0,0.0,0.2,1000.0,5.695954903876053,1.0,budget_constrained,1000.0
11,250,15030,0,0,0.0,0.0,0.5047,1000.0,5.695954903876053,1.0,budget_constrained,1000.0
11,250,15045,0,0,0.0,0.0,4.1371,1000.0,5.695954903876053,1.0,budget_constrained,1000.0
11,251,15060,0,0,0.0,0.0,0.3535,1000.0,5.126359413488448,1.0,budget_constrained,1000.0
11,251,15075,0,0,0.0,0.0,2.6378,1000.0,5.126359413488448,1.0,budget_constrained,1000.0
11,251,15090,0,0,0.0,0.0,2.534,1000.0,5.126359413488448,1.0,budget_constrained,1000.0
11,251,15105,0,0,0.0,0.0,3.8626,1000.0,5.126359413488448,1.0,budget_constrained,1000.0
11,252,15120,0,0,0.0,0.0,4.8725,1000.0,5.126359413488448,1.0,budget_constrained,1000.0
11,252,15135,0,0,0.0,0.0,3.9119,1000.0,5.126359413488448,1.0,budget_constrained,1000.0
11,252,15150,0,0,0.0,0.0,1.8036,1000.0,5.126359413488448,1.0,budget_constrained,1000.0
11,252,15165,0,0,0.0,0.0,3.4035,1000.0,5.126359413488448,1.0,budget_constrained,1000.0
11,253,15180,0,0,0.0,0.0,2.6824,1000.0,5.126359413488448,1.0,budget_constrained,1000.0
11,253,15195,0,0,0.0,0.0,1.8961,1000.0,5.126359413488448,1.0,budget_constrained,1000.0
11,253,15210,0,0,0.0,0.0,4.1629,1000.0,5.126359413488448,1.0,budget_constrained,1000.0
11,253,15225,0,0,0.0,0.0,2.109,1000.0,5.126359413488448,1.0,budget_constrained,1000.0
11,254,15240,0,0,0.0,0.0,1.1922,1000.0,5.126359413488448,1.0,budget_constrained,1000.0
11,254,15255,0,0,0.0,0.0,2.5607,1000.0,5.126359413488448,1.0,budget_constrained,1000.0
11,254,15270,0,0,0.0,0.0,3.1909,1000.0,5.126359413488448,1.0,budget_constrained,1000.0
11,254,15285,0,0,0.0,0.0,1.9367,1000.0,5.126359413488448,1.0,budget_constrained,1000.0
11,255,15300,0,0,0.0,0.0,5.1264,1000.0,5.126359413488448,1.0,budget_constrained,1000.0
11,255,15315,0,0,0.0,0.0,5.1264,1000.0,5.126359413488448,1.0,budget_constrained,1000.0
11,255,15330,0,0,0.0,0.0,4.0254,1000.0,5.126359413488448,1.0,budget_constrained,1000.0
11,255,15345,0,0,0.0,0.0,3.169,1000.0,5.126359413488448,1.0,budget_constrained,1000.0
11,256,15360,0,0,0.0,0.0,3.3491,1000.0,5.126359413488448,1.0,budget_constrained,1000.0
11,256,15375,0,0,0.0,0.0,3.9055,1000.0,5.126359413488448,1.0,budget_constrained,1000.0
11,256,15390,0,0,0.0,0.0,5.1264,1000.0,5.126359413488448,1.0,budget_constrained,1000.0
11,256,15405,0,0,0.0,0.0,1.0739,1000.0,5.126359413488448,1.0,budget_constrained,1000.0
11,257,15420,0,0,0.0,0.0,0.245,1000.0,4.3574055014651805,1.0,budget_constrained,1000.0
11,257,15435,0,0,0.0,0.0,2.1344,1000.0,4.3574055014651805,1.0,budget_constrained,1000.0
11,257,15450,0,0,0.0,0.0,3.2607,1000.0,4.3574055014651805,1.0,budget_constrained,1000.0
11,257,15465,0,0,0.0,0.0,2.3823,1000.0,4.3574055014651805,1.0,budget_constrained,1000.0
11,258,15480,0,0,0.0,0.0,1.1122,1000.0,3.7037946762454035,1.0,budget_constrained,1000.0
11,258,15495,0,0,0.0,0.0,3.7038,1000.0,3.7037946762454035,1.0,budget_constrained,1000.0
11,258,15510,0,0,0.0,0.0,0.5135,1000.0,3.7037946762454035,1.0,budget_constrained,1000.0
11,258,15525,0,0,0.0,0.0,3.7038,1000.0,3.7037946762454035,1.0,budget_constrained,1000.0
11,259,15540,0,0,0.0,0.0,3.1482,1000.0,3.148225474808593,1.0,budget_constrained,1000.0
11,259,15555,0,0,0.0,0.0,2.619,1000.0,3.148225474808593,1.0,budget_constrained,1000.0
11,259,15570,0,0,0.0,0.0,3.1482,1000.0,3.148225474808593,1.0,budget_constrained,1000.0
11,259,15585,0,0,0.0,0.0,2.2875,1000.0,3.148225474808593,1.0,budget_constrained,1000.0
11,260,15600,0,0,0.0,0.0,0.9133,1000.0,2.675991653587304,1.0,budget_constrained,1000.0
11,260,15615,0,0,0.0,0.0,0.1191,1000.0,2.675991653587304,1.0,budget_constrained,1000.0
11,260,15630,0,0,0.0,0.0,2.4309,1000.0,2.675991653587304,1.0,budget_constrained,1000.0
11,260,15645,0,0,0.0,0.0,2.0386,1000.0,2.675991653587304,1.0,budget_constrained,1000.0
11,261,15660,0,0,0.0,0.0,0.0192,1000.0,2.0069937401904783,1.0,budget_constrained,1000.0
11,261,15675,0,0,0.0,0.0,0.7226,1000.0,2.0069937401904783,1.0,budget_constrained,1000.0
11,261,15690,0,0,0.0,0.0,0.1549,1000.0,2.0069937401904783,1.0,budget_constrained,1000.0
11,261,15705,0,0,0.0,0.0,1.1608,1000.0,2.0069937401904783,1.0,budget_constrained,1000.0
11,262,15720,0,0,0.0,0.0,1.5052,1000.0,1.5052453051428587,1.0,budget_constrained,1000.0
11,262,15735,0,0,0.0,0.0,1.5052,1000.0,1.5052453051428587,1.0,budget_constrained,1000.0
11,262,15750,0,0,0.0,0.0,0.9038,1000.0,1.5052453051428587,1.0,budget_constrained,1000.0
11,262,15765,0,0,0.0,0.0,1.5052,1000.0,1.5052453051428587,1.0,budget_constrained,1000.0
11,263,15780,0,0,0.0,0.0,1.1289,1000.0,1.128933978857144,1.0,budget_constrained,1000.0
11,263,15795,0,0,0.0,0.0,1.1289,1000.0,1.128933978857144,1.0,budget_constrained,1000.0
11,263,15810,0,0,0.0,0.0,0.0898,1000.0,1.128933978857144,1.0,budget_constrained,1000.0
11,263,15825,0,0,0.0,0.0,1.1289,1000.0,1.128933978857144,1.0,budget_constrained,1000.0
12,264,15840,0,0,0.0,0.0,0.6753,1000.0,0.846700484142858,1.0,normal,0.0
12,264,15855,7,1,5.9269,5.9269,0.8467,1000.0,0.846700484142858,1.0,normal,5.9269
12,264,15870,3,0,0.3503,0.3503,0.1168,1000.0,0.846700484142858,1.0,normal,6.2772
12,264,15885,1,0,0.3041,0.3041,0.3041,1000.0,0.846700484142858,1.0,normal,6.5813
12,265,15900,2,0,1.2701,1.2701,0.635,1000.0,0.6350253631071435,1.0,normal,7.8514
12,265,15915,0,0,0.0,0.0,0.635,1000.0,0.6350253631071435,1.0,normal,7.8514
12,265,15930,3,0,1.9051,1.9051,0.635,1000.0,0.6350253631071435,1.0,normal,9.7565
12,265,15945,3,0,1.9051,1.9051,0.635,1000.0,0.6350253631071435,1.0,normal,11.6616
12,266,15960,0,0,0.0,0.0,0.5239,1000.0,0.5238959245633935,1.0,normal,11.6616
12,266,15975,0,0,0.0,0.0,0.2944,1000.0,0.5238959245633935,1.0,normal,11.6616
12,266,15990,1,0,0.5239,0.5239,0.5239,1000.0,0.5238959245633935,1.0,normal,12.1855
12,266,16005,1,0,0.5239,0.5239,0.5239,1000.0,0.5238959245633935,1.0,normal,12.7094
12,267,16020,3,0,1.5,1.5,0.5,1000.0,0.5,1.0,normal,14.2094
12,267,16035,3,0,1.5,1.5,0.5,1000.0,0.5,1.0,normal,15.7094
12,267,16050,0,0,0.0,0.0,0.5,1000.0,0.5,1.0,normal,15.7094
12,267,16065,3,1,1.5,1.5,0.5,1000.0,0.5,1.0,normal,17.2094
12,268,16080,0,0,0.0,0.0,0.5,1000.0,0.5,1.0,normal,17.2094
12,268,16095,1,0,0.4113,0.4113,0.4113,1000.0,0.5,1.0,normal,17.6207
12,268,16110,0,0,0.0,0.0,0.0286,1000.0,0.5,1.0,normal,17.6207
12,268,16125,1,0,0.5,0.5,0.5,1000.0,0.5,1.0,normal,18.1207
12,269,16140,1,0,0.1453,0.1453,0.1453,1000.0,0.6050000000000001,1.0,normal,18.266
12,269,16155,3,0,0.3569,0.3569,0.119,1000.0,0.6050000000000001,1.0,normal,18.6229
12,269,16170,2,0,1.21,1.21,0.605,1000.0,0.6050000000000001,1.0,normal,19.8329
12,269,16185,3,0,1.815,1.815,0.605,1000.0,0.6050000000000001,1.0,normal,21.6479
12,270,16200,1,1,0.7321,0.7321,0.7321,1000.0,0.7320500000000003,1.0,normal,22.38
12,270,16215,2,0,1.0565,1.0565,0.5282,1000.0,0.7320500000000003,1.0,normal,23.4365
12,270,16230,1,0,0.7321,0.7321,0.7321,1000.0,0.7320500000000003,1.0,normal,24.1686
12,270,16245,3,1,2.1962,2.1962,0.7321,1000.0,0.7320500000000003,1.0,normal,26.3648
12,271,16260,2,0,1.7716,1.7716,0.8858,1000.0,0.8857805000000005,1.0,normal,28.1364
12,271,16275,0,0,0.0,0.0,0.0674,1000.0,0.8857805000000005,1.0,normal,28.1364
12,271,16290,2,0,1.1193,1.1193,0.5597,1000.0,0.8857805000000005,1.0,normal,29.2557
12,271,16305,2,0,1.3899,1.3899,0.6949,1000.0,0.8857805000000005,1.0,normal,30.6456
12,272,16320,4,1,4.032,4.032,1.008,1000.0,1.0717944050000008,1.0,normal,34.6776
12,272,16335,4,0,4.2872,4.2872,1.0718,1000.0,1.0717944050000008,1.0,normal,38.9648
12,272,16350,5,0,2.7529,2.7529,0.5506,1000.0,1.0717944050000008,1.0,normal,41.7177
12,272,16365,2,0,0.5744,0.5744,0.2872,1000.0,1.0717944050000008,1.0,normal,42.2921
12,273,16380,3,0,3.8906,3.8906,1.2969,1000.0,1.2968712300500012,1.0,normal,46.1827
12,273,16395,5,1,6.1768,6.1768,1.2354,1000.0,1.2968712300500012,1.0,normal,52.3595
12,273,16410,4,0,1.3539,1.3539,0.3385,1000.0,1.2968712300500012,1.0,normal,53.7134
12,273,16425,3,0,0.0952,0.0952,0.0317,1000.0,1.2968712300500012,1.0,normal,53.8086
12,274,16440,3,0,4.7076,4.7076,1.5692,1000.0,1.5692141883605017,1.0,normal,58.5162
12,274,16455,6,0,9.4153,9.4153,1.5692,1000.0,1.5692141883605017,1.0,normal,67.9315
12,274,16470,7,0,10.9845,10.9845,1.5692,1000.0,1.5692141883605017,1.0,normal,78.916
12,274,16485,7,0,10.9845,10.9845,1.5692,1000.0,1.5692141883605017,1.0,normal,89.9005
12,275,16500,5,0,9.4937,9.4937,1.8987,1000.0,1.8987491679162074,1.0,normal,99.3942
12,275,16515,2,0,2.7126,2.7126,1.3563,1000.0,1.8987491679162074,1.0,normal,102.1068
12,275,16530,2,0,2.7568,2.7568,1.3784,1000.0,1.8987491679162074,1.0,normal,104.8636
12,275,16545,7,1,0.6521,0.6521,0.0932,1000.0,1.8987491679162074,1.0,normal,105.5157
12,276,16560,7,0,30.912,30.912,4.416,1000.0,5.0,1.0,normal,136.4277
12,276,16575,12,0,60.0,60.0,5.0,1000.0,5.0,1.0,normal,196.4277
12,276,16590,10,0,7.0309,7.0309,0.7031,1000.0,5.0,1.0,normal,203.4586
12,276,16605,11,2,55.0,27.5,5.0,1000.0,5.0,1.0,normal,258.4586
12,277,16620,15,0,8.2133,8.2133,0.5476,1000.0,6.050000000000001,1.0,normal,266.6719
12,277,16635,15,1,60.2893,60.2893,4.0193,1000.0,6.050000000000001,1.0,normal,326.9612
12,277,16650,12,0,5.0195,5.0195,0.4183,1000.0,6.050000000000001,1.0,normal,331.9807
12,277,16665,8,0,9.2903,9.2903,1.1613,1000.0,6.050000000000001,1.0,normal,341.271
12,278,16680,13,1,90.7462,90.7462,6.9805,1000.0,7.320500000000002,1.0,normal,432.0172
12,278,16695,17,1,65.5926,65.5926,3.8584,1000.0,7.320500000000002,1.0,normal,497.6098
12,278,16710,13,0,65.0958,65.0958,5.0074,1000.0,7.320500000000002,1.0,normal,562.7056
12,278,16725,13,0,48.2518,48.2518,3.7117,1000.0,7.320500000000002,1.0,normal,610.9574
12,279,16740,21,0,111.2633,111.2633,5.2983,1000.0,8.857805000000003,1.0,normal,722.2207
12,279,16755,33,0,14.5149,14.5149,0.4398,1000.0,8.857805000000003,1.0,normal,736.7356
12,279,16770,32,1,238.9066,238.9066,7.4658,1000.0,8.857805000000003,1.0,budget_constrained,975.6422
12,279,16785,5,0,24.3578,24.3578,4.0913,1000.0,8.857805000000003,1.0,budget_depleted,1000.0
12,280,16800,0,0,0.0,0.0,0.0,1000.0,8.857805000000003,1.0,budget_depleted,1000.0
12,280,16815,0,0,0.0,0.0,0.0,1000.0,8.857805000000003,1.0,budget_depleted,1000.0
12,280,16830,0,0,0.0,0.0,0.0,1000.0,8.857805000000003,1.0,budget_depleted,1000.0
12,280,16845,0,0,0.0,0.0,0.0,1000.0,8.857805000000003,1.0,budget_depleted,1000.0
12,281,16860,0,0,0.0,0.0,0.0,1000.0,8.857805000000003,1.0,budget_depleted,1000.0
12,281,16875,0,0,0.0,0.0,0.0,1000.0,8.857805000000003,1.0,budget_depleted,1000.0
12,281,16890,0,0,0.0,0.0,0.0,1000.0,8.857805000000003,1.0,budget_depleted,1000.0
12,281,16905,0,0,0.0,0.0,0.0,1000.0,8.857805000000003,1.0,budget_depleted,1000.0
12,282,16920,0,0,0.0,0.0,0.0,1000.0,8.857805000000003,1.0,budget_depleted,1000.0
12,282,16935,0,0,0.0,0.0,0.0,1000.0,8.857805000000003,1.0,budget_depleted,1000.0
12,282,16950,0,0,0.0,0.0,0.0,1000.0,8.857805000000003,1.0,budget_depleted,1000.0
12,282,16965,0,0,0.0,0.0,0.0,1000.0,8.857805000000003,1.0,budget_depleted,1000.0
12,283,16980,0,0,0.0,0.0,0.0,1000.0,8.857805000000003,1.0,budget_depleted,1000.0
12,283,16995,0,0,0.0,0.0,0.0,1000.0,8.857805000000003,1.0,budget_depleted,1000.0
12,283,17010,0,0,0.0,0.0,0.0,1000.0,8.857805000000003,1.0,budget_depleted,1000.0
12,283,17025,0,0,0.0,0.0,0.0,1000.0,8.857805000000003,1.0,budget_depleted,1000.0
12,284,17040,0,0,0.0,0.0,0.0,1000.0,8.857805000000003,1.0,budget_depleted,1000.0
12,284,17055,0,0,0.0,0.0,0.0,1000.0,8.857805000000003,1.0,budget_depleted,1000.0
12,284,17070,0,0,0.0,0.0,0.0,1000.0,8.857805000000003,1.0,budget_depleted,1000.0
12,284,17085,0,0,0.0,0.0,0.0,1000.0,8.857805000000003,1.0,budget_depleted,1000.0
12,285,17100,0,0,0.0,0.0,0.0,1000.0,8.857805000000003,1.0,budget_depleted,1000.0
12,285,17115,0,0,0.0,0.0,0.0,1000.0,8.857805000000003,1.0,budget_depleted,1000.0
12,285,17130,0,0,0.0,0.0,0.0,1000.0,8.857805000000003,1.0,budget_depleted,1000.0
12,285,17145,0,0,0.0,0.0,0.0,1000.0,8.857805000000003,1.0,budget_depleted,1000.0
12,286,17160,0,0,0.0,0.0,0.0,1000.0,8.857805000000003,1.0,budget_depleted,1000.0
12,286,17175,0,0,0.0,0.0,0.0,1000.0,8.857805000000003,1.0,budget_depleted,1000.0
12,286,17190,0,0,0.0,0.0,0.0,1000.0,8.857805000000003,1.0,budget_depleted,1000.0
12,286,17205,0,0,0.0,0.0,0.0,1000.0,8.857805000000003,1.0,budget_depleted,1000.0
12,287,17220,0,0,0.0,0.0,0.0,1000.0,8.857805000000003,1.0,budget_depleted,1000.0
12,287,17235,0,0,0.0,0.0,0.0,1000.0,8.857805000000003,1.0,budget_depleted,1000.0
12,287,17250,0,0,0.0,0.0,0.0,1000.0,8.857805000000003,1.0,budget_depleted,1000.0
12,287,17265,0,0,0.0,0.0,0.0,1000.0,8.857805000000003,1.0,budget_depleted,1000.0
13,288,17280,0,0,0.0,0.0,0.0,1000.0,8.857805000000003,0.0,normal,0.0
13,288,17295,28,0,42.4523,42.4523,1.5162,1000.0,8.857805000000003,0.0,normal,42.4523
13,288,17310,23,0,101.6536,101.6536,4.4197,1000.0,8.857805000000003,0.0,normal,144.1059
13,288,17325,17,0,127.8716,127.8716,7.5219,1000.0,8.857805000000003,0.0,normal,271.9775
13,289,17340,17,0,25.5596,25.5596,1.5035,1000.0,5.979018375000002,0.0,normal,297.5371
13,289,17355,16,0,47.365,47.365,2.9603,1000.0,5.979018375000002,0.0,normal,344.9021
13,289,17370,15,0,47.3969,47.3969,3.1598,1000.0,5.979018375000002,0.0,normal,392.299
13,289,17385,13,0,24.7384,24.7384,1.903,1000.0,5.979018375000002,0.0,normal,417.0374
13,290,17400,10,0,27.142,27.142,2.7142,1000.0,4.035837403125001,0.0,normal,444.1794
13,290,17415,9,0,32.46,32.46,3.6067,1000.0,4.035837403125001,0.0,normal,476.6394
13,290,17430,7,0,28.2509,28.2509,4.0358,1000.0,4.035837403125001,0.0,normal,504.8903
13,290,17445,3,0,4.4892,4.4892,1.4964,1000.0,4.035837403125001,0.0,normal,509.3795
13,291,17460,6,0,4.8349,4.8349,0.8058,1000.0,2.7241902471093757,0.0,normal,514.2144
13,291,17475,4,0,10.8968,10.8968,2.7242,1000.0,2.7241902471093757,0.0,normal,525.1112
13,291,17490,12,0,32.6903,32.6903,2.7242,1000.0,2.7241902471093757,0.0,normal,557.8015
13,291,17505,11,0,15.7483,15.7483,1.4317,1000.0,2.7241902471093757,0.0,normal,573.5498
13,292,17520,3,0,2.0798,2.0798,0.6933,1000.0,1.8388284167988287,0.0,normal,575.6296
13,292,17535,8,0,14.7106,14.7106,1.8388,1000.0,1.8388284167988287,0.0,normal,590.3402
13,292,17550,1,0,1.8388,1.8388,1.8388,1000.0,1.8388284167988287,0.0,normal,592.179
13,292,17565,0,0,0.0,0.0,1.8388,1000.0,1.8388284167988287,0.0,normal,592.179
13,293,17580,3,0,3.7236,3.7236,1.2412,1000.0,1.2412091813392094,0.0,normal,595.9026
13,293,17595,5,0,1.4657,1.4657,0.2931,1000.0,1.2412091813392094,0.0,normal,597.3683
13,293,17610,5,0,6.206,6.206,1.2412,1000.0,1.2412091813392094,0.0,normal,603.5743
13,293,17625,3,0,3.7236,3.7236,1.2412,1000.0,1.2412091813392094,0.0,normal,607.2979
13,294,17640,1,0,0.8378,0.8378,0.8378,1000.0,0.8378161974039664,0.0,normal,608.1357
13,294,17655,0,0,0.0,0.0,0.8378,1000.0,0.8378161974039664,0.0,normal,608.1357
13,294,17670,2,0,1.6756,1.6756,0.8378,1000.0,0.8378161974039664,0.0,normal,609.8113
13,294,17685,4,0,2.1892,2.1892,0.5473,1000.0,0.8378161974039664,0.0,normal,612.0005
13,295,17700,1,0,0.4283,0.4283,0.4283,1000.0,0.5655259332476773,0.0,normal,612.4288
13,295,17715,1,0,0.5655,0.5655,0.5655,1000.0,0.5655259332476773,0.0,normal,612.9943
13,295,17730,2,0,1.1311,1.1311,0.5655,1000.0,0.5655259332476773,0.0,normal,614.1254
13,295,17745,1,0,0.5655,0.5655,0.5655,1000.0,0.5655259332476773,0.0,normal,614.6909
13,296,17760,1,0,0.5,0.5,0.5,1000.0,0.5,0.0,normal,615.1909
13,296,17775,1,0,0.5,0.5,0.5,1000.0,0.5,0.0,normal,615.6909
13,296,17790,0,0,0.0,0.0,0.5,1000.0,0.5,0.0,normal,615.6909
13,296,17805,2,0,1.0,1.0,0.5,1000.0,0.5,0.0,normal,616.6909
13,297,17820,0,0,0.0,0.0,0.5,1000.0,0.5,0.0,normal,616.6909
13,297,17835,0,0,0.0,0.0,0.5,1000.0,0.5,0.0,normal,616.6909
13,297,17850,0,0,0.0,0.0,0.5,1000.0,0.5,0.0,normal,616.6909
13,297,17865,2,0,0.4345,0.4345,0.2172,1000.0,0.5,0.0,normal,617.1254
13,298,17880,1,0,0.4855,0.4855,0.4855,1000.0,0.5,0.0,normal,617.6109
13,298,17895,3,0,1.0063,1.0063,0.3354,1000.0,0.5,0.0,normal,618.6172
13,298,17910,2,0,1.0,1.0,0.5,1000.0,0.5,0.0,normal,619.6172
13,298,17925,2,0,1.0,1.0,0.5,1000.0,0.5,0.0,normal,620.6172
13,299,17940,0,0,0.0,0.0,0.5,1000.0,0.5,0.0,normal,620.6172
13,299,17955,0,0,0.0,0.0,0.5,1000.0,0.5,0.0,normal,620.6172
13,299,17970,0,0,0.0,0.0,0.5,1000.0,0.5,0.0,normal,620.6172
13,299,17985,0,0,0.0,0.0,0.5,1000.0,0.5,0.0,normal,620.6172
13,300,18000,0,0,0.0,0.0,0.01,1000.0,0.01,0.0,normal,620.6172
13,300,18015,0,0,0.0,0.0,0.01,1000.0,0.01,0.0,normal,620.6172
13,300,18030,1,0,0.01,0.01,0.01,1000.0,0.01,0.0,normal,620.6272
13,300,18045,0,0,0.0,0.0,0.01,1000.0,0.01,0.0,normal,620.6272
13,301,18060,0,0,0.0,0.0,0.5,1000.0,0.5,0.0,normal,620.6272
13,301,18075,0,0,0.0,0.0,0.5,1000.0,0.5,0.0,normal,620.6272
13,301,18090,0,0,0.0,0.0,0.5,1000.0,0.5,0.0,normal,620.6272
13,301,18105,5,0,2.5,2.5,0.5,1000.0,0.5,0.0,normal,623.1272
13,302,18120,2,0,1.0,1.0,0.5,1000.0,0.5,0.0,normal,624.1272
13,302,18135,0,0,0.0,0.0,0.5,1000.0,0.5,0.0,normal,624.1272
13,302,18150,1,0,0.5,0.5,0.5,1000.0,0.5,0.0,normal,624.6272
13,302,18165,0,0,0.0,0.0,0.4986,1000.0,0.5,0.0,normal,624.6272
13,303,18180,1,0,0.5,0.5,0.5,1000.0,0.5,0.0,normal,625.1272
13,303,18195,0,0,0.0,0.0,0.5,1000.0,0.5,0.0,normal,625.1272
13,303,18210,2,0,1.0,1.0,0.5,1000.0,0.5,0.0,normal,626.1272
13,303,18225,3,0,1.5,1.5,0.5,1000.0,0.5,0.0,normal,627.6272
13,304,18240,2,0,1.0,1.0,0.5,1000.0,0.5,0.0,normal,628.6272
13,304,18255,2,0,1.0,1.0,0.5,1000.0,0.5,0.0,normal,629.6272
13,304,18270,0,0,0.0,0.0,0.5,1000.0,0.5,0.0,normal,629.6272
13,304,18285,1,0,0.5,0.5,0.5,1000.0,0.5,0.0,normal,630.1272
13,305,18300,0,0,0.0,0.0,0.2242,1000.0,0.5,0.0,normal,630.1272
13,305,18315,1,0,0.5,0.5,0.5,1000.0,0.5,0.0,normal,630.6272
13,305,18330,2,0,1.0,1.0,0.5,1000.0,0.5,0.0,normal,631.6272
13,305,18345,1,0,0.4355,0.4355,0.4355,1000.0,0.5,0.0,normal,632.0627
13,306,18360,2,0,1.0,1.0,0.5,1000.0,0.5,0.0,normal,633.0627
13,306,18375,2,0,1.0,1.0,0.5,1000.0,0.5,0.0,normal,634.0627
13,306,18390,0,0,0.0,0.0,0.5,1000.0,0.5,0.0,normal,634.0627
13,306,18405,2,0,1.0,1.0,0.5,1000.0,0.5,0.0,normal,635.0627
13,307,18420,1,0,0.5,0.5,0.5,1000.0,0.5,0.0,normal,635.5627
13,307,18435,2,0,1.0,1.0,0.5,1000.0,0.5,0.0,normal,636.5627
13,307,18450,1,0,0.1022,0.1022,0.1022,1000.0,0.5,0.0,normal,636.6649
13,307,18465,1,0,0.5,0.5,0.5,1000.0,0.5,0.0,normal,637.1649
13,308,18480,3,0,1.5,1.5,0.5,1000.0,0.5,0.0,normal,638.6649
13,308,18495,0,0,0.0,0.0,0.5,1000.0,0.5,0.0,normal,638.6649
13,308,18510,2,0,1.0,1.0,0.5,1000.0,0.5,0.0,normal,639.6649
13,308,18525,1,0,0.5,0.5,0.5,1000.0,0.5,0.0,normal,640.1649
13,309,18540,1,0,0.5,0.5,0.5,1000.0,0.5,0.0,normal,640.6649
13,309,18555,0,0,0.0,0.0,0.5,1000.0,0.5,0.0,normal,640.6649
13,309,18570,0,0,0.0,0.0,0.5,1000.0,0.5,0.0,normal,640.6649
13,309,18585,0,0,0.0,0.0,0.5,1000.0,0.5,0.0,normal,640.6649
13,310,18600,3,0,0.74,0.74,0.2467,1000.0,0.5,0.0,normal,641.4049
13,310,18615,1,0,0.5,0.5,0.5,1000.0,0.5,0.0,normal,641.9049
13,310,18630,2,0,1.0,1.0,0.5,1000.0,0.5,0.0,normal,642.9049
13,310,18645,2,0,1.0,1.0,0.5,1000.0,0.5,0.0,normal,643.9049
13,311,18660,0,0,0.0,0.0,0.5,1000.0,0.5,0.0,normal,643.9049
13,311,18675,1,0,0.1089,0.1089,0.1089,1000.0,0.5,0.0,normal,644.0138
13,311,18690,1,0,0.5,0.5,0.5,1000.0,0.5,0.0,normal,644.5138
13,311,18705,1,0,0.5,0.5,0.5,1000.0,0.5,0.0,normal,645.0138
14,312,18720,0,0,0.0,0.0,0.01,1000.0,0.01,0.0,normal,0.0
14,312,18735,0,0,0.0,0.0,0.01,1000.0,0.01,0.0,normal,0.0
14,312,18750,0,0,0.0,0.0,0.01,1000.0,0.01,0.0,normal,0.0
14,312,18765,0,0,0.0,0.0,0.01,1000.0,0.01,0.0,normal,0.0
14,313,18780,2,0,1.0,1.0,0.5,1000.0,0.5,0.0,normal,1.0
14,313,18795,0,0,0.0,0.0,0.0977,1000.0,0.5,0.0,normal,1.0
14,313,18810,0,0,0.0,0.0,0.5,1000.0,0.5,0.0,normal,1.0
14,313,18825,1,0,0.5,0.5,0.5,1000.0,0.5,0.0,normal,1.5
14,314,18840,0,0,0.0,0.0,0.5,1000.0,0.5,0.0,normal,1.5
14,314,18855,1,0,0.5,0.5,0.5,1000.0,0.5,0.0,normal,2.0
14,314,18870,0,0,0.0,0.0,0.5,1000.0,0.5,0.0,normal,2.0
14,314,18885,2,0,0.1888,0.1888,0.0944,1000.0,0.5,0.0,normal,2.1888
14,315,18900,2,0,1.0,1.0,0.5,1000.0,0.5,0.0,normal,3.1888
14,315,18915,2,0,1.0,1.0,0.5,1000.0,0.5,0.0,normal,4.1888
14,315,18930,0,0,0.0,0.0,0.4374,1000.0,0.5,0.0,normal,4.1888
14,315,18945,0,0,0.0,0.0,0.1319,1000.0,0.5,0.0,normal,4.1888
14,316,18960,0,0,0.0,0.0,0.55,1000.0,0.55,0.0,normal,4.1888
14,316,18975,3,0,1.65,1.65,0.55,1000.0,0.55,0.0,normal,5.8388
14,316,18990,0,0,0.0,0.0,0.2057,1000.0,0.55,0.0,normal,5.8388
14,316,19005,1,0,0.1014,0.1014,0.1014,1000.0,0.55,0.0,normal,5.9402
14,317,19020,0,0,0.0,0.0,0.605,1000.0,0.6050000000000001,0.0,normal,5.9402
14,317,19035,1,0,0.605,0.605,0.605,1000.0,0.6050000000000001,0.0,normal,6.5452
14,317,19050,1,0,0.605,0.605,0.605,1000.0,0.6050000000000001,0.0,normal,7.1502
14,317,19065,0,0,0.0,0.0,0.4632,1000.0,0.6050000000000001,0.0,normal,7.1502
14,318,19080,2,0,1.331,1.331,0.6655,1000.0,0.6655000000000002,0.0,normal,8.4812
14,318,19095,2,0,1.331,1.331,0.6655,1000.0,0.6655000000000002,0.0,normal,9.8122
14,318,19110,2,0,1.1501,1.1501,0.575,1000.0,0.6655000000000002,0.0,normal,10.9623
14,318,19125,3,0,1.9965,1.9965,0.6655,1000.0,0.6655000000000002,0.0,normal,12.9588
14,319,19140,0,0,0.0,0.0,0.7321,1000.0,0.7320500000000003,0.0,normal,12.9588
14,319,19155,1,0,0.7321,0.7321,0.7321,1000.0,0.7320500000000003,0.0,normal,13.6909
14,319,19170,3,0,2.1962,2.1962,0.7321,1000.0,0.7320500000000003,0.0,normal,15.8871
14,319,19185,1,0,0.7321,0.7321,0.7321,1000.0,0.7320500000000003,0.0,normal,16.6192
14,320,19200,3,0,2.4158,2.4158,0.8053,1000.0,0.8052550000000004,0.0,normal,19.035
14,320,19215,1,0,0.182,0.182,0.182,1000.0,0.8052550000000004,0.0,normal,19.217
14,320,19230,1,0,0.8053,0.8053,0.8053,1000.0,0.8052550000000004,0.0,normal,20.0223
14,320,19245,2,0,1.6105,1.6105,0.8053,1000.0,0.8052550000000004,0.0,normal,21.6328
14,321,19260,3,0,2.6573,2.6573,0.8858,1000.0,0.8857805000000005,0.0,normal,24.2901
14,321,19275,3,0,2.6573,2.6573,0.8858,1000.0,0.8857805000000005,0.0,normal,26.9474
14,321,19290,0,0,0.0,0.0,0.7013,1000.0,0.8857805000000005,0.0,normal,26.9474
14,321,19305,0,0,0.0,0.0,0.8858,1000.0,0.8857805000000005,0.0,normal,26.9474
14,322,19320,7,0,3.5683,3.5683,0.5098,1000.0,0.9743585500000007,0.0,normal,30.5157
14,322,19335,2,0,1.9487,1.9487,0.9744,1000.0,0.9743585500000007,0.0,normal,32.4644
14,322,19350,2,0,1.5204,1.5204,0.7602,1000.0,0.9743585500000007,0.0,normal,33.9848
14,322,19365,1,0,0.9744,0.9744,0.9744,1000.0,0.9743585500000007,0.0,normal,34.9592
14,323,19380,2,0,0.3759,0.3759,0.188,1000.0,1.0717944050000008,0.0,normal,35.3351
14,323,19395,1,0,0.5022,0.5022,0.5022,1000.0,1.0717944050000008,0.0,normal,35.8373
14,323,19410,2,0,2.1436,2.1436,1.0718,1000.0,1.0717944050000008,0.0,normal,37.9809
14,323,19425,0,0,0.0,0.0,1.0718,1000.0,1.0717944050000008,0.0,normal,37.9809
14,324,19440,0,0,0.0,0.0,0.01,1000.0,0.01,0.0,normal,37.9809
14,324,19455,0,0,0.0,0.0,0.01,1000.0,0.01,0.0,normal,37.9809
14,324,19470,0,0,0.0,0.0,0.01,1000.0,0.01,0.0,normal,37.9809
14,324,19485,0,0,0.0,0.0,0.01,1000.0,0.01,0.0,normal,37.9809
14,325,19500,0,0,0.0,0.0,0.5,1000.0,0.5,0.0,normal,37.9809
14,325,19515,0,0,0.0,0.0,0.4134,1000.0,0.5,0.0,normal,37.9809
14,325,19530,0,0,0.0,0.0,0.179,1000.0,0.5,0.0,normal,37.9809
14,325,19545,0,0,0.0,0.0,0.5,1000.0,0.5,0.0,normal,37.9809
14,326,19560,1,0,0.1292,0.1292,0.1292,1000.0,0.55,0.0,normal,38.1101
14,326,19575,1,0,0.55,0.55,0.55,1000.0,0.55,0.0,normal,38.6601
14,326,19590,4,0,0.0553,0.0553,0.0138,1000.0,0.55,0.0,normal,38.7154
14,326,19605,1,0,0.55,0.55,0.55,1000.0,0.55,0.0,normal,39.2654
14,327,19620,2,0,1.21,1.21,0.605,1000.0,0.6050000000000001,0.0,normal,40.4754
14,327,19635,2,0,1.21,1.21,0.605,1000.0,0.6050000000000001,0.0,normal,41.6854
14,327,19650,1,0,0.605,0.605,0.605,1000.0,0.6050000000000001,0.0,normal,42.2904
14,327,19665,0,0,0.0,0.0,0.605,1000.0,0.6050000000000001,0.0,normal,42.2904
14,328,19680,2,0,1.331,1.331,0.6655,1000.0,0.6655000000000002,0.0,normal,43.6214
14,328,19695,1,0,0.6655,0.6655,0.6655,1000.0,0.6655000000000002,0.0,normal,44.2869
14,328,19710,3,0,1.9965,1.9965,0.6655,1000.0,0.6655000000000002,0.0,normal,46.2834
14,328,19725,3,0,1.9965,1.9965,0.6655,1000.0,0.6655000000000002,0.0,normal,48.2799
14,329,19740,0,0,0.0,0.0,0.7321,1000.0,0.7320500000000003,0.0,normal,48.2799
14,329,19755,1,0,0.7321,0.7321,0.7321,1000.0,0.7320500000000003,0.0,normal,49.012
14,329,19770,5,0,0.9861,0.9861,0.1972,1000.0,0.7320500000000003,0.0,normal,49.9981
14,329,19785,4,0,2.9282,2.9282,0.7321,1000.0,0.7320500000000003,0.0,normal,52.9263
14,330,19800,0,0,0.0,0.0,0.2218,1000.0,0.8052550000000004,0.0,normal,52.9263
14,330,19815,5,0,4.0263,4.0263,0.8053,1000.0,0.8052550000000004,0.0,normal,56.9526
14,330,19830,4,0,3.221,3.221,0.8053,1000.0,0.8052550000000004,0.0,normal,60.1736
14,330,19845,0,0,0.0,0.0,0.8053,1000.0,0.8052550000000004,0.0,normal,60.1736
14,331,19860,4,0,0.6229,0.6229,0.1557,1000.0,0.8857805000000005,0.0,normal,60.7965
14,331,19875,2,0,1.7716,1.7716,0.8858,1000.0,0.8857805000000005,0.0,normal,62.5681
14,331,19890,1,0,0.8858,0.8858,0.8858,1000.0,0.8857805000000005,0.0,normal,63.4539
14,331,19905,1,0,0.1922,0.1922,0.1922,1000.0,0.8857805000000005,0.0,normal,63.6461
14,332,19920,5,0,4.8718,4.8718,0.9744,1000.0,0.9743585500000007,0.0,normal,68.5179
14,332,19935,0,0,0.0,0.0,0.7513,1000.0,0.9743585500000007,0.0,normal,68.5179
14,332,19950,1,0,0.5917,0.5917,0.5917,1000.0,0.9743585500000007,0.0,normal,69.1096
14,332,19965,2,0,1.4431,1.4431,0.7216,1000.0,0.9743585500000007,0.0,normal,70.5527
14,333,19980,2,0,1.5005,1.5005,0.7503,1000.0,1.0717944050000008,0.0,normal,72.0532
14,333,19995,2,0,2.1436,2.1436,1.0718,1000.0,1.0717944050000008,0.0,normal,74.1968
14,333,20010,7,0,7.5026,7.5026,1.0718,1000.0,1.0717944050000008,0.0,normal,81.6994
14,333,20025,1,0,0.3853,0.3853,0.3853,1000.0,1.0717944050000008,0.0,normal,82.0847
14,334,20040,2,0,2.3579,2.3579,1.179,1000.0,1.178973845500001,0.0,normal,84.4426
14,334,20055,8,0,9.4318,9.4318,1.179,1000.0,1.178973845500001,0.0,normal,93.8744
14,334,20070,3,0,3.5369,3.5369,1.179,1000.0,1.178973845500001,0.0,normal,97.4113
14,334,20085,2,0,1.8832,1.8832,0.9416,1000.0,1.178973845500001,0.0,normal,99.2945
14,335,20100,2,0,2.5937,2.5937,1.2969,1000.0,1.2968712300500012,0.0,normal,101.8882
14,335,20115,2,0,2.5937,2.5937,1.2969,1000.0,1.2968712300500012,0.0,normal,104.4819
14,335,20130,8,0,10.375,10.375,1.2969,1000.0,1.2968712300500012,0.0,normal,114.8569
14,335,20145,3,0,3.8906,3.8906,1.2969,1000.0,1.2968712300500012,0.0,normal,118.7475
15,336,20160,0,0,0.0,0.0,0.01,700.0,0.01,0.0,normal,0.0
15,336,20175,0,0,0.0,0.0,0.01,700.0,0.01,0.0,normal,0.0
15,336,20190,0,0,0.0,0.0,0.01,700.0,0.01,0.0,normal,0.0
15,336,20205,0,0,0.0,0.0,0.01,700.0,0.01,0.0,normal,0.0
15,337,20220,2,0,1.0,1.0,0.5,700.0,0.5,0.0,normal,1.0
15,337,20235,2,0,0.6648,0.6648,0.3324,700.0,0.5,0.0,normal,1.6648
15,337,20250,1,0,0.5,0.5,0.5,700.0,0.5,0.0,normal,2.1648
15,337,20265,0,0,0.0,0.0,0.5,700.0,0.5,0.0,normal,2.1648
15,338,20280,1,0,0.55,0.55,0.55,700.0,0.55,0.0,normal,2.7148
15,338,20295,4,0,2.2,2.2,0.55,700.0,0.55,0.0,normal,4.9148
15,338,20310,0,0,0.0,0.0,0.2133,700.0,0.55,0.0,normal,4.9148
15,338,20325,0,0,0.0,0.0,0.55,700.0,0.55,0.0,normal,4.9148
15,339,20340,0,0,0.0,0.0,0.5,700.0,0.5,0.0,normal,4.9148
15,339,20355,3,0,0.6562,0.6562,0.2187,700.0,0.5,0.0,normal,5.571
15,339,20370,0,0,0.0,0.0,0.5,700.0,0.5,0.0,normal,5.571
15,339,20385,0,0,0.0,0.0,0.5,700.0,0.5,0.0,normal,5.571
15,340,20400,1,0,0.5,0.5,0.5,700.0,0.5,0.0,normal,6.071
15,340,20415,0,0,0.0,0.0,0.5,700.0,0.5,0.0,normal,6.071
15,340,20430,2,0,1.0,1.0,0.5,700.0,0.5,0.0,normal,7.071
15,340,20445,1,0,0.5,0.5,0.5,700.0,0.5,0.0,normal,7.571
15,341,20460,0,0,0.0,0.0,0.1163,700.0,0.5,0.0,normal,7.571
15,341,20475,1,0,0.5,0.5,0.5,700.0,0.5,0.0,normal,8.071
15,341,20490,0,0,0.0,0.0,0.5,700.0,0.5,0.0,normal,8.071
15,341,20505,2,0,0.2463,0.2463,0.1232,700.0,0.5,0.0,normal,8.3173
15,342,20520,0,0,0.0,0.0,0.55,700.0,0.55,0.0,normal,8.3173
15,342,20535,0,0,0.0,0.0,0.55,700.0,0.55,0.0,normal,8.3173
15,342,20550,2,0,1.0085,1.0085,0.5042,700.0,0.55,0.0,normal,9.3258
15,342,20565,1,0,0.55,0.55,0.55,700.0,0.55,0.0,normal,9.8758
15,343,20580,2,0,0.5816,0.5816,0.2908,700.0,0.6050000000000001,0.0,normal,10.4574
15,343,20595,1,0,0.2694,0.2694,0.2694,700.0,0.6050000000000001,0.0,normal,10.7268
15,343,20610,2,0,1.21,1.21,0.605,700.0,0.6050000000000001,0.0,normal,11.9368
15,343,20625,0,0,0.0,0.0,0.605,700.0,0.6050000000000001,0.0,normal,11.9368
15,344,20640,1,0,0.6655,0.6655,0.6655,700.0,0.6655000000000002,0.0,normal,12.6023
15,344,20655,1,0,0.6655,0.6655,0.6655,700.0,0.6655000000000002,0.0,normal,13.2678
15,344,20670,0,0,0.0,0.0,0.6495,700.0,0.6655000000000002,0.0,normal,13.2678
15,344,20685,3,0,1.9965,1.9965,0.6655,700.0,0.6655000000000002,0.0,normal,15.2643
15,345,20700,4,0,2.9282,2.9282,0.7321,700.0,0.7320500000000003,0.0,normal,18.1925
15,345,20715,3,0,2.1962,2.1962,0.7321,700.0,0.7320500000000003,0.0,normal,20.3887
15,345,20730,1,0,0.7321,0.7321,0.7321,700.0,0.7320500000000003,0.0,normal,21.1208
15,345,20745,3,0,2.1962,2.1962,0.7321,700.0,0.7320500000000003,0.0,normal,23.317
15,346,20760,1,0,0.8041,0.8041,0.8041,700.0,0.8052550000000004,0.0,normal,24.1211
15,346,20775,0,0,0.0,0.0,0.8053,700.0,0.8052550000000004,0.0,normal,24.1211
15,346,20790,4,0,3.221,3.221,0.8053,700.0,0.8052550000000004,0.0,normal,27.3421
15,346,20805,2,0,0.5085,0.5085,0.2543,700.0,0.8052550000000004,0.0,normal,27.8506
15,347,20820,0,0,0.0,0.0,0.8858,700.0,0.8857805000000005,0.0,normal,27.8506
15,347,20835,3,0,2.0734,2.0734,0.6911,700.0,0.8857805000000005,0.0,normal,29.924
15,347,20850,2,0,1.7716,1.7716,0.8858,700.0,0.8857805000000005,0.0,normal,31.6956
15,347,20865,4,0,3.5431,3.5431,0.8858,700.0,0.8857805000000005,0.0,normal,35.2387
15,348,20880,0,0,0.0,0.0,0.01,700.0,0.01,0.0,normal,35.2387
15,348,20895,0,0,0.0,0.0,0.01,700.0,0.01,0.0,normal,35.2387
15,348,20910,0,0,0.0,0.0,0.01,700.0,0.01,0.0,normal,35.2387
15,348,20925,0,0,0.0,0.0,0.01,700.0,0.01,0.0,normal,35.2387
15,349,20940,1,0,0.5,0.5,0.5,700.0,0.5,0.0,normal,35.7387
15,349,20955,2,0,1.0,1.0,0.5,700.0,0.5,0.0,normal,36.7387
15,349,20970,3,0,1.5,1.5,0.5,700.0,0.5,0.0,normal,38.2387
15,349,20985,3,0,1.5,1.5,0.5,700.0,0.5,0.0,normal,39.7387
15,350,21000,0,0,0.0,0.0,0.5,700.0,0.5,0.0,normal,39.7387
15,350,21015,0,0,0.0,0.0,0.5,700.0,0.5,0.0,normal,39.7387
15,350,21030,0,0,0.0,0.0,0.5,700.0,0.5,0.0,normal,39.7387
15,350,21045,0,0,0.0,0.0,0.5,700.0,0.5,0.0,normal,39.7387
15,351,21060,1,0,0.55,0.55,0.55,700.0,0.55,0.0,normal,40.2887
15,351,21075,1,0,0.55,0.55,0.55,700.0,0.55,0.0,normal,40.8387
15,351,21090,1,0,0.55,0.55,0.55,700.0,0.55,0.0,normal,41.3887
15,351,21105,4,0,2.2,2.2,0.55,700.0,0.55,0.0,normal,43.5887
15,352,21120,0,0,0.0,0.0,0.4624,700.0,0.5,0.0,normal,43.5887
15,352,21135,0,0,0.0,0.0,0.2363,700.0,0.5,0.0,normal,43.5887
15,352,21150,1,0,0.5,0.5,0.5,700.0,0.5,0.0,normal,44.0887
15,352,21165,0,0,0.0,0.0,0.0499,700.0,0.5,0.0,normal,44.0887
15,353,21180,1,0,0.55,0.55,0.55,700.0,0.55,0.0,normal,44.6387
15,353,21195,0,0,0.0,0.0,0.3908,700.0,0.55,0.0,normal,44.6387
15,353,21210,1,0,0.55,0.55,0.55,700.0,0.55,0.0,normal,45.1887
15,353,21225,1,0,0.55,0.55,0.55,700.0,0.55,0.0,normal,45.7387
15,354,21240,0,0,0.0,0.0,0.605,700.0,0.6050000000000001,0.0,normal,45.7387
15,354,21255,1,0,0.605,0.605,0.605,700.0,0.6050000000000001,0.0,normal,46.3437
15,354,21270,1,0,0.194,0.194,0.194,700.0,0.6050000000000001,0.0,normal,46.5377
15,354,21285,1,0,0.605,0.605,0.605,700.0,0.6050000000000001,0.0,normal,47.1427
15,355,21300,0,0,0.0,0.0,0.6655,700.0,0.6655000000000002,0.0,normal,47.1427
15,355,21315,6,0,3.993,3.993,0.6655,700.0,0.6655000000000002,0.0,normal,51.1357
15,355,21330,2,0,1.331,1.331,0.6655,700.0,0.6655000000000002,0.0,normal,52.4667
15,355,21345,1,0,0.4658,0.4658,0.4658,700.0,0.6655000000000002,0.0,normal,52.9325
15,356,21360,1,0,0.1439,0.1439,0.1439,700.0,0.7320500000000003,0.0,normal,53.0764
15,356,21375,0,0,0.0,0.0,0.6444,700.0,0.7320500000000003,0.0,normal,53.0764
15,356,21390,0,0,0.0,0.0,0.7321,700.0,0.7320500000000003,0.0,normal,53.0764
15,356,21405,1,0,0.7321,0.7321,0.7321,700.0,0.7320500000000003,0.0,normal,53.8085
15,357,21420,2,0,1.6105,1.6105,0.8053,700.0,0.8052550000000004,0.0,normal,55.419
15,357,21435,1,0,0.8053,0.8053,0.8053,700.0,0.8052550000000004,0.0,normal,56.2243
15,357,21450,0,0,0.0,0.0,0.8053,700.0,0.8052550000000004,0.0,normal,56.2243
15,357,21465,3,0,2.4158,2.4158,0.8053,700.0,0.8052550000000004,0.0,normal,58.6401
15,358,21480,2,0,1.7716,1.7716,0.8858,700.0,0.8857805000000005,0.0,normal,60.4117
15,358,21495,2,0,0.5559,0.5559,0.278,700.0,0.8857805000000005,0.0,normal,60.9676
15,358,21510,2,0,1.7716,1.7716,0.8858,700.0,0.8857805000000005,0.0,normal,62.7392
15,358,21525,5,0,4.4289,4.4289,0.8858,700.0,0.8857805000000005,0.0,normal,67.1681
15,359,21540,2,0,1.9487,1.9487,0.9744,700.0,0.9743585500000007,0.0,normal,69.1168
15,359,21555,2,0,0.9619,0.9619,0.481,700.0,0.9743585500000007,0.0,normal,70.0787
15,359,21570,2,0,1.9487,1.9487,0.9744,700.0,0.9743585500000007,0.0,normal,72.0274
15,359,21585,2,0,1.2495,1.2495,0.6247,700.0,0.9743585500000007,0.0,normal,73.2769
16,360,21600,0,0,0.0,0.0,0.01,700.0,0.01,0.0,normal,0.0
16,360,21615,0,0,0.0,0.0,0.01,700.0,0.01,0.0,normal,0.0
16,360,21630,0,0,0.0,0.0,0.01,700.0,0.01,0.0,normal,0.0
16,360,21645,0,0,0.0,0.0,0.01,700.0,0.01,0.0,normal,0.0
16,361,21660,2,0,1.0,1.0,0.5,700.0,0.5,0.0,normal,1.0
16,361,21675,0,0,0.0,0.0,0.5,700.0,0.5,0.0,normal,1.0
16,361,21690,0,0,0.0,0.0,0.5,700.0,0.5,0.0,normal,1.0
16,361,21705,1,0,0.5,0.5,0.5,700.0,0.5,0.0,normal,1.5
16,362,21720,1,0,0.55,0.55,0.55,700.0,0.55,0.0,normal,2.05
16,362,21735,2,0,1.1,1.1,0.55,700.0,0.55,0.0,normal,3.15
16,362,21750,1,0,0.55,0.55,0.55,700.0,0.55,0.0,normal,3.7
16,362,21765,2,0,1.1,1.1,0.55,700.0,0.55,0.0,normal,4.8
16,363,21780,1,0,0.4504,0.4504,0.4504,700.0,0.6050000000000001,0.0,normal,5.2504
16,363,21795,3,0,1.815,1.815,0.605,700.0,0.6050000000000001,0.0,normal,7.0654
16,363,21810,4,0,2.42,2.42,0.605,700.0,0.6050000000000001,0.0,normal,9.4854
16,363,21825,3,0,1.815,1.815,0.605,700.0,0.6050000000000001,0.0,normal,11.3004
16,364,21840,2,0,1.331,1.331,0.6655,700.0,0.6655000000000002,0.0,normal,12.6314
16,364,21855,1,0,0.6655,0.6655,0.6655,700.0,0.6655000000000002,0.0,normal,13.2969
16,364,21870,4,0,2.1135,2.1135,0.5284,700.0,0.6655000000000002,0.0,normal,15.4104
16,364,21885,3,0,1.9965,1.9965,0.6655,700.0,0.6655000000000002,0.0,normal,17.4069
16,365,21900,3,0,1.888,1.888,0.6293,700.0,0.7320500000000003,0.0,normal,19.2949
16,365,21915,0,0,0.0,0.0,0.7321,700.0,0.7320500000000003,0.0,normal,19.2949
16,365,21930,2,0,1.4641,1.4641,0.7321,700.0,0.7320500000000003,0.0,normal,20.759
16,365,21945,0,0,0.0,0.0,0.7321,700.0,0.7320500000000003,0.0,normal,20.759
16,366,21960,3,0,2.4158,2.4158,0.8053,700.0,0.8052550000000004,0.0,normal,23.1748
16,366,21975,2,0,1.6105,1.6105,0.8053,700.0,0.8052550000000004,0.0,normal,24.7853
16,366,21990,1,0,0.6324,0.6324,0.6324,700.0,0.8052550000000004,0.0,normal,25.4177
16,366,22005,4,0,3.221,3.221,0.8053,700.0,0.8052550000000004,0.0,normal,28.6387
16,367,22020,0,0,0.0,0.0,0.8858,700.0,0.8857805000000005,0.0,normal,28.6387
16,367,22035,0,0,0.0,0.0,0.8858,700.0,0.8857805000000005,0.0,normal,28.6387
16,367,22050,3,0,2.6573,2.6573,0.8858,700.0,0.8857805000000005,0.0,normal,31.296
16,367,22065,2,0,1.7716,1.7716,0.8858,700.0,0.8857805000000005,0.0,normal,33.0676
16,368,22080,2,0,0.6802,0.6802,0.3401,700.0,0.9743585500000007,0.0,normal,33.7478
16,368,22095,4,0,3.8974,3.8974,0.9744,700.0,0.9743585500000007,0.0,normal,37.6452
16,368,22110,0,0,0.0,0.0,0.9744,700.0,0.9743585500000007,0.0,normal,37.6452
16,368,22125,2,0,0.5081,0.5081,0.2541,700.0,0.9743585500000007,0.0,normal,38.1533
16,369,22140,4,0,4.2872,4.2872,1.0718,700.0,1.0717944050000008,0.0,normal,42.4405
16,369,22155,2,0,2.1436,2.1436,1.0718,700.0,1.0717944050000008,0.0,normal,44.5841
16,369,22170,4,0,4.2872,4.2872,1.0718,700.0,1.0717944050000008,0.0,normal,48.8713
16,369,22185,4,0,4.2872,4.2872,1.0718,700.0,1.0717944050000008,0.0,normal,53.1585
16,370,22200,7,0,8.2528,8.2528,1.179,700.0,1.178973845500001,0.0,normal,61.4113
16,370,22215,6,0,7.0738,7.0738,1.179,700.0,1.178973845500001,0.0,normal,68.4851
16,370,22230,6,0,7.0738,7.0738,1.179,700.0,1.178973845500001,0.0,normal,75.5589
16,370,22245,7,0,8.2528,8.2528,1.179,700.0,1.178973845500001,0.0,normal,83.8117
16,371,22260,1,0,0.5376,0.5376,0.5376,700.0,0.9078098610350007,0.0,normal,84.3493
16,371,22275,4,0,2.321,2.321,0.5803,700.0,0.9078098610350007,0.0,normal,86.6703
16,371,22290,5,0,3.0293,3.0293,0.6059,700.0,0.9078098610350007,0.0,normal,89.6996
16,371,22305,5,0,4.539,4.539,0.9078,700.0,0.9078098610350007,0.0,normal,94.2386
16,372,22320,0,0,0.0,0.0,0.01,700.0,0.01,0.0,normal,94.2386
16,372,22335,0,0,0.0,0.0,0.01,700.0,0.01,0.0,normal,94.2386
16,372,22350,0,0,0.0,0.0,0.01,700.0,0.01,0.0,normal,94.2386
16,372,22365,0,0,0.0,0.0,0.01,700.0,0.01,0.0,normal,94.2386
16,373,22380,1,0,0.5,0.5,0.5,700.0,0.5,0.0,normal,94.7386
16,373,22395,1,0,0.5,0.5,0.5,700.0,0.5,0.0,normal,95.2386
16,373,22410,2,0,1.0,1.0,0.5,700.0,0.5,0.0,normal,96.2386
16,373,22425,3,0,0.2807,0.2807,0.0936,700.0,0.5,0.0,normal,96.5193
16,374,22440,2,0,1.0,1.0,0.5,700.0,0.5,0.0,normal,97.5193
16,374,22455,0,0,0.0,0.0,0.2288,700.0,0.5,0.0,normal,97.5193
16,374,22470,0,0,0.0,0.0,0.5,700.0,0.5,0.0,normal,97.5193
16,374,22485,2,0,0.2854,0.2854,0.1427,700.0,0.5,0.0,normal,97.8047
16,375,22500,3,0,1.5,1.5,0.5,700.0,0.5,0.0,normal,99.3047
16,375,22515,3,0,1.5,1.5,0.5,700.0,0.5,0.0,normal,100.8047
16,375,22530,2,0,1.0,1.0,0.5,700.0,0.5,0.0,normal,101.8047
16,375,22545,0,0,0.0,0.0,0.5,700.0,0.5,0.0,normal,101.8047
16,376,22560,3,0,1.5,1.5,0.5,700.0,0.5,0.0,normal,103.3047
16,376,22575,2,0,1.0,1.0,0.5,700.0,0.5,0.0,normal,104.3047
16,376,22590,4,0,2.0,2.0,0.5,700.0,0.5,0.0,normal,106.3047
16,376,22605,3,0,1.5,1.5,0.5,700.0,0.5,0.0,normal,107.8047
16,377,22620,0,0,0.0,0.0,0.5,700.0,0.5,0.0,normal,107.8047
16,377,22635,1,0,0.5,0.5,0.5,700.0,0.5,0.0,normal,108.3047
16,377,22650,1,0,0.5,0.5,0.5,700.0,0.5,0.0,normal,108.8047
16,377,22665,2,0,0.1817,0.1817,0.0909,700.0,0.5,0.0,normal,108.9864
16,378,22680,1,0,0.5,0.5,0.5,700.0,0.5,0.0,normal,109.4864
16,378,22695,1,0,0.5,0.5,0.5,700.0,0.5,0.0,normal,109.9864
16,378,22710,3,0,1.5,1.5,0.5,700.0,0.5,0.0,normal,111.4864
16,378,22725,0,0,0.0,0.0,0.0563,700.0,0.5,0.0,normal,111.4864
16,379,22740,1,0,0.5,0.5,0.5,700.0,0.5,0.0,normal,111.9864
16,379,22755,3,0,1.5,1.5,0.5,700.0,0.5,0.0,normal,113.4864
16,379,22770,4,0,2.0,2.0,0.5,700.0,0.5,0.0,normal,115.4864
16,379,22785,1,0,0.5,0.5,0.5,700.0,0.5,0.0,normal,115.9864
16,380,22800,1,0,0.5,0.5,0.5,700.0,0.5,0.0,normal,116.4864
16,380,22815,3,0,1.5,1.5,0.5,700.0,0.5,0.0,normal,117.9864
16,380,22830,0,0,0.0,0.0,0.5,700.0,0.5,0.0,normal,117.9864
16,380,22845,1,0,0.2851,0.2851,0.2851,700.0,0.5,0.0,normal,118.2715
16,381,22860,2,0,1.0,1.0,0.5,700.0,0.5,0.0,normal,119.2715
16,381,22875,2,0,1.0,1.0,0.5,700.0,0.5,0.0,normal,120.2715
16,381,22890,1,0,0.5,0.5,0.5,700.0,0.5,0.0,normal,120.7715
16,381,22905,3,0,0.4976,0.4976,0.1659,700.0,0.5,0.0,normal,121.2691
16,382,22920,1,0,0.5,0.5,0.5,700.0,0.5,0.0,normal,121.7691
16,382,22935,2,0,1.0,1.0,0.5,700.0,0.5,0.0,normal,122.7691
16,382,22950,0,0,0.0,0.0,0.5,700.0,0.5,0.0,normal,122.7691
16,382,22965,1,0,0.5,0.5,0.5,700.0,0.5,0.0,normal,123.2691
16,383,22980,2,0,1.0,1.0,0.5,700.0,0.5,0.0,normal,124.2691
16,383,22995,1,0,0.5,0.5,0.5,700.0,0.5,0.0,normal,124.7691
16,383,23010,0,0,0.0,0.0,0.1719,700.0,0.5,0.0,normal,124.7691
16,383,23025,0,0,0.0,0.0,0.5,700.0,0.5,0.0,normal,124.7691
17,384,23040,1,0,0.01,0.01,0.01,700.0,0.01,0.0,normal,0.01
17,384,23055,0,0,0.0,0.0,0.01,700.0,0.01,0.0,normal,0.01
17,384,23070,0,0,0.0,0.0,0.01,700.0,0.01,0.0,normal,0.01
17,384,23085,0,0,0.0,0.0,0.01,700.0,0.01,0.0,normal,0.01
17,385,23100,0,0,0.0,0.0,0.5,700.0,0.5,0.0,normal,0.01
17,385,23115,2,0,1.0,1.0,0.5,700.0,0.5,0.0,normal,1.01
17,385,23130,2,0,1.0,1.0,0.5,700.0,0.5,0.0,normal,2.01
17,385,23145,3,0,1.5,1.5,0.5,700.0,0.5,0.0,normal,3.51
17,386,23160,1,0,0.5,0.5,0.5,700.0,0.5,0.0,normal,4.01
17,386,23175,0,0,0.0,0.0,0.1325,700.0,0.5,0.0,normal,4.01
17,386,23190,0,0,0.0,0.0,0.5,700.0,0.5,0.0,normal,4.01
17,386,23205,0,0,0.0,0.0,0.5,700.0,0.5,0.0,normal,4.01
17,387,23220,0,0,0.0,0.0,0.5,700.0,0.5,0.0,normal,4.01
17,387,23235,0,0,0.0,0.0,0.5,700.0,0.5,0.0,normal,4.01
17,387,23250,1,0,0.5,0.5,0.5,700.0,0.5,0.0,normal,4.51
17,387,23265,0,0,0.0,0.0,0.5,700.0,0.5,0.0,normal,4.51
17,388,23280,0,0,0.0,0.0,0.55,700.0,0.55,0.0,normal,4.51
17,388,23295,1,0,0.55,0.55,0.55,700.0,0.55,0.0,normal,5.06
17,388,23310,2,0,1.1,1.1,0.55,700.0,0.55,0.0,normal,6.16
17,388,23325,2,0,1.1,1.1,0.55,700.0,0.55,0.0,normal,7.26
17,389,23340,0,0,0.0,0.0,0.605,700.0,0.6050000000000001,0.0,normal,7.26
17,389,23355,1,0,0.605,0.605,0.605,700.0,0.6050000000000001,0.0,normal,7.865
17,389,23370,2,0,1.21,1.21,0.605,700.0,0.6050000000000001,0.0,normal,9.075
17,389,23385,1,0,0.1395,0.1395,0.1395,700.0,0.6050000000000001,0.0,normal,9.2145
17,390,23400,2,0,1.331,1.331,0.6655,700.0,0.6655000000000002,0.0,normal,10.5455
17,390,23415,0,0,0.0,0.0,0.6655,700.0,0.6655000000000002,0.0,normal,10.5455
17,390,23430,2,0,0.5604,0.5604,0.2802,700.0,0.6655000000000002,0.0,normal,11.1059
17,390,23445,2,0,1.331,1.331,0.6655,700.0,0.6655000000000002,0.0,normal,12.4369
17,391,23460,2,0,1.4641,1.4641,0.7321,700.0,0.7320500000000003,0.0,normal,13.901
17,391,23475,1,0,0.7321,0.7321,0.7321,700.0,0.7320500000000003,0.0,normal,14.6331
17,391,23490,3,0,2.1962,2.1962,0.7321,700.0,0.7320500000000003,0.0,normal,16.8293
17,391,23505,3,0,2.1962,2.1962,0.7321,700.0,0.7320500000000003,0.0,normal,19.0255
17,392,23520,4,0,3.221,3.221,0.8053,700.0,0.8052550000000004,0.0,normal,22.2465
17,392,23535,1,0,0.0477,0.0477,0.0477,700.0,0.8052550000000004,0.0,normal,22.2942
17,392,23550,2,0,1.6031,1.6031,0.8016,700.0,0.8052550000000004,0.0,normal,23.8973
17,392,23565,3,0,2.4158,2.4158,0.8053,700.0,0.8052550000000004,0.0,normal,26.3131
17,393,23580,4,0,1.681,1.681,0.4203,700.0,0.8857805000000005,0.0,normal,27.9941
17,393,23595,5,0,4.4289,4.4289,0.8858,700.0,0.8857805000000005,0.0,normal,32.423
17,393,23610,6,0,5.3147,5.3147,0.8858,700.0,0.8857805000000005,0.0,normal,37.7377
17,393,23625,3,0,2.6573,2.6573,0.8858,700.0,0.8857805000000005,0.0,normal,40.395
17,394,23640,0,0,0.0,0.0,0.4437,700.0,0.9743585500000007,0.0,normal,40.395
17,394,23655,1,0,0.9744,0.9744,0.9744,700.0,0.9743585500000007,0.0,normal,41.3694
17,394,23670,2,0,0.5225,0.5225,0.2613,700.0,0.9743585500000007,0.0,normal,41.8919
17,394,23685,3,0,2.9231,2.9231,0.9744,700.0,0.9743585500000007,0.0,normal,44.815
17,395,23700,5,0,3.2588,3.2588,0.6518,700.0,1.0717944050000008,0.0,normal,48.0738
17,395,23715,3,0,3.0629,3.0629,1.021,700.0,1.0717944050000008,0.0,normal,51.1367
17,395,23730,3,0,3.2154,3.2154,1.0718,700.0,1.0717944050000008,0.0,normal,54.3521
17,395,23745,0,0,0.0,0.0,1.0718,700.0,1.0717944050000008,0.0,normal,54.3521
17,396,23760,0,0,0.0,0.0,0.01,700.0,0.01,0.0,normal,54.3521
17,396,23775,0,0,0.0,0.0,0.01,700.0,0.01,0.0,normal,54.3521
17,396,23790,1,0,0.01,0.01,0.01,700.0,0.01,0.0,normal,54.3621
17,396,23805,0,0,0.0,0.0,0.01,700.0,0.01,0.0,normal,54.3621
17,397,23820,1,0,0.5,0.5,0.5,700.0,0.5,0.0,normal,54.8621
17,397,23835,0,0,0.0,0.0,0.4268,700.0,0.5,0.0,normal,54.8621
17,397,23850,2,0,0.0866,0.0866,0.0433,700.0,0.5,0.0,normal,54.9487
17,397,23865,1,0,0.5,0.5,0.5,700.0,0.5,0.0,normal,55.4487
17,398,23880,2,0,1.1,1.1,0.55,700.0,0.55,0.0,normal,56.5487
17,398,23895,0,0,0.0,0.0,0.55,700.0,0.55,0.0,normal,56.5487
17,398,23910,1,0,0.55,0.55,0.55,700.0,0.55,0.0,normal,57.0987
17,398,23925,1,0,0.55,0.55,0.55,700.0,0.55,0.0,normal,57.6487
17,399,23940,4,0,2.42,2.42,0.605,700.0,0.6050000000000001,0.0,normal,60.0687
17,399,23955,2,0,1.21,1.21,0.605,700.0,0.6050000000000001,0.0,normal,61.2787
17,399,23970,3,0,1.2851,1.2851,0.4284,700.0,0.6050000000000001,0.0,normal,62.5638
17,399,23985,2,0,1.21,1.21,0.605,700.0,0.6050000000000001,0.0,normal,63.7738
17,400,24000,1,0,0.1561,0.1561,0.1561,700.0,0.6655000000000002,0.0,normal,63.9299
17,400,24015,1,0,0.6655,0.6655,0.6655,700.0,0.6655000000000002,0.0,normal,64.5954
17,400,24030,1,0,0.6655,0.6655,0.6655,700.0,0.6655000000000002,0.0,normal,65.2609
17,400,24045,1,0,0.6655,0.6655,0.6655,700.0,0.6655000000000002,0.0,normal,65.9264
17,401,24060,0,0,0.0,0.0,0.3433,700.0,0.7320500000000003,0.0,normal,65.9264
17,401,24075,1,0,0.7321,0.7321,0.7321,700.0,0.7320500000000003,0.0,normal,66.6585
17,401,24090,0,0,0.0,0.0,0.7321,700.0,0.7320500000000003,0.0,normal,66.6585
17,401,24105,3,0,2.1962,2.1962,0.7321,700.0,0.7320500000000003,0.0,normal,68.8547
17,402,24120,5,0,4.0263,4.0263,0.8053,700.0,0.8052550000000004,0.0,normal,72.881
17,402,24135,3,0,0.775,0.775,0.2583,700.0,0.8052550000000004,0.0,normal,73.656
17,402,24150,1,0,0.8053,0.8053,0.8053,700.0,0.8052550000000004,0.0,normal,74.4613
17,402,24165,2,0,1.6105,1.6105,0.8053,700.0,0.8052550000000004,0.0,normal,76.0718
17,403,24180,2,0,1.7716,1.7716,0.8858,700.0,0.8857805000000005,0.0,normal,77.8434
17,403,24195,3,0,2.6573,2.6573,0.8858,700.0,0.8857805000000005,0.0,normal,80.5007
17,403,24210,2,0,0.8276,0.8276,0.4138,700.0,0.8857805000000005,0.0,normal,81.3283
17,403,24225,6,0,5.3147,5.3147,0.8858,700.0,0.8857805000000005,0.0,normal,86.643
17,404,24240,3,0,2.9231,2.9231,0.9744,700.0,0.9743585500000007,0.0,normal,89.5661
17,404,24255,2,0,0.377,0.377,0.1885,700.0,0.9743585500000007,0.0,normal,89.9431
17,404,24270,1,0,0.9744,0.9744,0.9744,700.0,0.9743585500000007,0.0,normal,90.9175
17,404,24285,2,0,1.9487,1.9487,0.9744,700.0,0.9743585500000007,0.0,normal,92.8662
17,405,24300,1,0,0.5255,0.5255,0.5255,700.0,1.0717944050000008,0.0,normal,93.3917
17,405,24315,3,0,2.2445,2.2445,0.7482,700.0,1.0717944050000008,0.0,normal,95.6362
17,405,24330,4,0,4.2872,4.2872,1.0718,700.0,1.0717944050000008,0.0,normal,99.9234
17,405,24345,1,0,0.6345,0.6345,0.6345,700.0,1.0717944050000008,0.0,normal,100.5579
17,406,24360,3,0,3.0845,3.0845,1.0282,700.0,1.178973845500001,0.0,normal,103.6424
17,406,24375,3,0,3.5369,3.5369,1.179,700.0,1.178973845500001,0.0,normal,107.1793
17,406,24390,5,0,5.8949,5.8949,1.179,700.0,1.178973845500001,0.0,normal,113.0742
17,406,24405,1,0,0.5224,0.5224,0.5224,700.0,1.178973845500001,0.0,normal,113.5966
17,407,24420,10,0,12.9687,12.9687,1.2969,700.0,1.2968712300500012,0.0,normal,126.5653
17,407,24435,2,0,2.5937,2.5937,1.2969,700.0,1.2968712300500012,0.0,normal,129.159
17,407,24450,0,0,0.0,0.0,1.2969,700.0,1.2968712300500012,0.0,normal,129.159
17,407,24465,6,0,7.7812,7.7812,1.2969,700.0,1.2968712300500012,0.0,normal,136.9402
18,408,24480,0,0,0.0,0.0,0.01,700.0,0.01,0.0,normal,0.0
18,408,24495,0,0,0.0,0.0,0.01,700.0,0.01,0.0,normal,0.0
18,408,24510,0,0,0.0,0.0,0.01,700.0,0.01,0.0,normal,0.0
18,408,24525,0,0,0.0,0.0,0.01,700.0,0.01,0.0,normal,0.0
18,409,24540,1,0,0.5,0.5,0.5,700.0,0.5,0.0,normal,0.5
18,409,24555,0,0,0.0,0.0,0.5,700.0,0.5,0.0,normal,0.5
18,409,24570,1,0,0.3388,0.3388,0.3388,700.0,0.5,0.0,normal,0.8388
18,409,24585,0,0,0.0,0.0,0.5,700.0,0.5,0.0,normal,0.8388
18,410,24600,1,0,0.5,0.5,0.5,700.0,0.5,0.0,normal,1.3388
18,410,24615,2,0,1.0,1.0,0.5,700.0,0.5,0.0,normal,2.3388
18,410,24630,1,0,0.5,0.5,0.5,700.0,0.5,0.0,normal,2.8388
18,410,24645,3,0,1.5,1.5,0.5,700.0,0.5,0.0,normal,4.3388
18,411,24660,0,0,0.0,0.0,0.5,700.0,0.5,0.0,normal,4.3388
18,411,24675,0,0,0.0,0.0,0.5,700.0,0.5,0.0,normal,4.3388
18,411,24690,0,0,0.0,0.0,0.0969,700.0,0.5,0.0,normal,4.3388
18,411,24705,1,0,0.2002,0.2002,0.2002,700.0,0.5,0.0,normal,4.539
18,412,24720,0,0,0.0,0.0,0.5,700.0,0.5,0.0,normal,4.539
18,412,24735,1,0,0.5,0.5,0.5,700.0,0.5,0.0,normal,5.039
18,412,24750,0,0,0.0,0.0,0.5,700.0,0.5,0.0,normal,5.039
18,412,24765,1,0,0.5,0.5,0.5,700.0,0.5,0.0,normal,5.539
18,413,24780,1,0,0.5,0.5,0.5,700.0,0.5,0.0,normal,6.039
18,413,24795,0,0,0.0,0.0,0.5,700.0,0.5,0.0,normal,6.039
18,413,24810,0,0,0.0,0.0,0.5,700.0,0.5,0.0,normal,6.039
18,413,24825,1,0,0.5,0.5,0.5,700.0,0.5,0.0,normal,6.539
18,414,24840,3,0,1.5,1.5,0.5,700.0,0.5,0.0,normal,8.039
18,414,24855,4,0,2.0,2.0,0.5,700.0,0.5,0.0,normal,10.039
18,414,24870,1,0,0.5,0.5,0.5,700.0,0.5,0.0,normal,10.539
18,414,24885,2,0,1.0,1.0,0.5,700.0,0.5,0.0,normal,11.539
18,415,24900,2,0,1.0,1.0,0.5,700.0,0.5,0.0,normal,12.539
18,415,24915,0,0,0.0,0.0,0.3538,700.0,0.5,0.0,normal,12.539
18,415,24930,1,0,0.5,0.5,0.5,700.0,0.5,0.0,normal,13.039
18,415,24945,3,0,0.5843,0.5843,0.1948,700.0,0.5,0.0,normal,13.6233
18,416,24960,1,0,0.1932,0.1932,0.1932,700.0,0.5,0.0,normal,13.8165
18,416,24975,2,0,0.2539,0.2539,0.127,700.0,0.5,0.0,normal,14.0704
18,416,24990,1,0,0.2136,0.2136,0.2136,700.0,0.5,0.0,normal,14.284
18,416,25005,1,0,0.5,0.5,0.5,700.0,0.5,0.0,normal,14.784
18,417,25020,1,0,0.1976,0.1976,0.1976,700.0,0.5,0.0,normal,14.9816
18,417,25035,1,0,0.5,0.5,0.5,700.0,0.5,0.0,normal,15.4816
18,417,25050,2,0,1.0,1.0,0.5,700.0,0.5,0.0,normal,16.4816
18,417,25065,1,0,0.0697,0.0697,0.0697,700.0,0.5,0.0,normal,16.5513
18,418,25080,1,0,0.55,0.55,0.55,700.0,0.55,0.0,normal,17.1013
18,418,25095,2,0,1.1,1.1,0.55,700.0,0.55,0.0,normal,18.2013
18,418,25110,0,0,0.0,0.0,0.55,700.0,0.55,0.0,normal,18.2013
18,418,25125,3,0,0.055,0.055,0.0183,700.0,0.55,0.0,normal,18.2563
18,419,25140,1,0,0.0386,0.0386,0.0386,700.0,0.6050000000000001,0.0,normal,18.2949
18,419,25155,4,0,0.0923,0.0923,0.0231,700.0,0.6050000000000001,0.0,normal,18.3872
18,419,25170,0,0,0.0,0.0,0.605,700.0,0.6050000000000001,0.0,normal,18.3872
18,419,25185,1,0,0.4951,0.4951,0.4951,700.0,0.6050000000000001,0.0,normal,18.8823
18,420,25200,0,0,0.0,0.0,0.01,700.0,0.01,0.0,normal,18.8823
18,420,25215,0,0,0.0,0.0,0.01,700.0,0.01,0.0,normal,18.8823
18,420,25230,0,0,0.0,0.0,0.01,700.0,0.01,0.0,normal,18.8823
18,420,25245,0,0,0.0,0.0,0.01,700.0,0.01,0.0,normal,18.8823
18,421,25260,1,0,0.5,0.5,0.5,700.0,0.5,0.0,normal,19.3823
18,421,25275,0,0,0.0,0.0,0.5,700.0,0.5,0.0,normal,19.3823
18,421,25290,0,0,0.0,0.0,0.4702,700.0,0.5,0.0,normal,19.3823
18,421,25305,0,0,0.0,0.0,0.1387,700.0,0.5,0.0,normal,19.3823
18,422,25320,2,0,1.1,1.1,0.55,700.0,0.55,0.0,normal,20.4823
18,422,25335,0,0,0.0,0.0,0.3923,700.0,0.55,0.0,normal,20.4823
18,422,25350,1,0,0.55,0.55,0.55,700.0,0.55,0.0,normal,21.0323
18,422,25365,1,0,0.55,0.55,0.55,700.0,0.55,0.0,normal,21.5823
18,423,25380,2,0,1.21,1.21,0.605,700.0,0.6050000000000001,0.0,normal,22.7923
18,423,25395,3,0,1.815,1.815,0.605,700.0,0.6050000000000001,0.0,normal,24.6073
18,423,25410,0,0,0.0,0.0,0.605,700.0,0.6050000000000001,0.0,normal,24.6073
18,423,25425,2,0,1.21,1.21,0.605,700.0,0.6050000000000001,0.0,normal,25.8173
18,424,25440,0,0,0.0,0.0,0.2281,700.0,0.6655000000000002,0.0,normal,25.8173
18,424,25455,1,0,0.6655,0.6655,0.6655,700.0,0.6655000000000002,0.0,normal,26.4828
18,424,25470,1,0,0.6655,0.6655,0.6655,700.0,0.6655000000000002,0.0,normal,27.1483
18,424,25485,2,0,1.331,1.331,0.6655,700.0,0.6655000000000002,0.0,normal,28.4793
18,425,25500,0,0,0.0,0.0,0.7321,700.0,0.7320500000000003,0.0,normal,28.4793
18,425,25515,1,0,0.7321,0.7321,0.7321,700.0,0.7320500000000003,0.0,normal,29.2114
18,425,25530,1,0,0.7321,0.7321,0.7321,700.0,0.7320500000000003,0.0,normal,29.9435
18,425,25545,4,0,0.2692,0.2692,0.0673,700.0,0.7320500000000003,0.0,normal,30.2127
18,426,25560,2,0,0.4558,0.4558,0.2279,700.0,0.8052550000000004,0.0,normal,30.6685
18,426,25575,1,0,0.8053,0.8053,0.8053,700.0,0.8052550000000004,0.0,normal,31.4738
18,426,25590,1,0,0.8053,0.8053,0.8053,700.0,0.8052550000000004,0.0,normal,32.2791
18,426,25605,3,0,2.4158,2.4158,0.8053,700.0,0.8052550000000004,0.0,normal,34.6949
18,427,25620,4,0,3.5431,3.5431,0.8858,700.0,0.8857805000000005,0.0,normal,38.238
18,427,25635,1,0,0.8858,0.8858,0.8858,700.0,0.8857805000000005,0.0,normal,39.1238
18,427,25650,0,0,0.0,0.0,0.8858,700.0,0.8857805000000005,0.0,normal,39.1238
18,427,25665,1,0,0.8858,0.8858,0.8858,700.0,0.8857805000000005,0.0,normal,40.0096
18,428,25680,1,0,0.3478,0.3478,0.3478,700.0,0.9743585500000007,0.0,normal,40.3574
18,428,25695,2,0,1.1225,1.1225,0.5613,700.0,0.9743585500000007,0.0,normal,41.4799
18,428,25710,2,0,1.9487,1.9487,0.9744,700.0,0.9743585500000007,0.0,normal,43.4286
18,428,25725,4,0,1.2384,1.2384,0.3096,700.0,0.9743585500000007,0.0,normal,44.667
18,429,25740,1,0,0.7761,0.7761,0.7761,700.0,1.0717944050000008,0.0,normal,45.4431
18,429,25755,6,0,6.4308,6.4308,1.0718,700.0,1.0717944050000008,0.0,normal,51.8739
18,429,25770,1,0,1.0718,1.0718,1.0718,700.0,1.0717944050000008,0.0,normal,52.9457
18,429,25785,1,0,1.0718,1.0718,1.0718,700.0,1.0717944050000008,0.0,normal,54.0175
18,430,25800,2,0,2.3579,2.3579,1.179,700.0,1.178973845500001,0.0,normal,56.3754
18,430,25815,0,0,0.0,0.0,0.5583,700.0,1.178973845500001,0.0,normal,56.3754
18,430,25830,1,0,1.179,1.179,1.179,700.0,1.178973845500001,0.0,normal,57.5544
18,430,25845,5,0,5.8949,5.8949,1.179,700.0,1.178973845500001,0.0,normal,63.4493
18,431,25860,2,0,1.5586,1.5586,0.7793,700.0,1.2968712300500012,0.0,normal,65.0079
18,431,25875,3,0,3.8906,3.8906,1.2969,700.0,1.2968712300500012,0.0,normal,68.8985
18,431,25890,1,0,1.2969,1.2969,1.2969,700.0,1.2968712300500012,0.0,normal,70.1954
18,431,25905,7,0,3.9742,3.9742,0.5677,700.0,1.2968712300500012,0.0,normal,74.1696
19,432,25920,0,0,0.0,0.0,0.01,700.0,0.01,0.0,normal,0.0
19,432,25935,0,0,0.0,0.0,0.01,700.0,0.01,0.0,normal,0.0
19,432,25950,0,0,0.0,0.0,0.01,700.0,0.01,0.0,normal,0.0
19,432,25965,0,0,0.0,0.0,0.01,700.0,0.01,0.0,normal,0.0
19,433,25980,0,0,0.0,0.0,0.5,700.0,0.5,1.0,normal,0.0
19,433,25995,3,0,1.5,1.5,0.5,700.0,0.5,1.0,normal,1.5
19,433,26010,0,0,0.0,0.0,0.5,700.0,0.5,1.0,normal,1.5
19,433,26025,1,0,0.5,0.5,0.5,700.0,0.5,1.0,normal,2.0
19,434,26040,4,0,2.2,2.2,0.55,700.0,0.55,1.0,normal,4.2
19,434,26055,2,0,1.1,1.1,0.55,700.0,0.55,1.0,normal,5.3
19,434,26070,0,0,0.0,0.0,0.55,700.0,0.55,1.0,normal,5.3
19,434,26085,1,0,0.55,0.55,0.55,700.0,0.55,1.0,normal,5.85
19,435,26100,1,0,0.605,0.605,0.605,700.0,0.6050000000000001,1.0,normal,6.455
19,435,26115,3,0,1.815,1.815,0.605,700.0,0.6050000000000001,1.0,normal,8.27
19,435,26130,0,0,0.0,0.0,0.37,700.0,0.6050000000000001,1.0,normal,8.27
19,435,26145,1,0,0.605,0.605,0.605,700.0,0.6050000000000001,1.0,normal,8.875
19,436,26160,1,0,0.6655,0.6655,0.6655,700.0,0.6655000000000002,1.0,normal,9.5405
19,436,26175,0,0,0.0,0.0,0.6655,700.0,0.6655000000000002,1.0,normal,9.5405
19,436,26190,0,0,0.0,0.0,0.6655,700.0,0.6655000000000002,1.0,normal,9.5405
19,436,26205,1,0,0.6655,0.6655,0.6655,700.0,0.6655000000000002,1.0,normal,10.206
19,437,26220,5,0,3.6603,3.6603,0.7321,700.0,0.7320500000000003,1.0,normal,13.8663
19,437,26235,0,0,0.0,0.0,0.7321,700.0,0.7320500000000003,1.0,normal,13.8663
19,437,26250,1,0,0.4201,0.4201,0.4201,700.0,0.7320500000000003,1.0,normal,14.2864
19,437,26265,2,0,1.4641,1.4641,0.7321,700.0,0.7320500000000003,1.0,normal,15.7505
19,438,26280,2,1,1.6105,1.6105,0.8053,700.0,0.8052550000000004,1.0,normal,17.361
19,438,26295,1,0,0.6646,0.6646,0.6646,700.0,0.8052550000000004,1.0,normal,18.0256
19,438,26310,0,0,0.0,0.0,0.3857,700.0,0.8052550000000004,1.0,normal,18.0256
19,438,26325,2,0,0.1818,0.1818,0.0909,700.0,0.8052550000000004,1.0,normal,18.2074
19,439,26340,0,0,0.0,0.0,0.8415,700.0,0.8414914750000004,1.0,normal,18.2074
19,439,26355,1,0,0.2133,0.2133,0.2133,700.0,0.8414914750000004,1.0,normal,18.4207
19,439,26370,1,0,0.2053,0.2053,0.2053,700.0,0.8414914750000004,1.0,normal,18.626
19,439,26385,1,0,0.1157,0.1157,0.1157,700.0,0.8414914750000004,1.0,normal,18.7417
19,440,26400,6,0,4.159,4.159,0.6932,700.0,0.9256406225000006,1.0,normal,22.9007
19,440,26415,1,0,0.9256,0.9256,0.9256,700.0,0.9256406225000006,1.0,normal,23.8263
19,440,26430,1,0,0.1335,0.1335,0.1335,700.0,0.9256406225000006,1.0,normal,23.9598
19,440,26445,1,0,0.9256,0.9256,0.9256,700.0,0.9256406225000006,1.0,normal,24.8854
19,441,26460,4,0,0.2511,0.2511,0.0628,700.0,0.9672944505125007,1.0,normal,25.1365
19,441,26475,1,0,0.8797,0.8797,0.8797,700.0,0.9672944505125007,1.0,normal,26.0162
19,441,26490,1,0,0.9673,0.9673,0.9673,700.0,0.9672944505125007,1.0,normal,26.9835
19,441,26505,3,0,2.7947,2.7947,0.9316,700.0,0.9672944505125007,1.0,normal,29.7782
19,442,26520,3,0,3.0325,3.0325,1.0108,700.0,1.0108227007855632,1.0,normal,32.8107
19,442,26535,1,0,1.0108,1.0108,1.0108,700.0,1.0108227007855632,1.0,normal,33.8215
19,442,26550,4,0,0.7177,0.7177,0.1794,700.0,1.0108227007855632,1.0,normal,34.5392
19,442,26565,2,0,2.0216,2.0216,1.0108,700.0,1.0108227007855632,1.0,normal,36.5608
19,443,26580,5,0,4.7256,4.7256,0.9451,700.0,0.9451192252345018,1.0,normal,41.2864
19,443,26595,3,1,2.8354,2.8354,0.9451,700.0,0.9451192252345018,1.0,normal,44.1218
19,443,26610,2,0,1.3006,1.3006,0.6503,700.0,0.9451192252345018,1.0,normal,45.4224
19,443,26625,1,0,0.9451,0.9451,0.9451,700.0,0.9451192252345018,1.0,normal,46.3675
19,444,26640,14,0,48.3261,48.3261,3.4519,1000.0,5.0,1.0,normal,94.6936
19,444,26655,11,0,53.969,53.969,4.9063,1000.0,5.0,1.0,normal,148.6626
19,444,26670,12,1,18.0392,18.0392,1.5033,1000.0,5.0,1.0,normal,166.7018
19,444,26685,17,0,3.4315,3.4315,0.2019,1000.0,5.0,1.0,normal,170.1333
19,445,26700,19,0,104.5,104.5,5.5,1000.0,5.5,1.0,normal,274.6333
19,445,26715,13,0,57.8884,57.8884,4.453,1000.0,5.5,1.0,normal,332.5217
19,445,26730,12,0,22.6943,22.6943,1.8912,1000.0,5.5,1.0,normal,355.216
19,445,26745,17,0,36.7003,36.7003,2.1588,1000.0,5.5,1.0,normal,391.9163
19,446,26760,12,0,47.5696,47.5696,3.9641,1000.0,4.5375000000000005,1.0,normal,439.4859
19,446,26775,6,0,21.9158,21.9158,3.6526,1000.0,4.5375000000000005,1.0,normal,461.4017
19,446,26790,14,0,23.688,23.688,1.692,1000.0,4.5375000000000005,1.0,normal,485.0897
19,446,26805,6,0,26.6859,26.6859,4.4477,1000.0,4.5375000000000005,1.0,normal,511.7756
19,447,26820,8,0,26.663,26.663,3.3329,1000.0,3.7434375000000006,1.0,normal,538.4386
19,447,26835,9,0,2.6719,2.6719,0.2969,1000.0,3.7434375000000006,1.0,normal,541.1105
19,447,26850,16,1,41.373,41.373,2.5858,1000.0,3.7434375000000006,1.0,normal,582.4835
19,447,26865,11,1,41.1778,41.1778,3.7434,1000.0,3.7434375000000006,1.0,normal,623.6613
19,448,26880,8,0,16.9871,16.9871,2.1234,1000.0,3.088335937500001,1.0,normal,640.6484
19,448,26895,2,0,6.1767,6.1767,3.0883,1000.0,3.088335937500001,1.0,normal,646.8251
19,448,26910,8,0,8.5074,8.5074,1.0634,1000.0,3.088335937500001,1.0,normal,655.3325
19,448,26925,11,0,33.9717,33.9717,3.0883,1000.0,3.088335937500001,1.0,normal,689.3042
19,449,26940,8,2,17.0432,8.5216,2.1304,1000.0,2.547877148437501,1.0,normal,706.3474
19,449,26955,6,0,15.2873,15.2873,2.5479,1000.0,2.547877148437501,1.0,normal,721.6347
19,449,26970,9,0,20.1755,20.1755,2.2417,1000.0,2.547877148437501,1.0,normal,741.8102
19,449,26985,3,0,7.6436,7.6436,2.5479,1000.0,2.547877148437501,1.0,normal,749.4538
19,450,27000,4,0,8.408,8.408,2.102,1000.0,2.1019986474609387,1.0,normal,757.8618
19,450,27015,3,0,6.306,6.306,2.102,1000.0,2.1019986474609387,1.0,normal,764.1678
19,450,27030,3,1,6.306,6.306,2.102,1000.0,2.1019986474609387,1.0,normal,770.4738
19,450,27045,6,0,1.4443,1.4443,0.2407,1000.0,2.1019986474609387,1.0,normal,771.9181
19,451,27060,2,0,0.8893,0.8893,0.4447,1000.0,1.965368735375978,1.0,normal,772.8074
19,451,27075,3,0,0.2659,0.2659,0.0886,1000.0,1.965368735375978,1.0,normal,773.0733
19,451,27090,3,0,5.8585,5.8585,1.9528,1000.0,1.965368735375978,1.0,normal,778.9318
19,451,27105,4,0,6.1072,6.1072,1.5268,1000.0,1.965368735375978,1.0,normal,785.039
19,452,27120,3,0,5.5129,5.5129,1.8376,1000.0,1.8376197675765396,1.0,normal,790.5519
19,452,27135,8,1,7.3799,7.3799,0.9225,1000.0,1.8376197675765396,1.0,normal,797.9318
19,452,27150,3,0,0.523,0.523,0.1743,1000.0,1.8376197675765396,1.0,normal,798.4548
19,452,27165,4,0,0.8005,0.8005,0.2001,1000.0,1.8376197675765396,1.0,normal,799.2553
19,453,27180,2,0,0.2009,0.2009,0.1004,1000.0,1.7181744826840646,1.0,normal,799.4562
19,453,27195,10,0,17.1817,17.1817,1.7182,1000.0,1.7181744826840646,1.0,normal,816.6379
19,453,27210,4,0,0.5776,0.5776,0.1444,1000.0,1.7181744826840646,1.0,normal,817.2155
19,453,27225,2,0,3.4363,3.4363,1.7182,1000.0,1.7181744826840646,1.0,normal,820.6518
19,454,27240,6,0,8.1693,8.1693,1.3616,1000.0,1.6064931413096004,1.0,normal,828.8211
19,454,27255,6,1,0.3224,0.3224,0.0537,1000.0,1.6064931413096004,1.0,normal,829.1435
19,454,27270,4,0,5.3572,5.3572,1.3393,1000.0,1.6064931413096004,1.0,normal,834.5007
19,454,27285,8,0,3.7602,3.7602,0.47,1000.0,1.6064931413096004,1.0,normal,838.2609
19,455,27300,3,0,5.0364,5.0364,1.6788,1000.0,1.6787853326685325,1.0,normal,843.2973
19,455,27315,3,0,5.0364,5.0364,1.6788,1000.0,1.6787853326685325,1.0,normal,848.3337
19,455,27330,4,0,6.7151,6.7151,1.6788,1000.0,1.6787853326685325,1.0,normal,855.0488
19,455,27345,5,0,8.3939,8.3939,1.6788,1000.0,1.6787853326685325,1.0,normal,863.4427
20,456,27360,3,0,2.7115,2.7115,0.9038,1000.0,1.5948460660351058,1.0,normal,2.7115
20,456,27375,1,0,1.5948,1.5948,1.5948,1000.0,1.5948460660351058,1.0,normal,4.3063
20,456,27390,4,0,6.3794,6.3794,1.5948,1000.0,1.5948460660351058,1.0,normal,10.6857
20,456,27405,3,1,4.7845,4.7845,1.5948,1000.0,1.5948460660351058,1.0,normal,15.4702
20,457,27420,9,0,14.3536,14.3536,1.5948,1000.0,1.5948460660351058,1.0,normal,29.8238
20,457,27435,3,0,4.7845,4.7845,1.5948,1000.0,1.5948460660351058,1.0,normal,34.6083
20,457,27450,7,0,1.7888,1.7888,0.2555,1000.0,1.5948460660351058,1.0,normal,36.3971
20,457,27465,5,0,1.3966,1.3966,0.2793,1000.0,1.5948460660351058,1.0,normal,37.7937
20,458,27480,5,0,3.6695,3.6695,0.7339,1000.0,1.5151037627333503,1.0,normal,41.4632
20,458,27495,2,0,3.0302,3.0302,1.5151,1000.0,1.5151037627333503,1.0,normal,44.4934
20,458,27510,4,0,4.7834,4.7834,1.1959,1000.0,1.5151037627333503,1.0,normal,49.2768
20,458,27525,3,0,2.3302,2.3302,0.7767,1000.0,1.5151037627333503,1.0,normal,51.607
20,459,27540,6,0,8.6361,8.6361,1.4393,1000.0,1.4393485745966828,1.0,normal,60.2431
20,459,27555,3,0,4.318,4.318,1.4393,1000.0,1.4393485745966828,1.0,normal,64.5611
20,459,27570,2,0,0.1588,0.1588,0.0794,1000.0,1.4393485745966828,1.0,normal,64.7199
20,459,27585,2,0,2.8787,2.8787,1.4393,1000.0,1.4393485745966828,1.0,normal,67.5986
20,460,27600,5,0,6.8369,6.8369,1.3674,1000.0,1.3673811458668486,1.0,normal,74.4355
20,460,27615,3,0,4.1021,4.1021,1.3674,1000.0,1.3673811458668486,1.0,normal,78.5376
20,460,27630,0,0,0.0,0.0,1.3674,1000.0,1.3673811458668486,1.0,normal,78.5376
20,460,27645,1,0,0.2813,0.2813,0.2813,1000.0,1.3673811458668486,1.0,normal,78.8189
20,461,27660,4,0,4.8254,4.8254,1.2063,1000.0,1.2990120885735061,1.0,normal,83.6443
20,461,27675,1,0,0.4363,0.4363,0.4363,1000.0,1.2990120885735061,1.0,normal,84.0806
20,461,27690,4,0,5.196,5.196,1.299,1000.0,1.2990120885735061,1.0,normal,89.2766
20,461,27705,5,0,6.4951,6.4951,1.299,1000.0,1.2990120885735061,1.0,normal,95.7717
20,462,27720,4,0,2.2438,2.2438,0.5609,1000.0,1.2340614841448307,1.0,normal,98.0155
20,462,27735,4,1,4.9362,4.9362,1.2341,1000.0,1.2340614841448307,1.0,normal,102.9517
20,462,27750,0,0,0.0,0.0,0.0497,1000.0,1.2340614841448307,1.0,normal,102.9517
20,462,27765,2,0,2.4681,2.4681,1.2341,1000.0,1.2340614841448307,1.0,normal,105.4198
20,463,27780,1,0,1.1724,1.1724,1.1724,1000.0,1.1723584099375892,1.0,normal,106.5922
20,463,27795,0,0,0.0,0.0,0.1406,1000.0,1.1723584099375892,1.0,normal,106.5922
20,463,27810,3,0,3.5171,3.5171,1.1724,1000.0,1.1723584099375892,1.0,normal,110.1093
20,463,27825,2,0,0.6053,0.6053,0.3026,1000.0,1.1723584099375892,1.0,normal,110.7146
20,464,27840,6,1,6.6824,6.6824,1.1137,1000.0,1.1137404894407097,1.0,normal,117.397
20,464,27855,3,0,2.5154,2.5154,0.8385,1000.0,1.1137404894407097,1.0,normal,119.9124
20,464,27870,3,0,3.3412,3.3412,1.1137,1000.0,1.1137404894407097,1.0,normal,123.2536
20,464,27885,2,1,2.2275,2.2275,1.1137,1000.0,1.1137404894407097,1.0,normal,125.4811
20,465,27900,6,0,1.8446,1.8446,0.3074,1000.0,1.1137404894407097,1.0,normal,127.3257
20,465,27915,2,0,2.2275,2.2275,1.1137,1000.0,1.1137404894407097,1.0,normal,129.5532
20,465,27930,1,0,0.5458,0.5458,0.5458,1000.0,1.1137404894407097,1.0,normal,130.099
20,465,27945,3,1,3.3412,3.3412,1.1137,1000.0,1.1137404894407097,1.0,normal,133.4402
20,466,27960,6,0,6.6824,6.6824,1.1137,1000.0,1.1137404894407097,1.0,normal,140.1226
20,466,27975,3,0,2.6247,2.6247,0.8749,1000.0,1.1137404894407097,1.0,normal,142.7473
20,466,27990,5,0,5.5687,5.5687,1.1137,1000.0,1.1137404894407097,1.0,normal,148.316
20,466,28005,5,0,5.5687,5.5687,1.1137,1000.0,1.1137404894407097,1.0,normal,153.8847
20,467,28020,4,0,4.455,4.455,1.1137,1000.0,1.1137404894407097,1.0,normal,158.3397
20,467,28035,5,1,5.5687,5.5687,1.1137,1000.0,1.1137404894407097,1.0,normal,163.9084
20,467,28050,5,0,1.7009,1.7009,0.3402,1000.0,1.1137404894407097,1.0,normal,165.6093
20,467,28065,3,0,3.3412,3.3412,1.1137,1000.0,1.1137404894407097,1.0,normal,168.9505
20,468,28080,2,0,0.0396,0.0396,0.0198,1000.0,1.1137404894407097,1.3,normal,168.9901
20,468,28095,1,0,1.1137,1.1137,1.1137,1000.0,1.1137404894407097,1.3,normal,170.1038
20,468,28110,5,0,5.5687,5.5687,1.1137,1000.0,1.1137404894407097,1.3,normal,175.6725
20,468,28125,2,0,0.8869,0.8869,0.4434,1000.0,1.1137404894407097,1.3,normal,176.5594
20,469,28140,4,0,4.455,4.455,1.1137,1000.0,1.1137404894407097,1.3,normal,181.0144
20,469,28155,1,0,1.1137,1.1137,1.1137,1000.0,1.1137404894407097,1.3,normal,182.1281
20,469,28170,3,0,3.3412,3.3412,1.1137,1000.0,1.1137404894407097,1.3,normal,185.4693
20,469,28185,2,0,0.8957,0.8957,0.4479,1000.0,1.1137404894407097,1.3,normal,186.365
20,470,28200,9,0,12.1286,12.1286,1.3476,1000.0,1.347625992223259,1.3,normal,198.4936
20,470,28215,3,0,4.0429,4.0429,1.3476,1000.0,1.347625992223259,1.3,normal,202.5365
20,470,28230,1,0,1.3476,1.3476,1.3476,1000.0,1.347625992223259,1.3,normal,203.8841
20,470,28245,3,0,4.0429,4.0429,1.3476,1000.0,1.347625992223259,1.3,normal,207.927
20,471,28260,3,0,4.8919,4.8919,1.6306,1000.0,1.6306274505901437,1.3,normal,212.8189
20,471,28275,6,0,2.5004,2.5004,0.4167,1000.0,1.6306274505901437,1.3,normal,215.3193
20,471,28290,3,0,0.9454,0.9454,0.3151,1000.0,1.6306274505901437,1.3,normal,216.2647
20,471,28305,7,0,11.4144,11.4144,1.6306,1000.0,1.6306274505901437,1.3,normal,227.6791
20,472,28320,4,0,5.7042,5.7042,1.426,1000.0,1.9730592152140742,1.3,normal,233.3833
20,472,28335,5,0,9.7896,9.7896,1.9579,1000.0,1.9730592152140742,1.3,normal,243.1729
20,472,28350,6,0,11.8384,11.8384,1.9731,1000.0,1.9730592152140742,1.3,normal,255.0113
20,472,28365,5,0,9.8653,9.8653,1.9731,1000.0,1.9730592152140742,1.3,normal,264.8766
20,473,28380,7,0,16.7118,16.7118,2.3874,1000.0,2.3874016504090303,1.3,normal,281.5884
20,473,28395,9,0,7.1108,7.1108,0.7901,1000.0,2.3874016504090303,1.3,normal,288.6992
20,473,28410,9,0,4.4834,4.4834,0.4982,1000.0,2.3874016504090303,1.3,normal,293.1826
20,473,28425,8,0,19.0992,19.0992,2.3874,1000.0,2.3874016504090303,1.3,normal,312.2818
20,474,28440,7,0,13.8076,13.8076,1.9725,1000.0,2.888755996994927,1.3,normal,326.0894
20,474,28455,3,0,8.6663,8.6663,2.8888,1000.0,2.888755996994927,1.3,normal,334.7557
20,474,28470,7,0,13.7315,13.7315,1.9616,1000.0,2.888755996994927,1.3,normal,348.4872
20,474,28485,6,1,16.4739,16.4739,2.7456,1000.0,2.888755996994927,1.3,normal,364.9611
20,475,28500,5,0,5.4808,5.4808,1.0962,1000.0,3.495394756363862,1.3,normal,370.4419
20,475,28515,13,0,18.6258,18.6258,1.4328,1000.0,3.495394756363862,1.3,normal,389.0677
20,475,28530,8,0,27.9632,27.9632,3.4954,1000.0,3.495394756363862,1.3,normal,417.0309
20,475,28545,8,1,14.2197,14.2197,1.7775,1000.0,3.495394756363862,1.3,normal,431.2506
20,476,28560,14,0,34.2629,34.2629,2.4473,1000.0,4.229427655200273,1.3,normal,465.5135
20,476,28575,11,1,2.4186,2.4186,0.2199,1000.0,4.229427655200273,1.3,normal,467.9321
20,476,28590,15,0,51.4043,51.4043,3.427,1000.0,4.229427655200273,1.3,normal,519.3364
20,476,28605,18,0,9.4627,9.4627,0.5257,1000.0,4.229427655200273,1.3,normal,528.7991
20,477,28620,13,1,49.2322,49.2322,3.7871,1000.0,5.117607462792331,1.3,normal,578.0313
20,477,28635,11,2,56.2937,28.1468,5.1176,1000.0,5.117607462792331,1.3,normal,634.325
20,477,28650,12,0,61.4113,61.4113,5.1176,1000.0,5.117607462792331,1.3,normal,695.7363
20,477,28665,12,0,18.0306,18.0306,1.5026,1000.0,5.117607462792331,1.3,normal,713.7669
20,478,28680,18,1,5.9003,5.9003,0.3278,1000.0,6.192305029978722,1.3,normal,719.6672
20,478,28695,13,1,11.2543,11.2543,0.8657,1000.0,6.192305029978722,1.3,normal,730.9215
20,478,28710,20,1,45.4814,45.4814,2.2741,1000.0,6.192305029978722,1.3,normal,776.4029
20,478,28725,16,1,27.0886,27.0886,1.693,1000.0,6.192305029978722,1.3,normal,803.4915
20,479,28740,14,0,29.7322,29.7322,2.1237,1000.0,7.492689086274255,1.3,normal,833.2237
20,479,28755,18,0,61.3074,61.3074,3.406,1000.0,7.492689086274255,1.3,normal,894.5311
20,479,28770,17,0,45.4314,45.4314,2.6724,1000.0,7.492689086274255,1.3,budget_constrained,939.9625
20,479,28785,26,1,58.2603,58.2603,2.2408,1000.0,7.492689086274255,1.3,budget_constrained,998.2228
21,480,28800,1,0,1.7772,1.7772,0.9237,1000.0,8.24195799490168,1.3,normal,1.7772
21,480,28815,17,0,14.0148,14.0148,0.8244,1000.0,8.24195799490168,1.3,normal,15.792
21,480,28830,21,0,47.1671,47.1671,2.2461,1000.0,8.24195799490168,1.3,normal,62.9591
21,480,28845,22,0,103.5686,103.5686,4.7077,1000.0,8.24195799490168,1.3,normal,166.5277
21,481,28860,18,0,82.0276,82.0276,4.5571,1000.0,7.4177621954115125,1.3,normal,248.5553
21,481,28875,13,0,75.217,75.217,5.7859,1000.0,7.4177621954115125,1.3,normal,323.7723
21,481,28890,17,0,30.8157,30.8157,1.8127,1000.0,7.4177621954115125,1.3,normal,354.588
21,481,28905,17,1,91.8637,91.8637,5.4037,1000.0,7.4177621954115125,1.3,normal,446.4517
21,482,28920,19,1,78.2557,78.2557,4.1187,1000.0,6.3421866770768425,1.3,normal,524.7074
21,482,28935,17,1,22.3458,22.3458,1.3145,1000.0,6.3421866770768425,1.3,normal,547.0532
21,482,28950,16,2,31.2186,15.6093,1.9512,1000.0,6.3421866770768425,1.3,normal,578.2718
21,482,28965,25,0,153.4544,153.4544,6.1382,1000.0,6.3421866770768425,1.3,normal,731.7262
21,483,28980,13,1,7.3825,7.3825,0.5679,1000.0,5.707968009369158,1.3,normal,739.1087
21,483,28995,15,0,34.4081,34.4081,2.2939,1000.0,5.707968009369158,1.3,normal,773.5168
21,483,29010,16,1,90.3302,90.3302,5.6456,1000.0,5.707968009369158,1.3,normal,863.847
21,483,29025,15,1,8.6072,8.6072,0.5738,1000.0,5.707968009369158,1.3,normal,872.4542
21,484,29040,13,0,50.3788,50.3788,3.8753,1000.0,5.1371712084322425,1.3,budget_constrained,922.833
21,484,29055,7,1,29.6202,29.6202,4.2315,1000.0,5.1371712084322425,1.3,budget_constrained,952.4532
21,484,29070,10,0,36.8293,36.8293,3.6829,1000.0,5.1371712084322425,1.3,budget_constrained,989.2825
21,484,29085,15,0,9.6888,9.6888,0.6459,1000.0,5.1371712084322425,1.3,budget_constrained,998.9713
21,485,29100,0,0,1.0287,1.0287,1.3852,1000.0,4.623454087589018,1.3,budget_depleted,1000.0
21,485,29115,0,0,0.0,0.0,0.0,1000.0,4.623454087589018,1.3,budget_depleted,1000.0
21,485,29130,0,0,0.0,0.0,0.0,1000.0,4.623454087589018,1.3,budget_depleted,1000.0
21,485,29145,0,0,0.0,0.0,0.0,1000.0,4.623454087589018,1.3,budget_depleted,1000.0
21,486,29160,0,0,0.0,0.0,0.0,1000.0,4.161108678830117,1.3,budget_depleted,1000.0
21,486,29175,0,0,0.0,0.0,0.0,1000.0,4.161108678830117,1.3,budget_depleted,1000.0
21,486,29190,0,0,0.0,0.0,0.0,1000.0,4.161108678830117,1.3,budget_depleted,1000.0
21,486,29205,0,0,0.0,0.0,0.0,1000.0,4.161108678830117,1.3,budget_depleted,1000.0
21,487,29220,0,0,0.0,0.0,0.0,1000.0,3.7449978109471056,1.3,budget_depleted,1000.0
21,487,29235,0,0,0.0,0.0,0.0,1000.0,3.7449978109471056,1.3,budget_depleted,1000.0
21,487,29250,0,0,0.0,0.0,0.0,1000.0,3.7449978109471056,1.3,budget_depleted,1000.0
21,487,29265,0,0,0.0,0.0,0.0,1000.0,3.7449978109471056,1.3,budget_depleted,1000.0
21,488,29280,0,0,0.0,0.0,0.0,1000.0,3.370498029852395,1.3,budget_depleted,1000.0
21,488,29295,0,0,0.0,0.0,0.0,1000.0,3.370498029852395,1.3,budget_depleted,1000.0
21,488,29310,0,0,0.0,0.0,0.0,1000.0,3.370498029852395,1.3,budget_depleted,1000.0
21,488,29325,0,0,0.0,0.0,0.0,1000.0,3.370498029852395,1.3,budget_depleted,1000.0
21,489,29340,0,0,0.0,0.0,0.0,1000.0,2.8817758155237976,1.3,budget_depleted,1000.0
21,489,29355,0,0,0.0,0.0,0.0,1000.0,2.8817758155237976,1.3,budget_depleted,1000.0
21,489,29370,0,0,0.0,0.0,0.0,1000.0,2.8817758155237976,1.3,budget_depleted,1000.0
21,489,29385,0,0,0.0,0.0,0.0,1000.0,2.8817758155237976,1.3,budget_depleted,1000.0
21,490,29400,0,0,0.0,0.0,0.0,1000.0,2.204558498875705,1.3,budget_depleted,1000.0
21,490,29415,0,0,0.0,0.0,0.0,1000.0,2.204558498875705,1.3,budget_depleted,1000.0
21,490,29430,0,0,0.0,0.0,0.0,1000.0,2.204558498875705,1.3,budget_depleted,1000.0
21,490,29445,0,0,0.0,0.0,0.0,1000.0,2.204558498875705,1.3,budget_depleted,1000.0
21,491,29460,0,0,0.0,0.0,0.0,1000.0,1.884897516538728,1.3,budget_depleted,1000.0
21,491,29475,0,0,0.0,0.0,0.0,1000.0,1.884897516538728,1.3,budget_depleted,1000.0
21,491,29490,0,0,0.0,0.0,0.0,1000.0,1.884897516538728,1.3,budget_depleted,1000.0
21,491,29505,0,0,0.0,0.0,0.0,1000.0,1.884897516538728,1.3,budget_depleted,1000.0
21,492,29520,0,0,0.0,0.0,0.0,1000.0,1.4419466001521268,1.3,budget_depleted,1000.0
21,492,29535,0,0,0.0,0.0,0.0,1000.0,1.4419466001521268,1.3,budget_depleted,1000.0
21,492,29550,0,0,0.0,0.0,0.0,1000.0,1.4419466001521268,1.3,budget_depleted,1000.0
21,492,29565,0,0,0.0,0.0,0.0,1000.0,1.4419466001521268,1.3,budget_depleted,1000.0
21,493,29580,0,0,0.0,0.0,0.0,1000.0,1.103089149116377,1.3,budget_depleted,1000.0
21,493,29595,0,0,0.0,0.0,0.0,1000.0,1.103089149116377,1.3,budget_depleted,1000.0
21,493,29610,0,0,0.0,0.0,0.0,1000.0,1.103089149116377,1.3,budget_depleted,1000.0
21,493,29625,0,0,0.0,0.0,0.0,1000.0,1.103089149116377,1.3,budget_depleted,1000.0
21,494,29640,0,0,0.0,0.0,0.0,1000.0,0.8438631990740284,1.3,budget_depleted,1000.0
21,494,29655,0,0,0.0,0.0,0.0,1000.0,0.8438631990740284,1.3,budget_depleted,1000.0
21,494,29670,0,0,0.0,0.0,0.0,1000.0,0.8438631990740284,1.3,budget_depleted,1000.0
21,494,29685,0,0,0.0,0.0,0.0,1000.0,0.8438631990740284,1.3,budget_depleted,1000.0
21,495,29700,0,0,0.0,0.0,0.0,1000.0,0.6455553472916317,1.3,budget_depleted,1000.0
21,495,29715,0,0,0.0,0.0,0.0,1000.0,0.6455553472916317,1.3,budget_depleted,1000.0
21,495,29730,0,0,0.0,0.0,0.0,1000.0,0.6455553472916317,1.3,budget_depleted,1000.0
21,495,29745,0,0,0.0,0.0,0.0,1000.0,0.6455553472916317,1.3,budget_depleted,1000.0
21,496,29760,0,0,0.0,0.0,0.0,1000.0,0.5,1.3,budget_depleted,1000.0
21,496,29775,0,0,0.0,0.0,0.0,1000.0,0.5,1.3,budget_depleted,1000.0
21,496,29790,0,0,0.0,0.0,0.0,1000.0,0.5,1.3,budget_depleted,1000.0
21,496,29805,0,0,0.0,0.0,0.0,1000.0,0.5,1.3,budget_depleted,1000.0
21,497,29820,0,0,0.0,0.0,0.0,1000.0,0.5,1.3,budget_depleted,1000.0
21,497,29835,0,0,0.0,0.0,0.0,1000.0,0.5,1.3,budget_depleted,1000.0
21,497,29850,0,0,0.0,0.0,0.0,1000.0,0.5,1.3,budget_depleted,1000.0
21,497,29865,0,0,0.0,0.0,0.0,1000.0,0.5,1.3,budget_depleted,1000.0
21,498,29880,0,0,0.0,0.0,0.0,1000.0,0.5,1.3,budget_depleted,1000.0
21,498,29895,0,0,0.0,0.0,0.0,1000.0,0.5,1.3,budget_depleted,1000.0
21,498,29910,0,0,0.0,0.0,0.0,1000.0,0.5,1.3,budget_depleted,1000.0
21,498,29925,0,0,0.0,0.0,0.0,1000.0,0.5,1.3,budget_depleted,1000.0
21,499,29940,0,0,0.0,0.0,0.0,1000.0,0.5,1.3,budget_depleted,1000.0
21,499,29955,0,0,0.0,0.0,0.0,1000.0,0.5,1.3,budget_depleted,1000.0
21,499,29970,0,0,0.0,0.0,0.0,1000.0,0.5,1.3,budget_depleted,1000.0
21,499,29985,0,0,0.0,0.0,0.0,1000.0,0.5,1.3,budget_depleted,1000.0
21,500,30000,0,0,0.0,0.0,0.0,1000.0,0.5,1.3,budget_depleted,1000.0
21,500,30015,0,0,0.0,0.0,0.0,1000.0,0.5,1.3,budget_depleted,1000.0
21,500,30030,0,0,0.0,0.0,0.0,1000.0,0.5,1.3,budget_depleted,1000.0
21,500,30045,0,0,0.0,0.0,0.0,1000.0,0.5,1.3,budget_depleted,1000.0
21,501,30060,0,0,0.0,0.0,0.0,1000.0,0.5,1.3,budget_depleted,1000.0
21,501,30075,0,0,0.0,0.0,0.0,1000.0,0.5,1.3,budget_depleted,1000.0
21,501,30090,0,0,0.0,0.0,0.0,1000.0,0.5,1.3,budget_depleted,1000.0
21,501,30105,0,0,0.0,0.0,0.0,1000.0,0.5,1.3,budget_depleted,1000.0
21,502,30120,0,0,0.0,0.0,0.0,1000.0,0.5,1.3,budget_depleted,1000.0
21,502,30135,0,0,0.0,0.0,0.0,1000.0,0.5,1.3,budget_depleted,1000.0
21,502,30150,0,0,0.0,0.0,0.0,1000.0,0.5,1.3,budget_depleted,1000.0
21,502,30165,0,0,0.0,0.0,0.0,1000.0,0.5,1.3,budget_depleted,1000.0
21,503,30180,0,0,0.0,0.0,0.0,1000.0,0.5,1.3,budget_depleted,1000.0
21,503,30195,0,0,0.0,0.0,0.0,1000.0,0.5,1.3,budget_depleted,1000.0
21,503,30210,0,0,0.0,0.0,0.0,1000.0,0.5,1.3,budget_depleted,1000.0
21,503,30225,0,0,0.0,0.0,0.0,1000.0,0.5,1.3,budget_depleted,1000.0
22,504,30240,0,0,0.0,0.0,0.0,1000.0,0.5,1.3,normal,0.0
22,504,30255,1,0,0.5,0.5,0.5,1000.0,0.5,1.3,normal,0.5
22,504,30270,0,0,0.0,0.0,0.5,1000.0,0.5,1.3,normal,0.5
22,504,30285,2,0,0.6571,0.6571,0.3286,1000.0,0.5,1.3,normal,1.1571
22,505,30300,0,0,0.0,0.0,0.5,1000.0,0.5,1.3,normal,1.1571
22,505,30315,2,0,1.0,1.0,0.5,1000.0,0.5,1.3,normal,2.1571
22,505,30330,2,0,1.0,1.0,0.5,1000.0,0.5,1.3,normal,3.1571
22,505,30345,1,0,0.5,0.5,0.5,1000.0,0.5,1.3,normal,3.6571
22,506,30360,0,0,0.0,0.0,0.4804,1000.0,0.55,1.3,normal,3.6571
22,506,30375,2,0,1.1,1.1,0.55,1000.0,0.55,1.3,normal,4.7571
22,506,30390,2,0,1.1,1.1,0.55,1000.0,0.55,1.3,normal,5.8571
22,506,30405,3,0,1.5506,1.5506,0.5169,1000.0,0.55,1.3,normal,7.4077
22,507,30420,1,0,0.605,0.605,0.605,1000.0,0.6050000000000001,1.3,normal,8.0127
22,507,30435,3,0,1.815,1.815,0.605,1000.0,0.6050000000000001,1.3,normal,9.8277
22,507,30450,0,0,0.0,0.0,0.605,1000.0,0.6050000000000001,1.3,normal,9.8277
22,507,30465,0,0,0.0,0.0,0.605,1000.0,0.6050000000000001,1.3,normal,9.8277
22,508,30480,0,0,0.0,0.0,0.0064,1000.0,0.5,1.3,normal,9.8277
22,508,30495,0,0,0.0,0.0,0.5,1000.0,0.5,1.3,normal,9.8277
22,508,30510,3,0,1.5,1.5,0.5,1000.0,0.5,1.3,normal,11.3277
22,508,30525,3,0,1.5,1.5,0.5,1000.0,0.5,1.3,normal,12.8277
22,509,30540,0,0,0.0,0.0,0.2384,1000.0,0.55,1.3,normal,12.8277
22,509,30555,0,0,0.0,0.0,0.55,1000.0,0.55,1.3,normal,12.8277
22,509,30570,0,0,0.0,0.0,0.55,1000.0,0.55,1.3,normal,12.8277
22,509,30585,2,0,1.0289,1.0289,0.5145,1000.0,0.55,1.3,normal,13.8566
22,510,30600,1,0,0.605,0.605,0.605,1000.0,0.6050000000000001,1.3,normal,14.4616
22,510,30615,0,0,0.0,0.0,0.605,1000.0,0.6050000000000001,1.3,normal,14.4616
22,510,30630,1,0,0.605,0.605,0.605,1000.0,0.6050000000000001,1.3,normal,15.0666
22,510,30645,1,0,0.605,0.605,0.605,1000.0,0.6050000000000001,1.3,normal,15.6716
22,511,30660,1,0,0.6655,0.6655,0.6655,1000.0,0.6655000000000002,1.3,normal,16.3371
22,511,30675,2,0,1.331,1.331,0.6655,1000.0,0.6655000000000002,1.3,normal,17.6681
22,511,30690,2,0,1.331,1.331,0.6655,1000.0,0.6655000000000002,1.3,normal,18.9991
22,511,30705,1,0,0.6655,0.6655,0.6655,1000.0,0.6655000000000002,1.3,normal,19.6646
22,512,30720,4,0,1.4807,1.4807,0.3702,1000.0,0.7320500000000003,1.3,normal,21.1453
22,512,30735,2,0,1.4641,1.4641,0.7321,1000.0,0.7320500000000003,1.3,normal,22.6094
22,512,30750,1,0,0.7321,0.7321,0.7321,1000.0,0.7320500000000003,1.3,normal,23.3415
22,512,30765,3,0,2.1962,2.1962,0.7321,1000.0,0.7320500000000003,1.3,normal,25.5377
22,513,30780,1,0,0.8053,0.8053,0.8053,1000.0,0.8052550000000004,1.3,normal,26.343
22,513,30795,1,0,0.8053,0.8053,0.8053,1000.0,0.8052550000000004,1.3,normal,27.1483
22,513,30810,3,0,2.4158,2.4158,0.8053,1000.0,0.8052550000000004,1.3,normal,29.5641
22,513,30825,4,0,3.221,3.221,0.8053,1000.0,0.8052550000000004,1.3,normal,32.7851
22,514,30840,0,0,0.0,0.0,0.8858,1000.0,0.8857805000000005,1.3,normal,32.7851
22,514,30855,0,0,0.0,0.0,0.0512,1000.0,0.8857805000000005,1.3,normal,32.7851
22,514,30870,3,0,2.6573,2.6573,0.8858,1000.0,0.8857805000000005,1.3,normal,35.4424
22,514,30885,1,0,0.8858,0.8858,0.8858,1000.0,0.8857805000000005,1.3,normal,36.3282
22,515,30900,0,0,0.0,0.0,0.7939,1000.0,0.9743585500000007,1.3,normal,36.3282
22,515,30915,1,0,0.9744,0.9744,0.9744,1000.0,0.9743585500000007,1.3,normal,37.3026
22,515,30930,1,0,0.9219,0.9219,0.9219,1000.0,0.9743585500000007,1.3,normal,38.2245
22,515,30945,4,0,3.8974,3.8974,0.9744,1000.0,0.9743585500000007,1.3,normal,42.1219
22,516,30960,16,0,63.1642,63.1642,3.9478,1000.0,5.0,1.3,normal,105.2861
22,516,30975,8,1,22.4003,22.4003,2.8,1000.0,5.0,1.3,normal,127.6864
22,516,30990,11,1,48.2131,48.2131,4.383,1000.0,5.0,1.3,normal,175.8995
22,516,31005,15,1,70.9346,70.9346,4.729,1000.0,5.0,1.3,normal,246.8341
22,517,31020,10,0,33.8315,33.8315,3.3831,1000.0,5.225,1.3,normal,280.6656
22,517,31035,7,0,18.5452,18.5452,2.6493,1000.0,5.225,1.3,normal,299.2108
22,517,31050,11,0,57.475,57.475,5.225,1000.0,5.225,1.3,normal,356.6858
22,517,31065,12,0,40.634,40.634,3.3862,1000.0,5.225,1.3,normal,397.3198
22,518,31080,14,0,60.3487,60.3487,4.3106,1000.0,4.310625,1.3,normal,457.6685
22,518,31095,7,0,30.1744,30.1744,4.3106,1000.0,4.310625,1.3,normal,487.8429
22,518,31110,16,1,56.3471,56.3471,3.5217,1000.0,4.310625,1.3,normal,544.19
22,518,31125,9,0,19.2432,19.2432,2.1381,1000.0,4.310625,1.3,normal,563.4332
22,519,31140,17,0,20.7677,20.7677,1.2216,1000.0,3.556265625,1.3,normal,584.2009
22,519,31155,5,0,17.7813,17.7813,3.5563,1000.0,3.556265625,1.3,normal,601.9822
22,519,31170,7,1,17.287,17.287,2.4696,1000.0,3.556265625,1.3,normal,619.2692
22,519,31185,12,0,42.6752,42.6752,3.5563,1000.0,3.556265625,1.3,normal,661.9444
22,520,31200,9,1,26.4053,26.4053,2.9339,1000.0,2.933919140625,1.3,normal,688.3497
22,520,31215,8,0,23.4714,23.4714,2.9339,1000.0,2.933919140625,1.3,normal,711.8211
22,520,31230,11,2,22.8808,11.4404,2.0801,1000.0,2.933919140625,1.3,normal,734.7019
22,520,31245,4,0,10.4373,10.4373,2.6093,1000.0,2.933919140625,1.3,normal,745.1392
22,521,31260,6,0,3.9717,3.9717,0.6619,1000.0,2.743214396484375,1.3,normal,749.1109
22,521,31275,7,0,6.0549,6.0549,0.865,1000.0,2.743214396484375,1.3,normal,755.1658
22,521,31290,8,1,21.9457,21.9457,2.7432,1000.0,2.743214396484375,1.3,normal,777.1115
22,521,31305,4,0,5.2645,5.2645,1.3161,1000.0,2.743214396484375,1.3,normal,782.376
22,522,31320,12,1,13.7557,13.7557,1.1463,1000.0,2.866659044326172,1.3,normal,796.1317
22,522,31335,7,0,5.4374,5.4374,0.7768,1000.0,2.866659044326172,1.3,normal,801.5691
22,522,31350,4,0,2.7053,2.7053,0.6763,1000.0,2.866659044326172,1.3,normal,804.2744
22,522,31365,5,0,13.0561,13.0561,2.6112,1000.0,2.866659044326172,1.3,normal,817.3305
22,523,31380,12,0,6.0892,6.0892,0.5074,1000.0,2.9956587013208495,1.3,normal,823.4197
22,523,31395,14,0,29.3789,29.3789,2.0985,1000.0,2.9956587013208495,1.3,normal,852.7986
22,523,31410,9,0,4.6424,4.6424,0.5158,1000.0,2.9956587013208495,1.3,normal,857.441
22,523,31425,5,0,4.6174,4.6174,0.9235,1000.0,2.9956587013208495,1.3,normal,862.0584
22,524,31440,7,1,17.0685,17.0685,2.4384,1000.0,2.845875766254807,1.3,normal,879.1269
22,524,31455,11,0,8.7211,8.7211,0.7928,1000.0,2.845875766254807,1.3,normal,887.848
22,524,31470,9,0,10.9407,10.9407,1.2156,1000.0,2.845875766254807,1.3,normal,898.7887
22,524,31485,15,1,42.6881,42.6881,2.8459,1000.0,2.845875766254807,1.3,budget_constrained,941.4768
22,525,31500,11,0,30.2294,30.2294,2.7481,1000.0,2.845875766254807,1.3,budget_constrained,971.7062
22,525,31515,7,2,19.9211,9.9606,2.8459,1000.0,2.845875766254807,1.3,budget_constrained,991.6273
22,525,31530,2,0,8.3727,8.3727,2.8459,1000.0,2.845875766254807,1.3,budget_depleted,1000.0
22,525,31545,0,0,0.0,0.0,0.0,1000.0,2.845875766254807,1.3,budget_depleted,1000.0
22,526,31560,0,0,0.0,0.0,0.0,1000.0,2.845875766254807,1.3,budget_depleted,1000.0
22,526,31575,0,0,0.0,0.0,0.0,1000.0,2.845875766254807,1.3,budget_depleted,1000.0
22,526,31590,0,0,0.0,0.0,0.0,1000.0,2.845875766254807,1.3,budget_depleted,1000.0
22,526,31605,0,0,0.0,0.0,0.0,1000.0,2.845875766254807,1.3,budget_depleted,1000.0
22,527,31620,0,0,0.0,0.0,0.0,1000.0,2.845875766254807,1.3,budget_depleted,1000.0
22,527,31635,0,0,0.0,0.0,0.0,1000.0,2.845875766254807,1.3,budget_depleted,1000.0
22,527,31650,0,0,0.0,0.0,0.0,1000.0,2.845875766254807,1.3,budget_depleted,1000.0
22,527,31665,0,0,0.0,0.0,0.0,1000.0,2.845875766254807,1.3,budget_depleted,1000.0
23,528,31680,0,0,0.0,0.0,0.0,1000.0,2.845875766254807,1.3,normal,0.0
23,528,31695,7,0,19.9211,19.9211,2.8459,1000.0,2.845875766254807,1.3,normal,19.9211
23,528,31710,6,1,1.0114,1.0114,0.1686,1000.0,2.845875766254807,1.3,normal,20.9325
23,528,31725,9,0,25.6129,25.6129,2.8459,1000.0,2.845875766254807,1.3,normal,46.5454
23,529,31740,6,0,17.0753,17.0753,2.8459,1000.0,2.845875766254807,1.3,normal,63.6207
23,529,31755,1,0,2.8459,2.8459,2.8459,1000.0,2.845875766254807,1.3,normal,66.4666
23,529,31770,7,0,10.3628,10.3628,1.4804,1000.0,2.845875766254807,1.3,normal,76.8294
23,529,31785,9,0,22.1852,22.1852,2.465,1000.0,2.845875766254807,1.3,normal,99.0146
23,530,31800,13,1,30.7227,30.7227,2.3633,1000.0,2.845875766254807,1.3,normal,129.7373
23,530,31815,6,1,12.8806,12.8806,2.1468,1000.0,2.845875766254807,1.3,normal,142.6179
23,530,31830,2,0,5.6918,5.6918,2.8459,1000.0,2.845875766254807,1.3,normal,148.3097
23,530,31845,7,0,19.4434,19.4434,2.7776,1000.0,2.845875766254807,1.3,normal,167.7531
23,531,31860,7,0,17.929,17.929,2.5613,1000.0,2.5612881896293263,1.3,normal,185.6821
23,531,31875,4,0,10.2452,10.2452,2.5613,1000.0,2.5612881896293263,1.3,normal,195.9273
23,531,31890,10,0,10.0806,10.0806,1.0081,1000.0,2.5612881896293263,1.3,normal,206.0079
23,531,31905,13,0,4.7229,4.7229,0.3633,1000.0,2.5612881896293263,1.3,normal,210.7308
23,532,31920,3,0,0.2497,0.2497,0.0832,1000.0,2.3051593706663938,1.3,normal,210.9805
23,532,31935,4,0,3.7696,3.7696,0.9424,1000.0,2.3051593706663938,1.3,normal,214.7501
23,532,31950,4,0,2.9926,2.9926,0.7482,1000.0,2.3051593706663938,1.3,normal,217.7427
23,532,31965,5,1,11.5258,11.5258,2.3052,1000.0,2.3051593706663938,1.3,normal,229.2685
23,533,31980,2,0,0.1844,0.1844,0.0922,1000.0,2.0746434335997543,1.3,normal,229.4529
23,533,31995,8,0,16.5971,16.5971,2.0746,1000.0,2.0746434335997543,1.3,normal,246.05
23,533,32010,6,0,12.4479,12.4479,2.0746,1000.0,2.0746434335997543,1.3,normal,258.4979
23,533,32025,3,0,3.5582,3.5582,1.1861,1000.0,2.0746434335997543,1.3,normal,262.0561
23,534,32040,3,0,2.3428,2.3428,0.7809,1000.0,1.867179090239779,1.3,normal,264.3989
23,534,32055,5,0,9.3359,9.3359,1.8672,1000.0,1.867179090239779,1.3,normal,273.7348
23,534,32070,7,0,1.0988,1.0988,0.157,1000.0,1.867179090239779,1.3,normal,274.8336
23,534,32085,2,0,3.4109,3.4109,1.7055,1000.0,1.867179090239779,1.3,normal,278.2445
23,535,32100,6,0,3.7161,3.7161,0.6193,1000.0,1.680461181215801,1.3,normal,281.9606
23,535,32115,4,0,5.8929,5.8929,1.4732,1000.0,1.680461181215801,1.3,normal,287.8535
23,535,32130,5,0,7.606,7.606,1.5212,1000.0,1.680461181215801,1.3,normal,295.4595
23,535,32145,4,0,6.7218,6.7218,1.6805,1000.0,1.680461181215801,1.3,normal,302.1813
23,536,32160,3,0,4.5372,4.5372,1.5124,1000.0,1.512415063094221,1.3,normal,306.7185
23,536,32175,2,0,1.8152,1.8152,0.9076,1000.0,1.512415063094221,1.3,normal,308.5337
23,536,32190,2,0,3.0248,3.0248,1.5124,1000.0,1.512415063094221,1.3,normal,311.5585
23,536,32205,3,0,4.5372,4.5372,1.5124,1000.0,1.512415063094221,1.3,normal,316.0957
23,537,32220,7,0,7.2927,7.2927,1.0418,1000.0,1.361173556784799,1.3,normal,323.3884
23,537,32235,7,0,9.5282,9.5282,1.3612,1000.0,1.361173556784799,1.3,normal,332.9166
23,537,32250,2,0,2.7223,2.7223,1.3612,1000.0,1.361173556784799,1.3,normal,335.6389
23,537,32265,7,0,9.5282,9.5282,1.3612,1000.0,1.361173556784799,1.3,normal,345.1671
23,538,32280,2,0,2.4501,2.4501,1.2251,1000.0,1.225056201106319,1.3,normal,347.6172
23,538,32295,2,0,2.4501,2.4501,1.2251,1000.0,1.225056201106319,1.3,normal,350.0673
23,538,32310,3,0,3.6752,3.6752,1.2251,1000.0,1.225056201106319,1.3,normal,353.7425
23,538,32325,1,0,0.6279,0.6279,0.6279,1000.0,1.225056201106319,1.3,normal,354.3704
23,539,32340,2,0,2.2051,2.2051,1.1026,1000.0,1.1025505809956873,1.3,normal,356.5755
23,539,32355,4,0,4.4102,4.4102,1.1026,1000.0,1.1025505809956873,1.3,normal,360.9857
23,539,32370,3,2,2.6792,1.3396,0.8931,1000.0,1.1025505809956873,1.3,normal,363.6649
23,539,32385,3,0,3.3077,3.3077,1.1026,1000.0,1.1025505809956873,1.3,normal,366.9726
23,540,32400,2,0,1.9846,1.9846,0.9923,1000.0,0.9922955228961186,1.3,normal,368.9572
23,540,32415,1,0,0.9923,0.9923,0.9923,1000.0,0.9922955228961186,1.3,normal,369.9495
23,540,32430,5,0,4.9615,4.9615,0.9923,1000.0,0.9922955228961186,1.3,normal,374.911
23,540,32445,2,0,1.9846,1.9846,0.9923,1000.0,0.9922955228961186,1.3,normal,376.8956
23,541,32460,2,0,1.7861,1.7861,0.8931,1000.0,0.8930659706065067,1.3,normal,378.6817
23,541,32475,1,0,0.8931,0.8931,0.8931,1000.0,0.8930659706065067,1.3,normal,379.5748
23,541,32490,5,0,3.1485,3.1485,0.6297,1000.0,0.8930659706065067,1.3,normal,382.7233
23,541,32505,5,0,4.4653,4.4653,0.8931,1000.0,0.8930659706065067,1.3,normal,387.1886
23,542,32520,3,0,2.9471,2.9471,0.9824,1000.0,0.9823725676671575,1.3,normal,390.1357
23,542,32535,5,0,4.9119,4.9119,0.9824,1000.0,0.9823725676671575,1.3,normal,395.0476
23,542,32550,2,0,1.9647,1.9647,0.9824,1000.0,0.9823725676671575,1.3,normal,397.0123
23,542,32565,3,1,2.9471,2.9471,0.9824,1000.0,0.9823725676671575,1.3,normal,399.9594
23,543,32580,1,0,1.1887,1.1887,1.1887,1000.0,1.1886708068772607,1.3,normal,401.1481
23,543,32595,3,0,3.566,3.566,1.1887,1000.0,1.1886708068772607,1.3,normal,404.7141
23,543,32610,1,0,1.1887,1.1887,1.1887,1000.0,1.1886708068772607,1.3,normal,405.9028
23,543,32625,2,0,2.3773,2.3773,1.1887,1000.0,1.1886708068772607,1.3,normal,408.2801
23,544,32640,0,0,0.0,0.0,1.4383,1000.0,1.4382916763214857,1.3,normal,408.2801
23,544,32655,2,0,0.4162,0.4162,0.2081,1000.0,1.4382916763214857,1.3,normal,408.6963
23,544,32670,4,0,5.7532,5.7532,1.4383,1000.0,1.4382916763214857,1.3,normal,414.4495
23,544,32685,4,0,2.54,2.54,0.635,1000.0,1.4382916763214857,1.3,normal,416.9895
23,545,32700,3,1,0.9271,0.9271,0.309,1000.0,1.7403329283489979,1.3,normal,417.9166
23,545,32715,2,0,3.4807,3.4807,1.7403,1000.0,1.7403329283489979,1.3,normal,421.3973
23,545,32730,4,0,6.9613,6.9613,1.7403,1000.0,1.7403329283489979,1.3,normal,428.3586
23,545,32745,3,0,5.221,5.221,1.7403,1000.0,1.7403329283489979,1.3,normal,433.5796
23,546,32760,9,0,1.9924,1.9924,0.2214,1000.0,2.1058028433022877,1.3,normal,435.572
23,546,32775,5,1,2.5021,2.5021,0.5004,1000.0,2.1058028433022877,1.3,normal,438.0741
23,546,32790,4,0,8.4232,8.4232,2.1058,1000.0,2.1058028433022877,1.3,normal,446.4973
23,546,32805,8,0,1.8995,1.8995,0.2374,1000.0,2.1058028433022877,1.3,normal,448.3968
23,547,32820,3,0,7.6441,7.6441,2.548,1000.0,2.5480214403957686,1.3,normal,456.0409
23,547,32835,8,0,3.6071,3.6071,0.4509,1000.0,2.5480214403957686,1.3,normal,459.648
23,547,32850,7,0,9.8961,9.8961,1.4137,1000.0,2.5480214403957686,1.3,normal,469.5441
23,547,32865,4,0,10.1921,10.1921,2.548,1000.0,2.5480214403957686,1.3,normal,479.7362
23,548,32880,8,1,23.8605,23.8605,2.9826,1000.0,3.0831059428788805,1.3,normal,503.5967
23,548,32895,7,0,21.5817,21.5817,3.0831,1000.0,3.0831059428788805,1.3,normal,525.1784
23,548,32910,9,0,4.721,4.721,0.5246,1000.0,3.0831059428788805,1.3,normal,529.8994
23,548,32925,7,1,21.5817,21.5817,3.0831,1000.0,3.0831059428788805,1.3,normal,551.4811
23,549,32940,3,0,9.8694,9.8694,3.2898,1000.0,3.730558190883446,1.3,normal,561.3505
23,549,32955,12,1,44.7667,44.7667,3.7306,1000.0,3.730558190883446,1.3,normal,606.1172
23,549,32970,9,0,33.575,33.575,3.7306,1000.0,3.730558190883446,1.3,normal,639.6922
23,549,32985,11,0,30.8473,30.8473,2.8043,1000.0,3.730558190883446,1.3,normal,670.5395
23,550,33000,17,1,43.3723,43.3723,2.5513,1000.0,4.51397541096897,1.3,normal,713.9118
23,550,33015,13,0,33.0086,33.0086,2.5391,1000.0,4.51397541096897,1.3,normal,746.9204
23,550,33030,14,0,43.7123,43.7123,3.1223,1000.0,4.51397541096897,1.3,normal,790.6327
23,550,33045,17,1,71.1398,71.1398,4.1847,1000.0,4.51397541096897,1.3,normal,861.7725
23,551,33060,6,0,14.9882,14.9882,2.498,1000.0,4.965372952065867,1.3,normal,876.7607
23,551,33075,15,1,49.3792,49.3792,3.2919,1000.0,4.965372952065867,1.3,budget_constrained,926.1399
23,551,33090,14,1,40.182,40.182,2.8701,1000.0,4.965372952065867,1.3,budget_constrained,966.3219
23,551,33105,8,1,33.6781,33.6781,3.8485,1000.0,4.965372952065867,1.3,budget_depleted,1000.0
24,552,33120,0,0,0.0,0.0,0.0,1000.0,5.4619102472724546,1.3,normal,0.0
24,552,33135,13,1,71.0048,71.0048,5.4619,1000.0,5.4619102472724546,1.3,normal,71.0048
24,552,33150,18,0,96.9903,96.9903,5.3884,1000.0,5.4619102472724546,1.3,normal,167.9951
24,552,33165,19,0,66.4488,66.4488,3.4973,1000.0,5.4619102472724546,1.3,normal,234.4439
24,553,33180,21,1,98.2707,98.2707,4.6796,1000.0,4.915719222545209,1.3,normal,332.7146
24,553,33195,20,0,48.592,48.592,2.4296,1000.0,4.915719222545209,1.3,normal,381.3066
24,553,33210,12,0,10.8804,10.8804,0.9067,1000.0,4.915719222545209,1.3,normal,392.187
24,553,33225,12,0,26.2058,26.2058,2.1838,1000.0,4.915719222545209,1.3,normal,418.3928
24,554,33240,8,0,21.5989,21.5989,2.6999,1000.0,4.424147300290688,1.3,normal,439.9917
24,554,33255,6,1,26.5449,26.5449,4.4241,1000.0,4.424147300290688,1.3,normal,466.5366
24,554,33270,13,0,44.3138,44.3138,3.4088,1000.0,4.424147300290688,1.3,normal,510.8504
24,554,33285,6,0,10.6979,10.6979,1.783,1000.0,4.424147300290688,1.3,normal,521.5483
24,555,33300,13,0,50.1629,50.1629,3.8587,1000.0,3.9817325702616193,1.3,normal,571.7112
24,555,33315,15,0,41.1112,41.1112,2.7407,1000.0,3.9817325702616193,1.3,normal,612.8224
24,555,33330,9,0,30.4432,30.4432,3.3826,1000.0,3.9817325702616193,1.3,normal,643.2656
24,555,33345,13,0,24.371,24.371,1.8747,1000.0,3.9817325702616193,1.3,normal,667.6366
24,556,33360,14,0,43.0421,43.0421,3.0744,1000.0,3.4043813475736844,1.3,normal,710.6787
24,556,33375,4,0,4.1206,4.1206,1.0301,1000.0,3.4043813475736844,1.3,normal,714.7993
24,556,33390,7,0,23.8307,23.8307,3.4044,1000.0,3.4043813475736844,1.3,normal,738.63
24,556,33405,14,1,27.7896,27.7896,1.985,1000.0,3.4043813475736844,1.3,normal,766.4196
24,557,33420,11,0,26.8122,26.8122,2.4375,1000.0,2.604351730893869,1.3,normal,793.2318
24,557,33435,5,0,13.0218,13.0218,2.6044,1000.0,2.604351730893869,1.3,normal,806.2536
24,557,33450,10,1,11.0306,11.0306,1.1031,1000.0,2.604351730893869,1.3,normal,817.2842
24,557,33465,6,0,1.6096,1.6096,0.2683,1000.0,2.604351730893869,1.3,normal,818.8938
24,558,33480,5,0,9.2224,9.2224,1.8445,1000.0,2.2267207299142577,1.3,normal,828.1162
24,558,33495,3,0,6.6802,6.6802,2.2267,1000.0,2.2267207299142577,1.3,normal,834.7964
24,558,33510,8,0,17.8138,17.8138,2.2267,1000.0,2.2267207299142577,1.3,normal,852.6102
24,558,33525,4,0,8.9069,8.9069,2.2267,1000.0,2.2267207299142577,1.3,normal,861.5171
24,559,33540,1,0,0.1018,0.1018,0.1018,1000.0,1.9038462240766905,1.3,normal,861.6189
24,559,33555,4,1,7.6154,7.6154,1.9038,1000.0,1.9038462240766905,1.3,normal,869.2343
24,559,33570,8,0,15.2308,15.2308,1.9038,1000.0,1.9038462240766905,1.3,normal,884.4651
24,559,33585,3,0,5.7115,5.7115,1.9038,1000.0,1.9038462240766905,1.3,normal,890.1766
24,560,33600,6,0,9.7667,9.7667,1.6278,1000.0,1.6277885215855703,1.3,normal,899.9433
24,560,33615,7,0,7.893,7.893,1.1276,1000.0,1.6277885215855703,1.3,budget_constrained,907.8363
24,560,33630,3,0,3.0946,3.0946,1.0315,1000.0,1.6277885215855703,1.3,budget_constrained,910.9309
24,560,33645,1,0,1.6278,1.6278,1.6278,1000.0,1.6277885215855703,1.3,budget_constrained,912.5587
24,561,33660,1,0,0.3118,0.3118,0.3118,1000.0,1.3917591859556626,1.3,budget_constrained,912.8705
24,561,33675,5,0,2.4462,2.4462,0.4892,1000.0,1.3917591859556626,1.3,budget_constrained,915.3167
24,561,33690,6,0,8.3506,8.3506,1.3918,1000.0,1.3917591859556626,1.3,budget_constrained,923.6673
24,561,33705,2,1,2.7835,2.7835,1.3918,1000.0,1.3917591859556626,1.3,budget_constrained,926.4508
24,562,33720,3,0,3.7577,3.7577,1.2526,1000.0,1.2525832673600963,1.3,budget_constrained,930.2085
24,562,33735,1,0,1.2526,1.2526,1.2526,1000.0,1.2525832673600963,1.3,budget_constrained,931.4611
24,562,33750,6,0,5.2435,5.2435,0.8739,1000.0,1.2525832673600963,1.3,budget_constrained,936.7046
24,562,33765,3,1,1.6352,1.6352,0.5451,1000.0,1.2525832673600963,1.3,budget_constrained,938.3398
24,563,33780,4,0,4.5093,4.5093,1.1273,1000.0,1.1273249406240866,1.3,budget_constrained,942.8491
24,563,33795,2,0,2.2546,2.2546,1.1273,1000.0,1.1273249406240866,1.3,budget_constrained,945.1037
24,563,33810,4,1,4.5093,4.5093,1.1273,1000.0,1.1273249406240866,1.3,budget_constrained,949.613
24,563,33825,4,0,0.3253,0.3253,0.0813,1000.0,1.1273249406240866,1.3,budget_constrained,949.9383
24,564,33840,1,0,1.0146,1.0146,1.0146,1000.0,1.014592446561678,1.3,budget_constrained,950.9529
24,564,33855,3,0,3.0438,3.0438,1.0146,1000.0,1.014592446561678,1.3,budget_constrained,953.9967
24,564,33870,1,0,0.6131,0.6131,0.6131,1000.0,1.014592446561678,1.3,budget_constrained,954.6098
24,564,33885,2,0,1.3211,1.3211,0.6606,1000.0,1.014592446561678,1.3,budget_constrained,955.9309
24,565,33900,0,0,0.0,0.0,0.7141,1000.0,0.9131332019055103,1.3,budget_constrained,955.9309
24,565,33915,4,0,3.6525,3.6525,0.9131,1000.0,0.9131332019055103,1.3,budget_constrained,959.5834
24,565,33930,5,0,4.5657,4.5657,0.9131,1000.0,0.9131332019055103,1.3,budget_constrained,964.1491
24,565,33945,0,0,0.0,0.0,0.9131,1000.0,0.9131332019055103,1.3,budget_constrained,964.1491
24,566,33960,2,0,1.6436,1.6436,0.8218,1000.0,0.8218198817149592,1.3,budget_constrained,965.7927
24,566,33975,2,0,0.8917,0.8917,0.4458,1000.0,0.8218198817149592,1.3,budget_constrained,966.6844
24,566,33990,4,0,2.4772,2.4772,0.6193,1000.0,0.8218198817149592,1.3,budget_constrained,969.1616
24,566,34005,1,0,0.8218,0.8218,0.8218,1000.0,0.8218198817149592,1.3,budget_constrained,969.9834
24,567,34020,1,0,0.7027,0.7027,0.7027,1000.0,0.7026559988662902,1.3,budget_constrained,970.6861
24,567,34035,0,0,0.0,0.0,0.7027,1000.0,0.7026559988662902,1.3,budget_constrained,970.6861
24,567,34050,2,0,0.2934,0.2934,0.1467,1000.0,0.7026559988662902,1.3,budget_constrained,970.9795
24,567,34065,1,0,0.7027,0.7027,0.7027,1000.0,0.7026559988662902,1.3,budget_constrained,971.6822
24,568,34080,2,1,1.2015,1.2015,0.6008,1000.0,0.6007708790306782,1.3,budget_constrained,972.8837
24,568,34095,0,0,0.0,0.0,0.6008,1000.0,0.6007708790306782,1.3,budget_constrained,972.8837
24,568,34110,3,0,1.8023,1.8023,0.6008,1000.0,0.6007708790306782,1.3,budget_constrained,974.686
24,568,34125,2,0,1.2015,1.2015,0.6008,1000.0,0.6007708790306782,1.3,budget_constrained,975.8875
24,569,34140,1,0,0.5407,0.5407,0.5407,1000.0,0.5406937911276104,1.3,budget_constrained,976.4282
24,569,34155,1,0,0.5407,0.5407,0.5407,1000.0,0.5406937911276104,1.3,budget_constrained,976.9689
24,569,34170,0,0,0.0,0.0,0.5407,1000.0,0.5406937911276104,1.3,budget_constrained,976.9689
24,569,34185,1,0,0.5407,0.5407,0.5407,1000.0,0.5406937911276104,1.3,budget_constrained,977.5096
24,570,34200,0,0,0.0,0.0,0.5,1000.0,0.5,1.3,budget_constrained,977.5096
24,570,34215,1,0,0.5,0.5,0.5,1000.0,0.5,1.3,budget_constrained,978.0096
24,570,34230,0,0,0.0,0.0,0.5,1000.0,0.5,1.3,budget_constrained,978.0096
24,570,34245,2,0,1.0,1.0,0.5,1000.0,0.5,1.3,budget_constrained,979.0096
24,571,34260,1,0,0.5,0.5,0.5,1000.0,0.5,1.3,budget_constrained,979.5096
24,571,34275,1,0,0.5,0.5,0.5,1000.0,0.5,1.3,budget_constrained,980.0096
24,571,34290,1,0,0.5,0.5,0.5,1000.0,0.5,1.3,budget_constrained,980.5096
24,571,34305,3,1,1.5,1.5,0.5,1000.0,0.5,1.3,budget_constrained,982.0096
24,572,34320,1,0,0.5,0.5,0.5,1000.0,0.5,1.3,budget_constrained,982.5096
24,572,34335,1,1,0.5,0.5,0.5,1000.0,0.5,1.3,budget_constrained,983.0096
24,572,34350,2,0,1.0,1.0,0.5,1000.0,0.5,1.3,budget_constrained,984.0096
24,572,34365,3,0,1.5,1.5,0.5,1000.0,0.5,1.3,budget_constrained,985.5096
24,573,34380,1,0,0.5,0.5,0.5,1000.0,0.5,1.3,budget_constrained,986.0096
24,573,34395,3,1,1.5,1.5,0.5,1000.0,0.5,1.3,budget_constrained,987.5096
24,573,34410,0,0,0.0,0.0,0.5,1000.0,0.5,1.3,budget_constrained,987.5096
24,573,34425,3,0,1.5,1.5,0.5,1000.0,0.5,1.3,budget_constrained,989.0096
24,574,34440,1,0,0.5,0.5,0.5,1000.0,0.5,1.3,budget_constrained,989.5096
24,574,34455,2,0,1.0,1.0,0.5,1000.0,0.5,1.3,budget_constrained,990.5096
24,574,34470,3,0,0.6178,0.6178,0.2059,1000.0,0.5,1.3,budget_constrained,991.1274
24,574,34485,1,0,0.5,0.5,0.5,1000.0,0.5,1.3,budget_constrained,991.6274
24,575,34500,0,0,0.0,0.0,0.5,1000.0,0.5,1.3,budget_constrained,991.6274
24,575,34515,2,0,1.0,1.0,0.5,1000.0,0.5,1.3,budget_constrained,992.6274
24,575,34530,1,0,0.5,0.5,0.5,1000.0,0.5,1.3,budget_constrained,993.1274
24,575,34545,1,0,0.4166,0.4166,0.4166,1000.0,0.5,1.3,budget_constrained,993.544
25,576,34560,0,0,0.0,0.0,0.5,1000.0,0.5,1.3,normal,0.0
25,576,34575,2,0,0.3657,0.3657,0.1828,1000.0,0.5,1.3,normal,0.3657
25,576,34590,1,0,0.0626,0.0626,0.0626,1000.0,0.5,1.3,normal,0.4283
25,576,34605,0,0,0.0,0.0,0.5,1000.0,0.5,1.3,normal,0.4283
25,577,34620,2,0,1.21,1.21,0.605,1000.0,0.6050000000000001,1.3,normal,1.6383
25,577,34635,2,0,1.21,1.21,0.605,1000.0,0.6050000000000001,1.3,normal,2.8483
25,577,34650,1,0,0.605,0.605,0.605,1000.0,0.6050000000000001,1.3,normal,3.4533
25,577,34665,2,0,1.21,1.21,0.605,1000.0,0.6050000000000001,1.3,normal,4.6633
25,578,34680,0,0,0.0,0.0,0.7321,1000.0,0.7320500000000003,1.3,normal,4.6633
25,578,34695,4,0,2.4447,2.4447,0.6112,1000.0,0.7320500000000003,1.3,normal,7.108
25,578,34710,1,0,0.7321,0.7321,0.7321,1000.0,0.7320500000000003,1.3,normal,7.8401
25,578,34725,0,0,0.0,0.0,0.1882,1000.0,0.7320500000000003,1.3,normal,7.8401
25,579,34740,2,0,1.7716,1.7716,0.8858,1000.0,0.8857805000000005,1.3,normal,9.6117
25,579,34755,1,0,0.0709,0.0709,0.0709,1000.0,0.8857805000000005,1.3,normal,9.6826
25,579,34770,0,0,0.0,0.0,0.8858,1000.0,0.8857805000000005,1.3,normal,9.6826
25,579,34785,3,0,0.0375,0.0375,0.0125,1000.0,0.8857805000000005,1.3,normal,9.7201
25,580,34800,2,0,2.1436,2.1436,1.0718,1000.0,1.0717944050000008,1.3,normal,11.8637
25,580,34815,2,0,1.9408,1.9408,0.9704,1000.0,1.0717944050000008,1.3,normal,13.8045
25,580,34830,4,0,2.5897,2.5897,0.6474,1000.0,1.0717944050000008,1.3,normal,16.3942
25,580,34845,5,0,5.359,5.359,1.0718,1000.0,1.0717944050000008,1.3,normal,21.7532
25,581,34860,3,0,3.8906,3.8906,1.2969,1000.0,1.2968712300500012,1.3,normal,25.6438
25,581,34875,1,0,1.2969,1.2969,1.2969,1000.0,1.2968712300500012,1.3,normal,26.9407
25,581,34890,4,0,5.1875,5.1875,1.2969,1000.0,1.2968712300500012,1.3,normal,32.1282
25,581,34905,7,0,9.0781,9.0781,1.2969,1000.0,1.2968712300500012,1.3,normal,41.2063
25,582,34920,1,0,0.6665,0.6665,0.6665,1000.0,1.5692141883605017,1.3,normal,41.8728
25,582,34935,6,0,9.4153,9.4153,1.5692,1000.0,1.5692141883605017,1.3,normal,51.2881
25,582,34950,4,0,3.6101,3.6101,0.9025,1000.0,1.5692141883605017,1.3,normal,54.8982
25,582,34965,1,0,1.5692,1.5692,1.5692,1000.0,1.5692141883605017,1.3,normal,56.4674
25,583,34980,3,0,5.1707,5.1707,1.7236,1000.0,1.8987491679162074,1.3,normal,61.6381
25,583,34995,4,0,5.0393,5.0393,1.2598,1000.0,1.8987491679162074,1.3,normal,66.6774
25,583,35010,5,0,9.4937,9.4937,1.8987,1000.0,1.8987491679162074,1.3,normal,76.1711
25,583,35025,8,0,10.0451,10.0451,1.2556,1000.0,1.8987491679162074,1.3,normal,86.2162
25,584,35040,6,0,7.5471,7.5471,1.2578,1000.0,2.297486493178611,1.3,normal,93.7633
25,584,35055,2,0,3.328,3.328,1.664,1000.0,2.297486493178611,1.3,normal,97.0913
25,584,35070,9,0,20.6774,20.6774,2.2975,1000.0,2.297486493178611,1.3,normal,117.7687
25,584,35085,5,0,11.4874,11.4874,2.2975,1000.0,2.297486493178611,1.3,normal,129.2561
25,585,35100,8,0,9.2775,9.2775,1.1597,1000.0,2.7799586567461194,1.3,normal,138.5336
25,585,35115,6,0,16.6798,16.6798,2.78,1000.0,2.7799586567461194,1.3,normal,155.2134
25,585,35130,9,0,20.2645,20.2645,2.2516,1000.0,2.7799586567461194,1.3,normal,175.4779
25,585,35145,6,0,16.6798,16.6798,2.78,1000.0,2.7799586567461194,1.3,normal,192.1577
25,586,35160,10,1,17.0498,17.0498,1.705,1000.0,3.363749974662805,1.3,normal,209.2075
25,586,35175,6,0,5.7145,5.7145,0.9524,1000.0,3.363749974662805,1.3,normal,214.922
25,586,35190,11,1,37.0012,37.0012,3.3637,1000.0,3.363749974662805,1.3,normal,251.9232
25,586,35205,7,0,10.4045,10.4045,1.4864,1000.0,3.363749974662805,1.3,normal,262.3277
25,587,35220,7,0,10.8778,10.8778,1.554,1000.0,4.0701374693419945,1.3,normal,273.2055
25,587,35235,14,0,35.4327,35.4327,2.5309,1000.0,4.0701374693419945,1.3,normal,308.6382
25,587,35250,6,0,15.4224,15.4224,2.5704,1000.0,4.0701374693419945,1.3,normal,324.0606
25,587,35265,14,3,56.9819,18.994,4.0701,1000.0,4.0701374693419945,1.3,normal,381.0425
25,588,35280,14,1,7.9811,7.9811,0.5701,1000.0,5.0,1.3,normal,389.0236
25,588,35295,12,0,24.1116,24.1116,2.0093,1000.0,5.0,1.3,normal,413.1352
25,588,35310,9,0,45.0,45.0,5.0,1000.0,5.0,1.3,normal,458.1352
25,588,35325,9,0,18.3009,18.3009,2.0334,1000.0,5.0,1.3,normal,476.4361
25,589,35340,22,3,73.9819,24.6606,3.3628,1000.0,6.050000000000001,1.3,normal,550.418
25,589,35355,24,2,99.1963,49.5981,4.1332,1000.0,6.050000000000001,1.3,normal,649.6143
25,589,35370,16,0,42.9048,42.9048,2.6815,1000.0,6.050000000000001,1.3,normal,692.5191
25,589,35385,17,0,102.85,102.85,6.05,1000.0,6.050000000000001,1.3,normal,795.3691
25,590,35400,21,0,34.9976,34.9976,1.6666,1000.0,7.320500000000002,1.3,normal,830.3667
25,590,35415,15,0,18.8602,18.8602,1.2573,1000.0,7.320500000000002,1.3,normal,849.2269
25,590,35430,24,1,123.8346,123.8346,5.1598,1000.0,7.320500000000002,1.3,budget_constrained,973.0615
25,590,35445,5,0,26.9385,26.9385,5.362,1000.0,7.320500000000002,1.3,budget_depleted,1000.0
25,591,35460,0,0,0.0,0.0,0.0,1000.0,8.052550000000002,1.3,budget_depleted,1000.0
25,591,35475,0,0,0.0,0.0,0.0,1000.0,8.052550000000002,1.3,budget_depleted,1000.0
25,591,35490,0,0,0.0,0.0,0.0,1000.0,8.052550000000002,1.3,budget_depleted,1000.0
25,591,35505,0,0,0.0,0.0,0.0,1000.0,8.052550000000002,1.3,budget_depleted,1000.0
25,592,35520,0,0,0.0,0.0,0.0,1000.0,8.857805000000003,1.3,budget_depleted,1000.0
25,592,35535,0,0,0.0,0.0,0.0,1000.0,8.857805000000003,1.3,budget_depleted,1000.0
25,592,35550,0,0,0.0,0.0,0.0,1000.0,8.857805000000003,1.3,budget_depleted,1000.0
25,592,35565,0,0,0.0,0.0,0.0,1000.0,8.857805000000003,1.3,budget_depleted,1000.0
25,593,35580,0,0,0.0,0.0,0.0,1000.0,8.857805000000003,1.3,budget_depleted,1000.0
25,593,35595,0,0,0.0,0.0,0.0,1000.0,8.857805000000003,1.3,budget_depleted,1000.0
25,593,35610,0,0,0.0,0.0,0.0,1000.0,8.857805000000003,1.3,budget_depleted,1000.0
25,593,35625,0,0,0.0,0.0,0.0,1000.0,8.857805000000003,1.3,budget_depleted,1000.0
25,594,35640,0,0,0.0,0.0,0.0,1000.0,8.857805000000003,1.3,budget_depleted,1000.0
25,594,35655,0,0,0.0,0.0,0.0,1000.0,8.857805000000003,1.3,budget_depleted,1000.0
25,594,35670,0,0,0.0,0.0,0.0,1000.0,8.857805000000003,1.3,budget_depleted,1000.0
25,594,35685,0,0,0.0,0.0,0.0,1000.0,8.857805000000003,1.3,budget_depleted,1000.0
25,595,35700,0,0,0.0,0.0,0.0,1000.0,8.857805000000003,1.3,budget_depleted,1000.0
25,595,35715,0,0,0.0,0.0,0.0,1000.0,8.857805000000003,1.3,budget_depleted,1000.0
25,595,35730,0,0,0.0,0.0,0.0,1000.0,8.857805000000003,1.3,budget_depleted,1000.0
25,595,35745,0,0,0.0,0.0,0.0,1000.0,8.857805000000003,1.3,budget_depleted,1000.0
25,596,35760,0,0,0.0,0.0,0.0,1000.0,8.857805000000003,1.3,budget_depleted,1000.0
25,596,35775,0,0,0.0,0.0,0.0,1000.0,8.857805000000003,1.3,budget_depleted,1000.0
25,596,35790,0,0,0.0,0.0,0.0,1000.0,8.857805000000003,1.3,budget_depleted,1000.0
25,596,35805,0,0,0.0,0.0,0.0,1000.0,8.857805000000003,1.3,budget_depleted,1000.0
25,597,35820,0,0,0.0,0.0,0.0,1000.0,8.857805000000003,1.3,budget_depleted,1000.0
25,597,35835,0,0,0.0,0.0,0.0,1000.0,8.857805000000003,1.3,budget_depleted,1000.0
25,597,35850,0,0,0.0,0.0,0.0,1000.0,8.857805000000003,1.3,budget_depleted,1000.0
25,597,35865,0,0,0.0,0.0,0.0,1000.0,8.857805000000003,1.3,budget_depleted,1000.0
25,598,35880,0,0,0.0,0.0,0.0,1000.0,8.414914750000001,1.3,budget_depleted,1000.0
25,598,35895,0,0,0.0,0.0,0.0,1000.0,8.414914750000001,1.3,budget_depleted,1000.0
25,598,35910,0,0,0.0,0.0,0.0,1000.0,8.414914750000001,1.3,budget_depleted,1000.0
25,598,35925,0,0,0.0,0.0,0.0,1000.0,8.414914750000001,1.3,budget_depleted,1000.0
25,599,35940,0,0,0.0,0.0,0.0,1000.0,7.9941690125000004,1.3,budget_depleted,1000.0
25,599,35955,0,0,0.0,0.0,0.0,1000.0,7.9941690125000004,1.3,budget_depleted,1000.0
25,599,35970,0,0,0.0,0.0,0.0,1000.0,7.9941690125000004,1.3,budget_depleted,1000.0
25,599,35985,0,0,0.0,0.0,0.0,1000.0,7.9941690125000004,1.3,budget_depleted,1000.0
26,600,36000,0,0,0.0,0.0,0.0,1000.0,7.5944605618750005,1.3,normal,0.0
26,600,36015,17,2,88.0954,44.0477,5.1821,1000.0,7.5944605618750005,1.3,normal,88.0954
26,600,36030,18,2,53.0862,26.5431,2.9492,1000.0,7.5944605618750005,1.3,normal,141.1816
26,600,36045,17,0,13.6806,13.6806,0.8047,1000.0,7.5944605618750005,1.3,normal,154.8622
26,601,36060,14,0,93.2708,93.2708,6.6622,1000.0,6.835014505687501,1.3,normal,248.133
26,601,36075,21,0,96.8855,96.8855,4.6136,1000.0,6.835014505687501,1.3,normal,345.0185
26,601,36090,14,2,74.2739,37.137,5.3053,1000.0,6.835014505687501,1.3,normal,419.2924
26,601,36105,25,1,61.2086,61.2086,2.4483,1000.0,6.835014505687501,1.3,normal,480.501
26,602,36120,20,0,36.5572,36.5572,1.8279,1000.0,6.151513055118751,1.3,normal,517.0582
26,602,36135,22,2,66.8155,33.4077,3.0371,1000.0,6.151513055118751,1.3,normal,583.8737
26,602,36150,17,1,12.5612,12.5612,0.7389,1000.0,6.151513055118751,1.3,normal,596.4349
26,602,36165,11,2,40.3102,20.1551,3.6646,1000.0,6.151513055118751,1.3,normal,636.7451
26,603,36180,20,1,30.8285,30.8285,1.5414,1000.0,5.5363617496068755,1.3,normal,667.5736
26,603,36195,13,1,20.3963,20.3963,1.5689,1000.0,5.5363617496068755,1.3,normal,687.9699
26,603,36210,11,0,60.9,60.9,5.5364,1000.0,5.5363617496068755,1.3,normal,748.8699
26,603,36225,18,0,71.0801,71.0801,3.9489,1000.0,5.5363617496068755,1.3,normal,819.95
26,604,36240,16,1,22.0716,22.0716,1.3795,1000.0,4.982725574646188,1.3,normal,842.0216
26,604,36255,12,0,47.1533,47.1533,3.9294,1000.0,4.982725574646188,1.3,normal,889.1749
26,604,36270,16,1,8.1902,8.1902,0.5119,1000.0,4.982725574646188,1.3,normal,897.3651
26,604,36285,18,0,80.7949,80.7949,4.4886,1000.0,4.982725574646188,1.3,budget_constrained,978.16
26,605,36300,13,2,18.6732,9.3366,1.4364,1000.0,4.484453017181569,1.3,budget_constrained,996.8332
26,605,36315,1,0,3.1668,3.1668,2.6196,1000.0,4.484453017181569,1.3,budget_constrained,1000.0
26,605,36330,0,0,0.0,0.0,3.6298,1000.0,4.484453017181569,1.3,budget_constrained,1000.0
26,605,36345,0,0,0.0,0.0,0.2444,1000.0,4.484453017181569,1.3,budget_constrained,1000.0
26,606,36360,0,0,0.0,0.0,4.036,1000.0,4.036007715463413,1.3,budget_constrained,1000.0
26,606,36375,0,0,0.0,0.0,4.036,1000.0,4.036007715463413,1.3,budget_constrained,1000.0
26,606,36390,0,0,0.0,0.0,3.1149,1000.0,4.036007715463413,1.3,budget_constrained,1000.0
26,606,36405,0,0,0.0,0.0,2.693,1000.0,4.036007715463413,1.3,budget_constrained,1000.0
26,607,36420,0,0,0.0,0.0,1.5377,1000.0,3.6324069439170716,1.3,budget_constrained,1000.0
26,607,36435,0,0,0.0,0.0,3.4308,1000.0,3.6324069439170716,1.3,budget_constrained,1000.0
26,607,36450,0,0,0.0,0.0,1.7591,1000.0,3.6324069439170716,1.3,budget_constrained,1000.0
26,607,36465,0,0,0.0,0.0,1.2821,1000.0,3.6324069439170716,1.3,budget_constrained,1000.0
26,608,36480,0,0,0.0,0.0,1.1468,1000.0,3.596082874477901,1.3,budget_constrained,1000.0
26,608,36495,0,0,0.0,0.0,1.8006,1000.0,3.596082874477901,1.3,budget_constrained,1000.0
26,608,36510,0,0,0.0,0.0,3.5961,1000.0,3.596082874477901,1.3,budget_constrained,1000.0
26,608,36525,0,0,0.0,0.0,3.3025,1000.0,3.596082874477901,1.3,budget_constrained,1000.0
26,609,36540,0,0,0.0,0.0,0.5547,1000.0,3.5601220457331224,1.3,budget_constrained,1000.0
26,609,36555,0,0,0.0,0.0,1.6534,1000.0,3.5601220457331224,1.3,budget_constrained,1000.0
26,609,36570,0,0,0.0,0.0,1.2172,1000.0,3.5601220457331224,1.3,budget_constrained,1000.0
26,609,36585,0,0,0.0,0.0,1.701,1000.0,3.5601220457331224,1.3,budget_constrained,1000.0
26,610,36600,0,0,0.0,0.0,3.5245,1000.0,3.5245208252757916,1.3,budget_constrained,1000.0
26,610,36615,0,0,0.0,0.0,1.6942,1000.0,3.5245208252757916,1.3,budget_constrained,1000.0
26,610,36630,0,0,0.0,0.0,3.5245,1000.0,3.5245208252757916,1.3,budget_constrained,1000.0
26,610,36645,0,0,0.0,0.0,0.6728,1000.0,3.5245208252757916,1.3,budget_constrained,1000.0
26,611,36660,0,0,0.0,0.0,1.0878,1000.0,3.489275617023034,1.3,budget_constrained,1000.0
26,611,36675,0,0,0.0,0.0,0.0838,1000.0,3.489275617023034,1.3,budget_constrained,1000.0
26,611,36690,0,0,0.0,0.0,2.1629,1000.0,3.489275617023034,1.3,budget_constrained,1000.0
26,611,36705,0,0,0.0,0.0,1.1574,1000.0,3.489275617023034,1.3,budget_constrained,1000.0
26,612,36720,0,0,0.0,0.0,3.1403,1000.0,3.1403480553207306,1.3,budget_constrained,1000.0
26,612,36735,0,0,0.0,0.0,3.1403,1000.0,3.1403480553207306,1.3,budget_constrained,1000.0
26,612,36750,0,0,0.0,0.0,0.3768,1000.0,3.1403480553207306,1.3,budget_constrained,1000.0
26,612,36765,0,0,0.0,0.0,0.8479,1000.0,3.1403480553207306,1.3,budget_constrained,1000.0
26,613,36780,0,0,0.0,0.0,3.1089,1000.0,3.1089445747675235,1.3,budget_constrained,1000.0
26,613,36795,0,0,0.0,0.0,0.6401,1000.0,3.1089445747675235,1.3,budget_constrained,1000.0
26,613,36810,0,0,0.0,0.0,3.1089,1000.0,3.1089445747675235,1.3,budget_constrained,1000.0
26,613,36825,0,0,0.0,0.0,3.1089,1000.0,3.1089445747675235,1.3,budget_constrained,1000.0
26,614,36840,0,0,0.0,0.0,3.0779,1000.0,3.0778551290198486,1.3,budget_constrained,1000.0
26,614,36855,0,0,0.0,0.0,2.605,1000.0,3.0778551290198486,1.3,budget_constrained,1000.0
26,614,36870,0,0,0.0,0.0,3.0779,1000.0,3.0778551290198486,1.3,budget_constrained,1000.0
26,614,36885,0,0,0.0,0.0,0.8482,1000.0,3.0778551290198486,1.3,budget_constrained,1000.0
26,615,36900,0,0,0.0,0.0,3.3856,1000.0,3.385640641921834,1.3,budget_constrained,1000.0
26,615,36915,0,0,0.0,0.0,3.3856,1000.0,3.385640641921834,1.3,budget_constrained,1000.0
26,615,36930,0,0,0.0,0.0,0.7084,1000.0,3.385640641921834,1.3,budget_constrained,1000.0
26,615,36945,0,0,0.0,0.0,0.7652,1000.0,3.385640641921834,1.3,budget_constrained,1000.0
26,616,36960,0,0,0.0,0.0,1.3715,1000.0,3.7242047061140178,1.3,budget_constrained,1000.0
26,616,36975,0,0,0.0,0.0,3.7242,1000.0,3.7242047061140178,1.3,budget_constrained,1000.0
26,616,36990,0,0,0.0,0.0,0.8356,1000.0,3.7242047061140178,1.3,budget_constrained,1000.0
26,616,37005,0,0,0.0,0.0,3.011,1000.0,3.7242047061140178,1.3,budget_constrained,1000.0
26,617,37020,0,0,0.0,0.0,1.2875,1000.0,4.09662517672542,1.3,budget_constrained,1000.0
26,617,37035,0,0,0.0,0.0,4.0966,1000.0,4.09662517672542,1.3,budget_constrained,1000.0
26,617,37050,0,0,0.0,0.0,1.7541,1000.0,4.09662517672542,1.3,budget_constrained,1000.0
26,617,37065,0,0,0.0,0.0,0.2868,1000.0,4.09662517672542,1.3,budget_constrained,1000.0
26,618,37080,0,0,0.0,0.0,4.3708,1000.0,4.506287694397962,1.3,budget_constrained,1000.0
26,618,37095,0,0,0.0,0.0,0.7935,1000.0,4.506287694397962,1.3,budget_constrained,1000.0
26,618,37110,0,0,0.0,0.0,3.5391,1000.0,4.506287694397962,1.3,budget_constrained,1000.0
26,618,37125,0,0,0.0,0.0,3.8331,1000.0,4.506287694397962,1.3,budget_constrained,1000.0
26,619,37140,0,0,0.0,0.0,4.6224,1000.0,4.956916463837758,1.3,budget_constrained,1000.0
26,619,37155,0,0,0.0,0.0,1.8629,1000.0,4.956916463837758,1.3,budget_constrained,1000.0
26,619,37170,0,0,0.0,0.0,1.3474,1000.0,4.956916463837758,1.3,budget_constrained,1000.0
26,619,37185,0,0,0.0,0.0,0.9713,1000.0,4.956916463837758,1.3,budget_constrained,1000.0
26,620,37200,0,0,0.0,0.0,1.3569,1000.0,5.452608110221535,1.3,budget_constrained,1000.0
26,620,37215,0,0,0.0,0.0,0.9433,1000.0,5.452608110221535,1.3,budget_constrained,1000.0
26,620,37230,0,0,0.0,0.0,4.0476,1000.0,5.452608110221535,1.3,budget_constrained,1000.0
26,620,37245,0,0,0.0,0.0,2.5227,1000.0,5.452608110221535,1.3,budget_constrained,1000.0
26,621,37260,0,0,0.0,0.0,1.5657,1000.0,5.997868921243689,1.3,budget_constrained,1000.0
26,621,37275,0,0,0.0,0.0,5.0009,1000.0,5.997868921243689,1.3,budget_constrained,1000.0
26,621,37290,0,0,0.0,0.0,4.3738,1000.0,5.997868921243689,1.3,budget_constrained,1000.0
26,621,37305,0,0,0.0,0.0,2.1118,1000.0,5.997868921243689,1.3,budget_constrained,1000.0
26,622,37320,0,0,0.0,0.0,0.4368,1000.0,6.597655813368058,1.3,budget_constrained,1000.0
26,622,37335,0,0,0.0,0.0,1.8788,1000.0,6.597655813368058,1.3,budget_constrained,1000.0
26,622,37350,0,0,0.0,0.0,4.702,1000.0,6.597655813368058,1.3,budget_constrained,1000.0
26,622,37365,0,0,0.0,0.0,5.4139,1000.0,6.597655813368058,1.3,budget_constrained,1000.0
26,623,37380,0,0,0.0,0.0,3.5958,1000.0,7.257421394704864,1.3,budget_constrained,1000.0
26,623,37395,0,0,0.0,0.0,3.3252,1000.0,7.257421394704864,1.3,budget_constrained,1000.0
26,623,37410,0,0,0.0,0.0,3.939,1000.0,7.257421394704864,1.3,budget_constrained,1000.0
26,623,37425,0,0,0.0,0.0,5.0957,1000.0,7.257421394704864,1.3,budget_constrained,1000.0
27,624,37440,0,0,0.0,0.0,1.4153,1000.0,7.983163534175351,1.3,normal,0.0
27,624,37455,31,0,1.9706,1.9706,0.0636,1000.0,7.983163534175351,1.3,normal,1.9706
27,624,37470,22,2,71.1178,35.5589,3.2326,1000.0,7.983163534175351,1.3,normal,73.0884
27,624,37485,26,0,183.5144,183.5144,7.0582,1000.0,7.983163534175351,1.3,normal,256.6028
27,625,37500,17,0,4.1603,4.1603,0.2447,1000.0,7.184847180757816,1.0,normal,260.7631
27,625,37515,23,0,12.0693,12.0693,0.5248,1000.0,7.184847180757816,1.0,normal,272.8324
27,625,37530,13,0,54.4445,54.4445,4.188,1000.0,7.184847180757816,1.0,normal,327.2769
27,625,37545,15,1,79.3117,79.3117,5.2874,1000.0,7.184847180757816,1.0,normal,406.5886
27,626,37560,16,1,108.8048,108.8048,6.8003,1000.0,7.184847180757816,1.0,normal,515.3934
27,626,37575,25,0,158.1083,158.1083,6.3243,1000.0,7.184847180757816,1.0,normal,673.5017
27,626,37590,20,2,22.9384,11.4692,1.1469,1000.0,7.184847180757816,1.0,normal,696.4401
27,626,37605,19,1,86.0951,86.0951,4.5313,1000.0,7.184847180757816,1.0,normal,782.5352
27,627,37620,15,0,16.0706,16.0706,1.0714,1000.0,5.4964080932797295,1.0,normal,798.6058
27,627,37635,9,0,26.0893,26.0893,2.8988,1000.0,5.4964080932797295,1.0,normal,824.6951
27,627,37650,10,0,52.0625,52.0625,5.2063,1000.0,5.4964080932797295,1.0,normal,876.7576
27,627,37665,12,0,55.0702,55.0702,4.5892,1000.0,5.4964080932797295,1.0,budget_constrained,931.8278
27,628,37680,9,0,35.5209,35.5209,3.9468,1000.0,4.204752191358993,1.0,budget_constrained,967.3487
27,628,37695,7,0,16.8006,16.8006,2.4001,1000.0,4.204752191358993,1.0,budget_constrained,984.1493
27,628,37710,5,0,15.8507,15.8507,2.9704,1000.0,4.204752191358993,1.0,budget_depleted,1000.0
27,628,37725,0,0,0.0,0.0,0.0,1000.0,4.204752191358993,1.0,budget_depleted,1000.0
27,629,37740,0,0,0.0,0.0,0.0,1000.0,3.1535641435192447,1.0,budget_depleted,1000.0
27,629,37755,0,0,0.0,0.0,0.0,1000.0,3.1535641435192447,1.0,budget_depleted,1000.0
27,629,37770,0,0,0.0,0.0,0.0,1000.0,3.1535641435192447,1.0,budget_depleted,1000.0
27,629,37785,0,0,0.0,0.0,0.0,1000.0,3.1535641435192447,1.0,budget_depleted,1000.0
27,630,37800,0,0,0.0,0.0,0.0,1000.0,2.365173107639434,1.0,budget_depleted,1000.0
27,630,37815,0,0,0.0,0.0,0.0,1000.0,2.365173107639434,1.0,budget_depleted,1000.0
27,630,37830,0,0,0.0,0.0,0.0,1000.0,2.365173107639434,1.0,budget_depleted,1000.0
27,630,37845,0,0,0.0,0.0,0.0,1000.0,2.365173107639434,1.0,budget_depleted,1000.0
27,631,37860,0,0,0.0,0.0,0.0,1000.0,1.7738798307295753,1.0,budget_depleted,1000.0
27,631,37875,0,0,0.0,0.0,0.0,1000.0,1.7738798307295753,1.0,budget_depleted,1000.0
27,631,37890,0,0,0.0,0.0,0.0,1000.0,1.7738798307295753,1.0,budget_depleted,1000.0
27,631,37905,0,0,0.0,0.0,0.0,1000.0,1.7738798307295753,1.0,budget_depleted,1000.0
27,632,37920,0,0,0.0,0.0,0.0,1000.0,1.3304098730471816,1.0,budget_depleted,1000.0
27,632,37935,0,0,0.0,0.0,0.0,1000.0,1.3304098730471816,1.0,budget_depleted,1000.0
27,632,37950,0,0,0.0,0.0,0.0,1000.0,1.3304098730471816,1.0,budget_depleted,1000.0
27,632,37965,0,0,0.0,0.0,0.0,1000.0,1.3304098730471816,1.0,budget_depleted,1000.0
27,633,37980,0,0,0.0,0.0,0.0,1000.0,0.9978074047853862,1.0,budget_depleted,1000.0
27,633,37995,0,0,0.0,0.0,0.0,1000.0,0.9978074047853862,1.0,budget_depleted,1000.0
27,633,38010,0,0,0.0,0.0,0.0,1000.0,0.9978074047853862,1.0,budget_depleted,1000.0
27,633,38025,0,0,0.0,0.0,0.0,1000.0,0.9978074047853862,1.0,budget_depleted,1000.0
27,634,38040,0,0,0.0,0.0,0.0,1000.0,0.7483555535890396,1.0,budget_depleted,1000.0
27,634,38055,0,0,0.0,0.0,0.0,1000.0,0.7483555535890396,1.0,budget_depleted,1000.0
27,634,38070,0,0,0.0,0.0,0.0,1000.0,0.7483555535890396,1.0,budget_depleted,1000.0
27,634,38085,0,0,0.0,0.0,0.0,1000.0,0.7483555535890396,1.0,budget_depleted,1000.0
27,635,38100,0,0,0.0,0.0,0.0,1000.0,0.5612666651917797,1.0,budget_depleted,1000.0
27,635,38115,0,0,0.0,0.0,0.0,1000.0,0.5612666651917797,1.0,budget_depleted,1000.0
27,635,38130,0,0,0.0,0.0,0.0,1000.0,0.5612666651917797,1.0,budget_depleted,1000.0
27,635,38145,0,0,0.0,0.0,0.0,1000.0,0.5612666651917797,1.0,budget_depleted,1000.0
27,636,38160,0,0,0.0,0.0,0.0,1000.0,0.5,1.0,budget_depleted,1000.0
27,636,38175,0,0,0.0,0.0,0.0,1000.0,0.5,1.0,budget_depleted,1000.0
27,636,38190,0,0,0.0,0.0,0.0,1000.0,0.5,1.0,budget_depleted,1000.0
27,636,38205,0,0,0.0,0.0,0.0,1000.0,0.5,1.0,budget_depleted,1000.0
27,637,38220,0,0,0.0,0.0,0.0,1000.0,0.5,1.0,budget_depleted,1000.0
27,637,38235,0,0,0.0,0.0,0.0,1000.0,0.5,1.0,budget_depleted,1000.0
27,637,38250,0,0,0.0,0.0,0.0,1000.0,0.5,1.0,budget_depleted,1000.0
27,637,38265,0,0,0.0,0.0,0.0,1000.0,0.5,1.0,budget_depleted,1000.0
27,638,38280,0,0,0.0,0.0,0.0,1000.0,0.5,1.0,budget_depleted,1000.0
27,638,38295,0,0,0.0,0.0,0.0,1000.0,0.5,1.0,budget_depleted,1000.0
27,638,38310,0,0,0.0,0.0,0.0,1000.0,0.5,1.0,budget_depleted,1000.0
27,638,38325,0,0,0.0,0.0,0.0,1000.0,0.5,1.0,budget_depleted,1000.0
27,639,38340,0,0,0.0,0.0,0.0,1000.0,0.5,1.0,budget_depleted,1000.0
27,639,38355,0,0,0.0,0.0,0.0,1000.0,0.5,1.0,budget_depleted,1000.0
27,639,38370,0,0,0.0,0.0,0.0,1000.0,0.5,1.0,budget_depleted,1000.0
27,639,38385,0,0,0.0,0.0,0.0,1000.0,0.5,1.0,budget_depleted,1000.0
27,640,38400,0,0,0.0,0.0,0.0,1000.0,0.5,1.0,budget_depleted,1000.0
27,640,38415,0,0,0.0,0.0,0.0,1000.0,0.5,1.0,budget_depleted,1000.0
27,640,38430,0,0,0.0,0.0,0.0,1000.0,0.5,1.0,budget_depleted,1000.0
27,640,38445,0,0,0.0,0.0,0.0,1000.0,0.5,1.0,budget_depleted,1000.0
27,641,38460,0,0,0.0,0.0,0.0,1000.0,0.5,1.0,budget_depleted,1000.0
27,641,38475,0,0,0.0,0.0,0.0,1000.0,0.5,1.0,budget_depleted,1000.0
27,641,38490,0,0,0.0,0.0,0.0,1000.0,0.5,1.0,budget_depleted,1000.0
27,641,38505,0,0,0.0,0.0,0.0,1000.0,0.5,1.0,budget_depleted,1000.0
27,642,38520,0,0,0.0,0.0,0.0,1000.0,0.5,1.0,budget_depleted,1000.0
27,642,38535,0,0,0.0,0.0,0.0,1000.0,0.5,1.0,budget_depleted,1000.0
27,642,38550,0,0,0.0,0.0,0.0,1000.0,0.5,1.0,budget_depleted,1000.0
27,642,38565,0,0,0.0,0.0,0.0,1000.0,0.5,1.0,budget_depleted,1000.0
27,643,38580,0,0,0.0,0.0,0.0,1000.0,0.5,1.0,budget_depleted,1000.0
27,643,38595,0,0,0.0,0.0,0.0,1000.0,0.5,1.0,budget_depleted,1000.0
27,643,38610,0,0,0.0,0.0,0.0,1000.0,0.5,1.0,budget_depleted,1000.0
27,643,38625,0,0,0.0,0.0,0.0,1000.0,0.5,1.0,budget_depleted,1000.0
27,644,38640,0,0,0.0,0.0,0.0,1000.0,0.5,1.0,budget_depleted,1000.0
27,644,38655,0,0,0.0,0.0,0.0,1000.0,0.5,1.0,budget_depleted,1000.0
27,644,38670,0,0,0.0,0.0,0.0,1000.0,0.5,1.0,budget_depleted,1000.0
27,644,38685,0,0,0.0,0.0,0.0,1000.0,0.5,1.0,budget_depleted,1000.0
27,645,38700,0,0,0.0,0.0,0.0,1000.0,0.5,1.0,budget_depleted,1000.0
27,645,38715,0,0,0.0,0.0,0.0,1000.0,0.5,1.0,budget_depleted,1000.0
27,645,38730,0,0,0.0,0.0,0.0,1000.0,0.5,1.0,budget_depleted,1000.0
27,645,38745,0,0,0.0,0.0,0.0,1000.0,0.5,1.0,budget_depleted,1000.0
27,646,38760,0,0,0.0,0.0,0.0,1000.0,0.5,1.0,budget_depleted,1000.0
27,646,38775,0,0,0.0,0.0,0.0,1000.0,0.5,1.0,budget_depleted,1000.0
27,646,38790,0,0,0.0,0.0,0.0,1000.0,0.5,1.0,budget_depleted,1000.0
27,646,38805,0,0,0.0,0.0,0.0,1000.0,0.5,1.0,budget_depleted,1000.0
27,647,38820,0,0,0.0,0.0,0.0,1000.0,0.5,1.0,budget_depleted,1000.0
27,647,38835,0,0,0.0,0.0,0.0,1000.0,0.5,1.0,budget_depleted,1000.0
27,647,38850,0,0,0.0,0.0,0.0,1000.0,0.5,1.0,budget_depleted,1000.0
27,647,38865,0,0,0.0,0.0,0.0,1000.0,0.5,1.0,budget_depleted,1000.0
28,648,38880,0,0,0.0,0.0,0.0,1000.0,0.5,1.0,normal,0.0
28,648,38895,1,0,0.5,0.5,0.5,1000.0,0.5,1.0,normal,0.5
28,648,38910,0,0,0.0,0.0,0.5,1000.0,0.5,1.0,normal,0.5
28,648,38925,1,1,0.5,0.5,0.5,1000.0,0.5,1.0,normal,1.0
28,649,38940,2,0,0.7742,0.7742,0.3871,1000.0,0.5,1.0,normal,1.7742
28,649,38955,0,0,0.0,0.0,0.5,1000.0,0.5,1.0,normal,1.7742
28,649,38970,1,0,0.5,0.5,0.5,1000.0,0.5,1.0,normal,2.2742
28,649,38985,0,0,0.0,0.0,0.5,1000.0,0.5,1.0,normal,2.2742
28,650,39000,2,0,1.0,1.0,0.5,1000.0,0.5,1.0,normal,3.2742
28,650,39015,2,0,1.0,1.0,0.5,1000.0,0.5,1.0,normal,4.2742
28,650,39030,2,0,1.0,1.0,0.5,1000.0,0.5,1.0,normal,5.2742
28,650,39045,1,0,0.3578,0.3578,0.3578,1000.0,0.5,1.0,normal,5.632
28,651,39060,0,0,0.0,0.0,0.1892,1000.0,0.5,1.0,normal,5.632
28,651,39075,2,0,1.0,1.0,0.5,1000.0,0.5,1.0,normal,6.632
28,651,39090,1,0,0.068,0.068,0.068,1000.0,0.5,1.0,normal,6.7
28,651,39105,2,1,1.0,1.0,0.5,1000.0,0.5,1.0,normal,7.7
28,652,39120,3,0,1.815,1.815,0.605,1000.0,0.6050000000000001,1.0,normal,9.515
28,652,39135,3,0,1.815,1.815,0.605,1000.0,0.6050000000000001,1.0,normal,11.33
28,652,39150,2,0,1.21,1.21,0.605,1000.0,0.6050000000000001,1.0,normal,12.54
28,652,39165,2,0,1.21,1.21,0.605,1000.0,0.6050000000000001,1.0,normal,13.75
28,653,39180,1,0,0.5427,0.5427,0.5427,1000.0,0.7320500000000003,1.0,normal,14.2927
28,653,39195,4,0,2.9282,2.9282,0.7321,1000.0,0.7320500000000003,1.0,normal,17.2209
28,653,39210,3,0,0.1159,0.1159,0.0386,1000.0,0.7320500000000003,1.0,normal,17.3368
28,653,39225,0,0,0.0,0.0,0.7321,1000.0,0.7320500000000003,1.0,normal,17.3368
28,654,39240,1,0,0.1022,0.1022,0.1022,1000.0,0.8857805000000005,1.0,normal,17.439
28,654,39255,0,0,0.0,0.0,0.8858,1000.0,0.8857805000000005,1.0,normal,17.439
28,654,39270,1,0,0.8858,0.8858,0.8858,1000.0,0.8857805000000005,1.0,normal,18.3248
28,654,39285,2,0,0.1385,0.1385,0.0692,1000.0,0.8857805000000005,1.0,normal,18.4633
28,655,39300,5,0,2.3188,2.3188,0.4638,1000.0,1.0717944050000008,1.0,normal,20.7821
28,655,39315,2,0,2.1436,2.1436,1.0718,1000.0,1.0717944050000008,1.0,normal,22.9257
28,655,39330,0,0,0.0,0.0,0.006,1000.0,1.0717944050000008,1.0,normal,22.9257
28,655,39345,1,0,1.0718,1.0718,1.0718,1000.0,1.0717944050000008,1.0,normal,23.9975
28,656,39360,1,0,0.4877,0.4877,0.4877,1000.0,1.2968712300500012,1.0,normal,24.4852
28,656,39375,3,0,3.8906,3.8906,1.2969,1000.0,1.2968712300500012,1.0,normal,28.3758
28,656,39390,1,0,1.2969,1.2969,1.2969,1000.0,1.2968712300500012,1.0,normal,29.6727
28,656,39405,2,0,1.7322,1.7322,0.8661,1000.0,1.2968712300500012,1.0,normal,31.4049
28,657,39420,5,0,7.8461,7.8461,1.5692,1000.0,1.5692141883605017,1.0,normal,39.251
28,657,39435,10,0,15.0411,15.0411,1.5041,1000.0,1.5692141883605017,1.0,normal,54.2921
28,657,39450,4,0,6.2769,6.2769,1.5692,1000.0,1.5692141883605017,1.0,normal,60.569
28,657,39465,2,0,3.1384,3.1384,1.5692,1000.0,1.5692141883605017,1.0,normal,63.7074
28,658,39480,6,1,5.2145,5.2145,0.8691,1000.0,1.8987491679162074,1.0,normal,68.9219
28,658,39495,2,0,3.7975,3.7975,1.8987,1000.0,1.8987491679162074,1.0,normal,72.7194
28,658,39510,6,0,5.4132,5.4132,0.9022,1000.0,1.8987491679162074,1.0,normal,78.1326
28,658,39525,1,0,0.0629,0.0629,0.0629,1000.0,1.8987491679162074,1.0,normal,78.1955
28,659,39540,1,0,0.2478,0.2478,0.2478,1000.0,2.297486493178611,1.0,normal,78.4433
28,659,39555,6,2,13.7849,6.8925,2.2975,1000.0,2.297486493178611,1.0,normal,92.2282
28,659,39570,6,0,10.4038,10.4038,1.734,1000.0,2.297486493178611,1.0,normal,102.632
28,659,39585,10,0,22.9749,22.9749,2.2975,1000.0,2.297486493178611,1.0,normal,125.6069
28,660,39600,14,0,33.0913,33.0913,2.3637,1000.0,5.0,1.0,normal,158.6982
28,660,39615,14,0,24.2505,24.2505,1.7322,1000.0,5.0,1.0,normal,182.9487
28,660,39630,13,1,3.5489,3.5489,0.273,1000.0,5.0,1.0,normal,186.4976
28,660,39645,17,0,73.5164,73.5164,4.3245,1000.0,5.0,1.0,normal,260.014
28,661,39660,20,0,98.9417,98.9417,4.9471,1000.0,6.050000000000001,1.0,normal,358.9557
28,661,39675,11,0,38.3804,38.3804,3.4891,1000.0,6.050000000000001,1.0,normal,397.3361
28,661,39690,9,1,10.4017,10.4017,1.1557,1000.0,6.050000000000001,1.0,normal,407.7378
28,661,39705,8,1,46.9785,46.9785,5.8723,1000.0,6.050000000000001,1.0,normal,454.7163
28,662,39720,14,0,21.4858,21.4858,1.5347,1000.0,7.320500000000002,1.0,normal,476.2021
28,662,39735,22,0,8.0432,8.0432,0.3656,1000.0,7.320500000000002,1.0,normal,484.2453
28,662,39750,22,0,138.2935,138.2935,6.2861,1000.0,7.320500000000002,1.0,normal,622.5388
28,662,39765,19,0,76.123,76.123,4.0065,1000.0,7.320500000000002,1.0,normal,698.6618
28,663,39780,23,1,165.9769,165.9769,7.2164,1000.0,7.6499225000000015,1.0,normal,864.6387
28,663,39795,23,0,135.3613,135.3613,5.8216,1000.0,7.6499225000000015,1.0,budget_depleted,1000.0
28,663,39810,0,0,0.0,0.0,0.0,1000.0,7.6499225000000015,1.0,budget_depleted,1000.0
28,663,39825,0,0,0.0,0.0,0.0,1000.0,7.6499225000000015,1.0,budget_depleted,1000.0
28,664,39840,0,0,0.0,0.0,0.0,1000.0,5.737441875000001,1.0,budget_depleted,1000.0
28,664,39855,0,0,0.0,0.0,0.0,1000.0,5.737441875000001,1.0,budget_depleted,1000.0
28,664,39870,0,0,0.0,0.0,0.0,1000.0,5.737441875000001,1.0,budget_depleted,1000.0
28,664,39885,0,0,0.0,0.0,0.0,1000.0,5.737441875000001,1.0,budget_depleted,1000.0
28,665,39900,0,0,0.0,0.0,0.0,1000.0,4.3030814062500005,1.0,budget_depleted,1000.0
28,665,39915,0,0,0.0,0.0,0.0,1000.0,4.3030814062500005,1.0,budget_depleted,1000.0
28,665,39930,0,0,0.0,0.0,0.0,1000.0,4.3030814062500005,1.0,budget_depleted,1000.0
28,665,39945,0,0,0.0,0.0,0.0,1000.0,4.3030814062500005,1.0,budget_depleted,1000.0
28,666,39960,0,0,0.0,0.0,0.0,1000.0,3.2273110546875,1.0,budget_depleted,1000.0
28,666,39975,0,0,0.0,0.0,0.0,1000.0,3.2273110546875,1.0,budget_depleted,1000.0
28,666,39990,0,0,0.0,0.0,0.0,1000.0,3.2273110546875,1.0,budget_depleted,1000.0
28,666,40005,0,0,0.0,0.0,0.0,1000.0,3.2273110546875,1.0,budget_depleted,1000.0
28,667,40020,0,0,0.0,0.0,0.0,1000.0,2.420483291015625,1.0,budget_depleted,1000.0
28,667,40035,0,0,0.0,0.0,0.0,1000.0,2.420483291015625,1.0,budget_depleted,1000.0
28,667,40050,0,0,0.0,0.0,0.0,1000.0,2.420483291015625,1.0,budget_depleted,1000.0
28,667,40065,0,0,0.0,0.0,0.0,1000.0,2.420483291015625,1.0,budget_depleted,1000.0
28,668,40080,0,0,0.0,0.0,0.0,1000.0,1.8153624682617187,1.0,budget_depleted,1000.0
28,668,40095,0,0,0.0,0.0,0.0,1000.0,1.8153624682617187,1.0,budget_depleted,1000.0
28,668,40110,0,0,0.0,0.0,0.0,1000.0,1.8153624682617187,1.0,budget_depleted,1000.0
28,668,40125,0,0,0.0,0.0,0.0,1000.0,1.8153624682617187,1.0,budget_depleted,1000.0
28,669,40140,0,0,0.0,0.0,0.0,1000.0,1.361521851196289,1.0,budget_depleted,1000.0
28,669,40155,0,0,0.0,0.0,0.0,1000.0,1.361521851196289,1.0,budget_depleted,1000.0
28,669,40170,0,0,0.0,0.0,0.0,1000.0,1.361521851196289,1.0,budget_depleted,1000.0
28,669,40185,0,0,0.0,0.0,0.0,1000.0,1.361521851196289,1.0,budget_depleted,1000.0
28,670,40200,0,0,0.0,0.0,0.0,1000.0,1.0211413883972167,1.0,budget_depleted,1000.0
28,670,40215,0,0,0.0,0.0,0.0,1000.0,1.0211413883972167,1.0,budget_depleted,1000.0
28,670,40230,0,0,0.0,0.0,0.0,1000.0,1.0211413883972167,1.0,budget_depleted,1000.0
28,670,40245,0,0,0.0,0.0,0.0,1000.0,1.0211413883972167,1.0,budget_depleted,1000.0
28,671,40260,0,0,0.0,0.0,0.0,1000.0,0.7658560412979125,1.0,budget_depleted,1000.0
28,671,40275,0,0,0.0,0.0,0.0,1000.0,0.7658560412979125,1.0,budget_depleted,1000.0
28,671,40290,0,0,0.0,0.0,0.0,1000.0,0.7658560412979125,1.0,budget_depleted,1000.0
28,671,40305,0,0,0.0,0.0,0.0,1000.0,0.7658560412979125,1.0,budget_depleted,1000.0
29,672,40320,0,0,0.0,0.0,0.0,1000.0,0.5743920309734344,1.0,normal,0.0
29,672,40335,1,0,0.5744,0.5744,0.5744,1000.0,0.5743920309734344,1.0,normal,0.5744
29,672,40350,0,0,0.0,0.0,0.5744,1000.0,0.5743920309734344,1.0,normal,0.5744
29,672,40365,1,0,0.179,0.179,0.179,1000.0,0.5743920309734344,1.0,normal,0.7534
29,673,40380,1,0,0.5,0.5,0.5,1000.0,0.5,1.0,normal,1.2534
29,673,40395,1,0,0.5,0.5,0.5,1000.0,0.5,1.0,normal,1.7534
29,673,40410,1,0,0.5,0.5,0.5,1000.0,0.5,1.0,normal,2.2534
29,673,40425,2,0,1.0,1.0,0.5,1000.0,0.5,1.0,normal,3.2534
29,674,40440,2,0,1.0,1.0,0.5,1000.0,0.5,1.0,normal,4.2534
29,674,40455,0,0,0.0,0.0,0.5,1000.0,0.5,1.0,normal,4.2534
29,674,40470,2,0,0.0762,0.0762,0.0381,1000.0,0.5,1.0,normal,4.3296
29,674,40485,0,0,0.0,0.0,0.5,1000.0,0.5,1.0,normal,4.3296
29,675,40500,1,0,0.2453,0.2453,0.2453,1000.0,0.5,1.0,normal,4.5749
29,675,40515,0,0,0.0,0.0,0.5,1000.0,0.5,1.0,normal,4.5749
29,675,40530,0,0,0.0,0.0,0.5,1000.0,0.5,1.0,normal,4.5749
29,675,40545,2,0,1.0,1.0,0.5,1000.0,0.5,1.0,normal,5.5749
29,676,40560,2,0,0.2107,0.2107,0.1053,1000.0,0.5,1.0,normal,5.7856
29,676,40575,3,0,1.5,1.5,0.5,1000.0,0.5,1.0,normal,7.2856
29,676,40590,2,0,1.0,1.0,0.5,1000.0,0.5,1.0,normal,8.2856
29,676,40605,0,0,0.0,0.0,0.5,1000.0,0.5,1.0,normal,8.2856
29,677,40620,0,0,0.0,0.0,0.5,1000.0,0.5,1.0,normal,8.2856
29,677,40635,4,0,2.0,2.0,0.5,1000.0,0.5,1.0,normal,10.2856
29,677,40650,2,0,1.0,1.0,0.5,1000.0,0.5,1.0,normal,11.2856
29,677,40665,0,0,0.0,0.0,0.5,1000.0,0.5,1.0,normal,11.2856
29,678,40680,1,0,0.5,0.5,0.5,1000.0,0.5,1.0,normal,11.7856
29,678,40695,1,0,0.5,0.5,0.5,1000.0,0.5,1.0,normal,12.2856
29,678,40710,2,0,1.0,1.0,0.5,1000.0,0.5,1.0,normal,13.2856
29,678,40725,3,0,1.5,1.5,0.5,1000.0,0.5,1.0,normal,14.7856
29,679,40740,2,0,0.2133,0.2133,0.1067,1000.0,0.5,1.0,normal,14.9989
29,679,40755,1,0,0.5,0.5,0.5,1000.0,0.5,1.0,normal,15.4989
29,679,40770,1,0,0.2984,0.2984,0.2984,1000.0,0.5,1.0,normal,15.7973
29,679,40785,2,1,1.0,1.0,0.5,1000.0,0.5,1.0,normal,16.7973
29,680,40800,0,0,0.0,0.0,0.5,1000.0,0.5,1.0,normal,16.7973
29,680,40815,1,1,0.5,0.5,0.5,1000.0,0.5,1.0,normal,17.2973
29,680,40830,0,0,0.0,0.0,0.5,1000.0,0.5,1.0,normal,17.2973
29,680,40845,1,0,0.0192,0.0192,0.0192,1000.0,0.5,1.0,normal,17.3165
29,681,40860,0,0,0.0,0.0,0.5,1000.0,0.5,1.0,normal,17.3165
29,681,40875,2,0,1.0,1.0,0.5,1000.0,0.5,1.0,normal,18.3165
29,681,40890,3,0,0.7685,0.7685,0.2562,1000.0,0.5,1.0,normal,19.085
29,681,40905,3,0,1.5,1.5,0.5,1000.0,0.5,1.0,normal,20.585
29,682,40920,0,0,0.0,0.0,0.5,1000.0,0.5,1.0,normal,20.585
29,682,40935,1,0,0.5,0.5,0.5,1000.0,0.5,1.0,normal,21.085
29,682,40950,0,0,0.0,0.0,0.5,1000.0,0.5,1.0,normal,21.085
29,682,40965,1,0,0.5,0.5,0.5,1000.0,0.5,1.0,normal,21.585
29,683,40980,1,0,0.5,0.5,0.5,1000.0,0.5,1.0,normal,22.085
29,683,40995,1,0,0.5,0.5,0.5,1000.0,0.5,1.0,normal,22.585
29,683,41010,3,0,1.5,1.5,0.5,1000.0,0.5,1.0,normal,24.085
29,683,41025,1,0,0.5,0.5,0.5,1000.0,0.5,1.0,normal,24.585
29,684,41040,1,0,0.5,0.5,0.5,1000.0,0.5,1.0,normal,25.085
29,684,41055,1,0,0.5,0.5,0.5,1000.0,0.5,1.0,normal,25.585
29,684,41070,3,0,0.5712,0.5712,0.1904,1000.0,0.5,1.0,normal,26.1562
29,684,41085,3,0,1.5,1.5,0.5,1000.0,0.5,1.0,normal,27.6562
29,685,41100,1,0,0.5,0.5,0.5,1000.0,0.5,1.0,normal,28.1562
29,685,41115,2,0,1.0,1.0,0.5,1000.0,0.5,1.0,normal,29.1562
29,685,41130,1,0,0.5,0.5,0.5,1000.0,0.5,1.0,normal,29.6562
29,685,41145,1,0,0.5,0.5,0.5,1000.0,0.5,1.0,normal,30.1562
29,686,41160,0,0,0.0,0.0,0.5,1000.0,0.5,1.0,normal,30.1562
29,686,41175,2,1,1.0,1.0,0.5,1000.0,0.5,1.0,normal,31.1562
29,686,41190,2,0,1.0,1.0,0.5,1000.0,0.5,1.0,normal,32.1562
29,686,41205,2,0,0.5251,0.5251,0.2626,1000.0,0.5,1.0,normal,32.6813
29,687,41220,3,0,1.5675,1.5675,0.5225,1000.0,0.5225,1.0,normal,34.2488
29,687,41235,4,1,2.0248,2.0248,0.5062,1000.0,0.5225,1.0,normal,36.2736
29,687,41250,0,0,0.0,0.0,0.5225,1000.0,0.5225,1.0,normal,36.2736
29,687,41265,2,0,1.045,1.045,0.5225,1000.0,0.5225,1.0,normal,37.3186
29,688,41280,1,0,0.6322,0.6322,0.6322,1000.0,0.632225,1.0,normal,37.9508
29,688,41295,2,0,1.2645,1.2645,0.6322,1000.0,0.632225,1.0,normal,39.2153
29,688,41310,1,0,0.6322,0.6322,0.6322,1000.0,0.632225,1.0,normal,39.8475
29,688,41325,6,0,3.7934,3.7934,0.6322,1000.0,0.632225,1.0,normal,43.6409
29,689,41340,2,0,1.53,1.53,0.765,1000.0,0.7649922500000002,1.0,normal,45.1709
29,689,41355,1,0,0.765,0.765,0.765,1000.0,0.7649922500000002,1.0,normal,45.9359
29,689,41370,1,0,0.765,0.765,0.765,1000.0,0.7649922500000002,1.0,normal,46.7009
29,689,41385,3,0,0.6318,0.6318,0.2106,1000.0,0.7649922500000002,1.0,normal,47.3327
29,690,41400,3,0,0.5636,0.5636,0.1879,1000.0,0.9256406225000003,1.0,normal,47.8963
29,690,41415,2,0,1.8513,1.8513,0.9256,1000.0,0.9256406225000003,1.0,normal,49.7476
29,690,41430,4,0,3.7026,3.7026,0.9256,1000.0,0.9256406225000003,1.0,normal,53.4502
29,690,41445,1,0,0.9256,0.9256,0.9256,1000.0,0.9256406225000003,1.0,normal,54.3758
29,691,41460,3,0,3.3601,3.3601,1.12,1000.0,1.1200251532250005,1.0,normal,57.7359
29,691,41475,1,0,1.12,1.12,1.12,1000.0,1.1200251532250005,1.0,normal,58.8559
29,691,41490,5,0,5.6001,5.6001,1.12,1000.0,1.1200251532250005,1.0,normal,64.456
29,691,41505,2,1,2.2401,2.2401,1.12,1000.0,1.1200251532250005,1.0,normal,66.6961
29,692,41520,1,0,0.9944,0.9944,0.9944,1000.0,1.3552304354022509,1.0,normal,67.6905
29,692,41535,5,0,6.7762,6.7762,1.3552,1000.0,1.3552304354022509,1.0,normal,74.4667
29,692,41550,4,0,5.4209,5.4209,1.3552,1000.0,1.3552304354022509,1.0,normal,79.8876
29,692,41565,2,1,2.7105,2.7105,1.3552,1000.0,1.3552304354022509,1.0,normal,82.5981
29,693,41580,8,0,6.079,6.079,0.7599,1000.0,1.6398288268367238,1.0,normal,88.6771
29,693,41595,4,0,4.0377,4.0377,1.0094,1000.0,1.6398288268367238,1.0,normal,92.7148
29,693,41610,5,0,8.1991,8.1991,1.6398,1000.0,1.6398288268367238,1.0,normal,100.9139
29,693,41625,6,0,9.839,9.839,1.6398,1000.0,1.6398288268367238,1.0,normal,110.7529
29,694,41640,5,0,9.921,9.921,1.9842,1000.0,1.984192880472436,1.0,normal,120.6739
29,694,41655,2,0,3.9684,3.9684,1.9842,1000.0,1.984192880472436,1.0,normal,124.6423
29,694,41670,4,0,1.6006,1.6006,0.4002,1000.0,1.984192880472436,1.0,normal,126.2429
29,694,41685,6,0,11.9052,11.9052,1.9842,1000.0,1.984192880472436,1.0,normal,138.1481
29,695,41700,7,0,16.8061,16.8061,2.4009,1000.0,2.4008733853716477,1.0,normal,154.9542
29,695,41715,7,1,5.3405,5.3405,0.7629,1000.0,2.4008733853716477,1.0,normal,160.2947
29,695,41730,6,0,8.0182,8.0182,1.3364,1000.0,2.4008733853716477,1.0,normal,168.3129
29,695,41745,10,0,22.3849,22.3849,2.2385,1000.0,2.4008733853716477,1.0,normal,190.6978
30,696,41760,7,0,33.7578,33.7578,4.8225,1000.0,5.0,1.0,normal,33.7578
30,696,41775,14,0,70.0,70.0,5.0,1000.0,5.0,1.0,normal,103.7578
30,696,41790,13,1,59.6897,59.6897,4.5915,1000.0,5.0,1.0,normal,163.4475
30,696,41805,9,0,31.3879,31.3879,3.4875,1000.0,5.0,1.0,normal,194.8354
30,697,41820,15,0,11.307,11.307,0.7538,1000.0,6.050000000000001,1.0,normal,206.1424
30,697,41835,9,0,27.2735,27.2735,3.0304,1000.0,6.050000000000001,1.0,normal,233.4159
30,697,41850,13,0,31.9284,31.9284,2.456,1000.0,6.050000000000001,1.0,normal,265.3443
30,697,41865,9,1,41.6002,41.6002,4.6222,1000.0,6.050000000000001,1.0,normal,306.9445
30,698,41880,13,0,0.3759,0.3759,0.0289,1000.0,7.320500000000002,1.0,normal,307.3204
30,698,41895,24,1,109.9206,109.9206,4.58,1000.0,7.320500000000002,1.0,normal,417.241
30,698,41910,14,1,47.5442,47.5442,3.396,1000.0,7.320500000000002,1.0,normal,464.7852
30,698,41925,18,0,37.5386,37.5386,2.0855,1000.0,7.320500000000002,1.0,normal,502.3238
30,699,41940,19,2,83.0971,41.5485,4.3735,1000.0,8.857805000000003,1.0,normal,585.4209
30,699,41955,25,2,172.0993,86.0497,6.884,1000.0,8.857805000000003,1.0,normal,757.5202
30,699,41970,14,0,67.2018,67.2018,4.8001,1000.0,8.857805000000003,1.0,normal,824.722
30,699,41985,19,0,135.5717,135.5717,7.1354,1000.0,8.857805000000003,1.0,budget_constrained,960.2937
30,700,42000,11,0,22.6773,22.6773,2.0616,1000.0,7.9720245000000025,1.0,budget_constrained,982.971
30,700,42015,2,0,17.029,17.029,6.4685,1000.0,7.9720245000000025,1.0,budget_constrained,1000.0
30,700,42030,0,0,0.0,0.0,1.6051,1000.0,7.9720245000000025,1.0,budget_constrained,1000.0
30,700,42045,0,0,0.0,0.0,0.2783,1000.0,7.9720245000000025,1.0,budget_constrained,1000.0
30,701,42060,0,0,0.0,0.0,4.9556,1000.0,7.174822050000002,1.0,budget_constrained,1000.0
30,701,42075,0,0,0.0,0.0,6.372,1000.0,7.174822050000002,1.0,budget_constrained,1000.0
30,701,42090,0,0,0.0,0.0,6.419,1000.0,7.174822050000002,1.0,budget_constrained,1000.0
30,701,42105,0,0,0.0,0.0,3.6279,1000.0,7.174822050000002,1.0,budget_constrained,1000.0
30,702,42120,0,0,0.0,0.0,6.4573,1000.0,6.457339845000002,1.0,budget_constrained,1000.0
30,702,42135,0,0,0.0,0.0,0.7009,1000.0,6.457339845000002,1.0,budget_constrained,1000.0
30,702,42150,0,0,0.0,0.0,5.2145,1000.0,6.457339845000002,1.0,budget_constrained,1000.0
30,702,42165,0,0,0.0,0.0,4.0685,1000.0,6.457339845000002,1.0,budget_constrained,1000.0
30,703,42180,0,0,0.0,0.0,2.6346,1000.0,5.811605860500002,1.0,budget_constrained,1000.0
30,703,42195,0,0,0.0,0.0,2.5971,1000.0,5.811605860500002,1.0,budget_constrained,1000.0
30,703,42210,0,0,0.0,0.0,4.8755,1000.0,5.811605860500002,1.0,budget_constrained,1000.0
30,703,42225,0,0,0.0,0.0,4.5198,1000.0,5.811605860500002,1.0,budget_constrained,1000.0
30,704,42240,0,0,0.0,0.0,2.6526,1000.0,4.968923010727502,1.0,budget_constrained,1000.0
30,704,42255,0,0,0.0,0.0,1.134,1000.0,4.968923010727502,1.0,budget_constrained,1000.0
30,704,42270,0,0,0.0,0.0,4.926,1000.0,4.968923010727502,1.0,budget_constrained,1000.0
30,704,42285,0,0,0.0,0.0,4.9689,1000.0,4.968923010727502,1.0,budget_constrained,1000.0
30,705,42300,0,0,0.0,0.0,3.8012,1000.0,3.801226103206539,1.0,budget_constrained,1000.0
30,705,42315,0,0,0.0,0.0,1.894,1000.0,3.801226103206539,1.0,budget_constrained,1000.0
30,705,42330,0,0,0.0,0.0,3.8012,1000.0,3.801226103206539,1.0,budget_constrained,1000.0
30,705,42345,0,0,0.0,0.0,3.8012,1000.0,3.801226103206539,1.0,budget_constrained,1000.0
30,706,42360,0,0,0.0,0.0,0.9666,1000.0,2.9079379689530027,1.0,budget_constrained,1000.0
30,706,42375,0,0,0.0,0.0,2.9079,1000.0,2.9079379689530027,1.0,budget_constrained,1000.0
30,706,42390,0,0,0.0,0.0,0.0564,1000.0,2.9079379689530027,1.0,budget_constrained,1000.0
30,706,42405,0,0,0.0,0.0,0.4546,1000.0,2.9079379689530027,1.0,budget_constrained,1000.0
30,707,42420,0,0,0.0,0.0,2.2246,1000.0,2.224572546249047,1.0,budget_constrained,1000.0
30,707,42435,0,0,0.0,0.0,0.1123,1000.0,2.224572546249047,1.0,budget_constrained,1000.0
30,707,42450,0,0,0.0,0.0,2.2246,1000.0,2.224572546249047,1.0,budget_constrained,1000.0
30,707,42465,0,0,0.0,0.0,0.6129,1000.0,2.224572546249047,1.0,budget_constrained,1000.0
30,708,42480,0,0,0.0,0.0,1.7018,1000.0,1.701797997880521,1.0,budget_constrained,1000.0
30,708,42495,0,0,0.0,0.0,1.2221,1000.0,1.701797997880521,1.0,budget_constrained,1000.0
30,708,42510,0,0,0.0,0.0,0.4006,1000.0,1.701797997880521,1.0,budget_constrained,1000.0
30,708,42525,0,0,0.0,0.0,1.3419,1000.0,1.701797997880521,1.0,budget_constrained,1000.0
30,709,42540,0,0,0.0,0.0,0.7953,1000.0,1.3018754683785987,1.0,budget_constrained,1000.0
30,709,42555,0,0,0.0,0.0,1.3019,1000.0,1.3018754683785987,1.0,budget_constrained,1000.0
30,709,42570,0,0,0.0,0.0,0.8309,1000.0,1.3018754683785987,1.0,budget_constrained,1000.0
30,709,42585,0,0,0.0,0.0,1.3019,1000.0,1.3018754683785987,1.0,budget_constrained,1000.0
30,710,42600,0,0,0.0,0.0,0.9959,1000.0,0.9959347333096279,1.0,budget_constrained,1000.0
30,710,42615,0,0,0.0,0.0,0.9959,1000.0,0.9959347333096279,1.0,budget_constrained,1000.0
30,710,42630,0,0,0.0,0.0,0.9959,1000.0,0.9959347333096279,1.0,budget_constrained,1000.0
30,710,42645,0,0,0.0,0.0,0.9959,1000.0,0.9959347333096279,1.0,budget_constrained,1000.0
30,711,42660,0,0,0.0,0.0,0.7619,1000.0,0.7618900709818653,1.0,budget_constrained,1000.0
30,711,42675,0,0,0.0,0.0,0.7619,1000.0,0.7618900709818653,1.0,budget_constrained,1000.0
30,711,42690,0,0,0.0,0.0,0.7568,1000.0,0.7618900709818653,1.0,budget_constrained,1000.0
30,711,42705,0,0,0.0,0.0,0.7619,1000.0,0.7618900709818653,1.0,budget_constrained,1000.0
30,712,42720,0,0,0.0,0.0,0.5143,1000.0,0.5142757979127591,1.0,budget_constrained,1000.0
30,712,42735,0,0,0.0,0.0,0.5143,1000.0,0.5142757979127591,1.0,budget_constrained,1000.0
30,712,42750,0,0,0.0,0.0,0.0367,1000.0,0.5142757979127591,1.0,budget_constrained,1000.0
30,712,42765,0,0,0.0,0.0,0.3021,1000.0,0.5142757979127591,1.0,budget_constrained,1000.0
30,713,42780,0,0,0.0,0.0,0.5,1000.0,0.5,1.0,budget_constrained,1000.0
30,713,42795,0,0,0.0,0.0,0.5,1000.0,0.5,1.0,budget_constrained,1000.0
30,713,42810,0,0,0.0,0.0,0.5,1000.0,0.5,1.0,budget_constrained,1000.0
30,713,42825,0,0,0.0,0.0,0.5,1000.0,0.5,1.0,budget_constrained,1000.0
30,714,42840,0,0,0.0,0.0,0.4289,1000.0,0.5,1.0,budget_constrained,1000.0
30,714,42855,0,0,0.0,0.0,0.5,1000.0,0.5,1.0,budget_constrained,1000.0
30,714,42870,0,0,0.0,0.0,0.4353,1000.0,0.5,1.0,budget_constrained,1000.0
30,714,42885,0,0,0.0,0.0,0.5,1000.0,0.5,1.0,budget_constrained,1000.0
30,715,42900,0,0,0.0,0.0,0.5,1000.0,0.5,1.0,budget_constrained,1000.0
30,715,42915,0,0,0.0,0.0,0.5,1000.0,0.5,1.0,budget_constrained,1000.0
30,715,42930,0,0,0.0,0.0,0.5,1000.0,0.5,1.0,budget_constrained,1000.0
30,715,42945,0,0,0.0,0.0,0.5,1000.0,0.5,1.0,budget_constrained,1000.0
30,716,42960,0,0,0.0,0.0,0.5,1000.0,0.5,1.0,budget_constrained,1000.0
30,716,42975,0,0,0.0,0.0,0.5,1000.0,0.5,1.0,budget_constrained,1000.0
30,716,42990,0,0,0.0,0.0,0.5,1000.0,0.5,1.0,budget_constrained,1000.0
30,716,43005,0,0,0.0,0.0,0.0467,1000.0,0.5,1.0,budget_constrained,1000.0
30,717,43020,0,0,0.0,0.0,0.5,1000.0,0.5,1.0,budget_constrained,1000.0
30,717,43035,0,0,0.0,0.0,0.5,1000.0,0.5,1.0,budget_constrained,1000.0
30,717,43050,0,0,0.0,0.0,0.5,1000.0,0.5,1.0,budget_constrained,1000.0
30,717,43065,0,0,0.0,0.0,0.5,1000.0,0.5,1.0,budget_constrained,1000.0
30,718,43080,0,0,0.0,0.0,0.5,1000.0,0.5,1.0,budget_constrained,1000.0
30,718,43095,0,0,0.0,0.0,0.5,1000.0,0.5,1.0,budget_constrained,1000.0
30,718,43110,0,0,0.0,0.0,0.5,1000.0,0.5,1.0,budget_constrained,1000.0
30,718,43125,0,0,0.0,0.0,0.5,1000.0,0.5,1.0,budget_constrained,1000.0
30,719,43140,0,0,0.0,0.0,0.5,1000.0,0.5,1.0,budget_constrained,1000.0
30,719,43155,0,0,0.0,0.0,0.5,1000.0,0.5,1.0,budget_constrained,1000.0
30,719,43170,0,0,0.0,0.0,0.5,1000.0,0.5,1.0,budget_constrained,1000.0
30,719,43185,0,0,0.0,0.0,0.5,1000.0,0.5,1.0,budget_constrained,1000.0
31,720,43200,0,0,0.0,0.0,0.5,1000.0,0.5,1.0,normal,0.0
31,720,43215,1,0,0.5,0.5,0.5,1000.0,0.5,1.0,normal,0.5
31,720,43230,4,1,2.0,2.0,0.5,1000.0,0.5,1.0,normal,2.5
31,720,43245,1,0,0.5,0.5,0.5,1000.0,0.5,1.0,normal,3.0
31,721,43260,1,0,0.5,0.5,0.5,1000.0,0.5,1.0,normal,3.5
31,721,43275,1,0,0.5,0.5,0.5,1000.0,0.5,1.0,normal,4.0
31,721,43290,0,0,0.0,0.0,0.5,1000.0,0.5,1.0,normal,4.0
31,721,43305,1,0,0.5,0.5,0.5,1000.0,0.5,1.0,normal,4.5
31,722,43320,2,0,1.0,1.0,0.5,1000.0,0.5,1.0,normal,5.5
31,722,43335,1,0,0.5,0.5,0.5,1000.0,0.5,1.0,normal,6.0
31,722,43350,0,0,0.0,0.0,0.5,1000.0,0.5,1.0,normal,6.0
31,722,43365,3,0,1.5,1.5,0.5,1000.0,0.5,1.0,normal,7.5
31,723,43380,1,0,0.5,0.5,0.5,1000.0,0.5,1.0,normal,8.0
31,723,43395,0,0,0.0,0.0,0.5,1000.0,0.5,1.0,normal,8.0
31,723,43410,2,0,0.4564,0.4564,0.2282,1000.0,0.5,1.0,normal,8.4564
31,723,43425,1,0,0.5,0.5,0.5,1000.0,0.5,1.0,normal,8.9564
31,724,43440,0,0,0.0,0.0,0.605,1000.0,0.6050000000000001,1.0,normal,8.9564
31,724,43455,2,0,1.21,1.21,0.605,1000.0,0.6050000000000001,1.0,normal,10.1664
31,724,43470,1,0,0.605,0.605,0.605,1000.0,0.6050000000000001,1.0,normal,10.7714
31,724,43485,1,0,0.3434,0.3434,0.3434,1000.0,0.6050000000000001,1.0,normal,11.1148
31,725,43500,3,0,0.4653,0.4653,0.1551,1000.0,0.7320500000000003,1.0,normal,11.5801
31,725,43515,0,0,0.0,0.0,0.497,1000.0,0.7320500000000003,1.0,normal,11.5801
31,725,43530,1,0,0.7321,0.7321,0.7321,1000.0,0.7320500000000003,1.0,normal,12.3122
31,725,43545,1,0,0.0712,0.0712,0.0712,1000.0,0.7320500000000003,1.0,normal,12.3834
31,726,43560,2,0,1.7716,1.7716,0.8858,1000.0,0.8857805000000005,1.0,normal,14.155
31,726,43575,3,0,2.6573,2.6573,0.8858,1000.0,0.8857805000000005,1.0,normal,16.8123
31,726,43590,6,0,1.1679,1.1679,0.1947,1000.0,0.8857805000000005,1.0,normal,17.9802
31,726,43605,3,0,2.6573,2.6573,0.8858,1000.0,0.8857805000000005,1.0,normal,20.6375
31,727,43620,4,0,4.2872,4.2872,1.0718,1000.0,1.0717944050000008,1.0,normal,24.9247
31,727,43635,1,0,1.0718,1.0718,1.0718,1000.0,1.0717944050000008,1.0,normal,25.9965
31,727,43650,3,0,3.2154,3.2154,1.0718,1000.0,1.0717944050000008,1.0,normal,29.2119
31,727,43665,6,0,6.4308,6.4308,1.0718,1000.0,1.0717944050000008,1.0,normal,35.6427
31,728,43680,5,0,6.4844,6.4844,1.2969,1000.0,1.2968712300500012,1.0,normal,42.1271
31,728,43695,1,0,1.2969,1.2969,1.2969,1000.0,1.2968712300500012,1.0,normal,43.424
31,728,43710,1,0,1.1052,1.1052,1.1052,1000.0,1.2968712300500012,1.0,normal,44.5292
31,728,43725,5,0,0.5679,0.5679,0.1136,1000.0,1.2968712300500012,1.0,normal,45.0971
31,729,43740,4,0,6.2769,6.2769,1.5692,1000.0,1.5692141883605017,1.0,normal,51.374
31,729,43755,2,0,3.1384,3.1384,1.5692,1000.0,1.5692141883605017,1.0,normal,54.5124
31,729,43770,4,0,6.2769,6.2769,1.5692,1000.0,1.5692141883605017,1.0,normal,60.7893
31,729,43785,2,0,3.1384,3.1384,1.5692,1000.0,1.5692141883605017,1.0,normal,63.9277
31,730,43800,5,0,9.4937,9.4937,1.8987,1000.0,1.8987491679162074,1.0,normal,73.4214
31,730,43815,1,0,1.2154,1.2154,1.2154,1000.0,1.8987491679162074,1.0,normal,74.6368
31,730,43830,2,0,3.2718,3.2718,1.6359,1000.0,1.8987491679162074,1.0,normal,77.9086
31,730,43845,7,0,11.1705,11.1705,1.5958,1000.0,1.8987491679162074,1.0,normal,89.0791
31,731,43860,4,0,7.1013,7.1013,1.7753,1000.0,1.7753304720016538,1.0,normal,96.1804
31,731,43875,2,0,3.3343,3.3343,1.6672,1000.0,1.7753304720016538,1.0,normal,99.5147
31,731,43890,3,0,1.9338,1.9338,0.6446,1000.0,1.7753304720016538,1.0,normal,101.4485
31,731,43905,3,0,5.326,5.326,1.7753,1000.0,1.7753304720016538,1.0,normal,106.7745
31,732,43920,7,0,25.9485,25.9485,3.7069,1000.0,5.0,1.0,normal,132.723
31,732,43935,11,1,7.7483,7.7483,0.7044,1000.0,5.0,1.0,normal,140.4713
31,732,43950,11,2,55.0,27.5,5.0,1000.0,5.0,1.0,normal,195.4713
31,732,43965,9,0,20.0376,20.0376,2.2264,1000.0,5.0,1.0,normal,215.5089
31,733,43980,19,0,91.1522,91.1522,4.7975,1000.0,6.050000000000001,1.0,normal,306.6611
31,733,43995,19,1,24.0761,24.0761,1.2672,1000.0,6.050000000000001,1.0,normal,330.7372
31,733,44010,12,0,18.7365,18.7365,1.5614,1000.0,6.050000000000001,1.0,normal,349.4737
31,733,44025,16,0,0.1024,0.1024,0.0064,1000.0,6.050000000000001,1.0,normal,349.5761
31,734,44040,18,0,98.9143,98.9143,5.4952,1000.0,6.655000000000001,1.0,normal,448.4904
31,734,44055,11,0,45.7494,45.7494,4.159,1000.0,6.655000000000001,1.0,normal,494.2398
31,734,44070,16,1,45.564,45.564,2.8478,1000.0,6.655000000000001,1.0,normal,539.8038
31,734,44085,18,0,22.4323,22.4323,1.2462,1000.0,6.655000000000001,1.0,normal,562.2361
31,735,44100,13,0,24.7234,24.7234,1.9018,1000.0,6.222425000000001,1.0,normal,586.9595
31,735,44115,17,0,87.8092,87.8092,5.1652,1000.0,6.222425000000001,1.0,normal,674.7687
31,735,44130,15,0,91.7235,91.7235,6.1149,1000.0,6.222425000000001,1.0,normal,766.4922
31,735,44145,15,0,50.414,50.414,3.3609,1000.0,6.222425000000001,1.0,normal,816.9062
31,736,44160,13,0,66.7355,66.7355,5.1335,1000.0,5.133500625000002,1.0,normal,883.6417
31,736,44175,15,0,77.0025,77.0025,5.1335,1000.0,5.133500625000002,1.0,budget_constrained,960.6442
31,736,44190,8,0,39.3558,39.3558,4.7698,1000.0,5.133500625000002,1.0,budget_depleted,1000.0
31,736,44205,0,0,0.0,0.0,0.0,1000.0,5.133500625000002,1.0,budget_depleted,1000.0
31,737,44220,0,0,0.0,0.0,0.0,1000.0,3.8501254687500013,1.0,budget_depleted,1000.0
31,737,44235,0,0,0.0,0.0,0.0,1000.0,3.8501254687500013,1.0,budget_depleted,1000.0
31,737,44250,0,0,0.0,0.0,0.0,1000.0,3.8501254687500013,1.0,budget_depleted,1000.0
31,737,44265,0,0,0.0,0.0,0.0,1000.0,3.8501254687500013,1.0,budget_depleted,1000.0
31,738,44280,0,0,0.0,0.0,0.0,1000.0,2.887594101562501,1.0,budget_depleted,1000.0
31,738,44295,0,0,0.0,0.0,0.0,1000.0,2.887594101562501,1.0,budget_depleted,1000.0
31,738,44310,0,0,0.0,0.0,0.0,1000.0,2.887594101562501,1.0,budget_depleted,1000.0
31,738,44325,0,0,0.0,0.0,0.0,1000.0,2.887594101562501,1.0,budget_depleted,1000.0
31,739,44340,0,0,0.0,0.0,0.0,1000.0,2.165695576171876,1.0,budget_depleted,1000.0
31,739,44355,0,0,0.0,0.0,0.0,1000.0,2.165695576171876,1.0,budget_depleted,1000.0
31,739,44370,0,0,0.0,0.0,0.0,1000.0,2.165695576171876,1.0,budget_depleted,1000.0
31,739,44385,0,0,0.0,0.0,0.0,1000.0,2.165695576171876,1.0,budget_depleted,1000.0
31,740,44400,0,0,0.0,0.0,0.0,1000.0,1.624271682128907,1.0,budget_depleted,1000.0
31,740,44415,0,0,0.0,0.0,0.0,1000.0,1.624271682128907,1.0,budget_depleted,1000.0
31,740,44430,0,0,0.0,0.0,0.0,1000.0,1.624271682128907,1.0,budget_depleted,1000.0
31,740,44445,0,0,0.0,0.0,0.0,1000.0,1.624271682128907,1.0,budget_depleted,1000.0
31,741,44460,0,0,0.0,0.0,0.0,1000.0,1.2182037615966803,1.0,budget_depleted,1000.0
31,741,44475,0,0,0.0,0.0,0.0,1000.0,1.2182037615966803,1.0,budget_depleted,1000.0
31,741,44490,0,0,0.0,0.0,0.0,1000.0,1.2182037615966803,1.0,budget_depleted,1000.0
31,741,44505,0,0,0.0,0.0,0.0,1000.0,1.2182037615966803,1.0,budget_depleted,1000.0
31,742,44520,0,0,0.0,0.0,0.0,1000.0,0.9136528211975102,1.0,budget_depleted,1000.0
31,742,44535,0,0,0.0,0.0,0.0,1000.0,0.9136528211975102,1.0,budget_depleted,1000.0
31,742,44550,0,0,0.0,0.0,0.0,1000.0,0.9136528211975102,1.0,budget_depleted,1000.0
31,742,44565,0,0,0.0,0.0,0.0,1000.0,0.9136528211975102,1.0,budget_depleted,1000.0
31,743,44580,0,0,0.0,0.0,0.0,1000.0,0.6852396158981326,1.0,budget_depleted,1000.0
31,743,44595,0,0,0.0,0.0,0.0,1000.0,0.6852396158981326,1.0,budget_depleted,1000.0
31,743,44610,0,0,0.0,0.0,0.0,1000.0,0.6852396158981326,1.0,budget_depleted,1000.0
31,743,44625,0,0,0.0,0.0,0.0,1000.0,0.6852396158981326,1.0,budget_depleted,1000.0
32,744,44640,0,0,0.0,0.0,0.0,1000.0,0.5139297119235995,1.0,normal,0.0
32,744,44655,2,0,1.0279,1.0279,0.5139,1000.0,0.5139297119235995,1.0,normal,1.0279
32,744,44670,2,0,0.9256,0.9256,0.4628,1000.0,0.5139297119235995,1.0,normal,1.9535
32,744,44685,1,0,0.5139,0.5139,0.5139,1000.0,0.5139297119235995,1.0,normal,2.4674
32,745,44700,2,0,0.8624,0.8624,0.4312,1000.0,0.5,1.0,normal,3.3298
32,745,44715,2,0,0.7174,0.7174,0.3587,1000.0,0.5,1.0,normal,4.0472
32,745,44730,1,0,0.2531,0.2531,0.2531,1000.0,0.5,1.0,normal,4.3003
32,745,44745,1,0,0.5,0.5,0.5,1000.0,0.5,1.0,normal,4.8003
32,746,44760,0,0,0.0,0.0,0.5,1000.0,0.5,1.0,normal,4.8003
32,746,44775,0,0,0.0,0.0,0.2967,1000.0,0.5,1.0,normal,4.8003
32,746,44790,0,0,0.0,0.0,0.5,1000.0,0.5,1.0,normal,4.8003
32,746,44805,1,0,0.0828,0.0828,0.0828,1000.0,0.5,1.0,normal,4.8831
32,747,44820,1,0,0.5,0.5,0.5,1000.0,0.5,1.0,normal,5.3831
32,747,44835,2,0,1.0,1.0,0.5,1000.0,0.5,1.0,normal,6.3831
32,747,44850,0,0,0.0,0.0,0.5,1000.0,0.5,1.0,normal,6.3831
32,747,44865,3,0,0.9412,0.9412,0.3137,1000.0,0.5,1.0,normal,7.3243
32,748,44880,2,0,1.0,1.0,0.5,1000.0,0.5,1.0,normal,8.3243
32,748,44895,1,0,0.5,0.5,0.5,1000.0,0.5,1.0,normal,8.8243
32,748,44910,0,0,0.0,0.0,0.3181,1000.0,0.5,1.0,normal,8.8243
32,748,44925,2,0,0.0122,0.0122,0.0061,1000.0,0.5,1.0,normal,8.8365
32,749,44940,1,0,0.5,0.5,0.5,1000.0,0.5,1.0,normal,9.3365
32,749,44955,2,0,1.0,1.0,0.5,1000.0,0.5,1.0,normal,10.3365
32,749,44970,2,0,1.0,1.0,0.5,1000.0,0.5,1.0,normal,11.3365
32,749,44985,1,0,0.0606,0.0606,0.0606,1000.0,0.5,1.0,normal,11.3971
32,750,45000,2,0,1.0,1.0,0.5,1000.0,0.5,1.0,normal,12.3971
32,750,45015,1,0,0.5,0.5,0.5,1000.0,0.5,1.0,normal,12.8971
32,750,45030,2,0,1.0,1.0,0.5,1000.0,0.5,1.0,normal,13.8971
32,750,45045,3,0,1.5,1.5,0.5,1000.0,0.5,1.0,normal,15.3971
32,751,45060,0,0,0.0,0.0,0.5,1000.0,0.5,1.0,normal,15.3971
32,751,45075,1,0,0.4016,0.4016,0.4016,1000.0,0.5,1.0,normal,15.7987
32,751,45090,2,0,1.0,1.0,0.5,1000.0,0.5,1.0,normal,16.7987
32,751,45105,1,1,0.5,0.5,0.5,1000.0,0.5,1.0,normal,17.2987
32,752,45120,0,0,0.0,0.0,0.5,1000.0,0.5,1.0,normal,17.2987
32,752,45135,3,0,0.0844,0.0844,0.0281,1000.0,0.5,1.0,normal,17.3831
32,752,45150,2,0,0.1048,0.1048,0.0524,1000.0,0.5,1.0,normal,17.4879
32,752,45165,3,0,1.5,1.5,0.5,1000.0,0.5,1.0,normal,18.9879
32,753,45180,0,0,0.0,0.0,0.5,1000.0,0.5,1.0,normal,18.9879
32,753,45195,1,0,0.5,0.5,0.5,1000.0,0.5,1.0,normal,19.4879
32,753,45210,0,0,0.0,0.0,0.5,1000.0,0.5,1.0,normal,19.4879
32,753,45225,0,0,0.0,0.0,0.5,1000.0,0.5,1.0,normal,19.4879
32,754,45240,3,0,1.5,1.5,0.5,1000.0,0.5,1.0,normal,20.9879
32,754,45255,1,0,0.5,0.5,0.5,1000.0,0.5,1.0,normal,21.4879
32,754,45270,0,0,0.0,0.0,0.5,1000.0,0.5,1.0,normal,21.4879
32,754,45285,2,0,1.0,1.0,0.5,1000.0,0.5,1.0,normal,22.4879
32,755,45300,3,0,1.5,1.5,0.5,1000.0,0.5,1.0,normal,23.9879
32,755,45315,3,0,1.2526,1.2526,0.4175,1000.0,0.5,1.0,normal,25.2405
32,755,45330,1,0,0.5,0.5,0.5,1000.0,0.5,1.0,normal,25.7405
32,755,45345,0,0,0.0,0.0,0.0459,1000.0,0.5,1.0,normal,25.7405
32,756,45360,0,0,0.0,0.0,0.5,1000.0,0.5,1.0,normal,25.7405
32,756,45375,3,0,1.5,1.5,0.5,1000.0,0.5,1.0,normal,27.2405
32,756,45390,0,0,0.0,0.0,0.0722,1000.0,0.5,1.0,normal,27.2405
32,756,45405,3,0,1.5,1.5,0.5,1000.0,0.5,1.0,normal,28.7405
32,757,45420,2,0,1.0,1.0,0.5,1000.0,0.5,1.0,normal,29.7405
32,757,45435,1,0,0.5,0.5,0.5,1000.0,0.5,1.0,normal,30.2405
32,757,45450,0,0,0.0,0.0,0.5,1000.0,0.5,1.0,normal,30.2405
32,757,45465,3,0,1.5,1.5,0.5,1000.0,0.5,1.0,normal,31.7405
32,758,45480,4,0,2.0,2.0,0.5,1000.0,0.5,1.0,normal,33.7405
32,758,45495,4,0,2.0,2.0,0.5,1000.0,0.5,1.0,normal,35.7405
32,758,45510,0,0,0.0,0.0,0.5,1000.0,0.5,1.0,normal,35.7405
32,758,45525,2,1,0.2081,0.2081,0.1041,1000.0,0.5,1.0,normal,35.9486
32,759,45540,5,0,2.5,2.5,0.5,1000.0,0.5,1.0,normal,38.4486
32,759,45555,0,0,0.0,0.0,0.3759,1000.0,0.5,1.0,normal,38.4486
32,759,45570,0,0,0.0,0.0,0.5,1000.0,0.5,1.0,normal,38.4486
32,759,45585,1,0,0.5,0.5,0.5,1000.0,0.5,1.0,normal,38.9486
32,760,45600,0,0,0.0,0.0,0.5,1000.0,0.5,1.0,normal,38.9486
32,760,45615,1,0,0.3847,0.3847,0.3847,1000.0,0.5,1.0,normal,39.3333
32,760,45630,0,0,0.0,0.0,0.5,1000.0,0.5,1.0,normal,39.3333
32,760,45645,1,0,0.5,0.5,0.5,1000.0,0.5,1.0,normal,39.8333
32,761,45660,5,0,3.025,3.025,0.605,1000.0,0.6050000000000001,1.0,normal,42.8583
32,761,45675,3,0,1.815,1.815,0.605,1000.0,0.6050000000000001,1.0,normal,44.6733
32,761,45690,0,0,0.0,0.0,0.605,1000.0,0.6050000000000001,1.0,normal,44.6733
32,761,45705,2,0,1.21,1.21,0.605,1000.0,0.6050000000000001,1.0,normal,45.8833
32,762,45720,0,0,0.0,0.0,0.7321,1000.0,0.7320500000000003,1.0,normal,45.8833
32,762,45735,1,0,0.7321,0.7321,0.7321,1000.0,0.7320500000000003,1.0,normal,46.6154
32,762,45750,2,0,1.4641,1.4641,0.7321,1000.0,0.7320500000000003,1.0,normal,48.0795
32,762,45765,3,0,2.1962,2.1962,0.7321,1000.0,0.7320500000000003,1.0,normal,50.2757
32,763,45780,3,0,2.6573,2.6573,0.8858,1000.0,0.8857805000000005,1.0,normal,52.933
32,763,45795,2,0,1.7716,1.7716,0.8858,1000.0,0.8857805000000005,1.0,normal,54.7046
32,763,45810,1,0,0.8858,0.8858,0.8858,1000.0,0.8857805000000005,1.0,normal,55.5904
32,763,45825,4,0,1.8808,1.8808,0.4702,1000.0,0.8857805000000005,1.0,normal,57.4712
32,764,45840,4,0,4.2872,4.2872,1.0718,1000.0,1.0717944050000008,1.0,normal,61.7584
32,764,45855,2,0,1.1613,1.1613,0.5806,1000.0,1.0717944050000008,1.0,normal,62.9197
32,764,45870,2,0,2.1436,2.1436,1.0718,1000.0,1.0717944050000008,1.0,normal,65.0633
32,764,45885,4,0,4.2872,4.2872,1.0718,1000.0,1.0717944050000008,1.0,normal,69.3505
32,765,45900,4,0,5.1875,5.1875,1.2969,1000.0,1.2968712300500012,1.0,normal,74.538
32,765,45915,5,0,1.1533,1.1533,0.2307,1000.0,1.2968712300500012,1.0,normal,75.6913
32,765,45930,4,0,5.1023,5.1023,1.2756,1000.0,1.2968712300500012,1.0,normal,80.7936
32,765,45945,1,0,1.2969,1.2969,1.2969,1000.0,1.2968712300500012,1.0,normal,82.0905
32,766,45960,5,1,2.9747,2.9747,0.5949,1000.0,1.5692141883605017,1.0,normal,85.0652
32,766,45975,3,0,0.4971,0.4971,0.1657,1000.0,1.5692141883605017,1.0,normal,85.5623
32,766,45990,5,0,7.8461,7.8461,1.5692,1000.0,1.5692141883605017,1.0,normal,93.4084
32,766,46005,2,0,3.1384,3.1384,1.5692,1000.0,1.5692141883605017,1.0,normal,96.5468
32,767,46020,2,0,3.7975,3.7975,1.8987,1000.0,1.8987491679162074,1.0,normal,100.3443
32,767,46035,6,0,11.3925,11.3925,1.8987,1000.0,1.8987491679162074,1.0,normal,111.7368
32,767,46050,1,0,1.8987,1.8987,1.8987,1000.0,1.8987491679162074,1.0,normal,113.6355
32,767,46065,5,0,9.4937,9.4937,1.8987,1000.0,1.8987491679162074,1.0,normal,123.1292
33,768,46080,15,0,41.955,41.955,2.797,1000.0,5.0,1.0,normal,41.955
33,768,46095,6,0,14.7029,14.7029,2.4505,1000.0,5.0,1.0,normal,56.6579
33,768,46110,16,0,5.1697,5.1697,0.3231,1000.0,5.0,1.0,normal,61.8276
33,768,46125,15,2,59.5707,29.7853,3.9714,1000.0,5.0,1.0,normal,121.3983
33,769,46140,19,0,61.4718,61.4718,3.2354,1000.0,6.050000000000001,1.0,normal,182.8701
33,769,46155,13,0,9.3173,9.3173,0.7167,1000.0,6.050000000000001,1.0,normal,192.1874
33,769,46170,23,0,51.7077,51.7077,2.2482,1000.0,6.050000000000001,1.0,normal,243.8951
33,769,46185,16,1,81.6858,81.6858,5.1054,1000.0,6.050000000000001,1.0,normal,325.5809
33,770,46200,10,0,45.6235,45.6235,4.5623,1000.0,6.655000000000001,1.0,normal,371.2044
33,770,46215,20,1,131.5301,131.5301,6.5765,1000.0,6.655000000000001,1.0,normal,502.7345
33,770,46230,14,1,35.0582,35.0582,2.5042,1000.0,6.655000000000001,1.0,normal,537.7927
33,770,46245,8,1,4.2629,4.2629,0.5329,1000.0,6.655000000000001,1.0,normal,542.0556
33,771,46260,13,0,43.6179,43.6179,3.3552,1000.0,7.320500000000002,1.0,normal,585.6735
33,771,46275,19,0,93.1056,93.1056,4.9003,1000.0,7.320500000000002,1.0,normal,678.7791
33,771,46290,14,0,81.865,81.865,5.8475,1000.0,7.320500000000002,1.0,normal,760.6441
33,771,46305,15,0,11.9324,11.9324,0.7955,1000.0,7.320500000000002,1.0,normal,772.5765
33,772,46320,16,0,90.9259,90.9259,5.6829,1000.0,6.222425000000001,1.0,normal,863.5024
33,772,46335,15,1,11.7705,11.7705,0.7847,1000.0,6.222425000000001,1.0,normal,875.2729
33,772,46350,6,0,35.3547,35.3547,5.8925,1000.0,6.222425000000001,1.0,budget_constrained,910.6276
33,772,46365,17,0,63.305,63.305,3.7238,1000.0,6.222425000000001,1.0,budget_constrained,973.9326
33,773,46380,7,0,18.0925,18.0925,2.5846,1000.0,4.666818750000001,1.0,budget_constrained,992.0251
33,773,46395,1,0,7.9749,7.9749,4.6668,1000.0,4.666818750000001,1.0,budget_constrained,1000.0
33,773,46410,0,0,0.0,0.0,4.6668,1000.0,4.666818750000001,1.0,budget_constrained,1000.0
33,773,46425,0,0,0.0,0.0,4.4345,1000.0,4.666818750000001,1.0,budget_constrained,1000.0
33,774,46440,0,0,0.0,0.0,0.7909,1000.0,3.1501026562500005,1.0,budget_constrained,1000.0
33,774,46455,0,0,0.0,0.0,0.4108,1000.0,3.1501026562500005,1.0,budget_constrained,1000.0
33,774,46470,0,0,0.0,0.0,3.1501,1000.0,3.1501026562500005,1.0,budget_constrained,1000.0
33,774,46485,0,0,0.0,0.0,3.1501,1000.0,3.1501026562500005,1.0,budget_constrained,1000.0
33,775,46500,0,0,0.0,0.0,0.6266,1000.0,2.1263192929687507,1.0,budget_constrained,1000.0
33,775,46515,0,0,0.0,0.0,2.1263,1000.0,2.1263192929687507,1.0,budget_constrained,1000.0
33,775,46530,0,0,0.0,0.0,1.426,1000.0,2.1263192929687507,1.0,budget_constrained,1000.0
33,775,46545,0,0,0.0,0.0,2.1263,1000.0,2.1263192929687507,1.0,budget_constrained,1000.0
33,776,46560,0,0,0.0,0.0,1.4353,1000.0,1.4352655227539066,1.0,budget_constrained,1000.0
33,776,46575,0,0,0.0,0.0,0.6637,1000.0,1.4352655227539066,1.0,budget_constrained,1000.0
33,776,46590,0,0,0.0,0.0,0.9511,1000.0,1.4352655227539066,1.0,budget_constrained,1000.0
33,776,46605,0,0,0.0,0.0,0.5976,1000.0,1.4352655227539066,1.0,budget_constrained,1000.0
33,777,46620,0,0,0.0,0.0,0.9688,1000.0,0.9688042278588871,1.0,budget_constrained,1000.0
33,777,46635,0,0,0.0,0.0,0.9688,1000.0,0.9688042278588871,1.0,budget_constrained,1000.0
33,777,46650,0,0,0.0,0.0,0.9688,1000.0,0.9688042278588871,1.0,budget_constrained,1000.0
33,777,46665,0,0,0.0,0.0,0.9688,1000.0,0.9688042278588871,1.0,budget_constrained,1000.0
33,778,46680,0,0,0.0,0.0,0.1309,1000.0,0.6539428538047488,1.0,budget_constrained,1000.0
33,778,46695,0,0,0.0,0.0,0.6539,1000.0,0.6539428538047488,1.0,budget_constrained,1000.0
33,778,46710,0,0,0.0,0.0,0.6539,1000.0,0.6539428538047488,1.0,budget_constrained,1000.0
33,778,46725,0,0,0.0,0.0,0.6539,1000.0,0.6539428538047488,1.0,budget_constrained,1000.0
33,779,46740,0,0,0.0,0.0,0.5,1000.0,0.5,1.0,budget_constrained,1000.0
33,779,46755,0,0,0.0,0.0,0.4193,1000.0,0.5,1.0,budget_constrained,1000.0
33,779,46770,0,0,0.0,0.0,0.5,1000.0,0.5,1.0,budget_constrained,1000.0
33,779,46785,0,0,0.0,0.0,0.5,1000.0,0.5,1.0,budget_constrained,1000.0
33,780,46800,0,0,0.0,0.0,0.5,1000.0,0.5,1.0,budget_constrained,1000.0
33,780,46815,0,0,0.0,0.0,0.5,1000.0,0.5,1.0,budget_constrained,1000.0
33,780,46830,0,0,0.0,0.0,0.5,1000.0,0.5,1.0,budget_constrained,1000.0
33,780,46845,0,0,0.0,0.0,0.5,1000.0,0.5,1.0,budget_constrained,1000.0
33,781,46860,0,0,0.0,0.0,0.5,1000.0,0.5,1.0,budget_constrained,1000.0
33,781,46875,0,0,0.0,0.0,0.4434,1000.0,0.5,1.0,budget_constrained,1000.0
33,781,46890,0,0,0.0,0.0,0.4586,1000.0,0.5,1.0,budget_constrained,1000.0
33,781,46905,0,0,0.0,0.0,0.5,1000.0,0.5,1.0,budget_constrained,1000.0
33,782,46920,0,0,0.0,0.0,0.2775,1000.0,0.5,1.0,budget_constrained,1000.0
33,782,46935,0,0,0.0,0.0,0.5,1000.0,0.5,1.0,budget_constrained,1000.0
33,782,46950,0,0,0.0,0.0,0.5,1000.0,0.5,1.0,budget_constrained,1000.0
33,782,46965,0,0,0.0,0.0,0.5,1000.0,0.5,1.0,budget_constrained,1000.0
33,783,46980,0,0,0.0,0.0,0.5,1000.0,0.5,1.0,budget_constrained,1000.0
33,783,46995,0,0,0.0,0.0,0.5,1000.0,0.5,1.0,budget_constrained,1000.0
33,783,47010,0,0,0.0,0.0,0.5,1000.0,0.5,1.0,budget_constrained,1000.0
33,783,47025,0,0,0.0,0.0,0.5,1000.0,0.5,1.0,budget_constrained,1000.0
33,784,47040,0,0,0.0,0.0,0.5,1000.0,0.5,1.0,budget_constrained,1000.0
33,784,47055,0,0,0.0,0.0,0.5,1000.0,0.5,1.0,budget_constrained,1000.0
33,784,47070,0,0,0.0,0.0,0.5,1000.0,0.5,1.0,budget_constrained,1000.0
33,784,47085,0,0,0.0,0.0,0.5,1000.0,0.5,1.0,budget_constrained,1000.0
33,785,47100,0,0,0.0,0.0,0.5,1000.0,0.5,1.0,budget_constrained,1000.0
33,785,47115,0,0,0.0,0.0,0.5,1000.0,0.5,1.0,budget_constrained,1000.0
33,785,47130,0,0,0.0,0.0,0.5,1000.0,0.5,1.0,budget_constrained,1000.0
33,785,47145,0,0,0.0,0.0,0.1563,1000.0,0.5,1.0,budget_constrained,1000.0
33,786,47160,0,0,0.0,0.0,0.5,1000.0,0.5,1.0,budget_constrained,1000.0
33,786,47175,0,0,0.0,0.0,0.0669,1000.0,0.5,1.0,budget_constrained,1000.0
33,786,47190,0,0,0.0,0.0,0.5,1000.0,0.5,1.0,budget_constrained,1000.0
33,786,47205,0,0,0.0,0.0,0.5,1000.0,0.5,1.0,budget_constrained,1000.0
33,787,47220,0,0,0.0,0.0,0.5,1000.0,0.5,1.0,budget_constrained,1000.0
33,787,47235,0,0,0.0,0.0,0.5,1000.0,0.5,1.0,budget_constrained,1000.0
33,787,47250,0,0,0.0,0.0,0.5,1000.0,0.5,1.0,budget_constrained,1000.0
33,787,47265,0,0,0.0,0.0,0.5,1000.0,0.5,1.0,budget_constrained,1000.0
33,788,47280,0,0,0.0,0.0,0.5,1000.0,0.5,1.0,budget_constrained,1000.0
33,788,47295,0,0,0.0,0.0,0.5,1000.0,0.5,1.0,budget_constrained,1000.0
33,788,47310,0,0,0.0,0.0,0.5,1000.0,0.5,1.0,budget_constrained,1000.0
33,788,47325,0,0,0.0,0.0,0.5,1000.0,0.5,1.0,budget_constrained,1000.0
33,789,47340,0,0,0.0,0.0,0.5,1000.0,0.5,1.0,budget_constrained,1000.0
33,789,47355,0,0,0.0,0.0,0.5,1000.0,0.5,1.0,budget_constrained,1000.0
33,789,47370,0,0,0.0,0.0,0.3067,1000.0,0.5,1.0,budget_constrained,1000.0
33,789,47385,0,0,0.0,0.0,0.2561,1000.0,0.5,1.0,budget_constrained,1000.0
33,790,47400,0,0,0.0,0.0,0.5,1000.0,0.5,1.0,budget_constrained,1000.0
33,790,47415,0,0,0.0,0.0,0.3341,1000.0,0.5,1.0,budget_constrained,1000.0
33,790,47430,0,0,0.0,0.0,0.5,1000.0,0.5,1.0,budget_constrained,1000.0
33,790,47445,0,0,0.0,0.0,0.5,1000.0,0.5,1.0,budget_constrained,1000.0
33,791,47460,0,0,0.0,0.0,0.3441,1000.0,0.5,1.0,budget_constrained,1000.0
33,791,47475,0,0,0.0,0.0,0.5,1000.0,0.5,1.0,budget_constrained,1000.0
33,791,47490,0,0,0.0,0.0,0.5,1000.0,0.5,1.0,budget_constrained,1000.0
33,791,47505,0,0,0.0,0.0,0.1442,1000.0,0.5,1.0,budget_constrained,1000.0
34,792,47520,0,0,0.0,0.0,0.5,1000.0,0.5,1.0,normal,0.0
34,792,47535,1,0,0.5,0.5,0.5,1000.0,0.5,1.0,normal,0.5
34,792,47550,2,0,1.0,1.0,0.5,1000.0,0.5,1.0,normal,1.5
34,792,47565,1,0,0.301,0.301,0.301,1000.0,0.5,1.0,normal,1.801
34,793,47580,1,0,0.5,0.5,0.5,1000.0,0.5,1.0,normal,2.301
34,793,47595,0,0,0.0,0.0,0.3914,1000.0,0.5,1.0,normal,2.301
34,793,47610,0,0,0.0,0.0,0.0,1000.0,0.5,1.0,normal,2.301
34,793,47625,0,0,0.0,0.0,0.5,1000.0,0.5,1.0,normal,2.301
34,794,47640,2,0,1.0,1.0,0.5,1000.0,0.5,1.0,normal,3.301
34,794,47655,1,0,0.5,0.5,0.5,1000.0,0.5,1.0,normal,3.801
34,794,47670,0,0,0.0,0.0,0.5,1000.0,0.5,1.0,normal,3.801
34,794,47685,0,0,0.0,0.0,0.5,1000.0,0.5,1.0,normal,3.801
34,795,47700,1,0,0.5,0.5,0.5,1000.0,0.5,1.0,normal,4.301
34,795,47715,1,0,0.5,0.5,0.5,1000.0,0.5,1.0,normal,4.801
34,795,47730,2,0,0.3144,0.3144,0.1572,1000.0,0.5,1.0,normal,5.1154
34,795,47745,0,0,0.0,0.0,0.5,1000.0,0.5,1.0,normal,5.1154
34,796,47760,0,0,0.0,0.0,0.5,1000.0,0.5,1.0,normal,5.1154
34,796,47775,0,0,0.0,0.0,0.5,1000.0,0.5,1.0,normal,5.1154
34,796,47790,0,0,0.0,0.0,0.5,1000.0,0.5,1.0,normal,5.1154
34,796,47805,4,0,1.9396,1.9396,0.4849,1000.0,0.5,1.0,normal,7.055
34,797,47820,1,0,0.55,0.55,0.55,1000.0,0.55,1.0,normal,7.605
34,797,47835,1,0,0.55,0.55,0.55,1000.0,0.55,1.0,normal,8.155
34,797,47850,0,0,0.0,0.0,0.55,1000.0,0.55,1.0,normal,8.155
34,797,47865,2,0,1.0985,1.0985,0.5492,1000.0,0.55,1.0,normal,9.2535
34,798,47880,0,0,0.0,0.0,0.605,1000.0,0.6050000000000001,1.0,normal,9.2535
34,798,47895,0,0,0.0,0.0,0.605,1000.0,0.6050000000000001,1.0,normal,9.2535
34,798,47910,1,0,0.605,0.605,0.605,1000.0,0.6050000000000001,1.0,normal,9.8585
34,798,47925,1,0,0.605,0.605,0.605,1000.0,0.6050000000000001,1.0,normal,10.4635
34,799,47940,0,0,0.0,0.0,0.6655,1000.0,0.6655000000000002,1.0,normal,10.4635
34,799,47955,2,0,1.331,1.331,0.6655,1000.0,0.6655000000000002,1.0,normal,11.7945
34,799,47970,2,0,1.331,1.331,0.6655,1000.0,0.6655000000000002,1.0,normal,13.1255
34,799,47985,0,0,0.0,0.0,0.6655,1000.0,0.6655000000000002,1.0,normal,13.1255
34,800,48000,1,0,0.7321,0.7321,0.7321,1000.0,0.7320500000000003,1.0,normal,13.8576
34,800,48015,5,0,3.6603,3.6603,0.7321,1000.0,0.7320500000000003,1.0,normal,17.5179
34,800,48030,1,0,0.2924,0.2924,0.2924,1000.0,0.7320500000000003,1.0,normal,17.8103
34,800,48045,0,0,0.0,0.0,0.7321,1000.0,0.7320500000000003,1.0,normal,17.8103
34,801,48060,2,0,1.6105,1.6105,0.8053,1000.0,0.8052550000000004,1.0,normal,19.4208
34,801,48075,4,0,3.0513,3.0513,0.7628,1000.0,0.8052550000000004,1.0,normal,22.4721
34,801,48090,2,1,0.3822,0.3822,0.1911,1000.0,0.8052550000000004,1.0,normal,22.8543
34,801,48105,2,0,1.6105,1.6105,0.8053,1000.0,0.8052550000000004,1.0,normal,24.4648
34,802,48120,5,0,4.8718,4.8718,0.9744,1000.0,0.9743585500000007,1.0,normal,29.3366
34,802,48135,3,1,2.9231,2.9231,0.9744,1000.0,0.9743585500000007,1.0,normal,32.2597
34,802,48150,0,0,0.0,0.0,0.9744,1000.0,0.9743585500000007,1.0,normal,32.2597
34,802,48165,2,0,1.9487,1.9487,0.9744,1000.0,0.9743585500000007,1.0,normal,34.2084
34,803,48180,4,0,2.1873,2.1873,0.5468,1000.0,1.178973845500001,1.0,normal,36.3957
34,803,48195,2,0,2.3579,2.3579,1.179,1000.0,1.178973845500001,1.0,normal,38.7536
34,803,48210,8,0,2.8894,2.8894,0.3612,1000.0,1.178973845500001,1.0,normal,41.643
34,803,48225,3,0,3.5369,3.5369,1.179,1000.0,1.178973845500001,1.0,normal,45.1799
34,804,48240,18,1,90.0,90.0,5.0,1000.0,5.0,1.0,normal,135.1799
34,804,48255,16,0,74.3377,74.3377,4.6461,1000.0,5.0,1.0,normal,209.5176
34,804,48270,13,0,19.9906,19.9906,1.5377,1000.0,5.0,1.0,normal,229.5082
34,804,48285,11,1,42.1349,42.1349,3.8304,1000.0,5.0,1.0,normal,271.6431
34,805,48300,19,1,85.1451,85.1451,4.4813,1000.0,5.5,1.0,normal,356.7882
34,805,48315,12,0,66.0,66.0,5.5,1000.0,5.5,1.0,normal,422.7882
34,805,48330,16,1,80.8695,80.8695,5.0543,1000.0,5.5,1.0,normal,503.6577
34,805,48345,12,1,25.4733,25.4733,2.1228,1000.0,5.5,1.0,normal,529.131
34,806,48360,16,0,30.1496,30.1496,1.8843,1000.0,6.050000000000001,1.0,normal,559.2806
34,806,48375,10,0,41.5261,41.5261,4.1526,1000.0,6.050000000000001,1.0,normal,600.8067
34,806,48390,15,2,10.6884,5.3442,0.7126,1000.0,6.050000000000001,1.0,normal,611.4951
34,806,48405,12,0,67.3098,67.3098,5.6092,1000.0,6.050000000000001,1.0,normal,678.8049
34,807,48420,20,2,4.3463,2.1732,0.2173,1000.0,6.655000000000001,1.0,normal,683.1512
34,807,48435,15,0,19.7263,19.7263,1.3151,1000.0,6.655000000000001,1.0,normal,702.8775
34,807,48450,25,1,161.265,161.265,6.4506,1000.0,6.655000000000001,1.0,normal,864.1425
34,807,48465,12,0,36.5537,36.5537,3.0461,1000.0,6.655000000000001,1.0,budget_constrained,900.6962
34,808,48480,16,0,41.0607,41.0607,2.5663,1000.0,6.655000000000001,1.0,budget_constrained,941.7569
34,808,48495,14,0,13.8257,13.8257,0.9876,1000.0,6.655000000000001,1.0,budget_constrained,955.5826
34,808,48510,14,0,44.4174,44.4174,3.0463,1000.0,6.655000000000001,1.0,budget_depleted,1000.0
34,808,48525,0,0,0.0,0.0,0.0,1000.0,6.655000000000001,1.0,budget_depleted,1000.0
34,809,48540,0,0,0.0,0.0,0.0,1000.0,6.32225,1.0,budget_depleted,1000.0
34,809,48555,0,0,0.0,0.0,0.0,1000.0,6.32225,1.0,budget_depleted,1000.0
34,809,48570,0,0,0.0,0.0,0.0,1000.0,6.32225,1.0,budget_depleted,1000.0
34,809,48585,0,0,0.0,0.0,0.0,1000.0,6.32225,1.0,budget_depleted,1000.0
34,810,48600,0,0,0.0,0.0,0.0,1000.0,6.0061375,1.0,budget_depleted,1000.0
34,810,48615,0,0,0.0,0.0,0.0,1000.0,6.0061375,1.0,budget_depleted,1000.0
34,810,48630,0,0,0.0,0.0,0.0,1000.0,6.0061375,1.0,budget_depleted,1000.0
34,810,48645,0,0,0.0,0.0,0.0,1000.0,6.0061375,1.0,budget_depleted,1000.0
34,811,48660,0,0,0.0,0.0,0.0,1000.0,5.705830625,1.0,budget_depleted,1000.0
34,811,48675,0,0,0.0,0.0,0.0,1000.0,5.705830625,1.0,budget_depleted,1000.0
34,811,48690,0,0,0.0,0.0,0.0,1000.0,5.705830625,1.0,budget_depleted,1000.0
34,811,48705,0,0,0.0,0.0,0.0,1000.0,5.705830625,1.0,budget_depleted,1000.0
34,812,48720,0,0,0.0,0.0,0.0,1000.0,5.4205390937499995,1.0,budget_depleted,1000.0
34,812,48735,0,0,0.0,0.0,0.0,1000.0,5.4205390937499995,1.0,budget_depleted,1000.0
34,812,48750,0,0,0.0,0.0,0.0,1000.0,5.4205390937499995,1.0,budget_depleted,1000.0
34,812,48765,0,0,0.0,0.0,0.0,1000.0,5.4205390937499995,1.0,budget_depleted,1000.0
34,813,48780,0,0,0.0,0.0,0.0,1000.0,5.149512139062499,1.0,budget_depleted,1000.0
34,813,48795,0,0,0.0,0.0,0.0,1000.0,5.149512139062499,1.0,budget_depleted,1000.0
34,813,48810,0,0,0.0,0.0,0.0,1000.0,5.149512139062499,1.0,budget_depleted,1000.0
34,813,48825,0,0,0.0,0.0,0.0,1000.0,5.149512139062499,1.0,budget_depleted,1000.0
34,814,48840,0,0,0.0,0.0,0.0,1000.0,4.8920365321093735,1.0,budget_depleted,1000.0
34,814,48855,0,0,0.0,0.0,0.0,1000.0,4.8920365321093735,1.0,budget_depleted,1000.0
34,814,48870,0,0,0.0,0.0,0.0,1000.0,4.8920365321093735,1.0,budget_depleted,1000.0
34,814,48885,0,0,0.0,0.0,0.0,1000.0,4.8920365321093735,1.0,budget_depleted,1000.0
34,815,48900,0,0,0.0,0.0,0.0,1000.0,4.647434705503905,1.0,budget_depleted,1000.0
34,815,48915,0,0,0.0,0.0,0.0,1000.0,4.647434705503905,1.0,budget_depleted,1000.0
34,815,48930,0,0,0.0,0.0,0.0,1000.0,4.647434705503905,1.0,budget_depleted,1000.0
34,815,48945,0,0,0.0,0.0,0.0,1000.0,4.647434705503905,1.0,budget_depleted,1000.0
35,816,48960,0,0,0.0,0.0,0.0,1000.0,4.41506297022871,1.0,normal,0.0
35,816,48975,6,0,26.4904,26.4904,4.4151,1000.0,4.41506297022871,1.0,normal,26.4904
35,816,48990,8,0,5.0428,5.0428,0.6303,1000.0,4.41506297022871,1.0,normal,31.5332
35,816,49005,12,0,20.1298,20.1298,1.6775,1000.0,4.41506297022871,1.0,normal,51.663
35,817,49020,10,0,15.5439,15.5439,1.5544,1000.0,4.194309821717274,1.0,normal,67.2069
35,817,49035,10,0,5.2966,5.2966,0.5297,1000.0,4.194309821717274,1.0,normal,72.5035
35,817,49050,6,0,15.6743,15.6743,2.6124,1000.0,4.194309821717274,1.0,normal,88.1778
35,817,49065,6,0,17.3333,17.3333,2.8889,1000.0,4.194309821717274,1.0,normal,105.5111
35,818,49080,6,0,1.4361,1.4361,0.2394,1000.0,3.208647013613715,1.0,normal,106.9472
35,818,49095,6,0,12.5523,12.5523,2.0921,1000.0,3.208647013613715,1.0,normal,119.4995
35,818,49110,8,0,1.3447,1.3447,0.1681,1000.0,3.208647013613715,1.0,normal,120.8442
35,818,49125,5,0,15.9905,15.9905,3.1981,1000.0,3.208647013613715,1.0,normal,136.8347
35,819,49140,6,0,11.6462,11.6462,1.941,1000.0,2.454614965414492,1.0,normal,148.4809
35,819,49155,6,0,13.6746,13.6746,2.2791,1000.0,2.454614965414492,1.0,normal,162.1555
35,819,49170,7,0,16.689,16.689,2.3841,1000.0,2.454614965414492,1.0,normal,178.8445
35,819,49185,8,0,19.6369,19.6369,2.4546,1000.0,2.454614965414492,1.0,normal,198.4814
35,820,49200,7,0,11.0755,11.0755,1.5822,1000.0,1.8777804485420866,1.0,normal,209.5569
35,820,49215,3,0,0.2313,0.2313,0.0771,1000.0,1.8777804485420866,1.0,normal,209.7882
35,820,49230,4,0,1.0799,1.0799,0.27,1000.0,1.8777804485420866,1.0,normal,210.8681
35,820,49245,6,0,11.2667,11.2667,1.8778,1000.0,1.8777804485420866,1.0,normal,222.1348
35,821,49260,6,0,6.4479,6.4479,1.0746,1000.0,1.4365020431346962,1.0,normal,228.5827
35,821,49275,4,0,0.9422,0.9422,0.2355,1000.0,1.4365020431346962,1.0,normal,229.5249
35,821,49290,3,0,4.3095,4.3095,1.4365,1000.0,1.4365020431346962,1.0,normal,233.8344
35,821,49305,3,0,4.3095,4.3095,1.4365,1000.0,1.4365020431346962,1.0,normal,238.1439
35,822,49320,3,0,3.2968,3.2968,1.0989,1000.0,1.0989240629980426,1.0,normal,241.4407
35,822,49335,4,0,4.3957,4.3957,1.0989,1000.0,1.0989240629980426,1.0,normal,245.8364
35,822,49350,4,0,4.3957,4.3957,1.0989,1000.0,1.0989240629980426,1.0,normal,250.2321
35,822,49365,2,0,2.1978,2.1978,1.0989,1000.0,1.0989240629980426,1.0,normal,252.4299
35,823,49380,6,0,5.0441,5.0441,0.8407,1000.0,0.8406769081935026,1.0,normal,257.474
35,823,49395,2,0,1.6814,1.6814,0.8407,1000.0,0.8406769081935026,1.0,normal,259.1554
35,823,49410,1,0,0.5196,0.5196,0.5196,1000.0,0.8406769081935026,1.0,normal,259.675
35,823,49425,1,0,0.2537,0.2537,0.2537,1000.0,0.8406769081935026,1.0,normal,259.9287
35,824,49440,1,0,0.6431,0.6431,0.6431,1000.0,0.6431178347680294,1.0,normal,260.5718
35,824,49455,0,0,0.0,0.0,0.6431,1000.0,0.6431178347680294,1.0,normal,260.5718
35,824,49470,2,0,0.6519,0.6519,0.326,1000.0,0.6431178347680294,1.0,normal,261.2237
35,824,49485,1,0,0.6431,0.6431,0.6431,1000.0,0.6431178347680294,1.0,normal,261.8668
35,825,49500,2,0,1.0,1.0,0.5,1000.0,0.5,1.0,normal,262.8668
35,825,49515,1,0,0.5,0.5,0.5,1000.0,0.5,1.0,normal,263.3668
35,825,49530,1,0,0.5,0.5,0.5,1000.0,0.5,1.0,normal,263.8668
35,825,49545,2,0,1.0,1.0,0.5,1000.0,0.5,1.0,normal,264.8668
35,826,49560,1,0,0.4821,0.4821,0.4821,1000.0,0.5,1.0,normal,265.3489
35,826,49575,1,0,0.5,0.5,0.5,1000.0,0.5,1.0,normal,265.8489
35,826,49590,0,0,0.0,0.0,0.5,1000.0,0.5,1.0,normal,265.8489
35,826,49605,1,0,0.5,0.5,0.5,1000.0,0.5,1.0,normal,266.3489
35,827,49620,1,0,0.5,0.5,0.5,1000.0,0.5,1.0,normal,266.8489
35,827,49635,1,0,0.5,0.5,0.5,1000.0,0.5,1.0,normal,267.3489
35,827,49650,0,0,0.0,0.0,0.5,1000.0,0.5,1.0,normal,267.3489
35,827,49665,1,0,0.5,0.5,0.5,1000.0,0.5,1.0,normal,267.8489
35,828,49680,0,0,0.0,0.0,0.5,1000.0,0.5,1.0,normal,267.8489
35,828,49695,2,0,1.0,1.0,0.5,1000.0,0.5,1.0,normal,268.8489
35,828,49710,1,0,0.5,0.5,0.5,1000.0,0.5,1.0,normal,269.3489
35,828,49725,0,0,0.0,0.0,0.5,1000.0,0.5,1.0,normal,269.3489
35,829,49740,0,0,0.0,0.0,0.5,1000.0,0.5,1.0,normal,269.3489
35,829,49755,2,0,0.1804,0.1804,0.0902,1000.0,0.5,1.0,normal,269.5293
35,829,49770,1,0,0.5,0.5,0.5,1000.0,0.5,1.0,normal,270.0293
35,829,49785,2,0,1.0,1.0,0.5,1000.0,0.5,1.0,normal,271.0293
35,830,49800,3,0,1.5,1.5,0.5,1000.0,0.5,1.0,normal,272.5293
35,830,49815,2,0,1.0,1.0,0.5,1000.0,0.5,1.0,normal,273.5293
35,830,49830,2,0,0.4093,0.4093,0.2047,1000.0,0.5,1.0,normal,273.9386
35,830,49845,1,0,0.5,0.5,0.5,1000.0,0.5,1.0,normal,274.4386
35,831,49860,0,0,0.0,0.0,0.5,1000.0,0.5,1.0,normal,274.4386
35,831,49875,1,0,0.5,0.5,0.5,1000.0,0.5,1.0,normal,274.9386
35,831,49890,1,0,0.5,0.5,0.5,1000.0,0.5,1.0,normal,275.4386
35,831,49905,1,0,0.2531,0.2531,0.2531,1000.0,0.5,1.0,normal,275.6917
35,832,49920,0,0,0.0,0.0,0.5,1000.0,0.5,1.0,normal,275.6917
35,832,49935,1,0,0.5,0.5,0.5,1000.0,0.5,1.0,normal,276.1917
35,832,49950,0,0,0.0,0.0,0.5,1000.0,0.5,1.0,normal,276.1917
35,832,49965,0,0,0.0,0.0,0.5,1000.0,0.5,1.0,normal,276.1917
35,833,49980,1,0,0.4096,0.4096,0.4096,1000.0,0.5,1.0,normal,276.6013
35,833,49995,4,0,2.0,2.0,0.5,1000.0,0.5,1.0,normal,278.6013
35,833,50010,1,0,0.5,0.5,0.5,1000.0,0.5,1.0,normal,279.1013
35,833,50025,1,0,0.5,0.5,0.5,1000.0,0.5,1.0,normal,279.6013
35,834,50040,2,0,0.5751,0.5751,0.2876,1000.0,0.5,1.0,normal,280.1764
35,834,50055,2,0,1.0,1.0,0.5,1000.0,0.5,1.0,normal,281.1764
35,834,50070,1,0,0.5,0.5,0.5,1000.0,0.5,1.0,normal,281.6764
35,834,50085,1,0,0.5,0.5,0.5,1000.0,0.5,1.0,normal,282.1764
35,835,50100,2,0,1.0,1.0,0.5,1000.0,0.5,1.0,normal,283.1764
35,835,50115,2,0,1.0,1.0,0.5,1000.0,0.5,1.0,normal,284.1764
35,835,50130,2,0,1.0,1.0,0.5,1000.0,0.5,1.0,normal,285.1764
35,835,50145,0,0,0.0,0.0,0.5,1000.0,0.5,1.0,normal,285.1764
35,836,50160,1,0,0.5,0.5,0.5,1000.0,0.5,1.0,normal,285.6764
35,836,50175,2,0,1.0,1.0,0.5,1000.0,0.5,1.0,normal,286.6764
35,836,50190,2,0,1.0,1.0,0.5,1000.0,0.5,1.0,normal,287.6764
35,836,50205,1,0,0.5,0.5,0.5,1000.0,0.5,1.0,normal,288.1764
35,837,50220,1,0,0.5,0.5,0.5,1000.0,0.5,1.0,normal,288.6764
35,837,50235,1,0,0.5,0.5,0.5,1000.0,0.5,1.0,normal,289.1764
35,837,50250,3,0,0.6219,0.6219,0.2073,1000.0,0.5,1.0,normal,289.7983
35,837,50265,0,0,0.0,0.0,0.5,1000.0,0.5,1.0,normal,289.7983
35,838,50280,1,0,0.5,0.5,0.5,1000.0,0.5,1.0,normal,290.2983
35,838,50295,0,0,0.0,0.0,0.5,1000.0,0.5,1.0,normal,290.2983
35,838,50310,3,0,1.5,1.5,0.5,1000.0,0.5,1.0,normal,291.7983
35,838,50325,1,0,0.5,0.5,0.5,1000.0,0.5,1.0,normal,292.2983
35,839,50340,2,0,1.0,1.0,0.5,1000.0,0.5,1.0,normal,293.2983
35,839,50355,2,0,1.0,1.0,0.5,1000.0,0.5,1.0,normal,294.2983
35,839,50370,0,0,0.0,0.0,0.5,1000.0,0.5,1.0,normal,294.2983
35,839,50385,2,0,1.0,1.0,0.5,1000.0,0.5,1.0,normal,295.2983
36,840,50400,21,0,88.3121,88.3121,4.2053,700.0,5.0,1.0,normal,88.3121
36,840,50415,9,0,44.9973,44.9973,4.9997,700.0,5.0,1.0,normal,133.3094
36,840,50430,9,0,25.0344,25.0344,2.7816,700.0,5.0,1.0,normal,158.3438
36,840,50445,9,0,24.9234,24.9234,2.7693,700.0,5.0,1.0,normal,183.2672
36,841,50460,9,1,21.9756,21.9756,2.4417,700.0,3.8499999999999996,1.0,normal,205.2428
36,841,50475,5,0,15.7495,15.7495,3.1499,700.0,3.8499999999999996,1.0,normal,220.9923
36,841,50490,3,1,10.4747,10.4747,3.4916,700.0,3.8499999999999996,1.0,normal,231.467
36,841,50505,14,1,17.5886,17.5886,1.2563,700.0,3.8499999999999996,1.0,normal,249.0556
36,842,50520,6,1,19.0575,19.0575,3.1763,700.0,3.1762500000000005,1.0,normal,268.1131
36,842,50535,10,0,6.1173,6.1173,0.6117,700.0,3.1762500000000005,1.0,normal,274.2304
36,842,50550,13,0,41.2913,41.2913,3.1763,700.0,3.1762500000000005,1.0,normal,315.5217
36,842,50565,11,0,34.9388,34.9388,3.1763,700.0,3.1762500000000005,1.0,normal,350.4605
36,843,50580,8,0,10.4182,10.4182,1.3023,700.0,2.6204062500000007,1.0,normal,360.8787
36,843,50595,6,0,15.7224,15.7224,2.6204,700.0,2.6204062500000007,1.0,normal,376.6011
36,843,50610,5,1,13.102,13.102,2.6204,700.0,2.6204062500000007,1.0,normal,389.7031
36,843,50625,7,0,18.3428,18.3428,2.6204,700.0,2.6204062500000007,1.0,normal,408.0459
36,844,50640,1,0,0.1881,0.1881,0.1881,700.0,2.450079843750001,1.0,normal,408.234
36,844,50655,4,0,7.1059,7.1059,1.7765,700.0,2.450079843750001,1.0,normal,415.3399
36,844,50670,0,0,0.0,0.0,2.4501,700.0,2.450079843750001,1.0,normal,415.3399
36,844,50685,8,0,19.6006,19.6006,2.4501,700.0,2.450079843750001,1.0,normal,434.9405
36,845,50700,4,0,4.1098,4.1098,1.0275,700.0,2.290824653906251,1.0,normal,439.0503
36,845,50715,5,0,11.4541,11.4541,2.2908,700.0,2.290824653906251,1.0,normal,450.5044
36,845,50730,6,0,4.6132,4.6132,0.7689,700.0,2.290824653906251,1.0,normal,455.1176
36,845,50745,4,0,3.2013,3.2013,0.8003,700.0,2.290824653906251,1.0,normal,458.3189
36,846,50760,7,0,14.9934,14.9934,2.1419,700.0,2.1419210514023446,1.0,normal,473.3123
36,846,50775,4,0,2.4253,2.4253,0.6063,700.0,2.1419210514023446,1.0,normal,475.7376
36,846,50790,9,0,19.2773,19.2773,2.1419,700.0,2.1419210514023446,1.0,normal,495.0149
36,846,50805,4,0,8.5677,8.5677,2.1419,700.0,2.1419210514023446,1.0,normal,503.5826
36,847,50820,5,0,3.7399,3.7399,0.748,700.0,1.7670848674069344,1.0,normal,507.3225
36,847,50835,4,0,3.4682,3.4682,0.867,700.0,1.7670848674069344,1.0,normal,510.7907
36,847,50850,12,2,14.2256,7.1128,1.1855,700.0,1.7670848674069344,1.0,normal,525.0163
36,847,50865,3,0,5.3013,5.3013,1.7671,700.0,1.7670848674069344,1.0,normal,530.3176
36,848,50880,3,0,5.5398,5.5398,1.8466,700.0,1.8466036864402464,1.0,normal,535.8574
36,848,50895,7,1,0.5423,0.5423,0.0775,700.0,1.8466036864402464,1.0,normal,536.3997
36,848,50910,7,1,12.9262,12.9262,1.8466,700.0,1.8466036864402464,1.0,normal,549.3259
36,848,50925,5,0,9.233,9.233,1.8466,700.0,1.8466036864402464,1.0,normal,558.5589
36,849,50940,8,0,16.2501,16.2501,2.0313,700.0,2.031264055084271,1.0,normal,574.809
36,849,50955,6,0,8.0116,8.0116,1.3353,700.0,2.031264055084271,1.0,normal,582.8206
36,849,50970,4,0,8.1251,8.1251,2.0313,700.0,2.031264055084271,1.0,normal,590.9457
36,849,50985,1,0,2.0313,2.0313,2.0313,700.0,2.031264055084271,1.0,normal,592.977
36,850,51000,4,0,8.1251,8.1251,2.0313,700.0,2.031264055084271,1.0,normal,601.1021
36,850,51015,5,0,10.1563,10.1563,2.0313,700.0,2.031264055084271,1.0,normal,611.2584
36,850,51030,6,0,12.1876,12.1876,2.0313,700.0,2.031264055084271,1.0,normal,623.446
36,850,51045,8,0,4.0601,4.0601,0.5075,700.0,2.031264055084271,1.0,normal,627.5061
36,851,51060,8,0,16.2501,16.2501,2.0313,700.0,2.031264055084271,1.0,budget_constrained,643.7562
36,851,51075,2,0,1.3989,1.3989,0.6994,700.0,2.031264055084271,1.0,budget_constrained,645.1551
36,851,51090,5,0,6.0563,6.0563,1.2113,700.0,2.031264055084271,1.0,budget_constrained,651.2114
36,851,51105,5,0,10.1563,10.1563,2.0313,700.0,2.031264055084271,1.0,budget_constrained,661.3677
36,852,51120,10,0,16.9553,16.9553,1.6955,700.0,2.031264055084271,1.0,budget_constrained,678.323
36,852,51135,6,0,3.1138,3.1138,0.519,700.0,2.031264055084271,1.0,budget_constrained,681.4368
36,852,51150,3,0,6.0938,6.0938,2.0313,700.0,2.031264055084271,1.0,budget_constrained,687.5306
36,852,51165,8,1,1.1762,1.1762,0.147,700.0,2.031264055084271,1.0,budget_constrained,688.7068
36,853,51180,2,0,4.0625,4.0625,2.0313,700.0,2.031264055084271,1.0,budget_constrained,692.7693
36,853,51195,6,0,7.2307,7.2307,1.1748,700.0,2.031264055084271,1.0,budget_constrained,700.0
36,853,51210,0,0,0.0,0.0,1.9167,700.0,2.031264055084271,1.0,budget_constrained,700.0
36,853,51225,0,0,0.0,0.0,2.0313,700.0,2.031264055084271,1.0,budget_constrained,700.0
36,854,51240,0,0,0.0,0.0,2.0313,700.0,2.031264055084271,1.0,budget_constrained,700.0
36,854,51255,0,0,0.0,0.0,0.4239,700.0,2.031264055084271,1.0,budget_constrained,700.0
36,854,51270,0,0,0.0,0.0,2.0313,700.0,2.031264055084271,1.0,budget_constrained,700.0
36,854,51285,0,0,0.0,0.0,1.2294,700.0,2.031264055084271,1.0,budget_constrained,700.0
36,855,51300,0,0,0.0,0.0,1.0316,700.0,2.031264055084271,1.0,budget_constrained,700.0
36,855,51315,0,0,0.0,0.0,0.2136,700.0,2.031264055084271,1.0,budget_constrained,700.0
36,855,51330,0,0,0.0,0.0,2.0313,700.0,2.031264055084271,1.0,budget_constrained,700.0
36,855,51345,0,0,0.0,0.0,1.6558,700.0,2.031264055084271,1.0,budget_constrained,700.0
36,856,51360,0,0,0.0,0.0,0.0849,700.0,2.031264055084271,1.0,budget_constrained,700.0
36,856,51375,0,0,0.0,0.0,1.1206,700.0,2.031264055084271,1.0,budget_constrained,700.0
36,856,51390,0,0,0.0,0.0,2.0313,700.0,2.031264055084271,1.0,budget_constrained,700.0
36,856,51405,0,0,0.0,0.0,2.0313,700.0,2.031264055084271,1.0,budget_constrained,700.0
36,857,51420,0,0,0.0,0.0,2.0313,700.0,2.031264055084271,1.0,budget_constrained,700.0
36,857,51435,0,0,0.0,0.0,0.1124,700.0,2.031264055084271,1.0,budget_constrained,700.0
36,857,51450,0,0,0.0,0.0,2.0313,700.0,2.031264055084271,1.0,budget_constrained,700.0
36,857,51465,0,0,0.0,0.0,2.0313,700.0,2.031264055084271,1.0,budget_constrained,700.0
36,858,51480,0,0,0.0,0.0,2.0313,700.0,2.031264055084271,1.0,budget_constrained,700.0
36,858,51495,0,0,0.0,0.0,1.9164,700.0,2.031264055084271,1.0,budget_constrained,700.0
36,858,51510,0,0,0.0,0.0,1.7492,700.0,2.031264055084271,1.0,budget_constrained,700.0
36,858,51525,0,0,0.0,0.0,2.0313,700.0,2.031264055084271,1.0,budget_constrained,700.0
36,859,51540,0,0,0.0,0.0,2.0313,700.0,2.031264055084271,1.0,budget_constrained,700.0
36,859,51555,0,0,0.0,0.0,0.3807,700.0,2.031264055084271,1.0,budget_constrained,700.0
36,859,51570,0,0,0.0,0.0,2.0313,700.0,2.031264055084271,1.0,budget_constrained,700.0
36,859,51585,0,0,0.0,0.0,2.0282,700.0,2.031264055084271,1.0,budget_constrained,700.0
36,860,51600,0,0,0.0,0.0,2.0313,700.0,2.031264055084271,1.0,budget_constrained,700.0
36,860,51615,0,0,0.0,0.0,0.9363,700.0,2.031264055084271,1.0,budget_constrained,700.0
36,860,51630,0,0,0.0,0.0,2.0313,700.0,2.031264055084271,1.0,budget_constrained,700.0
36,860,51645,0,0,0.0,0.0,2.0313,700.0,2.031264055084271,1.0,budget_constrained,700.0
36,861,51660,0,0,0.0,0.0,0.4107,700.0,2.031264055084271,1.0,budget_constrained,700.0
36,861,51675,0,0,0.0,0.0,1.427,700.0,2.031264055084271,1.0,budget_constrained,700.0
36,861,51690,0,0,0.0,0.0,2.0313,700.0,2.031264055084271,1.0,budget_constrained,700.0
36,861,51705,0,0,0.0,0.0,2.0313,700.0,2.031264055084271,1.0,budget_constrained,700.0
36,862,51720,0,0,0.0,0.0,1.2217,700.0,2.031264055084271,1.0,budget_constrained,700.0
36,862,51735,0,0,0.0,0.0,0.2311,700.0,2.031264055084271,1.0,budget_constrained,700.0
36,862,51750,0,0,0.0,0.0,2.0313,700.0,2.031264055084271,1.0,budget_constrained,700.0
36,862,51765,0,0,0.0,0.0,1.5826,700.0,2.031264055084271,1.0,budget_constrained,700.0
36,863,51780,0,0,0.0,0.0,0.0066,700.0,2.031264055084271,1.0,budget_constrained,700.0
36,863,51795,0,0,0.0,0.0,2.0313,700.0,2.031264055084271,1.0,budget_constrained,700.0
36,863,51810,0,0,0.0,0.0,0.2688,700.0,2.031264055084271,1.0,budget_constrained,700.0
36,863,51825,0,0,0.0,0.0,2.0313,700.0,2.031264055084271,1.0,budget_constrained,700.0
37,864,51840,0,0,0.0,0.0,2.0313,700.0,2.031264055084271,1.0,normal,0.0
37,864,51855,2,0,3.919,3.919,1.9595,700.0,2.031264055084271,1.0,normal,3.919
37,864,51870,3,0,1.3911,1.3911,0.4637,700.0,2.031264055084271,1.0,normal,5.3101
37,864,51885,4,0,8.1251,8.1251,2.0313,700.0,2.031264055084271,1.0,normal,13.4352
37,865,51900,8,0,1.6936,1.6936,0.2117,700.0,2.4578295066519686,1.0,normal,15.1288
37,865,51915,4,0,9.8313,9.8313,2.4578,700.0,2.4578295066519686,1.0,normal,24.9601
37,865,51930,3,0,1.4205,1.4205,0.4735,700.0,2.4578295066519686,1.0,normal,26.3806
37,865,51945,3,0,7.0318,7.0318,2.3439,700.0,2.4578295066519686,1.0,normal,33.4124
37,866,51960,6,0,9.5201,9.5201,1.5867,700.0,2.7036124573171656,1.0,normal,42.9325
37,866,51975,5,0,8.6137,8.6137,1.7227,700.0,2.7036124573171656,1.0,normal,51.5462
37,866,51990,4,0,10.8144,10.8144,2.7036,700.0,2.7036124573171656,1.0,normal,62.3606
37,866,52005,6,0,16.2217,16.2217,2.7036,700.0,2.7036124573171656,1.0,normal,78.5823
37,867,52020,11,0,32.7137,32.7137,2.974,700.0,2.973973703048882,1.0,normal,111.296
37,867,52035,8,0,2.6914,2.6914,0.3364,700.0,2.973973703048882,1.0,normal,113.9874
37,867,52050,3,0,8.9219,8.9219,2.974,700.0,2.973973703048882,1.0,normal,122.9093
37,867,52065,12,1,35.6877,35.6877,2.974,700.0,2.973973703048882,1.0,normal,158.597
37,868,52080,11,0,34.471,34.471,3.1337,700.0,3.271371073353771,1.0,normal,193.068
37,868,52095,17,0,55.6133,55.6133,3.2714,700.0,3.271371073353771,1.0,normal,248.6813
37,868,52110,6,0,18.535,18.535,3.0892,700.0,3.271371073353771,1.0,normal,267.2163
37,868,52125,9,0,29.4423,29.4423,3.2714,700.0,3.271371073353771,1.0,normal,296.6586
37,869,52140,5,0,15.2937,15.2937,3.0587,700.0,3.058731953585776,1.0,normal,311.9523
37,869,52155,8,0,5.9295,5.9295,0.7412,700.0,3.058731953585776,1.0,normal,317.8818
37,869,52170,13,0,31.6233,31.6233,2.4326,700.0,3.058731953585776,1.0,normal,349.5051
37,869,52185,4,0,12.2349,12.2349,3.0587,700.0,3.058731953585776,1.0,normal,361.74
37,870,52200,6,0,3.4256,3.4256,0.5709,700.0,2.5999221605479095,1.0,normal,365.1656
37,870,52215,9,1,23.3993,23.3993,2.5999,700.0,2.5999221605479095,1.0,normal,388.5649
37,870,52230,6,0,13.8142,13.8142,2.3024,700.0,2.5999221605479095,1.0,normal,402.3791
37,870,52245,7,1,6.9894,6.9894,0.9985,700.0,2.5999221605479095,1.0,normal,409.3685
37,871,52260,5,1,12.5531,12.5531,2.5106,700.0,2.5999221605479095,1.0,normal,421.9216
37,871,52275,6,0,15.5995,15.5995,2.5999,700.0,2.5999221605479095,1.0,normal,437.5211
37,871,52290,9,0,23.3993,23.3993,2.5999,700.0,2.5999221605479095,1.0,normal,460.9204
37,871,52305,7,0,18.1995,18.1995,2.5999,700.0,2.5999221605479095,1.0,normal,479.1199
37,872,52320,7,0,4.1462,4.1462,0.5923,700.0,2.209933836465723,1.0,normal,483.2661
37,872,52335,6,0,13.2596,13.2596,2.2099,700.0,2.209933836465723,1.0,normal,496.5257
37,872,52350,2,1,2.1129,2.1129,1.0565,700.0,2.209933836465723,1.0,normal,498.6386
37,872,52365,4,0,8.8397,8.8397,2.2099,700.0,2.209933836465723,1.0,normal,507.4783
37,873,52380,3,0,4.9724,4.9724,1.6575,700.0,1.6574503773492921,1.0,normal,512.4507
37,873,52395,6,0,9.9447,9.9447,1.6575,700.0,1.6574503773492921,1.0,normal,522.3954
37,873,52410,10,0,7.0603,7.0603,0.706,700.0,1.6574503773492921,1.0,normal,529.4557
37,873,52425,4,0,6.6298,6.6298,1.6575,700.0,1.6574503773492921,1.0,normal,536.0855
37,874,52440,4,0,3.91,3.91,0.9775,700.0,1.243087783011969,1.0,normal,539.9955
37,874,52455,2,0,2.4862,2.4862,1.2431,700.0,1.243087783011969,1.0,normal,542.4817
37,874,52470,7,0,1.3156,1.3156,0.1879,700.0,1.243087783011969,1.0,normal,543.7973
37,874,52485,2,0,2.4862,2.4862,1.2431,700.0,1.243087783011969,1.0,normal,546.2835
37,875,52500,3,0,3.1699,3.1699,1.0566,700.0,1.0566246155601737,1.0,normal,549.4534
37,875,52515,3,1,1.7008,1.7008,0.5669,700.0,1.0566246155601737,1.0,normal,551.1542
37,875,52530,5,0,5.2831,5.2831,1.0566,700.0,1.0566246155601737,1.0,normal,556.4373
37,875,52545,0,0,0.0,0.0,1.0566,700.0,1.0566246155601737,1.0,normal,556.4373
37,876,52560,4,0,4.0152,4.0152,1.0038,700.0,1.003793384782165,1.0,normal,560.4525
37,876,52575,4,1,4.0152,4.0152,1.0038,700.0,1.003793384782165,1.0,normal,564.4677
37,876,52590,3,0,0.295,0.295,0.0983,700.0,1.003793384782165,1.0,normal,564.7627
37,876,52605,1,0,1.0038,1.0038,1.0038,700.0,1.003793384782165,1.0,normal,565.7665
37,877,52620,4,0,4.1959,4.1959,1.049,700.0,1.0489640870973624,1.0,normal,569.9624
37,877,52635,1,0,1.049,1.049,1.049,700.0,1.0489640870973624,1.0,normal,571.0114
37,877,52650,3,0,3.1469,3.1469,1.049,700.0,1.0489640870973624,1.0,normal,574.1583
37,877,52665,4,0,4.1959,4.1959,1.049,700.0,1.0489640870973624,1.0,normal,578.3542
37,878,52680,2,0,2.1923,2.1923,1.0962,700.0,1.0961674710167437,1.0,normal,580.5465
37,878,52695,7,0,7.6732,7.6732,1.0962,700.0,1.0961674710167437,1.0,normal,588.2197
37,878,52710,3,0,3.2885,3.2885,1.0962,700.0,1.0961674710167437,1.0,normal,591.5082
37,878,52725,1,0,0.9777,0.9777,0.9777,700.0,1.0961674710167437,1.0,normal,592.4859
37,879,52740,1,0,0.3132,0.3132,0.3132,700.0,1.1454950072124972,1.0,normal,592.7991
37,879,52755,0,0,0.0,0.0,0.3856,700.0,1.1454950072124972,1.0,normal,592.7991
37,879,52770,3,0,1.637,1.637,0.5457,700.0,1.1454950072124972,1.0,normal,594.4361
37,879,52785,4,0,4.582,4.582,1.1455,700.0,1.1454950072124972,1.0,normal,599.0181
37,880,52800,3,0,3.2647,3.2647,1.0882,700.0,1.0882202568518722,1.0,normal,602.2828
37,880,52815,0,0,0.0,0.0,1.0882,700.0,1.0882202568518722,1.0,normal,602.2828
37,880,52830,3,0,3.2647,3.2647,1.0882,700.0,1.0882202568518722,1.0,normal,605.5475
37,880,52845,2,0,2.1764,2.1764,1.0882,700.0,1.0882202568518722,1.0,normal,607.7239
37,881,52860,2,0,2.0676,2.0676,1.0338,700.0,1.0338092440092785,1.0,normal,609.7915
37,881,52875,4,0,3.7934,3.7934,0.9484,700.0,1.0338092440092785,1.0,normal,613.5849
37,881,52890,2,0,1.5384,1.5384,0.7692,700.0,1.0338092440092785,1.0,normal,615.1233
37,881,52905,5,0,5.169,5.169,1.0338,700.0,1.0338092440092785,1.0,normal,620.2923
37,882,52920,2,0,1.7575,1.7575,0.8787,700.0,0.8787378574078867,1.0,normal,622.0498
37,882,52935,0,0,0.0,0.0,0.8787,700.0,0.8787378574078867,1.0,normal,622.0498
37,882,52950,1,0,0.8787,0.8787,0.8787,700.0,0.8787378574078867,1.0,normal,622.9285
37,882,52965,2,0,1.7575,1.7575,0.8787,700.0,0.8787378574078867,1.0,normal,624.686
37,883,52980,3,0,2.2408,2.2408,0.7469,700.0,0.7469271787967037,1.0,normal,626.9268
37,883,52995,2,0,1.4939,1.4939,0.7469,700.0,0.7469271787967037,1.0,normal,628.4207
37,883,53010,2,0,1.4939,1.4939,0.7469,700.0,0.7469271787967037,1.0,normal,629.9146
37,883,53025,1,0,0.6086,0.6086,0.6086,700.0,0.7469271787967037,1.0,budget_constrained,630.5232
37,884,53040,0,0,0.0,0.0,0.063,700.0,0.6348881019771981,1.0,budget_constrained,630.5232
37,884,53055,1,0,0.6349,0.6349,0.6349,700.0,0.6348881019771981,1.0,budget_constrained,631.1581
37,884,53070,2,0,1.2698,1.2698,0.6349,700.0,0.6348881019771981,1.0,budget_constrained,632.4279
37,884,53085,3,1,1.9047,1.9047,0.6349,700.0,0.6348881019771981,1.0,budget_constrained,634.3326
37,885,53100,0,0,0.0,0.0,0.6349,700.0,0.6348881019771981,1.0,budget_constrained,634.3326
37,885,53115,4,1,2.5396,2.5396,0.6349,700.0,0.6348881019771981,1.0,budget_constrained,636.8722
37,885,53130,3,0,1.9047,1.9047,0.6349,700.0,0.6348881019771981,1.0,budget_constrained,638.7769
37,885,53145,1,0,0.6349,0.6349,0.6349,700.0,0.6348881019771981,1.0,budget_constrained,639.4118
37,886,53160,2,0,0.4974,0.4974,0.2487,700.0,0.6348881019771981,1.0,budget_constrained,639.9092
37,886,53175,1,0,0.6349,0.6349,0.6349,700.0,0.6348881019771981,1.0,budget_constrained,640.5441
37,886,53190,2,0,1.2698,1.2698,0.6349,700.0,0.6348881019771981,1.0,budget_constrained,641.8139
37,886,53205,2,1,1.2698,1.2698,0.6349,700.0,0.6348881019771981,1.0,budget_constrained,643.0837
37,887,53220,0,0,0.0,0.0,0.6349,700.0,0.6348881019771981,1.0,budget_constrained,643.0837
37,887,53235,3,0,1.9047,1.9047,0.6349,700.0,0.6348881019771981,1.0,budget_constrained,644.9884
37,887,53250,2,0,1.2698,1.2698,0.6349,700.0,0.6348881019771981,1.0,budget_constrained,646.2582
37,887,53265,3,0,1.9047,1.9047,0.6349,700.0,0.6348881019771981,1.0,budget_constrained,648.1629
