current_day,current_hour,current_minute,clicks,leads,spend,cpa,realized_cpc,daily_budget,max_bid,volatility,budget_status,current_day_spend
8,168,10080,0,0,0.0,0.0,2.2039,1000.0,4.38,1.0,normal,0.0
8,168,10095,14,0,45.9803,45.9803,3.2843,1000.0,4.38,1.0,normal,45.9803
8,168,10110,13,0,56.94,56.94,4.38,1000.0,4.38,1.0,normal,102.9203
8,168,10125,11,0,30.9116,30.9116,2.8101,1000.0,4.38,1.0,normal,133.8319
8,169,10140,11,1,37.0403,37.0403,3.3673,1000.0,4.53,1.0,normal,170.8722
8,169,10155,5,0,12.2361,12.2361,2.4472,1000.0,4.53,1.0,normal,183.1083
8,169,10170,12,0,47.3473,47.3473,3.9456,1000.0,4.53,1.0,normal,230.4556
8,169,10185,11,0,14.0197,14.0197,1.2745,1000.0,4.53,1.0,normal,244.4753
8,170,10200,15,0,20.3431,20.3431,1.3562,1000.0,4.67,1.0,normal,264.8184
8,170,10215,14,0,65.38,65.38,4.67,1000.0,4.67,1.0,normal,330.1984
8,170,10230,12,0,54.0567,54.0567,4.5047,1000.0,4.67,1.0,normal,384.2551
8,170,10245,14,0,36.3726,36.3726,2.598,1000.0,4.67,1.0,normal,420.6277
8,171,10260,10,2,48.2,24.1,4.82,1000.0,4.82,1.0,normal,468.8277
8,171,10275,9,0,7.8199,7.8199,0.8689,1000.0,4.82,1.0,normal,476.6476
8,171,10290,14,0,11.1716,11.1716,0.798,1000.0,4.82,1.0,normal,487.8192
8,171,10305,19,0,11.9734,11.9734,0.6302,1000.0,4.82,1.0,normal,499.7926
8,172,10320,15,0,30.0863,30.0863,2.0058,1000.0,4.82,1.0,normal,529.8789
8,172,10335,5,0,24.1,24.1,4.82,1000.0,4.82,1.0,normal,553.9789
8,172,10350,11,1,15.8073,15.8073,1.437,1000.0,4.82,1.0,normal,569.7862
8,172,10365,17,0,33.5716,33.5716,1.9748,1000.0,4.82,1.0,normal,603.3578
8,173,10380,7,0,23.5104,23.5104,3.3586,1000.0,5.3,1.0,normal,626.8682
8,173,10395,10,0,42.558,42.558,4.2558,1000.0,5.3,1.0,normal,669.4262
8,173,10410,11,1,58.3,58.3,5.3,1000.0,5.3,1.0,normal,727.7262
8,173,10425,19,2,70.0808,35.0404,3.6885,1000.0,5.3,1.0,normal,797.807
8,174,10440,17,1,48.4614,48.4614,2.8507,1000.0,5.83,1.0,normal,846.2684
8,174,10455,15,0,73.2379,73.2379,4.8825,1000.0,5.83,1.0,budget_constrained,919.5063
8,174,10470,12,1,69.96,69.96,5.83,1000.0,5.83,1.0,budget_constrained,989.4663
8,174,10485,1,0,10.5337,10.5337,5.8168,1000.0,5.83,1.0,budget_depleted,1000.0
8,175,10500,0,0,0.0,0.0,0.0,1000.0,6.41,1.0,budget_depleted,1000.0
8,175,10515,0,0,0.0,0.0,0.0,1000.0,6.41,1.0,budget_depleted,1000.0
8,175,10530,0,0,0.0,0.0,0.0,1000.0,6.41,1.0,budget_depleted,1000.0
8,175,10545,0,0,0.0,0.0,0.0,1000.0,6.41,1.0,budget_depleted,1000.0
8,176,10560,0,0,0.0,0.0,0.0,1000.0,7.05,1.0,budget_depleted,1000.0
8,176,10575,0,0,0.0,0.0,0.0,1000.0,7.05,1.0,budget_depleted,1000.0
8,176,10590,0,0,0.0,0.0,0.0,1000.0,7.05,1.0,budget_depleted,1000.0
8,176,10605,0,0,0.0,0.0,0.0,1000.0,7.05,1.0,budget_depleted,1000.0
8,177,10620,0,0,0.0,0.0,0.0,1000.0,7.36,1.0,budget_depleted,1000.0
8,177,10635,0,0,0.0,0.0,0.0,1000.0,7.36,1.0,budget_depleted,1000.0
8,177,10650,0,0,0.0,0.0,0.0,1000.0,7.36,1.0,budget_depleted,1000.0
8,177,10665,0,0,0.0,0.0,0.0,1000.0,7.36,1.0,budget_depleted,1000.0
8,178,10680,0,0,0.0,0.0,0.0,1000.0,7.66,1.0,budget_depleted,1000.0
8,178,10695,0,0,0.0,0.0,0.0,1000.0,7.66,1.0,budget_depleted,1000.0
8,178,10710,0,0,0.0,0.0,0.0,1000.0,7.66,1.0,budget_depleted,1000.0
8,178,10725,0,0,0.0,0.0,0.0,1000.0,7.66,1.0,budget_depleted,1000.0
8,179,10740,0,0,0.0,0.0,0.0,1000.0,7.95,1.0,budget_depleted,1000.0
8,179,10755,0,0,0.0,0.0,0.0,1000.0,7.95,1.0,budget_depleted,1000.0
8,179,10770,0,0,0.0,0.0,0.0,1000.0,7.95,1.0,budget_depleted,1000.0
8,179,10785,0,0,0.0,0.0,0.0,1000.0,7.95,1.0,budget_depleted,1000.0
8,180,10800,0,0,0.0,0.0,0.0,1000.0,7.95,1.0,budget_depleted,1000.0
8,180,10815,0,0,0.0,0.0,0.0,1000.0,7.95,1.0,budget_depleted,1000.0
8,180,10830,0,0,0.0,0.0,0.0,1000.0,7.95,1.0,budget_depleted,1000.0
8,180,10845,0,0,0.0,0.0,0.0,1000.0,7.95,1.0,budget_depleted,1000.0
8,181,10860,0,0,0.0,0.0,0.0,1000.0,6.52,1.0,budget_depleted,1000.0
8,181,10875,0,0,0.0,0.0,0.0,1000.0,6.52,1.0,budget_depleted,1000.0
8,181,10890,0,0,0.0,0.0,0.0,1000.0,6.52,1.0,budget_depleted,1000.0
8,181,10905,0,0,0.0,0.0,0.0,1000.0,6.52,1.0,budget_depleted,1000.0
8,182,10920,0,0,0.0,0.0,0.0,1000.0,5.35,1.0,budget_depleted,1000.0
8,182,10935,0,0,0.0,0.0,0.0,1000.0,5.35,1.0,budget_depleted,1000.0
8,182,10950,0,0,0.0,0.0,0.0,1000.0,5.35,1.0,budget_depleted,1000.0
8,182,10965,0,0,0.0,0.0,0.0,1000.0,5.35,1.0,budget_depleted,1000.0
8,183,10980,0,0,0.0,0.0,0.0,1000.0,2.11,1.0,budget_depleted,1000.0
8,183,10995,0,0,0.0,0.0,0.0,1000.0,2.11,1.0,budget_depleted,1000.0
8,183,11010,0,0,0.0,0.0,0.0,1000.0,2.11,1.0,budget_depleted,1000.0
8,183,11025,0,0,0.0,0.0,0.0,1000.0,2.11,1.0,budget_depleted,1000.0
8,184,11040,0,0,0.0,0.0,0.0,1000.0,2.11,1.0,budget_depleted,1000.0
8,184,11055,0,0,0.0,0.0,0.0,1000.0,2.11,1.0,budget_depleted,1000.0
8,184,11070,0,0,0.0,0.0,0.0,1000.0,2.11,1.0,budget_depleted,1000.0
8,184,11085,0,0,0.0,0.0,0.0,1000.0,2.11,1.0,budget_depleted,1000.0
8,185,11100,0,0,0.0,0.0,0.0,1000.0,2.05,1.0,budget_depleted,1000.0
8,185,11115,0,0,0.0,0.0,0.0,1000.0,2.05,1.0,budget_depleted,1000.0
8,185,11130,0,0,0.0,0.0,0.0,1000.0,2.05,1.0,budget_depleted,1000.0
8,185,11145,0,0,0.0,0.0,0.0,1000.0,2.05,1.0,budget_depleted,1000.0
8,186,11160,0,0,0.0,0.0,0.0,1000.0,2.0,1.0,budget_depleted,1000.0
8,186,11175,0,0,0.0,0.0,0.0,1000.0,2.0,1.0,budget_depleted,1000.0
8,186,11190,0,0,0.0,0.0,0.0,1000.0,2.0,1.0,budget_depleted,1000.0
8,186,11205,0,0,0.0,0.0,0.0,1000.0,2.0,1.0,budget_depleted,1000.0
8,187,11220,0,0,0.0,0.0,0.0,1000.0,1.94,1.0,budget_depleted,1000.0
8,187,11235,0,0,0.0,0.0,0.0,1000.0,1.94,1.0,budget_depleted,1000.0
8,187,11250,0,0,0.0,0.0,0.0,1000.0,1.94,1.0,budget_depleted,1000.0
8,187,11265,0,0,0.0,0.0,0.0,1000.0,1.94,1.0,budget_depleted,1000.0
8,188,11280,0,0,0.0,0.0,0.0,1000.0,2.52,1.0,budget_depleted,1000.0
8,188,11295,0,0,0.0,0.0,0.0,1000.0,2.52,1.0,budget_depleted,1000.0
8,188,11310,0,0,0.0,0.0,0.0,1000.0,2.52,1.0,budget_depleted,1000.0
8,188,11325,0,0,0.0,0.0,0.0,1000.0,2.52,1.0,budget_depleted,1000.0
8,189,11340,0,0,0.0,0.0,0.0,1000.0,2.52,1.0,budget_depleted,1000.0
8,189,11355,0,0,0.0,0.0,0.0,1000.0,2.52,1.0,budget_depleted,1000.0
8,189,11370,0,0,0.0,0.0,0.0,1000.0,2.52,1.0,budget_depleted,1000.0
8,189,11385,0,0,0.0,0.0,0.0,1000.0,2.52,1.0,budget_depleted,1000.0
8,190,11400,0,0,0.0,0.0,0.0,1000.0,2.52,1.0,budget_depleted,1000.0
8,190,11415,0,0,0.0,0.0,0.0,1000.0,2.52,1.0,budget_depleted,1000.0
8,190,11430,0,0,0.0,0.0,0.0,1000.0,2.52,1.0,budget_depleted,1000.0
8,190,11445,0,0,0.0,0.0,0.0,1000.0,2.52,1.0,budget_depleted,1000.0
8,191,11460,0,0,0.0,0.0,0.0,1000.0,2.52,1.0,budget_depleted,1000.0
8,191,11475,0,0,0.0,0.0,0.0,1000.0,2.52,1.0,budget_depleted,1000.0
8,191,11490,0,0,0.0,0.0,0.0,1000.0,2.52,1.0,budget_depleted,1000.0
8,191,11505,0,0,0.0,0.0,0.0,1000.0,2.52,1.0,budget_depleted,1000.0
9,192,11520,0,0,0.0,0.0,0.0,1000.0,2.52,1.0,normal,0.0
9,192,11535,5,0,11.6146,11.6146,2.3229,1000.0,2.52,1.0,normal,11.6146
9,192,11550,7,0,15.1356,15.1356,2.1622,1000.0,2.52,1.0,normal,26.7502
9,192,11565,3,0,4.662,4.662,1.554,1000.0,2.52,1.0,normal,31.4122
9,193,11580,7,0,14.49,14.49,2.07,1000.0,2.07,1.0,normal,45.9022
9,193,11595,6,0,9.6755,9.6755,1.6126,1000.0,2.07,1.0,normal,55.5777
9,193,11610,3,0,6.21,6.21,2.07,1000.0,2.07,1.0,normal,61.7877
9,193,11625,8,0,3.4622,3.4622,0.4328,1000.0,2.07,1.0,normal,65.2499
9,194,11640,3,0,5.07,5.07,1.69,1000.0,1.69,1.0,normal,70.3199
9,194,11655,1,0,1.5042,1.5042,1.5042,1000.0,1.69,1.0,normal,71.8241
9,194,11670,4,1,5.1872,5.1872,1.2968,1000.0,1.69,1.0,normal,77.0113
9,194,11685,5,0,5.9011,5.9011,1.1802,1000.0,1.69,1.0,normal,82.9124
9,195,11700,2,0,1.6,1.6,0.8,1000.0,0.8,1.0,normal,84.5124
9,195,11715,5,0,4.0,4.0,0.8,1000.0,0.8,1.0,normal,88.5124
9,195,11730,3,0,0.7785,0.7785,0.2595,1000.0,0.8,1.0,normal,89.2909
9,195,11745,3,0,2.4,2.4,0.8,1000.0,0.8,1.0,normal,91.6909
9,196,11760,2,0,1.3524,1.3524,0.6762,1000.0,0.8,1.0,normal,93.0433
9,196,11775,1,0,0.8,0.8,0.8,1000.0,0.8,1.0,normal,93.8433
9,196,11790,1,0,0.8,0.8,0.8,1000.0,0.8,1.0,normal,94.6433
9,196,11805,1,0,0.0092,0.0092,0.0092,1000.0,0.8,1.0,normal,94.6525
9,197,11820,5,0,0.4879,0.4879,0.0976,1000.0,0.83,1.0,normal,95.1404
9,197,11835,4,0,1.9887,1.9887,0.4972,1000.0,0.83,1.0,normal,97.1291
9,197,11850,1,0,0.6967,0.6967,0.6967,1000.0,0.83,1.0,normal,97.8258
9,197,11865,3,0,0.1766,0.1766,0.0589,1000.0,0.83,1.0,normal,98.0024
9,198,11880,1,0,0.87,0.87,0.87,1000.0,0.87,1.0,normal,98.8724
9,198,11895,4,1,3.48,3.48,0.87,1000.0,0.87,1.0,normal,102.3524
9,198,11910,2,0,1.74,1.74,0.87,1000.0,0.87,1.0,normal,104.0924
9,198,11925,1,0,0.87,0.87,0.87,1000.0,0.87,1.0,normal,104.9624
9,199,11940,2,0,1.056,1.056,0.528,1000.0,0.9,1.0,normal,106.0184
9,199,11955,1,0,0.527,0.527,0.527,1000.0,0.9,1.0,normal,106.5454
9,199,11970,1,0,0.9,0.9,0.9,1000.0,0.9,1.0,normal,107.4454
9,199,11985,3,0,1.3864,1.3864,0.4621,1000.0,0.9,1.0,normal,108.8318
9,200,12000,3,0,2.7,2.7,0.9,1000.0,0.9,1.0,normal,111.5318
9,200,12015,1,0,0.9,0.9,0.9,1000.0,0.9,1.0,normal,112.4318
9,200,12030,1,0,0.6345,0.6345,0.6345,1000.0,0.9,1.0,normal,113.0663
9,200,12045,1,0,0.9,0.9,0.9,1000.0,0.9,1.0,normal,113.9663
9,201,12060,0,0,0.0,0.0,0.94,1000.0,0.94,1.0,normal,113.9663
9,201,12075,1,0,0.6291,0.6291,0.6291,1000.0,0.94,1.0,normal,114.5954
9,201,12090,2,0,1.88,1.88,0.94,1000.0,0.94,1.0,normal,116.4754
9,201,12105,2,0,1.88,1.88,0.94,1000.0,0.94,1.0,normal,118.3554
9,202,12120,3,0,2.91,2.91,0.97,1000.0,0.97,1.0,normal,121.2654
9,202,12135,2,1,1.94,1.94,0.97,1000.0,0.97,1.0,normal,123.2054
9,202,12150,3,0,2.91,2.91,0.97,1000.0,0.97,1.0,normal,126.1154
9,202,12165,2,0,1.94,1.94,0.97,1000.0,0.97,1.0,normal,128.0554
9,203,12180,1,0,1.01,1.01,1.01,1000.0,1.01,1.0,normal,129.0654
9,203,12195,1,0,0.1026,0.1026,0.1026,1000.0,1.01,1.0,normal,129.168
9,203,12210,2,0,2.02,2.02,1.01,1000.0,1.01,1.0,normal,131.188
9,203,12225,4,0,4.04,4.04,1.01,1000.0,1.01,1.0,normal,135.228
9,204,12240,3,0,0.317,0.317,0.1057,1000.0,1.01,1.0,normal,135.545
9,204,12255,3,0,3.03,3.03,1.01,1000.0,1.01,1.0,normal,138.575
9,204,12270,2,0,2.02,2.02,1.01,1000.0,1.01,1.0,normal,140.595
9,204,12285,4,0,4.04,4.04,1.01,1000.0,1.01,1.0,normal,144.635
9,205,12300,3,1,1.1644,1.1644,0.3881,1000.0,1.05,1.0,normal,145.7994
9,205,12315,5,0,5.25,5.25,1.05,1000.0,1.05,1.0,normal,151.0494
9,205,12330,1,0,0.7843,0.7843,0.7843,1000.0,1.05,1.0,normal,151.8337
9,205,12345,5,0,0.1351,0.1351,0.027,1000.0,1.05,1.0,normal,151.9688
9,206,12360,3,0,3.27,3.27,1.09,1000.0,1.09,1.0,normal,155.2388
9,206,12375,2,0,2.18,2.18,1.09,1000.0,1.09,1.0,normal,157.4188
9,206,12390,2,0,2.18,2.18,1.09,1000.0,1.09,1.0,normal,159.5988
9,206,12405,1,0,1.09,1.09,1.09,1000.0,1.09,1.0,normal,160.6888
9,207,12420,3,1,1.2371,1.2371,0.4124,1000.0,1.13,1.0,normal,161.9259
9,207,12435,4,0,4.52,4.52,1.13,1000.0,1.13,1.0,normal,166.4459
9,207,12450,3,0,3.39,3.39,1.13,1000.0,1.13,1.0,normal,169.8359
9,207,12465,3,0,2.9628,2.9628,0.9876,1000.0,1.13,1.0,normal,172.7987
9,208,12480,2,0,2.26,2.26,1.13,1000.0,1.13,1.0,normal,175.0587
9,208,12495,3,0,3.39,3.39,1.13,1000.0,1.13,1.0,normal,178.4487
9,208,12510,3,0,3.39,3.39,1.13,1000.0,1.13,1.0,normal,181.8387
9,208,12525,7,0,5.5432,5.5432,0.7919,1000.0,1.13,1.0,normal,187.3819
9,209,12540,5,0,5.85,5.85,1.17,1000.0,1.17,1.0,normal,193.2319
9,209,12555,5,0,5.85,5.85,1.17,1000.0,1.17,1.0,normal,199.0819
9,209,12570,1,0,0.739,0.739,0.739,1000.0,1.17,1.0,normal,199.8209
9,209,12585,5,0,0.3824,0.3824,0.0765,1000.0,1.17,1.0,normal,200.2033
9,210,12600,2,0,2.4,2.4,1.2,1000.0,1.2,1.0,normal,202.6033
9,210,12615,4,1,4.8,4.8,1.2,1000.0,1.2,1.0,normal,207.4033
9,210,12630,4,0,1.9878,1.9878,0.497,1000.0,1.2,1.0,normal,209.3911
9,210,12645,1,0,1.2,1.2,1.2,1000.0,1.2,1.0,normal,210.5911
9,211,12660,2,0,2.48,2.48,1.24,1000.0,1.24,1.0,normal,213.0711
9,211,12675,2,0,0.4896,0.4896,0.2448,1000.0,1.24,1.0,normal,213.5607
9,211,12690,3,0,1.7308,1.7308,0.5769,1000.0,1.24,1.0,normal,215.2915
9,211,12705,2,0,0.6607,0.6607,0.3303,1000.0,1.24,1.0,normal,215.9522
9,212,12720,5,0,0.6889,0.6889,0.1378,1000.0,1.24,1.0,normal,216.6411
9,212,12735,2,1,2.48,2.48,1.24,1000.0,1.24,1.0,normal,219.1211
9,212,12750,3,0,3.72,3.72,1.24,1000.0,1.24,1.0,normal,222.8411
9,212,12765,5,0,2.5836,2.5836,0.5167,1000.0,1.24,1.0,normal,225.4247
9,213,12780,3,0,3.87,3.87,1.29,1000.0,1.29,1.0,normal,229.2947
9,213,12795,5,0,6.45,6.45,1.29,1000.0,1.29,1.0,normal,235.7447
9,213,12810,5,1,6.45,6.45,1.29,1000.0,1.29,1.0,normal,242.1947
9,213,12825,5,0,6.45,6.45,1.29,1000.0,1.29,1.0,normal,248.6447
9,214,12840,3,0,4.02,4.02,1.34,1000.0,1.34,1.0,normal,252.6647
9,214,12855,1,0,0.0535,0.0535,0.0535,1000.0,1.34,1.0,normal,252.7182
9,214,12870,3,0,4.02,4.02,1.34,1000.0,1.34,1.0,normal,256.7382
9,214,12885,8,1,3.5088,3.5088,0.4386,1000.0,1.34,1.0,normal,260.247
9,215,12900,3,1,3.2913,3.2913,1.0971,1000.0,1.39,1.0,normal,263.5383
9,215,12915,2,0,2.78,2.78,1.39,1000.0,1.39,1.0,normal,266.3183
9,215,12930,1,0,0.566,0.566,0.566,1000.0,1.39,1.0,normal,266.8843
9,215,12945,1,0,1.39,1.39,1.39,1000.0,1.39,1.0,normal,268.2743
10,216,12960,3,0,1.8892,1.8892,0.6297,1000.0,1.39,1.0,normal,1.8892
10,216,12975,4,0,4.4203,4.4203,1.1051,1000.0,1.39,1.0,normal,6.3095
10,216,12990,2,0,2.78,2.78,1.39,1000.0,1.39,1.0,normal,9.0895
10,216,13005,4,0,5.56,5.56,1.39,1000.0,1.39,1.0,normal,14.6495
10,217,13020,2,0,0.3404,0.3404,0.1702,1000.0,1.45,1.0,normal,14.9899
10,217,13035,3,0,4.35,4.35,1.45,1000.0,1.45,1.0,normal,19.3399
10,217,13050,3,0,4.35,4.35,1.45,1000.0,1.45,1.0,normal,23.6899
10,217,13065,2,0,2.9,2.9,1.45,1000.0,1.45,1.0,normal,26.5899
10,218,13080,4,1,2.4243,2.4243,0.6061,1000.0,1.5,1.0,normal,29.0142
10,218,13095,7,0,10.5,10.5,1.5,1000.0,1.5,1.0,normal,39.5142
10,218,13110,3,0,2.0001,2.0001,0.6667,1000.0,1.5,1.0,normal,41.5143
10,218,13125,2,0,3.0,3.0,1.5,1000.0,1.5,1.0,normal,44.5143
10,219,13140,3,0,4.68,4.68,1.56,1000.0,1.56,1.0,normal,49.1943
10,219,13155,5,0,7.8,7.8,1.56,1000.0,1.56,1.0,normal,56.9943
10,219,13170,5,0,7.7948,7.7948,1.559,1000.0,1.56,1.0,normal,64.7891
10,219,13185,6,0,0.1635,0.1635,0.0273,1000.0,1.56,1.0,normal,64.9526
10,220,13200,6,1,9.36,9.36,1.56,1000.0,1.56,1.0,normal,74.3126
10,220,13215,3,0,2.5362,2.5362,0.8454,1000.0,1.56,1.0,normal,76.8488
10,220,13230,3,0,4.1448,4.1448,1.3816,1000.0,1.56,1.0,normal,80.9936
10,220,13245,6,0,4.7162,4.7162,0.786,1000.0,1.56,1.0,normal,85.7098
10,221,13260,5,0,10.15,10.15,2.03,1000.0,2.03,1.0,normal,95.8598
10,221,13275,3,0,3.8572,3.8572,1.2857,1000.0,2.03,1.0,normal,99.717
10,221,13290,5,0,4.8656,4.8656,0.9731,1000.0,2.03,1.0,normal,104.5826
10,221,13305,3,0,4.1751,4.1751,1.3917,1000.0,2.03,1.0,normal,108.7577
10,222,13320,6,0,15.84,15.84,2.64,1000.0,2.64,1.0,normal,124.5977
10,222,13335,7,0,7.4885,7.4885,1.0698,1000.0,2.64,1.0,normal,132.0862
10,222,13350,6,0,7.5404,7.5404,1.2567,1000.0,2.64,1.0,normal,139.6266
10,222,13365,10,1,26.4,26.4,2.64,1000.0,2.64,1.0,normal,166.0266
10,223,13380,11,1,26.7589,26.7589,2.4326,1000.0,3.43,1.0,normal,192.7855
10,223,13395,7,0,8.4028,8.4028,1.2004,1000.0,3.43,1.0,normal,201.1883
10,223,13410,9,0,30.87,30.87,3.43,1000.0,3.43,1.0,normal,232.0583
10,223,13425,8,0,4.81,4.81,0.6013,1000.0,3.43,1.0,normal,236.8683
10,224,13440,14,1,0.3716,0.3716,0.0265,1000.0,3.43,1.0,normal,237.2399
10,224,13455,10,1,34.3,34.3,3.43,1000.0,3.43,1.0,normal,271.5399
10,224,13470,13,1,36.2996,36.2996,2.7923,1000.0,3.43,1.0,normal,307.8395
10,224,13485,12,2,21.8911,10.9456,1.8243,1000.0,3.43,1.0,normal,329.7306
10,225,13500,17,1,4.3495,4.3495,0.2559,1000.0,3.76,1.0,normal,334.0801
10,225,13515,14,0,30.0357,30.0357,2.1454,1000.0,3.76,1.0,normal,364.1158
10,225,13530,11,0,2.9308,2.9308,0.2664,1000.0,3.76,1.0,normal,367.0466
10,225,13545,4,0,12.5564,12.5564,3.1391,1000.0,3.76,1.0,normal,379.603
10,226,13560,8,0,0.3776,0.3776,0.0472,1000.0,4.1,1.0,normal,379.9806
10,226,13575,7,0,28.7,28.7,4.1,1000.0,4.1,1.0,normal,408.6806
10,226,13590,13,0,51.8981,51.8981,3.9922,1000.0,4.1,1.0,normal,460.5787
10,226,13605,13,0,35.5222,35.5222,2.7325,1000.0,4.1,1.0,normal,496.1009
10,227,13620,11,0,16.9623,16.9623,1.542,1000.0,4.5,1.0,normal,513.0632
10,227,13635,12,1,30.4279,30.4279,2.5357,1000.0,4.5,1.0,normal,543.4911
10,227,13650,8,0,27.8295,27.8295,3.4787,1000.0,4.5,1.0,normal,571.3206
10,227,13665,11,0,3.7041,3.7041,0.3367,1000.0,4.5,1.0,normal,575.0247
10,228,13680,13,0,7.5325,7.5325,0.5794,1000.0,4.5,1.0,normal,582.5572
10,228,13695,10,0,29.1041,29.1041,2.9104,1000.0,4.5,1.0,normal,611.6613
10,228,13710,12,0,54.0,54.0,4.5,1000.0,4.5,1.0,normal,665.6613
10,228,13725,12,1,46.1219,46.1219,3.8435,1000.0,4.5,1.0,normal,711.7832
10,229,13740,13,0,50.1227,50.1227,3.8556,1000.0,4.65,1.0,normal,761.9059
10,229,13755,17,0,37.2811,37.2811,2.193,1000.0,4.65,1.0,normal,799.187
10,229,13770,11,0,10.4243,10.4243,0.9477,1000.0,4.65,1.0,normal,809.6113
10,229,13785,12,0,55.2711,55.2711,4.6059,1000.0,4.65,1.0,normal,864.8824
10,230,13800,11,0,43.7111,43.7111,3.9737,1000.0,4.8,1.0,budget_constrained,908.5935
10,230,13815,13,0,50.3995,50.3995,3.8769,1000.0,4.8,1.0,budget_constrained,958.993
10,230,13830,13,0,41.007,41.007,3.1125,1000.0,4.8,1.0,budget_depleted,1000.0
10,230,13845,0,0,0.0,0.0,0.0,1000.0,4.8,1.0,budget_depleted,1000.0
10,231,13860,0,0,0.0,0.0,0.0,1000.0,4.95,1.0,budget_depleted,1000.0
10,231,13875,0,0,0.0,0.0,0.0,1000.0,4.95,1.0,budget_depleted,1000.0
10,231,13890,0,0,0.0,0.0,0.0,1000.0,4.95,1.0,budget_depleted,1000.0
10,231,13905,0,0,0.0,0.0,0.0,1000.0,4.95,1.0,budget_depleted,1000.0
10,232,13920,0,0,0.0,0.0,0.0,1000.0,4.95,1.0,budget_depleted,1000.0
10,232,13935,0,0,0.0,0.0,0.0,1000.0,4.95,1.0,budget_depleted,1000.0
10,232,13950,0,0,0.0,0.0,0.0,1000.0,4.95,1.0,budget_depleted,1000.0
10,232,13965,0,0,0.0,0.0,0.0,1000.0,4.95,1.0,budget_depleted,1000.0
10,233,13980,0,0,0.0,0.0,0.0,1000.0,4.06,1.0,budget_depleted,1000.0
10,233,13995,0,0,0.0,0.0,0.0,1000.0,4.06,1.0,budget_depleted,1000.0
10,233,14010,0,0,0.0,0.0,0.0,1000.0,4.06,1.0,budget_depleted,1000.0
10,233,14025,0,0,0.0,0.0,0.0,1000.0,4.06,1.0,budget_depleted,1000.0
10,234,14040,0,0,0.0,0.0,0.0,1000.0,3.33,1.0,budget_depleted,1000.0
10,234,14055,0,0,0.0,0.0,0.0,1000.0,3.33,1.0,budget_depleted,1000.0
10,234,14070,0,0,0.0,0.0,0.0,1000.0,3.33,1.0,budget_depleted,1000.0
10,234,14085,0,0,0.0,0.0,0.0,1000.0,3.33,1.0,budget_depleted,1000.0
10,235,14100,0,0,0.0,0.0,0.0,1000.0,1.35,1.0,budget_depleted,1000.0
10,235,14115,0,0,0.0,0.0,0.0,1000.0,1.35,1.0,budget_depleted,1000.0
10,235,14130,0,0,0.0,0.0,0.0,1000.0,1.35,1.0,budget_depleted,1000.0
10,235,14145,0,0,0.0,0.0,0.0,1000.0,1.35,1.0,budget_depleted,1000.0
10,236,14160,0,0,0.0,0.0,0.0,1000.0,1.35,1.0,budget_depleted,1000.0
10,236,14175,0,0,0.0,0.0,0.0,1000.0,1.35,1.0,budget_depleted,1000.0
10,236,14190,0,0,0.0,0.0,0.0,1000.0,1.35,1.0,budget_depleted,1000.0
10,236,14205,0,0,0.0,0.0,0.0,1000.0,1.35,1.0,budget_depleted,1000.0
10,237,14220,0,0,0.0,0.0,0.0,1000.0,1.31,1.0,budget_depleted,1000.0
10,237,14235,0,0,0.0,0.0,0.0,1000.0,1.31,1.0,budget_depleted,1000.0
10,237,14250,0,0,0.0,0.0,0.0,1000.0,1.31,1.0,budget_depleted,1000.0
10,237,14265,0,0,0.0,0.0,0.0,1000.0,1.31,1.0,budget_depleted,1000.0
10,238,14280,0,0,0.0,0.0,0.0,1000.0,1.26,1.0,budget_depleted,1000.0
10,238,14295,0,0,0.0,0.0,0.0,1000.0,1.26,1.0,budget_depleted,1000.0
10,238,14310,0,0,0.0,0.0,0.0,1000.0,1.26,1.0,budget_depleted,1000.0
10,238,14325,0,0,0.0,0.0,0.0,1000.0,1.26,1.0,budget_depleted,1000.0
10,239,14340,0,0,0.0,0.0,0.0,1000.0,1.22,1.0,budget_depleted,1000.0
10,239,14355,0,0,0.0,0.0,0.0,1000.0,1.22,1.0,budget_depleted,1000.0
10,239,14370,0,0,0.0,0.0,0.0,1000.0,1.22,1.0,budget_depleted,1000.0
10,239,14385,0,0,0.0,0.0,0.0,1000.0,1.22,1.0,budget_depleted,1000.0
11,240,14400,0,0,0.0,0.0,0.0,1000.0,1.22,1.0,normal,0.0
11,240,14415,2,0,2.44,2.44,1.22,1000.0,1.22,1.0,normal,2.44
11,240,14430,0,0,0.0,0.0,0.4185,1000.0,1.22,1.0,normal,2.44
11,240,14445,6,0,7.32,7.32,1.22,1000.0,1.22,1.0,normal,9.76
11,241,14460,0,0,0.0,0.0,1.08,1000.0,1.08,1.0,normal,9.76
11,241,14475,2,0,0.0119,0.0119,0.006,1000.0,1.08,1.0,normal,9.7719
11,241,14490,3,0,3.24,3.24,1.08,1000.0,1.08,1.0,normal,13.0119
11,241,14505,2,0,2.16,2.16,1.08,1000.0,1.08,1.0,normal,15.1719
11,242,14520,0,0,0.0,0.0,0.94,1000.0,0.94,1.0,normal,15.1719
11,242,14535,4,0,3.76,3.76,0.94,1000.0,0.94,1.0,normal,18.9319
11,242,14550,0,0,0.0,0.0,0.94,1000.0,0.94,1.0,normal,18.9319
11,242,14565,0,0,0.0,0.0,0.94,1000.0,0.94,1.0,normal,18.9319
11,243,14580,2,0,1.6,1.6,0.8,1000.0,0.8,1.0,normal,20.5319
11,243,14595,2,0,1.6,1.6,0.8,1000.0,0.8,1.0,normal,22.1319
11,243,14610,3,0,2.4,2.4,0.8,1000.0,0.8,1.0,normal,24.5319
11,243,14625,1,0,0.5859,0.5859,0.5859,1000.0,0.8,1.0,normal,25.1178
11,244,14640,4,0,2.8019,2.8019,0.7005,1000.0,0.8,1.0,normal,27.9197
11,244,14655,1,0,0.6136,0.6136,0.6136,1000.0,0.8,1.0,normal,28.5333
11,244,14670,0,0,0.0,0.0,0.2736,1000.0,0.8,1.0,normal,28.5333
11,244,14685,1,0,0.8,0.8,0.8,1000.0,0.8,1.0,normal,29.3333
11,245,14700,3,0,1.1301,1.1301,0.3767,1000.0,0.83,1.0,normal,30.4634
11,245,14715,6,0,4.98,4.98,0.83,1000.0,0.83,1.0,normal,35.4434
11,245,14730,3,0,2.49,2.49,0.83,1000.0,0.83,1.0,normal,37.9334
11,245,14745,3,0,2.49,2.49,0.83,1000.0,0.83,1.0,normal,40.4234
11,246,14760,3,0,2.61,2.61,0.87,1000.0,0.87,1.0,normal,43.0334
11,246,14775,2,0,0.5566,0.5566,0.2783,1000.0,0.87,1.0,normal,43.59
11,246,14790,3,0,1.8436,1.8436,0.6145,1000.0,0.87,1.0,normal,45.4336
11,246,14805,1,1,0.3111,0.3111,0.3111,1000.0,0.87,1.0,normal,45.7447
11,247,14820,3,0,2.6451,2.6451,0.8817,1000.0,0.9,1.0,normal,48.3898
11,247,14835,1,0,0.9,0.9,0.9,1000.0,0.9,1.0,normal,49.2898
11,247,14850,4,0,3.6,3.6,0.9,1000.0,0.9,1.0,normal,52.8898
11,247,14865,2,0,1.8,1.8,0.9,1000.0,0.9,1.0,normal,54.6898
11,248,14880,4,0,2.834,2.834,0.7085,1000.0,0.9,1.0,normal,57.5238
11,248,14895,0,0,0.0,0.0,0.3638,1000.0,0.9,1.0,normal,57.5238
11,248,14910,3,0,2.7,2.7,0.9,1000.0,0.9,1.0,normal,60.2238
11,248,14925,3,0,1.137,1.137,0.379,1000.0,0.9,1.0,normal,61.3608
11,249,14940,3,0,2.82,2.82,0.94,1000.0,0.94,1.0,normal,64.1808
11,249,14955,2,0,1.88,1.88,0.94,1000.0,0.94,1.0,normal,66.0608
11,249,14970,4,0,3.76,3.76,0.94,1000.0,0.94,1.0,normal,69.8208
11,249,14985,0,0,0.0,0.0,0.412,1000.0,0.94,1.0,normal,69.8208
11,250,15000,1,0,0.0929,0.0929,0.0929,1000.0,0.97,1.0,normal,69.9137
11,250,15015,3,0,2.91,2.91,0.97,1000.0,0.97,1.0,normal,72.8237
11,250,15030,2,0,1.94,1.94,0.97,1000.0,0.97,1.0,normal,74.7637
11,250,15045,1,0,0.2195,0.2195,0.2195,1000.0,0.97,1.0,normal,74.9832
11,251,15060,2,0,2.02,2.02,1.01,1000.0,1.01,1.0,normal,77.0032
11,251,15075,3,0,0.9686,0.9686,0.3229,1000.0,1.01,1.0,normal,77.9718
11,251,15090,0,0,0.0,0.0,1.01,1000.0,1.01,1.0,normal,77.9718
11,251,15105,3,0,0.8027,0.8027,0.2676,1000.0,1.01,1.0,normal,78.7745
11,252,15120,3,0,3.03,3.03,1.01,1000.0,1.01,1.0,normal,81.8045
11,252,15135,3,1,3.03,3.03,1.01,1000.0,1.01,1.0,normal,84.8345
11,252,15150,3,0,3.03,3.03,1.01,1000.0,1.01,1.0,normal,87.8645
11,252,15165,2,0,2.02,2.02,1.01,1000.0,1.01,1.0,normal,89.8845
11,253,15180,4,0,0.9057,0.9057,0.2264,1000.0,0.91,1.0,normal,90.7902
11,253,15195,1,0,0.7067,0.7067,0.7067,1000.0,0.91,1.0,normal,91.4969
11,253,15210,3,0,2.73,2.73,0.91,1000.0,0.91,1.0,normal,94.2269
11,253,15225,4,0,3.64,3.64,0.91,1000.0,0.91,1.0,normal,97.8669
11,254,15240,2,0,1.64,1.64,0.82,1000.0,0.82,1.0,normal,99.5069
11,254,15255,1,0,0.82,0.82,0.82,1000.0,0.82,1.0,normal,100.3269
11,254,15270,1,0,0.82,0.82,0.82,1000.0,0.82,1.0,normal,101.1469
11,254,15285,1,0,0.82,0.82,0.82,1000.0,0.82,1.0,normal,101.9669
11,255,15300,1,0,0.72,0.72,0.72,1000.0,0.72,1.0,normal,102.6869
11,255,15315,0,0,0.0,0.0,0.2063,1000.0,0.72,1.0,normal,102.6869
11,255,15330,0,0,0.0,0.0,0.72,1000.0,0.72,1.0,normal,102.6869
11,255,15345,3,0,2.16,2.16,0.72,1000.0,0.72,1.0,normal,104.8469
11,256,15360,3,0,2.16,2.16,0.72,1000.0,0.72,1.0,normal,107.0069
11,256,15375,1,0,0.72,0.72,0.72,1000.0,0.72,1.0,normal,107.7269
11,256,15390,1,0,0.72,0.72,0.72,1000.0,0.72,1.0,normal,108.4469
11,256,15405,3,0,2.16,2.16,0.72,1000.0,0.72,1.0,normal,110.6069
11,257,15420,1,0,0.75,0.75,0.75,1000.0,0.75,1.0,normal,111.3569
11,257,15435,0,0,0.0,0.0,0.75,1000.0,0.75,1.0,normal,111.3569
11,257,15450,1,1,0.75,0.75,0.75,1000.0,0.75,1.0,normal,112.1069
11,257,15465,1,0,0.75,0.75,0.75,1000.0,0.75,1.0,normal,112.8569
11,258,15480,0,0,0.0,0.0,0.78,1000.0,0.78,1.0,normal,112.8569
11,258,15495,1,0,0.78,0.78,0.78,1000.0,0.78,1.0,normal,113.6369
11,258,15510,2,0,1.56,1.56,0.78,1000.0,0.78,1.0,normal,115.1969
11,258,15525,0,0,0.0,0.0,0.78,1000.0,0.78,1.0,normal,115.1969
11,259,15540,1,0,0.81,0.81,0.81,1000.0,0.81,1.0,normal,116.0069
11,259,15555,1,0,0.81,0.81,0.81,1000.0,0.81,1.0,normal,116.8169
11,259,15570,1,0,0.81,0.81,0.81,1000.0,0.81,1.0,normal,117.6269
11,259,15585,1,0,0.81,0.81,0.81,1000.0,0.81,1.0,normal,118.4369
11,260,15600,0,0,0.0,0.0,0.81,1000.0,0.81,1.0,normal,118.4369
11,260,15615,4,0,3.24,3.24,0.81,1000.0,0.81,1.0,normal,121.6769
11,260,15630,1,0,0.81,0.81,0.81,1000.0,0.81,1.0,normal,122.4869
11,260,15645,2,0,1.62,1.62,0.81,1000.0,0.81,1.0,normal,124.1069
11,261,15660,0,0,0.0,0.0,0.84,1000.0,0.84,1.0,normal,124.1069
11,261,15675,2,1,1.1757,1.1757,0.5879,1000.0,0.84,1.0,normal,125.2826
11,261,15690,5,0,4.2,4.2,0.84,1000.0,0.84,1.0,normal,129.4826
11,261,15705,1,0,0.7379,0.7379,0.7379,1000.0,0.84,1.0,normal,130.2205
11,262,15720,1,0,0.88,0.88,0.88,1000.0,0.88,1.0,normal,131.1005
11,262,15735,3,0,2.64,2.64,0.88,1000.0,0.88,1.0,normal,133.7405
11,262,15750,1,0,0.88,0.88,0.88,1000.0,0.88,1.0,normal,134.6205
11,262,15765,1,0,0.88,0.88,0.88,1000.0,0.88,1.0,normal,135.5005
11,263,15780,4,0,3.64,3.64,0.91,1000.0,0.91,1.0,normal,139.1405
11,263,15795,2,0,1.82,1.82,0.91,1000.0,0.91,1.0,normal,140.9605
11,263,15810,2,0,1.6179,1.6179,0.8089,1000.0,0.91,1.0,normal,142.5784
11,263,15825,4,1,3.64,3.64,0.91,1000.0,0.91,1.0,normal,146.2184
12,264,15840,3,0,0.7634,0.7634,0.2545,1000.0,0.91,1.0,normal,0.7634
12,264,15855,6,0,5.46,5.46,0.91,1000.0,0.91,1.0,normal,6.2234
12,264,15870,3,0,2.73,2.73,0.91,1000.0,0.91,1.0,normal,8.9534
12,264,15885,1,0,0.91,0.91,0.91,1000.0,0.91,1.0,normal,9.8634
12,265,15900,3,0,2.85,2.85,0.95,1000.0,0.95,1.0,normal,12.7134
12,265,15915,2,0,1.9,1.9,0.95,1000.0,0.95,1.0,normal,14.6134
12,265,15930,1,0,0.95,0.95,0.95,1000.0,0.95,1.0,normal,15.5634
12,265,15945,3,0,2.85,2.85,0.95,1000.0,0.95,1.0,normal,18.4134
12,266,15960,2,0,1.96,1.96,0.98,1000.0,0.98,1.0,normal,20.3734
12,266,15975,4,0,3.92,3.92,0.98,1000.0,0.98,1.0,normal,24.2934
12,266,15990,4,0,0.9512,0.9512,0.2378,1000.0,0.98,1.0,normal,25.2446
12,266,16005,4,0,1.6555,1.6555,0.4139,1000.0,0.98,1.0,normal,26.9001
12,267,16020,3,0,3.06,3.06,1.02,1000.0,1.02,1.0,normal,29.9601
12,267,16035,0,0,0.0,0.0,0.5581,1000.0,1.02,1.0,normal,29.9601
12,267,16050,2,0,2.04,2.04,1.02,1000.0,1.02,1.0,normal,32.0001
12,267,16065,7,0,0.8142,0.8142,0.1163,1000.0,1.02,1.0,normal,32.8143
12,268,16080,3,0,3.06,3.06,1.02,1000.0,1.02,1.0,normal,35.8743
12,268,16095,1,0,1.02,1.02,1.02,1000.0,1.02,1.0,normal,36.8943
12,268,16110,3,0,2.7122,2.7122,0.9041,1000.0,1.02,1.0,normal,39.6065
12,268,16125,4,0,4.08,4.08,1.02,1000.0,1.02,1.0,normal,43.6865
12,269,16140,3,0,3.18,3.18,1.06,1000.0,1.06,1.0,normal,46.8665
12,269,16155,3,0,3.18,3.18,1.06,1000.0,1.06,1.0,normal,50.0465
12,269,16170,2,0,0.45,0.45,0.225,1000.0,1.06,1.0,normal,50.4965
12,269,16185,4,0,4.24,4.24,1.06,1000.0,1.06,1.0,normal,54.7365
12,270,16200,5,0,4.8282,4.8282,0.9656,1000.0,1.1,1.0,normal,59.5647
12,270,16215,0,0,0.0,0.0,0.477,1000.0,1.1,1.0,normal,59.5647
12,270,16230,4,0,1.4168,1.4168,0.3542,1000.0,1.1,1.0,normal,60.9815
12,270,16245,2,0,1.626,1.626,0.813,1000.0,1.1,1.0,normal,62.6075
12,271,16260,6,0,1.0413,1.0413,0.1736,1000.0,1.14,1.0,normal,63.6488
12,271,16275,6,0,1.5586,1.5586,0.2598,1000.0,1.14,1.0,normal,65.2074
12,271,16290,3,1,2.8539,2.8539,0.9513,1000.0,1.14,1.0,normal,68.0613
12,271,16305,5,0,5.7,5.7,1.14,1000.0,1.14,1.0,normal,73.7613
12,272,16320,7,0,10.36,10.36,1.48,1000.0,1.48,1.0,normal,84.1213
12,272,16335,4,0,5.92,5.92,1.48,1000.0,1.48,1.0,normal,90.0413
12,272,16350,6,0,8.88,8.88,1.48,1000.0,1.48,1.0,normal,98.9213
12,272,16365,7,0,10.36,10.36,1.48,1000.0,1.48,1.0,normal,109.2813
12,273,16380,2,0,2.1048,2.1048,1.0524,1000.0,1.52,1.0,normal,111.3861
12,273,16395,1,0,1.3057,1.3057,1.3057,1000.0,1.52,1.0,normal,112.6918
12,273,16410,3,0,4.56,4.56,1.52,1000.0,1.52,1.0,normal,117.2518
12,273,16425,3,1,1.1716,1.1716,0.3905,1000.0,1.52,1.0,normal,118.4234
12,274,16440,3,0,4.68,4.68,1.56,1000.0,1.56,1.0,normal,123.1034
12,274,16455,5,0,0.2549,0.2549,0.051,1000.0,1.56,1.0,normal,123.3583
12,274,16470,3,0,4.68,4.68,1.56,1000.0,1.56,1.0,normal,128.0383
12,274,16485,4,0,1.0174,1.0174,0.2543,1000.0,1.56,1.0,normal,129.0557
12,275,16500,3,0,3.0184,3.0184,1.0061,1000.0,1.6,1.0,normal,132.0741
12,275,16515,3,0,4.1889,4.1889,1.3963,1000.0,1.6,1.0,normal,136.263
12,275,16530,3,1,3.9964,3.9964,1.3321,1000.0,1.6,1.0,normal,140.2594
12,275,16545,4,0,2.8822,2.8822,0.7205,1000.0,1.6,1.0,normal,143.1416
12,276,16560,5,1,8.0,8.0,1.6,1000.0,1.6,1.0,normal,151.1416
12,276,16575,2,0,3.2,3.2,1.6,1000.0,1.6,1.0,normal,154.3416
12,276,16590,4,1,6.4,6.4,1.6,1000.0,1.6,1.0,normal,160.7416
12,276,16605,1,0,1.2484,1.2484,1.2484,1000.0,1.6,1.0,normal,161.99
12,277,16620,6,0,1.9897,1.9897,0.3316,1000.0,1.66,1.0,normal,163.9797
12,277,16635,5,1,8.3,8.3,1.66,1000.0,1.66,1.0,normal,172.2797
12,277,16650,2,0,0.5609,0.5609,0.2805,1000.0,1.66,1.0,normal,172.8406
12,277,16665,4,0,6.64,6.64,1.66,1000.0,1.66,1.0,normal,179.4806
12,278,16680,4,0,6.92,6.92,1.73,1000.0,1.73,1.0,normal,186.4006
12,278,16695,4,0,6.9015,6.9015,1.7254,1000.0,1.73,1.0,normal,193.3021
12,278,16710,7,1,12.11,12.11,1.73,1000.0,1.73,1.0,normal,205.4121
12,278,16725,4,0,6.92,6.92,1.73,1000.0,1.73,1.0,normal,212.3321
12,279,16740,3,0,0.0903,0.0903,0.0301,1000.0,1.79,1.0,normal,212.4224
12,279,16755,3,0,5.37,5.37,1.79,1000.0,1.79,1.0,normal,217.7924
12,279,16770,6,0,10.74,10.74,1.79,1000.0,1.79,1.0,normal,228.5324
12,279,16785,2,0,3.5602,3.5602,1.7801,1000.0,1.79,1.0,normal,232.0926
12,280,16800,7,0,0.8356,0.8356,0.1194,1000.0,1.79,1.0,normal,232.9282
12,280,16815,5,0,6.1882,6.1882,1.2376,1000.0,1.79,1.0,normal,239.1164
12,280,16830,2,0,3.58,3.58,1.79,1000.0,1.79,1.0,normal,242.6964
12,280,16845,4,0,7.16,7.16,1.79,1000.0,1.79,1.0,normal,249.8564
12,281,16860,2,0,3.72,3.72,1.86,1000.0,1.86,1.0,normal,253.5764
12,281,16875,6,0,9.1373,9.1373,1.5229,1000.0,1.86,1.0,normal,262.7137
12,281,16890,2,0,3.0098,3.0098,1.5049,1000.0,1.86,1.0,normal,265.7235
12,281,16905,7,0,13.02,13.02,1.86,1000.0,1.86,1.0,normal,278.7435
12,282,16920,0,0,0.0,0.0,1.93,1000.0,1.93,1.0,normal,278.7435
12,282,16935,2,0,3.8526,3.8526,1.9263,1000.0,1.93,1.0,normal,282.5961
12,282,16950,3,0,5.79,5.79,1.93,1000.0,1.93,1.0,normal,288.3861
12,282,16965,6,0,11.58,11.58,1.93,1000.0,1.93,1.0,normal,299.9661
12,283,16980,5,0,2.9282,2.9282,0.5856,1000.0,2.0,1.0,normal,302.8943
12,283,16995,5,1,2.322,2.322,0.4644,1000.0,2.0,1.0,normal,305.2163
12,283,17010,7,0,14.0,14.0,2.0,1000.0,2.0,1.0,normal,319.2163
12,283,17025,5,0,5.4003,5.4003,1.0801,1000.0,2.0,1.0,normal,324.6166
12,284,17040,3,0,6.0,6.0,2.0,1000.0,2.0,1.0,normal,330.6166
12,284,17055,3,0,6.0,6.0,2.0,1000.0,2.0,1.0,normal,336.6166
12,284,17070,4,0,0.5134,0.5134,0.1284,1000.0,2.0,1.0,normal,337.13
12,284,17085,4,0,2.3252,2.3252,0.5813,1000.0,2.0,1.0,normal,339.4552
12,285,17100,2,0,3.119,3.119,1.5595,1000.0,2.08,1.0,normal,342.5742
12,285,17115,4,0,8.32,8.32,2.08,1000.0,2.08,1.0,normal,350.8942
12,285,17130,4,0,8.32,8.32,2.08,1000.0,2.08,1.0,normal,359.2142
12,285,17145,14,1,14.6443,14.6443,1.046,1000.0,2.08,1.0,normal,373.8585
12,286,17160,10,0,20.0666,20.0666,2.0067,1000.0,2.16,1.0,normal,393.9251
12,286,17175,5,0,5.0876,5.0876,1.0175,1000.0,2.16,1.0,normal,399.0127
12,286,17190,3,1,2.5207,2.5207,0.8402,1000.0,2.16,1.0,normal,401.5334
12,286,17205,4,0,4.654,4.654,1.1635,1000.0,2.16,1.0,normal,406.1874
12,287,17220,5,0,3.5762,3.5762,0.7152,1000.0,2.24,1.0,normal,409.7636
12,287,17235,7,0,15.68,15.68,2.24,1000.0,2.24,1.0,normal,425.4436
12,287,17250,4,1,0.8729,0.8729,0.2182,1000.0,2.24,1.0,normal,426.3165
12,287,17265,5,1,1.5803,1.5803,0.3161,1000.0,2.24,1.0,normal,427.8968
13,288,17280,8,0,10.5487,10.5487,1.3186,1000.0,2.46,0.0,normal,10.5487
13,288,17295,5,0,12.3,12.3,2.46,1000.0,2.46,0.0,normal,22.8487
13,288,17310,1,0,2.2854,2.2854,2.2854,1000.0,2.46,0.0,normal,25.1341
13,288,17325,9,0,22.14,22.14,2.46,1000.0,2.46,0.0,normal,47.2741
13,289,17340,0,0,0.0,0.0,0.01,1000.0,0.01,0.0,normal,47.2741
13,289,17355,0,0,0.0,0.0,0.01,1000.0,0.01,0.0,normal,47.2741
13,289,17370,0,0,0.0,0.0,0.01,1000.0,0.01,0.0,normal,47.2741
13,289,17385,0,0,0.0,0.0,0.01,1000.0,0.01,0.0,normal,47.2741
13,290,17400,0,0,0.0,0.0,0.01,1000.0,0.01,0.0,normal,47.2741
13,290,17415,0,0,0.0,0.0,0.01,1000.0,0.01,0.0,normal,47.2741
13,290,17430,0,0,0.0,0.0,0.01,1000.0,0.01,0.0,normal,47.2741
13,290,17445,0,0,0.0,0.0,0.01,1000.0,0.01,0.0,normal,47.2741
13,291,17460,0,0,0.0,0.0,0.01,1000.0,0.01,0.0,normal,47.2741
13,291,17475,0,0,0.0,0.0,0.01,1000.0,0.01,0.0,normal,47.2741
13,291,17490,0,0,0.0,0.0,0.01,1000.0,0.01,0.0,normal,47.2741
13,291,17505,0,0,0.0,0.0,0.01,1000.0,0.01,0.0,normal,47.2741
13,292,17520,0,0,0.0,0.0,0.01,1000.0,0.01,0.0,normal,47.2741
13,292,17535,0,0,0.0,0.0,0.01,1000.0,0.01,0.0,normal,47.2741
13,292,17550,0,0,0.0,0.0,0.01,1000.0,0.01,0.0,normal,47.2741
13,292,17565,0,0,0.0,0.0,0.01,1000.0,0.01,0.0,normal,47.2741
13,293,17580,0,0,0.0,0.0,0.01,1000.0,0.01,0.0,normal,47.2741
13,293,17595,0,0,0.0,0.0,0.01,1000.0,0.01,0.0,normal,47.2741
13,293,17610,0,0,0.0,0.0,0.01,1000.0,0.01,0.0,normal,47.2741
13,293,17625,0,0,0.0,0.0,0.01,1000.0,0.01,0.0,normal,47.2741
13,294,17640,0,0,0.0,0.0,0.01,1000.0,0.01,0.0,normal,47.2741
13,294,17655,0,0,0.0,0.0,0.01,1000.0,0.01,0.0,normal,47.2741
13,294,17670,0,0,0.0,0.0,0.01,1000.0,0.01,0.0,normal,47.2741
13,294,17685,0,0,0.0,0.0,0.01,1000.0,0.01,0.0,normal,47.2741
13,295,17700,0,0,0.0,0.0,0.01,1000.0,0.01,0.0,normal,47.2741
13,295,17715,0,0,0.0,0.0,0.01,1000.0,0.01,0.0,normal,47.2741
13,295,17730,0,0,0.0,0.0,0.01,1000.0,0.01,0.0,normal,47.2741
13,295,17745,0,0,0.0,0.0,0.01,1000.0,0.01,0.0,normal,47.2741
13,296,17760,0,0,0.0,0.0,0.01,1000.0,0.01,0.0,normal,47.2741
13,296,17775,0,0,0.0,0.0,0.01,1000.0,0.01,0.0,normal,47.2741
13,296,17790,0,0,0.0,0.0,0.01,1000.0,0.01,0.0,normal,47.2741
13,296,17805,0,0,0.0,0.0,0.01,1000.0,0.01,0.0,normal,47.2741
13,297,17820,0,0,0.0,0.0,0.01,1000.0,0.01,0.0,normal,47.2741
13,297,17835,0,0,0.0,0.0,0.01,1000.0,0.01,0.0,normal,47.2741
13,297,17850,0,0,0.0,0.0,0.01,1000.0,0.01,0.0,normal,47.2741
13,297,17865,0,0,0.0,0.0,0.01,1000.0,0.01,0.0,normal,47.2741
13,298,17880,0,0,0.0,0.0,0.01,1000.0,0.01,0.0,normal,47.2741
13,298,17895,0,0,0.0,0.0,0.01,1000.0,0.01,0.0,normal,47.2741
13,298,17910,0,0,0.0,0.0,0.01,1000.0,0.01,0.0,normal,47.2741
13,298,17925,0,0,0.0,0.0,0.01,1000.0,0.01,0.0,normal,47.2741
13,299,17940,0,0,0.0,0.0,0.01,1000.0,0.01,0.0,normal,47.2741
13,299,17955,0,0,0.0,0.0,0.01,1000.0,0.01,0.0,normal,47.2741
13,299,17970,0,0,0.0,0.0,0.01,1000.0,0.01,0.0,normal,47.2741
13,299,17985,0,0,0.0,0.0,0.01,1000.0,0.01,0.0,normal,47.2741
13,300,18000,0,0,0.0,0.0,0.01,1000.0,0.01,0.0,normal,47.2741
13,300,18015,0,0,0.0,0.0,0.01,1000.0,0.01,0.0,normal,47.2741
13,300,18030,0,0,0.0,0.0,0.01,1000.0,0.01,0.0,normal,47.2741
13,300,18045,0,0,0.0,0.0,0.01,1000.0,0.01,0.0,normal,47.2741
13,301,18060,0,0,0.0,0.0,0.01,1000.0,0.01,0.0,normal,47.2741
13,301,18075,0,0,0.0,0.0,0.01,1000.0,0.01,0.0,normal,47.2741
13,301,18090,0,0,0.0,0.0,0.01,1000.0,0.01,0.0,normal,47.2741
13,301,18105,0,0,0.0,0.0,0.01,1000.0,0.01,0.0,normal,47.2741
13,302,18120,0,0,0.0,0.0,0.01,1000.0,0.01,0.0,normal,47.2741
13,302,18135,0,0,0.0,0.0,0.01,1000.0,0.01,0.0,normal,47.2741
13,302,18150,0,0,0.0,0.0,0.01,1000.0,0.01,0.0,normal,47.2741
13,302,18165,0,0,0.0,0.0,0.01,1000.0,0.01,0.0,normal,47.2741
13,303,18180,0,0,0.0,0.0,0.01,1000.0,0.01,0.0,normal,47.2741
13,303,18195,0,0,0.0,0.0,0.01,1000.0,0.01,0.0,normal,47.2741
13,303,18210,0,0,0.0,0.0,0.01,1000.0,0.01,0.0,normal,47.2741
13,303,18225,1,0,0.01,0.01,0.01,1000.0,0.01,0.0,normal,47.2841
13,304,18240,0,0,0.0,0.0,0.01,1000.0,0.01,0.0,normal,47.2841
13,304,18255,0,0,0.0,0.0,0.01,1000.0,0.01,0.0,normal,47.2841
13,304,18270,0,0,0.0,0.0,0.01,1000.0,0.01,0.0,normal,47.2841
13,304,18285,0,0,0.0,0.0,0.01,1000.0,0.01,0.0,normal,47.2841
13,305,18300,0,0,0.0,0.0,0.01,1000.0,0.01,0.0,normal,47.2841
13,305,18315,0,0,0.0,0.0,0.01,1000.0,0.01,0.0,normal,47.2841
13,305,18330,0,0,0.0,0.0,0.01,1000.0,0.01,0.0,normal,47.2841
13,305,18345,0,0,0.0,0.0,0.01,1000.0,0.01,0.0,normal,47.2841
13,306,18360,0,0,0.0,0.0,0.01,1000.0,0.01,0.0,normal,47.2841
13,306,18375,0,0,0.0,0.0,0.01,1000.0,0.01,0.0,normal,47.2841
13,306,18390,0,0,0.0,0.0,0.01,1000.0,0.01,0.0,normal,47.2841
13,306,18405,0,0,0.0,0.0,0.01,1000.0,0.01,0.0,normal,47.2841
13,307,18420,0,0,0.0,0.0,0.01,1000.0,0.01,0.0,normal,47.2841
13,307,18435,0,0,0.0,0.0,0.01,1000.0,0.01,0.0,normal,47.2841
13,307,18450,0,0,0.0,0.0,0.01,1000.0,0.01,0.0,normal,47.2841
13,307,18465,0,0,0.0,0.0,0.01,1000.0,0.01,0.0,normal,47.2841
13,308,18480,0,0,0.0,0.0,0.01,1000.0,0.01,0.0,normal,47.2841
13,308,18495,0,0,0.0,0.0,0.01,1000.0,0.01,0.0,normal,47.2841
13,308,18510,0,0,0.0,0.0,0.01,1000.0,0.01,0.0,normal,47.2841
13,308,18525,0,0,0.0,0.0,0.01,1000.0,0.01,0.0,normal,47.2841
13,309,18540,0,0,0.0,0.0,0.01,1000.0,0.01,0.0,normal,47.2841
13,309,18555,0,0,0.0,0.0,0.01,1000.0,0.01,0.0,normal,47.2841
13,309,18570,0,0,0.0,0.0,0.01,1000.0,0.01,0.0,normal,47.2841
13,309,18585,0,0,0.0,0.0,0.01,1000.0,0.01,0.0,normal,47.2841
13,310,18600,0,0,0.0,0.0,0.01,1000.0,0.01,0.0,normal,47.2841
13,310,18615,0,0,0.0,0.0,0.01,1000.0,0.01,0.0,normal,47.2841
13,310,18630,0,0,0.0,0.0,0.01,1000.0,0.01,0.0,normal,47.2841
13,310,18645,0,0,0.0,0.0,0.01,1000.0,0.01,0.0,normal,47.2841
13,311,18660,0,0,0.0,0.0,0.01,1000.0,0.01,0.0,normal,47.2841
13,311,18675,0,0,0.0,0.0,0.01,1000.0,0.01,0.0,normal,47.2841
13,311,18690,1,0,0.01,0.01,0.01,1000.0,0.01,0.0,normal,47.2941
13,311,18705,0,0,0.0,0.0,0.01,1000.0,0.01,0.0,normal,47.2941
14,312,18720,0,0,0.0,0.0,0.01,1000.0,0.01,0.0,normal,0.0
14,312,18735,0,0,0.0,0.0,0.01,1000.0,0.01,0.0,normal,0.0
14,312,18750,0,0,0.0,0.0,0.01,1000.0,0.01,0.0,normal,0.0
14,312,18765,0,0,0.0,0.0,0.01,1000.0,0.01,0.0,normal,0.0
14,313,18780,0,0,0.0,0.0,0.01,1000.0,0.01,0.0,normal,0.0
14,313,18795,0,0,0.0,0.0,0.01,1000.0,0.01,0.0,normal,0.0
14,313,18810,0,0,0.0,0.0,0.01,1000.0,0.01,0.0,normal,0.0
14,313,18825,1,0,0.01,0.01,0.01,1000.0,0.01,0.0,normal,0.01
14,314,18840,0,0,0.0,0.0,0.01,1000.0,0.01,0.0,normal,0.01
14,314,18855,0,0,0.0,0.0,0.01,1000.0,0.01,0.0,normal,0.01
14,314,18870,0,0,0.0,0.0,0.01,1000.0,0.01,0.0,normal,0.01
14,314,18885,0,0,0.0,0.0,0.01,1000.0,0.01,0.0,normal,0.01
14,315,18900,0,0,0.0,0.0,0.01,1000.0,0.01,0.0,normal,0.01
14,315,18915,0,0,0.0,0.0,0.01,1000.0,0.01,0.0,normal,0.01
14,315,18930,0,0,0.0,0.0,0.01,1000.0,0.01,0.0,normal,0.01
14,315,18945,0,0,0.0,0.0,0.01,1000.0,0.01,0.0,normal,0.01
14,316,18960,0,0,0.0,0.0,0.01,1000.0,0.01,0.0,normal,0.01
14,316,18975,0,0,0.0,0.0,0.01,1000.0,0.01,0.0,normal,0.01
14,316,18990,0,0,0.0,0.0,0.01,1000.0,0.01,0.0,normal,0.01
14,316,19005,0,0,0.0,0.0,0.01,1000.0,0.01,0.0,normal,0.01
14,317,19020,0,0,0.0,0.0,0.01,1000.0,0.01,0.0,normal,0.01
14,317,19035,0,0,0.0,0.0,0.01,1000.0,0.01,0.0,normal,0.01
14,317,19050,0,0,0.0,0.0,0.01,1000.0,0.01,0.0,normal,0.01
14,317,19065,0,0,0.0,0.0,0.01,1000.0,0.01,0.0,normal,0.01
14,318,19080,0,0,0.0,0.0,0.01,1000.0,0.01,0.0,normal,0.01
14,318,19095,0,0,0.0,0.0,0.01,1000.0,0.01,0.0,normal,0.01
14,318,19110,0,0,0.0,0.0,0.01,1000.0,0.01,0.0,normal,0.01
14,318,19125,0,0,0.0,0.0,0.01,1000.0,0.01,0.0,normal,0.01
14,319,19140,0,0,0.0,0.0,0.01,1000.0,0.01,0.0,normal,0.01
14,319,19155,0,0,0.0,0.0,0.01,1000.0,0.01,0.0,normal,0.01
14,319,19170,0,0,0.0,0.0,0.01,1000.0,0.01,0.0,normal,0.01
14,319,19185,0,0,0.0,0.0,0.01,1000.0,0.01,0.0,normal,0.01
14,320,19200,0,0,0.0,0.0,0.01,1000.0,0.01,0.0,normal,0.01
14,320,19215,0,0,0.0,0.0,0.01,1000.0,0.01,0.0,normal,0.01
14,320,19230,0,0,0.0,0.0,0.01,1000.0,0.01,0.0,normal,0.01
14,320,19245,0,0,0.0,0.0,0.01,1000.0,0.01,0.0,normal,0.01
14,321,19260,0,0,0.0,0.0,0.01,1000.0,0.01,0.0,normal,0.01
14,321,19275,0,0,0.0,0.0,0.01,1000.0,0.01,0.0,normal,0.01
14,321,19290,0,0,0.0,0.0,0.01,1000.0,0.01,0.0,normal,0.01
14,321,19305,0,0,0.0,0.0,0.01,1000.0,0.01,0.0,normal,0.01
14,322,19320,0,0,0.0,0.0,0.01,1000.0,0.01,0.0,normal,0.01
14,322,19335,0,0,0.0,0.0,0.01,1000.0,0.01,0.0,normal,0.01
14,322,19350,0,0,0.0,0.0,0.01,1000.0,0.01,0.0,normal,0.01
14,322,19365,0,0,0.0,0.0,0.01,1000.0,0.01,0.0,normal,0.01
14,323,19380,0,0,0.0,0.0,0.01,1000.0,0.01,0.0,normal,0.01
14,323,19395,0,0,0.0,0.0,0.01,1000.0,0.01,0.0,normal,0.01
14,323,19410,0,0,0.0,0.0,0.01,1000.0,0.01,0.0,normal,0.01
14,323,19425,0,0,0.0,0.0,0.01,1000.0,0.01,0.0,normal,0.01
14,324,19440,0,0,0.0,0.0,0.01,1000.0,0.01,0.0,normal,0.01
14,324,19455,0,0,0.0,0.0,0.01,1000.0,0.01,0.0,normal,0.01
14,324,19470,0,0,0.0,0.0,0.01,1000.0,0.01,0.0,normal,0.01
14,324,19485,0,0,0.0,0.0,0.01,1000.0,0.01,0.0,normal,0.01
14,325,19500,1,0,0.01,0.01,0.01,1000.0,0.01,0.0,normal,0.02
14,325,19515,0,0,0.0,0.0,0.01,1000.0,0.01,0.0,normal,0.02
14,325,19530,0,0,0.0,0.0,0.01,1000.0,0.01,0.0,normal,0.02
14,325,19545,0,0,0.0,0.0,0.01,1000.0,0.01,0.0,normal,0.02
14,326,19560,0,0,0.0,0.0,0.01,1000.0,0.01,0.0,normal,0.02
14,326,19575,0,0,0.0,0.0,0.01,1000.0,0.01,0.0,normal,0.02
14,326,19590,0,0,0.0,0.0,0.01,1000.0,0.01,0.0,normal,0.02
14,326,19605,0,0,0.0,0.0,0.01,1000.0,0.01,0.0,normal,0.02
14,327,19620,0,0,0.0,0.0,0.01,1000.0,0.01,0.0,normal,0.02
14,327,19635,0,0,0.0,0.0,0.01,1000.0,0.01,0.0,normal,0.02
14,327,19650,0,0,0.0,0.0,0.01,1000.0,0.01,0.0,normal,0.02
14,327,19665,0,0,0.0,0.0,0.01,1000.0,0.01,0.0,normal,0.02
14,328,19680,0,0,0.0,0.0,0.01,1000.0,0.01,0.0,normal,0.02
14,328,19695,0,0,0.0,0.0,0.01,1000.0,0.01,0.0,normal,0.02
14,328,19710,0,0,0.0,0.0,0.01,1000.0,0.01,0.0,normal,0.02
14,328,19725,0,0,0.0,0.0,0.01,1000.0,0.01,0.0,normal,0.02
14,329,19740,0,0,0.0,0.0,0.01,1000.0,0.01,0.0,normal,0.02
14,329,19755,0,0,0.0,0.0,0.01,1000.0,0.01,0.0,normal,0.02
14,329,19770,0,0,0.0,0.0,0.01,1000.0,0.01,0.0,normal,0.02
14,329,19785,0,0,0.0,0.0,0.01,1000.0,0.01,0.0,normal,0.02
14,330,19800,0,0,0.0,0.0,0.01,1000.0,0.01,0.0,normal,0.02
14,330,19815,0,0,0.0,0.0,0.01,1000.0,0.01,0.0,normal,0.02
14,330,19830,0,0,0.0,0.0,0.01,1000.0,0.01,0.0,normal,0.02
14,330,19845,0,0,0.0,0.0,0.01,1000.0,0.01,0.0,normal,0.02
14,331,19860,0,0,0.0,0.0,0.01,1000.0,0.01,0.0,normal,0.02
14,331,19875,0,0,0.0,0.0,0.01,1000.0,0.01,0.0,normal,0.02
14,331,19890,0,0,0.0,0.0,0.01,1000.0,0.01,0.0,normal,0.02
14,331,19905,0,0,0.0,0.0,0.01,1000.0,0.01,0.0,normal,0.02
14,332,19920,0,0,0.0,0.0,0.01,1000.0,0.01,0.0,normal,0.02
14,332,19935,0,0,0.0,0.0,0.01,1000.0,0.01,0.0,normal,0.02
14,332,19950,0,0,0.0,0.0,0.01,1000.0,0.01,0.0,normal,0.02
14,332,19965,0,0,0.0,0.0,0.01,1000.0,0.01,0.0,normal,0.02
14,333,19980,0,0,0.0,0.0,0.01,1000.0,0.01,0.0,normal,0.02
14,333,19995,0,0,0.0,0.0,0.01,1000.0,0.01,0.0,normal,0.02
14,333,20010,0,0,0.0,0.0,0.01,1000.0,0.01,0.0,normal,0.02
14,333,20025,0,0,0.0,0.0,0.01,1000.0,0.01,0.0,normal,0.02
14,334,20040,0,0,0.0,0.0,0.01,1000.0,0.01,0.0,normal,0.02
14,334,20055,0,0,0.0,0.0,0.01,1000.0,0.01,0.0,normal,0.02
14,334,20070,0,0,0.0,0.0,0.01,1000.0,0.01,0.0,normal,0.02
14,334,20085,0,0,0.0,0.0,0.01,1000.0,0.01,0.0,normal,0.02
14,335,20100,0,0,0.0,0.0,0.01,1000.0,0.01,0.0,normal,0.02
14,335,20115,0,0,0.0,0.0,0.01,1000.0,0.01,0.0,normal,0.02
14,335,20130,0,0,0.0,0.0,0.01,1000.0,0.01,0.0,normal,0.02
14,335,20145,0,0,0.0,0.0,0.01,1000.0,0.01,0.0,normal,0.02
15,336,20160,0,0,0.0,0.0,0.01,1200.0,0.01,0.0,normal,0.0
15,336,20175,0,0,0.0,0.0,0.01,1200.0,0.01,0.0,normal,0.0
15,336,20190,0,0,0.0,0.0,0.01,1200.0,0.01,0.0,normal,0.0
15,336,20205,0,0,0.0,0.0,0.01,1200.0,0.01,0.0,normal,0.0
15,337,20220,0,0,0.0,0.0,0.01,1200.0,0.01,0.0,normal,0.0
15,337,20235,0,0,0.0,0.0,0.01,1200.0,0.01,0.0,normal,0.0
15,337,20250,0,0,0.0,0.0,0.01,1200.0,0.01,0.0,normal,0.0
15,337,20265,0,0,0.0,0.0,0.01,1200.0,0.01,0.0,normal,0.0
15,338,20280,0,0,0.0,0.0,0.01,1200.0,0.01,0.0,normal,0.0
15,338,20295,0,0,0.0,0.0,0.01,1200.0,0.01,0.0,normal,0.0
15,338,20310,0,0,0.0,0.0,0.01,1200.0,0.01,0.0,normal,0.0
15,338,20325,0,0,0.0,0.0,0.01,1200.0,0.01,0.0,normal,0.0
15,339,20340,0,0,0.0,0.0,0.01,1200.0,0.01,0.0,normal,0.0
15,339,20355,0,0,0.0,0.0,0.01,1200.0,0.01,0.0,normal,0.0
15,339,20370,0,0,0.0,0.0,0.01,1200.0,0.01,0.0,normal,0.0
15,339,20385,0,0,0.0,0.0,0.01,1200.0,0.01,0.0,normal,0.0
15,340,20400,0,0,0.0,0.0,0.01,1200.0,0.01,0.0,normal,0.0
15,340,20415,0,0,0.0,0.0,0.01,1200.0,0.01,0.0,normal,0.0
15,340,20430,0,0,0.0,0.0,0.01,1200.0,0.01,0.0,normal,0.0
15,340,20445,0,0,0.0,0.0,0.01,1200.0,0.01,0.0,normal,0.0
15,341,20460,0,0,0.0,0.0,0.01,1200.0,0.01,0.0,normal,0.0
15,341,20475,0,0,0.0,0.0,0.01,1200.0,0.01,0.0,normal,0.0
15,341,20490,0,0,0.0,0.0,0.01,1200.0,0.01,0.0,normal,0.0
15,341,20505,0,0,0.0,0.0,0.01,1200.0,0.01,0.0,normal,0.0
15,342,20520,0,0,0.0,0.0,0.01,1200.0,0.01,0.0,normal,0.0
15,342,20535,0,0,0.0,0.0,0.01,1200.0,0.01,0.0,normal,0.0
15,342,20550,0,0,0.0,0.0,0.01,1200.0,0.01,0.0,normal,0.0
15,342,20565,0,0,0.0,0.0,0.01,1200.0,0.01,0.0,normal,0.0
15,343,20580,0,0,0.0,0.0,0.01,1200.0,0.01,0.0,normal,0.0
15,343,20595,0,0,0.0,0.0,0.01,1200.0,0.01,0.0,normal,0.0
15,343,20610,0,0,0.0,0.0,0.01,1200.0,0.01,0.0,normal,0.0
15,343,20625,0,0,0.0,0.0,0.01,1200.0,0.01,0.0,normal,0.0
15,344,20640,0,0,0.0,0.0,0.01,1200.0,0.01,0.0,normal,0.0
15,344,20655,0,0,0.0,0.0,0.01,1200.0,0.01,0.0,normal,0.0
15,344,20670,0,0,0.0,0.0,0.01,1200.0,0.01,0.0,normal,0.0
15,344,20685,0,0,0.0,0.0,0.01,1200.0,0.01,0.0,normal,0.0
15,345,20700,0,0,0.0,0.0,0.01,1200.0,0.01,0.0,normal,0.0
15,345,20715,0,0,0.0,0.0,0.01,1200.0,0.01,0.0,normal,0.0
15,345,20730,0,0,0.0,0.0,0.01,1200.0,0.01,0.0,normal,0.0
15,345,20745,0,0,0.0,0.0,0.01,1200.0,0.01,0.0,normal,0.0
15,346,20760,0,0,0.0,0.0,0.01,1200.0,0.01,0.0,normal,0.0
15,346,20775,0,0,0.0,0.0,0.01,1200.0,0.01,0.0,normal,0.0
15,346,20790,0,0,0.0,0.0,0.01,1200.0,0.01,0.0,normal,0.0
15,346,20805,0,0,0.0,0.0,0.01,1200.0,0.01,0.0,normal,0.0
15,347,20820,0,0,0.0,0.0,0.01,1200.0,0.01,0.0,normal,0.0
15,347,20835,0,0,0.0,0.0,0.01,1200.0,0.01,0.0,normal,0.0
15,347,20850,0,0,0.0,0.0,0.01,1200.0,0.01,0.0,normal,0.0
15,347,20865,0,0,0.0,0.0,0.01,1200.0,0.01,0.0,normal,0.0
15,348,20880,0,0,0.0,0.0,0.01,1200.0,0.01,0.0,normal,0.0
15,348,20895,0,0,0.0,0.0,0.01,1200.0,0.01,0.0,normal,0.0
15,348,20910,0,0,0.0,0.0,0.01,1200.0,0.01,0.0,normal,0.0
15,348,20925,0,0,0.0,0.0,0.01,1200.0,0.01,0.0,normal,0.0
15,349,20940,0,0,0.0,0.0,0.01,1200.0,0.01,0.0,normal,0.0
15,349,20955,0,0,0.0,0.0,0.01,1200.0,0.01,0.0,normal,0.0
15,349,20970,0,0,0.0,0.0,0.01,1200.0,0.01,0.0,normal,0.0
15,349,20985,0,0,0.0,0.0,0.01,1200.0,0.01,0.0,normal,0.0
15,350,21000,0,0,0.0,0.0,0.01,1200.0,0.01,0.0,normal,0.0
15,350,21015,0,0,0.0,0.0,0.01,1200.0,0.01,0.0,normal,0.0
15,350,21030,0,0,0.0,0.0,0.01,1200.0,0.01,0.0,normal,0.0
15,350,21045,0,0,0.0,0.0,0.01,1200.0,0.01,0.0,normal,0.0
15,351,21060,0,0,0.0,0.0,0.01,1200.0,0.01,0.0,normal,0.0
15,351,21075,0,0,0.0,0.0,0.01,1200.0,0.01,0.0,normal,0.0
15,351,21090,0,0,0.0,0.0,0.01,1200.0,0.01,0.0,normal,0.0
15,351,21105,0,0,0.0,0.0,0.01,1200.0,0.01,0.0,normal,0.0
15,352,21120,0,0,0.0,0.0,0.01,1200.0,0.01,0.0,normal,0.0
15,352,21135,0,0,0.0,0.0,0.01,1200.0,0.01,0.0,normal,0.0
15,352,21150,0,0,0.0,0.0,0.01,1200.0,0.01,0.0,normal,0.0
15,352,21165,0,0,0.0,0.0,0.01,1200.0,0.01,0.0,normal,0.0
15,353,21180,0,0,0.0,0.0,0.01,1200.0,0.01,0.0,normal,0.0
15,353,21195,1,0,0.01,0.01,0.01,1200.0,0.01,0.0,normal,0.01
15,353,21210,0,0,0.0,0.0,0.01,1200.0,0.01,0.0,normal,0.01
15,353,21225,0,0,0.0,0.0,0.01,1200.0,0.01,0.0,normal,0.01
15,354,21240,0,0,0.0,0.0,0.01,1200.0,0.01,0.0,normal,0.01
15,354,21255,0,0,0.0,0.0,0.01,1200.0,0.01,0.0,normal,0.01
15,354,21270,0,0,0.0,0.0,0.01,1200.0,0.01,0.0,normal,0.01
15,354,21285,0,0,0.0,0.0,0.01,1200.0,0.01,0.0,normal,0.01
15,355,21300,0,0,0.0,0.0,0.01,1200.0,0.01,0.0,normal,0.01
15,355,21315,0,0,0.0,0.0,0.01,1200.0,0.01,0.0,normal,0.01
15,355,21330,1,0,0.01,0.01,0.01,1200.0,0.01,0.0,normal,0.02
15,355,21345,0,0,0.0,0.0,0.01,1200.0,0.01,0.0,normal,0.02
15,356,21360,0,0,0.0,0.0,0.01,1200.0,0.01,0.0,normal,0.02
15,356,21375,0,0,0.0,0.0,0.01,1200.0,0.01,0.0,normal,0.02
15,356,21390,0,0,0.0,0.0,0.01,1200.0,0.01,0.0,normal,0.02
15,356,21405,0,0,0.0,0.0,0.01,1200.0,0.01,0.0,normal,0.02
15,357,21420,0,0,0.0,0.0,0.01,1200.0,0.01,0.0,normal,0.02
15,357,21435,0,0,0.0,0.0,0.01,1200.0,0.01,0.0,normal,0.02
15,357,21450,0,0,0.0,0.0,0.01,1200.0,0.01,0.0,normal,0.02
15,357,21465,0,0,0.0,0.0,0.01,1200.0,0.01,0.0,normal,0.02
15,358,21480,0,0,0.0,0.0,0.01,1200.0,0.01,0.0,normal,0.02
15,358,21495,0,0,0.0,0.0,0.01,1200.0,0.01,0.0,normal,0.02
15,358,21510,0,0,0.0,0.0,0.01,1200.0,0.01,0.0,normal,0.02
15,358,21525,0,0,0.0,0.0,0.01,1200.0,0.01,0.0,normal,0.02
15,359,21540,0,0,0.0,0.0,0.01,1200.0,0.01,0.0,normal,0.02
15,359,21555,0,0,0.0,0.0,0.01,1200.0,0.01,0.0,normal,0.02
15,359,21570,0,0,0.0,0.0,0.01,1200.0,0.01,0.0,normal,0.02
15,359,21585,0,0,0.0,0.0,0.01,1200.0,0.01,0.0,normal,0.02
16,360,21600,0,0,0.0,0.0,0.01,1200.0,0.01,0.0,normal,0.0
16,360,21615,0,0,0.0,0.0,0.01,1200.0,0.01,0.0,normal,0.0
16,360,21630,0,0,0.0,0.0,0.01,1200.0,0.01,0.0,normal,0.0
16,360,21645,0,0,0.0,0.0,0.01,1200.0,0.01,0.0,normal,0.0
16,361,21660,0,0,0.0,0.0,0.01,1200.0,0.01,0.0,normal,0.0
16,361,21675,1,0,0.01,0.01,0.01,1200.0,0.01,0.0,normal,0.01
16,361,21690,0,0,0.0,0.0,0.01,1200.0,0.01,0.0,normal,0.01
16,361,21705,0,0,0.0,0.0,0.01,1200.0,0.01,0.0,normal,0.01
16,362,21720,0,0,0.0,0.0,0.01,1200.0,0.01,0.0,normal,0.01
16,362,21735,1,0,0.01,0.01,0.01,1200.0,0.01,0.0,normal,0.02
16,362,21750,0,0,0.0,0.0,0.01,1200.0,0.01,0.0,normal,0.02
16,362,21765,0,0,0.0,0.0,0.01,1200.0,0.01,0.0,normal,0.02
16,363,21780,0,0,0.0,0.0,0.01,1200.0,0.01,0.0,normal,0.02
16,363,21795,0,0,0.0,0.0,0.01,1200.0,0.01,0.0,normal,0.02
16,363,21810,0,0,0.0,0.0,0.01,1200.0,0.01,0.0,normal,0.02
16,363,21825,0,0,0.0,0.0,0.01,1200.0,0.01,0.0,normal,0.02
16,364,21840,0,0,0.0,0.0,0.01,1200.0,0.01,0.0,normal,0.02
16,364,21855,0,0,0.0,0.0,0.01,1200.0,0.01,0.0,normal,0.02
16,364,21870,0,0,0.0,0.0,0.01,1200.0,0.01,0.0,normal,0.02
16,364,21885,0,0,0.0,0.0,0.01,1200.0,0.01,0.0,normal,0.02
16,365,21900,0,0,0.0,0.0,0.01,1200.0,0.01,0.0,normal,0.02
16,365,21915,0,0,0.0,0.0,0.0064,1200.0,0.01,0.0,normal,0.02
16,365,21930,0,0,0.0,0.0,0.01,1200.0,0.01,0.0,normal,0.02
16,365,21945,0,0,0.0,0.0,0.01,1200.0,0.01,0.0,normal,0.02
16,366,21960,0,0,0.0,0.0,0.01,1200.0,0.01,0.0,normal,0.02
16,366,21975,0,0,0.0,0.0,0.01,1200.0,0.01,0.0,normal,0.02
16,366,21990,0,0,0.0,0.0,0.01,1200.0,0.01,0.0,normal,0.02
16,366,22005,0,0,0.0,0.0,0.01,1200.0,0.01,0.0,normal,0.02
16,367,22020,0,0,0.0,0.0,0.01,1200.0,0.01,0.0,normal,0.02
16,367,22035,0,0,0.0,0.0,0.01,1200.0,0.01,0.0,normal,0.02
16,367,22050,0,0,0.0,0.0,0.01,1200.0,0.01,0.0,normal,0.02
16,367,22065,0,0,0.0,0.0,0.01,1200.0,0.01,0.0,normal,0.02
16,368,22080,1,0,0.01,0.01,0.01,1200.0,0.01,0.0,normal,0.03
16,368,22095,0,0,0.0,0.0,0.01,1200.0,0.01,0.0,normal,0.03
16,368,22110,0,0,0.0,0.0,0.01,1200.0,0.01,0.0,normal,0.03
16,368,22125,0,0,0.0,0.0,0.01,1200.0,0.01,0.0,normal,0.03
16,369,22140,0,0,0.0,0.0,0.01,1200.0,0.01,0.0,normal,0.03
16,369,22155,0,0,0.0,0.0,0.01,1200.0,0.01,0.0,normal,0.03
16,369,22170,0,0,0.0,0.0,0.01,1200.0,0.01,0.0,normal,0.03
16,369,22185,0,0,0.0,0.0,0.01,1200.0,0.01,0.0,normal,0.03
16,370,22200,0,0,0.0,0.0,0.01,1200.0,0.01,0.0,normal,0.03
16,370,22215,0,0,0.0,0.0,0.01,1200.0,0.01,0.0,normal,0.03
16,370,22230,0,0,0.0,0.0,0.01,1200.0,0.01,0.0,normal,0.03
16,370,22245,0,0,0.0,0.0,0.01,1200.0,0.01,0.0,normal,0.03
16,371,22260,0,0,0.0,0.0,0.01,1200.0,0.01,0.0,normal,0.03
16,371,22275,0,0,0.0,0.0,0.01,1200.0,0.01,0.0,normal,0.03
16,371,22290,0,0,0.0,0.0,0.01,1200.0,0.01,0.0,normal,0.03
16,371,22305,0,0,0.0,0.0,0.01,1200.0,0.01,0.0,normal,0.03
16,372,22320,0,0,0.0,0.0,0.01,1200.0,0.01,0.0,normal,0.03
16,372,22335,0,0,0.0,0.0,0.01,1200.0,0.01,0.0,normal,0.03
16,372,22350,0,0,0.0,0.0,0.01,1200.0,0.01,0.0,normal,0.03
16,372,22365,0,0,0.0,0.0,0.01,1200.0,0.01,0.0,normal,0.03
16,373,22380,0,0,0.0,0.0,0.01,1200.0,0.01,0.0,normal,0.03
16,373,22395,0,0,0.0,0.0,0.01,1200.0,0.01,0.0,normal,0.03
16,373,22410,0,0,0.0,0.0,0.01,1200.0,0.01,0.0,normal,0.03
16,373,22425,0,0,0.0,0.0,0.01,1200.0,0.01,0.0,normal,0.03
16,374,22440,0,0,0.0,0.0,0.01,1200.0,0.01,0.0,normal,0.03
16,374,22455,1,0,0.01,0.01,0.01,1200.0,0.01,0.0,normal,0.04
16,374,22470,0,0,0.0,0.0,0.01,1200.0,0.01,0.0,normal,0.04
16,374,22485,1,0,0.01,0.01,0.01,1200.0,0.01,0.0,normal,0.05
16,375,22500,0,0,0.0,0.0,0.01,1200.0,0.01,0.0,normal,0.05
16,375,22515,0,0,0.0,0.0,0.01,1200.0,0.01,0.0,normal,0.05
16,375,22530,0,0,0.0,0.0,0.01,1200.0,0.01,0.0,normal,0.05
16,375,22545,0,0,0.0,0.0,0.01,1200.0,0.01,0.0,normal,0.05
16,376,22560,0,0,0.0,0.0,0.01,1200.0,0.01,0.0,normal,0.05
16,376,22575,0,0,0.0,0.0,0.01,1200.0,0.01,0.0,normal,0.05
16,376,22590,0,0,0.0,0.0,0.01,1200.0,0.01,0.0,normal,0.05
16,376,22605,0,0,0.0,0.0,0.01,1200.0,0.01,0.0,normal,0.05
16,377,22620,0,0,0.0,0.0,0.01,1200.0,0.01,0.0,normal,0.05
16,377,22635,0,0,0.0,0.0,0.01,1200.0,0.01,0.0,normal,0.05
16,377,22650,0,0,0.0,0.0,0.01,1200.0,0.01,0.0,normal,0.05
16,377,22665,1,0,0.01,0.01,0.01,1200.0,0.01,0.0,normal,0.06
16,378,22680,0,0,0.0,0.0,0.01,1200.0,0.01,0.0,normal,0.06
16,378,22695,0,0,0.0,0.0,0.01,1200.0,0.01,0.0,normal,0.06
16,378,22710,0,0,0.0,0.0,0.01,1200.0,0.01,0.0,normal,0.06
16,378,22725,0,0,0.0,0.0,0.01,1200.0,0.01,0.0,normal,0.06
16,379,22740,0,0,0.0,0.0,0.01,1200.0,0.01,0.0,normal,0.06
16,379,22755,0,0,0.0,0.0,0.01,1200.0,0.01,0.0,normal,0.06
16,379,22770,0,0,0.0,0.0,0.01,1200.0,0.01,0.0,normal,0.06
16,379,22785,0,0,0.0,0.0,0.01,1200.0,0.01,0.0,normal,0.06
16,380,22800,0,0,0.0,0.0,0.01,1200.0,0.01,0.0,normal,0.06
16,380,22815,0,0,0.0,0.0,0.01,1200.0,0.01,0.0,normal,0.06
16,380,22830,0,0,0.0,0.0,0.01,1200.0,0.01,0.0,normal,0.06
16,380,22845,0,0,0.0,0.0,0.01,1200.0,0.01,0.0,normal,0.06
16,381,22860,0,0,0.0,0.0,0.01,1200.0,0.01,0.0,normal,0.06
16,381,22875,0,0,0.0,0.0,0.01,1200.0,0.01,0.0,normal,0.06
16,381,22890,0,0,0.0,0.0,0.01,1200.0,0.01,0.0,normal,0.06
16,381,22905,0,0,0.0,0.0,0.01,1200.0,0.01,0.0,normal,0.06
16,382,22920,0,0,0.0,0.0,0.01,1200.0,0.01,0.0,normal,0.06
16,382,22935,0,0,0.0,0.0,0.01,1200.0,0.01,0.0,normal,0.06
16,382,22950,0,0,0.0,0.0,0.01,1200.0,0.01,0.0,normal,0.06
16,382,22965,0,0,0.0,0.0,0.01,1200.0,0.01,0.0,normal,0.06
16,383,22980,0,0,0.0,0.0,0.01,1200.0,0.01,0.0,normal,0.06
16,383,22995,0,0,0.0,0.0,0.01,1200.0,0.01,0.0,normal,0.06
16,383,23010,0,0,0.0,0.0,0.01,1200.0,0.01,0.0,normal,0.06
16,383,23025,0,0,0.0,0.0,0.01,1200.0,0.01,0.0,normal,0.06
17,384,23040,0,0,0.0,0.0,0.01,1200.0,0.01,0.0,normal,0.0
17,384,23055,0,0,0.0,0.0,0.01,1200.0,0.01,0.0,normal,0.0
17,384,23070,0,0,0.0,0.0,0.01,1200.0,0.01,0.0,normal,0.0
17,384,23085,0,0,0.0,0.0,0.01,1200.0,0.01,0.0,normal,0.0
17,385,23100,0,0,0.0,0.0,0.01,1200.0,0.01,0.0,normal,0.0
17,385,23115,0,0,0.0,0.0,0.01,1200.0,0.01,0.0,normal,0.0
17,385,23130,0,0,0.0,0.0,0.01,1200.0,0.01,0.0,normal,0.0
17,385,23145,0,0,0.0,0.0,0.01,1200.0,0.01,0.0,normal,0.0
17,386,23160,0,0,0.0,0.0,0.01,1200.0,0.01,0.0,normal,0.0
17,386,23175,0,0,0.0,0.0,0.01,1200.0,0.01,0.0,normal,0.0
17,386,23190,0,0,0.0,0.0,0.01,1200.0,0.01,0.0,normal,0.0
17,386,23205,0,0,0.0,0.0,0.01,1200.0,0.01,0.0,normal,0.0
17,387,23220,0,0,0.0,0.0,0.01,1200.0,0.01,0.0,normal,0.0
17,387,23235,0,0,0.0,0.0,0.01,1200.0,0.01,0.0,normal,0.0
17,387,23250,0,0,0.0,0.0,0.01,1200.0,0.01,0.0,normal,0.0
17,387,23265,0,0,0.0,0.0,0.01,1200.0,0.01,0.0,normal,0.0
17,388,23280,0,0,0.0,0.0,0.01,1200.0,0.01,0.0,normal,0.0
17,388,23295,0,0,0.0,0.0,0.01,1200.0,0.01,0.0,normal,0.0
17,388,23310,0,0,0.0,0.0,0.01,1200.0,0.01,0.0,normal,0.0
17,388,23325,0,0,0.0,0.0,0.01,1200.0,0.01,0.0,normal,0.0
17,389,23340,0,0,0.0,0.0,0.01,1200.0,0.01,0.0,normal,0.0
17,389,23355,0,0,0.0,0.0,0.01,1200.0,0.01,0.0,normal,0.0
17,389,23370,0,0,0.0,0.0,0.01,1200.0,0.01,0.0,normal,0.0
17,389,23385,0,0,0.0,0.0,0.01,1200.0,0.01,0.0,normal,0.0
17,390,23400,0,0,0.0,0.0,0.01,1200.0,0.01,0.0,normal,0.0
17,390,23415,0,0,0.0,0.0,0.01,1200.0,0.01,0.0,normal,0.0
17,390,23430,0,0,0.0,0.0,0.01,1200.0,0.01,0.0,normal,0.0
17,390,23445,0,0,0.0,0.0,0.01,1200.0,0.01,0.0,normal,0.0
17,391,23460,0,0,0.0,0.0,0.01,1200.0,0.01,0.0,normal,0.0
17,391,23475,0,0,0.0,0.0,0.01,1200.0,0.01,0.0,normal,0.0
17,391,23490,0,0,0.0,0.0,0.01,1200.0,0.01,0.0,normal,0.0
17,391,23505,0,0,0.0,0.0,0.01,1200.0,0.01,0.0,normal,0.0
17,392,23520,0,0,0.0,0.0,0.01,1200.0,0.01,0.0,normal,0.0
17,392,23535,0,0,0.0,0.0,0.01,1200.0,0.01,0.0,normal,0.0
17,392,23550,0,0,0.0,0.0,0.01,1200.0,0.01,0.0,normal,0.0
17,392,23565,0,0,0.0,0.0,0.01,1200.0,0.01,0.0,normal,0.0
17,393,23580,0,0,0.0,0.0,0.01,1200.0,0.01,0.0,normal,0.0
17,393,23595,0,0,0.0,0.0,0.01,1200.0,0.01,0.0,normal,0.0
17,393,23610,0,0,0.0,0.0,0.01,1200.0,0.01,0.0,normal,0.0
17,393,23625,0,0,0.0,0.0,0.01,1200.0,0.01,0.0,normal,0.0
17,394,23640,0,0,0.0,0.0,0.01,1200.0,0.01,0.0,normal,0.0
17,394,23655,0,0,0.0,0.0,0.01,1200.0,0.01,0.0,normal,0.0
17,394,23670,0,0,0.0,0.0,0.01,1200.0,0.01,0.0,normal,0.0
17,394,23685,0,0,0.0,0.0,0.01,1200.0,0.01,0.0,normal,0.0
17,395,23700,0,0,0.0,0.0,0.01,1200.0,0.01,0.0,normal,0.0
17,395,23715,0,0,0.0,0.0,0.01,1200.0,0.01,0.0,normal,0.0
17,395,23730,0,0,0.0,0.0,0.01,1200.0,0.01,0.0,normal,0.0
17,395,23745,0,0,0.0,0.0,0.01,1200.0,0.01,0.0,normal,0.0
17,396,23760,0,0,0.0,0.0,0.01,1200.0,0.01,0.0,normal,0.0
17,396,23775,0,0,0.0,0.0,0.01,1200.0,0.01,0.0,normal,0.0
17,396,23790,0,0,0.0,0.0,0.01,1200.0,0.01,0.0,normal,0.0
17,396,23805,1,0,0.01,0.01,0.01,1200.0,0.01,0.0,normal,0.01
17,397,23820,0,0,0.0,0.0,0.01,1200.0,0.01,0.0,normal,0.01
17,397,23835,0,0,0.0,0.0,0.01,1200.0,0.01,0.0,normal,0.01
17,397,23850,0,0,0.0,0.0,0.01,1200.0,0.01,0.0,normal,0.01
17,397,23865,0,0,0.0,0.0,0.01,1200.0,0.01,0.0,normal,0.01
17,398,23880,0,0,0.0,0.0,0.01,1200.0,0.01,0.0,normal,0.01
17,398,23895,0,0,0.0,0.0,0.01,1200.0,0.01,0.0,normal,0.01
17,398,23910,0,0,0.0,0.0,0.01,1200.0,0.01,0.0,normal,0.01
17,398,23925,0,0,0.0,0.0,0.01,1200.0,0.01,0.0,normal,0.01
17,399,23940,0,0,0.0,0.0,0.01,1200.0,0.01,0.0,normal,0.01
17,399,23955,0,0,0.0,0.0,0.01,1200.0,0.01,0.0,normal,0.01
17,399,23970,0,0,0.0,0.0,0.01,1200.0,0.01,0.0,normal,0.01
17,399,23985,0,0,0.0,0.0,0.01,1200.0,0.01,0.0,normal,0.01
17,400,24000,0,0,0.0,0.0,0.01,1200.0,0.01,0.0,normal,0.01
17,400,24015,1,0,0.01,0.01,0.01,1200.0,0.01,0.0,normal,0.02
17,400,24030,0,0,0.0,0.0,0.01,1200.0,0.01,0.0,normal,0.02
17,400,24045,0,0,0.0,0.0,0.01,1200.0,0.01,0.0,normal,0.02
17,401,24060,0,0,0.0,0.0,0.01,1200.0,0.01,0.0,normal,0.02
17,401,24075,0,0,0.0,0.0,0.01,1200.0,0.01,0.0,normal,0.02
17,401,24090,0,0,0.0,0.0,0.01,1200.0,0.01,0.0,normal,0.02
17,401,24105,0,0,0.0,0.0,0.01,1200.0,0.01,0.0,normal,0.02
17,402,24120,0,0,0.0,0.0,0.01,1200.0,0.01,0.0,normal,0.02
17,402,24135,0,0,0.0,0.0,0.01,1200.0,0.01,0.0,normal,0.02
17,402,24150,0,0,0.0,0.0,0.01,1200.0,0.01,0.0,normal,0.02
17,402,24165,0,0,0.0,0.0,0.01,1200.0,0.01,0.0,normal,0.02
17,403,24180,0,0,0.0,0.0,0.01,1200.0,0.01,0.0,normal,0.02
17,403,24195,0,0,0.0,0.0,0.01,1200.0,0.01,0.0,normal,0.02
17,403,24210,0,0,0.0,0.0,0.01,1200.0,0.01,0.0,normal,0.02
17,403,24225,0,0,0.0,0.0,0.01,1200.0,0.01,0.0,normal,0.02
17,404,24240,0,0,0.0,0.0,0.01,1200.0,0.01,0.0,normal,0.02
17,404,24255,0,0,0.0,0.0,0.01,1200.0,0.01,0.0,normal,0.02
17,404,24270,0,0,0.0,0.0,0.01,1200.0,0.01,0.0,normal,0.02
17,404,24285,0,0,0.0,0.0,0.01,1200.0,0.01,0.0,normal,0.02
17,405,24300,0,0,0.0,0.0,0.01,1200.0,0.01,0.0,normal,0.02
17,405,24315,0,0,0.0,0.0,0.01,1200.0,0.01,0.0,normal,0.02
17,405,24330,0,0,0.0,0.0,0.01,1200.0,0.01,0.0,normal,0.02
17,405,24345,0,0,0.0,0.0,0.01,1200.0,0.01,0.0,normal,0.02
17,406,24360,0,0,0.0,0.0,0.01,1200.0,0.01,0.0,normal,0.02
17,406,24375,0,0,0.0,0.0,0.01,1200.0,0.01,0.0,normal,0.02
17,406,24390,0,0,0.0,0.0,0.01,1200.0,0.01,0.0,normal,0.02
17,406,24405,0,0,0.0,0.0,0.01,1200.0,0.01,0.0,normal,0.02
17,407,24420,0,0,0.0,0.0,0.01,1200.0,0.01,0.0,normal,0.02
17,407,24435,0,0,0.0,0.0,0.01,1200.0,0.01,0.0,normal,0.02
17,407,24450,0,0,0.0,0.0,0.01,1200.0,0.01,0.0,normal,0.02
17,407,24465,0,0,0.0,0.0,0.01,1200.0,0.01,0.0,normal,0.02
18,408,24480,0,0,0.0,0.0,0.01,1200.0,0.01,0.0,normal,0.0
18,408,24495,0,0,0.0,0.0,0.01,1200.0,0.01,0.0,normal,0.0
18,408,24510,0,0,0.0,0.0,0.01,1200.0,0.01,0.0,normal,0.0
18,408,24525,0,0,0.0,0.0,0.01,1200.0,0.01,0.0,normal,0.0
18,409,24540,0,0,0.0,0.0,0.01,1200.0,0.01,0.0,normal,0.0
18,409,24555,0,0,0.0,0.0,0.01,1200.0,0.01,0.0,normal,0.0
18,409,24570,0,0,0.0,0.0,0.01,1200.0,0.01,0.0,normal,0.0
18,409,24585,0,0,0.0,0.0,0.01,1200.0,0.01,0.0,normal,0.0
18,410,24600,0,0,0.0,0.0,0.01,1200.0,0.01,0.0,normal,0.0
18,410,24615,0,0,0.0,0.0,0.01,1200.0,0.01,0.0,normal,0.0
18,410,24630,0,0,0.0,0.0,0.01,1200.0,0.01,0.0,normal,0.0
18,410,24645,0,0,0.0,0.0,0.01,1200.0,0.01,0.0,normal,0.0
18,411,24660,0,0,0.0,0.0,0.01,1200.0,0.01,0.0,normal,0.0
18,411,24675,0,0,0.0,0.0,0.01,1200.0,0.01,0.0,normal,0.0
18,411,24690,0,0,0.0,0.0,0.01,1200.0,0.01,0.0,normal,0.0
18,411,24705,0,0,0.0,0.0,0.01,1200.0,0.01,0.0,normal,0.0
18,412,24720,0,0,0.0,0.0,0.01,1200.0,0.01,0.0,normal,0.0
18,412,24735,0,0,0.0,0.0,0.01,1200.0,0.01,0.0,normal,0.0
18,412,24750,0,0,0.0,0.0,0.01,1200.0,0.01,0.0,normal,0.0
18,412,24765,0,0,0.0,0.0,0.01,1200.0,0.01,0.0,normal,0.0
18,413,24780,0,0,0.0,0.0,0.01,1200.0,0.01,0.0,normal,0.0
18,413,24795,0,0,0.0,0.0,0.01,1200.0,0.01,0.0,normal,0.0
18,413,24810,0,0,0.0,0.0,0.01,1200.0,0.01,0.0,normal,0.0
18,413,24825,0,0,0.0,0.0,0.01,1200.0,0.01,0.0,normal,0.0
18,414,24840,0,0,0.0,0.0,0.01,1200.0,0.01,0.0,normal,0.0
18,414,24855,0,0,0.0,0.0,0.01,1200.0,0.01,0.0,normal,0.0
18,414,24870,0,0,0.0,0.0,0.01,1200.0,0.01,0.0,normal,0.0
18,414,24885,0,0,0.0,0.0,0.01,1200.0,0.01,0.0,normal,0.0
18,415,24900,0,0,0.0,0.0,0.01,1200.0,0.01,0.0,normal,0.0
18,415,24915,0,0,0.0,0.0,0.01,1200.0,0.01,0.0,normal,0.0
18,415,24930,0,0,0.0,0.0,0.01,1200.0,0.01,0.0,normal,0.0
18,415,24945,0,0,0.0,0.0,0.01,1200.0,0.01,0.0,normal,0.0
18,416,24960,0,0,0.0,0.0,0.01,1200.0,0.01,0.0,normal,0.0
18,416,24975,0,0,0.0,0.0,0.01,1200.0,0.01,0.0,normal,0.0
18,416,24990,0,0,0.0,0.0,0.01,1200.0,0.01,0.0,normal,0.0
18,416,25005,0,0,0.0,0.0,0.01,1200.0,0.01,0.0,normal,0.0
18,417,25020,0,0,0.0,0.0,0.01,1200.0,0.01,0.0,normal,0.0
18,417,25035,1,0,0.01,0.01,0.01,1200.0,0.01,0.0,normal,0.01
18,417,25050,0,0,0.0,0.0,0.01,1200.0,0.01,0.0,normal,0.01
18,417,25065,0,0,0.0,0.0,0.01,1200.0,0.01,0.0,normal,0.01
18,418,25080,0,0,0.0,0.0,0.01,1200.0,0.01,0.0,normal,0.01
18,418,25095,0,0,0.0,0.0,0.01,1200.0,0.01,0.0,normal,0.01
18,418,25110,0,0,0.0,0.0,0.01,1200.0,0.01,0.0,normal,0.01
18,418,25125,0,0,0.0,0.0,0.01,1200.0,0.01,0.0,normal,0.01
18,419,25140,0,0,0.0,0.0,0.0096,1200.0,0.01,0.0,normal,0.01
18,419,25155,0,0,0.0,0.0,0.01,1200.0,0.01,0.0,normal,0.01
18,419,25170,0,0,0.0,0.0,0.01,1200.0,0.01,0.0,normal,0.01
18,419,25185,1,0,0.01,0.01,0.01,1200.0,0.01,0.0,normal,0.02
18,420,25200,0,0,0.0,0.0,0.01,1200.0,0.01,0.0,normal,0.02
18,420,25215,0,0,0.0,0.0,0.01,1200.0,0.01,0.0,normal,0.02
18,420,25230,0,0,0.0,0.0,0.01,1200.0,0.01,0.0,normal,0.02
18,420,25245,0,0,0.0,0.0,0.01,1200.0,0.01,0.0,normal,0.02
18,421,25260,0,0,0.0,0.0,0.01,1200.0,0.01,0.0,normal,0.02
18,421,25275,0,0,0.0,0.0,0.01,1200.0,0.01,0.0,normal,0.02
18,421,25290,0,0,0.0,0.0,0.01,1200.0,0.01,0.0,normal,0.02
18,421,25305,0,0,0.0,0.0,0.01,1200.0,0.01,0.0,normal,0.02
18,422,25320,0,0,0.0,0.0,0.01,1200.0,0.01,0.0,normal,0.02
18,422,25335,0,0,0.0,0.0,0.01,1200.0,0.01,0.0,normal,0.02
18,422,25350,0,0,0.0,0.0,0.01,1200.0,0.01,0.0,normal,0.02
18,422,25365,0,0,0.0,0.0,0.01,1200.0,0.01,0.0,normal,0.02
18,423,25380,0,0,0.0,0.0,0.01,1200.0,0.01,0.0,normal,0.02
18,423,25395,1,0,0.01,0.01,0.01,1200.0,0.01,0.0,normal,0.03
18,423,25410,0,0,0.0,0.0,0.01,1200.0,0.01,0.0,normal,0.03
18,423,25425,0,0,0.0,0.0,0.01,1200.0,0.01,0.0,normal,0.03
18,424,25440,0,0,0.0,0.0,0.01,1200.0,0.01,0.0,normal,0.03
18,424,25455,1,0,0.01,0.01,0.01,1200.0,0.01,0.0,normal,0.04
18,424,25470,0,0,0.0,0.0,0.01,1200.0,0.01,0.0,normal,0.04
18,424,25485,0,0,0.0,0.0,0.01,1200.0,0.01,0.0,normal,0.04
18,425,25500,0,0,0.0,0.0,0.01,1200.0,0.01,0.0,normal,0.04
18,425,25515,0,0,0.0,0.0,0.01,1200.0,0.01,0.0,normal,0.04
18,425,25530,0,0,0.0,0.0,0.01,1200.0,0.01,0.0,normal,0.04
18,425,25545,0,0,0.0,0.0,0.01,1200.0,0.01,0.0,normal,0.04
18,426,25560,0,0,0.0,0.0,0.01,1200.0,0.01,0.0,normal,0.04
18,426,25575,0,0,0.0,0.0,0.01,1200.0,0.01,0.0,normal,0.04
18,426,25590,0,0,0.0,0.0,0.01,1200.0,0.01,0.0,normal,0.04
18,426,25605,0,0,0.0,0.0,0.01,1200.0,0.01,0.0,normal,0.04
18,427,25620,0,0,0.0,0.0,0.01,1200.0,0.01,0.0,normal,0.04
18,427,25635,0,0,0.0,0.0,0.01,1200.0,0.01,0.0,normal,0.04
18,427,25650,0,0,0.0,0.0,0.01,1200.0,0.01,0.0,normal,0.04
18,427,25665,0,0,0.0,0.0,0.01,1200.0,0.01,0.0,normal,0.04
18,428,25680,0,0,0.0,0.0,0.01,1200.0,0.01,0.0,normal,0.04
18,428,25695,0,0,0.0,0.0,0.01,1200.0,0.01,0.0,normal,0.04
18,428,25710,0,0,0.0,0.0,0.01,1200.0,0.01,0.0,normal,0.04
18,428,25725,0,0,0.0,0.0,0.01,1200.0,0.01,0.0,normal,0.04
18,429,25740,0,0,0.0,0.0,0.01,1200.0,0.01,0.0,normal,0.04
18,429,25755,1,0,0.01,0.01,0.01,1200.0,0.01,0.0,normal,0.05
18,429,25770,0,0,0.0,0.0,0.01,1200.0,0.01,0.0,normal,0.05
18,429,25785,0,0,0.0,0.0,0.01,1200.0,0.01,0.0,normal,0.05
18,430,25800,0,0,0.0,0.0,0.01,1200.0,0.01,0.0,normal,0.05
18,430,25815,0,0,0.0,0.0,0.01,1200.0,0.01,0.0,normal,0.05
18,430,25830,0,0,0.0,0.0,0.01,1200.0,0.01,0.0,normal,0.05
18,430,25845,0,0,0.0,0.0,0.01,1200.0,0.01,0.0,normal,0.05
18,431,25860,0,0,0.0,0.0,0.01,1200.0,0.01,0.0,normal,0.05
18,431,25875,0,0,0.0,0.0,0.01,1200.0,0.01,0.0,normal,0.05
18,431,25890,0,0,0.0,0.0,0.01,1200.0,0.01,0.0,normal,0.05
18,431,25905,0,0,0.0,0.0,0.01,1200.0,0.01,0.0,normal,0.05
19,432,25920,0,0,0.0,0.0,0.01,1200.0,0.01,0.0,normal,0.0
19,432,25935,0,0,0.0,0.0,0.01,1200.0,0.01,0.0,normal,0.0
19,432,25950,0,0,0.0,0.0,0.01,1200.0,0.01,0.0,normal,0.0
19,432,25965,0,0,0.0,0.0,0.01,1200.0,0.01,0.0,normal,0.0
19,433,25980,0,0,0.0,0.0,0.01,1200.0,0.01,1.0,normal,0.0
19,433,25995,0,0,0.0,0.0,0.01,1200.0,0.01,1.0,normal,0.0
19,433,26010,10,0,42.0,42.0,4.2,1200.0,4.2,1.0,normal,42.0
19,433,26025,4,0,10.7154,10.7154,2.6789,1200.0,4.2,1.0,normal,52.7154
19,434,26040,9,0,14.7577,14.7577,1.6397,1200.0,4.2,1.0,normal,67.4731
19,434,26055,10,0,27.9499,27.9499,2.795,1200.0,4.2,1.0,normal,95.423
19,434,26070,8,1,33.6,33.6,4.2,1200.0,4.2,1.0,normal,129.023
19,434,26085,5,0,12.0044,12.0044,2.4009,1200.0,4.2,1.0,normal,141.0274
19,435,26100,8,0,10.0919,10.0919,1.2615,1200.0,4.2,1.0,normal,151.1193
19,435,26115,13,0,1.8846,1.8846,0.145,1200.0,4.2,1.0,normal,153.0039
19,435,26130,10,0,42.0,42.0,4.2,1200.0,4.2,1.0,normal,195.0039
19,435,26145,8,0,31.6611,31.6611,3.9576,1200.0,4.2,1.0,normal,226.665
19,436,26160,14,0,6.2518,6.2518,0.4466,1200.0,4.2,1.0,normal,232.9168
19,436,26175,8,0,4.3162,4.3162,0.5395,1200.0,4.2,1.0,normal,237.233
19,436,26190,13,1,54.45,54.45,4.1885,1200.0,4.2,1.0,normal,291.683
19,436,26205,8,0,8.2857,8.2857,1.0357,1200.0,4.2,1.0,normal,299.9687
19,437,26220,15,0,64.5,64.5,4.3,1200.0,4.3,1.0,normal,364.4687
19,437,26235,11,0,35.9813,35.9813,3.271,1200.0,4.3,1.0,normal,400.45
19,437,26250,17,1,17.0758,17.0758,1.0045,1200.0,4.3,1.0,normal,417.5258
19,437,26265,14,0,32.6432,32.6432,2.3317,1200.0,4.3,1.0,normal,450.169
19,438,26280,11,2,34.6656,17.3328,3.1514,1200.0,4.4,1.0,normal,484.8346
19,438,26295,10,0,44.0,44.0,4.4,1200.0,4.4,1.0,normal,528.8346
19,438,26310,11,0,21.1775,21.1775,1.9252,1200.0,4.4,1.0,normal,550.0121
19,438,26325,16,1,48.5356,48.5356,3.0335,1200.0,4.4,1.0,normal,598.5477
19,439,26340,7,0,25.6271,25.6271,3.661,1200.0,4.5,1.0,normal,624.1748
19,439,26355,14,1,44.7473,44.7473,3.1962,1200.0,4.5,1.0,normal,668.9221
19,439,26370,6,0,27.0,27.0,4.5,1200.0,4.5,1.0,normal,695.9221
19,439,26385,6,0,25.8481,25.8481,4.308,1200.0,4.5,1.0,normal,721.7702
19,440,26400,15,0,67.5,67.5,4.5,1200.0,4.5,1.0,normal,789.2702
19,440,26415,6,0,27.0,27.0,4.5,1200.0,4.5,1.0,normal,816.2702
19,440,26430,10,0,21.8354,21.8354,2.1835,1200.0,4.5,1.0,normal,838.1056
19,440,26445,13,0,4.857,4.857,0.3736,1200.0,4.5,1.0,normal,842.9626
19,441,26460,16,0,25.4002,25.4002,1.5875,1200.0,4.26,1.0,normal,868.3628
19,441,26475,12,0,13.085,13.085,1.0904,1200.0,4.26,1.0,normal,881.4478
19,441,26490,10,0,1.5418,1.5418,0.1542,1200.0,4.26,1.0,normal,882.9896
19,441,26505,8,0,34.08,34.08,4.26,1200.0,4.26,1.0,normal,917.0696
19,442,26520,4,0,1.426,1.426,0.3565,1200.0,4.02,1.0,normal,918.4956
19,442,26535,8,0,9.4764,9.4764,1.1845,1200.0,4.02,1.0,normal,927.972
19,442,26550,15,0,38.102,38.102,2.5401,1200.0,4.02,1.0,normal,966.074
19,442,26565,4,0,4.7587,4.7587,1.1897,1200.0,4.02,1.0,normal,970.8327
19,443,26580,10,0,37.8,37.8,3.78,1200.0,3.78,1.0,normal,1008.6327
19,443,26595,9,0,34.02,34.02,3.78,1200.0,3.78,1.0,normal,1042.6527
19,443,26610,8,0,26.4921,26.4921,3.3115,1200.0,3.78,1.0,normal,1069.1448
19,443,26625,9,0,34.02,34.02,3.78,1200.0,3.78,1.0,budget_constrained,1103.1648
19,444,26640,10,1,30.4465,30.4465,3.0446,1650.0,4.91,1.0,normal,1133.6113
19,444,26655,7,0,9.7824,9.7824,1.3975,1650.0,4.91,1.0,normal,1143.3937
19,444,26670,14,0,33.858,33.858,2.4184,1650.0,4.91,1.0,normal,1177.2517
19,444,26685,7,0,8.6575,8.6575,1.2368,1650.0,4.91,1.0,normal,1185.9092
19,445,26700,10,0,31.592,31.592,3.1592,1650.0,4.66,1.0,normal,1217.5012
19,445,26715,7,0,15.2825,15.2825,2.1832,1650.0,4.66,1.0,normal,1232.7837
19,445,26730,10,0,19.0003,19.0003,1.9,1650.0,4.66,1.0,normal,1251.784
19,445,26745,12,0,52.9088,52.9088,4.4091,1650.0,4.66,1.0,normal,1304.6928
19,446,26760,12,1,52.92,52.92,4.41,1650.0,4.41,1.0,normal,1357.6128
19,446,26775,9,0,14.1578,14.1578,1.5731,1650.0,4.41,1.0,normal,1371.7706
19,446,26790,8,0,9.1192,9.1192,1.1399,1650.0,4.41,1.0,normal,1380.8898
19,446,26805,8,1,26.9411,26.9411,3.3676,1650.0,4.41,1.0,normal,1407.8309
19,447,26820,6,0,20.2343,20.2343,3.3724,1650.0,4.16,1.0,normal,1428.0652
19,447,26835,7,0,19.067,19.067,2.7239,1650.0,4.16,1.0,normal,1447.1322
19,447,26850,6,0,12.2935,12.2935,2.0489,1650.0,4.16,1.0,normal,1459.4257
19,447,26865,8,0,16.9584,16.9584,2.1198,1650.0,4.16,1.0,normal,1476.3841
19,448,26880,12,0,39.8818,39.8818,3.3235,1650.0,4.16,1.0,budget_constrained,1516.2659
19,448,26895,15,0,44.3192,44.3192,2.9546,1650.0,4.16,1.0,budget_constrained,1560.5851
19,448,26910,7,0,8.7419,8.7419,1.2488,1650.0,4.16,1.0,budget_constrained,1569.327
19,448,26925,18,0,73.6709,73.6709,4.0928,1650.0,4.16,1.0,budget_constrained,1642.9979
19,449,26940,1,0,7.0021,7.0021,3.88,1650.0,3.88,1.0,budget_depleted,1650.0
19,449,26955,0,0,0.0,0.0,0.0,1650.0,3.88,1.0,budget_depleted,1650.0
19,449,26970,0,0,0.0,0.0,0.0,1650.0,3.88,1.0,budget_depleted,1650.0
19,449,26985,0,0,0.0,0.0,0.0,1650.0,3.88,1.0,budget_depleted,1650.0
19,450,27000,0,0,0.0,0.0,0.0,1650.0,3.61,1.0,budget_depleted,1650.0
19,450,27015,0,0,0.0,0.0,0.0,1650.0,3.61,1.0,budget_depleted,1650.0
19,450,27030,0,0,0.0,0.0,0.0,1650.0,3.61,1.0,budget_depleted,1650.0
19,450,27045,0,0,0.0,0.0,0.0,1650.0,3.61,1.0,budget_depleted,1650.0
19,451,27060,0,0,0.0,0.0,0.0,1650.0,3.33,1.0,budget_depleted,1650.0
19,451,27075,0,0,0.0,0.0,0.0,1650.0,3.33,1.0,budget_depleted,1650.0
19,451,27090,0,0,0.0,0.0,0.0,1650.0,3.33,1.0,budget_depleted,1650.0
19,451,27105,0,0,0.0,0.0,0.0,1650.0,3.33,1.0,budget_depleted,1650.0
19,452,27120,0,0,0.0,0.0,0.0,1650.0,0.01,1.0,budget_depleted,1650.0
19,452,27135,0,0,0.0,0.0,0.0,1650.0,0.01,1.0,budget_depleted,1650.0
19,452,27150,0,0,0.0,0.0,0.0,1650.0,0.01,1.0,budget_depleted,1650.0
19,452,27165,0,0,0.0,0.0,0.0,1650.0,0.01,1.0,budget_depleted,1650.0
19,453,27180,0,0,0.0,0.0,0.0,1650.0,0.01,1.0,budget_depleted,1650.0
19,453,27195,0,0,0.0,0.0,0.0,1650.0,0.01,1.0,budget_depleted,1650.0
19,453,27210,0,0,0.0,0.0,0.0,1650.0,0.01,1.0,budget_depleted,1650.0
19,453,27225,0,0,0.0,0.0,0.0,1650.0,0.01,1.0,budget_depleted,1650.0
19,454,27240,0,0,0.0,0.0,0.0,1650.0,0.01,1.0,budget_depleted,1650.0
19,454,27255,0,0,0.0,0.0,0.0,1650.0,0.01,1.0,budget_depleted,1650.0
19,454,27270,0,0,0.0,0.0,0.0,1650.0,0.01,1.0,budget_depleted,1650.0
19,454,27285,0,0,0.0,0.0,0.0,1650.0,0.01,1.0,budget_depleted,1650.0
19,455,27300,0,0,0.0,0.0,0.0,1650.0,0.01,1.0,budget_depleted,1650.0
19,455,27315,0,0,0.0,0.0,0.0,1650.0,0.01,1.0,budget_depleted,1650.0
19,455,27330,0,0,0.0,0.0,0.0,1650.0,0.01,1.0,budget_depleted,1650.0
19,455,27345,0,0,0.0,0.0,0.0,1650.0,0.01,1.0,budget_depleted,1650.0
20,456,27360,0,0,0.0,0.0,0.0,1650.0,4.2,1.0,normal,0.0
20,456,27375,10,0,26.6068,26.6068,2.6607,1650.0,4.2,1.0,normal,26.6068
20,456,27390,5,0,17.0599,17.0599,3.412,1650.0,4.2,1.0,normal,43.6667
20,456,27405,8,0,33.6,33.6,4.2,1650.0,4.2,1.0,normal,77.2667
20,457,27420,17,1,43.6952,43.6952,2.5703,1650.0,4.2,1.0,normal,120.9619
20,457,27435,11,0,46.2,46.2,4.2,1650.0,4.2,1.0,normal,167.1619
20,457,27450,10,0,29.7072,29.7072,2.9707,1650.0,4.2,1.0,normal,196.8691
20,457,27465,12,1,49.2642,49.2642,4.1054,1650.0,4.2,1.0,normal,246.1333
20,458,27480,10,0,40.4776,40.4776,4.0478,1650.0,4.2,1.0,normal,286.6109
20,458,27495,8,0,33.6,33.6,4.2,1650.0,4.2,1.0,normal,320.2109
20,458,27510,9,0,7.4632,7.4632,0.8292,1650.0,4.2,1.0,normal,327.6741
20,458,27525,12,0,34.7112,34.7112,2.8926,1650.0,4.2,1.0,normal,362.3853
20,459,27540,14,0,8.4131,8.4131,0.6009,1650.0,4.2,1.0,normal,370.7984
20,459,27555,11,0,43.2504,43.2504,3.9319,1650.0,4.2,1.0,normal,414.0488
20,459,27570,18,2,58.5984,29.2992,3.2555,1650.0,4.2,1.0,normal,472.6472
20,459,27585,12,0,46.4241,46.4241,3.8687,1650.0,4.2,1.0,normal,519.0713
20,460,27600,15,0,45.8757,45.8757,3.0584,1650.0,4.2,1.0,normal,564.947
20,460,27615,8,0,4.6605,4.6605,0.5826,1650.0,4.2,1.0,normal,569.6075
20,460,27630,10,0,23.1571,23.1571,2.3157,1650.0,4.2,1.0,normal,592.7646
20,460,27645,20,0,3.3678,3.3678,0.1684,1650.0,4.2,1.0,normal,596.1324
20,461,27660,13,0,52.9425,52.9425,4.0725,1650.0,4.2,1.0,normal,649.0749
20,461,27675,7,0,29.4,29.4,4.2,1650.0,4.2,1.0,normal,678.4749
20,461,27690,8,0,33.6,33.6,4.2,1650.0,4.2,1.0,normal,712.0749
20,461,27705,6,0,11.9613,11.9613,1.9936,1650.0,4.2,1.0,normal,724.0362
20,462,27720,11,0,20.871,20.871,1.8974,1650.0,4.2,1.0,normal,744.9072
20,462,27735,10,1,18.3203,18.3203,1.832,1650.0,4.2,1.0,normal,763.2275
20,462,27750,12,0,50.4,50.4,4.2,1650.0,4.2,1.0,normal,813.6275
20,462,27765,12,0,50.4,50.4,4.2,1650.0,4.2,1.0,normal,864.0275
20,463,27780,8,1,29.0443,29.0443,3.6305,1650.0,4.2,1.0,normal,893.0718
20,463,27795,9,0,22.3239,22.3239,2.4804,1650.0,4.2,1.0,normal,915.3957
20,463,27810,11,1,46.2,46.2,4.2,1650.0,4.2,1.0,normal,961.5957
20,463,27825,8,1,33.6,33.6,4.2,1650.0,4.2,1.0,normal,995.1957
20,464,27840,12,1,38.3471,38.3471,3.1956,1650.0,4.2,1.0,normal,1033.5428
20,464,27855,10,1,18.4258,18.4258,1.8426,1650.0,4.2,1.0,normal,1051.9686
20,464,27870,11,0,19.7547,19.7547,1.7959,1650.0,4.2,1.0,normal,1071.7233
20,464,27885,14,0,53.635,53.635,3.8311,1650.0,4.2,1.0,normal,1125.3583
20,465,27900,7,1,27.2672,27.2672,3.8953,1650.0,3.92,1.0,normal,1152.6255
20,465,27915,8,0,4.8267,4.8267,0.6033,1650.0,3.92,1.0,normal,1157.4522
20,465,27930,7,1,21.0998,21.0998,3.0143,1650.0,3.92,1.0,normal,1178.552
20,465,27945,10,1,39.2,39.2,3.92,1650.0,3.92,1.0,normal,1217.752
20,466,27960,18,0,39.8869,39.8869,2.2159,1650.0,3.64,1.0,normal,1257.6389
20,466,27975,9,0,1.0922,1.0922,0.1214,1650.0,3.64,1.0,normal,1258.7311
20,466,27990,11,0,27.6631,27.6631,2.5148,1650.0,3.64,1.0,normal,1286.3942
20,466,28005,11,2,40.04,20.02,3.64,1650.0,3.64,1.0,normal,1326.4342
20,467,28020,14,1,34.4057,34.4057,2.4576,1650.0,3.36,1.0,normal,1360.8399
20,467,28035,11,0,36.96,36.96,3.36,1650.0,3.36,1.0,normal,1397.7999
20,467,28050,6,0,12.2765,12.2765,2.0461,1650.0,3.36,1.0,normal,1410.0764
20,467,28065,3,1,4.598,4.598,1.5327,1650.0,3.36,1.0,normal,1414.6744
20,468,28080,10,1,33.6,33.6,3.36,1650.0,3.36,1.3,normal,1448.2744
20,468,28095,8,0,26.88,26.88,3.36,1650.0,3.36,1.3,normal,1475.1544
20,468,28110,10,0,24.7862,24.7862,2.4786,1650.0,3.36,1.3,budget_constrained,1499.9406
20,468,28125,8,0,7.0975,7.0975,0.8872,1650.0,3.36,1.3,budget_constrained,1507.0381
20,469,28140,6,0,18.12,18.12,3.02,1650.0,3.02,1.3,budget_constrained,1525.1581
20,469,28155,7,0,0.4503,0.4503,0.0643,1650.0,3.02,1.3,budget_constrained,1525.6084
20,469,28170,11,0,33.22,33.22,3.02,1650.0,3.02,1.3,budget_constrained,1558.8284
20,469,28185,6,0,1.2875,1.2875,0.2146,1650.0,3.02,1.3,budget_constrained,1560.1159
20,470,28200,6,0,4.513,4.513,0.7522,1650.0,3.92,1.3,budget_constrained,1564.6289
20,470,28215,11,0,20.4226,20.4226,1.8566,1650.0,3.92,1.3,budget_constrained,1585.0515
20,470,28230,8,0,23.0739,23.0739,2.8842,1650.0,3.92,1.3,budget_constrained,1608.1254
20,470,28245,14,1,39.569,39.569,2.8264,1650.0,3.92,1.3,budget_constrained,1647.6944
20,471,28260,0,0,2.3056,2.3056,2.5253,1650.0,4.05,1.3,budget_constrained,1650.0
20,471,28275,0,0,0.0,0.0,1.4984,1650.0,4.05,1.3,budget_constrained,1650.0
20,471,28290,0,0,0.0,0.0,0.6853,1650.0,4.05,1.3,budget_constrained,1650.0
20,471,28305,0,0,0.0,0.0,0.2837,1650.0,4.05,1.3,budget_constrained,1650.0
20,472,28320,0,0,0.0,0.0,0.725,1650.0,4.05,1.3,budget_constrained,1650.0
20,472,28335,0,0,0.0,0.0,3.0013,1650.0,4.05,1.3,budget_constrained,1650.0
20,472,28350,0,0,0.0,0.0,0.5726,1650.0,4.05,1.3,budget_constrained,1650.0
20,472,28365,0,0,0.0,0.0,4.05,1650.0,4.05,1.3,budget_constrained,1650.0
20,473,28380,0,0,0.0,0.0,2.3305,1650.0,4.86,1.3,budget_constrained,1650.0
20,473,28395,0,0,0.0,0.0,4.86,1650.0,4.86,1.3,budget_constrained,1650.0
20,473,28410,0,0,0.0,0.0,1.5496,1650.0,4.86,1.3,budget_constrained,1650.0
20,473,28425,0,0,0.0,0.0,0.3901,1650.0,4.86,1.3,budget_constrained,1650.0
20,474,28440,0,0,0.0,0.0,0.01,1650.0,0.01,1.3,budget_constrained,1650.0
20,474,28455,0,0,0.0,0.0,0.01,1650.0,0.01,1.3,budget_constrained,1650.0
20,474,28470,0,0,0.0,0.0,0.01,1650.0,0.01,1.3,budget_constrained,1650.0
20,474,28485,0,0,0.0,0.0,0.01,1650.0,0.01,1.3,budget_constrained,1650.0
20,475,28500,0,0,0.0,0.0,0.01,1650.0,0.01,1.3,budget_constrained,1650.0
20,475,28515,0,0,0.0,0.0,0.01,1650.0,0.01,1.3,budget_constrained,1650.0
20,475,28530,0,0,0.0,0.0,0.01,1650.0,0.01,1.3,budget_constrained,1650.0
20,475,28545,0,0,0.0,0.0,0.01,1650.0,0.01,1.3,budget_constrained,1650.0
20,476,28560,0,0,0.0,0.0,2.8064,1650.0,4.2,1.3,budget_constrained,1650.0
20,476,28575,0,0,0.0,0.0,1.6969,1650.0,4.2,1.3,budget_constrained,1650.0
20,476,28590,0,0,0.0,0.0,2.207,1650.0,4.2,1.3,budget_constrained,1650.0
20,476,28605,0,0,0.0,0.0,0.7908,1650.0,4.2,1.3,budget_constrained,1650.0
20,477,28620,0,0,0.0,0.0,0.9143,1650.0,4.2,1.3,budget_constrained,1650.0
20,477,28635,0,0,0.0,0.0,2.5564,1650.0,4.2,1.3,budget_constrained,1650.0
20,477,28650,0,0,0.0,0.0,2.9528,1650.0,4.2,1.3,budget_constrained,1650.0
20,477,28665,0,0,0.0,0.0,1.8111,1650.0,4.2,1.3,budget_constrained,1650.0
20,478,28680,0,0,0.0,0.0,0.0942,1650.0,4.2,1.3,budget_constrained,1650.0
20,478,28695,0,0,0.0,0.0,3.4955,1650.0,4.2,1.3,budget_constrained,1650.0
20,478,28710,0,0,0.0,0.0,4.0116,1650.0,4.2,1.3,budget_constrained,1650.0
20,478,28725,0,0,0.0,0.0,3.9604,1650.0,4.2,1.3,budget_constrained,1650.0
20,479,28740,0,0,0.0,0.0,4.5521,1650.0,5.04,1.3,budget_constrained,1650.0
20,479,28755,0,0,0.0,0.0,0.5438,1650.0,5.04,1.3,budget_constrained,1650.0
20,479,28770,0,0,0.0,0.0,2.5651,1650.0,5.04,1.3,budget_constrained,1650.0
20,479,28785,0,0,0.0,0.0,3.0313,1650.0,5.04,1.3,budget_constrained,1650.0
21,480,28800,0,0,0.0,0.0,4.31,1650.0,5.04,1.3,normal,0.0
21,480,28815,17,0,85.68,85.68,5.04,1650.0,5.04,1.3,normal,85.68
21,480,28830,13,1,3.2433,3.2433,0.2495,1650.0,5.04,1.3,normal,88.9233
21,480,28845,15,0,26.248,26.248,1.7499,1650.0,5.04,1.3,normal,115.1713
21,481,28860,13,1,31.5638,31.5638,2.428,1650.0,5.54,1.3,normal,146.7351
21,481,28875,9,0,27.6412,27.6412,3.0712,1650.0,5.54,1.3,normal,174.3763
21,481,28890,15,1,35.4046,35.4046,2.3603,1650.0,5.54,1.3,normal,209.7809
21,481,28905,12,0,1.2697,1.2697,0.1058,1650.0,5.54,1.3,normal,211.0506
21,482,28920,13,0,11.7584,11.7584,0.9045,1650.0,5.54,1.3,normal,222.809
21,482,28935,8,0,41.077,41.077,5.1346,1650.0,5.54,1.3,normal,263.886
21,482,28950,13,1,26.3202,26.3202,2.0246,1650.0,5.54,1.3,normal,290.2062
21,482,28965,9,0,33.7022,33.7022,3.7447,1650.0,5.54,1.3,normal,323.9084
21,483,28980,10,0,17.2058,17.2058,1.7206,1650.0,6.65,1.3,normal,341.1142
21,483,28995,19,1,48.4337,48.4337,2.5491,1650.0,6.65,1.3,normal,389.5479
21,483,29010,15,1,66.7086,66.7086,4.4472,1650.0,6.65,1.3,normal,456.2565
21,483,29025,21,0,32.3604,32.3604,1.541,1650.0,6.65,1.3,normal,488.6169
21,484,29040,19,1,66.5021,66.5021,3.5001,1650.0,6.65,1.3,normal,555.119
21,484,29055,13,1,20.7238,20.7238,1.5941,1650.0,6.65,1.3,normal,575.8428
21,484,29070,15,0,34.7638,34.7638,2.3176,1650.0,6.65,1.3,normal,610.6066
21,484,29085,20,0,129.2755,129.2755,6.4638,1650.0,6.65,1.3,normal,739.8821
21,485,29100,16,0,107.9326,107.9326,6.7458,1650.0,7.98,1.3,normal,847.8147
21,485,29115,24,1,69.6166,69.6166,2.9007,1650.0,7.98,1.3,normal,917.4313
21,485,29130,25,3,65.0386,21.6795,2.6015,1650.0,7.98,1.3,normal,982.4699
21,485,29145,16,1,51.4012,51.4012,3.2126,1650.0,7.98,1.3,normal,1033.8711
21,486,29160,0,0,0.0,0.0,0.01,1650.0,0.01,1.3,normal,1033.8711
21,486,29175,0,0,0.0,0.0,0.01,1650.0,0.01,1.3,normal,1033.8711
21,486,29190,0,0,0.0,0.0,0.01,1650.0,0.01,1.3,normal,1033.8711
21,486,29205,0,0,0.0,0.0,0.01,1650.0,0.01,1.3,normal,1033.8711
21,487,29220,0,0,0.0,0.0,0.01,1650.0,0.01,1.3,normal,1033.8711
21,487,29235,0,0,0.0,0.0,0.01,1650.0,0.01,1.3,normal,1033.8711
21,487,29250,0,0,0.0,0.0,0.01,1650.0,0.01,1.3,normal,1033.8711
21,487,29265,0,0,0.0,0.0,0.01,1650.0,0.01,1.3,normal,1033.8711
21,488,29280,11,0,15.0843,15.0843,1.3713,1650.0,4.2,1.3,normal,1048.9554
21,488,29295,14,1,18.1999,18.1999,1.3,1650.0,4.2,1.3,normal,1067.1553
21,488,29310,10,0,29.6988,29.6988,2.9699,1650.0,4.2,1.3,normal,1096.8541
21,488,29325,16,1,60.2922,60.2922,3.7683,1650.0,4.2,1.3,normal,1157.1463
21,489,29340,4,0,16.4857,16.4857,4.1214,1650.0,4.2,1.3,normal,1173.632
21,489,29355,12,1,44.0328,44.0328,3.6694,1650.0,4.2,1.3,normal,1217.6648
21,489,29370,13,2,9.2624,4.6312,0.7125,1650.0,4.2,1.3,normal,1226.9272
21,489,29385,9,0,29.5852,29.5852,3.2872,1650.0,4.2,1.3,normal,1256.5124
21,490,29400,11,0,17.3813,17.3813,1.5801,1650.0,4.2,1.3,normal,1273.8937
21,490,29415,13,0,0.966,0.966,0.0743,1650.0,4.2,1.3,normal,1274.8597
21,490,29430,11,0,14.84,14.84,1.3491,1650.0,4.2,1.3,normal,1289.6997
21,490,29445,4,0,5.5021,5.5021,1.3755,1650.0,4.2,1.3,normal,1295.2018
21,491,29460,12,1,60.48,60.48,5.04,1650.0,5.04,1.3,normal,1355.6818
21,491,29475,15,0,44.6498,44.6498,2.9767,1650.0,5.04,1.3,normal,1400.3316
21,491,29490,11,0,55.44,55.44,5.04,1650.0,5.04,1.3,normal,1455.7716
21,491,29505,12,1,55.8841,55.8841,4.657,1650.0,5.04,1.3,budget_constrained,1511.6557
21,492,29520,12,1,17.0339,17.0339,1.4195,1650.0,5.04,1.3,budget_constrained,1528.6896
21,492,29535,17,0,31.8949,31.8949,1.8762,1650.0,5.04,1.3,budget_constrained,1560.5845
21,492,29550,12,0,60.48,60.48,5.04,1650.0,5.04,1.3,budget_constrained,1621.0645
21,492,29565,8,0,26.9263,26.9263,3.3658,1650.0,5.04,1.3,budget_constrained,1647.9908
21,493,29580,0,0,2.0092,2.0092,5.8623,1650.0,6.05,1.3,budget_constrained,1650.0
21,493,29595,0,0,0.0,0.0,4.1679,1650.0,6.05,1.3,budget_constrained,1650.0
21,493,29610,0,0,0.0,0.0,2.3411,1650.0,6.05,1.3,budget_constrained,1650.0
21,493,29625,0,0,0.0,0.0,6.05,1650.0,6.05,1.3,budget_constrained,1650.0
21,494,29640,0,0,0.0,0.0,0.01,1650.0,0.01,1.3,budget_constrained,1650.0
21,494,29655,0,0,0.0,0.0,0.01,1650.0,0.01,1.3,budget_constrained,1650.0
21,494,29670,0,0,0.0,0.0,0.01,1650.0,0.01,1.3,budget_constrained,1650.0
21,494,29685,0,0,0.0,0.0,0.01,1650.0,0.01,1.3,budget_constrained,1650.0
21,495,29700,0,0,0.0,0.0,0.01,1650.0,0.01,1.3,budget_constrained,1650.0
21,495,29715,0,0,0.0,0.0,0.01,1650.0,0.01,1.3,budget_constrained,1650.0
21,495,29730,0,0,0.0,0.0,0.01,1650.0,0.01,1.3,budget_constrained,1650.0
21,495,29745,0,0,0.0,0.0,0.01,1650.0,0.01,1.3,budget_constrained,1650.0
21,496,29760,0,0,0.0,0.0,3.3212,1650.0,4.2,1.3,budget_constrained,1650.0
21,496,29775,0,0,0.0,0.0,2.8352,1650.0,4.2,1.3,budget_constrained,1650.0
21,496,29790,0,0,0.0,0.0,1.1829,1650.0,4.2,1.3,budget_constrained,1650.0
21,496,29805,0,0,0.0,0.0,0.0983,1650.0,4.2,1.3,budget_constrained,1650.0
21,497,29820,0,0,0.0,0.0,3.1061,1650.0,4.2,1.3,budget_constrained,1650.0
21,497,29835,0,0,0.0,0.0,1.7423,1650.0,4.2,1.3,budget_constrained,1650.0
21,497,29850,0,0,0.0,0.0,1.6488,1650.0,4.2,1.3,budget_constrained,1650.0
21,497,29865,0,0,0.0,0.0,4.2,1650.0,4.2,1.3,budget_constrained,1650.0
21,498,29880,0,0,0.0,0.0,1.1651,1650.0,4.2,1.3,budget_constrained,1650.0
21,498,29895,0,0,0.0,0.0,2.7677,1650.0,4.2,1.3,budget_constrained,1650.0
21,498,29910,0,0,0.0,0.0,4.2,1650.0,4.2,1.3,budget_constrained,1650.0
21,498,29925,0,0,0.0,0.0,4.2,1650.0,4.2,1.3,budget_constrained,1650.0
21,499,29940,0,0,0.0,0.0,0.6936,1650.0,4.62,1.3,budget_constrained,1650.0
21,499,29955,0,0,0.0,0.0,0.6289,1650.0,4.62,1.3,budget_constrained,1650.0
21,499,29970,0,0,0.0,0.0,4.62,1650.0,4.62,1.3,budget_constrained,1650.0
21,499,29985,0,0,0.0,0.0,4.62,1650.0,4.62,1.3,budget_constrained,1650.0
21,500,30000,0,0,0.0,0.0,0.9764,1650.0,4.62,1.3,budget_constrained,1650.0
21,500,30015,0,0,0.0,0.0,4.62,1650.0,4.62,1.3,budget_constrained,1650.0
21,500,30030,0,0,0.0,0.0,0.5523,1650.0,4.62,1.3,budget_constrained,1650.0
21,500,30045,0,0,0.0,0.0,0.5675,1650.0,4.62,1.3,budget_constrained,1650.0
21,501,30060,0,0,0.0,0.0,2.8112,1650.0,5.54,1.3,budget_constrained,1650.0
21,501,30075,0,0,0.0,0.0,3.1767,1650.0,5.54,1.3,budget_constrained,1650.0
21,501,30090,0,0,0.0,0.0,5.54,1650.0,5.54,1.3,budget_constrained,1650.0
21,501,30105,0,0,0.0,0.0,0.8888,1650.0,5.54,1.3,budget_constrained,1650.0
21,502,30120,0,0,0.0,0.0,0.5397,1650.0,5.54,1.3,budget_constrained,1650.0
21,502,30135,0,0,0.0,0.0,1.019,1650.0,5.54,1.3,budget_constrained,1650.0
21,502,30150,0,0,0.0,0.0,0.4052,1650.0,5.54,1.3,budget_constrained,1650.0
21,502,30165,0,0,0.0,0.0,4.5675,1650.0,5.54,1.3,budget_constrained,1650.0
21,503,30180,0,0,0.0,0.0,0.2728,1650.0,6.09,1.3,budget_constrained,1650.0
21,503,30195,0,0,0.0,0.0,1.1528,1650.0,6.09,1.3,budget_constrained,1650.0
21,503,30210,0,0,0.0,0.0,2.4044,1650.0,6.09,1.3,budget_constrained,1650.0
21,503,30225,0,0,0.0,0.0,0.0675,1650.0,6.09,1.3,budget_constrained,1650.0
22,504,30240,0,0,0.0,0.0,4.5427,1650.0,6.09,1.3,normal,0.0
22,504,30255,22,1,91.4318,91.4318,4.156,1650.0,6.09,1.3,normal,91.4318
22,504,30270,14,0,4.4536,4.4536,0.3181,1650.0,6.09,1.3,normal,95.8854
22,504,30285,12,1,73.08,73.08,6.09,1650.0,6.09,1.3,normal,168.9654
22,505,30300,17,0,54.8292,54.8292,3.2252,1650.0,6.09,1.3,normal,223.7946
22,505,30315,9,0,15.3707,15.3707,1.7079,1650.0,6.09,1.3,normal,239.1653
22,505,30330,18,0,14.4189,14.4189,0.8011,1650.0,6.09,1.3,normal,253.5842
22,505,30345,13,1,76.3705,76.3705,5.8747,1650.0,6.09,1.3,normal,329.9547
22,506,30360,13,0,41.4871,41.4871,3.1913,1650.0,6.09,1.3,normal,371.4418
22,506,30375,15,1,34.9891,34.9891,2.3326,1650.0,6.09,1.3,normal,406.4309
22,506,30390,23,1,36.1814,36.1814,1.5731,1650.0,6.09,1.3,normal,442.6123
22,506,30405,22,0,28.3178,28.3178,1.2872,1650.0,6.09,1.3,normal,470.9301
22,507,30420,14,1,62.2888,62.2888,4.4492,1650.0,6.7,1.3,normal,533.2189
22,507,30435,21,0,98.5919,98.5919,4.6949,1650.0,6.7,1.3,normal,631.8108
22,507,30450,17,1,113.9,113.9,6.7,1650.0,6.7,1.3,normal,745.7108
22,507,30465,7,0,35.6765,35.6765,5.0966,1650.0,6.7,1.3,normal,781.3873
22,508,30480,10,0,54.3103,54.3103,5.431,1650.0,6.7,1.3,normal,835.6976
22,508,30495,17,0,28.6467,28.6467,1.6851,1650.0,6.7,1.3,normal,864.3443
22,508,30510,17,0,30.5979,30.5979,1.7999,1650.0,6.7,1.3,normal,894.9422
22,508,30525,17,0,11.6484,11.6484,0.6852,1650.0,6.7,1.3,normal,906.5906
22,509,30540,13,0,19.6132,19.6132,1.5087,1650.0,7.37,1.3,normal,926.2038
22,509,30555,29,0,173.6869,173.6869,5.9892,1650.0,7.37,1.3,normal,1099.8907
22,509,30570,18,1,125.7058,125.7058,6.9837,1650.0,7.37,1.3,normal,1225.5965
22,509,30585,31,1,200.1965,200.1965,6.458,1650.0,7.37,1.3,normal,1425.793
22,510,30600,0,0,0.0,0.0,0.01,1650.0,0.01,1.3,normal,1425.793
22,510,30615,0,0,0.0,0.0,0.01,1650.0,0.01,1.3,normal,1425.793
22,510,30630,0,0,0.0,0.0,0.01,1650.0,0.01,1.3,normal,1425.793
22,510,30645,0,0,0.0,0.0,0.01,1650.0,0.01,1.3,normal,1425.793
22,511,30660,0,0,0.0,0.0,0.01,1650.0,0.01,1.3,normal,1425.793
22,511,30675,0,0,0.0,0.0,0.01,1650.0,0.01,1.3,normal,1425.793
22,511,30690,0,0,0.0,0.0,0.01,1650.0,0.01,1.3,normal,1425.793
22,511,30705,0,0,0.0,0.0,0.01,1650.0,0.01,1.3,normal,1425.793
22,512,30720,12,1,49.8272,49.8272,4.1523,1650.0,4.2,1.3,normal,1475.6202
22,512,30735,12,1,41.946,41.946,3.4955,1650.0,4.2,1.3,budget_constrained,1517.5662
22,512,30750,7,0,29.4,29.4,4.2,1650.0,4.2,1.3,budget_constrained,1546.9662
22,512,30765,4,0,12.9611,12.9611,3.2403,1650.0,4.2,1.3,budget_constrained,1559.9273
22,513,30780,9,0,16.1527,16.1527,1.7947,1650.0,4.2,1.3,budget_constrained,1576.08
22,513,30795,13,0,38.5249,38.5249,2.9635,1650.0,4.2,1.3,budget_constrained,1614.6049
22,513,30810,5,0,5.643,5.643,1.1286,1650.0,4.2,1.3,budget_constrained,1620.2479
22,513,30825,11,0,29.458,29.458,2.678,1650.0,4.2,1.3,budget_constrained,1649.7059
22,514,30840,0,0,0.2941,0.2941,4.0091,1650.0,4.62,1.3,budget_depleted,1650.0
22,514,30855,0,0,0.0,0.0,0.0,1650.0,4.62,1.3,budget_depleted,1650.0
22,514,30870,0,0,0.0,0.0,0.0,1650.0,4.62,1.3,budget_depleted,1650.0
22,514,30885,0,0,0.0,0.0,0.0,1650.0,4.62,1.3,budget_depleted,1650.0
22,515,30900,0,0,0.0,0.0,0.0,1650.0,4.62,1.3,budget_depleted,1650.0
22,515,30915,0,0,0.0,0.0,0.0,1650.0,4.62,1.3,budget_depleted,1650.0
22,515,30930,0,0,0.0,0.0,0.0,1650.0,4.62,1.3,budget_depleted,1650.0
22,515,30945,0,0,0.0,0.0,0.0,1650.0,4.62,1.3,budget_depleted,1650.0
22,516,30960,0,0,0.0,0.0,0.0,1650.0,4.62,1.3,budget_depleted,1650.0
22,516,30975,0,0,0.0,0.0,0.0,1650.0,4.62,1.3,budget_depleted,1650.0
22,516,30990,0,0,0.0,0.0,0.0,1650.0,4.62,1.3,budget_depleted,1650.0
22,516,31005,0,0,0.0,0.0,0.0,1650.0,4.62,1.3,budget_depleted,1650.0
22,517,31020,0,0,0.0,0.0,0.0,1650.0,2.54,1.3,budget_depleted,1650.0
22,517,31035,0,0,0.0,0.0,0.0,1650.0,2.54,1.3,budget_depleted,1650.0
22,517,31050,0,0,0.0,0.0,0.0,1650.0,2.54,1.3,budget_depleted,1650.0
22,517,31065,0,0,0.0,0.0,0.0,1650.0,2.54,1.3,budget_depleted,1650.0
22,518,31080,0,0,0.0,0.0,0.0,1650.0,2.54,1.3,budget_depleted,1650.0
22,518,31095,0,0,0.0,0.0,0.0,1650.0,2.54,1.3,budget_depleted,1650.0
22,518,31110,0,0,0.0,0.0,0.0,1650.0,2.54,1.3,budget_depleted,1650.0
22,518,31125,0,0,0.0,0.0,0.0,1650.0,2.54,1.3,budget_depleted,1650.0
22,519,31140,0,0,0.0,0.0,0.0,1650.0,2.34,1.3,budget_depleted,1650.0
22,519,31155,0,0,0.0,0.0,0.0,1650.0,2.34,1.3,budget_depleted,1650.0
22,519,31170,0,0,0.0,0.0,0.0,1650.0,2.34,1.3,budget_depleted,1650.0
22,519,31185,0,0,0.0,0.0,0.0,1650.0,2.34,1.3,budget_depleted,1650.0
22,520,31200,0,0,0.0,0.0,0.0,1650.0,2.34,1.3,budget_depleted,1650.0
22,520,31215,0,0,0.0,0.0,0.0,1650.0,2.34,1.3,budget_depleted,1650.0
22,520,31230,0,0,0.0,0.0,0.0,1650.0,2.34,1.3,budget_depleted,1650.0
22,520,31245,0,0,0.0,0.0,0.0,1650.0,2.34,1.3,budget_depleted,1650.0
22,521,31260,0,0,0.0,0.0,0.0,1650.0,1.4,1.3,budget_depleted,1650.0
22,521,31275,0,0,0.0,0.0,0.0,1650.0,1.4,1.3,budget_depleted,1650.0
22,521,31290,0,0,0.0,0.0,0.0,1650.0,1.4,1.3,budget_depleted,1650.0
22,521,31305,0,0,0.0,0.0,0.0,1650.0,1.4,1.3,budget_depleted,1650.0
22,522,31320,0,0,0.0,0.0,0.0,1650.0,0.01,1.3,budget_depleted,1650.0
22,522,31335,0,0,0.0,0.0,0.0,1650.0,0.01,1.3,budget_depleted,1650.0
22,522,31350,0,0,0.0,0.0,0.0,1650.0,0.01,1.3,budget_depleted,1650.0
22,522,31365,0,0,0.0,0.0,0.0,1650.0,0.01,1.3,budget_depleted,1650.0
22,523,31380,0,0,0.0,0.0,0.0,1650.0,0.01,1.3,budget_depleted,1650.0
22,523,31395,0,0,0.0,0.0,0.0,1650.0,0.01,1.3,budget_depleted,1650.0
22,523,31410,0,0,0.0,0.0,0.0,1650.0,0.01,1.3,budget_depleted,1650.0
22,523,31425,0,0,0.0,0.0,0.0,1650.0,0.01,1.3,budget_depleted,1650.0
22,524,31440,0,0,0.0,0.0,0.0,1650.0,4.2,1.3,budget_depleted,1650.0
22,524,31455,0,0,0.0,0.0,0.0,1650.0,4.2,1.3,budget_depleted,1650.0
22,524,31470,0,0,0.0,0.0,0.0,1650.0,4.2,1.3,budget_depleted,1650.0
22,524,31485,0,0,0.0,0.0,0.0,1650.0,4.2,1.3,budget_depleted,1650.0
22,525,31500,0,0,0.0,0.0,0.0,1650.0,4.2,1.3,budget_depleted,1650.0
22,525,31515,0,0,0.0,0.0,0.0,1650.0,4.2,1.3,budget_depleted,1650.0
22,525,31530,0,0,0.0,0.0,0.0,1650.0,4.2,1.3,budget_depleted,1650.0
22,525,31545,0,0,0.0,0.0,0.0,1650.0,4.2,1.3,budget_depleted,1650.0
22,526,31560,0,0,0.0,0.0,0.0,1650.0,4.2,1.3,budget_depleted,1650.0
22,526,31575,0,0,0.0,0.0,0.0,1650.0,4.2,1.3,budget_depleted,1650.0
22,526,31590,0,0,0.0,0.0,0.0,1650.0,4.2,1.3,budget_depleted,1650.0
22,526,31605,0,0,0.0,0.0,0.0,1650.0,4.2,1.3,budget_depleted,1650.0
22,527,31620,0,0,0.0,0.0,0.0,1650.0,4.2,1.3,budget_depleted,1650.0
22,527,31635,0,0,0.0,0.0,0.0,1650.0,4.2,1.3,budget_depleted,1650.0
22,527,31650,0,0,0.0,0.0,0.0,1650.0,4.2,1.3,budget_depleted,1650.0
22,527,31665,0,0,0.0,0.0,0.0,1650.0,4.2,1.3,budget_depleted,1650.0
23,528,31680,0,0,0.0,0.0,0.0,1650.0,4.2,1.3,normal,0.0
23,528,31695,17,0,5.6762,5.6762,0.3339,1650.0,4.2,1.3,normal,5.6762
23,528,31710,16,1,16.5707,16.5707,1.0357,1650.0,4.2,1.3,normal,22.2469
23,528,31725,9,0,35.5631,35.5631,3.9515,1650.0,4.2,1.3,normal,57.81
23,529,31740,3,0,0.0543,0.0543,0.0181,1650.0,2.31,1.3,normal,57.8643
23,529,31755,6,0,13.86,13.86,2.31,1650.0,2.31,1.3,normal,71.7243
23,529,31770,7,0,16.17,16.17,2.31,1650.0,2.31,1.3,normal,87.8943
23,529,31785,7,0,16.17,16.17,2.31,1650.0,2.31,1.3,normal,104.0643
23,530,31800,11,0,12.4952,12.4952,1.1359,1650.0,2.31,1.3,normal,116.5595
23,530,31815,4,0,9.24,9.24,2.31,1650.0,2.31,1.3,normal,125.7995
23,530,31830,4,1,4.2555,4.2555,1.0639,1650.0,2.31,1.3,normal,130.055
23,530,31845,9,0,20.79,20.79,2.31,1650.0,2.31,1.3,normal,150.845
23,531,31860,5,0,5.1702,5.1702,1.034,1650.0,2.13,1.3,normal,156.0152
23,531,31875,9,0,13.746,13.746,1.5273,1650.0,2.13,1.3,normal,169.7612
23,531,31890,3,0,6.39,6.39,2.13,1650.0,2.13,1.3,normal,176.1512
23,531,31905,6,1,12.78,12.78,2.13,1650.0,2.13,1.3,normal,188.9312
23,532,31920,5,1,8.615,8.615,1.723,1650.0,2.13,1.3,normal,197.5462
23,532,31935,7,0,14.91,14.91,2.13,1650.0,2.13,1.3,normal,212.4562
23,532,31950,3,0,1.6033,1.6033,0.5344,1650.0,2.13,1.3,normal,214.0595
23,532,31965,5,0,4.9487,4.9487,0.9897,1650.0,2.13,1.3,normal,219.0082
23,533,31980,7,2,19.39,9.695,2.77,1650.0,2.77,1.3,normal,238.3982
23,533,31995,8,1,0.2849,0.2849,0.0356,1650.0,2.77,1.3,normal,238.6831
23,533,32010,7,0,16.5268,16.5268,2.361,1650.0,2.77,1.3,normal,255.2099
23,533,32025,6,0,2.8758,2.8758,0.4793,1650.0,2.77,1.3,normal,258.0857
23,534,32040,8,0,10.4303,10.4303,1.3038,1650.0,2.77,1.3,normal,268.516
23,534,32055,1,0,2.77,2.77,2.77,1650.0,2.77,1.3,normal,271.286
23,534,32070,9,0,24.93,24.93,2.77,1650.0,2.77,1.3,normal,296.216
23,534,32085,8,1,16.6532,16.6532,2.0816,1650.0,2.77,1.3,normal,312.8692
23,535,32100,9,0,24.4347,24.4347,2.715,1650.0,3.05,1.3,normal,337.3039
23,535,32115,5,0,5.0458,5.0458,1.0092,1650.0,3.05,1.3,normal,342.3497
23,535,32130,6,0,0.5887,0.5887,0.0981,1650.0,3.05,1.3,normal,342.9384
23,535,32145,6,0,18.3,18.3,3.05,1650.0,3.05,1.3,normal,361.2384
23,536,32160,8,0,20.9857,20.9857,2.6232,1650.0,3.05,1.3,normal,382.2241
23,536,32175,6,0,18.3,18.3,3.05,1650.0,3.05,1.3,normal,400.5241
23,536,32190,7,1,21.35,21.35,3.05,1650.0,3.05,1.3,normal,421.8741
23,536,32205,4,0,2.5651,2.5651,0.6413,1650.0,3.05,1.3,normal,424.4392
23,537,32220,9,1,17.1462,17.1462,1.9051,1650.0,3.42,1.3,normal,441.5854
23,537,32235,9,0,7.7256,7.7256,0.8584,1650.0,3.42,1.3,normal,449.311
23,537,32250,10,0,27.1857,27.1857,2.7186,1650.0,3.42,1.3,normal,476.4967
23,537,32265,10,1,34.2,34.2,3.42,1650.0,3.42,1.3,normal,510.6967
23,538,32280,11,1,1.108,1.108,0.1007,1650.0,3.42,1.3,normal,511.8047
23,538,32295,7,0,1.3497,1.3497,0.1928,1650.0,3.42,1.3,normal,513.1544
23,538,32310,4,0,8.5345,8.5345,2.1336,1650.0,3.42,1.3,normal,521.6889
23,538,32325,5,0,17.1,17.1,3.42,1650.0,3.42,1.3,normal,538.7889
23,539,32340,14,2,62.3,31.15,4.45,1650.0,4.45,1.3,normal,601.0889
23,539,32355,13,1,10.2527,10.2527,0.7887,1650.0,4.45,1.3,normal,611.3416
23,539,32370,9,1,40.05,40.05,4.45,1650.0,4.45,1.3,normal,651.3916
23,539,32385,17,0,40.7487,40.7487,2.397,1650.0,4.45,1.3,normal,692.1403
23,540,32400,14,1,9.2578,9.2578,0.6613,1650.0,4.45,1.3,normal,701.3981
23,540,32415,12,0,31.0401,31.0401,2.5867,1650.0,4.45,1.3,normal,732.4382
23,540,32430,5,1,3.7539,3.7539,0.7508,1650.0,4.45,1.3,normal,736.1921
23,540,32445,16,1,30.6758,30.6758,1.9172,1650.0,4.45,1.3,normal,766.8679
23,541,32460,11,1,25.4793,25.4793,2.3163,1650.0,5.34,1.3,normal,792.3472
23,541,32475,13,0,69.42,69.42,5.34,1650.0,5.34,1.3,normal,861.7672
23,541,32490,11,0,8.9105,8.9105,0.81,1650.0,5.34,1.3,normal,870.6777
23,541,32505,16,0,52.057,52.057,3.2536,1650.0,5.34,1.3,normal,922.7347
23,542,32520,15,0,22.6843,22.6843,1.5123,1650.0,5.34,1.3,normal,945.419
23,542,32535,7,0,37.38,37.38,5.34,1650.0,5.34,1.3,normal,982.799
23,542,32550,12,0,26.1887,26.1887,2.1824,1650.0,5.34,1.3,normal,1008.9877
23,542,32565,14,0,22.2276,22.2276,1.5877,1650.0,5.34,1.3,normal,1031.2153
23,543,32580,22,1,132.9106,132.9106,6.0414,1650.0,6.41,1.3,normal,1164.1259
23,543,32595,12,0,45.9619,45.9619,3.8302,1650.0,6.41,1.3,normal,1210.0878
23,543,32610,22,0,27.4952,27.4952,1.2498,1650.0,6.41,1.3,normal,1237.583
23,543,32625,20,2,117.1165,58.5583,5.8558,1650.0,6.41,1.3,normal,1354.6995
23,544,32640,0,0,0.0,0.0,0.01,1650.0,0.01,1.3,normal,1354.6995
23,544,32655,0,0,0.0,0.0,0.01,1650.0,0.01,1.3,normal,1354.6995
23,544,32670,0,0,0.0,0.0,0.01,1650.0,0.01,1.3,normal,1354.6995
23,544,32685,0,0,0.0,0.0,0.01,1650.0,0.01,1.3,normal,1354.6995
23,545,32700,0,0,0.0,0.0,0.01,1650.0,0.01,1.3,normal,1354.6995
23,545,32715,0,0,0.0,0.0,0.01,1650.0,0.01,1.3,normal,1354.6995
23,545,32730,0,0,0.0,0.0,0.01,1650.0,0.01,1.3,normal,1354.6995
23,545,32745,0,0,0.0,0.0,0.01,1650.0,0.01,1.3,normal,1354.6995
23,546,32760,13,0,39.2919,39.2919,3.0225,1650.0,4.2,1.3,normal,1393.9914
23,546,32775,14,0,8.9914,8.9914,0.6422,1650.0,4.2,1.3,normal,1402.9828
23,546,32790,6,1,7.5545,7.5545,1.2591,1650.0,4.2,1.3,normal,1410.5373
23,546,32805,14,1,23.0304,23.0304,1.645,1650.0,4.2,1.3,normal,1433.5677
23,547,32820,8,0,33.6,33.6,4.2,1650.0,4.2,1.3,normal,1467.1677
23,547,32835,10,1,42.0,42.0,4.2,1650.0,4.2,1.3,budget_constrained,1509.1677
23,547,32850,15,1,32.872,32.872,2.1915,1650.0,4.2,1.3,budget_constrained,1542.0397
23,547,32865,9,0,29.1028,29.1028,3.2336,1650.0,4.2,1.3,budget_constrained,1571.1425
23,548,32880,10,2,13.2338,6.6169,1.3234,1650.0,4.2,1.3,budget_constrained,1584.3763
23,548,32895,12,1,50.4,50.4,4.2,1650.0,4.2,1.3,budget_constrained,1634.7763
23,548,32910,3,0,15.2237,15.2237,4.2,1650.0,4.2,1.3,budget_depleted,1650.0
23,548,32925,0,0,0.0,0.0,0.0,1650.0,4.2,1.3,budget_depleted,1650.0
23,549,32940,0,0,0.0,0.0,0.0,1650.0,4.2,1.3,budget_depleted,1650.0
23,549,32955,0,0,0.0,0.0,0.0,1650.0,4.2,1.3,budget_depleted,1650.0
23,549,32970,0,0,0.0,0.0,0.0,1650.0,4.2,1.3,budget_depleted,1650.0
23,549,32985,0,0,0.0,0.0,0.0,1650.0,4.2,1.3,budget_depleted,1650.0
23,550,33000,0,0,0.0,0.0,0.0,1650.0,4.2,1.3,budget_depleted,1650.0
23,550,33015,0,0,0.0,0.0,0.0,1650.0,4.2,1.3,budget_depleted,1650.0
23,550,33030,0,0,0.0,0.0,0.0,1650.0,4.2,1.3,budget_depleted,1650.0
23,550,33045,0,0,0.0,0.0,0.0,1650.0,4.2,1.3,budget_depleted,1650.0
23,551,33060,0,0,0.0,0.0,0.0,1650.0,2.31,1.3,budget_depleted,1650.0
23,551,33075,0,0,0.0,0.0,0.0,1650.0,2.31,1.3,budget_depleted,1650.0
23,551,33090,0,0,0.0,0.0,0.0,1650.0,2.31,1.3,budget_depleted,1650.0
23,551,33105,0,0,0.0,0.0,0.0,1650.0,2.31,1.3,budget_depleted,1650.0
24,552,33120,0,0,0.0,0.0,0.0,1650.0,2.31,1.3,normal,0.0
24,552,33135,6,0,11.6485,11.6485,1.9414,1650.0,2.31,1.3,normal,11.6485
24,552,33150,4,0,0.332,0.332,0.083,1650.0,2.31,1.3,normal,11.9805
24,552,33165,12,1,3.6001,3.6001,0.3,1650.0,2.31,1.3,normal,15.5806
24,553,33180,7,0,16.17,16.17,2.31,1650.0,2.31,1.3,normal,31.7506
24,553,33195,7,0,12.5143,12.5143,1.7878,1650.0,2.31,1.3,normal,44.2649
24,553,33210,8,0,18.48,18.48,2.31,1650.0,2.31,1.3,normal,62.7449
24,553,33225,6,1,2.0136,2.0136,0.3356,1650.0,2.31,1.3,normal,64.7585
24,554,33240,2,0,1.6044,1.6044,0.8022,1650.0,2.31,1.3,normal,66.3629
24,554,33255,6,0,13.86,13.86,2.31,1650.0,2.31,1.3,normal,80.2229
24,554,33270,5,0,11.55,11.55,2.31,1650.0,2.31,1.3,normal,91.7729
24,554,33285,6,0,1.3113,1.3113,0.2185,1650.0,2.31,1.3,normal,93.0842
24,555,33300,5,0,2.7106,2.7106,0.5421,1650.0,3.0,1.3,normal,95.7948
24,555,33315,5,0,5.5331,5.5331,1.1066,1650.0,3.0,1.3,normal,101.3279
24,555,33330,6,0,1.4183,1.4183,0.2364,1650.0,3.0,1.3,normal,102.7462
24,555,33345,1,0,3.0,3.0,3.0,1650.0,3.0,1.3,normal,105.7462
24,556,33360,10,1,17.6842,17.6842,1.7684,1650.0,3.0,1.3,normal,123.4304
24,556,33375,9,1,22.8872,22.8872,2.543,1650.0,3.0,1.3,normal,146.3176
24,556,33390,6,0,18.0,18.0,3.0,1650.0,3.0,1.3,normal,164.3176
24,556,33405,6,1,11.2993,11.2993,1.8832,1650.0,3.0,1.3,normal,175.6169
24,557,33420,9,1,11.112,11.112,1.2347,1650.0,3.3,1.3,normal,186.7289
24,557,33435,3,0,5.4452,5.4452,1.8151,1650.0,3.3,1.3,normal,192.1741
24,557,33450,8,0,14.3041,14.3041,1.788,1650.0,3.3,1.3,normal,206.4782
24,557,33465,15,0,49.5,49.5,3.3,1650.0,3.3,1.3,normal,255.9782
24,558,33480,5,1,16.5,16.5,3.3,1650.0,3.3,1.3,normal,272.4782
24,558,33495,9,0,29.4373,29.4373,3.2708,1650.0,3.3,1.3,normal,301.9155
24,558,33510,11,0,34.659,34.659,3.1508,1650.0,3.3,1.3,normal,336.5745
24,558,33525,9,0,8.3352,8.3352,0.9261,1650.0,3.3,1.3,normal,344.9097
24,559,33540,9,0,14.1278,14.1278,1.5698,1650.0,3.96,1.3,normal,359.0375
24,559,33555,14,0,5.1312,5.1312,0.3665,1650.0,3.96,1.3,normal,364.1687
24,559,33570,11,0,43.56,43.56,3.96,1650.0,3.96,1.3,normal,407.7287
24,559,33585,9,0,4.6355,4.6355,0.5151,1650.0,3.96,1.3,normal,412.3642
24,560,33600,14,0,34.0313,34.0313,2.4308,1650.0,3.96,1.3,normal,446.3955
24,560,33615,7,0,14.0185,14.0185,2.0026,1650.0,3.96,1.3,normal,460.414
24,560,33630,9,0,26.7631,26.7631,2.9737,1650.0,3.96,1.3,normal,487.1771
24,560,33645,7,0,17.2874,17.2874,2.4696,1650.0,3.96,1.3,normal,504.4645
24,561,33660,14,1,10.0224,10.0224,0.7159,1650.0,4.44,1.3,normal,514.4869
24,561,33675,15,1,66.6,66.6,4.44,1650.0,4.44,1.3,normal,581.0869
24,561,33690,10,0,37.0048,37.0048,3.7005,1650.0,4.44,1.3,normal,618.0917
24,561,33705,9,0,26.3153,26.3153,2.9239,1650.0,4.44,1.3,normal,644.407
24,562,33720,13,0,19.76,19.76,1.52,1650.0,4.44,1.3,normal,664.167
24,562,33735,4,0,1.6426,1.6426,0.4107,1650.0,4.44,1.3,normal,665.8096
24,562,33750,9,0,5.4399,5.4399,0.6044,1650.0,4.44,1.3,normal,671.2495
24,562,33765,6,0,3.0831,3.0831,0.5138,1650.0,4.44,1.3,normal,674.3326
24,563,33780,12,1,47.3948,47.3948,3.9496,1650.0,4.58,1.3,normal,721.7274
24,563,33795,8,0,22.5159,22.5159,2.8145,1650.0,4.58,1.3,normal,744.2433
24,563,33810,10,0,11.3482,11.3482,1.1348,1650.0,4.58,1.3,normal,755.5915
24,563,33825,10,0,14.5532,14.5532,1.4553,1650.0,4.58,1.3,normal,770.1447
24,564,33840,17,1,73.7286,73.7286,4.337,1650.0,4.58,1.3,normal,843.8733
24,564,33855,5,0,14.622,14.622,2.9244,1650.0,4.58,1.3,normal,858.4953
24,564,33870,8,0,34.7315,34.7315,4.3414,1650.0,4.58,1.3,normal,893.2268
24,564,33885,10,0,15.9895,15.9895,1.599,1650.0,4.58,1.3,normal,909.2163
24,565,33900,18,0,99.0,99.0,5.5,1650.0,5.5,1.3,normal,1008.2163
24,565,33915,15,1,38.7524,38.7524,2.5835,1650.0,5.5,1.3,normal,1046.9687
24,565,33930,13,2,58.2787,29.1393,4.483,1650.0,5.5,1.3,normal,1105.2474
24,565,33945,13,0,33.187,33.187,2.5528,1650.0,5.5,1.3,normal,1138.4344
24,566,33960,14,0,63.9121,63.9121,4.5651,1650.0,5.5,1.3,normal,1202.3465
24,566,33975,14,1,45.1695,45.1695,3.2264,1650.0,5.5,1.3,normal,1247.516
24,566,33990,17,0,41.405,41.405,2.4356,1650.0,5.5,1.3,normal,1288.921
24,566,34005,8,1,35.987,35.987,4.4984,1650.0,5.5,1.3,normal,1324.908
24,567,34020,15,0,82.9273,82.9273,5.5285,1650.0,6.6,1.3,normal,1407.8353
24,567,34035,13,1,6.0929,6.0929,0.4687,1650.0,6.6,1.3,normal,1413.9282
24,567,34050,13,0,31.9819,31.9819,2.4601,1650.0,6.6,1.3,normal,1445.9101
24,567,34065,15,1,4.4469,4.4469,0.2965,1650.0,6.6,1.3,normal,1450.357
24,568,34080,0,0,0.0,0.0,0.01,1650.0,0.01,1.3,normal,1450.357
24,568,34095,0,0,0.0,0.0,0.01,1650.0,0.01,1.3,normal,1450.357
24,568,34110,0,0,0.0,0.0,0.01,1650.0,0.01,1.3,normal,1450.357
24,568,34125,0,0,0.0,0.0,0.01,1650.0,0.01,1.3,normal,1450.357
24,569,34140,0,0,0.0,0.0,0.01,1650.0,0.01,1.3,normal,1450.357
24,569,34155,0,0,0.0,0.0,0.01,1650.0,0.01,1.3,normal,1450.357
24,569,34170,0,0,0.0,0.0,0.01,1650.0,0.01,1.3,normal,1450.357
24,569,34185,0,0,0.0,0.0,0.01,1650.0,0.01,1.3,normal,1450.357
24,570,34200,15,0,8.5976,8.5976,0.5732,1650.0,4.2,1.3,normal,1458.9546
24,570,34215,7,0,12.3599,12.3599,1.7657,1650.0,4.2,1.3,normal,1471.3145
24,570,34230,12,1,45.6042,45.6042,3.8004,1650.0,4.2,1.3,budget_constrained,1516.9187
24,570,34245,12,0,50.4,50.4,4.2,1650.0,4.2,1.3,budget_constrained,1567.3187
24,571,34260,4,0,0.2481,0.2481,0.062,1650.0,4.2,1.3,budget_constrained,1567.5668
24,571,34275,10,2,26.4218,13.2109,2.6422,1650.0,4.2,1.3,budget_constrained,1593.9886
24,571,34290,9,0,13.7344,13.7344,1.526,1650.0,4.2,1.3,budget_constrained,1607.723
24,571,34305,8,0,5.4391,5.4391,0.6799,1650.0,4.2,1.3,budget_constrained,1613.1621
24,572,34320,20,1,23.932,23.932,1.1966,1650.0,4.2,1.3,budget_constrained,1637.0941
24,572,34335,4,0,0.7657,0.7657,0.1914,1650.0,4.2,1.3,budget_constrained,1637.8598
24,572,34350,5,0,12.1402,12.1402,2.258,1650.0,4.2,1.3,budget_depleted,1650.0
24,572,34365,0,0,0.0,0.0,0.0,1650.0,4.2,1.3,budget_depleted,1650.0
24,573,34380,0,0,0.0,0.0,0.0,1650.0,4.2,1.3,budget_depleted,1650.0
24,573,34395,0,0,0.0,0.0,0.0,1650.0,4.2,1.3,budget_depleted,1650.0
24,573,34410,0,0,0.0,0.0,0.0,1650.0,4.2,1.3,budget_depleted,1650.0
24,573,34425,0,0,0.0,0.0,0.0,1650.0,4.2,1.3,budget_depleted,1650.0
24,574,34440,0,0,0.0,0.0,0.0,1650.0,4.2,1.3,budget_depleted,1650.0
24,574,34455,0,0,0.0,0.0,0.0,1650.0,4.2,1.3,budget_depleted,1650.0
24,574,34470,0,0,0.0,0.0,0.0,1650.0,4.2,1.3,budget_depleted,1650.0
24,574,34485,0,0,0.0,0.0,0.0,1650.0,4.2,1.3,budget_depleted,1650.0
24,575,34500,0,0,0.0,0.0,0.0,1650.0,2.31,1.3,budget_depleted,1650.0
24,575,34515,0,0,0.0,0.0,0.0,1650.0,2.31,1.3,budget_depleted,1650.0
24,575,34530,0,0,0.0,0.0,0.0,1650.0,2.31,1.3,budget_depleted,1650.0
24,575,34545,0,0,0.0,0.0,0.0,1650.0,2.31,1.3,budget_depleted,1650.0
25,576,34560,0,0,0.0,0.0,0.0,1650.0,0.01,1.3,normal,0.0
25,576,34575,0,0,0.0,0.0,0.01,1650.0,0.01,1.3,normal,0.0
25,576,34590,0,0,0.0,0.0,0.01,1650.0,0.01,1.3,normal,0.0
25,576,34605,0,0,0.0,0.0,0.01,1650.0,0.01,1.3,normal,0.0
25,577,34620,0,0,0.0,0.0,0.01,1650.0,0.01,1.3,normal,0.0
25,577,34635,0,0,0.0,0.0,0.01,1650.0,0.01,1.3,normal,0.0
25,577,34650,0,0,0.0,0.0,0.01,1650.0,0.01,1.3,normal,0.0
25,577,34665,0,0,0.0,0.0,0.01,1650.0,0.01,1.3,normal,0.0
25,578,34680,14,0,15.0173,15.0173,1.0727,1650.0,4.2,1.3,normal,15.0173
25,578,34695,13,0,54.6,54.6,4.2,1650.0,4.2,1.3,normal,69.6173
25,578,34710,12,2,32.9635,16.4818,2.747,1650.0,4.2,1.3,normal,102.5808
25,578,34725,14,0,58.8,58.8,4.2,1650.0,4.2,1.3,normal,161.3808
25,579,34740,11,0,46.2,46.2,4.2,1650.0,4.2,1.3,normal,207.5808
25,579,34755,10,1,37.6552,37.6552,3.7655,1650.0,4.2,1.3,normal,245.236
25,579,34770,15,0,24.4836,24.4836,1.6322,1650.0,4.2,1.3,normal,269.7196
25,579,34785,11,0,42.1096,42.1096,3.8281,1650.0,4.2,1.3,normal,311.8292
25,580,34800,13,1,23.0767,23.0767,1.7751,1650.0,4.2,1.3,normal,334.9059
25,580,34815,5,0,3.6681,3.6681,0.7336,1650.0,4.2,1.3,normal,338.574
25,580,34830,12,0,50.4,50.4,4.2,1650.0,4.2,1.3,normal,388.974
25,580,34845,11,1,30.1329,30.1329,2.7394,1650.0,4.2,1.3,normal,419.1069
25,581,34860,12,1,8.366,8.366,0.6972,1650.0,5.46,1.3,normal,427.4729
25,581,34875,13,1,32.4818,32.4818,2.4986,1650.0,5.46,1.3,normal,459.9547
25,581,34890,12,0,56.7062,56.7062,4.7255,1650.0,5.46,1.3,normal,516.6609
25,581,34905,14,0,52.4143,52.4143,3.7439,1650.0,5.46,1.3,normal,569.0752
25,582,34920,0,0,0.0,0.0,0.01,1650.0,0.01,1.3,normal,569.0752
25,582,34935,0,0,0.0,0.0,0.01,1650.0,0.01,1.3,normal,569.0752
25,582,34950,0,0,0.0,0.0,0.01,1650.0,0.01,1.3,normal,569.0752
25,582,34965,0,0,0.0,0.0,0.01,1650.0,0.01,1.3,normal,569.0752
25,583,34980,0,0,0.0,0.0,0.01,1650.0,0.01,1.3,normal,569.0752
25,583,34995,0,0,0.0,0.0,0.01,1650.0,0.01,1.3,normal,569.0752
25,583,35010,0,0,0.0,0.0,0.01,1650.0,0.01,1.3,normal,569.0752
25,583,35025,0,0,0.0,0.0,0.01,1650.0,0.01,1.3,normal,569.0752
25,584,35040,10,0,42.0,42.0,4.2,1650.0,4.2,1.3,normal,611.0752
25,584,35055,8,1,2.5583,2.5583,0.3198,1650.0,4.2,1.3,normal,613.6335
25,584,35070,9,1,17.8304,17.8304,1.9812,1650.0,4.2,1.3,normal,631.4639
25,584,35085,12,1,10.5609,10.5609,0.8801,1650.0,4.2,1.3,normal,642.0248
25,585,35100,17,0,62.6999,62.6999,3.6882,1650.0,4.2,1.3,normal,704.7247
25,585,35115,3,0,2.7598,2.7598,0.9199,1650.0,4.2,1.3,normal,707.4845
25,585,35130,11,1,5.5727,5.5727,0.5066,1650.0,4.2,1.3,normal,713.0572
25,585,35145,7,0,20.4004,20.4004,2.9143,1650.0,4.2,1.3,normal,733.4576
25,586,35160,16,2,1.7362,0.8681,0.1085,1650.0,4.2,1.3,normal,735.1938
25,586,35175,15,0,60.0274,60.0274,4.0018,1650.0,4.2,1.3,normal,795.2212
25,586,35190,6,0,13.1342,13.1342,2.189,1650.0,4.2,1.3,normal,808.3554
25,586,35205,15,0,63.0,63.0,4.2,1650.0,4.2,1.3,normal,871.3554
25,587,35220,8,1,20.1268,20.1268,2.5159,1650.0,5.04,1.3,normal,891.4822
25,587,35235,11,0,10.9617,10.9617,0.9965,1650.0,5.04,1.3,normal,902.4439
25,587,35250,18,0,58.325,58.325,3.2403,1650.0,5.04,1.3,normal,960.7689
25,587,35265,9,0,22.746,22.746,2.5273,1650.0,5.04,1.3,normal,983.5149
25,588,35280,14,0,70.56,70.56,5.04,1650.0,5.04,1.3,normal,1054.0749
25,588,35295,23,2,115.92,57.96,5.04,1650.0,5.04,1.3,normal,1169.9949
25,588,35310,12,2,56.829,28.4145,4.7358,1650.0,5.04,1.3,normal,1226.8239
25,588,35325,9,0,37.6043,37.6043,4.1783,1650.0,5.04,1.3,normal,1264.4282
25,589,35340,12,0,26.8792,26.8792,2.2399,1650.0,5.54,1.3,normal,1291.3074
25,589,35355,13,1,42.2017,42.2017,3.2463,1650.0,5.54,1.3,normal,1333.5091
25,589,35370,12,0,36.0421,36.0421,3.0035,1650.0,5.54,1.3,normal,1369.5512
25,589,35385,13,0,17.8587,17.8587,1.3737,1650.0,5.54,1.3,normal,1387.4099
25,590,35400,20,1,20.6443,20.6443,1.0322,1650.0,5.54,1.3,normal,1408.0542
25,590,35415,7,0,15.1091,15.1091,2.1584,1650.0,5.54,1.3,normal,1423.1633
25,590,35430,12,0,60.5796,60.5796,5.0483,1650.0,5.54,1.3,normal,1483.7429
25,590,35445,16,1,86.4853,86.4853,5.4053,1650.0,5.54,1.3,budget_constrained,1570.2282
25,591,35460,17,0,53.8659,53.8659,3.1686,1650.0,6.65,1.3,budget_constrained,1624.0941
25,591,35475,4,0,25.9059,25.9059,6.228,1650.0,6.65,1.3,budget_depleted,1650.0
25,591,35490,0,0,0.0,0.0,0.0,1650.0,6.65,1.3,budget_depleted,1650.0
25,591,35505,0,0,0.0,0.0,0.0,1650.0,6.65,1.3,budget_depleted,1650.0
25,592,35520,0,0,0.0,0.0,0.0,1650.0,7.32,1.3,budget_depleted,1650.0
25,592,35535,0,0,0.0,0.0,0.0,1650.0,7.32,1.3,budget_depleted,1650.0
25,592,35550,0,0,0.0,0.0,0.0,1650.0,7.32,1.3,budget_depleted,1650.0
25,592,35565,0,0,0.0,0.0,0.0,1650.0,7.32,1.3,budget_depleted,1650.0
25,593,35580,0,0,0.0,0.0,0.0,1650.0,7.28,1.3,budget_depleted,1650.0
25,593,35595,0,0,0.0,0.0,0.0,1650.0,7.28,1.3,budget_depleted,1650.0
25,593,35610,0,0,0.0,0.0,0.0,1650.0,7.28,1.3,budget_depleted,1650.0
25,593,35625,0,0,0.0,0.0,0.0,1650.0,7.28,1.3,budget_depleted,1650.0
25,594,35640,0,0,0.0,0.0,0.0,1650.0,7.32,1.3,budget_depleted,1650.0
25,594,35655,0,0,0.0,0.0,0.0,1650.0,7.32,1.3,budget_depleted,1650.0
25,594,35670,0,0,0.0,0.0,0.0,1650.0,7.32,1.3,budget_depleted,1650.0
25,594,35685,0,0,0.0,0.0,0.0,1650.0,7.32,1.3,budget_depleted,1650.0
25,595,35700,0,0,0.0,0.0,0.0,1650.0,7.56,1.3,budget_depleted,1650.0
25,595,35715,0,0,0.0,0.0,0.0,1650.0,7.56,1.3,budget_depleted,1650.0
25,595,35730,0,0,0.0,0.0,0.0,1650.0,7.56,1.3,budget_depleted,1650.0
25,595,35745,0,0,0.0,0.0,0.0,1650.0,7.56,1.3,budget_depleted,1650.0
25,596,35760,0,0,0.0,0.0,0.0,1650.0,7.56,1.3,budget_depleted,1650.0
25,596,35775,0,0,0.0,0.0,0.0,1650.0,7.56,1.3,budget_depleted,1650.0
25,596,35790,0,0,0.0,0.0,0.0,1650.0,7.56,1.3,budget_depleted,1650.0
25,596,35805,0,0,0.0,0.0,0.0,1650.0,7.56,1.3,budget_depleted,1650.0
25,597,35820,0,0,0.0,0.0,0.0,1650.0,9.83,1.3,budget_depleted,1650.0
25,597,35835,0,0,0.0,0.0,0.0,1650.0,9.83,1.3,budget_depleted,1650.0
25,597,35850,0,0,0.0,0.0,0.0,1650.0,9.83,1.3,budget_depleted,1650.0
25,597,35865,0,0,0.0,0.0,0.0,1650.0,9.83,1.3,budget_depleted,1650.0
25,598,35880,0,0,0.0,0.0,0.0,1650.0,9.83,1.3,budget_depleted,1650.0
25,598,35895,0,0,0.0,0.0,0.0,1650.0,9.83,1.3,budget_depleted,1650.0
25,598,35910,0,0,0.0,0.0,0.0,1650.0,9.83,1.3,budget_depleted,1650.0
25,598,35925,0,0,0.0,0.0,0.0,1650.0,9.83,1.3,budget_depleted,1650.0
25,599,35940,0,0,0.0,0.0,0.0,1650.0,4.16,1.3,budget_depleted,1650.0
25,599,35955,0,0,0.0,0.0,0.0,1650.0,4.16,1.3,budget_depleted,1650.0
25,599,35970,0,0,0.0,0.0,0.0,1650.0,4.16,1.3,budget_depleted,1650.0
25,599,35985,0,0,0.0,0.0,0.0,1650.0,4.16,1.3,budget_depleted,1650.0
26,600,36000,0,0,0.0,0.0,0.0,1650.0,4.16,1.3,normal,0.0
26,600,36015,9,0,19.9179,19.9179,2.2131,1650.0,4.16,1.3,normal,19.9179
26,600,36030,8,0,33.28,33.28,4.16,1650.0,4.16,1.3,normal,53.1979
26,600,36045,7,1,28.508,28.508,4.0726,1650.0,4.16,1.3,normal,81.7059
26,601,36060,9,1,23.1048,23.1048,2.5672,1650.0,4.16,1.3,normal,104.8107
26,601,36075,10,0,31.0402,31.0402,3.104,1650.0,4.16,1.3,normal,135.8509
26,601,36090,13,1,39.6828,39.6828,3.0525,1650.0,4.16,1.3,normal,175.5337
26,601,36105,10,0,30.1805,30.1805,3.018,1650.0,4.16,1.3,normal,205.7142
26,602,36120,9,0,4.1053,4.1053,0.4561,1650.0,4.16,1.3,normal,209.8195
26,602,36135,10,0,14.9567,14.9567,1.4957,1650.0,4.16,1.3,normal,224.7762
26,602,36150,7,0,2.9147,2.9147,0.4164,1650.0,4.16,1.3,normal,227.6909
26,602,36165,11,0,45.76,45.76,4.16,1650.0,4.16,1.3,normal,273.4509
26,603,36180,12,0,14.4522,14.4522,1.2044,1650.0,4.99,1.3,normal,287.9031
26,603,36195,8,0,13.5342,13.5342,1.6918,1650.0,4.99,1.3,normal,301.4373
26,603,36210,5,0,22.7348,22.7348,4.547,1650.0,4.99,1.3,normal,324.1721
26,603,36225,10,0,40.7522,40.7522,4.0752,1650.0,4.99,1.3,normal,364.9243
26,604,36240,12,0,45.1671,45.1671,3.7639,1650.0,4.99,1.3,normal,410.0914
26,604,36255,11,1,54.89,54.89,4.99,1650.0,4.99,1.3,normal,464.9814
26,604,36270,15,0,73.4325,73.4325,4.8955,1650.0,4.99,1.3,normal,538.4139
26,604,36285,13,0,64.87,64.87,4.99,1650.0,4.99,1.3,normal,603.2839
26,605,36300,15,1,54.1097,54.1097,3.6073,1650.0,5.59,1.3,normal,657.3936
26,605,36315,8,0,29.788,29.788,3.7235,1650.0,5.59,1.3,normal,687.1816
26,605,36330,11,0,16.5253,16.5253,1.5023,1650.0,5.59,1.3,normal,703.7069
26,605,36345,19,0,15.0526,15.0526,0.7922,1650.0,5.59,1.3,normal,718.7595
26,606,36360,18,0,71.9372,71.9372,3.9965,1650.0,5.59,1.3,normal,790.6967
26,606,36375,12,1,67.08,67.08,5.59,1650.0,5.59,1.3,normal,857.7767
26,606,36390,15,0,29.2348,29.2348,1.949,1650.0,5.59,1.3,normal,887.0115
26,606,36405,22,1,32.1253,32.1253,1.4602,1650.0,5.59,1.3,normal,919.1368
26,607,36420,11,0,29.3903,29.3903,2.6718,1650.0,6.15,1.3,normal,948.5271
26,607,36435,20,2,51.8644,25.9322,2.5932,1650.0,6.15,1.3,normal,1000.3915
26,607,36450,23,1,84.844,84.844,3.6889,1650.0,6.15,1.3,normal,1085.2355
26,607,36465,9,0,40.4517,40.4517,4.4946,1650.0,6.15,1.3,normal,1125.6872
26,608,36480,11,1,24.1876,24.1876,2.1989,1650.0,6.15,1.3,normal,1149.8748
26,608,36495,12,1,62.2795,62.2795,5.19,1650.0,6.15,1.3,normal,1212.1543
26,608,36510,11,0,41.1459,41.1459,3.7405,1650.0,6.15,1.3,normal,1253.3002
26,608,36525,18,1,110.7,110.7,6.15,1650.0,6.15,1.3,normal,1364.0002
26,609,36540,18,1,81.4841,81.4841,4.5269,1650.0,7.38,1.3,normal,1445.4843
26,609,36555,16,1,15.7952,15.7952,0.9872,1650.0,7.38,1.3,normal,1461.2795
26,609,36570,10,2,23.6296,11.8148,2.363,1650.0,7.38,1.3,normal,1484.9091
26,609,36585,15,0,104.5554,104.5554,6.9704,1650.0,7.38,1.3,budget_constrained,1589.4645
26,610,36600,0,0,0.0,0.0,0.01,1650.0,0.01,1.3,budget_constrained,1589.4645
26,610,36615,0,0,0.0,0.0,0.01,1650.0,0.01,1.3,budget_constrained,1589.4645
26,610,36630,0,0,0.0,0.0,0.01,1650.0,0.01,1.3,budget_constrained,1589.4645
26,610,36645,0,0,0.0,0.0,0.01,1650.0,0.01,1.3,budget_constrained,1589.4645
26,611,36660,0,0,0.0,0.0,0.01,1650.0,0.01,1.3,budget_constrained,1589.4645
26,611,36675,0,0,0.0,0.0,0.01,1650.0,0.01,1.3,budget_constrained,1589.4645
26,611,36690,0,0,0.0,0.0,0.01,1650.0,0.01,1.3,budget_constrained,1589.4645
26,611,36705,0,0,0.0,0.0,0.01,1650.0,0.01,1.3,budget_constrained,1589.4645
26,612,36720,7,0,29.4,29.4,4.2,1650.0,4.2,1.3,budget_constrained,1618.8645
26,612,36735,7,0,6.9363,6.9363,0.9909,1650.0,4.2,1.3,budget_constrained,1625.8008
26,612,36750,9,1,24.1992,24.1992,2.6162,1650.0,4.2,1.3,budget_depleted,1650.0
26,612,36765,0,0,0.0,0.0,0.0,1650.0,4.2,1.3,budget_depleted,1650.0
26,613,36780,0,0,0.0,0.0,0.0,1650.0,4.2,1.3,budget_depleted,1650.0
26,613,36795,0,0,0.0,0.0,0.0,1650.0,4.2,1.3,budget_depleted,1650.0
26,613,36810,0,0,0.0,0.0,0.0,1650.0,4.2,1.3,budget_depleted,1650.0
26,613,36825,0,0,0.0,0.0,0.0,1650.0,4.2,1.3,budget_depleted,1650.0
26,614,36840,0,0,0.0,0.0,0.0,1650.0,0.01,1.3,budget_depleted,1650.0
26,614,36855,0,0,0.0,0.0,0.0,1650.0,0.01,1.3,budget_depleted,1650.0
26,614,36870,0,0,0.0,0.0,0.0,1650.0,0.01,1.3,budget_depleted,1650.0
26,614,36885,0,0,0.0,0.0,0.0,1650.0,0.01,1.3,budget_depleted,1650.0
26,615,36900,0,0,0.0,0.0,0.0,1650.0,0.01,1.3,budget_depleted,1650.0
26,615,36915,0,0,0.0,0.0,0.0,1650.0,0.01,1.3,budget_depleted,1650.0
26,615,36930,0,0,0.0,0.0,0.0,1650.0,0.01,1.3,budget_depleted,1650.0
26,615,36945,0,0,0.0,0.0,0.0,1650.0,0.01,1.3,budget_depleted,1650.0
26,616,36960,0,0,0.0,0.0,0.0,1650.0,4.2,1.3,budget_depleted,1650.0
26,616,36975,0,0,0.0,0.0,0.0,1650.0,4.2,1.3,budget_depleted,1650.0
26,616,36990,0,0,0.0,0.0,0.0,1650.0,4.2,1.3,budget_depleted,1650.0
26,616,37005,0,0,0.0,0.0,0.0,1650.0,4.2,1.3,budget_depleted,1650.0
26,617,37020,0,0,0.0,0.0,0.0,1650.0,4.2,1.3,budget_depleted,1650.0
26,617,37035,0,0,0.0,0.0,0.0,1650.0,4.2,1.3,budget_depleted,1650.0
26,617,37050,0,0,0.0,0.0,0.0,1650.0,4.2,1.3,budget_depleted,1650.0
26,617,37065,0,0,0.0,0.0,0.0,1650.0,4.2,1.3,budget_depleted,1650.0
26,618,37080,0,0,0.0,0.0,0.0,1650.0,4.2,1.3,budget_depleted,1650.0
26,618,37095,0,0,0.0,0.0,0.0,1650.0,4.2,1.3,budget_depleted,1650.0
26,618,37110,0,0,0.0,0.0,0.0,1650.0,4.2,1.3,budget_depleted,1650.0
26,618,37125,0,0,0.0,0.0,0.0,1650.0,4.2,1.3,budget_depleted,1650.0
26,619,37140,0,0,0.0,0.0,0.0,1650.0,4.2,1.3,budget_depleted,1650.0
26,619,37155,0,0,0.0,0.0,0.0,1650.0,4.2,1.3,budget_depleted,1650.0
26,619,37170,0,0,0.0,0.0,0.0,1650.0,4.2,1.3,budget_depleted,1650.0
26,619,37185,0,0,0.0,0.0,0.0,1650.0,4.2,1.3,budget_depleted,1650.0
26,620,37200,0,0,0.0,0.0,0.0,1650.0,4.2,1.3,budget_depleted,1650.0
26,620,37215,0,0,0.0,0.0,0.0,1650.0,4.2,1.3,budget_depleted,1650.0
26,620,37230,0,0,0.0,0.0,0.0,1650.0,4.2,1.3,budget_depleted,1650.0
26,620,37245,0,0,0.0,0.0,0.0,1650.0,4.2,1.3,budget_depleted,1650.0
26,621,37260,0,0,0.0,0.0,0.0,1650.0,4.2,1.3,budget_depleted,1650.0
26,621,37275,0,0,0.0,0.0,0.0,1650.0,4.2,1.3,budget_depleted,1650.0
26,621,37290,0,0,0.0,0.0,0.0,1650.0,4.2,1.3,budget_depleted,1650.0
26,621,37305,0,0,0.0,0.0,0.0,1650.0,4.2,1.3,budget_depleted,1650.0
26,622,37320,0,0,0.0,0.0,0.0,1650.0,4.2,1.3,budget_depleted,1650.0
26,622,37335,0,0,0.0,0.0,0.0,1650.0,4.2,1.3,budget_depleted,1650.0
26,622,37350,0,0,0.0,0.0,0.0,1650.0,4.2,1.3,budget_depleted,1650.0
26,622,37365,0,0,0.0,0.0,0.0,1650.0,4.2,1.3,budget_depleted,1650.0
26,623,37380,0,0,0.0,0.0,0.0,1650.0,2.31,1.3,budget_depleted,1650.0
26,623,37395,0,0,0.0,0.0,0.0,1650.0,2.31,1.3,budget_depleted,1650.0
26,623,37410,0,0,0.0,0.0,0.0,1650.0,2.31,1.3,budget_depleted,1650.0
26,623,37425,0,0,0.0,0.0,0.0,1650.0,2.31,1.3,budget_depleted,1650.0
27,624,37440,0,0,0.0,0.0,0.0,1650.0,2.31,1.3,normal,0.0
27,624,37455,3,0,6.93,6.93,2.31,1650.0,2.31,1.3,normal,6.93
27,624,37470,3,0,4.7993,4.7993,1.5998,1650.0,2.31,1.3,normal,11.7293
27,624,37485,2,0,4.62,4.62,2.31,1650.0,2.31,1.3,normal,16.3493
27,625,37500,2,0,1.0656,1.0656,0.5328,1650.0,2.31,1.0,normal,17.4149
27,625,37515,5,1,1.4407,1.4407,0.2881,1650.0,2.31,1.0,normal,18.8556
27,625,37530,3,0,0.6907,0.6907,0.2302,1650.0,2.31,1.0,normal,19.5463
27,625,37545,11,0,25.41,25.41,2.31,1650.0,2.31,1.0,normal,44.9563
27,626,37560,5,0,10.4264,10.4264,2.0853,1650.0,2.31,1.0,normal,55.3827
27,626,37575,4,0,8.1562,8.1562,2.039,1650.0,2.31,1.0,normal,63.5389
27,626,37590,6,0,2.7925,2.7925,0.4654,1650.0,2.31,1.0,normal,66.3314
27,626,37605,8,1,16.0421,16.0421,2.0053,1650.0,2.31,1.0,normal,82.3735
27,627,37620,9,0,27.0,27.0,3.0,1650.0,3.0,1.0,normal,109.3735
27,627,37635,7,1,0.7253,0.7253,0.1036,1650.0,3.0,1.0,normal,110.0988
27,627,37650,7,0,21.0,21.0,3.0,1650.0,3.0,1.0,normal,131.0988
27,627,37665,8,0,11.7724,11.7724,1.4716,1650.0,3.0,1.0,normal,142.8712
27,628,37680,6,1,18.0,18.0,3.0,1650.0,3.0,1.0,normal,160.8712
27,628,37695,5,0,15.0,15.0,3.0,1650.0,3.0,1.0,normal,175.8712
27,628,37710,8,1,24.0,24.0,3.0,1650.0,3.0,1.0,normal,199.8712
27,628,37725,5,0,9.7951,9.7951,1.959,1650.0,3.0,1.0,normal,209.6663
27,629,37740,6,0,2.405,2.405,0.4008,1650.0,2.66,1.0,normal,212.0713
27,629,37755,9,0,23.94,23.94,2.66,1650.0,2.66,1.0,normal,236.0113
27,629,37770,4,0,4.5537,4.5537,1.1384,1650.0,2.66,1.0,normal,240.565
27,629,37785,12,0,31.92,31.92,2.66,1650.0,2.66,1.0,normal,272.485
27,630,37800,2,0,2.8909,2.8909,1.4454,1650.0,2.66,1.0,normal,275.3759
27,630,37815,6,0,2.5521,2.5521,0.4254,1650.0,2.66,1.0,normal,277.928
27,630,37830,7,0,18.62,18.62,2.66,1650.0,2.66,1.0,normal,296.548
27,630,37845,7,0,15.2159,15.2159,2.1737,1650.0,2.66,1.0,normal,311.7639
27,631,37860,13,0,31.4423,31.4423,2.4186,1650.0,2.98,1.0,normal,343.2062
27,631,37875,7,0,6.1535,6.1535,0.8791,1650.0,2.98,1.0,normal,349.3597
27,631,37890,9,0,19.0002,19.0002,2.1111,1650.0,2.98,1.0,normal,368.3599
27,631,37905,5,0,3.2911,3.2911,0.6582,1650.0,2.98,1.0,normal,371.651
27,632,37920,9,0,26.82,26.82,2.98,1650.0,2.98,1.0,normal,398.471
27,632,37935,9,0,10.4723,10.4723,1.1636,1650.0,2.98,1.0,normal,408.9433
27,632,37950,5,0,14.9,14.9,2.98,1650.0,2.98,1.0,normal,423.8433
27,632,37965,14,0,3.7737,3.7737,0.2695,1650.0,2.98,1.0,normal,427.617
27,633,37980,5,0,12.7459,12.7459,2.5492,1650.0,3.06,1.0,normal,440.3629
27,633,37995,7,0,12.3518,12.3518,1.7645,1650.0,3.06,1.0,normal,452.7147
27,633,38010,4,1,8.4075,8.4075,2.1019,1650.0,3.06,1.0,normal,461.1222
27,633,38025,4,0,10.2713,10.2713,2.5678,1650.0,3.06,1.0,normal,471.3935
27,634,38040,6,0,14.2103,14.2103,2.3684,1650.0,3.37,1.0,normal,485.6038
27,634,38055,9,0,27.4331,27.4331,3.0481,1650.0,3.37,1.0,normal,513.0369
27,634,38070,5,0,16.8295,16.8295,3.3659,1650.0,3.37,1.0,normal,529.8664
27,634,38085,5,0,16.85,16.85,3.37,1650.0,3.37,1.0,normal,546.7164
27,635,38100,9,0,15.0155,15.0155,1.6684,1650.0,3.37,1.0,normal,561.7319
27,635,38115,8,0,26.96,26.96,3.37,1650.0,3.37,1.0,normal,588.6919
27,635,38130,10,1,33.7,33.7,3.37,1650.0,3.37,1.0,normal,622.3919
27,635,38145,1,0,1.5124,1.5124,1.5124,1650.0,3.37,1.0,normal,623.9043
27,636,38160,8,0,29.6,29.6,3.7,1000.0,3.7,1.0,normal,653.5043
27,636,38175,9,0,32.8625,32.8625,3.6514,1000.0,3.7,1.0,normal,686.3668
27,636,38190,11,0,38.8926,38.8926,3.5357,1000.0,3.7,1.0,normal,725.2594
27,636,38205,8,0,29.6,29.6,3.7,1000.0,3.7,1.0,normal,754.8594
27,637,38220,7,0,25.9,25.9,3.7,1000.0,3.7,1.0,normal,780.7594
27,637,38235,4,0,7.9036,7.9036,1.9759,1000.0,3.7,1.0,normal,788.663
27,637,38250,12,0,4.5716,4.5716,0.381,1000.0,3.7,1.0,normal,793.2346
27,637,38265,11,0,37.3334,37.3334,3.3939,1000.0,3.7,1.0,normal,830.568
27,638,38280,3,0,7.7486,7.7486,2.5829,1000.0,3.7,1.0,normal,838.3166
27,638,38295,6,0,22.2,22.2,3.7,1000.0,3.7,1.0,normal,860.5166
27,638,38310,12,0,44.4,44.4,3.7,1000.0,3.7,1.0,budget_constrained,904.9166
27,638,38325,8,0,0.58,0.58,0.0725,1000.0,3.7,1.0,budget_constrained,905.4966
27,639,38340,7,0,3.9386,3.9386,0.5627,1000.0,3.33,1.0,budget_constrained,909.4352
27,639,38355,6,0,1.9051,1.9051,0.3175,1000.0,3.33,1.0,budget_constrained,911.3403
27,639,38370,7,3,22.4357,7.4786,3.2051,1000.0,3.33,1.0,budget_constrained,933.776
27,639,38385,9,0,0.0853,0.0853,0.0095,1000.0,3.33,1.0,budget_constrained,933.8613
27,640,38400,6,0,19.98,19.98,3.33,1000.0,3.33,1.0,budget_constrained,953.8413
27,640,38415,8,0,22.0617,22.0617,2.7577,1000.0,3.33,1.0,budget_constrained,975.903
27,640,38430,5,0,16.65,16.65,3.33,1000.0,3.33,1.0,budget_constrained,992.553
27,640,38445,2,0,7.447,7.447,2.913,1000.0,3.33,1.0,budget_depleted,1000.0
27,641,38460,0,0,0.0,0.0,0.0,1000.0,3.73,1.0,budget_depleted,1000.0
27,641,38475,0,0,0.0,0.0,0.0,1000.0,3.73,1.0,budget_depleted,1000.0
27,641,38490,0,0,0.0,0.0,0.0,1000.0,3.73,1.0,budget_depleted,1000.0
27,641,38505,0,0,0.0,0.0,0.0,1000.0,3.73,1.0,budget_depleted,1000.0
27,642,38520,0,0,0.0,0.0,0.0,1000.0,3.83,1.0,budget_depleted,1000.0
27,642,38535,0,0,0.0,0.0,0.0,1000.0,3.83,1.0,budget_depleted,1000.0
27,642,38550,0,0,0.0,0.0,0.0,1000.0,3.83,1.0,budget_depleted,1000.0
27,642,38565,0,0,0.0,0.0,0.0,1000.0,3.83,1.0,budget_depleted,1000.0
27,643,38580,0,0,0.0,0.0,0.0,1000.0,4.1,1.0,budget_depleted,1000.0
27,643,38595,0,0,0.0,0.0,0.0,1000.0,4.1,1.0,budget_depleted,1000.0
27,643,38610,0,0,0.0,0.0,0.0,1000.0,4.1,1.0,budget_depleted,1000.0
27,643,38625,0,0,0.0,0.0,0.0,1000.0,4.1,1.0,budget_depleted,1000.0
27,644,38640,0,0,0.0,0.0,0.0,1000.0,4.1,1.0,budget_depleted,1000.0
27,644,38655,0,0,0.0,0.0,0.0,1000.0,4.1,1.0,budget_depleted,1000.0
27,644,38670,0,0,0.0,0.0,0.0,1000.0,4.1,1.0,budget_depleted,1000.0
27,644,38685,0,0,0.0,0.0,0.0,1000.0,4.1,1.0,budget_depleted,1000.0
27,645,38700,0,0,0.0,0.0,0.0,1000.0,1.15,1.0,budget_depleted,1000.0
27,645,38715,0,0,0.0,0.0,0.0,1000.0,1.15,1.0,budget_depleted,1000.0
27,645,38730,0,0,0.0,0.0,0.0,1000.0,1.15,1.0,budget_depleted,1000.0
27,645,38745,0,0,0.0,0.0,0.0,1000.0,1.15,1.0,budget_depleted,1000.0
27,646,38760,0,0,0.0,0.0,0.0,1000.0,1.15,1.0,budget_depleted,1000.0
27,646,38775,0,0,0.0,0.0,0.0,1000.0,1.15,1.0,budget_depleted,1000.0
27,646,38790,0,0,0.0,0.0,0.0,1000.0,1.15,1.0,budget_depleted,1000.0
27,646,38805,0,0,0.0,0.0,0.0,1000.0,1.15,1.0,budget_depleted,1000.0
27,647,38820,0,0,0.0,0.0,0.0,1000.0,1.06,1.0,budget_depleted,1000.0
27,647,38835,0,0,0.0,0.0,0.0,1000.0,1.06,1.0,budget_depleted,1000.0
27,647,38850,0,0,0.0,0.0,0.0,1000.0,1.06,1.0,budget_depleted,1000.0
27,647,38865,0,0,0.0,0.0,0.0,1000.0,1.06,1.0,budget_depleted,1000.0
28,648,38880,0,0,0.0,0.0,0.0,1000.0,1.06,1.0,normal,0.0
28,648,38895,3,0,3.141,3.141,1.047,1000.0,1.06,1.0,normal,3.141
28,648,38910,1,0,0.2054,0.2054,0.2054,1000.0,1.06,1.0,normal,3.3464
28,648,38925,2,0,0.9542,0.9542,0.4771,1000.0,1.06,1.0,normal,4.3006
28,649,38940,2,0,1.6,1.6,0.8,1000.0,0.8,1.0,normal,5.9006
28,649,38955,2,0,1.6,1.6,0.8,1000.0,0.8,1.0,normal,7.5006
28,649,38970,2,0,0.5516,0.5516,0.2758,1000.0,0.8,1.0,normal,8.0522
28,649,38985,3,0,2.4,2.4,0.8,1000.0,0.8,1.0,normal,10.4522
28,650,39000,4,0,3.2,3.2,0.8,1000.0,0.8,1.0,normal,13.6522
28,650,39015,5,0,4.0,4.0,0.8,1000.0,0.8,1.0,normal,17.6522
28,650,39030,1,0,0.8,0.8,0.8,1000.0,0.8,1.0,normal,18.4522
28,650,39045,5,0,4.0,4.0,0.8,1000.0,0.8,1.0,normal,22.4522
28,651,39060,1,0,0.8,0.8,0.8,1000.0,0.8,1.0,normal,23.2522
28,651,39075,2,1,1.6,1.6,0.8,1000.0,0.8,1.0,normal,24.8522
28,651,39090,1,1,0.8,0.8,0.8,1000.0,0.8,1.0,normal,25.6522
28,651,39105,0,0,0.0,0.0,0.8,1000.0,0.8,1.0,normal,25.6522
28,652,39120,6,0,6.24,6.24,1.04,1000.0,1.04,1.0,normal,31.8922
28,652,39135,2,0,0.6617,0.6617,0.3308,1000.0,1.04,1.0,normal,32.5539
28,652,39150,2,0,2.08,2.08,1.04,1000.0,1.04,1.0,normal,34.6339
28,652,39165,4,1,4.16,4.16,1.04,1000.0,1.04,1.0,normal,38.7939
28,653,39180,4,0,4.16,4.16,1.04,1000.0,1.04,1.0,normal,42.9539
28,653,39195,3,0,2.2439,2.2439,0.748,1000.0,1.04,1.0,normal,45.1978
28,653,39210,2,0,0.5636,0.5636,0.2818,1000.0,1.04,1.0,normal,45.7614
28,653,39225,1,0,1.04,1.04,1.04,1000.0,1.04,1.0,normal,46.8014
28,654,39240,4,0,0.7717,0.7717,0.1929,1000.0,1.04,1.0,normal,47.5731
28,654,39255,1,0,1.04,1.04,1.04,1000.0,1.04,1.0,normal,48.6131
28,654,39270,4,1,4.16,4.16,1.04,1000.0,1.04,1.0,normal,52.7731
28,654,39285,4,0,4.16,4.16,1.04,1000.0,1.04,1.0,normal,56.9331
28,655,39300,3,0,3.12,3.12,1.04,1000.0,1.04,1.0,normal,60.0531
28,655,39315,2,0,2.08,2.08,1.04,1000.0,1.04,1.0,normal,62.1331
28,655,39330,4,0,4.16,4.16,1.04,1000.0,1.04,1.0,normal,66.2931
28,655,39345,2,0,2.08,2.08,1.04,1000.0,1.04,1.0,normal,68.3731
28,656,39360,2,0,2.08,2.08,1.04,1000.0,1.04,1.0,normal,70.4531
28,656,39375,1,0,1.04,1.04,1.04,1000.0,1.04,1.0,normal,71.4931
28,656,39390,4,0,4.16,4.16,1.04,1000.0,1.04,1.0,normal,75.6531
28,656,39405,3,1,3.12,3.12,1.04,1000.0,1.04,1.0,normal,78.7731
28,657,39420,1,0,1.08,1.08,1.08,1000.0,1.08,1.0,normal,79.8531
28,657,39435,2,0,2.16,2.16,1.08,1000.0,1.08,1.0,normal,82.0131
28,657,39450,4,0,3.9109,3.9109,0.9777,1000.0,1.08,1.0,normal,85.924
28,657,39465,5,0,5.4,5.4,1.08,1000.0,1.08,1.0,normal,91.324
28,658,39480,4,0,4.48,4.48,1.12,1000.0,1.12,1.0,normal,95.804
28,658,39495,2,0,2.24,2.24,1.12,1000.0,1.12,1.0,normal,98.044
28,658,39510,4,0,4.48,4.48,1.12,1000.0,1.12,1.0,normal,102.524
28,658,39525,3,0,3.36,3.36,1.12,1000.0,1.12,1.0,normal,105.884
28,659,39540,1,0,1.16,1.16,1.16,1000.0,1.16,1.0,normal,107.044
28,659,39555,3,0,1.8536,1.8536,0.6179,1000.0,1.16,1.0,normal,108.8976
28,659,39570,2,0,2.32,2.32,1.16,1000.0,1.16,1.0,normal,111.2176
28,659,39585,5,0,5.8,5.8,1.16,1000.0,1.16,1.0,normal,117.0176
28,660,39600,3,0,3.48,3.48,1.16,1000.0,1.16,1.0,normal,120.4976
28,660,39615,0,0,0.0,0.0,1.16,1000.0,1.16,1.0,normal,120.4976
28,660,39630,2,0,2.32,2.32,1.16,1000.0,1.16,1.0,normal,122.8176
28,660,39645,2,0,2.32,2.32,1.16,1000.0,1.16,1.0,normal,125.1376
28,661,39660,3,0,0.5882,0.5882,0.1961,1000.0,1.21,1.0,normal,125.7258
28,661,39675,2,0,2.42,2.42,1.21,1000.0,1.21,1.0,normal,128.1458
28,661,39690,7,0,8.47,8.47,1.21,1000.0,1.21,1.0,normal,136.6158
28,661,39705,4,0,4.84,4.84,1.21,1000.0,1.21,1.0,normal,141.4558
28,662,39720,5,1,3.5329,3.5329,0.7066,1000.0,1.25,1.0,normal,144.9887
28,662,39735,1,0,0.1022,0.1022,0.1022,1000.0,1.25,1.0,normal,145.0909
28,662,39750,2,0,2.5,2.5,1.25,1000.0,1.25,1.0,normal,147.5909
28,662,39765,2,0,2.5,2.5,1.25,1000.0,1.25,1.0,normal,150.0909
28,663,39780,5,0,6.5,6.5,1.3,1000.0,1.3,1.0,normal,156.5909
28,663,39795,3,0,1.8202,1.8202,0.6067,1000.0,1.3,1.0,normal,158.4111
28,663,39810,2,0,2.6,2.6,1.3,1000.0,1.3,1.0,normal,161.0111
28,663,39825,4,0,5.2,5.2,1.3,1000.0,1.3,1.0,normal,166.2111
28,664,39840,4,0,5.2,5.2,1.3,1000.0,1.3,1.0,normal,171.4111
28,664,39855,3,0,3.9,3.9,1.3,1000.0,1.3,1.0,normal,175.3111
28,664,39870,2,0,2.6,2.6,1.3,1000.0,1.3,1.0,normal,177.9111
28,664,39885,4,0,5.2,5.2,1.3,1000.0,1.3,1.0,normal,183.1111
28,665,39900,4,0,5.36,5.36,1.34,1000.0,1.34,1.0,normal,188.4711
28,665,39915,0,0,0.0,0.0,0.7525,1000.0,1.34,1.0,normal,188.4711
28,665,39930,2,0,2.68,2.68,1.34,1000.0,1.34,1.0,normal,191.1511
28,665,39945,3,0,2.3425,2.3425,0.7808,1000.0,1.34,1.0,normal,193.4936
28,666,39960,5,0,6.95,6.95,1.39,1000.0,1.39,1.0,normal,200.4436
28,666,39975,4,1,2.5214,2.5214,0.6303,1000.0,1.39,1.0,normal,202.965
28,666,39990,8,0,11.12,11.12,1.39,1000.0,1.39,1.0,normal,214.085
28,666,40005,4,0,5.56,5.56,1.39,1000.0,1.39,1.0,normal,219.645
28,667,40020,4,0,0.5965,0.5965,0.1491,1000.0,1.43,1.0,normal,220.2415
28,667,40035,3,0,4.1594,4.1594,1.3865,1000.0,1.43,1.0,normal,224.4009
28,667,40050,4,0,5.72,5.72,1.43,1000.0,1.43,1.0,normal,230.1209
28,667,40065,2,0,0.0035,0.0035,0.0018,1000.0,1.43,1.0,normal,230.1244
28,668,40080,1,0,1.43,1.43,1.43,1000.0,1.43,1.0,normal,231.5544
28,668,40095,3,0,1.8598,1.8598,0.6199,1000.0,1.43,1.0,normal,233.4142
28,668,40110,5,0,3.3183,3.3183,0.6637,1000.0,1.43,1.0,normal,236.7325
28,668,40125,2,0,1.492,1.492,0.746,1000.0,1.43,1.0,normal,238.2245
28,669,40140,5,0,1.3818,1.3818,0.2764,1000.0,1.49,1.0,normal,239.6063
28,669,40155,4,0,2.3692,2.3692,0.5923,1000.0,1.49,1.0,normal,241.9755
28,669,40170,3,0,3.5018,3.5018,1.1673,1000.0,1.49,1.0,normal,245.4773
28,669,40185,4,0,5.96,5.96,1.49,1000.0,1.49,1.0,normal,251.4373
28,670,40200,6,1,9.24,9.24,1.54,1000.0,1.54,1.0,normal,260.6773
28,670,40215,1,0,1.54,1.54,1.54,1000.0,1.54,1.0,normal,262.2173
28,670,40230,5,0,7.7,7.7,1.54,1000.0,1.54,1.0,normal,269.9173
28,670,40245,2,0,3.08,3.08,1.54,1000.0,1.54,1.0,normal,272.9973
28,671,40260,7,0,2.1194,2.1194,0.3028,1000.0,1.6,1.0,normal,275.1167
28,671,40275,4,0,6.4,6.4,1.6,1000.0,1.6,1.0,normal,281.5167
28,671,40290,5,0,8.0,8.0,1.6,1000.0,1.6,1.0,normal,289.5167
28,671,40305,3,0,4.8,4.8,1.6,1000.0,1.6,1.0,normal,294.3167
29,672,40320,6,0,8.58,8.58,1.43,1000.0,1.43,1.0,normal,8.58
29,672,40335,4,1,3.7649,3.7649,0.9412,1000.0,1.43,1.0,normal,12.3449
29,672,40350,1,0,1.43,1.43,1.43,1000.0,1.43,1.0,normal,13.7749
29,672,40365,3,1,4.29,4.29,1.43,1000.0,1.43,1.0,normal,18.0649
29,673,40380,6,1,6.9357,6.9357,1.156,1000.0,1.49,1.0,normal,25.0006
29,673,40395,3,0,4.47,4.47,1.49,1000.0,1.49,1.0,normal,29.4706
29,673,40410,4,1,5.96,5.96,1.49,1000.0,1.49,1.0,normal,35.4306
29,673,40425,6,0,8.94,8.94,1.49,1000.0,1.49,1.0,normal,44.3706
29,674,40440,3,0,0.2721,0.2721,0.0907,1000.0,1.54,1.0,normal,44.6427
29,674,40455,3,0,4.62,4.62,1.54,1000.0,1.54,1.0,normal,49.2627
29,674,40470,3,0,4.62,4.62,1.54,1000.0,1.54,1.0,normal,53.8827
29,674,40485,6,0,9.24,9.24,1.54,1000.0,1.54,1.0,normal,63.1227
29,675,40500,3,0,4.8,4.8,1.6,1000.0,1.6,1.0,normal,67.9227
29,675,40515,1,0,1.1285,1.1285,1.1285,1000.0,1.6,1.0,normal,69.0512
29,675,40530,2,0,3.2,3.2,1.6,1000.0,1.6,1.0,normal,72.2512
29,675,40545,3,0,1.1706,1.1706,0.3902,1000.0,1.6,1.0,normal,73.4218
29,676,40560,5,0,6.4102,6.4102,1.282,1000.0,1.6,1.0,normal,79.832
29,676,40575,1,0,0.5098,0.5098,0.5098,1000.0,1.6,1.0,normal,80.3418
29,676,40590,8,0,7.4219,7.4219,0.9277,1000.0,1.6,1.0,normal,87.7637
29,676,40605,5,0,8.0,8.0,1.6,1000.0,1.6,1.0,normal,95.7637
29,677,40620,5,0,8.25,8.25,1.65,1000.0,1.65,1.0,normal,104.0137
29,677,40635,7,0,11.55,11.55,1.65,1000.0,1.65,1.0,normal,115.5637
29,677,40650,5,0,8.2374,8.2374,1.6475,1000.0,1.65,1.0,normal,123.8011
29,677,40665,4,0,6.4044,6.4044,1.6011,1000.0,1.65,1.0,normal,130.2055
29,678,40680,7,1,4.3294,4.3294,0.6185,1000.0,1.71,1.0,normal,134.5349
29,678,40695,4,0,6.1609,6.1609,1.5402,1000.0,1.71,1.0,normal,140.6958
29,678,40710,5,0,6.8833,6.8833,1.3767,1000.0,1.71,1.0,normal,147.5791
29,678,40725,6,0,4.1354,4.1354,0.6892,1000.0,1.71,1.0,normal,151.7145
29,679,40740,4,0,2.8632,2.8632,0.7158,1000.0,1.76,1.0,normal,154.5777
29,679,40755,3,0,2.5761,2.5761,0.8587,1000.0,1.76,1.0,normal,157.1538
29,679,40770,7,0,12.32,12.32,1.76,1000.0,1.76,1.0,normal,169.4738
29,679,40785,4,0,7.04,7.04,1.76,1000.0,1.76,1.0,normal,176.5138
29,680,40800,3,0,5.28,5.28,1.76,1000.0,1.76,1.0,normal,181.7938
29,680,40815,13,0,22.88,22.88,1.76,1000.0,1.76,1.0,normal,204.6738
29,680,40830,7,0,12.32,12.32,1.76,1000.0,1.76,1.0,normal,216.9938
29,680,40845,4,0,7.04,7.04,1.76,1000.0,1.76,1.0,normal,224.0338
29,681,40860,6,0,13.74,13.74,2.29,1000.0,2.29,1.0,normal,237.7738
29,681,40875,9,0,3.9455,3.9455,0.4384,1000.0,2.29,1.0,normal,241.7193
29,681,40890,8,0,18.32,18.32,2.29,1000.0,2.29,1.0,normal,260.0393
29,681,40905,6,1,13.74,13.74,2.29,1000.0,2.29,1.0,normal,273.7793
29,682,40920,9,0,14.0039,14.0039,1.556,1000.0,2.98,1.0,normal,287.7832
29,682,40935,9,0,24.448,24.448,2.7164,1000.0,2.98,1.0,normal,312.2312
29,682,40950,6,1,17.88,17.88,2.98,1000.0,2.98,1.0,normal,330.1112
29,682,40965,7,0,20.86,20.86,2.98,1000.0,2.98,1.0,normal,350.9712
29,683,40980,13,1,48.083,48.083,3.6987,1000.0,3.87,1.0,normal,399.0542
29,683,40995,10,0,0.9243,0.9243,0.0924,1000.0,3.87,1.0,normal,399.9785
29,683,41010,7,0,27.09,27.09,3.87,1000.0,3.87,1.0,normal,427.0685
29,683,41025,6,0,4.4556,4.4556,0.7426,1000.0,3.87,1.0,normal,431.5241
29,684,41040,10,0,42.6,42.6,4.26,1000.0,4.26,1.0,normal,474.1241
29,684,41055,7,0,0.3153,0.3153,0.045,1000.0,4.26,1.0,normal,474.4394
29,684,41070,11,0,2.2964,2.2964,0.2088,1000.0,4.26,1.0,normal,476.7358
29,684,41085,11,0,46.86,46.86,4.26,1000.0,4.26,1.0,normal,523.5958
29,685,41100,11,0,31.8349,31.8349,2.8941,1000.0,4.49,1.0,normal,555.4307
29,685,41115,11,0,13.3675,13.3675,1.2152,1000.0,4.49,1.0,normal,568.7982
29,685,41130,12,0,29.8174,29.8174,2.4848,1000.0,4.49,1.0,normal,598.6156
29,685,41145,8,2,25.9098,12.9549,3.2387,1000.0,4.49,1.0,normal,624.5254
29,686,41160,13,1,61.62,61.62,4.74,1000.0,4.74,1.0,normal,686.1454
29,686,41175,7,0,24.2637,24.2637,3.4662,1000.0,4.74,1.0,normal,710.4091
29,686,41190,17,0,36.4956,36.4956,2.1468,1000.0,4.74,1.0,normal,746.9047
29,686,41205,9,1,5.8899,5.8899,0.6544,1000.0,4.74,1.0,normal,752.7946
29,687,41220,9,0,44.1655,44.1655,4.9073,1000.0,4.99,1.0,normal,796.9601
29,687,41235,12,0,4.1247,4.1247,0.3437,1000.0,4.99,1.0,normal,801.0848
29,687,41250,12,3,38.8855,12.9618,3.2405,1000.0,4.99,1.0,normal,839.9703
29,687,41265,9,0,15.413,15.413,1.7126,1000.0,4.99,1.0,normal,855.3833
29,688,41280,0,0,0.0,0.0,0.01,1000.0,0.01,1.0,normal,855.3833
29,688,41295,0,0,0.0,0.0,0.01,1000.0,0.01,1.0,normal,855.3833
29,688,41310,0,0,0.0,0.0,0.01,1000.0,0.01,1.0,normal,855.3833
29,688,41325,0,0,0.0,0.0,0.01,1000.0,0.01,1.0,normal,855.3833
29,689,41340,0,0,0.0,0.0,0.01,1000.0,0.01,1.0,normal,855.3833
29,689,41355,0,0,0.0,0.0,0.01,1000.0,0.01,1.0,normal,855.3833
29,689,41370,0,0,0.0,0.0,0.01,1000.0,0.01,1.0,normal,855.3833
29,689,41385,0,0,0.0,0.0,0.01,1000.0,0.01,1.0,normal,855.3833
29,690,41400,0,0,0.0,0.0,0.01,1000.0,0.01,1.0,normal,855.3833
29,690,41415,0,0,0.0,0.0,0.01,1000.0,0.01,1.0,normal,855.3833
29,690,41430,0,0,0.0,0.0,0.01,1000.0,0.01,1.0,normal,855.3833
29,690,41445,0,0,0.0,0.0,0.01,1000.0,0.01,1.0,normal,855.3833
29,691,41460,0,0,0.0,0.0,0.01,1000.0,0.01,1.0,normal,855.3833
29,691,41475,0,0,0.0,0.0,0.01,1000.0,0.01,1.0,normal,855.3833
29,691,41490,0,0,0.0,0.0,0.01,1000.0,0.01,1.0,normal,855.3833
29,691,41505,0,0,0.0,0.0,0.01,1000.0,0.01,1.0,normal,855.3833
29,692,41520,8,0,33.6,33.6,4.2,1000.0,4.2,1.0,normal,888.9833
29,692,41535,14,0,48.6445,48.6445,3.4746,1000.0,4.2,1.0,budget_constrained,937.6278
29,692,41550,13,0,14.8921,14.8921,1.1455,1000.0,4.2,1.0,budget_constrained,952.5199
29,692,41565,13,1,31.0147,31.0147,2.3857,1000.0,4.2,1.0,budget_constrained,983.5346
29,693,41580,9,0,16.4654,16.4654,1.7992,1000.0,4.2,1.0,budget_constrained,1000.0
29,693,41595,0,0,0.0,0.0,0.3492,1000.0,4.2,1.0,budget_constrained,1000.0
29,693,41610,0,0,0.0,0.0,0.7441,1000.0,4.2,1.0,budget_constrained,1000.0
29,693,41625,0,0,0.0,0.0,0.8683,1000.0,4.2,1.0,budget_constrained,1000.0
29,694,41640,0,0,0.0,0.0,4.2,1000.0,4.2,1.0,budget_constrained,1000.0
29,694,41655,0,0,0.0,0.0,1.1822,1000.0,4.2,1.0,budget_constrained,1000.0
29,694,41670,0,0,0.0,0.0,1.2719,1000.0,4.2,1.0,budget_constrained,1000.0
29,694,41685,0,0,0.0,0.0,0.1702,1000.0,4.2,1.0,budget_constrained,1000.0
29,695,41700,0,0,0.0,0.0,3.1164,1000.0,4.2,1.0,budget_constrained,1000.0
29,695,41715,0,0,0.0,0.0,4.0239,1000.0,4.2,1.0,budget_constrained,1000.0
29,695,41730,0,0,0.0,0.0,4.2,1000.0,4.2,1.0,budget_constrained,1000.0
29,695,41745,0,0,0.0,0.0,4.2,1000.0,4.2,1.0,budget_constrained,1000.0
30,696,41760,0,0,0.0,0.0,1.9204,1000.0,4.2,1.0,normal,0.0
30,696,41775,11,0,20.7092,20.7092,1.8827,1000.0,4.2,1.0,normal,20.7092
30,696,41790,11,0,46.2,46.2,4.2,1000.0,4.2,1.0,normal,66.9092
30,696,41805,7,0,0.2307,0.2307,0.033,1000.0,4.2,1.0,normal,67.1399
30,697,41820,12,0,33.6815,33.6815,2.8068,1000.0,4.3,1.0,normal,100.8214
30,697,41835,6,1,25.8,25.8,4.3,1000.0,4.3,1.0,normal,126.6214
30,697,41850,6,0,0.1874,0.1874,0.0312,1000.0,4.3,1.0,normal,126.8088
30,697,41865,10,1,43.0,43.0,4.3,1000.0,4.3,1.0,normal,169.8088
30,698,41880,8,0,35.2,35.2,4.4,1000.0,4.4,1.0,normal,205.0088
30,698,41895,11,0,40.1892,40.1892,3.6536,1000.0,4.4,1.0,normal,245.198
30,698,41910,8,1,24.4028,24.4028,3.0504,1000.0,4.4,1.0,normal,269.6008
30,698,41925,7,0,23.2105,23.2105,3.3158,1000.0,4.4,1.0,normal,292.8113
30,699,41940,13,0,49.0618,49.0618,3.774,1000.0,4.5,1.0,normal,341.8731
30,699,41955,13,1,17.0185,17.0185,1.3091,1000.0,4.5,1.0,normal,358.8916
30,699,41970,8,0,31.5118,31.5118,3.939,1000.0,4.5,1.0,normal,390.4034
30,699,41985,14,0,63.0,63.0,4.5,1000.0,4.5,1.0,normal,453.4034
30,700,42000,15,0,71.7796,71.7796,4.7853,1000.0,4.95,1.0,normal,525.183
30,700,42015,18,1,37.3745,37.3745,2.0764,1000.0,4.95,1.0,normal,562.5575
30,700,42030,9,0,26.6919,26.6919,2.9658,1000.0,4.95,1.0,normal,589.2494
30,700,42045,12,0,53.5413,53.5413,4.4618,1000.0,4.95,1.0,normal,642.7907
30,701,42060,17,1,21.1991,21.1991,1.247,1000.0,5.04,1.0,normal,663.9898
30,701,42075,20,0,2.3301,2.3301,0.1165,1000.0,5.04,1.0,normal,666.3199
30,701,42090,20,2,3.1907,1.5954,0.1595,1000.0,5.04,1.0,normal,669.5106
30,701,42105,14,1,28.953,28.953,2.0681,1000.0,5.04,1.0,normal,698.4636
30,702,42120,18,0,75.5562,75.5562,4.1976,1000.0,5.14,1.0,normal,774.0198
30,702,42135,8,0,9.1047,9.1047,1.1381,1000.0,5.14,1.0,normal,783.1245
30,702,42150,9,0,19.7187,19.7187,2.191,1000.0,5.14,1.0,normal,802.8432
30,702,42165,13,0,15.362,15.362,1.1817,1000.0,5.14,1.0,normal,818.2052
30,703,42180,6,0,26.8779,26.8779,4.4796,1000.0,5.25,1.0,normal,845.0831
30,703,42195,17,0,13.4612,13.4612,0.7918,1000.0,5.25,1.0,normal,858.5443
30,703,42210,10,0,40.169,40.169,4.0169,1000.0,5.25,1.0,normal,898.7133
30,703,42225,9,1,35.1116,35.1116,3.9013,1000.0,5.25,1.0,budget_constrained,933.8249
30,704,42240,0,0,0.0,0.0,0.01,1000.0,0.01,1.0,budget_constrained,933.8249
30,704,42255,0,0,0.0,0.0,0.01,1000.0,0.01,1.0,budget_constrained,933.8249
30,704,42270,0,0,0.0,0.0,0.01,1000.0,0.01,1.0,budget_constrained,933.8249
30,704,42285,0,0,0.0,0.0,0.01,1000.0,0.01,1.0,budget_constrained,933.8249
30,705,42300,0,0,0.0,0.0,0.01,1000.0,0.01,1.0,budget_constrained,933.8249
30,705,42315,0,0,0.0,0.0,0.01,1000.0,0.01,1.0,budget_constrained,933.8249
30,705,42330,0,0,0.0,0.0,0.01,1000.0,0.01,1.0,budget_constrained,933.8249
30,705,42345,0,0,0.0,0.0,0.01,1000.0,0.01,1.0,budget_constrained,933.8249
30,706,42360,0,0,0.0,0.0,0.01,1000.0,0.01,1.0,budget_constrained,933.8249
30,706,42375,0,0,0.0,0.0,0.01,1000.0,0.01,1.0,budget_constrained,933.8249
30,706,42390,0,0,0.0,0.0,0.01,1000.0,0.01,1.0,budget_constrained,933.8249
30,706,42405,0,0,0.0,0.0,0.01,1000.0,0.01,1.0,budget_constrained,933.8249
30,707,42420,0,0,0.0,0.0,0.01,1000.0,0.01,1.0,budget_constrained,933.8249
30,707,42435,0,0,0.0,0.0,0.01,1000.0,0.01,1.0,budget_constrained,933.8249
30,707,42450,0,0,0.0,0.0,0.01,1000.0,0.01,1.0,budget_constrained,933.8249
30,707,42465,0,0,0.0,0.0,0.01,1000.0,0.01,1.0,budget_constrained,933.8249
30,708,42480,6,0,12.5435,12.5435,2.0906,1000.0,4.2,1.0,budget_constrained,946.3684
30,708,42495,12,0,14.7354,14.7354,1.228,1000.0,4.2,1.0,budget_constrained,961.1038
30,708,42510,8,1,26.272,26.272,3.284,1000.0,4.2,1.0,budget_constrained,987.3758
30,708,42525,3,0,12.6242,12.6242,4.2,1000.0,4.2,1.0,budget_constrained,1000.0
30,709,42540,0,0,0.0,0.0,1.0151,1000.0,4.2,1.0,budget_constrained,1000.0
30,709,42555,0,0,0.0,0.0,1.7539,1000.0,4.2,1.0,budget_constrained,1000.0
30,709,42570,0,0,0.0,0.0,1.5985,1000.0,4.2,1.0,budget_constrained,1000.0
30,709,42585,0,0,0.0,0.0,4.2,1000.0,4.2,1.0,budget_constrained,1000.0
30,710,42600,0,0,0.0,0.0,3.0752,1000.0,4.2,1.0,budget_constrained,1000.0
30,710,42615,0,0,0.0,0.0,3.1332,1000.0,4.2,1.0,budget_constrained,1000.0
30,710,42630,0,0,0.0,0.0,2.0868,1000.0,4.2,1.0,budget_constrained,1000.0
30,710,42645,0,0,0.0,0.0,1.1792,1000.0,4.2,1.0,budget_constrained,1000.0
30,711,42660,0,0,0.0,0.0,2.8618,1000.0,4.2,1.0,budget_constrained,1000.0
30,711,42675,0,0,0.0,0.0,0.9521,1000.0,4.2,1.0,budget_constrained,1000.0
30,711,42690,0,0,0.0,0.0,2.599,1000.0,4.2,1.0,budget_constrained,1000.0
30,711,42705,0,0,0.0,0.0,3.0213,1000.0,4.2,1.0,budget_constrained,1000.0
30,712,42720,0,0,0.0,0.0,1.7914,1000.0,4.2,1.0,budget_constrained,1000.0
30,712,42735,0,0,0.0,0.0,4.2,1000.0,4.2,1.0,budget_constrained,1000.0
30,712,42750,0,0,0.0,0.0,1.8363,1000.0,4.2,1.0,budget_constrained,1000.0
30,712,42765,0,0,0.0,0.0,3.7091,1000.0,4.2,1.0,budget_constrained,1000.0
30,713,42780,0,0,0.0,0.0,1.7125,1000.0,4.2,1.0,budget_constrained,1000.0
30,713,42795,0,0,0.0,0.0,2.7877,1000.0,4.2,1.0,budget_constrained,1000.0
30,713,42810,0,0,0.0,0.0,0.817,1000.0,4.2,1.0,budget_constrained,1000.0
30,713,42825,0,0,0.0,0.0,4.2,1000.0,4.2,1.0,budget_constrained,1000.0
30,714,42840,0,0,0.0,0.0,1.5871,1000.0,4.2,1.0,budget_constrained,1000.0
30,714,42855,0,0,0.0,0.0,0.2705,1000.0,4.2,1.0,budget_constrained,1000.0
30,714,42870,0,0,0.0,0.0,3.9923,1000.0,4.2,1.0,budget_constrained,1000.0
30,714,42885,0,0,0.0,0.0,4.2,1000.0,4.2,1.0,budget_constrained,1000.0
30,715,42900,0,0,0.0,0.0,0.4266,1000.0,4.2,1.0,budget_constrained,1000.0
30,715,42915,0,0,0.0,0.0,1.8116,1000.0,4.2,1.0,budget_constrained,1000.0
30,715,42930,0,0,0.0,0.0,3.7105,1000.0,4.2,1.0,budget_constrained,1000.0
30,715,42945,0,0,0.0,0.0,2.0419,1000.0,4.2,1.0,budget_constrained,1000.0
30,716,42960,0,0,0.0,0.0,2.2661,1000.0,4.26,1.0,budget_constrained,1000.0
30,716,42975,0,0,0.0,0.0,2.577,1000.0,4.26,1.0,budget_constrained,1000.0
30,716,42990,0,0,0.0,0.0,2.5447,1000.0,4.26,1.0,budget_constrained,1000.0
30,716,43005,0,0,0.0,0.0,0.4173,1000.0,4.26,1.0,budget_constrained,1000.0
30,717,43020,0,0,0.0,0.0,3.8135,1000.0,4.41,1.0,budget_constrained,1000.0
30,717,43035,0,0,0.0,0.0,0.4471,1000.0,4.41,1.0,budget_constrained,1000.0
30,717,43050,0,0,0.0,0.0,2.3076,1000.0,4.41,1.0,budget_constrained,1000.0
30,717,43065,0,0,0.0,0.0,2.8611,1000.0,4.41,1.0,budget_constrained,1000.0
30,718,43080,0,0,0.0,0.0,1.6049,1000.0,4.55,1.0,budget_constrained,1000.0
30,718,43095,0,0,0.0,0.0,2.1463,1000.0,4.55,1.0,budget_constrained,1000.0
30,718,43110,0,0,0.0,0.0,4.2875,1000.0,4.55,1.0,budget_constrained,1000.0
30,718,43125,0,0,0.0,0.0,1.2053,1000.0,4.55,1.0,budget_constrained,1000.0
30,719,43140,0,0,0.0,0.0,4.7,1000.0,4.7,1.0,budget_constrained,1000.0
30,719,43155,0,0,0.0,0.0,3.8837,1000.0,4.7,1.0,budget_constrained,1000.0
30,719,43170,0,0,0.0,0.0,1.8607,1000.0,4.7,1.0,budget_constrained,1000.0
30,719,43185,0,0,0.0,0.0,4.7,1000.0,4.7,1.0,budget_constrained,1000.0
31,720,43200,0,0,0.0,0.0,2.1506,1000.0,4.7,1.0,normal,0.0
31,720,43215,13,0,15.553,15.553,1.1964,1000.0,4.7,1.0,normal,15.553
31,720,43230,5,0,22.1476,22.1476,4.4295,1000.0,4.7,1.0,normal,37.7006
31,720,43245,13,0,29.4603,29.4603,2.2662,1000.0,4.7,1.0,normal,67.1609
31,721,43260,11,0,4.7162,4.7162,0.4287,1000.0,4.88,1.0,normal,71.8771
31,721,43275,14,0,61.3873,61.3873,4.3848,1000.0,4.88,1.0,normal,133.2644
31,721,43290,11,0,22.5577,22.5577,2.0507,1000.0,4.88,1.0,normal,155.8221
31,721,43305,13,1,62.0986,62.0986,4.7768,1000.0,4.88,1.0,normal,217.9207
31,722,43320,22,2,38.9689,19.4845,1.7713,1000.0,5.07,1.0,normal,256.8896
31,722,43335,12,0,40.575,40.575,3.3812,1000.0,5.07,1.0,normal,297.4646
31,722,43350,17,1,36.5937,36.5937,2.1526,1000.0,5.07,1.0,normal,334.0583
31,722,43365,13,0,62.2709,62.2709,4.7901,1000.0,5.07,1.0,normal,396.3292
31,723,43380,17,0,89.42,89.42,5.26,1000.0,5.26,1.0,normal,485.7492
31,723,43395,14,1,39.038,39.038,2.7884,1000.0,5.26,1.0,normal,524.7872
31,723,43410,10,0,29.4063,29.4063,2.9406,1000.0,5.26,1.0,normal,554.1935
31,723,43425,13,1,47.7118,47.7118,3.6701,1000.0,5.26,1.0,normal,601.9053
31,724,43440,14,0,2.4339,2.4339,0.1738,1000.0,5.26,1.0,normal,604.3392
31,724,43455,13,1,15.076,15.076,1.1597,1000.0,5.26,1.0,normal,619.4152
31,724,43470,9,0,11.0969,11.0969,1.233,1000.0,5.26,1.0,normal,630.5121
31,724,43485,4,0,10.7105,10.7105,2.6776,1000.0,5.26,1.0,normal,641.2226
31,725,43500,17,2,78.4887,39.2443,4.617,1000.0,5.08,1.0,normal,719.7113
31,725,43515,18,0,91.44,91.44,5.08,1000.0,5.08,1.0,normal,811.1513
31,725,43530,11,0,55.88,55.88,5.08,1000.0,5.08,1.0,normal,867.0313
31,725,43545,10,0,44.0788,44.0788,4.4079,1000.0,5.08,1.0,budget_constrained,911.1101
31,726,43560,12,0,9.6666,9.6666,0.8056,1000.0,4.91,1.0,budget_constrained,920.7767
31,726,43575,10,0,47.8622,47.8622,4.7862,1000.0,4.91,1.0,budget_constrained,968.6389
31,726,43590,8,1,31.3611,31.3611,3.562,1000.0,4.91,1.0,budget_depleted,1000.0
31,726,43605,0,0,0.0,0.0,0.0,1000.0,4.91,1.0,budget_depleted,1000.0
31,727,43620,0,0,0.0,0.0,0.0,1000.0,4.73,1.0,budget_depleted,1000.0
31,727,43635,0,0,0.0,0.0,0.0,1000.0,4.73,1.0,budget_depleted,1000.0
31,727,43650,0,0,0.0,0.0,0.0,1000.0,4.73,1.0,budget_depleted,1000.0
31,727,43665,0,0,0.0,0.0,0.0,1000.0,4.73,1.0,budget_depleted,1000.0
31,728,43680,0,0,0.0,0.0,0.0,1000.0,4.73,1.0,budget_depleted,1000.0
31,728,43695,0,0,0.0,0.0,0.0,1000.0,4.73,1.0,budget_depleted,1000.0
31,728,43710,0,0,0.0,0.0,0.0,1000.0,4.73,1.0,budget_depleted,1000.0
31,728,43725,0,0,0.0,0.0,0.0,1000.0,4.73,1.0,budget_depleted,1000.0
31,729,43740,0,0,0.0,0.0,0.0,1000.0,4.91,1.0,budget_depleted,1000.0
31,729,43755,0,0,0.0,0.0,0.0,1000.0,4.91,1.0,budget_depleted,1000.0
31,729,43770,0,0,0.0,0.0,0.0,1000.0,4.91,1.0,budget_depleted,1000.0
31,729,43785,0,0,0.0,0.0,0.0,1000.0,4.91,1.0,budget_depleted,1000.0
31,730,43800,0,0,0.0,0.0,0.0,1000.0,5.08,1.0,budget_depleted,1000.0
31,730,43815,0,0,0.0,0.0,0.0,1000.0,5.08,1.0,budget_depleted,1000.0
31,730,43830,0,0,0.0,0.0,0.0,1000.0,5.08,1.0,budget_depleted,1000.0
31,730,43845,0,0,0.0,0.0,0.0,1000.0,5.08,1.0,budget_depleted,1000.0
31,731,43860,0,0,0.0,0.0,0.0,1000.0,5.26,1.0,budget_depleted,1000.0
31,731,43875,0,0,0.0,0.0,0.0,1000.0,5.26,1.0,budget_depleted,1000.0
31,731,43890,0,0,0.0,0.0,0.0,1000.0,5.26,1.0,budget_depleted,1000.0
31,731,43905,0,0,0.0,0.0,0.0,1000.0,5.26,1.0,budget_depleted,1000.0
31,732,43920,0,0,0.0,0.0,0.0,1000.0,5.26,1.0,budget_depleted,1000.0
31,732,43935,0,0,0.0,0.0,0.0,1000.0,5.26,1.0,budget_depleted,1000.0
31,732,43950,0,0,0.0,0.0,0.0,1000.0,5.26,1.0,budget_depleted,1000.0
31,732,43965,0,0,0.0,0.0,0.0,1000.0,5.26,1.0,budget_depleted,1000.0
31,733,43980,0,0,0.0,0.0,0.0,1000.0,4.31,1.0,budget_depleted,1000.0
31,733,43995,0,0,0.0,0.0,0.0,1000.0,4.31,1.0,budget_depleted,1000.0
31,733,44010,0,0,0.0,0.0,0.0,1000.0,4.31,1.0,budget_depleted,1000.0
31,733,44025,0,0,0.0,0.0,0.0,1000.0,4.31,1.0,budget_depleted,1000.0
31,734,44040,0,0,0.0,0.0,0.0,1000.0,3.54,1.0,budget_depleted,1000.0
31,734,44055,0,0,0.0,0.0,0.0,1000.0,3.54,1.0,budget_depleted,1000.0
31,734,44070,0,0,0.0,0.0,0.0,1000.0,3.54,1.0,budget_depleted,1000.0
31,734,44085,0,0,0.0,0.0,0.0,1000.0,3.54,1.0,budget_depleted,1000.0
31,735,44100,0,0,0.0,0.0,0.0,1000.0,1.42,1.0,budget_depleted,1000.0
31,735,44115,0,0,0.0,0.0,0.0,1000.0,1.42,1.0,budget_depleted,1000.0
31,735,44130,0,0,0.0,0.0,0.0,1000.0,1.42,1.0,budget_depleted,1000.0
31,735,44145,0,0,0.0,0.0,0.0,1000.0,1.42,1.0,budget_depleted,1000.0
31,736,44160,0,0,0.0,0.0,0.0,1000.0,1.42,1.0,budget_depleted,1000.0
31,736,44175,0,0,0.0,0.0,0.0,1000.0,1.42,1.0,budget_depleted,1000.0
31,736,44190,0,0,0.0,0.0,0.0,1000.0,1.42,1.0,budget_depleted,1000.0
31,736,44205,0,0,0.0,0.0,0.0,1000.0,1.42,1.0,budget_depleted,1000.0
31,737,44220,0,0,0.0,0.0,0.0,1000.0,1.38,1.0,budget_depleted,1000.0
31,737,44235,0,0,0.0,0.0,0.0,1000.0,1.38,1.0,budget_depleted,1000.0
31,737,44250,0,0,0.0,0.0,0.0,1000.0,1.38,1.0,budget_depleted,1000.0
31,737,44265,0,0,0.0,0.0,0.0,1000.0,1.38,1.0,budget_depleted,1000.0
31,738,44280,0,0,0.0,0.0,0.0,1000.0,1.35,1.0,budget_depleted,1000.0
31,738,44295,0,0,0.0,0.0,0.0,1000.0,1.35,1.0,budget_depleted,1000.0
31,738,44310,0,0,0.0,0.0,0.0,1000.0,1.35,1.0,budget_depleted,1000.0
31,738,44325,0,0,0.0,0.0,0.0,1000.0,1.35,1.0,budget_depleted,1000.0
31,739,44340,0,0,0.0,0.0,0.0,1000.0,1.31,1.0,budget_depleted,1000.0
31,739,44355,0,0,0.0,0.0,0.0,1000.0,1.31,1.0,budget_depleted,1000.0
31,739,44370,0,0,0.0,0.0,0.0,1000.0,1.31,1.0,budget_depleted,1000.0
31,739,44385,0,0,0.0,0.0,0.0,1000.0,1.31,1.0,budget_depleted,1000.0
31,740,44400,0,0,0.0,0.0,0.0,1000.0,1.3,1.0,budget_depleted,1000.0
31,740,44415,0,0,0.0,0.0,0.0,1000.0,1.3,1.0,budget_depleted,1000.0
31,740,44430,0,0,0.0,0.0,0.0,1000.0,1.3,1.0,budget_depleted,1000.0
31,740,44445,0,0,0.0,0.0,0.0,1000.0,1.3,1.0,budget_depleted,1000.0
31,741,44460,0,0,0.0,0.0,0.0,1000.0,1.33,1.0,budget_depleted,1000.0
31,741,44475,0,0,0.0,0.0,0.0,1000.0,1.33,1.0,budget_depleted,1000.0
31,741,44490,0,0,0.0,0.0,0.0,1000.0,1.33,1.0,budget_depleted,1000.0
31,741,44505,0,0,0.0,0.0,0.0,1000.0,1.33,1.0,budget_depleted,1000.0
31,742,44520,0,0,0.0,0.0,0.0,1000.0,1.36,1.0,budget_depleted,1000.0
31,742,44535,0,0,0.0,0.0,0.0,1000.0,1.36,1.0,budget_depleted,1000.0
31,742,44550,0,0,0.0,0.0,0.0,1000.0,1.36,1.0,budget_depleted,1000.0
31,742,44565,0,0,0.0,0.0,0.0,1000.0,1.36,1.0,budget_depleted,1000.0
31,743,44580,0,0,0.0,0.0,0.0,1000.0,1.39,1.0,budget_depleted,1000.0
31,743,44595,0,0,0.0,0.0,0.0,1000.0,1.39,1.0,budget_depleted,1000.0
31,743,44610,0,0,0.0,0.0,0.0,1000.0,1.39,1.0,budget_depleted,1000.0
31,743,44625,0,0,0.0,0.0,0.0,1000.0,1.39,1.0,budget_depleted,1000.0
32,744,44640,0,0,0.0,0.0,0.0,1000.0,1.39,1.0,normal,0.0
32,744,44655,1,0,1.39,1.39,1.39,1000.0,1.39,1.0,normal,1.39
32,744,44670,3,0,4.17,4.17,1.39,1000.0,1.39,1.0,normal,5.56
32,744,44685,2,0,1.8507,1.8507,0.9253,1000.0,1.39,1.0,normal,7.4107
32,745,44700,7,0,9.135,9.135,1.305,1000.0,1.43,1.0,normal,16.5457
32,745,44715,1,0,1.43,1.43,1.43,1000.0,1.43,1.0,normal,17.9757
32,745,44730,4,0,5.72,5.72,1.43,1000.0,1.43,1.0,normal,23.6957
32,745,44745,3,0,2.0702,2.0702,0.6901,1000.0,1.43,1.0,normal,25.7659
32,746,44760,5,0,0.8653,0.8653,0.1731,1000.0,1.48,1.0,normal,26.6312
32,746,44775,3,0,2.3672,2.3672,0.7891,1000.0,1.48,1.0,normal,28.9984
32,746,44790,6,0,8.88,8.88,1.48,1000.0,1.48,1.0,normal,37.8784
32,746,44805,2,0,2.96,2.96,1.48,1000.0,1.48,1.0,normal,40.8384
32,747,44820,2,0,3.04,3.04,1.52,1000.0,1.52,1.0,normal,43.8784
32,747,44835,1,0,1.0178,1.0178,1.0178,1000.0,1.52,1.0,normal,44.8962
32,747,44850,3,0,4.56,4.56,1.52,1000.0,1.52,1.0,normal,49.4562
32,747,44865,3,0,0.2514,0.2514,0.0838,1000.0,1.52,1.0,normal,49.7076
32,748,44880,1,0,0.8736,0.8736,0.8736,1000.0,1.52,1.0,normal,50.5812
32,748,44895,2,0,2.3743,2.3743,1.1872,1000.0,1.52,1.0,normal,52.9555
32,748,44910,5,0,7.6,7.6,1.52,1000.0,1.52,1.0,normal,60.5555
32,748,44925,5,0,0.2742,0.2742,0.0548,1000.0,1.52,1.0,normal,60.8297
32,749,44940,2,0,0.4206,0.4206,0.2103,1000.0,1.43,1.0,normal,61.2503
32,749,44955,5,1,7.15,7.15,1.43,1000.0,1.43,1.0,normal,68.4003
32,749,44970,7,0,10.01,10.01,1.43,1000.0,1.43,1.0,normal,78.4103
32,749,44985,5,0,7.15,7.15,1.43,1000.0,1.43,1.0,normal,85.5603
32,750,45000,4,0,1.8997,1.8997,0.4749,1000.0,1.34,1.0,normal,87.46
32,750,45015,4,0,5.36,5.36,1.34,1000.0,1.34,1.0,normal,92.82
32,750,45030,5,0,6.0969,6.0969,1.2194,1000.0,1.34,1.0,normal,98.9169
32,750,45045,2,0,2.68,2.68,1.34,1000.0,1.34,1.0,normal,101.5969
32,751,45060,5,0,6.25,6.25,1.25,1000.0,1.25,1.0,normal,107.8469
32,751,45075,1,0,1.25,1.25,1.25,1000.0,1.25,1.0,normal,109.0969
32,751,45090,3,0,3.75,3.75,1.25,1000.0,1.25,1.0,normal,112.8469
32,751,45105,1,0,0.3893,0.3893,0.3893,1000.0,1.25,1.0,normal,113.2362
32,752,45120,2,0,0.137,0.137,0.0685,1000.0,1.25,1.0,normal,113.3732
32,752,45135,2,0,2.5,2.5,1.25,1000.0,1.25,1.0,normal,115.8732
32,752,45150,2,0,1.0536,1.0536,0.5268,1000.0,1.25,1.0,normal,116.9268
32,752,45165,2,0,2.5,2.5,1.25,1000.0,1.25,1.0,normal,119.4268
32,753,45180,4,0,4.88,4.88,1.22,1000.0,1.22,1.0,normal,124.3068
32,753,45195,7,0,0.8366,0.8366,0.1195,1000.0,1.22,1.0,normal,125.1434
32,753,45210,4,0,4.88,4.88,1.22,1000.0,1.22,1.0,normal,130.0234
32,753,45225,2,0,2.44,2.44,1.22,1000.0,1.22,1.0,normal,132.4634
32,754,45240,5,0,4.2085,4.2085,0.8417,1000.0,1.18,1.0,normal,136.6719
32,754,45255,2,0,2.36,2.36,1.18,1000.0,1.18,1.0,normal,139.0319
32,754,45270,4,0,4.72,4.72,1.18,1000.0,1.18,1.0,normal,143.7519
32,754,45285,4,0,4.72,4.72,1.18,1000.0,1.18,1.0,normal,148.4719
32,755,45300,1,0,1.15,1.15,1.15,1000.0,1.15,1.0,normal,149.6219
32,755,45315,2,0,0.7859,0.7859,0.393,1000.0,1.15,1.0,normal,150.4078
32,755,45330,4,0,0.3911,0.3911,0.0978,1000.0,1.15,1.0,normal,150.7989
32,755,45345,3,0,3.45,3.45,1.15,1000.0,1.15,1.0,normal,154.2489
32,756,45360,4,0,4.6,4.6,1.15,1000.0,1.15,1.0,normal,158.8489
32,756,45375,1,0,0.1047,0.1047,0.1047,1000.0,1.15,1.0,normal,158.9536
32,756,45390,1,0,1.15,1.15,1.15,1000.0,1.15,1.0,normal,160.1036
32,756,45405,1,0,1.0005,1.0005,1.0005,1000.0,1.15,1.0,normal,161.1041
32,757,45420,1,0,1.07,1.07,1.07,1000.0,1.07,1.0,normal,162.1741
32,757,45435,1,0,1.07,1.07,1.07,1000.0,1.07,1.0,normal,163.2441
32,757,45450,0,0,0.0,0.0,1.07,1000.0,1.07,1.0,normal,163.2441
32,757,45465,1,0,0.6158,0.6158,0.6158,1000.0,1.07,1.0,normal,163.8599
32,758,45480,3,0,0.8242,0.8242,0.2747,1000.0,1.0,1.0,normal,164.6841
32,758,45495,6,0,6.0,6.0,1.0,1000.0,1.0,1.0,normal,170.6841
32,758,45510,4,0,4.0,4.0,1.0,1000.0,1.0,1.0,normal,174.6841
32,758,45525,4,0,0.3365,0.3365,0.0841,1000.0,1.0,1.0,normal,175.0206
32,759,45540,2,1,1.2447,1.2447,0.6224,1000.0,0.92,1.0,normal,176.2653
32,759,45555,1,0,0.92,0.92,0.92,1000.0,0.92,1.0,normal,177.1853
32,759,45570,1,0,0.92,0.92,0.92,1000.0,0.92,1.0,normal,178.1053
32,759,45585,2,0,1.84,1.84,0.92,1000.0,0.92,1.0,normal,179.9453
32,760,45600,4,0,1.1901,1.1901,0.2975,1000.0,1.01,1.0,normal,181.1354
32,760,45615,1,0,0.8406,0.8406,0.8406,1000.0,1.01,1.0,normal,181.976
32,760,45630,5,0,5.05,5.05,1.01,1000.0,1.01,1.0,normal,187.026
32,760,45645,1,0,0.1525,0.1525,0.1525,1000.0,1.01,1.0,normal,187.1785
32,761,45660,5,0,0.7814,0.7814,0.1563,1000.0,1.01,1.0,normal,187.9599
32,761,45675,5,0,3.9765,3.9765,0.7953,1000.0,1.01,1.0,normal,191.9364
32,761,45690,0,0,0.0,0.0,0.3225,1000.0,1.01,1.0,normal,191.9364
32,761,45705,1,0,1.01,1.01,1.01,1000.0,1.01,1.0,normal,192.9464
32,762,45720,3,0,3.03,3.03,1.01,1000.0,1.01,1.0,normal,195.9764
32,762,45735,4,0,4.04,4.04,1.01,1000.0,1.01,1.0,normal,200.0164
32,762,45750,1,0,1.01,1.01,1.01,1000.0,1.01,1.0,normal,201.0264
32,762,45765,2,0,2.02,2.02,1.01,1000.0,1.01,1.0,normal,203.0464
32,763,45780,5,0,1.8372,1.8372,0.3674,1000.0,1.01,1.0,normal,204.8836
32,763,45795,2,0,2.02,2.02,1.01,1000.0,1.01,1.0,normal,206.9036
32,763,45810,0,0,0.0,0.0,1.01,1000.0,1.01,1.0,normal,206.9036
32,763,45825,2,0,2.02,2.02,1.01,1000.0,1.01,1.0,normal,208.9236
32,764,45840,1,0,1.3,1.3,1.3,1000.0,1.3,1.0,normal,210.2236
32,764,45855,2,0,2.6,2.6,1.3,1000.0,1.3,1.0,normal,212.8236
32,764,45870,2,0,2.6,2.6,1.3,1000.0,1.3,1.0,normal,215.4236
32,764,45885,3,0,3.9,3.9,1.3,1000.0,1.3,1.0,normal,219.3236
32,765,45900,2,0,2.6,2.6,1.3,1000.0,1.3,1.0,normal,221.9236
32,765,45915,5,0,5.3393,5.3393,1.0679,1000.0,1.3,1.0,normal,227.2629
32,765,45930,5,0,6.5,6.5,1.3,1000.0,1.3,1.0,normal,233.7629
32,765,45945,3,0,2.2558,2.2558,0.7519,1000.0,1.3,1.0,normal,236.0187
32,766,45960,1,0,1.3,1.3,1.3,1000.0,1.3,1.0,normal,237.3187
32,766,45975,1,0,0.3855,0.3855,0.3855,1000.0,1.3,1.0,normal,237.7042
32,766,45990,1,0,1.3,1.3,1.3,1000.0,1.3,1.0,normal,239.0042
32,766,46005,3,0,3.9,3.9,1.3,1000.0,1.3,1.0,normal,242.9042
32,767,46020,3,0,3.9,3.9,1.3,1000.0,1.3,1.0,normal,246.8042
32,767,46035,7,0,9.1,9.1,1.3,1000.0,1.3,1.0,normal,255.9042
32,767,46050,7,0,9.1,9.1,1.3,1000.0,1.3,1.0,normal,265.0042
32,767,46065,4,0,5.2,5.2,1.3,1000.0,1.3,1.0,normal,270.2042
33,768,46080,4,0,5.2,5.2,1.3,1000.0,1.3,1.0,normal,5.2
33,768,46095,2,0,2.063,2.063,1.0315,1000.0,1.3,1.0,normal,7.263
33,768,46110,1,0,0.7707,0.7707,0.7707,1000.0,1.3,1.0,normal,8.0337
33,768,46125,2,0,2.6,2.6,1.3,1000.0,1.3,1.0,normal,10.6337
33,769,46140,1,0,0.4025,0.4025,0.4025,1000.0,1.21,1.0,normal,11.0362
33,769,46155,1,0,1.21,1.21,1.21,1000.0,1.21,1.0,normal,12.2462
33,769,46170,5,0,6.05,6.05,1.21,1000.0,1.21,1.0,normal,18.2962
33,769,46185,4,0,3.7997,3.7997,0.9499,1000.0,1.21,1.0,normal,22.0959
33,770,46200,1,0,0.2306,0.2306,0.2306,1000.0,1.13,1.0,normal,22.3265
33,770,46215,0,0,0.0,0.0,1.13,1000.0,1.13,1.0,normal,22.3265
33,770,46230,1,0,1.13,1.13,1.13,1000.0,1.13,1.0,normal,23.4565
33,770,46245,3,0,3.39,3.39,1.13,1000.0,1.13,1.0,normal,26.8465
33,771,46260,4,0,4.16,4.16,1.04,1000.0,1.04,1.0,normal,31.0065
33,771,46275,5,1,5.2,5.2,1.04,1000.0,1.04,1.0,normal,36.2065
33,771,46290,6,0,6.24,6.24,1.04,1000.0,1.04,1.0,normal,42.4465
33,771,46305,3,0,3.12,3.12,1.04,1000.0,1.04,1.0,normal,45.5665
33,772,46320,1,0,1.04,1.04,1.04,1000.0,1.04,1.0,normal,46.6065
33,772,46335,2,0,2.08,2.08,1.04,1000.0,1.04,1.0,normal,48.6865
33,772,46350,2,0,2.08,2.08,1.04,1000.0,1.04,1.0,normal,50.7665
33,772,46365,3,0,3.12,3.12,1.04,1000.0,1.04,1.0,normal,53.8865
33,773,46380,3,1,3.24,3.24,1.08,1000.0,1.08,1.0,normal,57.1265
33,773,46395,1,0,0.0735,0.0735,0.0735,1000.0,1.08,1.0,normal,57.2
33,773,46410,2,0,2.16,2.16,1.08,1000.0,1.08,1.0,normal,59.36
33,773,46425,2,0,2.16,2.16,1.08,1000.0,1.08,1.0,normal,61.52
33,774,46440,4,0,4.48,4.48,1.12,1000.0,1.12,1.0,normal,66.0
33,774,46455,3,0,2.1228,2.1228,0.7076,1000.0,1.12,1.0,normal,68.1228
33,774,46470,5,0,5.6,5.6,1.12,1000.0,1.12,1.0,normal,73.7228
33,774,46485,5,0,5.6,5.6,1.12,1000.0,1.12,1.0,normal,79.3228
33,775,46500,4,1,2.1483,2.1483,0.5371,1000.0,1.16,1.0,normal,81.4711
33,775,46515,2,0,2.32,2.32,1.16,1000.0,1.16,1.0,normal,83.7911
33,775,46530,5,1,5.8,5.8,1.16,1000.0,1.16,1.0,normal,89.5911
33,775,46545,4,0,4.64,4.64,1.16,1000.0,1.16,1.0,normal,94.2311
33,776,46560,4,0,4.64,4.64,1.16,1000.0,1.16,1.0,normal,98.8711
33,776,46575,3,0,3.48,3.48,1.16,1000.0,1.16,1.0,normal,102.3511
33,776,46590,3,0,0.241,0.241,0.0803,1000.0,1.16,1.0,normal,102.5921
33,776,46605,2,0,2.32,2.32,1.16,1000.0,1.16,1.0,normal,104.9121
33,777,46620,3,0,3.1184,3.1184,1.0395,1000.0,1.21,1.0,normal,108.0305
33,777,46635,3,0,3.63,3.63,1.21,1000.0,1.21,1.0,normal,111.6605
33,777,46650,2,0,0.2719,0.2719,0.1359,1000.0,1.21,1.0,normal,111.9324
33,777,46665,7,1,8.47,8.47,1.21,1000.0,1.21,1.0,normal,120.4024
33,778,46680,0,0,0.0,0.0,0.4592,1000.0,1.25,1.0,normal,120.4024
33,778,46695,4,0,2.9035,2.9035,0.7259,1000.0,1.25,1.0,normal,123.3059
33,778,46710,4,0,5.0,5.0,1.25,1000.0,1.25,1.0,normal,128.3059
33,778,46725,1,0,0.5349,0.5349,0.5349,1000.0,1.25,1.0,normal,128.8408
33,779,46740,2,0,2.6,2.6,1.3,1000.0,1.3,1.0,normal,131.4408
33,779,46755,1,0,1.2778,1.2778,1.2778,1000.0,1.3,1.0,normal,132.7186
33,779,46770,5,0,2.271,2.271,0.4542,1000.0,1.3,1.0,normal,134.9896
33,779,46785,2,0,2.6,2.6,1.3,1000.0,1.3,1.0,normal,137.5896
33,780,46800,6,0,7.8,7.8,1.3,1000.0,1.3,1.0,normal,145.3896
33,780,46815,5,0,6.5,6.5,1.3,1000.0,1.3,1.0,normal,151.8896
33,780,46830,4,0,5.2,5.2,1.3,1000.0,1.3,1.0,normal,157.0896
33,780,46845,2,0,0.7472,0.7472,0.3736,1000.0,1.3,1.0,normal,157.8368
33,781,46860,4,0,5.36,5.36,1.34,1000.0,1.34,1.0,normal,163.1968
33,781,46875,4,0,1.4353,1.4353,0.3588,1000.0,1.34,1.0,normal,164.6321
33,781,46890,2,1,2.68,2.68,1.34,1000.0,1.34,1.0,normal,167.3121
33,781,46905,1,0,0.6215,0.6215,0.6215,1000.0,1.34,1.0,normal,167.9336
33,782,46920,1,0,1.39,1.39,1.39,1000.0,1.39,1.0,normal,169.3236
33,782,46935,4,0,1.4924,1.4924,0.3731,1000.0,1.39,1.0,normal,170.816
33,782,46950,3,0,4.17,4.17,1.39,1000.0,1.39,1.0,normal,174.986
33,782,46965,2,0,0.5773,0.5773,0.2887,1000.0,1.39,1.0,normal,175.5633
33,783,46980,4,0,5.72,5.72,1.43,1000.0,1.43,1.0,normal,181.2833
33,783,46995,1,0,1.43,1.43,1.43,1000.0,1.43,1.0,normal,182.7133
33,783,47010,5,0,0.5591,0.5591,0.1118,1000.0,1.43,1.0,normal,183.2724
33,783,47025,7,0,10.01,10.01,1.43,1000.0,1.43,1.0,normal,193.2824
33,784,47040,2,0,1.6055,1.6055,0.8027,1000.0,1.43,1.0,normal,194.8879
33,784,47055,2,0,0.2131,0.2131,0.1065,1000.0,1.43,1.0,normal,195.101
33,784,47070,5,0,6.5166,6.5166,1.3033,1000.0,1.43,1.0,normal,201.6176
33,784,47085,3,1,4.1043,4.1043,1.3681,1000.0,1.43,1.0,normal,205.7219
33,785,47100,1,0,0.0417,0.0417,0.0417,1000.0,1.49,1.0,normal,205.7636
33,785,47115,7,2,10.43,5.215,1.49,1000.0,1.49,1.0,normal,216.1936
33,785,47130,3,0,1.29,1.29,0.43,1000.0,1.49,1.0,normal,217.4836
33,785,47145,3,0,4.3465,4.3465,1.4488,1000.0,1.49,1.0,normal,221.8301
33,786,47160,4,0,6.1096,6.1096,1.5274,1000.0,1.54,1.0,normal,227.9397
33,786,47175,4,0,6.16,6.16,1.54,1000.0,1.54,1.0,normal,234.0997
33,786,47190,4,0,2.9697,2.9697,0.7424,1000.0,1.54,1.0,normal,237.0694
33,786,47205,9,0,7.8126,7.8126,0.8681,1000.0,1.54,1.0,normal,244.882
33,787,47220,4,0,5.4079,5.4079,1.352,1000.0,1.6,1.0,normal,250.2899
33,787,47235,6,0,2.5218,2.5218,0.4203,1000.0,1.6,1.0,normal,252.8117
33,787,47250,7,0,7.9637,7.9637,1.1377,1000.0,1.6,1.0,normal,260.7754
33,787,47265,5,1,8.0,8.0,1.6,1000.0,1.6,1.0,normal,268.7754
33,788,47280,6,0,7.1596,7.1596,1.1933,1000.0,1.6,1.0,normal,275.935
33,788,47295,6,0,9.6,9.6,1.6,1000.0,1.6,1.0,normal,285.535
33,788,47310,5,0,0.1028,0.1028,0.0206,1000.0,1.6,1.0,normal,285.6378
33,788,47325,3,0,4.8,4.8,1.6,1000.0,1.6,1.0,normal,290.4378
33,789,47340,3,0,4.95,4.95,1.65,1000.0,1.65,1.0,normal,295.3878
33,789,47355,7,0,1.6773,1.6773,0.2396,1000.0,1.65,1.0,normal,297.0651
33,789,47370,3,0,4.95,4.95,1.65,1000.0,1.65,1.0,normal,302.0151
33,789,47385,3,0,4.95,4.95,1.65,1000.0,1.65,1.0,normal,306.9651
33,790,47400,2,0,3.42,3.42,1.71,1000.0,1.71,1.0,normal,310.3851
33,790,47415,3,0,5.13,5.13,1.71,1000.0,1.71,1.0,normal,315.5151
33,790,47430,3,0,5.13,5.13,1.71,1000.0,1.71,1.0,normal,320.6451
33,790,47445,0,0,0.0,0.0,1.71,1000.0,1.71,1.0,normal,320.6451
33,791,47460,5,0,8.8,8.8,1.76,1000.0,1.76,1.0,normal,329.4451
33,791,47475,5,1,8.2754,8.2754,1.6551,1000.0,1.76,1.0,normal,337.7205
33,791,47490,2,0,3.52,3.52,1.76,1000.0,1.76,1.0,normal,341.2405
33,791,47505,6,0,5.8831,5.8831,0.9805,1000.0,1.76,1.0,normal,347.1236
34,792,47520,7,0,6.5175,6.5175,0.9311,1000.0,1.76,1.0,normal,6.5175
34,792,47535,5,0,2.2079,2.2079,0.4416,1000.0,1.76,1.0,normal,8.7254
34,792,47550,4,1,7.04,7.04,1.76,1000.0,1.76,1.0,normal,15.7654
34,792,47565,4,0,7.04,7.04,1.76,1000.0,1.76,1.0,normal,22.8054
34,793,47580,4,0,1.2757,1.2757,0.3189,1000.0,1.81,1.0,normal,24.0811
34,793,47595,3,0,5.43,5.43,1.81,1000.0,1.81,1.0,normal,29.5111
34,793,47610,5,0,9.05,9.05,1.81,1000.0,1.81,1.0,normal,38.5611
34,793,47625,4,0,7.24,7.24,1.81,1000.0,1.81,1.0,normal,45.8011
34,794,47640,5,1,6.4254,6.4254,1.2851,1000.0,1.87,1.0,normal,52.2265
34,794,47655,6,0,8.8413,8.8413,1.4736,1000.0,1.87,1.0,normal,61.0678
34,794,47670,1,0,1.87,1.87,1.87,1000.0,1.87,1.0,normal,62.9378
34,794,47685,8,0,14.96,14.96,1.87,1000.0,1.87,1.0,normal,77.8978
34,795,47700,3,0,3.2378,3.2378,1.0793,1000.0,2.29,1.0,normal,81.1356
34,795,47715,5,0,0.1104,0.1104,0.0221,1000.0,2.29,1.0,normal,81.246
34,795,47730,2,0,4.58,4.58,2.29,1000.0,2.29,1.0,normal,85.826
34,795,47745,2,0,1.4198,1.4198,0.7099,1000.0,2.29,1.0,normal,87.2458
34,796,47760,2,0,0.9028,0.9028,0.4514,1000.0,2.29,1.0,normal,88.1486
34,796,47775,6,0,10.1472,10.1472,1.6912,1000.0,2.29,1.0,normal,98.2958
34,796,47790,10,1,22.9,22.9,2.29,1000.0,2.29,1.0,normal,121.1958
34,796,47805,7,1,3.2242,3.2242,0.4606,1000.0,2.29,1.0,normal,124.42
34,797,47820,7,0,7.9588,7.9588,1.137,1000.0,2.38,1.0,normal,132.3788
34,797,47835,4,0,4.4941,4.4941,1.1235,1000.0,2.38,1.0,normal,136.8729
34,797,47850,2,0,4.76,4.76,2.38,1000.0,2.38,1.0,normal,141.6329
34,797,47865,5,0,8.5542,8.5542,1.7108,1000.0,2.38,1.0,normal,150.1871
34,798,47880,8,0,3.2947,3.2947,0.4118,1000.0,2.47,1.0,normal,153.4818
34,798,47895,3,0,7.41,7.41,2.47,1000.0,2.47,1.0,normal,160.8918
34,798,47910,7,0,17.29,17.29,2.47,1000.0,2.47,1.0,normal,178.1818
34,798,47925,4,0,1.1178,1.1178,0.2794,1000.0,2.47,1.0,normal,179.2996
34,799,47940,9,0,23.04,23.04,2.56,1000.0,2.56,1.0,normal,202.3396
34,799,47955,8,0,4.9436,4.9436,0.618,1000.0,2.56,1.0,normal,207.2832
34,799,47970,7,0,17.92,17.92,2.56,1000.0,2.56,1.0,normal,225.2032
34,799,47985,10,0,16.0893,16.0893,1.6089,1000.0,2.56,1.0,normal,241.2925
34,800,48000,8,1,11.0568,11.0568,1.3821,1000.0,2.56,1.0,normal,252.3493
34,800,48015,9,0,10.1958,10.1958,1.1329,1000.0,2.56,1.0,normal,262.5451
34,800,48030,6,0,0.4637,0.4637,0.0773,1000.0,2.56,1.0,normal,263.0088
34,800,48045,5,0,6.5647,6.5647,1.3129,1000.0,2.56,1.0,normal,269.5735
34,801,48060,11,0,21.7719,21.7719,1.9793,1000.0,2.63,1.0,normal,291.3454
34,801,48075,13,0,4.0455,4.0455,0.3112,1000.0,2.63,1.0,normal,295.3909
34,801,48090,4,0,10.52,10.52,2.63,1000.0,2.63,1.0,normal,305.9109
34,801,48105,6,0,3.6021,3.6021,0.6004,1000.0,2.63,1.0,normal,309.513
34,802,48120,6,0,16.2,16.2,2.7,1000.0,2.7,1.0,normal,325.713
34,802,48135,7,0,0.5347,0.5347,0.0764,1000.0,2.7,1.0,normal,326.2477
34,802,48150,3,0,6.0966,6.0966,2.0322,1000.0,2.7,1.0,normal,332.3443
34,802,48165,7,0,18.9,18.9,2.7,1000.0,2.7,1.0,normal,351.2443
34,803,48180,8,0,22.16,22.16,2.77,1000.0,2.77,1.0,normal,373.4043
34,803,48195,11,1,26.8217,26.8217,2.4383,1000.0,2.77,1.0,normal,400.226
34,803,48210,7,0,4.7901,4.7901,0.6843,1000.0,2.77,1.0,normal,405.0161
34,803,48225,2,0,0.2519,0.2519,0.1259,1000.0,2.77,1.0,normal,405.268
34,804,48240,12,0,28.1978,28.1978,2.3498,1000.0,2.77,1.0,normal,433.4658
34,804,48255,7,0,13.1126,13.1126,1.8732,1000.0,2.77,1.0,normal,446.5784
34,804,48270,4,0,2.4249,2.4249,0.6062,1000.0,2.77,1.0,normal,449.0033
34,804,48285,4,0,8.0536,8.0536,2.0134,1000.0,2.77,1.0,normal,457.0569
34,805,48300,7,0,20.16,20.16,2.88,1000.0,2.88,1.0,normal,477.2169
34,805,48315,2,0,2.1719,2.1719,1.0859,1000.0,2.88,1.0,normal,479.3888
34,805,48330,9,0,25.307,25.307,2.8119,1000.0,2.88,1.0,normal,504.6958
34,805,48345,4,0,5.8732,5.8732,1.4683,1000.0,2.88,1.0,normal,510.569
34,806,48360,7,0,16.9206,16.9206,2.4172,1000.0,2.99,1.0,normal,527.4896
34,806,48375,11,0,3.9186,3.9186,0.3562,1000.0,2.99,1.0,normal,531.4082
34,806,48390,7,0,18.2147,18.2147,2.6021,1000.0,2.99,1.0,normal,549.6229
34,806,48405,5,0,2.1027,2.1027,0.4205,1000.0,2.99,1.0,normal,551.7256
34,807,48420,6,0,10.1303,10.1303,1.6884,1000.0,3.1,1.0,normal,561.8559
34,807,48435,7,0,8.3904,8.3904,1.1986,1000.0,3.1,1.0,normal,570.2463
34,807,48450,7,0,16.39,16.39,2.3414,1000.0,3.1,1.0,normal,586.6363
34,807,48465,10,0,8.5822,8.5822,0.8582,1000.0,3.1,1.0,normal,595.2185
34,808,48480,12,0,37.2,37.2,3.1,1000.0,3.1,1.0,normal,632.4185
34,808,48495,6,0,18.6,18.6,3.1,1000.0,3.1,1.0,normal,651.0185
34,808,48510,8,0,11.5394,11.5394,1.4424,1000.0,3.1,1.0,normal,662.5579
34,808,48525,7,0,14.062,14.062,2.0089,1000.0,3.1,1.0,normal,676.6199
34,809,48540,10,0,0.5249,0.5249,0.0525,1000.0,2.98,1.0,normal,677.1448
34,809,48555,7,1,18.0545,18.0545,2.5792,1000.0,2.98,1.0,normal,695.1993
34,809,48570,4,0,2.2148,2.2148,0.5537,1000.0,2.98,1.0,normal,697.4141
34,809,48585,6,1,4.0669,4.0669,0.6778,1000.0,2.98,1.0,normal,701.481
34,810,48600,5,0,0.1227,0.1227,0.0245,1000.0,2.85,1.0,normal,701.6037
34,810,48615,8,0,13.6727,13.6727,1.7091,1000.0,2.85,1.0,normal,715.2764
34,810,48630,14,0,4.8692,4.8692,0.3478,1000.0,2.85,1.0,normal,720.1456
34,810,48645,6,1,16.3162,16.3162,2.7194,1000.0,2.85,1.0,normal,736.4618
34,811,48660,5,0,0.8619,0.8619,0.1724,1000.0,2.73,1.0,normal,737.3237
34,811,48675,5,0,0.2445,0.2445,0.0489,1000.0,2.73,1.0,normal,737.5682
34,811,48690,3,1,4.482,4.482,1.494,1000.0,2.73,1.0,normal,742.0502
34,811,48705,4,0,5.5408,5.5408,1.3852,1000.0,2.73,1.0,normal,747.591
34,812,48720,5,0,0.5787,0.5787,0.1157,1000.0,2.73,1.0,normal,748.1697
34,812,48735,7,0,12.4309,12.4309,1.7758,1000.0,2.73,1.0,normal,760.6006
34,812,48750,3,0,8.19,8.19,2.73,1000.0,2.73,1.0,normal,768.7906
34,812,48765,3,0,8.19,8.19,2.73,1000.0,2.73,1.0,normal,776.9806
34,813,48780,8,0,22.72,22.72,2.84,1000.0,2.84,1.0,normal,799.7006
34,813,48795,12,1,8.0503,8.0503,0.6709,1000.0,2.84,1.0,normal,807.7509
34,813,48810,7,0,6.5282,6.5282,0.9326,1000.0,2.84,1.0,normal,814.2791
34,813,48825,4,0,7.3989,7.3989,1.8497,1000.0,2.84,1.0,normal,821.678
34,814,48840,7,0,15.2721,15.2721,2.1817,1000.0,2.95,1.0,normal,836.9501
34,814,48855,12,0,29.3376,29.3376,2.4448,1000.0,2.95,1.0,normal,866.2877
34,814,48870,3,0,8.85,8.85,2.95,1000.0,2.95,1.0,normal,875.1377
34,814,48885,9,0,26.55,26.55,2.95,1000.0,2.95,1.0,budget_constrained,901.6877
34,815,48900,4,0,12.1579,12.1579,3.0395,1000.0,3.06,1.0,budget_constrained,913.8456
34,815,48915,3,0,4.5065,4.5065,1.5022,1000.0,3.06,1.0,budget_constrained,918.3521
34,815,48930,12,0,18.5522,18.5522,1.546,1000.0,3.06,1.0,budget_constrained,936.9043
34,815,48945,6,0,18.36,18.36,3.06,1000.0,3.06,1.0,budget_constrained,955.2643
35,816,48960,9,0,27.54,27.54,3.06,1000.0,3.06,1.0,normal,27.54
35,816,48975,9,0,7.2972,7.2972,0.8108,1000.0,3.06,1.0,normal,34.8372
35,816,48990,7,0,8.9489,8.9489,1.2784,1000.0,3.06,1.0,normal,43.7861
35,816,49005,6,0,17.4694,17.4694,2.9116,1000.0,3.06,1.0,normal,61.2555
35,817,49020,10,0,7.9453,7.9453,0.7945,1000.0,3.18,1.0,normal,69.2008
35,817,49035,6,0,11.6215,11.6215,1.9369,1000.0,3.18,1.0,normal,80.8223
35,817,49050,12,0,1.2735,1.2735,0.1061,1000.0,3.18,1.0,normal,82.0958
35,817,49065,12,0,30.9143,30.9143,2.5762,1000.0,3.18,1.0,normal,113.0101
35,818,49080,6,0,13.8992,13.8992,2.3165,1000.0,3.31,1.0,normal,126.9093
35,818,49095,11,0,23.3583,23.3583,2.1235,1000.0,3.31,1.0,normal,150.2676
35,818,49110,14,0,16.3752,16.3752,1.1697,1000.0,3.31,1.0,normal,166.6428
35,818,49125,10,0,6.2774,6.2774,0.6277,1000.0,3.31,1.0,normal,172.9202
35,819,49140,10,0,0.4325,0.4325,0.0433,1000.0,3.43,1.0,normal,173.3527
35,819,49155,12,2,1.4365,0.7183,0.1197,1000.0,3.43,1.0,normal,174.7892
35,819,49170,4,1,13.72,13.72,3.43,1000.0,3.43,1.0,normal,188.5092
35,819,49185,6,0,20.58,20.58,3.43,1000.0,3.43,1.0,normal,209.0892
35,820,49200,5,0,4.0011,4.0011,0.8002,1000.0,3.43,1.0,normal,213.0903
35,820,49215,9,2,5.8147,2.9073,0.6461,1000.0,3.43,1.0,normal,218.905
35,820,49230,9,0,8.44,8.44,0.9378,1000.0,3.43,1.0,normal,227.345
35,820,49245,9,0,30.87,30.87,3.43,1000.0,3.43,1.0,normal,258.215
35,821,49260,5,0,0.6299,0.6299,0.126,1000.0,3.32,1.0,normal,258.8449
35,821,49275,11,0,36.52,36.52,3.32,1000.0,3.32,1.0,normal,295.3649
35,821,49290,10,0,33.2,33.2,3.32,1000.0,3.32,1.0,normal,328.5649
35,821,49305,10,0,28.7622,28.7622,2.8762,1000.0,3.32,1.0,normal,357.3271
35,822,49320,8,0,22.3047,22.3047,2.7881,1000.0,3.2,1.0,normal,379.6318
35,822,49335,4,0,0.8387,0.8387,0.2097,1000.0,3.2,1.0,normal,380.4705
35,822,49350,8,1,25.6,25.6,3.2,1000.0,3.2,1.0,normal,406.0705
35,822,49365,7,1,22.4,22.4,3.2,1000.0,3.2,1.0,normal,428.4705
35,823,49380,7,1,7.4749,7.4749,1.0678,1000.0,3.09,1.0,normal,435.9454
35,823,49395,7,0,21.63,21.63,3.09,1000.0,3.09,1.0,normal,457.5754
35,823,49410,5,0,12.5987,12.5987,2.5197,1000.0,3.09,1.0,normal,470.1741
35,823,49425,8,0,7.9855,7.9855,0.9982,1000.0,3.09,1.0,normal,478.1596
35,824,49440,3,0,8.1307,8.1307,2.7102,1000.0,3.09,1.0,normal,486.2903
35,824,49455,6,0,1.741,1.741,0.2902,1000.0,3.09,1.0,normal,488.0313
35,824,49470,10,0,0.9885,0.9885,0.0988,1000.0,3.09,1.0,normal,489.0198
35,824,49485,15,0,28.2698,28.2698,1.8847,1000.0,3.09,1.0,normal,517.2896
35,825,49500,13,0,11.4449,11.4449,0.8804,1000.0,2.99,1.0,normal,528.7345
35,825,49515,6,0,12.8463,12.8463,2.1411,1000.0,2.99,1.0,normal,541.5808
35,825,49530,6,0,0.8899,0.8899,0.1483,1000.0,2.99,1.0,normal,542.4707
35,825,49545,6,0,5.1376,5.1376,0.8563,1000.0,2.99,1.0,normal,547.6083
35,826,49560,6,1,2.158,2.158,0.3597,1000.0,2.88,1.0,normal,549.7663
35,826,49575,4,0,4.657,4.657,1.1643,1000.0,2.88,1.0,normal,554.4233
35,826,49590,11,0,31.68,31.68,2.88,1000.0,2.88,1.0,normal,586.1033
35,826,49605,9,1,11.1556,11.1556,1.2395,1000.0,2.88,1.0,normal,597.2589
35,827,49620,14,0,38.92,38.92,2.78,1000.0,2.78,1.0,normal,636.1789
35,827,49635,8,0,6.9448,6.9448,0.8681,1000.0,2.78,1.0,normal,643.1237
35,827,49650,6,1,16.68,16.68,2.78,1000.0,2.78,1.0,normal,659.8037
35,827,49665,9,0,17.1277,17.1277,1.9031,1000.0,2.78,1.0,normal,676.9314
35,828,49680,6,0,0.3539,0.3539,0.059,1000.0,3.09,1.0,normal,677.2853
35,828,49695,9,0,27.81,27.81,3.09,1000.0,3.09,1.0,normal,705.0953
35,828,49710,10,0,9.8096,9.8096,0.981,1000.0,3.09,1.0,normal,714.9049
35,828,49725,5,0,9.1792,9.1792,1.8358,1000.0,3.09,1.0,normal,724.0841
35,829,49740,8,0,0.7514,0.7514,0.0939,1000.0,2.99,1.0,normal,724.8355
35,829,49755,11,1,18.1689,18.1689,1.6517,1000.0,2.99,1.0,normal,743.0044
35,829,49770,14,1,23.0888,23.0888,1.6492,1000.0,2.99,1.0,normal,766.0932
35,829,49785,10,0,22.5428,22.5428,2.2543,1000.0,2.99,1.0,normal,788.636
35,830,49800,6,0,17.28,17.28,2.88,1000.0,2.88,1.0,normal,805.916
35,830,49815,4,0,2.186,2.186,0.5465,1000.0,2.88,1.0,normal,808.102
35,830,49830,6,0,14.7339,14.7339,2.4556,1000.0,2.88,1.0,normal,822.8359
35,830,49845,8,0,23.04,23.04,2.88,1000.0,2.88,1.0,normal,845.8759
35,831,49860,8,0,22.24,22.24,2.78,1000.0,2.78,1.0,normal,868.1159
35,831,49875,11,0,30.58,30.58,2.78,1000.0,2.78,1.0,normal,898.6959
35,831,49890,7,0,15.4228,15.4228,2.2033,1000.0,2.78,1.0,budget_constrained,914.1187
35,831,49905,7,0,9.088,9.088,1.2983,1000.0,2.78,1.0,budget_constrained,923.2067
35,832,49920,4,0,10.1898,10.1898,2.5474,1000.0,2.78,1.0,budget_constrained,933.3965
35,832,49935,5,0,2.543,2.543,0.5086,1000.0,2.78,1.0,budget_constrained,935.9395
35,832,49950,3,0,1.1375,1.1375,0.3792,1000.0,2.78,1.0,budget_constrained,937.077
35,832,49965,6,0,14.2445,14.2445,2.3741,1000.0,2.78,1.0,budget_constrained,951.3215
35,833,49980,4,0,10.76,10.76,2.69,1000.0,2.69,1.0,budget_constrained,962.0815
35,833,49995,1,0,2.69,2.69,2.69,1000.0,2.69,1.0,budget_constrained,964.7715
35,833,50010,8,0,21.52,21.52,2.69,1000.0,2.69,1.0,budget_constrained,986.2915
35,833,50025,7,0,12.8456,12.8456,1.8351,1000.0,2.69,1.0,budget_constrained,999.1371
35,834,50040,0,0,0.8629,0.8629,2.59,1000.0,2.59,1.0,budget_depleted,1000.0
35,834,50055,0,0,0.0,0.0,0.0,1000.0,2.59,1.0,budget_depleted,1000.0
35,834,50070,0,0,0.0,0.0,0.0,1000.0,2.59,1.0,budget_depleted,1000.0
35,834,50085,0,0,0.0,0.0,0.0,1000.0,2.59,1.0,budget_depleted,1000.0
35,835,50100,0,0,0.0,0.0,0.0,1000.0,2.5,1.0,budget_depleted,1000.0
35,835,50115,0,0,0.0,0.0,0.0,1000.0,2.5,1.0,budget_depleted,1000.0
35,835,50130,0,0,0.0,0.0,0.0,1000.0,2.5,1.0,budget_depleted,1000.0
35,835,50145,0,0,0.0,0.0,0.0,1000.0,2.5,1.0,budget_depleted,1000.0
35,836,50160,0,0,0.0,0.0,0.0,1000.0,2.5,1.0,budget_depleted,1000.0
35,836,50175,0,0,0.0,0.0,0.0,1000.0,2.5,1.0,budget_depleted,1000.0
35,836,50190,0,0,0.0,0.0,0.0,1000.0,2.5,1.0,budget_depleted,1000.0
35,836,50205,0,0,0.0,0.0,0.0,1000.0,2.5,1.0,budget_depleted,1000.0
35,837,50220,0,0,0.0,0.0,0.0,1000.0,2.05,1.0,budget_depleted,1000.0
35,837,50235,0,0,0.0,0.0,0.0,1000.0,2.05,1.0,budget_depleted,1000.0
35,837,50250,0,0,0.0,0.0,0.0,1000.0,2.05,1.0,budget_depleted,1000.0
35,837,50265,0,0,0.0,0.0,0.0,1000.0,2.05,1.0,budget_depleted,1000.0
35,838,50280,0,0,0.0,0.0,0.0,1000.0,1.68,1.0,budget_depleted,1000.0
35,838,50295,0,0,0.0,0.0,0.0,1000.0,1.68,1.0,budget_depleted,1000.0
35,838,50310,0,0,0.0,0.0,0.0,1000.0,1.68,1.0,budget_depleted,1000.0
35,838,50325,0,0,0.0,0.0,0.0,1000.0,1.68,1.0,budget_depleted,1000.0
35,839,50340,0,0,0.0,0.0,0.0,1000.0,0.83,1.0,budget_depleted,1000.0
35,839,50355,0,0,0.0,0.0,0.0,1000.0,0.83,1.0,budget_depleted,1000.0
35,839,50370,0,0,0.0,0.0,0.0,1000.0,0.83,1.0,budget_depleted,1000.0
35,839,50385,0,0,0.0,0.0,0.0,1000.0,0.83,1.0,budget_depleted,1000.0
36,840,50400,0,0,0.0,0.0,0.0,1000.0,0.83,1.0,normal,0.0
36,840,50415,4,0,1.2085,1.2085,0.3021,1000.0,0.83,1.0,normal,1.2085
36,840,50430,1,0,0.83,0.83,0.83,1000.0,0.83,1.0,normal,2.0385
36,840,50445,5,1,0.686,0.686,0.1372,1000.0,0.83,1.0,normal,2.7245
36,841,50460,1,0,0.3278,0.3278,0.3278,1000.0,0.82,1.0,normal,3.0523
36,841,50475,2,0,1.265,1.265,0.6325,1000.0,0.82,1.0,normal,4.3173
36,841,50490,1,0,0.0638,0.0638,0.0638,1000.0,0.82,1.0,normal,4.3811
36,841,50505,1,0,0.82,0.82,0.82,1000.0,0.82,1.0,normal,5.2011
36,842,50520,3,0,0.2581,0.2581,0.086,1000.0,0.81,1.0,normal,5.4592
36,842,50535,0,0,0.0,0.0,0.81,1000.0,0.81,1.0,normal,5.4592
36,842,50550,3,1,0.0253,0.0253,0.0084,1000.0,0.81,1.0,normal,5.4845
36,842,50565,0,0,0.0,0.0,0.81,1000.0,0.81,1.0,normal,5.4845
36,843,50580,7,2,5.6,2.8,0.8,1000.0,0.8,1.0,normal,11.0845
36,843,50595,3,0,0.7328,0.7328,0.2443,1000.0,0.8,1.0,normal,11.8173
36,843,50610,1,0,0.8,0.8,0.8,1000.0,0.8,1.0,normal,12.6173
36,843,50625,2,0,1.6,1.6,0.8,1000.0,0.8,1.0,normal,14.2173
36,844,50640,0,0,0.0,0.0,1.04,1000.0,1.04,1.0,normal,14.2173
36,844,50655,2,0,2.08,2.08,1.04,1000.0,1.04,1.0,normal,16.2973
36,844,50670,2,0,2.08,2.08,1.04,1000.0,1.04,1.0,normal,18.3773
36,844,50685,2,0,2.08,2.08,1.04,1000.0,1.04,1.0,normal,20.4573
36,845,50700,3,0,1.8475,1.8475,0.6158,1000.0,1.04,1.0,normal,22.3048
36,845,50715,4,0,4.16,4.16,1.04,1000.0,1.04,1.0,normal,26.4648
36,845,50730,2,0,1.9814,1.9814,0.9907,1000.0,1.04,1.0,normal,28.4462
36,845,50745,2,0,2.08,2.08,1.04,1000.0,1.04,1.0,normal,30.5262
36,846,50760,3,0,0.8705,0.8705,0.2902,1000.0,1.04,1.0,normal,31.3967
36,846,50775,1,0,1.04,1.04,1.04,1000.0,1.04,1.0,normal,32.4367
36,846,50790,3,0,3.12,3.12,1.04,1000.0,1.04,1.0,normal,35.5567
36,846,50805,3,0,3.12,3.12,1.04,1000.0,1.04,1.0,normal,38.6767
36,847,50820,4,0,4.16,4.16,1.04,1000.0,1.04,1.0,normal,42.8367
36,847,50835,3,0,3.12,3.12,1.04,1000.0,1.04,1.0,normal,45.9567
36,847,50850,2,0,2.08,2.08,1.04,1000.0,1.04,1.0,normal,48.0367
36,847,50865,1,0,1.04,1.04,1.04,1000.0,1.04,1.0,normal,49.0767
36,848,50880,3,0,3.12,3.12,1.04,1000.0,1.04,1.0,normal,52.1967
36,848,50895,2,0,0.8431,0.8431,0.4215,1000.0,1.04,1.0,normal,53.0398
36,848,50910,7,0,7.28,7.28,1.04,1000.0,1.04,1.0,normal,60.3198
36,848,50925,2,0,0.7651,0.7651,0.3825,1000.0,1.04,1.0,normal,61.0849
36,849,50940,4,0,4.32,4.32,1.08,1000.0,1.08,1.0,normal,65.4049
36,849,50955,5,0,3.7598,3.7598,0.752,1000.0,1.08,1.0,normal,69.1647
36,849,50970,2,0,0.5229,0.5229,0.2615,1000.0,1.08,1.0,normal,69.6876
36,849,50985,2,0,2.16,2.16,1.08,1000.0,1.08,1.0,normal,71.8476
36,850,51000,1,0,1.12,1.12,1.12,1000.0,1.12,1.0,normal,72.9676
36,850,51015,2,0,2.24,2.24,1.12,1000.0,1.12,1.0,normal,75.2076
36,850,51030,1,0,1.12,1.12,1.12,1000.0,1.12,1.0,normal,76.3276
36,850,51045,2,0,2.24,2.24,1.12,1000.0,1.12,1.0,normal,78.5676
36,851,51060,3,0,3.48,3.48,1.16,1000.0,1.16,1.0,normal,82.0476
36,851,51075,2,0,2.0227,2.0227,1.0113,1000.0,1.16,1.0,normal,84.0703
36,851,51090,3,0,3.48,3.48,1.16,1000.0,1.16,1.0,normal,87.5503
36,851,51105,1,0,1.16,1.16,1.16,1000.0,1.16,1.0,normal,88.7103
36,852,51120,2,0,2.32,2.32,1.16,1000.0,1.16,1.0,normal,91.0303
36,852,51135,3,0,1.063,1.063,0.3543,1000.0,1.16,1.0,normal,92.0933
36,852,51150,2,0,2.32,2.32,1.16,1000.0,1.16,1.0,normal,94.4133
36,852,51165,3,0,3.48,3.48,1.16,1000.0,1.16,1.0,normal,97.8933
36,853,51180,2,0,2.4,2.4,1.2,1000.0,1.2,1.0,normal,100.2933
36,853,51195,2,0,2.4,2.4,1.2,1000.0,1.2,1.0,normal,102.6933
36,853,51210,1,0,1.2,1.2,1.2,1000.0,1.2,1.0,normal,103.8933
36,853,51225,2,0,2.4,2.4,1.2,1000.0,1.2,1.0,normal,106.2933
36,854,51240,2,0,1.5901,1.5901,0.795,1000.0,1.24,1.0,normal,107.8834
36,854,51255,5,0,3.174,3.174,0.6348,1000.0,1.24,1.0,normal,111.0574
36,854,51270,5,1,6.2,6.2,1.24,1000.0,1.24,1.0,normal,117.2574
36,854,51285,4,0,4.96,4.96,1.24,1000.0,1.24,1.0,normal,122.2174
36,855,51300,5,0,6.4,6.4,1.28,1000.0,1.28,1.0,normal,128.6174
36,855,51315,4,0,5.12,5.12,1.28,1000.0,1.28,1.0,normal,133.7374
36,855,51330,6,1,7.0116,7.0116,1.1686,1000.0,1.28,1.0,normal,140.749
36,855,51345,4,0,5.12,5.12,1.28,1000.0,1.28,1.0,normal,145.869
36,856,51360,4,0,3.0983,3.0983,0.7746,1000.0,1.28,1.0,normal,148.9673
36,856,51375,5,0,6.4,6.4,1.28,1000.0,1.28,1.0,normal,155.3673
36,856,51390,3,0,3.84,3.84,1.28,1000.0,1.28,1.0,normal,159.2073
36,856,51405,4,0,1.3548,1.3548,0.3387,1000.0,1.28,1.0,normal,160.5621
36,857,51420,1,0,0.7117,0.7117,0.7117,1000.0,1.32,1.0,normal,161.2738
36,857,51435,3,0,3.96,3.96,1.32,1000.0,1.32,1.0,normal,165.2338
36,857,51450,3,0,2.4496,2.4496,0.8165,1000.0,1.32,1.0,normal,167.6834
36,857,51465,5,0,5.9748,5.9748,1.195,1000.0,1.32,1.0,normal,173.6582
36,858,51480,2,0,2.74,2.74,1.37,1000.0,1.37,1.0,normal,176.3982
36,858,51495,4,0,5.48,5.48,1.37,1000.0,1.37,1.0,normal,181.8782
36,858,51510,3,0,3.7091,3.7091,1.2364,1000.0,1.37,1.0,normal,185.5873
36,858,51525,7,1,9.59,9.59,1.37,1000.0,1.37,1.0,normal,195.1773
36,859,51540,4,0,1.3019,1.3019,0.3255,1000.0,1.41,1.0,normal,196.4792
36,859,51555,3,0,4.23,4.23,1.41,1000.0,1.41,1.0,normal,200.7092
36,859,51570,5,0,3.081,3.081,0.6162,1000.0,1.41,1.0,normal,203.7902
36,859,51585,1,0,0.9404,0.9404,0.9404,1000.0,1.41,1.0,normal,204.7306
36,860,51600,2,0,2.82,2.82,1.41,1000.0,1.41,1.0,normal,207.5506
36,860,51615,5,0,6.9096,6.9096,1.3819,1000.0,1.41,1.0,normal,214.4602
36,860,51630,6,0,8.46,8.46,1.41,1000.0,1.41,1.0,normal,222.9202
36,860,51645,5,0,6.4803,6.4803,1.2961,1000.0,1.41,1.0,normal,229.4005
36,861,51660,3,0,4.38,4.38,1.46,1000.0,1.46,1.0,normal,233.7805
36,861,51675,3,0,0.1892,0.1892,0.0631,1000.0,1.46,1.0,normal,233.9697
36,861,51690,1,0,0.2652,0.2652,0.2652,1000.0,1.46,1.0,normal,234.2349
36,861,51705,6,0,8.76,8.76,1.46,1000.0,1.46,1.0,normal,242.9949
36,862,51720,5,0,4.0488,4.0488,0.8098,1000.0,1.5,1.0,normal,247.0437
36,862,51735,8,1,5.22,5.22,0.6525,1000.0,1.5,1.0,normal,252.2637
36,862,51750,3,0,4.5,4.5,1.5,1000.0,1.5,1.0,normal,256.7637
36,862,51765,4,0,6.0,6.0,1.5,1000.0,1.5,1.0,normal,262.7637
36,863,51780,2,0,3.1,3.1,1.55,1000.0,1.55,1.0,normal,265.8637
36,863,51795,4,0,1.934,1.934,0.4835,1000.0,1.55,1.0,normal,267.7977
36,863,51810,5,1,7.75,7.75,1.55,1000.0,1.55,1.0,normal,275.5477
36,863,51825,4,0,5.7525,5.7525,1.4381,1000.0,1.55,1.0,normal,281.3002
37,864,51840,6,0,3.1419,3.1419,0.5236,1000.0,1.55,1.0,normal,3.1419
37,864,51855,0,0,0.0,0.0,1.456,1000.0,1.55,1.0,normal,3.1419
37,864,51870,2,0,1.7761,1.7761,0.8881,1000.0,1.55,1.0,normal,4.918
37,864,51885,5,0,5.8596,5.8596,1.1719,1000.0,1.55,1.0,normal,10.7776
37,865,51900,6,0,9.6,9.6,1.6,1000.0,1.6,1.0,normal,20.3776
37,865,51915,4,0,2.6882,2.6882,0.672,1000.0,1.6,1.0,normal,23.0658
37,865,51930,6,0,5.1657,5.1657,0.861,1000.0,1.6,1.0,normal,28.2315
37,865,51945,5,0,4.0715,4.0715,0.8143,1000.0,1.6,1.0,normal,32.303
37,866,51960,3,0,4.98,4.98,1.66,1000.0,1.66,1.0,normal,37.283
37,866,51975,5,0,8.3,8.3,1.66,1000.0,1.66,1.0,normal,45.583
37,866,51990,4,0,0.5728,0.5728,0.1432,1000.0,1.66,1.0,normal,46.1558
37,866,52005,7,0,4.8721,4.8721,0.696,1000.0,1.66,1.0,normal,51.0279
37,867,52020,8,0,13.68,13.68,1.71,1000.0,1.71,1.0,normal,64.7079
37,867,52035,6,1,10.26,10.26,1.71,1000.0,1.71,1.0,normal,74.9679
37,867,52050,5,0,1.1087,1.1087,0.2217,1000.0,1.71,1.0,normal,76.0766
37,867,52065,2,0,3.42,3.42,1.71,1000.0,1.71,1.0,normal,79.4966
37,868,52080,2,0,3.0207,3.0207,1.5103,1000.0,1.71,1.0,normal,82.5173
37,868,52095,6,0,5.7173,5.7173,0.9529,1000.0,1.71,1.0,normal,88.2346
37,868,52110,6,0,10.26,10.26,1.71,1000.0,1.71,1.0,normal,98.4946
37,868,52125,10,0,17.1,17.1,1.71,1000.0,1.71,1.0,normal,115.5946
37,869,52140,5,0,8.85,8.85,1.77,1000.0,1.77,1.0,normal,124.4446
37,869,52155,4,0,7.08,7.08,1.77,1000.0,1.77,1.0,normal,131.5246
37,869,52170,4,0,7.08,7.08,1.77,1000.0,1.77,1.0,normal,138.6046
37,869,52185,3,0,5.31,5.31,1.77,1000.0,1.77,1.0,normal,143.9146
37,870,52200,4,0,6.6516,6.6516,1.6629,1000.0,1.82,1.0,normal,150.5662
37,870,52215,5,0,9.1,9.1,1.82,1000.0,1.82,1.0,normal,159.6662
37,870,52230,2,0,3.64,3.64,1.82,1000.0,1.82,1.0,normal,163.3062
37,870,52245,5,0,3.5633,3.5633,0.7127,1000.0,1.82,1.0,normal,166.8695
37,871,52260,3,0,5.2929,5.2929,1.7643,1000.0,1.88,1.0,normal,172.1624
37,871,52275,1,0,1.88,1.88,1.88,1000.0,1.88,1.0,normal,174.0424
37,871,52290,3,0,5.64,5.64,1.88,1000.0,1.88,1.0,normal,179.6824
37,871,52305,3,0,3.2102,3.2102,1.0701,1000.0,1.88,1.0,normal,182.8926
37,872,52320,9,0,21.96,21.96,2.44,1000.0,2.44,1.0,normal,204.8526
37,872,52335,3,1,0.6936,0.6936,0.2312,1000.0,2.44,1.0,normal,205.5462
37,872,52350,5,0,7.3908,7.3908,1.4782,1000.0,2.44,1.0,normal,212.937
37,872,52365,14,2,14.2709,7.1354,1.0193,1000.0,2.44,1.0,normal,227.2079
37,873,52380,6,0,15.12,15.12,2.52,1000.0,2.52,1.0,normal,242.3279
37,873,52395,6,1,15.12,15.12,2.52,1000.0,2.52,1.0,normal,257.4479
37,873,52410,5,0,12.6,12.6,2.52,1000.0,2.52,1.0,normal,270.0479
37,873,52425,5,0,1.8802,1.8802,0.376,1000.0,2.52,1.0,normal,271.9281
37,874,52440,6,0,15.6,15.6,2.6,1000.0,2.6,1.0,normal,287.5281
37,874,52455,4,0,9.9019,9.9019,2.4755,1000.0,2.6,1.0,normal,297.43
37,874,52470,8,0,4.2581,4.2581,0.5323,1000.0,2.6,1.0,normal,301.6881
37,874,52485,7,0,3.9225,3.9225,0.5604,1000.0,2.6,1.0,normal,305.6106
37,875,52500,6,0,10.5277,10.5277,1.7546,1000.0,2.68,1.0,normal,316.1383
37,875,52515,6,0,16.08,16.08,2.68,1000.0,2.68,1.0,normal,332.2183
37,875,52530,6,0,16.08,16.08,2.68,1000.0,2.68,1.0,normal,348.2983
37,875,52545,10,2,26.8,13.4,2.68,1000.0,2.68,1.0,normal,375.0983
37,876,52560,7,0,18.76,18.76,2.68,1000.0,2.68,1.0,normal,393.8583
37,876,52575,6,0,16.08,16.08,2.68,1000.0,2.68,1.0,normal,409.9383
37,876,52590,8,0,0.284,0.284,0.0355,1000.0,2.68,1.0,normal,410.2223
37,876,52605,5,0,2.8802,2.8802,0.576,1000.0,2.68,1.0,normal,413.1025
37,877,52620,9,0,25.02,25.02,2.78,1000.0,2.78,1.0,normal,438.1225
37,877,52635,6,0,15.4756,15.4756,2.5793,1000.0,2.78,1.0,normal,453.5981
37,877,52650,4,0,11.12,11.12,2.78,1000.0,2.78,1.0,normal,464.7181
37,877,52665,5,0,0.6673,0.6673,0.1335,1000.0,2.78,1.0,normal,465.3854
37,878,52680,7,0,20.16,20.16,2.88,1000.0,2.88,1.0,normal,485.5454
37,878,52695,8,0,23.04,23.04,2.88,1000.0,2.88,1.0,normal,508.5854
37,878,52710,6,1,10.2863,10.2863,1.7144,1000.0,2.88,1.0,normal,518.8717
37,878,52725,7,0,20.16,20.16,2.88,1000.0,2.88,1.0,normal,539.0317
37,879,52740,4,0,12.0,12.0,3.0,1000.0,3.0,1.0,normal,551.0317
37,879,52755,10,0,19.009,19.009,1.9009,1000.0,3.0,1.0,normal,570.0407
37,879,52770,12,0,33.0325,33.0325,2.7527,1000.0,3.0,1.0,normal,603.0732
37,879,52785,7,0,16.8282,16.8282,2.404,1000.0,3.0,1.0,normal,619.9014
37,880,52800,0,0,0.0,0.0,0.01,1000.0,0.01,1.0,normal,619.9014
37,880,52815,1,0,0.01,0.01,0.01,1000.0,0.01,1.0,normal,619.9114
37,880,52830,0,0,0.0,0.0,0.01,1000.0,0.01,1.0,normal,619.9114
37,880,52845,0,0,0.0,0.0,0.01,1000.0,0.01,1.0,normal,619.9114
37,881,52860,0,0,0.0,0.0,0.01,1000.0,0.01,1.0,normal,619.9114
37,881,52875,0,0,0.0,0.0,0.01,1000.0,0.01,1.0,normal,619.9114
37,881,52890,0,0,0.0,0.0,0.01,1000.0,0.01,1.0,normal,619.9114
37,881,52905,0,0,0.0,0.0,0.01,1000.0,0.01,1.0,normal,619.9114
37,882,52920,0,0,0.0,0.0,0.01,1000.0,0.01,1.0,normal,619.9114
37,882,52935,0,0,0.0,0.0,0.01,1000.0,0.01,1.0,normal,619.9114
37,882,52950,0,0,0.0,0.0,0.01,1000.0,0.01,1.0,normal,619.9114
37,882,52965,0,0,0.0,0.0,0.01,1000.0,0.01,1.0,normal,619.9114
37,883,52980,0,0,0.0,0.0,0.01,1000.0,0.01,1.0,normal,619.9114
37,883,52995,0,0,0.0,0.0,0.01,1000.0,0.01,1.0,normal,619.9114
37,883,53010,0,0,0.0,0.0,0.01,1000.0,0.01,1.0,normal,619.9114
37,883,53025,0,0,0.0,0.0,0.01,1000.0,0.01,1.0,normal,619.9114
37,884,53040,11,0,1.6664,1.6664,0.1515,1000.0,4.2,1.0,normal,621.5778
37,884,53055,14,0,39.9712,39.9712,2.8551,1000.0,4.2,1.0,normal,661.549
37,884,53070,11,1,46.2,46.2,4.2,1000.0,4.2,1.0,normal,707.749
37,884,53085,9,0,1.1175,1.1175,0.1242,1000.0,4.2,1.0,normal,708.8665
37,885,53100,11,1,40.7908,40.7908,3.7083,1000.0,4.2,1.0,normal,749.6573
37,885,53115,12,0,18.4232,18.4232,1.5353,1000.0,4.2,1.0,normal,768.0805
37,885,53130,11,0,30.8568,30.8568,2.8052,1000.0,4.2,1.0,normal,798.9373
37,885,53145,13,0,38.8064,38.8064,2.9851,1000.0,4.2,1.0,normal,837.7437
37,886,53160,11,1,0.2345,0.2345,0.0213,1000.0,4.2,1.0,normal,837.9782
37,886,53175,10,1,23.7514,23.7514,2.3751,1000.0,4.2,1.0,normal,861.7296
37,886,53190,7,0,29.4,29.4,4.2,1000.0,4.2,1.0,normal,891.1296
37,886,53205,13,0,54.6,54.6,4.2,1000.0,4.2,1.0,budget_constrained,945.7296
37,887,53220,6,1,16.5721,16.5721,2.762,1000.0,4.2,1.0,budget_constrained,962.3017
37,887,53235,13,1,26.6143,26.6143,2.0473,1000.0,4.2,1.0,budget_constrained,988.916
37,887,53250,15,3,3.7878,1.2626,0.2525,1000.0,4.2,1.0,budget_constrained,992.7038
37,887,53265,3,1,7.2962,7.2962,2.1615,1000.0,4.2,1.0,budget_constrained,1000.0
