current_day,current_hour,current_minute,clicks,leads,spend,cpa,realized_cpc,daily_budget,max_bid,volatility,budget_status,current_day_spend
8,168,10080,0,0,0.0,0.0,0.0,1200.0,0.8,1.0,normal,0.0
8,168,10095,0,0,0.0,0.0,0.8,1200.0,0.8,1.0,normal,0.0
8,168,10110,2,1,1.021,1.021,0.5105,1200.0,0.8,1.0,normal,1.021
8,168,10125,1,0,0.1639,0.1639,0.1639,1200.0,0.8,1.0,normal,1.1849
8,169,10140,0,0,0.0,0.0,0.1622,1200.0,0.8,1.0,normal,1.1849
8,169,10155,3,0,1.3668,1.3668,0.4556,1200.0,0.8,1.0,normal,2.5517
8,169,10170,5,0,4.0,4.0,0.8,1200.0,0.8,1.0,normal,6.5517
8,169,10185,4,0,2.546,2.546,0.6365,1200.0,0.8,1.0,normal,9.0977
8,170,10200,2,0,1.6,1.6,0.8,1200.0,0.8,1.0,normal,10.6977
8,170,10215,3,0,2.4,2.4,0.8,1200.0,0.8,1.0,normal,13.0977
8,170,10230,2,0,1.6,1.6,0.8,1200.0,0.8,1.0,normal,14.6977
8,170,10245,2,0,0.3378,0.3378,0.1689,1200.0,0.8,1.0,normal,15.0355
8,171,10260,1,0,0.8,0.8,0.8,1200.0,0.8,1.0,normal,15.8355
8,171,10275,3,0,2.4,2.4,0.8,1200.0,0.8,1.0,normal,18.2355
8,171,10290,3,0,2.4,2.4,0.8,1200.0,0.8,1.0,normal,20.6355
8,171,10305,0,0,0.0,0.0,0.0129,1200.0,0.8,1.0,normal,20.6355
8,172,10320,1,0,0.0284,0.0284,0.0284,1200.0,0.9,1.0,normal,20.6639
8,172,10335,2,0,1.8,1.8,0.9,1200.0,0.9,1.0,normal,22.4639
8,172,10350,0,0,0.0,0.0,0.9,1200.0,0.9,1.0,normal,22.4639
8,172,10365,5,0,3.7882,3.7882,0.7576,1200.0,0.9,1.0,normal,26.2521
8,173,10380,2,0,1.8,1.8,0.9,1200.0,0.9,1.0,normal,28.0521
8,173,10395,3,0,2.7,2.7,0.9,1200.0,0.9,1.0,normal,30.7521
8,173,10410,3,0,2.7,2.7,0.9,1200.0,0.9,1.0,normal,33.4521
8,173,10425,2,0,1.5154,1.5154,0.7577,1200.0,0.9,1.0,normal,34.9675
8,174,10440,3,0,2.7,2.7,0.9,1200.0,0.9,1.0,normal,37.6675
8,174,10455,1,0,0.9,0.9,0.9,1200.0,0.9,1.0,normal,38.5675
8,174,10470,1,0,0.9,0.9,0.9,1200.0,0.9,1.0,normal,39.4675
8,174,10485,1,1,0.9,0.9,0.9,1200.0,0.9,1.0,normal,40.3675
8,175,10500,2,0,1.8,1.8,0.9,1200.0,0.9,1.0,normal,42.1675
8,175,10515,0,0,0.0,0.0,0.9,1200.0,0.9,1.0,normal,42.1675
8,175,10530,2,0,1.8,1.8,0.9,1200.0,0.9,1.0,normal,43.9675
8,175,10545,4,0,3.6,3.6,0.9,1200.0,0.9,1.0,normal,47.5675
8,176,10560,4,0,0.9136,0.9136,0.2284,1200.0,1.01,1.0,normal,48.4811
8,176,10575,3,0,3.03,3.03,1.01,1200.0,1.01,1.0,normal,51.5111
8,176,10590,4,1,4.04,4.04,1.01,1200.0,1.01,1.0,normal,55.5511
8,176,10605,4,0,4.04,4.04,1.01,1200.0,1.01,1.0,normal,59.5911
8,177,10620,2,0,2.02,2.02,1.01,1200.0,1.01,1.0,normal,61.6111
8,177,10635,3,0,3.03,3.03,1.01,1200.0,1.01,1.0,normal,64.6411
8,177,10650,2,0,2.02,2.02,1.01,1200.0,1.01,1.0,normal,66.6611
8,177,10665,1,0,0.0043,0.0043,0.0043,1200.0,1.01,1.0,normal,66.6654
8,178,10680,1,0,0.4786,0.4786,0.4786,1200.0,1.01,1.0,normal,67.144
8,178,10695,3,0,3.03,3.03,1.01,1200.0,1.01,1.0,normal,70.174
8,178,10710,4,0,0.354,0.354,0.0885,1200.0,1.01,1.0,normal,70.528
8,178,10725,2,0,2.02,2.02,1.01,1200.0,1.01,1.0,normal,72.548
8,179,10740,1,0,0.8267,0.8267,0.8267,1200.0,1.01,1.0,normal,73.3747
8,179,10755,4,0,2.2457,2.2457,0.5614,1200.0,1.01,1.0,normal,75.6204
8,179,10770,2,0,2.02,2.02,1.01,1200.0,1.01,1.0,normal,77.6404
8,179,10785,5,0,4.5763,4.5763,0.9153,1200.0,1.01,1.0,normal,82.2167
8,180,10800,0,0,0.0,0.0,0.01,1200.0,0.01,1.0,normal,82.2167
8,180,10815,0,0,0.0,0.0,0.01,1200.0,0.01,1.0,normal,82.2167
8,180,10830,0,0,0.0,0.0,0.01,1200.0,0.01,1.0,normal,82.2167
8,180,10845,0,0,0.0,0.0,0.01,1200.0,0.01,1.0,normal,82.2167
8,181,10860,0,0,0.0,0.0,0.01,1200.0,0.01,1.0,normal,82.2167
8,181,10875,0,0,0.0,0.0,0.01,1200.0,0.01,1.0,normal,82.2167
8,181,10890,0,0,0.0,0.0,0.01,1200.0,0.01,1.0,normal,82.2167
8,181,10905,0,0,0.0,0.0,0.01,1200.0,0.01,1.0,normal,82.2167
8,182,10920,0,0,0.0,0.0,0.01,1200.0,0.01,1.0,normal,82.2167
8,182,10935,0,0,0.0,0.0,0.01,1200.0,0.01,1.0,normal,82.2167
8,182,10950,0,0,0.0,0.0,0.01,1200.0,0.01,1.0,normal,82.2167
8,182,10965,0,0,0.0,0.0,0.01,1200.0,0.01,1.0,normal,82.2167
8,183,10980,0,0,0.0,0.0,0.01,1200.0,0.01,1.0,normal,82.2167
8,183,10995,0,0,0.0,0.0,0.01,1200.0,0.01,1.0,normal,82.2167
8,183,11010,0,0,0.0,0.0,0.01,1200.0,0.01,1.0,normal,82.2167
8,183,11025,0,0,0.0,0.0,0.01,1200.0,0.01,1.0,normal,82.2167
8,184,11040,14,0,10.6971,10.6971,0.7641,1200.0,4.2,1.0,normal,92.9138
8,184,11055,7,0,29.4,29.4,4.2,1200.0,4.2,1.0,normal,122.3138
8,184,11070,14,0,12.4463,12.4463,0.889,1200.0,4.2,1.0,normal,134.7601
8,184,11085,12,0,20.0741,20.0741,1.6728,1200.0,4.2,1.0,normal,154.8342
8,185,11100,17,0,16.7954,16.7954,0.988,1200.0,4.2,1.0,normal,171.6296
8,185,11115,12,0,50.4,50.4,4.2,1200.0,4.2,1.0,normal,222.0296
8,185,11130,13,0,13.7512,13.7512,1.0578,1200.0,4.2,1.0,normal,235.7808
8,185,11145,6,0,25.2,25.2,4.2,1200.0,4.2,1.0,normal,260.9808
8,186,11160,15,0,14.1557,14.1557,0.9437,1200.0,4.2,1.0,normal,275.1365
8,186,11175,14,0,58.8,58.8,4.2,1200.0,4.2,1.0,normal,333.9365
8,186,11190,10,0,14.7376,14.7376,1.4738,1200.0,4.2,1.0,normal,348.6741
8,186,11205,7,0,11.2717,11.2717,1.6102,1200.0,4.2,1.0,normal,359.9458
8,187,11220,14,0,1.4091,1.4091,0.1007,1200.0,4.2,1.0,normal,361.3549
8,187,11235,10,0,33.7047,33.7047,3.3705,1200.0,4.2,1.0,normal,395.0596
8,187,11250,14,1,47.9199,47.9199,3.4228,1200.0,4.2,1.0,normal,442.9795
8,187,11265,6,1,18.6971,18.6971,3.1162,1200.0,4.2,1.0,normal,461.6766
8,188,11280,10,1,47.0,47.0,4.7,1200.0,4.7,1.0,normal,508.6766
8,188,11295,14,1,55.0241,55.0241,3.9303,1200.0,4.7,1.0,normal,563.7007
8,188,11310,6,0,20.4058,20.4058,3.401,1200.0,4.7,1.0,normal,584.1065
8,188,11325,19,0,23.9268,23.9268,1.2593,1200.0,4.7,1.0,normal,608.0333
8,189,11340,10,0,14.6058,14.6058,1.4606,1200.0,4.7,1.0,normal,622.6391
8,189,11355,12,0,56.4,56.4,4.7,1200.0,4.7,1.0,normal,679.0391
8,189,11370,11,0,51.7,51.7,4.7,1200.0,4.7,1.0,normal,730.7391
8,189,11385,9,0,10.2278,10.2278,1.1364,1200.0,4.7,1.0,normal,740.9669
8,190,11400,9,0,16.3067,16.3067,1.8119,1200.0,4.7,1.0,normal,757.2736
8,190,11415,10,0,47.0,47.0,4.7,1200.0,4.7,1.0,normal,804.2736
8,190,11430,13,0,61.1,61.1,4.7,1200.0,4.7,1.0,normal,865.3736
8,190,11445,11,0,51.6814,51.6814,4.6983,1200.0,4.7,1.0,normal,917.055
8,191,11460,15,0,59.7482,59.7482,3.9832,1200.0,4.7,1.0,normal,976.8032
8,191,11475,9,1,17.5706,17.5706,1.9523,1200.0,4.7,1.0,normal,994.3738
8,191,11490,13,0,20.7522,20.7522,1.5963,1200.0,4.7,1.0,normal,1015.126
8,191,11505,13,0,32.6328,32.6328,2.5102,1200.0,4.7,1.0,normal,1047.7588
9,192,11520,0,0,0.0,0.0,0.01,1200.0,0.01,1.0,normal,0.0
9,192,11535,0,0,0.0,0.0,0.01,1200.0,0.01,1.0,normal,0.0
9,192,11550,0,0,0.0,0.0,0.01,1200.0,0.01,1.0,normal,0.0
9,192,11565,0,0,0.0,0.0,0.01,1200.0,0.01,1.0,normal,0.0
9,193,11580,0,0,0.0,0.0,0.01,1200.0,0.01,1.0,normal,0.0
9,193,11595,0,0,0.0,0.0,0.01,1200.0,0.01,1.0,normal,0.0
9,193,11610,0,0,0.0,0.0,0.01,1200.0,0.01,1.0,normal,0.0
9,193,11625,0,0,0.0,0.0,0.01,1200.0,0.01,1.0,normal,0.0
9,194,11640,0,0,0.0,0.0,0.01,1200.0,0.01,1.0,normal,0.0
9,194,11655,0,0,0.0,0.0,0.01,1200.0,0.01,1.0,normal,0.0
9,194,11670,0,0,0.0,0.0,0.01,1200.0,0.01,1.0,normal,0.0
9,194,11685,0,0,0.0,0.0,0.01,1200.0,0.01,1.0,normal,0.0
9,195,11700,0,0,0.0,0.0,0.01,1200.0,0.01,1.0,normal,0.0
9,195,11715,0,0,0.0,0.0,0.01,1200.0,0.01,1.0,normal,0.0
9,195,11730,0,0,0.0,0.0,0.01,1200.0,0.01,1.0,normal,0.0
9,195,11745,0,0,0.0,0.0,0.01,1200.0,0.01,1.0,normal,0.0
9,196,11760,1,0,0.5,0.5,0.5,1200.0,0.5,1.0,normal,0.5
9,196,11775,1,0,0.5,0.5,0.5,1200.0,0.5,1.0,normal,1.0
9,196,11790,0,0,0.0,0.0,0.3423,1200.0,0.5,1.0,normal,1.0
9,196,11805,1,0,0.5,0.5,0.5,1200.0,0.5,1.0,normal,1.5
9,197,11820,0,0,0.0,0.0,0.5,1200.0,0.5,1.0,normal,1.5
9,197,11835,2,1,0.1253,0.1253,0.0627,1200.0,0.5,1.0,normal,1.6253
9,197,11850,3,0,1.5,1.5,0.5,1200.0,0.5,1.0,normal,3.1253
9,197,11865,2,0,1.0,1.0,0.5,1200.0,0.5,1.0,normal,4.1253
9,198,11880,3,0,1.5,1.5,0.5,1200.0,0.5,1.0,normal,5.6253
9,198,11895,1,0,0.0732,0.0732,0.0732,1200.0,0.5,1.0,normal,5.6985
9,198,11910,0,0,0.0,0.0,0.5,1200.0,0.5,1.0,normal,5.6985
9,198,11925,1,0,0.5,0.5,0.5,1200.0,0.5,1.0,normal,6.1985
9,199,11940,1,0,0.5,0.5,0.5,1200.0,0.5,1.0,normal,6.6985
9,199,11955,0,0,0.0,0.0,0.5,1200.0,0.5,1.0,normal,6.6985
9,199,11970,4,0,2.0,2.0,0.5,1200.0,0.5,1.0,normal,8.6985
9,199,11985,5,0,0.1689,0.1689,0.0338,1200.0,0.5,1.0,normal,8.8674
9,200,12000,1,0,0.4439,0.4439,0.4439,1200.0,0.5,1.0,normal,9.3113
9,200,12015,3,1,1.5,1.5,0.5,1200.0,0.5,1.0,normal,10.8113
9,200,12030,1,0,0.5,0.5,0.5,1200.0,0.5,1.0,normal,11.3113
9,200,12045,3,0,1.146,1.146,0.382,1200.0,0.5,1.0,normal,12.4573
9,201,12060,1,0,0.5,0.5,0.5,1200.0,0.5,1.0,normal,12.9573
9,201,12075,0,0,0.0,0.0,0.0998,1200.0,0.5,1.0,normal,12.9573
9,201,12090,2,0,1.0,1.0,0.5,1200.0,0.5,1.0,normal,13.9573
9,201,12105,1,0,0.175,0.175,0.175,1200.0,0.5,1.0,normal,14.1323
9,202,12120,3,0,1.5,1.5,0.5,1200.0,0.5,1.0,normal,15.6323
9,202,12135,0,0,0.0,0.0,0.5,1200.0,0.5,1.0,normal,15.6323
9,202,12150,0,0,0.0,0.0,0.5,1200.0,0.5,1.0,normal,15.6323
9,202,12165,1,0,0.5,0.5,0.5,1200.0,0.5,1.0,normal,16.1323
9,203,12180,0,0,0.0,0.0,0.5,1200.0,0.5,1.0,normal,16.1323
9,203,12195,2,0,1.0,1.0,0.5,1200.0,0.5,1.0,normal,17.1323
9,203,12210,1,0,0.5,0.5,0.5,1200.0,0.5,1.0,normal,17.6323
9,203,12225,2,0,1.0,1.0,0.5,1200.0,0.5,1.0,normal,18.6323
9,204,12240,0,0,0.0,0.0,0.4604,1200.0,0.5,1.0,normal,18.6323
9,204,12255,2,0,0.2824,0.2824,0.1412,1200.0,0.5,1.0,normal,18.9147
9,204,12270,1,0,0.5,0.5,0.5,1200.0,0.5,1.0,normal,19.4147
9,204,12285,1,0,0.5,0.5,0.5,1200.0,0.5,1.0,normal,19.9147
9,205,12300,3,0,1.2799,1.2799,0.4266,1200.0,0.5,1.0,normal,21.1946
9,205,12315,4,0,1.0852,1.0852,0.2713,1200.0,0.5,1.0,normal,22.2798
9,205,12330,1,0,0.2953,0.2953,0.2953,1200.0,0.5,1.0,normal,22.5751
9,205,12345,1,0,0.5,0.5,0.5,1200.0,0.5,1.0,normal,23.0751
9,206,12360,1,0,0.5,0.5,0.5,1200.0,0.5,1.0,normal,23.5751
9,206,12375,3,0,1.5,1.5,0.5,1200.0,0.5,1.0,normal,25.0751
9,206,12390,0,0,0.0,0.0,0.5,1200.0,0.5,1.0,normal,25.0751
9,206,12405,2,0,1.0,1.0,0.5,1200.0,0.5,1.0,normal,26.0751
9,207,12420,1,0,0.5,0.5,0.5,1200.0,0.5,1.0,normal,26.5751
9,207,12435,1,0,0.4201,0.4201,0.4201,1200.0,0.5,1.0,normal,26.9952
9,207,12450,1,0,0.5,0.5,0.5,1200.0,0.5,1.0,normal,27.4952
9,207,12465,1,0,0.0226,0.0226,0.0226,1200.0,0.5,1.0,normal,27.5178
9,208,12480,0,0,0.0,0.0,0.5,1200.0,0.5,1.0,normal,27.5178
9,208,12495,2,0,1.0,1.0,0.5,1200.0,0.5,1.0,normal,28.5178
9,208,12510,1,0,0.5,0.5,0.5,1200.0,0.5,1.0,normal,29.0178
9,208,12525,1,0,0.5,0.5,0.5,1200.0,0.5,1.0,normal,29.5178
9,209,12540,3,0,1.5,1.5,0.5,1200.0,0.5,1.0,normal,31.0178
9,209,12555,2,0,1.0,1.0,0.5,1200.0,0.5,1.0,normal,32.0178
9,209,12570,2,0,1.0,1.0,0.5,1200.0,0.5,1.0,normal,33.0178
9,209,12585,1,0,0.5,0.5,0.5,1200.0,0.5,1.0,normal,33.5178
9,210,12600,1,0,0.5,0.5,0.5,1200.0,0.5,1.0,normal,34.0178
9,210,12615,1,0,0.4662,0.4662,0.4662,1200.0,0.5,1.0,normal,34.484
9,210,12630,5,0,2.5,2.5,0.5,1200.0,0.5,1.0,normal,36.984
9,210,12645,1,0,0.5,0.5,0.5,1200.0,0.5,1.0,normal,37.484
9,211,12660,0,0,0.0,0.0,0.2101,1200.0,0.5,1.0,normal,37.484
9,211,12675,1,0,0.3381,0.3381,0.3381,1200.0,0.5,1.0,normal,37.8221
9,211,12690,0,0,0.0,0.0,0.5,1200.0,0.5,1.0,normal,37.8221
9,211,12705,4,0,2.0,2.0,0.5,1200.0,0.5,1.0,normal,39.8221
9,212,12720,1,0,0.054,0.054,0.054,1200.0,0.5,1.0,normal,39.8761
9,212,12735,1,0,0.5,0.5,0.5,1200.0,0.5,1.0,normal,40.3761
9,212,12750,1,0,0.5,0.5,0.5,1200.0,0.5,1.0,normal,40.8761
9,212,12765,2,0,0.1145,0.1145,0.0573,1200.0,0.5,1.0,normal,40.9906
9,213,12780,0,0,0.0,0.0,0.5,1200.0,0.5,1.0,normal,40.9906
9,213,12795,2,0,1.0,1.0,0.5,1200.0,0.5,1.0,normal,41.9906
9,213,12810,1,0,0.5,0.5,0.5,1200.0,0.5,1.0,normal,42.4906
9,213,12825,2,0,1.0,1.0,0.5,1200.0,0.5,1.0,normal,43.4906
9,214,12840,0,0,0.0,0.0,0.5,1200.0,0.5,1.0,normal,43.4906
9,214,12855,2,0,0.891,0.891,0.4455,1200.0,0.5,1.0,normal,44.3816
9,214,12870,0,0,0.0,0.0,0.2154,1200.0,0.5,1.0,normal,44.3816
9,214,12885,1,0,0.5,0.5,0.5,1200.0,0.5,1.0,normal,44.8816
9,215,12900,0,0,0.0,0.0,0.5,1200.0,0.5,1.0,normal,44.8816
9,215,12915,0,0,0.0,0.0,0.5,1200.0,0.5,1.0,normal,44.8816
9,215,12930,0,0,0.0,0.0,0.5,1200.0,0.5,1.0,normal,44.8816
9,215,12945,1,0,0.0197,0.0197,0.0197,1200.0,0.5,1.0,normal,44.9013
10,216,12960,1,0,0.56,0.56,0.56,1200.0,0.56,1.0,normal,0.56
10,216,12975,1,0,0.56,0.56,0.56,1200.0,0.56,1.0,normal,1.12
10,216,12990,0,0,0.0,0.0,0.56,1200.0,0.56,1.0,normal,1.12
10,216,13005,4,0,2.24,2.24,0.56,1200.0,0.56,1.0,normal,3.36
10,217,13020,0,0,0.0,0.0,0.56,1200.0,0.56,1.0,normal,3.36
10,217,13035,3,0,1.68,1.68,0.56,1200.0,0.56,1.0,normal,5.04
10,217,13050,1,1,0.56,0.56,0.56,1200.0,0.56,1.0,normal,5.6
10,217,13065,0,0,0.0,0.0,0.56,1200.0,0.56,1.0,normal,5.6
10,218,13080,1,0,0.56,0.56,0.56,1200.0,0.56,1.0,normal,6.16
10,218,13095,0,0,0.0,0.0,0.56,1200.0,0.56,1.0,normal,6.16
10,218,13110,3,0,1.68,1.68,0.56,1200.0,0.56,1.0,normal,7.84
10,218,13125,1,0,0.56,0.56,0.56,1200.0,0.56,1.0,normal,8.4
10,219,13140,4,0,2.24,2.24,0.56,1200.0,0.56,1.0,normal,10.64
10,219,13155,1,0,0.56,0.56,0.56,1200.0,0.56,1.0,normal,11.2
10,219,13170,2,0,1.12,1.12,0.56,1200.0,0.56,1.0,normal,12.32
10,219,13185,1,0,0.56,0.56,0.56,1200.0,0.56,1.0,normal,12.88
10,220,13200,1,0,0.2578,0.2578,0.2578,1200.0,0.63,1.0,normal,13.1378
10,220,13215,2,0,0.2683,0.2683,0.1341,1200.0,0.63,1.0,normal,13.4061
10,220,13230,1,0,0.63,0.63,0.63,1200.0,0.63,1.0,normal,14.0361
10,220,13245,2,0,0.5127,0.5127,0.2563,1200.0,0.63,1.0,normal,14.5488
10,221,13260,3,0,1.89,1.89,0.63,1200.0,0.63,1.0,normal,16.4388
10,221,13275,1,0,0.63,0.63,0.63,1200.0,0.63,1.0,normal,17.0688
10,221,13290,4,0,2.52,2.52,0.63,1200.0,0.63,1.0,normal,19.5888
10,221,13305,1,0,0.63,0.63,0.63,1200.0,0.63,1.0,normal,20.2188
10,222,13320,2,0,1.26,1.26,0.63,1200.0,0.63,1.0,normal,21.4788
10,222,13335,0,0,0.0,0.0,0.63,1200.0,0.63,1.0,normal,21.4788
10,222,13350,2,0,1.26,1.26,0.63,1200.0,0.63,1.0,normal,22.7388
10,222,13365,1,0,0.63,0.63,0.63,1200.0,0.63,1.0,normal,23.3688
10,223,13380,2,0,1.26,1.26,0.63,1200.0,0.63,1.0,normal,24.6288
10,223,13395,4,0,2.52,2.52,0.63,1200.0,0.63,1.0,normal,27.1488
10,223,13410,0,0,0.0,0.0,0.63,1200.0,0.63,1.0,normal,27.1488
10,223,13425,1,0,0.63,0.63,0.63,1200.0,0.63,1.0,normal,27.7788
10,224,13440,0,0,0.0,0.0,0.69,1200.0,0.69,1.0,normal,27.7788
10,224,13455,3,0,2.07,2.07,0.69,1200.0,0.69,1.0,normal,29.8488
10,224,13470,3,0,2.07,2.07,0.69,1200.0,0.69,1.0,normal,31.9188
10,224,13485,0,0,0.0,0.0,0.69,1200.0,0.69,1.0,normal,31.9188
10,225,13500,4,0,2.76,2.76,0.69,1200.0,0.69,1.0,normal,34.6788
10,225,13515,2,0,1.3497,1.3497,0.6748,1200.0,0.69,1.0,normal,36.0285
10,225,13530,0,0,0.0,0.0,0.69,1200.0,0.69,1.0,normal,36.0285
10,225,13545,4,0,2.76,2.76,0.69,1200.0,0.69,1.0,normal,38.7885
10,226,13560,1,0,0.4575,0.4575,0.4575,1200.0,0.69,1.0,normal,39.246
10,226,13575,1,0,0.69,0.69,0.69,1200.0,0.69,1.0,normal,39.936
10,226,13590,3,0,2.07,2.07,0.69,1200.0,0.69,1.0,normal,42.006
10,226,13605,2,0,1.38,1.38,0.69,1200.0,0.69,1.0,normal,43.386
10,227,13620,1,0,0.69,0.69,0.69,1200.0,0.69,1.0,normal,44.076
10,227,13635,2,0,1.38,1.38,0.69,1200.0,0.69,1.0,normal,45.456
10,227,13650,3,0,2.07,2.07,0.69,1200.0,0.69,1.0,normal,47.526
10,227,13665,2,0,1.38,1.38,0.69,1200.0,0.69,1.0,normal,48.906
10,228,13680,2,0,1.3948,1.3948,0.6974,1200.0,0.76,1.0,normal,50.3008
10,228,13695,2,0,1.52,1.52,0.76,1200.0,0.76,1.0,normal,51.8208
10,228,13710,2,0,1.1802,1.1802,0.5901,1200.0,0.76,1.0,normal,53.001
10,228,13725,1,0,0.5207,0.5207,0.5207,1200.0,0.76,1.0,normal,53.5217
10,229,13740,1,0,0.76,0.76,0.76,1200.0,0.76,1.0,normal,54.2817
10,229,13755,1,0,0.76,0.76,0.76,1200.0,0.76,1.0,normal,55.0417
10,229,13770,2,0,1.52,1.52,0.76,1200.0,0.76,1.0,normal,56.5617
10,229,13785,2,0,0.8995,0.8995,0.4497,1200.0,0.76,1.0,normal,57.4612
10,230,13800,3,0,0.3409,0.3409,0.1136,1200.0,0.76,1.0,normal,57.8021
10,230,13815,3,0,2.28,2.28,0.76,1200.0,0.76,1.0,normal,60.0821
10,230,13830,1,0,0.76,0.76,0.76,1200.0,0.76,1.0,normal,60.8421
10,230,13845,2,0,1.52,1.52,0.76,1200.0,0.76,1.0,normal,62.3621
10,231,13860,3,0,2.28,2.28,0.76,1200.0,0.76,1.0,normal,64.6421
10,231,13875,2,0,1.52,1.52,0.76,1200.0,0.76,1.0,normal,66.1621
10,231,13890,1,0,0.76,0.76,0.76,1200.0,0.76,1.0,normal,66.9221
10,231,13905,1,0,0.76,0.76,0.76,1200.0,0.76,1.0,normal,67.6821
10,232,13920,5,0,4.2,4.2,0.84,1200.0,0.84,1.0,normal,71.8821
10,232,13935,1,0,0.84,0.84,0.84,1200.0,0.84,1.0,normal,72.7221
10,232,13950,1,0,0.84,0.84,0.84,1200.0,0.84,1.0,normal,73.5621
10,232,13965,3,0,2.52,2.52,0.84,1200.0,0.84,1.0,normal,76.0821
10,233,13980,2,1,1.68,1.68,0.84,1200.0,0.84,1.0,normal,77.7621
10,233,13995,4,1,3.36,3.36,0.84,1200.0,0.84,1.0,normal,81.1221
10,233,14010,4,0,3.36,3.36,0.84,1200.0,0.84,1.0,normal,84.4821
10,233,14025,6,0,3.8702,3.8702,0.645,1200.0,0.84,1.0,normal,88.3523
10,234,14040,4,0,2.2452,2.2452,0.5613,1200.0,0.84,1.0,normal,90.5975
10,234,14055,0,0,0.0,0.0,0.84,1200.0,0.84,1.0,normal,90.5975
10,234,14070,1,0,0.84,0.84,0.84,1200.0,0.84,1.0,normal,91.4375
10,234,14085,0,0,0.0,0.0,0.84,1200.0,0.84,1.0,normal,91.4375
10,235,14100,1,0,0.84,0.84,0.84,1200.0,0.84,1.0,normal,92.2775
10,235,14115,2,0,1.68,1.68,0.84,1200.0,0.84,1.0,normal,93.9575
10,235,14130,0,0,0.0,0.0,0.84,1200.0,0.84,1.0,normal,93.9575
10,235,14145,4,1,3.36,3.36,0.84,1200.0,0.84,1.0,normal,97.3175
10,236,14160,3,0,2.76,2.76,0.92,1200.0,0.92,1.0,normal,100.0775
10,236,14175,2,0,1.84,1.84,0.92,1200.0,0.92,1.0,normal,101.9175
10,236,14190,4,0,0.6384,0.6384,0.1596,1200.0,0.92,1.0,normal,102.5559
10,236,14205,1,0,0.92,0.92,0.92,1200.0,0.92,1.0,normal,103.4759
10,237,14220,4,0,1.5813,1.5813,0.3953,1200.0,0.92,1.0,normal,105.0572
10,237,14235,2,0,1.84,1.84,0.92,1200.0,0.92,1.0,normal,106.8972
10,237,14250,4,0,3.68,3.68,0.92,1200.0,0.92,1.0,normal,110.5772
10,237,14265,6,0,5.52,5.52,0.92,1200.0,0.92,1.0,normal,116.0972
10,238,14280,4,0,3.68,3.68,0.92,1200.0,0.92,1.0,normal,119.7772
10,238,14295,2,0,0.2926,0.2926,0.1463,1200.0,0.92,1.0,normal,120.0698
10,238,14310,2,0,1.84,1.84,0.92,1200.0,0.92,1.0,normal,121.9098
10,238,14325,5,0,4.6,4.6,0.92,1200.0,0.92,1.0,normal,126.5098
10,239,14340,3,0,2.76,2.76,0.92,1200.0,0.92,1.0,normal,129.2698
10,239,14355,0,0,0.0,0.0,0.92,1200.0,0.92,1.0,normal,129.2698
10,239,14370,3,0,2.76,2.76,0.92,1200.0,0.92,1.0,normal,132.0298
10,239,14385,0,0,0.0,0.0,0.92,1200.0,0.92,1.0,normal,132.0298
11,240,14400,0,0,0.0,0.0,1.03,1200.0,1.03,1.0,normal,0.0
11,240,14415,2,0,1.2487,1.2487,0.6244,1200.0,1.03,1.0,normal,1.2487
11,240,14430,1,0,0.1526,0.1526,0.1526,1200.0,1.03,1.0,normal,1.4013
11,240,14445,6,0,6.18,6.18,1.03,1200.0,1.03,1.0,normal,7.5813
11,241,14460,0,0,0.0,0.0,1.03,1200.0,1.03,1.0,normal,7.5813
11,241,14475,2,0,1.5566,1.5566,0.7783,1200.0,1.03,1.0,normal,9.1379
11,241,14490,4,0,4.12,4.12,1.03,1200.0,1.03,1.0,normal,13.2579
11,241,14505,3,0,3.09,3.09,1.03,1200.0,1.03,1.0,normal,16.3479
11,242,14520,3,0,3.09,3.09,1.03,1200.0,1.03,1.0,normal,19.4379
11,242,14535,4,0,4.12,4.12,1.03,1200.0,1.03,1.0,normal,23.5579
11,242,14550,3,0,1.9258,1.9258,0.6419,1200.0,1.03,1.0,normal,25.4837
11,242,14565,1,0,1.03,1.03,1.03,1200.0,1.03,1.0,normal,26.5137
11,243,14580,2,0,0.8397,0.8397,0.4199,1200.0,1.03,1.0,normal,27.3534
11,243,14595,3,0,3.09,3.09,1.03,1200.0,1.03,1.0,normal,30.4434
11,243,14610,2,0,0.9504,0.9504,0.4752,1200.0,1.03,1.0,normal,31.3938
11,243,14625,2,0,2.06,2.06,1.03,1200.0,1.03,1.0,normal,33.4538
11,244,14640,2,0,2.26,2.26,1.13,1200.0,1.13,1.0,normal,35.7138
11,244,14655,3,1,2.0467,2.0467,0.6822,1200.0,1.13,1.0,normal,37.7605
11,244,14670,2,0,2.26,2.26,1.13,1200.0,1.13,1.0,normal,40.0205
11,244,14685,2,0,2.26,2.26,1.13,1200.0,1.13,1.0,normal,42.2805
11,245,14700,1,0,1.13,1.13,1.13,1200.0,1.13,1.0,normal,43.4105
11,245,14715,6,0,4.5247,4.5247,0.7541,1200.0,1.13,1.0,normal,47.9352
11,245,14730,5,0,3.9903,3.9903,0.7981,1200.0,1.13,1.0,normal,51.9255
11,245,14745,4,0,1.8445,1.8445,0.4611,1200.0,1.13,1.0,normal,53.77
11,246,14760,2,0,0.9756,0.9756,0.4878,1200.0,1.13,1.0,normal,54.7456
11,246,14775,1,0,1.13,1.13,1.13,1200.0,1.13,1.0,normal,55.8756
11,246,14790,0,0,0.0,0.0,0.493,1200.0,1.13,1.0,normal,55.8756
11,246,14805,2,0,1.678,1.678,0.839,1200.0,1.13,1.0,normal,57.5536
11,247,14820,4,0,3.4563,3.4563,0.8641,1200.0,1.13,1.0,normal,61.0099
11,247,14835,9,0,10.17,10.17,1.13,1200.0,1.13,1.0,normal,71.1799
11,247,14850,2,0,1.818,1.818,0.909,1200.0,1.13,1.0,normal,72.9979
11,247,14865,2,0,2.26,2.26,1.13,1200.0,1.13,1.0,normal,75.2579
11,248,14880,1,0,1.24,1.24,1.24,1200.0,1.24,1.0,normal,76.4979
11,248,14895,5,0,1.8869,1.8869,0.3774,1200.0,1.24,1.0,normal,78.3848
11,248,14910,3,0,3.72,3.72,1.24,1200.0,1.24,1.0,normal,82.1048
11,248,14925,0,0,0.0,0.0,1.24,1200.0,1.24,1.0,normal,82.1048
11,249,14940,3,0,3.72,3.72,1.24,1200.0,1.24,1.0,normal,85.8248
11,249,14955,4,0,4.0724,4.0724,1.0181,1200.0,1.24,1.0,normal,89.8972
11,249,14970,5,0,6.2,6.2,1.24,1200.0,1.24,1.0,normal,96.0972
11,249,14985,8,0,9.92,9.92,1.24,1200.0,1.24,1.0,normal,106.0172
11,250,15000,3,0,1.8609,1.8609,0.6203,1200.0,1.24,1.0,normal,107.8781
11,250,15015,3,0,3.72,3.72,1.24,1200.0,1.24,1.0,normal,111.5981
11,250,15030,5,0,1.4179,1.4179,0.2836,1200.0,1.24,1.0,normal,113.016
11,250,15045,3,0,3.72,3.72,1.24,1200.0,1.24,1.0,normal,116.736
11,251,15060,4,0,4.4702,4.4702,1.1176,1200.0,1.24,1.0,normal,121.2062
11,251,15075,3,1,0.34,0.34,0.1133,1200.0,1.24,1.0,normal,121.5462
11,251,15090,5,0,2.9006,2.9006,0.5801,1200.0,1.24,1.0,normal,124.4468
11,251,15105,2,0,2.48,2.48,1.24,1200.0,1.24,1.0,normal,126.9268
11,252,15120,0,0,0.0,0.0,0.01,1200.0,0.01,1.0,normal,126.9268
11,252,15135,0,0,0.0,0.0,0.01,1200.0,0.01,1.0,normal,126.9268
11,252,15150,0,0,0.0,0.0,0.01,1200.0,0.01,1.0,normal,126.9268
11,252,15165,0,0,0.0,0.0,0.01,1200.0,0.01,1.0,normal,126.9268
11,253,15180,0,0,0.0,0.0,0.01,1200.0,0.01,1.0,normal,126.9268
11,253,15195,0,0,0.0,0.0,0.01,1200.0,0.01,1.0,normal,126.9268
11,253,15210,0,0,0.0,0.0,0.01,1200.0,0.01,1.0,normal,126.9268
11,253,15225,0,0,0.0,0.0,0.01,1200.0,0.01,1.0,normal,126.9268
11,254,15240,0,0,0.0,0.0,0.01,1200.0,0.01,1.0,normal,126.9268
11,254,15255,0,0,0.0,0.0,0.01,1200.0,0.01,1.0,normal,126.9268
11,254,15270,0,0,0.0,0.0,0.01,1200.0,0.01,1.0,normal,126.9268
11,254,15285,0,0,0.0,0.0,0.01,1200.0,0.01,1.0,normal,126.9268
11,255,15300,0,0,0.0,0.0,0.01,1200.0,0.01,1.0,normal,126.9268
11,255,15315,0,0,0.0,0.0,0.01,1200.0,0.01,1.0,normal,126.9268
11,255,15330,0,0,0.0,0.0,0.01,1200.0,0.01,1.0,normal,126.9268
11,255,15345,0,0,0.0,0.0,0.01,1200.0,0.01,1.0,normal,126.9268
11,256,15360,6,0,0.7086,0.7086,0.1181,1200.0,4.2,1.0,normal,127.6354
11,256,15375,11,0,22.3094,22.3094,2.0281,1200.0,4.2,1.0,normal,149.9448
11,256,15390,14,0,5.9984,5.9984,0.4285,1200.0,4.2,1.0,normal,155.9432
11,256,15405,10,0,20.9792,20.9792,2.0979,1200.0,4.2,1.0,normal,176.9224
11,257,15420,12,0,50.3826,50.3826,4.1985,1200.0,4.2,1.0,normal,227.305
11,257,15435,11,1,46.2,46.2,4.2,1200.0,4.2,1.0,normal,273.505
11,257,15450,9,2,12.5402,6.2701,1.3934,1200.0,4.2,1.0,normal,286.0452
11,257,15465,10,0,18.7613,18.7613,1.8761,1200.0,4.2,1.0,normal,304.8065
11,258,15480,13,0,29.8708,29.8708,2.2978,1200.0,4.2,1.0,normal,334.6773
11,258,15495,8,2,0.6032,0.3016,0.0754,1200.0,4.2,1.0,normal,335.2805
11,258,15510,13,2,54.6,27.3,4.2,1200.0,4.2,1.0,normal,389.8805
11,258,15525,14,1,58.8,58.8,4.2,1200.0,4.2,1.0,normal,448.6805
11,259,15540,9,1,2.6651,2.6651,0.2961,1200.0,4.2,1.0,normal,451.3456
11,259,15555,13,0,54.6,54.6,4.2,1200.0,4.2,1.0,normal,505.9456
11,259,15570,10,0,22.469,22.469,2.2469,1200.0,4.2,1.0,normal,528.4146
11,259,15585,16,0,62.272,62.272,3.892,1200.0,4.2,1.0,normal,590.6866
11,260,15600,11,2,34.3452,17.1726,3.1223,1200.0,4.62,1.0,normal,625.0318
11,260,15615,12,1,40.7002,40.7002,3.3917,1200.0,4.62,1.0,normal,665.732
11,260,15630,16,0,53.2128,53.2128,3.3258,1200.0,4.62,1.0,normal,718.9448
11,260,15645,7,0,20.2625,20.2625,2.8946,1200.0,4.62,1.0,normal,739.2073
11,261,15660,11,0,26.947,26.947,2.4497,1200.0,4.62,1.0,normal,766.1543
11,261,15675,16,0,24.0823,24.0823,1.5051,1200.0,4.62,1.0,normal,790.2366
11,261,15690,16,0,1.7217,1.7217,0.1076,1200.0,4.62,1.0,normal,791.9583
11,261,15705,7,0,24.8877,24.8877,3.5554,1200.0,4.62,1.0,normal,816.846
11,262,15720,10,0,46.2,46.2,4.62,1200.0,4.62,1.0,normal,863.046
11,262,15735,11,0,7.5965,7.5965,0.6906,1200.0,4.62,1.0,normal,870.6425
11,262,15750,12,1,42.6261,42.6261,3.5522,1200.0,4.62,1.0,normal,913.2686
11,262,15765,13,0,44.7399,44.7399,3.4415,1200.0,4.62,1.0,normal,958.0085
11,263,15780,11,0,50.82,50.82,4.62,1200.0,4.62,1.0,normal,1008.8285
11,263,15795,17,2,33.0184,16.5092,1.9423,1200.0,4.62,1.0,normal,1041.8469
11,263,15810,8,0,6.7723,6.7723,0.8465,1200.0,4.62,1.0,normal,1048.6192
11,263,15825,11,0,20.2802,20.2802,1.8437,1200.0,4.62,1.0,normal,1068.8994
12,264,15840,11,0,7.9932,7.9932,0.7267,1200.0,5.08,1.0,normal,7.9932
12,264,15855,13,0,23.8811,23.8811,1.837,1200.0,5.08,1.0,normal,31.8743
12,264,15870,9,0,5.0116,5.0116,0.5568,1200.0,5.08,1.0,normal,36.8859
12,264,15885,17,0,7.9786,7.9786,0.4693,1200.0,5.08,1.0,normal,44.8645
12,265,15900,17,0,0.6352,0.6352,0.0374,1200.0,5.08,1.0,normal,45.4997
12,265,15915,14,0,29.4545,29.4545,2.1039,1200.0,5.08,1.0,normal,74.9542
12,265,15930,18,2,88.3752,44.1876,4.9097,1200.0,5.08,1.0,normal,163.3294
12,265,15945,10,0,41.5466,41.5466,4.1547,1200.0,5.08,1.0,normal,204.876
12,266,15960,17,0,69.9358,69.9358,4.1139,1200.0,5.08,1.0,normal,274.8118
12,266,15975,13,0,66.04,66.04,5.08,1200.0,5.08,1.0,normal,340.8518
12,266,15990,12,0,42.2656,42.2656,3.5221,1200.0,5.08,1.0,normal,383.1174
12,266,16005,15,0,53.1667,53.1667,3.5444,1200.0,5.08,1.0,normal,436.2841
12,267,16020,8,0,38.6433,38.6433,4.8304,1200.0,5.08,1.0,normal,474.9274
12,267,16035,11,0,20.2857,20.2857,1.8442,1200.0,5.08,1.0,normal,495.2131
12,267,16050,15,2,54.2406,27.1203,3.616,1200.0,5.08,1.0,normal,549.4537
12,267,16065,13,0,66.04,66.04,5.08,1200.0,5.08,1.0,normal,615.4937
12,268,16080,19,0,59.5097,59.5097,3.1321,1200.0,4.57,1.0,normal,675.0034
12,268,16095,8,0,36.56,36.56,4.57,1200.0,4.57,1.0,normal,711.5634
12,268,16110,14,0,63.98,63.98,4.57,1200.0,4.57,1.0,normal,775.5434
12,268,16125,7,0,31.99,31.99,4.57,1200.0,4.57,1.0,normal,807.5334
12,269,16140,12,0,3.2306,3.2306,0.2692,1200.0,4.57,1.0,normal,810.764
12,269,16155,9,0,40.0469,40.0469,4.4497,1200.0,4.57,1.0,normal,850.8109
12,269,16170,16,0,73.12,73.12,4.57,1200.0,4.57,1.0,normal,923.9309
12,269,16185,10,0,8.8358,8.8358,0.8836,1200.0,4.57,1.0,normal,932.7667
12,270,16200,12,0,54.84,54.84,4.57,1200.0,4.57,1.0,normal,987.6067
12,270,16215,10,0,45.7,45.7,4.57,1200.0,4.57,1.0,normal,1033.3067
12,270,16230,18,0,12.7872,12.7872,0.7104,1200.0,4.57,1.0,normal,1046.0939
12,270,16245,11,0,50.27,50.27,4.57,1200.0,4.57,1.0,budget_constrained,1096.3639
12,271,16260,6,0,8.9931,8.9931,1.4988,1200.0,4.57,1.0,budget_constrained,1105.357
12,271,16275,14,0,48.6401,48.6401,3.4743,1200.0,4.57,1.0,budget_constrained,1153.9971
12,271,16290,14,2,28.0283,14.0141,2.002,1200.0,4.57,1.0,budget_constrained,1182.0254
12,271,16305,3,0,17.9746,17.9746,4.57,1200.0,4.57,1.0,budget_depleted,1200.0
12,272,16320,0,0,0.0,0.0,0.0,1200.0,1.37,1.0,budget_depleted,1200.0
12,272,16335,0,0,0.0,0.0,0.0,1200.0,1.37,1.0,budget_depleted,1200.0
12,272,16350,0,0,0.0,0.0,0.0,1200.0,1.37,1.0,budget_depleted,1200.0
12,272,16365,0,0,0.0,0.0,0.0,1200.0,1.37,1.0,budget_depleted,1200.0
12,273,16380,0,0,0.0,0.0,0.0,1200.0,1.37,1.0,budget_depleted,1200.0
12,273,16395,0,0,0.0,0.0,0.0,1200.0,1.37,1.0,budget_depleted,1200.0
12,273,16410,0,0,0.0,0.0,0.0,1200.0,1.37,1.0,budget_depleted,1200.0
12,273,16425,0,0,0.0,0.0,0.0,1200.0,1.37,1.0,budget_depleted,1200.0
12,274,16440,0,0,0.0,0.0,0.0,1200.0,1.37,1.0,budget_depleted,1200.0
12,274,16455,0,0,0.0,0.0,0.0,1200.0,1.37,1.0,budget_depleted,1200.0
12,274,16470,0,0,0.0,0.0,0.0,1200.0,1.37,1.0,budget_depleted,1200.0
12,274,16485,0,0,0.0,0.0,0.0,1200.0,1.37,1.0,budget_depleted,1200.0
12,275,16500,0,0,0.0,0.0,0.0,1200.0,1.37,1.0,budget_depleted,1200.0
12,275,16515,0,0,0.0,0.0,0.0,1200.0,1.37,1.0,budget_depleted,1200.0
12,275,16530,0,0,0.0,0.0,0.0,1200.0,1.37,1.0,budget_depleted,1200.0
12,275,16545,0,0,0.0,0.0,0.0,1200.0,1.37,1.0,budget_depleted,1200.0
12,276,16560,0,0,0.0,0.0,0.0,1200.0,0.8,1.0,budget_depleted,1200.0
12,276,16575,0,0,0.0,0.0,0.0,1200.0,0.8,1.0,budget_depleted,1200.0
12,276,16590,0,0,0.0,0.0,0.0,1200.0,0.8,1.0,budget_depleted,1200.0
12,276,16605,0,0,0.0,0.0,0.0,1200.0,0.8,1.0,budget_depleted,1200.0
12,277,16620,0,0,0.0,0.0,0.0,1200.0,0.8,1.0,budget_depleted,1200.0
12,277,16635,0,0,0.0,0.0,0.0,1200.0,0.8,1.0,budget_depleted,1200.0
12,277,16650,0,0,0.0,0.0,0.0,1200.0,0.8,1.0,budget_depleted,1200.0
12,277,16665,0,0,0.0,0.0,0.0,1200.0,0.8,1.0,budget_depleted,1200.0
12,278,16680,0,0,0.0,0.0,0.0,1200.0,0.8,1.0,budget_depleted,1200.0
12,278,16695,0,0,0.0,0.0,0.0,1200.0,0.8,1.0,budget_depleted,1200.0
12,278,16710,0,0,0.0,0.0,0.0,1200.0,0.8,1.0,budget_depleted,1200.0
12,278,16725,0,0,0.0,0.0,0.0,1200.0,0.8,1.0,budget_depleted,1200.0
12,279,16740,0,0,0.0,0.0,0.0,1200.0,0.8,1.0,budget_depleted,1200.0
12,279,16755,0,0,0.0,0.0,0.0,1200.0,0.8,1.0,budget_depleted,1200.0
12,279,16770,0,0,0.0,0.0,0.0,1200.0,0.8,1.0,budget_depleted,1200.0
12,279,16785,0,0,0.0,0.0,0.0,1200.0,0.8,1.0,budget_depleted,1200.0
12,280,16800,0,0,0.0,0.0,0.0,1200.0,0.72,1.0,budget_depleted,1200.0
12,280,16815,0,0,0.0,0.0,0.0,1200.0,0.72,1.0,budget_depleted,1200.0
12,280,16830,0,0,0.0,0.0,0.0,1200.0,0.72,1.0,budget_depleted,1200.0
12,280,16845,0,0,0.0,0.0,0.0,1200.0,0.72,1.0,budget_depleted,1200.0
12,281,16860,0,0,0.0,0.0,0.0,1200.0,0.72,1.0,budget_depleted,1200.0
12,281,16875,0,0,0.0,0.0,0.0,1200.0,0.72,1.0,budget_depleted,1200.0
12,281,16890,0,0,0.0,0.0,0.0,1200.0,0.72,1.0,budget_depleted,1200.0
12,281,16905,0,0,0.0,0.0,0.0,1200.0,0.72,1.0,budget_depleted,1200.0
12,282,16920,0,0,0.0,0.0,0.0,1200.0,0.72,1.0,budget_depleted,1200.0
12,282,16935,0,0,0.0,0.0,0.0,1200.0,0.72,1.0,budget_depleted,1200.0
12,282,16950,0,0,0.0,0.0,0.0,1200.0,0.72,1.0,budget_depleted,1200.0
12,282,16965,0,0,0.0,0.0,0.0,1200.0,0.72,1.0,budget_depleted,1200.0
12,283,16980,0,0,0.0,0.0,0.0,1200.0,0.72,1.0,budget_depleted,1200.0
12,283,16995,0,0,0.0,0.0,0.0,1200.0,0.72,1.0,budget_depleted,1200.0
12,283,17010,0,0,0.0,0.0,0.0,1200.0,0.72,1.0,budget_depleted,1200.0
12,283,17025,0,0,0.0,0.0,0.0,1200.0,0.72,1.0,budget_depleted,1200.0
12,284,17040,0,0,0.0,0.0,0.0,1200.0,0.58,1.0,budget_depleted,1200.0
12,284,17055,0,0,0.0,0.0,0.0,1200.0,0.58,1.0,budget_depleted,1200.0
12,284,17070,0,0,0.0,0.0,0.0,1200.0,0.58,1.0,budget_depleted,1200.0
12,284,17085,0,0,0.0,0.0,0.0,1200.0,0.58,1.0,budget_depleted,1200.0
12,285,17100,0,0,0.0,0.0,0.0,1200.0,0.58,1.0,budget_depleted,1200.0
12,285,17115,0,0,0.0,0.0,0.0,1200.0,0.58,1.0,budget_depleted,1200.0
12,285,17130,0,0,0.0,0.0,0.0,1200.0,0.58,1.0,budget_depleted,1200.0
12,285,17145,0,0,0.0,0.0,0.0,1200.0,0.58,1.0,budget_depleted,1200.0
12,286,17160,0,0,0.0,0.0,0.0,1200.0,0.58,1.0,budget_depleted,1200.0
12,286,17175,0,0,0.0,0.0,0.0,1200.0,0.58,1.0,budget_depleted,1200.0
12,286,17190,0,0,0.0,0.0,0.0,1200.0,0.58,1.0,budget_depleted,1200.0
12,286,17205,0,0,0.0,0.0,0.0,1200.0,0.58,1.0,budget_depleted,1200.0
12,287,17220,0,0,0.0,0.0,0.0,1200.0,0.58,1.0,budget_depleted,1200.0
12,287,17235,0,0,0.0,0.0,0.0,1200.0,0.58,1.0,budget_depleted,1200.0
12,287,17250,0,0,0.0,0.0,0.0,1200.0,0.58,1.0,budget_depleted,1200.0
12,287,17265,0,0,0.0,0.0,0.0,1200.0,0.58,1.0,budget_depleted,1200.0
13,288,17280,0,0,0.0,0.0,0.0,1200.0,0.5,0.0,normal,0.0
13,288,17295,2,0,1.0,1.0,0.5,1200.0,0.5,0.0,normal,1.0
13,288,17310,2,0,1.0,1.0,0.5,1200.0,0.5,0.0,normal,2.0
13,288,17325,0,0,0.0,0.0,0.5,1200.0,0.5,0.0,normal,2.0
13,289,17340,0,0,0.0,0.0,0.01,1200.0,0.01,0.0,normal,2.0
13,289,17355,0,0,0.0,0.0,0.01,1200.0,0.01,0.0,normal,2.0
13,289,17370,1,0,0.01,0.01,0.01,1200.0,0.01,0.0,normal,2.01
13,289,17385,0,0,0.0,0.0,0.01,1200.0,0.01,0.0,normal,2.01
13,290,17400,0,0,0.0,0.0,0.01,1200.0,0.01,0.0,normal,2.01
13,290,17415,0,0,0.0,0.0,0.01,1200.0,0.01,0.0,normal,2.01
13,290,17430,0,0,0.0,0.0,0.01,1200.0,0.01,0.0,normal,2.01
13,290,17445,0,0,0.0,0.0,0.01,1200.0,0.01,0.0,normal,2.01
13,291,17460,0,0,0.0,0.0,0.01,1200.0,0.01,0.0,normal,2.01
13,291,17475,0,0,0.0,0.0,0.01,1200.0,0.01,0.0,normal,2.01
13,291,17490,0,0,0.0,0.0,0.01,1200.0,0.01,0.0,normal,2.01
13,291,17505,0,0,0.0,0.0,0.01,1200.0,0.01,0.0,normal,2.01
13,292,17520,0,0,0.0,0.0,0.01,1200.0,0.01,0.0,normal,2.01
13,292,17535,0,0,0.0,0.0,0.01,1200.0,0.01,0.0,normal,2.01
13,292,17550,0,0,0.0,0.0,0.01,1200.0,0.01,0.0,normal,2.01
13,292,17565,0,0,0.0,0.0,0.01,1200.0,0.01,0.0,normal,2.01
13,293,17580,0,0,0.0,0.0,0.01,1200.0,0.01,0.0,normal,2.01
13,293,17595,0,0,0.0,0.0,0.01,1200.0,0.01,0.0,normal,2.01
13,293,17610,0,0,0.0,0.0,0.01,1200.0,0.01,0.0,normal,2.01
13,293,17625,0,0,0.0,0.0,0.01,1200.0,0.01,0.0,normal,2.01
13,294,17640,0,0,0.0,0.0,0.01,1200.0,0.01,0.0,normal,2.01
13,294,17655,0,0,0.0,0.0,0.01,1200.0,0.01,0.0,normal,2.01
13,294,17670,0,0,0.0,0.0,0.01,1200.0,0.01,0.0,normal,2.01
13,294,17685,0,0,0.0,0.0,0.01,1200.0,0.01,0.0,normal,2.01
13,295,17700,0,0,0.0,0.0,0.01,1200.0,0.01,0.0,normal,2.01
13,295,17715,0,0,0.0,0.0,0.01,1200.0,0.01,0.0,normal,2.01
13,295,17730,1,0,0.01,0.01,0.01,1200.0,0.01,0.0,normal,2.02
13,295,17745,0,0,0.0,0.0,0.01,1200.0,0.01,0.0,normal,2.02
13,296,17760,0,0,0.0,0.0,0.01,1200.0,0.01,0.0,normal,2.02
13,296,17775,0,0,0.0,0.0,0.01,1200.0,0.01,0.0,normal,2.02
13,296,17790,0,0,0.0,0.0,0.01,1200.0,0.01,0.0,normal,2.02
13,296,17805,0,0,0.0,0.0,0.01,1200.0,0.01,0.0,normal,2.02
13,297,17820,0,0,0.0,0.0,0.01,1200.0,0.01,0.0,normal,2.02
13,297,17835,0,0,0.0,0.0,0.01,1200.0,0.01,0.0,normal,2.02
13,297,17850,0,0,0.0,0.0,0.01,1200.0,0.01,0.0,normal,2.02
13,297,17865,0,0,0.0,0.0,0.01,1200.0,0.01,0.0,normal,2.02
13,298,17880,0,0,0.0,0.0,0.01,1200.0,0.01,0.0,normal,2.02
13,298,17895,0,0,0.0,0.0,0.01,1200.0,0.01,0.0,normal,2.02
13,298,17910,0,0,0.0,0.0,0.01,1200.0,0.01,0.0,normal,2.02
13,298,17925,0,0,0.0,0.0,0.01,1200.0,0.01,0.0,normal,2.02
13,299,17940,1,0,0.01,0.01,0.01,1200.0,0.01,0.0,normal,2.03
13,299,17955,0,0,0.0,0.0,0.01,1200.0,0.01,0.0,normal,2.03
13,299,17970,0,0,0.0,0.0,0.01,1200.0,0.01,0.0,normal,2.03
13,299,17985,0,0,0.0,0.0,0.01,1200.0,0.01,0.0,normal,2.03
13,300,18000,0,0,0.0,0.0,0.01,1200.0,0.01,0.0,normal,2.03
13,300,18015,0,0,0.0,0.0,0.01,1200.0,0.01,0.0,normal,2.03
13,300,18030,0,0,0.0,0.0,0.01,1200.0,0.01,0.0,normal,2.03
13,300,18045,0,0,0.0,0.0,0.01,1200.0,0.01,0.0,normal,2.03
13,301,18060,0,0,0.0,0.0,0.01,1200.0,0.01,0.0,normal,2.03
13,301,18075,0,0,0.0,0.0,0.01,1200.0,0.01,0.0,normal,2.03
13,301,18090,0,0,0.0,0.0,0.01,1200.0,0.01,0.0,normal,2.03
13,301,18105,0,0,0.0,0.0,0.01,1200.0,0.01,0.0,normal,2.03
13,302,18120,0,0,0.0,0.0,0.01,1200.0,0.01,0.0,normal,2.03
13,302,18135,0,0,0.0,0.0,0.01,1200.0,0.01,0.0,normal,2.03
13,302,18150,0,0,0.0,0.0,0.01,1200.0,0.01,0.0,normal,2.03
13,302,18165,0,0,0.0,0.0,0.01,1200.0,0.01,0.0,normal,2.03
13,303,18180,0,0,0.0,0.0,0.01,1200.0,0.01,0.0,normal,2.03
13,303,18195,0,0,0.0,0.0,0.01,1200.0,0.01,0.0,normal,2.03
13,303,18210,0,0,0.0,0.0,0.01,1200.0,0.01,0.0,normal,2.03
13,303,18225,0,0,0.0,0.0,0.01,1200.0,0.01,0.0,normal,2.03
13,304,18240,0,0,0.0,0.0,0.01,1200.0,0.01,0.0,normal,2.03
13,304,18255,0,0,0.0,0.0,0.01,1200.0,0.01,0.0,normal,2.03
13,304,18270,0,0,0.0,0.0,0.01,1200.0,0.01,0.0,normal,2.03
13,304,18285,0,0,0.0,0.0,0.01,1200.0,0.01,0.0,normal,2.03
13,305,18300,0,0,0.0,0.0,0.01,1200.0,0.01,0.0,normal,2.03
13,305,18315,0,0,0.0,0.0,0.01,1200.0,0.01,0.0,normal,2.03
13,305,18330,0,0,0.0,0.0,0.01,1200.0,0.01,0.0,normal,2.03
13,305,18345,0,0,0.0,0.0,0.01,1200.0,0.01,0.0,normal,2.03
13,306,18360,0,0,0.0,0.0,0.01,1200.0,0.01,0.0,normal,2.03
13,306,18375,0,0,0.0,0.0,0.01,1200.0,0.01,0.0,normal,2.03
13,306,18390,0,0,0.0,0.0,0.01,1200.0,0.01,0.0,normal,2.03
13,306,18405,0,0,0.0,0.0,0.01,1200.0,0.01,0.0,normal,2.03
13,307,18420,0,0,0.0,0.0,0.01,1200.0,0.01,0.0,normal,2.03
13,307,18435,0,0,0.0,0.0,0.01,1200.0,0.01,0.0,normal,2.03
13,307,18450,0,0,0.0,0.0,0.01,1200.0,0.01,0.0,normal,2.03
13,307,18465,0,0,0.0,0.0,0.01,1200.0,0.01,0.0,normal,2.03
13,308,18480,0,0,0.0,0.0,0.01,1200.0,0.01,0.0,normal,2.03
13,308,18495,0,0,0.0,0.0,0.01,1200.0,0.01,0.0,normal,2.03
13,308,18510,0,0,0.0,0.0,0.01,1200.0,0.01,0.0,normal,2.03
13,308,18525,0,0,0.0,0.0,0.01,1200.0,0.01,0.0,normal,2.03
13,309,18540,0,0,0.0,0.0,0.01,1200.0,0.01,0.0,normal,2.03
13,309,18555,0,0,0.0,0.0,0.01,1200.0,0.01,0.0,normal,2.03
13,309,18570,0,0,0.0,0.0,0.01,1200.0,0.01,0.0,normal,2.03
13,309,18585,0,0,0.0,0.0,0.01,1200.0,0.01,0.0,normal,2.03
13,310,18600,0,0,0.0,0.0,0.01,1200.0,0.01,0.0,normal,2.03
13,310,18615,0,0,0.0,0.0,0.01,1200.0,0.01,0.0,normal,2.03
13,310,18630,0,0,0.0,0.0,0.01,1200.0,0.01,0.0,normal,2.03
13,310,18645,0,0,0.0,0.0,0.01,1200.0,0.01,0.0,normal,2.03
13,311,18660,0,0,0.0,0.0,0.01,1200.0,0.01,0.0,normal,2.03
13,311,18675,0,0,0.0,0.0,0.01,1200.0,0.01,0.0,normal,2.03
13,311,18690,0,0,0.0,0.0,0.01,1200.0,0.01,0.0,normal,2.03
13,311,18705,0,0,0.0,0.0,0.01,1200.0,0.01,0.0,normal,2.03
14,312,18720,1,0,0.01,0.01,0.01,1200.0,0.01,0.0,normal,0.01
14,312,18735,0,0,0.0,0.0,0.01,1200.0,0.01,0.0,normal,0.01
14,312,18750,0,0,0.0,0.0,0.01,1200.0,0.01,0.0,normal,0.01
14,312,18765,1,0,0.01,0.01,0.01,1200.0,0.01,0.0,normal,0.02
14,313,18780,0,0,0.0,0.0,0.01,1200.0,0.01,0.0,normal,0.02
14,313,18795,0,0,0.0,0.0,0.01,1200.0,0.01,0.0,normal,0.02
14,313,18810,0,0,0.0,0.0,0.01,1200.0,0.01,0.0,normal,0.02
14,313,18825,0,0,0.0,0.0,0.01,1200.0,0.01,0.0,normal,0.02
14,314,18840,0,0,0.0,0.0,0.01,1200.0,0.01,0.0,normal,0.02
14,314,18855,0,0,0.0,0.0,0.01,1200.0,0.01,0.0,normal,0.02
14,314,18870,0,0,0.0,0.0,0.01,1200.0,0.01,0.0,normal,0.02
14,314,18885,0,0,0.0,0.0,0.01,1200.0,0.01,0.0,normal,0.02
14,315,18900,0,0,0.0,0.0,0.01,1200.0,0.01,0.0,normal,0.02
14,315,18915,0,0,0.0,0.0,0.01,1200.0,0.01,0.0,normal,0.02
14,315,18930,0,0,0.0,0.0,0.01,1200.0,0.01,0.0,normal,0.02
14,315,18945,0,0,0.0,0.0,0.01,1200.0,0.01,0.0,normal,0.02
14,316,18960,0,0,0.0,0.0,0.01,1200.0,0.01,0.0,normal,0.02
14,316,18975,0,0,0.0,0.0,0.01,1200.0,0.01,0.0,normal,0.02
14,316,18990,0,0,0.0,0.0,0.01,1200.0,0.01,0.0,normal,0.02
14,316,19005,0,0,0.0,0.0,0.01,1200.0,0.01,0.0,normal,0.02
14,317,19020,0,0,0.0,0.0,0.01,1200.0,0.01,0.0,normal,0.02
14,317,19035,0,0,0.0,0.0,0.01,1200.0,0.01,0.0,normal,0.02
14,317,19050,0,0,0.0,0.0,0.01,1200.0,0.01,0.0,normal,0.02
14,317,19065,0,0,0.0,0.0,0.01,1200.0,0.01,0.0,normal,0.02
14,318,19080,0,0,0.0,0.0,0.01,1200.0,0.01,0.0,normal,0.02
14,318,19095,0,0,0.0,0.0,0.01,1200.0,0.01,0.0,normal,0.02
14,318,19110,0,0,0.0,0.0,0.01,1200.0,0.01,0.0,normal,0.02
14,318,19125,0,0,0.0,0.0,0.01,1200.0,0.01,0.0,normal,0.02
14,319,19140,0,0,0.0,0.0,0.01,1200.0,0.01,0.0,normal,0.02
14,319,19155,0,0,0.0,0.0,0.01,1200.0,0.01,0.0,normal,0.02
14,319,19170,0,0,0.0,0.0,0.01,1200.0,0.01,0.0,normal,0.02
14,319,19185,0,0,0.0,0.0,0.01,1200.0,0.01,0.0,normal,0.02
14,320,19200,0,0,0.0,0.0,0.01,1200.0,0.01,0.0,normal,0.02
14,320,19215,0,0,0.0,0.0,0.01,1200.0,0.01,0.0,normal,0.02
14,320,19230,0,0,0.0,0.0,0.01,1200.0,0.01,0.0,normal,0.02
14,320,19245,0,0,0.0,0.0,0.01,1200.0,0.01,0.0,normal,0.02
14,321,19260,0,0,0.0,0.0,0.01,1200.0,0.01,0.0,normal,0.02
14,321,19275,0,0,0.0,0.0,0.01,1200.0,0.01,0.0,normal,0.02
14,321,19290,0,0,0.0,0.0,0.01,1200.0,0.01,0.0,normal,0.02
14,321,19305,0,0,0.0,0.0,0.01,1200.0,0.01,0.0,normal,0.02
14,322,19320,0,0,0.0,0.0,0.01,1200.0,0.01,0.0,normal,0.02
14,322,19335,0,0,0.0,0.0,0.01,1200.0,0.01,0.0,normal,0.02
14,322,19350,0,0,0.0,0.0,0.01,1200.0,0.01,0.0,normal,0.02
14,322,19365,0,0,0.0,0.0,0.01,1200.0,0.01,0.0,normal,0.02
14,323,19380,0,0,0.0,0.0,0.01,1200.0,0.01,0.0,normal,0.02
14,323,19395,0,0,0.0,0.0,0.01,1200.0,0.01,0.0,normal,0.02
14,323,19410,0,0,0.0,0.0,0.01,1200.0,0.01,0.0,normal,0.02
14,323,19425,0,0,0.0,0.0,0.01,1200.0,0.01,0.0,normal,0.02
14,324,19440,0,0,0.0,0.0,0.01,1200.0,0.01,0.0,normal,0.02
14,324,19455,0,0,0.0,0.0,0.01,1200.0,0.01,0.0,normal,0.02
14,324,19470,0,0,0.0,0.0,0.01,1200.0,0.01,0.0,normal,0.02
14,324,19485,0,0,0.0,0.0,0.01,1200.0,0.01,0.0,normal,0.02
14,325,19500,0,0,0.0,0.0,0.01,1200.0,0.01,0.0,normal,0.02
14,325,19515,0,0,0.0,0.0,0.01,1200.0,0.01,0.0,normal,0.02
14,325,19530,0,0,0.0,0.0,0.01,1200.0,0.01,0.0,normal,0.02
14,325,19545,0,0,0.0,0.0,0.01,1200.0,0.01,0.0,normal,0.02
14,326,19560,0,0,0.0,0.0,0.01,1200.0,0.01,0.0,normal,0.02
14,326,19575,0,0,0.0,0.0,0.01,1200.0,0.01,0.0,normal,0.02
14,326,19590,0,0,0.0,0.0,0.01,1200.0,0.01,0.0,normal,0.02
14,326,19605,0,0,0.0,0.0,0.01,1200.0,0.01,0.0,normal,0.02
14,327,19620,0,0,0.0,0.0,0.01,1200.0,0.01,0.0,normal,0.02
14,327,19635,0,0,0.0,0.0,0.01,1200.0,0.01,0.0,normal,0.02
14,327,19650,0,0,0.0,0.0,0.01,1200.0,0.01,0.0,normal,0.02
14,327,19665,0,0,0.0,0.0,0.01,1200.0,0.01,0.0,normal,0.02
14,328,19680,0,0,0.0,0.0,0.01,1200.0,0.01,0.0,normal,0.02
14,328,19695,0,0,0.0,0.0,0.01,1200.0,0.01,0.0,normal,0.02
14,328,19710,0,0,0.0,0.0,0.01,1200.0,0.01,0.0,normal,0.02
14,328,19725,0,0,0.0,0.0,0.01,1200.0,0.01,0.0,normal,0.02
14,329,19740,0,0,0.0,0.0,0.01,1200.0,0.01,0.0,normal,0.02
14,329,19755,0,0,0.0,0.0,0.01,1200.0,0.01,0.0,normal,0.02
14,329,19770,0,0,0.0,0.0,0.01,1200.0,0.01,0.0,normal,0.02
14,329,19785,0,0,0.0,0.0,0.0019,1200.0,0.01,0.0,normal,0.02
14,330,19800,0,0,0.0,0.0,0.01,1200.0,0.01,0.0,normal,0.02
14,330,19815,0,0,0.0,0.0,0.01,1200.0,0.01,0.0,normal,0.02
14,330,19830,0,0,0.0,0.0,0.01,1200.0,0.01,0.0,normal,0.02
14,330,19845,0,0,0.0,0.0,0.01,1200.0,0.01,0.0,normal,0.02
14,331,19860,0,0,0.0,0.0,0.01,1200.0,0.01,0.0,normal,0.02
14,331,19875,0,0,0.0,0.0,0.01,1200.0,0.01,0.0,normal,0.02
14,331,19890,0,0,0.0,0.0,0.01,1200.0,0.01,0.0,normal,0.02
14,331,19905,0,0,0.0,0.0,0.01,1200.0,0.01,0.0,normal,0.02
14,332,19920,0,0,0.0,0.0,0.01,1200.0,0.01,0.0,normal,0.02
14,332,19935,0,0,0.0,0.0,0.01,1200.0,0.01,0.0,normal,0.02
14,332,19950,0,0,0.0,0.0,0.01,1200.0,0.01,0.0,normal,0.02
14,332,19965,0,0,0.0,0.0,0.01,1200.0,0.01,0.0,normal,0.02
14,333,19980,0,0,0.0,0.0,0.01,1200.0,0.01,0.0,normal,0.02
14,333,19995,0,0,0.0,0.0,0.01,1200.0,0.01,0.0,normal,0.02
14,333,20010,0,0,0.0,0.0,0.01,1200.0,0.01,0.0,normal,0.02
14,333,20025,0,0,0.0,0.0,0.01,1200.0,0.01,0.0,normal,0.02
14,334,20040,0,0,0.0,0.0,0.01,1200.0,0.01,0.0,normal,0.02
14,334,20055,0,0,0.0,0.0,0.01,1200.0,0.01,0.0,normal,0.02
14,334,20070,0,0,0.0,0.0,0.01,1200.0,0.01,0.0,normal,0.02
14,334,20085,0,0,0.0,0.0,0.01,1200.0,0.01,0.0,normal,0.02
14,335,20100,0,0,0.0,0.0,0.01,1200.0,0.01,0.0,normal,0.02
14,335,20115,0,0,0.0,0.0,0.01,1200.0,0.01,0.0,normal,0.02
14,335,20130,0,0,0.0,0.0,0.01,1200.0,0.01,0.0,normal,0.02
14,335,20145,0,0,0.0,0.0,0.01,1200.0,0.01,0.0,normal,0.02
15,336,20160,0,0,0.0,0.0,0.01,1200.0,0.01,0.0,normal,0.0
15,336,20175,0,0,0.0,0.0,0.01,1200.0,0.01,0.0,normal,0.0
15,336,20190,0,0,0.0,0.0,0.01,1200.0,0.01,0.0,normal,0.0
15,336,20205,0,0,0.0,0.0,0.01,1200.0,0.01,0.0,normal,0.0
15,337,20220,0,0,0.0,0.0,0.01,1200.0,0.01,0.0,normal,0.0
15,337,20235,0,0,0.0,0.0,0.01,1200.0,0.01,0.0,normal,0.0
15,337,20250,0,0,0.0,0.0,0.01,1200.0,0.01,0.0,normal,0.0
15,337,20265,0,0,0.0,0.0,0.01,1200.0,0.01,0.0,normal,0.0
15,338,20280,0,0,0.0,0.0,0.01,1200.0,0.01,0.0,normal,0.0
15,338,20295,1,0,0.01,0.01,0.01,1200.0,0.01,0.0,normal,0.01
15,338,20310,0,0,0.0,0.0,0.01,1200.0,0.01,0.0,normal,0.01
15,338,20325,0,0,0.0,0.0,0.01,1200.0,0.01,0.0,normal,0.01
15,339,20340,0,0,0.0,0.0,0.01,1200.0,0.01,0.0,normal,0.01
15,339,20355,0,0,0.0,0.0,0.01,1200.0,0.01,0.0,normal,0.01
15,339,20370,0,0,0.0,0.0,0.01,1200.0,0.01,0.0,normal,0.01
15,339,20385,0,0,0.0,0.0,0.01,1200.0,0.01,0.0,normal,0.01
15,340,20400,0,0,0.0,0.0,0.01,1200.0,0.01,0.0,normal,0.01
15,340,20415,0,0,0.0,0.0,0.01,1200.0,0.01,0.0,normal,0.01
15,340,20430,0,0,0.0,0.0,0.01,1200.0,0.01,0.0,normal,0.01
15,340,20445,0,0,0.0,0.0,0.01,1200.0,0.01,0.0,normal,0.01
15,341,20460,0,0,0.0,0.0,0.01,1200.0,0.01,0.0,normal,0.01
15,341,20475,0,0,0.0,0.0,0.01,1200.0,0.01,0.0,normal,0.01
15,341,20490,0,0,0.0,0.0,0.01,1200.0,0.01,0.0,normal,0.01
15,341,20505,0,0,0.0,0.0,0.01,1200.0,0.01,0.0,normal,0.01
15,342,20520,0,0,0.0,0.0,0.01,1200.0,0.01,0.0,normal,0.01
15,342,20535,0,0,0.0,0.0,0.01,1200.0,0.01,0.0,normal,0.01
15,342,20550,0,0,0.0,0.0,0.01,1200.0,0.01,0.0,normal,0.01
15,342,20565,0,0,0.0,0.0,0.01,1200.0,0.01,0.0,normal,0.01
15,343,20580,0,0,0.0,0.0,0.01,1200.0,0.01,0.0,normal,0.01
15,343,20595,0,0,0.0,0.0,0.01,1200.0,0.01,0.0,normal,0.01
15,343,20610,0,0,0.0,0.0,0.01,1200.0,0.01,0.0,normal,0.01
15,343,20625,0,0,0.0,0.0,0.01,1200.0,0.01,0.0,normal,0.01
15,344,20640,0,0,0.0,0.0,0.01,1200.0,0.01,0.0,normal,0.01
15,344,20655,0,0,0.0,0.0,0.01,1200.0,0.01,0.0,normal,0.01
15,344,20670,0,0,0.0,0.0,0.01,1200.0,0.01,0.0,normal,0.01
15,344,20685,0,0,0.0,0.0,0.01,1200.0,0.01,0.0,normal,0.01
15,345,20700,0,0,0.0,0.0,0.01,1200.0,0.01,0.0,normal,0.01
15,345,20715,0,0,0.0,0.0,0.01,1200.0,0.01,0.0,normal,0.01
15,345,20730,0,0,0.0,0.0,0.01,1200.0,0.01,0.0,normal,0.01
15,345,20745,0,0,0.0,0.0,0.01,1200.0,0.01,0.0,normal,0.01
15,346,20760,0,0,0.0,0.0,0.01,1200.0,0.01,0.0,normal,0.01
15,346,20775,1,0,0.01,0.01,0.01,1200.0,0.01,0.0,normal,0.02
15,346,20790,0,0,0.0,0.0,0.01,1200.0,0.01,0.0,normal,0.02
15,346,20805,0,0,0.0,0.0,0.01,1200.0,0.01,0.0,normal,0.02
15,347,20820,0,0,0.0,0.0,0.01,1200.0,0.01,0.0,normal,0.02
15,347,20835,0,0,0.0,0.0,0.01,1200.0,0.01,0.0,normal,0.02
15,347,20850,0,0,0.0,0.0,0.01,1200.0,0.01,0.0,normal,0.02
15,347,20865,1,0,0.01,0.01,0.01,1200.0,0.01,0.0,normal,0.03
15,348,20880,0,0,0.0,0.0,0.01,1200.0,0.01,0.0,normal,0.03
15,348,20895,0,0,0.0,0.0,0.01,1200.0,0.01,0.0,normal,0.03
15,348,20910,0,0,0.0,0.0,0.01,1200.0,0.01,0.0,normal,0.03
15,348,20925,0,0,0.0,0.0,0.01,1200.0,0.01,0.0,normal,0.03
15,349,20940,0,0,0.0,0.0,0.01,1200.0,0.01,0.0,normal,0.03
15,349,20955,0,0,0.0,0.0,0.01,1200.0,0.01,0.0,normal,0.03
15,349,20970,0,0,0.0,0.0,0.01,1200.0,0.01,0.0,normal,0.03
15,349,20985,0,0,0.0,0.0,0.01,1200.0,0.01,0.0,normal,0.03
15,350,21000,0,0,0.0,0.0,0.01,1200.0,0.01,0.0,normal,0.03
15,350,21015,0,0,0.0,0.0,0.01,1200.0,0.01,0.0,normal,0.03
15,350,21030,0,0,0.0,0.0,0.01,1200.0,0.01,0.0,normal,0.03
15,350,21045,0,0,0.0,0.0,0.01,1200.0,0.01,0.0,normal,0.03
15,351,21060,0,0,0.0,0.0,0.01,1200.0,0.01,0.0,normal,0.03
15,351,21075,0,0,0.0,0.0,0.01,1200.0,0.01,0.0,normal,0.03
15,351,21090,0,0,0.0,0.0,0.01,1200.0,0.01,0.0,normal,0.03
15,351,21105,0,0,0.0,0.0,0.01,1200.0,0.01,0.0,normal,0.03
15,352,21120,0,0,0.0,0.0,0.01,1200.0,0.01,0.0,normal,0.03
15,352,21135,0,0,0.0,0.0,0.01,1200.0,0.01,0.0,normal,0.03
15,352,21150,0,0,0.0,0.0,0.01,1200.0,0.01,0.0,normal,0.03
15,352,21165,0,0,0.0,0.0,0.01,1200.0,0.01,0.0,normal,0.03
15,353,21180,0,0,0.0,0.0,0.01,1200.0,0.01,0.0,normal,0.03
15,353,21195,0,0,0.0,0.0,0.01,1200.0,0.01,0.0,normal,0.03
15,353,21210,0,0,0.0,0.0,0.01,1200.0,0.01,0.0,normal,0.03
15,353,21225,0,0,0.0,0.0,0.01,1200.0,0.01,0.0,normal,0.03
15,354,21240,0,0,0.0,0.0,0.01,1200.0,0.01,0.0,normal,0.03
15,354,21255,0,0,0.0,0.0,0.01,1200.0,0.01,0.0,normal,0.03
15,354,21270,0,0,0.0,0.0,0.01,1200.0,0.01,0.0,normal,0.03
15,354,21285,0,0,0.0,0.0,0.01,1200.0,0.01,0.0,normal,0.03
15,355,21300,0,0,0.0,0.0,0.01,1200.0,0.01,0.0,normal,0.03
15,355,21315,0,0,0.0,0.0,0.01,1200.0,0.01,0.0,normal,0.03
15,355,21330,0,0,0.0,0.0,0.01,1200.0,0.01,0.0,normal,0.03
15,355,21345,0,0,0.0,0.0,0.01,1200.0,0.01,0.0,normal,0.03
15,356,21360,0,0,0.0,0.0,0.01,1200.0,0.01,0.0,normal,0.03
15,356,21375,0,0,0.0,0.0,0.01,1200.0,0.01,0.0,normal,0.03
15,356,21390,0,0,0.0,0.0,0.01,1200.0,0.01,0.0,normal,0.03
15,356,21405,0,0,0.0,0.0,0.01,1200.0,0.01,0.0,normal,0.03
15,357,21420,0,0,0.0,0.0,0.01,1200.0,0.01,0.0,normal,0.03
15,357,21435,0,0,0.0,0.0,0.01,1200.0,0.01,0.0,normal,0.03
15,357,21450,0,0,0.0,0.0,0.01,1200.0,0.01,0.0,normal,0.03
15,357,21465,0,0,0.0,0.0,0.01,1200.0,0.01,0.0,normal,0.03
15,358,21480,0,0,0.0,0.0,0.01,1200.0,0.01,0.0,normal,0.03
15,358,21495,0,0,0.0,0.0,0.01,1200.0,0.01,0.0,normal,0.03
15,358,21510,0,0,0.0,0.0,0.01,1200.0,0.01,0.0,normal,0.03
15,358,21525,0,0,0.0,0.0,0.01,1200.0,0.01,0.0,normal,0.03
15,359,21540,0,0,0.0,0.0,0.01,1200.0,0.01,0.0,normal,0.03
15,359,21555,0,0,0.0,0.0,0.01,1200.0,0.01,0.0,normal,0.03
15,359,21570,0,0,0.0,0.0,0.01,1200.0,0.01,0.0,normal,0.03
15,359,21585,0,0,0.0,0.0,0.01,1200.0,0.01,0.0,normal,0.03
16,360,21600,0,0,0.0,0.0,0.01,1200.0,0.01,0.0,normal,0.0
16,360,21615,0,0,0.0,0.0,0.01,1200.0,0.01,0.0,normal,0.0
16,360,21630,0,0,0.0,0.0,0.01,1200.0,0.01,0.0,normal,0.0
16,360,21645,0,0,0.0,0.0,0.01,1200.0,0.01,0.0,normal,0.0
16,361,21660,0,0,0.0,0.0,0.01,1200.0,0.01,0.0,normal,0.0
16,361,21675,0,0,0.0,0.0,0.01,1200.0,0.01,0.0,normal,0.0
16,361,21690,0,0,0.0,0.0,0.01,1200.0,0.01,0.0,normal,0.0
16,361,21705,0,0,0.0,0.0,0.01,1200.0,0.01,0.0,normal,0.0
16,362,21720,0,0,0.0,0.0,0.01,1200.0,0.01,0.0,normal,0.0
16,362,21735,0,0,0.0,0.0,0.01,1200.0,0.01,0.0,normal,0.0
16,362,21750,0,0,0.0,0.0,0.01,1200.0,0.01,0.0,normal,0.0
16,362,21765,0,0,0.0,0.0,0.01,1200.0,0.01,0.0,normal,0.0
16,363,21780,0,0,0.0,0.0,0.01,1200.0,0.01,0.0,normal,0.0
16,363,21795,0,0,0.0,0.0,0.01,1200.0,0.01,0.0,normal,0.0
16,363,21810,0,0,0.0,0.0,0.01,1200.0,0.01,0.0,normal,0.0
16,363,21825,1,0,0.01,0.01,0.01,1200.0,0.01,0.0,normal,0.01
16,364,21840,1,0,0.01,0.01,0.01,1200.0,0.01,0.0,normal,0.02
16,364,21855,0,0,0.0,0.0,0.01,1200.0,0.01,0.0,normal,0.02
16,364,21870,0,0,0.0,0.0,0.01,1200.0,0.01,0.0,normal,0.02
16,364,21885,0,0,0.0,0.0,0.01,1200.0,0.01,0.0,normal,0.02
16,365,21900,0,0,0.0,0.0,0.01,1200.0,0.01,0.0,normal,0.02
16,365,21915,0,0,0.0,0.0,0.01,1200.0,0.01,0.0,normal,0.02
16,365,21930,0,0,0.0,0.0,0.01,1200.0,0.01,0.0,normal,0.02
16,365,21945,0,0,0.0,0.0,0.01,1200.0,0.01,0.0,normal,0.02
16,366,21960,0,0,0.0,0.0,0.01,1200.0,0.01,0.0,normal,0.02
16,366,21975,0,0,0.0,0.0,0.01,1200.0,0.01,0.0,normal,0.02
16,366,21990,0,0,0.0,0.0,0.01,1200.0,0.01,0.0,normal,0.02
16,366,22005,0,0,0.0,0.0,0.01,1200.0,0.01,0.0,normal,0.02
16,367,22020,0,0,0.0,0.0,0.01,1200.0,0.01,0.0,normal,0.02
16,367,22035,0,0,0.0,0.0,0.01,1200.0,0.01,0.0,normal,0.02
16,367,22050,0,0,0.0,0.0,0.01,1200.0,0.01,0.0,normal,0.02
16,367,22065,0,0,0.0,0.0,0.01,1200.0,0.01,0.0,normal,0.02
16,368,22080,0,0,0.0,0.0,0.01,1200.0,0.01,0.0,normal,0.02
16,368,22095,0,0,0.0,0.0,0.01,1200.0,0.01,0.0,normal,0.02
16,368,22110,0,0,0.0,0.0,0.01,1200.0,0.01,0.0,normal,0.02
16,368,22125,0,0,0.0,0.0,0.01,1200.0,0.01,0.0,normal,0.02
16,369,22140,0,0,0.0,0.0,0.01,1200.0,0.01,0.0,normal,0.02
16,369,22155,0,0,0.0,0.0,0.01,1200.0,0.01,0.0,normal,0.02
16,369,22170,0,0,0.0,0.0,0.01,1200.0,0.01,0.0,normal,0.02
16,369,22185,0,0,0.0,0.0,0.01,1200.0,0.01,0.0,normal,0.02
16,370,22200,0,0,0.0,0.0,0.01,1200.0,0.01,0.0,normal,0.02
16,370,22215,0,0,0.0,0.0,0.01,1200.0,0.01,0.0,normal,0.02
16,370,22230,0,0,0.0,0.0,0.01,1200.0,0.01,0.0,normal,0.02
16,370,22245,0,0,0.0,0.0,0.01,1200.0,0.01,0.0,normal,0.02
16,371,22260,0,0,0.0,0.0,0.01,1200.0,0.01,0.0,normal,0.02
16,371,22275,0,0,0.0,0.0,0.01,1200.0,0.01,0.0,normal,0.02
16,371,22290,0,0,0.0,0.0,0.01,1200.0,0.01,0.0,normal,0.02
16,371,22305,0,0,0.0,0.0,0.01,1200.0,0.01,0.0,normal,0.02
16,372,22320,0,0,0.0,0.0,0.01,1200.0,0.01,0.0,normal,0.02
16,372,22335,0,0,0.0,0.0,0.01,1200.0,0.01,0.0,normal,0.02
16,372,22350,0,0,0.0,0.0,0.01,1200.0,0.01,0.0,normal,0.02
16,372,22365,0,0,0.0,0.0,0.01,1200.0,0.01,0.0,normal,0.02
16,373,22380,0,0,0.0,0.0,0.01,1200.0,0.01,0.0,normal,0.02
16,373,22395,0,0,0.0,0.0,0.01,1200.0,0.01,0.0,normal,0.02
16,373,22410,0,0,0.0,0.0,0.01,1200.0,0.01,0.0,normal,0.02
16,373,22425,0,0,0.0,0.0,0.01,1200.0,0.01,0.0,normal,0.02
16,374,22440,0,0,0.0,0.0,0.01,1200.0,0.01,0.0,normal,0.02
16,374,22455,0,0,0.0,0.0,0.01,1200.0,0.01,0.0,normal,0.02
16,374,22470,0,0,0.0,0.0,0.01,1200.0,0.01,0.0,normal,0.02
16,374,22485,0,0,0.0,0.0,0.01,1200.0,0.01,0.0,normal,0.02
16,375,22500,0,0,0.0,0.0,0.01,1200.0,0.01,0.0,normal,0.02
16,375,22515,0,0,0.0,0.0,0.01,1200.0,0.01,0.0,normal,0.02
16,375,22530,0,0,0.0,0.0,0.01,1200.0,0.01,0.0,normal,0.02
16,375,22545,0,0,0.0,0.0,0.01,1200.0,0.01,0.0,normal,0.02
16,376,22560,0,0,0.0,0.0,0.01,1200.0,0.01,0.0,normal,0.02
16,376,22575,0,0,0.0,0.0,0.01,1200.0,0.01,0.0,normal,0.02
16,376,22590,0,0,0.0,0.0,0.01,1200.0,0.01,0.0,normal,0.02
16,376,22605,0,0,0.0,0.0,0.01,1200.0,0.01,0.0,normal,0.02
16,377,22620,0,0,0.0,0.0,0.01,1200.0,0.01,0.0,normal,0.02
16,377,22635,0,0,0.0,0.0,0.01,1200.0,0.01,0.0,normal,0.02
16,377,22650,0,0,0.0,0.0,0.01,1200.0,0.01,0.0,normal,0.02
16,377,22665,0,0,0.0,0.0,0.01,1200.0,0.01,0.0,normal,0.02
16,378,22680,0,0,0.0,0.0,0.01,1200.0,0.01,0.0,normal,0.02
16,378,22695,0,0,0.0,0.0,0.01,1200.0,0.01,0.0,normal,0.02
16,378,22710,0,0,0.0,0.0,0.01,1200.0,0.01,0.0,normal,0.02
16,378,22725,0,0,0.0,0.0,0.01,1200.0,0.01,0.0,normal,0.02
16,379,22740,0,0,0.0,0.0,0.01,1200.0,0.01,0.0,normal,0.02
16,379,22755,0,0,0.0,0.0,0.01,1200.0,0.01,0.0,normal,0.02
16,379,22770,0,0,0.0,0.0,0.01,1200.0,0.01,0.0,normal,0.02
16,379,22785,0,0,0.0,0.0,0.01,1200.0,0.01,0.0,normal,0.02
16,380,22800,0,0,0.0,0.0,0.01,1200.0,0.01,0.0,normal,0.02
16,380,22815,0,0,0.0,0.0,0.01,1200.0,0.01,0.0,normal,0.02
16,380,22830,0,0,0.0,0.0,0.01,1200.0,0.01,0.0,normal,0.02
16,380,22845,0,0,0.0,0.0,0.01,1200.0,0.01,0.0,normal,0.02
16,381,22860,0,0,0.0,0.0,0.01,1200.0,0.01,0.0,normal,0.02
16,381,22875,0,0,0.0,0.0,0.01,1200.0,0.01,0.0,normal,0.02
16,381,22890,0,0,0.0,0.0,0.01,1200.0,0.01,0.0,normal,0.02
16,381,22905,0,0,0.0,0.0,0.01,1200.0,0.01,0.0,normal,0.02
16,382,22920,0,0,0.0,0.0,0.01,1200.0,0.01,0.0,normal,0.02
16,382,22935,0,0,0.0,0.0,0.01,1200.0,0.01,0.0,normal,0.02
16,382,22950,0,0,0.0,0.0,0.01,1200.0,0.01,0.0,normal,0.02
16,382,22965,0,0,0.0,0.0,0.01,1200.0,0.01,0.0,normal,0.02
16,383,22980,0,0,0.0,0.0,0.01,1200.0,0.01,0.0,normal,0.02
16,383,22995,0,0,0.0,0.0,0.01,1200.0,0.01,0.0,normal,0.02
16,383,23010,0,0,0.0,0.0,0.01,1200.0,0.01,0.0,normal,0.02
16,383,23025,0,0,0.0,0.0,0.01,1200.0,0.01,0.0,normal,0.02
17,384,23040,0,0,0.0,0.0,0.01,1200.0,0.01,0.0,normal,0.0
17,384,23055,0,0,0.0,0.0,0.01,1200.0,0.01,0.0,normal,0.0
17,384,23070,0,0,0.0,0.0,0.01,1200.0,0.01,0.0,normal,0.0
17,384,23085,0,0,0.0,0.0,0.01,1200.0,0.01,0.0,normal,0.0
17,385,23100,0,0,0.0,0.0,0.01,1200.0,0.01,0.0,normal,0.0
17,385,23115,0,0,0.0,0.0,0.01,1200.0,0.01,0.0,normal,0.0
17,385,23130,0,0,0.0,0.0,0.01,1200.0,0.01,0.0,normal,0.0
17,385,23145,0,0,0.0,0.0,0.01,1200.0,0.01,0.0,normal,0.0
17,386,23160,0,0,0.0,0.0,0.01,1200.0,0.01,0.0,normal,0.0
17,386,23175,0,0,0.0,0.0,0.01,1200.0,0.01,0.0,normal,0.0
17,386,23190,0,0,0.0,0.0,0.01,1200.0,0.01,0.0,normal,0.0
17,386,23205,0,0,0.0,0.0,0.01,1200.0,0.01,0.0,normal,0.0
17,387,23220,0,0,0.0,0.0,0.01,1200.0,0.01,0.0,normal,0.0
17,387,23235,0,0,0.0,0.0,0.01,1200.0,0.01,0.0,normal,0.0
17,387,23250,0,0,0.0,0.0,0.01,1200.0,0.01,0.0,normal,0.0
17,387,23265,0,0,0.0,0.0,0.01,1200.0,0.01,0.0,normal,0.0
17,388,23280,0,0,0.0,0.0,0.01,1200.0,0.01,0.0,normal,0.0
17,388,23295,0,0,0.0,0.0,0.01,1200.0,0.01,0.0,normal,0.0
17,388,23310,0,0,0.0,0.0,0.01,1200.0,0.01,0.0,normal,0.0
17,388,23325,0,0,0.0,0.0,0.01,1200.0,0.01,0.0,normal,0.0
17,389,23340,0,0,0.0,0.0,0.01,1200.0,0.01,0.0,normal,0.0
17,389,23355,0,0,0.0,0.0,0.01,1200.0,0.01,0.0,normal,0.0
17,389,23370,0,0,0.0,0.0,0.01,1200.0,0.01,0.0,normal,0.0
17,389,23385,0,0,0.0,0.0,0.01,1200.0,0.01,0.0,normal,0.0
17,390,23400,0,0,0.0,0.0,0.01,1200.0,0.01,0.0,normal,0.0
17,390,23415,0,0,0.0,0.0,0.01,1200.0,0.01,0.0,normal,0.0
17,390,23430,0,0,0.0,0.0,0.01,1200.0,0.01,0.0,normal,0.0
17,390,23445,0,0,0.0,0.0,0.01,1200.0,0.01,0.0,normal,0.0
17,391,23460,0,0,0.0,0.0,0.01,1200.0,0.01,0.0,normal,0.0
17,391,23475,0,0,0.0,0.0,0.01,1200.0,0.01,0.0,normal,0.0
17,391,23490,0,0,0.0,0.0,0.01,1200.0,0.01,0.0,normal,0.0
17,391,23505,0,0,0.0,0.0,0.01,1200.0,0.01,0.0,normal,0.0
17,392,23520,0,0,0.0,0.0,0.01,1200.0,0.01,0.0,normal,0.0
17,392,23535,0,0,0.0,0.0,0.01,1200.0,0.01,0.0,normal,0.0
17,392,23550,0,0,0.0,0.0,0.01,1200.0,0.01,0.0,normal,0.0
17,392,23565,0,0,0.0,0.0,0.01,1200.0,0.01,0.0,normal,0.0
17,393,23580,0,0,0.0,0.0,0.01,1200.0,0.01,0.0,normal,0.0
17,393,23595,0,0,0.0,0.0,0.01,1200.0,0.01,0.0,normal,0.0
17,393,23610,0,0,0.0,0.0,0.01,1200.0,0.01,0.0,normal,0.0
17,393,23625,0,0,0.0,0.0,0.01,1200.0,0.01,0.0,normal,0.0
17,394,23640,0,0,0.0,0.0,0.01,1200.0,0.01,0.0,normal,0.0
17,394,23655,0,0,0.0,0.0,0.01,1200.0,0.01,0.0,normal,0.0
17,394,23670,0,0,0.0,0.0,0.01,1200.0,0.01,0.0,normal,0.0
17,394,23685,0,0,0.0,0.0,0.01,1200.0,0.01,0.0,normal,0.0
17,395,23700,0,0,0.0,0.0,0.01,1200.0,0.01,0.0,normal,0.0
17,395,23715,0,0,0.0,0.0,0.01,1200.0,0.01,0.0,normal,0.0
17,395,23730,0,0,0.0,0.0,0.01,1200.0,0.01,0.0,normal,0.0
17,395,23745,0,0,0.0,0.0,0.01,1200.0,0.01,0.0,normal,0.0
17,396,23760,0,0,0.0,0.0,0.01,1200.0,0.01,0.0,normal,0.0
17,396,23775,0,0,0.0,0.0,0.01,1200.0,0.01,0.0,normal,0.0
17,396,23790,0,0,0.0,0.0,0.01,1200.0,0.01,0.0,normal,0.0
17,396,23805,0,0,0.0,0.0,0.01,1200.0,0.01,0.0,normal,0.0
17,397,23820,0,0,0.0,0.0,0.01,1200.0,0.01,0.0,normal,0.0
17,397,23835,0,0,0.0,0.0,0.01,1200.0,0.01,0.0,normal,0.0
17,397,23850,0,0,0.0,0.0,0.01,1200.0,0.01,0.0,normal,0.0
17,397,23865,0,0,0.0,0.0,0.01,1200.0,0.01,0.0,normal,0.0
17,398,23880,0,0,0.0,0.0,0.01,1200.0,0.01,0.0,normal,0.0
17,398,23895,0,0,0.0,0.0,0.01,1200.0,0.01,0.0,normal,0.0
17,398,23910,0,0,0.0,0.0,0.01,1200.0,0.01,0.0,normal,0.0
17,398,23925,0,0,0.0,0.0,0.01,1200.0,0.01,0.0,normal,0.0
17,399,23940,0,0,0.0,0.0,0.01,1200.0,0.01,0.0,normal,0.0
17,399,23955,0,0,0.0,0.0,0.01,1200.0,0.01,0.0,normal,0.0
17,399,23970,0,0,0.0,0.0,0.01,1200.0,0.01,0.0,normal,0.0
17,399,23985,0,0,0.0,0.0,0.01,1200.0,0.01,0.0,normal,0.0
17,400,24000,0,0,0.0,0.0,0.01,1200.0,0.01,0.0,normal,0.0
17,400,24015,0,0,0.0,0.0,0.01,1200.0,0.01,0.0,normal,0.0
17,400,24030,0,0,0.0,0.0,0.01,1200.0,0.01,0.0,normal,0.0
17,400,24045,0,0,0.0,0.0,0.01,1200.0,0.01,0.0,normal,0.0
17,401,24060,0,0,0.0,0.0,0.01,1200.0,0.01,0.0,normal,0.0
17,401,24075,0,0,0.0,0.0,0.01,1200.0,0.01,0.0,normal,0.0
17,401,24090,0,0,0.0,0.0,0.01,1200.0,0.01,0.0,normal,0.0
17,401,24105,0,0,0.0,0.0,0.01,1200.0,0.01,0.0,normal,0.0
17,402,24120,0,0,0.0,0.0,0.01,1200.0,0.01,0.0,normal,0.0
17,402,24135,0,0,0.0,0.0,0.01,1200.0,0.01,0.0,normal,0.0
17,402,24150,0,0,0.0,0.0,0.01,1200.0,0.01,0.0,normal,0.0
17,402,24165,0,0,0.0,0.0,0.01,1200.0,0.01,0.0,normal,0.0
17,403,24180,0,0,0.0,0.0,0.01,1200.0,0.01,0.0,normal,0.0
17,403,24195,0,0,0.0,0.0,0.01,1200.0,0.01,0.0,normal,0.0
17,403,24210,0,0,0.0,0.0,0.01,1200.0,0.01,0.0,normal,0.0
17,403,24225,0,0,0.0,0.0,0.01,1200.0,0.01,0.0,normal,0.0
17,404,24240,0,0,0.0,0.0,0.01,1200.0,0.01,0.0,normal,0.0
17,404,24255,0,0,0.0,0.0,0.01,1200.0,0.01,0.0,normal,0.0
17,404,24270,0,0,0.0,0.0,0.01,1200.0,0.01,0.0,normal,0.0
17,404,24285,0,0,0.0,0.0,0.01,1200.0,0.01,0.0,normal,0.0
17,405,24300,0,0,0.0,0.0,0.01,1200.0,0.01,0.0,normal,0.0
17,405,24315,0,0,0.0,0.0,0.01,1200.0,0.01,0.0,normal,0.0
17,405,24330,0,0,0.0,0.0,0.01,1200.0,0.01,0.0,normal,0.0
17,405,24345,0,0,0.0,0.0,0.01,1200.0,0.01,0.0,normal,0.0
17,406,24360,0,0,0.0,0.0,0.01,1200.0,0.01,0.0,normal,0.0
17,406,24375,0,0,0.0,0.0,0.01,1200.0,0.01,0.0,normal,0.0
17,406,24390,0,0,0.0,0.0,0.01,1200.0,0.01,0.0,normal,0.0
17,406,24405,0,0,0.0,0.0,0.01,1200.0,0.01,0.0,normal,0.0
17,407,24420,0,0,0.0,0.0,0.01,1200.0,0.01,0.0,normal,0.0
17,407,24435,0,0,0.0,0.0,0.01,1200.0,0.01,0.0,normal,0.0
17,407,24450,0,0,0.0,0.0,0.01,1200.0,0.01,0.0,normal,0.0
17,407,24465,0,0,0.0,0.0,0.01,1200.0,0.01,0.0,normal,0.0
18,408,24480,0,0,0.0,0.0,0.01,1200.0,0.01,0.0,normal,0.0
18,408,24495,0,0,0.0,0.0,0.01,1200.0,0.01,0.0,normal,0.0
18,408,24510,0,0,0.0,0.0,0.01,1200.0,0.01,0.0,normal,0.0
18,408,24525,0,0,0.0,0.0,0.01,1200.0,0.01,0.0,normal,0.0
18,409,24540,0,0,0.0,0.0,0.01,1200.0,0.01,0.0,normal,0.0
18,409,24555,0,0,0.0,0.0,0.01,1200.0,0.01,0.0,normal,0.0
18,409,24570,0,0,0.0,0.0,0.01,1200.0,0.01,0.0,normal,0.0
18,409,24585,0,0,0.0,0.0,0.01,1200.0,0.01,0.0,normal,0.0
18,410,24600,0,0,0.0,0.0,0.01,1200.0,0.01,0.0,normal,0.0
18,410,24615,0,0,0.0,0.0,0.01,1200.0,0.01,0.0,normal,0.0
18,410,24630,0,0,0.0,0.0,0.01,1200.0,0.01,0.0,normal,0.0
18,410,24645,0,0,0.0,0.0,0.01,1200.0,0.01,0.0,normal,0.0
18,411,24660,0,0,0.0,0.0,0.01,1200.0,0.01,0.0,normal,0.0
18,411,24675,0,0,0.0,0.0,0.01,1200.0,0.01,0.0,normal,0.0
18,411,24690,0,0,0.0,0.0,0.01,1200.0,0.01,0.0,normal,0.0
18,411,24705,0,0,0.0,0.0,0.01,1200.0,0.01,0.0,normal,0.0
18,412,24720,0,0,0.0,0.0,0.01,1200.0,0.01,0.0,normal,0.0
18,412,24735,0,0,0.0,0.0,0.01,1200.0,0.01,0.0,normal,0.0
18,412,24750,0,0,0.0,0.0,0.01,1200.0,0.01,0.0,normal,0.0
18,412,24765,0,0,0.0,0.0,0.01,1200.0,0.01,0.0,normal,0.0
18,413,24780,0,0,0.0,0.0,0.01,1200.0,0.01,0.0,normal,0.0
18,413,24795,0,0,0.0,0.0,0.0089,1200.0,0.01,0.0,normal,0.0
18,413,24810,0,0,0.0,0.0,0.01,1200.0,0.01,0.0,normal,0.0
18,413,24825,0,0,0.0,0.0,0.01,1200.0,0.01,0.0,normal,0.0
18,414,24840,0,0,0.0,0.0,0.01,1200.0,0.01,0.0,normal,0.0
18,414,24855,0,0,0.0,0.0,0.01,1200.0,0.01,0.0,normal,0.0
18,414,24870,0,0,0.0,0.0,0.01,1200.0,0.01,0.0,normal,0.0
18,414,24885,0,0,0.0,0.0,0.01,1200.0,0.01,0.0,normal,0.0
18,415,24900,0,0,0.0,0.0,0.01,1200.0,0.01,0.0,normal,0.0
18,415,24915,0,0,0.0,0.0,0.01,1200.0,0.01,0.0,normal,0.0
18,415,24930,0,0,0.0,0.0,0.01,1200.0,0.01,0.0,normal,0.0
18,415,24945,0,0,0.0,0.0,0.01,1200.0,0.01,0.0,normal,0.0
18,416,24960,0,0,0.0,0.0,0.01,1200.0,0.01,0.0,normal,0.0
18,416,24975,0,0,0.0,0.0,0.01,1200.0,0.01,0.0,normal,0.0
18,416,24990,0,0,0.0,0.0,0.01,1200.0,0.01,0.0,normal,0.0
18,416,25005,0,0,0.0,0.0,0.01,1200.0,0.01,0.0,normal,0.0
18,417,25020,0,0,0.0,0.0,0.01,1200.0,0.01,0.0,normal,0.0
18,417,25035,0,0,0.0,0.0,0.01,1200.0,0.01,0.0,normal,0.0
18,417,25050,0,0,0.0,0.0,0.01,1200.0,0.01,0.0,normal,0.0
18,417,25065,0,0,0.0,0.0,0.01,1200.0,0.01,0.0,normal,0.0
18,418,25080,0,0,0.0,0.0,0.01,1200.0,0.01,0.0,normal,0.0
18,418,25095,0,0,0.0,0.0,0.01,1200.0,0.01,0.0,normal,0.0
18,418,25110,0,0,0.0,0.0,0.01,1200.0,0.01,0.0,normal,0.0
18,418,25125,0,0,0.0,0.0,0.01,1200.0,0.01,0.0,normal,0.0
18,419,25140,0,0,0.0,0.0,0.01,1200.0,0.01,0.0,normal,0.0
18,419,25155,0,0,0.0,0.0,0.01,1200.0,0.01,0.0,normal,0.0
18,419,25170,1,0,0.01,0.01,0.01,1200.0,0.01,0.0,normal,0.01
18,419,25185,0,0,0.0,0.0,0.01,1200.0,0.01,0.0,normal,0.01
18,420,25200,0,0,0.0,0.0,0.01,1200.0,0.01,0.0,normal,0.01
18,420,25215,0,0,0.0,0.0,0.01,1200.0,0.01,0.0,normal,0.01
18,420,25230,0,0,0.0,0.0,0.01,1200.0,0.01,0.0,normal,0.01
18,420,25245,0,0,0.0,0.0,0.01,1200.0,0.01,0.0,normal,0.01
18,421,25260,0,0,0.0,0.0,0.01,1200.0,0.01,0.0,normal,0.01
18,421,25275,0,0,0.0,0.0,0.01,1200.0,0.01,0.0,normal,0.01
18,421,25290,0,0,0.0,0.0,0.01,1200.0,0.01,0.0,normal,0.01
18,421,25305,0,0,0.0,0.0,0.01,1200.0,0.01,0.0,normal,0.01
18,422,25320,0,0,0.0,0.0,0.01,1200.0,0.01,0.0,normal,0.01
18,422,25335,0,0,0.0,0.0,0.01,1200.0,0.01,0.0,normal,0.01
18,422,25350,0,0,0.0,0.0,0.01,1200.0,0.01,0.0,normal,0.01
18,422,25365,0,0,0.0,0.0,0.01,1200.0,0.01,0.0,normal,0.01
18,423,25380,0,0,0.0,0.0,0.01,1200.0,0.01,0.0,normal,0.01
18,423,25395,0,0,0.0,0.0,0.01,1200.0,0.01,0.0,normal,0.01
18,423,25410,0,0,0.0,0.0,0.01,1200.0,0.01,0.0,normal,0.01
18,423,25425,0,0,0.0,0.0,0.01,1200.0,0.01,0.0,normal,0.01
18,424,25440,0,0,0.0,0.0,0.01,1200.0,0.01,0.0,normal,0.01
18,424,25455,0,0,0.0,0.0,0.01,1200.0,0.01,0.0,normal,0.01
18,424,25470,0,0,0.0,0.0,0.01,1200.0,0.01,0.0,normal,0.01
18,424,25485,0,0,0.0,0.0,0.01,1200.0,0.01,0.0,normal,0.01
18,425,25500,0,0,0.0,0.0,0.01,1200.0,0.01,0.0,normal,0.01
18,425,25515,0,0,0.0,0.0,0.01,1200.0,0.01,0.0,normal,0.01
18,425,25530,0,0,0.0,0.0,0.01,1200.0,0.01,0.0,normal,0.01
18,425,25545,0,0,0.0,0.0,0.01,1200.0,0.01,0.0,normal,0.01
18,426,25560,0,0,0.0,0.0,0.01,1200.0,0.01,0.0,normal,0.01
18,426,25575,0,0,0.0,0.0,0.01,1200.0,0.01,0.0,normal,0.01
18,426,25590,0,0,0.0,0.0,0.01,1200.0,0.01,0.0,normal,0.01
18,426,25605,0,0,0.0,0.0,0.01,1200.0,0.01,0.0,normal,0.01
18,427,25620,0,0,0.0,0.0,0.01,1200.0,0.01,0.0,normal,0.01
18,427,25635,0,0,0.0,0.0,0.01,1200.0,0.01,0.0,normal,0.01
18,427,25650,0,0,0.0,0.0,0.01,1200.0,0.01,0.0,normal,0.01
18,427,25665,0,0,0.0,0.0,0.01,1200.0,0.01,0.0,normal,0.01
18,428,25680,0,0,0.0,0.0,0.01,1200.0,0.01,0.0,normal,0.01
18,428,25695,0,0,0.0,0.0,0.01,1200.0,0.01,0.0,normal,0.01
18,428,25710,0,0,0.0,0.0,0.01,1200.0,0.01,0.0,normal,0.01
18,428,25725,0,0,0.0,0.0,0.01,1200.0,0.01,0.0,normal,0.01
18,429,25740,0,0,0.0,0.0,0.01,1200.0,0.01,0.0,normal,0.01
18,429,25755,0,0,0.0,0.0,0.01,1200.0,0.01,0.0,normal,0.01
18,429,25770,0,0,0.0,0.0,0.0078,1200.0,0.01,0.0,normal,0.01
18,429,25785,0,0,0.0,0.0,0.01,1200.0,0.01,0.0,normal,0.01
18,430,25800,0,0,0.0,0.0,0.01,1200.0,0.01,0.0,normal,0.01
18,430,25815,0,0,0.0,0.0,0.01,1200.0,0.01,0.0,normal,0.01
18,430,25830,0,0,0.0,0.0,0.01,1200.0,0.01,0.0,normal,0.01
18,430,25845,0,0,0.0,0.0,0.01,1200.0,0.01,0.0,normal,0.01
18,431,25860,0,0,0.0,0.0,0.01,1200.0,0.01,0.0,normal,0.01
18,431,25875,0,0,0.0,0.0,0.01,1200.0,0.01,0.0,normal,0.01
18,431,25890,0,0,0.0,0.0,0.01,1200.0,0.01,0.0,normal,0.01
18,431,25905,0,0,0.0,0.0,0.01,1200.0,0.01,0.0,normal,0.01
19,432,25920,0,0,0.0,0.0,0.01,1200.0,0.01,0.0,normal,0.0
19,432,25935,0,0,0.0,0.0,0.01,1200.0,0.01,0.0,normal,0.0
19,432,25950,0,0,0.0,0.0,0.01,1200.0,0.01,0.0,normal,0.0
19,432,25965,0,0,0.0,0.0,0.01,1200.0,0.01,0.0,normal,0.0
19,433,25980,0,0,0.0,0.0,0.01,1200.0,0.01,1.0,normal,0.0
19,433,25995,0,0,0.0,0.0,0.01,1200.0,0.01,1.0,normal,0.0
19,433,26010,22,0,56.6318,56.6318,2.5742,1200.0,4.2,1.0,normal,56.6318
19,433,26025,13,0,25.8137,25.8137,1.9857,1200.0,4.2,1.0,normal,82.4455
19,434,26040,12,0,39.1759,39.1759,3.2647,1200.0,4.2,1.0,normal,121.6214
19,434,26055,8,0,26.4551,26.4551,3.3069,1200.0,4.2,1.0,normal,148.0765
19,434,26070,6,1,17.3085,17.3085,2.8848,1200.0,4.2,1.0,normal,165.385
19,434,26085,18,0,75.6,75.6,4.2,1200.0,4.2,1.0,normal,240.985
19,435,26100,14,0,58.8,58.8,4.2,1200.0,4.2,1.0,normal,299.785
19,435,26115,13,0,25.8385,25.8385,1.9876,1200.0,4.2,1.0,normal,325.6235
19,435,26130,14,0,17.4155,17.4155,1.244,1200.0,4.2,1.0,normal,343.039
19,435,26145,8,0,30.1093,30.1093,3.7637,1200.0,4.2,1.0,normal,373.1483
19,436,26160,9,0,30.24,30.24,3.36,1200.0,3.36,1.0,normal,403.3883
19,436,26175,10,0,25.4767,25.4767,2.5477,1200.0,3.36,1.0,normal,428.865
19,436,26190,10,0,33.6,33.6,3.36,1200.0,3.36,1.0,normal,462.465
19,436,26205,4,0,11.3024,11.3024,2.8256,1200.0,3.36,1.0,normal,473.7674
19,437,26220,10,0,19.8999,19.8999,1.99,1200.0,3.36,1.0,normal,493.6673
19,437,26235,14,0,47.04,47.04,3.36,1200.0,3.36,1.0,normal,540.7073
19,437,26250,8,0,5.5469,5.5469,0.6934,1200.0,3.36,1.0,normal,546.2542
19,437,26265,13,0,43.68,43.68,3.36,1200.0,3.36,1.0,normal,589.9342
19,438,26280,9,1,30.24,30.24,3.36,1200.0,3.36,1.0,normal,620.1742
19,438,26295,13,0,27.9806,27.9806,2.1524,1200.0,3.36,1.0,normal,648.1548
19,438,26310,13,0,25.0626,25.0626,1.9279,1200.0,3.36,1.0,normal,673.2174
19,438,26325,10,1,6.208,6.208,0.6208,1200.0,3.36,1.0,normal,679.4254
19,439,26340,8,0,6.4638,6.4638,0.808,1200.0,3.36,1.0,normal,685.8892
19,439,26355,9,1,27.3719,27.3719,3.0413,1200.0,3.36,1.0,normal,713.2611
19,439,26370,7,0,17.5527,17.5527,2.5075,1200.0,3.36,1.0,normal,730.8138
19,439,26385,7,0,23.52,23.52,3.36,1200.0,3.36,1.0,normal,754.3338
19,440,26400,6,0,15.0243,15.0243,2.5041,1200.0,2.69,1.0,normal,769.3581
19,440,26415,10,0,11.2683,11.2683,1.1268,1200.0,2.69,1.0,normal,780.6264
19,440,26430,6,0,8.0682,8.0682,1.3447,1200.0,2.69,1.0,normal,788.6946
19,440,26445,0,0,0.0,0.0,2.69,1200.0,2.69,1.0,normal,788.6946
19,441,26460,5,0,0.0852,0.0852,0.017,1200.0,2.69,1.0,normal,788.7798
19,441,26475,10,0,26.9,26.9,2.69,1200.0,2.69,1.0,normal,815.6798
19,441,26490,4,0,1.9077,1.9077,0.4769,1200.0,2.69,1.0,normal,817.5875
19,441,26505,8,0,5.2202,5.2202,0.6525,1200.0,2.69,1.0,normal,822.8077
19,442,26520,8,0,21.52,21.52,2.69,1200.0,2.69,1.0,normal,844.3277
19,442,26535,7,0,18.83,18.83,2.69,1200.0,2.69,1.0,normal,863.1577
19,442,26550,6,1,10.9484,10.9484,1.8247,1200.0,2.69,1.0,normal,874.1061
19,442,26565,5,0,13.45,13.45,2.69,1200.0,2.69,1.0,normal,887.5561
19,443,26580,7,1,6.3906,6.3906,0.9129,1200.0,2.69,1.0,normal,893.9467
19,443,26595,5,0,13.45,13.45,2.69,1200.0,2.69,1.0,normal,907.3967
19,443,26610,8,0,13.0018,13.0018,1.6252,1200.0,2.69,1.0,normal,920.3985
19,443,26625,5,0,12.9977,12.9977,2.5995,1200.0,2.69,1.0,normal,933.3962
19,444,26640,6,0,6.2016,6.2016,1.0336,1650.0,2.15,1.0,normal,939.5978
19,444,26655,8,0,4.8699,4.8699,0.6087,1650.0,2.15,1.0,normal,944.4677
19,444,26670,9,1,7.8709,7.8709,0.8745,1650.0,2.15,1.0,normal,952.3386
19,444,26685,8,0,3.8317,3.8317,0.479,1650.0,2.15,1.0,normal,956.1703
19,445,26700,6,0,12.9,12.9,2.15,1650.0,2.15,1.0,normal,969.0703
19,445,26715,5,0,10.75,10.75,2.15,1650.0,2.15,1.0,normal,979.8203
19,445,26730,6,0,12.9,12.9,2.15,1650.0,2.15,1.0,normal,992.7203
19,445,26745,2,0,3.0961,3.0961,1.5481,1650.0,2.15,1.0,normal,995.8164
19,446,26760,11,0,6.7207,6.7207,0.611,1650.0,2.15,1.0,normal,1002.5371
19,446,26775,4,0,5.1855,5.1855,1.2964,1650.0,2.15,1.0,normal,1007.7226
19,446,26790,6,0,10.0977,10.0977,1.683,1650.0,2.15,1.0,normal,1017.8203
19,446,26805,6,0,12.8333,12.8333,2.1389,1650.0,2.15,1.0,normal,1030.6536
19,447,26820,4,0,8.6,8.6,2.15,1650.0,2.15,1.0,normal,1039.2536
19,447,26835,6,0,4.476,4.476,0.746,1650.0,2.15,1.0,normal,1043.7296
19,447,26850,4,0,8.6,8.6,2.15,1650.0,2.15,1.0,normal,1052.3296
19,447,26865,4,0,8.6,8.6,2.15,1650.0,2.15,1.0,normal,1060.9296
19,448,26880,3,0,5.16,5.16,1.72,1650.0,1.72,1.0,normal,1066.0896
19,448,26895,6,1,9.9244,9.9244,1.6541,1650.0,1.72,1.0,normal,1076.014
19,448,26910,4,0,6.88,6.88,1.72,1650.0,1.72,1.0,normal,1082.894
19,448,26925,2,0,3.44,3.44,1.72,1650.0,1.72,1.0,normal,1086.334
19,449,26940,7,0,10.2893,10.2893,1.4699,1650.0,1.72,1.0,normal,1096.6233
19,449,26955,7,0,6.631,6.631,0.9473,1650.0,1.72,1.0,normal,1103.2543
19,449,26970,5,0,8.6,8.6,1.72,1650.0,1.72,1.0,normal,1111.8543
19,449,26985,11,1,18.92,18.92,1.72,1650.0,1.72,1.0,normal,1130.7743
19,450,27000,4,0,5.3034,5.3034,1.3258,1650.0,1.72,1.0,normal,1136.0777
19,450,27015,5,0,8.6,8.6,1.72,1650.0,1.72,1.0,normal,1144.6777
19,450,27030,5,0,0.9195,0.9195,0.1839,1650.0,1.72,1.0,normal,1145.5972
19,450,27045,2,0,3.44,3.44,1.72,1650.0,1.72,1.0,normal,1149.0372
19,451,27060,6,0,10.32,10.32,1.72,1650.0,1.72,1.0,normal,1159.3572
19,451,27075,9,0,7.2237,7.2237,0.8026,1650.0,1.72,1.0,normal,1166.5809
19,451,27090,4,0,1.7297,1.7297,0.4324,1650.0,1.72,1.0,normal,1168.3106
19,451,27105,4,0,6.88,6.88,1.72,1650.0,1.72,1.0,normal,1175.1906
19,452,27120,2,0,2.76,2.76,1.38,1650.0,1.38,1.0,normal,1177.9506
19,452,27135,2,0,2.76,2.76,1.38,1650.0,1.38,1.0,normal,1180.7106
19,452,27150,5,0,6.9,6.9,1.38,1650.0,1.38,1.0,normal,1187.6106
19,452,27165,3,0,4.14,4.14,1.38,1650.0,1.38,1.0,normal,1191.7506
19,453,27180,4,0,5.52,5.52,1.38,1650.0,1.38,1.0,normal,1197.2706
19,453,27195,5,0,6.2302,6.2302,1.246,1650.0,1.38,1.0,normal,1203.5008
19,453,27210,4,0,5.52,5.52,1.38,1650.0,1.38,1.0,normal,1209.0208
19,453,27225,3,0,1.1687,1.1687,0.3896,1650.0,1.38,1.0,normal,1210.1895
19,454,27240,3,0,3.118,3.118,1.0393,1650.0,1.38,1.0,normal,1213.3075
19,454,27255,1,0,0.908,0.908,0.908,1650.0,1.38,1.0,normal,1214.2155
19,454,27270,5,0,6.9,6.9,1.38,1650.0,1.38,1.0,normal,1221.1155
19,454,27285,3,0,4.14,4.14,1.38,1650.0,1.38,1.0,normal,1225.2555
19,455,27300,2,0,2.6987,2.6987,1.3493,1650.0,1.38,1.0,normal,1227.9542
19,455,27315,4,0,3.3233,3.3233,0.8308,1650.0,1.38,1.0,normal,1231.2775
19,455,27330,3,0,2.5042,2.5042,0.8347,1650.0,1.38,1.0,normal,1233.7817
19,455,27345,1,0,1.38,1.38,1.38,1650.0,1.38,1.0,normal,1235.1617
20,456,27360,0,0,0.0,0.0,1.1,1650.0,1.1,1.0,normal,0.0
20,456,27375,1,0,1.1,1.1,1.1,1650.0,1.1,1.0,normal,1.1
20,456,27390,1,0,0.1916,0.1916,0.1916,1650.0,1.1,1.0,normal,1.2916
20,456,27405,0,0,0.0,0.0,1.1,1650.0,1.1,1.0,normal,1.2916
20,457,27420,1,0,1.1,1.1,1.1,1650.0,1.1,1.0,normal,2.3916
20,457,27435,6,0,6.6,6.6,1.1,1650.0,1.1,1.0,normal,8.9916
20,457,27450,3,0,3.126,3.126,1.042,1650.0,1.1,1.0,normal,12.1176
20,457,27465,2,0,0.834,0.834,0.417,1650.0,1.1,1.0,normal,12.9516
20,458,27480,2,0,2.2,2.2,1.1,1650.0,1.1,1.0,normal,15.1516
20,458,27495,3,0,0.3705,0.3705,0.1235,1650.0,1.1,1.0,normal,15.5221
20,458,27510,1,0,0.758,0.758,0.758,1650.0,1.1,1.0,normal,16.2801
20,458,27525,0,0,0.0,0.0,1.1,1650.0,1.1,1.0,normal,16.2801
20,459,27540,1,0,1.1,1.1,1.1,1650.0,1.1,1.0,normal,17.3801
20,459,27555,0,0,0.0,0.0,1.1,1650.0,1.1,1.0,normal,17.3801
20,459,27570,1,0,1.1,1.1,1.1,1650.0,1.1,1.0,normal,18.4801
20,459,27585,3,0,3.3,3.3,1.1,1650.0,1.1,1.0,normal,21.7801
20,460,27600,2,0,1.98,1.98,0.99,1650.0,0.99,1.0,normal,23.7601
20,460,27615,3,0,2.97,2.97,0.99,1650.0,0.99,1.0,normal,26.7301
20,460,27630,2,0,1.98,1.98,0.99,1650.0,0.99,1.0,normal,28.7101
20,460,27645,1,1,0.99,0.99,0.99,1650.0,0.99,1.0,normal,29.7001
20,461,27660,3,0,0.255,0.255,0.085,1650.0,0.99,1.0,normal,29.9551
20,461,27675,3,0,0.2541,0.2541,0.0847,1650.0,0.99,1.0,normal,30.2092
20,461,27690,5,0,4.95,4.95,0.99,1650.0,0.99,1.0,normal,35.1592
20,461,27705,4,0,3.96,3.96,0.99,1650.0,0.99,1.0,normal,39.1192
20,462,27720,0,0,0.0,0.0,0.99,1650.0,0.99,1.0,normal,39.1192
20,462,27735,3,0,2.97,2.97,0.99,1650.0,0.99,1.0,normal,42.0892
20,462,27750,2,0,1.9488,1.9488,0.9744,1650.0,0.99,1.0,normal,44.038
20,462,27765,1,0,0.99,0.99,0.99,1650.0,0.99,1.0,normal,45.028
20,463,27780,4,0,3.96,3.96,0.99,1650.0,0.99,1.0,normal,48.988
20,463,27795,4,0,3.96,3.96,0.99,1650.0,0.99,1.0,normal,52.948
20,463,27810,6,0,5.6505,5.6505,0.9418,1650.0,0.99,1.0,normal,58.5985
20,463,27825,3,0,2.97,2.97,0.99,1650.0,0.99,1.0,normal,61.5685
20,464,27840,0,0,0.0,0.0,1.11,1650.0,1.11,1.0,normal,61.5685
20,464,27855,3,0,2.0579,2.0579,0.686,1650.0,1.11,1.0,normal,63.6264
20,464,27870,1,0,1.11,1.11,1.11,1650.0,1.11,1.0,normal,64.7364
20,464,27885,1,0,1.11,1.11,1.11,1650.0,1.11,1.0,normal,65.8464
20,465,27900,3,0,3.33,3.33,1.11,1650.0,1.11,1.0,normal,69.1764
20,465,27915,3,0,0.9741,0.9741,0.3247,1650.0,1.11,1.0,normal,70.1505
20,465,27930,4,0,4.44,4.44,1.11,1650.0,1.11,1.0,normal,74.5905
20,465,27945,4,0,1.1158,1.1158,0.279,1650.0,1.11,1.0,normal,75.7063
20,466,27960,2,0,2.22,2.22,1.11,1650.0,1.11,1.0,normal,77.9263
20,466,27975,2,0,2.22,2.22,1.11,1650.0,1.11,1.0,normal,80.1463
20,466,27990,3,0,1.6968,1.6968,0.5656,1650.0,1.11,1.0,normal,81.8431
20,466,28005,2,0,2.22,2.22,1.11,1650.0,1.11,1.0,normal,84.0631
20,467,28020,5,1,2.9796,2.9796,0.5959,1650.0,1.11,1.0,normal,87.0427
20,467,28035,4,0,4.44,4.44,1.11,1650.0,1.11,1.0,normal,91.4827
20,467,28050,3,0,3.33,3.33,1.11,1650.0,1.11,1.0,normal,94.8127
20,467,28065,1,0,1.11,1.11,1.11,1650.0,1.11,1.0,normal,95.9227
20,468,28080,2,0,2.48,2.48,1.24,1650.0,1.24,1.3,normal,98.4027
20,468,28095,2,0,0.7011,0.7011,0.3506,1650.0,1.24,1.3,normal,99.1038
20,468,28110,3,0,3.72,3.72,1.24,1650.0,1.24,1.3,normal,102.8238
20,468,28125,2,0,2.48,2.48,1.24,1650.0,1.24,1.3,normal,105.3038
20,469,28140,1,0,1.24,1.24,1.24,1650.0,1.24,1.3,normal,106.5438
20,469,28155,7,0,8.68,8.68,1.24,1650.0,1.24,1.3,normal,115.2238
20,469,28170,2,0,0.7677,0.7677,0.3838,1650.0,1.24,1.3,normal,115.9915
20,469,28185,7,2,8.68,4.34,1.24,1650.0,1.24,1.3,normal,124.6715
20,470,28200,3,0,2.156,2.156,0.7187,1650.0,1.36,1.3,normal,126.8275
20,470,28215,4,0,5.44,5.44,1.36,1650.0,1.36,1.3,normal,132.2675
20,470,28230,1,0,1.36,1.36,1.36,1650.0,1.36,1.3,normal,133.6275
20,470,28245,2,0,2.72,2.72,1.36,1650.0,1.36,1.3,normal,136.3475
20,471,28260,5,1,4.4225,4.4225,0.8845,1650.0,1.36,1.3,normal,140.77
20,471,28275,2,0,2.72,2.72,1.36,1650.0,1.36,1.3,normal,143.49
20,471,28290,0,0,0.0,0.0,1.36,1650.0,1.36,1.3,normal,143.49
20,471,28305,4,0,5.44,5.44,1.36,1650.0,1.36,1.3,normal,148.93
20,472,28320,8,0,12.16,12.16,1.52,1650.0,1.52,1.3,normal,161.09
20,472,28335,3,0,4.56,4.56,1.52,1650.0,1.52,1.3,normal,165.65
20,472,28350,8,0,12.003,12.003,1.5004,1650.0,1.52,1.3,normal,177.653
20,472,28365,1,0,0.5091,0.5091,0.5091,1650.0,1.52,1.3,normal,178.1621
20,473,28380,5,1,0.6178,0.6178,0.1236,1650.0,1.52,1.3,normal,178.7799
20,473,28395,1,0,1.52,1.52,1.52,1650.0,1.52,1.3,normal,180.2999
20,473,28410,4,0,4.4702,4.4702,1.1175,1650.0,1.52,1.3,normal,184.7701
20,473,28425,3,0,4.56,4.56,1.52,1650.0,1.52,1.3,normal,189.3301
20,474,28440,4,0,7.28,7.28,1.82,1650.0,1.82,1.3,normal,196.6101
20,474,28455,5,0,9.1,9.1,1.82,1650.0,1.82,1.3,normal,205.7101
20,474,28470,3,0,5.46,5.46,1.82,1650.0,1.82,1.3,normal,211.1701
20,474,28485,5,0,3.2874,3.2874,0.6575,1650.0,1.82,1.3,normal,214.4575
20,475,28500,4,1,2.9348,2.9348,0.7337,1650.0,1.82,1.3,normal,217.3923
20,475,28515,7,0,12.5628,12.5628,1.7947,1650.0,1.82,1.3,normal,229.9551
20,475,28530,6,0,10.2098,10.2098,1.7016,1650.0,1.82,1.3,normal,240.1649
20,475,28545,3,0,0.8191,0.8191,0.273,1650.0,1.82,1.3,normal,240.984
20,476,28560,4,0,1.1498,1.1498,0.2874,1650.0,2.18,1.3,normal,242.1338
20,476,28575,1,0,2.18,2.18,2.18,1650.0,2.18,1.3,normal,244.3138
20,476,28590,2,0,4.36,4.36,2.18,1650.0,2.18,1.3,normal,248.6738
20,476,28605,8,0,17.44,17.44,2.18,1650.0,2.18,1.3,normal,266.1138
20,477,28620,6,0,7.8522,7.8522,1.3087,1650.0,2.18,1.3,normal,273.966
20,477,28635,6,1,13.08,13.08,2.18,1650.0,2.18,1.3,normal,287.046
20,477,28650,5,0,4.2238,4.2238,0.8448,1650.0,2.18,1.3,normal,291.2698
20,477,28665,1,0,2.18,2.18,2.18,1650.0,2.18,1.3,normal,293.4498
20,478,28680,8,0,20.96,20.96,2.62,1650.0,2.62,1.3,normal,314.4098
20,478,28695,9,1,14.4957,14.4957,1.6106,1650.0,2.62,1.3,normal,328.9055
20,478,28710,6,0,15.72,15.72,2.62,1650.0,2.62,1.3,normal,344.6255
20,478,28725,6,0,6.823,6.823,1.1372,1650.0,2.62,1.3,normal,351.4485
20,479,28740,7,0,18.34,18.34,2.62,1650.0,2.62,1.3,normal,369.7885
20,479,28755,9,0,23.58,23.58,2.62,1650.0,2.62,1.3,normal,393.3685
20,479,28770,4,0,10.48,10.48,2.62,1650.0,2.62,1.3,normal,403.8485
20,479,28785,5,0,11.6546,11.6546,2.3309,1650.0,2.62,1.3,normal,415.5031
21,480,28800,5,0,9.5998,9.5998,1.92,1650.0,3.14,1.3,normal,9.5998
21,480,28815,7,0,4.036,4.036,0.5766,1650.0,3.14,1.3,normal,13.6358
21,480,28830,6,1,18.84,18.84,3.14,1650.0,3.14,1.3,normal,32.4758
21,480,28845,7,0,14.3808,14.3808,2.0544,1650.0,3.14,1.3,normal,46.8566
21,481,28860,10,0,27.6512,27.6512,2.7651,1650.0,3.14,1.3,normal,74.5078
21,481,28875,18,1,56.52,56.52,3.14,1650.0,3.14,1.3,normal,131.0278
21,481,28890,10,0,3.0437,3.0437,0.3044,1650.0,3.14,1.3,normal,134.0715
21,481,28905,2,0,5.7887,5.7887,2.8944,1650.0,3.14,1.3,normal,139.8602
21,482,28920,5,2,18.85,9.425,3.77,1650.0,3.77,1.3,normal,158.7102
21,482,28935,12,0,27.7014,27.7014,2.3084,1650.0,3.77,1.3,normal,186.4116
21,482,28950,9,2,33.93,16.965,3.77,1650.0,3.77,1.3,normal,220.3416
21,482,28965,17,3,64.09,21.3633,3.77,1650.0,3.77,1.3,normal,284.4316
21,483,28980,9,0,11.9299,11.9299,1.3255,1650.0,3.77,1.3,normal,296.3615
21,483,28995,6,0,22.62,22.62,3.77,1650.0,3.77,1.3,normal,318.9815
21,483,29010,6,0,12.1201,12.1201,2.02,1650.0,3.77,1.3,normal,331.1016
21,483,29025,10,0,23.6369,23.6369,2.3637,1650.0,3.77,1.3,normal,354.7385
21,484,29040,11,2,45.1085,22.5543,4.1008,1650.0,4.52,1.3,normal,399.847
21,484,29055,11,0,49.72,49.72,4.52,1650.0,4.52,1.3,normal,449.567
21,484,29070,16,0,32.884,32.884,2.0553,1650.0,4.52,1.3,normal,482.451
21,484,29085,13,0,20.0077,20.0077,1.5391,1650.0,4.52,1.3,normal,502.4587
21,485,29100,7,0,4.8129,4.8129,0.6876,1650.0,4.52,1.3,normal,507.2716
21,485,29115,11,0,27.8192,27.8192,2.529,1650.0,4.52,1.3,normal,535.0908
21,485,29130,11,0,27.0385,27.0385,2.458,1650.0,4.52,1.3,normal,562.1293
21,485,29145,15,0,65.6401,65.6401,4.376,1650.0,4.52,1.3,normal,627.7694
21,486,29160,11,0,59.62,59.62,5.42,1650.0,5.42,1.3,normal,687.3894
21,486,29175,20,2,108.4,54.2,5.42,1650.0,5.42,1.3,normal,795.7894
21,486,29190,13,1,47.2479,47.2479,3.6345,1650.0,5.42,1.3,normal,843.0373
21,486,29205,7,0,22.6396,22.6396,3.2342,1650.0,5.42,1.3,normal,865.6769
21,487,29220,10,0,46.8754,46.8754,4.6875,1650.0,5.42,1.3,normal,912.5523
21,487,29235,14,1,17.5897,17.5897,1.2564,1650.0,5.42,1.3,normal,930.142
21,487,29250,16,0,45.1787,45.1787,2.8237,1650.0,5.42,1.3,normal,975.3207
21,487,29265,20,1,53.3708,53.3708,2.6685,1650.0,5.42,1.3,normal,1028.6915
21,488,29280,15,1,13.4422,13.4422,0.8961,1650.0,6.5,1.3,normal,1042.1337
21,488,29295,17,0,65.2212,65.2212,3.8365,1650.0,6.5,1.3,normal,1107.3549
21,488,29310,19,1,23.4473,23.4473,1.2341,1650.0,6.5,1.3,normal,1130.8022
21,488,29325,17,0,83.2719,83.2719,4.8983,1650.0,6.5,1.3,normal,1214.0741
21,489,29340,17,0,71.5883,71.5883,4.2111,1650.0,6.5,1.3,normal,1285.6624
21,489,29355,12,0,59.5391,59.5391,4.9616,1650.0,6.5,1.3,normal,1345.2015
21,489,29370,10,0,47.2004,47.2004,4.72,1650.0,6.5,1.3,normal,1392.4019
21,489,29385,17,0,61.6336,61.6336,3.6255,1650.0,6.5,1.3,normal,1454.0355
21,490,29400,23,2,19.6684,9.8342,0.8551,1650.0,7.15,1.3,normal,1473.7039
21,490,29415,27,0,23.0672,23.0672,0.8543,1650.0,7.15,1.3,budget_constrained,1496.7711
21,490,29430,9,0,10.5387,10.5387,1.171,1650.0,7.15,1.3,budget_constrained,1507.3098
21,490,29445,23,1,30.6759,30.6759,1.3337,1650.0,7.15,1.3,budget_constrained,1537.9857
21,491,29460,12,1,39.4071,39.4071,3.2839,1650.0,7.15,1.3,budget_constrained,1577.3928
21,491,29475,11,0,46.9572,46.9572,4.2688,1650.0,7.15,1.3,budget_constrained,1624.35
21,491,29490,13,0,25.65,25.65,1.8611,1650.0,7.15,1.3,budget_constrained,1650.0
21,491,29505,0,0,0.0,0.0,6.4819,1650.0,7.15,1.3,budget_constrained,1650.0
21,492,29520,0,0,0.0,0.0,0.88,1650.0,8.58,1.3,budget_constrained,1650.0
21,492,29535,0,0,0.0,0.0,2.8056,1650.0,8.58,1.3,budget_constrained,1650.0
21,492,29550,0,0,0.0,0.0,7.2807,1650.0,8.58,1.3,budget_constrained,1650.0
21,492,29565,0,0,0.0,0.0,4.5446,1650.0,8.58,1.3,budget_constrained,1650.0
21,493,29580,0,0,0.0,0.0,3.2403,1650.0,8.58,1.3,budget_constrained,1650.0
21,493,29595,0,0,0.0,0.0,5.6937,1650.0,8.58,1.3,budget_constrained,1650.0
21,493,29610,0,0,0.0,0.0,1.8059,1650.0,8.58,1.3,budget_constrained,1650.0
21,493,29625,0,0,0.0,0.0,6.4197,1650.0,8.58,1.3,budget_constrained,1650.0
21,494,29640,0,0,0.0,0.0,1.2815,1650.0,10.3,1.3,budget_constrained,1650.0
21,494,29655,0,0,0.0,0.0,7.8545,1650.0,10.3,1.3,budget_constrained,1650.0
21,494,29670,0,0,0.0,0.0,6.7825,1650.0,10.3,1.3,budget_constrained,1650.0
21,494,29685,0,0,0.0,0.0,0.1675,1650.0,10.3,1.3,budget_constrained,1650.0
21,495,29700,0,0,0.0,0.0,4.7165,1650.0,10.3,1.3,budget_constrained,1650.0
21,495,29715,0,0,0.0,0.0,5.9055,1650.0,10.3,1.3,budget_constrained,1650.0
21,495,29730,0,0,0.0,0.0,5.4299,1650.0,10.3,1.3,budget_constrained,1650.0
21,495,29745,0,0,0.0,0.0,3.648,1650.0,10.3,1.3,budget_constrained,1650.0
21,496,29760,0,0,0.0,0.0,2.2581,1650.0,12.36,1.3,budget_constrained,1650.0
21,496,29775,0,0,0.0,0.0,6.7456,1650.0,12.36,1.3,budget_constrained,1650.0
21,496,29790,0,0,0.0,0.0,0.8265,1650.0,12.36,1.3,budget_constrained,1650.0
21,496,29805,0,0,0.0,0.0,5.9515,1650.0,12.36,1.3,budget_constrained,1650.0
21,497,29820,0,0,0.0,0.0,5.7452,1650.0,12.36,1.3,budget_constrained,1650.0
21,497,29835,0,0,0.0,0.0,6.1612,1650.0,12.36,1.3,budget_constrained,1650.0
21,497,29850,0,0,0.0,0.0,3.9207,1650.0,12.36,1.3,budget_constrained,1650.0
21,497,29865,0,0,0.0,0.0,6.9765,1650.0,12.36,1.3,budget_constrained,1650.0
21,498,29880,0,0,0.0,0.0,0.01,1650.0,0.01,1.3,budget_constrained,1650.0
21,498,29895,0,0,0.0,0.0,0.01,1650.0,0.01,1.3,budget_constrained,1650.0
21,498,29910,0,0,0.0,0.0,0.01,1650.0,0.01,1.3,budget_constrained,1650.0
21,498,29925,0,0,0.0,0.0,0.01,1650.0,0.01,1.3,budget_constrained,1650.0
21,499,29940,0,0,0.0,0.0,0.01,1650.0,0.01,1.3,budget_constrained,1650.0
21,499,29955,0,0,0.0,0.0,0.01,1650.0,0.01,1.3,budget_constrained,1650.0
21,499,29970,0,0,0.0,0.0,0.01,1650.0,0.01,1.3,budget_constrained,1650.0
21,499,29985,0,0,0.0,0.0,0.01,1650.0,0.01,1.3,budget_constrained,1650.0
21,500,30000,0,0,0.0,0.0,1.7226,1650.0,4.2,1.3,budget_constrained,1650.0
21,500,30015,0,0,0.0,0.0,4.2,1650.0,4.2,1.3,budget_constrained,1650.0
21,500,30030,0,0,0.0,0.0,2.2282,1650.0,4.2,1.3,budget_constrained,1650.0
21,500,30045,0,0,0.0,0.0,4.2,1650.0,4.2,1.3,budget_constrained,1650.0
21,501,30060,0,0,0.0,0.0,4.2,1650.0,4.2,1.3,budget_constrained,1650.0
21,501,30075,0,0,0.0,0.0,4.2,1650.0,4.2,1.3,budget_constrained,1650.0
21,501,30090,0,0,0.0,0.0,2.4354,1650.0,4.2,1.3,budget_constrained,1650.0
21,501,30105,0,0,0.0,0.0,1.6788,1650.0,4.2,1.3,budget_constrained,1650.0
21,502,30120,0,0,0.0,0.0,1.101,1650.0,5.04,1.3,budget_constrained,1650.0
21,502,30135,0,0,0.0,0.0,5.04,1650.0,5.04,1.3,budget_constrained,1650.0
21,502,30150,0,0,0.0,0.0,1.124,1650.0,5.04,1.3,budget_constrained,1650.0
21,502,30165,0,0,0.0,0.0,5.04,1650.0,5.04,1.3,budget_constrained,1650.0
21,503,30180,0,0,0.0,0.0,2.7354,1650.0,5.04,1.3,budget_constrained,1650.0
21,503,30195,0,0,0.0,0.0,2.1228,1650.0,5.04,1.3,budget_constrained,1650.0
21,503,30210,0,0,0.0,0.0,0.7976,1650.0,5.04,1.3,budget_constrained,1650.0
21,503,30225,0,0,0.0,0.0,0.1866,1650.0,5.04,1.3,budget_constrained,1650.0
22,504,30240,0,0,0.0,0.0,5.64,1650.0,5.64,1.3,normal,0.0
22,504,30255,11,1,21.2699,21.2699,1.9336,1650.0,5.64,1.3,normal,21.2699
22,504,30270,8,0,14.1306,14.1306,1.7663,1650.0,5.64,1.3,normal,35.4005
22,504,30285,18,2,58.005,29.0025,3.2225,1650.0,5.64,1.3,normal,93.4055
22,505,30300,12,0,39.0068,39.0068,3.2506,1650.0,5.64,1.3,normal,132.4123
22,505,30315,12,1,53.545,53.545,4.4621,1650.0,5.64,1.3,normal,185.9573
22,505,30330,14,0,55.7696,55.7696,3.9835,1650.0,5.64,1.3,normal,241.7269
22,505,30345,16,0,90.24,90.24,5.64,1650.0,5.64,1.3,normal,331.9669
22,506,30360,12,0,70.3786,70.3786,5.8649,1650.0,6.77,1.3,normal,402.3455
22,506,30375,14,1,82.2891,82.2891,5.8778,1650.0,6.77,1.3,normal,484.6346
22,506,30390,14,0,68.2769,68.2769,4.8769,1650.0,6.77,1.3,normal,552.9115
22,506,30405,15,1,99.4905,99.4905,6.6327,1650.0,6.77,1.3,normal,652.402
22,507,30420,16,0,46.8456,46.8456,2.9278,1650.0,6.77,1.3,normal,699.2476
22,507,30435,15,1,78.0264,78.0264,5.2018,1650.0,6.77,1.3,normal,777.274
22,507,30450,24,0,103.7077,103.7077,4.3212,1650.0,6.77,1.3,normal,880.9817
22,507,30465,13,0,17.7271,17.7271,1.3636,1650.0,6.77,1.3,normal,898.7088
22,508,30480,23,1,0.15,0.15,0.0065,1650.0,8.12,1.3,normal,898.8588
22,508,30495,23,0,49.3547,49.3547,2.1459,1650.0,8.12,1.3,normal,948.2135
22,508,30510,20,0,24.0091,24.0091,1.2005,1650.0,8.12,1.3,normal,972.2226
22,508,30525,23,1,135.187,135.187,5.8777,1650.0,8.12,1.3,normal,1107.4096
22,509,30540,19,2,125.4211,62.7105,6.6011,1650.0,8.12,1.3,normal,1232.8307
22,509,30555,19,0,10.6156,10.6156,0.5587,1650.0,8.12,1.3,normal,1243.4463
22,509,30570,18,2,113.1916,56.5958,6.2884,1650.0,8.12,1.3,normal,1356.6379
22,509,30585,23,0,117.7734,117.7734,5.1206,1650.0,8.12,1.3,normal,1474.4113
22,510,30600,23,1,175.5887,175.5887,7.5323,1650.0,8.93,1.3,budget_depleted,1650.0
22,510,30615,0,0,0.0,0.0,0.0,1650.0,8.93,1.3,budget_depleted,1650.0
22,510,30630,0,0,0.0,0.0,0.0,1650.0,8.93,1.3,budget_depleted,1650.0
22,510,30645,0,0,0.0,0.0,0.0,1650.0,8.93,1.3,budget_depleted,1650.0
22,511,30660,0,0,0.0,0.0,0.0,1650.0,8.93,1.3,budget_depleted,1650.0
22,511,30675,0,0,0.0,0.0,0.0,1650.0,8.93,1.3,budget_depleted,1650.0
22,511,30690,0,0,0.0,0.0,0.0,1650.0,8.93,1.3,budget_depleted,1650.0
22,511,30705,0,0,0.0,0.0,0.0,1650.0,8.93,1.3,budget_depleted,1650.0
22,512,30720,0,0,0.0,0.0,0.0,1650.0,4.91,1.3,budget_depleted,1650.0
22,512,30735,0,0,0.0,0.0,0.0,1650.0,4.91,1.3,budget_depleted,1650.0
22,512,30750,0,0,0.0,0.0,0.0,1650.0,4.91,1.3,budget_depleted,1650.0
22,512,30765,0,0,0.0,0.0,0.0,1650.0,4.91,1.3,budget_depleted,1650.0
22,513,30780,0,0,0.0,0.0,0.0,1650.0,4.91,1.3,budget_depleted,1650.0
22,513,30795,0,0,0.0,0.0,0.0,1650.0,4.91,1.3,budget_depleted,1650.0
22,513,30810,0,0,0.0,0.0,0.0,1650.0,4.91,1.3,budget_depleted,1650.0
22,513,30825,0,0,0.0,0.0,0.0,1650.0,4.91,1.3,budget_depleted,1650.0
22,514,30840,0,0,0.0,0.0,0.0,1650.0,2.7,1.3,budget_depleted,1650.0
22,514,30855,0,0,0.0,0.0,0.0,1650.0,2.7,1.3,budget_depleted,1650.0
22,514,30870,0,0,0.0,0.0,0.0,1650.0,2.7,1.3,budget_depleted,1650.0
22,514,30885,0,0,0.0,0.0,0.0,1650.0,2.7,1.3,budget_depleted,1650.0
22,515,30900,0,0,0.0,0.0,0.0,1650.0,2.7,1.3,budget_depleted,1650.0
22,515,30915,0,0,0.0,0.0,0.0,1650.0,2.7,1.3,budget_depleted,1650.0
22,515,30930,0,0,0.0,0.0,0.0,1650.0,2.7,1.3,budget_depleted,1650.0
22,515,30945,0,0,0.0,0.0,0.0,1650.0,2.7,1.3,budget_depleted,1650.0
22,516,30960,0,0,0.0,0.0,0.0,1650.0,1.49,1.3,budget_depleted,1650.0
22,516,30975,0,0,0.0,0.0,0.0,1650.0,1.49,1.3,budget_depleted,1650.0
22,516,30990,0,0,0.0,0.0,0.0,1650.0,1.49,1.3,budget_depleted,1650.0
22,516,31005,0,0,0.0,0.0,0.0,1650.0,1.49,1.3,budget_depleted,1650.0
22,517,31020,0,0,0.0,0.0,0.0,1650.0,1.49,1.3,budget_depleted,1650.0
22,517,31035,0,0,0.0,0.0,0.0,1650.0,1.49,1.3,budget_depleted,1650.0
22,517,31050,0,0,0.0,0.0,0.0,1650.0,1.49,1.3,budget_depleted,1650.0
22,517,31065,0,0,0.0,0.0,0.0,1650.0,1.49,1.3,budget_depleted,1650.0
22,518,31080,0,0,0.0,0.0,0.0,1650.0,1.4,1.3,budget_depleted,1650.0
22,518,31095,0,0,0.0,0.0,0.0,1650.0,1.4,1.3,budget_depleted,1650.0
22,518,31110,0,0,0.0,0.0,0.0,1650.0,1.4,1.3,budget_depleted,1650.0
22,518,31125,0,0,0.0,0.0,0.0,1650.0,1.4,1.3,budget_depleted,1650.0
22,519,31140,0,0,0.0,0.0,0.0,1650.0,1.4,1.3,budget_depleted,1650.0
22,519,31155,0,0,0.0,0.0,0.0,1650.0,1.4,1.3,budget_depleted,1650.0
22,519,31170,0,0,0.0,0.0,0.0,1650.0,1.4,1.3,budget_depleted,1650.0
22,519,31185,0,0,0.0,0.0,0.0,1650.0,1.4,1.3,budget_depleted,1650.0
22,520,31200,0,0,0.0,0.0,0.0,1650.0,1.4,1.3,budget_depleted,1650.0
22,520,31215,0,0,0.0,0.0,0.0,1650.0,1.4,1.3,budget_depleted,1650.0
22,520,31230,0,0,0.0,0.0,0.0,1650.0,1.4,1.3,budget_depleted,1650.0
22,520,31245,0,0,0.0,0.0,0.0,1650.0,1.4,1.3,budget_depleted,1650.0
22,521,31260,0,0,0.0,0.0,0.0,1650.0,1.4,1.3,budget_depleted,1650.0
22,521,31275,0,0,0.0,0.0,0.0,1650.0,1.4,1.3,budget_depleted,1650.0
22,521,31290,0,0,0.0,0.0,0.0,1650.0,1.4,1.3,budget_depleted,1650.0
22,521,31305,0,0,0.0,0.0,0.0,1650.0,1.4,1.3,budget_depleted,1650.0
22,522,31320,0,0,0.0,0.0,0.0,1650.0,1.4,1.3,budget_depleted,1650.0
22,522,31335,0,0,0.0,0.0,0.0,1650.0,1.4,1.3,budget_depleted,1650.0
22,522,31350,0,0,0.0,0.0,0.0,1650.0,1.4,1.3,budget_depleted,1650.0
22,522,31365,0,0,0.0,0.0,0.0,1650.0,1.4,1.3,budget_depleted,1650.0
22,523,31380,0,0,0.0,0.0,0.0,1650.0,1.4,1.3,budget_depleted,1650.0
22,523,31395,0,0,0.0,0.0,0.0,1650.0,1.4,1.3,budget_depleted,1650.0
22,523,31410,0,0,0.0,0.0,0.0,1650.0,1.4,1.3,budget_depleted,1650.0
22,523,31425,0,0,0.0,0.0,0.0,1650.0,1.4,1.3,budget_depleted,1650.0
22,524,31440,0,0,0.0,0.0,0.0,1650.0,1.4,1.3,budget_depleted,1650.0
22,524,31455,0,0,0.0,0.0,0.0,1650.0,1.4,1.3,budget_depleted,1650.0
22,524,31470,0,0,0.0,0.0,0.0,1650.0,1.4,1.3,budget_depleted,1650.0
22,524,31485,0,0,0.0,0.0,0.0,1650.0,1.4,1.3,budget_depleted,1650.0
22,525,31500,0,0,0.0,0.0,0.0,1650.0,1.4,1.3,budget_depleted,1650.0
22,525,31515,0,0,0.0,0.0,0.0,1650.0,1.4,1.3,budget_depleted,1650.0
22,525,31530,0,0,0.0,0.0,0.0,1650.0,1.4,1.3,budget_depleted,1650.0
22,525,31545,0,0,0.0,0.0,0.0,1650.0,1.4,1.3,budget_depleted,1650.0
22,526,31560,0,0,0.0,0.0,0.0,1650.0,1.4,1.3,budget_depleted,1650.0
22,526,31575,0,0,0.0,0.0,0.0,1650.0,1.4,1.3,budget_depleted,1650.0
22,526,31590,0,0,0.0,0.0,0.0,1650.0,1.4,1.3,budget_depleted,1650.0
22,526,31605,0,0,0.0,0.0,0.0,1650.0,1.4,1.3,budget_depleted,1650.0
22,527,31620,0,0,0.0,0.0,0.0,1650.0,1.4,1.3,budget_depleted,1650.0
22,527,31635,0,0,0.0,0.0,0.0,1650.0,1.4,1.3,budget_depleted,1650.0
22,527,31650,0,0,0.0,0.0,0.0,1650.0,1.4,1.3,budget_depleted,1650.0
22,527,31665,0,0,0.0,0.0,0.0,1650.0,1.4,1.3,budget_depleted,1650.0
23,528,31680,0,0,0.0,0.0,0.0,1650.0,1.4,1.3,normal,0.0
23,528,31695,6,0,5.8852,5.8852,0.9809,1650.0,1.4,1.3,normal,5.8852
23,528,31710,6,0,2.8292,2.8292,0.4715,1650.0,1.4,1.3,normal,8.7144
23,528,31725,6,2,8.4,4.2,1.4,1650.0,1.4,1.3,normal,17.1144
23,529,31740,1,0,1.4,1.4,1.4,1650.0,1.4,1.3,normal,18.5144
23,529,31755,5,0,1.448,1.448,0.2896,1650.0,1.4,1.3,normal,19.9624
23,529,31770,3,0,4.2,4.2,1.4,1650.0,1.4,1.3,normal,24.1624
23,529,31785,2,0,1.7062,1.7062,0.8531,1650.0,1.4,1.3,normal,25.8686
23,530,31800,3,0,4.62,4.62,1.54,1650.0,1.54,1.3,normal,30.4886
23,530,31815,4,0,2.5272,2.5272,0.6318,1650.0,1.54,1.3,normal,33.0158
23,530,31830,3,0,4.62,4.62,1.54,1650.0,1.54,1.3,normal,37.6358
23,530,31845,3,0,0.9347,0.9347,0.3116,1650.0,1.54,1.3,normal,38.5705
23,531,31860,3,0,4.62,4.62,1.54,1650.0,1.54,1.3,normal,43.1905
23,531,31875,5,0,7.7,7.7,1.54,1650.0,1.54,1.3,normal,50.8905
23,531,31890,4,0,6.16,6.16,1.54,1650.0,1.54,1.3,normal,57.0505
23,531,31905,4,0,1.2051,1.2051,0.3013,1650.0,1.54,1.3,normal,58.2556
23,532,31920,1,0,1.72,1.72,1.72,1650.0,1.72,1.3,normal,59.9756
23,532,31935,1,0,1.72,1.72,1.72,1650.0,1.72,1.3,normal,61.6956
23,532,31950,2,0,0.5341,0.5341,0.267,1650.0,1.72,1.3,normal,62.2297
23,532,31965,7,1,4.487,4.487,0.641,1650.0,1.72,1.3,normal,66.7167
23,533,31980,6,0,5.2646,5.2646,0.8774,1650.0,1.72,1.3,normal,71.9813
23,533,31995,5,0,8.6,8.6,1.72,1650.0,1.72,1.3,normal,80.5813
23,533,32010,12,0,20.64,20.64,1.72,1650.0,1.72,1.3,normal,101.2213
23,533,32025,4,0,5.7033,5.7033,1.4258,1650.0,1.72,1.3,normal,106.9246
23,534,32040,5,0,2.0417,2.0417,0.4083,1650.0,2.06,1.3,normal,108.9663
23,534,32055,7,0,14.42,14.42,2.06,1650.0,2.06,1.3,normal,123.3863
23,534,32070,7,0,14.42,14.42,2.06,1650.0,2.06,1.3,normal,137.8063
23,534,32085,6,0,12.36,12.36,2.06,1650.0,2.06,1.3,normal,150.1663
23,535,32100,4,0,3.7589,3.7589,0.9397,1650.0,2.06,1.3,normal,153.9252
23,535,32115,5,0,10.3,10.3,2.06,1650.0,2.06,1.3,normal,164.2252
23,535,32130,5,1,8.2632,8.2632,1.6526,1650.0,2.06,1.3,normal,172.4884
23,535,32145,7,1,5.412,5.412,0.7731,1650.0,2.06,1.3,normal,177.9004
23,536,32160,5,1,1.4038,1.4038,0.2808,1650.0,2.27,1.3,normal,179.3042
23,536,32175,7,0,9.5348,9.5348,1.3621,1650.0,2.27,1.3,normal,188.839
23,536,32190,9,0,20.43,20.43,2.27,1650.0,2.27,1.3,normal,209.269
23,536,32205,6,1,11.2499,11.2499,1.875,1650.0,2.27,1.3,normal,220.5189
23,537,32220,12,0,22.607,22.607,1.8839,1650.0,2.27,1.3,normal,243.1259
23,537,32235,6,0,13.62,13.62,2.27,1650.0,2.27,1.3,normal,256.7459
23,537,32250,9,1,8.6976,8.6976,0.9664,1650.0,2.27,1.3,normal,265.4435
23,537,32265,7,1,12.1667,12.1667,1.7381,1650.0,2.27,1.3,normal,277.6102
23,538,32280,7,0,2.4585,2.4585,0.3512,1650.0,2.54,1.3,normal,280.0687
23,538,32295,8,0,20.32,20.32,2.54,1650.0,2.54,1.3,normal,300.3887
23,538,32310,5,0,10.5202,10.5202,2.104,1650.0,2.54,1.3,normal,310.9089
23,538,32325,9,0,14.7387,14.7387,1.6376,1650.0,2.54,1.3,normal,325.6476
23,539,32340,7,1,11.9257,11.9257,1.7037,1650.0,2.54,1.3,normal,337.5733
23,539,32355,6,0,5.6621,5.6621,0.9437,1650.0,2.54,1.3,normal,343.2354
23,539,32370,7,0,14.8754,14.8754,2.1251,1650.0,2.54,1.3,normal,358.1108
23,539,32385,7,0,8.3977,8.3977,1.1997,1650.0,2.54,1.3,normal,366.5085
23,540,32400,6,0,13.8577,13.8577,2.3096,1650.0,2.84,1.3,normal,380.3662
23,540,32415,5,0,14.2,14.2,2.84,1650.0,2.84,1.3,normal,394.5662
23,540,32430,6,0,17.04,17.04,2.84,1650.0,2.84,1.3,normal,411.6062
23,540,32445,7,1,19.88,19.88,2.84,1650.0,2.84,1.3,normal,431.4862
23,541,32460,5,0,6.4033,6.4033,1.2807,1650.0,2.84,1.3,normal,437.8895
23,541,32475,6,0,10.7347,10.7347,1.7891,1650.0,2.84,1.3,normal,448.6242
23,541,32490,3,0,6.5193,6.5193,2.1731,1650.0,2.84,1.3,normal,455.1435
23,541,32505,9,0,19.8098,19.8098,2.2011,1650.0,2.84,1.3,normal,474.9533
23,542,32520,14,0,18.8611,18.8611,1.3472,1650.0,3.18,1.3,normal,493.8144
23,542,32535,5,0,0.1541,0.1541,0.0308,1650.0,3.18,1.3,normal,493.9685
23,542,32550,13,2,39.6471,19.8235,3.0498,1650.0,3.18,1.3,normal,533.6156
23,542,32565,12,0,38.16,38.16,3.18,1650.0,3.18,1.3,normal,571.7756
23,543,32580,4,0,12.72,12.72,3.18,1650.0,3.18,1.3,normal,584.4956
23,543,32595,6,0,8.4596,8.4596,1.4099,1650.0,3.18,1.3,normal,592.9552
23,543,32610,9,1,13.7836,13.7836,1.5315,1650.0,3.18,1.3,normal,606.7388
23,543,32625,7,0,22.26,22.26,3.18,1650.0,3.18,1.3,normal,628.9988
23,544,32640,8,0,1.6049,1.6049,0.2006,1650.0,3.82,1.3,normal,630.6037
23,544,32655,8,0,26.1253,26.1253,3.2657,1650.0,3.82,1.3,normal,656.729
23,544,32670,14,0,53.48,53.48,3.82,1650.0,3.82,1.3,normal,710.209
23,544,32685,10,1,30.2158,30.2158,3.0216,1650.0,3.82,1.3,normal,740.4248
23,545,32700,11,1,19.7272,19.7272,1.7934,1650.0,3.82,1.3,normal,760.152
23,545,32715,12,0,42.7809,42.7809,3.5651,1650.0,3.82,1.3,normal,802.9329
23,545,32730,7,0,26.74,26.74,3.82,1650.0,3.82,1.3,normal,829.6729
23,545,32745,7,0,18.4157,18.4157,2.6308,1650.0,3.82,1.3,normal,848.0886
23,546,32760,17,0,22.8996,22.8996,1.347,1650.0,4.58,1.3,normal,870.9882
23,546,32775,11,0,30.9173,30.9173,2.8107,1650.0,4.58,1.3,normal,901.9055
23,546,32790,6,0,5.9889,5.9889,0.9981,1650.0,4.58,1.3,normal,907.8944
23,546,32805,8,0,18.6893,18.6893,2.3362,1650.0,4.58,1.3,normal,926.5837
23,547,32820,12,1,3.088,3.088,0.2573,1650.0,4.58,1.3,normal,929.6717
23,547,32835,9,1,31.5391,31.5391,3.5043,1650.0,4.58,1.3,normal,961.2108
23,547,32850,10,0,45.8,45.8,4.58,1650.0,4.58,1.3,normal,1007.0108
23,547,32865,17,0,20.2574,20.2574,1.1916,1650.0,4.58,1.3,normal,1027.2682
23,548,32880,12,0,14.7013,14.7013,1.2251,1650.0,5.5,1.3,normal,1041.9695
23,548,32895,19,0,41.1572,41.1572,2.1662,1650.0,5.5,1.3,normal,1083.1267
23,548,32910,16,0,62.3001,62.3001,3.8938,1650.0,5.5,1.3,normal,1145.4268
23,548,32925,17,2,6.8656,3.4328,0.4039,1650.0,5.5,1.3,normal,1152.2924
23,549,32940,9,1,0.5087,0.5087,0.0565,1650.0,5.5,1.3,normal,1152.8011
23,549,32955,14,1,32.1126,32.1126,2.2938,1650.0,5.5,1.3,normal,1184.9137
23,549,32970,9,1,22.0221,22.0221,2.4469,1650.0,5.5,1.3,normal,1206.9358
23,549,32985,15,1,4.6359,4.6359,0.3091,1650.0,5.5,1.3,normal,1211.5717
23,550,33000,9,1,35.9273,35.9273,3.9919,1650.0,6.05,1.3,normal,1247.499
23,550,33015,6,0,31.1231,31.1231,5.1872,1650.0,6.05,1.3,normal,1278.6221
23,550,33030,9,0,24.0676,24.0676,2.6742,1650.0,6.05,1.3,normal,1302.6897
23,550,33045,9,0,54.45,54.45,6.05,1650.0,6.05,1.3,normal,1357.1397
23,551,33060,9,1,21.9077,21.9077,2.4342,1650.0,6.05,1.3,normal,1379.0474
23,551,33075,12,0,18.8558,18.8558,1.5713,1650.0,6.05,1.3,normal,1397.9032
23,551,33090,22,1,81.88,81.88,3.7218,1650.0,6.05,1.3,normal,1479.7832
23,551,33105,15,1,88.9696,88.9696,5.9313,1650.0,6.05,1.3,budget_constrained,1568.7528
24,552,33120,18,0,81.2472,81.2472,4.5,1650.0,7.26,1.3,normal,81.2472
24,552,33135,14,0,28.4526,28.4526,2.0323,1650.0,7.26,1.3,normal,109.6998
24,552,33150,26,1,135.1485,135.1485,5.198,1650.0,7.26,1.3,normal,244.8483
24,552,33165,17,1,3.9429,3.9429,0.2319,1650.0,7.26,1.3,normal,248.7912
24,553,33180,23,0,81.622,81.622,3.5488,1650.0,7.26,1.3,normal,330.4132
24,553,33195,27,0,165.9242,165.9242,6.1453,1650.0,7.26,1.3,normal,496.3374
24,553,33210,19,0,65.0968,65.0968,3.4261,1650.0,7.26,1.3,normal,561.4342
24,553,33225,12,0,18.0316,18.0316,1.5026,1650.0,7.26,1.3,normal,579.4658
24,554,33240,22,0,116.7322,116.7322,5.306,1650.0,8.13,1.3,normal,696.198
24,554,33255,24,0,133.6723,133.6723,5.5697,1650.0,8.13,1.3,normal,829.8703
24,554,33270,21,1,60.4507,60.4507,2.8786,1650.0,8.13,1.3,normal,890.321
24,554,33285,18,1,21.1132,21.1132,1.173,1650.0,8.13,1.3,normal,911.4342
24,555,33300,12,1,84.4703,84.4703,7.0392,1650.0,8.13,1.3,normal,995.9045
24,555,33315,26,0,150.314,150.314,5.7813,1650.0,8.13,1.3,normal,1146.2185
24,555,33330,13,2,89.6802,44.8401,6.8985,1650.0,8.13,1.3,normal,1235.8987
24,555,33345,15,0,106.594,106.594,7.1063,1650.0,8.13,1.3,normal,1342.4927
24,556,33360,34,0,156.4392,156.4392,4.6012,1650.0,9.76,1.3,budget_constrained,1498.9319
24,556,33375,23,1,115.0519,115.0519,5.0023,1650.0,9.76,1.3,budget_constrained,1613.9838
24,556,33390,18,0,36.0162,36.0162,1.9702,1650.0,9.76,1.3,budget_depleted,1650.0
24,556,33405,0,0,0.0,0.0,0.0,1650.0,9.76,1.3,budget_depleted,1650.0
24,557,33420,0,0,0.0,0.0,0.0,1650.0,9.76,1.3,budget_depleted,1650.0
24,557,33435,0,0,0.0,0.0,0.0,1650.0,9.76,1.3,budget_depleted,1650.0
24,557,33450,0,0,0.0,0.0,0.0,1650.0,9.76,1.3,budget_depleted,1650.0
24,557,33465,0,0,0.0,0.0,0.0,1650.0,9.76,1.3,budget_depleted,1650.0
24,558,33480,0,0,0.0,0.0,0.0,1650.0,5.37,1.3,budget_depleted,1650.0
24,558,33495,0,0,0.0,0.0,0.0,1650.0,5.37,1.3,budget_depleted,1650.0
24,558,33510,0,0,0.0,0.0,0.0,1650.0,5.37,1.3,budget_depleted,1650.0
24,558,33525,0,0,0.0,0.0,0.0,1650.0,5.37,1.3,budget_depleted,1650.0
24,559,33540,0,0,0.0,0.0,0.0,1650.0,5.37,1.3,budget_depleted,1650.0
24,559,33555,0,0,0.0,0.0,0.0,1650.0,5.37,1.3,budget_depleted,1650.0
24,559,33570,0,0,0.0,0.0,0.0,1650.0,5.37,1.3,budget_depleted,1650.0
24,559,33585,0,0,0.0,0.0,0.0,1650.0,5.37,1.3,budget_depleted,1650.0
24,560,33600,0,0,0.0,0.0,0.0,1650.0,2.95,1.3,budget_depleted,1650.0
24,560,33615,0,0,0.0,0.0,0.0,1650.0,2.95,1.3,budget_depleted,1650.0
24,560,33630,0,0,0.0,0.0,0.0,1650.0,2.95,1.3,budget_depleted,1650.0
24,560,33645,0,0,0.0,0.0,0.0,1650.0,2.95,1.3,budget_depleted,1650.0
24,561,33660,0,0,0.0,0.0,0.0,1650.0,2.95,1.3,budget_depleted,1650.0
24,561,33675,0,0,0.0,0.0,0.0,1650.0,2.95,1.3,budget_depleted,1650.0
24,561,33690,0,0,0.0,0.0,0.0,1650.0,2.95,1.3,budget_depleted,1650.0
24,561,33705,0,0,0.0,0.0,0.0,1650.0,2.95,1.3,budget_depleted,1650.0
24,562,33720,0,0,0.0,0.0,0.0,1650.0,1.62,1.3,budget_depleted,1650.0
24,562,33735,0,0,0.0,0.0,0.0,1650.0,1.62,1.3,budget_depleted,1650.0
24,562,33750,0,0,0.0,0.0,0.0,1650.0,1.62,1.3,budget_depleted,1650.0
24,562,33765,0,0,0.0,0.0,0.0,1650.0,1.62,1.3,budget_depleted,1650.0
24,563,33780,0,0,0.0,0.0,0.0,1650.0,1.62,1.3,budget_depleted,1650.0
24,563,33795,0,0,0.0,0.0,0.0,1650.0,1.62,1.3,budget_depleted,1650.0
24,563,33810,0,0,0.0,0.0,0.0,1650.0,1.62,1.3,budget_depleted,1650.0
24,563,33825,0,0,0.0,0.0,0.0,1650.0,1.62,1.3,budget_depleted,1650.0
24,564,33840,0,0,0.0,0.0,0.0,1650.0,1.4,1.3,budget_depleted,1650.0
24,564,33855,0,0,0.0,0.0,0.0,1650.0,1.4,1.3,budget_depleted,1650.0
24,564,33870,0,0,0.0,0.0,0.0,1650.0,1.4,1.3,budget_depleted,1650.0
24,564,33885,0,0,0.0,0.0,0.0,1650.0,1.4,1.3,budget_depleted,1650.0
24,565,33900,0,0,0.0,0.0,0.0,1650.0,1.4,1.3,budget_depleted,1650.0
24,565,33915,0,0,0.0,0.0,0.0,1650.0,1.4,1.3,budget_depleted,1650.0
24,565,33930,0,0,0.0,0.0,0.0,1650.0,1.4,1.3,budget_depleted,1650.0
24,565,33945,0,0,0.0,0.0,0.0,1650.0,1.4,1.3,budget_depleted,1650.0
24,566,33960,0,0,0.0,0.0,0.0,1650.0,1.4,1.3,budget_depleted,1650.0
24,566,33975,0,0,0.0,0.0,0.0,1650.0,1.4,1.3,budget_depleted,1650.0
24,566,33990,0,0,0.0,0.0,0.0,1650.0,1.4,1.3,budget_depleted,1650.0
24,566,34005,0,0,0.0,0.0,0.0,1650.0,1.4,1.3,budget_depleted,1650.0
24,567,34020,0,0,0.0,0.0,0.0,1650.0,1.4,1.3,budget_depleted,1650.0
24,567,34035,0,0,0.0,0.0,0.0,1650.0,1.4,1.3,budget_depleted,1650.0
24,567,34050,0,0,0.0,0.0,0.0,1650.0,1.4,1.3,budget_depleted,1650.0
24,567,34065,0,0,0.0,0.0,0.0,1650.0,1.4,1.3,budget_depleted,1650.0
24,568,34080,0,0,0.0,0.0,0.0,1650.0,1.4,1.3,budget_depleted,1650.0
24,568,34095,0,0,0.0,0.0,0.0,1650.0,1.4,1.3,budget_depleted,1650.0
24,568,34110,0,0,0.0,0.0,0.0,1650.0,1.4,1.3,budget_depleted,1650.0
24,568,34125,0,0,0.0,0.0,0.0,1650.0,1.4,1.3,budget_depleted,1650.0
24,569,34140,0,0,0.0,0.0,0.0,1650.0,1.4,1.3,budget_depleted,1650.0
24,569,34155,0,0,0.0,0.0,0.0,1650.0,1.4,1.3,budget_depleted,1650.0
24,569,34170,0,0,0.0,0.0,0.0,1650.0,1.4,1.3,budget_depleted,1650.0
24,569,34185,0,0,0.0,0.0,0.0,1650.0,1.4,1.3,budget_depleted,1650.0
24,570,34200,0,0,0.0,0.0,0.0,1650.0,1.4,1.3,budget_depleted,1650.0
24,570,34215,0,0,0.0,0.0,0.0,1650.0,1.4,1.3,budget_depleted,1650.0
24,570,34230,0,0,0.0,0.0,0.0,1650.0,1.4,1.3,budget_depleted,1650.0
24,570,34245,0,0,0.0,0.0,0.0,1650.0,1.4,1.3,budget_depleted,1650.0
24,571,34260,0,0,0.0,0.0,0.0,1650.0,1.4,1.3,budget_depleted,1650.0
24,571,34275,0,0,0.0,0.0,0.0,1650.0,1.4,1.3,budget_depleted,1650.0
24,571,34290,0,0,0.0,0.0,0.0,1650.0,1.4,1.3,budget_depleted,1650.0
24,571,34305,0,0,0.0,0.0,0.0,1650.0,1.4,1.3,budget_depleted,1650.0
24,572,34320,0,0,0.0,0.0,0.0,1650.0,1.4,1.3,budget_depleted,1650.0
24,572,34335,0,0,0.0,0.0,0.0,1650.0,1.4,1.3,budget_depleted,1650.0
24,572,34350,0,0,0.0,0.0,0.0,1650.0,1.4,1.3,budget_depleted,1650.0
24,572,34365,0,0,0.0,0.0,0.0,1650.0,1.4,1.3,budget_depleted,1650.0
24,573,34380,0,0,0.0,0.0,0.0,1650.0,1.4,1.3,budget_depleted,1650.0
24,573,34395,0,0,0.0,0.0,0.0,1650.0,1.4,1.3,budget_depleted,1650.0
24,573,34410,0,0,0.0,0.0,0.0,1650.0,1.4,1.3,budget_depleted,1650.0
24,573,34425,0,0,0.0,0.0,0.0,1650.0,1.4,1.3,budget_depleted,1650.0
24,574,34440,0,0,0.0,0.0,0.0,1650.0,1.12,1.3,budget_depleted,1650.0
24,574,34455,0,0,0.0,0.0,0.0,1650.0,1.12,1.3,budget_depleted,1650.0
24,574,34470,0,0,0.0,0.0,0.0,1650.0,1.12,1.3,budget_depleted,1650.0
24,574,34485,0,0,0.0,0.0,0.0,1650.0,1.12,1.3,budget_depleted,1650.0
24,575,34500,0,0,0.0,0.0,0.0,1650.0,1.12,1.3,budget_depleted,1650.0
24,575,34515,0,0,0.0,0.0,0.0,1650.0,1.12,1.3,budget_depleted,1650.0
24,575,34530,0,0,0.0,0.0,0.0,1650.0,1.12,1.3,budget_depleted,1650.0
24,575,34545,0,0,0.0,0.0,0.0,1650.0,1.12,1.3,budget_depleted,1650.0
25,576,34560,0,0,0.0,0.0,0.0,1650.0,0.9,1.3,normal,0.0
25,576,34575,3,0,1.0102,1.0102,0.3367,1650.0,0.9,1.3,normal,1.0102
25,576,34590,0,0,0.0,0.0,0.9,1650.0,0.9,1.3,normal,1.0102
25,576,34605,1,0,0.9,0.9,0.9,1650.0,0.9,1.3,normal,1.9102
25,577,34620,2,0,1.8,1.8,0.9,1650.0,0.9,1.3,normal,3.7102
25,577,34635,1,0,0.8319,0.8319,0.8319,1650.0,0.9,1.3,normal,4.5421
25,577,34650,2,0,1.8,1.8,0.9,1650.0,0.9,1.3,normal,6.3421
25,577,34665,3,0,2.7,2.7,0.9,1650.0,0.9,1.3,normal,9.0421
25,578,34680,1,0,0.72,0.72,0.72,1650.0,0.72,1.3,normal,9.7621
25,578,34695,0,0,0.0,0.0,0.1068,1650.0,0.72,1.3,normal,9.7621
25,578,34710,3,0,0.852,0.852,0.284,1650.0,0.72,1.3,normal,10.6141
25,578,34725,4,0,2.88,2.88,0.72,1650.0,0.72,1.3,normal,13.4941
25,579,34740,0,0,0.0,0.0,0.2256,1650.0,0.72,1.3,normal,13.4941
25,579,34755,5,0,1.8008,1.8008,0.3602,1650.0,0.72,1.3,normal,15.2949
25,579,34770,3,0,0.4695,0.4695,0.1565,1650.0,0.72,1.3,normal,15.7644
25,579,34785,1,0,0.3275,0.3275,0.3275,1650.0,0.72,1.3,normal,16.0919
25,580,34800,0,0,0.0,0.0,0.58,1650.0,0.58,1.3,normal,16.0919
25,580,34815,1,0,0.58,0.58,0.58,1650.0,0.58,1.3,normal,16.6719
25,580,34830,0,0,0.0,0.0,0.58,1650.0,0.58,1.3,normal,16.6719
25,580,34845,3,0,1.74,1.74,0.58,1650.0,0.58,1.3,normal,18.4119
25,581,34860,1,0,0.58,0.58,0.58,1650.0,0.58,1.3,normal,18.9919
25,581,34875,1,0,0.58,0.58,0.58,1650.0,0.58,1.3,normal,19.5719
25,581,34890,3,0,1.2073,1.2073,0.4024,1650.0,0.58,1.3,normal,20.7792
25,581,34905,2,0,0.8123,0.8123,0.4061,1650.0,0.58,1.3,normal,21.5915
25,582,34920,3,0,1.5,1.5,0.5,1650.0,0.5,1.3,normal,23.0915
25,582,34935,0,0,0.0,0.0,0.5,1650.0,0.5,1.3,normal,23.0915
25,582,34950,0,0,0.0,0.0,0.5,1650.0,0.5,1.3,normal,23.0915
25,582,34965,1,0,0.5,0.5,0.5,1650.0,0.5,1.3,normal,23.5915
25,583,34980,1,0,0.5,0.5,0.5,1650.0,0.5,1.3,normal,24.0915
25,583,34995,3,0,1.5,1.5,0.5,1650.0,0.5,1.3,normal,25.5915
25,583,35010,0,0,0.0,0.0,0.5,1650.0,0.5,1.3,normal,25.5915
25,583,35025,3,0,1.5,1.5,0.5,1650.0,0.5,1.3,normal,27.0915
25,584,35040,0,0,0.0,0.0,0.01,1650.0,0.01,1.3,normal,27.0915
25,584,35055,0,0,0.0,0.0,0.01,1650.0,0.01,1.3,normal,27.0915
25,584,35070,0,0,0.0,0.0,0.01,1650.0,0.01,1.3,normal,27.0915
25,584,35085,0,0,0.0,0.0,0.01,1650.0,0.01,1.3,normal,27.0915
25,585,35100,0,0,0.0,0.0,0.01,1650.0,0.01,1.3,normal,27.0915
25,585,35115,0,0,0.0,0.0,0.01,1650.0,0.01,1.3,normal,27.0915
25,585,35130,0,0,0.0,0.0,0.01,1650.0,0.01,1.3,normal,27.0915
25,585,35145,0,0,0.0,0.0,0.01,1650.0,0.01,1.3,normal,27.0915
25,586,35160,0,0,0.0,0.0,0.5,1650.0,0.5,1.3,normal,27.0915
25,586,35175,1,0,0.3005,0.3005,0.3005,1650.0,0.5,1.3,normal,27.392
25,586,35190,0,0,0.0,0.0,0.5,1650.0,0.5,1.3,normal,27.392
25,586,35205,2,1,0.2303,0.2303,0.1151,1650.0,0.5,1.3,normal,27.6223
25,587,35220,1,0,0.5,0.5,0.5,1650.0,0.5,1.3,normal,28.1223
25,587,35235,1,0,0.5,0.5,0.5,1650.0,0.5,1.3,normal,28.6223
25,587,35250,0,0,0.0,0.0,0.5,1650.0,0.5,1.3,normal,28.6223
25,587,35265,3,0,1.5,1.5,0.5,1650.0,0.5,1.3,normal,30.1223
25,588,35280,17,0,2.1301,2.1301,0.1253,1650.0,4.2,1.3,normal,32.2524
25,588,35295,8,0,6.0517,6.0517,0.7565,1650.0,4.2,1.3,normal,38.3041
25,588,35310,10,1,33.3865,33.3865,3.3386,1650.0,4.2,1.3,normal,71.6906
25,588,35325,7,0,19.3872,19.3872,2.7696,1650.0,4.2,1.3,normal,91.0778
25,589,35340,7,0,29.4,29.4,4.2,1650.0,4.2,1.3,normal,120.4778
25,589,35355,15,2,63.0,31.5,4.2,1650.0,4.2,1.3,normal,183.4778
25,589,35370,6,0,21.3428,21.3428,3.5571,1650.0,4.2,1.3,normal,204.8206
25,589,35385,15,1,43.0636,43.0636,2.8709,1650.0,4.2,1.3,normal,247.8842
25,590,35400,21,2,105.84,52.92,5.04,1650.0,5.04,1.3,normal,353.7242
25,590,35415,14,1,7.0783,7.0783,0.5056,1650.0,5.04,1.3,normal,360.8025
25,590,35430,13,1,65.52,65.52,5.04,1650.0,5.04,1.3,normal,426.3225
25,590,35445,10,1,8.2051,8.2051,0.8205,1650.0,5.04,1.3,normal,434.5276
25,591,35460,12,0,57.5947,57.5947,4.7996,1650.0,5.04,1.3,normal,492.1223
25,591,35475,9,0,40.8391,40.8391,4.5377,1650.0,5.04,1.3,normal,532.9614
25,591,35490,12,0,5.3271,5.3271,0.4439,1650.0,5.04,1.3,normal,538.2885
25,591,35505,6,0,18.7545,18.7545,3.1258,1650.0,5.04,1.3,normal,557.043
25,592,35520,0,0,0.0,0.0,0.01,1650.0,0.01,1.3,normal,557.043
25,592,35535,0,0,0.0,0.0,0.01,1650.0,0.01,1.3,normal,557.043
25,592,35550,0,0,0.0,0.0,0.01,1650.0,0.01,1.3,normal,557.043
25,592,35565,0,0,0.0,0.0,0.01,1650.0,0.01,1.3,normal,557.043
25,593,35580,0,0,0.0,0.0,0.01,1650.0,0.01,1.3,normal,557.043
25,593,35595,0,0,0.0,0.0,0.01,1650.0,0.01,1.3,normal,557.043
25,593,35610,0,0,0.0,0.0,0.01,1650.0,0.01,1.3,normal,557.043
25,593,35625,0,0,0.0,0.0,0.01,1650.0,0.01,1.3,normal,557.043
25,594,35640,5,1,21.0,21.0,4.2,1650.0,4.2,1.3,normal,578.043
25,594,35655,8,0,6.8452,6.8452,0.8557,1650.0,4.2,1.3,normal,584.8882
25,594,35670,13,0,10.1025,10.1025,0.7771,1650.0,4.2,1.3,normal,594.9907
25,594,35685,10,0,39.5365,39.5365,3.9537,1650.0,4.2,1.3,normal,634.5272
25,595,35700,5,0,21.0,21.0,4.2,1650.0,4.2,1.3,normal,655.5272
25,595,35715,16,1,17.0801,17.0801,1.0675,1650.0,4.2,1.3,normal,672.6073
25,595,35730,10,0,16.3602,16.3602,1.636,1650.0,4.2,1.3,normal,688.9675
25,595,35745,12,1,50.4,50.4,4.2,1650.0,4.2,1.3,normal,739.3675
25,596,35760,13,0,65.52,65.52,5.04,1650.0,5.04,1.3,normal,804.8875
25,596,35775,12,0,10.5105,10.5105,0.8759,1650.0,5.04,1.3,normal,815.398
25,596,35790,10,1,5.5808,5.5808,0.5581,1650.0,5.04,1.3,normal,820.9788
25,596,35805,6,0,4.6113,4.6113,0.7686,1650.0,5.04,1.3,normal,825.5901
25,597,35820,15,1,75.6,75.6,5.04,1650.0,5.04,1.3,normal,901.1901
25,597,35835,9,1,5.7142,5.7142,0.6349,1650.0,5.04,1.3,normal,906.9043
25,597,35850,11,0,41.1535,41.1535,3.7412,1650.0,5.04,1.3,normal,948.0578
25,597,35865,13,1,36.3118,36.3118,2.7932,1650.0,5.04,1.3,normal,984.3696
25,598,35880,9,0,19.5926,19.5926,2.177,1650.0,6.05,1.3,normal,1003.9622
25,598,35895,16,1,56.247,56.247,3.5154,1650.0,6.05,1.3,normal,1060.2092
25,598,35910,21,0,74.5159,74.5159,3.5484,1650.0,6.05,1.3,normal,1134.7251
25,598,35925,16,0,36.784,36.784,2.299,1650.0,6.05,1.3,normal,1171.5091
25,599,35940,15,2,90.0226,45.0113,6.0015,1650.0,6.05,1.3,normal,1261.5317
25,599,35955,14,0,47.1568,47.1568,3.3683,1650.0,6.05,1.3,normal,1308.6885
25,599,35970,17,0,102.85,102.85,6.05,1650.0,6.05,1.3,normal,1411.5385
25,599,35985,16,1,56.7996,56.7996,3.55,1650.0,6.05,1.3,normal,1468.3381
26,600,36000,21,0,119.8179,119.8179,5.7056,1650.0,6.66,1.3,normal,119.8179
26,600,36015,13,1,37.6758,37.6758,2.8981,1650.0,6.66,1.3,normal,157.4937
26,600,36030,12,0,5.583,5.583,0.4652,1650.0,6.66,1.3,normal,163.0767
26,600,36045,14,0,81.2822,81.2822,5.8059,1650.0,6.66,1.3,normal,244.3589
26,601,36060,19,0,107.6152,107.6152,5.664,1650.0,6.66,1.3,normal,351.9741
26,601,36075,23,0,78.0223,78.0223,3.3923,1650.0,6.66,1.3,normal,429.9964
26,601,36090,24,1,73.0441,73.0441,3.0435,1650.0,6.66,1.3,normal,503.0405
26,601,36105,14,1,35.2809,35.2809,2.5201,1650.0,6.66,1.3,normal,538.3214
26,602,36120,0,0,0.0,0.0,0.01,1650.0,0.01,1.3,normal,538.3214
26,602,36135,0,0,0.0,0.0,0.01,1650.0,0.01,1.3,normal,538.3214
26,602,36150,0,0,0.0,0.0,0.01,1650.0,0.01,1.3,normal,538.3214
26,602,36165,0,0,0.0,0.0,0.01,1650.0,0.01,1.3,normal,538.3214
26,603,36180,0,0,0.0,0.0,0.01,1650.0,0.01,1.3,normal,538.3214
26,603,36195,0,0,0.0,0.0,0.01,1650.0,0.01,1.3,normal,538.3214
26,603,36210,0,0,0.0,0.0,0.01,1650.0,0.01,1.3,normal,538.3214
26,603,36225,0,0,0.0,0.0,0.01,1650.0,0.01,1.3,normal,538.3214
26,604,36240,10,2,42.0,21.0,4.2,1650.0,4.2,1.3,normal,580.3214
26,604,36255,8,0,11.1163,11.1163,1.3895,1650.0,4.2,1.3,normal,591.4377
26,604,36270,5,0,21.0,21.0,4.2,1650.0,4.2,1.3,normal,612.4377
26,604,36285,10,1,42.0,42.0,4.2,1650.0,4.2,1.3,normal,654.4377
26,605,36300,9,0,30.205,30.205,3.3561,1650.0,4.2,1.3,normal,684.6427
26,605,36315,9,0,24.7785,24.7785,2.7532,1650.0,4.2,1.3,normal,709.4212
26,605,36330,11,1,6.8562,6.8562,0.6233,1650.0,4.2,1.3,normal,716.2774
26,605,36345,5,0,21.0,21.0,4.2,1650.0,4.2,1.3,normal,737.2774
26,606,36360,10,1,29.5348,29.5348,2.9535,1650.0,5.04,1.3,normal,766.8122
26,606,36375,9,0,36.0531,36.0531,4.0059,1650.0,5.04,1.3,normal,802.8653
26,606,36390,4,0,19.3017,19.3017,4.8254,1650.0,5.04,1.3,normal,822.167
26,606,36405,21,0,68.4443,68.4443,3.2593,1650.0,5.04,1.3,normal,890.6113
26,607,36420,15,0,36.6726,36.6726,2.4448,1650.0,5.04,1.3,normal,927.2839
26,607,36435,13,0,65.52,65.52,5.04,1650.0,5.04,1.3,normal,992.8039
26,607,36450,11,0,7.0201,7.0201,0.6382,1650.0,5.04,1.3,normal,999.824
26,607,36465,13,0,33.2893,33.2893,2.5607,1650.0,5.04,1.3,normal,1033.1133
26,608,36480,4,0,14.8314,14.8314,3.7079,1650.0,6.05,1.3,normal,1047.9447
26,608,36495,13,0,17.2387,17.2387,1.3261,1650.0,6.05,1.3,normal,1065.1834
26,608,36510,13,0,43.8196,43.8196,3.3707,1650.0,6.05,1.3,normal,1109.003
26,608,36525,16,0,2.3522,2.3522,0.147,1650.0,6.05,1.3,normal,1111.3552
26,609,36540,14,0,68.2214,68.2214,4.873,1650.0,6.05,1.3,normal,1179.5766
26,609,36555,15,0,80.5908,80.5908,5.3727,1650.0,6.05,1.3,normal,1260.1674
26,609,36570,15,1,42.3239,42.3239,2.8216,1650.0,6.05,1.3,normal,1302.4913
26,609,36585,9,0,1.109,1.109,0.1232,1650.0,6.05,1.3,normal,1303.6003
26,610,36600,16,0,64.9581,64.9581,4.0599,1650.0,7.26,1.3,normal,1368.5584
26,610,36615,11,0,42.4634,42.4634,3.8603,1650.0,7.26,1.3,normal,1411.0218
26,610,36630,14,0,39.0473,39.0473,2.7891,1650.0,7.26,1.3,normal,1450.0691
26,610,36645,10,0,4.2338,4.2338,0.4234,1650.0,7.26,1.3,normal,1454.3029
26,611,36660,22,0,11.6357,11.6357,0.5289,1650.0,7.26,1.3,normal,1465.9386
26,611,36675,15,0,39.0641,39.0641,2.6043,1650.0,7.26,1.3,budget_constrained,1505.0027
26,611,36690,19,2,28.5059,14.253,1.5003,1650.0,7.26,1.3,budget_constrained,1533.5086
26,611,36705,19,1,16.5304,16.5304,0.87,1650.0,7.26,1.3,budget_constrained,1550.039
26,612,36720,20,0,18.2931,18.2931,0.9147,1650.0,8.71,1.3,budget_constrained,1568.3321
26,612,36735,15,0,81.6679,81.6679,5.1639,1650.0,8.71,1.3,budget_depleted,1650.0
26,612,36750,0,0,0.0,0.0,0.0,1650.0,8.71,1.3,budget_depleted,1650.0
26,612,36765,0,0,0.0,0.0,0.0,1650.0,8.71,1.3,budget_depleted,1650.0
26,613,36780,0,0,0.0,0.0,0.0,1650.0,8.71,1.3,budget_depleted,1650.0
26,613,36795,0,0,0.0,0.0,0.0,1650.0,8.71,1.3,budget_depleted,1650.0
26,613,36810,0,0,0.0,0.0,0.0,1650.0,8.71,1.3,budget_depleted,1650.0
26,613,36825,0,0,0.0,0.0,0.0,1650.0,8.71,1.3,budget_depleted,1650.0
26,614,36840,0,0,0.0,0.0,0.0,1650.0,4.79,1.3,budget_depleted,1650.0
26,614,36855,0,0,0.0,0.0,0.0,1650.0,4.79,1.3,budget_depleted,1650.0
26,614,36870,0,0,0.0,0.0,0.0,1650.0,4.79,1.3,budget_depleted,1650.0
26,614,36885,0,0,0.0,0.0,0.0,1650.0,4.79,1.3,budget_depleted,1650.0
26,615,36900,0,0,0.0,0.0,0.0,1650.0,4.79,1.3,budget_depleted,1650.0
26,615,36915,0,0,0.0,0.0,0.0,1650.0,4.79,1.3,budget_depleted,1650.0
26,615,36930,0,0,0.0,0.0,0.0,1650.0,4.79,1.3,budget_depleted,1650.0
26,615,36945,0,0,0.0,0.0,0.0,1650.0,4.79,1.3,budget_depleted,1650.0
26,616,36960,0,0,0.0,0.0,0.0,1650.0,2.63,1.3,budget_depleted,1650.0
26,616,36975,0,0,0.0,0.0,0.0,1650.0,2.63,1.3,budget_depleted,1650.0
26,616,36990,0,0,0.0,0.0,0.0,1650.0,2.63,1.3,budget_depleted,1650.0
26,616,37005,0,0,0.0,0.0,0.0,1650.0,2.63,1.3,budget_depleted,1650.0
26,617,37020,0,0,0.0,0.0,0.0,1650.0,2.63,1.3,budget_depleted,1650.0
26,617,37035,0,0,0.0,0.0,0.0,1650.0,2.63,1.3,budget_depleted,1650.0
26,617,37050,0,0,0.0,0.0,0.0,1650.0,2.63,1.3,budget_depleted,1650.0
26,617,37065,0,0,0.0,0.0,0.0,1650.0,2.63,1.3,budget_depleted,1650.0
26,618,37080,0,0,0.0,0.0,0.0,1650.0,1.45,1.3,budget_depleted,1650.0
26,618,37095,0,0,0.0,0.0,0.0,1650.0,1.45,1.3,budget_depleted,1650.0
26,618,37110,0,0,0.0,0.0,0.0,1650.0,1.45,1.3,budget_depleted,1650.0
26,618,37125,0,0,0.0,0.0,0.0,1650.0,1.45,1.3,budget_depleted,1650.0
26,619,37140,0,0,0.0,0.0,0.0,1650.0,1.45,1.3,budget_depleted,1650.0
26,619,37155,0,0,0.0,0.0,0.0,1650.0,1.45,1.3,budget_depleted,1650.0
26,619,37170,0,0,0.0,0.0,0.0,1650.0,1.45,1.3,budget_depleted,1650.0
26,619,37185,0,0,0.0,0.0,0.0,1650.0,1.45,1.3,budget_depleted,1650.0
26,620,37200,0,0,0.0,0.0,0.0,1650.0,1.4,1.3,budget_depleted,1650.0
26,620,37215,0,0,0.0,0.0,0.0,1650.0,1.4,1.3,budget_depleted,1650.0
26,620,37230,0,0,0.0,0.0,0.0,1650.0,1.4,1.3,budget_depleted,1650.0
26,620,37245,0,0,0.0,0.0,0.0,1650.0,1.4,1.3,budget_depleted,1650.0
26,621,37260,0,0,0.0,0.0,0.0,1650.0,1.4,1.3,budget_depleted,1650.0
26,621,37275,0,0,0.0,0.0,0.0,1650.0,1.4,1.3,budget_depleted,1650.0
26,621,37290,0,0,0.0,0.0,0.0,1650.0,1.4,1.3,budget_depleted,1650.0
26,621,37305,0,0,0.0,0.0,0.0,1650.0,1.4,1.3,budget_depleted,1650.0
26,622,37320,0,0,0.0,0.0,0.0,1650.0,1.4,1.3,budget_depleted,1650.0
26,622,37335,0,0,0.0,0.0,0.0,1650.0,1.4,1.3,budget_depleted,1650.0
26,622,37350,0,0,0.0,0.0,0.0,1650.0,1.4,1.3,budget_depleted,1650.0
26,622,37365,0,0,0.0,0.0,0.0,1650.0,1.4,1.3,budget_depleted,1650.0
26,623,37380,0,0,0.0,0.0,0.0,1650.0,1.4,1.3,budget_depleted,1650.0
26,623,37395,0,0,0.0,0.0,0.0,1650.0,1.4,1.3,budget_depleted,1650.0
26,623,37410,0,0,0.0,0.0,0.0,1650.0,1.4,1.3,budget_depleted,1650.0
26,623,37425,0,0,0.0,0.0,0.0,1650.0,1.4,1.3,budget_depleted,1650.0
27,624,37440,0,0,0.0,0.0,0.0,1650.0,1.26,1.3,normal,0.0
27,624,37455,4,0,5.04,5.04,1.26,1650.0,1.26,1.3,normal,5.04
27,624,37470,2,0,2.161,2.161,1.0805,1650.0,1.26,1.3,normal,7.201
27,624,37485,5,0,6.3,6.3,1.26,1650.0,1.26,1.3,normal,13.501
27,625,37500,2,0,2.2879,2.2879,1.1439,1650.0,1.26,1.0,normal,15.7889
27,625,37515,5,0,1.7129,1.7129,0.3426,1650.0,1.26,1.0,normal,17.5018
27,625,37530,3,0,3.78,3.78,1.26,1650.0,1.26,1.0,normal,21.2818
27,625,37545,1,0,0.0325,0.0325,0.0325,1650.0,1.26,1.0,normal,21.3143
27,626,37560,2,0,2.02,2.02,1.01,1650.0,1.01,1.0,normal,23.3343
27,626,37575,2,0,2.02,2.02,1.01,1650.0,1.01,1.0,normal,25.3543
27,626,37590,1,0,1.01,1.01,1.01,1650.0,1.01,1.0,normal,26.3643
27,626,37605,0,0,0.0,0.0,1.01,1650.0,1.01,1.0,normal,26.3643
27,627,37620,0,0,0.0,0.0,1.01,1650.0,1.01,1.0,normal,26.3643
27,627,37635,2,0,2.02,2.02,1.01,1650.0,1.01,1.0,normal,28.3843
27,627,37650,3,0,0.3524,0.3524,0.1175,1650.0,1.01,1.0,normal,28.7367
27,627,37665,6,0,2.7169,2.7169,0.4528,1650.0,1.01,1.0,normal,31.4536
27,628,37680,1,0,0.81,0.81,0.81,1650.0,0.81,1.0,normal,32.2636
27,628,37695,3,0,2.43,2.43,0.81,1650.0,0.81,1.0,normal,34.6936
27,628,37710,4,0,3.24,3.24,0.81,1650.0,0.81,1.0,normal,37.9336
27,628,37725,2,0,1.1115,1.1115,0.5558,1650.0,0.81,1.0,normal,39.0451
27,629,37740,2,0,1.62,1.62,0.81,1650.0,0.81,1.0,normal,40.6651
27,629,37755,0,0,0.0,0.0,0.81,1650.0,0.81,1.0,normal,40.6651
27,629,37770,3,0,1.3211,1.3211,0.4404,1650.0,0.81,1.0,normal,41.9862
27,629,37785,2,0,1.62,1.62,0.81,1650.0,0.81,1.0,normal,43.6062
27,630,37800,1,0,0.65,0.65,0.65,1650.0,0.65,1.0,normal,44.2562
27,630,37815,1,0,0.65,0.65,0.65,1650.0,0.65,1.0,normal,44.9062
27,630,37830,3,0,1.0743,1.0743,0.3581,1650.0,0.65,1.0,normal,45.9805
27,630,37845,0,0,0.0,0.0,0.4074,1650.0,0.65,1.0,normal,45.9805
27,631,37860,3,1,1.95,1.95,0.65,1650.0,0.65,1.0,normal,47.9305
27,631,37875,1,1,0.65,0.65,0.65,1650.0,0.65,1.0,normal,48.5805
27,631,37890,5,1,3.25,3.25,0.65,1650.0,0.65,1.0,normal,51.8305
27,631,37905,1,0,0.65,0.65,0.65,1650.0,0.65,1.0,normal,52.4805
27,632,37920,1,1,0.72,0.72,0.72,1650.0,0.72,1.0,normal,53.2005
27,632,37935,1,0,0.72,0.72,0.72,1650.0,0.72,1.0,normal,53.9205
27,632,37950,2,0,1.44,1.44,0.72,1650.0,0.72,1.0,normal,55.3605
27,632,37965,3,1,2.16,2.16,0.72,1650.0,0.72,1.0,normal,57.5205
27,633,37980,2,0,1.44,1.44,0.72,1650.0,0.72,1.0,normal,58.9605
27,633,37995,1,0,0.72,0.72,0.72,1650.0,0.72,1.0,normal,59.6805
27,633,38010,1,0,0.72,0.72,0.72,1650.0,0.72,1.0,normal,60.4005
27,633,38025,2,0,1.44,1.44,0.72,1650.0,0.72,1.0,normal,61.8405
27,634,38040,0,0,0.0,0.0,0.81,1650.0,0.81,1.0,normal,61.8405
27,634,38055,1,0,0.1919,0.1919,0.1919,1650.0,0.81,1.0,normal,62.0324
27,634,38070,0,0,0.0,0.0,0.3279,1650.0,0.81,1.0,normal,62.0324
27,634,38085,1,0,0.5076,0.5076,0.5076,1650.0,0.81,1.0,normal,62.54
27,635,38100,0,0,0.0,0.0,0.81,1650.0,0.81,1.0,normal,62.54
27,635,38115,6,0,0.4353,0.4353,0.0725,1650.0,0.81,1.0,normal,62.9753
27,635,38130,3,0,2.43,2.43,0.81,1650.0,0.81,1.0,normal,65.4053
27,635,38145,1,0,0.394,0.394,0.394,1650.0,0.81,1.0,normal,65.7993
27,636,38160,2,0,1.82,1.82,0.91,1000.0,0.91,1.0,normal,67.6193
27,636,38175,4,0,3.64,3.64,0.91,1000.0,0.91,1.0,normal,71.2593
27,636,38190,1,0,0.4897,0.4897,0.4897,1000.0,0.91,1.0,normal,71.749
27,636,38205,1,0,0.91,0.91,0.91,1000.0,0.91,1.0,normal,72.659
27,637,38220,2,0,0.1898,0.1898,0.0949,1000.0,0.91,1.0,normal,72.8488
27,637,38235,5,0,4.55,4.55,0.91,1000.0,0.91,1.0,normal,77.3988
27,637,38250,0,0,0.0,0.0,0.91,1000.0,0.91,1.0,normal,77.3988
27,637,38265,3,0,2.73,2.73,0.91,1000.0,0.91,1.0,normal,80.1288
27,638,38280,2,0,2.0,2.0,1.0,1000.0,1.0,1.0,normal,82.1288
27,638,38295,5,0,2.7206,2.7206,0.5441,1000.0,1.0,1.0,normal,84.8494
27,638,38310,3,0,3.0,3.0,1.0,1000.0,1.0,1.0,normal,87.8494
27,638,38325,3,0,3.0,3.0,1.0,1000.0,1.0,1.0,normal,90.8494
27,639,38340,5,0,5.0,5.0,1.0,1000.0,1.0,1.0,normal,95.8494
27,639,38355,4,0,4.0,4.0,1.0,1000.0,1.0,1.0,normal,99.8494
27,639,38370,3,0,1.5778,1.5778,0.5259,1000.0,1.0,1.0,normal,101.4272
27,639,38385,3,0,3.0,3.0,1.0,1000.0,1.0,1.0,normal,104.4272
27,640,38400,3,0,3.3,3.3,1.1,1000.0,1.1,1.0,normal,107.7272
27,640,38415,1,0,1.1,1.1,1.1,1000.0,1.1,1.0,normal,108.8272
27,640,38430,3,0,3.3,3.3,1.1,1000.0,1.1,1.0,normal,112.1272
27,640,38445,1,0,1.1,1.1,1.1,1000.0,1.1,1.0,normal,113.2272
27,641,38460,3,0,3.3,3.3,1.1,1000.0,1.1,1.0,normal,116.5272
27,641,38475,1,0,1.1,1.1,1.1,1000.0,1.1,1.0,normal,117.6272
27,641,38490,3,0,3.3,3.3,1.1,1000.0,1.1,1.0,normal,120.9272
27,641,38505,2,0,2.11,2.11,1.055,1000.0,1.1,1.0,normal,123.0372
27,642,38520,3,0,3.69,3.69,1.23,1000.0,1.23,1.0,normal,126.7272
27,642,38535,7,0,8.61,8.61,1.23,1000.0,1.23,1.0,normal,135.3372
27,642,38550,8,0,9.84,9.84,1.23,1000.0,1.23,1.0,normal,145.1772
27,642,38565,4,0,0.5837,0.5837,0.1459,1000.0,1.23,1.0,normal,145.7609
27,643,38580,7,0,3.4832,3.4832,0.4976,1000.0,1.23,1.0,normal,149.2441
27,643,38595,4,0,4.92,4.92,1.23,1000.0,1.23,1.0,normal,154.1641
27,643,38610,2,0,1.1049,1.1049,0.5525,1000.0,1.23,1.0,normal,155.269
27,643,38625,6,0,7.38,7.38,1.23,1000.0,1.23,1.0,normal,162.649
27,644,38640,0,0,0.0,0.0,1.38,1000.0,1.38,1.0,normal,162.649
27,644,38655,2,1,2.76,2.76,1.38,1000.0,1.38,1.0,normal,165.409
27,644,38670,3,0,3.3513,3.3513,1.1171,1000.0,1.38,1.0,normal,168.7603
27,644,38685,4,0,5.52,5.52,1.38,1000.0,1.38,1.0,normal,174.2803
27,645,38700,2,0,2.76,2.76,1.38,1000.0,1.38,1.0,normal,177.0403
27,645,38715,2,0,2.1268,2.1268,1.0634,1000.0,1.38,1.0,normal,179.1671
27,645,38730,3,0,4.14,4.14,1.38,1000.0,1.38,1.0,normal,183.3071
27,645,38745,4,1,3.5632,3.5632,0.8908,1000.0,1.38,1.0,normal,186.8703
27,646,38760,2,0,3.04,3.04,1.52,1000.0,1.52,1.0,normal,189.9103
27,646,38775,6,1,4.2523,4.2523,0.7087,1000.0,1.52,1.0,normal,194.1626
27,646,38790,1,0,1.52,1.52,1.52,1000.0,1.52,1.0,normal,195.6826
27,646,38805,3,0,4.56,4.56,1.52,1000.0,1.52,1.0,normal,200.2426
27,647,38820,4,0,1.594,1.594,0.3985,1000.0,1.52,1.0,normal,201.8366
27,647,38835,4,0,6.08,6.08,1.52,1000.0,1.52,1.0,normal,207.9166
27,647,38850,4,0,6.08,6.08,1.52,1000.0,1.52,1.0,normal,213.9966
27,647,38865,3,0,2.5035,2.5035,0.8345,1000.0,1.52,1.0,normal,216.5001
28,648,38880,2,0,3.34,3.34,1.67,1000.0,1.67,1.0,normal,3.34
28,648,38895,7,0,8.3793,8.3793,1.197,1000.0,1.67,1.0,normal,11.7193
28,648,38910,2,0,3.34,3.34,1.67,1000.0,1.67,1.0,normal,15.0593
28,648,38925,7,0,11.69,11.69,1.67,1000.0,1.67,1.0,normal,26.7493
28,649,38940,2,0,3.34,3.34,1.67,1000.0,1.67,1.0,normal,30.0893
28,649,38955,3,0,5.01,5.01,1.67,1000.0,1.67,1.0,normal,35.0993
28,649,38970,1,0,1.67,1.67,1.67,1000.0,1.67,1.0,normal,36.7693
28,649,38985,2,1,1.0878,1.0878,0.5439,1000.0,1.67,1.0,normal,37.8571
28,650,39000,4,0,0.4943,0.4943,0.1236,1000.0,1.67,1.0,normal,38.3514
28,650,39015,1,0,1.67,1.67,1.67,1000.0,1.67,1.0,normal,40.0214
28,650,39030,5,0,8.35,8.35,1.67,1000.0,1.67,1.0,normal,48.3714
28,650,39045,4,0,6.68,6.68,1.67,1000.0,1.67,1.0,normal,55.0514
28,651,39060,8,0,13.36,13.36,1.67,1000.0,1.67,1.0,normal,68.4114
28,651,39075,4,0,6.68,6.68,1.67,1000.0,1.67,1.0,normal,75.0914
28,651,39090,4,0,6.68,6.68,1.67,1000.0,1.67,1.0,normal,81.7714
28,651,39105,3,1,5.01,5.01,1.67,1000.0,1.67,1.0,normal,86.7814
28,652,39120,0,0,0.0,0.0,0.0201,1000.0,1.87,1.0,normal,86.7814
28,652,39135,7,0,10.8096,10.8096,1.5442,1000.0,1.87,1.0,normal,97.591
28,652,39150,4,0,7.48,7.48,1.87,1000.0,1.87,1.0,normal,105.071
28,652,39165,5,0,5.6527,5.6527,1.1305,1000.0,1.87,1.0,normal,110.7237
28,653,39180,5,0,5.3213,5.3213,1.0643,1000.0,1.87,1.0,normal,116.045
28,653,39195,7,1,9.922,9.922,1.4174,1000.0,1.87,1.0,normal,125.967
28,653,39210,4,0,7.48,7.48,1.87,1000.0,1.87,1.0,normal,133.447
28,653,39225,4,0,7.48,7.48,1.87,1000.0,1.87,1.0,normal,140.927
28,654,39240,4,0,7.48,7.48,1.87,1000.0,1.87,1.0,normal,148.407
28,654,39255,3,0,5.61,5.61,1.87,1000.0,1.87,1.0,normal,154.017
28,654,39270,1,0,1.87,1.87,1.87,1000.0,1.87,1.0,normal,155.887
28,654,39285,3,0,5.61,5.61,1.87,1000.0,1.87,1.0,normal,161.497
28,655,39300,3,0,0.6642,0.6642,0.2214,1000.0,1.87,1.0,normal,162.1612
28,655,39315,2,0,3.74,3.74,1.87,1000.0,1.87,1.0,normal,165.9012
28,655,39330,6,0,11.22,11.22,1.87,1000.0,1.87,1.0,normal,177.1212
28,655,39345,5,0,9.35,9.35,1.87,1000.0,1.87,1.0,normal,186.4712
28,656,39360,3,0,3.9569,3.9569,1.319,1000.0,2.09,1.0,normal,190.4281
28,656,39375,5,0,9.1855,9.1855,1.8371,1000.0,2.09,1.0,normal,199.6136
28,656,39390,6,0,12.54,12.54,2.09,1000.0,2.09,1.0,normal,212.1536
28,656,39405,5,0,4.0756,4.0756,0.8151,1000.0,2.09,1.0,normal,216.2292
28,657,39420,4,0,8.0298,8.0298,2.0074,1000.0,2.09,1.0,normal,224.259
28,657,39435,13,1,4.7802,4.7802,0.3677,1000.0,2.09,1.0,normal,229.0392
28,657,39450,8,0,4.7851,4.7851,0.5981,1000.0,2.09,1.0,normal,233.8243
28,657,39465,7,0,7.6015,7.6015,1.0859,1000.0,2.09,1.0,normal,241.4258
28,658,39480,2,0,3.8118,3.8118,1.9059,1000.0,2.09,1.0,normal,245.2376
28,658,39495,3,1,5.4037,5.4037,1.8012,1000.0,2.09,1.0,normal,250.6413
28,658,39510,5,1,10.45,10.45,2.09,1000.0,2.09,1.0,normal,261.0913
28,658,39525,1,0,0.6871,0.6871,0.6871,1000.0,2.09,1.0,normal,261.7784
28,659,39540,5,0,10.45,10.45,2.09,1000.0,2.09,1.0,normal,272.2284
28,659,39555,7,0,3.9154,3.9154,0.5593,1000.0,2.09,1.0,normal,276.1438
28,659,39570,3,0,6.27,6.27,2.09,1000.0,2.09,1.0,normal,282.4138
28,659,39585,9,0,3.8773,3.8773,0.4308,1000.0,2.09,1.0,normal,286.2911
28,660,39600,3,0,1.8871,1.8871,0.629,1000.0,2.34,1.0,normal,288.1782
28,660,39615,8,0,5.6115,5.6115,0.7014,1000.0,2.34,1.0,normal,293.7897
28,660,39630,4,1,8.7745,8.7745,2.1936,1000.0,2.34,1.0,normal,302.5642
28,660,39645,5,0,4.7074,4.7074,0.9415,1000.0,2.34,1.0,normal,307.2716
28,661,39660,5,0,1.3418,1.3418,0.2684,1000.0,2.34,1.0,normal,308.6134
28,661,39675,2,0,4.0942,4.0942,2.0471,1000.0,2.34,1.0,normal,312.7076
28,661,39690,6,0,14.04,14.04,2.34,1000.0,2.34,1.0,normal,326.7476
28,661,39705,5,0,11.7,11.7,2.34,1000.0,2.34,1.0,normal,338.4476
28,662,39720,7,0,16.38,16.38,2.34,1000.0,2.34,1.0,normal,354.8276
28,662,39735,5,0,7.3199,7.3199,1.464,1000.0,2.34,1.0,normal,362.1475
28,662,39750,5,0,5.1462,5.1462,1.0292,1000.0,2.34,1.0,normal,367.2937
28,662,39765,4,0,9.36,9.36,2.34,1000.0,2.34,1.0,normal,376.6537
28,663,39780,5,0,11.7,11.7,2.34,1000.0,2.34,1.0,normal,388.3537
28,663,39795,8,0,15.3598,15.3598,1.92,1000.0,2.34,1.0,normal,403.7135
28,663,39810,6,0,7.9236,7.9236,1.3206,1000.0,2.34,1.0,normal,411.6371
28,663,39825,5,0,11.7,11.7,2.34,1000.0,2.34,1.0,normal,423.3371
28,664,39840,0,0,0.0,0.0,0.01,1000.0,0.01,1.0,normal,423.3371
28,664,39855,0,0,0.0,0.0,0.01,1000.0,0.01,1.0,normal,423.3371
28,664,39870,0,0,0.0,0.0,0.01,1000.0,0.01,1.0,normal,423.3371
28,664,39885,0,0,0.0,0.0,0.01,1000.0,0.01,1.0,normal,423.3371
28,665,39900,0,0,0.0,0.0,0.01,1000.0,0.01,1.0,normal,423.3371
28,665,39915,1,0,0.01,0.01,0.01,1000.0,0.01,1.0,normal,423.3471
28,665,39930,0,0,0.0,0.0,0.01,1000.0,0.01,1.0,normal,423.3471
28,665,39945,0,0,0.0,0.0,0.01,1000.0,0.01,1.0,normal,423.3471
28,666,39960,0,0,0.0,0.0,0.01,1000.0,0.01,1.0,normal,423.3471
28,666,39975,0,0,0.0,0.0,0.01,1000.0,0.01,1.0,normal,423.3471
28,666,39990,0,0,0.0,0.0,0.01,1000.0,0.01,1.0,normal,423.3471
28,666,40005,0,0,0.0,0.0,0.01,1000.0,0.01,1.0,normal,423.3471
28,667,40020,0,0,0.0,0.0,0.01,1000.0,0.01,1.0,normal,423.3471
28,667,40035,0,0,0.0,0.0,0.01,1000.0,0.01,1.0,normal,423.3471
28,667,40050,0,0,0.0,0.0,0.01,1000.0,0.01,1.0,normal,423.3471
28,667,40065,0,0,0.0,0.0,0.01,1000.0,0.01,1.0,normal,423.3471
28,668,40080,6,0,1.7594,1.7594,0.2932,1000.0,4.2,1.0,normal,425.1065
28,668,40095,9,0,16.2075,16.2075,1.8008,1000.0,4.2,1.0,normal,441.314
28,668,40110,19,2,69.3947,34.6973,3.6524,1000.0,4.2,1.0,normal,510.7087
28,668,40125,7,0,19.1825,19.1825,2.7404,1000.0,4.2,1.0,normal,529.8912
28,669,40140,6,0,25.2,25.2,4.2,1000.0,4.2,1.0,normal,555.0912
28,669,40155,13,0,32.7259,32.7259,2.5174,1000.0,4.2,1.0,normal,587.8171
28,669,40170,6,0,25.2,25.2,4.2,1000.0,4.2,1.0,normal,613.0171
28,669,40185,11,0,46.0409,46.0409,4.1855,1000.0,4.2,1.0,normal,659.058
28,670,40200,14,0,15.9295,15.9295,1.1378,1000.0,4.2,1.0,normal,674.9875
28,670,40215,11,1,22.4679,22.4679,2.0425,1000.0,4.2,1.0,normal,697.4554
28,670,40230,10,1,22.0852,22.0852,2.2085,1000.0,4.2,1.0,normal,719.5406
28,670,40245,12,0,50.4,50.4,4.2,1000.0,4.2,1.0,normal,769.9406
28,671,40260,13,0,30.2681,30.2681,2.3283,1000.0,4.2,1.0,normal,800.2087
28,671,40275,8,0,0.486,0.486,0.0608,1000.0,4.2,1.0,normal,800.6947
28,671,40290,13,0,44.0138,44.0138,3.3857,1000.0,4.2,1.0,normal,844.7085
28,671,40305,11,0,25.6717,25.6717,2.3338,1000.0,4.2,1.0,normal,870.3802
29,672,40320,9,0,13.1947,13.1947,1.4661,1000.0,4.7,1.0,normal,13.1947
29,672,40335,7,0,9.9419,9.9419,1.4203,1000.0,4.7,1.0,normal,23.1366
29,672,40350,9,0,41.2055,41.2055,4.5784,1000.0,4.7,1.0,normal,64.3421
29,672,40365,12,0,36.7583,36.7583,3.0632,1000.0,4.7,1.0,normal,101.1004
29,673,40380,10,0,47.0,47.0,4.7,1000.0,4.7,1.0,normal,148.1004
29,673,40395,15,1,70.5,70.5,4.7,1000.0,4.7,1.0,normal,218.6004
29,673,40410,16,0,25.7594,25.7594,1.61,1000.0,4.7,1.0,normal,244.3598
29,673,40425,7,0,32.9,32.9,4.7,1000.0,4.7,1.0,normal,277.2598
29,674,40440,12,1,1.6782,1.6782,0.1399,1000.0,4.7,1.0,normal,278.938
29,674,40455,16,0,66.2231,66.2231,4.1389,1000.0,4.7,1.0,normal,345.1611
29,674,40470,11,0,51.7,51.7,4.7,1000.0,4.7,1.0,normal,396.8611
29,674,40485,8,0,23.78,23.78,2.9725,1000.0,4.7,1.0,normal,420.6411
29,675,40500,13,0,53.1877,53.1877,4.0914,1000.0,4.7,1.0,normal,473.8288
29,675,40515,14,0,0.1648,0.1648,0.0118,1000.0,4.7,1.0,normal,473.9936
29,675,40530,11,0,46.7869,46.7869,4.2534,1000.0,4.7,1.0,normal,520.7805
29,675,40545,9,1,3.3087,3.3087,0.3676,1000.0,4.7,1.0,normal,524.0892
29,676,40560,17,1,26.3879,26.3879,1.5522,1000.0,4.23,1.0,normal,550.4771
29,676,40575,9,0,36.9941,36.9941,4.1105,1000.0,4.23,1.0,normal,587.4712
29,676,40590,10,0,20.5509,20.5509,2.0551,1000.0,4.23,1.0,normal,608.0221
29,676,40605,1,0,3.6493,3.6493,3.6493,1000.0,4.23,1.0,normal,611.6714
29,677,40620,16,0,10.4689,10.4689,0.6543,1000.0,4.23,1.0,normal,622.1403
29,677,40635,11,0,38.4378,38.4378,3.4943,1000.0,4.23,1.0,normal,660.5781
29,677,40650,10,0,42.3,42.3,4.23,1000.0,4.23,1.0,normal,702.8781
29,677,40665,13,0,54.99,54.99,4.23,1000.0,4.23,1.0,normal,757.8681
29,678,40680,16,0,32.563,32.563,2.0352,1000.0,4.23,1.0,normal,790.4311
29,678,40695,15,0,21.5492,21.5492,1.4366,1000.0,4.23,1.0,normal,811.9803
29,678,40710,8,1,13.6831,13.6831,1.7104,1000.0,4.23,1.0,normal,825.6634
29,678,40725,12,0,2.0703,2.0703,0.1725,1000.0,4.23,1.0,normal,827.7337
29,679,40740,9,0,38.07,38.07,4.23,1000.0,4.23,1.0,normal,865.8037
29,679,40755,13,0,9.7962,9.7962,0.7536,1000.0,4.23,1.0,normal,875.5999
29,679,40770,10,0,42.3,42.3,4.23,1000.0,4.23,1.0,budget_constrained,917.8999
29,679,40785,6,0,16.6863,16.6863,2.7811,1000.0,4.23,1.0,budget_constrained,934.5862
29,680,40800,0,0,0.0,0.0,0.01,1000.0,0.01,1.0,budget_constrained,934.5862
29,680,40815,0,0,0.0,0.0,0.01,1000.0,0.01,1.0,budget_constrained,934.5862
29,680,40830,0,0,0.0,0.0,0.01,1000.0,0.01,1.0,budget_constrained,934.5862
29,680,40845,0,0,0.0,0.0,0.01,1000.0,0.01,1.0,budget_constrained,934.5862
29,681,40860,0,0,0.0,0.0,0.01,1000.0,0.01,1.0,budget_constrained,934.5862
29,681,40875,0,0,0.0,0.0,0.01,1000.0,0.01,1.0,budget_constrained,934.5862
29,681,40890,0,0,0.0,0.0,0.01,1000.0,0.01,1.0,budget_constrained,934.5862
29,681,40905,0,0,0.0,0.0,0.01,1000.0,0.01,1.0,budget_constrained,934.5862
29,682,40920,0,0,0.0,0.0,0.01,1000.0,0.01,1.0,budget_constrained,934.5862
29,682,40935,0,0,0.0,0.0,0.01,1000.0,0.01,1.0,budget_constrained,934.5862
29,682,40950,0,0,0.0,0.0,0.01,1000.0,0.01,1.0,budget_constrained,934.5862
29,682,40965,0,0,0.0,0.0,0.01,1000.0,0.01,1.0,budget_constrained,934.5862
29,683,40980,0,0,0.0,0.0,0.01,1000.0,0.01,1.0,budget_constrained,934.5862
29,683,40995,0,0,0.0,0.0,0.01,1000.0,0.01,1.0,budget_constrained,934.5862
29,683,41010,0,0,0.0,0.0,0.01,1000.0,0.01,1.0,budget_constrained,934.5862
29,683,41025,0,0,0.0,0.0,0.01,1000.0,0.01,1.0,budget_constrained,934.5862
29,684,41040,0,0,0.0,0.0,0.5,1000.0,0.5,1.0,budget_constrained,934.5862
29,684,41055,2,0,1.0,1.0,0.5,1000.0,0.5,1.0,budget_constrained,935.5862
29,684,41070,1,0,0.5,0.5,0.5,1000.0,0.5,1.0,budget_constrained,936.0862
29,684,41085,1,0,0.5,0.5,0.5,1000.0,0.5,1.0,budget_constrained,936.5862
29,685,41100,2,0,0.68,0.68,0.34,1000.0,0.5,1.0,budget_constrained,937.2662
29,685,41115,1,0,0.1202,0.1202,0.1202,1000.0,0.5,1.0,budget_constrained,937.3864
29,685,41130,3,0,1.5,1.5,0.5,1000.0,0.5,1.0,budget_constrained,938.8864
29,685,41145,0,0,0.0,0.0,0.5,1000.0,0.5,1.0,budget_constrained,938.8864
29,686,41160,1,0,0.5,0.5,0.5,1000.0,0.5,1.0,budget_constrained,939.3864
29,686,41175,1,0,0.5,0.5,0.5,1000.0,0.5,1.0,budget_constrained,939.8864
29,686,41190,4,0,2.0,2.0,0.5,1000.0,0.5,1.0,budget_constrained,941.8864
29,686,41205,1,0,0.5,0.5,0.5,1000.0,0.5,1.0,budget_constrained,942.3864
29,687,41220,1,0,0.2741,0.2741,0.2741,1000.0,0.5,1.0,budget_constrained,942.6605
29,687,41235,1,0,0.5,0.5,0.5,1000.0,0.5,1.0,budget_constrained,943.1605
29,687,41250,0,0,0.0,0.0,0.5,1000.0,0.5,1.0,budget_constrained,943.1605
29,687,41265,3,0,1.5,1.5,0.5,1000.0,0.5,1.0,budget_constrained,944.6605
29,688,41280,2,0,1.0,1.0,0.5,1000.0,0.5,1.0,budget_constrained,945.6605
29,688,41295,1,0,0.5,0.5,0.5,1000.0,0.5,1.0,budget_constrained,946.1605
29,688,41310,1,0,0.5,0.5,0.5,1000.0,0.5,1.0,budget_constrained,946.6605
29,688,41325,1,0,0.5,0.5,0.5,1000.0,0.5,1.0,budget_constrained,947.1605
29,689,41340,3,0,1.5,1.5,0.5,1000.0,0.5,1.0,budget_constrained,948.6605
29,689,41355,3,0,1.5,1.5,0.5,1000.0,0.5,1.0,budget_constrained,950.1605
29,689,41370,2,0,1.0,1.0,0.5,1000.0,0.5,1.0,budget_constrained,951.1605
29,689,41385,2,0,1.0,1.0,0.5,1000.0,0.5,1.0,budget_constrained,952.1605
29,690,41400,1,0,0.4003,0.4003,0.4003,1000.0,0.5,1.0,budget_constrained,952.5608
29,690,41415,1,0,0.3867,0.3867,0.3867,1000.0,0.5,1.0,budget_constrained,952.9475
29,690,41430,2,0,1.0,1.0,0.5,1000.0,0.5,1.0,budget_constrained,953.9475
29,690,41445,3,1,1.5,1.5,0.5,1000.0,0.5,1.0,budget_constrained,955.4475
29,691,41460,0,0,0.0,0.0,0.5,1000.0,0.5,1.0,budget_constrained,955.4475
29,691,41475,0,0,0.0,0.0,0.5,1000.0,0.5,1.0,budget_constrained,955.4475
29,691,41490,1,0,0.4778,0.4778,0.4778,1000.0,0.5,1.0,budget_constrained,955.9253
29,691,41505,1,0,0.016,0.016,0.016,1000.0,0.5,1.0,budget_constrained,955.9413
29,692,41520,2,0,1.0,1.0,0.5,1000.0,0.5,1.0,budget_constrained,956.9413
29,692,41535,0,0,0.0,0.0,0.2003,1000.0,0.5,1.0,budget_constrained,956.9413
29,692,41550,1,0,0.5,0.5,0.5,1000.0,0.5,1.0,budget_constrained,957.4413
29,692,41565,0,0,0.0,0.0,0.5,1000.0,0.5,1.0,budget_constrained,957.4413
29,693,41580,2,0,1.0,1.0,0.5,1000.0,0.5,1.0,budget_constrained,958.4413
29,693,41595,0,0,0.0,0.0,0.5,1000.0,0.5,1.0,budget_constrained,958.4413
29,693,41610,1,0,0.3112,0.3112,0.3112,1000.0,0.5,1.0,budget_constrained,958.7525
29,693,41625,2,0,1.0,1.0,0.5,1000.0,0.5,1.0,budget_constrained,959.7525
29,694,41640,2,0,1.0,1.0,0.5,1000.0,0.5,1.0,budget_constrained,960.7525
29,694,41655,1,0,0.5,0.5,0.5,1000.0,0.5,1.0,budget_constrained,961.2525
29,694,41670,3,0,1.5,1.5,0.5,1000.0,0.5,1.0,budget_constrained,962.7525
29,694,41685,1,0,0.271,0.271,0.271,1000.0,0.5,1.0,budget_constrained,963.0235
29,695,41700,1,0,0.438,0.438,0.438,1000.0,0.5,1.0,budget_constrained,963.4615
29,695,41715,1,0,0.5,0.5,0.5,1000.0,0.5,1.0,budget_constrained,963.9615
29,695,41730,0,0,0.0,0.0,0.5,1000.0,0.5,1.0,budget_constrained,963.9615
29,695,41745,3,0,1.5,1.5,0.5,1000.0,0.5,1.0,budget_constrained,965.4615
30,696,41760,2,0,1.0,1.0,0.5,1000.0,0.5,1.0,normal,1.0
30,696,41775,1,0,0.5,0.5,0.5,1000.0,0.5,1.0,normal,1.5
30,696,41790,1,0,0.5,0.5,0.5,1000.0,0.5,1.0,normal,2.0
30,696,41805,3,0,1.5,1.5,0.5,1000.0,0.5,1.0,normal,3.5
30,697,41820,2,0,1.0,1.0,0.5,1000.0,0.5,1.0,normal,4.5
30,697,41835,0,0,0.0,0.0,0.5,1000.0,0.5,1.0,normal,4.5
30,697,41850,0,0,0.0,0.0,0.5,1000.0,0.5,1.0,normal,4.5
30,697,41865,2,0,1.0,1.0,0.5,1000.0,0.5,1.0,normal,5.5
30,698,41880,2,0,1.0,1.0,0.5,1000.0,0.5,1.0,normal,6.5
30,698,41895,1,0,0.5,0.5,0.5,1000.0,0.5,1.0,normal,7.0
30,698,41910,0,0,0.0,0.0,0.5,1000.0,0.5,1.0,normal,7.0
30,698,41925,0,0,0.0,0.0,0.3154,1000.0,0.5,1.0,normal,7.0
30,699,41940,1,0,0.5,0.5,0.5,1000.0,0.5,1.0,normal,7.5
30,699,41955,2,0,1.0,1.0,0.5,1000.0,0.5,1.0,normal,8.5
30,699,41970,0,0,0.0,0.0,0.3644,1000.0,0.5,1.0,normal,8.5
30,699,41985,2,0,0.9569,0.9569,0.4785,1000.0,0.5,1.0,normal,9.4569
30,700,42000,2,0,1.0,1.0,0.5,1000.0,0.5,1.0,normal,10.4569
30,700,42015,1,0,0.5,0.5,0.5,1000.0,0.5,1.0,normal,10.9569
30,700,42030,2,0,1.0,1.0,0.5,1000.0,0.5,1.0,normal,11.9569
30,700,42045,4,0,2.0,2.0,0.5,1000.0,0.5,1.0,normal,13.9569
30,701,42060,1,0,0.5,0.5,0.5,1000.0,0.5,1.0,normal,14.4569
30,701,42075,3,0,1.5,1.5,0.5,1000.0,0.5,1.0,normal,15.9569
30,701,42090,3,0,1.5,1.5,0.5,1000.0,0.5,1.0,normal,17.4569
30,701,42105,1,0,0.4252,0.4252,0.4252,1000.0,0.5,1.0,normal,17.8821
30,702,42120,0,0,0.0,0.0,0.5,1000.0,0.5,1.0,normal,17.8821
30,702,42135,1,0,0.5,0.5,0.5,1000.0,0.5,1.0,normal,18.3821
30,702,42150,2,0,1.0,1.0,0.5,1000.0,0.5,1.0,normal,19.3821
30,702,42165,2,0,1.0,1.0,0.5,1000.0,0.5,1.0,normal,20.3821
30,703,42180,2,0,1.0,1.0,0.5,1000.0,0.5,1.0,normal,21.3821
30,703,42195,1,0,0.5,0.5,0.5,1000.0,0.5,1.0,normal,21.8821
30,703,42210,0,0,0.0,0.0,0.5,1000.0,0.5,1.0,normal,21.8821
30,703,42225,1,0,0.5,0.5,0.5,1000.0,0.5,1.0,normal,22.3821
30,704,42240,3,0,1.5839,1.5839,0.528,1000.0,0.56,1.0,normal,23.966
30,704,42255,3,0,1.68,1.68,0.56,1000.0,0.56,1.0,normal,25.646
30,704,42270,0,0,0.0,0.0,0.1248,1000.0,0.56,1.0,normal,25.646
30,704,42285,0,0,0.0,0.0,0.56,1000.0,0.56,1.0,normal,25.646
30,705,42300,1,0,0.5028,0.5028,0.5028,1000.0,0.56,1.0,normal,26.1488
30,705,42315,1,0,0.4263,0.4263,0.4263,1000.0,0.56,1.0,normal,26.5751
30,705,42330,0,0,0.0,0.0,0.4265,1000.0,0.56,1.0,normal,26.5751
30,705,42345,2,0,1.12,1.12,0.56,1000.0,0.56,1.0,normal,27.6951
30,706,42360,2,0,0.0283,0.0283,0.0141,1000.0,0.56,1.0,normal,27.7234
30,706,42375,1,0,0.56,0.56,0.56,1000.0,0.56,1.0,normal,28.2834
30,706,42390,3,0,1.68,1.68,0.56,1000.0,0.56,1.0,normal,29.9634
30,706,42405,2,1,0.1612,0.1612,0.0806,1000.0,0.56,1.0,normal,30.1246
30,707,42420,1,0,0.14,0.14,0.14,1000.0,0.56,1.0,normal,30.2646
30,707,42435,3,0,1.68,1.68,0.56,1000.0,0.56,1.0,normal,31.9446
30,707,42450,3,1,1.68,1.68,0.56,1000.0,0.56,1.0,normal,33.6246
30,707,42465,1,0,0.56,0.56,0.56,1000.0,0.56,1.0,normal,34.1846
30,708,42480,1,0,0.63,0.63,0.63,1000.0,0.63,1.0,normal,34.8146
30,708,42495,2,0,1.26,1.26,0.63,1000.0,0.63,1.0,normal,36.0746
30,708,42510,0,0,0.0,0.0,0.63,1000.0,0.63,1.0,normal,36.0746
30,708,42525,0,0,0.0,0.0,0.5175,1000.0,0.63,1.0,normal,36.0746
30,709,42540,0,0,0.0,0.0,0.63,1000.0,0.63,1.0,normal,36.0746
30,709,42555,1,0,0.63,0.63,0.63,1000.0,0.63,1.0,normal,36.7046
30,709,42570,1,0,0.63,0.63,0.63,1000.0,0.63,1.0,normal,37.3346
30,709,42585,1,0,0.63,0.63,0.63,1000.0,0.63,1.0,normal,37.9646
30,710,42600,3,0,1.89,1.89,0.63,1000.0,0.63,1.0,normal,39.8546
30,710,42615,2,0,0.9425,0.9425,0.4712,1000.0,0.63,1.0,normal,40.7971
30,710,42630,1,0,0.2274,0.2274,0.2274,1000.0,0.63,1.0,normal,41.0245
30,710,42645,2,0,1.26,1.26,0.63,1000.0,0.63,1.0,normal,42.2845
30,711,42660,2,0,1.26,1.26,0.63,1000.0,0.63,1.0,normal,43.5445
30,711,42675,1,0,0.0203,0.0203,0.0203,1000.0,0.63,1.0,normal,43.5648
30,711,42690,1,0,0.63,0.63,0.63,1000.0,0.63,1.0,normal,44.1948
30,711,42705,3,0,1.89,1.89,0.63,1000.0,0.63,1.0,normal,46.0848
30,712,42720,0,0,0.0,0.0,0.5391,1000.0,0.71,1.0,normal,46.0848
30,712,42735,4,0,2.84,2.84,0.71,1000.0,0.71,1.0,normal,48.9248
30,712,42750,2,0,1.42,1.42,0.71,1000.0,0.71,1.0,normal,50.3448
30,712,42765,1,0,0.71,0.71,0.71,1000.0,0.71,1.0,normal,51.0548
30,713,42780,1,0,0.71,0.71,0.71,1000.0,0.71,1.0,normal,51.7648
30,713,42795,5,0,3.55,3.55,0.71,1000.0,0.71,1.0,normal,55.3148
30,713,42810,1,0,0.71,0.71,0.71,1000.0,0.71,1.0,normal,56.0248
30,713,42825,1,0,0.71,0.71,0.71,1000.0,0.71,1.0,normal,56.7348
30,714,42840,2,0,1.42,1.42,0.71,1000.0,0.71,1.0,normal,58.1548
30,714,42855,1,0,0.664,0.664,0.664,1000.0,0.71,1.0,normal,58.8188
30,714,42870,2,0,1.42,1.42,0.71,1000.0,0.71,1.0,normal,60.2388
30,714,42885,4,0,2.84,2.84,0.71,1000.0,0.71,1.0,normal,63.0788
30,715,42900,1,0,0.71,0.71,0.71,1000.0,0.71,1.0,normal,63.7888
30,715,42915,0,0,0.0,0.0,0.71,1000.0,0.71,1.0,normal,63.7888
30,715,42930,1,0,0.71,0.71,0.71,1000.0,0.71,1.0,normal,64.4988
30,715,42945,6,0,4.26,4.26,0.71,1000.0,0.71,1.0,normal,68.7588
30,716,42960,4,0,3.2,3.2,0.8,1000.0,0.8,1.0,normal,71.9588
30,716,42975,2,0,0.4977,0.4977,0.2488,1000.0,0.8,1.0,normal,72.4565
30,716,42990,4,0,3.2,3.2,0.8,1000.0,0.8,1.0,normal,75.6565
30,716,43005,1,0,0.8,0.8,0.8,1000.0,0.8,1.0,normal,76.4565
30,717,43020,3,0,1.6392,1.6392,0.5464,1000.0,0.8,1.0,normal,78.0957
30,717,43035,3,0,2.4,2.4,0.8,1000.0,0.8,1.0,normal,80.4957
30,717,43050,1,0,0.8,0.8,0.8,1000.0,0.8,1.0,normal,81.2957
30,717,43065,1,0,0.8,0.8,0.8,1000.0,0.8,1.0,normal,82.0957
30,718,43080,3,0,2.4,2.4,0.8,1000.0,0.8,1.0,normal,84.4957
30,718,43095,0,0,0.0,0.0,0.3862,1000.0,0.8,1.0,normal,84.4957
30,718,43110,0,0,0.0,0.0,0.8,1000.0,0.8,1.0,normal,84.4957
30,718,43125,1,0,0.8,0.8,0.8,1000.0,0.8,1.0,normal,85.2957
30,719,43140,2,0,1.6,1.6,0.8,1000.0,0.8,1.0,normal,86.8957
30,719,43155,3,0,2.4,2.4,0.8,1000.0,0.8,1.0,normal,89.2957
30,719,43170,0,0,0.0,0.0,0.8,1000.0,0.8,1.0,normal,89.2957
30,719,43185,3,0,2.4,2.4,0.8,1000.0,0.8,1.0,normal,91.6957
31,720,43200,3,1,2.64,2.64,0.88,1000.0,0.88,1.0,normal,2.64
31,720,43215,2,0,1.76,1.76,0.88,1000.0,0.88,1.0,normal,4.4
31,720,43230,1,0,0.3995,0.3995,0.3995,1000.0,0.88,1.0,normal,4.7995
31,720,43245,2,0,0.1826,0.1826,0.0913,1000.0,0.88,1.0,normal,4.9821
31,721,43260,0,0,0.0,0.0,0.7101,1000.0,0.88,1.0,normal,4.9821
31,721,43275,2,0,1.7155,1.7155,0.8577,1000.0,0.88,1.0,normal,6.6976
31,721,43290,1,0,0.88,0.88,0.88,1000.0,0.88,1.0,normal,7.5776
31,721,43305,1,0,0.88,0.88,0.88,1000.0,0.88,1.0,normal,8.4576
31,722,43320,5,0,4.4,4.4,0.88,1000.0,0.88,1.0,normal,12.8576
31,722,43335,1,0,0.88,0.88,0.88,1000.0,0.88,1.0,normal,13.7376
31,722,43350,6,0,5.28,5.28,0.88,1000.0,0.88,1.0,normal,19.0176
31,722,43365,3,0,2.64,2.64,0.88,1000.0,0.88,1.0,normal,21.6576
31,723,43380,3,0,2.64,2.64,0.88,1000.0,0.88,1.0,normal,24.2976
31,723,43395,3,0,2.64,2.64,0.88,1000.0,0.88,1.0,normal,26.9376
31,723,43410,0,0,0.0,0.0,0.0663,1000.0,0.88,1.0,normal,26.9376
31,723,43425,0,0,0.0,0.0,0.88,1000.0,0.88,1.0,normal,26.9376
31,724,43440,4,0,3.96,3.96,0.99,1000.0,0.99,1.0,normal,30.8976
31,724,43455,3,0,2.97,2.97,0.99,1000.0,0.99,1.0,normal,33.8676
31,724,43470,1,0,0.99,0.99,0.99,1000.0,0.99,1.0,normal,34.8576
31,724,43485,4,0,1.4343,1.4343,0.3586,1000.0,0.99,1.0,normal,36.2919
31,725,43500,1,0,0.99,0.99,0.99,1000.0,0.99,1.0,normal,37.2819
31,725,43515,5,0,4.95,4.95,0.99,1000.0,0.99,1.0,normal,42.2319
31,725,43530,2,0,1.98,1.98,0.99,1000.0,0.99,1.0,normal,44.2119
31,725,43545,6,0,5.94,5.94,0.99,1000.0,0.99,1.0,normal,50.1519
31,726,43560,2,0,1.98,1.98,0.99,1000.0,0.99,1.0,normal,52.1319
31,726,43575,0,0,0.0,0.0,0.868,1000.0,0.99,1.0,normal,52.1319
31,726,43590,2,0,1.696,1.696,0.848,1000.0,0.99,1.0,normal,53.8279
31,726,43605,2,0,1.98,1.98,0.99,1000.0,0.99,1.0,normal,55.8079
31,727,43620,1,0,0.99,0.99,0.99,1000.0,0.99,1.0,normal,56.7979
31,727,43635,5,1,3.3288,3.3288,0.6658,1000.0,0.99,1.0,normal,60.1267
31,727,43650,3,0,2.97,2.97,0.99,1000.0,0.99,1.0,normal,63.0967
31,727,43665,2,0,1.98,1.98,0.99,1000.0,0.99,1.0,normal,65.0767
31,728,43680,1,0,1.11,1.11,1.11,1000.0,1.11,1.0,normal,66.1867
31,728,43695,3,1,2.4481,2.4481,0.816,1000.0,1.11,1.0,normal,68.6348
31,728,43710,3,0,2.9609,2.9609,0.987,1000.0,1.11,1.0,normal,71.5957
31,728,43725,5,0,5.55,5.55,1.11,1000.0,1.11,1.0,normal,77.1457
31,729,43740,3,0,3.33,3.33,1.11,1000.0,1.11,1.0,normal,80.4757
31,729,43755,4,0,0.0146,0.0146,0.0037,1000.0,1.11,1.0,normal,80.4903
31,729,43770,2,0,1.3433,1.3433,0.6716,1000.0,1.11,1.0,normal,81.8336
31,729,43785,7,0,7.77,7.77,1.11,1000.0,1.11,1.0,normal,89.6036
31,730,43800,5,0,5.55,5.55,1.11,1000.0,1.11,1.0,normal,95.1536
31,730,43815,3,0,3.33,3.33,1.11,1000.0,1.11,1.0,normal,98.4836
31,730,43830,4,0,2.5156,2.5156,0.6289,1000.0,1.11,1.0,normal,100.9992
31,730,43845,2,0,2.22,2.22,1.11,1000.0,1.11,1.0,normal,103.2192
31,731,43860,5,0,5.55,5.55,1.11,1000.0,1.11,1.0,normal,108.7692
31,731,43875,2,0,2.22,2.22,1.11,1000.0,1.11,1.0,normal,110.9892
31,731,43890,3,0,3.33,3.33,1.11,1000.0,1.11,1.0,normal,114.3192
31,731,43905,2,0,2.22,2.22,1.11,1000.0,1.11,1.0,normal,116.5392
31,732,43920,0,0,0.0,0.0,0.01,1000.0,0.01,1.0,normal,116.5392
31,732,43935,0,0,0.0,0.0,0.01,1000.0,0.01,1.0,normal,116.5392
31,732,43950,0,0,0.0,0.0,0.01,1000.0,0.01,1.0,normal,116.5392
31,732,43965,0,0,0.0,0.0,0.01,1000.0,0.01,1.0,normal,116.5392
31,733,43980,0,0,0.0,0.0,0.01,1000.0,0.01,1.0,normal,116.5392
31,733,43995,0,0,0.0,0.0,0.01,1000.0,0.01,1.0,normal,116.5392
31,733,44010,0,0,0.0,0.0,0.01,1000.0,0.01,1.0,normal,116.5392
31,733,44025,0,0,0.0,0.0,0.01,1000.0,0.01,1.0,normal,116.5392
31,734,44040,0,0,0.0,0.0,0.01,1000.0,0.01,1.0,normal,116.5392
31,734,44055,0,0,0.0,0.0,0.01,1000.0,0.01,1.0,normal,116.5392
31,734,44070,0,0,0.0,0.0,0.01,1000.0,0.01,1.0,normal,116.5392
31,734,44085,0,0,0.0,0.0,0.01,1000.0,0.01,1.0,normal,116.5392
31,735,44100,0,0,0.0,0.0,0.01,1000.0,0.01,1.0,normal,116.5392
31,735,44115,0,0,0.0,0.0,0.01,1000.0,0.01,1.0,normal,116.5392
31,735,44130,0,0,0.0,0.0,0.01,1000.0,0.01,1.0,normal,116.5392
31,735,44145,0,0,0.0,0.0,0.01,1000.0,0.01,1.0,normal,116.5392
31,736,44160,3,0,5.892,5.892,1.964,1000.0,4.2,1.0,normal,122.4312
31,736,44175,4,0,7.1144,7.1144,1.7786,1000.0,4.2,1.0,normal,129.5456
31,736,44190,16,0,57.0959,57.0959,3.5685,1000.0,4.2,1.0,normal,186.6415
31,736,44205,10,0,42.0,42.0,4.2,1000.0,4.2,1.0,normal,228.6415
31,737,44220,14,1,58.8,58.8,4.2,1000.0,4.2,1.0,normal,287.4415
31,737,44235,16,0,7.8066,7.8066,0.4879,1000.0,4.2,1.0,normal,295.2481
31,737,44250,13,0,27.9326,27.9326,2.1487,1000.0,4.2,1.0,normal,323.1807
31,737,44265,12,0,45.9561,45.9561,3.8297,1000.0,4.2,1.0,normal,369.1368
31,738,44280,5,0,21.0,21.0,4.2,1000.0,4.2,1.0,normal,390.1368
31,738,44295,10,0,17.3831,17.3831,1.7383,1000.0,4.2,1.0,normal,407.5199
31,738,44310,11,0,6.6608,6.6608,0.6055,1000.0,4.2,1.0,normal,414.1807
31,738,44325,7,0,23.4627,23.4627,3.3518,1000.0,4.2,1.0,normal,437.6434
31,739,44340,12,1,50.4,50.4,4.2,1000.0,4.2,1.0,normal,488.0434
31,739,44355,11,0,46.2,46.2,4.2,1000.0,4.2,1.0,normal,534.2434
31,739,44370,9,0,37.8,37.8,4.2,1000.0,4.2,1.0,normal,572.0434
31,739,44385,11,0,38.3072,38.3072,3.4825,1000.0,4.2,1.0,normal,610.3506
31,740,44400,8,0,5.0631,5.0631,0.6329,1000.0,3.36,1.0,normal,615.4137
31,740,44415,11,0,27.2582,27.2582,2.478,1000.0,3.36,1.0,normal,642.6719
31,740,44430,12,0,40.32,40.32,3.36,1000.0,3.36,1.0,normal,682.9919
31,740,44445,9,0,6.748,6.748,0.7498,1000.0,3.36,1.0,normal,689.7399
31,741,44460,9,0,30.24,30.24,3.36,1000.0,3.36,1.0,normal,719.9799
31,741,44475,8,0,26.2729,26.2729,3.2841,1000.0,3.36,1.0,normal,746.2528
31,741,44490,11,0,36.96,36.96,3.36,1000.0,3.36,1.0,normal,783.2128
31,741,44505,12,0,40.32,40.32,3.36,1000.0,3.36,1.0,normal,823.5328
31,742,44520,8,0,13.7425,13.7425,1.7178,1000.0,3.36,1.0,normal,837.2753
31,742,44535,7,0,5.3981,5.3981,0.7712,1000.0,3.36,1.0,normal,842.6734
31,742,44550,9,0,7.7525,7.7525,0.8614,1000.0,3.36,1.0,normal,850.4259
31,742,44565,8,0,26.88,26.88,3.36,1000.0,3.36,1.0,normal,877.3059
31,743,44580,7,0,20.309,20.309,2.9013,1000.0,3.36,1.0,normal,897.6149
31,743,44595,4,0,13.44,13.44,3.36,1000.0,3.36,1.0,budget_constrained,911.0549
31,743,44610,15,1,50.2172,50.2172,3.3478,1000.0,3.36,1.0,budget_constrained,961.2721
31,743,44625,6,0,20.16,20.16,3.36,1000.0,3.36,1.0,budget_constrained,981.4321
32,744,44640,0,0,0.0,0.0,0.01,1000.0,0.01,1.0,normal,0.0
32,744,44655,0,0,0.0,0.0,0.01,1000.0,0.01,1.0,normal,0.0
32,744,44670,0,0,0.0,0.0,0.01,1000.0,0.01,1.0,normal,0.0
32,744,44685,0,0,0.0,0.0,0.01,1000.0,0.01,1.0,normal,0.0
32,745,44700,0,0,0.0,0.0,0.01,1000.0,0.01,1.0,normal,0.0
32,745,44715,0,0,0.0,0.0,0.01,1000.0,0.01,1.0,normal,0.0
32,745,44730,0,0,0.0,0.0,0.01,1000.0,0.01,1.0,normal,0.0
32,745,44745,0,0,0.0,0.0,0.01,1000.0,0.01,1.0,normal,0.0
32,746,44760,0,0,0.0,0.0,0.01,1000.0,0.01,1.0,normal,0.0
32,746,44775,0,0,0.0,0.0,0.01,1000.0,0.01,1.0,normal,0.0
32,746,44790,0,0,0.0,0.0,0.01,1000.0,0.01,1.0,normal,0.0
32,746,44805,0,0,0.0,0.0,0.01,1000.0,0.01,1.0,normal,0.0
32,747,44820,0,0,0.0,0.0,0.01,1000.0,0.01,1.0,normal,0.0
32,747,44835,0,0,0.0,0.0,0.01,1000.0,0.01,1.0,normal,0.0
32,747,44850,0,0,0.0,0.0,0.01,1000.0,0.01,1.0,normal,0.0
32,747,44865,0,0,0.0,0.0,0.01,1000.0,0.01,1.0,normal,0.0
32,748,44880,3,0,1.3741,1.3741,0.458,1000.0,0.5,1.0,normal,1.3741
32,748,44895,3,0,1.5,1.5,0.5,1000.0,0.5,1.0,normal,2.8741
32,748,44910,2,0,1.0,1.0,0.5,1000.0,0.5,1.0,normal,3.8741
32,748,44925,2,0,0.1097,0.1097,0.0548,1000.0,0.5,1.0,normal,3.9838
32,749,44940,0,0,0.0,0.0,0.5,1000.0,0.5,1.0,normal,3.9838
32,749,44955,0,0,0.0,0.0,0.3176,1000.0,0.5,1.0,normal,3.9838
32,749,44970,1,0,0.5,0.5,0.5,1000.0,0.5,1.0,normal,4.4838
32,749,44985,1,0,0.5,0.5,0.5,1000.0,0.5,1.0,normal,4.9838
32,750,45000,1,0,0.2719,0.2719,0.2719,1000.0,0.5,1.0,normal,5.2557
32,750,45015,0,0,0.0,0.0,0.5,1000.0,0.5,1.0,normal,5.2557
32,750,45030,2,0,1.0,1.0,0.5,1000.0,0.5,1.0,normal,6.2557
32,750,45045,2,0,1.0,1.0,0.5,1000.0,0.5,1.0,normal,7.2557
32,751,45060,2,0,1.0,1.0,0.5,1000.0,0.5,1.0,normal,8.2557
32,751,45075,2,0,0.5926,0.5926,0.2963,1000.0,0.5,1.0,normal,8.8483
32,751,45090,1,0,0.5,0.5,0.5,1000.0,0.5,1.0,normal,9.3483
32,751,45105,0,0,0.0,0.0,0.5,1000.0,0.5,1.0,normal,9.3483
32,752,45120,1,1,0.5,0.5,0.5,1000.0,0.5,1.0,normal,9.8483
32,752,45135,3,0,1.5,1.5,0.5,1000.0,0.5,1.0,normal,11.3483
32,752,45150,0,0,0.0,0.0,0.5,1000.0,0.5,1.0,normal,11.3483
32,752,45165,4,0,2.0,2.0,0.5,1000.0,0.5,1.0,normal,13.3483
32,753,45180,1,0,0.5,0.5,0.5,1000.0,0.5,1.0,normal,13.8483
32,753,45195,0,0,0.0,0.0,0.5,1000.0,0.5,1.0,normal,13.8483
32,753,45210,1,0,0.5,0.5,0.5,1000.0,0.5,1.0,normal,14.3483
32,753,45225,1,0,0.5,0.5,0.5,1000.0,0.5,1.0,normal,14.8483
32,754,45240,1,0,0.5,0.5,0.5,1000.0,0.5,1.0,normal,15.3483
32,754,45255,2,0,1.0,1.0,0.5,1000.0,0.5,1.0,normal,16.3483
32,754,45270,1,0,0.3,0.3,0.3,1000.0,0.5,1.0,normal,16.6483
32,754,45285,1,0,0.5,0.5,0.5,1000.0,0.5,1.0,normal,17.1483
32,755,45300,2,0,1.0,1.0,0.5,1000.0,0.5,1.0,normal,18.1483
32,755,45315,1,1,0.327,0.327,0.327,1000.0,0.5,1.0,normal,18.4753
32,755,45330,0,0,0.0,0.0,0.5,1000.0,0.5,1.0,normal,18.4753
32,755,45345,1,0,0.5,0.5,0.5,1000.0,0.5,1.0,normal,18.9753
32,756,45360,0,0,0.0,0.0,0.5,1000.0,0.5,1.0,normal,18.9753
32,756,45375,1,0,0.5,0.5,0.5,1000.0,0.5,1.0,normal,19.4753
32,756,45390,0,0,0.0,0.0,0.1263,1000.0,0.5,1.0,normal,19.4753
32,756,45405,0,0,0.0,0.0,0.5,1000.0,0.5,1.0,normal,19.4753
32,757,45420,0,0,0.0,0.0,0.5,1000.0,0.5,1.0,normal,19.4753
32,757,45435,2,1,1.0,1.0,0.5,1000.0,0.5,1.0,normal,20.4753
32,757,45450,1,0,0.5,0.5,0.5,1000.0,0.5,1.0,normal,20.9753
32,757,45465,1,0,0.5,0.5,0.5,1000.0,0.5,1.0,normal,21.4753
32,758,45480,2,0,0.0044,0.0044,0.0022,1000.0,0.5,1.0,normal,21.4797
32,758,45495,3,0,1.5,1.5,0.5,1000.0,0.5,1.0,normal,22.9797
32,758,45510,2,0,1.0,1.0,0.5,1000.0,0.5,1.0,normal,23.9797
32,758,45525,2,1,1.0,1.0,0.5,1000.0,0.5,1.0,normal,24.9797
32,759,45540,1,0,0.5,0.5,0.5,1000.0,0.5,1.0,normal,25.4797
32,759,45555,0,0,0.0,0.0,0.1132,1000.0,0.5,1.0,normal,25.4797
32,759,45570,0,0,0.0,0.0,0.5,1000.0,0.5,1.0,normal,25.4797
32,759,45585,0,0,0.0,0.0,0.5,1000.0,0.5,1.0,normal,25.4797
32,760,45600,0,0,0.0,0.0,0.5,1000.0,0.5,1.0,normal,25.4797
32,760,45615,1,0,0.5,0.5,0.5,1000.0,0.5,1.0,normal,25.9797
32,760,45630,0,0,0.0,0.0,0.5,1000.0,0.5,1.0,normal,25.9797
32,760,45645,1,0,0.5,0.5,0.5,1000.0,0.5,1.0,normal,26.4797
32,761,45660,2,0,1.0,1.0,0.5,1000.0,0.5,1.0,normal,27.4797
32,761,45675,2,0,1.0,1.0,0.5,1000.0,0.5,1.0,normal,28.4797
32,761,45690,2,0,0.5038,0.5038,0.2519,1000.0,0.5,1.0,normal,28.9835
32,761,45705,0,0,0.0,0.0,0.5,1000.0,0.5,1.0,normal,28.9835
32,762,45720,2,0,0.1457,0.1457,0.0728,1000.0,0.5,1.0,normal,29.1292
32,762,45735,0,0,0.0,0.0,0.5,1000.0,0.5,1.0,normal,29.1292
32,762,45750,2,0,1.0,1.0,0.5,1000.0,0.5,1.0,normal,30.1292
32,762,45765,0,0,0.0,0.0,0.5,1000.0,0.5,1.0,normal,30.1292
32,763,45780,1,1,0.5,0.5,0.5,1000.0,0.5,1.0,normal,30.6292
32,763,45795,1,0,0.5,0.5,0.5,1000.0,0.5,1.0,normal,31.1292
32,763,45810,1,0,0.5,0.5,0.5,1000.0,0.5,1.0,normal,31.6292
32,763,45825,4,0,1.7245,1.7245,0.4311,1000.0,0.5,1.0,normal,33.3537
32,764,45840,3,0,1.3701,1.3701,0.4567,1000.0,0.55,1.0,normal,34.7238
32,764,45855,1,0,0.5448,0.5448,0.5448,1000.0,0.55,1.0,normal,35.2686
32,764,45870,0,0,0.0,0.0,0.55,1000.0,0.55,1.0,normal,35.2686
32,764,45885,1,0,0.55,0.55,0.55,1000.0,0.55,1.0,normal,35.8186
32,765,45900,1,0,0.55,0.55,0.55,1000.0,0.55,1.0,normal,36.3686
32,765,45915,2,0,1.1,1.1,0.55,1000.0,0.55,1.0,normal,37.4686
32,765,45930,1,0,0.55,0.55,0.55,1000.0,0.55,1.0,normal,38.0186
32,765,45945,1,0,0.55,0.55,0.55,1000.0,0.55,1.0,normal,38.5686
32,766,45960,0,0,0.0,0.0,0.55,1000.0,0.55,1.0,normal,38.5686
32,766,45975,1,0,0.55,0.55,0.55,1000.0,0.55,1.0,normal,39.1186
32,766,45990,2,0,1.1,1.1,0.55,1000.0,0.55,1.0,normal,40.2186
32,766,46005,2,0,1.1,1.1,0.55,1000.0,0.55,1.0,normal,41.3186
32,767,46020,1,0,0.55,0.55,0.55,1000.0,0.55,1.0,normal,41.8686
32,767,46035,1,0,0.55,0.55,0.55,1000.0,0.55,1.0,normal,42.4186
32,767,46050,1,0,0.55,0.55,0.55,1000.0,0.55,1.0,normal,42.9686
32,767,46065,1,0,0.55,0.55,0.55,1000.0,0.55,1.0,normal,43.5186
33,768,46080,1,0,0.62,0.62,0.62,1000.0,0.62,1.0,normal,0.62
33,768,46095,1,0,0.1544,0.1544,0.1544,1000.0,0.62,1.0,normal,0.7744
33,768,46110,4,0,2.48,2.48,0.62,1000.0,0.62,1.0,normal,3.2544
33,768,46125,2,0,1.1862,1.1862,0.5931,1000.0,0.62,1.0,normal,4.4406
33,769,46140,1,0,0.62,0.62,0.62,1000.0,0.62,1.0,normal,5.0606
33,769,46155,1,1,0.62,0.62,0.62,1000.0,0.62,1.0,normal,5.6806
33,769,46170,1,0,0.5462,0.5462,0.5462,1000.0,0.62,1.0,normal,6.2268
33,769,46185,3,0,1.1932,1.1932,0.3977,1000.0,0.62,1.0,normal,7.42
33,770,46200,3,0,0.8148,0.8148,0.2716,1000.0,0.62,1.0,normal,8.2348
33,770,46215,1,0,0.62,0.62,0.62,1000.0,0.62,1.0,normal,8.8548
33,770,46230,0,0,0.0,0.0,0.62,1000.0,0.62,1.0,normal,8.8548
33,770,46245,2,0,0.3423,0.3423,0.1712,1000.0,0.62,1.0,normal,9.1971
33,771,46260,0,0,0.0,0.0,0.62,1000.0,0.62,1.0,normal,9.1971
33,771,46275,2,0,1.24,1.24,0.62,1000.0,0.62,1.0,normal,10.4371
33,771,46290,1,0,0.62,0.62,0.62,1000.0,0.62,1.0,normal,11.0571
33,771,46305,1,0,0.62,0.62,0.62,1000.0,0.62,1.0,normal,11.6771
33,772,46320,3,0,2.07,2.07,0.69,1000.0,0.69,1.0,normal,13.7471
33,772,46335,2,0,1.38,1.38,0.69,1000.0,0.69,1.0,normal,15.1271
33,772,46350,3,0,2.07,2.07,0.69,1000.0,0.69,1.0,normal,17.1971
33,772,46365,1,0,0.69,0.69,0.69,1000.0,0.69,1.0,normal,17.8871
33,773,46380,4,0,2.76,2.76,0.69,1000.0,0.69,1.0,normal,20.6471
33,773,46395,4,0,1.8696,1.8696,0.4674,1000.0,0.69,1.0,normal,22.5167
33,773,46410,0,0,0.0,0.0,0.307,1000.0,0.69,1.0,normal,22.5167
33,773,46425,0,0,0.0,0.0,0.69,1000.0,0.69,1.0,normal,22.5167
33,774,46440,6,0,3.9572,3.9572,0.6595,1000.0,0.69,1.0,normal,26.4739
33,774,46455,2,0,1.38,1.38,0.69,1000.0,0.69,1.0,normal,27.8539
33,774,46470,0,0,0.0,0.0,0.69,1000.0,0.69,1.0,normal,27.8539
33,774,46485,2,0,0.5598,0.5598,0.2799,1000.0,0.69,1.0,normal,28.4137
33,775,46500,0,0,0.0,0.0,0.69,1000.0,0.69,1.0,normal,28.4137
33,775,46515,1,0,0.69,0.69,0.69,1000.0,0.69,1.0,normal,29.1037
33,775,46530,2,0,1.38,1.38,0.69,1000.0,0.69,1.0,normal,30.4837
33,775,46545,1,0,0.69,0.69,0.69,1000.0,0.69,1.0,normal,31.1737
33,776,46560,1,0,0.76,0.76,0.76,1000.0,0.76,1.0,normal,31.9337
33,776,46575,4,0,1.0945,1.0945,0.2736,1000.0,0.76,1.0,normal,33.0282
33,776,46590,3,0,2.28,2.28,0.76,1000.0,0.76,1.0,normal,35.3082
33,776,46605,0,0,0.0,0.0,0.6524,1000.0,0.76,1.0,normal,35.3082
33,777,46620,1,0,0.76,0.76,0.76,1000.0,0.76,1.0,normal,36.0682
33,777,46635,3,1,2.28,2.28,0.76,1000.0,0.76,1.0,normal,38.3482
33,777,46650,1,0,0.76,0.76,0.76,1000.0,0.76,1.0,normal,39.1082
33,777,46665,2,0,1.52,1.52,0.76,1000.0,0.76,1.0,normal,40.6282
33,778,46680,4,0,3.04,3.04,0.76,1000.0,0.76,1.0,normal,43.6682
33,778,46695,1,0,0.71,0.71,0.71,1000.0,0.76,1.0,normal,44.3782
33,778,46710,1,0,0.76,0.76,0.76,1000.0,0.76,1.0,normal,45.1382
33,778,46725,1,0,0.76,0.76,0.76,1000.0,0.76,1.0,normal,45.8982
33,779,46740,2,0,1.52,1.52,0.76,1000.0,0.76,1.0,normal,47.4182
33,779,46755,2,0,0.5342,0.5342,0.2671,1000.0,0.76,1.0,normal,47.9524
33,779,46770,4,0,3.04,3.04,0.76,1000.0,0.76,1.0,normal,50.9924
33,779,46785,0,0,0.0,0.0,0.76,1000.0,0.76,1.0,normal,50.9924
33,780,46800,0,0,0.0,0.0,0.01,1000.0,0.01,1.0,normal,50.9924
33,780,46815,0,0,0.0,0.0,0.01,1000.0,0.01,1.0,normal,50.9924
33,780,46830,0,0,0.0,0.0,0.01,1000.0,0.01,1.0,normal,50.9924
33,780,46845,0,0,0.0,0.0,0.01,1000.0,0.01,1.0,normal,50.9924
33,781,46860,0,0,0.0,0.0,0.01,1000.0,0.01,1.0,normal,50.9924
33,781,46875,0,0,0.0,0.0,0.01,1000.0,0.01,1.0,normal,50.9924
33,781,46890,0,0,0.0,0.0,0.01,1000.0,0.01,1.0,normal,50.9924
33,781,46905,0,0,0.0,0.0,0.01,1000.0,0.01,1.0,normal,50.9924
33,782,46920,0,0,0.0,0.0,0.01,1000.0,0.01,1.0,normal,50.9924
33,782,46935,0,0,0.0,0.0,0.01,1000.0,0.01,1.0,normal,50.9924
33,782,46950,0,0,0.0,0.0,0.01,1000.0,0.01,1.0,normal,50.9924
33,782,46965,0,0,0.0,0.0,0.01,1000.0,0.01,1.0,normal,50.9924
33,783,46980,0,0,0.0,0.0,0.01,1000.0,0.01,1.0,normal,50.9924
33,783,46995,0,0,0.0,0.0,0.01,1000.0,0.01,1.0,normal,50.9924
33,783,47010,0,0,0.0,0.0,0.01,1000.0,0.01,1.0,normal,50.9924
33,783,47025,0,0,0.0,0.0,0.01,1000.0,0.01,1.0,normal,50.9924
33,784,47040,11,1,30.3184,30.3184,2.7562,1000.0,4.2,1.0,normal,81.3108
33,784,47055,5,0,0.9368,0.9368,0.1874,1000.0,4.2,1.0,normal,82.2476
33,784,47070,14,0,20.1027,20.1027,1.4359,1000.0,4.2,1.0,normal,102.3503
33,784,47085,13,0,54.6,54.6,4.2,1000.0,4.2,1.0,normal,156.9503
33,785,47100,11,0,28.6859,28.6859,2.6078,1000.0,4.2,1.0,normal,185.6362
33,785,47115,11,0,29.2917,29.2917,2.6629,1000.0,4.2,1.0,normal,214.9279
33,785,47130,9,0,36.1575,36.1575,4.0175,1000.0,4.2,1.0,normal,251.0854
33,785,47145,9,0,37.8,37.8,4.2,1000.0,4.2,1.0,normal,288.8854
33,786,47160,7,0,11.1238,11.1238,1.5891,1000.0,4.2,1.0,normal,300.0092
33,786,47175,11,0,19.2639,19.2639,1.7513,1000.0,4.2,1.0,normal,319.2731
33,786,47190,11,1,43.5959,43.5959,3.9633,1000.0,4.2,1.0,normal,362.869
33,786,47205,10,0,34.0647,34.0647,3.4065,1000.0,4.2,1.0,normal,396.9337
33,787,47220,14,0,21.8405,21.8405,1.56,1000.0,4.2,1.0,normal,418.7742
33,787,47235,8,0,2.0185,2.0185,0.2523,1000.0,4.2,1.0,normal,420.7927
33,787,47250,10,0,22.7213,22.7213,2.2721,1000.0,4.2,1.0,normal,443.514
33,787,47265,16,0,14.5427,14.5427,0.9089,1000.0,4.2,1.0,normal,458.0567
33,788,47280,13,0,2.2795,2.2795,0.1753,1000.0,3.78,1.0,normal,460.3362
33,788,47295,11,0,25.7607,25.7607,2.3419,1000.0,3.78,1.0,normal,486.0969
33,788,47310,18,2,35.686,17.843,1.9826,1000.0,3.78,1.0,normal,521.7829
33,788,47325,14,0,52.92,52.92,3.78,1000.0,3.78,1.0,normal,574.7029
33,789,47340,8,0,5.2242,5.2242,0.653,1000.0,3.78,1.0,normal,579.9271
33,789,47355,9,0,2.8019,2.8019,0.3113,1000.0,3.78,1.0,normal,582.729
33,789,47370,9,1,11.7261,11.7261,1.3029,1000.0,3.78,1.0,normal,594.4551
33,789,47385,7,0,26.46,26.46,3.78,1000.0,3.78,1.0,normal,620.9151
33,790,47400,13,0,2.8958,2.8958,0.2228,1000.0,3.78,1.0,normal,623.8109
33,790,47415,9,0,32.3061,32.3061,3.5896,1000.0,3.78,1.0,normal,656.117
33,790,47430,6,0,20.2054,20.2054,3.3676,1000.0,3.78,1.0,normal,676.3224
33,790,47445,6,0,12.9036,12.9036,2.1506,1000.0,3.78,1.0,normal,689.226
33,791,47460,9,0,29.605,29.605,3.2894,1000.0,3.78,1.0,normal,718.831
33,791,47475,6,0,22.68,22.68,3.78,1000.0,3.78,1.0,normal,741.511
33,791,47490,20,0,10.9153,10.9153,0.5458,1000.0,3.78,1.0,normal,752.4263
33,791,47505,6,0,13.5181,13.5181,2.253,1000.0,3.78,1.0,normal,765.9444
34,792,47520,8,1,27.2,27.2,3.4,1000.0,3.4,1.0,normal,27.2
34,792,47535,5,0,17.0,17.0,3.4,1000.0,3.4,1.0,normal,44.2
34,792,47550,5,1,17.0,17.0,3.4,1000.0,3.4,1.0,normal,61.2
34,792,47565,4,0,2.5297,2.5297,0.6324,1000.0,3.4,1.0,normal,63.7297
34,793,47580,7,0,4.756,4.756,0.6794,1000.0,3.4,1.0,normal,68.4857
34,793,47595,12,1,40.8,40.8,3.4,1000.0,3.4,1.0,normal,109.2857
34,793,47610,6,0,19.9031,19.9031,3.3172,1000.0,3.4,1.0,normal,129.1888
34,793,47625,5,0,17.0,17.0,3.4,1000.0,3.4,1.0,normal,146.1888
34,794,47640,11,0,13.785,13.785,1.2532,1000.0,3.4,1.0,normal,159.9738
34,794,47655,4,0,4.392,4.392,1.098,1000.0,3.4,1.0,normal,164.3658
34,794,47670,10,0,26.7026,26.7026,2.6703,1000.0,3.4,1.0,normal,191.0684
34,794,47685,6,0,20.4,20.4,3.4,1000.0,3.4,1.0,normal,211.4684
34,795,47700,7,0,12.5819,12.5819,1.7974,1000.0,3.4,1.0,normal,224.0503
34,795,47715,8,0,6.9117,6.9117,0.864,1000.0,3.4,1.0,normal,230.962
34,795,47730,7,0,0.3791,0.3791,0.0542,1000.0,3.4,1.0,normal,231.3411
34,795,47745,11,0,11.8219,11.8219,1.0747,1000.0,3.4,1.0,normal,243.163
34,796,47760,7,0,21.42,21.42,3.06,1000.0,3.06,1.0,normal,264.583
34,796,47775,8,0,13.8218,13.8218,1.7277,1000.0,3.06,1.0,normal,278.4048
34,796,47790,6,0,4.6202,4.6202,0.77,1000.0,3.06,1.0,normal,283.025
34,796,47805,2,0,6.12,6.12,3.06,1000.0,3.06,1.0,normal,289.145
34,797,47820,7,0,21.42,21.42,3.06,1000.0,3.06,1.0,normal,310.565
34,797,47835,9,1,19.9997,19.9997,2.2222,1000.0,3.06,1.0,normal,330.5647
34,797,47850,6,0,18.36,18.36,3.06,1000.0,3.06,1.0,normal,348.9247
34,797,47865,9,0,4.8021,4.8021,0.5336,1000.0,3.06,1.0,normal,353.7268
34,798,47880,8,0,23.1974,23.1974,2.8997,1000.0,3.06,1.0,normal,376.9242
34,798,47895,5,0,14.3705,14.3705,2.8741,1000.0,3.06,1.0,normal,391.2947
34,798,47910,10,0,15.9084,15.9084,1.5908,1000.0,3.06,1.0,normal,407.2031
34,798,47925,14,0,25.974,25.974,1.8553,1000.0,3.06,1.0,normal,433.1771
34,799,47940,4,0,12.24,12.24,3.06,1000.0,3.06,1.0,normal,445.4171
34,799,47955,9,0,27.54,27.54,3.06,1000.0,3.06,1.0,normal,472.9571
34,799,47970,6,0,18.36,18.36,3.06,1000.0,3.06,1.0,normal,491.3171
34,799,47985,9,0,27.54,27.54,3.06,1000.0,3.06,1.0,normal,518.8571
34,800,48000,3,0,7.35,7.35,2.45,1000.0,2.45,1.0,normal,526.2071
34,800,48015,5,0,3.0989,3.0989,0.6198,1000.0,2.45,1.0,normal,529.306
34,800,48030,5,0,0.0902,0.0902,0.018,1000.0,2.45,1.0,normal,529.3962
34,800,48045,8,1,18.8504,18.8504,2.3563,1000.0,2.45,1.0,normal,548.2466
34,801,48060,5,1,12.25,12.25,2.45,1000.0,2.45,1.0,normal,560.4966
34,801,48075,4,0,1.9799,1.9799,0.495,1000.0,2.45,1.0,normal,562.4765
34,801,48090,8,0,19.6,19.6,2.45,1000.0,2.45,1.0,normal,582.0765
34,801,48105,5,0,12.25,12.25,2.45,1000.0,2.45,1.0,normal,594.3265
34,802,48120,4,0,9.8,9.8,2.45,1000.0,2.45,1.0,normal,604.1265
34,802,48135,3,0,7.35,7.35,2.45,1000.0,2.45,1.0,normal,611.4765
34,802,48150,5,0,3.5693,3.5693,0.7139,1000.0,2.45,1.0,normal,615.0458
34,802,48165,4,1,9.8,9.8,2.45,1000.0,2.45,1.0,normal,624.8458
34,803,48180,6,0,13.3851,13.3851,2.2308,1000.0,2.45,1.0,normal,638.2309
34,803,48195,9,0,22.05,22.05,2.45,1000.0,2.45,1.0,normal,660.2809
34,803,48210,5,0,1.4903,1.4903,0.2981,1000.0,2.45,1.0,normal,661.7712
34,803,48225,10,0,18.0245,18.0245,1.8025,1000.0,2.45,1.0,normal,679.7957
34,804,48240,6,0,13.26,13.26,2.21,1000.0,2.21,1.0,normal,693.0557
34,804,48255,8,1,17.68,17.68,2.21,1000.0,2.21,1.0,normal,710.7357
34,804,48270,8,1,2.9135,2.9135,0.3642,1000.0,2.21,1.0,normal,713.6492
34,804,48285,5,0,9.4754,9.4754,1.8951,1000.0,2.21,1.0,normal,723.1246
34,805,48300,4,0,2.3197,2.3197,0.5799,1000.0,2.21,1.0,normal,725.4443
34,805,48315,4,0,1.7125,1.7125,0.4281,1000.0,2.21,1.0,normal,727.1568
34,805,48330,6,0,13.26,13.26,2.21,1000.0,2.21,1.0,normal,740.4168
34,805,48345,2,0,4.42,4.42,2.21,1000.0,2.21,1.0,normal,744.8368
34,806,48360,6,1,11.057,11.057,1.8428,1000.0,2.21,1.0,normal,755.8938
34,806,48375,2,0,4.42,4.42,2.21,1000.0,2.21,1.0,normal,760.3138
34,806,48390,6,0,13.26,13.26,2.21,1000.0,2.21,1.0,normal,773.5738
34,806,48405,8,1,17.68,17.68,2.21,1000.0,2.21,1.0,normal,791.2538
34,807,48420,3,0,6.63,6.63,2.21,1000.0,2.21,1.0,normal,797.8838
34,807,48435,0,0,0.0,0.0,1.5715,1000.0,2.21,1.0,normal,797.8838
34,807,48450,8,0,10.9543,10.9543,1.3693,1000.0,2.21,1.0,normal,808.8381
34,807,48465,7,0,15.47,15.47,2.21,1000.0,2.21,1.0,normal,824.3081
34,808,48480,4,0,7.96,7.96,1.99,1000.0,1.99,1.0,normal,832.2681
34,808,48495,10,1,3.3594,3.3594,0.3359,1000.0,1.99,1.0,normal,835.6275
34,808,48510,4,0,7.96,7.96,1.99,1000.0,1.99,1.0,normal,843.5875
34,808,48525,7,0,1.8552,1.8552,0.265,1000.0,1.99,1.0,normal,845.4427
34,809,48540,4,0,3.6872,3.6872,0.9218,1000.0,1.99,1.0,normal,849.1299
34,809,48555,4,0,7.96,7.96,1.99,1000.0,1.99,1.0,normal,857.0899
34,809,48570,1,0,0.0861,0.0861,0.0861,1000.0,1.99,1.0,normal,857.176
34,809,48585,10,1,19.9,19.9,1.99,1000.0,1.99,1.0,normal,877.076
34,810,48600,2,0,3.4599,3.4599,1.7299,1000.0,1.99,1.0,normal,880.5359
34,810,48615,3,0,5.97,5.97,1.99,1000.0,1.99,1.0,normal,886.5059
34,810,48630,4,0,0.1849,0.1849,0.0462,1000.0,1.99,1.0,normal,886.6908
34,810,48645,2,0,3.0992,3.0992,1.5496,1000.0,1.99,1.0,normal,889.79
34,811,48660,5,0,9.95,9.95,1.99,1000.0,1.99,1.0,normal,899.74
34,811,48675,5,0,9.95,9.95,1.99,1000.0,1.99,1.0,budget_constrained,909.69
34,811,48690,6,0,4.4713,4.4713,0.7452,1000.0,1.99,1.0,budget_constrained,914.1613
34,811,48705,4,0,7.96,7.96,1.99,1000.0,1.99,1.0,budget_constrained,922.1213
34,812,48720,4,0,7.16,7.16,1.79,1000.0,1.79,1.0,budget_constrained,929.2813
34,812,48735,2,0,2.5304,2.5304,1.2652,1000.0,1.79,1.0,budget_constrained,931.8117
34,812,48750,2,1,0.5416,0.5416,0.2708,1000.0,1.79,1.0,budget_constrained,932.3533
34,812,48765,7,0,9.2001,9.2001,1.3143,1000.0,1.79,1.0,budget_constrained,941.5534
34,813,48780,4,0,5.8846,5.8846,1.4711,1000.0,1.79,1.0,budget_constrained,947.438
34,813,48795,4,0,7.16,7.16,1.79,1000.0,1.79,1.0,budget_constrained,954.598
34,813,48810,6,0,5.5941,5.5941,0.9324,1000.0,1.79,1.0,budget_constrained,960.1921
34,813,48825,3,0,3.8887,3.8887,1.2962,1000.0,1.79,1.0,budget_constrained,964.0808
34,814,48840,10,0,10.5576,10.5576,1.0558,1000.0,1.79,1.0,budget_constrained,974.6384
34,814,48855,1,0,1.79,1.79,1.79,1000.0,1.79,1.0,budget_constrained,976.4284
34,814,48870,4,0,7.16,7.16,1.79,1000.0,1.79,1.0,budget_constrained,983.5884
34,814,48885,2,0,0.7419,0.7419,0.3709,1000.0,1.79,1.0,budget_constrained,984.3303
34,815,48900,4,0,7.16,7.16,1.79,1000.0,1.79,1.0,budget_constrained,991.4903
34,815,48915,0,0,0.0,0.0,1.79,1000.0,1.79,1.0,budget_constrained,991.4903
34,815,48930,4,0,0.3389,0.3389,0.0847,1000.0,1.79,1.0,budget_constrained,991.8292
34,815,48945,4,0,8.1708,8.1708,1.79,1000.0,1.79,1.0,budget_constrained,1000.0
35,816,48960,0,0,0.0,0.0,1.7951,1000.0,2.0,1.0,normal,0.0
35,816,48975,4,0,8.0,8.0,2.0,1000.0,2.0,1.0,normal,8.0
35,816,48990,7,0,13.1245,13.1245,1.8749,1000.0,2.0,1.0,normal,21.1245
35,816,49005,3,0,6.0,6.0,2.0,1000.0,2.0,1.0,normal,27.1245
35,817,49020,6,0,12.0,12.0,2.0,1000.0,2.0,1.0,normal,39.1245
35,817,49035,5,0,10.0,10.0,2.0,1000.0,2.0,1.0,normal,49.1245
35,817,49050,8,0,12.2805,12.2805,1.5351,1000.0,2.0,1.0,normal,61.405
35,817,49065,6,0,11.4532,11.4532,1.9089,1000.0,2.0,1.0,normal,72.8582
35,818,49080,4,0,8.0,8.0,2.0,1000.0,2.0,1.0,normal,80.8582
35,818,49095,4,0,8.0,8.0,2.0,1000.0,2.0,1.0,normal,88.8582
35,818,49110,6,0,12.0,12.0,2.0,1000.0,2.0,1.0,normal,100.8582
35,818,49125,1,0,2.0,2.0,2.0,1000.0,2.0,1.0,normal,102.8582
35,819,49140,4,0,8.0,8.0,2.0,1000.0,2.0,1.0,normal,110.8582
35,819,49155,3,0,6.0,6.0,2.0,1000.0,2.0,1.0,normal,116.8582
35,819,49170,12,0,13.3448,13.3448,1.1121,1000.0,2.0,1.0,normal,130.203
35,819,49185,5,0,10.0,10.0,2.0,1000.0,2.0,1.0,normal,140.203
35,820,49200,2,0,0.2306,0.2306,0.1153,1000.0,2.24,1.0,normal,140.4336
35,820,49215,2,0,1.5492,1.5492,0.7746,1000.0,2.24,1.0,normal,141.9828
35,820,49230,2,0,4.48,4.48,2.24,1000.0,2.24,1.0,normal,146.4628
35,820,49245,10,0,19.6012,19.6012,1.9601,1000.0,2.24,1.0,normal,166.064
35,821,49260,5,0,11.2,11.2,2.24,1000.0,2.24,1.0,normal,177.264
35,821,49275,5,0,11.2,11.2,2.24,1000.0,2.24,1.0,normal,188.464
35,821,49290,4,0,0.9413,0.9413,0.2353,1000.0,2.24,1.0,normal,189.4053
35,821,49305,8,0,17.92,17.92,2.24,1000.0,2.24,1.0,normal,207.3253
35,822,49320,5,0,8.9813,8.9813,1.7963,1000.0,2.24,1.0,normal,216.3066
35,822,49335,4,0,6.8129,6.8129,1.7032,1000.0,2.24,1.0,normal,223.1195
35,822,49350,6,1,13.44,13.44,2.24,1000.0,2.24,1.0,normal,236.5595
35,822,49365,7,0,1.4597,1.4597,0.2085,1000.0,2.24,1.0,normal,238.0192
35,823,49380,7,0,15.68,15.68,2.24,1000.0,2.24,1.0,normal,253.6992
35,823,49395,7,0,8.0604,8.0604,1.1515,1000.0,2.24,1.0,normal,261.7596
35,823,49410,6,0,13.44,13.44,2.24,1000.0,2.24,1.0,normal,275.1996
35,823,49425,7,0,7.5562,7.5562,1.0795,1000.0,2.24,1.0,normal,282.7558
35,824,49440,0,0,0.0,0.0,0.01,1000.0,0.01,1.0,normal,282.7558
35,824,49455,0,0,0.0,0.0,0.01,1000.0,0.01,1.0,normal,282.7558
35,824,49470,0,0,0.0,0.0,0.01,1000.0,0.01,1.0,normal,282.7558
35,824,49485,0,0,0.0,0.0,0.01,1000.0,0.01,1.0,normal,282.7558
35,825,49500,0,0,0.0,0.0,0.01,1000.0,0.01,1.0,normal,282.7558
35,825,49515,0,0,0.0,0.0,0.01,1000.0,0.01,1.0,normal,282.7558
35,825,49530,0,0,0.0,0.0,0.01,1000.0,0.01,1.0,normal,282.7558
35,825,49545,0,0,0.0,0.0,0.01,1000.0,0.01,1.0,normal,282.7558
35,826,49560,1,0,0.01,0.01,0.01,1000.0,0.01,1.0,normal,282.7658
35,826,49575,0,0,0.0,0.0,0.01,1000.0,0.01,1.0,normal,282.7658
35,826,49590,0,0,0.0,0.0,0.01,1000.0,0.01,1.0,normal,282.7658
35,826,49605,0,0,0.0,0.0,0.01,1000.0,0.01,1.0,normal,282.7658
35,827,49620,0,0,0.0,0.0,0.01,1000.0,0.01,1.0,normal,282.7658
35,827,49635,0,0,0.0,0.0,0.01,1000.0,0.01,1.0,normal,282.7658
35,827,49650,0,0,0.0,0.0,0.01,1000.0,0.01,1.0,normal,282.7658
35,827,49665,0,0,0.0,0.0,0.01,1000.0,0.01,1.0,normal,282.7658
35,828,49680,9,1,10.0138,10.0138,1.1126,1000.0,4.2,1.0,normal,292.7796
35,828,49695,13,0,3.5044,3.5044,0.2696,1000.0,4.2,1.0,normal,296.284
35,828,49710,15,0,44.1916,44.1916,2.9461,1000.0,4.2,1.0,normal,340.4756
35,828,49725,15,1,24.39,24.39,1.626,1000.0,4.2,1.0,normal,364.8656
35,829,49740,11,0,9.2056,9.2056,0.8369,1000.0,4.2,1.0,normal,374.0712
35,829,49755,9,0,28.0734,28.0734,3.1193,1000.0,4.2,1.0,normal,402.1446
35,829,49770,15,1,63.0,63.0,4.2,1000.0,4.2,1.0,normal,465.1446
35,829,49785,10,0,37.9437,37.9437,3.7944,1000.0,4.2,1.0,normal,503.0883
35,830,49800,10,1,42.0,42.0,4.2,1000.0,4.2,1.0,normal,545.0883
35,830,49815,11,0,33.7987,33.7987,3.0726,1000.0,4.2,1.0,normal,578.887
35,830,49830,13,0,54.6,54.6,4.2,1000.0,4.2,1.0,normal,633.487
35,830,49845,7,0,12.6415,12.6415,1.8059,1000.0,4.2,1.0,normal,646.1285
35,831,49860,9,0,37.8,37.8,4.2,1000.0,4.2,1.0,normal,683.9285
35,831,49875,11,0,46.2,46.2,4.2,1000.0,4.2,1.0,normal,730.1285
35,831,49890,10,0,15.7987,15.7987,1.5799,1000.0,4.2,1.0,normal,745.9272
35,831,49905,7,0,12.2766,12.2766,1.7538,1000.0,4.2,1.0,normal,758.2038
35,832,49920,0,0,0.0,0.0,0.01,1000.0,0.01,1.0,normal,758.2038
35,832,49935,0,0,0.0,0.0,0.01,1000.0,0.01,1.0,normal,758.2038
35,832,49950,0,0,0.0,0.0,0.01,1000.0,0.01,1.0,normal,758.2038
35,832,49965,0,0,0.0,0.0,0.01,1000.0,0.01,1.0,normal,758.2038
35,833,49980,0,0,0.0,0.0,0.01,1000.0,0.01,1.0,normal,758.2038
35,833,49995,0,0,0.0,0.0,0.01,1000.0,0.01,1.0,normal,758.2038
35,833,50010,0,0,0.0,0.0,0.01,1000.0,0.01,1.0,normal,758.2038
35,833,50025,0,0,0.0,0.0,0.01,1000.0,0.01,1.0,normal,758.2038
35,834,50040,0,0,0.0,0.0,0.01,1000.0,0.01,1.0,normal,758.2038
35,834,50055,0,0,0.0,0.0,0.01,1000.0,0.01,1.0,normal,758.2038
35,834,50070,0,0,0.0,0.0,0.01,1000.0,0.01,1.0,normal,758.2038
35,834,50085,0,0,0.0,0.0,0.01,1000.0,0.01,1.0,normal,758.2038
35,835,50100,0,0,0.0,0.0,0.01,1000.0,0.01,1.0,normal,758.2038
35,835,50115,0,0,0.0,0.0,0.01,1000.0,0.01,1.0,normal,758.2038
35,835,50130,0,0,0.0,0.0,0.01,1000.0,0.01,1.0,normal,758.2038
35,835,50145,0,0,0.0,0.0,0.01,1000.0,0.01,1.0,normal,758.2038
35,836,50160,0,0,0.0,0.0,0.1919,1000.0,0.5,1.0,normal,758.2038
35,836,50175,1,0,0.5,0.5,0.5,1000.0,0.5,1.0,normal,758.7038
35,836,50190,1,0,0.5,0.5,0.5,1000.0,0.5,1.0,normal,759.2038
35,836,50205,5,0,2.5,2.5,0.5,1000.0,0.5,1.0,normal,761.7038
35,837,50220,0,0,0.0,0.0,0.5,1000.0,0.5,1.0,normal,761.7038
35,837,50235,0,0,0.0,0.0,0.4368,1000.0,0.5,1.0,normal,761.7038
35,837,50250,2,0,1.0,1.0,0.5,1000.0,0.5,1.0,normal,762.7038
35,837,50265,0,0,0.0,0.0,0.5,1000.0,0.5,1.0,normal,762.7038
35,838,50280,1,0,0.3724,0.3724,0.3724,1000.0,0.5,1.0,normal,763.0762
35,838,50295,2,0,1.0,1.0,0.5,1000.0,0.5,1.0,normal,764.0762
35,838,50310,1,0,0.5,0.5,0.5,1000.0,0.5,1.0,normal,764.5762
35,838,50325,2,0,1.0,1.0,0.5,1000.0,0.5,1.0,normal,765.5762
35,839,50340,1,0,0.5,0.5,0.5,1000.0,0.5,1.0,normal,766.0762
35,839,50355,1,0,0.5,0.5,0.5,1000.0,0.5,1.0,normal,766.5762
35,839,50370,2,0,1.0,1.0,0.5,1000.0,0.5,1.0,normal,767.5762
35,839,50385,3,0,0.6401,0.6401,0.2134,1000.0,0.5,1.0,normal,768.2163
36,840,50400,0,0,0.0,0.0,0.0076,700.0,0.5,1.0,normal,0.0
36,840,50415,2,0,1.0,1.0,0.5,700.0,0.5,1.0,normal,1.0
36,840,50430,2,0,1.0,1.0,0.5,700.0,0.5,1.0,normal,2.0
36,840,50445,1,0,0.5,0.5,0.5,700.0,0.5,1.0,normal,2.5
36,841,50460,1,0,0.5,0.5,0.5,700.0,0.5,1.0,normal,3.0
36,841,50475,1,0,0.5,0.5,0.5,700.0,0.5,1.0,normal,3.5
36,841,50490,1,0,0.5,0.5,0.5,700.0,0.5,1.0,normal,4.0
36,841,50505,0,0,0.0,0.0,0.2413,700.0,0.5,1.0,normal,4.0
36,842,50520,1,0,0.5,0.5,0.5,700.0,0.5,1.0,normal,4.5
36,842,50535,3,0,1.5,1.5,0.5,700.0,0.5,1.0,normal,6.0
36,842,50550,1,0,0.5,0.5,0.5,700.0,0.5,1.0,normal,6.5
36,842,50565,2,0,1.0,1.0,0.5,700.0,0.5,1.0,normal,7.5
36,843,50580,4,0,0.249,0.249,0.0623,700.0,0.5,1.0,normal,7.749
36,843,50595,2,0,1.0,1.0,0.5,700.0,0.5,1.0,normal,8.749
36,843,50610,1,0,0.1266,0.1266,0.1266,700.0,0.5,1.0,normal,8.8756
36,843,50625,0,0,0.0,0.0,0.5,700.0,0.5,1.0,normal,8.8756
36,844,50640,0,0,0.0,0.0,0.5,700.0,0.5,1.0,normal,8.8756
36,844,50655,2,0,1.0,1.0,0.5,700.0,0.5,1.0,normal,9.8756
36,844,50670,2,0,1.0,1.0,0.5,700.0,0.5,1.0,normal,10.8756
36,844,50685,0,0,0.0,0.0,0.5,700.0,0.5,1.0,normal,10.8756
36,845,50700,2,0,0.9685,0.9685,0.4843,700.0,0.5,1.0,normal,11.8441
36,845,50715,1,0,0.4875,0.4875,0.4875,700.0,0.5,1.0,normal,12.3316
36,845,50730,2,0,1.0,1.0,0.5,700.0,0.5,1.0,normal,13.3316
36,845,50745,0,0,0.0,0.0,0.5,700.0,0.5,1.0,normal,13.3316
36,846,50760,2,0,1.0,1.0,0.5,700.0,0.5,1.0,normal,14.3316
36,846,50775,1,0,0.5,0.5,0.5,700.0,0.5,1.0,normal,14.8316
36,846,50790,0,0,0.0,0.0,0.5,700.0,0.5,1.0,normal,14.8316
36,846,50805,2,0,1.0,1.0,0.5,700.0,0.5,1.0,normal,15.8316
36,847,50820,1,0,0.5,0.5,0.5,700.0,0.5,1.0,normal,16.3316
36,847,50835,0,0,0.0,0.0,0.5,700.0,0.5,1.0,normal,16.3316
36,847,50850,1,0,0.0939,0.0939,0.0939,700.0,0.5,1.0,normal,16.4255
36,847,50865,1,0,0.5,0.5,0.5,700.0,0.5,1.0,normal,16.9255
36,848,50880,3,0,1.5,1.5,0.5,700.0,0.5,1.0,normal,18.4255
36,848,50895,2,0,1.0,1.0,0.5,700.0,0.5,1.0,normal,19.4255
36,848,50910,3,0,1.5,1.5,0.5,700.0,0.5,1.0,normal,20.9255
36,848,50925,2,0,1.0,1.0,0.5,700.0,0.5,1.0,normal,21.9255
36,849,50940,2,0,0.7353,0.7353,0.3676,700.0,0.5,1.0,normal,22.6608
36,849,50955,1,0,0.5,0.5,0.5,700.0,0.5,1.0,normal,23.1608
36,849,50970,2,0,1.0,1.0,0.5,700.0,0.5,1.0,normal,24.1608
36,849,50985,1,0,0.5,0.5,0.5,700.0,0.5,1.0,normal,24.6608
36,850,51000,1,0,0.5,0.5,0.5,700.0,0.5,1.0,normal,25.1608
36,850,51015,2,0,1.0,1.0,0.5,700.0,0.5,1.0,normal,26.1608
36,850,51030,3,0,1.5,1.5,0.5,700.0,0.5,1.0,normal,27.6608
36,850,51045,1,0,0.5,0.5,0.5,700.0,0.5,1.0,normal,28.1608
36,851,51060,0,0,0.0,0.0,0.3846,700.0,0.5,1.0,normal,28.1608
36,851,51075,1,0,0.5,0.5,0.5,700.0,0.5,1.0,normal,28.6608
36,851,51090,0,0,0.0,0.0,0.0468,700.0,0.5,1.0,normal,28.6608
36,851,51105,0,0,0.0,0.0,0.5,700.0,0.5,1.0,normal,28.6608
36,852,51120,2,0,0.8896,0.8896,0.4448,700.0,0.5,1.0,normal,29.5504
36,852,51135,2,0,1.0,1.0,0.5,700.0,0.5,1.0,normal,30.5504
36,852,51150,2,0,1.0,1.0,0.5,700.0,0.5,1.0,normal,31.5504
36,852,51165,1,0,0.5,0.5,0.5,700.0,0.5,1.0,normal,32.0504
36,853,51180,2,0,1.0,1.0,0.5,700.0,0.5,1.0,normal,33.0504
36,853,51195,3,0,1.5,1.5,0.5,700.0,0.5,1.0,normal,34.5504
36,853,51210,0,0,0.0,0.0,0.5,700.0,0.5,1.0,normal,34.5504
36,853,51225,1,0,0.5,0.5,0.5,700.0,0.5,1.0,normal,35.0504
36,854,51240,1,1,0.5,0.5,0.5,700.0,0.5,1.0,normal,35.5504
36,854,51255,3,0,1.5,1.5,0.5,700.0,0.5,1.0,normal,37.0504
36,854,51270,1,0,0.5,0.5,0.5,700.0,0.5,1.0,normal,37.5504
36,854,51285,1,0,0.5,0.5,0.5,700.0,0.5,1.0,normal,38.0504
36,855,51300,0,0,0.0,0.0,0.5,700.0,0.5,1.0,normal,38.0504
36,855,51315,3,1,1.5,1.5,0.5,700.0,0.5,1.0,normal,39.5504
36,855,51330,3,0,1.5,1.5,0.5,700.0,0.5,1.0,normal,41.0504
36,855,51345,1,0,0.5,0.5,0.5,700.0,0.5,1.0,normal,41.5504
36,856,51360,2,0,0.3877,0.3877,0.1938,700.0,0.56,1.0,normal,41.9381
36,856,51375,1,0,0.56,0.56,0.56,700.0,0.56,1.0,normal,42.4981
36,856,51390,1,0,0.3345,0.3345,0.3345,700.0,0.56,1.0,normal,42.8326
36,856,51405,1,0,0.56,0.56,0.56,700.0,0.56,1.0,normal,43.3926
36,857,51420,2,0,1.12,1.12,0.56,700.0,0.56,1.0,normal,44.5126
36,857,51435,0,0,0.0,0.0,0.56,700.0,0.56,1.0,normal,44.5126
36,857,51450,3,0,1.68,1.68,0.56,700.0,0.56,1.0,normal,46.1926
36,857,51465,0,0,0.0,0.0,0.56,700.0,0.56,1.0,normal,46.1926
36,858,51480,1,0,0.56,0.56,0.56,700.0,0.56,1.0,normal,46.7526
36,858,51495,2,0,1.12,1.12,0.56,700.0,0.56,1.0,normal,47.8726
36,858,51510,0,0,0.0,0.0,0.56,700.0,0.56,1.0,normal,47.8726
36,858,51525,1,0,0.56,0.56,0.56,700.0,0.56,1.0,normal,48.4326
36,859,51540,1,0,0.56,0.56,0.56,700.0,0.56,1.0,normal,48.9926
36,859,51555,3,0,1.68,1.68,0.56,700.0,0.56,1.0,normal,50.6726
36,859,51570,0,0,0.0,0.0,0.56,700.0,0.56,1.0,normal,50.6726
36,859,51585,2,0,1.12,1.12,0.56,700.0,0.56,1.0,normal,51.7926
36,860,51600,2,0,1.26,1.26,0.63,700.0,0.63,1.0,normal,53.0526
36,860,51615,1,0,0.5463,0.5463,0.5463,700.0,0.63,1.0,normal,53.5989
36,860,51630,0,0,0.0,0.0,0.4364,700.0,0.63,1.0,normal,53.5989
36,860,51645,3,0,0.051,0.051,0.017,700.0,0.63,1.0,normal,53.6499
36,861,51660,4,0,2.52,2.52,0.63,700.0,0.63,1.0,normal,56.1699
36,861,51675,0,0,0.0,0.0,0.63,700.0,0.63,1.0,normal,56.1699
36,861,51690,0,0,0.0,0.0,0.63,700.0,0.63,1.0,normal,56.1699
36,861,51705,1,0,0.63,0.63,0.63,700.0,0.63,1.0,normal,56.7999
36,862,51720,2,0,1.26,1.26,0.63,700.0,0.63,1.0,normal,58.0599
36,862,51735,0,0,0.0,0.0,0.63,700.0,0.63,1.0,normal,58.0599
36,862,51750,2,1,0.3727,0.3727,0.1863,700.0,0.63,1.0,normal,58.4326
36,862,51765,6,0,3.78,3.78,0.63,700.0,0.63,1.0,normal,62.2126
36,863,51780,3,0,1.3504,1.3504,0.4501,700.0,0.63,1.0,normal,63.563
36,863,51795,1,0,0.63,0.63,0.63,700.0,0.63,1.0,normal,64.193
36,863,51810,2,0,1.26,1.26,0.63,700.0,0.63,1.0,normal,65.453
36,863,51825,0,0,0.0,0.0,0.63,700.0,0.63,1.0,normal,65.453
37,864,51840,3,0,1.9703,1.9703,0.6568,700.0,0.71,1.0,normal,1.9703
37,864,51855,1,0,0.3163,0.3163,0.3163,700.0,0.71,1.0,normal,2.2866
37,864,51870,2,0,0.8723,0.8723,0.4362,700.0,0.71,1.0,normal,3.1589
37,864,51885,3,0,2.13,2.13,0.71,700.0,0.71,1.0,normal,5.2889
37,865,51900,0,0,0.0,0.0,0.0548,700.0,0.71,1.0,normal,5.2889
37,865,51915,1,0,0.71,0.71,0.71,700.0,0.71,1.0,normal,5.9989
37,865,51930,2,0,1.42,1.42,0.71,700.0,0.71,1.0,normal,7.4189
37,865,51945,0,0,0.0,0.0,0.71,700.0,0.71,1.0,normal,7.4189
37,866,51960,1,0,0.71,0.71,0.71,700.0,0.71,1.0,normal,8.1289
37,866,51975,1,0,0.71,0.71,0.71,700.0,0.71,1.0,normal,8.8389
37,866,51990,0,0,0.0,0.0,0.71,700.0,0.71,1.0,normal,8.8389
37,866,52005,4,0,2.1642,2.1642,0.541,700.0,0.71,1.0,normal,11.0031
37,867,52020,4,0,1.5531,1.5531,0.3883,700.0,0.71,1.0,normal,12.5562
37,867,52035,5,0,2.1088,2.1088,0.4218,700.0,0.71,1.0,normal,14.665
37,867,52050,1,0,0.71,0.71,0.71,700.0,0.71,1.0,normal,15.375
37,867,52065,3,0,2.13,2.13,0.71,700.0,0.71,1.0,normal,17.505
37,868,52080,2,1,1.6,1.6,0.8,700.0,0.8,1.0,normal,19.105
37,868,52095,1,0,0.8,0.8,0.8,700.0,0.8,1.0,normal,19.905
37,868,52110,2,0,1.6,1.6,0.8,700.0,0.8,1.0,normal,21.505
37,868,52125,0,0,0.0,0.0,0.8,700.0,0.8,1.0,normal,21.505
37,869,52140,1,0,0.8,0.8,0.8,700.0,0.8,1.0,normal,22.305
37,869,52155,1,1,0.6442,0.6442,0.6442,700.0,0.8,1.0,normal,22.9492
37,869,52170,2,0,1.6,1.6,0.8,700.0,0.8,1.0,normal,24.5492
37,869,52185,3,0,0.1346,0.1346,0.0449,700.0,0.8,1.0,normal,24.6838
37,870,52200,1,0,0.8,0.8,0.8,700.0,0.8,1.0,normal,25.4838
37,870,52215,1,0,0.8,0.8,0.8,700.0,0.8,1.0,normal,26.2838
37,870,52230,1,0,0.8,0.8,0.8,700.0,0.8,1.0,normal,27.0838
37,870,52245,0,0,0.0,0.0,0.8,700.0,0.8,1.0,normal,27.0838
37,871,52260,1,0,0.7309,0.7309,0.7309,700.0,0.8,1.0,normal,27.8147
37,871,52275,6,0,4.8,4.8,0.8,700.0,0.8,1.0,normal,32.6147
37,871,52290,2,0,1.6,1.6,0.8,700.0,0.8,1.0,normal,34.2147
37,871,52305,0,0,0.0,0.0,0.8,700.0,0.8,1.0,normal,34.2147
37,872,52320,3,0,0.6373,0.6373,0.2124,700.0,0.9,1.0,normal,34.852
37,872,52335,2,0,1.8,1.8,0.9,700.0,0.9,1.0,normal,36.652
37,872,52350,2,0,0.4623,0.4623,0.2311,700.0,0.9,1.0,normal,37.1143
37,872,52365,2,0,1.8,1.8,0.9,700.0,0.9,1.0,normal,38.9143
37,873,52380,3,0,1.9332,1.9332,0.6444,700.0,0.9,1.0,normal,40.8475
37,873,52395,6,0,5.4,5.4,0.9,700.0,0.9,1.0,normal,46.2475
37,873,52410,1,0,0.9,0.9,0.9,700.0,0.9,1.0,normal,47.1475
37,873,52425,1,0,0.0498,0.0498,0.0498,700.0,0.9,1.0,normal,47.1973
37,874,52440,1,0,0.9,0.9,0.9,700.0,0.9,1.0,normal,48.0973
37,874,52455,4,0,3.6,3.6,0.9,700.0,0.9,1.0,normal,51.6973
37,874,52470,2,1,1.8,1.8,0.9,700.0,0.9,1.0,normal,53.4973
37,874,52485,3,1,2.7,2.7,0.9,700.0,0.9,1.0,normal,56.1973
37,875,52500,4,0,3.6,3.6,0.9,700.0,0.9,1.0,normal,59.7973
37,875,52515,2,1,1.8,1.8,0.9,700.0,0.9,1.0,normal,61.5973
37,875,52530,3,0,2.7,2.7,0.9,700.0,0.9,1.0,normal,64.2973
37,875,52545,3,0,2.6478,2.6478,0.8826,700.0,0.9,1.0,normal,66.9451
37,876,52560,5,0,4.4456,4.4456,0.8891,700.0,0.99,1.0,normal,71.3907
37,876,52575,5,0,4.95,4.95,0.99,700.0,0.99,1.0,normal,76.3407
37,876,52590,1,0,0.99,0.99,0.99,700.0,0.99,1.0,normal,77.3307
37,876,52605,3,0,2.97,2.97,0.99,700.0,0.99,1.0,normal,80.3007
37,877,52620,3,0,2.97,2.97,0.99,700.0,0.99,1.0,normal,83.2707
37,877,52635,1,0,0.99,0.99,0.99,700.0,0.99,1.0,normal,84.2607
37,877,52650,3,0,2.97,2.97,0.99,700.0,0.99,1.0,normal,87.2307
37,877,52665,2,0,1.98,1.98,0.99,700.0,0.99,1.0,normal,89.2107
37,878,52680,6,0,5.94,5.94,0.99,700.0,0.99,1.0,normal,95.1507
37,878,52695,1,0,0.99,0.99,0.99,700.0,0.99,1.0,normal,96.1407
37,878,52710,4,1,3.96,3.96,0.99,700.0,0.99,1.0,normal,100.1007
37,878,52725,0,0,0.0,0.0,0.99,700.0,0.99,1.0,normal,100.1007
37,879,52740,3,0,2.97,2.97,0.99,700.0,0.99,1.0,normal,103.0707
37,879,52755,3,0,2.4232,2.4232,0.8077,700.0,0.99,1.0,normal,105.4939
37,879,52770,2,0,1.98,1.98,0.99,700.0,0.99,1.0,normal,107.4739
37,879,52785,3,0,2.97,2.97,0.99,700.0,0.99,1.0,normal,110.4439
37,880,52800,5,0,1.2568,1.2568,0.2514,700.0,1.09,1.0,normal,111.7007
37,880,52815,7,0,7.63,7.63,1.09,700.0,1.09,1.0,normal,119.3307
37,880,52830,4,0,4.36,4.36,1.09,700.0,1.09,1.0,normal,123.6907
37,880,52845,2,0,2.18,2.18,1.09,700.0,1.09,1.0,normal,125.8707
37,881,52860,5,0,5.45,5.45,1.09,700.0,1.09,1.0,normal,131.3207
37,881,52875,3,0,1.3611,1.3611,0.4537,700.0,1.09,1.0,normal,132.6818
37,881,52890,1,0,1.09,1.09,1.09,700.0,1.09,1.0,normal,133.7718
37,881,52905,4,0,4.36,4.36,1.09,700.0,1.09,1.0,normal,138.1318
37,882,52920,1,1,0.3698,0.3698,0.3698,700.0,1.09,1.0,normal,138.5016
37,882,52935,3,0,3.27,3.27,1.09,700.0,1.09,1.0,normal,141.7716
37,882,52950,2,0,2.18,2.18,1.09,700.0,1.09,1.0,normal,143.9516
37,882,52965,2,0,2.18,2.18,1.09,700.0,1.09,1.0,normal,146.1316
37,883,52980,0,0,0.0,0.0,1.09,700.0,1.09,1.0,normal,146.1316
37,883,52995,5,2,5.45,2.725,1.09,700.0,1.09,1.0,normal,151.5816
37,883,53010,2,0,2.18,2.18,1.09,700.0,1.09,1.0,normal,153.7616
37,883,53025,3,0,3.27,3.27,1.09,700.0,1.09,1.0,normal,157.0316
37,884,53040,1,0,1.2,1.2,1.2,700.0,1.2,1.0,normal,158.2316
37,884,53055,2,0,2.4,2.4,1.2,700.0,1.2,1.0,normal,160.6316
37,884,53070,3,0,3.6,3.6,1.2,700.0,1.2,1.0,normal,164.2316
37,884,53085,1,0,1.2,1.2,1.2,700.0,1.2,1.0,normal,165.4316
37,885,53100,5,0,6.0,6.0,1.2,700.0,1.2,1.0,normal,171.4316
37,885,53115,3,0,3.6,3.6,1.2,700.0,1.2,1.0,normal,175.0316
37,885,53130,3,0,3.4155,3.4155,1.1385,700.0,1.2,1.0,normal,178.4471
37,885,53145,3,0,2.9809,2.9809,0.9936,700.0,1.2,1.0,normal,181.428
37,886,53160,7,0,8.0699,8.0699,1.1528,700.0,1.2,1.0,normal,189.4979
37,886,53175,3,0,3.6,3.6,1.2,700.0,1.2,1.0,normal,193.0979
37,886,53190,2,0,2.4,2.4,1.2,700.0,1.2,1.0,normal,195.4979
37,886,53205,1,0,0.2451,0.2451,0.2451,700.0,1.2,1.0,normal,195.743
37,887,53220,4,0,4.8,4.8,1.2,700.0,1.2,1.0,normal,200.543
37,887,53235,4,0,4.8,4.8,1.2,700.0,1.2,1.0,normal,205.343
37,887,53250,5,0,5.6659,5.6659,1.1332,700.0,1.2,1.0,normal,211.0089
37,887,53265,2,0,2.4,2.4,1.2,700.0,1.2,1.0,normal,213.4089
