current_day,current_hour,current_minute,clicks,leads,spend,cpa,realized_cpc,daily_budget,max_bid,volatility,budget_status,current_day_spend
8,168,10080,3,0,1.89,1.89,0.63,1000.0,0.63,1.0,normal,1.89
8,168,10095,3,0,1.89,1.89,0.63,1000.0,0.63,1.0,normal,3.78
8,168,10110,1,0,0.63,0.63,0.63,1000.0,0.63,1.0,normal,4.41
8,168,10125,1,0,0.63,0.63,0.63,1000.0,0.63,1.0,normal,5.04
8,169,10140,1,0,0.63,0.63,0.63,1000.0,0.63,1.0,normal,5.67
8,169,10155,4,0,2.52,2.52,0.63,1000.0,0.63,1.0,normal,8.19
8,169,10170,0,0,0.0,0.0,0.63,1000.0,0.63,1.0,normal,8.19
8,169,10185,1,0,0.63,0.63,0.63,1000.0,0.63,1.0,normal,8.82
8,170,10200,0,0,0.0,0.0,0.63,1000.0,0.63,1.0,normal,8.82
8,170,10215,1,0,0.63,0.63,0.63,1000.0,0.63,1.0,normal,9.45
8,170,10230,2,0,1.26,1.26,0.63,1000.0,0.63,1.0,normal,10.71
8,170,10245,1,0,0.63,0.63,0.63,1000.0,0.63,1.0,normal,11.34
8,171,10260,0,0,0.0,0.0,0.63,1000.0,0.63,1.0,normal,11.34
8,171,10275,0,0,0.0,0.0,0.63,1000.0,0.63,1.0,normal,11.34
8,171,10290,2,0,1.26,1.26,0.63,1000.0,0.63,1.0,normal,12.6
8,171,10305,3,0,1.89,1.89,0.63,1000.0,0.63,1.0,normal,14.49
8,172,10320,1,0,0.71,0.71,0.71,1000.0,0.71,1.0,normal,15.2
8,172,10335,1,0,0.71,0.71,0.71,1000.0,0.71,1.0,normal,15.91
8,172,10350,1,0,0.71,0.71,0.71,1000.0,0.71,1.0,normal,16.62
8,172,10365,0,0,0.0,0.0,0.71,1000.0,0.71,1.0,normal,16.62
8,173,10380,2,1,1.42,1.42,0.71,1000.0,0.71,1.0,normal,18.04
8,173,10395,1,0,0.71,0.71,0.71,1000.0,0.71,1.0,normal,18.75
8,173,10410,0,0,0.0,0.0,0.71,1000.0,0.71,1.0,normal,18.75
8,173,10425,1,0,0.71,0.71,0.71,1000.0,0.71,1.0,normal,19.46
8,174,10440,1,0,0.71,0.71,0.71,1000.0,0.71,1.0,normal,20.17
8,174,10455,2,0,1.42,1.42,0.71,1000.0,0.71,1.0,normal,21.59
8,174,10470,3,0,2.13,2.13,0.71,1000.0,0.71,1.0,normal,23.72
8,174,10485,2,0,1.42,1.42,0.71,1000.0,0.71,1.0,normal,25.14
8,175,10500,3,0,2.13,2.13,0.71,1000.0,0.71,1.0,normal,27.27
8,175,10515,0,0,0.0,0.0,0.71,1000.0,0.71,1.0,normal,27.27
8,175,10530,1,0,0.71,0.71,0.71,1000.0,0.71,1.0,normal,27.98
8,175,10545,1,0,0.71,0.71,0.71,1000.0,0.71,1.0,normal,28.69
8,176,10560,4,0,3.12,3.12,0.78,1000.0,0.78,1.0,normal,31.81
8,176,10575,1,0,0.78,0.78,0.78,1000.0,0.78,1.0,normal,32.59
8,176,10590,1,0,0.78,0.78,0.78,1000.0,0.78,1.0,normal,33.37
8,176,10605,1,0,0.78,0.78,0.78,1000.0,0.78,1.0,normal,34.15
8,177,10620,4,0,3.12,3.12,0.78,1000.0,0.78,1.0,normal,37.27
8,177,10635,2,0,1.56,1.56,0.78,1000.0,0.78,1.0,normal,38.83
8,177,10650,2,0,1.56,1.56,0.78,1000.0,0.78,1.0,normal,40.39
8,177,10665,0,0,0.0,0.0,0.78,1000.0,0.78,1.0,normal,40.39
8,178,10680,2,0,1.56,1.56,0.78,1000.0,0.78,1.0,normal,41.95
8,178,10695,2,0,1.56,1.56,0.78,1000.0,0.78,1.0,normal,43.51
8,178,10710,1,0,0.78,0.78,0.78,1000.0,0.78,1.0,normal,44.29
8,178,10725,0,0,0.0,0.0,0.78,1000.0,0.78,1.0,normal,44.29
8,179,10740,1,0,0.78,0.78,0.78,1000.0,0.78,1.0,normal,45.07
8,179,10755,0,0,0.0,0.0,0.78,1000.0,0.78,1.0,normal,45.07
8,179,10770,1,0,0.78,0.78,0.78,1000.0,0.78,1.0,normal,45.85
8,179,10785,3,1,2.34,2.34,0.78,1000.0,0.78,1.0,normal,48.19
8,180,10800,0,0,0.0,0.0,0.87,1000.0,0.87,1.0,normal,48.19
8,180,10815,2,0,1.74,1.74,0.87,1000.0,0.87,1.0,normal,49.93
8,180,10830,1,0,0.87,0.87,0.87,1000.0,0.87,1.0,normal,50.8
8,180,10845,1,0,0.87,0.87,0.87,1000.0,0.87,1.0,normal,51.67
8,181,10860,1,0,0.87,0.87,0.87,1000.0,0.87,1.0,normal,52.54
8,181,10875,1,0,0.87,0.87,0.87,1000.0,0.87,1.0,normal,53.41
8,181,10890,3,0,2.61,2.61,0.87,1000.0,0.87,1.0,normal,56.02
8,181,10905,0,0,0.0,0.0,0.87,1000.0,0.87,1.0,normal,56.02
8,182,10920,2,0,1.74,1.74,0.87,1000.0,0.87,1.0,normal,57.76
8,182,10935,4,0,3.48,3.48,0.87,1000.0,0.87,1.0,normal,61.24
8,182,10950,1,0,0.87,0.87,0.87,1000.0,0.87,1.0,normal,62.11
8,182,10965,3,0,2.61,2.61,0.87,1000.0,0.87,1.0,normal,64.72
8,183,10980,1,0,0.87,0.87,0.87,1000.0,0.87,1.0,normal,65.59
8,183,10995,1,0,0.87,0.87,0.87,1000.0,0.87,1.0,normal,66.46
8,183,11010,1,0,0.87,0.87,0.87,1000.0,0.87,1.0,normal,67.33
8,183,11025,3,0,2.61,2.61,0.87,1000.0,0.87,1.0,normal,69.94
8,184,11040,0,0,0.0,0.0,0.01,1000.0,0.01,1.0,normal,69.94
8,184,11055,0,0,0.0,0.0,0.01,1000.0,0.01,1.0,normal,69.94
8,184,11070,0,0,0.0,0.0,0.01,1000.0,0.01,1.0,normal,69.94
8,184,11085,1,0,0.01,0.01,0.01,1000.0,0.01,1.0,normal,69.95
8,185,11100,1,0,0.01,0.01,0.01,1000.0,0.01,1.0,normal,69.96
8,185,11115,0,0,0.0,0.0,0.01,1000.0,0.01,1.0,normal,69.96
8,185,11130,0,0,0.0,0.0,0.01,1000.0,0.01,1.0,normal,69.96
8,185,11145,0,0,0.0,0.0,0.01,1000.0,0.01,1.0,normal,69.96
8,186,11160,0,0,0.0,0.0,0.01,1000.0,0.01,1.0,normal,69.96
8,186,11175,0,0,0.0,0.0,0.01,1000.0,0.01,1.0,normal,69.96
8,186,11190,0,0,0.0,0.0,0.01,1000.0,0.01,1.0,normal,69.96
8,186,11205,0,0,0.0,0.0,0.01,1000.0,0.01,1.0,normal,69.96
8,187,11220,0,0,0.0,0.0,0.01,1000.0,0.01,1.0,normal,69.96
8,187,11235,0,0,0.0,0.0,0.01,1000.0,0.01,1.0,normal,69.96
8,187,11250,0,0,0.0,0.0,0.01,1000.0,0.01,1.0,normal,69.96
8,187,11265,0,0,0.0,0.0,0.01,1000.0,0.01,1.0,normal,69.96
8,188,11280,11,0,22.6296,22.6296,2.0572,1000.0,4.2,1.0,normal,92.5896
8,188,11295,9,0,37.8,37.8,4.2,1000.0,4.2,1.0,normal,130.3896
8,188,11310,8,0,20.9397,20.9397,2.6175,1000.0,4.2,1.0,normal,151.3293
8,188,11325,13,1,54.6,54.6,4.2,1000.0,4.2,1.0,normal,205.9293
8,189,11340,16,0,65.6624,65.6624,4.1039,1000.0,4.2,1.0,normal,271.5917
8,189,11355,3,0,12.6,12.6,4.2,1000.0,4.2,1.0,normal,284.1917
8,189,11370,6,0,25.2,25.2,4.2,1000.0,4.2,1.0,normal,309.3917
8,189,11385,8,0,19.1517,19.1517,2.394,1000.0,4.2,1.0,normal,328.5434
8,190,11400,8,0,33.6,33.6,4.2,1000.0,4.2,1.0,normal,362.1434
8,190,11415,11,0,46.2,46.2,4.2,1000.0,4.2,1.0,normal,408.3434
8,190,11430,9,0,37.8,37.8,4.2,1000.0,4.2,1.0,normal,446.1434
8,190,11445,11,0,46.2,46.2,4.2,1000.0,4.2,1.0,normal,492.3434
8,191,11460,14,0,58.8,58.8,4.2,1000.0,4.2,1.0,normal,551.1434
8,191,11475,7,0,29.4,29.4,4.2,1000.0,4.2,1.0,normal,580.5434
8,191,11490,10,0,19.4651,19.4651,1.9465,1000.0,4.2,1.0,normal,600.0085
8,191,11505,15,0,63.0,63.0,4.2,1000.0,4.2,1.0,normal,663.0085
9,192,11520,7,0,8.4588,8.4588,1.2084,1000.0,3.36,1.0,normal,8.4588
9,192,11535,9,1,28.0173,28.0173,3.113,1000.0,3.36,1.0,normal,36.4761
9,192,11550,10,1,33.6,33.6,3.36,1000.0,3.36,1.0,normal,70.0761
9,192,11565,7,0,15.0256,15.0256,2.1465,1000.0,3.36,1.0,normal,85.1017
9,193,11580,5,0,16.8,16.8,3.36,1000.0,3.36,1.0,normal,101.9017
9,193,11595,7,0,9.1765,9.1765,1.3109,1000.0,3.36,1.0,normal,111.0782
9,193,11610,16,0,53.76,53.76,3.36,1000.0,3.36,1.0,normal,164.8382
9,193,11625,6,0,12.2958,12.2958,2.0493,1000.0,3.36,1.0,normal,177.134
9,194,11640,6,0,20.16,20.16,3.36,1000.0,3.36,1.0,normal,197.294
9,194,11655,10,0,13.6523,13.6523,1.3652,1000.0,3.36,1.0,normal,210.9463
9,194,11670,11,0,36.96,36.96,3.36,1000.0,3.36,1.0,normal,247.9063
9,194,11685,17,1,57.12,57.12,3.36,1000.0,3.36,1.0,normal,305.0263
9,195,11700,5,0,11.2673,11.2673,2.2535,1000.0,3.36,1.0,normal,316.2936
9,195,11715,5,0,7.9435,7.9435,1.5887,1000.0,3.36,1.0,normal,324.2371
9,195,11730,2,0,6.72,6.72,3.36,1000.0,3.36,1.0,normal,330.9571
9,195,11745,11,1,23.7135,23.7135,2.1558,1000.0,3.36,1.0,normal,354.6706
9,196,11760,5,0,13.45,13.45,2.69,1000.0,2.69,1.0,normal,368.1206
9,196,11775,8,0,8.9563,8.9563,1.1195,1000.0,2.69,1.0,normal,377.0769
9,196,11790,8,1,16.2211,16.2211,2.0276,1000.0,2.69,1.0,normal,393.298
9,196,11805,7,0,12.8984,12.8984,1.8426,1000.0,2.69,1.0,normal,406.1964
9,197,11820,8,0,21.52,21.52,2.69,1000.0,2.69,1.0,normal,427.7164
9,197,11835,5,0,7.6072,7.6072,1.5214,1000.0,2.69,1.0,normal,435.3236
9,197,11850,4,0,5.4074,5.4074,1.3518,1000.0,2.69,1.0,normal,440.731
9,197,11865,6,0,7.3107,7.3107,1.2185,1000.0,2.69,1.0,normal,448.0417
9,198,11880,4,0,4.2474,4.2474,1.0618,1000.0,2.69,1.0,normal,452.2891
9,198,11895,8,0,9.1504,9.1504,1.1438,1000.0,2.69,1.0,normal,461.4395
9,198,11910,4,0,9.1281,9.1281,2.282,1000.0,2.69,1.0,normal,470.5676
9,198,11925,6,0,11.5125,11.5125,1.9187,1000.0,2.69,1.0,normal,482.0801
9,199,11940,4,0,10.76,10.76,2.69,1000.0,2.69,1.0,normal,492.8401
9,199,11955,8,0,21.52,21.52,2.69,1000.0,2.69,1.0,normal,514.3601
9,199,11970,5,0,13.45,13.45,2.69,1000.0,2.69,1.0,normal,527.8101
9,199,11985,10,1,18.5955,18.5955,1.8595,1000.0,2.69,1.0,normal,546.4056
9,200,12000,9,0,11.9953,11.9953,1.3328,1000.0,2.15,1.0,normal,558.4009
9,200,12015,3,0,6.45,6.45,2.15,1000.0,2.15,1.0,normal,564.8509
9,200,12030,8,0,14.3768,14.3768,1.7971,1000.0,2.15,1.0,normal,579.2277
9,200,12045,4,0,8.6,8.6,2.15,1000.0,2.15,1.0,normal,587.8277
9,201,12060,8,0,17.2,17.2,2.15,1000.0,2.15,1.0,normal,605.0277
9,201,12075,4,0,8.6,8.6,2.15,1000.0,2.15,1.0,normal,613.6277
9,201,12090,4,1,6.4942,6.4942,1.6235,1000.0,2.15,1.0,normal,620.1219
9,201,12105,6,0,12.9,12.9,2.15,1000.0,2.15,1.0,normal,633.0219
9,202,12120,5,0,10.75,10.75,2.15,1000.0,2.15,1.0,normal,643.7719
9,202,12135,9,0,19.35,19.35,2.15,1000.0,2.15,1.0,normal,663.1219
9,202,12150,3,0,6.45,6.45,2.15,1000.0,2.15,1.0,normal,669.5719
9,202,12165,1,0,2.15,2.15,2.15,1000.0,2.15,1.0,normal,671.7219
9,203,12180,8,0,10.5173,10.5173,1.3147,1000.0,2.15,1.0,normal,682.2392
9,203,12195,3,1,4.4931,4.4931,1.4977,1000.0,2.15,1.0,normal,686.7323
9,203,12210,7,0,15.05,15.05,2.15,1000.0,2.15,1.0,normal,701.7823
9,203,12225,6,0,12.9,12.9,2.15,1000.0,2.15,1.0,normal,714.6823
9,204,12240,3,0,5.16,5.16,1.72,1000.0,1.72,1.0,normal,719.8423
9,204,12255,2,0,3.44,3.44,1.72,1000.0,1.72,1.0,normal,723.2823
9,204,12270,3,0,5.16,5.16,1.72,1000.0,1.72,1.0,normal,728.4423
9,204,12285,5,0,7.5944,7.5944,1.5189,1000.0,1.72,1.0,normal,736.0367
9,205,12300,4,0,6.88,6.88,1.72,1000.0,1.72,1.0,normal,742.9167
9,205,12315,4,0,6.88,6.88,1.72,1000.0,1.72,1.0,normal,749.7967
9,205,12330,4,0,4.4682,4.4682,1.1171,1000.0,1.72,1.0,normal,754.2649
9,205,12345,5,0,8.6,8.6,1.72,1000.0,1.72,1.0,normal,762.8649
9,206,12360,7,0,12.04,12.04,1.72,1000.0,1.72,1.0,normal,774.9049
9,206,12375,3,0,4.0368,4.0368,1.3456,1000.0,1.72,1.0,normal,778.9417
9,206,12390,0,0,0.0,0.0,1.72,1000.0,1.72,1.0,normal,778.9417
9,206,12405,5,1,7.8927,7.8927,1.5785,1000.0,1.72,1.0,normal,786.8344
9,207,12420,7,0,7.5511,7.5511,1.0787,1000.0,1.72,1.0,normal,794.3855
9,207,12435,6,0,10.32,10.32,1.72,1000.0,1.72,1.0,normal,804.7055
9,207,12450,5,0,5.753,5.753,1.1506,1000.0,1.72,1.0,normal,810.4585
9,207,12465,6,0,10.32,10.32,1.72,1000.0,1.72,1.0,normal,820.7785
9,208,12480,5,0,6.9,6.9,1.38,1000.0,1.38,1.0,normal,827.6785
9,208,12495,5,1,5.1844,5.1844,1.0369,1000.0,1.38,1.0,normal,832.8629
9,208,12510,2,0,2.76,2.76,1.38,1000.0,1.38,1.0,normal,835.6229
9,208,12525,1,0,1.38,1.38,1.38,1000.0,1.38,1.0,normal,837.0029
9,209,12540,6,0,8.28,8.28,1.38,1000.0,1.38,1.0,normal,845.2829
9,209,12555,1,0,1.38,1.38,1.38,1000.0,1.38,1.0,normal,846.6629
9,209,12570,2,0,2.76,2.76,1.38,1000.0,1.38,1.0,normal,849.4229
9,209,12585,3,0,3.6651,3.6651,1.2217,1000.0,1.38,1.0,normal,853.088
9,210,12600,0,0,0.0,0.0,1.38,1000.0,1.38,1.0,normal,853.088
9,210,12615,5,0,6.9,6.9,1.38,1000.0,1.38,1.0,normal,859.988
9,210,12630,5,0,6.9,6.9,1.38,1000.0,1.38,1.0,normal,866.888
9,210,12645,1,0,1.1537,1.1537,1.1537,1000.0,1.38,1.0,normal,868.0417
9,211,12660,2,0,2.76,2.76,1.38,1000.0,1.38,1.0,normal,870.8017
9,211,12675,0,0,0.0,0.0,1.38,1000.0,1.38,1.0,normal,870.8017
9,211,12690,5,0,6.9,6.9,1.38,1000.0,1.38,1.0,normal,877.7017
9,211,12705,5,0,6.9,6.9,1.38,1000.0,1.38,1.0,normal,884.6017
9,212,12720,2,0,2.2,2.2,1.1,1000.0,1.1,1.0,normal,886.8017
9,212,12735,2,0,2.2,2.2,1.1,1000.0,1.1,1.0,normal,889.0017
9,212,12750,1,0,1.1,1.1,1.1,1000.0,1.1,1.0,normal,890.1017
9,212,12765,1,0,1.1,1.1,1.1,1000.0,1.1,1.0,normal,891.2017
9,213,12780,3,0,3.3,3.3,1.1,1000.0,1.1,1.0,normal,894.5017
9,213,12795,2,0,2.2,2.2,1.1,1000.0,1.1,1.0,normal,896.7017
9,213,12810,2,0,2.2,2.2,1.1,1000.0,1.1,1.0,normal,898.9017
9,213,12825,1,0,1.1,1.1,1.1,1000.0,1.1,1.0,budget_constrained,900.0017
9,214,12840,5,0,5.5,5.5,1.1,1000.0,1.1,1.0,budget_constrained,905.5017
9,214,12855,2,0,2.2,2.2,1.1,1000.0,1.1,1.0,budget_constrained,907.7017
9,214,12870,3,0,3.3,3.3,1.1,1000.0,1.1,1.0,budget_constrained,911.0017
9,214,12885,5,1,5.5,5.5,1.1,1000.0,1.1,1.0,budget_constrained,916.5017
9,215,12900,7,0,7.7,7.7,1.1,1000.0,1.1,1.0,budget_constrained,924.2017
9,215,12915,3,0,3.3,3.3,1.1,1000.0,1.1,1.0,budget_constrained,927.5017
9,215,12930,3,0,3.3,3.3,1.1,1000.0,1.1,1.0,budget_constrained,930.8017
9,215,12945,1,0,1.1,1.1,1.1,1000.0,1.1,1.0,budget_constrained,931.9017
10,216,12960,6,0,7.38,7.38,1.23,1000.0,1.23,1.0,normal,7.38
10,216,12975,4,0,4.92,4.92,1.23,1000.0,1.23,1.0,normal,12.3
10,216,12990,2,0,2.1534,2.1534,1.0767,1000.0,1.23,1.0,normal,14.4534
10,216,13005,1,0,1.23,1.23,1.23,1000.0,1.23,1.0,normal,15.6834
10,217,13020,7,0,8.61,8.61,1.23,1000.0,1.23,1.0,normal,24.2934
10,217,13035,4,0,4.2854,4.2854,1.0713,1000.0,1.23,1.0,normal,28.5788
10,217,13050,1,0,1.23,1.23,1.23,1000.0,1.23,1.0,normal,29.8088
10,217,13065,5,0,6.15,6.15,1.23,1000.0,1.23,1.0,normal,35.9588
10,218,13080,2,0,2.46,2.46,1.23,1000.0,1.23,1.0,normal,38.4188
10,218,13095,4,0,4.92,4.92,1.23,1000.0,1.23,1.0,normal,43.3388
10,218,13110,5,0,6.15,6.15,1.23,1000.0,1.23,1.0,normal,49.4888
10,218,13125,7,0,8.61,8.61,1.23,1000.0,1.23,1.0,normal,58.0988
10,219,13140,0,0,0.0,0.0,1.23,1000.0,1.23,1.0,normal,58.0988
10,219,13155,3,0,3.69,3.69,1.23,1000.0,1.23,1.0,normal,61.7888
10,219,13170,2,0,2.46,2.46,1.23,1000.0,1.23,1.0,normal,64.2488
10,219,13185,0,0,0.0,0.0,1.23,1000.0,1.23,1.0,normal,64.2488
10,220,13200,4,0,5.52,5.52,1.38,1000.0,1.38,1.0,normal,69.7688
10,220,13215,5,1,6.9,6.9,1.38,1000.0,1.38,1.0,normal,76.6688
10,220,13230,4,0,4.2667,4.2667,1.0667,1000.0,1.38,1.0,normal,80.9355
10,220,13245,6,0,8.28,8.28,1.38,1000.0,1.38,1.0,normal,89.2155
10,221,13260,5,0,6.9,6.9,1.38,1000.0,1.38,1.0,normal,96.1155
10,221,13275,2,0,2.76,2.76,1.38,1000.0,1.38,1.0,normal,98.8755
10,221,13290,3,0,3.9595,3.9595,1.3198,1000.0,1.38,1.0,normal,102.835
10,221,13305,4,1,5.52,5.52,1.38,1000.0,1.38,1.0,normal,108.355
10,222,13320,3,0,3.3426,3.3426,1.1142,1000.0,1.38,1.0,normal,111.6976
10,222,13335,4,0,5.52,5.52,1.38,1000.0,1.38,1.0,normal,117.2176
10,222,13350,2,0,2.76,2.76,1.38,1000.0,1.38,1.0,normal,119.9776
10,222,13365,2,0,2.76,2.76,1.38,1000.0,1.38,1.0,normal,122.7376
10,223,13380,3,0,4.14,4.14,1.38,1000.0,1.38,1.0,normal,126.8776
10,223,13395,2,0,2.76,2.76,1.38,1000.0,1.38,1.0,normal,129.6376
10,223,13410,3,0,4.14,4.14,1.38,1000.0,1.38,1.0,normal,133.7776
10,223,13425,3,0,4.14,4.14,1.38,1000.0,1.38,1.0,normal,137.9176
10,224,13440,3,0,3.7233,3.7233,1.2411,1000.0,1.55,1.0,normal,141.6409
10,224,13455,2,0,3.1,3.1,1.55,1000.0,1.55,1.0,normal,144.7409
10,224,13470,4,0,6.2,6.2,1.55,1000.0,1.55,1.0,normal,150.9409
10,224,13485,7,0,8.5637,8.5637,1.2234,1000.0,1.55,1.0,normal,159.5046
10,225,13500,5,0,7.75,7.75,1.55,1000.0,1.55,1.0,normal,167.2546
10,225,13515,2,0,3.1,3.1,1.55,1000.0,1.55,1.0,normal,170.3546
10,225,13530,6,0,6.8382,6.8382,1.1397,1000.0,1.55,1.0,normal,177.1928
10,225,13545,4,0,6.2,6.2,1.55,1000.0,1.55,1.0,normal,183.3928
10,226,13560,2,0,2.1613,2.1613,1.0806,1000.0,1.55,1.0,normal,185.5541
10,226,13575,5,0,7.75,7.75,1.55,1000.0,1.55,1.0,normal,193.3041
10,226,13590,4,0,5.5691,5.5691,1.3923,1000.0,1.55,1.0,normal,198.8732
10,226,13605,5,0,5.0682,5.0682,1.0136,1000.0,1.55,1.0,normal,203.9414
10,227,13620,1,0,1.55,1.55,1.55,1000.0,1.55,1.0,normal,205.4914
10,227,13635,3,0,4.65,4.65,1.55,1000.0,1.55,1.0,normal,210.1414
10,227,13650,1,0,1.55,1.55,1.55,1000.0,1.55,1.0,normal,211.6914
10,227,13665,5,0,7.75,7.75,1.55,1000.0,1.55,1.0,normal,219.4414
10,228,13680,5,0,8.55,8.55,1.71,1000.0,1.71,1.0,normal,227.9914
10,228,13695,4,0,4.6265,4.6265,1.1566,1000.0,1.71,1.0,normal,232.6179
10,228,13710,7,0,11.97,11.97,1.71,1000.0,1.71,1.0,normal,244.5879
10,228,13725,7,0,11.97,11.97,1.71,1000.0,1.71,1.0,normal,256.5579
10,229,13740,6,0,10.26,10.26,1.71,1000.0,1.71,1.0,normal,266.8179
10,229,13755,4,0,6.84,6.84,1.71,1000.0,1.71,1.0,normal,273.6579
10,229,13770,4,0,4.282,4.282,1.0705,1000.0,1.71,1.0,normal,277.9399
10,229,13785,3,1,5.13,5.13,1.71,1000.0,1.71,1.0,normal,283.0699
10,230,13800,5,1,8.55,8.55,1.71,1000.0,1.71,1.0,normal,291.6199
10,230,13815,2,0,3.159,3.159,1.5795,1000.0,1.71,1.0,normal,294.7789
10,230,13830,8,0,10.7932,10.7932,1.3491,1000.0,1.71,1.0,normal,305.5721
10,230,13845,3,0,5.13,5.13,1.71,1000.0,1.71,1.0,normal,310.7021
10,231,13860,3,0,5.13,5.13,1.71,1000.0,1.71,1.0,normal,315.8321
10,231,13875,4,0,6.84,6.84,1.71,1000.0,1.71,1.0,normal,322.6721
10,231,13890,3,0,5.13,5.13,1.71,1000.0,1.71,1.0,normal,327.8021
10,231,13905,2,0,3.42,3.42,1.71,1000.0,1.71,1.0,normal,331.2221
10,232,13920,6,0,9.112,9.112,1.5187,1000.0,1.92,1.0,normal,340.3341
10,232,13935,3,0,5.76,5.76,1.92,1000.0,1.92,1.0,normal,346.0941
10,232,13950,6,0,11.52,11.52,1.92,1000.0,1.92,1.0,normal,357.6141
10,232,13965,9,0,10.3298,10.3298,1.1478,1000.0,1.92,1.0,normal,367.9439
10,233,13980,6,0,7.395,7.395,1.2325,1000.0,1.92,1.0,normal,375.3389
10,233,13995,9,0,13.5055,13.5055,1.5006,1000.0,1.92,1.0,normal,388.8444
10,233,14010,12,0,23.04,23.04,1.92,1000.0,1.92,1.0,normal,411.8844
10,233,14025,8,0,13.2369,13.2369,1.6546,1000.0,1.92,1.0,normal,425.1213
10,234,14040,5,0,9.6,9.6,1.92,1000.0,1.92,1.0,normal,434.7213
10,234,14055,6,0,11.52,11.52,1.92,1000.0,1.92,1.0,normal,446.2413
10,234,14070,5,0,9.6,9.6,1.92,1000.0,1.92,1.0,normal,455.8413
10,234,14085,5,0,9.6,9.6,1.92,1000.0,1.92,1.0,normal,465.4413
10,235,14100,5,1,7.4969,7.4969,1.4994,1000.0,1.92,1.0,normal,472.9382
10,235,14115,2,0,3.84,3.84,1.92,1000.0,1.92,1.0,normal,476.7782
10,235,14130,2,0,3.84,3.84,1.92,1000.0,1.92,1.0,normal,480.6182
10,235,14145,1,0,1.92,1.92,1.92,1000.0,1.92,1.0,normal,482.5382
10,236,14160,7,0,11.0112,11.0112,1.573,1000.0,2.11,1.0,normal,493.5494
10,236,14175,6,0,9.2045,9.2045,1.5341,1000.0,2.11,1.0,normal,502.7539
10,236,14190,7,0,14.77,14.77,2.11,1000.0,2.11,1.0,normal,517.5239
10,236,14205,7,0,14.77,14.77,2.11,1000.0,2.11,1.0,normal,532.2939
10,237,14220,5,0,10.55,10.55,2.11,1000.0,2.11,1.0,normal,542.8439
10,237,14235,6,0,12.66,12.66,2.11,1000.0,2.11,1.0,normal,555.5039
10,237,14250,6,0,8.1116,8.1116,1.3519,1000.0,2.11,1.0,normal,563.6155
10,237,14265,2,0,3.1583,3.1583,1.5792,1000.0,2.11,1.0,normal,566.7738
10,238,14280,5,0,10.55,10.55,2.11,1000.0,2.11,1.0,normal,577.3238
10,238,14295,3,0,6.33,6.33,2.11,1000.0,2.11,1.0,normal,583.6538
10,238,14310,6,0,8.892,8.892,1.482,1000.0,2.11,1.0,normal,592.5458
10,238,14325,3,0,3.0257,3.0257,1.0086,1000.0,2.11,1.0,normal,595.5715
10,239,14340,4,0,5.7644,5.7644,1.4411,1000.0,2.11,1.0,normal,601.3359
10,239,14355,9,0,18.99,18.99,2.11,1000.0,2.11,1.0,normal,620.3259
10,239,14370,1,0,2.11,2.11,2.11,1000.0,2.11,1.0,normal,622.4359
10,239,14385,3,0,5.3981,5.3981,1.7994,1000.0,2.11,1.0,normal,627.834
11,240,14400,6,0,7.0212,7.0212,1.1702,1000.0,1.69,1.0,normal,7.0212
11,240,14415,7,0,11.83,11.83,1.69,1000.0,1.69,1.0,normal,18.8512
11,240,14430,2,0,3.38,3.38,1.69,1000.0,1.69,1.0,normal,22.2312
11,240,14445,5,0,8.45,8.45,1.69,1000.0,1.69,1.0,normal,30.6812
11,241,14460,5,0,8.45,8.45,1.69,1000.0,1.69,1.0,normal,39.1312
11,241,14475,4,1,6.76,6.76,1.69,1000.0,1.69,1.0,normal,45.8912
11,241,14490,5,0,8.45,8.45,1.69,1000.0,1.69,1.0,normal,54.3412
11,241,14505,9,0,10.6089,10.6089,1.1788,1000.0,1.69,1.0,normal,64.9501
11,242,14520,7,0,11.83,11.83,1.69,1000.0,1.69,1.0,normal,76.7801
11,242,14535,6,0,10.14,10.14,1.69,1000.0,1.69,1.0,normal,86.9201
11,242,14550,1,0,1.69,1.69,1.69,1000.0,1.69,1.0,normal,88.6101
11,242,14565,5,0,8.45,8.45,1.69,1000.0,1.69,1.0,normal,97.0601
11,243,14580,5,0,8.45,8.45,1.69,1000.0,1.69,1.0,normal,105.5101
11,243,14595,8,0,13.52,13.52,1.69,1000.0,1.69,1.0,normal,119.0301
11,243,14610,4,0,5.1821,5.1821,1.2955,1000.0,1.69,1.0,normal,124.2122
11,243,14625,2,0,3.38,3.38,1.69,1000.0,1.69,1.0,normal,127.5922
11,244,14640,7,0,10.64,10.64,1.52,1000.0,1.52,1.0,normal,138.2322
11,244,14655,5,0,5.5553,5.5553,1.1111,1000.0,1.52,1.0,normal,143.7875
11,244,14670,5,0,7.6,7.6,1.52,1000.0,1.52,1.0,normal,151.3875
11,244,14685,3,0,4.56,4.56,1.52,1000.0,1.52,1.0,normal,155.9475
11,245,14700,2,0,3.04,3.04,1.52,1000.0,1.52,1.0,normal,158.9875
11,245,14715,3,0,4.56,4.56,1.52,1000.0,1.52,1.0,normal,163.5475
11,245,14730,2,0,3.04,3.04,1.52,1000.0,1.52,1.0,normal,166.5875
11,245,14745,3,0,4.56,4.56,1.52,1000.0,1.52,1.0,normal,171.1475
11,246,14760,5,0,7.6,7.6,1.52,1000.0,1.52,1.0,normal,178.7475
11,246,14775,3,0,4.56,4.56,1.52,1000.0,1.52,1.0,normal,183.3075
11,246,14790,3,0,4.56,4.56,1.52,1000.0,1.52,1.0,normal,187.8675
11,246,14805,0,0,0.0,0.0,1.3448,1000.0,1.52,1.0,normal,187.8675
11,247,14820,5,0,5.5105,5.5105,1.1021,1000.0,1.52,1.0,normal,193.378
11,247,14835,3,0,4.56,4.56,1.52,1000.0,1.52,1.0,normal,197.938
11,247,14850,2,0,3.04,3.04,1.52,1000.0,1.52,1.0,normal,200.978
11,247,14865,3,0,4.56,4.56,1.52,1000.0,1.52,1.0,normal,205.538
11,248,14880,2,0,2.44,2.44,1.22,1000.0,1.22,1.0,normal,207.978
11,248,14895,5,0,6.1,6.1,1.22,1000.0,1.22,1.0,normal,214.078
11,248,14910,2,0,2.44,2.44,1.22,1000.0,1.22,1.0,normal,216.518
11,248,14925,3,0,3.66,3.66,1.22,1000.0,1.22,1.0,normal,220.178
11,249,14940,1,0,1.1772,1.1772,1.1772,1000.0,1.22,1.0,normal,221.3552
11,249,14955,5,0,6.1,6.1,1.22,1000.0,1.22,1.0,normal,227.4552
11,249,14970,1,0,1.22,1.22,1.22,1000.0,1.22,1.0,normal,228.6752
11,249,14985,4,0,4.6909,4.6909,1.1727,1000.0,1.22,1.0,normal,233.3661
11,250,15000,1,0,1.22,1.22,1.22,1000.0,1.22,1.0,normal,234.5861
11,250,15015,6,0,7.32,7.32,1.22,1000.0,1.22,1.0,normal,241.9061
11,250,15030,2,0,2.44,2.44,1.22,1000.0,1.22,1.0,normal,244.3461
11,250,15045,0,0,0.0,0.0,1.22,1000.0,1.22,1.0,normal,244.3461
11,251,15060,1,0,1.22,1.22,1.22,1000.0,1.22,1.0,normal,245.5661
11,251,15075,5,0,5.2484,5.2484,1.0497,1000.0,1.22,1.0,normal,250.8145
11,251,15090,2,0,2.44,2.44,1.22,1000.0,1.22,1.0,normal,253.2545
11,251,15105,2,0,2.44,2.44,1.22,1000.0,1.22,1.0,normal,255.6945
11,252,15120,4,1,3.92,3.92,0.98,1000.0,0.98,1.0,normal,259.6145
11,252,15135,1,0,0.98,0.98,0.98,1000.0,0.98,1.0,normal,260.5945
11,252,15150,5,0,4.9,4.9,0.98,1000.0,0.98,1.0,normal,265.4945
11,252,15165,2,0,1.96,1.96,0.98,1000.0,0.98,1.0,normal,267.4545
11,253,15180,4,1,3.92,3.92,0.98,1000.0,0.98,1.0,normal,271.3745
11,253,15195,1,0,0.98,0.98,0.98,1000.0,0.98,1.0,normal,272.3545
11,253,15210,4,1,3.92,3.92,0.98,1000.0,0.98,1.0,normal,276.2745
11,253,15225,4,0,3.92,3.92,0.98,1000.0,0.98,1.0,normal,280.1945
11,254,15240,1,0,0.98,0.98,0.98,1000.0,0.98,1.0,normal,281.1745
11,254,15255,3,0,2.94,2.94,0.98,1000.0,0.98,1.0,normal,284.1145
11,254,15270,1,0,0.98,0.98,0.98,1000.0,0.98,1.0,normal,285.0945
11,254,15285,3,0,2.94,2.94,0.98,1000.0,0.98,1.0,normal,288.0345
11,255,15300,3,0,2.94,2.94,0.98,1000.0,0.98,1.0,normal,290.9745
11,255,15315,0,0,0.0,0.0,0.98,1000.0,0.98,1.0,normal,290.9745
11,255,15330,1,0,0.98,0.98,0.98,1000.0,0.98,1.0,normal,291.9545
11,255,15345,2,0,1.96,1.96,0.98,1000.0,0.98,1.0,normal,293.9145
11,256,15360,1,0,0.88,0.88,0.88,1000.0,0.88,1.0,normal,294.7945
11,256,15375,3,0,2.64,2.64,0.88,1000.0,0.88,1.0,normal,297.4345
11,256,15390,2,0,1.76,1.76,0.88,1000.0,0.88,1.0,normal,299.1945
11,256,15405,2,0,1.76,1.76,0.88,1000.0,0.88,1.0,normal,300.9545
11,257,15420,2,0,1.76,1.76,0.88,1000.0,0.88,1.0,normal,302.7145
11,257,15435,1,0,0.88,0.88,0.88,1000.0,0.88,1.0,normal,303.5945
11,257,15450,0,0,0.0,0.0,0.88,1000.0,0.88,1.0,normal,303.5945
11,257,15465,2,0,1.76,1.76,0.88,1000.0,0.88,1.0,normal,305.3545
11,258,15480,3,0,2.64,2.64,0.88,1000.0,0.88,1.0,normal,307.9945
11,258,15495,0,0,0.0,0.0,0.88,1000.0,0.88,1.0,normal,307.9945
11,258,15510,0,0,0.0,0.0,0.88,1000.0,0.88,1.0,normal,307.9945
11,258,15525,3,1,2.64,2.64,0.88,1000.0,0.88,1.0,normal,310.6345
11,259,15540,5,0,4.4,4.4,0.88,1000.0,0.88,1.0,normal,315.0345
11,259,15555,3,0,2.64,2.64,0.88,1000.0,0.88,1.0,normal,317.6745
11,259,15570,4,0,3.52,3.52,0.88,1000.0,0.88,1.0,normal,321.1945
11,259,15585,1,0,0.88,0.88,0.88,1000.0,0.88,1.0,normal,322.0745
11,260,15600,6,1,5.94,5.94,0.99,1000.0,0.99,1.0,normal,328.0145
11,260,15615,3,0,2.97,2.97,0.99,1000.0,0.99,1.0,normal,330.9845
11,260,15630,2,0,1.98,1.98,0.99,1000.0,0.99,1.0,normal,332.9645
11,260,15645,3,0,2.97,2.97,0.99,1000.0,0.99,1.0,normal,335.9345
11,261,15660,1,0,0.99,0.99,0.99,1000.0,0.99,1.0,normal,336.9245
11,261,15675,1,0,0.99,0.99,0.99,1000.0,0.99,1.0,normal,337.9145
11,261,15690,2,0,1.98,1.98,0.99,1000.0,0.99,1.0,normal,339.8945
11,261,15705,3,0,2.97,2.97,0.99,1000.0,0.99,1.0,normal,342.8645
11,262,15720,3,0,2.97,2.97,0.99,1000.0,0.99,1.0,normal,345.8345
11,262,15735,2,0,1.98,1.98,0.99,1000.0,0.99,1.0,normal,347.8145
11,262,15750,6,0,5.94,5.94,0.99,1000.0,0.99,1.0,normal,353.7545
11,262,15765,7,0,6.93,6.93,0.99,1000.0,0.99,1.0,normal,360.6845
11,263,15780,1,0,0.99,0.99,0.99,1000.0,0.99,1.0,normal,361.6745
11,263,15795,3,0,2.97,2.97,0.99,1000.0,0.99,1.0,normal,364.6445
11,263,15810,3,0,2.97,2.97,0.99,1000.0,0.99,1.0,normal,367.6145
11,263,15825,0,0,0.0,0.0,0.99,1000.0,0.99,1.0,normal,367.6145
12,264,15840,2,0,2.22,2.22,1.11,1000.0,1.11,1.0,normal,2.22
12,264,15855,3,0,3.33,3.33,1.11,1000.0,1.11,1.0,normal,5.55
12,264,15870,1,0,1.11,1.11,1.11,1000.0,1.11,1.0,normal,6.66
12,264,15885,3,0,3.33,3.33,1.11,1000.0,1.11,1.0,normal,9.99
12,265,15900,3,1,3.0605,3.0605,1.0202,1000.0,1.11,1.0,normal,13.0505
12,265,15915,8,0,8.88,8.88,1.11,1000.0,1.11,1.0,normal,21.9305
12,265,15930,1,0,1.11,1.11,1.11,1000.0,1.11,1.0,normal,23.0405
12,265,15945,1,0,1.11,1.11,1.11,1000.0,1.11,1.0,normal,24.1505
12,266,15960,2,0,2.22,2.22,1.11,1000.0,1.11,1.0,normal,26.3705
12,266,15975,1,0,1.11,1.11,1.11,1000.0,1.11,1.0,normal,27.4805
12,266,15990,4,0,4.44,4.44,1.11,1000.0,1.11,1.0,normal,31.9205
12,266,16005,5,0,5.55,5.55,1.11,1000.0,1.11,1.0,normal,37.4705
12,267,16020,3,0,3.33,3.33,1.11,1000.0,1.11,1.0,normal,40.8005
12,267,16035,5,0,5.55,5.55,1.11,1000.0,1.11,1.0,normal,46.3505
12,267,16050,7,0,7.77,7.77,1.11,1000.0,1.11,1.0,normal,54.1205
12,267,16065,3,0,3.33,3.33,1.11,1000.0,1.11,1.0,normal,57.4505
12,268,16080,7,0,8.68,8.68,1.24,1000.0,1.24,1.0,normal,66.1305
12,268,16095,2,0,2.48,2.48,1.24,1000.0,1.24,1.0,normal,68.6105
12,268,16110,2,0,2.2736,2.2736,1.1368,1000.0,1.24,1.0,normal,70.8841
12,268,16125,4,0,4.5774,4.5774,1.1443,1000.0,1.24,1.0,normal,75.4615
12,269,16140,4,0,4.96,4.96,1.24,1000.0,1.24,1.0,normal,80.4215
12,269,16155,5,0,6.2,6.2,1.24,1000.0,1.24,1.0,normal,86.6215
12,269,16170,1,0,1.24,1.24,1.24,1000.0,1.24,1.0,normal,87.8615
12,269,16185,1,0,1.24,1.24,1.24,1000.0,1.24,1.0,normal,89.1015
12,270,16200,6,0,7.44,7.44,1.24,1000.0,1.24,1.0,normal,96.5415
12,270,16215,3,0,3.72,3.72,1.24,1000.0,1.24,1.0,normal,100.2615
12,270,16230,3,0,3.72,3.72,1.24,1000.0,1.24,1.0,normal,103.9815
12,270,16245,1,0,1.1998,1.1998,1.1998,1000.0,1.24,1.0,normal,105.1813
12,271,16260,3,0,3.72,3.72,1.24,1000.0,1.24,1.0,normal,108.9013
12,271,16275,2,0,2.48,2.48,1.24,1000.0,1.24,1.0,normal,111.3813
12,271,16290,3,0,3.72,3.72,1.24,1000.0,1.24,1.0,normal,115.1013
12,271,16305,2,0,2.48,2.48,1.24,1000.0,1.24,1.0,normal,117.5813
12,272,16320,3,0,4.17,4.17,1.39,1000.0,1.39,1.0,normal,121.7513
12,272,16335,0,0,0.0,0.0,1.39,1000.0,1.39,1.0,normal,121.7513
12,272,16350,4,0,5.56,5.56,1.39,1000.0,1.39,1.0,normal,127.3113
12,272,16365,1,0,1.39,1.39,1.39,1000.0,1.39,1.0,normal,128.7013
12,273,16380,2,0,2.78,2.78,1.39,1000.0,1.39,1.0,normal,131.4813
12,273,16395,3,0,3.2576,3.2576,1.0859,1000.0,1.39,1.0,normal,134.7389
12,273,16410,2,0,2.78,2.78,1.39,1000.0,1.39,1.0,normal,137.5189
12,273,16425,1,1,1.39,1.39,1.39,1000.0,1.39,1.0,normal,138.9089
12,274,16440,4,0,5.241,5.241,1.3103,1000.0,1.39,1.0,normal,144.1499
12,274,16455,6,1,8.34,8.34,1.39,1000.0,1.39,1.0,normal,152.4899
12,274,16470,5,1,6.95,6.95,1.39,1000.0,1.39,1.0,normal,159.4399
12,274,16485,2,0,2.78,2.78,1.39,1000.0,1.39,1.0,normal,162.2199
12,275,16500,5,0,6.95,6.95,1.39,1000.0,1.39,1.0,normal,169.1699
12,275,16515,8,0,8.1716,8.1716,1.0214,1000.0,1.39,1.0,normal,177.3415
12,275,16530,2,0,2.78,2.78,1.39,1000.0,1.39,1.0,normal,180.1215
12,275,16545,3,0,4.17,4.17,1.39,1000.0,1.39,1.0,normal,184.2915
12,276,16560,2,0,3.12,3.12,1.56,1000.0,1.56,1.0,normal,187.4115
12,276,16575,6,0,9.36,9.36,1.56,1000.0,1.56,1.0,normal,196.7715
12,276,16590,8,0,12.48,12.48,1.56,1000.0,1.56,1.0,normal,209.2515
12,276,16605,6,0,9.36,9.36,1.56,1000.0,1.56,1.0,normal,218.6115
12,277,16620,1,0,1.56,1.56,1.56,1000.0,1.56,1.0,normal,220.1715
12,277,16635,5,1,7.8,7.8,1.56,1000.0,1.56,1.0,normal,227.9715
12,277,16650,5,0,7.8,7.8,1.56,1000.0,1.56,1.0,normal,235.7715
12,277,16665,5,1,7.8,7.8,1.56,1000.0,1.56,1.0,normal,243.5715
12,278,16680,3,0,4.68,4.68,1.56,1000.0,1.56,1.0,normal,248.2515
12,278,16695,2,0,3.12,3.12,1.56,1000.0,1.56,1.0,normal,251.3715
12,278,16710,4,0,6.24,6.24,1.56,1000.0,1.56,1.0,normal,257.6115
12,278,16725,1,0,1.1738,1.1738,1.1738,1000.0,1.56,1.0,normal,258.7853
12,279,16740,2,0,3.12,3.12,1.56,1000.0,1.56,1.0,normal,261.9053
12,279,16755,3,0,4.68,4.68,1.56,1000.0,1.56,1.0,normal,266.5853
12,279,16770,4,0,6.24,6.24,1.56,1000.0,1.56,1.0,normal,272.8253
12,279,16785,4,0,6.24,6.24,1.56,1000.0,1.56,1.0,normal,279.0653
12,280,16800,4,0,6.88,6.88,1.72,1000.0,1.72,1.0,normal,285.9453
12,280,16815,4,0,6.88,6.88,1.72,1000.0,1.72,1.0,normal,292.8253
12,280,16830,6,1,10.32,10.32,1.72,1000.0,1.72,1.0,normal,303.1453
12,280,16845,4,0,6.6379,6.6379,1.6595,1000.0,1.72,1.0,normal,309.7832
12,281,16860,8,0,13.76,13.76,1.72,1000.0,1.72,1.0,normal,323.5432
12,281,16875,3,0,5.16,5.16,1.72,1000.0,1.72,1.0,normal,328.7032
12,281,16890,11,1,18.92,18.92,1.72,1000.0,1.72,1.0,normal,347.6232
12,281,16905,7,0,12.04,12.04,1.72,1000.0,1.72,1.0,normal,359.6632
12,282,16920,5,0,8.6,8.6,1.72,1000.0,1.72,1.0,normal,368.2632
12,282,16935,0,0,0.0,0.0,1.72,1000.0,1.72,1.0,normal,368.2632
12,282,16950,4,0,6.88,6.88,1.72,1000.0,1.72,1.0,normal,375.1432
12,282,16965,5,0,8.6,8.6,1.72,1000.0,1.72,1.0,normal,383.7432
12,283,16980,0,0,0.0,0.0,1.72,1000.0,1.72,1.0,normal,383.7432
12,283,16995,5,0,8.6,8.6,1.72,1000.0,1.72,1.0,normal,392.3432
12,283,17010,6,0,10.32,10.32,1.72,1000.0,1.72,1.0,normal,402.6632
12,283,17025,5,0,8.6,8.6,1.72,1000.0,1.72,1.0,normal,411.2632
12,284,17040,6,0,11.0296,11.0296,1.8383,1000.0,1.93,1.0,normal,422.2928
12,284,17055,2,0,3.86,3.86,1.93,1000.0,1.93,1.0,normal,426.1528
12,284,17070,9,0,12.4503,12.4503,1.3834,1000.0,1.93,1.0,normal,438.6031
12,284,17085,6,0,9.5618,9.5618,1.5936,1000.0,1.93,1.0,normal,448.1649
12,285,17100,7,0,10.0165,10.0165,1.4309,1000.0,1.93,1.0,normal,458.1814
12,285,17115,4,0,7.72,7.72,1.93,1000.0,1.93,1.0,normal,465.9014
12,285,17130,5,0,9.2265,9.2265,1.8453,1000.0,1.93,1.0,normal,475.1279
12,285,17145,2,0,3.86,3.86,1.93,1000.0,1.93,1.0,normal,478.9879
12,286,17160,6,0,11.58,11.58,1.93,1000.0,1.93,1.0,normal,490.5679
12,286,17175,2,0,3.86,3.86,1.93,1000.0,1.93,1.0,normal,494.4279
12,286,17190,3,0,4.1057,4.1057,1.3686,1000.0,1.93,1.0,normal,498.5336
12,286,17205,4,0,4.1344,4.1344,1.0336,1000.0,1.93,1.0,normal,502.668
12,287,17220,6,0,11.58,11.58,1.93,1000.0,1.93,1.0,normal,514.248
12,287,17235,5,0,6.1726,6.1726,1.2345,1000.0,1.93,1.0,normal,520.4206
12,287,17250,3,0,5.79,5.79,1.93,1000.0,1.93,1.0,normal,526.2106
12,287,17265,5,1,9.65,9.65,1.93,1000.0,1.93,1.0,normal,535.8606
13,288,17280,8,0,17.28,17.28,2.16,1000.0,2.16,0.0,normal,17.28
13,288,17295,7,0,15.12,15.12,2.16,1000.0,2.16,0.0,normal,32.4
13,288,17310,5,0,10.8,10.8,2.16,1000.0,2.16,0.0,normal,43.2
13,288,17325,4,0,5.2272,5.2272,1.3068,1000.0,2.16,0.0,normal,48.4272
13,289,17340,0,0,0.0,0.0,0.01,1000.0,0.01,0.0,normal,48.4272
13,289,17355,0,0,0.0,0.0,0.01,1000.0,0.01,0.0,normal,48.4272
13,289,17370,0,0,0.0,0.0,0.01,1000.0,0.01,0.0,normal,48.4272
13,289,17385,0,0,0.0,0.0,0.01,1000.0,0.01,0.0,normal,48.4272
13,290,17400,0,0,0.0,0.0,0.01,1000.0,0.01,0.0,normal,48.4272
13,290,17415,0,0,0.0,0.0,0.01,1000.0,0.01,0.0,normal,48.4272
13,290,17430,0,0,0.0,0.0,0.01,1000.0,0.01,0.0,normal,48.4272
13,290,17445,0,0,0.0,0.0,0.01,1000.0,0.01,0.0,normal,48.4272
13,291,17460,0,0,0.0,0.0,0.01,1000.0,0.01,0.0,normal,48.4272
13,291,17475,0,0,0.0,0.0,0.01,1000.0,0.01,0.0,normal,48.4272
13,291,17490,0,0,0.0,0.0,0.01,1000.0,0.01,0.0,normal,48.4272
13,291,17505,0,0,0.0,0.0,0.01,1000.0,0.01,0.0,normal,48.4272
13,292,17520,0,0,0.0,0.0,0.01,1000.0,0.01,0.0,normal,48.4272
13,292,17535,0,0,0.0,0.0,0.01,1000.0,0.01,0.0,normal,48.4272
13,292,17550,0,0,0.0,0.0,0.01,1000.0,0.01,0.0,normal,48.4272
13,292,17565,0,0,0.0,0.0,0.01,1000.0,0.01,0.0,normal,48.4272
13,293,17580,0,0,0.0,0.0,0.01,1000.0,0.01,0.0,normal,48.4272
13,293,17595,0,0,0.0,0.0,0.01,1000.0,0.01,0.0,normal,48.4272
13,293,17610,0,0,0.0,0.0,0.01,1000.0,0.01,0.0,normal,48.4272
13,293,17625,0,0,0.0,0.0,0.01,1000.0,0.01,0.0,normal,48.4272
13,294,17640,0,0,0.0,0.0,0.01,1000.0,0.01,0.0,normal,48.4272
13,294,17655,0,0,0.0,0.0,0.01,1000.0,0.01,0.0,normal,48.4272
13,294,17670,0,0,0.0,0.0,0.01,1000.0,0.01,0.0,normal,48.4272
13,294,17685,0,0,0.0,0.0,0.01,1000.0,0.01,0.0,normal,48.4272
13,295,17700,0,0,0.0,0.0,0.01,1000.0,0.01,0.0,normal,48.4272
13,295,17715,0,0,0.0,0.0,0.01,1000.0,0.01,0.0,normal,48.4272
13,295,17730,0,0,0.0,0.0,0.01,1000.0,0.01,0.0,normal,48.4272
13,295,17745,0,0,0.0,0.0,0.01,1000.0,0.01,0.0,normal,48.4272
13,296,17760,0,0,0.0,0.0,0.01,1000.0,0.01,0.0,normal,48.4272
13,296,17775,0,0,0.0,0.0,0.01,1000.0,0.01,0.0,normal,48.4272
13,296,17790,0,0,0.0,0.0,0.01,1000.0,0.01,0.0,normal,48.4272
13,296,17805,0,0,0.0,0.0,0.01,1000.0,0.01,0.0,normal,48.4272
13,297,17820,0,0,0.0,0.0,0.01,1000.0,0.01,0.0,normal,48.4272
13,297,17835,0,0,0.0,0.0,0.01,1000.0,0.01,0.0,normal,48.4272
13,297,17850,0,0,0.0,0.0,0.01,1000.0,0.01,0.0,normal,48.4272
13,297,17865,0,0,0.0,0.0,0.01,1000.0,0.01,0.0,normal,48.4272
13,298,17880,1,0,0.01,0.01,0.01,1000.0,0.01,0.0,normal,48.4372
13,298,17895,0,0,0.0,0.0,0.01,1000.0,0.01,0.0,normal,48.4372
13,298,17910,0,0,0.0,0.0,0.01,1000.0,0.01,0.0,normal,48.4372
13,298,17925,0,0,0.0,0.0,0.01,1000.0,0.01,0.0,normal,48.4372
13,299,17940,0,0,0.0,0.0,0.01,1000.0,0.01,0.0,normal,48.4372
13,299,17955,0,0,0.0,0.0,0.01,1000.0,0.01,0.0,normal,48.4372
13,299,17970,0,0,0.0,0.0,0.01,1000.0,0.01,0.0,normal,48.4372
13,299,17985,0,0,0.0,0.0,0.01,1000.0,0.01,0.0,normal,48.4372
13,300,18000,0,0,0.0,0.0,0.01,1000.0,0.01,0.0,normal,48.4372
13,300,18015,0,0,0.0,0.0,0.01,1000.0,0.01,0.0,normal,48.4372
13,300,18030,0,0,0.0,0.0,0.01,1000.0,0.01,0.0,normal,48.4372
13,300,18045,0,0,0.0,0.0,0.01,1000.0,0.01,0.0,normal,48.4372
13,301,18060,0,0,0.0,0.0,0.01,1000.0,0.01,0.0,normal,48.4372
13,301,18075,0,0,0.0,0.0,0.01,1000.0,0.01,0.0,normal,48.4372
13,301,18090,0,0,0.0,0.0,0.01,1000.0,0.01,0.0,normal,48.4372
13,301,18105,0,0,0.0,0.0,0.01,1000.0,0.01,0.0,normal,48.4372
13,302,18120,0,0,0.0,0.0,0.01,1000.0,0.01,0.0,normal,48.4372
13,302,18135,0,0,0.0,0.0,0.01,1000.0,0.01,0.0,normal,48.4372
13,302,18150,0,0,0.0,0.0,0.01,1000.0,0.01,0.0,normal,48.4372
13,302,18165,0,0,0.0,0.0,0.01,1000.0,0.01,0.0,normal,48.4372
13,303,18180,0,0,0.0,0.0,0.01,1000.0,0.01,0.0,normal,48.4372
13,303,18195,0,0,0.0,0.0,0.01,1000.0,0.01,0.0,normal,48.4372
13,303,18210,0,0,0.0,0.0,0.01,1000.0,0.01,0.0,normal,48.4372
13,303,18225,0,0,0.0,0.0,0.01,1000.0,0.01,0.0,normal,48.4372
13,304,18240,0,0,0.0,0.0,0.01,1000.0,0.01,0.0,normal,48.4372
13,304,18255,0,0,0.0,0.0,0.01,1000.0,0.01,0.0,normal,48.4372
13,304,18270,0,0,0.0,0.0,0.01,1000.0,0.01,0.0,normal,48.4372
13,304,18285,0,0,0.0,0.0,0.01,1000.0,0.01,0.0,normal,48.4372
13,305,18300,0,0,0.0,0.0,0.01,1000.0,0.01,0.0,normal,48.4372
13,305,18315,0,0,0.0,0.0,0.01,1000.0,0.01,0.0,normal,48.4372
13,305,18330,0,0,0.0,0.0,0.01,1000.0,0.01,0.0,normal,48.4372
13,305,18345,0,0,0.0,0.0,0.01,1000.0,0.01,0.0,normal,48.4372
13,306,18360,0,0,0.0,0.0,0.01,1000.0,0.01,0.0,normal,48.4372
13,306,18375,0,0,0.0,0.0,0.01,1000.0,0.01,0.0,normal,48.4372
13,306,18390,1,0,0.01,0.01,0.01,1000.0,0.01,0.0,normal,48.4472
13,306,18405,0,0,0.0,0.0,0.01,1000.0,0.01,0.0,normal,48.4472
13,307,18420,0,0,0.0,0.0,0.01,1000.0,0.01,0.0,normal,48.4472
13,307,18435,0,0,0.0,0.0,0.01,1000.0,0.01,0.0,normal,48.4472
13,307,18450,0,0,0.0,0.0,0.01,1000.0,0.01,0.0,normal,48.4472
13,307,18465,0,0,0.0,0.0,0.01,1000.0,0.01,0.0,normal,48.4472
13,308,18480,0,0,0.0,0.0,0.01,1000.0,0.01,0.0,normal,48.4472
13,308,18495,0,0,0.0,0.0,0.01,1000.0,0.01,0.0,normal,48.4472
13,308,18510,0,0,0.0,0.0,0.01,1000.0,0.01,0.0,normal,48.4472
13,308,18525,0,0,0.0,0.0,0.01,1000.0,0.01,0.0,normal,48.4472
13,309,18540,0,0,0.0,0.0,0.01,1000.0,0.01,0.0,normal,48.4472
13,309,18555,0,0,0.0,0.0,0.01,1000.0,0.01,0.0,normal,48.4472
13,309,18570,0,0,0.0,0.0,0.01,1000.0,0.01,0.0,normal,48.4472
13,309,18585,0,0,0.0,0.0,0.01,1000.0,0.01,0.0,normal,48.4472
13,310,18600,0,0,0.0,0.0,0.01,1000.0,0.01,0.0,normal,48.4472
13,310,18615,0,0,0.0,0.0,0.01,1000.0,0.01,0.0,normal,48.4472
13,310,18630,0,0,0.0,0.0,0.01,1000.0,0.01,0.0,normal,48.4472
13,310,18645,0,0,0.0,0.0,0.01,1000.0,0.01,0.0,normal,48.4472
13,311,18660,0,0,0.0,0.0,0.01,1000.0,0.01,0.0,normal,48.4472
13,311,18675,0,0,0.0,0.0,0.01,1000.0,0.01,0.0,normal,48.4472
13,311,18690,0,0,0.0,0.0,0.01,1000.0,0.01,0.0,normal,48.4472
13,311,18705,0,0,0.0,0.0,0.01,1000.0,0.01,0.0,normal,48.4472
14,312,18720,0,0,0.0,0.0,0.01,1000.0,0.01,0.0,normal,0.0
14,312,18735,0,0,0.0,0.0,0.01,1000.0,0.01,0.0,normal,0.0
14,312,18750,0,0,0.0,0.0,0.01,1000.0,0.01,0.0,normal,0.0
14,312,18765,0,0,0.0,0.0,0.01,1000.0,0.01,0.0,normal,0.0
14,313,18780,0,0,0.0,0.0,0.01,1000.0,0.01,0.0,normal,0.0
14,313,18795,0,0,0.0,0.0,0.01,1000.0,0.01,0.0,normal,0.0
14,313,18810,0,0,0.0,0.0,0.01,1000.0,0.01,0.0,normal,0.0
14,313,18825,0,0,0.0,0.0,0.01,1000.0,0.01,0.0,normal,0.0
14,314,18840,0,0,0.0,0.0,0.01,1000.0,0.01,0.0,normal,0.0
14,314,18855,0,0,0.0,0.0,0.01,1000.0,0.01,0.0,normal,0.0
14,314,18870,0,0,0.0,0.0,0.01,1000.0,0.01,0.0,normal,0.0
14,314,18885,0,0,0.0,0.0,0.01,1000.0,0.01,0.0,normal,0.0
14,315,18900,0,0,0.0,0.0,0.01,1000.0,0.01,0.0,normal,0.0
14,315,18915,0,0,0.0,0.0,0.01,1000.0,0.01,0.0,normal,0.0
14,315,18930,0,0,0.0,0.0,0.01,1000.0,0.01,0.0,normal,0.0
14,315,18945,0,0,0.0,0.0,0.01,1000.0,0.01,0.0,normal,0.0
14,316,18960,0,0,0.0,0.0,0.01,1000.0,0.01,0.0,normal,0.0
14,316,18975,0,0,0.0,0.0,0.01,1000.0,0.01,0.0,normal,0.0
14,316,18990,0,0,0.0,0.0,0.01,1000.0,0.01,0.0,normal,0.0
14,316,19005,0,0,0.0,0.0,0.01,1000.0,0.01,0.0,normal,0.0
14,317,19020,0,0,0.0,0.0,0.01,1000.0,0.01,0.0,normal,0.0
14,317,19035,0,0,0.0,0.0,0.01,1000.0,0.01,0.0,normal,0.0
14,317,19050,0,0,0.0,0.0,0.01,1000.0,0.01,0.0,normal,0.0
14,317,19065,0,0,0.0,0.0,0.01,1000.0,0.01,0.0,normal,0.0
14,318,19080,0,0,0.0,0.0,0.01,1000.0,0.01,0.0,normal,0.0
14,318,19095,0,0,0.0,0.0,0.01,1000.0,0.01,0.0,normal,0.0
14,318,19110,0,0,0.0,0.0,0.01,1000.0,0.01,0.0,normal,0.0
14,318,19125,0,0,0.0,0.0,0.01,1000.0,0.01,0.0,normal,0.0
14,319,19140,0,0,0.0,0.0,0.01,1000.0,0.01,0.0,normal,0.0
14,319,19155,0,0,0.0,0.0,0.01,1000.0,0.01,0.0,normal,0.0
14,319,19170,0,0,0.0,0.0,0.01,1000.0,0.01,0.0,normal,0.0
14,319,19185,0,0,0.0,0.0,0.01,1000.0,0.01,0.0,normal,0.0
14,320,19200,0,0,0.0,0.0,0.01,1000.0,0.01,0.0,normal,0.0
14,320,19215,0,0,0.0,0.0,0.01,1000.0,0.01,0.0,normal,0.0
14,320,19230,0,0,0.0,0.0,0.01,1000.0,0.01,0.0,normal,0.0
14,320,19245,0,0,0.0,0.0,0.01,1000.0,0.01,0.0,normal,0.0
14,321,19260,0,0,0.0,0.0,0.01,1000.0,0.01,0.0,normal,0.0
14,321,19275,0,0,0.0,0.0,0.01,1000.0,0.01,0.0,normal,0.0
14,321,19290,0,0,0.0,0.0,0.01,1000.0,0.01,0.0,normal,0.0
14,321,19305,0,0,0.0,0.0,0.01,1000.0,0.01,0.0,normal,0.0
14,322,19320,0,0,0.0,0.0,0.01,1000.0,0.01,0.0,normal,0.0
14,322,19335,0,0,0.0,0.0,0.01,1000.0,0.01,0.0,normal,0.0
14,322,19350,0,0,0.0,0.0,0.01,1000.0,0.01,0.0,normal,0.0
14,322,19365,0,0,0.0,0.0,0.01,1000.0,0.01,0.0,normal,0.0
14,323,19380,0,0,0.0,0.0,0.01,1000.0,0.01,0.0,normal,0.0
14,323,19395,0,0,0.0,0.0,0.01,1000.0,0.01,0.0,normal,0.0
14,323,19410,0,0,0.0,0.0,0.01,1000.0,0.01,0.0,normal,0.0
14,323,19425,0,0,0.0,0.0,0.01,1000.0,0.01,0.0,normal,0.0
14,324,19440,0,0,0.0,0.0,0.01,1000.0,0.01,0.0,normal,0.0
14,324,19455,0,0,0.0,0.0,0.01,1000.0,0.01,0.0,normal,0.0
14,324,19470,0,0,0.0,0.0,0.01,1000.0,0.01,0.0,normal,0.0
14,324,19485,0,0,0.0,0.0,0.01,1000.0,0.01,0.0,normal,0.0
14,325,19500,0,0,0.0,0.0,0.01,1000.0,0.01,0.0,normal,0.0
14,325,19515,0,0,0.0,0.0,0.01,1000.0,0.01,0.0,normal,0.0
14,325,19530,0,0,0.0,0.0,0.01,1000.0,0.01,0.0,normal,0.0
14,325,19545,0,0,0.0,0.0,0.01,1000.0,0.01,0.0,normal,0.0
14,326,19560,0,0,0.0,0.0,0.01,1000.0,0.01,0.0,normal,0.0
14,326,19575,0,0,0.0,0.0,0.01,1000.0,0.01,0.0,normal,0.0
14,326,19590,0,0,0.0,0.0,0.01,1000.0,0.01,0.0,normal,0.0
14,326,19605,0,0,0.0,0.0,0.01,1000.0,0.01,0.0,normal,0.0
14,327,19620,0,0,0.0,0.0,0.01,1000.0,0.01,0.0,normal,0.0
14,327,19635,0,0,0.0,0.0,0.01,1000.0,0.01,0.0,normal,0.0
14,327,19650,0,0,0.0,0.0,0.01,1000.0,0.01,0.0,normal,0.0
14,327,19665,0,0,0.0,0.0,0.01,1000.0,0.01,0.0,normal,0.0
14,328,19680,0,0,0.0,0.0,0.01,1000.0,0.01,0.0,normal,0.0
14,328,19695,0,0,0.0,0.0,0.01,1000.0,0.01,0.0,normal,0.0
14,328,19710,0,0,0.0,0.0,0.01,1000.0,0.01,0.0,normal,0.0
14,328,19725,0,0,0.0,0.0,0.01,1000.0,0.01,0.0,normal,0.0
14,329,19740,0,0,0.0,0.0,0.01,1000.0,0.01,0.0,normal,0.0
14,329,19755,0,0,0.0,0.0,0.01,1000.0,0.01,0.0,normal,0.0
14,329,19770,0,0,0.0,0.0,0.01,1000.0,0.01,0.0,normal,0.0
14,329,19785,0,0,0.0,0.0,0.01,1000.0,0.01,0.0,normal,0.0
14,330,19800,0,0,0.0,0.0,0.01,1000.0,0.01,0.0,normal,0.0
14,330,19815,0,0,0.0,0.0,0.01,1000.0,0.01,0.0,normal,0.0
14,330,19830,0,0,0.0,0.0,0.01,1000.0,0.01,0.0,normal,0.0
14,330,19845,0,0,0.0,0.0,0.01,1000.0,0.01,0.0,normal,0.0
14,331,19860,0,0,0.0,0.0,0.01,1000.0,0.01,0.0,normal,0.0
14,331,19875,0,0,0.0,0.0,0.01,1000.0,0.01,0.0,normal,0.0
14,331,19890,0,0,0.0,0.0,0.01,1000.0,0.01,0.0,normal,0.0
14,331,19905,0,0,0.0,0.0,0.01,1000.0,0.01,0.0,normal,0.0
14,332,19920,0,0,0.0,0.0,0.01,1000.0,0.01,0.0,normal,0.0
14,332,19935,0,0,0.0,0.0,0.01,1000.0,0.01,0.0,normal,0.0
14,332,19950,0,0,0.0,0.0,0.01,1000.0,0.01,0.0,normal,0.0
14,332,19965,0,0,0.0,0.0,0.01,1000.0,0.01,0.0,normal,0.0
14,333,19980,0,0,0.0,0.0,0.01,1000.0,0.01,0.0,normal,0.0
14,333,19995,0,0,0.0,0.0,0.01,1000.0,0.01,0.0,normal,0.0
14,333,20010,0,0,0.0,0.0,0.01,1000.0,0.01,0.0,normal,0.0
14,333,20025,0,0,0.0,0.0,0.01,1000.0,0.01,0.0,normal,0.0
14,334,20040,0,0,0.0,0.0,0.01,1000.0,0.01,0.0,normal,0.0
14,334,20055,0,0,0.0,0.0,0.01,1000.0,0.01,0.0,normal,0.0
14,334,20070,0,0,0.0,0.0,0.01,1000.0,0.01,0.0,normal,0.0
14,334,20085,1,0,0.01,0.01,0.01,1000.0,0.01,0.0,normal,0.01
14,335,20100,0,0,0.0,0.0,0.01,1000.0,0.01,0.0,normal,0.01
14,335,20115,0,0,0.0,0.0,0.01,1000.0,0.01,0.0,normal,0.01
14,335,20130,0,0,0.0,0.0,0.01,1000.0,0.01,0.0,normal,0.01
14,335,20145,0,0,0.0,0.0,0.01,1000.0,0.01,0.0,normal,0.01
15,336,20160,0,0,0.0,0.0,0.01,1000.0,0.01,0.0,normal,0.0
15,336,20175,1,0,0.01,0.01,0.01,1000.0,0.01,0.0,normal,0.01
15,336,20190,0,0,0.0,0.0,0.01,1000.0,0.01,0.0,normal,0.01
15,336,20205,0,0,0.0,0.0,0.01,1000.0,0.01,0.0,normal,0.01
15,337,20220,0,0,0.0,0.0,0.01,1000.0,0.01,0.0,normal,0.01
15,337,20235,0,0,0.0,0.0,0.01,1000.0,0.01,0.0,normal,0.01
15,337,20250,0,0,0.0,0.0,0.01,1000.0,0.01,0.0,normal,0.01
15,337,20265,0,0,0.0,0.0,0.01,1000.0,0.01,0.0,normal,0.01
15,338,20280,0,0,0.0,0.0,0.01,1000.0,0.01,0.0,normal,0.01
15,338,20295,0,0,0.0,0.0,0.01,1000.0,0.01,0.0,normal,0.01
15,338,20310,0,0,0.0,0.0,0.01,1000.0,0.01,0.0,normal,0.01
15,338,20325,0,0,0.0,0.0,0.01,1000.0,0.01,0.0,normal,0.01
15,339,20340,0,0,0.0,0.0,0.01,1000.0,0.01,0.0,normal,0.01
15,339,20355,0,0,0.0,0.0,0.01,1000.0,0.01,0.0,normal,0.01
15,339,20370,1,0,0.01,0.01,0.01,1000.0,0.01,0.0,normal,0.02
15,339,20385,0,0,0.0,0.0,0.01,1000.0,0.01,0.0,normal,0.02
15,340,20400,0,0,0.0,0.0,0.01,1000.0,0.01,0.0,normal,0.02
15,340,20415,0,0,0.0,0.0,0.01,1000.0,0.01,0.0,normal,0.02
15,340,20430,0,0,0.0,0.0,0.01,1000.0,0.01,0.0,normal,0.02
15,340,20445,0,0,0.0,0.0,0.01,1000.0,0.01,0.0,normal,0.02
15,341,20460,0,0,0.0,0.0,0.01,1000.0,0.01,0.0,normal,0.02
15,341,20475,0,0,0.0,0.0,0.01,1000.0,0.01,0.0,normal,0.02
15,341,20490,0,0,0.0,0.0,0.01,1000.0,0.01,0.0,normal,0.02
15,341,20505,0,0,0.0,0.0,0.01,1000.0,0.01,0.0,normal,0.02
15,342,20520,0,0,0.0,0.0,0.01,1000.0,0.01,0.0,normal,0.02
15,342,20535,0,0,0.0,0.0,0.01,1000.0,0.01,0.0,normal,0.02
15,342,20550,0,0,0.0,0.0,0.01,1000.0,0.01,0.0,normal,0.02
15,342,20565,0,0,0.0,0.0,0.01,1000.0,0.01,0.0,normal,0.02
15,343,20580,0,0,0.0,0.0,0.01,1000.0,0.01,0.0,normal,0.02
15,343,20595,0,0,0.0,0.0,0.01,1000.0,0.01,0.0,normal,0.02
15,343,20610,0,0,0.0,0.0,0.01,1000.0,0.01,0.0,normal,0.02
15,343,20625,0,0,0.0,0.0,0.01,1000.0,0.01,0.0,normal,0.02
15,344,20640,0,0,0.0,0.0,0.01,1000.0,0.01,0.0,normal,0.02
15,344,20655,0,0,0.0,0.0,0.01,1000.0,0.01,0.0,normal,0.02
15,344,20670,0,0,0.0,0.0,0.01,1000.0,0.01,0.0,normal,0.02
15,344,20685,0,0,0.0,0.0,0.01,1000.0,0.01,0.0,normal,0.02
15,345,20700,0,0,0.0,0.0,0.01,1000.0,0.01,0.0,normal,0.02
15,345,20715,0,0,0.0,0.0,0.01,1000.0,0.01,0.0,normal,0.02
15,345,20730,0,0,0.0,0.0,0.01,1000.0,0.01,0.0,normal,0.02
15,345,20745,0,0,0.0,0.0,0.01,1000.0,0.01,0.0,normal,0.02
15,346,20760,0,0,0.0,0.0,0.01,1000.0,0.01,0.0,normal,0.02
15,346,20775,0,0,0.0,0.0,0.01,1000.0,0.01,0.0,normal,0.02
15,346,20790,0,0,0.0,0.0,0.01,1000.0,0.01,0.0,normal,0.02
15,346,20805,0,0,0.0,0.0,0.01,1000.0,0.01,0.0,normal,0.02
15,347,20820,0,0,0.0,0.0,0.01,1000.0,0.01,0.0,normal,0.02
15,347,20835,0,0,0.0,0.0,0.01,1000.0,0.01,0.0,normal,0.02
15,347,20850,0,0,0.0,0.0,0.01,1000.0,0.01,0.0,normal,0.02
15,347,20865,0,0,0.0,0.0,0.01,1000.0,0.01,0.0,normal,0.02
15,348,20880,0,0,0.0,0.0,0.01,1000.0,0.01,0.0,normal,0.02
15,348,20895,0,0,0.0,0.0,0.01,1000.0,0.01,0.0,normal,0.02
15,348,20910,0,0,0.0,0.0,0.01,1000.0,0.01,0.0,normal,0.02
15,348,20925,0,0,0.0,0.0,0.01,1000.0,0.01,0.0,normal,0.02
15,349,20940,0,0,0.0,0.0,0.01,1000.0,0.01,0.0,normal,0.02
15,349,20955,0,0,0.0,0.0,0.01,1000.0,0.01,0.0,normal,0.02
15,349,20970,0,0,0.0,0.0,0.01,1000.0,0.01,0.0,normal,0.02
15,349,20985,0,0,0.0,0.0,0.01,1000.0,0.01,0.0,normal,0.02
15,350,21000,1,0,0.01,0.01,0.01,1000.0,0.01,0.0,normal,0.03
15,350,21015,0,0,0.0,0.0,0.01,1000.0,0.01,0.0,normal,0.03
15,350,21030,0,0,0.0,0.0,0.01,1000.0,0.01,0.0,normal,0.03
15,350,21045,0,0,0.0,0.0,0.01,1000.0,0.01,0.0,normal,0.03
15,351,21060,0,0,0.0,0.0,0.01,1000.0,0.01,0.0,normal,0.03
15,351,21075,0,0,0.0,0.0,0.01,1000.0,0.01,0.0,normal,0.03
15,351,21090,2,0,0.02,0.02,0.01,1000.0,0.01,0.0,normal,0.05
15,351,21105,0,0,0.0,0.0,0.01,1000.0,0.01,0.0,normal,0.05
15,352,21120,0,0,0.0,0.0,0.01,1000.0,0.01,0.0,normal,0.05
15,352,21135,0,0,0.0,0.0,0.01,1000.0,0.01,0.0,normal,0.05
15,352,21150,0,0,0.0,0.0,0.01,1000.0,0.01,0.0,normal,0.05
15,352,21165,0,0,0.0,0.0,0.01,1000.0,0.01,0.0,normal,0.05
15,353,21180,0,0,0.0,0.0,0.01,1000.0,0.01,0.0,normal,0.05
15,353,21195,0,0,0.0,0.0,0.01,1000.0,0.01,0.0,normal,0.05
15,353,21210,0,0,0.0,0.0,0.01,1000.0,0.01,0.0,normal,0.05
15,353,21225,0,0,0.0,0.0,0.01,1000.0,0.01,0.0,normal,0.05
15,354,21240,0,0,0.0,0.0,0.01,1000.0,0.01,0.0,normal,0.05
15,354,21255,0,0,0.0,0.0,0.01,1000.0,0.01,0.0,normal,0.05
15,354,21270,0,0,0.0,0.0,0.01,1000.0,0.01,0.0,normal,0.05
15,354,21285,0,0,0.0,0.0,0.01,1000.0,0.01,0.0,normal,0.05
15,355,21300,0,0,0.0,0.0,0.01,1000.0,0.01,0.0,normal,0.05
15,355,21315,0,0,0.0,0.0,0.01,1000.0,0.01,0.0,normal,0.05
15,355,21330,0,0,0.0,0.0,0.01,1000.0,0.01,0.0,normal,0.05
15,355,21345,0,0,0.0,0.0,0.01,1000.0,0.01,0.0,normal,0.05
15,356,21360,0,0,0.0,0.0,0.01,1000.0,0.01,0.0,normal,0.05
15,356,21375,0,0,0.0,0.0,0.01,1000.0,0.01,0.0,normal,0.05
15,356,21390,0,0,0.0,0.0,0.01,1000.0,0.01,0.0,normal,0.05
15,356,21405,0,0,0.0,0.0,0.01,1000.0,0.01,0.0,normal,0.05
15,357,21420,0,0,0.0,0.0,0.01,1000.0,0.01,0.0,normal,0.05
15,357,21435,0,0,0.0,0.0,0.01,1000.0,0.01,0.0,normal,0.05
15,357,21450,0,0,0.0,0.0,0.01,1000.0,0.01,0.0,normal,0.05
15,357,21465,0,0,0.0,0.0,0.01,1000.0,0.01,0.0,normal,0.05
15,358,21480,0,0,0.0,0.0,0.01,1000.0,0.01,0.0,normal,0.05
15,358,21495,0,0,0.0,0.0,0.01,1000.0,0.01,0.0,normal,0.05
15,358,21510,0,0,0.0,0.0,0.01,1000.0,0.01,0.0,normal,0.05
15,358,21525,0,0,0.0,0.0,0.01,1000.0,0.01,0.0,normal,0.05
15,359,21540,0,0,0.0,0.0,0.01,1000.0,0.01,0.0,normal,0.05
15,359,21555,0,0,0.0,0.0,0.01,1000.0,0.01,0.0,normal,0.05
15,359,21570,0,0,0.0,0.0,0.01,1000.0,0.01,0.0,normal,0.05
15,359,21585,0,0,0.0,0.0,0.01,1000.0,0.01,0.0,normal,0.05
16,360,21600,0,0,0.0,0.0,0.01,1000.0,0.01,0.0,normal,0.0
16,360,21615,0,0,0.0,0.0,0.01,1000.0,0.01,0.0,normal,0.0
16,360,21630,0,0,0.0,0.0,0.01,1000.0,0.01,0.0,normal,0.0
16,360,21645,0,0,0.0,0.0,0.01,1000.0,0.01,0.0,normal,0.0
16,361,21660,1,0,0.01,0.01,0.01,1000.0,0.01,0.0,normal,0.01
16,361,21675,0,0,0.0,0.0,0.01,1000.0,0.01,0.0,normal,0.01
16,361,21690,0,0,0.0,0.0,0.01,1000.0,0.01,0.0,normal,0.01
16,361,21705,0,0,0.0,0.0,0.01,1000.0,0.01,0.0,normal,0.01
16,362,21720,0,0,0.0,0.0,0.01,1000.0,0.01,0.0,normal,0.01
16,362,21735,0,0,0.0,0.0,0.01,1000.0,0.01,0.0,normal,0.01
16,362,21750,0,0,0.0,0.0,0.01,1000.0,0.01,0.0,normal,0.01
16,362,21765,0,0,0.0,0.0,0.01,1000.0,0.01,0.0,normal,0.01
16,363,21780,0,0,0.0,0.0,0.01,1000.0,0.01,0.0,normal,0.01
16,363,21795,0,0,0.0,0.0,0.01,1000.0,0.01,0.0,normal,0.01
16,363,21810,0,0,0.0,0.0,0.01,1000.0,0.01,0.0,normal,0.01
16,363,21825,0,0,0.0,0.0,0.01,1000.0,0.01,0.0,normal,0.01
16,364,21840,0,0,0.0,0.0,0.01,1000.0,0.01,0.0,normal,0.01
16,364,21855,0,0,0.0,0.0,0.01,1000.0,0.01,0.0,normal,0.01
16,364,21870,0,0,0.0,0.0,0.01,1000.0,0.01,0.0,normal,0.01
16,364,21885,0,0,0.0,0.0,0.01,1000.0,0.01,0.0,normal,0.01
16,365,21900,0,0,0.0,0.0,0.01,1000.0,0.01,0.0,normal,0.01
16,365,21915,0,0,0.0,0.0,0.01,1000.0,0.01,0.0,normal,0.01
16,365,21930,0,0,0.0,0.0,0.01,1000.0,0.01,0.0,normal,0.01
16,365,21945,0,0,0.0,0.0,0.01,1000.0,0.01,0.0,normal,0.01
16,366,21960,0,0,0.0,0.0,0.01,1000.0,0.01,0.0,normal,0.01
16,366,21975,0,0,0.0,0.0,0.01,1000.0,0.01,0.0,normal,0.01
16,366,21990,0,0,0.0,0.0,0.01,1000.0,0.01,0.0,normal,0.01
16,366,22005,0,0,0.0,0.0,0.01,1000.0,0.01,0.0,normal,0.01
16,367,22020,0,0,0.0,0.0,0.01,1000.0,0.01,0.0,normal,0.01
16,367,22035,0,0,0.0,0.0,0.01,1000.0,0.01,0.0,normal,0.01
16,367,22050,0,0,0.0,0.0,0.01,1000.0,0.01,0.0,normal,0.01
16,367,22065,0,0,0.0,0.0,0.01,1000.0,0.01,0.0,normal,0.01
16,368,22080,0,0,0.0,0.0,0.01,1000.0,0.01,0.0,normal,0.01
16,368,22095,1,0,0.01,0.01,0.01,1000.0,0.01,0.0,normal,0.02
16,368,22110,0,0,0.0,0.0,0.01,1000.0,0.01,0.0,normal,0.02
16,368,22125,0,0,0.0,0.0,0.01,1000.0,0.01,0.0,normal,0.02
16,369,22140,0,0,0.0,0.0,0.01,1000.0,0.01,0.0,normal,0.02
16,369,22155,1,0,0.01,0.01,0.01,1000.0,0.01,0.0,normal,0.03
16,369,22170,0,0,0.0,0.0,0.01,1000.0,0.01,0.0,normal,0.03
16,369,22185,0,0,0.0,0.0,0.01,1000.0,0.01,0.0,normal,0.03
16,370,22200,0,0,0.0,0.0,0.01,1000.0,0.01,0.0,normal,0.03
16,370,22215,0,0,0.0,0.0,0.01,1000.0,0.01,0.0,normal,0.03
16,370,22230,0,0,0.0,0.0,0.01,1000.0,0.01,0.0,normal,0.03
16,370,22245,0,0,0.0,0.0,0.01,1000.0,0.01,0.0,normal,0.03
16,371,22260,0,0,0.0,0.0,0.01,1000.0,0.01,0.0,normal,0.03
16,371,22275,0,0,0.0,0.0,0.01,1000.0,0.01,0.0,normal,0.03
16,371,22290,0,0,0.0,0.0,0.01,1000.0,0.01,0.0,normal,0.03
16,371,22305,0,0,0.0,0.0,0.01,1000.0,0.01,0.0,normal,0.03
16,372,22320,0,0,0.0,0.0,0.01,1000.0,0.01,0.0,normal,0.03
16,372,22335,0,0,0.0,0.0,0.01,1000.0,0.01,0.0,normal,0.03
16,372,22350,0,0,0.0,0.0,0.01,1000.0,0.01,0.0,normal,0.03
16,372,22365,0,0,0.0,0.0,0.01,1000.0,0.01,0.0,normal,0.03
16,373,22380,0,0,0.0,0.0,0.01,1000.0,0.01,0.0,normal,0.03
16,373,22395,0,0,0.0,0.0,0.01,1000.0,0.01,0.0,normal,0.03
16,373,22410,0,0,0.0,0.0,0.01,1000.0,0.01,0.0,normal,0.03
16,373,22425,0,0,0.0,0.0,0.01,1000.0,0.01,0.0,normal,0.03
16,374,22440,0,0,0.0,0.0,0.01,1000.0,0.01,0.0,normal,0.03
16,374,22455,0,0,0.0,0.0,0.01,1000.0,0.01,0.0,normal,0.03
16,374,22470,0,0,0.0,0.0,0.01,1000.0,0.01,0.0,normal,0.03
16,374,22485,0,0,0.0,0.0,0.01,1000.0,0.01,0.0,normal,0.03
16,375,22500,0,0,0.0,0.0,0.01,1000.0,0.01,0.0,normal,0.03
16,375,22515,0,0,0.0,0.0,0.01,1000.0,0.01,0.0,normal,0.03
16,375,22530,0,0,0.0,0.0,0.01,1000.0,0.01,0.0,normal,0.03
16,375,22545,1,0,0.01,0.01,0.01,1000.0,0.01,0.0,normal,0.04
16,376,22560,0,0,0.0,0.0,0.01,1000.0,0.01,0.0,normal,0.04
16,376,22575,0,0,0.0,0.0,0.01,1000.0,0.01,0.0,normal,0.04
16,376,22590,0,0,0.0,0.0,0.01,1000.0,0.01,0.0,normal,0.04
16,376,22605,0,0,0.0,0.0,0.01,1000.0,0.01,0.0,normal,0.04
16,377,22620,0,0,0.0,0.0,0.01,1000.0,0.01,0.0,normal,0.04
16,377,22635,0,0,0.0,0.0,0.01,1000.0,0.01,0.0,normal,0.04
16,377,22650,0,0,0.0,0.0,0.01,1000.0,0.01,0.0,normal,0.04
16,377,22665,0,0,0.0,0.0,0.01,1000.0,0.01,0.0,normal,0.04
16,378,22680,0,0,0.0,0.0,0.01,1000.0,0.01,0.0,normal,0.04
16,378,22695,0,0,0.0,0.0,0.01,1000.0,0.01,0.0,normal,0.04
16,378,22710,0,0,0.0,0.0,0.01,1000.0,0.01,0.0,normal,0.04
16,378,22725,0,0,0.0,0.0,0.01,1000.0,0.01,0.0,normal,0.04
16,379,22740,0,0,0.0,0.0,0.01,1000.0,0.01,0.0,normal,0.04
16,379,22755,0,0,0.0,0.0,0.01,1000.0,0.01,0.0,normal,0.04
16,379,22770,0,0,0.0,0.0,0.01,1000.0,0.01,0.0,normal,0.04
16,379,22785,0,0,0.0,0.0,0.01,1000.0,0.01,0.0,normal,0.04
16,380,22800,0,0,0.0,0.0,0.01,1000.0,0.01,0.0,normal,0.04
16,380,22815,0,0,0.0,0.0,0.01,1000.0,0.01,0.0,normal,0.04
16,380,22830,0,0,0.0,0.0,0.01,1000.0,0.01,0.0,normal,0.04
16,380,22845,0,0,0.0,0.0,0.01,1000.0,0.01,0.0,normal,0.04
16,381,22860,0,0,0.0,0.0,0.01,1000.0,0.01,0.0,normal,0.04
16,381,22875,0,0,0.0,0.0,0.01,1000.0,0.01,0.0,normal,0.04
16,381,22890,0,0,0.0,0.0,0.01,1000.0,0.01,0.0,normal,0.04
16,381,22905,0,0,0.0,0.0,0.01,1000.0,0.01,0.0,normal,0.04
16,382,22920,0,0,0.0,0.0,0.01,1000.0,0.01,0.0,normal,0.04
16,382,22935,0,0,0.0,0.0,0.01,1000.0,0.01,0.0,normal,0.04
16,382,22950,0,0,0.0,0.0,0.01,1000.0,0.01,0.0,normal,0.04
16,382,22965,0,0,0.0,0.0,0.01,1000.0,0.01,0.0,normal,0.04
16,383,22980,0,0,0.0,0.0,0.01,1000.0,0.01,0.0,normal,0.04
16,383,22995,0,0,0.0,0.0,0.01,1000.0,0.01,0.0,normal,0.04
16,383,23010,0,0,0.0,0.0,0.01,1000.0,0.01,0.0,normal,0.04
16,383,23025,0,0,0.0,0.0,0.01,1000.0,0.01,0.0,normal,0.04
17,384,23040,0,0,0.0,0.0,0.01,1000.0,0.01,0.0,normal,0.0
17,384,23055,0,0,0.0,0.0,0.01,1000.0,0.01,0.0,normal,0.0
17,384,23070,0,0,0.0,0.0,0.01,1000.0,0.01,0.0,normal,0.0
17,384,23085,0,0,0.0,0.0,0.01,1000.0,0.01,0.0,normal,0.0
17,385,23100,0,0,0.0,0.0,0.01,1000.0,0.01,0.0,normal,0.0
17,385,23115,0,0,0.0,0.0,0.01,1000.0,0.01,0.0,normal,0.0
17,385,23130,0,0,0.0,0.0,0.01,1000.0,0.01,0.0,normal,0.0
17,385,23145,0,0,0.0,0.0,0.01,1000.0,0.01,0.0,normal,0.0
17,386,23160,0,0,0.0,0.0,0.01,1000.0,0.01,0.0,normal,0.0
17,386,23175,0,0,0.0,0.0,0.01,1000.0,0.01,0.0,normal,0.0
17,386,23190,0,0,0.0,0.0,0.01,1000.0,0.01,0.0,normal,0.0
17,386,23205,0,0,0.0,0.0,0.01,1000.0,0.01,0.0,normal,0.0
17,387,23220,0,0,0.0,0.0,0.01,1000.0,0.01,0.0,normal,0.0
17,387,23235,0,0,0.0,0.0,0.01,1000.0,0.01,0.0,normal,0.0
17,387,23250,0,0,0.0,0.0,0.01,1000.0,0.01,0.0,normal,0.0
17,387,23265,0,0,0.0,0.0,0.01,1000.0,0.01,0.0,normal,0.0
17,388,23280,0,0,0.0,0.0,0.01,1000.0,0.01,0.0,normal,0.0
17,388,23295,0,0,0.0,0.0,0.01,1000.0,0.01,0.0,normal,0.0
17,388,23310,0,0,0.0,0.0,0.01,1000.0,0.01,0.0,normal,0.0
17,388,23325,0,0,0.0,0.0,0.01,1000.0,0.01,0.0,normal,0.0
17,389,23340,0,0,0.0,0.0,0.01,1000.0,0.01,0.0,normal,0.0
17,389,23355,0,0,0.0,0.0,0.01,1000.0,0.01,0.0,normal,0.0
17,389,23370,0,0,0.0,0.0,0.01,1000.0,0.01,0.0,normal,0.0
17,389,23385,1,0,0.01,0.01,0.01,1000.0,0.01,0.0,normal,0.01
17,390,23400,0,0,0.0,0.0,0.01,1000.0,0.01,0.0,normal,0.01
17,390,23415,0,0,0.0,0.0,0.01,1000.0,0.01,0.0,normal,0.01
17,390,23430,0,0,0.0,0.0,0.01,1000.0,0.01,0.0,normal,0.01
17,390,23445,0,0,0.0,0.0,0.01,1000.0,0.01,0.0,normal,0.01
17,391,23460,0,0,0.0,0.0,0.01,1000.0,0.01,0.0,normal,0.01
17,391,23475,0,0,0.0,0.0,0.01,1000.0,0.01,0.0,normal,0.01
17,391,23490,0,0,0.0,0.0,0.01,1000.0,0.01,0.0,normal,0.01
17,391,23505,0,0,0.0,0.0,0.01,1000.0,0.01,0.0,normal,0.01
17,392,23520,0,0,0.0,0.0,0.01,1000.0,0.01,0.0,normal,0.01
17,392,23535,0,0,0.0,0.0,0.01,1000.0,0.01,0.0,normal,0.01
17,392,23550,0,0,0.0,0.0,0.01,1000.0,0.01,0.0,normal,0.01
17,392,23565,0,0,0.0,0.0,0.01,1000.0,0.01,0.0,normal,0.01
17,393,23580,0,0,0.0,0.0,0.01,1000.0,0.01,0.0,normal,0.01
17,393,23595,0,0,0.0,0.0,0.01,1000.0,0.01,0.0,normal,0.01
17,393,23610,0,0,0.0,0.0,0.01,1000.0,0.01,0.0,normal,0.01
17,393,23625,0,0,0.0,0.0,0.01,1000.0,0.01,0.0,normal,0.01
17,394,23640,1,0,0.01,0.01,0.01,1000.0,0.01,0.0,normal,0.02
17,394,23655,0,0,0.0,0.0,0.01,1000.0,0.01,0.0,normal,0.02
17,394,23670,0,0,0.0,0.0,0.01,1000.0,0.01,0.0,normal,0.02
17,394,23685,0,0,0.0,0.0,0.01,1000.0,0.01,0.0,normal,0.02
17,395,23700,0,0,0.0,0.0,0.01,1000.0,0.01,0.0,normal,0.02
17,395,23715,0,0,0.0,0.0,0.01,1000.0,0.01,0.0,normal,0.02
17,395,23730,0,0,0.0,0.0,0.01,1000.0,0.01,0.0,normal,0.02
17,395,23745,0,0,0.0,0.0,0.01,1000.0,0.01,0.0,normal,0.02
17,396,23760,0,0,0.0,0.0,0.01,1000.0,0.01,0.0,normal,0.02
17,396,23775,0,0,0.0,0.0,0.01,1000.0,0.01,0.0,normal,0.02
17,396,23790,0,0,0.0,0.0,0.01,1000.0,0.01,0.0,normal,0.02
17,396,23805,0,0,0.0,0.0,0.01,1000.0,0.01,0.0,normal,0.02
17,397,23820,0,0,0.0,0.0,0.01,1000.0,0.01,0.0,normal,0.02
17,397,23835,0,0,0.0,0.0,0.01,1000.0,0.01,0.0,normal,0.02
17,397,23850,0,0,0.0,0.0,0.01,1000.0,0.01,0.0,normal,0.02
17,397,23865,1,0,0.01,0.01,0.01,1000.0,0.01,0.0,normal,0.03
17,398,23880,0,0,0.0,0.0,0.01,1000.0,0.01,0.0,normal,0.03
17,398,23895,0,0,0.0,0.0,0.01,1000.0,0.01,0.0,normal,0.03
17,398,23910,0,0,0.0,0.0,0.01,1000.0,0.01,0.0,normal,0.03
17,398,23925,1,0,0.01,0.01,0.01,1000.0,0.01,0.0,normal,0.04
17,399,23940,0,0,0.0,0.0,0.01,1000.0,0.01,0.0,normal,0.04
17,399,23955,0,0,0.0,0.0,0.01,1000.0,0.01,0.0,normal,0.04
17,399,23970,0,0,0.0,0.0,0.01,1000.0,0.01,0.0,normal,0.04
17,399,23985,0,0,0.0,0.0,0.01,1000.0,0.01,0.0,normal,0.04
17,400,24000,0,0,0.0,0.0,0.01,1000.0,0.01,0.0,normal,0.04
17,400,24015,0,0,0.0,0.0,0.01,1000.0,0.01,0.0,normal,0.04
17,400,24030,0,0,0.0,0.0,0.01,1000.0,0.01,0.0,normal,0.04
17,400,24045,0,0,0.0,0.0,0.01,1000.0,0.01,0.0,normal,0.04
17,401,24060,0,0,0.0,0.0,0.01,1000.0,0.01,0.0,normal,0.04
17,401,24075,0,0,0.0,0.0,0.01,1000.0,0.01,0.0,normal,0.04
17,401,24090,0,0,0.0,0.0,0.01,1000.0,0.01,0.0,normal,0.04
17,401,24105,0,0,0.0,0.0,0.01,1000.0,0.01,0.0,normal,0.04
17,402,24120,0,0,0.0,0.0,0.01,1000.0,0.01,0.0,normal,0.04
17,402,24135,0,0,0.0,0.0,0.01,1000.0,0.01,0.0,normal,0.04
17,402,24150,0,0,0.0,0.0,0.01,1000.0,0.01,0.0,normal,0.04
17,402,24165,0,0,0.0,0.0,0.01,1000.0,0.01,0.0,normal,0.04
17,403,24180,0,0,0.0,0.0,0.01,1000.0,0.01,0.0,normal,0.04
17,403,24195,0,0,0.0,0.0,0.01,1000.0,0.01,0.0,normal,0.04
17,403,24210,0,0,0.0,0.0,0.01,1000.0,0.01,0.0,normal,0.04
17,403,24225,0,0,0.0,0.0,0.01,1000.0,0.01,0.0,normal,0.04
17,404,24240,0,0,0.0,0.0,0.01,1000.0,0.01,0.0,normal,0.04
17,404,24255,0,0,0.0,0.0,0.01,1000.0,0.01,0.0,normal,0.04
17,404,24270,0,0,0.0,0.0,0.01,1000.0,0.01,0.0,normal,0.04
17,404,24285,0,0,0.0,0.0,0.01,1000.0,0.01,0.0,normal,0.04
17,405,24300,0,0,0.0,0.0,0.01,1000.0,0.01,0.0,normal,0.04
17,405,24315,0,0,0.0,0.0,0.01,1000.0,0.01,0.0,normal,0.04
17,405,24330,0,0,0.0,0.0,0.01,1000.0,0.01,0.0,normal,0.04
17,405,24345,0,0,0.0,0.0,0.01,1000.0,0.01,0.0,normal,0.04
17,406,24360,0,0,0.0,0.0,0.01,1000.0,0.01,0.0,normal,0.04
17,406,24375,0,0,0.0,0.0,0.01,1000.0,0.01,0.0,normal,0.04
17,406,24390,0,0,0.0,0.0,0.01,1000.0,0.01,0.0,normal,0.04
17,406,24405,0,0,0.0,0.0,0.01,1000.0,0.01,0.0,normal,0.04
17,407,24420,0,0,0.0,0.0,0.01,1000.0,0.01,0.0,normal,0.04
17,407,24435,0,0,0.0,0.0,0.01,1000.0,0.01,0.0,normal,0.04
17,407,24450,0,0,0.0,0.0,0.01,1000.0,0.01,0.0,normal,0.04
17,407,24465,0,0,0.0,0.0,0.01,1000.0,0.01,0.0,normal,0.04
18,408,24480,0,0,0.0,0.0,0.01,1000.0,0.01,0.0,normal,0.0
18,408,24495,0,0,0.0,0.0,0.01,1000.0,0.01,0.0,normal,0.0
18,408,24510,0,0,0.0,0.0,0.01,1000.0,0.01,0.0,normal,0.0
18,408,24525,0,0,0.0,0.0,0.01,1000.0,0.01,0.0,normal,0.0
18,409,24540,0,0,0.0,0.0,0.01,1000.0,0.01,0.0,normal,0.0
18,409,24555,0,0,0.0,0.0,0.01,1000.0,0.01,0.0,normal,0.0
18,409,24570,0,0,0.0,0.0,0.01,1000.0,0.01,0.0,normal,0.0
18,409,24585,0,0,0.0,0.0,0.01,1000.0,0.01,0.0,normal,0.0
18,410,24600,0,0,0.0,0.0,0.01,1000.0,0.01,0.0,normal,0.0
18,410,24615,0,0,0.0,0.0,0.01,1000.0,0.01,0.0,normal,0.0
18,410,24630,0,0,0.0,0.0,0.01,1000.0,0.01,0.0,normal,0.0
18,410,24645,0,0,0.0,0.0,0.01,1000.0,0.01,0.0,normal,0.0
18,411,24660,0,0,0.0,0.0,0.01,1000.0,0.01,0.0,normal,0.0
18,411,24675,0,0,0.0,0.0,0.01,1000.0,0.01,0.0,normal,0.0
18,411,24690,1,0,0.01,0.01,0.01,1000.0,0.01,0.0,normal,0.01
18,411,24705,0,0,0.0,0.0,0.01,1000.0,0.01,0.0,normal,0.01
18,412,24720,0,0,0.0,0.0,0.01,1000.0,0.01,0.0,normal,0.01
18,412,24735,0,0,0.0,0.0,0.01,1000.0,0.01,0.0,normal,0.01
18,412,24750,0,0,0.0,0.0,0.01,1000.0,0.01,0.0,normal,0.01
18,412,24765,0,0,0.0,0.0,0.01,1000.0,0.01,0.0,normal,0.01
18,413,24780,0,0,0.0,0.0,0.01,1000.0,0.01,0.0,normal,0.01
18,413,24795,0,0,0.0,0.0,0.01,1000.0,0.01,0.0,normal,0.01
18,413,24810,0,0,0.0,0.0,0.01,1000.0,0.01,0.0,normal,0.01
18,413,24825,0,0,0.0,0.0,0.01,1000.0,0.01,0.0,normal,0.01
18,414,24840,0,0,0.0,0.0,0.01,1000.0,0.01,0.0,normal,0.01
18,414,24855,0,0,0.0,0.0,0.01,1000.0,0.01,0.0,normal,0.01
18,414,24870,0,0,0.0,0.0,0.01,1000.0,0.01,0.0,normal,0.01
18,414,24885,0,0,0.0,0.0,0.01,1000.0,0.01,0.0,normal,0.01
18,415,24900,0,0,0.0,0.0,0.01,1000.0,0.01,0.0,normal,0.01
18,415,24915,0,0,0.0,0.0,0.01,1000.0,0.01,0.0,normal,0.01
18,415,24930,0,0,0.0,0.0,0.01,1000.0,0.01,0.0,normal,0.01
18,415,24945,0,0,0.0,0.0,0.01,1000.0,0.01,0.0,normal,0.01
18,416,24960,0,0,0.0,0.0,0.01,1000.0,0.01,0.0,normal,0.01
18,416,24975,0,0,0.0,0.0,0.01,1000.0,0.01,0.0,normal,0.01
18,416,24990,0,0,0.0,0.0,0.01,1000.0,0.01,0.0,normal,0.01
18,416,25005,0,0,0.0,0.0,0.01,1000.0,0.01,0.0,normal,0.01
18,417,25020,0,0,0.0,0.0,0.01,1000.0,0.01,0.0,normal,0.01
18,417,25035,0,0,0.0,0.0,0.01,1000.0,0.01,0.0,normal,0.01
18,417,25050,0,0,0.0,0.0,0.01,1000.0,0.01,0.0,normal,0.01
18,417,25065,0,0,0.0,0.0,0.01,1000.0,0.01,0.0,normal,0.01
18,418,25080,0,0,0.0,0.0,0.01,1000.0,0.01,0.0,normal,0.01
18,418,25095,0,0,0.0,0.0,0.01,1000.0,0.01,0.0,normal,0.01
18,418,25110,0,0,0.0,0.0,0.01,1000.0,0.01,0.0,normal,0.01
18,418,25125,0,0,0.0,0.0,0.01,1000.0,0.01,0.0,normal,0.01
18,419,25140,0,0,0.0,0.0,0.01,1000.0,0.01,0.0,normal,0.01
18,419,25155,0,0,0.0,0.0,0.01,1000.0,0.01,0.0,normal,0.01
18,419,25170,0,0,0.0,0.0,0.01,1000.0,0.01,0.0,normal,0.01
18,419,25185,0,0,0.0,0.0,0.01,1000.0,0.01,0.0,normal,0.01
18,420,25200,0,0,0.0,0.0,0.01,1000.0,0.01,0.0,normal,0.01
18,420,25215,0,0,0.0,0.0,0.01,1000.0,0.01,0.0,normal,0.01
18,420,25230,0,0,0.0,0.0,0.01,1000.0,0.01,0.0,normal,0.01
18,420,25245,0,0,0.0,0.0,0.01,1000.0,0.01,0.0,normal,0.01
18,421,25260,0,0,0.0,0.0,0.01,1000.0,0.01,0.0,normal,0.01
18,421,25275,0,0,0.0,0.0,0.01,1000.0,0.01,0.0,normal,0.01
18,421,25290,0,0,0.0,0.0,0.01,1000.0,0.01,0.0,normal,0.01
18,421,25305,0,0,0.0,0.0,0.01,1000.0,0.01,0.0,normal,0.01
18,422,25320,0,0,0.0,0.0,0.01,1000.0,0.01,0.0,normal,0.01
18,422,25335,0,0,0.0,0.0,0.01,1000.0,0.01,0.0,normal,0.01
18,422,25350,0,0,0.0,0.0,0.01,1000.0,0.01,0.0,normal,0.01
18,422,25365,0,0,0.0,0.0,0.01,1000.0,0.01,0.0,normal,0.01
18,423,25380,0,0,0.0,0.0,0.01,1000.0,0.01,0.0,normal,0.01
18,423,25395,0,0,0.0,0.0,0.01,1000.0,0.01,0.0,normal,0.01
18,423,25410,0,0,0.0,0.0,0.01,1000.0,0.01,0.0,normal,0.01
18,423,25425,0,0,0.0,0.0,0.01,1000.0,0.01,0.0,normal,0.01
18,424,25440,0,0,0.0,0.0,0.01,1000.0,0.01,0.0,normal,0.01
18,424,25455,0,0,0.0,0.0,0.01,1000.0,0.01,0.0,normal,0.01
18,424,25470,0,0,0.0,0.0,0.01,1000.0,0.01,0.0,normal,0.01
18,424,25485,0,0,0.0,0.0,0.01,1000.0,0.01,0.0,normal,0.01
18,425,25500,0,0,0.0,0.0,0.01,1000.0,0.01,0.0,normal,0.01
18,425,25515,0,0,0.0,0.0,0.01,1000.0,0.01,0.0,normal,0.01
18,425,25530,0,0,0.0,0.0,0.01,1000.0,0.01,0.0,normal,0.01
18,425,25545,0,0,0.0,0.0,0.01,1000.0,0.01,0.0,normal,0.01
18,426,25560,0,0,0.0,0.0,0.01,1000.0,0.01,0.0,normal,0.01
18,426,25575,0,0,0.0,0.0,0.01,1000.0,0.01,0.0,normal,0.01
18,426,25590,0,0,0.0,0.0,0.01,1000.0,0.01,0.0,normal,0.01
18,426,25605,0,0,0.0,0.0,0.01,1000.0,0.01,0.0,normal,0.01
18,427,25620,0,0,0.0,0.0,0.01,1000.0,0.01,0.0,normal,0.01
18,427,25635,0,0,0.0,0.0,0.01,1000.0,0.01,0.0,normal,0.01
18,427,25650,0,0,0.0,0.0,0.01,1000.0,0.01,0.0,normal,0.01
18,427,25665,0,0,0.0,0.0,0.01,1000.0,0.01,0.0,normal,0.01
18,428,25680,0,0,0.0,0.0,0.01,1000.0,0.01,0.0,normal,0.01
18,428,25695,0,0,0.0,0.0,0.01,1000.0,0.01,0.0,normal,0.01
18,428,25710,0,0,0.0,0.0,0.01,1000.0,0.01,0.0,normal,0.01
18,428,25725,0,0,0.0,0.0,0.01,1000.0,0.01,0.0,normal,0.01
18,429,25740,0,0,0.0,0.0,0.01,1000.0,0.01,0.0,normal,0.01
18,429,25755,0,0,0.0,0.0,0.01,1000.0,0.01,0.0,normal,0.01
18,429,25770,0,0,0.0,0.0,0.01,1000.0,0.01,0.0,normal,0.01
18,429,25785,0,0,0.0,0.0,0.01,1000.0,0.01,0.0,normal,0.01
18,430,25800,0,0,0.0,0.0,0.01,1000.0,0.01,0.0,normal,0.01
18,430,25815,0,0,0.0,0.0,0.01,1000.0,0.01,0.0,normal,0.01
18,430,25830,0,0,0.0,0.0,0.01,1000.0,0.01,0.0,normal,0.01
18,430,25845,0,0,0.0,0.0,0.01,1000.0,0.01,0.0,normal,0.01
18,431,25860,0,0,0.0,0.0,0.01,1000.0,0.01,0.0,normal,0.01
18,431,25875,0,0,0.0,0.0,0.01,1000.0,0.01,0.0,normal,0.01
18,431,25890,0,0,0.0,0.0,0.01,1000.0,0.01,0.0,normal,0.01
18,431,25905,0,0,0.0,0.0,0.01,1000.0,0.01,0.0,normal,0.01
19,432,25920,0,0,0.0,0.0,0.01,1000.0,0.01,0.0,normal,0.0
19,432,25935,0,0,0.0,0.0,0.01,1000.0,0.01,0.0,normal,0.0
19,432,25950,0,0,0.0,0.0,0.01,1000.0,0.01,0.0,normal,0.0
19,432,25965,0,0,0.0,0.0,0.01,1000.0,0.01,0.0,normal,0.0
19,433,25980,0,0,0.0,0.0,0.01,1000.0,0.01,1.0,normal,0.0
19,433,25995,0,0,0.0,0.0,0.01,1000.0,0.01,1.0,normal,0.0
19,433,26010,13,0,30.3247,30.3247,2.3327,1000.0,4.2,1.0,normal,30.3247
19,433,26025,22,0,86.3349,86.3349,3.9243,1000.0,4.2,1.0,normal,116.6596
19,434,26040,14,0,58.8,58.8,4.2,1000.0,4.2,1.0,normal,175.4596
19,434,26055,6,1,25.2,25.2,4.2,1000.0,4.2,1.0,normal,200.6596
19,434,26070,16,0,30.7707,30.7707,1.9232,1000.0,4.2,1.0,normal,231.4303
19,434,26085,7,0,18.525,18.525,2.6464,1000.0,4.2,1.0,normal,249.9553
19,435,26100,13,2,54.6,27.3,4.2,1000.0,4.2,1.0,normal,304.5553
19,435,26115,14,0,57.2499,57.2499,4.0893,1000.0,4.2,1.0,normal,361.8052
19,435,26130,7,0,18.5684,18.5684,2.6526,1000.0,4.2,1.0,normal,380.3736
19,435,26145,12,0,50.4,50.4,4.2,1000.0,4.2,1.0,normal,430.7736
19,436,26160,6,0,9.2336,9.2336,1.5389,1000.0,3.36,1.0,normal,440.0072
19,436,26175,3,0,7.9395,7.9395,2.6465,1000.0,3.36,1.0,normal,447.9467
19,436,26190,6,0,6.1937,6.1937,1.0323,1000.0,3.36,1.0,normal,454.1404
19,436,26205,10,1,33.6,33.6,3.36,1000.0,3.36,1.0,normal,487.7404
19,437,26220,14,1,47.04,47.04,3.36,1000.0,3.36,1.0,normal,534.7804
19,437,26235,8,0,26.3944,26.3944,3.2993,1000.0,3.36,1.0,normal,561.1748
19,437,26250,5,0,7.0683,7.0683,1.4137,1000.0,3.36,1.0,normal,568.2431
19,437,26265,6,0,20.16,20.16,3.36,1000.0,3.36,1.0,normal,588.4031
19,438,26280,8,0,15.4946,15.4946,1.9368,1000.0,3.36,1.0,normal,603.8977
19,438,26295,5,0,16.8,16.8,3.36,1000.0,3.36,1.0,normal,620.6977
19,438,26310,8,1,26.88,26.88,3.36,1000.0,3.36,1.0,normal,647.5777
19,438,26325,11,0,14.7747,14.7747,1.3432,1000.0,3.36,1.0,normal,662.3524
19,439,26340,10,0,33.6,33.6,3.36,1000.0,3.36,1.0,normal,695.9524
19,439,26355,10,0,13.9057,13.9057,1.3906,1000.0,3.36,1.0,normal,709.8581
19,439,26370,7,1,23.52,23.52,3.36,1000.0,3.36,1.0,normal,733.3781
19,439,26385,7,0,23.52,23.52,3.36,1000.0,3.36,1.0,normal,756.8981
19,440,26400,6,1,18.12,18.12,3.02,1000.0,3.02,1.0,normal,775.0181
19,440,26415,5,0,15.1,15.1,3.02,1000.0,3.02,1.0,normal,790.1181
19,440,26430,8,0,16.8677,16.8677,2.1085,1000.0,3.02,1.0,normal,806.9858
19,440,26445,5,1,10.5046,10.5046,2.1009,1000.0,3.02,1.0,normal,817.4904
19,441,26460,7,0,16.8733,16.8733,2.4105,1000.0,3.02,1.0,normal,834.3637
19,441,26475,10,0,30.0347,30.0347,3.0035,1000.0,3.02,1.0,normal,864.3984
19,441,26490,17,0,19.3804,19.3804,1.14,1000.0,3.02,1.0,normal,883.7788
19,441,26505,11,1,33.22,33.22,3.02,1000.0,3.02,1.0,budget_constrained,916.9988
19,442,26520,9,0,18.485,18.485,2.0539,1000.0,3.02,1.0,budget_constrained,935.4838
19,442,26535,9,0,17.9333,17.9333,1.9926,1000.0,3.02,1.0,budget_constrained,953.4171
19,442,26550,5,0,15.1,15.1,3.02,1000.0,3.02,1.0,budget_constrained,968.5171
19,442,26565,8,0,17.9546,17.9546,2.2443,1000.0,3.02,1.0,budget_constrained,986.4717
19,443,26580,4,0,13.5283,13.5283,3.02,1000.0,3.02,1.0,budget_depleted,1000.0
19,443,26595,0,0,0.0,0.0,0.0,1000.0,3.02,1.0,budget_depleted,1000.0
19,443,26610,0,0,0.0,0.0,0.0,1000.0,3.02,1.0,budget_depleted,1000.0
19,443,26625,0,0,0.0,0.0,0.0,1000.0,3.02,1.0,budget_depleted,1000.0
19,444,26640,0,0,0.0,0.0,0.0,1000.0,0.91,1.0,budget_depleted,1000.0
19,444,26655,0,0,0.0,0.0,0.0,1000.0,0.91,1.0,budget_depleted,1000.0
19,444,26670,0,0,0.0,0.0,0.0,1000.0,0.91,1.0,budget_depleted,1000.0
19,444,26685,0,0,0.0,0.0,0.0,1000.0,0.91,1.0,budget_depleted,1000.0
19,445,26700,0,0,0.0,0.0,0.0,1000.0,0.91,1.0,budget_depleted,1000.0
19,445,26715,0,0,0.0,0.0,0.0,1000.0,0.91,1.0,budget_depleted,1000.0
19,445,26730,0,0,0.0,0.0,0.0,1000.0,0.91,1.0,budget_depleted,1000.0
19,445,26745,0,0,0.0,0.0,0.0,1000.0,0.91,1.0,budget_depleted,1000.0
19,446,26760,0,0,0.0,0.0,0.0,1000.0,0.91,1.0,budget_depleted,1000.0
19,446,26775,0,0,0.0,0.0,0.0,1000.0,0.91,1.0,budget_depleted,1000.0
19,446,26790,0,0,0.0,0.0,0.0,1000.0,0.91,1.0,budget_depleted,1000.0
19,446,26805,0,0,0.0,0.0,0.0,1000.0,0.91,1.0,budget_depleted,1000.0
19,447,26820,0,0,0.0,0.0,0.0,1000.0,0.91,1.0,budget_depleted,1000.0
19,447,26835,0,0,0.0,0.0,0.0,1000.0,0.91,1.0,budget_depleted,1000.0
19,447,26850,0,0,0.0,0.0,0.0,1000.0,0.91,1.0,budget_depleted,1000.0
19,447,26865,0,0,0.0,0.0,0.0,1000.0,0.91,1.0,budget_depleted,1000.0
19,448,26880,0,0,0.0,0.0,0.0,1000.0,0.8,1.0,budget_depleted,1000.0
19,448,26895,0,0,0.0,0.0,0.0,1000.0,0.8,1.0,budget_depleted,1000.0
19,448,26910,0,0,0.0,0.0,0.0,1000.0,0.8,1.0,budget_depleted,1000.0
19,448,26925,0,0,0.0,0.0,0.0,1000.0,0.8,1.0,budget_depleted,1000.0
19,449,26940,0,0,0.0,0.0,0.0,1000.0,0.8,1.0,budget_depleted,1000.0
19,449,26955,0,0,0.0,0.0,0.0,1000.0,0.8,1.0,budget_depleted,1000.0
19,449,26970,0,0,0.0,0.0,0.0,1000.0,0.8,1.0,budget_depleted,1000.0
19,449,26985,0,0,0.0,0.0,0.0,1000.0,0.8,1.0,budget_depleted,1000.0
19,450,27000,0,0,0.0,0.0,0.0,1000.0,0.8,1.0,budget_depleted,1000.0
19,450,27015,0,0,0.0,0.0,0.0,1000.0,0.8,1.0,budget_depleted,1000.0
19,450,27030,0,0,0.0,0.0,0.0,1000.0,0.8,1.0,budget_depleted,1000.0
19,450,27045,0,0,0.0,0.0,0.0,1000.0,0.8,1.0,budget_depleted,1000.0
19,451,27060,0,0,0.0,0.0,0.0,1000.0,0.8,1.0,budget_depleted,1000.0
19,451,27075,0,0,0.0,0.0,0.0,1000.0,0.8,1.0,budget_depleted,1000.0
19,451,27090,0,0,0.0,0.0,0.0,1000.0,0.8,1.0,budget_depleted,1000.0
19,451,27105,0,0,0.0,0.0,0.0,1000.0,0.8,1.0,budget_depleted,1000.0
19,452,27120,0,0,0.0,0.0,0.0,1000.0,0.72,1.0,budget_depleted,1000.0
19,452,27135,0,0,0.0,0.0,0.0,1000.0,0.72,1.0,budget_depleted,1000.0
19,452,27150,0,0,0.0,0.0,0.0,1000.0,0.72,1.0,budget_depleted,1000.0
19,452,27165,0,0,0.0,0.0,0.0,1000.0,0.72,1.0,budget_depleted,1000.0
19,453,27180,0,0,0.0,0.0,0.0,1000.0,0.72,1.0,budget_depleted,1000.0
19,453,27195,0,0,0.0,0.0,0.0,1000.0,0.72,1.0,budget_depleted,1000.0
19,453,27210,0,0,0.0,0.0,0.0,1000.0,0.72,1.0,budget_depleted,1000.0
19,453,27225,0,0,0.0,0.0,0.0,1000.0,0.72,1.0,budget_depleted,1000.0
19,454,27240,0,0,0.0,0.0,0.0,1000.0,0.72,1.0,budget_depleted,1000.0
19,454,27255,0,0,0.0,0.0,0.0,1000.0,0.72,1.0,budget_depleted,1000.0
19,454,27270,0,0,0.0,0.0,0.0,1000.0,0.72,1.0,budget_depleted,1000.0
19,454,27285,0,0,0.0,0.0,0.0,1000.0,0.72,1.0,budget_depleted,1000.0
19,455,27300,0,0,0.0,0.0,0.0,1000.0,0.72,1.0,budget_depleted,1000.0
19,455,27315,0,0,0.0,0.0,0.0,1000.0,0.72,1.0,budget_depleted,1000.0
19,455,27330,0,0,0.0,0.0,0.0,1000.0,0.72,1.0,budget_depleted,1000.0
19,455,27345,0,0,0.0,0.0,0.0,1000.0,0.72,1.0,budget_depleted,1000.0
20,456,27360,0,0,0.0,0.0,0.0,1000.0,0.65,1.0,normal,0.0
20,456,27375,0,0,0.0,0.0,0.65,1000.0,0.65,1.0,normal,0.0
20,456,27390,0,0,0.0,0.0,0.65,1000.0,0.65,1.0,normal,0.0
20,456,27405,5,0,3.25,3.25,0.65,1000.0,0.65,1.0,normal,3.25
20,457,27420,3,0,1.95,1.95,0.65,1000.0,0.65,1.0,normal,5.2
20,457,27435,3,0,1.95,1.95,0.65,1000.0,0.65,1.0,normal,7.15
20,457,27450,1,0,0.65,0.65,0.65,1000.0,0.65,1.0,normal,7.8
20,457,27465,1,0,0.65,0.65,0.65,1000.0,0.65,1.0,normal,8.45
20,458,27480,2,0,1.3,1.3,0.65,1000.0,0.65,1.0,normal,9.75
20,458,27495,1,0,0.65,0.65,0.65,1000.0,0.65,1.0,normal,10.4
20,458,27510,0,0,0.0,0.0,0.65,1000.0,0.65,1.0,normal,10.4
20,458,27525,0,0,0.0,0.0,0.65,1000.0,0.65,1.0,normal,10.4
20,459,27540,3,0,1.95,1.95,0.65,1000.0,0.65,1.0,normal,12.35
20,459,27555,0,0,0.0,0.0,0.65,1000.0,0.65,1.0,normal,12.35
20,459,27570,2,0,1.3,1.3,0.65,1000.0,0.65,1.0,normal,13.65
20,459,27585,2,0,1.3,1.3,0.65,1000.0,0.65,1.0,normal,14.95
20,460,27600,1,0,0.73,0.73,0.73,1000.0,0.73,1.0,normal,15.68
20,460,27615,1,0,0.73,0.73,0.73,1000.0,0.73,1.0,normal,16.41
20,460,27630,2,0,1.46,1.46,0.73,1000.0,0.73,1.0,normal,17.87
20,460,27645,1,0,0.73,0.73,0.73,1000.0,0.73,1.0,normal,18.6
20,461,27660,2,0,1.46,1.46,0.73,1000.0,0.73,1.0,normal,20.06
20,461,27675,0,0,0.0,0.0,0.73,1000.0,0.73,1.0,normal,20.06
20,461,27690,0,0,0.0,0.0,0.73,1000.0,0.73,1.0,normal,20.06
20,461,27705,5,0,3.65,3.65,0.73,1000.0,0.73,1.0,normal,23.71
20,462,27720,2,0,1.46,1.46,0.73,1000.0,0.73,1.0,normal,25.17
20,462,27735,1,0,0.73,0.73,0.73,1000.0,0.73,1.0,normal,25.9
20,462,27750,2,1,1.46,1.46,0.73,1000.0,0.73,1.0,normal,27.36
20,462,27765,2,0,1.46,1.46,0.73,1000.0,0.73,1.0,normal,28.82
20,463,27780,1,0,0.73,0.73,0.73,1000.0,0.73,1.0,normal,29.55
20,463,27795,2,0,1.46,1.46,0.73,1000.0,0.73,1.0,normal,31.01
20,463,27810,0,0,0.0,0.0,0.73,1000.0,0.73,1.0,normal,31.01
20,463,27825,2,0,1.46,1.46,0.73,1000.0,0.73,1.0,normal,32.47
20,464,27840,1,0,0.8,0.8,0.8,1000.0,0.8,1.0,normal,33.27
20,464,27855,2,0,1.6,1.6,0.8,1000.0,0.8,1.0,normal,34.87
20,464,27870,1,0,0.8,0.8,0.8,1000.0,0.8,1.0,normal,35.67
20,464,27885,1,0,0.8,0.8,0.8,1000.0,0.8,1.0,normal,36.47
20,465,27900,1,0,0.8,0.8,0.8,1000.0,0.8,1.0,normal,37.27
20,465,27915,0,0,0.0,0.0,0.8,1000.0,0.8,1.0,normal,37.27
20,465,27930,1,0,0.8,0.8,0.8,1000.0,0.8,1.0,normal,38.07
20,465,27945,5,0,4.0,4.0,0.8,1000.0,0.8,1.0,normal,42.07
20,466,27960,3,0,2.4,2.4,0.8,1000.0,0.8,1.0,normal,44.47
20,466,27975,2,0,1.6,1.6,0.8,1000.0,0.8,1.0,normal,46.07
20,466,27990,1,0,0.8,0.8,0.8,1000.0,0.8,1.0,normal,46.87
20,466,28005,3,0,2.4,2.4,0.8,1000.0,0.8,1.0,normal,49.27
20,467,28020,3,1,2.4,2.4,0.8,1000.0,0.8,1.0,normal,51.67
20,467,28035,3,0,2.4,2.4,0.8,1000.0,0.8,1.0,normal,54.07
20,467,28050,1,0,0.8,0.8,0.8,1000.0,0.8,1.0,normal,54.87
20,467,28065,3,0,2.4,2.4,0.8,1000.0,0.8,1.0,normal,57.27
20,468,28080,1,0,0.9,0.9,0.9,1000.0,0.9,1.3,normal,58.17
20,468,28095,4,0,3.6,3.6,0.9,1000.0,0.9,1.3,normal,61.77
20,468,28110,5,0,4.5,4.5,0.9,1000.0,0.9,1.3,normal,66.27
20,468,28125,3,0,2.7,2.7,0.9,1000.0,0.9,1.3,normal,68.97
20,469,28140,3,0,2.7,2.7,0.9,1000.0,0.9,1.3,normal,71.67
20,469,28155,1,0,0.9,0.9,0.9,1000.0,0.9,1.3,normal,72.57
20,469,28170,1,0,0.9,0.9,0.9,1000.0,0.9,1.3,normal,73.47
20,469,28185,4,0,3.6,3.6,0.9,1000.0,0.9,1.3,normal,77.07
20,470,28200,3,0,3.24,3.24,1.08,1000.0,1.08,1.3,normal,80.31
20,470,28215,2,1,2.16,2.16,1.08,1000.0,1.08,1.3,normal,82.47
20,470,28230,4,0,4.32,4.32,1.08,1000.0,1.08,1.3,normal,86.79
20,470,28245,0,0,0.0,0.0,1.08,1000.0,1.08,1.3,normal,86.79
20,471,28260,1,0,1.08,1.08,1.08,1000.0,1.08,1.3,normal,87.87
20,471,28275,4,0,4.32,4.32,1.08,1000.0,1.08,1.3,normal,92.19
20,471,28290,2,0,2.16,2.16,1.08,1000.0,1.08,1.3,normal,94.35
20,471,28305,2,0,2.16,2.16,1.08,1000.0,1.08,1.3,normal,96.51
20,472,28320,2,0,2.6,2.6,1.3,1000.0,1.3,1.3,normal,99.11
20,472,28335,2,0,2.6,2.6,1.3,1000.0,1.3,1.3,normal,101.71
20,472,28350,2,0,2.6,2.6,1.3,1000.0,1.3,1.3,normal,104.31
20,472,28365,0,0,0.0,0.0,1.3,1000.0,1.3,1.3,normal,104.31
20,473,28380,3,0,3.9,3.9,1.3,1000.0,1.3,1.3,normal,108.21
20,473,28395,2,0,2.6,2.6,1.3,1000.0,1.3,1.3,normal,110.81
20,473,28410,1,0,1.3,1.3,1.3,1000.0,1.3,1.3,normal,112.11
20,473,28425,2,0,2.6,2.6,1.3,1000.0,1.3,1.3,normal,114.71
20,474,28440,3,0,4.38,4.38,1.46,1000.0,1.46,1.3,normal,119.09
20,474,28455,4,0,5.84,5.84,1.46,1000.0,1.46,1.3,normal,124.93
20,474,28470,8,0,11.68,11.68,1.46,1000.0,1.46,1.3,normal,136.61
20,474,28485,4,0,5.84,5.84,1.46,1000.0,1.46,1.3,normal,142.45
20,475,28500,5,0,7.3,7.3,1.46,1000.0,1.46,1.3,normal,149.75
20,475,28515,1,0,1.46,1.46,1.46,1000.0,1.46,1.3,normal,151.21
20,475,28530,1,0,1.46,1.46,1.46,1000.0,1.46,1.3,normal,152.67
20,475,28545,7,0,7.6174,7.6174,1.0882,1000.0,1.46,1.3,normal,160.2874
20,476,28560,0,0,0.0,0.0,0.01,1000.0,0.01,1.3,normal,160.2874
20,476,28575,0,0,0.0,0.0,0.01,1000.0,0.01,1.3,normal,160.2874
20,476,28590,0,0,0.0,0.0,0.01,1000.0,0.01,1.3,normal,160.2874
20,476,28605,1,0,0.01,0.01,0.01,1000.0,0.01,1.3,normal,160.2974
20,477,28620,0,0,0.0,0.0,0.01,1000.0,0.01,1.3,normal,160.2974
20,477,28635,0,0,0.0,0.0,0.01,1000.0,0.01,1.3,normal,160.2974
20,477,28650,0,0,0.0,0.0,0.01,1000.0,0.01,1.3,normal,160.2974
20,477,28665,0,0,0.0,0.0,0.01,1000.0,0.01,1.3,normal,160.2974
20,478,28680,9,0,37.8,37.8,4.2,1000.0,4.2,1.3,normal,198.0974
20,478,28695,14,1,19.6585,19.6585,1.4042,1000.0,4.2,1.3,normal,217.7559
20,478,28710,13,0,54.6,54.6,4.2,1000.0,4.2,1.3,normal,272.3559
20,478,28725,12,0,27.7282,27.7282,2.3107,1000.0,4.2,1.3,normal,300.0841
20,479,28740,8,0,15.4667,15.4667,1.9333,1000.0,4.2,1.3,normal,315.5508
20,479,28755,14,1,32.6934,32.6934,2.3352,1000.0,4.2,1.3,normal,348.2442
20,479,28770,6,1,8.4338,8.4338,1.4056,1000.0,4.2,1.3,normal,356.678
20,479,28785,6,0,25.2,25.2,4.2,1000.0,4.2,1.3,normal,381.878
21,480,28800,9,0,18.9592,18.9592,2.1066,1000.0,5.04,1.3,normal,18.9592
21,480,28815,15,1,42.4161,42.4161,2.8277,1000.0,5.04,1.3,normal,61.3753
21,480,28830,11,1,15.5472,15.5472,1.4134,1000.0,5.04,1.3,normal,76.9225
21,480,28845,13,0,23.05,23.05,1.7731,1000.0,5.04,1.3,normal,99.9725
21,481,28860,13,0,31.3919,31.3919,2.4148,1000.0,5.04,1.3,normal,131.3644
21,481,28875,15,0,42.451,42.451,2.8301,1000.0,5.04,1.3,normal,173.8154
21,481,28890,19,0,71.9788,71.9788,3.7884,1000.0,5.04,1.3,normal,245.7942
21,481,28905,21,0,47.6276,47.6276,2.268,1000.0,5.04,1.3,normal,293.4218
21,482,28920,0,0,0.0,0.0,0.01,1000.0,0.01,1.3,normal,293.4218
21,482,28935,0,0,0.0,0.0,0.01,1000.0,0.01,1.3,normal,293.4218
21,482,28950,0,0,0.0,0.0,0.01,1000.0,0.01,1.3,normal,293.4218
21,482,28965,0,0,0.0,0.0,0.01,1000.0,0.01,1.3,normal,293.4218
21,483,28980,0,0,0.0,0.0,0.01,1000.0,0.01,1.3,normal,293.4218
21,483,28995,0,0,0.0,0.0,0.01,1000.0,0.01,1.3,normal,293.4218
21,483,29010,0,0,0.0,0.0,0.01,1000.0,0.01,1.3,normal,293.4218
21,483,29025,0,0,0.0,0.0,0.01,1000.0,0.01,1.3,normal,293.4218
21,484,29040,5,1,15.7676,15.7676,3.1535,1000.0,4.2,1.3,normal,309.1894
21,484,29055,9,0,37.769,37.769,4.1966,1000.0,4.2,1.3,normal,346.9584
21,484,29070,9,0,22.9466,22.9466,2.5496,1000.0,4.2,1.3,normal,369.905
21,484,29085,11,0,43.8776,43.8776,3.9889,1000.0,4.2,1.3,normal,413.7826
21,485,29100,7,0,10.8131,10.8131,1.5447,1000.0,4.2,1.3,normal,424.5957
21,485,29115,4,0,15.9738,15.9738,3.9935,1000.0,4.2,1.3,normal,440.5695
21,485,29130,10,1,22.3827,22.3827,2.2383,1000.0,4.2,1.3,normal,462.9522
21,485,29145,12,0,23.2698,23.2698,1.9392,1000.0,4.2,1.3,normal,486.222
21,486,29160,0,0,0.0,0.0,0.01,1000.0,0.01,1.3,normal,486.222
21,486,29175,0,0,0.0,0.0,0.01,1000.0,0.01,1.3,normal,486.222
21,486,29190,0,0,0.0,0.0,0.01,1000.0,0.01,1.3,normal,486.222
21,486,29205,0,0,0.0,0.0,0.01,1000.0,0.01,1.3,normal,486.222
21,487,29220,0,0,0.0,0.0,0.01,1000.0,0.01,1.3,normal,486.222
21,487,29235,0,0,0.0,0.0,0.01,1000.0,0.01,1.3,normal,486.222
21,487,29250,0,0,0.0,0.0,0.01,1000.0,0.01,1.3,normal,486.222
21,487,29265,0,0,0.0,0.0,0.01,1000.0,0.01,1.3,normal,486.222
21,488,29280,18,1,55.7436,55.7436,3.0969,1000.0,4.2,1.3,normal,541.9656
21,488,29295,10,0,37.2401,37.2401,3.724,1000.0,4.2,1.3,normal,579.2057
21,488,29310,14,1,36.1338,36.1338,2.581,1000.0,4.2,1.3,normal,615.3395
21,488,29325,12,0,50.4,50.4,4.2,1000.0,4.2,1.3,normal,665.7395
21,489,29340,9,0,22.2627,22.2627,2.4736,1000.0,4.2,1.3,normal,688.0022
21,489,29355,18,0,75.6,75.6,4.2,1000.0,4.2,1.3,normal,763.6022
21,489,29370,4,0,13.0641,13.0641,3.266,1000.0,4.2,1.3,normal,776.6663
21,489,29385,12,1,27.4828,27.4828,2.2902,1000.0,4.2,1.3,normal,804.1491
21,490,29400,11,0,46.2,46.2,4.2,1000.0,4.2,1.3,normal,850.3491
21,490,29415,18,1,70.0725,70.0725,3.8929,1000.0,4.2,1.3,budget_constrained,920.4216
21,490,29430,8,0,8.4548,8.4548,1.0569,1000.0,4.2,1.3,budget_constrained,928.8764
21,490,29445,11,1,14.0452,14.0452,1.2768,1000.0,4.2,1.3,budget_constrained,942.9216
21,491,29460,8,0,33.6,33.6,4.2,1000.0,4.2,1.3,budget_constrained,976.5216
21,491,29475,6,0,23.4784,23.4784,3.8968,1000.0,4.2,1.3,budget_depleted,1000.0
21,491,29490,0,0,0.0,0.0,0.0,1000.0,4.2,1.3,budget_depleted,1000.0
21,491,29505,0,0,0.0,0.0,0.0,1000.0,4.2,1.3,budget_depleted,1000.0
21,492,29520,0,0,0.0,0.0,0.0,1000.0,1.26,1.3,budget_depleted,1000.0
21,492,29535,0,0,0.0,0.0,0.0,1000.0,1.26,1.3,budget_depleted,1000.0
21,492,29550,0,0,0.0,0.0,0.0,1000.0,1.26,1.3,budget_depleted,1000.0
21,492,29565,0,0,0.0,0.0,0.0,1000.0,1.26,1.3,budget_depleted,1000.0
21,493,29580,0,0,0.0,0.0,0.0,1000.0,1.26,1.3,budget_depleted,1000.0
21,493,29595,0,0,0.0,0.0,0.0,1000.0,1.26,1.3,budget_depleted,1000.0
21,493,29610,0,0,0.0,0.0,0.0,1000.0,1.26,1.3,budget_depleted,1000.0
21,493,29625,0,0,0.0,0.0,0.0,1000.0,1.26,1.3,budget_depleted,1000.0
21,494,29640,0,0,0.0,0.0,0.0,1000.0,0.8,1.3,budget_depleted,1000.0
21,494,29655,0,0,0.0,0.0,0.0,1000.0,0.8,1.3,budget_depleted,1000.0
21,494,29670,0,0,0.0,0.0,0.0,1000.0,0.8,1.3,budget_depleted,1000.0
21,494,29685,0,0,0.0,0.0,0.0,1000.0,0.8,1.3,budget_depleted,1000.0
21,495,29700,0,0,0.0,0.0,0.0,1000.0,0.8,1.3,budget_depleted,1000.0
21,495,29715,0,0,0.0,0.0,0.0,1000.0,0.8,1.3,budget_depleted,1000.0
21,495,29730,0,0,0.0,0.0,0.0,1000.0,0.8,1.3,budget_depleted,1000.0
21,495,29745,0,0,0.0,0.0,0.0,1000.0,0.8,1.3,budget_depleted,1000.0
21,496,29760,0,0,0.0,0.0,0.0,1000.0,0.72,1.3,budget_depleted,1000.0
21,496,29775,0,0,0.0,0.0,0.0,1000.0,0.72,1.3,budget_depleted,1000.0
21,496,29790,0,0,0.0,0.0,0.0,1000.0,0.72,1.3,budget_depleted,1000.0
21,496,29805,0,0,0.0,0.0,0.0,1000.0,0.72,1.3,budget_depleted,1000.0
21,497,29820,0,0,0.0,0.0,0.0,1000.0,0.72,1.3,budget_depleted,1000.0
21,497,29835,0,0,0.0,0.0,0.0,1000.0,0.72,1.3,budget_depleted,1000.0
21,497,29850,0,0,0.0,0.0,0.0,1000.0,0.72,1.3,budget_depleted,1000.0
21,497,29865,0,0,0.0,0.0,0.0,1000.0,0.72,1.3,budget_depleted,1000.0
21,498,29880,0,0,0.0,0.0,0.0,1000.0,0.65,1.3,budget_depleted,1000.0
21,498,29895,0,0,0.0,0.0,0.0,1000.0,0.65,1.3,budget_depleted,1000.0
21,498,29910,0,0,0.0,0.0,0.0,1000.0,0.65,1.3,budget_depleted,1000.0
21,498,29925,0,0,0.0,0.0,0.0,1000.0,0.65,1.3,budget_depleted,1000.0
21,499,29940,0,0,0.0,0.0,0.0,1000.0,0.65,1.3,budget_depleted,1000.0
21,499,29955,0,0,0.0,0.0,0.0,1000.0,0.65,1.3,budget_depleted,1000.0
21,499,29970,0,0,0.0,0.0,0.0,1000.0,0.65,1.3,budget_depleted,1000.0
21,499,29985,0,0,0.0,0.0,0.0,1000.0,0.65,1.3,budget_depleted,1000.0
21,500,30000,0,0,0.0,0.0,0.0,1000.0,0.59,1.3,budget_depleted,1000.0
21,500,30015,0,0,0.0,0.0,0.0,1000.0,0.59,1.3,budget_depleted,1000.0
21,500,30030,0,0,0.0,0.0,0.0,1000.0,0.59,1.3,budget_depleted,1000.0
21,500,30045,0,0,0.0,0.0,0.0,1000.0,0.59,1.3,budget_depleted,1000.0
21,501,30060,0,0,0.0,0.0,0.0,1000.0,0.59,1.3,budget_depleted,1000.0
21,501,30075,0,0,0.0,0.0,0.0,1000.0,0.59,1.3,budget_depleted,1000.0
21,501,30090,0,0,0.0,0.0,0.0,1000.0,0.59,1.3,budget_depleted,1000.0
21,501,30105,0,0,0.0,0.0,0.0,1000.0,0.59,1.3,budget_depleted,1000.0
21,502,30120,0,0,0.0,0.0,0.0,1000.0,0.53,1.3,budget_depleted,1000.0
21,502,30135,0,0,0.0,0.0,0.0,1000.0,0.53,1.3,budget_depleted,1000.0
21,502,30150,0,0,0.0,0.0,0.0,1000.0,0.53,1.3,budget_depleted,1000.0
21,502,30165,0,0,0.0,0.0,0.0,1000.0,0.53,1.3,budget_depleted,1000.0
21,503,30180,0,0,0.0,0.0,0.0,1000.0,0.53,1.3,budget_depleted,1000.0
21,503,30195,0,0,0.0,0.0,0.0,1000.0,0.53,1.3,budget_depleted,1000.0
21,503,30210,0,0,0.0,0.0,0.0,1000.0,0.53,1.3,budget_depleted,1000.0
21,503,30225,0,0,0.0,0.0,0.0,1000.0,0.53,1.3,budget_depleted,1000.0
22,504,30240,0,0,0.0,0.0,0.0,1000.0,0.5,1.3,normal,0.0
22,504,30255,2,0,1.0,1.0,0.5,1000.0,0.5,1.3,normal,1.0
22,504,30270,1,0,0.5,0.5,0.5,1000.0,0.5,1.3,normal,1.5
22,504,30285,0,0,0.0,0.0,0.5,1000.0,0.5,1.3,normal,1.5
22,505,30300,1,0,0.5,0.5,0.5,1000.0,0.5,1.3,normal,2.0
22,505,30315,2,0,1.0,1.0,0.5,1000.0,0.5,1.3,normal,3.0
22,505,30330,3,0,1.5,1.5,0.5,1000.0,0.5,1.3,normal,4.5
22,505,30345,1,0,0.5,0.5,0.5,1000.0,0.5,1.3,normal,5.0
22,506,30360,1,0,0.5,0.5,0.5,1000.0,0.5,1.3,normal,5.5
22,506,30375,2,0,1.0,1.0,0.5,1000.0,0.5,1.3,normal,6.5
22,506,30390,0,0,0.0,0.0,0.5,1000.0,0.5,1.3,normal,6.5
22,506,30405,4,0,2.0,2.0,0.5,1000.0,0.5,1.3,normal,8.5
22,507,30420,1,0,0.5,0.5,0.5,1000.0,0.5,1.3,normal,9.0
22,507,30435,1,0,0.5,0.5,0.5,1000.0,0.5,1.3,normal,9.5
22,507,30450,3,0,1.5,1.5,0.5,1000.0,0.5,1.3,normal,11.0
22,507,30465,2,0,1.0,1.0,0.5,1000.0,0.5,1.3,normal,12.0
22,508,30480,0,0,0.0,0.0,0.5,1000.0,0.5,1.3,normal,12.0
22,508,30495,1,0,0.5,0.5,0.5,1000.0,0.5,1.3,normal,12.5
22,508,30510,2,0,1.0,1.0,0.5,1000.0,0.5,1.3,normal,13.5
22,508,30525,2,0,1.0,1.0,0.5,1000.0,0.5,1.3,normal,14.5
22,509,30540,1,0,0.5,0.5,0.5,1000.0,0.5,1.3,normal,15.0
22,509,30555,4,0,2.0,2.0,0.5,1000.0,0.5,1.3,normal,17.0
22,509,30570,0,0,0.0,0.0,0.5,1000.0,0.5,1.3,normal,17.0
22,509,30585,2,1,1.0,1.0,0.5,1000.0,0.5,1.3,normal,18.0
22,510,30600,2,0,1.12,1.12,0.56,1000.0,0.56,1.3,normal,19.12
22,510,30615,0,0,0.0,0.0,0.56,1000.0,0.56,1.3,normal,19.12
22,510,30630,3,0,1.68,1.68,0.56,1000.0,0.56,1.3,normal,20.8
22,510,30645,1,0,0.56,0.56,0.56,1000.0,0.56,1.3,normal,21.36
22,511,30660,2,0,1.12,1.12,0.56,1000.0,0.56,1.3,normal,22.48
22,511,30675,1,0,0.56,0.56,0.56,1000.0,0.56,1.3,normal,23.04
22,511,30690,0,0,0.0,0.0,0.56,1000.0,0.56,1.3,normal,23.04
22,511,30705,2,0,1.12,1.12,0.56,1000.0,0.56,1.3,normal,24.16
22,512,30720,2,0,1.26,1.26,0.63,1000.0,0.63,1.3,normal,25.42
22,512,30735,4,0,2.52,2.52,0.63,1000.0,0.63,1.3,normal,27.94
22,512,30750,1,0,0.63,0.63,0.63,1000.0,0.63,1.3,normal,28.57
22,512,30765,1,0,0.63,0.63,0.63,1000.0,0.63,1.3,normal,29.2
22,513,30780,1,0,0.63,0.63,0.63,1000.0,0.63,1.3,normal,29.83
22,513,30795,2,0,1.26,1.26,0.63,1000.0,0.63,1.3,normal,31.09
22,513,30810,1,0,0.63,0.63,0.63,1000.0,0.63,1.3,normal,31.72
22,513,30825,2,0,1.26,1.26,0.63,1000.0,0.63,1.3,normal,32.98
22,514,30840,1,0,0.69,0.69,0.69,1000.0,0.69,1.3,normal,33.67
22,514,30855,4,1,2.76,2.76,0.69,1000.0,0.69,1.3,normal,36.43
22,514,30870,1,0,0.69,0.69,0.69,1000.0,0.69,1.3,normal,37.12
22,514,30885,2,1,1.38,1.38,0.69,1000.0,0.69,1.3,normal,38.5
22,515,30900,2,0,1.38,1.38,0.69,1000.0,0.69,1.3,normal,39.88
22,515,30915,1,0,0.69,0.69,0.69,1000.0,0.69,1.3,normal,40.57
22,515,30930,1,0,0.69,0.69,0.69,1000.0,0.69,1.3,normal,41.26
22,515,30945,3,0,2.07,2.07,0.69,1000.0,0.69,1.3,normal,43.33
22,516,30960,1,0,0.83,0.83,0.83,1000.0,0.83,1.3,normal,44.16
22,516,30975,2,0,1.66,1.66,0.83,1000.0,0.83,1.3,normal,45.82
22,516,30990,3,0,2.49,2.49,0.83,1000.0,0.83,1.3,normal,48.31
22,516,31005,4,0,3.32,3.32,0.83,1000.0,0.83,1.3,normal,51.63
22,517,31020,1,0,0.83,0.83,0.83,1000.0,0.83,1.3,normal,52.46
22,517,31035,1,0,0.83,0.83,0.83,1000.0,0.83,1.3,normal,53.29
22,517,31050,2,0,1.66,1.66,0.83,1000.0,0.83,1.3,normal,54.95
22,517,31065,2,0,1.66,1.66,0.83,1000.0,0.83,1.3,normal,56.61
22,518,31080,3,0,2.73,2.73,0.91,1000.0,0.91,1.3,normal,59.34
22,518,31095,2,0,1.82,1.82,0.91,1000.0,0.91,1.3,normal,61.16
22,518,31110,3,0,2.73,2.73,0.91,1000.0,0.91,1.3,normal,63.89
22,518,31125,1,0,0.91,0.91,0.91,1000.0,0.91,1.3,normal,64.8
22,519,31140,4,1,3.64,3.64,0.91,1000.0,0.91,1.3,normal,68.44
22,519,31155,2,0,1.82,1.82,0.91,1000.0,0.91,1.3,normal,70.26
22,519,31170,2,0,1.82,1.82,0.91,1000.0,0.91,1.3,normal,72.08
22,519,31185,1,0,0.91,0.91,0.91,1000.0,0.91,1.3,normal,72.99
22,520,31200,4,0,4.36,4.36,1.09,1000.0,1.09,1.3,normal,77.35
22,520,31215,3,0,3.27,3.27,1.09,1000.0,1.09,1.3,normal,80.62
22,520,31230,3,0,3.27,3.27,1.09,1000.0,1.09,1.3,normal,83.89
22,520,31245,1,0,1.09,1.09,1.09,1000.0,1.09,1.3,normal,84.98
22,521,31260,7,1,7.63,7.63,1.09,1000.0,1.09,1.3,normal,92.61
22,521,31275,5,0,5.45,5.45,1.09,1000.0,1.09,1.3,normal,98.06
22,521,31290,4,0,4.36,4.36,1.09,1000.0,1.09,1.3,normal,102.42
22,521,31305,2,0,2.18,2.18,1.09,1000.0,1.09,1.3,normal,104.6
22,522,31320,2,0,2.4,2.4,1.2,1000.0,1.2,1.3,normal,107.0
22,522,31335,2,1,2.0543,2.0543,1.0272,1000.0,1.2,1.3,normal,109.0543
22,522,31350,2,0,2.4,2.4,1.2,1000.0,1.2,1.3,normal,111.4543
22,522,31365,0,0,0.0,0.0,1.2,1000.0,1.2,1.3,normal,111.4543
22,523,31380,4,0,4.8,4.8,1.2,1000.0,1.2,1.3,normal,116.2543
22,523,31395,2,0,2.4,2.4,1.2,1000.0,1.2,1.3,normal,118.6543
22,523,31410,3,0,3.6,3.6,1.2,1000.0,1.2,1.3,normal,122.2543
22,523,31425,4,0,4.8,4.8,1.2,1000.0,1.2,1.3,normal,127.0543
22,524,31440,2,0,2.64,2.64,1.32,1000.0,1.32,1.3,normal,129.6943
22,524,31455,4,0,5.28,5.28,1.32,1000.0,1.32,1.3,normal,134.9743
22,524,31470,2,0,2.64,2.64,1.32,1000.0,1.32,1.3,normal,137.6143
22,524,31485,1,0,1.32,1.32,1.32,1000.0,1.32,1.3,normal,138.9343
22,525,31500,3,0,3.96,3.96,1.32,1000.0,1.32,1.3,normal,142.8943
22,525,31515,4,1,5.28,5.28,1.32,1000.0,1.32,1.3,normal,148.1743
22,525,31530,5,0,6.2056,6.2056,1.2411,1000.0,1.32,1.3,normal,154.3799
22,525,31545,3,0,3.96,3.96,1.32,1000.0,1.32,1.3,normal,158.3399
22,526,31560,7,0,9.1305,9.1305,1.3044,1000.0,1.58,1.3,normal,167.4704
22,526,31575,4,0,6.32,6.32,1.58,1000.0,1.58,1.3,normal,173.7904
22,526,31590,5,0,7.9,7.9,1.58,1000.0,1.58,1.3,normal,181.6904
22,526,31605,3,0,4.74,4.74,1.58,1000.0,1.58,1.3,normal,186.4304
22,527,31620,6,0,9.48,9.48,1.58,1000.0,1.58,1.3,normal,195.9104
22,527,31635,2,0,3.16,3.16,1.58,1000.0,1.58,1.3,normal,199.0704
22,527,31650,2,0,2.1061,2.1061,1.0531,1000.0,1.58,1.3,normal,201.1765
22,527,31665,1,1,1.0094,1.0094,1.0094,1000.0,1.58,1.3,normal,202.1859
23,528,31680,3,0,5.7,5.7,1.9,1000.0,1.9,1.3,normal,5.7
23,528,31695,8,0,15.2,15.2,1.9,1000.0,1.9,1.3,normal,20.9
23,528,31710,7,0,8.736,8.736,1.248,1000.0,1.9,1.3,normal,29.636
23,528,31725,2,0,2.073,2.073,1.0365,1000.0,1.9,1.3,normal,31.709
23,529,31740,4,0,7.6,7.6,1.9,1000.0,1.9,1.3,normal,39.309
23,529,31755,4,0,7.6,7.6,1.9,1000.0,1.9,1.3,normal,46.909
23,529,31770,3,0,5.7,5.7,1.9,1000.0,1.9,1.3,normal,52.609
23,529,31785,4,0,4.6524,4.6524,1.1631,1000.0,1.9,1.3,normal,57.2614
23,530,31800,2,1,4.18,4.18,2.09,1000.0,2.09,1.3,normal,61.4414
23,530,31815,8,0,9.0251,9.0251,1.1281,1000.0,2.09,1.3,normal,70.4665
23,530,31830,7,1,9.2092,9.2092,1.3156,1000.0,2.09,1.3,normal,79.6757
23,530,31845,3,0,6.27,6.27,2.09,1000.0,2.09,1.3,normal,85.9457
23,531,31860,8,0,16.72,16.72,2.09,1000.0,2.09,1.3,normal,102.6657
23,531,31875,4,0,8.36,8.36,2.09,1000.0,2.09,1.3,normal,111.0257
23,531,31890,4,0,8.36,8.36,2.09,1000.0,2.09,1.3,normal,119.3857
23,531,31905,8,0,12.5826,12.5826,1.5728,1000.0,2.09,1.3,normal,131.9683
23,532,31920,6,0,14.04,14.04,2.34,1000.0,2.34,1.3,normal,146.0083
23,532,31935,9,0,21.06,21.06,2.34,1000.0,2.34,1.3,normal,167.0683
23,532,31950,7,0,16.38,16.38,2.34,1000.0,2.34,1.3,normal,183.4483
23,532,31965,9,0,18.5948,18.5948,2.0661,1000.0,2.34,1.3,normal,202.0431
23,533,31980,4,1,8.9578,8.9578,2.2395,1000.0,2.34,1.3,normal,211.0009
23,533,31995,5,0,5.2689,5.2689,1.0538,1000.0,2.34,1.3,normal,216.2698
23,533,32010,8,0,18.72,18.72,2.34,1000.0,2.34,1.3,normal,234.9898
23,533,32025,6,0,7.695,7.695,1.2825,1000.0,2.34,1.3,normal,242.6848
23,534,32040,3,0,7.5043,7.5043,2.5014,1000.0,2.57,1.3,normal,250.1891
23,534,32055,6,0,15.42,15.42,2.57,1000.0,2.57,1.3,normal,265.6091
23,534,32070,10,1,25.3278,25.3278,2.5328,1000.0,2.57,1.3,normal,290.9369
23,534,32085,4,0,10.28,10.28,2.57,1000.0,2.57,1.3,normal,301.2169
23,535,32100,2,0,3.3639,3.3639,1.682,1000.0,2.57,1.3,normal,304.5808
23,535,32115,10,0,25.7,25.7,2.57,1000.0,2.57,1.3,normal,330.2808
23,535,32130,5,0,6.548,6.548,1.3096,1000.0,2.57,1.3,normal,336.8288
23,535,32145,4,0,6.4365,6.4365,1.6091,1000.0,2.57,1.3,normal,343.2653
23,536,32160,0,0,0.0,0.0,0.01,1000.0,0.01,1.3,normal,343.2653
23,536,32175,0,0,0.0,0.0,0.01,1000.0,0.01,1.3,normal,343.2653
23,536,32190,0,0,0.0,0.0,0.01,1000.0,0.01,1.3,normal,343.2653
23,536,32205,0,0,0.0,0.0,0.01,1000.0,0.01,1.3,normal,343.2653
23,537,32220,0,0,0.0,0.0,0.01,1000.0,0.01,1.3,normal,343.2653
23,537,32235,0,0,0.0,0.0,0.01,1000.0,0.01,1.3,normal,343.2653
23,537,32250,0,0,0.0,0.0,0.01,1000.0,0.01,1.3,normal,343.2653
23,537,32265,0,0,0.0,0.0,0.01,1000.0,0.01,1.3,normal,343.2653
23,538,32280,7,0,29.4,29.4,4.2,1000.0,4.2,1.3,normal,372.6653
23,538,32295,6,1,15.7343,15.7343,2.6224,1000.0,4.2,1.3,normal,388.3996
23,538,32310,14,0,26.8652,26.8652,1.9189,1000.0,4.2,1.3,normal,415.2648
23,538,32325,12,0,50.4,50.4,4.2,1000.0,4.2,1.3,normal,465.6648
23,539,32340,10,0,41.9416,41.9416,4.1942,1000.0,4.2,1.3,normal,507.6064
23,539,32355,9,0,17.3544,17.3544,1.9283,1000.0,4.2,1.3,normal,524.9608
23,539,32370,7,0,11.7427,11.7427,1.6775,1000.0,4.2,1.3,normal,536.7035
23,539,32385,9,1,32.896,32.896,3.6551,1000.0,4.2,1.3,normal,569.5995
23,540,32400,21,1,89.1391,89.1391,4.2447,1000.0,5.04,1.3,normal,658.7386
23,540,32415,5,0,19.6706,19.6706,3.9341,1000.0,5.04,1.3,normal,678.4092
23,540,32430,12,0,60.48,60.48,5.04,1000.0,5.04,1.3,normal,738.8892
23,540,32445,9,0,14.2335,14.2335,1.5815,1000.0,5.04,1.3,normal,753.1227
23,541,32460,10,0,50.4,50.4,5.04,1000.0,5.04,1.3,normal,803.5227
23,541,32475,14,1,16.266,16.266,1.1619,1000.0,5.04,1.3,normal,819.7887
23,541,32490,11,0,27.0859,27.0859,2.4624,1000.0,5.04,1.3,normal,846.8746
23,541,32505,13,0,32.2901,32.2901,2.4839,1000.0,5.04,1.3,normal,879.1647
23,542,32520,12,1,66.48,66.48,5.54,1000.0,5.54,1.3,budget_constrained,945.6447
23,542,32535,14,0,54.3553,54.3553,3.7254,1000.0,5.54,1.3,budget_depleted,1000.0
23,542,32550,0,0,0.0,0.0,0.0,1000.0,5.54,1.3,budget_depleted,1000.0
23,542,32565,0,0,0.0,0.0,0.0,1000.0,5.54,1.3,budget_depleted,1000.0
23,543,32580,0,0,0.0,0.0,0.0,1000.0,5.54,1.3,budget_depleted,1000.0
23,543,32595,0,0,0.0,0.0,0.0,1000.0,5.54,1.3,budget_depleted,1000.0
23,543,32610,0,0,0.0,0.0,0.0,1000.0,5.54,1.3,budget_depleted,1000.0
23,543,32625,0,0,0.0,0.0,0.0,1000.0,5.54,1.3,budget_depleted,1000.0
23,544,32640,0,0,0.0,0.0,0.0,1000.0,1.66,1.3,budget_depleted,1000.0
23,544,32655,0,0,0.0,0.0,0.0,1000.0,1.66,1.3,budget_depleted,1000.0
23,544,32670,0,0,0.0,0.0,0.0,1000.0,1.66,1.3,budget_depleted,1000.0
23,544,32685,0,0,0.0,0.0,0.0,1000.0,1.66,1.3,budget_depleted,1000.0
23,545,32700,0,0,0.0,0.0,0.0,1000.0,1.66,1.3,budget_depleted,1000.0
23,545,32715,0,0,0.0,0.0,0.0,1000.0,1.66,1.3,budget_depleted,1000.0
23,545,32730,0,0,0.0,0.0,0.0,1000.0,1.66,1.3,budget_depleted,1000.0
23,545,32745,0,0,0.0,0.0,0.0,1000.0,1.66,1.3,budget_depleted,1000.0
23,546,32760,0,0,0.0,0.0,0.0,1000.0,0.8,1.3,budget_depleted,1000.0
23,546,32775,0,0,0.0,0.0,0.0,1000.0,0.8,1.3,budget_depleted,1000.0
23,546,32790,0,0,0.0,0.0,0.0,1000.0,0.8,1.3,budget_depleted,1000.0
23,546,32805,0,0,0.0,0.0,0.0,1000.0,0.8,1.3,budget_depleted,1000.0
23,547,32820,0,0,0.0,0.0,0.0,1000.0,0.8,1.3,budget_depleted,1000.0
23,547,32835,0,0,0.0,0.0,0.0,1000.0,0.8,1.3,budget_depleted,1000.0
23,547,32850,0,0,0.0,0.0,0.0,1000.0,0.8,1.3,budget_depleted,1000.0
23,547,32865,0,0,0.0,0.0,0.0,1000.0,0.8,1.3,budget_depleted,1000.0
23,548,32880,0,0,0.0,0.0,0.0,1000.0,0.72,1.3,budget_depleted,1000.0
23,548,32895,0,0,0.0,0.0,0.0,1000.0,0.72,1.3,budget_depleted,1000.0
23,548,32910,0,0,0.0,0.0,0.0,1000.0,0.72,1.3,budget_depleted,1000.0
23,548,32925,0,0,0.0,0.0,0.0,1000.0,0.72,1.3,budget_depleted,1000.0
23,549,32940,0,0,0.0,0.0,0.0,1000.0,0.72,1.3,budget_depleted,1000.0
23,549,32955,0,0,0.0,0.0,0.0,1000.0,0.72,1.3,budget_depleted,1000.0
23,549,32970,0,0,0.0,0.0,0.0,1000.0,0.72,1.3,budget_depleted,1000.0
23,549,32985,0,0,0.0,0.0,0.0,1000.0,0.72,1.3,budget_depleted,1000.0
23,550,33000,0,0,0.0,0.0,0.0,1000.0,0.65,1.3,budget_depleted,1000.0
23,550,33015,0,0,0.0,0.0,0.0,1000.0,0.65,1.3,budget_depleted,1000.0
23,550,33030,0,0,0.0,0.0,0.0,1000.0,0.65,1.3,budget_depleted,1000.0
23,550,33045,0,0,0.0,0.0,0.0,1000.0,0.65,1.3,budget_depleted,1000.0
23,551,33060,0,0,0.0,0.0,0.0,1000.0,0.65,1.3,budget_depleted,1000.0
23,551,33075,0,0,0.0,0.0,0.0,1000.0,0.65,1.3,budget_depleted,1000.0
23,551,33090,0,0,0.0,0.0,0.0,1000.0,0.65,1.3,budget_depleted,1000.0
23,551,33105,0,0,0.0,0.0,0.0,1000.0,0.65,1.3,budget_depleted,1000.0
24,552,33120,0,0,0.0,0.0,0.0,1000.0,0.59,1.3,normal,0.0
24,552,33135,1,0,0.59,0.59,0.59,1000.0,0.59,1.3,normal,0.59
24,552,33150,2,0,1.18,1.18,0.59,1000.0,0.59,1.3,normal,1.77
24,552,33165,0,0,0.0,0.0,0.59,1000.0,0.59,1.3,normal,1.77
24,553,33180,2,0,1.18,1.18,0.59,1000.0,0.59,1.3,normal,2.95
24,553,33195,2,0,1.18,1.18,0.59,1000.0,0.59,1.3,normal,4.13
24,553,33210,0,0,0.0,0.0,0.59,1000.0,0.59,1.3,normal,4.13
24,553,33225,0,0,0.0,0.0,0.59,1000.0,0.59,1.3,normal,4.13
24,554,33240,1,0,0.53,0.53,0.53,1000.0,0.53,1.3,normal,4.66
24,554,33255,1,0,0.53,0.53,0.53,1000.0,0.53,1.3,normal,5.19
24,554,33270,0,0,0.0,0.0,0.53,1000.0,0.53,1.3,normal,5.19
24,554,33285,1,0,0.53,0.53,0.53,1000.0,0.53,1.3,normal,5.72
24,555,33300,0,0,0.0,0.0,0.53,1000.0,0.53,1.3,normal,5.72
24,555,33315,2,0,1.06,1.06,0.53,1000.0,0.53,1.3,normal,6.78
24,555,33330,1,0,0.53,0.53,0.53,1000.0,0.53,1.3,normal,7.31
24,555,33345,1,0,0.53,0.53,0.53,1000.0,0.53,1.3,normal,7.84
24,556,33360,0,0,0.0,0.0,0.5,1000.0,0.5,1.3,normal,7.84
24,556,33375,1,0,0.5,0.5,0.5,1000.0,0.5,1.3,normal,8.34
24,556,33390,2,0,1.0,1.0,0.5,1000.0,0.5,1.3,normal,9.34
24,556,33405,0,0,0.0,0.0,0.5,1000.0,0.5,1.3,normal,9.34
24,557,33420,2,0,1.0,1.0,0.5,1000.0,0.5,1.3,normal,10.34
24,557,33435,1,0,0.5,0.5,0.5,1000.0,0.5,1.3,normal,10.84
24,557,33450,5,0,2.5,2.5,0.5,1000.0,0.5,1.3,normal,13.34
24,557,33465,1,0,0.5,0.5,0.5,1000.0,0.5,1.3,normal,13.84
24,558,33480,0,0,0.0,0.0,0.5,1000.0,0.5,1.3,normal,13.84
24,558,33495,1,0,0.5,0.5,0.5,1000.0,0.5,1.3,normal,14.34
24,558,33510,2,0,1.0,1.0,0.5,1000.0,0.5,1.3,normal,15.34
24,558,33525,2,0,1.0,1.0,0.5,1000.0,0.5,1.3,normal,16.34
24,559,33540,3,1,1.5,1.5,0.5,1000.0,0.5,1.3,normal,17.84
24,559,33555,1,0,0.5,0.5,0.5,1000.0,0.5,1.3,normal,18.34
24,559,33570,1,0,0.5,0.5,0.5,1000.0,0.5,1.3,normal,18.84
24,559,33585,0,0,0.0,0.0,0.5,1000.0,0.5,1.3,normal,18.84
24,560,33600,0,0,0.0,0.0,0.5,1000.0,0.5,1.3,normal,18.84
24,560,33615,1,0,0.5,0.5,0.5,1000.0,0.5,1.3,normal,19.34
24,560,33630,0,0,0.0,0.0,0.5,1000.0,0.5,1.3,normal,19.34
24,560,33645,1,0,0.5,0.5,0.5,1000.0,0.5,1.3,normal,19.84
24,561,33660,0,0,0.0,0.0,0.5,1000.0,0.5,1.3,normal,19.84
24,561,33675,2,0,1.0,1.0,0.5,1000.0,0.5,1.3,normal,20.84
24,561,33690,2,0,1.0,1.0,0.5,1000.0,0.5,1.3,normal,21.84
24,561,33705,2,0,1.0,1.0,0.5,1000.0,0.5,1.3,normal,22.84
24,562,33720,2,0,1.0,1.0,0.5,1000.0,0.5,1.3,normal,23.84
24,562,33735,2,1,1.0,1.0,0.5,1000.0,0.5,1.3,normal,24.84
24,562,33750,1,0,0.5,0.5,0.5,1000.0,0.5,1.3,normal,25.34
24,562,33765,0,0,0.0,0.0,0.5,1000.0,0.5,1.3,normal,25.34
24,563,33780,1,0,0.5,0.5,0.5,1000.0,0.5,1.3,normal,25.84
24,563,33795,2,0,1.0,1.0,0.5,1000.0,0.5,1.3,normal,26.84
24,563,33810,1,0,0.5,0.5,0.5,1000.0,0.5,1.3,normal,27.34
24,563,33825,2,0,1.0,1.0,0.5,1000.0,0.5,1.3,normal,28.34
24,564,33840,0,0,0.0,0.0,0.56,1000.0,0.56,1.3,normal,28.34
24,564,33855,2,0,1.12,1.12,0.56,1000.0,0.56,1.3,normal,29.46
24,564,33870,1,0,0.56,0.56,0.56,1000.0,0.56,1.3,normal,30.02
24,564,33885,0,0,0.0,0.0,0.56,1000.0,0.56,1.3,normal,30.02
24,565,33900,1,0,0.56,0.56,0.56,1000.0,0.56,1.3,normal,30.58
24,565,33915,5,1,2.8,2.8,0.56,1000.0,0.56,1.3,normal,33.38
24,565,33930,0,0,0.0,0.0,0.56,1000.0,0.56,1.3,normal,33.38
24,565,33945,2,0,1.12,1.12,0.56,1000.0,0.56,1.3,normal,34.5
24,566,33960,1,0,0.62,0.62,0.62,1000.0,0.62,1.3,normal,35.12
24,566,33975,0,0,0.0,0.0,0.62,1000.0,0.62,1.3,normal,35.12
24,566,33990,3,0,1.86,1.86,0.62,1000.0,0.62,1.3,normal,36.98
24,566,34005,2,0,1.24,1.24,0.62,1000.0,0.62,1.3,normal,38.22
24,567,34020,0,0,0.0,0.0,0.62,1000.0,0.62,1.3,normal,38.22
24,567,34035,5,0,3.1,3.1,0.62,1000.0,0.62,1.3,normal,41.32
24,567,34050,1,0,0.62,0.62,0.62,1000.0,0.62,1.3,normal,41.94
24,567,34065,2,0,1.24,1.24,0.62,1000.0,0.62,1.3,normal,43.18
24,568,34080,4,1,2.76,2.76,0.69,1000.0,0.69,1.3,normal,45.94
24,568,34095,2,0,1.38,1.38,0.69,1000.0,0.69,1.3,normal,47.32
24,568,34110,2,0,1.38,1.38,0.69,1000.0,0.69,1.3,normal,48.7
24,568,34125,3,0,2.07,2.07,0.69,1000.0,0.69,1.3,normal,50.77
24,569,34140,1,0,0.69,0.69,0.69,1000.0,0.69,1.3,normal,51.46
24,569,34155,0,0,0.0,0.0,0.69,1000.0,0.69,1.3,normal,51.46
24,569,34170,2,0,1.38,1.38,0.69,1000.0,0.69,1.3,normal,52.84
24,569,34185,2,0,1.38,1.38,0.69,1000.0,0.69,1.3,normal,54.22
24,570,34200,0,0,0.0,0.0,0.01,1000.0,0.01,1.3,normal,54.22
24,570,34215,0,0,0.0,0.0,0.01,1000.0,0.01,1.3,normal,54.22
24,570,34230,0,0,0.0,0.0,0.01,1000.0,0.01,1.3,normal,54.22
24,570,34245,0,0,0.0,0.0,0.01,1000.0,0.01,1.3,normal,54.22
24,571,34260,0,0,0.0,0.0,0.01,1000.0,0.01,1.3,normal,54.22
24,571,34275,0,0,0.0,0.0,0.01,1000.0,0.01,1.3,normal,54.22
24,571,34290,0,0,0.0,0.0,0.01,1000.0,0.01,1.3,normal,54.22
24,571,34305,0,0,0.0,0.0,0.01,1000.0,0.01,1.3,normal,54.22
24,572,34320,7,0,24.7634,24.7634,3.5376,1000.0,4.2,1.3,normal,78.9834
24,572,34335,2,0,4.8903,4.8903,2.4451,1000.0,4.2,1.3,normal,83.8737
24,572,34350,17,1,49.6835,49.6835,2.9226,1000.0,4.2,1.3,normal,133.5572
24,572,34365,15,2,35.9613,17.9806,2.3974,1000.0,4.2,1.3,normal,169.5185
24,573,34380,9,1,12.4059,12.4059,1.3784,1000.0,4.2,1.3,normal,181.9244
24,573,34395,19,0,48.6365,48.6365,2.5598,1000.0,4.2,1.3,normal,230.5609
24,573,34410,13,0,54.6,54.6,4.2,1000.0,4.2,1.3,normal,285.1609
24,573,34425,12,0,38.0622,38.0622,3.1719,1000.0,4.2,1.3,normal,323.2231
24,574,34440,14,0,58.3192,58.3192,4.1657,1000.0,5.04,1.3,normal,381.5423
24,574,34455,14,0,70.56,70.56,5.04,1000.0,5.04,1.3,normal,452.1023
24,574,34470,21,1,76.7619,76.7619,3.6553,1000.0,5.04,1.3,normal,528.8642
24,574,34485,14,0,15.3908,15.3908,1.0993,1000.0,5.04,1.3,normal,544.255
24,575,34500,10,1,50.4,50.4,5.04,1000.0,5.04,1.3,normal,594.655
24,575,34515,11,0,55.44,55.44,5.04,1000.0,5.04,1.3,normal,650.095
24,575,34530,13,1,41.8885,41.8885,3.2222,1000.0,5.04,1.3,normal,691.9835
24,575,34545,4,0,20.16,20.16,5.04,1000.0,5.04,1.3,normal,712.1435
25,576,34560,15,0,35.7857,35.7857,2.3857,1000.0,6.05,1.3,normal,35.7857
25,576,34575,13,0,30.9517,30.9517,2.3809,1000.0,6.05,1.3,normal,66.7374
25,576,34590,14,0,84.7,84.7,6.05,1000.0,6.05,1.3,normal,151.4374
25,576,34605,5,0,26.7767,26.7767,5.3553,1000.0,6.05,1.3,normal,178.2141
25,577,34620,13,1,54.8579,54.8579,4.2198,1000.0,6.05,1.3,normal,233.072
25,577,34635,12,0,55.6599,55.6599,4.6383,1000.0,6.05,1.3,normal,288.7319
25,577,34650,11,0,35.5748,35.5748,3.2341,1000.0,6.05,1.3,normal,324.3067
25,577,34665,17,0,95.425,95.425,5.6132,1000.0,6.05,1.3,normal,419.7317
25,578,34680,0,0,0.0,0.0,0.01,1000.0,0.01,1.3,normal,419.7317
25,578,34695,0,0,0.0,0.0,0.01,1000.0,0.01,1.3,normal,419.7317
25,578,34710,0,0,0.0,0.0,0.01,1000.0,0.01,1.3,normal,419.7317
25,578,34725,0,0,0.0,0.0,0.01,1000.0,0.01,1.3,normal,419.7317
25,579,34740,0,0,0.0,0.0,0.01,1000.0,0.01,1.3,normal,419.7317
25,579,34755,0,0,0.0,0.0,0.01,1000.0,0.01,1.3,normal,419.7317
25,579,34770,0,0,0.0,0.0,0.01,1000.0,0.01,1.3,normal,419.7317
25,579,34785,0,0,0.0,0.0,0.01,1000.0,0.01,1.3,normal,419.7317
25,580,34800,12,2,22.2777,11.1389,1.8565,1000.0,4.2,1.3,normal,442.0094
25,580,34815,10,0,26.8576,26.8576,2.6858,1000.0,4.2,1.3,normal,468.867
25,580,34830,15,0,23.1636,23.1636,1.5442,1000.0,4.2,1.3,normal,492.0306
25,580,34845,11,0,18.7461,18.7461,1.7042,1000.0,4.2,1.3,normal,510.7767
25,581,34860,15,0,63.0,63.0,4.2,1000.0,4.2,1.3,normal,573.7767
25,581,34875,11,0,46.2,46.2,4.2,1000.0,4.2,1.3,normal,619.9767
25,581,34890,9,0,25.584,25.584,2.8427,1000.0,4.2,1.3,normal,645.5607
25,581,34905,10,0,17.5912,17.5912,1.7591,1000.0,4.2,1.3,normal,663.1519
25,582,34920,4,0,4.1983,4.1983,1.0496,1000.0,4.2,1.3,normal,667.3502
25,582,34935,11,0,45.1787,45.1787,4.1072,1000.0,4.2,1.3,normal,712.5289
25,582,34950,11,0,27.8142,27.8142,2.5286,1000.0,4.2,1.3,normal,740.3431
25,582,34965,10,0,23.3984,23.3984,2.3398,1000.0,4.2,1.3,normal,763.7415
25,583,34980,11,1,13.3511,13.3511,1.2137,1000.0,4.2,1.3,normal,777.0926
25,583,34995,10,1,33.8407,33.8407,3.3841,1000.0,4.2,1.3,normal,810.9333
25,583,35010,13,1,27.7929,27.7929,2.1379,1000.0,4.2,1.3,normal,838.7262
25,583,35025,16,0,45.3845,45.3845,2.8365,1000.0,4.2,1.3,normal,884.1107
25,584,35040,11,0,17.0338,17.0338,1.5485,1000.0,3.78,1.3,budget_constrained,901.1445
25,584,35055,18,0,68.04,68.04,3.78,1000.0,3.78,1.3,budget_constrained,969.1845
25,584,35070,11,1,27.3241,27.3241,2.484,1000.0,3.78,1.3,budget_constrained,996.5086
25,584,35085,1,0,3.4914,3.4914,3.2806,1000.0,3.78,1.3,budget_depleted,1000.0
25,585,35100,0,0,0.0,0.0,0.0,1000.0,3.78,1.3,budget_depleted,1000.0
25,585,35115,0,0,0.0,0.0,0.0,1000.0,3.78,1.3,budget_depleted,1000.0
25,585,35130,0,0,0.0,0.0,0.0,1000.0,3.78,1.3,budget_depleted,1000.0
25,585,35145,0,0,0.0,0.0,0.0,1000.0,3.78,1.3,budget_depleted,1000.0
25,586,35160,0,0,0.0,0.0,0.0,1000.0,1.13,1.3,budget_depleted,1000.0
25,586,35175,0,0,0.0,0.0,0.0,1000.0,1.13,1.3,budget_depleted,1000.0
25,586,35190,0,0,0.0,0.0,0.0,1000.0,1.13,1.3,budget_depleted,1000.0
25,586,35205,0,0,0.0,0.0,0.0,1000.0,1.13,1.3,budget_depleted,1000.0
25,587,35220,0,0,0.0,0.0,0.0,1000.0,1.13,1.3,budget_depleted,1000.0
25,587,35235,0,0,0.0,0.0,0.0,1000.0,1.13,1.3,budget_depleted,1000.0
25,587,35250,0,0,0.0,0.0,0.0,1000.0,1.13,1.3,budget_depleted,1000.0
25,587,35265,0,0,0.0,0.0,0.0,1000.0,1.13,1.3,budget_depleted,1000.0
25,588,35280,0,0,0.0,0.0,0.0,1000.0,0.8,1.3,budget_depleted,1000.0
25,588,35295,0,0,0.0,0.0,0.0,1000.0,0.8,1.3,budget_depleted,1000.0
25,588,35310,0,0,0.0,0.0,0.0,1000.0,0.8,1.3,budget_depleted,1000.0
25,588,35325,0,0,0.0,0.0,0.0,1000.0,0.8,1.3,budget_depleted,1000.0
25,589,35340,0,0,0.0,0.0,0.0,1000.0,0.8,1.3,budget_depleted,1000.0
25,589,35355,0,0,0.0,0.0,0.0,1000.0,0.8,1.3,budget_depleted,1000.0
25,589,35370,0,0,0.0,0.0,0.0,1000.0,0.8,1.3,budget_depleted,1000.0
25,589,35385,0,0,0.0,0.0,0.0,1000.0,0.8,1.3,budget_depleted,1000.0
25,590,35400,0,0,0.0,0.0,0.0,1000.0,0.72,1.3,budget_depleted,1000.0
25,590,35415,0,0,0.0,0.0,0.0,1000.0,0.72,1.3,budget_depleted,1000.0
25,590,35430,0,0,0.0,0.0,0.0,1000.0,0.72,1.3,budget_depleted,1000.0
25,590,35445,0,0,0.0,0.0,0.0,1000.0,0.72,1.3,budget_depleted,1000.0
25,591,35460,0,0,0.0,0.0,0.0,1000.0,0.72,1.3,budget_depleted,1000.0
25,591,35475,0,0,0.0,0.0,0.0,1000.0,0.72,1.3,budget_depleted,1000.0
25,591,35490,0,0,0.0,0.0,0.0,1000.0,0.72,1.3,budget_depleted,1000.0
25,591,35505,0,0,0.0,0.0,0.0,1000.0,0.72,1.3,budget_depleted,1000.0
25,592,35520,0,0,0.0,0.0,0.0,1000.0,0.65,1.3,budget_depleted,1000.0
25,592,35535,0,0,0.0,0.0,0.0,1000.0,0.65,1.3,budget_depleted,1000.0
25,592,35550,0,0,0.0,0.0,0.0,1000.0,0.65,1.3,budget_depleted,1000.0
25,592,35565,0,0,0.0,0.0,0.0,1000.0,0.65,1.3,budget_depleted,1000.0
25,593,35580,0,0,0.0,0.0,0.0,1000.0,0.65,1.3,budget_depleted,1000.0
25,593,35595,0,0,0.0,0.0,0.0,1000.0,0.65,1.3,budget_depleted,1000.0
25,593,35610,0,0,0.0,0.0,0.0,1000.0,0.65,1.3,budget_depleted,1000.0
25,593,35625,0,0,0.0,0.0,0.0,1000.0,0.65,1.3,budget_depleted,1000.0
25,594,35640,0,0,0.0,0.0,0.0,1000.0,0.59,1.3,budget_depleted,1000.0
25,594,35655,0,0,0.0,0.0,0.0,1000.0,0.59,1.3,budget_depleted,1000.0
25,594,35670,0,0,0.0,0.0,0.0,1000.0,0.59,1.3,budget_depleted,1000.0
25,594,35685,0,0,0.0,0.0,0.0,1000.0,0.59,1.3,budget_depleted,1000.0
25,595,35700,0,0,0.0,0.0,0.0,1000.0,0.59,1.3,budget_depleted,1000.0
25,595,35715,0,0,0.0,0.0,0.0,1000.0,0.59,1.3,budget_depleted,1000.0
25,595,35730,0,0,0.0,0.0,0.0,1000.0,0.59,1.3,budget_depleted,1000.0
25,595,35745,0,0,0.0,0.0,0.0,1000.0,0.59,1.3,budget_depleted,1000.0
25,596,35760,0,0,0.0,0.0,0.0,1000.0,0.53,1.3,budget_depleted,1000.0
25,596,35775,0,0,0.0,0.0,0.0,1000.0,0.53,1.3,budget_depleted,1000.0
25,596,35790,0,0,0.0,0.0,0.0,1000.0,0.53,1.3,budget_depleted,1000.0
25,596,35805,0,0,0.0,0.0,0.0,1000.0,0.53,1.3,budget_depleted,1000.0
25,597,35820,0,0,0.0,0.0,0.0,1000.0,0.53,1.3,budget_depleted,1000.0
25,597,35835,0,0,0.0,0.0,0.0,1000.0,0.53,1.3,budget_depleted,1000.0
25,597,35850,0,0,0.0,0.0,0.0,1000.0,0.53,1.3,budget_depleted,1000.0
25,597,35865,0,0,0.0,0.0,0.0,1000.0,0.53,1.3,budget_depleted,1000.0
25,598,35880,0,0,0.0,0.0,0.0,1000.0,0.5,1.3,budget_depleted,1000.0
25,598,35895,0,0,0.0,0.0,0.0,1000.0,0.5,1.3,budget_depleted,1000.0
25,598,35910,0,0,0.0,0.0,0.0,1000.0,0.5,1.3,budget_depleted,1000.0
25,598,35925,0,0,0.0,0.0,0.0,1000.0,0.5,1.3,budget_depleted,1000.0
25,599,35940,0,0,0.0,0.0,0.0,1000.0,0.5,1.3,budget_depleted,1000.0
25,599,35955,0,0,0.0,0.0,0.0,1000.0,0.5,1.3,budget_depleted,1000.0
25,599,35970,0,0,0.0,0.0,0.0,1000.0,0.5,1.3,budget_depleted,1000.0
25,599,35985,0,0,0.0,0.0,0.0,1000.0,0.5,1.3,budget_depleted,1000.0
26,600,36000,0,0,0.0,0.0,0.0,1000.0,0.5,1.3,normal,0.0
26,600,36015,1,0,0.5,0.5,0.5,1000.0,0.5,1.3,normal,0.5
26,600,36030,2,0,1.0,1.0,0.5,1000.0,0.5,1.3,normal,1.5
26,600,36045,4,0,2.0,2.0,0.5,1000.0,0.5,1.3,normal,3.5
26,601,36060,1,0,0.5,0.5,0.5,1000.0,0.5,1.3,normal,4.0
26,601,36075,0,0,0.0,0.0,0.5,1000.0,0.5,1.3,normal,4.0
26,601,36090,1,0,0.5,0.5,0.5,1000.0,0.5,1.3,normal,4.5
26,601,36105,3,0,1.5,1.5,0.5,1000.0,0.5,1.3,normal,6.0
26,602,36120,0,0,0.0,0.0,0.56,1000.0,0.56,1.3,normal,6.0
26,602,36135,0,0,0.0,0.0,0.56,1000.0,0.56,1.3,normal,6.0
26,602,36150,2,1,1.12,1.12,0.56,1000.0,0.56,1.3,normal,7.12
26,602,36165,2,0,1.12,1.12,0.56,1000.0,0.56,1.3,normal,8.24
26,603,36180,1,0,0.56,0.56,0.56,1000.0,0.56,1.3,normal,8.8
26,603,36195,4,0,2.24,2.24,0.56,1000.0,0.56,1.3,normal,11.04
26,603,36210,1,0,0.56,0.56,0.56,1000.0,0.56,1.3,normal,11.6
26,603,36225,2,0,1.12,1.12,0.56,1000.0,0.56,1.3,normal,12.72
26,604,36240,1,0,0.63,0.63,0.63,1000.0,0.63,1.3,normal,13.35
26,604,36255,2,0,1.26,1.26,0.63,1000.0,0.63,1.3,normal,14.61
26,604,36270,1,1,0.63,0.63,0.63,1000.0,0.63,1.3,normal,15.24
26,604,36285,1,0,0.63,0.63,0.63,1000.0,0.63,1.3,normal,15.87
26,605,36300,3,0,1.89,1.89,0.63,1000.0,0.63,1.3,normal,17.76
26,605,36315,4,0,2.52,2.52,0.63,1000.0,0.63,1.3,normal,20.28
26,605,36330,1,0,0.63,0.63,0.63,1000.0,0.63,1.3,normal,20.91
26,605,36345,4,0,2.52,2.52,0.63,1000.0,0.63,1.3,normal,23.43
26,606,36360,3,0,2.13,2.13,0.71,1000.0,0.71,1.3,normal,25.56
26,606,36375,2,0,1.42,1.42,0.71,1000.0,0.71,1.3,normal,26.98
26,606,36390,3,0,2.13,2.13,0.71,1000.0,0.71,1.3,normal,29.11
26,606,36405,2,0,1.42,1.42,0.71,1000.0,0.71,1.3,normal,30.53
26,607,36420,3,0,2.13,2.13,0.71,1000.0,0.71,1.3,normal,32.66
26,607,36435,4,0,2.84,2.84,0.71,1000.0,0.71,1.3,normal,35.5
26,607,36450,2,0,1.42,1.42,0.71,1000.0,0.71,1.3,normal,36.92
26,607,36465,1,0,0.71,0.71,0.71,1000.0,0.71,1.3,normal,37.63
26,608,36480,1,0,0.8,0.8,0.8,1000.0,0.8,1.3,normal,38.43
26,608,36495,1,0,0.8,0.8,0.8,1000.0,0.8,1.3,normal,39.23
26,608,36510,1,0,0.8,0.8,0.8,1000.0,0.8,1.3,normal,40.03
26,608,36525,3,0,2.4,2.4,0.8,1000.0,0.8,1.3,normal,42.43
26,609,36540,1,0,0.8,0.8,0.8,1000.0,0.8,1.3,normal,43.23
26,609,36555,3,0,2.4,2.4,0.8,1000.0,0.8,1.3,normal,45.63
26,609,36570,5,0,4.0,4.0,0.8,1000.0,0.8,1.3,normal,49.63
26,609,36585,2,0,1.6,1.6,0.8,1000.0,0.8,1.3,normal,51.23
26,610,36600,2,0,1.8,1.8,0.9,1000.0,0.9,1.3,normal,53.03
26,610,36615,3,0,2.7,2.7,0.9,1000.0,0.9,1.3,normal,55.73
26,610,36630,2,0,1.8,1.8,0.9,1000.0,0.9,1.3,normal,57.53
26,610,36645,2,1,1.8,1.8,0.9,1000.0,0.9,1.3,normal,59.33
26,611,36660,2,0,1.8,1.8,0.9,1000.0,0.9,1.3,normal,61.13
26,611,36675,0,0,0.0,0.0,0.9,1000.0,0.9,1.3,normal,61.13
26,611,36690,3,0,2.7,2.7,0.9,1000.0,0.9,1.3,normal,63.83
26,611,36705,1,0,0.9,0.9,0.9,1000.0,0.9,1.3,normal,64.73
26,612,36720,1,0,0.99,0.99,0.99,1000.0,0.99,1.3,normal,65.72
26,612,36735,1,0,0.99,0.99,0.99,1000.0,0.99,1.3,normal,66.71
26,612,36750,5,0,4.95,4.95,0.99,1000.0,0.99,1.3,normal,71.66
26,612,36765,3,0,2.97,2.97,0.99,1000.0,0.99,1.3,normal,74.63
26,613,36780,1,0,0.99,0.99,0.99,1000.0,0.99,1.3,normal,75.62
26,613,36795,4,0,3.96,3.96,0.99,1000.0,0.99,1.3,normal,79.58
26,613,36810,2,0,1.98,1.98,0.99,1000.0,0.99,1.3,normal,81.56
26,613,36825,2,0,1.98,1.98,0.99,1000.0,0.99,1.3,normal,83.54
26,614,36840,3,0,3.33,3.33,1.11,1000.0,1.11,1.3,normal,86.87
26,614,36855,3,0,3.33,3.33,1.11,1000.0,1.11,1.3,normal,90.2
26,614,36870,3,0,3.33,3.33,1.11,1000.0,1.11,1.3,normal,93.53
26,614,36885,4,0,4.44,4.44,1.11,1000.0,1.11,1.3,normal,97.97
26,615,36900,3,0,3.33,3.33,1.11,1000.0,1.11,1.3,normal,101.3
26,615,36915,4,0,4.44,4.44,1.11,1000.0,1.11,1.3,normal,105.74
26,615,36930,3,0,3.33,3.33,1.11,1000.0,1.11,1.3,normal,109.07
26,615,36945,2,0,2.22,2.22,1.11,1000.0,1.11,1.3,normal,111.29
26,616,36960,1,0,1.33,1.33,1.33,1000.0,1.33,1.3,normal,112.62
26,616,36975,3,0,3.99,3.99,1.33,1000.0,1.33,1.3,normal,116.61
26,616,36990,5,0,6.65,6.65,1.33,1000.0,1.33,1.3,normal,123.26
26,616,37005,3,0,3.99,3.99,1.33,1000.0,1.33,1.3,normal,127.25
26,617,37020,4,1,5.32,5.32,1.33,1000.0,1.33,1.3,normal,132.57
26,617,37035,7,0,9.31,9.31,1.33,1000.0,1.33,1.3,normal,141.88
26,617,37050,4,0,5.32,5.32,1.33,1000.0,1.33,1.3,normal,147.2
26,617,37065,7,0,8.582,8.582,1.226,1000.0,1.33,1.3,normal,155.782
26,618,37080,3,0,4.8,4.8,1.6,1000.0,1.6,1.3,normal,160.582
26,618,37095,8,0,11.4119,11.4119,1.4265,1000.0,1.6,1.3,normal,171.9939
26,618,37110,5,0,8.0,8.0,1.6,1000.0,1.6,1.3,normal,179.9939
26,618,37125,1,0,1.6,1.6,1.6,1000.0,1.6,1.3,normal,181.5939
26,619,37140,6,0,9.6,9.6,1.6,1000.0,1.6,1.3,normal,191.1939
26,619,37155,5,0,8.0,8.0,1.6,1000.0,1.6,1.3,normal,199.1939
26,619,37170,6,0,6.5504,6.5504,1.0917,1000.0,1.6,1.3,normal,205.7443
26,619,37185,3,0,4.8,4.8,1.6,1000.0,1.6,1.3,normal,210.5443
26,620,37200,6,1,10.56,10.56,1.76,1000.0,1.76,1.3,normal,221.1043
26,620,37215,3,0,5.28,5.28,1.76,1000.0,1.76,1.3,normal,226.3843
26,620,37230,1,0,1.76,1.76,1.76,1000.0,1.76,1.3,normal,228.1443
26,620,37245,4,0,7.04,7.04,1.76,1000.0,1.76,1.3,normal,235.1843
26,621,37260,5,0,8.8,8.8,1.76,1000.0,1.76,1.3,normal,243.9843
26,621,37275,7,0,9.2165,9.2165,1.3166,1000.0,1.76,1.3,normal,253.2008
26,621,37290,3,0,5.28,5.28,1.76,1000.0,1.76,1.3,normal,258.4808
26,621,37305,10,0,17.6,17.6,1.76,1000.0,1.76,1.3,normal,276.0808
26,622,37320,5,0,6.2779,6.2779,1.2556,1000.0,2.11,1.3,normal,282.3587
26,622,37335,7,0,14.77,14.77,2.11,1000.0,2.11,1.3,normal,297.1287
26,622,37350,7,1,14.77,14.77,2.11,1000.0,2.11,1.3,normal,311.8987
26,622,37365,7,0,10.024,10.024,1.432,1000.0,2.11,1.3,normal,321.9227
26,623,37380,5,0,10.55,10.55,2.11,1000.0,2.11,1.3,normal,332.4727
26,623,37395,5,0,8.3245,8.3245,1.6649,1000.0,2.11,1.3,normal,340.7972
26,623,37410,1,0,2.11,2.11,2.11,1000.0,2.11,1.3,normal,342.9072
26,623,37425,4,0,8.44,8.44,2.11,1000.0,2.11,1.3,normal,351.3472
27,624,37440,14,0,35.42,35.42,2.53,1000.0,2.53,1.3,normal,35.42
27,624,37455,6,0,15.18,15.18,2.53,1000.0,2.53,1.3,normal,50.6
27,624,37470,6,0,7.8543,7.8543,1.309,1000.0,2.53,1.3,normal,58.4543
27,624,37485,2,1,5.06,5.06,2.53,1000.0,2.53,1.3,normal,63.5143
27,625,37500,15,0,37.95,37.95,2.53,1000.0,2.53,1.0,normal,101.4643
27,625,37515,7,0,7.5721,7.5721,1.0817,1000.0,2.53,1.0,normal,109.0364
27,625,37530,8,0,20.24,20.24,2.53,1000.0,2.53,1.0,normal,129.2764
27,625,37545,10,0,11.9118,11.9118,1.1912,1000.0,2.53,1.0,normal,141.1882
27,626,37560,8,0,22.64,22.64,2.83,1000.0,2.83,1.0,normal,163.8282
27,626,37575,9,0,25.47,25.47,2.83,1000.0,2.83,1.0,normal,189.2982
27,626,37590,9,0,25.47,25.47,2.83,1000.0,2.83,1.0,normal,214.7682
27,626,37605,6,0,15.0985,15.0985,2.5164,1000.0,2.83,1.0,normal,229.8667
27,627,37620,3,0,3.997,3.997,1.3323,1000.0,2.83,1.0,normal,233.8637
27,627,37635,5,0,8.429,8.429,1.6858,1000.0,2.83,1.0,normal,242.2927
27,627,37650,10,0,28.3,28.3,2.83,1000.0,2.83,1.0,normal,270.5927
27,627,37665,8,1,22.64,22.64,2.83,1000.0,2.83,1.0,normal,293.2327
27,628,37680,0,0,0.0,0.0,0.01,1000.0,0.01,1.0,normal,293.2327
27,628,37695,0,0,0.0,0.0,0.01,1000.0,0.01,1.0,normal,293.2327
27,628,37710,0,0,0.0,0.0,0.01,1000.0,0.01,1.0,normal,293.2327
27,628,37725,0,0,0.0,0.0,0.01,1000.0,0.01,1.0,normal,293.2327
27,629,37740,0,0,0.0,0.0,0.01,1000.0,0.01,1.0,normal,293.2327
27,629,37755,0,0,0.0,0.0,0.01,1000.0,0.01,1.0,normal,293.2327
27,629,37770,0,0,0.0,0.0,0.01,1000.0,0.01,1.0,normal,293.2327
27,629,37785,0,0,0.0,0.0,0.01,1000.0,0.01,1.0,normal,293.2327
27,630,37800,0,0,0.0,0.0,0.01,1000.0,0.01,1.0,normal,293.2327
27,630,37815,0,0,0.0,0.0,0.01,1000.0,0.01,1.0,normal,293.2327
27,630,37830,0,0,0.0,0.0,0.01,1000.0,0.01,1.0,normal,293.2327
27,630,37845,0,0,0.0,0.0,0.01,1000.0,0.01,1.0,normal,293.2327
27,631,37860,1,0,0.01,0.01,0.01,1000.0,0.01,1.0,normal,293.2427
27,631,37875,0,0,0.0,0.0,0.01,1000.0,0.01,1.0,normal,293.2427
27,631,37890,0,0,0.0,0.0,0.01,1000.0,0.01,1.0,normal,293.2427
27,631,37905,0,0,0.0,0.0,0.01,1000.0,0.01,1.0,normal,293.2427
27,632,37920,0,0,0.0,0.0,0.01,1000.0,0.01,1.0,normal,293.2427
27,632,37935,0,0,0.0,0.0,0.01,1000.0,0.01,1.0,normal,293.2427
27,632,37950,0,0,0.0,0.0,0.01,1000.0,0.01,1.0,normal,293.2427
27,632,37965,0,0,0.0,0.0,0.01,1000.0,0.01,1.0,normal,293.2427
27,633,37980,0,0,0.0,0.0,0.01,1000.0,0.01,1.0,normal,293.2427
27,633,37995,0,0,0.0,0.0,0.01,1000.0,0.01,1.0,normal,293.2427
27,633,38010,0,0,0.0,0.0,0.01,1000.0,0.01,1.0,normal,293.2427
27,633,38025,0,0,0.0,0.0,0.01,1000.0,0.01,1.0,normal,293.2427
27,634,38040,0,0,0.0,0.0,0.01,1000.0,0.01,1.0,normal,293.2427
27,634,38055,0,0,0.0,0.0,0.01,1000.0,0.01,1.0,normal,293.2427
27,634,38070,0,0,0.0,0.0,0.01,1000.0,0.01,1.0,normal,293.2427
27,634,38085,0,0,0.0,0.0,0.01,1000.0,0.01,1.0,normal,293.2427
27,635,38100,0,0,0.0,0.0,0.01,1000.0,0.01,1.0,normal,293.2427
27,635,38115,0,0,0.0,0.0,0.01,1000.0,0.01,1.0,normal,293.2427
27,635,38130,0,0,0.0,0.0,0.01,1000.0,0.01,1.0,normal,293.2427
27,635,38145,0,0,0.0,0.0,0.01,1000.0,0.01,1.0,normal,293.2427
27,636,38160,0,0,0.0,0.0,0.01,1000.0,0.01,1.0,normal,293.2427
27,636,38175,0,0,0.0,0.0,0.01,1000.0,0.01,1.0,normal,293.2427
27,636,38190,0,0,0.0,0.0,0.01,1000.0,0.01,1.0,normal,293.2427
27,636,38205,0,0,0.0,0.0,0.01,1000.0,0.01,1.0,normal,293.2427
27,637,38220,0,0,0.0,0.0,0.01,1000.0,0.01,1.0,normal,293.2427
27,637,38235,0,0,0.0,0.0,0.01,1000.0,0.01,1.0,normal,293.2427
27,637,38250,0,0,0.0,0.0,0.01,1000.0,0.01,1.0,normal,293.2427
27,637,38265,0,0,0.0,0.0,0.01,1000.0,0.01,1.0,normal,293.2427
27,638,38280,0,0,0.0,0.0,0.01,1000.0,0.01,1.0,normal,293.2427
27,638,38295,0,0,0.0,0.0,0.01,1000.0,0.01,1.0,normal,293.2427
27,638,38310,0,0,0.0,0.0,0.01,1000.0,0.01,1.0,normal,293.2427
27,638,38325,0,0,0.0,0.0,0.01,1000.0,0.01,1.0,normal,293.2427
27,639,38340,0,0,0.0,0.0,0.01,1000.0,0.01,1.0,normal,293.2427
27,639,38355,0,0,0.0,0.0,0.01,1000.0,0.01,1.0,normal,293.2427
27,639,38370,0,0,0.0,0.0,0.01,1000.0,0.01,1.0,normal,293.2427
27,639,38385,0,0,0.0,0.0,0.01,1000.0,0.01,1.0,normal,293.2427
27,640,38400,0,0,0.0,0.0,0.01,1000.0,0.01,1.0,normal,293.2427
27,640,38415,0,0,0.0,0.0,0.01,1000.0,0.01,1.0,normal,293.2427
27,640,38430,0,0,0.0,0.0,0.01,1000.0,0.01,1.0,normal,293.2427
27,640,38445,0,0,0.0,0.0,0.01,1000.0,0.01,1.0,normal,293.2427
27,641,38460,0,0,0.0,0.0,0.01,1000.0,0.01,1.0,normal,293.2427
27,641,38475,0,0,0.0,0.0,0.01,1000.0,0.01,1.0,normal,293.2427
27,641,38490,0,0,0.0,0.0,0.01,1000.0,0.01,1.0,normal,293.2427
27,641,38505,0,0,0.0,0.0,0.01,1000.0,0.01,1.0,normal,293.2427
27,642,38520,0,0,0.0,0.0,0.01,1000.0,0.01,1.0,normal,293.2427
27,642,38535,0,0,0.0,0.0,0.01,1000.0,0.01,1.0,normal,293.2427
27,642,38550,0,0,0.0,0.0,0.01,1000.0,0.01,1.0,normal,293.2427
27,642,38565,0,0,0.0,0.0,0.01,1000.0,0.01,1.0,normal,293.2427
27,643,38580,0,0,0.0,0.0,0.01,1000.0,0.01,1.0,normal,293.2427
27,643,38595,0,0,0.0,0.0,0.01,1000.0,0.01,1.0,normal,293.2427
27,643,38610,0,0,0.0,0.0,0.01,1000.0,0.01,1.0,normal,293.2427
27,643,38625,0,0,0.0,0.0,0.01,1000.0,0.01,1.0,normal,293.2427
27,644,38640,0,0,0.0,0.0,0.01,1000.0,0.01,1.0,normal,293.2427
27,644,38655,0,0,0.0,0.0,0.01,1000.0,0.01,1.0,normal,293.2427
27,644,38670,0,0,0.0,0.0,0.01,1000.0,0.01,1.0,normal,293.2427
27,644,38685,0,0,0.0,0.0,0.01,1000.0,0.01,1.0,normal,293.2427
27,645,38700,0,0,0.0,0.0,0.01,1000.0,0.01,1.0,normal,293.2427
27,645,38715,0,0,0.0,0.0,0.01,1000.0,0.01,1.0,normal,293.2427
27,645,38730,0,0,0.0,0.0,0.01,1000.0,0.01,1.0,normal,293.2427
27,645,38745,0,0,0.0,0.0,0.01,1000.0,0.01,1.0,normal,293.2427
27,646,38760,0,0,0.0,0.0,0.01,1000.0,0.01,1.0,normal,293.2427
27,646,38775,0,0,0.0,0.0,0.01,1000.0,0.01,1.0,normal,293.2427
27,646,38790,0,0,0.0,0.0,0.01,1000.0,0.01,1.0,normal,293.2427
27,646,38805,0,0,0.0,0.0,0.01,1000.0,0.01,1.0,normal,293.2427
27,647,38820,0,0,0.0,0.0,0.01,1000.0,0.01,1.0,normal,293.2427
27,647,38835,0,0,0.0,0.0,0.01,1000.0,0.01,1.0,normal,293.2427
27,647,38850,0,0,0.0,0.0,0.01,1000.0,0.01,1.0,normal,293.2427
27,647,38865,0,0,0.0,0.0,0.01,1000.0,0.01,1.0,normal,293.2427
28,648,38880,0,0,0.0,0.0,0.01,1000.0,0.01,1.0,normal,0.0
28,648,38895,0,0,0.0,0.0,0.01,1000.0,0.01,1.0,normal,0.0
28,648,38910,0,0,0.0,0.0,0.01,1000.0,0.01,1.0,normal,0.0
28,648,38925,0,0,0.0,0.0,0.01,1000.0,0.01,1.0,normal,0.0
28,649,38940,0,0,0.0,0.0,0.01,1000.0,0.01,1.0,normal,0.0
28,649,38955,0,0,0.0,0.0,0.01,1000.0,0.01,1.0,normal,0.0
28,649,38970,0,0,0.0,0.0,0.01,1000.0,0.01,1.0,normal,0.0
28,649,38985,0,0,0.0,0.0,0.01,1000.0,0.01,1.0,normal,0.0
28,650,39000,0,0,0.0,0.0,0.01,1000.0,0.01,1.0,normal,0.0
28,650,39015,0,0,0.0,0.0,0.01,1000.0,0.01,1.0,normal,0.0
28,650,39030,0,0,0.0,0.0,0.01,1000.0,0.01,1.0,normal,0.0
28,650,39045,0,0,0.0,0.0,0.01,1000.0,0.01,1.0,normal,0.0
28,651,39060,0,0,0.0,0.0,0.01,1000.0,0.01,1.0,normal,0.0
28,651,39075,0,0,0.0,0.0,0.01,1000.0,0.01,1.0,normal,0.0
28,651,39090,0,0,0.0,0.0,0.01,1000.0,0.01,1.0,normal,0.0
28,651,39105,0,0,0.0,0.0,0.01,1000.0,0.01,1.0,normal,0.0
28,652,39120,2,0,1.0,1.0,0.5,1000.0,0.5,1.0,normal,1.0
28,652,39135,0,0,0.0,0.0,0.5,1000.0,0.5,1.0,normal,1.0
28,652,39150,2,0,1.0,1.0,0.5,1000.0,0.5,1.0,normal,2.0
28,652,39165,2,0,1.0,1.0,0.5,1000.0,0.5,1.0,normal,3.0
28,653,39180,1,0,0.5,0.5,0.5,1000.0,0.5,1.0,normal,3.5
28,653,39195,3,0,1.5,1.5,0.5,1000.0,0.5,1.0,normal,5.0
28,653,39210,0,0,0.0,0.0,0.5,1000.0,0.5,1.0,normal,5.0
28,653,39225,2,0,1.0,1.0,0.5,1000.0,0.5,1.0,normal,6.0
28,654,39240,2,0,1.0,1.0,0.5,1000.0,0.5,1.0,normal,7.0
28,654,39255,1,0,0.5,0.5,0.5,1000.0,0.5,1.0,normal,7.5
28,654,39270,2,0,1.0,1.0,0.5,1000.0,0.5,1.0,normal,8.5
28,654,39285,2,0,1.0,1.0,0.5,1000.0,0.5,1.0,normal,9.5
28,655,39300,1,0,0.5,0.5,0.5,1000.0,0.5,1.0,normal,10.0
28,655,39315,0,0,0.0,0.0,0.5,1000.0,0.5,1.0,normal,10.0
28,655,39330,0,0,0.0,0.0,0.5,1000.0,0.5,1.0,normal,10.0
28,655,39345,0,0,0.0,0.0,0.5,1000.0,0.5,1.0,normal,10.0
28,656,39360,1,0,0.6,0.6,0.6,1000.0,0.6,1.0,normal,10.6
28,656,39375,1,0,0.6,0.6,0.6,1000.0,0.6,1.0,normal,11.2
28,656,39390,1,0,0.6,0.6,0.6,1000.0,0.6,1.0,normal,11.8
28,656,39405,1,0,0.6,0.6,0.6,1000.0,0.6,1.0,normal,12.4
28,657,39420,1,0,0.6,0.6,0.6,1000.0,0.6,1.0,normal,13.0
28,657,39435,1,0,0.6,0.6,0.6,1000.0,0.6,1.0,normal,13.6
28,657,39450,1,0,0.6,0.6,0.6,1000.0,0.6,1.0,normal,14.2
28,657,39465,1,0,0.6,0.6,0.6,1000.0,0.6,1.0,normal,14.8
28,658,39480,1,0,0.6,0.6,0.6,1000.0,0.6,1.0,normal,15.4
28,658,39495,3,1,1.8,1.8,0.6,1000.0,0.6,1.0,normal,17.2
28,658,39510,3,0,1.8,1.8,0.6,1000.0,0.6,1.0,normal,19.0
28,658,39525,3,0,1.8,1.8,0.6,1000.0,0.6,1.0,normal,20.8
28,659,39540,0,0,0.0,0.0,0.6,1000.0,0.6,1.0,normal,20.8
28,659,39555,2,0,1.2,1.2,0.6,1000.0,0.6,1.0,normal,22.0
28,659,39570,1,0,0.6,0.6,0.6,1000.0,0.6,1.0,normal,22.6
28,659,39585,1,0,0.6,0.6,0.6,1000.0,0.6,1.0,normal,23.2
28,660,39600,0,0,0.0,0.0,0.67,1000.0,0.67,1.0,normal,23.2
28,660,39615,0,0,0.0,0.0,0.67,1000.0,0.67,1.0,normal,23.2
28,660,39630,4,1,2.68,2.68,0.67,1000.0,0.67,1.0,normal,25.88
28,660,39645,2,0,1.34,1.34,0.67,1000.0,0.67,1.0,normal,27.22
28,661,39660,2,0,1.34,1.34,0.67,1000.0,0.67,1.0,normal,28.56
28,661,39675,1,0,0.67,0.67,0.67,1000.0,0.67,1.0,normal,29.23
28,661,39690,2,0,1.34,1.34,0.67,1000.0,0.67,1.0,normal,30.57
28,661,39705,1,0,0.67,0.67,0.67,1000.0,0.67,1.0,normal,31.24
28,662,39720,0,0,0.0,0.0,0.67,1000.0,0.67,1.0,normal,31.24
28,662,39735,2,0,1.34,1.34,0.67,1000.0,0.67,1.0,normal,32.58
28,662,39750,3,0,2.01,2.01,0.67,1000.0,0.67,1.0,normal,34.59
28,662,39765,1,0,0.67,0.67,0.67,1000.0,0.67,1.0,normal,35.26
28,663,39780,1,0,0.67,0.67,0.67,1000.0,0.67,1.0,normal,35.93
28,663,39795,0,0,0.0,0.0,0.67,1000.0,0.67,1.0,normal,35.93
28,663,39810,3,0,2.01,2.01,0.67,1000.0,0.67,1.0,normal,37.94
28,663,39825,3,0,2.01,2.01,0.67,1000.0,0.67,1.0,normal,39.95
28,664,39840,2,0,1.48,1.48,0.74,1000.0,0.74,1.0,normal,41.43
28,664,39855,1,0,0.74,0.74,0.74,1000.0,0.74,1.0,normal,42.17
28,664,39870,4,0,2.96,2.96,0.74,1000.0,0.74,1.0,normal,45.13
28,664,39885,2,0,1.48,1.48,0.74,1000.0,0.74,1.0,normal,46.61
28,665,39900,3,0,2.22,2.22,0.74,1000.0,0.74,1.0,normal,48.83
28,665,39915,4,0,2.96,2.96,0.74,1000.0,0.74,1.0,normal,51.79
28,665,39930,1,0,0.74,0.74,0.74,1000.0,0.74,1.0,normal,52.53
28,665,39945,2,0,1.48,1.48,0.74,1000.0,0.74,1.0,normal,54.01
28,666,39960,0,0,0.0,0.0,0.74,1000.0,0.74,1.0,normal,54.01
28,666,39975,5,0,3.7,3.7,0.74,1000.0,0.74,1.0,normal,57.71
28,666,39990,2,0,1.48,1.48,0.74,1000.0,0.74,1.0,normal,59.19
28,666,40005,2,0,1.48,1.48,0.74,1000.0,0.74,1.0,normal,60.67
28,667,40020,0,0,0.0,0.0,0.74,1000.0,0.74,1.0,normal,60.67
28,667,40035,1,1,0.74,0.74,0.74,1000.0,0.74,1.0,normal,61.41
28,667,40050,0,0,0.0,0.0,0.74,1000.0,0.74,1.0,normal,61.41
28,667,40065,3,0,2.22,2.22,0.74,1000.0,0.74,1.0,normal,63.63
28,668,40080,3,0,2.49,2.49,0.83,1000.0,0.83,1.0,normal,66.12
28,668,40095,5,0,4.15,4.15,0.83,1000.0,0.83,1.0,normal,70.27
28,668,40110,2,0,1.66,1.66,0.83,1000.0,0.83,1.0,normal,71.93
28,668,40125,1,0,0.83,0.83,0.83,1000.0,0.83,1.0,normal,72.76
28,669,40140,1,0,0.83,0.83,0.83,1000.0,0.83,1.0,normal,73.59
28,669,40155,2,0,1.66,1.66,0.83,1000.0,0.83,1.0,normal,75.25
28,669,40170,1,0,0.83,0.83,0.83,1000.0,0.83,1.0,normal,76.08
28,669,40185,1,0,0.83,0.83,0.83,1000.0,0.83,1.0,normal,76.91
28,670,40200,2,0,1.66,1.66,0.83,1000.0,0.83,1.0,normal,78.57
28,670,40215,2,0,1.66,1.66,0.83,1000.0,0.83,1.0,normal,80.23
28,670,40230,0,0,0.0,0.0,0.83,1000.0,0.83,1.0,normal,80.23
28,670,40245,0,0,0.0,0.0,0.83,1000.0,0.83,1.0,normal,80.23
28,671,40260,3,0,2.49,2.49,0.83,1000.0,0.83,1.0,normal,82.72
28,671,40275,5,0,4.15,4.15,0.83,1000.0,0.83,1.0,normal,86.87
28,671,40290,2,0,1.66,1.66,0.83,1000.0,0.83,1.0,normal,88.53
28,671,40305,1,0,0.83,0.83,0.83,1000.0,0.83,1.0,normal,89.36
29,672,40320,1,0,0.91,0.91,0.91,1000.0,0.91,1.0,normal,0.91
29,672,40335,3,0,2.73,2.73,0.91,1000.0,0.91,1.0,normal,3.64
29,672,40350,2,1,1.82,1.82,0.91,1000.0,0.91,1.0,normal,5.46
29,672,40365,6,0,5.46,5.46,0.91,1000.0,0.91,1.0,normal,10.92
29,673,40380,0,0,0.0,0.0,0.91,1000.0,0.91,1.0,normal,10.92
29,673,40395,4,1,3.64,3.64,0.91,1000.0,0.91,1.0,normal,14.56
29,673,40410,1,0,0.91,0.91,0.91,1000.0,0.91,1.0,normal,15.47
29,673,40425,2,0,1.82,1.82,0.91,1000.0,0.91,1.0,normal,17.29
29,674,40440,2,0,1.82,1.82,0.91,1000.0,0.91,1.0,normal,19.11
29,674,40455,2,0,1.82,1.82,0.91,1000.0,0.91,1.0,normal,20.93
29,674,40470,1,0,0.91,0.91,0.91,1000.0,0.91,1.0,normal,21.84
29,674,40485,2,0,1.82,1.82,0.91,1000.0,0.91,1.0,normal,23.66
29,675,40500,0,0,0.0,0.0,0.91,1000.0,0.91,1.0,normal,23.66
29,675,40515,2,0,1.82,1.82,0.91,1000.0,0.91,1.0,normal,25.48
29,675,40530,6,1,5.46,5.46,0.91,1000.0,0.91,1.0,normal,30.94
29,675,40545,0,0,0.0,0.0,0.91,1000.0,0.91,1.0,normal,30.94
29,676,40560,2,0,2.0,2.0,1.0,1000.0,1.0,1.0,normal,32.94
29,676,40575,5,0,5.0,5.0,1.0,1000.0,1.0,1.0,normal,37.94
29,676,40590,1,0,1.0,1.0,1.0,1000.0,1.0,1.0,normal,38.94
29,676,40605,1,0,1.0,1.0,1.0,1000.0,1.0,1.0,normal,39.94
29,677,40620,7,0,7.0,7.0,1.0,1000.0,1.0,1.0,normal,46.94
29,677,40635,0,0,0.0,0.0,1.0,1000.0,1.0,1.0,normal,46.94
29,677,40650,2,0,2.0,2.0,1.0,1000.0,1.0,1.0,normal,48.94
29,677,40665,2,0,2.0,2.0,1.0,1000.0,1.0,1.0,normal,50.94
29,678,40680,2,0,2.0,2.0,1.0,1000.0,1.0,1.0,normal,52.94
29,678,40695,4,0,4.0,4.0,1.0,1000.0,1.0,1.0,normal,56.94
29,678,40710,2,0,2.0,2.0,1.0,1000.0,1.0,1.0,normal,58.94
29,678,40725,4,0,4.0,4.0,1.0,1000.0,1.0,1.0,normal,62.94
29,679,40740,2,0,2.0,2.0,1.0,1000.0,1.0,1.0,normal,64.94
29,679,40755,3,0,3.0,3.0,1.0,1000.0,1.0,1.0,normal,67.94
29,679,40770,2,0,2.0,2.0,1.0,1000.0,1.0,1.0,normal,69.94
29,679,40785,3,0,3.0,3.0,1.0,1000.0,1.0,1.0,normal,72.94
29,680,40800,0,0,0.0,0.0,1.1,1000.0,1.1,1.0,normal,72.94
29,680,40815,1,0,1.1,1.1,1.1,1000.0,1.1,1.0,normal,74.04
29,680,40830,2,0,2.2,2.2,1.1,1000.0,1.1,1.0,normal,76.24
29,680,40845,1,0,1.1,1.1,1.1,1000.0,1.1,1.0,normal,77.34
29,681,40860,0,0,0.0,0.0,1.1,1000.0,1.1,1.0,normal,77.34
29,681,40875,1,0,1.1,1.1,1.1,1000.0,1.1,1.0,normal,78.44
29,681,40890,4,0,4.4,4.4,1.1,1000.0,1.1,1.0,normal,82.84
29,681,40905,0,0,0.0,0.0,1.1,1000.0,1.1,1.0,normal,82.84
29,682,40920,1,0,1.1,1.1,1.1,1000.0,1.1,1.0,normal,83.94
29,682,40935,6,0,6.6,6.6,1.1,1000.0,1.1,1.0,normal,90.54
29,682,40950,1,0,1.1,1.1,1.1,1000.0,1.1,1.0,normal,91.64
29,682,40965,3,0,3.3,3.3,1.1,1000.0,1.1,1.0,normal,94.94
29,683,40980,3,0,3.3,3.3,1.1,1000.0,1.1,1.0,normal,98.24
29,683,40995,2,0,2.2,2.2,1.1,1000.0,1.1,1.0,normal,100.44
29,683,41010,0,0,0.0,0.0,1.1,1000.0,1.1,1.0,normal,100.44
29,683,41025,2,0,2.2,2.2,1.1,1000.0,1.1,1.0,normal,102.64
29,684,41040,4,0,4.84,4.84,1.21,1000.0,1.21,1.0,normal,107.48
29,684,41055,5,0,6.05,6.05,1.21,1000.0,1.21,1.0,normal,113.53
29,684,41070,2,0,2.42,2.42,1.21,1000.0,1.21,1.0,normal,115.95
29,684,41085,4,0,4.84,4.84,1.21,1000.0,1.21,1.0,normal,120.79
29,685,41100,8,0,9.68,9.68,1.21,1000.0,1.21,1.0,normal,130.47
29,685,41115,2,0,2.42,2.42,1.21,1000.0,1.21,1.0,normal,132.89
29,685,41130,1,0,1.21,1.21,1.21,1000.0,1.21,1.0,normal,134.1
29,685,41145,3,0,3.63,3.63,1.21,1000.0,1.21,1.0,normal,137.73
29,686,41160,3,0,3.2753,3.2753,1.0918,1000.0,1.21,1.0,normal,141.0053
29,686,41175,1,0,1.21,1.21,1.21,1000.0,1.21,1.0,normal,142.2153
29,686,41190,1,0,1.21,1.21,1.21,1000.0,1.21,1.0,normal,143.4253
29,686,41205,2,0,2.42,2.42,1.21,1000.0,1.21,1.0,normal,145.8453
29,687,41220,1,1,1.21,1.21,1.21,1000.0,1.21,1.0,normal,147.0553
29,687,41235,6,0,7.26,7.26,1.21,1000.0,1.21,1.0,normal,154.3153
29,687,41250,0,0,0.0,0.0,1.21,1000.0,1.21,1.0,normal,154.3153
29,687,41265,7,0,8.47,8.47,1.21,1000.0,1.21,1.0,normal,162.7853
29,688,41280,4,0,5.32,5.32,1.33,1000.0,1.33,1.0,normal,168.1053
29,688,41295,3,0,3.99,3.99,1.33,1000.0,1.33,1.0,normal,172.0953
29,688,41310,4,0,5.32,5.32,1.33,1000.0,1.33,1.0,normal,177.4153
29,688,41325,5,0,6.65,6.65,1.33,1000.0,1.33,1.0,normal,184.0653
29,689,41340,4,0,5.32,5.32,1.33,1000.0,1.33,1.0,normal,189.3853
29,689,41355,4,0,5.32,5.32,1.33,1000.0,1.33,1.0,normal,194.7053
29,689,41370,3,0,3.99,3.99,1.33,1000.0,1.33,1.0,normal,198.6953
29,689,41385,8,2,10.64,5.32,1.33,1000.0,1.33,1.0,normal,209.3353
29,690,41400,5,0,6.65,6.65,1.33,1000.0,1.33,1.0,normal,215.9853
29,690,41415,3,0,3.7501,3.7501,1.25,1000.0,1.33,1.0,normal,219.7354
29,690,41430,3,0,3.1861,3.1861,1.062,1000.0,1.33,1.0,normal,222.9215
29,690,41445,4,0,5.32,5.32,1.33,1000.0,1.33,1.0,normal,228.2415
29,691,41460,5,0,6.65,6.65,1.33,1000.0,1.33,1.0,normal,234.8915
29,691,41475,4,0,5.32,5.32,1.33,1000.0,1.33,1.0,normal,240.2115
29,691,41490,5,0,6.65,6.65,1.33,1000.0,1.33,1.0,normal,246.8615
29,691,41505,5,0,6.65,6.65,1.33,1000.0,1.33,1.0,normal,253.5115
29,692,41520,0,0,0.0,0.0,0.01,1000.0,0.01,1.0,normal,253.5115
29,692,41535,1,0,0.01,0.01,0.01,1000.0,0.01,1.0,normal,253.5215
29,692,41550,0,0,0.0,0.0,0.01,1000.0,0.01,1.0,normal,253.5215
29,692,41565,0,0,0.0,0.0,0.01,1000.0,0.01,1.0,normal,253.5215
29,693,41580,0,0,0.0,0.0,0.01,1000.0,0.01,1.0,normal,253.5215
29,693,41595,0,0,0.0,0.0,0.01,1000.0,0.01,1.0,normal,253.5215
29,693,41610,0,0,0.0,0.0,0.01,1000.0,0.01,1.0,normal,253.5215
29,693,41625,0,0,0.0,0.0,0.01,1000.0,0.01,1.0,normal,253.5215
29,694,41640,0,0,0.0,0.0,0.01,1000.0,0.01,1.0,normal,253.5215
29,694,41655,0,0,0.0,0.0,0.01,1000.0,0.01,1.0,normal,253.5215
29,694,41670,0,0,0.0,0.0,0.01,1000.0,0.01,1.0,normal,253.5215
29,694,41685,0,0,0.0,0.0,0.01,1000.0,0.01,1.0,normal,253.5215
29,695,41700,0,0,0.0,0.0,0.01,1000.0,0.01,1.0,normal,253.5215
29,695,41715,0,0,0.0,0.0,0.01,1000.0,0.01,1.0,normal,253.5215
29,695,41730,0,0,0.0,0.0,0.01,1000.0,0.01,1.0,normal,253.5215
29,695,41745,0,0,0.0,0.0,0.01,1000.0,0.01,1.0,normal,253.5215
30,696,41760,10,1,42.0,42.0,4.2,1000.0,4.2,1.0,normal,42.0
30,696,41775,7,0,22.9716,22.9716,3.2817,1000.0,4.2,1.0,normal,64.9716
30,696,41790,6,1,20.1988,20.1988,3.3665,1000.0,4.2,1.0,normal,85.1704
30,696,41805,15,0,63.0,63.0,4.2,1000.0,4.2,1.0,normal,148.1704
30,697,41820,10,0,14.7244,14.7244,1.4724,1000.0,4.2,1.0,normal,162.8948
30,697,41835,5,0,21.0,21.0,4.2,1000.0,4.2,1.0,normal,183.8948
30,697,41850,15,0,19.2898,19.2898,1.286,1000.0,4.2,1.0,normal,203.1846
30,697,41865,9,0,37.8,37.8,4.2,1000.0,4.2,1.0,normal,240.9846
30,698,41880,9,0,24.109,24.109,2.6788,1000.0,4.2,1.0,normal,265.0936
30,698,41895,6,0,16.1088,16.1088,2.6848,1000.0,4.2,1.0,normal,281.2024
30,698,41910,10,0,24.3471,24.3471,2.4347,1000.0,4.2,1.0,normal,305.5495
30,698,41925,10,0,39.5835,39.5835,3.9584,1000.0,4.2,1.0,normal,345.133
30,699,41940,5,0,21.0,21.0,4.2,1000.0,4.2,1.0,normal,366.133
30,699,41955,11,0,20.8872,20.8872,1.8988,1000.0,4.2,1.0,normal,387.0202
30,699,41970,12,0,30.5463,30.5463,2.5455,1000.0,4.2,1.0,normal,417.5665
30,699,41985,11,0,27.4758,27.4758,2.4978,1000.0,4.2,1.0,normal,445.0423
30,700,42000,13,1,26.0939,26.0939,2.0072,1000.0,3.36,1.0,normal,471.1362
30,700,42015,9,0,12.6333,12.6333,1.4037,1000.0,3.36,1.0,normal,483.7695
30,700,42030,6,1,19.3652,19.3652,3.2275,1000.0,3.36,1.0,normal,503.1347
30,700,42045,3,0,10.08,10.08,3.36,1000.0,3.36,1.0,normal,513.2147
30,701,42060,12,0,40.32,40.32,3.36,1000.0,3.36,1.0,normal,553.5347
30,701,42075,7,1,22.607,22.607,3.2296,1000.0,3.36,1.0,normal,576.1417
30,701,42090,17,1,46.0036,46.0036,2.7061,1000.0,3.36,1.0,normal,622.1453
30,701,42105,13,0,43.68,43.68,3.36,1000.0,3.36,1.0,normal,665.8253
30,702,42120,3,0,9.5027,9.5027,3.1676,1000.0,3.36,1.0,normal,675.328
30,702,42135,9,0,30.24,30.24,3.36,1000.0,3.36,1.0,normal,705.568
30,702,42150,7,0,23.52,23.52,3.36,1000.0,3.36,1.0,normal,729.088
30,702,42165,9,0,26.8995,26.8995,2.9888,1000.0,3.36,1.0,normal,755.9875
30,703,42180,4,0,7.6896,7.6896,1.9224,1000.0,3.36,1.0,normal,763.6771
30,703,42195,8,0,16.2933,16.2933,2.0367,1000.0,3.36,1.0,normal,779.9704
30,703,42210,8,0,26.88,26.88,3.36,1000.0,3.36,1.0,normal,806.8504
30,703,42225,12,0,17.8739,17.8739,1.4895,1000.0,3.36,1.0,normal,824.7243
30,704,42240,0,0,0.0,0.0,0.01,1000.0,0.01,1.0,normal,824.7243
30,704,42255,0,0,0.0,0.0,0.01,1000.0,0.01,1.0,normal,824.7243
30,704,42270,0,0,0.0,0.0,0.01,1000.0,0.01,1.0,normal,824.7243
30,704,42285,0,0,0.0,0.0,0.01,1000.0,0.01,1.0,normal,824.7243
30,705,42300,0,0,0.0,0.0,0.01,1000.0,0.01,1.0,normal,824.7243
30,705,42315,0,0,0.0,0.0,0.01,1000.0,0.01,1.0,normal,824.7243
30,705,42330,0,0,0.0,0.0,0.01,1000.0,0.01,1.0,normal,824.7243
30,705,42345,0,0,0.0,0.0,0.01,1000.0,0.01,1.0,normal,824.7243
30,706,42360,0,0,0.0,0.0,0.01,1000.0,0.01,1.0,normal,824.7243
30,706,42375,0,0,0.0,0.0,0.01,1000.0,0.01,1.0,normal,824.7243
30,706,42390,1,0,0.01,0.01,0.01,1000.0,0.01,1.0,normal,824.7343
30,706,42405,0,0,0.0,0.0,0.01,1000.0,0.01,1.0,normal,824.7343
30,707,42420,0,0,0.0,0.0,0.01,1000.0,0.01,1.0,normal,824.7343
30,707,42435,0,0,0.0,0.0,0.01,1000.0,0.01,1.0,normal,824.7343
30,707,42450,0,0,0.0,0.0,0.01,1000.0,0.01,1.0,normal,824.7343
30,707,42465,0,0,0.0,0.0,0.01,1000.0,0.01,1.0,normal,824.7343
30,708,42480,1,1,0.5,0.5,0.5,1000.0,0.5,1.0,normal,825.2343
30,708,42495,1,0,0.5,0.5,0.5,1000.0,0.5,1.0,normal,825.7343
30,708,42510,1,1,0.5,0.5,0.5,1000.0,0.5,1.0,normal,826.2343
30,708,42525,3,0,1.5,1.5,0.5,1000.0,0.5,1.0,normal,827.7343
30,709,42540,1,0,0.5,0.5,0.5,1000.0,0.5,1.0,normal,828.2343
30,709,42555,1,0,0.5,0.5,0.5,1000.0,0.5,1.0,normal,828.7343
30,709,42570,1,0,0.5,0.5,0.5,1000.0,0.5,1.0,normal,829.2343
30,709,42585,0,0,0.0,0.0,0.5,1000.0,0.5,1.0,normal,829.2343
30,710,42600,4,0,2.0,2.0,0.5,1000.0,0.5,1.0,normal,831.2343
30,710,42615,2,1,1.0,1.0,0.5,1000.0,0.5,1.0,normal,832.2343
30,710,42630,0,0,0.0,0.0,0.5,1000.0,0.5,1.0,normal,832.2343
30,710,42645,0,0,0.0,0.0,0.5,1000.0,0.5,1.0,normal,832.2343
30,711,42660,1,0,0.5,0.5,0.5,1000.0,0.5,1.0,normal,832.7343
30,711,42675,5,0,2.5,2.5,0.5,1000.0,0.5,1.0,normal,835.2343
30,711,42690,2,0,1.0,1.0,0.5,1000.0,0.5,1.0,normal,836.2343
30,711,42705,1,0,0.5,0.5,0.5,1000.0,0.5,1.0,normal,836.7343
30,712,42720,8,0,33.6,33.6,4.2,1000.0,4.2,1.0,normal,870.3343
30,712,42735,12,1,43.1779,43.1779,3.5982,1000.0,4.2,1.0,budget_constrained,913.5122
30,712,42750,7,0,11.6733,11.6733,1.6676,1000.0,4.2,1.0,budget_constrained,925.1855
30,712,42765,12,0,30.3326,30.3326,2.5277,1000.0,4.2,1.0,budget_constrained,955.5181
30,713,42780,10,0,44.4819,44.4819,4.2,1000.0,4.2,1.0,budget_depleted,1000.0
30,713,42795,0,0,0.0,0.0,0.0,1000.0,4.2,1.0,budget_depleted,1000.0
30,713,42810,0,0,0.0,0.0,0.0,1000.0,4.2,1.0,budget_depleted,1000.0
30,713,42825,0,0,0.0,0.0,0.0,1000.0,4.2,1.0,budget_depleted,1000.0
30,714,42840,0,0,0.0,0.0,0.0,1000.0,4.2,1.0,budget_depleted,1000.0
30,714,42855,0,0,0.0,0.0,0.0,1000.0,4.2,1.0,budget_depleted,1000.0
30,714,42870,0,0,0.0,0.0,0.0,1000.0,4.2,1.0,budget_depleted,1000.0
30,714,42885,0,0,0.0,0.0,0.0,1000.0,4.2,1.0,budget_depleted,1000.0
30,715,42900,0,0,0.0,0.0,0.0,1000.0,4.2,1.0,budget_depleted,1000.0
30,715,42915,0,0,0.0,0.0,0.0,1000.0,4.2,1.0,budget_depleted,1000.0
30,715,42930,0,0,0.0,0.0,0.0,1000.0,4.2,1.0,budget_depleted,1000.0
30,715,42945,0,0,0.0,0.0,0.0,1000.0,4.2,1.0,budget_depleted,1000.0
30,716,42960,0,0,0.0,0.0,0.0,1000.0,1.26,1.0,budget_depleted,1000.0
30,716,42975,0,0,0.0,0.0,0.0,1000.0,1.26,1.0,budget_depleted,1000.0
30,716,42990,0,0,0.0,0.0,0.0,1000.0,1.26,1.0,budget_depleted,1000.0
30,716,43005,0,0,0.0,0.0,0.0,1000.0,1.26,1.0,budget_depleted,1000.0
30,717,43020,0,0,0.0,0.0,0.0,1000.0,1.26,1.0,budget_depleted,1000.0
30,717,43035,0,0,0.0,0.0,0.0,1000.0,1.26,1.0,budget_depleted,1000.0
30,717,43050,0,0,0.0,0.0,0.0,1000.0,1.26,1.0,budget_depleted,1000.0
30,717,43065,0,0,0.0,0.0,0.0,1000.0,1.26,1.0,budget_depleted,1000.0
30,718,43080,0,0,0.0,0.0,0.0,1000.0,1.26,1.0,budget_depleted,1000.0
30,718,43095,0,0,0.0,0.0,0.0,1000.0,1.26,1.0,budget_depleted,1000.0
30,718,43110,0,0,0.0,0.0,0.0,1000.0,1.26,1.0,budget_depleted,1000.0
30,718,43125,0,0,0.0,0.0,0.0,1000.0,1.26,1.0,budget_depleted,1000.0
30,719,43140,0,0,0.0,0.0,0.0,1000.0,1.26,1.0,budget_depleted,1000.0
30,719,43155,0,0,0.0,0.0,0.0,1000.0,1.26,1.0,budget_depleted,1000.0
30,719,43170,0,0,0.0,0.0,0.0,1000.0,1.26,1.0,budget_depleted,1000.0
30,719,43185,0,0,0.0,0.0,0.0,1000.0,1.26,1.0,budget_depleted,1000.0
31,720,43200,0,0,0.0,0.0,0.0,1000.0,0.8,1.0,normal,0.0
31,720,43215,1,0,0.8,0.8,0.8,1000.0,0.8,1.0,normal,0.8
31,720,43230,2,0,1.6,1.6,0.8,1000.0,0.8,1.0,normal,2.4
31,720,43245,1,0,0.8,0.8,0.8,1000.0,0.8,1.0,normal,3.2
31,721,43260,4,0,3.2,3.2,0.8,1000.0,0.8,1.0,normal,6.4
31,721,43275,2,0,1.6,1.6,0.8,1000.0,0.8,1.0,normal,8.0
31,721,43290,2,0,1.6,1.6,0.8,1000.0,0.8,1.0,normal,9.6
31,721,43305,4,1,3.2,3.2,0.8,1000.0,0.8,1.0,normal,12.8
31,722,43320,2,0,1.6,1.6,0.8,1000.0,0.8,1.0,normal,14.4
31,722,43335,0,0,0.0,0.0,0.8,1000.0,0.8,1.0,normal,14.4
31,722,43350,5,0,4.0,4.0,0.8,1000.0,0.8,1.0,normal,18.4
31,722,43365,1,0,0.8,0.8,0.8,1000.0,0.8,1.0,normal,19.2
31,723,43380,2,0,1.6,1.6,0.8,1000.0,0.8,1.0,normal,20.8
31,723,43395,2,0,1.6,1.6,0.8,1000.0,0.8,1.0,normal,22.4
31,723,43410,1,0,0.8,0.8,0.8,1000.0,0.8,1.0,normal,23.2
31,723,43425,1,0,0.8,0.8,0.8,1000.0,0.8,1.0,normal,24.0
31,724,43440,1,0,0.9,0.9,0.9,1000.0,0.9,1.0,normal,24.9
31,724,43455,4,0,3.6,3.6,0.9,1000.0,0.9,1.0,normal,28.5
31,724,43470,1,0,0.9,0.9,0.9,1000.0,0.9,1.0,normal,29.4
31,724,43485,1,0,0.9,0.9,0.9,1000.0,0.9,1.0,normal,30.3
31,725,43500,3,0,2.7,2.7,0.9,1000.0,0.9,1.0,normal,33.0
31,725,43515,2,0,1.8,1.8,0.9,1000.0,0.9,1.0,normal,34.8
31,725,43530,1,0,0.9,0.9,0.9,1000.0,0.9,1.0,normal,35.7
31,725,43545,1,0,0.9,0.9,0.9,1000.0,0.9,1.0,normal,36.6
31,726,43560,2,0,1.8,1.8,0.9,1000.0,0.9,1.0,normal,38.4
31,726,43575,2,0,1.8,1.8,0.9,1000.0,0.9,1.0,normal,40.2
31,726,43590,3,0,2.7,2.7,0.9,1000.0,0.9,1.0,normal,42.9
31,726,43605,1,0,0.9,0.9,0.9,1000.0,0.9,1.0,normal,43.8
31,727,43620,0,0,0.0,0.0,0.9,1000.0,0.9,1.0,normal,43.8
31,727,43635,1,0,0.9,0.9,0.9,1000.0,0.9,1.0,normal,44.7
31,727,43650,0,0,0.0,0.0,0.9,1000.0,0.9,1.0,normal,44.7
31,727,43665,1,0,0.9,0.9,0.9,1000.0,0.9,1.0,normal,45.6
31,728,43680,0,0,0.0,0.0,1.01,1000.0,1.01,1.0,normal,45.6
31,728,43695,5,0,5.05,5.05,1.01,1000.0,1.01,1.0,normal,50.65
31,728,43710,3,0,3.03,3.03,1.01,1000.0,1.01,1.0,normal,53.68
31,728,43725,1,0,1.01,1.01,1.01,1000.0,1.01,1.0,normal,54.69
31,729,43740,3,0,3.03,3.03,1.01,1000.0,1.01,1.0,normal,57.72
31,729,43755,3,0,3.03,3.03,1.01,1000.0,1.01,1.0,normal,60.75
31,729,43770,4,0,4.04,4.04,1.01,1000.0,1.01,1.0,normal,64.79
31,729,43785,2,0,2.02,2.02,1.01,1000.0,1.01,1.0,normal,66.81
31,730,43800,3,0,3.03,3.03,1.01,1000.0,1.01,1.0,normal,69.84
31,730,43815,3,0,3.03,3.03,1.01,1000.0,1.01,1.0,normal,72.87
31,730,43830,4,0,4.04,4.04,1.01,1000.0,1.01,1.0,normal,76.91
31,730,43845,4,0,4.04,4.04,1.01,1000.0,1.01,1.0,normal,80.95
31,731,43860,3,0,3.03,3.03,1.01,1000.0,1.01,1.0,normal,83.98
31,731,43875,1,0,1.01,1.01,1.01,1000.0,1.01,1.0,normal,84.99
31,731,43890,3,0,3.03,3.03,1.01,1000.0,1.01,1.0,normal,88.02
31,731,43905,0,0,0.0,0.0,1.01,1000.0,1.01,1.0,normal,88.02
31,732,43920,6,0,6.66,6.66,1.11,1000.0,1.11,1.0,normal,94.68
31,732,43935,4,0,4.44,4.44,1.11,1000.0,1.11,1.0,normal,99.12
31,732,43950,6,1,6.66,6.66,1.11,1000.0,1.11,1.0,normal,105.78
31,732,43965,2,0,2.22,2.22,1.11,1000.0,1.11,1.0,normal,108.0
31,733,43980,0,0,0.0,0.0,1.11,1000.0,1.11,1.0,normal,108.0
31,733,43995,1,0,1.11,1.11,1.11,1000.0,1.11,1.0,normal,109.11
31,733,44010,1,0,1.11,1.11,1.11,1000.0,1.11,1.0,normal,110.22
31,733,44025,2,0,2.22,2.22,1.11,1000.0,1.11,1.0,normal,112.44
31,734,44040,0,0,0.0,0.0,1.11,1000.0,1.11,1.0,normal,112.44
31,734,44055,6,0,6.66,6.66,1.11,1000.0,1.11,1.0,normal,119.1
31,734,44070,1,0,1.11,1.11,1.11,1000.0,1.11,1.0,normal,120.21
31,734,44085,1,0,1.11,1.11,1.11,1000.0,1.11,1.0,normal,121.32
31,735,44100,1,0,1.11,1.11,1.11,1000.0,1.11,1.0,normal,122.43
31,735,44115,2,1,2.22,2.22,1.11,1000.0,1.11,1.0,normal,124.65
31,735,44130,2,0,2.22,2.22,1.11,1000.0,1.11,1.0,normal,126.87
31,735,44145,2,0,2.22,2.22,1.11,1000.0,1.11,1.0,normal,129.09
31,736,44160,4,0,4.96,4.96,1.24,1000.0,1.24,1.0,normal,134.05
31,736,44175,1,0,1.24,1.24,1.24,1000.0,1.24,1.0,normal,135.29
31,736,44190,5,0,6.2,6.2,1.24,1000.0,1.24,1.0,normal,141.49
31,736,44205,4,0,4.96,4.96,1.24,1000.0,1.24,1.0,normal,146.45
31,737,44220,3,0,3.72,3.72,1.24,1000.0,1.24,1.0,normal,150.17
31,737,44235,2,0,2.48,2.48,1.24,1000.0,1.24,1.0,normal,152.65
31,737,44250,2,0,2.48,2.48,1.24,1000.0,1.24,1.0,normal,155.13
31,737,44265,3,0,3.72,3.72,1.24,1000.0,1.24,1.0,normal,158.85
31,738,44280,5,0,6.2,6.2,1.24,1000.0,1.24,1.0,normal,165.05
31,738,44295,2,0,2.48,2.48,1.24,1000.0,1.24,1.0,normal,167.53
31,738,44310,2,0,2.48,2.48,1.24,1000.0,1.24,1.0,normal,170.01
31,738,44325,3,1,3.72,3.72,1.24,1000.0,1.24,1.0,normal,173.73
31,739,44340,2,0,2.48,2.48,1.24,1000.0,1.24,1.0,normal,176.21
31,739,44355,2,0,2.48,2.48,1.24,1000.0,1.24,1.0,normal,178.69
31,739,44370,1,0,1.24,1.24,1.24,1000.0,1.24,1.0,normal,179.93
31,739,44385,2,0,2.48,2.48,1.24,1000.0,1.24,1.0,normal,182.41
31,740,44400,2,0,2.78,2.78,1.39,1000.0,1.39,1.0,normal,185.19
31,740,44415,0,0,0.0,0.0,1.39,1000.0,1.39,1.0,normal,185.19
31,740,44430,5,1,6.95,6.95,1.39,1000.0,1.39,1.0,normal,192.14
31,740,44445,2,0,2.78,2.78,1.39,1000.0,1.39,1.0,normal,194.92
31,741,44460,3,0,4.17,4.17,1.39,1000.0,1.39,1.0,normal,199.09
31,741,44475,2,0,2.78,2.78,1.39,1000.0,1.39,1.0,normal,201.87
31,741,44490,6,0,7.0195,7.0195,1.1699,1000.0,1.39,1.0,normal,208.8895
31,741,44505,2,0,2.78,2.78,1.39,1000.0,1.39,1.0,normal,211.6695
31,742,44520,3,0,4.17,4.17,1.39,1000.0,1.39,1.0,normal,215.8395
31,742,44535,4,1,5.56,5.56,1.39,1000.0,1.39,1.0,normal,221.3995
31,742,44550,5,0,6.95,6.95,1.39,1000.0,1.39,1.0,normal,228.3495
31,742,44565,4,0,5.56,5.56,1.39,1000.0,1.39,1.0,normal,233.9095
31,743,44580,4,0,5.56,5.56,1.39,1000.0,1.39,1.0,normal,239.4695
31,743,44595,6,0,8.34,8.34,1.39,1000.0,1.39,1.0,normal,247.8095
31,743,44610,4,0,5.56,5.56,1.39,1000.0,1.39,1.0,normal,253.3695
31,743,44625,3,0,4.17,4.17,1.39,1000.0,1.39,1.0,normal,257.5395
32,744,44640,3,0,4.68,4.68,1.56,1000.0,1.56,1.0,normal,4.68
32,744,44655,0,0,0.0,0.0,1.56,1000.0,1.56,1.0,normal,4.68
32,744,44670,4,0,5.9956,5.9956,1.4989,1000.0,1.56,1.0,normal,10.6756
32,744,44685,2,0,3.12,3.12,1.56,1000.0,1.56,1.0,normal,13.7956
32,745,44700,5,0,7.8,7.8,1.56,1000.0,1.56,1.0,normal,21.5956
32,745,44715,3,0,3.3888,3.3888,1.1296,1000.0,1.56,1.0,normal,24.9844
32,745,44730,2,0,3.12,3.12,1.56,1000.0,1.56,1.0,normal,28.1044
32,745,44745,1,0,1.56,1.56,1.56,1000.0,1.56,1.0,normal,29.6644
32,746,44760,6,0,9.36,9.36,1.56,1000.0,1.56,1.0,normal,39.0244
32,746,44775,3,0,4.0585,4.0585,1.3528,1000.0,1.56,1.0,normal,43.0829
32,746,44790,6,0,9.36,9.36,1.56,1000.0,1.56,1.0,normal,52.4429
32,746,44805,5,0,7.8,7.8,1.56,1000.0,1.56,1.0,normal,60.2429
32,747,44820,4,0,6.24,6.24,1.56,1000.0,1.56,1.0,normal,66.4829
32,747,44835,3,0,4.68,4.68,1.56,1000.0,1.56,1.0,normal,71.1629
32,747,44850,1,0,1.56,1.56,1.56,1000.0,1.56,1.0,normal,72.7229
32,747,44865,3,0,4.68,4.68,1.56,1000.0,1.56,1.0,normal,77.4029
32,748,44880,3,0,5.011,5.011,1.6703,1000.0,1.72,1.0,normal,82.4139
32,748,44895,6,0,7.4063,7.4063,1.2344,1000.0,1.72,1.0,normal,89.8202
32,748,44910,2,0,3.44,3.44,1.72,1000.0,1.72,1.0,normal,93.2602
32,748,44925,7,0,11.151,11.151,1.593,1000.0,1.72,1.0,normal,104.4112
32,749,44940,6,0,10.32,10.32,1.72,1000.0,1.72,1.0,normal,114.7312
32,749,44955,2,0,3.44,3.44,1.72,1000.0,1.72,1.0,normal,118.1712
32,749,44970,2,0,3.44,3.44,1.72,1000.0,1.72,1.0,normal,121.6112
32,749,44985,4,0,6.88,6.88,1.72,1000.0,1.72,1.0,normal,128.4912
32,750,45000,3,0,5.16,5.16,1.72,1000.0,1.72,1.0,normal,133.6512
32,750,45015,2,0,3.44,3.44,1.72,1000.0,1.72,1.0,normal,137.0912
32,750,45030,4,0,6.88,6.88,1.72,1000.0,1.72,1.0,normal,143.9712
32,750,45045,3,0,5.16,5.16,1.72,1000.0,1.72,1.0,normal,149.1312
32,751,45060,5,0,8.6,8.6,1.72,1000.0,1.72,1.0,normal,157.7312
32,751,45075,3,0,4.4006,4.4006,1.4669,1000.0,1.72,1.0,normal,162.1318
32,751,45090,2,0,3.44,3.44,1.72,1000.0,1.72,1.0,normal,165.5718
32,751,45105,8,0,13.76,13.76,1.72,1000.0,1.72,1.0,normal,179.3318
32,752,45120,4,1,7.56,7.56,1.89,1000.0,1.89,1.0,normal,186.8918
32,752,45135,4,0,7.56,7.56,1.89,1000.0,1.89,1.0,normal,194.4518
32,752,45150,8,1,15.12,15.12,1.89,1000.0,1.89,1.0,normal,209.5718
32,752,45165,2,0,3.78,3.78,1.89,1000.0,1.89,1.0,normal,213.3518
32,753,45180,6,0,11.34,11.34,1.89,1000.0,1.89,1.0,normal,224.6918
32,753,45195,6,0,11.34,11.34,1.89,1000.0,1.89,1.0,normal,236.0318
32,753,45210,5,0,9.45,9.45,1.89,1000.0,1.89,1.0,normal,245.4818
32,753,45225,7,0,13.23,13.23,1.89,1000.0,1.89,1.0,normal,258.7118
32,754,45240,4,0,7.56,7.56,1.89,1000.0,1.89,1.0,normal,266.2718
32,754,45255,6,1,11.34,11.34,1.89,1000.0,1.89,1.0,normal,277.6118
32,754,45270,7,0,12.3931,12.3931,1.7704,1000.0,1.89,1.0,normal,290.0049
32,754,45285,3,0,5.67,5.67,1.89,1000.0,1.89,1.0,normal,295.6749
32,755,45300,4,0,6.7112,6.7112,1.6778,1000.0,1.89,1.0,normal,302.3861
32,755,45315,3,0,5.67,5.67,1.89,1000.0,1.89,1.0,normal,308.0561
32,755,45330,2,0,2.3055,2.3055,1.1527,1000.0,1.89,1.0,normal,310.3616
32,755,45345,6,0,11.34,11.34,1.89,1000.0,1.89,1.0,normal,321.7016
32,756,45360,7,0,14.84,14.84,2.12,1000.0,2.12,1.0,normal,336.5416
32,756,45375,5,0,9.5079,9.5079,1.9016,1000.0,2.12,1.0,normal,346.0495
32,756,45390,10,0,15.0174,15.0174,1.5017,1000.0,2.12,1.0,normal,361.0669
32,756,45405,5,0,10.6,10.6,2.12,1000.0,2.12,1.0,normal,371.6669
32,757,45420,4,0,5.87,5.87,1.4675,1000.0,2.12,1.0,normal,377.5369
32,757,45435,5,0,10.6,10.6,2.12,1000.0,2.12,1.0,normal,388.1369
32,757,45450,3,1,6.36,6.36,2.12,1000.0,2.12,1.0,normal,394.4969
32,757,45465,3,0,5.9106,5.9106,1.9702,1000.0,2.12,1.0,normal,400.4075
32,758,45480,10,0,21.2,21.2,2.12,1000.0,2.12,1.0,normal,421.6075
32,758,45495,5,0,10.6,10.6,2.12,1000.0,2.12,1.0,normal,432.2075
32,758,45510,4,0,8.48,8.48,2.12,1000.0,2.12,1.0,normal,440.6875
32,758,45525,3,0,6.36,6.36,2.12,1000.0,2.12,1.0,normal,447.0475
32,759,45540,8,0,9.7839,9.7839,1.223,1000.0,2.12,1.0,normal,456.8314
32,759,45555,3,0,6.36,6.36,2.12,1000.0,2.12,1.0,normal,463.1914
32,759,45570,8,0,8.876,8.876,1.1095,1000.0,2.12,1.0,normal,472.0674
32,759,45585,7,1,14.84,14.84,2.12,1000.0,2.12,1.0,normal,486.9074
32,760,45600,11,0,22.5035,22.5035,2.0458,1000.0,2.37,1.0,normal,509.4109
32,760,45615,4,0,6.4206,6.4206,1.6051,1000.0,2.37,1.0,normal,515.8315
32,760,45630,4,0,9.48,9.48,2.37,1000.0,2.37,1.0,normal,525.3115
32,760,45645,4,0,9.48,9.48,2.37,1000.0,2.37,1.0,normal,534.7915
32,761,45660,2,0,2.5991,2.5991,1.2995,1000.0,2.37,1.0,normal,537.3906
32,761,45675,6,0,14.22,14.22,2.37,1000.0,2.37,1.0,normal,551.6106
32,761,45690,6,0,6.3865,6.3865,1.0644,1000.0,2.37,1.0,normal,557.9971
32,761,45705,4,0,9.48,9.48,2.37,1000.0,2.37,1.0,normal,567.4771
32,762,45720,5,0,6.1285,6.1285,1.2257,1000.0,2.37,1.0,normal,573.6056
32,762,45735,13,0,30.81,30.81,2.37,1000.0,2.37,1.0,normal,604.4156
32,762,45750,10,0,23.7,23.7,2.37,1000.0,2.37,1.0,normal,628.1156
32,762,45765,2,0,4.74,4.74,2.37,1000.0,2.37,1.0,normal,632.8556
32,763,45780,5,0,11.85,11.85,2.37,1000.0,2.37,1.0,normal,644.7056
32,763,45795,6,1,8.1441,8.1441,1.3573,1000.0,2.37,1.0,normal,652.8497
32,763,45810,6,0,14.22,14.22,2.37,1000.0,2.37,1.0,normal,667.0697
32,763,45825,5,1,8.5889,8.5889,1.7178,1000.0,2.37,1.0,normal,675.6586
32,764,45840,7,0,18.27,18.27,2.61,1000.0,2.61,1.0,normal,693.9286
32,764,45855,4,0,6.5402,6.5402,1.6351,1000.0,2.61,1.0,normal,700.4688
32,764,45870,6,0,15.66,15.66,2.61,1000.0,2.61,1.0,normal,716.1288
32,764,45885,8,2,11.209,5.6045,1.4011,1000.0,2.61,1.0,normal,727.3378
32,765,45900,3,0,6.0956,6.0956,2.0319,1000.0,2.61,1.0,normal,733.4334
32,765,45915,6,0,15.0532,15.0532,2.5089,1000.0,2.61,1.0,normal,748.4866
32,765,45930,8,0,8.2417,8.2417,1.0302,1000.0,2.61,1.0,normal,756.7283
32,765,45945,6,0,15.66,15.66,2.61,1000.0,2.61,1.0,normal,772.3883
32,766,45960,6,0,15.66,15.66,2.61,1000.0,2.61,1.0,normal,788.0483
32,766,45975,6,0,12.9616,12.9616,2.1603,1000.0,2.61,1.0,normal,801.0099
32,766,45990,3,0,7.83,7.83,2.61,1000.0,2.61,1.0,normal,808.8399
32,766,46005,6,0,15.66,15.66,2.61,1000.0,2.61,1.0,normal,824.4999
32,767,46020,3,0,7.83,7.83,2.61,1000.0,2.61,1.0,normal,832.3299
32,767,46035,6,0,10.5831,10.5831,1.7638,1000.0,2.61,1.0,normal,842.913
32,767,46050,6,0,15.66,15.66,2.61,1000.0,2.61,1.0,normal,858.573
32,767,46065,12,0,31.32,31.32,2.61,1000.0,2.61,1.0,normal,889.893
33,768,46080,4,0,11.48,11.48,2.87,1000.0,2.87,1.0,normal,11.48
33,768,46095,7,0,14.6657,14.6657,2.0951,1000.0,2.87,1.0,normal,26.1457
33,768,46110,6,0,17.22,17.22,2.87,1000.0,2.87,1.0,normal,43.3657
33,768,46125,9,0,25.83,25.83,2.87,1000.0,2.87,1.0,normal,69.1957
33,769,46140,6,0,17.22,17.22,2.87,1000.0,2.87,1.0,normal,86.4157
33,769,46155,10,0,28.7,28.7,2.87,1000.0,2.87,1.0,normal,115.1157
33,769,46170,10,2,28.7,14.35,2.87,1000.0,2.87,1.0,normal,143.8157
33,769,46185,7,0,16.1294,16.1294,2.3042,1000.0,2.87,1.0,normal,159.9451
33,770,46200,5,0,5.3518,5.3518,1.0704,1000.0,2.87,1.0,normal,165.2969
33,770,46215,11,1,20.9507,20.9507,1.9046,1000.0,2.87,1.0,normal,186.2476
33,770,46230,9,0,20.3965,20.3965,2.2663,1000.0,2.87,1.0,normal,206.6441
33,770,46245,3,0,8.61,8.61,2.87,1000.0,2.87,1.0,normal,215.2541
33,771,46260,9,0,14.8733,14.8733,1.6526,1000.0,2.87,1.0,normal,230.1274
33,771,46275,10,0,28.7,28.7,2.87,1000.0,2.87,1.0,normal,258.8274
33,771,46290,5,0,14.1114,14.1114,2.8223,1000.0,2.87,1.0,normal,272.9388
33,771,46305,7,1,13.9512,13.9512,1.993,1000.0,2.87,1.0,normal,286.89
33,772,46320,3,0,7.3586,7.3586,2.4529,1000.0,2.58,1.0,normal,294.2486
33,772,46335,11,0,28.38,28.38,2.58,1000.0,2.58,1.0,normal,322.6286
33,772,46350,11,0,28.38,28.38,2.58,1000.0,2.58,1.0,normal,351.0086
33,772,46365,2,0,5.16,5.16,2.58,1000.0,2.58,1.0,normal,356.1686
33,773,46380,7,0,18.06,18.06,2.58,1000.0,2.58,1.0,normal,374.2286
33,773,46395,9,0,23.22,23.22,2.58,1000.0,2.58,1.0,normal,397.4486
33,773,46410,6,0,15.48,15.48,2.58,1000.0,2.58,1.0,normal,412.9286
33,773,46425,4,0,8.6295,8.6295,2.1574,1000.0,2.58,1.0,normal,421.5581
33,774,46440,4,0,10.2489,10.2489,2.5622,1000.0,2.58,1.0,normal,431.807
33,774,46455,6,0,8.739,8.739,1.4565,1000.0,2.58,1.0,normal,440.546
33,774,46470,5,0,12.5853,12.5853,2.5171,1000.0,2.58,1.0,normal,453.1313
33,774,46485,10,0,25.8,25.8,2.58,1000.0,2.58,1.0,normal,478.9313
33,775,46500,9,0,12.0436,12.0436,1.3382,1000.0,2.58,1.0,normal,490.9749
33,775,46515,6,0,15.082,15.082,2.5137,1000.0,2.58,1.0,normal,506.0569
33,775,46530,3,0,7.5636,7.5636,2.5212,1000.0,2.58,1.0,normal,513.6205
33,775,46545,4,0,5.6175,5.6175,1.4044,1000.0,2.58,1.0,normal,519.238
33,776,46560,3,0,6.7344,6.7344,2.2448,1000.0,2.32,1.0,normal,525.9724
33,776,46575,3,0,6.2434,6.2434,2.0811,1000.0,2.32,1.0,normal,532.2158
33,776,46590,7,1,16.24,16.24,2.32,1000.0,2.32,1.0,normal,548.4558
33,776,46605,8,0,15.5895,15.5895,1.9487,1000.0,2.32,1.0,normal,564.0453
33,777,46620,1,0,1.2117,1.2117,1.2117,1000.0,2.32,1.0,normal,565.257
33,777,46635,6,0,9.4373,9.4373,1.5729,1000.0,2.32,1.0,normal,574.6943
33,777,46650,4,0,9.28,9.28,2.32,1000.0,2.32,1.0,normal,583.9743
33,777,46665,9,0,20.88,20.88,2.32,1000.0,2.32,1.0,normal,604.8543
33,778,46680,5,1,6.8312,6.8312,1.3662,1000.0,2.32,1.0,normal,611.6855
33,778,46695,8,0,14.2531,14.2531,1.7816,1000.0,2.32,1.0,normal,625.9386
33,778,46710,11,0,25.52,25.52,2.32,1000.0,2.32,1.0,normal,651.4586
33,778,46725,9,0,18.4095,18.4095,2.0455,1000.0,2.32,1.0,normal,669.8681
33,779,46740,8,0,18.56,18.56,2.32,1000.0,2.32,1.0,normal,688.4281
33,779,46755,7,0,16.24,16.24,2.32,1000.0,2.32,1.0,normal,704.6681
33,779,46770,3,0,5.3152,5.3152,1.7717,1000.0,2.32,1.0,normal,709.9833
33,779,46785,6,1,13.92,13.92,2.32,1000.0,2.32,1.0,normal,723.9033
33,780,46800,7,0,14.63,14.63,2.09,1000.0,2.09,1.0,normal,738.5333
33,780,46815,5,0,10.45,10.45,2.09,1000.0,2.09,1.0,normal,748.9833
33,780,46830,3,0,6.27,6.27,2.09,1000.0,2.09,1.0,normal,755.2533
33,780,46845,4,0,8.36,8.36,2.09,1000.0,2.09,1.0,normal,763.6133
33,781,46860,7,0,14.63,14.63,2.09,1000.0,2.09,1.0,normal,778.2433
33,781,46875,7,0,14.448,14.448,2.064,1000.0,2.09,1.0,normal,792.6913
33,781,46890,6,0,6.9419,6.9419,1.157,1000.0,2.09,1.0,normal,799.6332
33,781,46905,7,0,14.63,14.63,2.09,1000.0,2.09,1.0,normal,814.2632
33,782,46920,5,0,10.45,10.45,2.09,1000.0,2.09,1.0,normal,824.7132
33,782,46935,7,0,11.1731,11.1731,1.5962,1000.0,2.09,1.0,normal,835.8863
33,782,46950,9,0,18.81,18.81,2.09,1000.0,2.09,1.0,normal,854.6963
33,782,46965,4,0,4.7641,4.7641,1.191,1000.0,2.09,1.0,normal,859.4604
33,783,46980,6,0,12.3527,12.3527,2.0588,1000.0,2.09,1.0,normal,871.8131
33,783,46995,10,0,19.7702,19.7702,1.977,1000.0,2.09,1.0,normal,891.5833
33,783,47010,5,0,10.45,10.45,2.09,1000.0,2.09,1.0,budget_constrained,902.0333
33,783,47025,5,1,10.45,10.45,2.09,1000.0,2.09,1.0,budget_constrained,912.4833
33,784,47040,0,0,0.0,0.0,0.01,1000.0,0.01,1.0,budget_constrained,912.4833
33,784,47055,0,0,0.0,0.0,0.01,1000.0,0.01,1.0,budget_constrained,912.4833
33,784,47070,0,0,0.0,0.0,0.01,1000.0,0.01,1.0,budget_constrained,912.4833
33,784,47085,0,0,0.0,0.0,0.01,1000.0,0.01,1.0,budget_constrained,912.4833
33,785,47100,0,0,0.0,0.0,0.01,1000.0,0.01,1.0,budget_constrained,912.4833
33,785,47115,0,0,0.0,0.0,0.01,1000.0,0.01,1.0,budget_constrained,912.4833
33,785,47130,0,0,0.0,0.0,0.01,1000.0,0.01,1.0,budget_constrained,912.4833
33,785,47145,0,0,0.0,0.0,0.01,1000.0,0.01,1.0,budget_constrained,912.4833
33,786,47160,0,0,0.0,0.0,0.01,1000.0,0.01,1.0,budget_constrained,912.4833
33,786,47175,0,0,0.0,0.0,0.01,1000.0,0.01,1.0,budget_constrained,912.4833
33,786,47190,0,0,0.0,0.0,0.01,1000.0,0.01,1.0,budget_constrained,912.4833
33,786,47205,0,0,0.0,0.0,0.01,1000.0,0.01,1.0,budget_constrained,912.4833
33,787,47220,0,0,0.0,0.0,0.01,1000.0,0.01,1.0,budget_constrained,912.4833
33,787,47235,0,0,0.0,0.0,0.01,1000.0,0.01,1.0,budget_constrained,912.4833
33,787,47250,0,0,0.0,0.0,0.01,1000.0,0.01,1.0,budget_constrained,912.4833
33,787,47265,0,0,0.0,0.0,0.01,1000.0,0.01,1.0,budget_constrained,912.4833
33,788,47280,0,0,0.0,0.0,0.5,1000.0,0.5,1.0,budget_constrained,912.4833
33,788,47295,0,0,0.0,0.0,0.5,1000.0,0.5,1.0,budget_constrained,912.4833
33,788,47310,1,0,0.5,0.5,0.5,1000.0,0.5,1.0,budget_constrained,912.9833
33,788,47325,1,0,0.5,0.5,0.5,1000.0,0.5,1.0,budget_constrained,913.4833
33,789,47340,4,0,2.0,2.0,0.5,1000.0,0.5,1.0,budget_constrained,915.4833
33,789,47355,0,0,0.0,0.0,0.5,1000.0,0.5,1.0,budget_constrained,915.4833
33,789,47370,0,0,0.0,0.0,0.5,1000.0,0.5,1.0,budget_constrained,915.4833
33,789,47385,1,0,0.5,0.5,0.5,1000.0,0.5,1.0,budget_constrained,915.9833
33,790,47400,1,0,0.5,0.5,0.5,1000.0,0.5,1.0,budget_constrained,916.4833
33,790,47415,4,0,2.0,2.0,0.5,1000.0,0.5,1.0,budget_constrained,918.4833
33,790,47430,2,0,1.0,1.0,0.5,1000.0,0.5,1.0,budget_constrained,919.4833
33,790,47445,2,0,1.0,1.0,0.5,1000.0,0.5,1.0,budget_constrained,920.4833
33,791,47460,3,0,1.5,1.5,0.5,1000.0,0.5,1.0,budget_constrained,921.9833
33,791,47475,2,0,1.0,1.0,0.5,1000.0,0.5,1.0,budget_constrained,922.9833
33,791,47490,0,0,0.0,0.0,0.5,1000.0,0.5,1.0,budget_constrained,922.9833
33,791,47505,1,0,0.5,0.5,0.5,1000.0,0.5,1.0,budget_constrained,923.4833
34,792,47520,4,0,2.0,2.0,0.5,1000.0,0.5,1.0,normal,2.0
34,792,47535,4,0,2.0,2.0,0.5,1000.0,0.5,1.0,normal,4.0
34,792,47550,2,0,1.0,1.0,0.5,1000.0,0.5,1.0,normal,5.0
34,792,47565,0,0,0.0,0.0,0.5,1000.0,0.5,1.0,normal,5.0
34,793,47580,2,0,1.0,1.0,0.5,1000.0,0.5,1.0,normal,6.0
34,793,47595,0,0,0.0,0.0,0.5,1000.0,0.5,1.0,normal,6.0
34,793,47610,0,0,0.0,0.0,0.5,1000.0,0.5,1.0,normal,6.0
34,793,47625,0,0,0.0,0.0,0.5,1000.0,0.5,1.0,normal,6.0
34,794,47640,1,0,0.5,0.5,0.5,1000.0,0.5,1.0,normal,6.5
34,794,47655,4,0,2.0,2.0,0.5,1000.0,0.5,1.0,normal,8.5
34,794,47670,0,0,0.0,0.0,0.5,1000.0,0.5,1.0,normal,8.5
34,794,47685,1,0,0.5,0.5,0.5,1000.0,0.5,1.0,normal,9.0
34,795,47700,0,0,0.0,0.0,0.5,1000.0,0.5,1.0,normal,9.0
34,795,47715,2,0,1.0,1.0,0.5,1000.0,0.5,1.0,normal,10.0
34,795,47730,2,0,1.0,1.0,0.5,1000.0,0.5,1.0,normal,11.0
34,795,47745,2,0,1.0,1.0,0.5,1000.0,0.5,1.0,normal,12.0
34,796,47760,2,0,1.0,1.0,0.5,1000.0,0.5,1.0,normal,13.0
34,796,47775,1,0,0.5,0.5,0.5,1000.0,0.5,1.0,normal,13.5
34,796,47790,3,0,1.5,1.5,0.5,1000.0,0.5,1.0,normal,15.0
34,796,47805,4,0,2.0,2.0,0.5,1000.0,0.5,1.0,normal,17.0
34,797,47820,0,0,0.0,0.0,0.5,1000.0,0.5,1.0,normal,17.0
34,797,47835,1,0,0.5,0.5,0.5,1000.0,0.5,1.0,normal,17.5
34,797,47850,1,0,0.5,0.5,0.5,1000.0,0.5,1.0,normal,18.0
34,797,47865,2,0,1.0,1.0,0.5,1000.0,0.5,1.0,normal,19.0
34,798,47880,0,0,0.0,0.0,0.5,1000.0,0.5,1.0,normal,19.0
34,798,47895,1,0,0.5,0.5,0.5,1000.0,0.5,1.0,normal,19.5
34,798,47910,0,0,0.0,0.0,0.5,1000.0,0.5,1.0,normal,19.5
34,798,47925,3,0,1.5,1.5,0.5,1000.0,0.5,1.0,normal,21.0
34,799,47940,1,0,0.5,0.5,0.5,1000.0,0.5,1.0,normal,21.5
34,799,47955,2,0,1.0,1.0,0.5,1000.0,0.5,1.0,normal,22.5
34,799,47970,0,0,0.0,0.0,0.5,1000.0,0.5,1.0,normal,22.5
34,799,47985,2,0,1.0,1.0,0.5,1000.0,0.5,1.0,normal,23.5
34,800,48000,2,0,1.0,1.0,0.5,1000.0,0.5,1.0,normal,24.5
34,800,48015,3,1,1.5,1.5,0.5,1000.0,0.5,1.0,normal,26.0
34,800,48030,0,0,0.0,0.0,0.5,1000.0,0.5,1.0,normal,26.0
34,800,48045,0,0,0.0,0.0,0.5,1000.0,0.5,1.0,normal,26.0
34,801,48060,0,0,0.0,0.0,0.5,1000.0,0.5,1.0,normal,26.0
34,801,48075,1,0,0.5,0.5,0.5,1000.0,0.5,1.0,normal,26.5
34,801,48090,1,0,0.5,0.5,0.5,1000.0,0.5,1.0,normal,27.0
34,801,48105,0,0,0.0,0.0,0.5,1000.0,0.5,1.0,normal,27.0
34,802,48120,0,0,0.0,0.0,0.5,1000.0,0.5,1.0,normal,27.0
34,802,48135,1,0,0.5,0.5,0.5,1000.0,0.5,1.0,normal,27.5
34,802,48150,1,0,0.5,0.5,0.5,1000.0,0.5,1.0,normal,28.0
34,802,48165,0,0,0.0,0.0,0.5,1000.0,0.5,1.0,normal,28.0
34,803,48180,1,0,0.5,0.5,0.5,1000.0,0.5,1.0,normal,28.5
34,803,48195,4,0,2.0,2.0,0.5,1000.0,0.5,1.0,normal,30.5
34,803,48210,0,0,0.0,0.0,0.5,1000.0,0.5,1.0,normal,30.5
34,803,48225,2,0,1.0,1.0,0.5,1000.0,0.5,1.0,normal,31.5
34,804,48240,1,0,0.5,0.5,0.5,1000.0,0.5,1.0,normal,32.0
34,804,48255,3,1,1.5,1.5,0.5,1000.0,0.5,1.0,normal,33.5
34,804,48270,2,0,1.0,1.0,0.5,1000.0,0.5,1.0,normal,34.5
34,804,48285,1,0,0.5,0.5,0.5,1000.0,0.5,1.0,normal,35.0
34,805,48300,0,0,0.0,0.0,0.5,1000.0,0.5,1.0,normal,35.0
34,805,48315,1,0,0.5,0.5,0.5,1000.0,0.5,1.0,normal,35.5
34,805,48330,1,0,0.5,0.5,0.5,1000.0,0.5,1.0,normal,36.0
34,805,48345,2,0,1.0,1.0,0.5,1000.0,0.5,1.0,normal,37.0
34,806,48360,5,0,2.5,2.5,0.5,1000.0,0.5,1.0,normal,39.5
34,806,48375,2,0,1.0,1.0,0.5,1000.0,0.5,1.0,normal,40.5
34,806,48390,1,0,0.5,0.5,0.5,1000.0,0.5,1.0,normal,41.0
34,806,48405,0,0,0.0,0.0,0.5,1000.0,0.5,1.0,normal,41.0
34,807,48420,1,0,0.5,0.5,0.5,1000.0,0.5,1.0,normal,41.5
34,807,48435,3,0,1.5,1.5,0.5,1000.0,0.5,1.0,normal,43.0
34,807,48450,0,0,0.0,0.0,0.5,1000.0,0.5,1.0,normal,43.0
34,807,48465,2,0,1.0,1.0,0.5,1000.0,0.5,1.0,normal,44.0
34,808,48480,0,0,0.0,0.0,0.56,1000.0,0.56,1.0,normal,44.0
34,808,48495,1,0,0.56,0.56,0.56,1000.0,0.56,1.0,normal,44.56
34,808,48510,1,0,0.56,0.56,0.56,1000.0,0.56,1.0,normal,45.12
34,808,48525,2,0,1.12,1.12,0.56,1000.0,0.56,1.0,normal,46.24
34,809,48540,1,0,0.56,0.56,0.56,1000.0,0.56,1.0,normal,46.8
34,809,48555,1,0,0.56,0.56,0.56,1000.0,0.56,1.0,normal,47.36
34,809,48570,3,0,1.68,1.68,0.56,1000.0,0.56,1.0,normal,49.04
34,809,48585,2,0,1.12,1.12,0.56,1000.0,0.56,1.0,normal,50.16
34,810,48600,2,0,1.12,1.12,0.56,1000.0,0.56,1.0,normal,51.28
34,810,48615,1,0,0.56,0.56,0.56,1000.0,0.56,1.0,normal,51.84
34,810,48630,2,0,1.12,1.12,0.56,1000.0,0.56,1.0,normal,52.96
34,810,48645,1,0,0.56,0.56,0.56,1000.0,0.56,1.0,normal,53.52
34,811,48660,3,0,1.68,1.68,0.56,1000.0,0.56,1.0,normal,55.2
34,811,48675,1,0,0.56,0.56,0.56,1000.0,0.56,1.0,normal,55.76
34,811,48690,1,0,0.56,0.56,0.56,1000.0,0.56,1.0,normal,56.32
34,811,48705,1,0,0.56,0.56,0.56,1000.0,0.56,1.0,normal,56.88
34,812,48720,0,0,0.0,0.0,0.63,1000.0,0.63,1.0,normal,56.88
34,812,48735,1,0,0.63,0.63,0.63,1000.0,0.63,1.0,normal,57.51
34,812,48750,2,0,1.26,1.26,0.63,1000.0,0.63,1.0,normal,58.77
34,812,48765,0,0,0.0,0.0,0.63,1000.0,0.63,1.0,normal,58.77
34,813,48780,4,0,2.52,2.52,0.63,1000.0,0.63,1.0,normal,61.29
34,813,48795,1,0,0.63,0.63,0.63,1000.0,0.63,1.0,normal,61.92
34,813,48810,4,0,2.52,2.52,0.63,1000.0,0.63,1.0,normal,64.44
34,813,48825,0,0,0.0,0.0,0.63,1000.0,0.63,1.0,normal,64.44
34,814,48840,3,0,1.89,1.89,0.63,1000.0,0.63,1.0,normal,66.33
34,814,48855,0,0,0.0,0.0,0.63,1000.0,0.63,1.0,normal,66.33
34,814,48870,2,0,1.26,1.26,0.63,1000.0,0.63,1.0,normal,67.59
34,814,48885,0,0,0.0,0.0,0.63,1000.0,0.63,1.0,normal,67.59
34,815,48900,0,0,0.0,0.0,0.63,1000.0,0.63,1.0,normal,67.59
34,815,48915,5,0,3.15,3.15,0.63,1000.0,0.63,1.0,normal,70.74
34,815,48930,3,0,1.89,1.89,0.63,1000.0,0.63,1.0,normal,72.63
34,815,48945,1,0,0.63,0.63,0.63,1000.0,0.63,1.0,normal,73.26
35,816,48960,1,0,0.71,0.71,0.71,1000.0,0.71,1.0,normal,0.71
35,816,48975,2,1,1.42,1.42,0.71,1000.0,0.71,1.0,normal,2.13
35,816,48990,1,0,0.71,0.71,0.71,1000.0,0.71,1.0,normal,2.84
35,816,49005,2,1,1.42,1.42,0.71,1000.0,0.71,1.0,normal,4.26
35,817,49020,2,0,1.42,1.42,0.71,1000.0,0.71,1.0,normal,5.68
35,817,49035,1,0,0.71,0.71,0.71,1000.0,0.71,1.0,normal,6.39
35,817,49050,0,0,0.0,0.0,0.71,1000.0,0.71,1.0,normal,6.39
35,817,49065,0,0,0.0,0.0,0.71,1000.0,0.71,1.0,normal,6.39
35,818,49080,2,0,1.42,1.42,0.71,1000.0,0.71,1.0,normal,7.81
35,818,49095,1,0,0.71,0.71,0.71,1000.0,0.71,1.0,normal,8.52
35,818,49110,1,0,0.71,0.71,0.71,1000.0,0.71,1.0,normal,9.23
35,818,49125,2,0,1.42,1.42,0.71,1000.0,0.71,1.0,normal,10.65
35,819,49140,1,0,0.71,0.71,0.71,1000.0,0.71,1.0,normal,11.36
35,819,49155,3,0,2.13,2.13,0.71,1000.0,0.71,1.0,normal,13.49
35,819,49170,3,0,2.13,2.13,0.71,1000.0,0.71,1.0,normal,15.62
35,819,49185,1,0,0.71,0.71,0.71,1000.0,0.71,1.0,normal,16.33
35,820,49200,3,0,2.4,2.4,0.8,1000.0,0.8,1.0,normal,18.73
35,820,49215,2,0,1.6,1.6,0.8,1000.0,0.8,1.0,normal,20.33
35,820,49230,1,0,0.8,0.8,0.8,1000.0,0.8,1.0,normal,21.13
35,820,49245,4,0,3.2,3.2,0.8,1000.0,0.8,1.0,normal,24.33
35,821,49260,1,0,0.8,0.8,0.8,1000.0,0.8,1.0,normal,25.13
35,821,49275,3,0,2.4,2.4,0.8,1000.0,0.8,1.0,normal,27.53
35,821,49290,1,0,0.8,0.8,0.8,1000.0,0.8,1.0,normal,28.33
35,821,49305,2,0,1.6,1.6,0.8,1000.0,0.8,1.0,normal,29.93
35,822,49320,0,0,0.0,0.0,0.8,1000.0,0.8,1.0,normal,29.93
35,822,49335,1,0,0.8,0.8,0.8,1000.0,0.8,1.0,normal,30.73
35,822,49350,1,0,0.8,0.8,0.8,1000.0,0.8,1.0,normal,31.53
35,822,49365,3,0,2.4,2.4,0.8,1000.0,0.8,1.0,normal,33.93
35,823,49380,3,0,2.4,2.4,0.8,1000.0,0.8,1.0,normal,36.33
35,823,49395,1,0,0.8,0.8,0.8,1000.0,0.8,1.0,normal,37.13
35,823,49410,2,0,1.6,1.6,0.8,1000.0,0.8,1.0,normal,38.73
35,823,49425,1,0,0.8,0.8,0.8,1000.0,0.8,1.0,normal,39.53
35,824,49440,4,0,3.6,3.6,0.9,1000.0,0.9,1.0,normal,43.13
35,824,49455,0,0,0.0,0.0,0.9,1000.0,0.9,1.0,normal,43.13
35,824,49470,3,0,2.7,2.7,0.9,1000.0,0.9,1.0,normal,45.83
35,824,49485,1,0,0.9,0.9,0.9,1000.0,0.9,1.0,normal,46.73
35,825,49500,0,0,0.0,0.0,0.9,1000.0,0.9,1.0,normal,46.73
35,825,49515,1,0,0.9,0.9,0.9,1000.0,0.9,1.0,normal,47.63
35,825,49530,2,1,1.8,1.8,0.9,1000.0,0.9,1.0,normal,49.43
35,825,49545,4,0,3.6,3.6,0.9,1000.0,0.9,1.0,normal,53.03
35,826,49560,0,0,0.0,0.0,0.9,1000.0,0.9,1.0,normal,53.03
35,826,49575,0,0,0.0,0.0,0.9,1000.0,0.9,1.0,normal,53.03
35,826,49590,2,0,1.8,1.8,0.9,1000.0,0.9,1.0,normal,54.83
35,826,49605,3,1,2.7,2.7,0.9,1000.0,0.9,1.0,normal,57.53
35,827,49620,3,0,2.7,2.7,0.9,1000.0,0.9,1.0,normal,60.23
35,827,49635,2,0,1.8,1.8,0.9,1000.0,0.9,1.0,normal,62.03
35,827,49650,2,0,1.8,1.8,0.9,1000.0,0.9,1.0,normal,63.83
35,827,49665,0,0,0.0,0.0,0.9,1000.0,0.9,1.0,normal,63.83
35,828,49680,1,0,1.01,1.01,1.01,1000.0,1.01,1.0,normal,64.84
35,828,49695,2,0,2.02,2.02,1.01,1000.0,1.01,1.0,normal,66.86
35,828,49710,3,0,3.03,3.03,1.01,1000.0,1.01,1.0,normal,69.89
35,828,49725,2,0,2.02,2.02,1.01,1000.0,1.01,1.0,normal,71.91
35,829,49740,1,0,1.01,1.01,1.01,1000.0,1.01,1.0,normal,72.92
35,829,49755,1,0,1.01,1.01,1.01,1000.0,1.01,1.0,normal,73.93
35,829,49770,3,1,3.03,3.03,1.01,1000.0,1.01,1.0,normal,76.96
35,829,49785,6,0,6.06,6.06,1.01,1000.0,1.01,1.0,normal,83.02
35,830,49800,3,0,3.03,3.03,1.01,1000.0,1.01,1.0,normal,86.05
35,830,49815,1,0,1.01,1.01,1.01,1000.0,1.01,1.0,normal,87.06
35,830,49830,1,0,1.01,1.01,1.01,1000.0,1.01,1.0,normal,88.07
35,830,49845,3,0,3.03,3.03,1.01,1000.0,1.01,1.0,normal,91.1
35,831,49860,3,0,3.03,3.03,1.01,1000.0,1.01,1.0,normal,94.13
35,831,49875,1,0,1.01,1.01,1.01,1000.0,1.01,1.0,normal,95.14
35,831,49890,3,0,3.03,3.03,1.01,1000.0,1.01,1.0,normal,98.17
35,831,49905,1,0,1.01,1.01,1.01,1000.0,1.01,1.0,normal,99.18
35,832,49920,2,0,2.22,2.22,1.11,1000.0,1.11,1.0,normal,101.4
35,832,49935,1,0,1.11,1.11,1.11,1000.0,1.11,1.0,normal,102.51
35,832,49950,4,0,4.44,4.44,1.11,1000.0,1.11,1.0,normal,106.95
35,832,49965,1,0,1.11,1.11,1.11,1000.0,1.11,1.0,normal,108.06
35,833,49980,4,0,4.44,4.44,1.11,1000.0,1.11,1.0,normal,112.5
35,833,49995,2,0,2.22,2.22,1.11,1000.0,1.11,1.0,normal,114.72
35,833,50010,1,0,1.11,1.11,1.11,1000.0,1.11,1.0,normal,115.83
35,833,50025,0,0,0.0,0.0,1.11,1000.0,1.11,1.0,normal,115.83
35,834,50040,4,0,4.44,4.44,1.11,1000.0,1.11,1.0,normal,120.27
35,834,50055,2,0,2.22,2.22,1.11,1000.0,1.11,1.0,normal,122.49
35,834,50070,5,1,5.55,5.55,1.11,1000.0,1.11,1.0,normal,128.04
35,834,50085,1,0,1.11,1.11,1.11,1000.0,1.11,1.0,normal,129.15
35,835,50100,3,0,3.33,3.33,1.11,1000.0,1.11,1.0,normal,132.48
35,835,50115,3,0,3.33,3.33,1.11,1000.0,1.11,1.0,normal,135.81
35,835,50130,1,0,1.11,1.11,1.11,1000.0,1.11,1.0,normal,136.92
35,835,50145,2,0,2.22,2.22,1.11,1000.0,1.11,1.0,normal,139.14
35,836,50160,7,0,8.68,8.68,1.24,1000.0,1.24,1.0,normal,147.82
35,836,50175,1,0,1.24,1.24,1.24,1000.0,1.24,1.0,normal,149.06
35,836,50190,3,0,3.6863,3.6863,1.2288,1000.0,1.24,1.0,normal,152.7463
35,836,50205,4,0,4.96,4.96,1.24,1000.0,1.24,1.0,normal,157.7063
35,837,50220,2,0,2.48,2.48,1.24,1000.0,1.24,1.0,normal,160.1863
35,837,50235,4,0,4.96,4.96,1.24,1000.0,1.24,1.0,normal,165.1463
35,837,50250,1,0,1.24,1.24,1.24,1000.0,1.24,1.0,normal,166.3863
35,837,50265,2,0,2.48,2.48,1.24,1000.0,1.24,1.0,normal,168.8663
35,838,50280,4,0,4.96,4.96,1.24,1000.0,1.24,1.0,normal,173.8263
35,838,50295,3,1,3.72,3.72,1.24,1000.0,1.24,1.0,normal,177.5463
35,838,50310,5,0,6.2,6.2,1.24,1000.0,1.24,1.0,normal,183.7463
35,838,50325,2,0,2.48,2.48,1.24,1000.0,1.24,1.0,normal,186.2263
35,839,50340,3,0,3.72,3.72,1.24,1000.0,1.24,1.0,normal,189.9463
35,839,50355,4,0,4.96,4.96,1.24,1000.0,1.24,1.0,normal,194.9063
35,839,50370,4,0,4.96,4.96,1.24,1000.0,1.24,1.0,normal,199.8663
35,839,50385,3,0,3.72,3.72,1.24,1000.0,1.24,1.0,normal,203.5863
36,840,50400,3,0,3.9562,3.9562,1.3187,1000.0,1.36,1.0,normal,3.9562
36,840,50415,2,0,2.72,2.72,1.36,1000.0,1.36,1.0,normal,6.6762
36,840,50430,5,0,6.8,6.8,1.36,1000.0,1.36,1.0,normal,13.4762
36,840,50445,3,0,4.08,4.08,1.36,1000.0,1.36,1.0,normal,17.5562
36,841,50460,2,0,2.72,2.72,1.36,1000.0,1.36,1.0,normal,20.2762
36,841,50475,5,0,5.3102,5.3102,1.062,1000.0,1.36,1.0,normal,25.5864
36,841,50490,3,0,4.08,4.08,1.36,1000.0,1.36,1.0,normal,29.6664
36,841,50505,4,0,4.5097,4.5097,1.1274,1000.0,1.36,1.0,normal,34.1761
36,842,50520,4,0,5.44,5.44,1.36,1000.0,1.36,1.0,normal,39.6161
36,842,50535,6,0,8.16,8.16,1.36,1000.0,1.36,1.0,normal,47.7761
36,842,50550,4,0,5.44,5.44,1.36,1000.0,1.36,1.0,normal,53.2161
36,842,50565,4,0,4.5534,4.5534,1.1383,1000.0,1.36,1.0,normal,57.7695
36,843,50580,3,0,4.08,4.08,1.36,1000.0,1.36,1.0,normal,61.8495
36,843,50595,6,0,8.16,8.16,1.36,1000.0,1.36,1.0,normal,70.0095
36,843,50610,2,0,2.72,2.72,1.36,1000.0,1.36,1.0,normal,72.7295
36,843,50625,3,0,4.08,4.08,1.36,1000.0,1.36,1.0,normal,76.8095
36,844,50640,5,0,5.4674,5.4674,1.0935,1000.0,1.52,1.0,normal,82.2769
36,844,50655,3,0,3.7804,3.7804,1.2601,1000.0,1.52,1.0,normal,86.0573
36,844,50670,3,0,4.56,4.56,1.52,1000.0,1.52,1.0,normal,90.6173
36,844,50685,4,0,6.08,6.08,1.52,1000.0,1.52,1.0,normal,96.6973
36,845,50700,2,0,3.04,3.04,1.52,1000.0,1.52,1.0,normal,99.7373
36,845,50715,1,0,1.52,1.52,1.52,1000.0,1.52,1.0,normal,101.2573
36,845,50730,4,0,5.3574,5.3574,1.3394,1000.0,1.52,1.0,normal,106.6147
36,845,50745,2,0,3.04,3.04,1.52,1000.0,1.52,1.0,normal,109.6547
36,846,50760,5,0,7.6,7.6,1.52,1000.0,1.52,1.0,normal,117.2547
36,846,50775,6,0,7.4473,7.4473,1.2412,1000.0,1.52,1.0,normal,124.702
36,846,50790,1,0,1.52,1.52,1.52,1000.0,1.52,1.0,normal,126.222
36,846,50805,4,0,5.1108,5.1108,1.2777,1000.0,1.52,1.0,normal,131.3328
36,847,50820,2,0,2.3266,2.3266,1.1633,1000.0,1.52,1.0,normal,133.6594
36,847,50835,4,0,5.5785,5.5785,1.3946,1000.0,1.52,1.0,normal,139.2379
36,847,50850,6,0,6.887,6.887,1.1478,1000.0,1.52,1.0,normal,146.1249
36,847,50865,1,0,1.52,1.52,1.52,1000.0,1.52,1.0,normal,147.6449
36,848,50880,3,0,5.1,5.1,1.7,1000.0,1.7,1.0,normal,152.7449
36,848,50895,5,0,8.5,8.5,1.7,1000.0,1.7,1.0,normal,161.2449
36,848,50910,5,1,8.5,8.5,1.7,1000.0,1.7,1.0,normal,169.7449
36,848,50925,7,0,11.9,11.9,1.7,1000.0,1.7,1.0,normal,181.6449
36,849,50940,5,0,8.5,8.5,1.7,1000.0,1.7,1.0,normal,190.1449
36,849,50955,4,0,6.8,6.8,1.7,1000.0,1.7,1.0,normal,196.9449
36,849,50970,4,0,6.8,6.8,1.7,1000.0,1.7,1.0,normal,203.7449
36,849,50985,4,0,6.8,6.8,1.7,1000.0,1.7,1.0,normal,210.5449
36,850,51000,4,0,4.439,4.439,1.1098,1000.0,1.7,1.0,normal,214.9839
36,850,51015,6,0,10.2,10.2,1.7,1000.0,1.7,1.0,normal,225.1839
36,850,51030,2,0,3.4,3.4,1.7,1000.0,1.7,1.0,normal,228.5839
36,850,51045,1,0,1.7,1.7,1.7,1000.0,1.7,1.0,normal,230.2839
36,851,51060,2,0,3.4,3.4,1.7,1000.0,1.7,1.0,normal,233.6839
36,851,51075,4,0,4.0524,4.0524,1.0131,1000.0,1.7,1.0,normal,237.7363
36,851,51090,4,0,6.8,6.8,1.7,1000.0,1.7,1.0,normal,244.5363
36,851,51105,3,0,5.1,5.1,1.7,1000.0,1.7,1.0,normal,249.6363
36,852,51120,6,0,11.4,11.4,1.9,1000.0,1.9,1.0,normal,261.0363
36,852,51135,5,0,8.6393,8.6393,1.7279,1000.0,1.9,1.0,normal,269.6756
36,852,51150,4,0,7.6,7.6,1.9,1000.0,1.9,1.0,normal,277.2756
36,852,51165,2,0,3.5097,3.5097,1.7549,1000.0,1.9,1.0,normal,280.7853
36,853,51180,2,0,3.8,3.8,1.9,1000.0,1.9,1.0,normal,284.5853
36,853,51195,3,0,5.7,5.7,1.9,1000.0,1.9,1.0,normal,290.2853
36,853,51210,4,0,7.6,7.6,1.9,1000.0,1.9,1.0,normal,297.8853
36,853,51225,4,1,7.6,7.6,1.9,1000.0,1.9,1.0,normal,305.4853
36,854,51240,6,0,9.415,9.415,1.5692,1000.0,1.9,1.0,normal,314.9003
36,854,51255,5,0,9.5,9.5,1.9,1000.0,1.9,1.0,normal,324.4003
36,854,51270,11,0,17.5205,17.5205,1.5928,1000.0,1.9,1.0,normal,341.9208
36,854,51285,8,0,15.2,15.2,1.9,1000.0,1.9,1.0,normal,357.1208
36,855,51300,6,0,10.9891,10.9891,1.8315,1000.0,1.9,1.0,normal,368.1099
36,855,51315,6,0,11.4,11.4,1.9,1000.0,1.9,1.0,normal,379.5099
36,855,51330,4,0,7.6,7.6,1.9,1000.0,1.9,1.0,normal,387.1099
36,855,51345,5,0,9.5,9.5,1.9,1000.0,1.9,1.0,normal,396.6099
36,856,51360,4,0,6.08,6.08,1.52,1000.0,1.52,1.0,normal,402.6899
36,856,51375,5,0,7.6,7.6,1.52,1000.0,1.52,1.0,normal,410.2899
36,856,51390,4,1,5.5914,5.5914,1.3979,1000.0,1.52,1.0,normal,415.8813
36,856,51405,4,0,6.08,6.08,1.52,1000.0,1.52,1.0,normal,421.9613
36,857,51420,7,1,10.64,10.64,1.52,1000.0,1.52,1.0,normal,432.6013
36,857,51435,4,1,6.08,6.08,1.52,1000.0,1.52,1.0,normal,438.6813
36,857,51450,3,0,4.2027,4.2027,1.4009,1000.0,1.52,1.0,normal,442.884
36,857,51465,1,0,1.52,1.52,1.52,1000.0,1.52,1.0,normal,444.404
36,858,51480,3,0,4.56,4.56,1.52,1000.0,1.52,1.0,normal,448.964
36,858,51495,1,0,1.52,1.52,1.52,1000.0,1.52,1.0,normal,450.484
36,858,51510,1,0,1.52,1.52,1.52,1000.0,1.52,1.0,normal,452.004
36,858,51525,5,0,7.6,7.6,1.52,1000.0,1.52,1.0,normal,459.604
36,859,51540,4,0,6.08,6.08,1.52,1000.0,1.52,1.0,normal,465.684
36,859,51555,3,0,3.8293,3.8293,1.2764,1000.0,1.52,1.0,normal,469.5133
36,859,51570,10,1,15.2,15.2,1.52,1000.0,1.52,1.0,normal,484.7133
36,859,51585,4,0,6.08,6.08,1.52,1000.0,1.52,1.0,normal,490.7933
36,860,51600,3,0,5.1,5.1,1.7,1000.0,1.7,1.0,normal,495.8933
36,860,51615,2,0,3.4,3.4,1.7,1000.0,1.7,1.0,normal,499.2933
36,860,51630,7,0,11.9,11.9,1.7,1000.0,1.7,1.0,normal,511.1933
36,860,51645,3,0,5.1,5.1,1.7,1000.0,1.7,1.0,normal,516.2933
36,861,51660,5,0,5.8348,5.8348,1.167,1000.0,1.7,1.0,normal,522.1281
36,861,51675,4,0,6.8,6.8,1.7,1000.0,1.7,1.0,normal,528.9281
36,861,51690,3,0,5.1,5.1,1.7,1000.0,1.7,1.0,normal,534.0281
36,861,51705,3,0,5.1,5.1,1.7,1000.0,1.7,1.0,normal,539.1281
36,862,51720,5,1,8.5,8.5,1.7,1000.0,1.7,1.0,normal,547.6281
36,862,51735,2,0,3.4,3.4,1.7,1000.0,1.7,1.0,normal,551.0281
36,862,51750,6,0,7.5405,7.5405,1.2567,1000.0,1.7,1.0,normal,558.5686
36,862,51765,5,0,8.5,8.5,1.7,1000.0,1.7,1.0,normal,567.0686
36,863,51780,3,0,5.1,5.1,1.7,1000.0,1.7,1.0,normal,572.1686
36,863,51795,3,0,5.1,5.1,1.7,1000.0,1.7,1.0,normal,577.2686
36,863,51810,5,0,8.5,8.5,1.7,1000.0,1.7,1.0,normal,585.7686
36,863,51825,2,0,2.4184,2.4184,1.2092,1000.0,1.7,1.0,normal,588.187
37,864,51840,6,0,11.4,11.4,1.9,1000.0,1.9,1.0,normal,11.4
37,864,51855,3,0,5.7,5.7,1.9,1000.0,1.9,1.0,normal,17.1
37,864,51870,3,0,3.5809,3.5809,1.1936,1000.0,1.9,1.0,normal,20.6809
37,864,51885,5,0,9.5,9.5,1.9,1000.0,1.9,1.0,normal,30.1809
37,865,51900,6,0,11.4,11.4,1.9,1000.0,1.9,1.0,normal,41.5809
37,865,51915,8,0,15.2,15.2,1.9,1000.0,1.9,1.0,normal,56.7809
37,865,51930,5,0,9.5,9.5,1.9,1000.0,1.9,1.0,normal,66.2809
37,865,51945,5,1,9.5,9.5,1.9,1000.0,1.9,1.0,normal,75.7809
37,866,51960,3,0,5.7,5.7,1.9,1000.0,1.9,1.0,normal,81.4809
37,866,51975,3,0,4.7506,4.7506,1.5835,1000.0,1.9,1.0,normal,86.2315
37,866,51990,10,0,19.0,19.0,1.9,1000.0,1.9,1.0,normal,105.2315
37,866,52005,5,0,9.5,9.5,1.9,1000.0,1.9,1.0,normal,114.7315
37,867,52020,4,0,7.6,7.6,1.9,1000.0,1.9,1.0,normal,122.3315
37,867,52035,7,0,13.3,13.3,1.9,1000.0,1.9,1.0,normal,135.6315
37,867,52050,5,0,9.5,9.5,1.9,1000.0,1.9,1.0,normal,145.1315
37,867,52065,7,0,7.0617,7.0617,1.0088,1000.0,1.9,1.0,normal,152.1932
37,868,52080,5,0,10.65,10.65,2.13,1000.0,2.13,1.0,normal,162.8432
37,868,52095,9,0,19.17,19.17,2.13,1000.0,2.13,1.0,normal,182.0132
37,868,52110,7,0,14.91,14.91,2.13,1000.0,2.13,1.0,normal,196.9232
37,868,52125,4,0,8.52,8.52,2.13,1000.0,2.13,1.0,normal,205.4432
37,869,52140,4,0,8.52,8.52,2.13,1000.0,2.13,1.0,normal,213.9632
37,869,52155,11,0,23.43,23.43,2.13,1000.0,2.13,1.0,normal,237.3932
37,869,52170,3,0,5.3194,5.3194,1.7731,1000.0,2.13,1.0,normal,242.7126
37,869,52185,5,0,8.373,8.373,1.6746,1000.0,2.13,1.0,normal,251.0856
37,870,52200,2,0,3.9491,3.9491,1.9746,1000.0,2.13,1.0,normal,255.0347
37,870,52215,8,0,17.04,17.04,2.13,1000.0,2.13,1.0,normal,272.0747
37,870,52230,6,0,12.78,12.78,2.13,1000.0,2.13,1.0,normal,284.8547
37,870,52245,9,1,19.17,19.17,2.13,1000.0,2.13,1.0,normal,304.0247
37,871,52260,3,0,6.39,6.39,2.13,1000.0,2.13,1.0,normal,310.4147
37,871,52275,4,0,8.52,8.52,2.13,1000.0,2.13,1.0,normal,318.9347
37,871,52290,4,0,8.52,8.52,2.13,1000.0,2.13,1.0,normal,327.4547
37,871,52305,4,0,4.8655,4.8655,1.2164,1000.0,2.13,1.0,normal,332.3202
37,872,52320,5,0,11.95,11.95,2.39,1000.0,2.39,1.0,normal,344.2702
37,872,52335,6,0,14.34,14.34,2.39,1000.0,2.39,1.0,normal,358.6102
37,872,52350,8,0,18.2258,18.2258,2.2782,1000.0,2.39,1.0,normal,376.836
37,872,52365,13,1,31.07,31.07,2.39,1000.0,2.39,1.0,normal,407.906
37,873,52380,6,0,8.5284,8.5284,1.4214,1000.0,2.39,1.0,normal,416.4344
37,873,52395,4,0,9.56,9.56,2.39,1000.0,2.39,1.0,normal,425.9944
37,873,52410,5,0,8.6212,8.6212,1.7242,1000.0,2.39,1.0,normal,434.6156
37,873,52425,1,0,2.39,2.39,2.39,1000.0,2.39,1.0,normal,437.0056
37,874,52440,4,0,9.56,9.56,2.39,1000.0,2.39,1.0,normal,446.5656
37,874,52455,7,0,14.5265,14.5265,2.0752,1000.0,2.39,1.0,normal,461.0921
37,874,52470,10,0,23.9,23.9,2.39,1000.0,2.39,1.0,normal,484.9921
37,874,52485,9,1,13.5476,13.5476,1.5053,1000.0,2.39,1.0,normal,498.5397
37,875,52500,6,0,7.5943,7.5943,1.2657,1000.0,2.39,1.0,normal,506.134
37,875,52515,2,0,4.78,4.78,2.39,1000.0,2.39,1.0,normal,510.914
37,875,52530,5,0,11.95,11.95,2.39,1000.0,2.39,1.0,normal,522.864
37,875,52545,7,0,11.4918,11.4918,1.6417,1000.0,2.39,1.0,normal,534.3558
37,876,52560,5,1,13.4,13.4,2.68,1000.0,2.68,1.0,normal,547.7558
37,876,52575,7,0,18.76,18.76,2.68,1000.0,2.68,1.0,normal,566.5158
37,876,52590,7,0,11.4468,11.4468,1.6353,1000.0,2.68,1.0,normal,577.9626
37,876,52605,5,0,9.6642,9.6642,1.9328,1000.0,2.68,1.0,normal,587.6268
37,877,52620,6,0,16.08,16.08,2.68,1000.0,2.68,1.0,normal,603.7068
37,877,52635,4,0,9.3985,9.3985,2.3496,1000.0,2.68,1.0,normal,613.1053
37,877,52650,10,0,26.2144,26.2144,2.6214,1000.0,2.68,1.0,normal,639.3197
37,877,52665,4,0,10.1292,10.1292,2.5323,1000.0,2.68,1.0,normal,649.4489
37,878,52680,13,0,33.5344,33.5344,2.5796,1000.0,2.68,1.0,normal,682.9833
37,878,52695,6,0,9.9796,9.9796,1.6633,1000.0,2.68,1.0,normal,692.9629
37,878,52710,9,0,21.2832,21.2832,2.3648,1000.0,2.68,1.0,normal,714.2461
37,878,52725,6,0,16.08,16.08,2.68,1000.0,2.68,1.0,normal,730.3261
37,879,52740,5,0,9.1758,9.1758,1.8352,1000.0,2.68,1.0,normal,739.5019
37,879,52755,6,0,12.4103,12.4103,2.0684,1000.0,2.68,1.0,normal,751.9122
37,879,52770,8,0,19.8085,19.8085,2.4761,1000.0,2.68,1.0,normal,771.7207
37,879,52785,7,1,18.76,18.76,2.68,1000.0,2.68,1.0,normal,790.4807
37,880,52800,7,0,17.3158,17.3158,2.4737,1000.0,3.0,1.0,normal,807.7965
37,880,52815,5,0,15.0,15.0,3.0,1000.0,3.0,1.0,normal,822.7965
37,880,52830,14,0,42.0,42.0,3.0,1000.0,3.0,1.0,normal,864.7965
37,880,52845,8,0,24.0,24.0,3.0,1000.0,3.0,1.0,normal,888.7965
37,881,52860,9,2,27.0,13.5,3.0,1000.0,3.0,1.0,budget_constrained,915.7965
37,881,52875,6,0,18.0,18.0,3.0,1000.0,3.0,1.0,budget_constrained,933.7965
37,881,52890,6,0,15.9835,15.9835,2.6639,1000.0,3.0,1.0,budget_constrained,949.78
37,881,52905,8,0,9.1841,9.1841,1.148,1000.0,3.0,1.0,budget_constrained,958.9641
37,882,52920,2,0,3.7993,3.7993,1.8997,1000.0,3.0,1.0,budget_constrained,962.7634
37,882,52935,11,0,29.2399,29.2399,2.6582,1000.0,3.0,1.0,budget_constrained,992.0033
37,882,52950,2,0,7.9967,7.9967,3.0,1000.0,3.0,1.0,budget_depleted,1000.0
37,882,52965,0,0,0.0,0.0,0.0,1000.0,3.0,1.0,budget_depleted,1000.0
37,883,52980,0,0,0.0,0.0,0.0,1000.0,3.0,1.0,budget_depleted,1000.0
37,883,52995,0,0,0.0,0.0,0.0,1000.0,3.0,1.0,budget_depleted,1000.0
37,883,53010,0,0,0.0,0.0,0.0,1000.0,3.0,1.0,budget_depleted,1000.0
37,883,53025,0,0,0.0,0.0,0.0,1000.0,3.0,1.0,budget_depleted,1000.0
37,884,53040,0,0,0.0,0.0,0.0,1000.0,0.9,1.0,budget_depleted,1000.0
37,884,53055,0,0,0.0,0.0,0.0,1000.0,0.9,1.0,budget_depleted,1000.0
37,884,53070,0,0,0.0,0.0,0.0,1000.0,0.9,1.0,budget_depleted,1000.0
37,884,53085,0,0,0.0,0.0,0.0,1000.0,0.9,1.0,budget_depleted,1000.0
37,885,53100,0,0,0.0,0.0,0.0,1000.0,0.9,1.0,budget_depleted,1000.0
37,885,53115,0,0,0.0,0.0,0.0,1000.0,0.9,1.0,budget_depleted,1000.0
37,885,53130,0,0,0.0,0.0,0.0,1000.0,0.9,1.0,budget_depleted,1000.0
37,885,53145,0,0,0.0,0.0,0.0,1000.0,0.9,1.0,budget_depleted,1000.0
37,886,53160,0,0,0.0,0.0,0.0,1000.0,0.9,1.0,budget_depleted,1000.0
37,886,53175,0,0,0.0,0.0,0.0,1000.0,0.9,1.0,budget_depleted,1000.0
37,886,53190,0,0,0.0,0.0,0.0,1000.0,0.9,1.0,budget_depleted,1000.0
37,886,53205,0,0,0.0,0.0,0.0,1000.0,0.9,1.0,budget_depleted,1000.0
37,887,53220,0,0,0.0,0.0,0.0,1000.0,0.9,1.0,budget_depleted,1000.0
37,887,53235,0,0,0.0,0.0,0.0,1000.0,0.9,1.0,budget_depleted,1000.0
37,887,53250,0,0,0.0,0.0,0.0,1000.0,0.9,1.0,budget_depleted,1000.0
37,887,53265,0,0,0.0,0.0,0.0,1000.0,0.9,1.0,budget_depleted,1000.0
