current_day,current_hour,current_minute,clicks,leads,spend,cpa,realized_cpc,daily_budget,max_bid,volatility,budget_status,current_day_spend
8,168,10080,0,0,0.0,0.0,0.0,1000.0,6.2,1.0,normal,0.0
8,168,10095,19,1,46.0072,46.0072,2.4214,1000.0,6.2,1.0,normal,46.0072
8,168,10110,11,0,59.1,59.1,5.3727,1000.0,6.2,1.0,normal,105.1072
8,168,10125,12,0,16.7401,16.7401,1.395,1000.0,6.2,1.0,normal,121.8473
8,169,10140,14,0,6.5568,6.5568,0.4683,1000.0,6.38,1.0,normal,128.4041
8,169,10155,8,0,22.4535,22.4535,2.8067,1000.0,6.38,1.0,normal,150.8576
8,169,10170,21,0,72.8318,72.8318,3.4682,1000.0,6.38,1.0,normal,223.6894
8,169,10185,21,0,73.6848,73.6848,3.5088,1000.0,6.38,1.0,normal,297.3742
8,170,10200,16,0,42.5055,42.5055,2.6566,1000.0,6.56,1.0,normal,339.8797
8,170,10215,19,0,8.9384,8.9384,0.4704,1000.0,6.56,1.0,normal,348.8181
8,170,10230,20,0,60.2914,60.2914,3.0146,1000.0,6.56,1.0,normal,409.1095
8,170,10245,18,0,45.121,45.121,2.5067,1000.0,6.56,1.0,normal,454.2305
8,171,10260,14,0,57.054,57.054,4.0753,1000.0,6.74,1.0,normal,511.2845
8,171,10275,15,0,98.2115,98.2115,6.5474,1000.0,6.74,1.0,normal,609.496
8,171,10290,15,0,82.4235,82.4235,5.4949,1000.0,6.74,1.0,normal,691.9195
8,171,10305,14,1,26.0255,26.0255,1.859,1000.0,6.74,1.0,normal,717.945
8,172,10320,15,1,20.6835,20.6835,1.3789,1000.0,6.74,1.0,normal,738.6285
8,172,10335,16,2,101.4846,50.7423,6.3428,1000.0,6.74,1.0,normal,840.1131
8,172,10350,15,1,18.4633,18.4633,1.2309,1000.0,6.74,1.0,normal,858.5764
8,172,10365,20,0,34.6843,34.6843,1.7342,1000.0,6.74,1.0,normal,893.2607
8,173,10380,10,0,18.368,18.368,1.8368,1000.0,6.15,1.0,budget_constrained,911.6287
8,173,10395,12,1,11.8198,11.8198,0.985,1000.0,6.15,1.0,budget_constrained,923.4485
8,173,10410,7,0,43.05,43.05,6.15,1000.0,6.15,1.0,budget_constrained,966.4985
8,173,10425,15,0,33.5015,33.5015,2.1507,1000.0,6.15,1.0,budget_constrained,1000.0
8,174,10440,0,0,0.0,0.0,0.4243,1000.0,5.55,1.0,budget_constrained,1000.0
8,174,10455,0,0,0.0,0.0,4.2554,1000.0,5.55,1.0,budget_constrained,1000.0
8,174,10470,0,0,0.0,0.0,3.5202,1000.0,5.55,1.0,budget_constrained,1000.0
8,174,10485,0,0,0.0,0.0,4.6428,1000.0,5.55,1.0,budget_constrained,1000.0
8,175,10500,0,0,0.0,0.0,1.0847,1000.0,4.96,1.0,budget_constrained,1000.0
8,175,10515,0,0,0.0,0.0,4.96,1000.0,4.96,1.0,budget_constrained,1000.0
8,175,10530,0,0,0.0,0.0,2.7808,1000.0,4.96,1.0,budget_constrained,1000.0
8,175,10545,0,0,0.0,0.0,3.8607,1000.0,4.96,1.0,budget_constrained,1000.0
8,176,10560,0,0,0.0,0.0,3.476,1000.0,4.96,1.0,budget_constrained,1000.0
8,176,10575,0,0,0.0,0.0,4.7997,1000.0,4.96,1.0,budget_constrained,1000.0
8,176,10590,0,0,0.0,0.0,1.2999,1000.0,4.96,1.0,budget_constrained,1000.0
8,176,10605,0,0,0.0,0.0,4.96,1000.0,4.96,1.0,budget_constrained,1000.0
8,177,10620,0,0,0.0,0.0,3.7788,1000.0,4.79,1.0,budget_constrained,1000.0
8,177,10635,0,0,0.0,0.0,4.79,1000.0,4.79,1.0,budget_constrained,1000.0
8,177,10650,0,0,0.0,0.0,4.6929,1000.0,4.79,1.0,budget_constrained,1000.0
8,177,10665,0,0,0.0,0.0,3.8312,1000.0,4.79,1.0,budget_constrained,1000.0
8,178,10680,0,0,0.0,0.0,4.63,1000.0,4.63,1.0,budget_constrained,1000.0
8,178,10695,0,0,0.0,0.0,0.2781,1000.0,4.63,1.0,budget_constrained,1000.0
8,178,10710,0,0,0.0,0.0,2.3277,1000.0,4.63,1.0,budget_constrained,1000.0
8,178,10725,0,0,0.0,0.0,0.2386,1000.0,4.63,1.0,budget_constrained,1000.0
8,179,10740,0,0,0.0,0.0,3.75,1000.0,4.46,1.0,budget_constrained,1000.0
8,179,10755,0,0,0.0,0.0,4.46,1000.0,4.46,1.0,budget_constrained,1000.0
8,179,10770,0,0,0.0,0.0,3.185,1000.0,4.46,1.0,budget_constrained,1000.0
8,179,10785,0,0,0.0,0.0,0.5576,1000.0,4.46,1.0,budget_constrained,1000.0
8,180,10800,0,0,0.0,0.0,0.01,1000.0,0.01,1.0,budget_constrained,1000.0
8,180,10815,0,0,0.0,0.0,0.01,1000.0,0.01,1.0,budget_constrained,1000.0
8,180,10830,0,0,0.0,0.0,0.01,1000.0,0.01,1.0,budget_constrained,1000.0
8,180,10845,0,0,0.0,0.0,0.01,1000.0,0.01,1.0,budget_constrained,1000.0
8,181,10860,0,0,0.0,0.0,0.01,1000.0,0.01,1.0,budget_constrained,1000.0
8,181,10875,0,0,0.0,0.0,0.01,1000.0,0.01,1.0,budget_constrained,1000.0
8,181,10890,0,0,0.0,0.0,0.01,1000.0,0.01,1.0,budget_constrained,1000.0
8,181,10905,0,0,0.0,0.0,0.01,1000.0,0.01,1.0,budget_constrained,1000.0
8,182,10920,0,0,0.0,0.0,0.01,1000.0,0.01,1.0,budget_constrained,1000.0
8,182,10935,0,0,0.0,0.0,0.01,1000.0,0.01,1.0,budget_constrained,1000.0
8,182,10950,0,0,0.0,0.0,0.01,1000.0,0.01,1.0,budget_constrained,1000.0
8,182,10965,0,0,0.0,0.0,0.01,1000.0,0.01,1.0,budget_constrained,1000.0
8,183,10980,0,0,0.0,0.0,0.01,1000.0,0.01,1.0,budget_constrained,1000.0
8,183,10995,0,0,0.0,0.0,0.01,1000.0,0.01,1.0,budget_constrained,1000.0
8,183,11010,0,0,0.0,0.0,0.01,1000.0,0.01,1.0,budget_constrained,1000.0
8,183,11025,0,0,0.0,0.0,0.01,1000.0,0.01,1.0,budget_constrained,1000.0
8,184,11040,0,0,0.0,0.0,0.199,1000.0,4.2,1.0,budget_constrained,1000.0
8,184,11055,0,0,0.0,0.0,1.3975,1000.0,4.2,1.0,budget_constrained,1000.0
8,184,11070,0,0,0.0,0.0,1.0643,1000.0,4.2,1.0,budget_constrained,1000.0
8,184,11085,0,0,0.0,0.0,4.1582,1000.0,4.2,1.0,budget_constrained,1000.0
8,185,11100,0,0,0.0,0.0,4.2,1000.0,4.2,1.0,budget_constrained,1000.0
8,185,11115,0,0,0.0,0.0,0.3067,1000.0,4.2,1.0,budget_constrained,1000.0
8,185,11130,0,0,0.0,0.0,4.2,1000.0,4.2,1.0,budget_constrained,1000.0
8,185,11145,0,0,0.0,0.0,4.2,1000.0,4.2,1.0,budget_constrained,1000.0
8,186,11160,0,0,0.0,0.0,2.2422,1000.0,4.2,1.0,budget_constrained,1000.0
8,186,11175,0,0,0.0,0.0,3.252,1000.0,4.2,1.0,budget_constrained,1000.0
8,186,11190,0,0,0.0,0.0,3.9586,1000.0,4.2,1.0,budget_constrained,1000.0
8,186,11205,0,0,0.0,0.0,1.2554,1000.0,4.2,1.0,budget_constrained,1000.0
8,187,11220,0,0,0.0,0.0,4.2,1000.0,4.2,1.0,budget_constrained,1000.0
8,187,11235,0,0,0.0,0.0,1.4053,1000.0,4.2,1.0,budget_constrained,1000.0
8,187,11250,0,0,0.0,0.0,4.2,1000.0,4.2,1.0,budget_constrained,1000.0
8,187,11265,0,0,0.0,0.0,2.5809,1000.0,4.2,1.0,budget_constrained,1000.0
8,188,11280,0,0,0.0,0.0,3.6575,1000.0,4.2,1.0,budget_constrained,1000.0
8,188,11295,0,0,0.0,0.0,2.3471,1000.0,4.2,1.0,budget_constrained,1000.0
8,188,11310,0,0,0.0,0.0,0.387,1000.0,4.2,1.0,budget_constrained,1000.0
8,188,11325,0,0,0.0,0.0,0.5974,1000.0,4.2,1.0,budget_constrained,1000.0
8,189,11340,0,0,0.0,0.0,4.2,1000.0,4.2,1.0,budget_constrained,1000.0
8,189,11355,0,0,0.0,0.0,2.4007,1000.0,4.2,1.0,budget_constrained,1000.0
8,189,11370,0,0,0.0,0.0,0.6058,1000.0,4.2,1.0,budget_constrained,1000.0
8,189,11385,0,0,0.0,0.0,4.2,1000.0,4.2,1.0,budget_constrained,1000.0
8,190,11400,0,0,0.0,0.0,0.3001,1000.0,4.2,1.0,budget_constrained,1000.0
8,190,11415,0,0,0.0,0.0,3.9693,1000.0,4.2,1.0,budget_constrained,1000.0
8,190,11430,0,0,0.0,0.0,1.9844,1000.0,4.2,1.0,budget_constrained,1000.0
8,190,11445,0,0,0.0,0.0,2.9888,1000.0,4.2,1.0,budget_constrained,1000.0
8,191,11460,0,0,0.0,0.0,2.2349,1000.0,4.2,1.0,budget_constrained,1000.0
8,191,11475,0,0,0.0,0.0,0.0213,1000.0,4.2,1.0,budget_constrained,1000.0
8,191,11490,0,0,0.0,0.0,0.7262,1000.0,4.2,1.0,budget_constrained,1000.0
8,191,11505,0,0,0.0,0.0,2.8172,1000.0,4.2,1.0,budget_constrained,1000.0
9,192,11520,0,0,0.0,0.0,4.86,1000.0,4.86,1.0,normal,0.0
9,192,11535,8,0,17.4275,17.4275,2.1784,1000.0,4.86,1.0,normal,17.4275
9,192,11550,15,2,62.2131,31.1065,4.1475,1000.0,4.86,1.0,normal,79.6406
9,192,11565,7,0,0.3316,0.3316,0.0474,1000.0,4.86,1.0,normal,79.9722
9,193,11580,12,0,8.765,8.765,0.7304,1000.0,4.86,1.0,normal,88.7372
9,193,11595,4,0,6.4958,6.4958,1.624,1000.0,4.86,1.0,normal,95.233
9,193,11610,11,1,27.8454,27.8454,2.5314,1000.0,4.86,1.0,normal,123.0784
9,193,11625,11,0,4.3324,4.3324,0.3939,1000.0,4.86,1.0,normal,127.4108
9,194,11640,16,0,49.2892,49.2892,3.0806,1000.0,4.86,1.0,normal,176.7
9,194,11655,13,0,14.209,14.209,1.093,1000.0,4.86,1.0,normal,190.909
9,194,11670,13,1,18.1485,18.1485,1.396,1000.0,4.86,1.0,normal,209.0575
9,194,11685,10,1,21.5262,21.5262,2.1526,1000.0,4.86,1.0,normal,230.5837
9,195,11700,6,0,16.0422,16.0422,2.6737,1000.0,4.86,1.0,normal,246.6259
9,195,11715,15,0,69.1083,69.1083,4.6072,1000.0,4.86,1.0,normal,315.7342
9,195,11730,8,1,2.5171,2.5171,0.3146,1000.0,4.86,1.0,normal,318.2513
9,195,11745,20,0,56.9151,56.9151,2.8458,1000.0,4.86,1.0,normal,375.1664
9,196,11760,15,0,9.0367,9.0367,0.6024,1000.0,4.86,1.0,normal,384.2031
9,196,11775,17,0,58.397,58.397,3.4351,1000.0,4.86,1.0,normal,442.6001
9,196,11790,9,0,3.428,3.428,0.3809,1000.0,4.86,1.0,normal,446.0281
9,196,11805,15,2,41.0063,20.5032,2.7338,1000.0,4.86,1.0,normal,487.0344
9,197,11820,9,0,45.18,45.18,5.02,1000.0,5.02,1.0,normal,532.2144
9,197,11835,12,0,39.7663,39.7663,3.3139,1000.0,5.02,1.0,normal,571.9807
9,197,11850,15,0,50.1193,50.1193,3.3413,1000.0,5.02,1.0,normal,622.1
9,197,11865,15,0,6.7383,6.7383,0.4492,1000.0,5.02,1.0,normal,628.8383
9,198,11880,16,0,83.04,83.04,5.19,1000.0,5.19,1.0,normal,711.8783
9,198,11895,11,0,26.8644,26.8644,2.4422,1000.0,5.19,1.0,normal,738.7427
9,198,11910,11,1,17.7983,17.7983,1.618,1000.0,5.19,1.0,normal,756.541
9,198,11925,10,0,51.9,51.9,5.19,1000.0,5.19,1.0,normal,808.441
9,199,11940,16,1,85.6,85.6,5.35,1000.0,5.35,1.0,normal,894.041
9,199,11955,6,0,6.6147,6.6147,1.1025,1000.0,5.35,1.0,budget_constrained,900.6557
9,199,11970,18,1,99.3443,99.3443,5.35,1000.0,5.35,1.0,budget_constrained,1000.0
9,199,11985,0,0,0.0,0.0,0.0224,1000.0,5.35,1.0,budget_constrained,1000.0
9,200,12000,0,0,0.0,0.0,3.3303,1000.0,5.35,1.0,budget_constrained,1000.0
9,200,12015,0,0,0.0,0.0,5.35,1000.0,5.35,1.0,budget_constrained,1000.0
9,200,12030,0,0,0.0,0.0,5.0808,1000.0,5.35,1.0,budget_constrained,1000.0
9,200,12045,0,0,0.0,0.0,1.1716,1000.0,5.35,1.0,budget_constrained,1000.0
9,201,12060,0,0,0.0,0.0,0.7594,1000.0,5.53,1.0,budget_constrained,1000.0
9,201,12075,0,0,0.0,0.0,3.8314,1000.0,5.53,1.0,budget_constrained,1000.0
9,201,12090,0,0,0.0,0.0,2.5418,1000.0,5.53,1.0,budget_constrained,1000.0
9,201,12105,0,0,0.0,0.0,0.9471,1000.0,5.53,1.0,budget_constrained,1000.0
9,202,12120,0,0,0.0,0.0,5.4402,1000.0,5.7,1.0,budget_constrained,1000.0
9,202,12135,0,0,0.0,0.0,5.3713,1000.0,5.7,1.0,budget_constrained,1000.0
9,202,12150,0,0,0.0,0.0,5.1172,1000.0,5.7,1.0,budget_constrained,1000.0
9,202,12165,0,0,0.0,0.0,0.824,1000.0,5.7,1.0,budget_constrained,1000.0
9,203,12180,0,0,0.0,0.0,3.673,1000.0,5.88,1.0,budget_constrained,1000.0
9,203,12195,0,0,0.0,0.0,3.1632,1000.0,5.88,1.0,budget_constrained,1000.0
9,203,12210,0,0,0.0,0.0,5.4383,1000.0,5.88,1.0,budget_constrained,1000.0
9,203,12225,0,0,0.0,0.0,5.7246,1000.0,5.88,1.0,budget_constrained,1000.0
9,204,12240,0,0,0.0,0.0,2.0783,1000.0,5.88,1.0,budget_constrained,1000.0
9,204,12255,0,0,0.0,0.0,0.8025,1000.0,5.88,1.0,budget_constrained,1000.0
9,204,12270,0,0,0.0,0.0,3.3899,1000.0,5.88,1.0,budget_constrained,1000.0
9,204,12285,0,0,0.0,0.0,1.7612,1000.0,5.88,1.0,budget_constrained,1000.0
9,205,12300,0,0,0.0,0.0,2.5593,1000.0,6.08,1.0,budget_constrained,1000.0
9,205,12315,0,0,0.0,0.0,5.7182,1000.0,6.08,1.0,budget_constrained,1000.0
9,205,12330,0,0,0.0,0.0,4.6946,1000.0,6.08,1.0,budget_constrained,1000.0
9,205,12345,0,0,0.0,0.0,0.8314,1000.0,6.08,1.0,budget_constrained,1000.0
9,206,12360,0,0,0.0,0.0,5.4251,1000.0,6.27,1.0,budget_constrained,1000.0
9,206,12375,0,0,0.0,0.0,0.2573,1000.0,6.27,1.0,budget_constrained,1000.0
9,206,12390,0,0,0.0,0.0,6.1186,1000.0,6.27,1.0,budget_constrained,1000.0
9,206,12405,0,0,0.0,0.0,4.175,1000.0,6.27,1.0,budget_constrained,1000.0
9,207,12420,0,0,0.0,0.0,1.1765,1000.0,6.47,1.0,budget_constrained,1000.0
9,207,12435,0,0,0.0,0.0,0.7081,1000.0,6.47,1.0,budget_constrained,1000.0
9,207,12450,0,0,0.0,0.0,0.0647,1000.0,6.47,1.0,budget_constrained,1000.0
9,207,12465,0,0,0.0,0.0,0.9964,1000.0,6.47,1.0,budget_constrained,1000.0
9,208,12480,0,0,0.0,0.0,3.1541,1000.0,6.47,1.0,budget_constrained,1000.0
9,208,12495,0,0,0.0,0.0,5.5096,1000.0,6.47,1.0,budget_constrained,1000.0
9,208,12510,0,0,0.0,0.0,3.9541,1000.0,6.47,1.0,budget_constrained,1000.0
9,208,12525,0,0,0.0,0.0,3.7358,1000.0,6.47,1.0,budget_constrained,1000.0
9,209,12540,0,0,0.0,0.0,2.1922,1000.0,6.73,1.0,budget_constrained,1000.0
9,209,12555,0,0,0.0,0.0,0.9065,1000.0,6.73,1.0,budget_constrained,1000.0
9,209,12570,0,0,0.0,0.0,2.0142,1000.0,6.73,1.0,budget_constrained,1000.0
9,209,12585,0,0,0.0,0.0,1.909,1000.0,6.73,1.0,budget_constrained,1000.0
9,210,12600,0,0,0.0,0.0,0.0583,1000.0,6.99,1.0,budget_constrained,1000.0
9,210,12615,0,0,0.0,0.0,6.0515,1000.0,6.99,1.0,budget_constrained,1000.0
9,210,12630,0,0,0.0,0.0,0.1511,1000.0,6.99,1.0,budget_constrained,1000.0
9,210,12645,0,0,0.0,0.0,1.1045,1000.0,6.99,1.0,budget_constrained,1000.0
9,211,12660,0,0,0.0,0.0,0.4852,1000.0,7.25,1.0,budget_constrained,1000.0
9,211,12675,0,0,0.0,0.0,1.1217,1000.0,7.25,1.0,budget_constrained,1000.0
9,211,12690,0,0,0.0,0.0,5.4351,1000.0,7.25,1.0,budget_constrained,1000.0
9,211,12705,0,0,0.0,0.0,2.1668,1000.0,7.25,1.0,budget_constrained,1000.0
9,212,12720,0,0,0.0,0.0,3.2681,1000.0,7.25,1.0,budget_constrained,1000.0
9,212,12735,0,0,0.0,0.0,4.2304,1000.0,7.25,1.0,budget_constrained,1000.0
9,212,12750,0,0,0.0,0.0,2.8586,1000.0,7.25,1.0,budget_constrained,1000.0
9,212,12765,0,0,0.0,0.0,6.4912,1000.0,7.25,1.0,budget_constrained,1000.0
9,213,12780,0,0,0.0,0.0,1.9256,1000.0,7.5,1.0,budget_constrained,1000.0
9,213,12795,0,0,0.0,0.0,7.204,1000.0,7.5,1.0,budget_constrained,1000.0
9,213,12810,0,0,0.0,0.0,3.7672,1000.0,7.5,1.0,budget_constrained,1000.0
9,213,12825,0,0,0.0,0.0,3.7314,1000.0,7.5,1.0,budget_constrained,1000.0
9,214,12840,0,0,0.0,0.0,2.199,1000.0,7.75,1.0,budget_constrained,1000.0
9,214,12855,0,0,0.0,0.0,6.2046,1000.0,7.75,1.0,budget_constrained,1000.0
9,214,12870,0,0,0.0,0.0,5.0302,1000.0,7.75,1.0,budget_constrained,1000.0
9,214,12885,0,0,0.0,0.0,2.3233,1000.0,7.75,1.0,budget_constrained,1000.0
9,215,12900,0,0,0.0,0.0,0.918,1000.0,8.0,1.0,budget_constrained,1000.0
9,215,12915,0,0,0.0,0.0,6.6924,1000.0,8.0,1.0,budget_constrained,1000.0
9,215,12930,0,0,0.0,0.0,5.1548,1000.0,8.0,1.0,budget_constrained,1000.0
9,215,12945,0,0,0.0,0.0,1.0013,1000.0,8.0,1.0,budget_constrained,1000.0
10,216,12960,0,0,0.0,0.0,6.2535,1000.0,8.0,1.0,normal,0.0
10,216,12975,13,1,37.1287,37.1287,2.8561,1000.0,8.0,1.0,normal,37.1287
10,216,12990,15,0,34.7408,34.7408,2.3161,1000.0,8.0,1.0,normal,71.8695
10,216,13005,21,0,73.1913,73.1913,3.4853,1000.0,8.0,1.0,normal,145.0608
10,217,13020,23,0,133.8914,133.8914,5.8214,1000.0,8.32,1.0,normal,278.9522
10,217,13035,25,0,44.0851,44.0851,1.7634,1000.0,8.32,1.0,normal,323.0373
10,217,13050,24,0,173.3767,173.3767,7.224,1000.0,8.32,1.0,normal,496.414
10,217,13065,31,0,182.7418,182.7418,5.8949,1000.0,8.32,1.0,normal,679.1558
10,218,13080,20,0,34.7725,34.7725,1.7386,1000.0,8.64,1.0,normal,713.9283
10,218,13095,21,0,11.3721,11.3721,0.5415,1000.0,8.64,1.0,normal,725.3004
10,218,13110,29,0,76.7987,76.7987,2.6482,1000.0,8.64,1.0,normal,802.0991
10,218,13125,25,0,51.9295,51.9295,2.0772,1000.0,8.64,1.0,normal,854.0286
10,219,13140,20,0,1.1571,1.1571,0.0579,1000.0,8.96,1.0,normal,855.1857
10,219,13155,17,0,131.0664,131.0664,7.7098,1000.0,8.96,1.0,budget_constrained,986.2521
10,219,13170,3,0,13.7479,13.7479,4.0816,1000.0,8.96,1.0,budget_depleted,1000.0
10,219,13185,0,0,0.0,0.0,0.0,1000.0,8.96,1.0,budget_depleted,1000.0
10,220,13200,0,0,0.0,0.0,0.0,1000.0,8.96,1.0,budget_depleted,1000.0
10,220,13215,0,0,0.0,0.0,0.0,1000.0,8.96,1.0,budget_depleted,1000.0
10,220,13230,0,0,0.0,0.0,0.0,1000.0,8.96,1.0,budget_depleted,1000.0
10,220,13245,0,0,0.0,0.0,0.0,1000.0,8.96,1.0,budget_depleted,1000.0
10,221,13260,0,0,0.0,0.0,0.0,1000.0,9.36,1.0,budget_depleted,1000.0
10,221,13275,0,0,0.0,0.0,0.0,1000.0,9.36,1.0,budget_depleted,1000.0
10,221,13290,0,0,0.0,0.0,0.0,1000.0,9.36,1.0,budget_depleted,1000.0
10,221,13305,0,0,0.0,0.0,0.0,1000.0,9.36,1.0,budget_depleted,1000.0
10,222,13320,0,0,0.0,0.0,0.0,1000.0,9.69,1.0,budget_depleted,1000.0
10,222,13335,0,0,0.0,0.0,0.0,1000.0,9.69,1.0,budget_depleted,1000.0
10,222,13350,0,0,0.0,0.0,0.0,1000.0,9.69,1.0,budget_depleted,1000.0
10,222,13365,0,0,0.0,0.0,0.0,1000.0,9.69,1.0,budget_depleted,1000.0
10,223,13380,0,0,0.0,0.0,0.0,1000.0,10.05,1.0,budget_depleted,1000.0
10,223,13395,0,0,0.0,0.0,0.0,1000.0,10.05,1.0,budget_depleted,1000.0
10,223,13410,0,0,0.0,0.0,0.0,1000.0,10.05,1.0,budget_depleted,1000.0
10,223,13425,0,0,0.0,0.0,0.0,1000.0,10.05,1.0,budget_depleted,1000.0
10,224,13440,0,0,0.0,0.0,0.0,1000.0,10.05,1.0,budget_depleted,1000.0
10,224,13455,0,0,0.0,0.0,0.0,1000.0,10.05,1.0,budget_depleted,1000.0
10,224,13470,0,0,0.0,0.0,0.0,1000.0,10.05,1.0,budget_depleted,1000.0
10,224,13485,0,0,0.0,0.0,0.0,1000.0,10.05,1.0,budget_depleted,1000.0
10,225,13500,0,0,0.0,0.0,0.0,1000.0,8.24,1.0,budget_depleted,1000.0
10,225,13515,0,0,0.0,0.0,0.0,1000.0,8.24,1.0,budget_depleted,1000.0
10,225,13530,0,0,0.0,0.0,0.0,1000.0,8.24,1.0,budget_depleted,1000.0
10,225,13545,0,0,0.0,0.0,0.0,1000.0,8.24,1.0,budget_depleted,1000.0
10,226,13560,0,0,0.0,0.0,0.0,1000.0,6.76,1.0,budget_depleted,1000.0
10,226,13575,0,0,0.0,0.0,0.0,1000.0,6.76,1.0,budget_depleted,1000.0
10,226,13590,0,0,0.0,0.0,0.0,1000.0,6.76,1.0,budget_depleted,1000.0
10,226,13605,0,0,0.0,0.0,0.0,1000.0,6.76,1.0,budget_depleted,1000.0
10,227,13620,0,0,0.0,0.0,0.0,1000.0,2.69,1.0,budget_depleted,1000.0
10,227,13635,0,0,0.0,0.0,0.0,1000.0,2.69,1.0,budget_depleted,1000.0
10,227,13650,0,0,0.0,0.0,0.0,1000.0,2.69,1.0,budget_depleted,1000.0
10,227,13665,0,0,0.0,0.0,0.0,1000.0,2.69,1.0,budget_depleted,1000.0
10,228,13680,0,0,0.0,0.0,0.0,1000.0,0.01,1.0,budget_depleted,1000.0
10,228,13695,0,0,0.0,0.0,0.0,1000.0,0.01,1.0,budget_depleted,1000.0
10,228,13710,0,0,0.0,0.0,0.0,1000.0,0.01,1.0,budget_depleted,1000.0
10,228,13725,0,0,0.0,0.0,0.0,1000.0,0.01,1.0,budget_depleted,1000.0
10,229,13740,0,0,0.0,0.0,0.0,1000.0,0.01,1.0,budget_depleted,1000.0
10,229,13755,0,0,0.0,0.0,0.0,1000.0,0.01,1.0,budget_depleted,1000.0
10,229,13770,0,0,0.0,0.0,0.0,1000.0,0.01,1.0,budget_depleted,1000.0
10,229,13785,0,0,0.0,0.0,0.0,1000.0,0.01,1.0,budget_depleted,1000.0
10,230,13800,0,0,0.0,0.0,0.0,1000.0,0.01,1.0,budget_depleted,1000.0
10,230,13815,0,0,0.0,0.0,0.0,1000.0,0.01,1.0,budget_depleted,1000.0
10,230,13830,0,0,0.0,0.0,0.0,1000.0,0.01,1.0,budget_depleted,1000.0
10,230,13845,0,0,0.0,0.0,0.0,1000.0,0.01,1.0,budget_depleted,1000.0
10,231,13860,0,0,0.0,0.0,0.0,1000.0,0.01,1.0,budget_depleted,1000.0
10,231,13875,0,0,0.0,0.0,0.0,1000.0,0.01,1.0,budget_depleted,1000.0
10,231,13890,0,0,0.0,0.0,0.0,1000.0,0.01,1.0,budget_depleted,1000.0
10,231,13905,0,0,0.0,0.0,0.0,1000.0,0.01,1.0,budget_depleted,1000.0
10,232,13920,0,0,0.0,0.0,0.0,1000.0,4.2,1.0,budget_depleted,1000.0
10,232,13935,0,0,0.0,0.0,0.0,1000.0,4.2,1.0,budget_depleted,1000.0
10,232,13950,0,0,0.0,0.0,0.0,1000.0,4.2,1.0,budget_depleted,1000.0
10,232,13965,0,0,0.0,0.0,0.0,1000.0,4.2,1.0,budget_depleted,1000.0
10,233,13980,0,0,0.0,0.0,0.0,1000.0,4.2,1.0,budget_depleted,1000.0
10,233,13995,0,0,0.0,0.0,0.0,1000.0,4.2,1.0,budget_depleted,1000.0
10,233,14010,0,0,0.0,0.0,0.0,1000.0,4.2,1.0,budget_depleted,1000.0
10,233,14025,0,0,0.0,0.0,0.0,1000.0,4.2,1.0,budget_depleted,1000.0
10,234,14040,0,0,0.0,0.0,0.0,1000.0,4.2,1.0,budget_depleted,1000.0
10,234,14055,0,0,0.0,0.0,0.0,1000.0,4.2,1.0,budget_depleted,1000.0
10,234,14070,0,0,0.0,0.0,0.0,1000.0,4.2,1.0,budget_depleted,1000.0
10,234,14085,0,0,0.0,0.0,0.0,1000.0,4.2,1.0,budget_depleted,1000.0
10,235,14100,0,0,0.0,0.0,0.0,1000.0,4.2,1.0,budget_depleted,1000.0
10,235,14115,0,0,0.0,0.0,0.0,1000.0,4.2,1.0,budget_depleted,1000.0
10,235,14130,0,0,0.0,0.0,0.0,1000.0,4.2,1.0,budget_depleted,1000.0
10,235,14145,0,0,0.0,0.0,0.0,1000.0,4.2,1.0,budget_depleted,1000.0
10,236,14160,0,0,0.0,0.0,0.0,1000.0,4.2,1.0,budget_depleted,1000.0
10,236,14175,0,0,0.0,0.0,0.0,1000.0,4.2,1.0,budget_depleted,1000.0
10,236,14190,0,0,0.0,0.0,0.0,1000.0,4.2,1.0,budget_depleted,1000.0
10,236,14205,0,0,0.0,0.0,0.0,1000.0,4.2,1.0,budget_depleted,1000.0
10,237,14220,0,0,0.0,0.0,0.0,1000.0,4.2,1.0,budget_depleted,1000.0
10,237,14235,0,0,0.0,0.0,0.0,1000.0,4.2,1.0,budget_depleted,1000.0
10,237,14250,0,0,0.0,0.0,0.0,1000.0,4.2,1.0,budget_depleted,1000.0
10,237,14265,0,0,0.0,0.0,0.0,1000.0,4.2,1.0,budget_depleted,1000.0
10,238,14280,0,0,0.0,0.0,0.0,1000.0,4.2,1.0,budget_depleted,1000.0
10,238,14295,0,0,0.0,0.0,0.0,1000.0,4.2,1.0,budget_depleted,1000.0
10,238,14310,0,0,0.0,0.0,0.0,1000.0,4.2,1.0,budget_depleted,1000.0
10,238,14325,0,0,0.0,0.0,0.0,1000.0,4.2,1.0,budget_depleted,1000.0
10,239,14340,0,0,0.0,0.0,0.0,1000.0,4.2,1.0,budget_depleted,1000.0
10,239,14355,0,0,0.0,0.0,0.0,1000.0,4.2,1.0,budget_depleted,1000.0
10,239,14370,0,0,0.0,0.0,0.0,1000.0,4.2,1.0,budget_depleted,1000.0
10,239,14385,0,0,0.0,0.0,0.0,1000.0,4.2,1.0,budget_depleted,1000.0
11,240,14400,0,0,0.0,0.0,0.0,1000.0,0.01,1.0,normal,0.0
11,240,14415,0,0,0.0,0.0,0.01,1000.0,0.01,1.0,normal,0.0
11,240,14430,0,0,0.0,0.0,0.01,1000.0,0.01,1.0,normal,0.0
11,240,14445,0,0,0.0,0.0,0.01,1000.0,0.01,1.0,normal,0.0
11,241,14460,0,0,0.0,0.0,0.01,1000.0,0.01,1.0,normal,0.0
11,241,14475,0,0,0.0,0.0,0.01,1000.0,0.01,1.0,normal,0.0
11,241,14490,0,0,0.0,0.0,0.01,1000.0,0.01,1.0,normal,0.0
11,241,14505,0,0,0.0,0.0,0.01,1000.0,0.01,1.0,normal,0.0
11,242,14520,0,0,0.0,0.0,0.01,1000.0,0.01,1.0,normal,0.0
11,242,14535,0,0,0.0,0.0,0.01,1000.0,0.01,1.0,normal,0.0
11,242,14550,0,0,0.0,0.0,0.01,1000.0,0.01,1.0,normal,0.0
11,242,14565,0,0,0.0,0.0,0.01,1000.0,0.01,1.0,normal,0.0
11,243,14580,0,0,0.0,0.0,0.01,1000.0,0.01,1.0,normal,0.0
11,243,14595,0,0,0.0,0.0,0.01,1000.0,0.01,1.0,normal,0.0
11,243,14610,0,0,0.0,0.0,0.01,1000.0,0.01,1.0,normal,0.0
11,243,14625,0,0,0.0,0.0,0.01,1000.0,0.01,1.0,normal,0.0
11,244,14640,11,1,9.6912,9.6912,0.881,1000.0,4.2,1.0,normal,9.6912
11,244,14655,12,0,8.97,8.97,0.7475,1000.0,4.2,1.0,normal,18.6612
11,244,14670,10,0,15.1663,15.1663,1.5166,1000.0,4.2,1.0,normal,33.8275
11,244,14685,11,0,5.0602,5.0602,0.46,1000.0,4.2,1.0,normal,38.8877
11,245,14700,11,0,46.2,46.2,4.2,1000.0,4.2,1.0,normal,85.0877
11,245,14715,10,0,38.8348,38.8348,3.8835,1000.0,4.2,1.0,normal,123.9225
11,245,14730,10,0,42.0,42.0,4.2,1000.0,4.2,1.0,normal,165.9225
11,245,14745,4,0,10.7441,10.7441,2.686,1000.0,4.2,1.0,normal,176.6666
11,246,14760,8,0,14.9182,14.9182,1.8648,1000.0,4.2,1.0,normal,191.5848
11,246,14775,7,0,8.8513,8.8513,1.2645,1000.0,4.2,1.0,normal,200.4361
11,246,14790,8,0,9.0011,9.0011,1.1251,1000.0,4.2,1.0,normal,209.4372
11,246,14805,8,1,24.8084,24.8084,3.1011,1000.0,4.2,1.0,normal,234.2456
11,247,14820,12,0,9.9138,9.9138,0.8261,1000.0,4.2,1.0,normal,244.1594
11,247,14835,12,0,29.9311,29.9311,2.4943,1000.0,4.2,1.0,normal,274.0905
11,247,14850,12,1,43.0157,43.0157,3.5846,1000.0,4.2,1.0,normal,317.1062
11,247,14865,11,0,6.8117,6.8117,0.6192,1000.0,4.2,1.0,normal,323.9179
11,248,14880,14,0,16.348,16.348,1.1677,1000.0,4.2,1.0,normal,340.2659
11,248,14895,9,0,0.5966,0.5966,0.0663,1000.0,4.2,1.0,normal,340.8625
11,248,14910,5,0,6.4437,6.4437,1.2887,1000.0,4.2,1.0,normal,347.3062
11,248,14925,12,1,34.8143,34.8143,2.9012,1000.0,4.2,1.0,normal,382.1205
11,249,14940,13,0,12.3618,12.3618,0.9509,1000.0,4.2,1.0,normal,394.4823
11,249,14955,13,0,54.6,54.6,4.2,1000.0,4.2,1.0,normal,449.0823
11,249,14970,7,1,15.4491,15.4491,2.207,1000.0,4.2,1.0,normal,464.5314
11,249,14985,9,0,33.1369,33.1369,3.6819,1000.0,4.2,1.0,normal,497.6683
11,250,15000,10,0,12.8876,12.8876,1.2888,1000.0,4.2,1.0,normal,510.5559
11,250,15015,11,0,8.8867,8.8867,0.8079,1000.0,4.2,1.0,normal,519.4426
11,250,15030,11,0,46.2,46.2,4.2,1000.0,4.2,1.0,normal,565.6426
11,250,15045,12,0,31.5862,31.5862,2.6322,1000.0,4.2,1.0,normal,597.2288
11,251,15060,15,0,14.5848,14.5848,0.9723,1000.0,4.2,1.0,normal,611.8136
11,251,15075,15,0,22.268,22.268,1.4845,1000.0,4.2,1.0,normal,634.0816
11,251,15090,8,0,24.7292,24.7292,3.0912,1000.0,4.2,1.0,normal,658.8108
11,251,15105,6,0,6.0355,6.0355,1.0059,1000.0,4.2,1.0,normal,664.8463
11,252,15120,0,0,0.0,0.0,0.01,1000.0,0.01,1.0,normal,664.8463
11,252,15135,0,0,0.0,0.0,0.01,1000.0,0.01,1.0,normal,664.8463
11,252,15150,0,0,0.0,0.0,0.01,1000.0,0.01,1.0,normal,664.8463
11,252,15165,0,0,0.0,0.0,0.01,1000.0,0.01,1.0,normal,664.8463
11,253,15180,0,0,0.0,0.0,0.01,1000.0,0.01,1.0,normal,664.8463
11,253,15195,0,0,0.0,0.0,0.01,1000.0,0.01,1.0,normal,664.8463
11,253,15210,0,0,0.0,0.0,0.01,1000.0,0.01,1.0,normal,664.8463
11,253,15225,0,0,0.0,0.0,0.01,1000.0,0.01,1.0,normal,664.8463
11,254,15240,0,0,0.0,0.0,0.01,1000.0,0.01,1.0,normal,664.8463
11,254,15255,0,0,0.0,0.0,0.01,1000.0,0.01,1.0,normal,664.8463
11,254,15270,0,0,0.0,0.0,0.01,1000.0,0.01,1.0,normal,664.8463
11,254,15285,0,0,0.0,0.0,0.01,1000.0,0.01,1.0,normal,664.8463
11,255,15300,0,0,0.0,0.0,0.01,1000.0,0.01,1.0,normal,664.8463
11,255,15315,0,0,0.0,0.0,0.01,1000.0,0.01,1.0,normal,664.8463
11,255,15330,0,0,0.0,0.0,0.01,1000.0,0.01,1.0,normal,664.8463
11,255,15345,0,0,0.0,0.0,0.01,1000.0,0.01,1.0,normal,664.8463
11,256,15360,14,0,33.0453,33.0453,2.3604,1000.0,4.2,1.0,normal,697.8916
11,256,15375,12,0,50.4,50.4,4.2,1000.0,4.2,1.0,normal,748.2916
11,256,15390,5,0,3.7553,3.7553,0.7511,1000.0,4.2,1.0,normal,752.0469
11,256,15405,12,0,47.2582,47.2582,3.9382,1000.0,4.2,1.0,normal,799.3051
11,257,15420,12,1,50.4,50.4,4.2,1000.0,4.2,1.0,normal,849.7051
11,257,15435,15,0,63.0,63.0,4.2,1000.0,4.2,1.0,budget_constrained,912.7051
11,257,15450,14,0,37.2991,37.2991,2.6642,1000.0,4.2,1.0,budget_constrained,950.0042
11,257,15465,10,0,3.8612,3.8612,0.3861,1000.0,4.2,1.0,budget_constrained,953.8654
11,258,15480,9,0,32.738,32.738,3.6376,1000.0,4.2,1.0,budget_constrained,986.6034
11,258,15495,3,0,13.3966,13.3966,4.2,1000.0,4.2,1.0,budget_depleted,1000.0
11,258,15510,0,0,0.0,0.0,0.0,1000.0,4.2,1.0,budget_depleted,1000.0
11,258,15525,0,0,0.0,0.0,0.0,1000.0,4.2,1.0,budget_depleted,1000.0
11,259,15540,0,0,0.0,0.0,0.0,1000.0,4.2,1.0,budget_depleted,1000.0
11,259,15555,0,0,0.0,0.0,0.0,1000.0,4.2,1.0,budget_depleted,1000.0
11,259,15570,0,0,0.0,0.0,0.0,1000.0,4.2,1.0,budget_depleted,1000.0
11,259,15585,0,0,0.0,0.0,0.0,1000.0,4.2,1.0,budget_depleted,1000.0
11,260,15600,0,0,0.0,0.0,0.0,1000.0,4.2,1.0,budget_depleted,1000.0
11,260,15615,0,0,0.0,0.0,0.0,1000.0,4.2,1.0,budget_depleted,1000.0
11,260,15630,0,0,0.0,0.0,0.0,1000.0,4.2,1.0,budget_depleted,1000.0
11,260,15645,0,0,0.0,0.0,0.0,1000.0,4.2,1.0,budget_depleted,1000.0
11,261,15660,0,0,0.0,0.0,0.0,1000.0,4.2,1.0,budget_depleted,1000.0
11,261,15675,0,0,0.0,0.0,0.0,1000.0,4.2,1.0,budget_depleted,1000.0
11,261,15690,0,0,0.0,0.0,0.0,1000.0,4.2,1.0,budget_depleted,1000.0
11,261,15705,0,0,0.0,0.0,0.0,1000.0,4.2,1.0,budget_depleted,1000.0
11,262,15720,0,0,0.0,0.0,0.0,1000.0,4.2,1.0,budget_depleted,1000.0
11,262,15735,0,0,0.0,0.0,0.0,1000.0,4.2,1.0,budget_depleted,1000.0
11,262,15750,0,0,0.0,0.0,0.0,1000.0,4.2,1.0,budget_depleted,1000.0
11,262,15765,0,0,0.0,0.0,0.0,1000.0,4.2,1.0,budget_depleted,1000.0
11,263,15780,0,0,0.0,0.0,0.0,1000.0,4.2,1.0,budget_depleted,1000.0
11,263,15795,0,0,0.0,0.0,0.0,1000.0,4.2,1.0,budget_depleted,1000.0
11,263,15810,0,0,0.0,0.0,0.0,1000.0,4.2,1.0,budget_depleted,1000.0
11,263,15825,0,0,0.0,0.0,0.0,1000.0,4.2,1.0,budget_depleted,1000.0
12,264,15840,0,0,0.0,0.0,0.0,1000.0,4.2,1.0,normal,0.0
12,264,15855,15,1,29.0305,29.0305,1.9354,1000.0,4.2,1.0,normal,29.0305
12,264,15870,5,0,8.9198,8.9198,1.784,1000.0,4.2,1.0,normal,37.9503
12,264,15885,14,0,27.4575,27.4575,1.9612,1000.0,4.2,1.0,normal,65.4078
12,265,15900,5,0,16.9327,16.9327,3.3865,1000.0,3.44,1.0,normal,82.3405
12,265,15915,6,0,20.64,20.64,3.44,1000.0,3.44,1.0,normal,102.9805
12,265,15930,9,0,8.885,8.885,0.9872,1000.0,3.44,1.0,normal,111.8655
12,265,15945,8,0,23.304,23.304,2.913,1000.0,3.44,1.0,normal,135.1695
12,266,15960,7,0,18.5868,18.5868,2.6553,1000.0,2.82,1.0,normal,153.7563
12,266,15975,6,1,16.92,16.92,2.82,1000.0,2.82,1.0,normal,170.6763
12,266,15990,9,1,17.5899,17.5899,1.9544,1000.0,2.82,1.0,normal,188.2662
12,266,16005,10,1,19.4767,19.4767,1.9477,1000.0,2.82,1.0,normal,207.7429
12,267,16020,3,0,3.78,3.78,1.26,1000.0,1.26,1.0,normal,211.5229
12,267,16035,2,0,0.7981,0.7981,0.399,1000.0,1.26,1.0,normal,212.321
12,267,16050,4,0,5.04,5.04,1.26,1000.0,1.26,1.0,normal,217.361
12,267,16065,1,0,1.26,1.26,1.26,1000.0,1.26,1.0,normal,218.621
12,268,16080,4,0,5.04,5.04,1.26,1000.0,1.26,1.0,normal,223.661
12,268,16095,6,0,7.56,7.56,1.26,1000.0,1.26,1.0,normal,231.221
12,268,16110,4,0,5.04,5.04,1.26,1000.0,1.26,1.0,normal,236.261
12,268,16125,2,0,1.5127,1.5127,0.7564,1000.0,1.26,1.0,normal,237.7737
12,269,16140,7,0,2.3529,2.3529,0.3361,1000.0,1.18,1.0,normal,240.1266
12,269,16155,1,0,1.18,1.18,1.18,1000.0,1.18,1.0,normal,241.3066
12,269,16170,2,0,0.4886,0.4886,0.2443,1000.0,1.18,1.0,normal,241.7952
12,269,16185,4,0,4.5432,4.5432,1.1358,1000.0,1.18,1.0,normal,246.3384
12,270,16200,1,0,0.5516,0.5516,0.5516,1000.0,1.09,1.0,normal,246.89
12,270,16215,2,0,2.18,2.18,1.09,1000.0,1.09,1.0,normal,249.07
12,270,16230,1,0,0.1353,0.1353,0.1353,1000.0,1.09,1.0,normal,249.2053
12,270,16245,2,0,2.18,2.18,1.09,1000.0,1.09,1.0,normal,251.3853
12,271,16260,7,0,7.07,7.07,1.01,1000.0,1.01,1.0,normal,258.4553
12,271,16275,2,0,1.8217,1.8217,0.9109,1000.0,1.01,1.0,normal,260.277
12,271,16290,5,0,0.5109,0.5109,0.1022,1000.0,1.01,1.0,normal,260.7879
12,271,16305,5,0,5.05,5.05,1.01,1000.0,1.01,1.0,normal,265.8379
12,272,16320,3,0,3.03,3.03,1.01,1000.0,1.01,1.0,normal,268.8679
12,272,16335,2,0,2.02,2.02,1.01,1000.0,1.01,1.0,normal,270.8879
12,272,16350,3,0,3.03,3.03,1.01,1000.0,1.01,1.0,normal,273.9179
12,272,16365,5,0,3.9813,3.9813,0.7963,1000.0,1.01,1.0,normal,277.8992
12,273,16380,0,0,0.0,0.0,0.94,1000.0,0.94,1.0,normal,277.8992
12,273,16395,0,0,0.0,0.0,0.94,1000.0,0.94,1.0,normal,277.8992
12,273,16410,2,0,0.1047,0.1047,0.0523,1000.0,0.94,1.0,normal,278.0039
12,273,16425,2,0,0.5199,0.5199,0.2599,1000.0,0.94,1.0,normal,278.5238
12,274,16440,1,1,0.88,0.88,0.88,1000.0,0.88,1.0,normal,279.4038
12,274,16455,0,0,0.0,0.0,0.88,1000.0,0.88,1.0,normal,279.4038
12,274,16470,7,0,6.16,6.16,0.88,1000.0,0.88,1.0,normal,285.5638
12,274,16485,0,0,0.0,0.0,0.88,1000.0,0.88,1.0,normal,285.5638
12,275,16500,0,0,0.0,0.0,0.5848,1000.0,0.81,1.0,normal,285.5638
12,275,16515,5,0,4.05,4.05,0.81,1000.0,0.81,1.0,normal,289.6138
12,275,16530,5,0,1.7407,1.7407,0.3481,1000.0,0.81,1.0,normal,291.3545
12,275,16545,1,0,0.81,0.81,0.81,1000.0,0.81,1.0,normal,292.1645
12,276,16560,6,0,4.86,4.86,0.81,1000.0,0.81,1.0,normal,297.0245
12,276,16575,5,0,4.05,4.05,0.81,1000.0,0.81,1.0,normal,301.0745
12,276,16590,4,0,3.24,3.24,0.81,1000.0,0.81,1.0,normal,304.3145
12,276,16605,0,0,0.0,0.0,0.2934,1000.0,0.81,1.0,normal,304.3145
12,277,16620,1,0,0.79,0.79,0.79,1000.0,0.79,1.0,normal,305.1045
12,277,16635,1,0,0.3977,0.3977,0.3977,1000.0,0.79,1.0,normal,305.5022
12,277,16650,1,0,0.6028,0.6028,0.6028,1000.0,0.79,1.0,normal,306.105
12,277,16665,2,0,1.58,1.58,0.79,1000.0,0.79,1.0,normal,307.685
12,278,16680,3,0,1.0746,1.0746,0.3582,1000.0,0.77,1.0,normal,308.7596
12,278,16695,2,0,1.54,1.54,0.77,1000.0,0.77,1.0,normal,310.2996
12,278,16710,1,0,0.4981,0.4981,0.4981,1000.0,0.77,1.0,normal,310.7977
12,278,16725,2,0,1.54,1.54,0.77,1000.0,0.77,1.0,normal,312.3377
12,279,16740,5,0,3.75,3.75,0.75,1000.0,0.75,1.0,normal,316.0877
12,279,16755,0,0,0.0,0.0,0.75,1000.0,0.75,1.0,normal,316.0877
12,279,16770,1,0,0.75,0.75,0.75,1000.0,0.75,1.0,normal,316.8377
12,279,16785,2,0,1.5,1.5,0.75,1000.0,0.75,1.0,normal,318.3377
12,280,16800,1,0,0.75,0.75,0.75,1000.0,0.75,1.0,normal,319.0877
12,280,16815,3,0,2.25,2.25,0.75,1000.0,0.75,1.0,normal,321.3377
12,280,16830,0,0,0.0,0.0,0.0726,1000.0,0.75,1.0,normal,321.3377
12,280,16845,3,0,2.25,2.25,0.75,1000.0,0.75,1.0,normal,323.5877
12,281,16860,1,0,0.73,0.73,0.73,1000.0,0.73,1.0,normal,324.3177
12,281,16875,5,0,3.65,3.65,0.73,1000.0,0.73,1.0,normal,327.9677
12,281,16890,2,0,1.3693,1.3693,0.6847,1000.0,0.73,1.0,normal,329.337
12,281,16905,2,0,1.46,1.46,0.73,1000.0,0.73,1.0,normal,330.797
12,282,16920,2,0,1.42,1.42,0.71,1000.0,0.71,1.0,normal,332.217
12,282,16935,3,0,2.13,2.13,0.71,1000.0,0.71,1.0,normal,334.347
12,282,16950,1,0,0.71,0.71,0.71,1000.0,0.71,1.0,normal,335.057
12,282,16965,2,0,0.6943,0.6943,0.3471,1000.0,0.71,1.0,normal,335.7513
12,283,16980,0,0,0.0,0.0,0.69,1000.0,0.69,1.0,normal,335.7513
12,283,16995,4,0,2.76,2.76,0.69,1000.0,0.69,1.0,normal,338.5113
12,283,17010,1,0,0.69,0.69,0.69,1000.0,0.69,1.0,normal,339.2013
12,283,17025,2,0,1.34,1.34,0.67,1000.0,0.69,1.0,normal,340.5413
12,284,17040,1,0,0.75,0.75,0.75,1000.0,0.75,1.0,normal,341.2913
12,284,17055,3,0,2.25,2.25,0.75,1000.0,0.75,1.0,normal,343.5413
12,284,17070,3,0,0.4686,0.4686,0.1562,1000.0,0.75,1.0,normal,344.0099
12,284,17085,2,0,1.5,1.5,0.75,1000.0,0.75,1.0,normal,345.5099
12,285,17100,3,0,2.19,2.19,0.73,1000.0,0.73,1.0,normal,347.6999
12,285,17115,4,0,2.92,2.92,0.73,1000.0,0.73,1.0,normal,350.6199
12,285,17130,1,0,0.73,0.73,0.73,1000.0,0.73,1.0,normal,351.3499
12,285,17145,4,0,2.92,2.92,0.73,1000.0,0.73,1.0,normal,354.2699
12,286,17160,0,0,0.0,0.0,0.5868,1000.0,0.71,1.0,normal,354.2699
12,286,17175,1,0,0.71,0.71,0.71,1000.0,0.71,1.0,normal,354.9799
12,286,17190,1,0,0.71,0.71,0.71,1000.0,0.71,1.0,normal,355.6899
12,286,17205,1,0,0.71,0.71,0.71,1000.0,0.71,1.0,normal,356.3999
12,287,17220,3,0,2.07,2.07,0.69,1000.0,0.69,1.0,normal,358.4699
12,287,17235,1,0,0.69,0.69,0.69,1000.0,0.69,1.0,normal,359.1599
12,287,17250,2,0,1.38,1.38,0.69,1000.0,0.69,1.0,normal,360.5399
12,287,17265,1,0,0.69,0.69,0.69,1000.0,0.69,1.0,normal,361.2299
13,288,17280,2,0,0.5723,0.5723,0.2861,1000.0,0.69,0.0,normal,0.5723
13,288,17295,2,0,0.3965,0.3965,0.1983,1000.0,0.69,0.0,normal,0.9688
13,288,17310,0,0,0.0,0.0,0.69,1000.0,0.69,0.0,normal,0.9688
13,288,17325,2,0,1.38,1.38,0.69,1000.0,0.69,0.0,normal,2.3488
13,289,17340,0,0,0.0,0.0,0.01,1000.0,0.01,0.0,normal,2.3488
13,289,17355,0,0,0.0,0.0,0.01,1000.0,0.01,0.0,normal,2.3488
13,289,17370,0,0,0.0,0.0,0.01,1000.0,0.01,0.0,normal,2.3488
13,289,17385,0,0,0.0,0.0,0.01,1000.0,0.01,0.0,normal,2.3488
13,290,17400,0,0,0.0,0.0,0.01,1000.0,0.01,0.0,normal,2.3488
13,290,17415,0,0,0.0,0.0,0.01,1000.0,0.01,0.0,normal,2.3488
13,290,17430,0,0,0.0,0.0,0.01,1000.0,0.01,0.0,normal,2.3488
13,290,17445,0,0,0.0,0.0,0.01,1000.0,0.01,0.0,normal,2.3488
13,291,17460,0,0,0.0,0.0,0.01,1000.0,0.01,0.0,normal,2.3488
13,291,17475,0,0,0.0,0.0,0.01,1000.0,0.01,0.0,normal,2.3488
13,291,17490,0,0,0.0,0.0,0.01,1000.0,0.01,0.0,normal,2.3488
13,291,17505,0,0,0.0,0.0,0.01,1000.0,0.01,0.0,normal,2.3488
13,292,17520,0,0,0.0,0.0,0.01,1000.0,0.01,0.0,normal,2.3488
13,292,17535,0,0,0.0,0.0,0.01,1000.0,0.01,0.0,normal,2.3488
13,292,17550,0,0,0.0,0.0,0.01,1000.0,0.01,0.0,normal,2.3488
13,292,17565,0,0,0.0,0.0,0.01,1000.0,0.01,0.0,normal,2.3488
13,293,17580,0,0,0.0,0.0,0.01,1000.0,0.01,0.0,normal,2.3488
13,293,17595,0,0,0.0,0.0,0.01,1000.0,0.01,0.0,normal,2.3488
13,293,17610,1,0,0.01,0.01,0.01,1000.0,0.01,0.0,normal,2.3588
13,293,17625,0,0,0.0,0.0,0.01,1000.0,0.01,0.0,normal,2.3588
13,294,17640,0,0,0.0,0.0,0.01,1000.0,0.01,0.0,normal,2.3588
13,294,17655,0,0,0.0,0.0,0.01,1000.0,0.01,0.0,normal,2.3588
13,294,17670,0,0,0.0,0.0,0.01,1000.0,0.01,0.0,normal,2.3588
13,294,17685,0,0,0.0,0.0,0.01,1000.0,0.01,0.0,normal,2.3588
13,295,17700,0,0,0.0,0.0,0.01,1000.0,0.01,0.0,normal,2.3588
13,295,17715,0,0,0.0,0.0,0.01,1000.0,0.01,0.0,normal,2.3588
13,295,17730,0,0,0.0,0.0,0.01,1000.0,0.01,0.0,normal,2.3588
13,295,17745,0,0,0.0,0.0,0.01,1000.0,0.01,0.0,normal,2.3588
13,296,17760,0,0,0.0,0.0,0.01,1000.0,0.01,0.0,normal,2.3588
13,296,17775,0,0,0.0,0.0,0.01,1000.0,0.01,0.0,normal,2.3588
13,296,17790,0,0,0.0,0.0,0.01,1000.0,0.01,0.0,normal,2.3588
13,296,17805,0,0,0.0,0.0,0.01,1000.0,0.01,0.0,normal,2.3588
13,297,17820,0,0,0.0,0.0,0.01,1000.0,0.01,0.0,normal,2.3588
13,297,17835,0,0,0.0,0.0,0.01,1000.0,0.01,0.0,normal,2.3588
13,297,17850,0,0,0.0,0.0,0.01,1000.0,0.01,0.0,normal,2.3588
13,297,17865,0,0,0.0,0.0,0.01,1000.0,0.01,0.0,normal,2.3588
13,298,17880,0,0,0.0,0.0,0.01,1000.0,0.01,0.0,normal,2.3588
13,298,17895,0,0,0.0,0.0,0.01,1000.0,0.01,0.0,normal,2.3588
13,298,17910,0,0,0.0,0.0,0.01,1000.0,0.01,0.0,normal,2.3588
13,298,17925,0,0,0.0,0.0,0.01,1000.0,0.01,0.0,normal,2.3588
13,299,17940,0,0,0.0,0.0,0.01,1000.0,0.01,0.0,normal,2.3588
13,299,17955,0,0,0.0,0.0,0.01,1000.0,0.01,0.0,normal,2.3588
13,299,17970,0,0,0.0,0.0,0.01,1000.0,0.01,0.0,normal,2.3588
13,299,17985,0,0,0.0,0.0,0.01,1000.0,0.01,0.0,normal,2.3588
13,300,18000,0,0,0.0,0.0,0.01,1000.0,0.01,0.0,normal,2.3588
13,300,18015,0,0,0.0,0.0,0.01,1000.0,0.01,0.0,normal,2.3588
13,300,18030,0,0,0.0,0.0,0.01,1000.0,0.01,0.0,normal,2.3588
13,300,18045,0,0,0.0,0.0,0.01,1000.0,0.01,0.0,normal,2.3588
13,301,18060,0,0,0.0,0.0,0.01,1000.0,0.01,0.0,normal,2.3588
13,301,18075,0,0,0.0,0.0,0.01,1000.0,0.01,0.0,normal,2.3588
13,301,18090,0,0,0.0,0.0,0.01,1000.0,0.01,0.0,normal,2.3588
13,301,18105,0,0,0.0,0.0,0.01,1000.0,0.01,0.0,normal,2.3588
13,302,18120,0,0,0.0,0.0,0.01,1000.0,0.01,0.0,normal,2.3588
13,302,18135,0,0,0.0,0.0,0.01,1000.0,0.01,0.0,normal,2.3588
13,302,18150,0,0,0.0,0.0,0.01,1000.0,0.01,0.0,normal,2.3588
13,302,18165,0,0,0.0,0.0,0.01,1000.0,0.01,0.0,normal,2.3588
13,303,18180,0,0,0.0,0.0,0.01,1000.0,0.01,0.0,normal,2.3588
13,303,18195,0,0,0.0,0.0,0.01,1000.0,0.01,0.0,normal,2.3588
13,303,18210,0,0,0.0,0.0,0.01,1000.0,0.01,0.0,normal,2.3588
13,303,18225,0,0,0.0,0.0,0.01,1000.0,0.01,0.0,normal,2.3588
13,304,18240,0,0,0.0,0.0,0.01,1000.0,0.01,0.0,normal,2.3588
13,304,18255,0,0,0.0,0.0,0.01,1000.0,0.01,0.0,normal,2.3588
13,304,18270,0,0,0.0,0.0,0.01,1000.0,0.01,0.0,normal,2.3588
13,304,18285,0,0,0.0,0.0,0.01,1000.0,0.01,0.0,normal,2.3588
13,305,18300,0,0,0.0,0.0,0.01,1000.0,0.01,0.0,normal,2.3588
13,305,18315,0,0,0.0,0.0,0.01,1000.0,0.01,0.0,normal,2.3588
13,305,18330,0,0,0.0,0.0,0.01,1000.0,0.01,0.0,normal,2.3588
13,305,18345,0,0,0.0,0.0,0.01,1000.0,0.01,0.0,normal,2.3588
13,306,18360,0,0,0.0,0.0,0.01,1000.0,0.01,0.0,normal,2.3588
13,306,18375,0,0,0.0,0.0,0.01,1000.0,0.01,0.0,normal,2.3588
13,306,18390,0,0,0.0,0.0,0.01,1000.0,0.01,0.0,normal,2.3588
13,306,18405,0,0,0.0,0.0,0.01,1000.0,0.01,0.0,normal,2.3588
13,307,18420,0,0,0.0,0.0,0.01,1000.0,0.01,0.0,normal,2.3588
13,307,18435,0,0,0.0,0.0,0.01,1000.0,0.01,0.0,normal,2.3588
13,307,18450,0,0,0.0,0.0,0.01,1000.0,0.01,0.0,normal,2.3588
13,307,18465,0,0,0.0,0.0,0.01,1000.0,0.01,0.0,normal,2.3588
13,308,18480,0,0,0.0,0.0,0.01,1000.0,0.01,0.0,normal,2.3588
13,308,18495,0,0,0.0,0.0,0.01,1000.0,0.01,0.0,normal,2.3588
13,308,18510,0,0,0.0,0.0,0.01,1000.0,0.01,0.0,normal,2.3588
13,308,18525,0,0,0.0,0.0,0.01,1000.0,0.01,0.0,normal,2.3588
13,309,18540,0,0,0.0,0.0,0.01,1000.0,0.01,0.0,normal,2.3588
13,309,18555,0,0,0.0,0.0,0.01,1000.0,0.01,0.0,normal,2.3588
13,309,18570,0,0,0.0,0.0,0.01,1000.0,0.01,0.0,normal,2.3588
13,309,18585,0,0,0.0,0.0,0.01,1000.0,0.01,0.0,normal,2.3588
13,310,18600,0,0,0.0,0.0,0.01,1000.0,0.01,0.0,normal,2.3588
13,310,18615,0,0,0.0,0.0,0.01,1000.0,0.01,0.0,normal,2.3588
13,310,18630,0,0,0.0,0.0,0.01,1000.0,0.01,0.0,normal,2.3588
13,310,18645,0,0,0.0,0.0,0.01,1000.0,0.01,0.0,normal,2.3588
13,311,18660,0,0,0.0,0.0,0.01,1000.0,0.01,0.0,normal,2.3588
13,311,18675,0,0,0.0,0.0,0.01,1000.0,0.01,0.0,normal,2.3588
13,311,18690,0,0,0.0,0.0,0.01,1000.0,0.01,0.0,normal,2.3588
13,311,18705,1,0,0.01,0.01,0.01,1000.0,0.01,0.0,normal,2.3688
14,312,18720,0,0,0.0,0.0,0.01,1000.0,0.01,0.0,normal,0.0
14,312,18735,0,0,0.0,0.0,0.01,1000.0,0.01,0.0,normal,0.0
14,312,18750,0,0,0.0,0.0,0.01,1000.0,0.01,0.0,normal,0.0
14,312,18765,0,0,0.0,0.0,0.01,1000.0,0.01,0.0,normal,0.0
14,313,18780,0,0,0.0,0.0,0.01,1000.0,0.01,0.0,normal,0.0
14,313,18795,0,0,0.0,0.0,0.01,1000.0,0.01,0.0,normal,0.0
14,313,18810,0,0,0.0,0.0,0.01,1000.0,0.01,0.0,normal,0.0
14,313,18825,0,0,0.0,0.0,0.01,1000.0,0.01,0.0,normal,0.0
14,314,18840,0,0,0.0,0.0,0.01,1000.0,0.01,0.0,normal,0.0
14,314,18855,0,0,0.0,0.0,0.01,1000.0,0.01,0.0,normal,0.0
14,314,18870,0,0,0.0,0.0,0.01,1000.0,0.01,0.0,normal,0.0
14,314,18885,0,0,0.0,0.0,0.01,1000.0,0.01,0.0,normal,0.0
14,315,18900,0,0,0.0,0.0,0.01,1000.0,0.01,0.0,normal,0.0
14,315,18915,1,0,0.01,0.01,0.01,1000.0,0.01,0.0,normal,0.01
14,315,18930,0,0,0.0,0.0,0.01,1000.0,0.01,0.0,normal,0.01
14,315,18945,0,0,0.0,0.0,0.01,1000.0,0.01,0.0,normal,0.01
14,316,18960,0,0,0.0,0.0,0.01,1000.0,0.01,0.0,normal,0.01
14,316,18975,0,0,0.0,0.0,0.01,1000.0,0.01,0.0,normal,0.01
14,316,18990,0,0,0.0,0.0,0.01,1000.0,0.01,0.0,normal,0.01
14,316,19005,0,0,0.0,0.0,0.01,1000.0,0.01,0.0,normal,0.01
14,317,19020,0,0,0.0,0.0,0.01,1000.0,0.01,0.0,normal,0.01
14,317,19035,0,0,0.0,0.0,0.01,1000.0,0.01,0.0,normal,0.01
14,317,19050,0,0,0.0,0.0,0.01,1000.0,0.01,0.0,normal,0.01
14,317,19065,0,0,0.0,0.0,0.01,1000.0,0.01,0.0,normal,0.01
14,318,19080,0,0,0.0,0.0,0.01,1000.0,0.01,0.0,normal,0.01
14,318,19095,0,0,0.0,0.0,0.01,1000.0,0.01,0.0,normal,0.01
14,318,19110,0,0,0.0,0.0,0.01,1000.0,0.01,0.0,normal,0.01
14,318,19125,0,0,0.0,0.0,0.01,1000.0,0.01,0.0,normal,0.01
14,319,19140,0,0,0.0,0.0,0.01,1000.0,0.01,0.0,normal,0.01
14,319,19155,0,0,0.0,0.0,0.01,1000.0,0.01,0.0,normal,0.01
14,319,19170,0,0,0.0,0.0,0.01,1000.0,0.01,0.0,normal,0.01
14,319,19185,0,0,0.0,0.0,0.01,1000.0,0.01,0.0,normal,0.01
14,320,19200,0,0,0.0,0.0,0.01,1000.0,0.01,0.0,normal,0.01
14,320,19215,0,0,0.0,0.0,0.01,1000.0,0.01,0.0,normal,0.01
14,320,19230,0,0,0.0,0.0,0.01,1000.0,0.01,0.0,normal,0.01
14,320,19245,0,0,0.0,0.0,0.01,1000.0,0.01,0.0,normal,0.01
14,321,19260,0,0,0.0,0.0,0.01,1000.0,0.01,0.0,normal,0.01
14,321,19275,0,0,0.0,0.0,0.01,1000.0,0.01,0.0,normal,0.01
14,321,19290,0,0,0.0,0.0,0.01,1000.0,0.01,0.0,normal,0.01
14,321,19305,0,0,0.0,0.0,0.01,1000.0,0.01,0.0,normal,0.01
14,322,19320,0,0,0.0,0.0,0.01,1000.0,0.01,0.0,normal,0.01
14,322,19335,0,0,0.0,0.0,0.01,1000.0,0.01,0.0,normal,0.01
14,322,19350,0,0,0.0,0.0,0.01,1000.0,0.01,0.0,normal,0.01
14,322,19365,0,0,0.0,0.0,0.01,1000.0,0.01,0.0,normal,0.01
14,323,19380,0,0,0.0,0.0,0.01,1000.0,0.01,0.0,normal,0.01
14,323,19395,0,0,0.0,0.0,0.01,1000.0,0.01,0.0,normal,0.01
14,323,19410,0,0,0.0,0.0,0.01,1000.0,0.01,0.0,normal,0.01
14,323,19425,0,0,0.0,0.0,0.01,1000.0,0.01,0.0,normal,0.01
14,324,19440,1,0,0.01,0.01,0.01,1000.0,0.01,0.0,normal,0.02
14,324,19455,0,0,0.0,0.0,0.01,1000.0,0.01,0.0,normal,0.02
14,324,19470,0,0,0.0,0.0,0.01,1000.0,0.01,0.0,normal,0.02
14,324,19485,0,0,0.0,0.0,0.01,1000.0,0.01,0.0,normal,0.02
14,325,19500,0,0,0.0,0.0,0.01,1000.0,0.01,0.0,normal,0.02
14,325,19515,0,0,0.0,0.0,0.01,1000.0,0.01,0.0,normal,0.02
14,325,19530,0,0,0.0,0.0,0.01,1000.0,0.01,0.0,normal,0.02
14,325,19545,0,0,0.0,0.0,0.01,1000.0,0.01,0.0,normal,0.02
14,326,19560,0,0,0.0,0.0,0.01,1000.0,0.01,0.0,normal,0.02
14,326,19575,0,0,0.0,0.0,0.01,1000.0,0.01,0.0,normal,0.02
14,326,19590,0,0,0.0,0.0,0.01,1000.0,0.01,0.0,normal,0.02
14,326,19605,0,0,0.0,0.0,0.01,1000.0,0.01,0.0,normal,0.02
14,327,19620,0,0,0.0,0.0,0.01,1000.0,0.01,0.0,normal,0.02
14,327,19635,0,0,0.0,0.0,0.01,1000.0,0.01,0.0,normal,0.02
14,327,19650,0,0,0.0,0.0,0.01,1000.0,0.01,0.0,normal,0.02
14,327,19665,0,0,0.0,0.0,0.01,1000.0,0.01,0.0,normal,0.02
14,328,19680,0,0,0.0,0.0,0.01,1000.0,0.01,0.0,normal,0.02
14,328,19695,0,0,0.0,0.0,0.01,1000.0,0.01,0.0,normal,0.02
14,328,19710,1,0,0.01,0.01,0.01,1000.0,0.01,0.0,normal,0.03
14,328,19725,0,0,0.0,0.0,0.01,1000.0,0.01,0.0,normal,0.03
14,329,19740,0,0,0.0,0.0,0.01,1000.0,0.01,0.0,normal,0.03
14,329,19755,0,0,0.0,0.0,0.01,1000.0,0.01,0.0,normal,0.03
14,329,19770,0,0,0.0,0.0,0.01,1000.0,0.01,0.0,normal,0.03
14,329,19785,0,0,0.0,0.0,0.01,1000.0,0.01,0.0,normal,0.03
14,330,19800,0,0,0.0,0.0,0.01,1000.0,0.01,0.0,normal,0.03
14,330,19815,0,0,0.0,0.0,0.01,1000.0,0.01,0.0,normal,0.03
14,330,19830,0,0,0.0,0.0,0.01,1000.0,0.01,0.0,normal,0.03
14,330,19845,0,0,0.0,0.0,0.01,1000.0,0.01,0.0,normal,0.03
14,331,19860,0,0,0.0,0.0,0.01,1000.0,0.01,0.0,normal,0.03
14,331,19875,0,0,0.0,0.0,0.01,1000.0,0.01,0.0,normal,0.03
14,331,19890,0,0,0.0,0.0,0.01,1000.0,0.01,0.0,normal,0.03
14,331,19905,0,0,0.0,0.0,0.01,1000.0,0.01,0.0,normal,0.03
14,332,19920,0,0,0.0,0.0,0.01,1000.0,0.01,0.0,normal,0.03
14,332,19935,0,0,0.0,0.0,0.01,1000.0,0.01,0.0,normal,0.03
14,332,19950,0,0,0.0,0.0,0.01,1000.0,0.01,0.0,normal,0.03
14,332,19965,0,0,0.0,0.0,0.01,1000.0,0.01,0.0,normal,0.03
14,333,19980,0,0,0.0,0.0,0.01,1000.0,0.01,0.0,normal,0.03
14,333,19995,0,0,0.0,0.0,0.01,1000.0,0.01,0.0,normal,0.03
14,333,20010,0,0,0.0,0.0,0.01,1000.0,0.01,0.0,normal,0.03
14,333,20025,0,0,0.0,0.0,0.01,1000.0,0.01,0.0,normal,0.03
14,334,20040,0,0,0.0,0.0,0.01,1000.0,0.01,0.0,normal,0.03
14,334,20055,0,0,0.0,0.0,0.01,1000.0,0.01,0.0,normal,0.03
14,334,20070,0,0,0.0,0.0,0.01,1000.0,0.01,0.0,normal,0.03
14,334,20085,0,0,0.0,0.0,0.01,1000.0,0.01,0.0,normal,0.03
14,335,20100,0,0,0.0,0.0,0.01,1000.0,0.01,0.0,normal,0.03
14,335,20115,0,0,0.0,0.0,0.01,1000.0,0.01,0.0,normal,0.03
14,335,20130,0,0,0.0,0.0,0.01,1000.0,0.01,0.0,normal,0.03
14,335,20145,0,0,0.0,0.0,0.01,1000.0,0.01,0.0,normal,0.03
15,336,20160,0,0,0.0,0.0,0.01,1000.0,0.01,0.0,normal,0.0
15,336,20175,0,0,0.0,0.0,0.01,1000.0,0.01,0.0,normal,0.0
15,336,20190,0,0,0.0,0.0,0.01,1000.0,0.01,0.0,normal,0.0
15,336,20205,0,0,0.0,0.0,0.01,1000.0,0.01,0.0,normal,0.0
15,337,20220,0,0,0.0,0.0,0.01,1000.0,0.01,0.0,normal,0.0
15,337,20235,0,0,0.0,0.0,0.01,1000.0,0.01,0.0,normal,0.0
15,337,20250,0,0,0.0,0.0,0.01,1000.0,0.01,0.0,normal,0.0
15,337,20265,1,0,0.01,0.01,0.01,1000.0,0.01,0.0,normal,0.01
15,338,20280,0,0,0.0,0.0,0.01,1000.0,0.01,0.0,normal,0.01
15,338,20295,0,0,0.0,0.0,0.01,1000.0,0.01,0.0,normal,0.01
15,338,20310,0,0,0.0,0.0,0.01,1000.0,0.01,0.0,normal,0.01
15,338,20325,0,0,0.0,0.0,0.01,1000.0,0.01,0.0,normal,0.01
15,339,20340,0,0,0.0,0.0,0.01,1000.0,0.01,0.0,normal,0.01
15,339,20355,0,0,0.0,0.0,0.01,1000.0,0.01,0.0,normal,0.01
15,339,20370,0,0,0.0,0.0,0.01,1000.0,0.01,0.0,normal,0.01
15,339,20385,1,0,0.01,0.01,0.01,1000.0,0.01,0.0,normal,0.02
15,340,20400,0,0,0.0,0.0,0.01,1000.0,0.01,0.0,normal,0.02
15,340,20415,0,0,0.0,0.0,0.01,1000.0,0.01,0.0,normal,0.02
15,340,20430,0,0,0.0,0.0,0.01,1000.0,0.01,0.0,normal,0.02
15,340,20445,0,0,0.0,0.0,0.01,1000.0,0.01,0.0,normal,0.02
15,341,20460,0,0,0.0,0.0,0.01,1000.0,0.01,0.0,normal,0.02
15,341,20475,0,0,0.0,0.0,0.01,1000.0,0.01,0.0,normal,0.02
15,341,20490,0,0,0.0,0.0,0.01,1000.0,0.01,0.0,normal,0.02
15,341,20505,0,0,0.0,0.0,0.01,1000.0,0.01,0.0,normal,0.02
15,342,20520,0,0,0.0,0.0,0.01,1000.0,0.01,0.0,normal,0.02
15,342,20535,0,0,0.0,0.0,0.01,1000.0,0.01,0.0,normal,0.02
15,342,20550,0,0,0.0,0.0,0.01,1000.0,0.01,0.0,normal,0.02
15,342,20565,0,0,0.0,0.0,0.01,1000.0,0.01,0.0,normal,0.02
15,343,20580,0,0,0.0,0.0,0.01,1000.0,0.01,0.0,normal,0.02
15,343,20595,0,0,0.0,0.0,0.01,1000.0,0.01,0.0,normal,0.02
15,343,20610,0,0,0.0,0.0,0.01,1000.0,0.01,0.0,normal,0.02
15,343,20625,0,0,0.0,0.0,0.01,1000.0,0.01,0.0,normal,0.02
15,344,20640,0,0,0.0,0.0,0.01,1000.0,0.01,0.0,normal,0.02
15,344,20655,0,0,0.0,0.0,0.01,1000.0,0.01,0.0,normal,0.02
15,344,20670,0,0,0.0,0.0,0.01,1000.0,0.01,0.0,normal,0.02
15,344,20685,0,0,0.0,0.0,0.01,1000.0,0.01,0.0,normal,0.02
15,345,20700,0,0,0.0,0.0,0.01,1000.0,0.01,0.0,normal,0.02
15,345,20715,0,0,0.0,0.0,0.01,1000.0,0.01,0.0,normal,0.02
15,345,20730,0,0,0.0,0.0,0.01,1000.0,0.01,0.0,normal,0.02
15,345,20745,0,0,0.0,0.0,0.01,1000.0,0.01,0.0,normal,0.02
15,346,20760,0,0,0.0,0.0,0.01,1000.0,0.01,0.0,normal,0.02
15,346,20775,0,0,0.0,0.0,0.01,1000.0,0.01,0.0,normal,0.02
15,346,20790,0,0,0.0,0.0,0.01,1000.0,0.01,0.0,normal,0.02
15,346,20805,0,0,0.0,0.0,0.01,1000.0,0.01,0.0,normal,0.02
15,347,20820,0,0,0.0,0.0,0.01,1000.0,0.01,0.0,normal,0.02
15,347,20835,0,0,0.0,0.0,0.01,1000.0,0.01,0.0,normal,0.02
15,347,20850,0,0,0.0,0.0,0.01,1000.0,0.01,0.0,normal,0.02
15,347,20865,0,0,0.0,0.0,0.01,1000.0,0.01,0.0,normal,0.02
15,348,20880,0,0,0.0,0.0,0.01,1000.0,0.01,0.0,normal,0.02
15,348,20895,0,0,0.0,0.0,0.01,1000.0,0.01,0.0,normal,0.02
15,348,20910,0,0,0.0,0.0,0.01,1000.0,0.01,0.0,normal,0.02
15,348,20925,0,0,0.0,0.0,0.01,1000.0,0.01,0.0,normal,0.02
15,349,20940,0,0,0.0,0.0,0.01,1000.0,0.01,0.0,normal,0.02
15,349,20955,0,0,0.0,0.0,0.01,1000.0,0.01,0.0,normal,0.02
15,349,20970,0,0,0.0,0.0,0.01,1000.0,0.01,0.0,normal,0.02
15,349,20985,0,0,0.0,0.0,0.01,1000.0,0.01,0.0,normal,0.02
15,350,21000,0,0,0.0,0.0,0.01,1000.0,0.01,0.0,normal,0.02
15,350,21015,0,0,0.0,0.0,0.01,1000.0,0.01,0.0,normal,0.02
15,350,21030,0,0,0.0,0.0,0.01,1000.0,0.01,0.0,normal,0.02
15,350,21045,0,0,0.0,0.0,0.01,1000.0,0.01,0.0,normal,0.02
15,351,21060,0,0,0.0,0.0,0.01,1000.0,0.01,0.0,normal,0.02
15,351,21075,0,0,0.0,0.0,0.01,1000.0,0.01,0.0,normal,0.02
15,351,21090,0,0,0.0,0.0,0.01,1000.0,0.01,0.0,normal,0.02
15,351,21105,0,0,0.0,0.0,0.01,1000.0,0.01,0.0,normal,0.02
15,352,21120,0,0,0.0,0.0,0.01,1000.0,0.01,0.0,normal,0.02
15,352,21135,0,0,0.0,0.0,0.01,1000.0,0.01,0.0,normal,0.02
15,352,21150,0,0,0.0,0.0,0.01,1000.0,0.01,0.0,normal,0.02
15,352,21165,0,0,0.0,0.0,0.01,1000.0,0.01,0.0,normal,0.02
15,353,21180,0,0,0.0,0.0,0.01,1000.0,0.01,0.0,normal,0.02
15,353,21195,0,0,0.0,0.0,0.01,1000.0,0.01,0.0,normal,0.02
15,353,21210,0,0,0.0,0.0,0.01,1000.0,0.01,0.0,normal,0.02
15,353,21225,0,0,0.0,0.0,0.01,1000.0,0.01,0.0,normal,0.02
15,354,21240,0,0,0.0,0.0,0.01,1000.0,0.01,0.0,normal,0.02
15,354,21255,0,0,0.0,0.0,0.01,1000.0,0.01,0.0,normal,0.02
15,354,21270,0,0,0.0,0.0,0.01,1000.0,0.01,0.0,normal,0.02
15,354,21285,0,0,0.0,0.0,0.01,1000.0,0.01,0.0,normal,0.02
15,355,21300,0,0,0.0,0.0,0.01,1000.0,0.01,0.0,normal,0.02
15,355,21315,0,0,0.0,0.0,0.01,1000.0,0.01,0.0,normal,0.02
15,355,21330,0,0,0.0,0.0,0.01,1000.0,0.01,0.0,normal,0.02
15,355,21345,0,0,0.0,0.0,0.01,1000.0,0.01,0.0,normal,0.02
15,356,21360,0,0,0.0,0.0,0.01,1000.0,0.01,0.0,normal,0.02
15,356,21375,0,0,0.0,0.0,0.01,1000.0,0.01,0.0,normal,0.02
15,356,21390,0,0,0.0,0.0,0.01,1000.0,0.01,0.0,normal,0.02
15,356,21405,0,0,0.0,0.0,0.01,1000.0,0.01,0.0,normal,0.02
15,357,21420,0,0,0.0,0.0,0.01,1000.0,0.01,0.0,normal,0.02
15,357,21435,0,0,0.0,0.0,0.01,1000.0,0.01,0.0,normal,0.02
15,357,21450,0,0,0.0,0.0,0.01,1000.0,0.01,0.0,normal,0.02
15,357,21465,0,0,0.0,0.0,0.01,1000.0,0.01,0.0,normal,0.02
15,358,21480,0,0,0.0,0.0,0.01,1000.0,0.01,0.0,normal,0.02
15,358,21495,0,0,0.0,0.0,0.01,1000.0,0.01,0.0,normal,0.02
15,358,21510,0,0,0.0,0.0,0.01,1000.0,0.01,0.0,normal,0.02
15,358,21525,0,0,0.0,0.0,0.01,1000.0,0.01,0.0,normal,0.02
15,359,21540,1,0,0.01,0.01,0.01,1000.0,0.01,0.0,normal,0.03
15,359,21555,0,0,0.0,0.0,0.01,1000.0,0.01,0.0,normal,0.03
15,359,21570,0,0,0.0,0.0,0.01,1000.0,0.01,0.0,normal,0.03
15,359,21585,0,0,0.0,0.0,0.01,1000.0,0.01,0.0,normal,0.03
16,360,21600,0,0,0.0,0.0,0.01,1000.0,0.01,0.0,normal,0.0
16,360,21615,0,0,0.0,0.0,0.0004,1000.0,0.01,0.0,normal,0.0
16,360,21630,0,0,0.0,0.0,0.01,1000.0,0.01,0.0,normal,0.0
16,360,21645,0,0,0.0,0.0,0.01,1000.0,0.01,0.0,normal,0.0
16,361,21660,0,0,0.0,0.0,0.01,1000.0,0.01,0.0,normal,0.0
16,361,21675,0,0,0.0,0.0,0.01,1000.0,0.01,0.0,normal,0.0
16,361,21690,0,0,0.0,0.0,0.01,1000.0,0.01,0.0,normal,0.0
16,361,21705,0,0,0.0,0.0,0.01,1000.0,0.01,0.0,normal,0.0
16,362,21720,0,0,0.0,0.0,0.01,1000.0,0.01,0.0,normal,0.0
16,362,21735,0,0,0.0,0.0,0.01,1000.0,0.01,0.0,normal,0.0
16,362,21750,1,0,0.01,0.01,0.01,1000.0,0.01,0.0,normal,0.01
16,362,21765,0,0,0.0,0.0,0.01,1000.0,0.01,0.0,normal,0.01
16,363,21780,0,0,0.0,0.0,0.01,1000.0,0.01,0.0,normal,0.01
16,363,21795,0,0,0.0,0.0,0.01,1000.0,0.01,0.0,normal,0.01
16,363,21810,0,0,0.0,0.0,0.01,1000.0,0.01,0.0,normal,0.01
16,363,21825,0,0,0.0,0.0,0.01,1000.0,0.01,0.0,normal,0.01
16,364,21840,0,0,0.0,0.0,0.01,1000.0,0.01,0.0,normal,0.01
16,364,21855,0,0,0.0,0.0,0.01,1000.0,0.01,0.0,normal,0.01
16,364,21870,0,0,0.0,0.0,0.01,1000.0,0.01,0.0,normal,0.01
16,364,21885,0,0,0.0,0.0,0.01,1000.0,0.01,0.0,normal,0.01
16,365,21900,0,0,0.0,0.0,0.01,1000.0,0.01,0.0,normal,0.01
16,365,21915,0,0,0.0,0.0,0.01,1000.0,0.01,0.0,normal,0.01
16,365,21930,0,0,0.0,0.0,0.01,1000.0,0.01,0.0,normal,0.01
16,365,21945,0,0,0.0,0.0,0.01,1000.0,0.01,0.0,normal,0.01
16,366,21960,0,0,0.0,0.0,0.01,1000.0,0.01,0.0,normal,0.01
16,366,21975,0,0,0.0,0.0,0.01,1000.0,0.01,0.0,normal,0.01
16,366,21990,0,0,0.0,0.0,0.01,1000.0,0.01,0.0,normal,0.01
16,366,22005,0,0,0.0,0.0,0.01,1000.0,0.01,0.0,normal,0.01
16,367,22020,0,0,0.0,0.0,0.01,1000.0,0.01,0.0,normal,0.01
16,367,22035,0,0,0.0,0.0,0.01,1000.0,0.01,0.0,normal,0.01
16,367,22050,0,0,0.0,0.0,0.01,1000.0,0.01,0.0,normal,0.01
16,367,22065,0,0,0.0,0.0,0.01,1000.0,0.01,0.0,normal,0.01
16,368,22080,0,0,0.0,0.0,0.01,1000.0,0.01,0.0,normal,0.01
16,368,22095,0,0,0.0,0.0,0.01,1000.0,0.01,0.0,normal,0.01
16,368,22110,0,0,0.0,0.0,0.01,1000.0,0.01,0.0,normal,0.01
16,368,22125,0,0,0.0,0.0,0.01,1000.0,0.01,0.0,normal,0.01
16,369,22140,0,0,0.0,0.0,0.01,1000.0,0.01,0.0,normal,0.01
16,369,22155,0,0,0.0,0.0,0.01,1000.0,0.01,0.0,normal,0.01
16,369,22170,0,0,0.0,0.0,0.01,1000.0,0.01,0.0,normal,0.01
16,369,22185,0,0,0.0,0.0,0.01,1000.0,0.01,0.0,normal,0.01
16,370,22200,0,0,0.0,0.0,0.01,1000.0,0.01,0.0,normal,0.01
16,370,22215,0,0,0.0,0.0,0.01,1000.0,0.01,0.0,normal,0.01
16,370,22230,0,0,0.0,0.0,0.01,1000.0,0.01,0.0,normal,0.01
16,370,22245,0,0,0.0,0.0,0.01,1000.0,0.01,0.0,normal,0.01
16,371,22260,0,0,0.0,0.0,0.01,1000.0,0.01,0.0,normal,0.01
16,371,22275,0,0,0.0,0.0,0.01,1000.0,0.01,0.0,normal,0.01
16,371,22290,0,0,0.0,0.0,0.01,1000.0,0.01,0.0,normal,0.01
16,371,22305,0,0,0.0,0.0,0.01,1000.0,0.01,0.0,normal,0.01
16,372,22320,0,0,0.0,0.0,0.01,1000.0,0.01,0.0,normal,0.01
16,372,22335,0,0,0.0,0.0,0.01,1000.0,0.01,0.0,normal,0.01
16,372,22350,0,0,0.0,0.0,0.0089,1000.0,0.01,0.0,normal,0.01
16,372,22365,0,0,0.0,0.0,0.01,1000.0,0.01,0.0,normal,0.01
16,373,22380,0,0,0.0,0.0,0.01,1000.0,0.01,0.0,normal,0.01
16,373,22395,0,0,0.0,0.0,0.01,1000.0,0.01,0.0,normal,0.01
16,373,22410,0,0,0.0,0.0,0.01,1000.0,0.01,0.0,normal,0.01
16,373,22425,0,0,0.0,0.0,0.01,1000.0,0.01,0.0,normal,0.01
16,374,22440,0,0,0.0,0.0,0.01,1000.0,0.01,0.0,normal,0.01
16,374,22455,0,0,0.0,0.0,0.01,1000.0,0.01,0.0,normal,0.01
16,374,22470,0,0,0.0,0.0,0.01,1000.0,0.01,0.0,normal,0.01
16,374,22485,0,0,0.0,0.0,0.01,1000.0,0.01,0.0,normal,0.01
16,375,22500,0,0,0.0,0.0,0.01,1000.0,0.01,0.0,normal,0.01
16,375,22515,0,0,0.0,0.0,0.01,1000.0,0.01,0.0,normal,0.01
16,375,22530,0,0,0.0,0.0,0.01,1000.0,0.01,0.0,normal,0.01
16,375,22545,0,0,0.0,0.0,0.01,1000.0,0.01,0.0,normal,0.01
16,376,22560,0,0,0.0,0.0,0.01,1000.0,0.01,0.0,normal,0.01
16,376,22575,0,0,0.0,0.0,0.01,1000.0,0.01,0.0,normal,0.01
16,376,22590,0,0,0.0,0.0,0.01,1000.0,0.01,0.0,normal,0.01
16,376,22605,1,0,0.01,0.01,0.01,1000.0,0.01,0.0,normal,0.02
16,377,22620,0,0,0.0,0.0,0.01,1000.0,0.01,0.0,normal,0.02
16,377,22635,0,0,0.0,0.0,0.01,1000.0,0.01,0.0,normal,0.02
16,377,22650,0,0,0.0,0.0,0.01,1000.0,0.01,0.0,normal,0.02
16,377,22665,0,0,0.0,0.0,0.01,1000.0,0.01,0.0,normal,0.02
16,378,22680,0,0,0.0,0.0,0.01,1000.0,0.01,0.0,normal,0.02
16,378,22695,0,0,0.0,0.0,0.01,1000.0,0.01,0.0,normal,0.02
16,378,22710,0,0,0.0,0.0,0.01,1000.0,0.01,0.0,normal,0.02
16,378,22725,1,0,0.01,0.01,0.01,1000.0,0.01,0.0,normal,0.03
16,379,22740,0,0,0.0,0.0,0.01,1000.0,0.01,0.0,normal,0.03
16,379,22755,0,0,0.0,0.0,0.01,1000.0,0.01,0.0,normal,0.03
16,379,22770,0,0,0.0,0.0,0.01,1000.0,0.01,0.0,normal,0.03
16,379,22785,0,0,0.0,0.0,0.01,1000.0,0.01,0.0,normal,0.03
16,380,22800,0,0,0.0,0.0,0.01,1000.0,0.01,0.0,normal,0.03
16,380,22815,0,0,0.0,0.0,0.01,1000.0,0.01,0.0,normal,0.03
16,380,22830,0,0,0.0,0.0,0.01,1000.0,0.01,0.0,normal,0.03
16,380,22845,0,0,0.0,0.0,0.01,1000.0,0.01,0.0,normal,0.03
16,381,22860,0,0,0.0,0.0,0.01,1000.0,0.01,0.0,normal,0.03
16,381,22875,0,0,0.0,0.0,0.01,1000.0,0.01,0.0,normal,0.03
16,381,22890,0,0,0.0,0.0,0.01,1000.0,0.01,0.0,normal,0.03
16,381,22905,0,0,0.0,0.0,0.01,1000.0,0.01,0.0,normal,0.03
16,382,22920,0,0,0.0,0.0,0.01,1000.0,0.01,0.0,normal,0.03
16,382,22935,0,0,0.0,0.0,0.01,1000.0,0.01,0.0,normal,0.03
16,382,22950,0,0,0.0,0.0,0.01,1000.0,0.01,0.0,normal,0.03
16,382,22965,0,0,0.0,0.0,0.01,1000.0,0.01,0.0,normal,0.03
16,383,22980,0,0,0.0,0.0,0.01,1000.0,0.01,0.0,normal,0.03
16,383,22995,0,0,0.0,0.0,0.01,1000.0,0.01,0.0,normal,0.03
16,383,23010,0,0,0.0,0.0,0.01,1000.0,0.01,0.0,normal,0.03
16,383,23025,0,0,0.0,0.0,0.01,1000.0,0.01,0.0,normal,0.03
17,384,23040,0,0,0.0,0.0,0.01,1000.0,0.01,0.0,normal,0.0
17,384,23055,0,0,0.0,0.0,0.01,1000.0,0.01,0.0,normal,0.0
17,384,23070,0,0,0.0,0.0,0.01,1000.0,0.01,0.0,normal,0.0
17,384,23085,0,0,0.0,0.0,0.01,1000.0,0.01,0.0,normal,0.0
17,385,23100,0,0,0.0,0.0,0.01,1000.0,0.01,0.0,normal,0.0
17,385,23115,0,0,0.0,0.0,0.01,1000.0,0.01,0.0,normal,0.0
17,385,23130,0,0,0.0,0.0,0.01,1000.0,0.01,0.0,normal,0.0
17,385,23145,0,0,0.0,0.0,0.01,1000.0,0.01,0.0,normal,0.0
17,386,23160,0,0,0.0,0.0,0.01,1000.0,0.01,0.0,normal,0.0
17,386,23175,0,0,0.0,0.0,0.01,1000.0,0.01,0.0,normal,0.0
17,386,23190,0,0,0.0,0.0,0.01,1000.0,0.01,0.0,normal,0.0
17,386,23205,0,0,0.0,0.0,0.01,1000.0,0.01,0.0,normal,0.0
17,387,23220,0,0,0.0,0.0,0.01,1000.0,0.01,0.0,normal,0.0
17,387,23235,0,0,0.0,0.0,0.01,1000.0,0.01,0.0,normal,0.0
17,387,23250,0,0,0.0,0.0,0.01,1000.0,0.01,0.0,normal,0.0
17,387,23265,1,0,0.01,0.01,0.01,1000.0,0.01,0.0,normal,0.01
17,388,23280,0,0,0.0,0.0,0.01,1000.0,0.01,0.0,normal,0.01
17,388,23295,0,0,0.0,0.0,0.01,1000.0,0.01,0.0,normal,0.01
17,388,23310,0,0,0.0,0.0,0.01,1000.0,0.01,0.0,normal,0.01
17,388,23325,0,0,0.0,0.0,0.01,1000.0,0.01,0.0,normal,0.01
17,389,23340,0,0,0.0,0.0,0.01,1000.0,0.01,0.0,normal,0.01
17,389,23355,0,0,0.0,0.0,0.01,1000.0,0.01,0.0,normal,0.01
17,389,23370,0,0,0.0,0.0,0.01,1000.0,0.01,0.0,normal,0.01
17,389,23385,0,0,0.0,0.0,0.01,1000.0,0.01,0.0,normal,0.01
17,390,23400,0,0,0.0,0.0,0.01,1000.0,0.01,0.0,normal,0.01
17,390,23415,0,0,0.0,0.0,0.01,1000.0,0.01,0.0,normal,0.01
17,390,23430,0,0,0.0,0.0,0.01,1000.0,0.01,0.0,normal,0.01
17,390,23445,0,0,0.0,0.0,0.01,1000.0,0.01,0.0,normal,0.01
17,391,23460,0,0,0.0,0.0,0.01,1000.0,0.01,0.0,normal,0.01
17,391,23475,0,0,0.0,0.0,0.01,1000.0,0.01,0.0,normal,0.01
17,391,23490,0,0,0.0,0.0,0.01,1000.0,0.01,0.0,normal,0.01
17,391,23505,0,0,0.0,0.0,0.01,1000.0,0.01,0.0,normal,0.01
17,392,23520,0,0,0.0,0.0,0.01,1000.0,0.01,0.0,normal,0.01
17,392,23535,0,0,0.0,0.0,0.01,1000.0,0.01,0.0,normal,0.01
17,392,23550,0,0,0.0,0.0,0.01,1000.0,0.01,0.0,normal,0.01
17,392,23565,0,0,0.0,0.0,0.01,1000.0,0.01,0.0,normal,0.01
17,393,23580,0,0,0.0,0.0,0.01,1000.0,0.01,0.0,normal,0.01
17,393,23595,0,0,0.0,0.0,0.01,1000.0,0.01,0.0,normal,0.01
17,393,23610,0,0,0.0,0.0,0.01,1000.0,0.01,0.0,normal,0.01
17,393,23625,0,0,0.0,0.0,0.01,1000.0,0.01,0.0,normal,0.01
17,394,23640,0,0,0.0,0.0,0.01,1000.0,0.01,0.0,normal,0.01
17,394,23655,0,0,0.0,0.0,0.01,1000.0,0.01,0.0,normal,0.01
17,394,23670,0,0,0.0,0.0,0.01,1000.0,0.01,0.0,normal,0.01
17,394,23685,0,0,0.0,0.0,0.01,1000.0,0.01,0.0,normal,0.01
17,395,23700,0,0,0.0,0.0,0.01,1000.0,0.01,0.0,normal,0.01
17,395,23715,0,0,0.0,0.0,0.01,1000.0,0.01,0.0,normal,0.01
17,395,23730,0,0,0.0,0.0,0.01,1000.0,0.01,0.0,normal,0.01
17,395,23745,0,0,0.0,0.0,0.01,1000.0,0.01,0.0,normal,0.01
17,396,23760,0,0,0.0,0.0,0.01,1000.0,0.01,0.0,normal,0.01
17,396,23775,0,0,0.0,0.0,0.01,1000.0,0.01,0.0,normal,0.01
17,396,23790,0,0,0.0,0.0,0.01,1000.0,0.01,0.0,normal,0.01
17,396,23805,0,0,0.0,0.0,0.01,1000.0,0.01,0.0,normal,0.01
17,397,23820,0,0,0.0,0.0,0.01,1000.0,0.01,0.0,normal,0.01
17,397,23835,0,0,0.0,0.0,0.01,1000.0,0.01,0.0,normal,0.01
17,397,23850,0,0,0.0,0.0,0.01,1000.0,0.01,0.0,normal,0.01
17,397,23865,0,0,0.0,0.0,0.01,1000.0,0.01,0.0,normal,0.01
17,398,23880,0,0,0.0,0.0,0.01,1000.0,0.01,0.0,normal,0.01
17,398,23895,0,0,0.0,0.0,0.01,1000.0,0.01,0.0,normal,0.01
17,398,23910,0,0,0.0,0.0,0.01,1000.0,0.01,0.0,normal,0.01
17,398,23925,0,0,0.0,0.0,0.01,1000.0,0.01,0.0,normal,0.01
17,399,23940,0,0,0.0,0.0,0.01,1000.0,0.01,0.0,normal,0.01
17,399,23955,0,0,0.0,0.0,0.01,1000.0,0.01,0.0,normal,0.01
17,399,23970,0,0,0.0,0.0,0.01,1000.0,0.01,0.0,normal,0.01
17,399,23985,0,0,0.0,0.0,0.01,1000.0,0.01,0.0,normal,0.01
17,400,24000,0,0,0.0,0.0,0.01,1000.0,0.01,0.0,normal,0.01
17,400,24015,0,0,0.0,0.0,0.01,1000.0,0.01,0.0,normal,0.01
17,400,24030,0,0,0.0,0.0,0.01,1000.0,0.01,0.0,normal,0.01
17,400,24045,0,0,0.0,0.0,0.01,1000.0,0.01,0.0,normal,0.01
17,401,24060,0,0,0.0,0.0,0.01,1000.0,0.01,0.0,normal,0.01
17,401,24075,0,0,0.0,0.0,0.01,1000.0,0.01,0.0,normal,0.01
17,401,24090,0,0,0.0,0.0,0.01,1000.0,0.01,0.0,normal,0.01
17,401,24105,0,0,0.0,0.0,0.01,1000.0,0.01,0.0,normal,0.01
17,402,24120,0,0,0.0,0.0,0.01,1000.0,0.01,0.0,normal,0.01
17,402,24135,0,0,0.0,0.0,0.01,1000.0,0.01,0.0,normal,0.01
17,402,24150,0,0,0.0,0.0,0.01,1000.0,0.01,0.0,normal,0.01
17,402,24165,0,0,0.0,0.0,0.01,1000.0,0.01,0.0,normal,0.01
17,403,24180,0,0,0.0,0.0,0.01,1000.0,0.01,0.0,normal,0.01
17,403,24195,0,0,0.0,0.0,0.01,1000.0,0.01,0.0,normal,0.01
17,403,24210,0,0,0.0,0.0,0.01,1000.0,0.01,0.0,normal,0.01
17,403,24225,0,0,0.0,0.0,0.01,1000.0,0.01,0.0,normal,0.01
17,404,24240,0,0,0.0,0.0,0.01,1000.0,0.01,0.0,normal,0.01
17,404,24255,0,0,0.0,0.0,0.01,1000.0,0.01,0.0,normal,0.01
17,404,24270,0,0,0.0,0.0,0.01,1000.0,0.01,0.0,normal,0.01
17,404,24285,0,0,0.0,0.0,0.01,1000.0,0.01,0.0,normal,0.01
17,405,24300,0,0,0.0,0.0,0.01,1000.0,0.01,0.0,normal,0.01
17,405,24315,0,0,0.0,0.0,0.01,1000.0,0.01,0.0,normal,0.01
17,405,24330,0,0,0.0,0.0,0.01,1000.0,0.01,0.0,normal,0.01
17,405,24345,0,0,0.0,0.0,0.01,1000.0,0.01,0.0,normal,0.01
17,406,24360,0,0,0.0,0.0,0.01,1000.0,0.01,0.0,normal,0.01
17,406,24375,0,0,0.0,0.0,0.01,1000.0,0.01,0.0,normal,0.01
17,406,24390,0,0,0.0,0.0,0.01,1000.0,0.01,0.0,normal,0.01
17,406,24405,0,0,0.0,0.0,0.01,1000.0,0.01,0.0,normal,0.01
17,407,24420,0,0,0.0,0.0,0.01,1000.0,0.01,0.0,normal,0.01
17,407,24435,0,0,0.0,0.0,0.01,1000.0,0.01,0.0,normal,0.01
17,407,24450,0,0,0.0,0.0,0.01,1000.0,0.01,0.0,normal,0.01
17,407,24465,0,0,0.0,0.0,0.01,1000.0,0.01,0.0,normal,0.01
18,408,24480,0,0,0.0,0.0,0.01,1000.0,0.01,0.0,normal,0.0
18,408,24495,0,0,0.0,0.0,0.01,1000.0,0.01,0.0,normal,0.0
18,408,24510,0,0,0.0,0.0,0.01,1000.0,0.01,0.0,normal,0.0
18,408,24525,0,0,0.0,0.0,0.01,1000.0,0.01,0.0,normal,0.0
18,409,24540,0,0,0.0,0.0,0.01,1000.0,0.01,0.0,normal,0.0
18,409,24555,0,0,0.0,0.0,0.01,1000.0,0.01,0.0,normal,0.0
18,409,24570,0,0,0.0,0.0,0.01,1000.0,0.01,0.0,normal,0.0
18,409,24585,0,0,0.0,0.0,0.01,1000.0,0.01,0.0,normal,0.0
18,410,24600,0,0,0.0,0.0,0.01,1000.0,0.01,0.0,normal,0.0
18,410,24615,0,0,0.0,0.0,0.01,1000.0,0.01,0.0,normal,0.0
18,410,24630,0,0,0.0,0.0,0.01,1000.0,0.01,0.0,normal,0.0
18,410,24645,0,0,0.0,0.0,0.01,1000.0,0.01,0.0,normal,0.0
18,411,24660,0,0,0.0,0.0,0.01,1000.0,0.01,0.0,normal,0.0
18,411,24675,0,0,0.0,0.0,0.01,1000.0,0.01,0.0,normal,0.0
18,411,24690,0,0,0.0,0.0,0.01,1000.0,0.01,0.0,normal,0.0
18,411,24705,0,0,0.0,0.0,0.01,1000.0,0.01,0.0,normal,0.0
18,412,24720,0,0,0.0,0.0,0.01,1000.0,0.01,0.0,normal,0.0
18,412,24735,0,0,0.0,0.0,0.01,1000.0,0.01,0.0,normal,0.0
18,412,24750,0,0,0.0,0.0,0.01,1000.0,0.01,0.0,normal,0.0
18,412,24765,0,0,0.0,0.0,0.01,1000.0,0.01,0.0,normal,0.0
18,413,24780,0,0,0.0,0.0,0.01,1000.0,0.01,0.0,normal,0.0
18,413,24795,0,0,0.0,0.0,0.01,1000.0,0.01,0.0,normal,0.0
18,413,24810,0,0,0.0,0.0,0.01,1000.0,0.01,0.0,normal,0.0
18,413,24825,0,0,0.0,0.0,0.01,1000.0,0.01,0.0,normal,0.0
18,414,24840,0,0,0.0,0.0,0.01,1000.0,0.01,0.0,normal,0.0
18,414,24855,0,0,0.0,0.0,0.01,1000.0,0.01,0.0,normal,0.0
18,414,24870,0,0,0.0,0.0,0.01,1000.0,0.01,0.0,normal,0.0
18,414,24885,0,0,0.0,0.0,0.01,1000.0,0.01,0.0,normal,0.0
18,415,24900,0,0,0.0,0.0,0.01,1000.0,0.01,0.0,normal,0.0
18,415,24915,0,0,0.0,0.0,0.01,1000.0,0.01,0.0,normal,0.0
18,415,24930,0,0,0.0,0.0,0.01,1000.0,0.01,0.0,normal,0.0
18,415,24945,0,0,0.0,0.0,0.01,1000.0,0.01,0.0,normal,0.0
18,416,24960,0,0,0.0,0.0,0.01,1000.0,0.01,0.0,normal,0.0
18,416,24975,0,0,0.0,0.0,0.01,1000.0,0.01,0.0,normal,0.0
18,416,24990,0,0,0.0,0.0,0.01,1000.0,0.01,0.0,normal,0.0
18,416,25005,0,0,0.0,0.0,0.01,1000.0,0.01,0.0,normal,0.0
18,417,25020,0,0,0.0,0.0,0.01,1000.0,0.01,0.0,normal,0.0
18,417,25035,0,0,0.0,0.0,0.01,1000.0,0.01,0.0,normal,0.0
18,417,25050,0,0,0.0,0.0,0.01,1000.0,0.01,0.0,normal,0.0
18,417,25065,0,0,0.0,0.0,0.01,1000.0,0.01,0.0,normal,0.0
18,418,25080,0,0,0.0,0.0,0.01,1000.0,0.01,0.0,normal,0.0
18,418,25095,0,0,0.0,0.0,0.01,1000.0,0.01,0.0,normal,0.0
18,418,25110,0,0,0.0,0.0,0.01,1000.0,0.01,0.0,normal,0.0
18,418,25125,0,0,0.0,0.0,0.01,1000.0,0.01,0.0,normal,0.0
18,419,25140,0,0,0.0,0.0,0.01,1000.0,0.01,0.0,normal,0.0
18,419,25155,0,0,0.0,0.0,0.01,1000.0,0.01,0.0,normal,0.0
18,419,25170,0,0,0.0,0.0,0.01,1000.0,0.01,0.0,normal,0.0
18,419,25185,0,0,0.0,0.0,0.01,1000.0,0.01,0.0,normal,0.0
18,420,25200,0,0,0.0,0.0,0.01,1000.0,0.01,0.0,normal,0.0
18,420,25215,1,0,0.01,0.01,0.01,1000.0,0.01,0.0,normal,0.01
18,420,25230,0,0,0.0,0.0,0.01,1000.0,0.01,0.0,normal,0.01
18,420,25245,0,0,0.0,0.0,0.01,1000.0,0.01,0.0,normal,0.01
18,421,25260,0,0,0.0,0.0,0.01,1000.0,0.01,0.0,normal,0.01
18,421,25275,0,0,0.0,0.0,0.0077,1000.0,0.01,0.0,normal,0.01
18,421,25290,0,0,0.0,0.0,0.01,1000.0,0.01,0.0,normal,0.01
18,421,25305,0,0,0.0,0.0,0.01,1000.0,0.01,0.0,normal,0.01
18,422,25320,0,0,0.0,0.0,0.01,1000.0,0.01,0.0,normal,0.01
18,422,25335,0,0,0.0,0.0,0.01,1000.0,0.01,0.0,normal,0.01
18,422,25350,0,0,0.0,0.0,0.01,1000.0,0.01,0.0,normal,0.01
18,422,25365,0,0,0.0,0.0,0.01,1000.0,0.01,0.0,normal,0.01
18,423,25380,0,0,0.0,0.0,0.01,1000.0,0.01,0.0,normal,0.01
18,423,25395,0,0,0.0,0.0,0.01,1000.0,0.01,0.0,normal,0.01
18,423,25410,0,0,0.0,0.0,0.01,1000.0,0.01,0.0,normal,0.01
18,423,25425,0,0,0.0,0.0,0.01,1000.0,0.01,0.0,normal,0.01
18,424,25440,0,0,0.0,0.0,0.01,1000.0,0.01,0.0,normal,0.01
18,424,25455,0,0,0.0,0.0,0.01,1000.0,0.01,0.0,normal,0.01
18,424,25470,0,0,0.0,0.0,0.01,1000.0,0.01,0.0,normal,0.01
18,424,25485,0,0,0.0,0.0,0.01,1000.0,0.01,0.0,normal,0.01
18,425,25500,0,0,0.0,0.0,0.01,1000.0,0.01,0.0,normal,0.01
18,425,25515,0,0,0.0,0.0,0.01,1000.0,0.01,0.0,normal,0.01
18,425,25530,0,0,0.0,0.0,0.01,1000.0,0.01,0.0,normal,0.01
18,425,25545,0,0,0.0,0.0,0.01,1000.0,0.01,0.0,normal,0.01
18,426,25560,0,0,0.0,0.0,0.01,1000.0,0.01,0.0,normal,0.01
18,426,25575,0,0,0.0,0.0,0.01,1000.0,0.01,0.0,normal,0.01
18,426,25590,0,0,0.0,0.0,0.01,1000.0,0.01,0.0,normal,0.01
18,426,25605,1,0,0.01,0.01,0.01,1000.0,0.01,0.0,normal,0.02
18,427,25620,0,0,0.0,0.0,0.01,1000.0,0.01,0.0,normal,0.02
18,427,25635,0,0,0.0,0.0,0.01,1000.0,0.01,0.0,normal,0.02
18,427,25650,0,0,0.0,0.0,0.01,1000.0,0.01,0.0,normal,0.02
18,427,25665,0,0,0.0,0.0,0.01,1000.0,0.01,0.0,normal,0.02
18,428,25680,0,0,0.0,0.0,0.01,1000.0,0.01,0.0,normal,0.02
18,428,25695,0,0,0.0,0.0,0.01,1000.0,0.01,0.0,normal,0.02
18,428,25710,0,0,0.0,0.0,0.01,1000.0,0.01,0.0,normal,0.02
18,428,25725,0,0,0.0,0.0,0.01,1000.0,0.01,0.0,normal,0.02
18,429,25740,0,0,0.0,0.0,0.01,1000.0,0.01,0.0,normal,0.02
18,429,25755,0,0,0.0,0.0,0.01,1000.0,0.01,0.0,normal,0.02
18,429,25770,0,0,0.0,0.0,0.01,1000.0,0.01,0.0,normal,0.02
18,429,25785,0,0,0.0,0.0,0.01,1000.0,0.01,0.0,normal,0.02
18,430,25800,0,0,0.0,0.0,0.01,1000.0,0.01,0.0,normal,0.02
18,430,25815,0,0,0.0,0.0,0.01,1000.0,0.01,0.0,normal,0.02
18,430,25830,0,0,0.0,0.0,0.01,1000.0,0.01,0.0,normal,0.02
18,430,25845,0,0,0.0,0.0,0.01,1000.0,0.01,0.0,normal,0.02
18,431,25860,0,0,0.0,0.0,0.01,1000.0,0.01,0.0,normal,0.02
18,431,25875,0,0,0.0,0.0,0.01,1000.0,0.01,0.0,normal,0.02
18,431,25890,0,0,0.0,0.0,0.01,1000.0,0.01,0.0,normal,0.02
18,431,25905,0,0,0.0,0.0,0.01,1000.0,0.01,0.0,normal,0.02
19,432,25920,0,0,0.0,0.0,0.01,1000.0,0.01,0.0,normal,0.0
19,432,25935,0,0,0.0,0.0,0.01,1000.0,0.01,0.0,normal,0.0
19,432,25950,0,0,0.0,0.0,0.01,1000.0,0.01,0.0,normal,0.0
19,432,25965,0,0,0.0,0.0,0.01,1000.0,0.01,0.0,normal,0.0
19,433,25980,0,0,0.0,0.0,0.01,1000.0,0.01,1.0,normal,0.0
19,433,25995,0,0,0.0,0.0,0.01,1000.0,0.01,1.0,normal,0.0
19,433,26010,16,0,2.2777,2.2777,0.1424,1000.0,4.2,1.0,normal,2.2777
19,433,26025,8,1,33.6,33.6,4.2,1000.0,4.2,1.0,normal,35.8777
19,434,26040,8,1,33.6,33.6,4.2,1000.0,4.2,1.0,normal,69.4777
19,434,26055,9,0,23.1046,23.1046,2.5672,1000.0,4.2,1.0,normal,92.5823
19,434,26070,10,0,19.1848,19.1848,1.9185,1000.0,4.2,1.0,normal,111.7671
19,434,26085,18,0,75.6,75.6,4.2,1000.0,4.2,1.0,normal,187.3671
19,435,26100,5,0,18.4985,18.4985,3.6997,1000.0,4.2,1.0,normal,205.8656
19,435,26115,9,0,16.4412,16.4412,1.8268,1000.0,4.2,1.0,normal,222.3068
19,435,26130,4,0,8.3339,8.3339,2.0835,1000.0,4.2,1.0,normal,230.6407
19,435,26145,7,1,25.767,25.767,3.681,1000.0,4.2,1.0,normal,256.4077
19,436,26160,16,0,67.2,67.2,4.2,1000.0,4.2,1.0,normal,323.6077
19,436,26175,9,0,11.1896,11.1896,1.2433,1000.0,4.2,1.0,normal,334.7973
19,436,26190,4,0,16.8,16.8,4.2,1000.0,4.2,1.0,normal,351.5973
19,436,26205,10,0,18.0574,18.0574,1.8057,1000.0,4.2,1.0,normal,369.6547
19,437,26220,12,0,47.2894,47.2894,3.9408,1000.0,4.34,1.0,normal,416.9441
19,437,26235,14,0,27.6129,27.6129,1.9724,1000.0,4.34,1.0,normal,444.557
19,437,26250,8,0,31.8415,31.8415,3.9802,1000.0,4.34,1.0,normal,476.3985
19,437,26265,7,0,27.9429,27.9429,3.9918,1000.0,4.34,1.0,normal,504.3414
19,438,26280,12,0,6.8909,6.8909,0.5742,1000.0,4.48,1.0,normal,511.2323
19,438,26295,14,1,33.1069,33.1069,2.3648,1000.0,4.48,1.0,normal,544.3392
19,438,26310,11,0,5.6231,5.6231,0.5112,1000.0,4.48,1.0,normal,549.9623
19,438,26325,12,1,53.76,53.76,4.48,1000.0,4.48,1.0,normal,603.7223
19,439,26340,8,0,22.6095,22.6095,2.8262,1000.0,4.62,1.0,normal,626.3318
19,439,26355,13,0,60.06,60.06,4.62,1000.0,4.62,1.0,normal,686.3918
19,439,26370,19,0,44.6587,44.6587,2.3505,1000.0,4.62,1.0,normal,731.0505
19,439,26385,6,0,27.72,27.72,4.62,1000.0,4.62,1.0,normal,758.7705
19,440,26400,10,0,29.3242,29.3242,2.9324,1000.0,4.62,1.0,normal,788.0947
19,440,26415,12,1,49.5422,49.5422,4.1285,1000.0,4.62,1.0,normal,837.6369
19,440,26430,11,0,12.1683,12.1683,1.1062,1000.0,4.62,1.0,normal,849.8052
19,440,26445,13,0,30.9176,30.9176,2.3783,1000.0,4.62,1.0,normal,880.7228
19,441,26460,17,0,21.8864,21.8864,1.2874,1000.0,6.01,1.0,budget_constrained,902.6092
19,441,26475,17,0,67.128,67.128,3.9487,1000.0,6.01,1.0,budget_constrained,969.7372
19,441,26490,5,0,30.2628,30.2628,6.01,1000.0,6.01,1.0,budget_depleted,1000.0
19,441,26505,0,0,0.0,0.0,0.0,1000.0,6.01,1.0,budget_depleted,1000.0
19,442,26520,0,0,0.0,0.0,0.0,1000.0,6.01,1.0,budget_depleted,1000.0
19,442,26535,0,0,0.0,0.0,0.0,1000.0,6.01,1.0,budget_depleted,1000.0
19,442,26550,0,0,0.0,0.0,0.0,1000.0,6.01,1.0,budget_depleted,1000.0
19,442,26565,0,0,0.0,0.0,0.0,1000.0,6.01,1.0,budget_depleted,1000.0
19,443,26580,0,0,0.0,0.0,0.0,1000.0,6.01,1.0,budget_depleted,1000.0
19,443,26595,0,0,0.0,0.0,0.0,1000.0,6.01,1.0,budget_depleted,1000.0
19,443,26610,0,0,0.0,0.0,0.0,1000.0,6.01,1.0,budget_depleted,1000.0
19,443,26625,0,0,0.0,0.0,0.0,1000.0,6.01,1.0,budget_depleted,1000.0
19,444,26640,0,0,0.0,0.0,0.0,1650.0,6.01,1.0,normal,1000.0
19,444,26655,16,0,75.0936,75.0936,4.6933,1650.0,6.01,1.0,normal,1075.0936
19,444,26670,12,0,42.3184,42.3184,3.5265,1650.0,6.01,1.0,normal,1117.412
19,444,26685,14,0,33.3623,33.3623,2.383,1650.0,6.01,1.0,normal,1150.7743
19,445,26700,14,0,5.9252,5.9252,0.4232,1650.0,4.93,1.0,normal,1156.6995
19,445,26715,14,0,62.5511,62.5511,4.4679,1650.0,4.93,1.0,normal,1219.2506
19,445,26730,11,0,54.23,54.23,4.93,1650.0,4.93,1.0,normal,1273.4806
19,445,26745,11,0,54.23,54.23,4.93,1650.0,4.93,1.0,normal,1327.7106
19,446,26760,7,0,13.1533,13.1533,1.879,1650.0,4.04,1.0,normal,1340.8639
19,446,26775,9,1,9.106,9.106,1.0118,1650.0,4.04,1.0,normal,1349.9699
19,446,26790,5,0,6.7081,6.7081,1.3416,1650.0,4.04,1.0,normal,1356.678
19,446,26805,12,0,3.3072,3.3072,0.2756,1650.0,4.04,1.0,normal,1359.9852
19,447,26820,2,0,2.78,2.78,1.39,1650.0,1.39,1.0,normal,1362.7652
19,447,26835,0,0,0.0,0.0,1.1934,1650.0,1.39,1.0,normal,1362.7652
19,447,26850,6,0,8.34,8.34,1.39,1650.0,1.39,1.0,normal,1371.1052
19,447,26865,5,1,6.95,6.95,1.39,1650.0,1.39,1.0,normal,1378.0552
19,448,26880,4,0,5.56,5.56,1.39,1650.0,1.39,1.0,normal,1383.6152
19,448,26895,4,0,4.0663,4.0663,1.0166,1650.0,1.39,1.0,normal,1387.6815
19,448,26910,3,0,4.17,4.17,1.39,1650.0,1.39,1.0,normal,1391.8515
19,448,26925,5,0,6.95,6.95,1.39,1650.0,1.39,1.0,normal,1398.8015
19,449,26940,3,1,3.9,3.9,1.3,1650.0,1.3,1.0,normal,1402.7015
19,449,26955,4,0,5.2,5.2,1.3,1650.0,1.3,1.0,normal,1407.9015
19,449,26970,3,0,3.9,3.9,1.3,1650.0,1.3,1.0,normal,1411.8015
19,449,26985,1,0,1.3,1.3,1.3,1650.0,1.3,1.0,normal,1413.1015
19,450,27000,5,0,6.0,6.0,1.2,1650.0,1.2,1.0,normal,1419.1015
19,450,27015,5,1,3.8508,3.8508,0.7702,1650.0,1.2,1.0,normal,1422.9523
19,450,27030,4,0,2.6471,2.6471,0.6618,1650.0,1.2,1.0,normal,1425.5994
19,450,27045,3,0,3.6,3.6,1.2,1650.0,1.2,1.0,normal,1429.1994
19,451,27060,3,0,3.33,3.33,1.11,1650.0,1.11,1.0,normal,1432.5294
19,451,27075,5,0,5.55,5.55,1.11,1650.0,1.11,1.0,normal,1438.0794
19,451,27090,3,0,1.0174,1.0174,0.3391,1650.0,1.11,1.0,normal,1439.0968
19,451,27105,2,0,2.22,2.22,1.11,1650.0,1.11,1.0,normal,1441.3168
19,452,27120,5,0,5.55,5.55,1.11,1650.0,1.11,1.0,normal,1446.8668
19,452,27135,5,0,5.55,5.55,1.11,1650.0,1.11,1.0,normal,1452.4168
19,452,27150,3,0,2.2459,2.2459,0.7486,1650.0,1.11,1.0,normal,1454.6627
19,452,27165,2,0,2.22,2.22,1.11,1650.0,1.11,1.0,normal,1456.8827
19,453,27180,2,0,2.08,2.08,1.04,1650.0,1.04,1.0,normal,1458.9627
19,453,27195,2,1,2.08,2.08,1.04,1650.0,1.04,1.0,normal,1461.0427
19,453,27210,2,0,2.08,2.08,1.04,1650.0,1.04,1.0,normal,1463.1227
19,453,27225,5,0,1.2459,1.2459,0.2492,1650.0,1.04,1.0,normal,1464.3686
19,454,27240,2,0,1.3575,1.3575,0.6788,1650.0,0.96,1.0,normal,1465.7261
19,454,27255,4,0,3.84,3.84,0.96,1650.0,0.96,1.0,normal,1469.5661
19,454,27270,2,0,1.6478,1.6478,0.8239,1650.0,0.96,1.0,normal,1471.2139
19,454,27285,3,0,1.6025,1.6025,0.5342,1650.0,0.96,1.0,normal,1472.8164
19,455,27300,1,0,0.118,0.118,0.118,1650.0,0.89,1.0,normal,1472.9344
19,455,27315,5,0,4.45,4.45,0.89,1650.0,0.89,1.0,normal,1477.3844
19,455,27330,0,0,0.0,0.0,0.89,1650.0,0.89,1.0,normal,1477.3844
19,455,27345,1,0,0.89,0.89,0.89,1650.0,0.89,1.0,normal,1478.2744
20,456,27360,3,0,2.67,2.67,0.89,1650.0,0.89,1.0,normal,2.67
20,456,27375,1,0,0.89,0.89,0.89,1650.0,0.89,1.0,normal,3.56
20,456,27390,1,0,0.89,0.89,0.89,1650.0,0.89,1.0,normal,4.45
20,456,27405,6,0,5.1625,5.1625,0.8604,1650.0,0.89,1.0,normal,9.6125
20,457,27420,1,0,0.83,0.83,0.83,1650.0,0.83,1.0,normal,10.4425
20,457,27435,0,0,0.0,0.0,0.7689,1650.0,0.83,1.0,normal,10.4425
20,457,27450,1,0,0.83,0.83,0.83,1650.0,0.83,1.0,normal,11.2725
20,457,27465,2,0,0.5221,0.5221,0.261,1650.0,0.83,1.0,normal,11.7946
20,458,27480,0,0,0.0,0.0,0.77,1650.0,0.77,1.0,normal,11.7946
20,458,27495,3,0,2.31,2.31,0.77,1650.0,0.77,1.0,normal,14.1046
20,458,27510,2,0,1.54,1.54,0.77,1650.0,0.77,1.0,normal,15.6446
20,458,27525,5,0,3.85,3.85,0.77,1650.0,0.77,1.0,normal,19.4946
20,459,27540,1,0,0.71,0.71,0.71,1650.0,0.71,1.0,normal,20.2046
20,459,27555,2,0,1.42,1.42,0.71,1650.0,0.71,1.0,normal,21.6246
20,459,27570,1,0,0.71,0.71,0.71,1650.0,0.71,1.0,normal,22.3346
20,459,27585,8,1,5.68,5.68,0.71,1650.0,0.71,1.0,normal,28.0146
20,460,27600,1,0,0.71,0.71,0.71,1650.0,0.71,1.0,normal,28.7246
20,460,27615,2,0,1.42,1.42,0.71,1650.0,0.71,1.0,normal,30.1446
20,460,27630,1,0,0.2262,0.2262,0.2262,1650.0,0.71,1.0,normal,30.3708
20,460,27645,2,0,1.42,1.42,0.71,1650.0,0.71,1.0,normal,31.7908
20,461,27660,0,0,0.0,0.0,0.66,1650.0,0.66,1.0,normal,31.7908
20,461,27675,0,0,0.0,0.0,0.66,1650.0,0.66,1.0,normal,31.7908
20,461,27690,2,0,1.32,1.32,0.66,1650.0,0.66,1.0,normal,33.1108
20,461,27705,1,0,0.66,0.66,0.66,1650.0,0.66,1.0,normal,33.7708
20,462,27720,3,0,1.86,1.86,0.62,1650.0,0.62,1.0,normal,35.6308
20,462,27735,2,0,0.5896,0.5896,0.2948,1650.0,0.62,1.0,normal,36.2204
20,462,27750,1,0,0.62,0.62,0.62,1650.0,0.62,1.0,normal,36.8404
20,462,27765,4,0,2.48,2.48,0.62,1650.0,0.62,1.0,normal,39.3204
20,463,27780,1,0,0.57,0.57,0.57,1650.0,0.57,1.0,normal,39.8904
20,463,27795,2,0,1.14,1.14,0.57,1650.0,0.57,1.0,normal,41.0304
20,463,27810,5,0,2.85,2.85,0.57,1650.0,0.57,1.0,normal,43.8804
20,463,27825,1,0,0.57,0.57,0.57,1650.0,0.57,1.0,normal,44.4504
20,464,27840,1,0,0.71,0.71,0.71,1650.0,0.71,1.0,normal,45.1604
20,464,27855,2,1,1.42,1.42,0.71,1650.0,0.71,1.0,normal,46.5804
20,464,27870,3,0,2.13,2.13,0.71,1650.0,0.71,1.0,normal,48.7104
20,464,27885,7,0,4.97,4.97,0.71,1650.0,0.71,1.0,normal,53.6804
20,465,27900,1,0,0.0139,0.0139,0.0139,1650.0,0.66,1.0,normal,53.6943
20,465,27915,1,0,0.66,0.66,0.66,1650.0,0.66,1.0,normal,54.3543
20,465,27930,3,0,1.98,1.98,0.66,1650.0,0.66,1.0,normal,56.3343
20,465,27945,0,0,0.0,0.0,0.66,1650.0,0.66,1.0,normal,56.3343
20,466,27960,3,0,1.86,1.86,0.62,1650.0,0.62,1.0,normal,58.1943
20,466,27975,1,0,0.3219,0.3219,0.3219,1650.0,0.62,1.0,normal,58.5162
20,466,27990,3,0,1.86,1.86,0.62,1650.0,0.62,1.0,normal,60.3762
20,466,28005,1,0,0.62,0.62,0.62,1650.0,0.62,1.0,normal,60.9962
20,467,28020,2,0,1.14,1.14,0.57,1650.0,0.57,1.0,normal,62.1362
20,467,28035,0,0,0.0,0.0,0.3656,1650.0,0.57,1.0,normal,62.1362
20,467,28050,0,0,0.0,0.0,0.57,1650.0,0.57,1.0,normal,62.1362
20,467,28065,3,0,1.71,1.71,0.57,1650.0,0.57,1.0,normal,63.8462
20,468,28080,0,0,0.0,0.0,0.57,1650.0,0.57,1.3,normal,63.8462
20,468,28095,1,0,0.57,0.57,0.57,1650.0,0.57,1.3,normal,64.4162
20,468,28110,0,0,0.0,0.0,0.0276,1650.0,0.57,1.3,normal,64.4162
20,468,28125,0,0,0.0,0.0,0.2762,1650.0,0.57,1.3,normal,64.4162
20,469,28140,2,0,1.26,1.26,0.63,1650.0,0.63,1.3,normal,65.6762
20,469,28155,0,0,0.0,0.0,0.63,1650.0,0.63,1.3,normal,65.6762
20,469,28170,1,0,0.63,0.63,0.63,1650.0,0.63,1.3,normal,66.3062
20,469,28185,0,0,0.0,0.0,0.63,1650.0,0.63,1.3,normal,66.3062
20,470,28200,1,0,0.63,0.63,0.63,1650.0,0.63,1.3,normal,66.9362
20,470,28215,2,0,1.1501,1.1501,0.5751,1650.0,0.63,1.3,normal,68.0863
20,470,28230,0,0,0.0,0.0,0.63,1650.0,0.63,1.3,normal,68.0863
20,470,28245,1,0,0.263,0.263,0.263,1650.0,0.63,1.3,normal,68.3493
20,471,28260,3,0,1.0395,1.0395,0.3465,1650.0,0.76,1.3,normal,69.3888
20,471,28275,3,0,2.28,2.28,0.76,1650.0,0.76,1.3,normal,71.6688
20,471,28290,1,0,0.6651,0.6651,0.6651,1650.0,0.76,1.3,normal,72.3339
20,471,28305,1,0,0.76,0.76,0.76,1650.0,0.76,1.3,normal,73.0939
20,472,28320,4,0,3.04,3.04,0.76,1650.0,0.76,1.3,normal,76.1339
20,472,28335,3,0,1.0055,1.0055,0.3352,1650.0,0.76,1.3,normal,77.1394
20,472,28350,3,0,2.28,2.28,0.76,1650.0,0.76,1.3,normal,79.4194
20,472,28365,2,0,0.5901,0.5901,0.2951,1650.0,0.76,1.3,normal,80.0095
20,473,28380,6,0,5.46,5.46,0.91,1650.0,0.91,1.3,normal,85.4695
20,473,28395,5,0,4.255,4.255,0.851,1650.0,0.91,1.3,normal,89.7245
20,473,28410,1,1,0.91,0.91,0.91,1650.0,0.91,1.3,normal,90.6345
20,473,28425,5,0,1.7551,1.7551,0.351,1650.0,0.91,1.3,normal,92.3896
20,474,28440,2,0,1.82,1.82,0.91,1650.0,0.91,1.3,normal,94.2096
20,474,28455,1,0,0.91,0.91,0.91,1650.0,0.91,1.3,normal,95.1196
20,474,28470,5,0,4.55,4.55,0.91,1650.0,0.91,1.3,normal,99.6696
20,474,28485,2,1,1.82,1.82,0.91,1650.0,0.91,1.3,normal,101.4896
20,475,28500,2,0,0.6124,0.6124,0.3062,1650.0,1.19,1.3,normal,102.102
20,475,28515,1,0,0.3539,0.3539,0.3539,1650.0,1.19,1.3,normal,102.4559
20,475,28530,3,0,3.57,3.57,1.19,1650.0,1.19,1.3,normal,106.0259
20,475,28545,8,1,9.52,9.52,1.19,1650.0,1.19,1.3,normal,115.5459
20,476,28560,3,0,1.1297,1.1297,0.3766,1650.0,1.19,1.3,normal,116.6756
20,476,28575,5,0,4.8364,4.8364,0.9673,1650.0,1.19,1.3,normal,121.512
20,476,28590,4,0,4.76,4.76,1.19,1650.0,1.19,1.3,normal,126.272
20,476,28605,3,0,0.658,0.658,0.2193,1650.0,1.19,1.3,normal,126.93
20,477,28620,2,0,2.86,2.86,1.43,1650.0,1.43,1.3,normal,129.79
20,477,28635,4,1,5.72,5.72,1.43,1650.0,1.43,1.3,normal,135.51
20,477,28650,4,0,4.4814,4.4814,1.1203,1650.0,1.43,1.3,normal,139.9914
20,477,28665,4,0,5.72,5.72,1.43,1650.0,1.43,1.3,normal,145.7114
20,478,28680,1,0,1.43,1.43,1.43,1650.0,1.43,1.3,normal,147.1414
20,478,28695,2,0,2.86,2.86,1.43,1650.0,1.43,1.3,normal,150.0014
20,478,28710,6,0,8.58,8.58,1.43,1650.0,1.43,1.3,normal,158.5814
20,478,28725,2,1,2.86,2.86,1.43,1650.0,1.43,1.3,normal,161.4414
20,479,28740,6,0,11.16,11.16,1.86,1650.0,1.86,1.3,normal,172.6014
20,479,28755,6,0,11.16,11.16,1.86,1650.0,1.86,1.3,normal,183.7614
20,479,28770,6,0,4.7131,4.7131,0.7855,1650.0,1.86,1.3,normal,188.4745
20,479,28785,4,0,7.44,7.44,1.86,1650.0,1.86,1.3,normal,195.9145
21,480,28800,9,0,6.6478,6.6478,0.7386,1650.0,1.86,1.3,normal,6.6478
21,480,28815,7,0,8.7985,8.7985,1.2569,1650.0,1.86,1.3,normal,15.4463
21,480,28830,3,0,5.58,5.58,1.86,1650.0,1.86,1.3,normal,21.0263
21,480,28845,5,0,9.3,9.3,1.86,1650.0,1.86,1.3,normal,30.3263
21,481,28860,4,0,8.32,8.32,2.08,1650.0,2.08,1.3,normal,38.6463
21,481,28875,8,0,5.0064,5.0064,0.6258,1650.0,2.08,1.3,normal,43.6527
21,481,28890,4,0,8.32,8.32,2.08,1650.0,2.08,1.3,normal,51.9727
21,481,28905,5,2,6.2561,3.1281,1.2512,1650.0,2.08,1.3,normal,58.2288
21,482,28920,4,0,8.32,8.32,2.08,1650.0,2.08,1.3,normal,66.5488
21,482,28935,7,0,3.7862,3.7862,0.5409,1650.0,2.08,1.3,normal,70.335
21,482,28950,3,0,4.7401,4.7401,1.58,1650.0,2.08,1.3,normal,75.0751
21,482,28965,4,0,4.4386,4.4386,1.1097,1650.0,2.08,1.3,normal,79.5137
21,483,28980,9,0,10.707,10.707,1.1897,1650.0,2.5,1.3,normal,90.2207
21,483,28995,2,0,5.0,5.0,2.5,1650.0,2.5,1.3,normal,95.2207
21,483,29010,3,0,7.5,7.5,2.5,1650.0,2.5,1.3,normal,102.7207
21,483,29025,9,0,12.0452,12.0452,1.3384,1650.0,2.5,1.3,normal,114.7659
21,484,29040,7,0,14.638,14.638,2.0911,1650.0,2.5,1.3,normal,129.4039
21,484,29055,9,0,22.5,22.5,2.5,1650.0,2.5,1.3,normal,151.9039
21,484,29070,6,0,15.0,15.0,2.5,1650.0,2.5,1.3,normal,166.9039
21,484,29085,6,0,15.0,15.0,2.5,1650.0,2.5,1.3,normal,181.9039
21,485,29100,10,0,23.1215,23.1215,2.3121,1650.0,2.8,1.3,normal,205.0254
21,485,29115,5,0,8.1345,8.1345,1.6269,1650.0,2.8,1.3,normal,213.1599
21,485,29130,9,0,12.7955,12.7955,1.4217,1650.0,2.8,1.3,normal,225.9554
21,485,29145,6,0,5.3492,5.3492,0.8915,1650.0,2.8,1.3,normal,231.3046
21,486,29160,0,0,0.0,0.0,0.01,1650.0,0.01,1.3,normal,231.3046
21,486,29175,0,0,0.0,0.0,0.01,1650.0,0.01,1.3,normal,231.3046
21,486,29190,0,0,0.0,0.0,0.01,1650.0,0.01,1.3,normal,231.3046
21,486,29205,0,0,0.0,0.0,0.01,1650.0,0.01,1.3,normal,231.3046
21,487,29220,0,0,0.0,0.0,0.01,1650.0,0.01,1.3,normal,231.3046
21,487,29235,0,0,0.0,0.0,0.01,1650.0,0.01,1.3,normal,231.3046
21,487,29250,0,0,0.0,0.0,0.01,1650.0,0.01,1.3,normal,231.3046
21,487,29265,0,0,0.0,0.0,0.01,1650.0,0.01,1.3,normal,231.3046
21,488,29280,15,2,37.9774,18.9887,2.5318,1650.0,4.2,1.3,normal,269.282
21,488,29295,4,0,5.1817,5.1817,1.2954,1650.0,4.2,1.3,normal,274.4637
21,488,29310,12,0,42.8838,42.8838,3.5736,1650.0,4.2,1.3,normal,317.3475
21,488,29325,10,1,42.0,42.0,4.2,1650.0,4.2,1.3,normal,359.3475
21,489,29340,9,0,35.2825,35.2825,3.9203,1650.0,4.2,1.3,normal,394.63
21,489,29355,11,1,20.9496,20.9496,1.9045,1650.0,4.2,1.3,normal,415.5796
21,489,29370,11,0,36.9382,36.9382,3.358,1650.0,4.2,1.3,normal,452.5178
21,489,29385,13,0,18.7893,18.7893,1.4453,1650.0,4.2,1.3,normal,471.3071
21,490,29400,0,0,0.0,0.0,0.01,1650.0,0.01,1.3,normal,471.3071
21,490,29415,0,0,0.0,0.0,0.01,1650.0,0.01,1.3,normal,471.3071
21,490,29430,0,0,0.0,0.0,0.01,1650.0,0.01,1.3,normal,471.3071
21,490,29445,0,0,0.0,0.0,0.01,1650.0,0.01,1.3,normal,471.3071
21,491,29460,0,0,0.0,0.0,0.01,1650.0,0.01,1.3,normal,471.3071
21,491,29475,0,0,0.0,0.0,0.01,1650.0,0.01,1.3,normal,471.3071
21,491,29490,0,0,0.0,0.0,0.01,1650.0,0.01,1.3,normal,471.3071
21,491,29505,0,0,0.0,0.0,0.01,1650.0,0.01,1.3,normal,471.3071
21,492,29520,15,1,10.2262,10.2262,0.6817,1650.0,4.2,1.3,normal,481.5333
21,492,29535,9,0,37.8,37.8,4.2,1650.0,4.2,1.3,normal,519.3333
21,492,29550,12,1,26.88,26.88,2.24,1650.0,4.2,1.3,normal,546.2133
21,492,29565,6,0,0.2856,0.2856,0.0476,1650.0,4.2,1.3,normal,546.4989
21,493,29580,8,1,33.6,33.6,4.2,1650.0,4.2,1.3,normal,580.0989
21,493,29595,8,0,4.4081,4.4081,0.551,1650.0,4.2,1.3,normal,584.507
21,493,29610,8,0,0.8889,0.8889,0.1111,1650.0,4.2,1.3,normal,585.3959
21,493,29625,13,1,54.6,54.6,4.2,1650.0,4.2,1.3,normal,639.9959
21,494,29640,12,2,49.3364,24.6682,4.1114,1650.0,4.2,1.3,normal,689.3323
21,494,29655,8,0,7.5234,7.5234,0.9404,1650.0,4.2,1.3,normal,696.8557
21,494,29670,10,0,8.3479,8.3479,0.8348,1650.0,4.2,1.3,normal,705.2036
21,494,29685,11,0,31.8257,31.8257,2.8932,1650.0,4.2,1.3,normal,737.0293
21,495,29700,10,0,13.0755,13.0755,1.3076,1650.0,5.46,1.3,normal,750.1048
21,495,29715,8,0,10.3133,10.3133,1.2892,1650.0,5.46,1.3,normal,760.4181
21,495,29730,8,0,39.4251,39.4251,4.9281,1650.0,5.46,1.3,normal,799.8432
21,495,29745,8,0,33.0134,33.0134,4.1267,1650.0,5.46,1.3,normal,832.8566
21,496,29760,0,0,0.0,0.0,0.01,1650.0,0.01,1.3,normal,832.8566
21,496,29775,0,0,0.0,0.0,0.01,1650.0,0.01,1.3,normal,832.8566
21,496,29790,0,0,0.0,0.0,0.01,1650.0,0.01,1.3,normal,832.8566
21,496,29805,0,0,0.0,0.0,0.01,1650.0,0.01,1.3,normal,832.8566
21,497,29820,0,0,0.0,0.0,0.01,1650.0,0.01,1.3,normal,832.8566
21,497,29835,0,0,0.0,0.0,0.01,1650.0,0.01,1.3,normal,832.8566
21,497,29850,0,0,0.0,0.0,0.01,1650.0,0.01,1.3,normal,832.8566
21,497,29865,0,0,0.0,0.0,0.01,1650.0,0.01,1.3,normal,832.8566
21,498,29880,12,1,22.0009,22.0009,1.8334,1650.0,4.2,1.3,normal,854.8575
21,498,29895,13,0,24.9979,24.9979,1.9229,1650.0,4.2,1.3,normal,879.8554
21,498,29910,15,0,16.7471,16.7471,1.1165,1650.0,4.2,1.3,normal,896.6025
21,498,29925,10,1,42.0,42.0,4.2,1650.0,4.2,1.3,normal,938.6025
21,499,29940,10,0,42.0,42.0,4.2,1650.0,4.2,1.3,normal,980.6025
21,499,29955,13,1,40.301,40.301,3.1001,1650.0,4.2,1.3,normal,1020.9035
21,499,29970,17,1,71.4,71.4,4.2,1650.0,4.2,1.3,normal,1092.3035
21,499,29985,11,0,21.5863,21.5863,1.9624,1650.0,4.2,1.3,normal,1113.8898
21,500,30000,10,0,42.0,42.0,4.2,1650.0,4.2,1.3,normal,1155.8898
21,500,30015,12,0,3.7351,3.7351,0.3113,1650.0,4.2,1.3,normal,1159.6249
21,500,30030,6,0,14.3586,14.3586,2.3931,1650.0,4.2,1.3,normal,1173.9835
21,500,30045,14,1,32.6544,32.6544,2.3325,1650.0,4.2,1.3,normal,1206.6379
21,501,30060,11,0,55.44,55.44,5.04,1650.0,5.04,1.3,normal,1262.0779
21,501,30075,12,0,33.5227,33.5227,2.7936,1650.0,5.04,1.3,normal,1295.6006
21,501,30090,11,0,55.44,55.44,5.04,1650.0,5.04,1.3,normal,1351.0406
21,501,30105,19,0,15.3693,15.3693,0.8089,1650.0,5.04,1.3,normal,1366.4099
21,502,30120,12,0,4.9737,4.9737,0.4145,1650.0,5.04,1.3,normal,1371.3836
21,502,30135,18,0,19.2489,19.2489,1.0694,1650.0,5.04,1.3,normal,1390.6325
21,502,30150,14,0,45.2135,45.2135,3.2295,1650.0,5.04,1.3,normal,1435.846
21,502,30165,10,0,36.7521,36.7521,3.6752,1650.0,5.04,1.3,normal,1472.5981
21,503,30180,15,0,23.5277,23.5277,1.5685,1650.0,6.05,1.3,budget_constrained,1496.1258
21,503,30195,19,0,43.5704,43.5704,2.2932,1650.0,6.05,1.3,budget_constrained,1539.6962
21,503,30210,26,0,7.2579,7.2579,0.2791,1650.0,6.05,1.3,budget_constrained,1546.9541
21,503,30225,17,1,50.4197,50.4197,2.9659,1650.0,6.05,1.3,budget_constrained,1597.3738
22,504,30240,8,0,52.6262,52.6262,6.05,1650.0,6.05,1.3,normal,52.6262
22,504,30255,16,0,82.9036,82.9036,5.1815,1650.0,6.05,1.3,normal,135.5298
22,504,30270,12,0,69.2316,69.2316,5.7693,1650.0,6.05,1.3,normal,204.7614
22,504,30285,9,0,8.8711,8.8711,0.9857,1650.0,6.05,1.3,normal,213.6325
22,505,30300,22,0,41.597,41.597,1.8908,1650.0,7.26,1.3,normal,255.2295
22,505,30315,22,1,127.6096,127.6096,5.8004,1650.0,7.26,1.3,normal,382.8391
22,505,30330,17,1,105.4253,105.4253,6.2015,1650.0,7.26,1.3,normal,488.2644
22,505,30345,18,0,102.3568,102.3568,5.6865,1650.0,7.26,1.3,normal,590.6212
22,506,30360,24,1,100.6371,100.6371,4.1932,1650.0,7.26,1.3,normal,691.2583
22,506,30375,22,0,13.6844,13.6844,0.622,1650.0,7.26,1.3,normal,704.9427
22,506,30390,18,0,126.0954,126.0954,7.0053,1650.0,7.26,1.3,normal,831.0381
22,506,30405,30,3,80.64,26.88,2.688,1650.0,7.26,1.3,normal,911.6781
22,507,30420,19,0,75.9977,75.9977,3.9999,1650.0,8.71,1.3,normal,987.6758
22,507,30435,29,0,162.6588,162.6588,5.6089,1650.0,8.71,1.3,normal,1150.3346
22,507,30450,15,1,95.9997,95.9997,6.4,1650.0,8.71,1.3,normal,1246.3343
22,507,30465,21,2,93.6767,46.8384,4.4608,1650.0,8.71,1.3,normal,1340.011
22,508,30480,18,2,96.7102,48.3551,5.3728,1650.0,8.71,1.3,normal,1436.7212
22,508,30495,16,1,26.0167,26.0167,1.626,1650.0,8.71,1.3,normal,1462.7379
22,508,30510,13,0,66.1971,66.1971,5.0921,1650.0,8.71,1.3,budget_constrained,1528.935
22,508,30525,15,0,121.065,121.065,7.6433,1650.0,8.71,1.3,budget_depleted,1650.0
22,509,30540,0,0,0.0,0.0,0.0,1650.0,9.58,1.3,budget_depleted,1650.0
22,509,30555,0,0,0.0,0.0,0.0,1650.0,9.58,1.3,budget_depleted,1650.0
22,509,30570,0,0,0.0,0.0,0.0,1650.0,9.58,1.3,budget_depleted,1650.0
22,509,30585,0,0,0.0,0.0,0.0,1650.0,9.58,1.3,budget_depleted,1650.0
22,510,30600,0,0,0.0,0.0,0.0,1650.0,0.01,1.3,budget_depleted,1650.0
22,510,30615,0,0,0.0,0.0,0.0,1650.0,0.01,1.3,budget_depleted,1650.0
22,510,30630,0,0,0.0,0.0,0.0,1650.0,0.01,1.3,budget_depleted,1650.0
22,510,30645,0,0,0.0,0.0,0.0,1650.0,0.01,1.3,budget_depleted,1650.0
22,511,30660,0,0,0.0,0.0,0.0,1650.0,0.01,1.3,budget_depleted,1650.0
22,511,30675,0,0,0.0,0.0,0.0,1650.0,0.01,1.3,budget_depleted,1650.0
22,511,30690,0,0,0.0,0.0,0.0,1650.0,0.01,1.3,budget_depleted,1650.0
22,511,30705,0,0,0.0,0.0,0.0,1650.0,0.01,1.3,budget_depleted,1650.0
22,512,30720,0,0,0.0,0.0,0.0,1650.0,4.2,1.3,budget_depleted,1650.0
22,512,30735,0,0,0.0,0.0,0.0,1650.0,4.2,1.3,budget_depleted,1650.0
22,512,30750,0,0,0.0,0.0,0.0,1650.0,4.2,1.3,budget_depleted,1650.0
22,512,30765,0,0,0.0,0.0,0.0,1650.0,4.2,1.3,budget_depleted,1650.0
22,513,30780,0,0,0.0,0.0,0.0,1650.0,4.2,1.3,budget_depleted,1650.0
22,513,30795,0,0,0.0,0.0,0.0,1650.0,4.2,1.3,budget_depleted,1650.0
22,513,30810,0,0,0.0,0.0,0.0,1650.0,4.2,1.3,budget_depleted,1650.0
22,513,30825,0,0,0.0,0.0,0.0,1650.0,4.2,1.3,budget_depleted,1650.0
22,514,30840,0,0,0.0,0.0,0.0,1650.0,4.2,1.3,budget_depleted,1650.0
22,514,30855,0,0,0.0,0.0,0.0,1650.0,4.2,1.3,budget_depleted,1650.0
22,514,30870,0,0,0.0,0.0,0.0,1650.0,4.2,1.3,budget_depleted,1650.0
22,514,30885,0,0,0.0,0.0,0.0,1650.0,4.2,1.3,budget_depleted,1650.0
22,515,30900,0,0,0.0,0.0,0.0,1650.0,4.2,1.3,budget_depleted,1650.0
22,515,30915,0,0,0.0,0.0,0.0,1650.0,4.2,1.3,budget_depleted,1650.0
22,515,30930,0,0,0.0,0.0,0.0,1650.0,4.2,1.3,budget_depleted,1650.0
22,515,30945,0,0,0.0,0.0,0.0,1650.0,4.2,1.3,budget_depleted,1650.0
22,516,30960,0,0,0.0,0.0,0.0,1650.0,4.2,1.3,budget_depleted,1650.0
22,516,30975,0,0,0.0,0.0,0.0,1650.0,4.2,1.3,budget_depleted,1650.0
22,516,30990,0,0,0.0,0.0,0.0,1650.0,4.2,1.3,budget_depleted,1650.0
22,516,31005,0,0,0.0,0.0,0.0,1650.0,4.2,1.3,budget_depleted,1650.0
22,517,31020,0,0,0.0,0.0,0.0,1650.0,5.46,1.3,budget_depleted,1650.0
22,517,31035,0,0,0.0,0.0,0.0,1650.0,5.46,1.3,budget_depleted,1650.0
22,517,31050,0,0,0.0,0.0,0.0,1650.0,5.46,1.3,budget_depleted,1650.0
22,517,31065,0,0,0.0,0.0,0.0,1650.0,5.46,1.3,budget_depleted,1650.0
22,518,31080,0,0,0.0,0.0,0.0,1650.0,5.46,1.3,budget_depleted,1650.0
22,518,31095,0,0,0.0,0.0,0.0,1650.0,5.46,1.3,budget_depleted,1650.0
22,518,31110,0,0,0.0,0.0,0.0,1650.0,5.46,1.3,budget_depleted,1650.0
22,518,31125,0,0,0.0,0.0,0.0,1650.0,5.46,1.3,budget_depleted,1650.0
22,519,31140,0,0,0.0,0.0,0.0,1650.0,2.31,1.3,budget_depleted,1650.0
22,519,31155,0,0,0.0,0.0,0.0,1650.0,2.31,1.3,budget_depleted,1650.0
22,519,31170,0,0,0.0,0.0,0.0,1650.0,2.31,1.3,budget_depleted,1650.0
22,519,31185,0,0,0.0,0.0,0.0,1650.0,2.31,1.3,budget_depleted,1650.0
22,520,31200,0,0,0.0,0.0,0.0,1650.0,0.01,1.3,budget_depleted,1650.0
22,520,31215,0,0,0.0,0.0,0.0,1650.0,0.01,1.3,budget_depleted,1650.0
22,520,31230,0,0,0.0,0.0,0.0,1650.0,0.01,1.3,budget_depleted,1650.0
22,520,31245,0,0,0.0,0.0,0.0,1650.0,0.01,1.3,budget_depleted,1650.0
22,521,31260,0,0,0.0,0.0,0.0,1650.0,0.01,1.3,budget_depleted,1650.0
22,521,31275,0,0,0.0,0.0,0.0,1650.0,0.01,1.3,budget_depleted,1650.0
22,521,31290,0,0,0.0,0.0,0.0,1650.0,0.01,1.3,budget_depleted,1650.0
22,521,31305,0,0,0.0,0.0,0.0,1650.0,0.01,1.3,budget_depleted,1650.0
22,522,31320,0,0,0.0,0.0,0.0,1650.0,4.2,1.3,budget_depleted,1650.0
22,522,31335,0,0,0.0,0.0,0.0,1650.0,4.2,1.3,budget_depleted,1650.0
22,522,31350,0,0,0.0,0.0,0.0,1650.0,4.2,1.3,budget_depleted,1650.0
22,522,31365,0,0,0.0,0.0,0.0,1650.0,4.2,1.3,budget_depleted,1650.0
22,523,31380,0,0,0.0,0.0,0.0,1650.0,4.2,1.3,budget_depleted,1650.0
22,523,31395,0,0,0.0,0.0,0.0,1650.0,4.2,1.3,budget_depleted,1650.0
22,523,31410,0,0,0.0,0.0,0.0,1650.0,4.2,1.3,budget_depleted,1650.0
22,523,31425,0,0,0.0,0.0,0.0,1650.0,4.2,1.3,budget_depleted,1650.0
22,524,31440,0,0,0.0,0.0,0.0,1650.0,0.01,1.3,budget_depleted,1650.0
22,524,31455,0,0,0.0,0.0,0.0,1650.0,0.01,1.3,budget_depleted,1650.0
22,524,31470,0,0,0.0,0.0,0.0,1650.0,0.01,1.3,budget_depleted,1650.0
22,524,31485,0,0,0.0,0.0,0.0,1650.0,0.01,1.3,budget_depleted,1650.0
22,525,31500,0,0,0.0,0.0,0.0,1650.0,0.01,1.3,budget_depleted,1650.0
22,525,31515,0,0,0.0,0.0,0.0,1650.0,0.01,1.3,budget_depleted,1650.0
22,525,31530,0,0,0.0,0.0,0.0,1650.0,0.01,1.3,budget_depleted,1650.0
22,525,31545,0,0,0.0,0.0,0.0,1650.0,0.01,1.3,budget_depleted,1650.0
22,526,31560,0,0,0.0,0.0,0.0,1650.0,4.2,1.3,budget_depleted,1650.0
22,526,31575,0,0,0.0,0.0,0.0,1650.0,4.2,1.3,budget_depleted,1650.0
22,526,31590,0,0,0.0,0.0,0.0,1650.0,4.2,1.3,budget_depleted,1650.0
22,526,31605,0,0,0.0,0.0,0.0,1650.0,4.2,1.3,budget_depleted,1650.0
22,527,31620,0,0,0.0,0.0,0.0,1650.0,4.2,1.3,budget_depleted,1650.0
22,527,31635,0,0,0.0,0.0,0.0,1650.0,4.2,1.3,budget_depleted,1650.0
22,527,31650,0,0,0.0,0.0,0.0,1650.0,4.2,1.3,budget_depleted,1650.0
22,527,31665,0,0,0.0,0.0,0.0,1650.0,4.2,1.3,budget_depleted,1650.0
23,528,31680,0,0,0.0,0.0,0.0,1650.0,0.01,1.3,normal,0.0
23,528,31695,0,0,0.0,0.0,0.01,1650.0,0.01,1.3,normal,0.0
23,528,31710,0,0,0.0,0.0,0.01,1650.0,0.01,1.3,normal,0.0
23,528,31725,0,0,0.0,0.0,0.01,1650.0,0.01,1.3,normal,0.0
23,529,31740,0,0,0.0,0.0,0.01,1650.0,0.01,1.3,normal,0.0
23,529,31755,0,0,0.0,0.0,0.01,1650.0,0.01,1.3,normal,0.0
23,529,31770,0,0,0.0,0.0,0.01,1650.0,0.01,1.3,normal,0.0
23,529,31785,0,0,0.0,0.0,0.01,1650.0,0.01,1.3,normal,0.0
23,530,31800,12,0,16.8905,16.8905,1.4075,1650.0,4.2,1.3,normal,16.8905
23,530,31815,6,0,16.7184,16.7184,2.7864,1650.0,4.2,1.3,normal,33.6089
23,530,31830,12,0,12.4649,12.4649,1.0387,1650.0,4.2,1.3,normal,46.0738
23,530,31845,17,2,7.8008,3.9004,0.4589,1650.0,4.2,1.3,normal,53.8746
23,531,31860,10,0,42.0,42.0,4.2,1650.0,4.2,1.3,normal,95.8746
23,531,31875,7,0,11.1873,11.1873,1.5982,1650.0,4.2,1.3,normal,107.0619
23,531,31890,14,1,31.2574,31.2574,2.2327,1650.0,4.2,1.3,normal,138.3193
23,531,31905,13,0,54.6,54.6,4.2,1650.0,4.2,1.3,normal,192.9193
23,532,31920,14,0,58.8,58.8,4.2,1650.0,4.2,1.3,normal,251.7193
23,532,31935,6,2,25.2,12.6,4.2,1650.0,4.2,1.3,normal,276.9193
23,532,31950,13,0,28.8426,28.8426,2.2187,1650.0,4.2,1.3,normal,305.7619
23,532,31965,13,0,52.227,52.227,4.0175,1650.0,4.2,1.3,normal,357.9889
23,533,31980,4,0,14.2144,14.2144,3.5536,1650.0,5.04,1.3,normal,372.2033
23,533,31995,19,0,79.0381,79.0381,4.1599,1650.0,5.04,1.3,normal,451.2414
23,533,32010,16,0,57.9343,57.9343,3.6209,1650.0,5.04,1.3,normal,509.1757
23,533,32025,11,0,55.44,55.44,5.04,1650.0,5.04,1.3,normal,564.6157
23,534,32040,11,0,52.4789,52.4789,4.7708,1650.0,5.04,1.3,normal,617.0946
23,534,32055,14,1,46.9289,46.9289,3.3521,1650.0,5.04,1.3,normal,664.0235
23,534,32070,15,0,45.0764,45.0764,3.0051,1650.0,5.04,1.3,normal,709.0999
23,534,32085,10,0,15.7283,15.7283,1.5728,1650.0,5.04,1.3,normal,724.8282
23,535,32100,19,0,107.3733,107.3733,5.6512,1650.0,6.05,1.3,normal,832.2015
23,535,32115,7,0,28.3911,28.3911,4.0559,1650.0,6.05,1.3,normal,860.5926
23,535,32130,17,1,25.2216,25.2216,1.4836,1650.0,6.05,1.3,normal,885.8142
23,535,32145,16,1,22.3568,22.3568,1.3973,1650.0,6.05,1.3,normal,908.171
23,536,32160,0,0,0.0,0.0,0.01,1650.0,0.01,1.3,normal,908.171
23,536,32175,0,0,0.0,0.0,0.01,1650.0,0.01,1.3,normal,908.171
23,536,32190,0,0,0.0,0.0,0.01,1650.0,0.01,1.3,normal,908.171
23,536,32205,0,0,0.0,0.0,0.01,1650.0,0.01,1.3,normal,908.171
23,537,32220,0,0,0.0,0.0,0.01,1650.0,0.01,1.3,normal,908.171
23,537,32235,0,0,0.0,0.0,0.01,1650.0,0.01,1.3,normal,908.171
23,537,32250,0,0,0.0,0.0,0.01,1650.0,0.01,1.3,normal,908.171
23,537,32265,0,0,0.0,0.0,0.01,1650.0,0.01,1.3,normal,908.171
23,538,32280,12,0,25.5748,25.5748,2.1312,1650.0,4.2,1.3,normal,933.7458
23,538,32295,12,1,17.0439,17.0439,1.4203,1650.0,4.2,1.3,normal,950.7897
23,538,32310,17,1,55.0136,55.0136,3.2361,1650.0,4.2,1.3,normal,1005.8033
23,538,32325,12,0,50.4,50.4,4.2,1650.0,4.2,1.3,normal,1056.2033
23,539,32340,14,1,58.3356,58.3356,4.1668,1650.0,4.2,1.3,normal,1114.5389
23,539,32355,17,0,8.0706,8.0706,0.4747,1650.0,4.2,1.3,normal,1122.6095
23,539,32370,12,0,39.3115,39.3115,3.276,1650.0,4.2,1.3,normal,1161.921
23,539,32385,12,0,50.4,50.4,4.2,1650.0,4.2,1.3,normal,1212.321
23,540,32400,14,2,58.8,29.4,4.2,1650.0,4.2,1.3,normal,1271.121
23,540,32415,11,1,46.2,46.2,4.2,1650.0,4.2,1.3,normal,1317.321
23,540,32430,11,1,19.902,19.902,1.8093,1650.0,4.2,1.3,normal,1337.223
23,540,32445,10,0,22.7106,22.7106,2.2711,1650.0,4.2,1.3,normal,1359.9336
23,541,32460,10,0,6.9218,6.9218,0.6922,1650.0,5.04,1.3,normal,1366.8554
23,541,32475,9,0,8.7657,8.7657,0.974,1650.0,5.04,1.3,normal,1375.6211
23,541,32490,11,0,28.9711,28.9711,2.6337,1650.0,5.04,1.3,normal,1404.5922
23,541,32505,20,0,12.2215,12.2215,0.6111,1650.0,5.04,1.3,normal,1416.8137
23,542,32520,7,0,12.374,12.374,1.7677,1650.0,5.04,1.3,normal,1429.1877
23,542,32535,13,0,24.516,24.516,1.8858,1650.0,5.04,1.3,normal,1453.7037
23,542,32550,9,0,3.0095,3.0095,0.3344,1650.0,5.04,1.3,normal,1456.7132
23,542,32565,8,0,39.8416,39.8416,4.9802,1650.0,5.04,1.3,budget_constrained,1496.5548
23,543,32580,23,1,139.15,139.15,6.05,1650.0,6.05,1.3,budget_constrained,1635.7048
23,543,32595,7,1,14.2952,14.2952,2.009,1650.0,6.05,1.3,budget_depleted,1650.0
23,543,32610,0,0,0.0,0.0,0.0,1650.0,6.05,1.3,budget_depleted,1650.0
23,543,32625,0,0,0.0,0.0,0.0,1650.0,6.05,1.3,budget_depleted,1650.0
23,544,32640,0,0,0.0,0.0,0.0,1650.0,0.01,1.3,budget_depleted,1650.0
23,544,32655,0,0,0.0,0.0,0.0,1650.0,0.01,1.3,budget_depleted,1650.0
23,544,32670,0,0,0.0,0.0,0.0,1650.0,0.01,1.3,budget_depleted,1650.0
23,544,32685,0,0,0.0,0.0,0.0,1650.0,0.01,1.3,budget_depleted,1650.0
23,545,32700,0,0,0.0,0.0,0.0,1650.0,0.01,1.3,budget_depleted,1650.0
23,545,32715,0,0,0.0,0.0,0.0,1650.0,0.01,1.3,budget_depleted,1650.0
23,545,32730,0,0,0.0,0.0,0.0,1650.0,0.01,1.3,budget_depleted,1650.0
23,545,32745,0,0,0.0,0.0,0.0,1650.0,0.01,1.3,budget_depleted,1650.0
23,546,32760,0,0,0.0,0.0,0.0,1650.0,4.2,1.3,budget_depleted,1650.0
23,546,32775,0,0,0.0,0.0,0.0,1650.0,4.2,1.3,budget_depleted,1650.0
23,546,32790,0,0,0.0,0.0,0.0,1650.0,4.2,1.3,budget_depleted,1650.0
23,546,32805,0,0,0.0,0.0,0.0,1650.0,4.2,1.3,budget_depleted,1650.0
23,547,32820,0,0,0.0,0.0,0.0,1650.0,4.2,1.3,budget_depleted,1650.0
23,547,32835,0,0,0.0,0.0,0.0,1650.0,4.2,1.3,budget_depleted,1650.0
23,547,32850,0,0,0.0,0.0,0.0,1650.0,4.2,1.3,budget_depleted,1650.0
23,547,32865,0,0,0.0,0.0,0.0,1650.0,4.2,1.3,budget_depleted,1650.0
23,548,32880,0,0,0.0,0.0,0.0,1650.0,4.2,1.3,budget_depleted,1650.0
23,548,32895,0,0,0.0,0.0,0.0,1650.0,4.2,1.3,budget_depleted,1650.0
23,548,32910,0,0,0.0,0.0,0.0,1650.0,4.2,1.3,budget_depleted,1650.0
23,548,32925,0,0,0.0,0.0,0.0,1650.0,4.2,1.3,budget_depleted,1650.0
23,549,32940,0,0,0.0,0.0,0.0,1650.0,4.2,1.3,budget_depleted,1650.0
23,549,32955,0,0,0.0,0.0,0.0,1650.0,4.2,1.3,budget_depleted,1650.0
23,549,32970,0,0,0.0,0.0,0.0,1650.0,4.2,1.3,budget_depleted,1650.0
23,549,32985,0,0,0.0,0.0,0.0,1650.0,4.2,1.3,budget_depleted,1650.0
23,550,33000,0,0,0.0,0.0,0.0,1650.0,4.2,1.3,budget_depleted,1650.0
23,550,33015,0,0,0.0,0.0,0.0,1650.0,4.2,1.3,budget_depleted,1650.0
23,550,33030,0,0,0.0,0.0,0.0,1650.0,4.2,1.3,budget_depleted,1650.0
23,550,33045,0,0,0.0,0.0,0.0,1650.0,4.2,1.3,budget_depleted,1650.0
23,551,33060,0,0,0.0,0.0,0.0,1650.0,2.31,1.3,budget_depleted,1650.0
23,551,33075,0,0,0.0,0.0,0.0,1650.0,2.31,1.3,budget_depleted,1650.0
23,551,33090,0,0,0.0,0.0,0.0,1650.0,2.31,1.3,budget_depleted,1650.0
23,551,33105,0,0,0.0,0.0,0.0,1650.0,2.31,1.3,budget_depleted,1650.0
24,552,33120,0,0,0.0,0.0,0.0,1650.0,2.31,1.3,normal,0.0
24,552,33135,7,1,15.5054,15.5054,2.2151,1650.0,2.31,1.3,normal,15.5054
24,552,33150,13,0,8.5924,8.5924,0.661,1650.0,2.31,1.3,normal,24.0978
24,552,33165,5,0,5.2013,5.2013,1.0403,1650.0,2.31,1.3,normal,29.2991
24,553,33180,6,0,13.86,13.86,2.31,1650.0,2.31,1.3,normal,43.1591
24,553,33195,4,0,9.1967,9.1967,2.2992,1650.0,2.31,1.3,normal,52.3558
24,553,33210,8,1,11.9771,11.9771,1.4971,1650.0,2.31,1.3,normal,64.3329
24,553,33225,4,0,9.2291,9.2291,2.3073,1650.0,2.31,1.3,normal,73.562
24,554,33240,1,0,1.7358,1.7358,1.7358,1650.0,2.31,1.3,normal,75.2978
24,554,33255,1,0,1.1409,1.1409,1.1409,1650.0,2.31,1.3,normal,76.4387
24,554,33270,10,1,7.8946,7.8946,0.7895,1650.0,2.31,1.3,normal,84.3333
24,554,33285,6,1,11.1769,11.1769,1.8628,1650.0,2.31,1.3,normal,95.5102
24,555,33300,12,0,33.24,33.24,2.77,1650.0,2.77,1.3,normal,128.7502
24,555,33315,5,0,13.85,13.85,2.77,1650.0,2.77,1.3,normal,142.6002
24,555,33330,7,1,2.4041,2.4041,0.3434,1650.0,2.77,1.3,normal,145.0043
24,555,33345,5,0,13.85,13.85,2.77,1650.0,2.77,1.3,normal,158.8543
24,556,33360,4,0,11.08,11.08,2.77,1650.0,2.77,1.3,normal,169.9343
24,556,33375,7,0,5.4622,5.4622,0.7803,1650.0,2.77,1.3,normal,175.3965
24,556,33390,9,0,24.93,24.93,2.77,1650.0,2.77,1.3,normal,200.3265
24,556,33405,8,0,22.16,22.16,2.77,1650.0,2.77,1.3,normal,222.4865
24,557,33420,9,0,19.8321,19.8321,2.2036,1650.0,3.32,1.3,normal,242.3186
24,557,33435,8,0,2.0508,2.0508,0.2563,1650.0,3.32,1.3,normal,244.3694
24,557,33450,13,0,10.886,10.886,0.8374,1650.0,3.32,1.3,normal,255.2554
24,557,33465,8,0,17.3777,17.3777,2.1722,1650.0,3.32,1.3,normal,272.6331
24,558,33480,6,0,18.355,18.355,3.0592,1650.0,3.32,1.3,normal,290.9881
24,558,33495,3,0,9.96,9.96,3.32,1650.0,3.32,1.3,normal,300.9481
24,558,33510,7,1,4.6164,4.6164,0.6595,1650.0,3.32,1.3,normal,305.5645
24,558,33525,6,0,19.92,19.92,3.32,1650.0,3.32,1.3,normal,325.4845
24,559,33540,10,0,37.0538,37.0538,3.7054,1650.0,3.72,1.3,normal,362.5383
24,559,33555,8,1,20.0888,20.0888,2.5111,1650.0,3.72,1.3,normal,382.6271
24,559,33570,12,0,1.9355,1.9355,0.1613,1650.0,3.72,1.3,normal,384.5626
24,559,33585,9,1,22.739,22.739,2.5266,1650.0,3.72,1.3,normal,407.3016
24,560,33600,14,0,11.5539,11.5539,0.8253,1650.0,3.72,1.3,normal,418.8555
24,560,33615,10,0,37.2,37.2,3.72,1650.0,3.72,1.3,normal,456.0555
24,560,33630,8,0,0.2503,0.2503,0.0313,1650.0,3.72,1.3,normal,456.3058
24,560,33645,17,0,49.3536,49.3536,2.9032,1650.0,3.72,1.3,normal,505.6594
24,561,33660,10,0,44.6,44.6,4.46,1650.0,4.46,1.3,normal,550.2594
24,561,33675,14,0,11.2897,11.2897,0.8064,1650.0,4.46,1.3,normal,561.5491
24,561,33690,14,1,48.2146,48.2146,3.4439,1650.0,4.46,1.3,normal,609.7637
24,561,33705,12,0,53.52,53.52,4.46,1650.0,4.46,1.3,normal,663.2837
24,562,33720,18,0,24.2889,24.2889,1.3494,1650.0,4.46,1.3,normal,687.5726
24,562,33735,11,0,48.0494,48.0494,4.3681,1650.0,4.46,1.3,normal,735.622
24,562,33750,12,0,27.3937,27.3937,2.2828,1650.0,4.46,1.3,normal,763.0157
24,562,33765,17,2,75.82,37.91,4.46,1650.0,4.46,1.3,normal,838.8357
24,563,33780,15,0,29.9831,29.9831,1.9989,1650.0,4.91,1.3,normal,868.8188
24,563,33795,13,1,27.2174,27.2174,2.0936,1650.0,4.91,1.3,normal,896.0362
24,563,33810,17,0,28.5618,28.5618,1.6801,1650.0,4.91,1.3,normal,924.598
24,563,33825,17,1,1.5847,1.5847,0.0932,1650.0,4.91,1.3,normal,926.1827
24,564,33840,15,0,73.65,73.65,4.91,1650.0,4.91,1.3,normal,999.8327
24,564,33855,19,0,93.29,93.29,4.91,1650.0,4.91,1.3,normal,1093.1227
24,564,33870,10,0,43.9399,43.9399,4.394,1650.0,4.91,1.3,normal,1137.0626
24,564,33885,13,0,8.8823,8.8823,0.6833,1650.0,4.91,1.3,normal,1145.9449
24,565,33900,21,0,4.4627,4.4627,0.2125,1650.0,5.89,1.3,normal,1150.4076
24,565,33915,12,1,50.6059,50.6059,4.2172,1650.0,5.89,1.3,normal,1201.0135
24,565,33930,17,0,67.2916,67.2916,3.9583,1650.0,5.89,1.3,normal,1268.3051
24,565,33945,13,0,30.4094,30.4094,2.3392,1650.0,5.89,1.3,normal,1298.7145
24,566,33960,20,1,36.6645,36.6645,1.8332,1650.0,5.89,1.3,normal,1335.379
24,566,33975,16,0,37.2846,37.2846,2.3303,1650.0,5.89,1.3,normal,1372.6636
24,566,33990,17,1,82.1598,82.1598,4.8329,1650.0,5.89,1.3,normal,1454.8234
24,566,34005,13,0,69.5431,69.5431,5.3495,1650.0,5.89,1.3,budget_constrained,1524.3665
24,567,34020,24,4,63.7694,15.9423,2.6571,1650.0,7.07,1.3,budget_constrained,1588.1359
24,567,34035,17,0,6.4417,6.4417,0.3789,1650.0,7.07,1.3,budget_constrained,1594.5776
24,567,34050,12,0,55.4224,55.4224,4.3168,1650.0,7.07,1.3,budget_depleted,1650.0
24,567,34065,0,0,0.0,0.0,0.0,1650.0,7.07,1.3,budget_depleted,1650.0
24,568,34080,0,0,0.0,0.0,0.0,1650.0,7.07,1.3,budget_depleted,1650.0
24,568,34095,0,0,0.0,0.0,0.0,1650.0,7.07,1.3,budget_depleted,1650.0
24,568,34110,0,0,0.0,0.0,0.0,1650.0,7.07,1.3,budget_depleted,1650.0
24,568,34125,0,0,0.0,0.0,0.0,1650.0,7.07,1.3,budget_depleted,1650.0
24,569,34140,0,0,0.0,0.0,0.0,1650.0,3.24,1.3,budget_depleted,1650.0
24,569,34155,0,0,0.0,0.0,0.0,1650.0,3.24,1.3,budget_depleted,1650.0
24,569,34170,0,0,0.0,0.0,0.0,1650.0,3.24,1.3,budget_depleted,1650.0
24,569,34185,0,0,0.0,0.0,0.0,1650.0,3.24,1.3,budget_depleted,1650.0
24,570,34200,0,0,0.0,0.0,0.0,1650.0,0.01,1.3,budget_depleted,1650.0
24,570,34215,0,0,0.0,0.0,0.0,1650.0,0.01,1.3,budget_depleted,1650.0
24,570,34230,0,0,0.0,0.0,0.0,1650.0,0.01,1.3,budget_depleted,1650.0
24,570,34245,0,0,0.0,0.0,0.0,1650.0,0.01,1.3,budget_depleted,1650.0
24,571,34260,0,0,0.0,0.0,0.0,1650.0,0.01,1.3,budget_depleted,1650.0
24,571,34275,0,0,0.0,0.0,0.0,1650.0,0.01,1.3,budget_depleted,1650.0
24,571,34290,0,0,0.0,0.0,0.0,1650.0,0.01,1.3,budget_depleted,1650.0
24,571,34305,0,0,0.0,0.0,0.0,1650.0,0.01,1.3,budget_depleted,1650.0
24,572,34320,0,0,0.0,0.0,0.0,1650.0,4.2,1.3,budget_depleted,1650.0
24,572,34335,0,0,0.0,0.0,0.0,1650.0,4.2,1.3,budget_depleted,1650.0
24,572,34350,0,0,0.0,0.0,0.0,1650.0,4.2,1.3,budget_depleted,1650.0
24,572,34365,0,0,0.0,0.0,0.0,1650.0,4.2,1.3,budget_depleted,1650.0
24,573,34380,0,0,0.0,0.0,0.0,1650.0,4.2,1.3,budget_depleted,1650.0
24,573,34395,0,0,0.0,0.0,0.0,1650.0,4.2,1.3,budget_depleted,1650.0
24,573,34410,0,0,0.0,0.0,0.0,1650.0,4.2,1.3,budget_depleted,1650.0
24,573,34425,0,0,0.0,0.0,0.0,1650.0,4.2,1.3,budget_depleted,1650.0
24,574,34440,0,0,0.0,0.0,0.0,1650.0,4.2,1.3,budget_depleted,1650.0
24,574,34455,0,0,0.0,0.0,0.0,1650.0,4.2,1.3,budget_depleted,1650.0
24,574,34470,0,0,0.0,0.0,0.0,1650.0,4.2,1.3,budget_depleted,1650.0
24,574,34485,0,0,0.0,0.0,0.0,1650.0,4.2,1.3,budget_depleted,1650.0
24,575,34500,0,0,0.0,0.0,0.0,1650.0,4.2,1.3,budget_depleted,1650.0
24,575,34515,0,0,0.0,0.0,0.0,1650.0,4.2,1.3,budget_depleted,1650.0
24,575,34530,0,0,0.0,0.0,0.0,1650.0,4.2,1.3,budget_depleted,1650.0
24,575,34545,0,0,0.0,0.0,0.0,1650.0,4.2,1.3,budget_depleted,1650.0
25,576,34560,0,0,0.0,0.0,0.0,1650.0,4.2,1.3,normal,0.0
25,576,34575,10,0,8.3635,8.3635,0.8363,1650.0,4.2,1.3,normal,8.3635
25,576,34590,11,0,30.5541,30.5541,2.7776,1650.0,4.2,1.3,normal,38.9176
25,576,34605,11,0,36.2371,36.2371,3.2943,1650.0,4.2,1.3,normal,75.1547
25,577,34620,5,0,11.55,11.55,2.31,1650.0,2.31,1.3,normal,86.7047
25,577,34635,6,0,13.86,13.86,2.31,1650.0,2.31,1.3,normal,100.5647
25,577,34650,10,0,12.059,12.059,1.2059,1650.0,2.31,1.3,normal,112.6237
25,577,34665,6,0,5.8366,5.8366,0.9728,1650.0,2.31,1.3,normal,118.4603
25,578,34680,6,0,13.86,13.86,2.31,1650.0,2.31,1.3,normal,132.3203
25,578,34695,7,0,16.17,16.17,2.31,1650.0,2.31,1.3,normal,148.4903
25,578,34710,7,0,5.5937,5.5937,0.7991,1650.0,2.31,1.3,normal,154.084
25,578,34725,4,0,9.24,9.24,2.31,1650.0,2.31,1.3,normal,163.324
25,579,34740,11,0,13.2833,13.2833,1.2076,1650.0,2.03,1.3,normal,176.6073
25,579,34755,11,0,22.33,22.33,2.03,1650.0,2.03,1.3,normal,198.9373
25,579,34770,7,0,2.8952,2.8952,0.4136,1650.0,2.03,1.3,normal,201.8325
25,579,34785,4,0,6.0066,6.0066,1.5016,1650.0,2.03,1.3,normal,207.8391
25,580,34800,8,3,1.1458,0.3819,0.1432,1650.0,2.03,1.3,normal,208.9849
25,580,34815,3,1,4.436,4.436,1.4787,1650.0,2.03,1.3,normal,213.4209
25,580,34830,9,0,18.27,18.27,2.03,1650.0,2.03,1.3,normal,231.6909
25,580,34845,4,0,8.12,8.12,2.03,1650.0,2.03,1.3,normal,239.8109
25,581,34860,3,1,5.0044,5.0044,1.6681,1650.0,1.79,1.3,normal,244.8153
25,581,34875,2,0,1.4835,1.4835,0.7417,1650.0,1.79,1.3,normal,246.2988
25,581,34890,3,0,5.37,5.37,1.79,1650.0,1.79,1.3,normal,251.6688
25,581,34905,3,0,5.37,5.37,1.79,1650.0,1.79,1.3,normal,257.0388
25,582,34920,3,0,3.416,3.416,1.1387,1650.0,1.79,1.3,normal,260.4548
25,582,34935,4,0,0.5924,0.5924,0.1481,1650.0,1.79,1.3,normal,261.0472
25,582,34950,5,0,8.95,8.95,1.79,1650.0,1.79,1.3,normal,269.9972
25,582,34965,4,0,7.16,7.16,1.79,1650.0,1.79,1.3,normal,277.1572
25,583,34980,5,0,10.5584,10.5584,2.1117,1650.0,2.15,1.3,normal,287.7156
25,583,34995,2,0,2.2751,2.2751,1.1375,1650.0,2.15,1.3,normal,289.9907
25,583,35010,5,0,8.5261,8.5261,1.7052,1650.0,2.15,1.3,normal,298.5168
25,583,35025,2,0,4.3,4.3,2.15,1650.0,2.15,1.3,normal,302.8168
25,584,35040,8,0,17.2,17.2,2.15,1650.0,2.15,1.3,normal,320.0168
25,584,35055,6,0,12.9,12.9,2.15,1650.0,2.15,1.3,normal,332.9168
25,584,35070,2,0,4.1061,4.1061,2.0531,1650.0,2.15,1.3,normal,337.0229
25,584,35085,5,0,6.6662,6.6662,1.3332,1650.0,2.15,1.3,normal,343.6891
25,585,35100,6,0,13.1616,13.1616,2.1936,1650.0,2.8,1.3,normal,356.8507
25,585,35115,4,0,9.7054,9.7054,2.4263,1650.0,2.8,1.3,normal,366.5561
25,585,35130,4,0,1.493,1.493,0.3733,1650.0,2.8,1.3,normal,368.0491
25,585,35145,4,0,3.2154,3.2154,0.8039,1650.0,2.8,1.3,normal,371.2645
25,586,35160,0,0,0.0,0.0,0.01,1650.0,0.01,1.3,normal,371.2645
25,586,35175,0,0,0.0,0.0,0.01,1650.0,0.01,1.3,normal,371.2645
25,586,35190,0,0,0.0,0.0,0.01,1650.0,0.01,1.3,normal,371.2645
25,586,35205,0,0,0.0,0.0,0.01,1650.0,0.01,1.3,normal,371.2645
25,587,35220,0,0,0.0,0.0,0.01,1650.0,0.01,1.3,normal,371.2645
25,587,35235,0,0,0.0,0.0,0.01,1650.0,0.01,1.3,normal,371.2645
25,587,35250,0,0,0.0,0.0,0.01,1650.0,0.01,1.3,normal,371.2645
25,587,35265,0,0,0.0,0.0,0.01,1650.0,0.01,1.3,normal,371.2645
25,588,35280,8,0,18.0824,18.0824,2.2603,1650.0,4.2,1.3,normal,389.3469
25,588,35295,10,1,19.8618,19.8618,1.9862,1650.0,4.2,1.3,normal,409.2087
25,588,35310,6,0,18.55,18.55,3.0917,1650.0,4.2,1.3,normal,427.7587
25,588,35325,4,0,16.8,16.8,4.2,1650.0,4.2,1.3,normal,444.5587
25,589,35340,11,0,46.2,46.2,4.2,1650.0,4.2,1.3,normal,490.7587
25,589,35355,13,2,54.6,27.3,4.2,1650.0,4.2,1.3,normal,545.3587
25,589,35370,10,0,39.9898,39.9898,3.999,1650.0,4.2,1.3,normal,585.3485
25,589,35385,15,0,24.4132,24.4132,1.6275,1650.0,4.2,1.3,normal,609.7617
25,590,35400,14,0,58.8,58.8,4.2,1650.0,4.2,1.3,normal,668.5617
25,590,35415,8,0,9.3466,9.3466,1.1683,1650.0,4.2,1.3,normal,677.9083
25,590,35430,13,0,46.7014,46.7014,3.5924,1650.0,4.2,1.3,normal,724.6097
25,590,35445,13,1,37.5678,37.5678,2.8898,1650.0,4.2,1.3,normal,762.1775
25,591,35460,5,0,21.8566,21.8566,4.3713,1650.0,5.04,1.3,normal,784.0341
25,591,35475,11,1,21.2054,21.2054,1.9278,1650.0,5.04,1.3,normal,805.2395
25,591,35490,14,1,22.1528,22.1528,1.5823,1650.0,5.04,1.3,normal,827.3923
25,591,35505,14,0,41.1513,41.1513,2.9394,1650.0,5.04,1.3,normal,868.5436
25,592,35520,11,1,18.7155,18.7155,1.7014,1650.0,5.04,1.3,normal,887.2591
25,592,35535,11,0,13.9383,13.9383,1.2671,1650.0,5.04,1.3,normal,901.1974
25,592,35550,13,0,20.7464,20.7464,1.5959,1650.0,5.04,1.3,normal,921.9438
25,592,35565,8,0,24.5314,24.5314,3.0664,1650.0,5.04,1.3,normal,946.4752
25,593,35580,18,0,65.6194,65.6194,3.6455,1650.0,6.05,1.3,normal,1012.0946
25,593,35595,19,0,70.3172,70.3172,3.7009,1650.0,6.05,1.3,normal,1082.4118
25,593,35610,16,1,73.4666,73.4666,4.5917,1650.0,6.05,1.3,normal,1155.8784
25,593,35625,16,1,26.5651,26.5651,1.6603,1650.0,6.05,1.3,normal,1182.4435
25,594,35640,25,2,69.0232,34.5116,2.7609,1650.0,6.05,1.3,normal,1251.4667
25,594,35655,17,1,76.7208,76.7208,4.513,1650.0,6.05,1.3,normal,1328.1875
25,594,35670,12,0,51.16,51.16,4.2633,1650.0,6.05,1.3,normal,1379.3475
25,594,35685,18,0,70.3032,70.3032,3.9057,1650.0,6.05,1.3,normal,1449.6507
25,595,35700,20,2,110.5331,55.2666,5.5267,1650.0,7.26,1.3,budget_constrained,1560.1838
25,595,35715,15,1,69.5462,69.5462,4.6364,1650.0,7.26,1.3,budget_constrained,1629.73
25,595,35730,9,1,20.27,20.27,2.1793,1650.0,7.26,1.3,budget_depleted,1650.0
25,595,35745,0,0,0.0,0.0,0.0,1650.0,7.26,1.3,budget_depleted,1650.0
25,596,35760,0,0,0.0,0.0,0.0,1650.0,7.26,1.3,budget_depleted,1650.0
25,596,35775,0,0,0.0,0.0,0.0,1650.0,7.26,1.3,budget_depleted,1650.0
25,596,35790,0,0,0.0,0.0,0.0,1650.0,7.26,1.3,budget_depleted,1650.0
25,596,35805,0,0,0.0,0.0,0.0,1650.0,7.26,1.3,budget_depleted,1650.0
25,597,35820,0,0,0.0,0.0,0.0,1650.0,9.44,1.3,budget_depleted,1650.0
25,597,35835,0,0,0.0,0.0,0.0,1650.0,9.44,1.3,budget_depleted,1650.0
25,597,35850,0,0,0.0,0.0,0.0,1650.0,9.44,1.3,budget_depleted,1650.0
25,597,35865,0,0,0.0,0.0,0.0,1650.0,9.44,1.3,budget_depleted,1650.0
25,598,35880,0,0,0.0,0.0,0.0,1650.0,9.44,1.3,budget_depleted,1650.0
25,598,35895,0,0,0.0,0.0,0.0,1650.0,9.44,1.3,budget_depleted,1650.0
25,598,35910,0,0,0.0,0.0,0.0,1650.0,9.44,1.3,budget_depleted,1650.0
25,598,35925,0,0,0.0,0.0,0.0,1650.0,9.44,1.3,budget_depleted,1650.0
25,599,35940,0,0,0.0,0.0,0.0,1650.0,3.99,1.3,budget_depleted,1650.0
25,599,35955,0,0,0.0,0.0,0.0,1650.0,3.99,1.3,budget_depleted,1650.0
25,599,35970,0,0,0.0,0.0,0.0,1650.0,3.99,1.3,budget_depleted,1650.0
25,599,35985,0,0,0.0,0.0,0.0,1650.0,3.99,1.3,budget_depleted,1650.0
26,600,36000,0,0,0.0,0.0,0.0,1650.0,3.99,1.3,normal,0.0
26,600,36015,14,0,13.82,13.82,0.9871,1650.0,3.99,1.3,normal,13.82
26,600,36030,8,0,30.8658,30.8658,3.8582,1650.0,3.99,1.3,normal,44.6858
26,600,36045,12,1,45.2375,45.2375,3.7698,1650.0,3.99,1.3,normal,89.9233
26,601,36060,14,1,57.7322,57.7322,4.1237,1650.0,4.79,1.3,normal,147.6555
26,601,36075,7,1,0.0992,0.0992,0.0142,1650.0,4.79,1.3,normal,147.7547
26,601,36090,15,2,60.3027,30.1513,4.0202,1650.0,4.79,1.3,normal,208.0574
26,601,36105,13,2,14.093,7.0465,1.0841,1650.0,4.79,1.3,normal,222.1504
26,602,36120,13,2,15.4722,7.7361,1.1902,1650.0,4.79,1.3,normal,237.6226
26,602,36135,10,1,13.184,13.184,1.3184,1650.0,4.79,1.3,normal,250.8066
26,602,36150,11,0,51.5768,51.5768,4.6888,1650.0,4.79,1.3,normal,302.3834
26,602,36165,17,0,27.3591,27.3591,1.6094,1650.0,4.79,1.3,normal,329.7425
26,603,36180,18,0,31.2589,31.2589,1.7366,1650.0,6.23,1.3,normal,361.0014
26,603,36195,15,2,78.5944,39.2972,5.2396,1650.0,6.23,1.3,normal,439.5958
26,603,36210,12,1,10.2515,10.2515,0.8543,1650.0,6.23,1.3,normal,449.8473
26,603,36225,15,0,73.3382,73.3382,4.8892,1650.0,6.23,1.3,normal,523.1855
26,604,36240,16,0,65.4585,65.4585,4.0912,1650.0,6.23,1.3,normal,588.644
26,604,36255,19,0,58.222,58.222,3.0643,1650.0,6.23,1.3,normal,646.866
26,604,36270,20,0,56.5872,56.5872,2.8294,1650.0,6.23,1.3,normal,703.4532
26,604,36285,11,0,26.9388,26.9388,2.449,1650.0,6.23,1.3,normal,730.392
26,605,36300,26,0,111.4699,111.4699,4.2873,1650.0,7.48,1.3,normal,841.8619
26,605,36315,12,0,21.4259,21.4259,1.7855,1650.0,7.48,1.3,normal,863.2878
26,605,36330,23,1,29.5228,29.5228,1.2836,1650.0,7.48,1.3,normal,892.8106
26,605,36345,18,1,111.4414,111.4414,6.1912,1650.0,7.48,1.3,normal,1004.252
26,606,36360,0,0,0.0,0.0,0.01,1650.0,0.01,1.3,normal,1004.252
26,606,36375,0,0,0.0,0.0,0.01,1650.0,0.01,1.3,normal,1004.252
26,606,36390,0,0,0.0,0.0,0.01,1650.0,0.01,1.3,normal,1004.252
26,606,36405,0,0,0.0,0.0,0.01,1650.0,0.01,1.3,normal,1004.252
26,607,36420,0,0,0.0,0.0,0.01,1650.0,0.01,1.3,normal,1004.252
26,607,36435,0,0,0.0,0.0,0.01,1650.0,0.01,1.3,normal,1004.252
26,607,36450,0,0,0.0,0.0,0.01,1650.0,0.01,1.3,normal,1004.252
26,607,36465,0,0,0.0,0.0,0.01,1650.0,0.01,1.3,normal,1004.252
26,608,36480,5,0,10.6556,10.6556,2.1311,1650.0,4.2,1.3,normal,1014.9076
26,608,36495,9,0,37.8,37.8,4.2,1650.0,4.2,1.3,normal,1052.7076
26,608,36510,16,0,39.9227,39.9227,2.4952,1650.0,4.2,1.3,normal,1092.6303
26,608,36525,11,0,16.8425,16.8425,1.5311,1650.0,4.2,1.3,normal,1109.4728
26,609,36540,21,0,79.5682,79.5682,3.789,1650.0,4.2,1.3,normal,1189.041
26,609,36555,9,0,33.1141,33.1141,3.6793,1650.0,4.2,1.3,normal,1222.1551
26,609,36570,12,1,42.3914,42.3914,3.5326,1650.0,4.2,1.3,normal,1264.5465
26,609,36585,11,0,2.9119,2.9119,0.2647,1650.0,4.2,1.3,normal,1267.4584
26,610,36600,11,1,39.7832,39.7832,3.6167,1650.0,4.2,1.3,normal,1307.2416
26,610,36615,11,0,9.4627,9.4627,0.8602,1650.0,4.2,1.3,normal,1316.7043
26,610,36630,12,0,32.3007,32.3007,2.6917,1650.0,4.2,1.3,normal,1349.005
26,610,36645,6,0,1.2724,1.2724,0.2121,1650.0,4.2,1.3,normal,1350.2774
26,611,36660,16,1,41.9769,41.9769,2.6236,1650.0,5.46,1.3,normal,1392.2543
26,611,36675,9,0,49.14,49.14,5.46,1650.0,5.46,1.3,normal,1441.3943
26,611,36690,15,0,26.5034,26.5034,1.7669,1650.0,5.46,1.3,normal,1467.8977
26,611,36705,7,1,9.5721,9.5721,1.3674,1650.0,5.46,1.3,normal,1477.4698
26,612,36720,0,0,0.0,0.0,0.01,1650.0,0.01,1.3,normal,1477.4698
26,612,36735,0,0,0.0,0.0,0.01,1650.0,0.01,1.3,normal,1477.4698
26,612,36750,0,0,0.0,0.0,0.01,1650.0,0.01,1.3,normal,1477.4698
26,612,36765,0,0,0.0,0.0,0.01,1650.0,0.01,1.3,normal,1477.4698
26,613,36780,0,0,0.0,0.0,0.01,1650.0,0.01,1.3,normal,1477.4698
26,613,36795,0,0,0.0,0.0,0.01,1650.0,0.01,1.3,normal,1477.4698
26,613,36810,0,0,0.0,0.0,0.01,1650.0,0.01,1.3,normal,1477.4698
26,613,36825,0,0,0.0,0.0,0.01,1650.0,0.01,1.3,normal,1477.4698
26,614,36840,15,1,61.7375,61.7375,4.1158,1650.0,4.2,1.3,budget_constrained,1539.2073
26,614,36855,17,2,2.1284,1.0642,0.1252,1650.0,4.2,1.3,budget_constrained,1541.3357
26,614,36870,12,0,38.2947,38.2947,3.1912,1650.0,4.2,1.3,budget_constrained,1579.6304
26,614,36885,4,0,16.8,16.8,4.2,1650.0,4.2,1.3,budget_constrained,1596.4304
26,615,36900,9,1,37.8,37.8,4.2,1650.0,4.2,1.3,budget_constrained,1634.2304
26,615,36915,15,2,15.7696,7.8848,1.0464,1650.0,4.2,1.3,budget_depleted,1650.0
26,615,36930,0,0,0.0,0.0,0.0,1650.0,4.2,1.3,budget_depleted,1650.0
26,615,36945,0,0,0.0,0.0,0.0,1650.0,4.2,1.3,budget_depleted,1650.0
26,616,36960,0,0,0.0,0.0,0.0,1650.0,4.2,1.3,budget_depleted,1650.0
26,616,36975,0,0,0.0,0.0,0.0,1650.0,4.2,1.3,budget_depleted,1650.0
26,616,36990,0,0,0.0,0.0,0.0,1650.0,4.2,1.3,budget_depleted,1650.0
26,616,37005,0,0,0.0,0.0,0.0,1650.0,4.2,1.3,budget_depleted,1650.0
26,617,37020,0,0,0.0,0.0,0.0,1650.0,4.2,1.3,budget_depleted,1650.0
26,617,37035,0,0,0.0,0.0,0.0,1650.0,4.2,1.3,budget_depleted,1650.0
26,617,37050,0,0,0.0,0.0,0.0,1650.0,4.2,1.3,budget_depleted,1650.0
26,617,37065,0,0,0.0,0.0,0.0,1650.0,4.2,1.3,budget_depleted,1650.0
26,618,37080,0,0,0.0,0.0,0.0,1650.0,4.2,1.3,budget_depleted,1650.0
26,618,37095,0,0,0.0,0.0,0.0,1650.0,4.2,1.3,budget_depleted,1650.0
26,618,37110,0,0,0.0,0.0,0.0,1650.0,4.2,1.3,budget_depleted,1650.0
26,618,37125,0,0,0.0,0.0,0.0,1650.0,4.2,1.3,budget_depleted,1650.0
26,619,37140,0,0,0.0,0.0,0.0,1650.0,2.31,1.3,budget_depleted,1650.0
26,619,37155,0,0,0.0,0.0,0.0,1650.0,2.31,1.3,budget_depleted,1650.0
26,619,37170,0,0,0.0,0.0,0.0,1650.0,2.31,1.3,budget_depleted,1650.0
26,619,37185,0,0,0.0,0.0,0.0,1650.0,2.31,1.3,budget_depleted,1650.0
26,620,37200,0,0,0.0,0.0,0.0,1650.0,2.31,1.3,budget_depleted,1650.0
26,620,37215,0,0,0.0,0.0,0.0,1650.0,2.31,1.3,budget_depleted,1650.0
26,620,37230,0,0,0.0,0.0,0.0,1650.0,2.31,1.3,budget_depleted,1650.0
26,620,37245,0,0,0.0,0.0,0.0,1650.0,2.31,1.3,budget_depleted,1650.0
26,621,37260,0,0,0.0,0.0,0.0,1650.0,2.31,1.3,budget_depleted,1650.0
26,621,37275,0,0,0.0,0.0,0.0,1650.0,2.31,1.3,budget_depleted,1650.0
26,621,37290,0,0,0.0,0.0,0.0,1650.0,2.31,1.3,budget_depleted,1650.0
26,621,37305,0,0,0.0,0.0,0.0,1650.0,2.31,1.3,budget_depleted,1650.0
26,622,37320,0,0,0.0,0.0,0.0,1650.0,2.31,1.3,budget_depleted,1650.0
26,622,37335,0,0,0.0,0.0,0.0,1650.0,2.31,1.3,budget_depleted,1650.0
26,622,37350,0,0,0.0,0.0,0.0,1650.0,2.31,1.3,budget_depleted,1650.0
26,622,37365,0,0,0.0,0.0,0.0,1650.0,2.31,1.3,budget_depleted,1650.0
26,623,37380,0,0,0.0,0.0,0.0,1650.0,1.4,1.3,budget_depleted,1650.0
26,623,37395,0,0,0.0,0.0,0.0,1650.0,1.4,1.3,budget_depleted,1650.0
26,623,37410,0,0,0.0,0.0,0.0,1650.0,1.4,1.3,budget_depleted,1650.0
26,623,37425,0,0,0.0,0.0,0.0,1650.0,1.4,1.3,budget_depleted,1650.0
27,624,37440,0,0,0.0,0.0,0.0,1650.0,0.01,1.3,normal,0.0
27,624,37455,0,0,0.0,0.0,0.01,1650.0,0.01,1.3,normal,0.0
27,624,37470,0,0,0.0,0.0,0.01,1650.0,0.01,1.3,normal,0.0
27,624,37485,0,0,0.0,0.0,0.01,1650.0,0.01,1.3,normal,0.0
27,625,37500,1,0,0.01,0.01,0.01,1650.0,0.01,1.0,normal,0.01
27,625,37515,0,0,0.0,0.0,0.01,1650.0,0.01,1.0,normal,0.01
27,625,37530,0,0,0.0,0.0,0.01,1650.0,0.01,1.0,normal,0.01
27,625,37545,0,0,0.0,0.0,0.01,1650.0,0.01,1.0,normal,0.01
27,626,37560,18,0,70.2113,70.2113,3.9006,1650.0,4.2,1.0,normal,70.2213
27,626,37575,10,1,5.2679,5.2679,0.5268,1650.0,4.2,1.0,normal,75.4892
27,626,37590,19,0,79.8,79.8,4.2,1650.0,4.2,1.0,normal,155.2892
27,626,37605,13,0,35.7277,35.7277,2.7483,1650.0,4.2,1.0,normal,191.0169
27,627,37620,5,0,19.5887,19.5887,3.9177,1650.0,4.2,1.0,normal,210.6056
27,627,37635,8,1,33.6,33.6,4.2,1650.0,4.2,1.0,normal,244.2056
27,627,37650,15,0,44.3143,44.3143,2.9543,1650.0,4.2,1.0,normal,288.5199
27,627,37665,7,0,3.0371,3.0371,0.4339,1650.0,4.2,1.0,normal,291.557
27,628,37680,13,1,4.418,4.418,0.3398,1650.0,4.2,1.0,normal,295.975
27,628,37695,15,0,63.0,63.0,4.2,1650.0,4.2,1.0,normal,358.975
27,628,37710,11,0,37.75,37.75,3.4318,1650.0,4.2,1.0,normal,396.725
27,628,37725,12,0,2.8767,2.8767,0.2397,1650.0,4.2,1.0,normal,399.6017
27,629,37740,11,1,46.2,46.2,4.2,1650.0,4.2,1.0,normal,445.8017
27,629,37755,11,0,10.8837,10.8837,0.9894,1650.0,4.2,1.0,normal,456.6854
27,629,37770,12,1,20.4186,20.4186,1.7015,1650.0,4.2,1.0,normal,477.104
27,629,37785,7,0,7.961,7.961,1.1373,1650.0,4.2,1.0,normal,485.065
27,630,37800,7,1,25.3838,25.3838,3.6263,1650.0,4.2,1.0,normal,510.4488
27,630,37815,12,1,23.3278,23.3278,1.944,1650.0,4.2,1.0,normal,533.7766
27,630,37830,7,0,29.4,29.4,4.2,1650.0,4.2,1.0,normal,563.1766
27,630,37845,10,0,20.9274,20.9274,2.0927,1650.0,4.2,1.0,normal,584.104
27,631,37860,9,1,19.6171,19.6171,2.1797,1650.0,4.62,1.0,normal,603.7211
27,631,37875,11,0,50.82,50.82,4.62,1650.0,4.62,1.0,normal,654.5411
27,631,37890,15,0,0.3035,0.3035,0.0202,1650.0,4.62,1.0,normal,654.8446
27,631,37905,11,0,50.82,50.82,4.62,1650.0,4.62,1.0,normal,705.6646
27,632,37920,15,1,2.0098,2.0098,0.134,1650.0,4.62,1.0,normal,707.6744
27,632,37935,18,1,42.0072,42.0072,2.3337,1650.0,4.62,1.0,normal,749.6816
27,632,37950,10,0,46.2,46.2,4.62,1650.0,4.62,1.0,normal,795.8816
27,632,37965,19,1,15.4182,15.4182,0.8115,1650.0,4.62,1.0,normal,811.2998
27,633,37980,11,0,45.1814,45.1814,4.1074,1650.0,4.83,1.0,normal,856.4812
27,633,37995,22,0,106.26,106.26,4.83,1650.0,4.83,1.0,normal,962.7412
27,633,38010,14,0,60.2475,60.2475,4.3034,1650.0,4.83,1.0,normal,1022.9887
27,633,38025,18,2,80.6982,40.3491,4.4832,1650.0,4.83,1.0,normal,1103.6869
27,634,38040,9,0,43.47,43.47,4.83,1650.0,4.83,1.0,normal,1147.1569
27,634,38055,8,0,12.3273,12.3273,1.5409,1650.0,4.83,1.0,normal,1159.4842
27,634,38070,16,1,12.1929,12.1929,0.7621,1650.0,4.83,1.0,normal,1171.6771
27,634,38085,7,0,27.9557,27.9557,3.9937,1650.0,4.83,1.0,normal,1199.6328
27,635,38100,17,0,90.27,90.27,5.31,1650.0,5.31,1.0,normal,1289.9028
27,635,38115,15,0,73.8435,73.8435,4.9229,1650.0,5.31,1.0,normal,1363.7463
27,635,38130,9,0,3.9598,3.9598,0.44,1650.0,5.31,1.0,normal,1367.7061
27,635,38145,15,0,20.4515,20.4515,1.3634,1650.0,5.31,1.0,normal,1388.1576
27,636,38160,0,0,0.0,0.0,5.31,1000.0,5.31,1.0,budget_depleted,1388.1576
27,636,38175,0,0,0.0,0.0,0.0,1000.0,5.31,1.0,budget_depleted,1388.1576
27,636,38190,0,0,0.0,0.0,0.0,1000.0,5.31,1.0,budget_depleted,1388.1576
27,636,38205,0,0,0.0,0.0,0.0,1000.0,5.31,1.0,budget_depleted,1388.1576
27,637,38220,0,0,0.0,0.0,0.0,1000.0,5.55,1.0,budget_depleted,1388.1576
27,637,38235,0,0,0.0,0.0,0.0,1000.0,5.55,1.0,budget_depleted,1388.1576
27,637,38250,0,0,0.0,0.0,0.0,1000.0,5.55,1.0,budget_depleted,1388.1576
27,637,38265,0,0,0.0,0.0,0.0,1000.0,5.55,1.0,budget_depleted,1388.1576
27,638,38280,0,0,0.0,0.0,0.0,1000.0,5.55,1.0,budget_depleted,1388.1576
27,638,38295,0,0,0.0,0.0,0.0,1000.0,5.55,1.0,budget_depleted,1388.1576
27,638,38310,0,0,0.0,0.0,0.0,1000.0,5.55,1.0,budget_depleted,1388.1576
27,638,38325,0,0,0.0,0.0,0.0,1000.0,5.55,1.0,budget_depleted,1388.1576
27,639,38340,0,0,0.0,0.0,0.0,1000.0,0.8,1.0,budget_depleted,1388.1576
27,639,38355,0,0,0.0,0.0,0.0,1000.0,0.8,1.0,budget_depleted,1388.1576
27,639,38370,0,0,0.0,0.0,0.0,1000.0,0.8,1.0,budget_depleted,1388.1576
27,639,38385,0,0,0.0,0.0,0.0,1000.0,0.8,1.0,budget_depleted,1388.1576
27,640,38400,0,0,0.0,0.0,0.0,1000.0,0.8,1.0,budget_depleted,1388.1576
27,640,38415,0,0,0.0,0.0,0.0,1000.0,0.8,1.0,budget_depleted,1388.1576
27,640,38430,0,0,0.0,0.0,0.0,1000.0,0.8,1.0,budget_depleted,1388.1576
27,640,38445,0,0,0.0,0.0,0.0,1000.0,0.8,1.0,budget_depleted,1388.1576
27,641,38460,0,0,0.0,0.0,0.0,1000.0,0.72,1.0,budget_depleted,1388.1576
27,641,38475,0,0,0.0,0.0,0.0,1000.0,0.72,1.0,budget_depleted,1388.1576
27,641,38490,0,0,0.0,0.0,0.0,1000.0,0.72,1.0,budget_depleted,1388.1576
27,641,38505,0,0,0.0,0.0,0.0,1000.0,0.72,1.0,budget_depleted,1388.1576
27,642,38520,0,0,0.0,0.0,0.0,1000.0,0.72,1.0,budget_depleted,1388.1576
27,642,38535,0,0,0.0,0.0,0.0,1000.0,0.72,1.0,budget_depleted,1388.1576
27,642,38550,0,0,0.0,0.0,0.0,1000.0,0.72,1.0,budget_depleted,1388.1576
27,642,38565,0,0,0.0,0.0,0.0,1000.0,0.72,1.0,budget_depleted,1388.1576
27,643,38580,0,0,0.0,0.0,0.0,1000.0,0.5,1.0,budget_depleted,1388.1576
27,643,38595,0,0,0.0,0.0,0.0,1000.0,0.5,1.0,budget_depleted,1388.1576
27,643,38610,0,0,0.0,0.0,0.0,1000.0,0.5,1.0,budget_depleted,1388.1576
27,643,38625,0,0,0.0,0.0,0.0,1000.0,0.5,1.0,budget_depleted,1388.1576
27,644,38640,0,0,0.0,0.0,0.0,1000.0,0.5,1.0,budget_depleted,1388.1576
27,644,38655,0,0,0.0,0.0,0.0,1000.0,0.5,1.0,budget_depleted,1388.1576
27,644,38670,0,0,0.0,0.0,0.0,1000.0,0.5,1.0,budget_depleted,1388.1576
27,644,38685,0,0,0.0,0.0,0.0,1000.0,0.5,1.0,budget_depleted,1388.1576
27,645,38700,0,0,0.0,0.0,0.0,1000.0,0.5,1.0,budget_depleted,1388.1576
27,645,38715,0,0,0.0,0.0,0.0,1000.0,0.5,1.0,budget_depleted,1388.1576
27,645,38730,0,0,0.0,0.0,0.0,1000.0,0.5,1.0,budget_depleted,1388.1576
27,645,38745,0,0,0.0,0.0,0.0,1000.0,0.5,1.0,budget_depleted,1388.1576
27,646,38760,0,0,0.0,0.0,0.0,1000.0,0.5,1.0,budget_depleted,1388.1576
27,646,38775,0,0,0.0,0.0,0.0,1000.0,0.5,1.0,budget_depleted,1388.1576
27,646,38790,0,0,0.0,0.0,0.0,1000.0,0.5,1.0,budget_depleted,1388.1576
27,646,38805,0,0,0.0,0.0,0.0,1000.0,0.5,1.0,budget_depleted,1388.1576
27,647,38820,0,0,0.0,0.0,0.0,1000.0,0.5,1.0,budget_depleted,1388.1576
27,647,38835,0,0,0.0,0.0,0.0,1000.0,0.5,1.0,budget_depleted,1388.1576
27,647,38850,0,0,0.0,0.0,0.0,1000.0,0.5,1.0,budget_depleted,1388.1576
27,647,38865,0,0,0.0,0.0,0.0,1000.0,0.5,1.0,budget_depleted,1388.1576
28,648,38880,0,0,0.0,0.0,0.0,1000.0,0.5,1.0,normal,0.0
28,648,38895,1,0,0.5,0.5,0.5,1000.0,0.5,1.0,normal,0.5
28,648,38910,1,0,0.5,0.5,0.5,1000.0,0.5,1.0,normal,1.0
28,648,38925,1,0,0.5,0.5,0.5,1000.0,0.5,1.0,normal,1.5
28,649,38940,1,0,0.5,0.5,0.5,1000.0,0.5,1.0,normal,2.0
28,649,38955,0,0,0.0,0.0,0.5,1000.0,0.5,1.0,normal,2.0
28,649,38970,2,0,1.0,1.0,0.5,1000.0,0.5,1.0,normal,3.0
28,649,38985,0,0,0.0,0.0,0.3202,1000.0,0.5,1.0,normal,3.0
28,650,39000,1,0,0.5,0.5,0.5,1000.0,0.5,1.0,normal,3.5
28,650,39015,1,0,0.5,0.5,0.5,1000.0,0.5,1.0,normal,4.0
28,650,39030,0,0,0.0,0.0,0.5,1000.0,0.5,1.0,normal,4.0
28,650,39045,0,0,0.0,0.0,0.5,1000.0,0.5,1.0,normal,4.0
28,651,39060,1,0,0.5,0.5,0.5,1000.0,0.5,1.0,normal,4.5
28,651,39075,1,0,0.0065,0.0065,0.0065,1000.0,0.5,1.0,normal,4.5065
28,651,39090,0,0,0.0,0.0,0.5,1000.0,0.5,1.0,normal,4.5065
28,651,39105,1,0,0.5,0.5,0.5,1000.0,0.5,1.0,normal,5.0065
28,652,39120,0,0,0.0,0.0,0.65,1000.0,0.65,1.0,normal,5.0065
28,652,39135,3,0,1.95,1.95,0.65,1000.0,0.65,1.0,normal,6.9565
28,652,39150,0,0,0.0,0.0,0.65,1000.0,0.65,1.0,normal,6.9565
28,652,39165,2,0,1.0381,1.0381,0.519,1000.0,0.65,1.0,normal,7.9946
28,653,39180,2,0,1.3,1.3,0.65,1000.0,0.65,1.0,normal,9.2946
28,653,39195,3,0,1.95,1.95,0.65,1000.0,0.65,1.0,normal,11.2446
28,653,39210,2,0,0.6975,0.6975,0.3488,1000.0,0.65,1.0,normal,11.9421
28,653,39225,3,0,1.95,1.95,0.65,1000.0,0.65,1.0,normal,13.8921
28,654,39240,1,0,0.5278,0.5278,0.5278,1000.0,0.65,1.0,normal,14.4199
28,654,39255,1,0,0.65,0.65,0.65,1000.0,0.65,1.0,normal,15.0699
28,654,39270,1,0,0.4572,0.4572,0.4572,1000.0,0.65,1.0,normal,15.5271
28,654,39285,1,0,0.65,0.65,0.65,1000.0,0.65,1.0,normal,16.1771
28,655,39300,4,0,2.6,2.6,0.65,1000.0,0.65,1.0,normal,18.7771
28,655,39315,2,0,1.3,1.3,0.65,1000.0,0.65,1.0,normal,20.0771
28,655,39330,0,0,0.0,0.0,0.65,1000.0,0.65,1.0,normal,20.0771
28,655,39345,3,0,1.95,1.95,0.65,1000.0,0.65,1.0,normal,22.0271
28,656,39360,1,0,0.65,0.65,0.65,1000.0,0.65,1.0,normal,22.6771
28,656,39375,3,0,1.95,1.95,0.65,1000.0,0.65,1.0,normal,24.6271
28,656,39390,0,0,0.0,0.0,0.65,1000.0,0.65,1.0,normal,24.6271
28,656,39405,1,0,0.65,0.65,0.65,1000.0,0.65,1.0,normal,25.2771
28,657,39420,5,0,3.15,3.15,0.63,1000.0,0.63,1.0,normal,28.4271
28,657,39435,1,0,0.63,0.63,0.63,1000.0,0.63,1.0,normal,29.0571
28,657,39450,2,0,1.26,1.26,0.63,1000.0,0.63,1.0,normal,30.3171
28,657,39465,0,0,0.0,0.0,0.63,1000.0,0.63,1.0,normal,30.3171
28,658,39480,2,0,1.22,1.22,0.61,1000.0,0.61,1.0,normal,31.5371
28,658,39495,3,0,1.83,1.83,0.61,1000.0,0.61,1.0,normal,33.3671
28,658,39510,1,0,0.0151,0.0151,0.0151,1000.0,0.61,1.0,normal,33.3822
28,658,39525,1,0,0.61,0.61,0.61,1000.0,0.61,1.0,normal,33.9922
28,659,39540,1,0,0.59,0.59,0.59,1000.0,0.59,1.0,normal,34.5822
28,659,39555,1,0,0.59,0.59,0.59,1000.0,0.59,1.0,normal,35.1722
28,659,39570,1,0,0.3713,0.3713,0.3713,1000.0,0.59,1.0,normal,35.5435
28,659,39585,3,0,1.77,1.77,0.59,1000.0,0.59,1.0,normal,37.3135
28,660,39600,0,0,0.0,0.0,0.59,1000.0,0.59,1.0,normal,37.3135
28,660,39615,2,0,1.18,1.18,0.59,1000.0,0.59,1.0,normal,38.4935
28,660,39630,3,0,1.77,1.77,0.59,1000.0,0.59,1.0,normal,40.2635
28,660,39645,0,0,0.0,0.0,0.59,1000.0,0.59,1.0,normal,40.2635
28,661,39660,0,0,0.0,0.0,0.56,1000.0,0.56,1.0,normal,40.2635
28,661,39675,0,0,0.0,0.0,0.56,1000.0,0.56,1.0,normal,40.2635
28,661,39690,1,0,0.3249,0.3249,0.3249,1000.0,0.56,1.0,normal,40.5884
28,661,39705,0,0,0.0,0.0,0.56,1000.0,0.56,1.0,normal,40.5884
28,662,39720,2,0,1.06,1.06,0.53,1000.0,0.53,1.0,normal,41.6484
28,662,39735,0,0,0.0,0.0,0.53,1000.0,0.53,1.0,normal,41.6484
28,662,39750,2,0,1.06,1.06,0.53,1000.0,0.53,1.0,normal,42.7084
28,662,39765,1,0,0.1047,0.1047,0.1047,1000.0,0.53,1.0,normal,42.8131
28,663,39780,1,0,0.5,0.5,0.5,1000.0,0.5,1.0,normal,43.3131
28,663,39795,2,0,1.0,1.0,0.5,1000.0,0.5,1.0,normal,44.3131
28,663,39810,3,0,0.5907,0.5907,0.1969,1000.0,0.5,1.0,normal,44.9038
28,663,39825,5,0,2.5,2.5,0.5,1000.0,0.5,1.0,normal,47.4038
28,664,39840,1,0,0.65,0.65,0.65,1000.0,0.65,1.0,normal,48.0538
28,664,39855,3,0,1.8841,1.8841,0.628,1000.0,0.65,1.0,normal,49.9379
28,664,39870,2,0,1.3,1.3,0.65,1000.0,0.65,1.0,normal,51.2379
28,664,39885,2,0,1.3,1.3,0.65,1000.0,0.65,1.0,normal,52.5379
28,665,39900,0,0,0.0,0.0,0.65,1000.0,0.65,1.0,normal,52.5379
28,665,39915,3,0,1.95,1.95,0.65,1000.0,0.65,1.0,normal,54.4879
28,665,39930,1,0,0.65,0.65,0.65,1000.0,0.65,1.0,normal,55.1379
28,665,39945,2,0,0.1639,0.1639,0.082,1000.0,0.65,1.0,normal,55.3018
28,666,39960,5,0,3.25,3.25,0.65,1000.0,0.65,1.0,normal,58.5518
28,666,39975,3,0,1.95,1.95,0.65,1000.0,0.65,1.0,normal,60.5018
28,666,39990,0,0,0.0,0.0,0.65,1000.0,0.65,1.0,normal,60.5018
28,666,40005,2,0,1.3,1.3,0.65,1000.0,0.65,1.0,normal,61.8018
28,667,40020,0,0,0.0,0.0,0.4393,1000.0,0.65,1.0,normal,61.8018
28,667,40035,1,0,0.65,0.65,0.65,1000.0,0.65,1.0,normal,62.4518
28,667,40050,1,0,0.65,0.65,0.65,1000.0,0.65,1.0,normal,63.1018
28,667,40065,0,0,0.0,0.0,0.65,1000.0,0.65,1.0,normal,63.1018
28,668,40080,0,0,0.0,0.0,0.2087,1000.0,0.65,1.0,normal,63.1018
28,668,40095,2,1,1.3,1.3,0.65,1000.0,0.65,1.0,normal,64.4018
28,668,40110,4,1,2.6,2.6,0.65,1000.0,0.65,1.0,normal,67.0018
28,668,40125,1,0,0.65,0.65,0.65,1000.0,0.65,1.0,normal,67.6518
28,669,40140,0,0,0.0,0.0,0.61,1000.0,0.61,1.0,normal,67.6518
28,669,40155,1,0,0.61,0.61,0.61,1000.0,0.61,1.0,normal,68.2618
28,669,40170,1,0,0.61,0.61,0.61,1000.0,0.61,1.0,normal,68.8718
28,669,40185,2,0,1.22,1.22,0.61,1000.0,0.61,1.0,normal,70.0918
28,670,40200,1,0,0.56,0.56,0.56,1000.0,0.56,1.0,normal,70.6518
28,670,40215,2,0,1.12,1.12,0.56,1000.0,0.56,1.0,normal,71.7718
28,670,40230,2,0,0.7151,0.7151,0.3576,1000.0,0.56,1.0,normal,72.4869
28,670,40245,1,0,0.2902,0.2902,0.2902,1000.0,0.56,1.0,normal,72.7771
28,671,40260,1,0,0.52,0.52,0.52,1000.0,0.52,1.0,normal,73.2971
28,671,40275,1,0,0.52,0.52,0.52,1000.0,0.52,1.0,normal,73.8171
28,671,40290,2,1,0.8009,0.8009,0.4005,1000.0,0.52,1.0,normal,74.618
28,671,40305,1,0,0.52,0.52,0.52,1000.0,0.52,1.0,normal,75.138
29,672,40320,4,0,2.08,2.08,0.52,1000.0,0.52,1.0,normal,2.08
29,672,40335,0,0,0.0,0.0,0.52,1000.0,0.52,1.0,normal,2.08
29,672,40350,1,0,0.52,0.52,0.52,1000.0,0.52,1.0,normal,2.6
29,672,40365,1,0,0.52,0.52,0.52,1000.0,0.52,1.0,normal,3.12
29,673,40380,1,0,0.54,0.54,0.54,1000.0,0.54,1.0,normal,3.66
29,673,40395,1,0,0.38,0.38,0.38,1000.0,0.54,1.0,normal,4.04
29,673,40410,2,0,1.08,1.08,0.54,1000.0,0.54,1.0,normal,5.12
29,673,40425,2,0,1.08,1.08,0.54,1000.0,0.54,1.0,normal,6.2
29,674,40440,1,0,0.3667,0.3667,0.3667,1000.0,0.56,1.0,normal,6.5667
29,674,40455,0,0,0.0,0.0,0.56,1000.0,0.56,1.0,normal,6.5667
29,674,40470,4,0,2.24,2.24,0.56,1000.0,0.56,1.0,normal,8.8067
29,674,40485,3,1,1.68,1.68,0.56,1000.0,0.56,1.0,normal,10.4867
29,675,40500,1,0,0.58,0.58,0.58,1000.0,0.58,1.0,normal,11.0667
29,675,40515,2,0,1.16,1.16,0.58,1000.0,0.58,1.0,normal,12.2267
29,675,40530,2,0,0.9217,0.9217,0.4608,1000.0,0.58,1.0,normal,13.1484
29,675,40545,0,0,0.0,0.0,0.3966,1000.0,0.58,1.0,normal,13.1484
29,676,40560,5,0,2.9,2.9,0.58,1000.0,0.58,1.0,normal,16.0484
29,676,40575,1,0,0.58,0.58,0.58,1000.0,0.58,1.0,normal,16.6284
29,676,40590,0,0,0.0,0.0,0.58,1000.0,0.58,1.0,normal,16.6284
29,676,40605,1,0,0.58,0.58,0.58,1000.0,0.58,1.0,normal,17.2084
29,677,40620,1,0,0.6,0.6,0.6,1000.0,0.6,1.0,normal,17.8084
29,677,40635,3,0,1.4291,1.4291,0.4764,1000.0,0.6,1.0,normal,19.2375
29,677,40650,2,0,1.2,1.2,0.6,1000.0,0.6,1.0,normal,20.4375
29,677,40665,0,0,0.0,0.0,0.5284,1000.0,0.6,1.0,normal,20.4375
29,678,40680,3,0,1.86,1.86,0.62,1000.0,0.62,1.0,normal,22.2975
29,678,40695,3,0,1.86,1.86,0.62,1000.0,0.62,1.0,normal,24.1575
29,678,40710,1,0,0.62,0.62,0.62,1000.0,0.62,1.0,normal,24.7775
29,678,40725,4,1,2.48,2.48,0.62,1000.0,0.62,1.0,normal,27.2575
29,679,40740,0,0,0.0,0.0,0.64,1000.0,0.64,1.0,normal,27.2575
29,679,40755,3,0,1.4861,1.4861,0.4954,1000.0,0.64,1.0,normal,28.7436
29,679,40770,4,0,1.4665,1.4665,0.3666,1000.0,0.64,1.0,normal,30.2101
29,679,40785,4,0,2.56,2.56,0.64,1000.0,0.64,1.0,normal,32.7701
29,680,40800,1,0,0.7071,0.7071,0.7071,1000.0,0.83,1.0,normal,33.4772
29,680,40815,4,0,3.32,3.32,0.83,1000.0,0.83,1.0,normal,36.7972
29,680,40830,0,0,0.0,0.0,0.83,1000.0,0.83,1.0,normal,36.7972
29,680,40845,0,0,0.0,0.0,0.83,1000.0,0.83,1.0,normal,36.7972
29,681,40860,2,0,1.5546,1.5546,0.7773,1000.0,0.86,1.0,normal,38.3518
29,681,40875,1,0,0.86,0.86,0.86,1000.0,0.86,1.0,normal,39.2118
29,681,40890,3,0,2.3849,2.3849,0.795,1000.0,0.86,1.0,normal,41.5967
29,681,40905,0,0,0.0,0.0,0.86,1000.0,0.86,1.0,normal,41.5967
29,682,40920,1,0,0.2808,0.2808,0.2808,1000.0,0.89,1.0,normal,41.8775
29,682,40935,3,0,2.67,2.67,0.89,1000.0,0.89,1.0,normal,44.5475
29,682,40950,1,0,0.89,0.89,0.89,1000.0,0.89,1.0,normal,45.4375
29,682,40965,1,0,0.5797,0.5797,0.5797,1000.0,0.89,1.0,normal,46.0172
29,683,40980,1,0,0.92,0.92,0.92,1000.0,0.92,1.0,normal,46.9372
29,683,40995,3,0,2.76,2.76,0.92,1000.0,0.92,1.0,normal,49.6972
29,683,41010,2,0,1.84,1.84,0.92,1000.0,0.92,1.0,normal,51.5372
29,683,41025,1,0,0.92,0.92,0.92,1000.0,0.92,1.0,normal,52.4572
29,684,41040,0,0,0.0,0.0,0.83,1000.0,0.83,1.0,normal,52.4572
29,684,41055,2,0,1.66,1.66,0.83,1000.0,0.83,1.0,normal,54.1172
29,684,41070,3,0,2.49,2.49,0.83,1000.0,0.83,1.0,normal,56.6072
29,684,41085,0,0,0.0,0.0,0.83,1000.0,0.83,1.0,normal,56.6072
29,685,41100,2,0,1.72,1.72,0.86,1000.0,0.86,1.0,normal,58.3272
29,685,41115,3,0,2.58,2.58,0.86,1000.0,0.86,1.0,normal,60.9072
29,685,41130,1,0,0.86,0.86,0.86,1000.0,0.86,1.0,normal,61.7672
29,685,41145,2,0,1.72,1.72,0.86,1000.0,0.86,1.0,normal,63.4872
29,686,41160,7,0,6.23,6.23,0.89,1000.0,0.89,1.0,normal,69.7172
29,686,41175,4,0,3.56,3.56,0.89,1000.0,0.89,1.0,normal,73.2772
29,686,41190,2,0,1.78,1.78,0.89,1000.0,0.89,1.0,normal,75.0572
29,686,41205,1,0,0.89,0.89,0.89,1000.0,0.89,1.0,normal,75.9472
29,687,41220,6,0,5.52,5.52,0.92,1000.0,0.92,1.0,normal,81.4672
29,687,41235,8,0,0.3513,0.3513,0.0439,1000.0,0.92,1.0,normal,81.8185
29,687,41250,1,0,0.92,0.92,0.92,1000.0,0.92,1.0,normal,82.7385
29,687,41265,4,0,0.3316,0.3316,0.0829,1000.0,0.92,1.0,normal,83.0701
29,688,41280,2,0,1.84,1.84,0.92,1000.0,0.92,1.0,normal,84.9101
29,688,41295,2,0,0.3552,0.3552,0.1776,1000.0,0.92,1.0,normal,85.2653
29,688,41310,2,0,0.0356,0.0356,0.0178,1000.0,0.92,1.0,normal,85.3009
29,688,41325,1,0,0.92,0.92,0.92,1000.0,0.92,1.0,normal,86.2209
29,689,41340,2,0,1.9,1.9,0.95,1000.0,0.95,1.0,normal,88.1209
29,689,41355,2,0,1.9,1.9,0.95,1000.0,0.95,1.0,normal,90.0209
29,689,41370,1,0,0.0569,0.0569,0.0569,1000.0,0.95,1.0,normal,90.0778
29,689,41385,2,1,1.2937,1.2937,0.6468,1000.0,0.95,1.0,normal,91.3715
29,690,41400,3,0,2.94,2.94,0.98,1000.0,0.98,1.0,normal,94.3115
29,690,41415,0,0,0.0,0.0,0.98,1000.0,0.98,1.0,normal,94.3115
29,690,41430,1,0,0.98,0.98,0.98,1000.0,0.98,1.0,normal,95.2915
29,690,41445,5,0,4.9,4.9,0.98,1000.0,0.98,1.0,normal,100.1915
29,691,41460,2,0,2.02,2.02,1.01,1000.0,1.01,1.0,normal,102.2115
29,691,41475,5,0,5.05,5.05,1.01,1000.0,1.01,1.0,normal,107.2615
29,691,41490,2,0,2.02,2.02,1.01,1000.0,1.01,1.0,normal,109.2815
29,691,41505,1,0,1.01,1.01,1.01,1000.0,1.01,1.0,normal,110.2915
29,692,41520,1,0,1.01,1.01,1.01,1000.0,1.01,1.0,normal,111.3015
29,692,41535,3,0,2.4043,2.4043,0.8014,1000.0,1.01,1.0,normal,113.7058
29,692,41550,1,0,1.01,1.01,1.01,1000.0,1.01,1.0,normal,114.7158
29,692,41565,4,0,1.9841,1.9841,0.496,1000.0,1.01,1.0,normal,116.6999
29,693,41580,5,0,3.9559,3.9559,0.7912,1000.0,1.04,1.0,normal,120.6558
29,693,41595,2,0,2.08,2.08,1.04,1000.0,1.04,1.0,normal,122.7358
29,693,41610,2,0,2.08,2.08,1.04,1000.0,1.04,1.0,normal,124.8158
29,693,41625,4,0,0.2902,0.2902,0.0726,1000.0,1.04,1.0,normal,125.106
29,694,41640,2,0,2.16,2.16,1.08,1000.0,1.08,1.0,normal,127.266
29,694,41655,1,0,1.08,1.08,1.08,1000.0,1.08,1.0,normal,128.346
29,694,41670,2,0,0.243,0.243,0.1215,1000.0,1.08,1.0,normal,128.589
29,694,41685,2,0,1.5829,1.5829,0.7914,1000.0,1.08,1.0,normal,130.1719
29,695,41700,4,0,4.44,4.44,1.11,1000.0,1.11,1.0,normal,134.6119
29,695,41715,1,0,0.9651,0.9651,0.9651,1000.0,1.11,1.0,normal,135.577
29,695,41730,7,1,7.77,7.77,1.11,1000.0,1.11,1.0,normal,143.347
29,695,41745,2,0,0.691,0.691,0.3455,1000.0,1.11,1.0,normal,144.038
30,696,41760,5,0,5.55,5.55,1.11,1000.0,1.11,1.0,normal,5.55
30,696,41775,4,0,4.44,4.44,1.11,1000.0,1.11,1.0,normal,9.99
30,696,41790,1,0,0.9799,0.9799,0.9799,1000.0,1.11,1.0,normal,10.9699
30,696,41805,1,0,0.3253,0.3253,0.3253,1000.0,1.11,1.0,normal,11.2952
30,697,41820,1,0,1.14,1.14,1.14,1000.0,1.14,1.0,normal,12.4352
30,697,41835,1,0,1.14,1.14,1.14,1000.0,1.14,1.0,normal,13.5752
30,697,41850,2,0,2.28,2.28,1.14,1000.0,1.14,1.0,normal,15.8552
30,697,41865,2,0,2.28,2.28,1.14,1000.0,1.14,1.0,normal,18.1352
30,698,41880,2,0,2.34,2.34,1.17,1000.0,1.17,1.0,normal,20.4752
30,698,41895,1,0,0.1016,0.1016,0.1016,1000.0,1.17,1.0,normal,20.5768
30,698,41910,4,0,4.68,4.68,1.17,1000.0,1.17,1.0,normal,25.2568
30,698,41925,4,0,4.68,4.68,1.17,1000.0,1.17,1.0,normal,29.9368
30,699,41940,2,0,1.0286,1.0286,0.5143,1000.0,1.2,1.0,normal,30.9654
30,699,41955,5,0,1.859,1.859,0.3718,1000.0,1.2,1.0,normal,32.8244
30,699,41970,3,0,3.6,3.6,1.2,1000.0,1.2,1.0,normal,36.4244
30,699,41985,1,0,1.2,1.2,1.2,1000.0,1.2,1.0,normal,37.6244
30,700,42000,4,0,5.2,5.2,1.3,1000.0,1.3,1.0,normal,42.8244
30,700,42015,4,0,5.2,5.2,1.3,1000.0,1.3,1.0,normal,48.0244
30,700,42030,1,0,0.8118,0.8118,0.8118,1000.0,1.3,1.0,normal,48.8362
30,700,42045,1,0,1.3,1.3,1.3,1000.0,1.3,1.0,normal,50.1362
30,701,42060,1,0,1.0784,1.0784,1.0784,1000.0,1.33,1.0,normal,51.2146
30,701,42075,3,1,3.99,3.99,1.33,1000.0,1.33,1.0,normal,55.2046
30,701,42090,5,0,6.0171,6.0171,1.2034,1000.0,1.33,1.0,normal,61.2217
30,701,42105,1,0,1.33,1.33,1.33,1000.0,1.33,1.0,normal,62.5517
30,702,42120,3,0,3.1431,3.1431,1.0477,1000.0,1.36,1.0,normal,65.6948
30,702,42135,2,0,2.5194,2.5194,1.2597,1000.0,1.36,1.0,normal,68.2142
30,702,42150,4,0,4.9895,4.9895,1.2474,1000.0,1.36,1.0,normal,73.2037
30,702,42165,4,0,4.2403,4.2403,1.0601,1000.0,1.36,1.0,normal,77.444
30,703,42180,4,0,5.56,5.56,1.39,1000.0,1.39,1.0,normal,83.004
30,703,42195,5,1,2.878,2.878,0.5756,1000.0,1.39,1.0,normal,85.882
30,703,42210,4,0,3.3578,3.3578,0.8395,1000.0,1.39,1.0,normal,89.2398
30,703,42225,6,0,8.34,8.34,1.39,1000.0,1.39,1.0,normal,97.5798
30,704,42240,4,0,5.56,5.56,1.39,1000.0,1.39,1.0,normal,103.1398
30,704,42255,3,0,1.0791,1.0791,0.3597,1000.0,1.39,1.0,normal,104.2189
30,704,42270,3,0,4.17,4.17,1.39,1000.0,1.39,1.0,normal,108.3889
30,704,42285,5,0,6.95,6.95,1.39,1000.0,1.39,1.0,normal,115.3389
30,705,42300,2,0,2.2096,2.2096,1.1048,1000.0,1.45,1.0,normal,117.5485
30,705,42315,6,0,8.7,8.7,1.45,1000.0,1.45,1.0,normal,126.2485
30,705,42330,2,1,2.9,2.9,1.45,1000.0,1.45,1.0,normal,129.1485
30,705,42345,2,0,2.9,2.9,1.45,1000.0,1.45,1.0,normal,132.0485
30,706,42360,7,1,10.5,10.5,1.5,1000.0,1.5,1.0,normal,142.5485
30,706,42375,1,0,1.234,1.234,1.234,1000.0,1.5,1.0,normal,143.7825
30,706,42390,4,0,6.0,6.0,1.5,1000.0,1.5,1.0,normal,149.7825
30,706,42405,5,0,7.4551,7.4551,1.491,1000.0,1.5,1.0,normal,157.2376
30,707,42420,4,0,6.24,6.24,1.56,1000.0,1.56,1.0,normal,163.4776
30,707,42435,5,0,7.8,7.8,1.56,1000.0,1.56,1.0,normal,171.2776
30,707,42450,5,0,6.0785,6.0785,1.2157,1000.0,1.56,1.0,normal,177.3561
30,707,42465,6,0,9.36,9.36,1.56,1000.0,1.56,1.0,normal,186.7161
30,708,42480,4,0,6.24,6.24,1.56,1000.0,1.56,1.0,normal,192.9561
30,708,42495,2,0,3.12,3.12,1.56,1000.0,1.56,1.0,normal,196.0761
30,708,42510,3,0,4.68,4.68,1.56,1000.0,1.56,1.0,normal,200.7561
30,708,42525,7,0,5.3528,5.3528,0.7647,1000.0,1.56,1.0,normal,206.1089
30,709,42540,1,0,1.62,1.62,1.62,1000.0,1.62,1.0,normal,207.7289
30,709,42555,2,0,1.9897,1.9897,0.9949,1000.0,1.62,1.0,normal,209.7186
30,709,42570,6,0,3.3439,3.3439,0.5573,1000.0,1.62,1.0,normal,213.0625
30,709,42585,3,0,4.86,4.86,1.62,1000.0,1.62,1.0,normal,217.9225
30,710,42600,4,0,6.76,6.76,1.69,1000.0,1.69,1.0,normal,224.6825
30,710,42615,3,0,5.07,5.07,1.69,1000.0,1.69,1.0,normal,229.7525
30,710,42630,2,0,3.38,3.38,1.69,1000.0,1.69,1.0,normal,233.1325
30,710,42645,4,0,3.3588,3.3588,0.8397,1000.0,1.69,1.0,normal,236.4913
30,711,42660,4,0,6.5796,6.5796,1.6449,1000.0,1.75,1.0,normal,243.0709
30,711,42675,1,0,1.1511,1.1511,1.1511,1000.0,1.75,1.0,normal,244.222
30,711,42690,2,0,1.2607,1.2607,0.6303,1000.0,1.75,1.0,normal,245.4827
30,711,42705,3,0,5.25,5.25,1.75,1000.0,1.75,1.0,normal,250.7327
30,712,42720,3,0,4.68,4.68,1.56,1000.0,1.56,1.0,normal,255.4127
30,712,42735,6,0,9.36,9.36,1.56,1000.0,1.56,1.0,normal,264.7727
30,712,42750,2,0,2.1326,2.1326,1.0663,1000.0,1.56,1.0,normal,266.9053
30,712,42765,4,0,3.8167,3.8167,0.9542,1000.0,1.56,1.0,normal,270.722
30,713,42780,8,0,7.4947,7.4947,0.9368,1000.0,1.62,1.0,normal,278.2167
30,713,42795,4,0,6.48,6.48,1.62,1000.0,1.62,1.0,normal,284.6967
30,713,42810,3,0,4.123,4.123,1.3743,1000.0,1.62,1.0,normal,288.8197
30,713,42825,7,0,0.1325,0.1325,0.0189,1000.0,1.62,1.0,normal,288.9522
30,714,42840,4,0,6.76,6.76,1.69,1000.0,1.69,1.0,normal,295.7122
30,714,42855,2,0,0.1189,0.1189,0.0595,1000.0,1.69,1.0,normal,295.8311
30,714,42870,4,0,6.76,6.76,1.69,1000.0,1.69,1.0,normal,302.5911
30,714,42885,1,0,1.69,1.69,1.69,1000.0,1.69,1.0,normal,304.2811
30,715,42900,5,0,3.1811,3.1811,0.6362,1000.0,2.27,1.0,normal,307.4622
30,715,42915,4,2,9.08,4.54,2.27,1000.0,2.27,1.0,normal,316.5422
30,715,42930,5,0,11.1251,11.1251,2.225,1000.0,2.27,1.0,normal,327.6673
30,715,42945,3,0,6.81,6.81,2.27,1000.0,2.27,1.0,normal,334.4773
30,716,42960,7,0,1.1526,1.1526,0.1647,1000.0,2.27,1.0,normal,335.6299
30,716,42975,6,0,13.62,13.62,2.27,1000.0,2.27,1.0,normal,349.2499
30,716,42990,7,0,15.89,15.89,2.27,1000.0,2.27,1.0,normal,365.1399
30,716,43005,6,0,10.6657,10.6657,1.7776,1000.0,2.27,1.0,normal,375.8056
30,717,43020,4,0,9.4,9.4,2.35,1000.0,2.35,1.0,normal,385.2056
30,717,43035,4,0,9.4,9.4,2.35,1000.0,2.35,1.0,normal,394.6056
30,717,43050,4,0,5.4981,5.4981,1.3745,1000.0,2.35,1.0,normal,400.1037
30,717,43065,9,0,21.15,21.15,2.35,1000.0,2.35,1.0,normal,421.2537
30,718,43080,8,0,19.328,19.328,2.416,1000.0,2.42,1.0,normal,440.5817
30,718,43095,6,0,14.52,14.52,2.42,1000.0,2.42,1.0,normal,455.1017
30,718,43110,6,0,14.52,14.52,2.42,1000.0,2.42,1.0,normal,469.6217
30,718,43125,7,0,5.1477,5.1477,0.7354,1000.0,2.42,1.0,normal,474.7694
30,719,43140,8,0,1.1691,1.1691,0.1461,1000.0,2.5,1.0,normal,475.9385
30,719,43155,6,0,13.7672,13.7672,2.2945,1000.0,2.5,1.0,normal,489.7057
30,719,43170,6,0,15.0,15.0,2.5,1000.0,2.5,1.0,normal,504.7057
30,719,43185,11,0,27.0773,27.0773,2.4616,1000.0,2.5,1.0,normal,531.783
31,720,43200,5,0,2.8674,2.8674,0.5735,1000.0,2.5,1.0,normal,2.8674
31,720,43215,5,0,4.5671,4.5671,0.9134,1000.0,2.5,1.0,normal,7.4345
31,720,43230,3,0,1.0249,1.0249,0.3416,1000.0,2.5,1.0,normal,8.4594
31,720,43245,3,0,1.5704,1.5704,0.5235,1000.0,2.5,1.0,normal,10.0298
31,721,43260,2,0,2.5841,2.5841,1.2921,1000.0,2.58,1.0,normal,12.6139
31,721,43275,9,0,13.7619,13.7619,1.5291,1000.0,2.58,1.0,normal,26.3758
31,721,43290,5,1,6.8397,6.8397,1.3679,1000.0,2.58,1.0,normal,33.2155
31,721,43305,10,0,13.2086,13.2086,1.3209,1000.0,2.58,1.0,normal,46.4241
31,722,43320,9,0,23.94,23.94,2.66,1000.0,2.66,1.0,normal,70.3641
31,722,43335,6,1,15.96,15.96,2.66,1000.0,2.66,1.0,normal,86.3241
31,722,43350,3,0,2.0871,2.0871,0.6957,1000.0,2.66,1.0,normal,88.4112
31,722,43365,7,0,10.4592,10.4592,1.4942,1000.0,2.66,1.0,normal,98.8704
31,723,43380,9,1,29.25,29.25,3.25,1000.0,3.25,1.0,normal,128.1204
31,723,43395,4,0,3.656,3.656,0.914,1000.0,3.25,1.0,normal,131.7764
31,723,43410,9,0,5.0312,5.0312,0.559,1000.0,3.25,1.0,normal,136.8076
31,723,43425,6,0,19.5,19.5,3.25,1000.0,3.25,1.0,normal,156.3076
31,724,43440,4,0,13.0,13.0,3.25,1000.0,3.25,1.0,normal,169.3076
31,724,43455,8,0,4.5706,4.5706,0.5713,1000.0,3.25,1.0,normal,173.8782
31,724,43470,11,0,29.0352,29.0352,2.6396,1000.0,3.25,1.0,normal,202.9134
31,724,43485,8,1,15.4073,15.4073,1.9259,1000.0,3.25,1.0,normal,218.3207
31,725,43500,9,0,10.1889,10.1889,1.1321,1000.0,3.36,1.0,normal,228.5096
31,725,43515,12,0,6.3727,6.3727,0.5311,1000.0,3.36,1.0,normal,234.8823
31,725,43530,10,0,27.3903,27.3903,2.739,1000.0,3.36,1.0,normal,262.2726
31,725,43545,10,0,33.6,33.6,3.36,1000.0,3.36,1.0,normal,295.8726
31,726,43560,8,0,11.0658,11.0658,1.3832,1000.0,3.47,1.0,normal,306.9384
31,726,43575,10,0,4.5587,4.5587,0.4559,1000.0,3.47,1.0,normal,311.4971
31,726,43590,16,0,21.4698,21.4698,1.3419,1000.0,3.47,1.0,normal,332.9669
31,726,43605,6,0,2.1779,2.1779,0.363,1000.0,3.47,1.0,normal,335.1448
31,727,43620,8,0,28.64,28.64,3.58,1000.0,3.58,1.0,normal,363.7848
31,727,43635,6,0,21.48,21.48,3.58,1000.0,3.58,1.0,normal,385.2648
31,727,43650,10,0,27.4473,27.4473,2.7447,1000.0,3.58,1.0,normal,412.7121
31,727,43665,14,1,10.4001,10.4001,0.7429,1000.0,3.58,1.0,normal,423.1122
31,728,43680,2,0,2.7087,2.7087,1.3544,1000.0,3.58,1.0,normal,425.8209
31,728,43695,6,0,10.8016,10.8016,1.8003,1000.0,3.58,1.0,normal,436.6225
31,728,43710,15,0,27.8935,27.8935,1.8596,1000.0,3.58,1.0,normal,464.516
31,728,43725,8,0,28.64,28.64,3.58,1000.0,3.58,1.0,normal,493.156
31,729,43740,8,0,24.27,24.27,3.0337,1000.0,3.72,1.0,normal,517.426
31,729,43755,8,0,27.4872,27.4872,3.4359,1000.0,3.72,1.0,normal,544.9132
31,729,43770,12,1,29.8326,29.8326,2.4861,1000.0,3.72,1.0,normal,574.7458
31,729,43785,15,0,7.488,7.488,0.4992,1000.0,3.72,1.0,normal,582.2338
31,730,43800,16,0,2.1019,2.1019,0.1314,1000.0,3.87,1.0,normal,584.3357
31,730,43815,10,0,38.7,38.7,3.87,1000.0,3.87,1.0,normal,623.0357
31,730,43830,8,0,14.9131,14.9131,1.8641,1000.0,3.87,1.0,normal,637.9488
31,730,43845,9,0,34.83,34.83,3.87,1000.0,3.87,1.0,normal,672.7788
31,731,43860,9,0,35.4007,35.4007,3.9334,1000.0,4.01,1.0,normal,708.1795
31,731,43875,7,0,23.8061,23.8061,3.4009,1000.0,4.01,1.0,normal,731.9856
31,731,43890,7,1,28.07,28.07,4.01,1000.0,4.01,1.0,normal,760.0556
31,731,43905,6,0,24.06,24.06,4.01,1000.0,4.01,1.0,normal,784.1156
31,732,43920,10,0,40.1,40.1,4.01,1000.0,4.01,1.0,normal,824.2156
31,732,43935,11,0,37.1538,37.1538,3.3776,1000.0,4.01,1.0,normal,861.3694
31,732,43950,11,0,44.11,44.11,4.01,1000.0,4.01,1.0,budget_constrained,905.4794
31,732,43965,9,0,36.09,36.09,4.01,1000.0,4.01,1.0,budget_constrained,941.5694
31,733,43980,10,0,7.2814,7.2814,0.7281,1000.0,3.63,1.0,budget_constrained,948.8508
31,733,43995,10,0,22.4785,22.4785,2.2478,1000.0,3.63,1.0,budget_constrained,971.3293
31,733,44010,6,0,12.2579,12.2579,2.043,1000.0,3.63,1.0,budget_constrained,983.5872
31,733,44025,12,1,11.0968,11.0968,0.9247,1000.0,3.63,1.0,budget_constrained,994.684
31,734,44040,2,0,5.316,5.316,2.0625,1000.0,3.25,1.0,budget_depleted,1000.0
31,734,44055,0,0,0.0,0.0,0.0,1000.0,3.25,1.0,budget_depleted,1000.0
31,734,44070,0,0,0.0,0.0,0.0,1000.0,3.25,1.0,budget_depleted,1000.0
31,734,44085,0,0,0.0,0.0,0.0,1000.0,3.25,1.0,budget_depleted,1000.0
31,735,44100,0,0,0.0,0.0,0.0,1000.0,2.86,1.0,budget_depleted,1000.0
31,735,44115,0,0,0.0,0.0,0.0,1000.0,2.86,1.0,budget_depleted,1000.0
31,735,44130,0,0,0.0,0.0,0.0,1000.0,2.86,1.0,budget_depleted,1000.0
31,735,44145,0,0,0.0,0.0,0.0,1000.0,2.86,1.0,budget_depleted,1000.0
31,736,44160,0,0,0.0,0.0,0.0,1000.0,2.86,1.0,budget_depleted,1000.0
31,736,44175,0,0,0.0,0.0,0.0,1000.0,2.86,1.0,budget_depleted,1000.0
31,736,44190,0,0,0.0,0.0,0.0,1000.0,2.86,1.0,budget_depleted,1000.0
31,736,44205,0,0,0.0,0.0,0.0,1000.0,2.86,1.0,budget_depleted,1000.0
31,737,44220,0,0,0.0,0.0,0.0,1000.0,2.35,1.0,budget_depleted,1000.0
31,737,44235,0,0,0.0,0.0,0.0,1000.0,2.35,1.0,budget_depleted,1000.0
31,737,44250,0,0,0.0,0.0,0.0,1000.0,2.35,1.0,budget_depleted,1000.0
31,737,44265,0,0,0.0,0.0,0.0,1000.0,2.35,1.0,budget_depleted,1000.0
31,738,44280,0,0,0.0,0.0,0.0,1000.0,1.92,1.0,budget_depleted,1000.0
31,738,44295,0,0,0.0,0.0,0.0,1000.0,1.92,1.0,budget_depleted,1000.0
31,738,44310,0,0,0.0,0.0,0.0,1000.0,1.92,1.0,budget_depleted,1000.0
31,738,44325,0,0,0.0,0.0,0.0,1000.0,1.92,1.0,budget_depleted,1000.0
31,739,44340,0,0,0.0,0.0,0.0,1000.0,1.2,1.0,budget_depleted,1000.0
31,739,44355,0,0,0.0,0.0,0.0,1000.0,1.2,1.0,budget_depleted,1000.0
31,739,44370,0,0,0.0,0.0,0.0,1000.0,1.2,1.0,budget_depleted,1000.0
31,739,44385,0,0,0.0,0.0,0.0,1000.0,1.2,1.0,budget_depleted,1000.0
31,740,44400,0,0,0.0,0.0,0.0,1000.0,1.2,1.0,budget_depleted,1000.0
31,740,44415,0,0,0.0,0.0,0.0,1000.0,1.2,1.0,budget_depleted,1000.0
31,740,44430,0,0,0.0,0.0,0.0,1000.0,1.2,1.0,budget_depleted,1000.0
31,740,44445,0,0,0.0,0.0,0.0,1000.0,1.2,1.0,budget_depleted,1000.0
31,741,44460,0,0,0.0,0.0,0.0,1000.0,1.09,1.0,budget_depleted,1000.0
31,741,44475,0,0,0.0,0.0,0.0,1000.0,1.09,1.0,budget_depleted,1000.0
31,741,44490,0,0,0.0,0.0,0.0,1000.0,1.09,1.0,budget_depleted,1000.0
31,741,44505,0,0,0.0,0.0,0.0,1000.0,1.09,1.0,budget_depleted,1000.0
31,742,44520,0,0,0.0,0.0,0.0,1000.0,0.97,1.0,budget_depleted,1000.0
31,742,44535,0,0,0.0,0.0,0.0,1000.0,0.97,1.0,budget_depleted,1000.0
31,742,44550,0,0,0.0,0.0,0.0,1000.0,0.97,1.0,budget_depleted,1000.0
31,742,44565,0,0,0.0,0.0,0.0,1000.0,0.97,1.0,budget_depleted,1000.0
31,743,44580,0,0,0.0,0.0,0.0,1000.0,0.86,1.0,budget_depleted,1000.0
31,743,44595,0,0,0.0,0.0,0.0,1000.0,0.86,1.0,budget_depleted,1000.0
31,743,44610,0,0,0.0,0.0,0.0,1000.0,0.86,1.0,budget_depleted,1000.0
31,743,44625,0,0,0.0,0.0,0.0,1000.0,0.86,1.0,budget_depleted,1000.0
32,744,44640,0,0,0.0,0.0,0.0,1000.0,0.86,1.0,normal,0.0
32,744,44655,2,0,1.72,1.72,0.86,1000.0,0.86,1.0,normal,1.72
32,744,44670,0,0,0.0,0.0,0.86,1000.0,0.86,1.0,normal,1.72
32,744,44685,4,0,3.44,3.44,0.86,1000.0,0.86,1.0,normal,5.16
32,745,44700,2,0,0.0979,0.0979,0.0489,1000.0,0.8,1.0,normal,5.2579
32,745,44715,1,0,0.3036,0.3036,0.3036,1000.0,0.8,1.0,normal,5.5615
32,745,44730,2,1,1.6,1.6,0.8,1000.0,0.8,1.0,normal,7.1615
32,745,44745,2,0,1.6,1.6,0.8,1000.0,0.8,1.0,normal,8.7615
32,746,44760,2,0,1.5,1.5,0.75,1000.0,0.75,1.0,normal,10.2615
32,746,44775,1,0,0.0719,0.0719,0.0719,1000.0,0.75,1.0,normal,10.3334
32,746,44790,2,0,1.5,1.5,0.75,1000.0,0.75,1.0,normal,11.8334
32,746,44805,2,0,0.8551,0.8551,0.4276,1000.0,0.75,1.0,normal,12.6885
32,747,44820,1,0,0.69,0.69,0.69,1000.0,0.69,1.0,normal,13.3785
32,747,44835,2,0,1.38,1.38,0.69,1000.0,0.69,1.0,normal,14.7585
32,747,44850,3,1,2.07,2.07,0.69,1000.0,0.69,1.0,normal,16.8285
32,747,44865,2,0,1.38,1.38,0.69,1000.0,0.69,1.0,normal,18.2085
32,748,44880,0,0,0.0,0.0,0.69,1000.0,0.69,1.0,normal,18.2085
32,748,44895,1,0,0.69,0.69,0.69,1000.0,0.69,1.0,normal,18.8985
32,748,44910,2,0,1.38,1.38,0.69,1000.0,0.69,1.0,normal,20.2785
32,748,44925,2,0,1.38,1.38,0.69,1000.0,0.69,1.0,normal,21.6585
32,749,44940,1,0,0.4828,0.4828,0.4828,1000.0,0.75,1.0,normal,22.1413
32,749,44955,1,0,0.3141,0.3141,0.3141,1000.0,0.75,1.0,normal,22.4554
32,749,44970,1,0,0.1708,0.1708,0.1708,1000.0,0.75,1.0,normal,22.6262
32,749,44985,1,0,0.75,0.75,0.75,1000.0,0.75,1.0,normal,23.3762
32,750,45000,3,0,1.7985,1.7985,0.5995,1000.0,0.8,1.0,normal,25.1747
32,750,45015,3,0,2.4,2.4,0.8,1000.0,0.8,1.0,normal,27.5747
32,750,45030,2,0,0.095,0.095,0.0475,1000.0,0.8,1.0,normal,27.6697
32,750,45045,1,0,0.8,0.8,0.8,1000.0,0.8,1.0,normal,28.4697
32,751,45060,3,0,1.7034,1.7034,0.5678,1000.0,0.86,1.0,normal,30.1731
32,751,45075,2,0,1.72,1.72,0.86,1000.0,0.86,1.0,normal,31.8931
32,751,45090,1,0,0.86,0.86,0.86,1000.0,0.86,1.0,normal,32.7531
32,751,45105,2,0,1.72,1.72,0.86,1000.0,0.86,1.0,normal,34.4731
32,752,45120,1,0,0.69,0.69,0.69,1000.0,0.69,1.0,normal,35.1631
32,752,45135,1,0,0.69,0.69,0.69,1000.0,0.69,1.0,normal,35.8531
32,752,45150,2,0,1.38,1.38,0.69,1000.0,0.69,1.0,normal,37.2331
32,752,45165,2,0,1.38,1.38,0.69,1000.0,0.69,1.0,normal,38.6131
32,753,45180,4,0,2.6507,2.6507,0.6627,1000.0,0.75,1.0,normal,41.2638
32,753,45195,1,0,0.75,0.75,0.75,1000.0,0.75,1.0,normal,42.0138
32,753,45210,2,0,0.316,0.316,0.158,1000.0,0.75,1.0,normal,42.3298
32,753,45225,1,0,0.75,0.75,0.75,1000.0,0.75,1.0,normal,43.0798
32,754,45240,3,1,2.4,2.4,0.8,1000.0,0.8,1.0,normal,45.4798
32,754,45255,2,0,1.6,1.6,0.8,1000.0,0.8,1.0,normal,47.0798
32,754,45270,4,0,2.5566,2.5566,0.6391,1000.0,0.8,1.0,normal,49.6364
32,754,45285,1,0,0.8,0.8,0.8,1000.0,0.8,1.0,normal,50.4364
32,755,45300,1,0,0.7958,0.7958,0.7958,1000.0,1.12,1.0,normal,51.2322
32,755,45315,3,0,1.1767,1.1767,0.3922,1000.0,1.12,1.0,normal,52.4089
32,755,45330,4,0,4.48,4.48,1.12,1000.0,1.12,1.0,normal,56.8889
32,755,45345,4,0,2.8933,2.8933,0.7233,1000.0,1.12,1.0,normal,59.7822
32,756,45360,4,0,3.0387,3.0387,0.7597,1000.0,1.12,1.0,normal,62.8209
32,756,45375,2,0,2.24,2.24,1.12,1000.0,1.12,1.0,normal,65.0609
32,756,45390,0,0,0.0,0.0,1.12,1000.0,1.12,1.0,normal,65.0609
32,756,45405,1,0,1.0432,1.0432,1.0432,1000.0,1.12,1.0,normal,66.1041
32,757,45420,1,0,1.16,1.16,1.16,1000.0,1.16,1.0,normal,67.2641
32,757,45435,3,1,3.48,3.48,1.16,1000.0,1.16,1.0,normal,70.7441
32,757,45450,8,0,9.28,9.28,1.16,1000.0,1.16,1.0,normal,80.0241
32,757,45465,5,0,5.8,5.8,1.16,1000.0,1.16,1.0,normal,85.8241
32,758,45480,7,0,8.33,8.33,1.19,1000.0,1.19,1.0,normal,94.1541
32,758,45495,4,0,4.76,4.76,1.19,1000.0,1.19,1.0,normal,98.9141
32,758,45510,0,0,0.0,0.0,0.7852,1000.0,1.19,1.0,normal,98.9141
32,758,45525,3,0,0.3474,0.3474,0.1158,1000.0,1.19,1.0,normal,99.2615
32,759,45540,1,0,1.23,1.23,1.23,1000.0,1.23,1.0,normal,100.4915
32,759,45555,4,0,4.92,4.92,1.23,1000.0,1.23,1.0,normal,105.4115
32,759,45570,3,0,3.69,3.69,1.23,1000.0,1.23,1.0,normal,109.1015
32,759,45585,5,0,0.0415,0.0415,0.0083,1000.0,1.23,1.0,normal,109.143
32,760,45600,3,0,0.4485,0.4485,0.1495,1000.0,1.23,1.0,normal,109.5915
32,760,45615,2,0,0.2772,0.2772,0.1386,1000.0,1.23,1.0,normal,109.8687
32,760,45630,0,0,0.0,0.0,1.23,1000.0,1.23,1.0,normal,109.8687
32,760,45645,3,0,3.69,3.69,1.23,1000.0,1.23,1.0,normal,113.5587
32,761,45660,1,0,0.0132,0.0132,0.0132,1000.0,1.28,1.0,normal,113.5719
32,761,45675,4,0,5.12,5.12,1.28,1000.0,1.28,1.0,normal,118.6919
32,761,45690,0,0,0.0,0.0,0.3136,1000.0,1.28,1.0,normal,118.6919
32,761,45705,1,0,1.28,1.28,1.28,1000.0,1.28,1.0,normal,119.9719
32,762,45720,6,0,7.98,7.98,1.33,1000.0,1.33,1.0,normal,127.9519
32,762,45735,6,0,7.98,7.98,1.33,1000.0,1.33,1.0,normal,135.9319
32,762,45750,3,0,3.99,3.99,1.33,1000.0,1.33,1.0,normal,139.9219
32,762,45765,4,1,3.0511,3.0511,0.7628,1000.0,1.33,1.0,normal,142.973
32,763,45780,6,0,8.28,8.28,1.38,1000.0,1.38,1.0,normal,151.253
32,763,45795,2,0,2.76,2.76,1.38,1000.0,1.38,1.0,normal,154.013
32,763,45810,4,0,5.52,5.52,1.38,1000.0,1.38,1.0,normal,159.533
32,763,45825,4,0,5.52,5.52,1.38,1000.0,1.38,1.0,normal,165.053
32,764,45840,3,0,4.14,4.14,1.38,1000.0,1.38,1.0,normal,169.193
32,764,45855,2,0,2.76,2.76,1.38,1000.0,1.38,1.0,normal,171.953
32,764,45870,4,0,5.52,5.52,1.38,1000.0,1.38,1.0,normal,177.473
32,764,45885,4,0,0.3275,0.3275,0.0819,1000.0,1.38,1.0,normal,177.8005
32,765,45900,4,0,5.76,5.76,1.44,1000.0,1.44,1.0,normal,183.5605
32,765,45915,4,0,3.0856,3.0856,0.7714,1000.0,1.44,1.0,normal,186.6461
32,765,45930,3,0,4.32,4.32,1.44,1000.0,1.44,1.0,normal,190.9661
32,765,45945,5,0,7.2,7.2,1.44,1000.0,1.44,1.0,normal,198.1661
32,766,45960,2,0,0.2703,0.2703,0.1352,1000.0,1.49,1.0,normal,198.4364
32,766,45975,3,1,4.47,4.47,1.49,1000.0,1.49,1.0,normal,202.9064
32,766,45990,4,0,5.96,5.96,1.49,1000.0,1.49,1.0,normal,208.8664
32,766,46005,3,0,3.008,3.008,1.0027,1000.0,1.49,1.0,normal,211.8744
32,767,46020,5,0,7.75,7.75,1.55,1000.0,1.55,1.0,normal,219.6244
32,767,46035,6,0,3.0076,3.0076,0.5013,1000.0,1.55,1.0,normal,222.632
32,767,46050,4,0,6.2,6.2,1.55,1000.0,1.55,1.0,normal,228.832
32,767,46065,5,0,7.75,7.75,1.55,1000.0,1.55,1.0,normal,236.582
33,768,46080,5,0,5.3006,5.3006,1.0601,1000.0,1.55,1.0,normal,5.3006
33,768,46095,3,0,4.65,4.65,1.55,1000.0,1.55,1.0,normal,9.9506
33,768,46110,6,0,4.2899,4.2899,0.715,1000.0,1.55,1.0,normal,14.2405
33,768,46125,6,0,1.5187,1.5187,0.2531,1000.0,1.55,1.0,normal,15.7592
33,769,46140,2,0,0.8685,0.8685,0.4343,1000.0,1.61,1.0,normal,16.6277
33,769,46155,4,0,5.5685,5.5685,1.3921,1000.0,1.61,1.0,normal,22.1962
33,769,46170,4,1,1.7906,1.7906,0.4476,1000.0,1.61,1.0,normal,23.9868
33,769,46185,2,0,3.22,3.22,1.61,1000.0,1.61,1.0,normal,27.2068
33,770,46200,6,0,4.3697,4.3697,0.7283,1000.0,1.68,1.0,normal,31.5765
33,770,46215,5,0,8.4,8.4,1.68,1000.0,1.68,1.0,normal,39.9765
33,770,46230,2,0,3.36,3.36,1.68,1000.0,1.68,1.0,normal,43.3365
33,770,46245,6,0,9.609,9.609,1.6015,1000.0,1.68,1.0,normal,52.9455
33,771,46260,4,0,6.96,6.96,1.74,1000.0,1.74,1.0,normal,59.9055
33,771,46275,2,1,3.48,3.48,1.74,1000.0,1.74,1.0,normal,63.3855
33,771,46290,5,1,2.4342,2.4342,0.4868,1000.0,1.74,1.0,normal,65.8197
33,771,46305,3,0,1.5687,1.5687,0.5229,1000.0,1.74,1.0,normal,67.3884
33,772,46320,4,0,6.96,6.96,1.74,1000.0,1.74,1.0,normal,74.3484
33,772,46335,4,0,4.0601,4.0601,1.015,1000.0,1.74,1.0,normal,78.4085
33,772,46350,5,0,8.7,8.7,1.74,1000.0,1.74,1.0,normal,87.1085
33,772,46365,3,0,1.6326,1.6326,0.5442,1000.0,1.74,1.0,normal,88.7411
33,773,46380,5,1,4.2621,4.2621,0.8524,1000.0,2.02,1.0,normal,93.0032
33,773,46395,5,1,0.2991,0.2991,0.0598,1000.0,2.02,1.0,normal,93.3023
33,773,46410,0,0,0.0,0.0,2.02,1000.0,2.02,1.0,normal,93.3023
33,773,46425,5,0,6.9467,6.9467,1.3893,1000.0,2.02,1.0,normal,100.249
33,774,46440,8,0,0.7936,0.7936,0.0992,1000.0,2.33,1.0,normal,101.0426
33,774,46455,5,0,3.1308,3.1308,0.6262,1000.0,2.33,1.0,normal,104.1734
33,774,46470,5,0,11.65,11.65,2.33,1000.0,2.33,1.0,normal,115.8234
33,774,46485,5,0,2.3788,2.3788,0.4758,1000.0,2.33,1.0,normal,118.2022
33,775,46500,8,0,21.6,21.6,2.7,1000.0,2.7,1.0,normal,139.8022
33,775,46515,5,0,13.5,13.5,2.7,1000.0,2.7,1.0,normal,153.3022
33,775,46530,7,0,14.8679,14.8679,2.124,1000.0,2.7,1.0,normal,168.1701
33,775,46545,7,0,18.9,18.9,2.7,1000.0,2.7,1.0,normal,187.0701
33,776,46560,6,0,3.1766,3.1766,0.5294,1000.0,1.74,1.0,normal,190.2467
33,776,46575,4,0,6.96,6.96,1.74,1000.0,1.74,1.0,normal,197.2067
33,776,46590,4,0,4.9736,4.9736,1.2434,1000.0,1.74,1.0,normal,202.1803
33,776,46605,10,0,17.4,17.4,1.74,1000.0,1.74,1.0,normal,219.5803
33,777,46620,8,0,16.16,16.16,2.02,1000.0,2.02,1.0,normal,235.7403
33,777,46635,4,0,6.9943,6.9943,1.7486,1000.0,2.02,1.0,normal,242.7346
33,777,46650,5,0,0.9631,0.9631,0.1926,1000.0,2.02,1.0,normal,243.6977
33,777,46665,5,0,10.1,10.1,2.02,1000.0,2.02,1.0,normal,253.7977
33,778,46680,12,0,27.96,27.96,2.33,1000.0,2.33,1.0,normal,281.7577
33,778,46695,6,0,13.98,13.98,2.33,1000.0,2.33,1.0,normal,295.7377
33,778,46710,6,1,11.5184,11.5184,1.9197,1000.0,2.33,1.0,normal,307.2561
33,778,46725,2,0,4.66,4.66,2.33,1000.0,2.33,1.0,normal,311.9161
33,779,46740,7,1,18.9,18.9,2.7,1000.0,2.7,1.0,normal,330.8161
33,779,46755,9,0,24.3,24.3,2.7,1000.0,2.7,1.0,normal,355.1161
33,779,46770,7,0,18.9,18.9,2.7,1000.0,2.7,1.0,normal,374.0161
33,779,46785,8,0,21.6,21.6,2.7,1000.0,2.7,1.0,normal,395.6161
33,780,46800,4,0,6.96,6.96,1.74,1000.0,1.74,1.0,normal,402.5761
33,780,46815,3,0,5.22,5.22,1.74,1000.0,1.74,1.0,normal,407.7961
33,780,46830,5,0,8.7,8.7,1.74,1000.0,1.74,1.0,normal,416.4961
33,780,46845,4,0,6.96,6.96,1.74,1000.0,1.74,1.0,normal,423.4561
33,781,46860,7,3,14.14,4.7133,2.02,1000.0,2.02,1.0,normal,437.5961
33,781,46875,1,0,1.0767,1.0767,1.0767,1000.0,2.02,1.0,normal,438.6728
33,781,46890,5,0,10.1,10.1,2.02,1000.0,2.02,1.0,normal,448.7728
33,781,46905,7,1,14.14,14.14,2.02,1000.0,2.02,1.0,normal,462.9128
33,782,46920,3,1,6.99,6.99,2.33,1000.0,2.33,1.0,normal,469.9028
33,782,46935,11,0,25.63,25.63,2.33,1000.0,2.33,1.0,normal,495.5328
33,782,46950,4,1,0.2493,0.2493,0.0623,1000.0,2.33,1.0,normal,495.7821
33,782,46965,5,0,11.65,11.65,2.33,1000.0,2.33,1.0,normal,507.4321
33,783,46980,11,0,26.0267,26.0267,2.3661,1000.0,2.7,1.0,normal,533.4588
33,783,46995,10,0,27.0,27.0,2.7,1000.0,2.7,1.0,normal,560.4588
33,783,47010,8,0,19.0159,19.0159,2.377,1000.0,2.7,1.0,normal,579.4747
33,783,47025,12,0,32.4,32.4,2.7,1000.0,2.7,1.0,normal,611.8747
33,784,47040,6,0,16.2,16.2,2.7,1000.0,2.7,1.0,normal,628.0747
33,784,47055,7,1,18.9,18.9,2.7,1000.0,2.7,1.0,normal,646.9747
33,784,47070,4,1,0.9698,0.9698,0.2425,1000.0,2.7,1.0,normal,647.9445
33,784,47085,5,0,13.5,13.5,2.7,1000.0,2.7,1.0,normal,661.4445
33,785,47100,2,0,2.3443,2.3443,1.1722,1000.0,2.81,1.0,normal,663.7888
33,785,47115,2,0,5.62,5.62,2.81,1000.0,2.81,1.0,normal,669.4088
33,785,47130,8,0,12.3165,12.3165,1.5396,1000.0,2.81,1.0,normal,681.7253
33,785,47145,5,0,1.676,1.676,0.3352,1000.0,2.81,1.0,normal,683.4013
33,786,47160,5,0,0.0705,0.0705,0.0141,1000.0,2.91,1.0,normal,683.4718
33,786,47175,10,0,0.6296,0.6296,0.063,1000.0,2.91,1.0,normal,684.1014
33,786,47190,6,1,17.46,17.46,2.91,1000.0,2.91,1.0,normal,701.5614
33,786,47205,6,0,17.46,17.46,2.91,1000.0,2.91,1.0,normal,719.0214
33,787,47220,6,0,7.9751,7.9751,1.3292,1000.0,3.02,1.0,normal,726.9965
33,787,47235,9,0,27.18,27.18,3.02,1000.0,3.02,1.0,normal,754.1765
33,787,47250,5,1,15.1,15.1,3.02,1000.0,3.02,1.0,normal,769.2765
33,787,47265,6,0,18.12,18.12,3.02,1000.0,3.02,1.0,normal,787.3965
33,788,47280,9,0,20.0312,20.0312,2.2257,1000.0,3.02,1.0,normal,807.4277
33,788,47295,4,0,12.08,12.08,3.02,1000.0,3.02,1.0,normal,819.5077
33,788,47310,11,0,9.8125,9.8125,0.892,1000.0,3.02,1.0,normal,829.3202
33,788,47325,6,0,18.12,18.12,3.02,1000.0,3.02,1.0,normal,847.4402
33,789,47340,6,0,10.7603,10.7603,1.7934,1000.0,3.12,1.0,normal,858.2005
33,789,47355,11,0,34.32,34.32,3.12,1000.0,3.12,1.0,normal,892.5205
33,789,47370,4,0,12.48,12.48,3.12,1000.0,3.12,1.0,budget_constrained,905.0005
33,789,47385,10,0,2.5549,2.5549,0.2555,1000.0,3.12,1.0,budget_constrained,907.5554
33,790,47400,12,0,27.9136,27.9136,2.3261,1000.0,3.22,1.0,budget_constrained,935.469
33,790,47415,10,0,3.1995,3.1995,0.32,1000.0,3.22,1.0,budget_constrained,938.6685
33,790,47430,9,0,3.9132,3.9132,0.4348,1000.0,3.22,1.0,budget_constrained,942.5817
33,790,47445,6,0,17.4781,17.4781,2.913,1000.0,3.22,1.0,budget_constrained,960.0598
33,791,47460,6,0,17.295,17.295,2.8825,1000.0,3.32,1.0,budget_constrained,977.3548
33,791,47475,6,0,22.6452,22.6452,3.32,1000.0,3.32,1.0,budget_depleted,1000.0
33,791,47490,0,0,0.0,0.0,0.0,1000.0,3.32,1.0,budget_depleted,1000.0
33,791,47505,0,0,0.0,0.0,0.0,1000.0,3.32,1.0,budget_depleted,1000.0
34,792,47520,0,0,0.0,0.0,0.0,1000.0,0.01,1.0,normal,0.0
34,792,47535,0,0,0.0,0.0,0.01,1000.0,0.01,1.0,normal,0.0
34,792,47550,0,0,0.0,0.0,0.01,1000.0,0.01,1.0,normal,0.0
34,792,47565,0,0,0.0,0.0,0.01,1000.0,0.01,1.0,normal,0.0
34,793,47580,0,0,0.0,0.0,0.01,1000.0,0.01,1.0,normal,0.0
34,793,47595,0,0,0.0,0.0,0.01,1000.0,0.01,1.0,normal,0.0
34,793,47610,0,0,0.0,0.0,0.01,1000.0,0.01,1.0,normal,0.0
34,793,47625,0,0,0.0,0.0,0.01,1000.0,0.01,1.0,normal,0.0
34,794,47640,0,0,0.0,0.0,0.01,1000.0,0.01,1.0,normal,0.0
34,794,47655,0,0,0.0,0.0,0.01,1000.0,0.01,1.0,normal,0.0
34,794,47670,0,0,0.0,0.0,0.01,1000.0,0.01,1.0,normal,0.0
34,794,47685,0,0,0.0,0.0,0.01,1000.0,0.01,1.0,normal,0.0
34,795,47700,0,0,0.0,0.0,0.01,1000.0,0.01,1.0,normal,0.0
34,795,47715,0,0,0.0,0.0,0.01,1000.0,0.01,1.0,normal,0.0
34,795,47730,0,0,0.0,0.0,0.01,1000.0,0.01,1.0,normal,0.0
34,795,47745,0,0,0.0,0.0,0.01,1000.0,0.01,1.0,normal,0.0
34,796,47760,12,0,20.1988,20.1988,1.6832,1000.0,4.2,1.0,normal,20.1988
34,796,47775,14,0,39.4236,39.4236,2.816,1000.0,4.2,1.0,normal,59.6224
34,796,47790,9,2,21.5236,10.7618,2.3915,1000.0,4.2,1.0,normal,81.146
34,796,47805,9,0,24.2214,24.2214,2.6913,1000.0,4.2,1.0,normal,105.3674
34,797,47820,3,0,0.0212,0.0212,0.0071,1000.0,4.2,1.0,normal,105.3886
34,797,47835,13,1,54.6,54.6,4.2,1000.0,4.2,1.0,normal,159.9886
34,797,47850,15,2,59.7124,29.8562,3.9808,1000.0,4.2,1.0,normal,219.701
34,797,47865,12,0,41.3581,41.3581,3.4465,1000.0,4.2,1.0,normal,261.0591
34,798,47880,6,0,2.5038,2.5038,0.4173,1000.0,4.2,1.0,normal,263.5629
34,798,47895,16,1,49.9923,49.9923,3.1245,1000.0,4.2,1.0,normal,313.5552
34,798,47910,8,0,33.6,33.6,4.2,1000.0,4.2,1.0,normal,347.1552
34,798,47925,10,1,35.795,35.795,3.5795,1000.0,4.2,1.0,normal,382.9502
34,799,47940,7,0,27.3023,27.3023,3.9003,1000.0,4.2,1.0,normal,410.2525
34,799,47955,16,1,39.3095,39.3095,2.4568,1000.0,4.2,1.0,normal,449.562
34,799,47970,12,0,50.4,50.4,4.2,1000.0,4.2,1.0,normal,499.962
34,799,47985,11,0,46.2,46.2,4.2,1000.0,4.2,1.0,normal,546.162
34,800,48000,9,0,30.268,30.268,3.3631,1000.0,4.2,1.0,normal,576.43
34,800,48015,14,0,58.8,58.8,4.2,1000.0,4.2,1.0,normal,635.23
34,800,48030,11,1,45.353,45.353,4.123,1000.0,4.2,1.0,normal,680.583
34,800,48045,17,0,71.4,71.4,4.2,1000.0,4.2,1.0,normal,751.983
34,801,48060,3,0,10.6701,10.6701,3.5567,1000.0,4.2,1.0,normal,762.6531
34,801,48075,10,0,27.199,27.199,2.7199,1000.0,4.2,1.0,normal,789.8521
34,801,48090,13,1,46.7905,46.7905,3.5993,1000.0,4.2,1.0,normal,836.6426
34,801,48105,12,0,6.1445,6.1445,0.512,1000.0,4.2,1.0,normal,842.7871
34,802,48120,6,0,17.1237,17.1237,2.8539,1000.0,4.2,1.0,normal,859.9108
34,802,48135,9,0,9.3132,9.3132,1.0348,1000.0,4.2,1.0,normal,869.224
34,802,48150,11,1,46.2,46.2,4.2,1000.0,4.2,1.0,budget_constrained,915.424
34,802,48165,10,0,39.4716,39.4716,3.9472,1000.0,4.2,1.0,budget_constrained,954.8956
34,803,48180,8,0,1.6454,1.6454,0.2057,1000.0,4.2,1.0,budget_constrained,956.541
34,803,48195,9,0,6.5452,6.5452,0.7272,1000.0,4.2,1.0,budget_constrained,963.0862
34,803,48210,11,1,11.13,11.13,1.0118,1000.0,4.2,1.0,budget_constrained,974.2162
34,803,48225,8,0,1.196,1.196,0.1495,1000.0,4.2,1.0,budget_constrained,975.4122
34,804,48240,6,0,24.5878,24.5878,3.528,1000.0,4.2,1.0,budget_depleted,1000.0
34,804,48255,0,0,0.0,0.0,0.0,1000.0,4.2,1.0,budget_depleted,1000.0
34,804,48270,0,0,0.0,0.0,0.0,1000.0,4.2,1.0,budget_depleted,1000.0
34,804,48285,0,0,0.0,0.0,0.0,1000.0,4.2,1.0,budget_depleted,1000.0
34,805,48300,0,0,0.0,0.0,0.0,1000.0,4.06,1.0,budget_depleted,1000.0
34,805,48315,0,0,0.0,0.0,0.0,1000.0,4.06,1.0,budget_depleted,1000.0
34,805,48330,0,0,0.0,0.0,0.0,1000.0,4.06,1.0,budget_depleted,1000.0
34,805,48345,0,0,0.0,0.0,0.0,1000.0,4.06,1.0,budget_depleted,1000.0
34,806,48360,0,0,0.0,0.0,0.0,1000.0,3.92,1.0,budget_depleted,1000.0
34,806,48375,0,0,0.0,0.0,0.0,1000.0,3.92,1.0,budget_depleted,1000.0
34,806,48390,0,0,0.0,0.0,0.0,1000.0,3.92,1.0,budget_depleted,1000.0
34,806,48405,0,0,0.0,0.0,0.0,1000.0,3.92,1.0,budget_depleted,1000.0
34,807,48420,0,0,0.0,0.0,0.0,1000.0,3.78,1.0,budget_depleted,1000.0
34,807,48435,0,0,0.0,0.0,0.0,1000.0,3.78,1.0,budget_depleted,1000.0
34,807,48450,0,0,0.0,0.0,0.0,1000.0,3.78,1.0,budget_depleted,1000.0
34,807,48465,0,0,0.0,0.0,0.0,1000.0,3.78,1.0,budget_depleted,1000.0
34,808,48480,0,0,0.0,0.0,0.0,1000.0,3.78,1.0,budget_depleted,1000.0
34,808,48495,0,0,0.0,0.0,0.0,1000.0,3.78,1.0,budget_depleted,1000.0
34,808,48510,0,0,0.0,0.0,0.0,1000.0,3.78,1.0,budget_depleted,1000.0
34,808,48525,0,0,0.0,0.0,0.0,1000.0,3.78,1.0,budget_depleted,1000.0
34,809,48540,0,0,0.0,0.0,0.0,1000.0,3.1,1.0,budget_depleted,1000.0
34,809,48555,0,0,0.0,0.0,0.0,1000.0,3.1,1.0,budget_depleted,1000.0
34,809,48570,0,0,0.0,0.0,0.0,1000.0,3.1,1.0,budget_depleted,1000.0
34,809,48585,0,0,0.0,0.0,0.0,1000.0,3.1,1.0,budget_depleted,1000.0
34,810,48600,0,0,0.0,0.0,0.0,1000.0,2.54,1.0,budget_depleted,1000.0
34,810,48615,0,0,0.0,0.0,0.0,1000.0,2.54,1.0,budget_depleted,1000.0
34,810,48630,0,0,0.0,0.0,0.0,1000.0,2.54,1.0,budget_depleted,1000.0
34,810,48645,0,0,0.0,0.0,0.0,1000.0,2.54,1.0,budget_depleted,1000.0
34,811,48660,0,0,0.0,0.0,0.0,1000.0,1.26,1.0,budget_depleted,1000.0
34,811,48675,0,0,0.0,0.0,0.0,1000.0,1.26,1.0,budget_depleted,1000.0
34,811,48690,0,0,0.0,0.0,0.0,1000.0,1.26,1.0,budget_depleted,1000.0
34,811,48705,0,0,0.0,0.0,0.0,1000.0,1.26,1.0,budget_depleted,1000.0
34,812,48720,0,0,0.0,0.0,0.0,1000.0,1.26,1.0,budget_depleted,1000.0
34,812,48735,0,0,0.0,0.0,0.0,1000.0,1.26,1.0,budget_depleted,1000.0
34,812,48750,0,0,0.0,0.0,0.0,1000.0,1.26,1.0,budget_depleted,1000.0
34,812,48765,0,0,0.0,0.0,0.0,1000.0,1.26,1.0,budget_depleted,1000.0
34,813,48780,0,0,0.0,0.0,0.0,1000.0,1.22,1.0,budget_depleted,1000.0
34,813,48795,0,0,0.0,0.0,0.0,1000.0,1.22,1.0,budget_depleted,1000.0
34,813,48810,0,0,0.0,0.0,0.0,1000.0,1.22,1.0,budget_depleted,1000.0
34,813,48825,0,0,0.0,0.0,0.0,1000.0,1.22,1.0,budget_depleted,1000.0
34,814,48840,0,0,0.0,0.0,0.0,1000.0,1.17,1.0,budget_depleted,1000.0
34,814,48855,0,0,0.0,0.0,0.0,1000.0,1.17,1.0,budget_depleted,1000.0
34,814,48870,0,0,0.0,0.0,0.0,1000.0,1.17,1.0,budget_depleted,1000.0
34,814,48885,0,0,0.0,0.0,0.0,1000.0,1.17,1.0,budget_depleted,1000.0
34,815,48900,0,0,0.0,0.0,0.0,1000.0,1.13,1.0,budget_depleted,1000.0
34,815,48915,0,0,0.0,0.0,0.0,1000.0,1.13,1.0,budget_depleted,1000.0
34,815,48930,0,0,0.0,0.0,0.0,1000.0,1.13,1.0,budget_depleted,1000.0
34,815,48945,0,0,0.0,0.0,0.0,1000.0,1.13,1.0,budget_depleted,1000.0
35,816,48960,0,0,0.0,0.0,0.0,1000.0,1.13,1.0,normal,0.0
35,816,48975,3,0,3.39,3.39,1.13,1000.0,1.13,1.0,normal,3.39
35,816,48990,1,0,1.13,1.13,1.13,1000.0,1.13,1.0,normal,4.52
35,816,49005,3,0,3.39,3.39,1.13,1000.0,1.13,1.0,normal,7.91
35,817,49020,0,0,0.0,0.0,0.6255,1000.0,1.02,1.0,normal,7.91
35,817,49035,1,0,0.4395,0.4395,0.4395,1000.0,1.02,1.0,normal,8.3495
35,817,49050,6,0,2.2706,2.2706,0.3784,1000.0,1.02,1.0,normal,10.6201
35,817,49065,4,0,4.08,4.08,1.02,1000.0,1.02,1.0,normal,14.7001
35,818,49080,4,0,3.64,3.64,0.91,1000.0,0.91,1.0,normal,18.3401
35,818,49095,3,0,0.2863,0.2863,0.0954,1000.0,0.91,1.0,normal,18.6264
35,818,49110,2,0,1.82,1.82,0.91,1000.0,0.91,1.0,normal,20.4464
35,818,49125,1,1,0.4743,0.4743,0.4743,1000.0,0.91,1.0,normal,20.9207
35,819,49140,3,0,2.4,2.4,0.8,1000.0,0.8,1.0,normal,23.3207
35,819,49155,3,0,0.7213,0.7213,0.2404,1000.0,0.8,1.0,normal,24.042
35,819,49170,2,0,1.6,1.6,0.8,1000.0,0.8,1.0,normal,25.642
35,819,49185,0,0,0.0,0.0,0.8,1000.0,0.8,1.0,normal,25.642
35,820,49200,1,0,0.0586,0.0586,0.0586,1000.0,0.8,1.0,normal,25.7006
35,820,49215,0,0,0.0,0.0,0.8,1000.0,0.8,1.0,normal,25.7006
35,820,49230,2,0,0.5592,0.5592,0.2796,1000.0,0.8,1.0,normal,26.2598
35,820,49245,3,0,2.4,2.4,0.8,1000.0,0.8,1.0,normal,28.6598
35,821,49260,0,0,0.0,0.0,0.83,1000.0,0.83,1.0,normal,28.6598
35,821,49275,1,0,0.1443,0.1443,0.1443,1000.0,0.83,1.0,normal,28.8041
35,821,49290,2,0,1.66,1.66,0.83,1000.0,0.83,1.0,normal,30.4641
35,821,49305,0,0,0.0,0.0,0.83,1000.0,0.83,1.0,normal,30.4641
35,822,49320,2,0,1.74,1.74,0.87,1000.0,0.87,1.0,normal,32.2041
35,822,49335,3,0,2.61,2.61,0.87,1000.0,0.87,1.0,normal,34.8141
35,822,49350,1,0,0.87,0.87,0.87,1000.0,0.87,1.0,normal,35.6841
35,822,49365,1,0,0.353,0.353,0.353,1000.0,0.87,1.0,normal,36.0371
35,823,49380,0,0,0.0,0.0,0.9,1000.0,0.9,1.0,normal,36.0371
35,823,49395,2,0,1.8,1.8,0.9,1000.0,0.9,1.0,normal,37.8371
35,823,49410,2,0,1.8,1.8,0.9,1000.0,0.9,1.0,normal,39.6371
35,823,49425,4,0,1.232,1.232,0.308,1000.0,0.9,1.0,normal,40.8691
35,824,49440,5,0,3.8572,3.8572,0.7714,1000.0,0.9,1.0,normal,44.7263
35,824,49455,3,0,2.7,2.7,0.9,1000.0,0.9,1.0,normal,47.4263
35,824,49470,6,0,5.4,5.4,0.9,1000.0,0.9,1.0,normal,52.8263
35,824,49485,1,0,0.9,0.9,0.9,1000.0,0.9,1.0,normal,53.7263
35,825,49500,1,0,0.94,0.94,0.94,1000.0,0.94,1.0,normal,54.6663
35,825,49515,2,0,1.88,1.88,0.94,1000.0,0.94,1.0,normal,56.5463
35,825,49530,1,0,0.94,0.94,0.94,1000.0,0.94,1.0,normal,57.4863
35,825,49545,2,0,0.0528,0.0528,0.0264,1000.0,0.94,1.0,normal,57.5391
35,826,49560,4,0,2.0514,2.0514,0.5129,1000.0,0.97,1.0,normal,59.5905
35,826,49575,2,0,1.94,1.94,0.97,1000.0,0.97,1.0,normal,61.5305
35,826,49590,2,0,1.5749,1.5749,0.7874,1000.0,0.97,1.0,normal,63.1054
35,826,49605,4,0,3.88,3.88,0.97,1000.0,0.97,1.0,normal,66.9854
35,827,49620,6,1,6.06,6.06,1.01,1000.0,1.01,1.0,normal,73.0454
35,827,49635,2,0,2.02,2.02,1.01,1000.0,1.01,1.0,normal,75.0654
35,827,49650,6,0,6.06,6.06,1.01,1000.0,1.01,1.0,normal,81.1254
35,827,49665,5,2,4.8846,2.4423,0.9769,1000.0,1.01,1.0,normal,86.01
35,828,49680,0,0,0.0,0.0,0.01,1000.0,0.01,1.0,normal,86.01
35,828,49695,0,0,0.0,0.0,0.01,1000.0,0.01,1.0,normal,86.01
35,828,49710,0,0,0.0,0.0,0.01,1000.0,0.01,1.0,normal,86.01
35,828,49725,0,0,0.0,0.0,0.01,1000.0,0.01,1.0,normal,86.01
35,829,49740,0,0,0.0,0.0,0.01,1000.0,0.01,1.0,normal,86.01
35,829,49755,0,0,0.0,0.0,0.01,1000.0,0.01,1.0,normal,86.01
35,829,49770,0,0,0.0,0.0,0.01,1000.0,0.01,1.0,normal,86.01
35,829,49785,0,0,0.0,0.0,0.01,1000.0,0.01,1.0,normal,86.01
35,830,49800,0,0,0.0,0.0,0.01,1000.0,0.01,1.0,normal,86.01
35,830,49815,0,0,0.0,0.0,0.01,1000.0,0.01,1.0,normal,86.01
35,830,49830,0,0,0.0,0.0,0.01,1000.0,0.01,1.0,normal,86.01
35,830,49845,0,0,0.0,0.0,0.01,1000.0,0.01,1.0,normal,86.01
35,831,49860,0,0,0.0,0.0,0.01,1000.0,0.01,1.0,normal,86.01
35,831,49875,0,0,0.0,0.0,0.01,1000.0,0.01,1.0,normal,86.01
35,831,49890,0,0,0.0,0.0,0.01,1000.0,0.01,1.0,normal,86.01
35,831,49905,0,0,0.0,0.0,0.01,1000.0,0.01,1.0,normal,86.01
35,832,49920,10,0,13.3964,13.3964,1.3396,1000.0,4.2,1.0,normal,99.4064
35,832,49935,10,2,34.8994,17.4497,3.4899,1000.0,4.2,1.0,normal,134.3058
35,832,49950,5,1,17.6083,17.6083,3.5217,1000.0,4.2,1.0,normal,151.9141
35,832,49965,12,1,28.918,28.918,2.4098,1000.0,4.2,1.0,normal,180.8321
35,833,49980,12,0,34.8465,34.8465,2.9039,1000.0,4.2,1.0,normal,215.6786
35,833,49995,13,0,43.4892,43.4892,3.3453,1000.0,4.2,1.0,normal,259.1678
35,833,50010,11,0,0.6501,0.6501,0.0591,1000.0,4.2,1.0,normal,259.8179
35,833,50025,5,0,12.069,12.069,2.4138,1000.0,4.2,1.0,normal,271.8869
35,834,50040,6,0,15.7074,15.7074,2.6179,1000.0,4.2,1.0,normal,287.5943
35,834,50055,6,1,11.9139,11.9139,1.9857,1000.0,4.2,1.0,normal,299.5082
35,834,50070,13,0,54.6,54.6,4.2,1000.0,4.2,1.0,normal,354.1082
35,834,50085,7,0,14.0003,14.0003,2.0,1000.0,4.2,1.0,normal,368.1085
35,835,50100,7,0,19.782,19.782,2.826,1000.0,4.2,1.0,normal,387.8905
35,835,50115,8,1,7.4963,7.4963,0.937,1000.0,4.2,1.0,normal,395.3868
35,835,50130,11,0,4.4712,4.4712,0.4065,1000.0,4.2,1.0,normal,399.858
35,835,50145,14,0,8.0156,8.0156,0.5725,1000.0,4.2,1.0,normal,407.8736
35,836,50160,5,0,10.0566,10.0566,2.0113,1000.0,4.62,1.0,normal,417.9302
35,836,50175,9,0,35.2469,35.2469,3.9163,1000.0,4.62,1.0,normal,453.1771
35,836,50190,14,0,19.5206,19.5206,1.3943,1000.0,4.62,1.0,normal,472.6977
35,836,50205,13,0,4.6056,4.6056,0.3543,1000.0,4.62,1.0,normal,477.3033
35,837,50220,13,0,45.4689,45.4689,3.4976,1000.0,4.62,1.0,normal,522.7722
35,837,50235,11,0,31.8756,31.8756,2.8978,1000.0,4.62,1.0,normal,554.6478
35,837,50250,7,0,26.8689,26.8689,3.8384,1000.0,4.62,1.0,normal,581.5167
35,837,50265,7,0,12.3956,12.3956,1.7708,1000.0,4.62,1.0,normal,593.9123
35,838,50280,11,0,12.5705,12.5705,1.1428,1000.0,4.62,1.0,normal,606.4828
35,838,50295,7,1,13.8834,13.8834,1.9833,1000.0,4.62,1.0,normal,620.3662
35,838,50310,15,1,39.6987,39.6987,2.6466,1000.0,4.62,1.0,normal,660.0649
35,838,50325,11,1,46.7857,46.7857,4.2532,1000.0,4.62,1.0,normal,706.8506
35,839,50340,11,1,3.0688,3.0688,0.279,1000.0,4.62,1.0,normal,709.9194
35,839,50355,12,1,10.5982,10.5982,0.8832,1000.0,4.62,1.0,normal,720.5176
35,839,50370,9,0,29.4104,29.4104,3.2678,1000.0,4.62,1.0,normal,749.928
35,839,50385,7,0,6.3782,6.3782,0.9112,1000.0,4.62,1.0,normal,756.3062
36,840,50400,17,0,53.5132,53.5132,3.1478,1000.0,5.08,1.0,normal,53.5132
36,840,50415,10,0,42.3532,42.3532,4.2353,1000.0,5.08,1.0,normal,95.8664
36,840,50430,9,0,4.6723,4.6723,0.5191,1000.0,5.08,1.0,normal,100.5387
36,840,50445,5,0,0.8023,0.8023,0.1605,1000.0,5.08,1.0,normal,101.341
36,841,50460,8,1,40.64,40.64,5.08,1000.0,5.08,1.0,normal,141.981
36,841,50475,9,0,32.8927,32.8927,3.6547,1000.0,5.08,1.0,normal,174.8737
36,841,50490,16,1,39.1687,39.1687,2.448,1000.0,5.08,1.0,normal,214.0424
36,841,50505,16,0,38.3152,38.3152,2.3947,1000.0,5.08,1.0,normal,252.3576
36,842,50520,9,0,27.2491,27.2491,3.0277,1000.0,5.08,1.0,normal,279.6067
36,842,50535,12,0,60.96,60.96,5.08,1000.0,5.08,1.0,normal,340.5667
36,842,50550,12,0,18.2863,18.2863,1.5239,1000.0,5.08,1.0,normal,358.853
36,842,50565,12,0,32.9531,32.9531,2.7461,1000.0,5.08,1.0,normal,391.8061
36,843,50580,6,0,15.0809,15.0809,2.5135,1000.0,5.08,1.0,normal,406.887
36,843,50595,16,0,31.9122,31.9122,1.9945,1000.0,5.08,1.0,normal,438.7992
36,843,50610,17,1,56.0307,56.0307,3.2959,1000.0,5.08,1.0,normal,494.8299
36,843,50625,17,0,28.6634,28.6634,1.6861,1000.0,5.08,1.0,normal,523.4933
36,844,50640,14,0,64.5093,64.5093,4.6078,1000.0,5.08,1.0,normal,588.0026
36,844,50655,13,0,35.716,35.716,2.7474,1000.0,5.08,1.0,normal,623.7186
36,844,50670,15,1,76.2,76.2,5.08,1000.0,5.08,1.0,normal,699.9186
36,844,50685,8,0,18.6131,18.6131,2.3266,1000.0,5.08,1.0,normal,718.5317
36,845,50700,10,0,41.1369,41.1369,4.1137,1000.0,4.91,1.0,normal,759.6686
36,845,50715,8,0,7.216,7.216,0.902,1000.0,4.91,1.0,normal,766.8846
36,845,50730,9,0,9.883,9.883,1.0981,1000.0,4.91,1.0,normal,776.7676
36,845,50745,14,1,32.0397,32.0397,2.2886,1000.0,4.91,1.0,normal,808.8073
36,846,50760,9,0,41.1919,41.1919,4.5769,1000.0,4.74,1.0,normal,849.9992
36,846,50775,15,0,71.1,71.1,4.74,1000.0,4.74,1.0,budget_constrained,921.0992
36,846,50790,23,1,44.8364,44.8364,1.9494,1000.0,4.74,1.0,budget_constrained,965.9356
36,846,50805,7,0,34.0644,34.0644,4.74,1000.0,4.74,1.0,budget_depleted,1000.0
36,847,50820,0,0,0.0,0.0,0.0,1000.0,4.57,1.0,budget_depleted,1000.0
36,847,50835,0,0,0.0,0.0,0.0,1000.0,4.57,1.0,budget_depleted,1000.0
36,847,50850,0,0,0.0,0.0,0.0,1000.0,4.57,1.0,budget_depleted,1000.0
36,847,50865,0,0,0.0,0.0,0.0,1000.0,4.57,1.0,budget_depleted,1000.0
36,848,50880,0,0,0.0,0.0,0.0,1000.0,4.57,1.0,budget_depleted,1000.0
36,848,50895,0,0,0.0,0.0,0.0,1000.0,4.57,1.0,budget_depleted,1000.0
36,848,50910,0,0,0.0,0.0,0.0,1000.0,4.57,1.0,budget_depleted,1000.0
36,848,50925,0,0,0.0,0.0,0.0,1000.0,4.57,1.0,budget_depleted,1000.0
36,849,50940,0,0,0.0,0.0,0.0,1000.0,3.75,1.0,budget_depleted,1000.0
36,849,50955,0,0,0.0,0.0,0.0,1000.0,3.75,1.0,budget_depleted,1000.0
36,849,50970,0,0,0.0,0.0,0.0,1000.0,3.75,1.0,budget_depleted,1000.0
36,849,50985,0,0,0.0,0.0,0.0,1000.0,3.75,1.0,budget_depleted,1000.0
36,850,51000,0,0,0.0,0.0,0.0,1000.0,3.07,1.0,budget_depleted,1000.0
36,850,51015,0,0,0.0,0.0,0.0,1000.0,3.07,1.0,budget_depleted,1000.0
36,850,51030,0,0,0.0,0.0,0.0,1000.0,3.07,1.0,budget_depleted,1000.0
36,850,51045,0,0,0.0,0.0,0.0,1000.0,3.07,1.0,budget_depleted,1000.0
36,851,51060,0,0,0.0,0.0,0.0,1000.0,1.52,1.0,budget_depleted,1000.0
36,851,51075,0,0,0.0,0.0,0.0,1000.0,1.52,1.0,budget_depleted,1000.0
36,851,51090,0,0,0.0,0.0,0.0,1000.0,1.52,1.0,budget_depleted,1000.0
36,851,51105,0,0,0.0,0.0,0.0,1000.0,1.52,1.0,budget_depleted,1000.0
36,852,51120,0,0,0.0,0.0,0.0,1000.0,1.52,1.0,budget_depleted,1000.0
36,852,51135,0,0,0.0,0.0,0.0,1000.0,1.52,1.0,budget_depleted,1000.0
36,852,51150,0,0,0.0,0.0,0.0,1000.0,1.52,1.0,budget_depleted,1000.0
36,852,51165,0,0,0.0,0.0,0.0,1000.0,1.52,1.0,budget_depleted,1000.0
36,853,51180,0,0,0.0,0.0,0.0,1000.0,1.47,1.0,budget_depleted,1000.0
36,853,51195,0,0,0.0,0.0,0.0,1000.0,1.47,1.0,budget_depleted,1000.0
36,853,51210,0,0,0.0,0.0,0.0,1000.0,1.47,1.0,budget_depleted,1000.0
36,853,51225,0,0,0.0,0.0,0.0,1000.0,1.47,1.0,budget_depleted,1000.0
36,854,51240,0,0,0.0,0.0,0.0,1000.0,1.42,1.0,budget_depleted,1000.0
36,854,51255,0,0,0.0,0.0,0.0,1000.0,1.42,1.0,budget_depleted,1000.0
36,854,51270,0,0,0.0,0.0,0.0,1000.0,1.42,1.0,budget_depleted,1000.0
36,854,51285,0,0,0.0,0.0,0.0,1000.0,1.42,1.0,budget_depleted,1000.0
36,855,51300,0,0,0.0,0.0,0.0,1000.0,1.37,1.0,budget_depleted,1000.0
36,855,51315,0,0,0.0,0.0,0.0,1000.0,1.37,1.0,budget_depleted,1000.0
36,855,51330,0,0,0.0,0.0,0.0,1000.0,1.37,1.0,budget_depleted,1000.0
36,855,51345,0,0,0.0,0.0,0.0,1000.0,1.37,1.0,budget_depleted,1000.0
36,856,51360,0,0,0.0,0.0,0.0,1000.0,1.37,1.0,budget_depleted,1000.0
36,856,51375,0,0,0.0,0.0,0.0,1000.0,1.37,1.0,budget_depleted,1000.0
36,856,51390,0,0,0.0,0.0,0.0,1000.0,1.37,1.0,budget_depleted,1000.0
36,856,51405,0,0,0.0,0.0,0.0,1000.0,1.37,1.0,budget_depleted,1000.0
36,857,51420,0,0,0.0,0.0,0.0,1000.0,1.18,1.0,budget_depleted,1000.0
36,857,51435,0,0,0.0,0.0,0.0,1000.0,1.18,1.0,budget_depleted,1000.0
36,857,51450,0,0,0.0,0.0,0.0,1000.0,1.18,1.0,budget_depleted,1000.0
36,857,51465,0,0,0.0,0.0,0.0,1000.0,1.18,1.0,budget_depleted,1000.0
36,858,51480,0,0,0.0,0.0,0.0,1000.0,0.99,1.0,budget_depleted,1000.0
36,858,51495,0,0,0.0,0.0,0.0,1000.0,0.99,1.0,budget_depleted,1000.0
36,858,51510,0,0,0.0,0.0,0.0,1000.0,0.99,1.0,budget_depleted,1000.0
36,858,51525,0,0,0.0,0.0,0.0,1000.0,0.99,1.0,budget_depleted,1000.0
36,859,51540,0,0,0.0,0.0,0.0,1000.0,0.8,1.0,budget_depleted,1000.0
36,859,51555,0,0,0.0,0.0,0.0,1000.0,0.8,1.0,budget_depleted,1000.0
36,859,51570,0,0,0.0,0.0,0.0,1000.0,0.8,1.0,budget_depleted,1000.0
36,859,51585,0,0,0.0,0.0,0.0,1000.0,0.8,1.0,budget_depleted,1000.0
36,860,51600,0,0,0.0,0.0,0.0,1000.0,1.04,1.0,budget_depleted,1000.0
36,860,51615,0,0,0.0,0.0,0.0,1000.0,1.04,1.0,budget_depleted,1000.0
36,860,51630,0,0,0.0,0.0,0.0,1000.0,1.04,1.0,budget_depleted,1000.0
36,860,51645,0,0,0.0,0.0,0.0,1000.0,1.04,1.0,budget_depleted,1000.0
36,861,51660,0,0,0.0,0.0,0.0,1000.0,1.04,1.0,budget_depleted,1000.0
36,861,51675,0,0,0.0,0.0,0.0,1000.0,1.04,1.0,budget_depleted,1000.0
36,861,51690,0,0,0.0,0.0,0.0,1000.0,1.04,1.0,budget_depleted,1000.0
36,861,51705,0,0,0.0,0.0,0.0,1000.0,1.04,1.0,budget_depleted,1000.0
36,862,51720,0,0,0.0,0.0,0.0,1000.0,1.04,1.0,budget_depleted,1000.0
36,862,51735,0,0,0.0,0.0,0.0,1000.0,1.04,1.0,budget_depleted,1000.0
36,862,51750,0,0,0.0,0.0,0.0,1000.0,1.04,1.0,budget_depleted,1000.0
36,862,51765,0,0,0.0,0.0,0.0,1000.0,1.04,1.0,budget_depleted,1000.0
36,863,51780,0,0,0.0,0.0,0.0,1000.0,1.04,1.0,budget_depleted,1000.0
36,863,51795,0,0,0.0,0.0,0.0,1000.0,1.04,1.0,budget_depleted,1000.0
36,863,51810,0,0,0.0,0.0,0.0,1000.0,1.04,1.0,budget_depleted,1000.0
36,863,51825,0,0,0.0,0.0,0.0,1000.0,1.04,1.0,budget_depleted,1000.0
37,864,51840,0,0,0.0,0.0,0.0,1000.0,1.04,1.0,normal,0.0
37,864,51855,1,0,0.0959,0.0959,0.0959,1000.0,1.04,1.0,normal,0.0959
37,864,51870,4,0,4.16,4.16,1.04,1000.0,1.04,1.0,normal,4.2559
37,864,51885,2,0,2.08,2.08,1.04,1000.0,1.04,1.0,normal,6.3359
37,865,51900,5,0,4.8,4.8,0.96,1000.0,0.96,1.0,normal,11.1359
37,865,51915,3,0,0.6791,0.6791,0.2264,1000.0,0.96,1.0,normal,11.815
37,865,51930,1,0,0.5495,0.5495,0.5495,1000.0,0.96,1.0,normal,12.3645
37,865,51945,3,0,2.88,2.88,0.96,1000.0,0.96,1.0,normal,15.2445
37,866,51960,4,0,3.52,3.52,0.88,1000.0,0.88,1.0,normal,18.7645
37,866,51975,2,0,1.76,1.76,0.88,1000.0,0.88,1.0,normal,20.5245
37,866,51990,3,0,2.64,2.64,0.88,1000.0,0.88,1.0,normal,23.1645
37,866,52005,0,0,0.0,0.0,0.88,1000.0,0.88,1.0,normal,23.1645
37,867,52020,1,0,0.8,0.8,0.8,1000.0,0.8,1.0,normal,23.9645
37,867,52035,3,0,2.4,2.4,0.8,1000.0,0.8,1.0,normal,26.3645
37,867,52050,3,0,2.4,2.4,0.8,1000.0,0.8,1.0,normal,28.7645
37,867,52065,2,0,1.6,1.6,0.8,1000.0,0.8,1.0,normal,30.3645
37,868,52080,1,0,1.35,1.35,1.35,1000.0,1.35,1.0,normal,31.7145
37,868,52095,3,0,4.05,4.05,1.35,1000.0,1.35,1.0,normal,35.7645
37,868,52110,4,0,2.1392,2.1392,0.5348,1000.0,1.35,1.0,normal,37.9037
37,868,52125,4,0,5.4,5.4,1.35,1000.0,1.35,1.0,normal,43.3037
37,869,52140,3,0,1.6913,1.6913,0.5638,1000.0,1.35,1.0,normal,44.995
37,869,52155,0,0,0.0,0.0,0.1242,1000.0,1.35,1.0,normal,44.995
37,869,52170,2,0,2.7,2.7,1.35,1000.0,1.35,1.0,normal,47.695
37,869,52185,4,0,5.4,5.4,1.35,1000.0,1.35,1.0,normal,53.095
37,870,52200,2,0,2.7,2.7,1.35,1000.0,1.35,1.0,normal,55.795
37,870,52215,1,0,0.3967,0.3967,0.3967,1000.0,1.35,1.0,normal,56.1917
37,870,52230,4,0,5.4,5.4,1.35,1000.0,1.35,1.0,normal,61.5917
37,870,52245,7,0,9.45,9.45,1.35,1000.0,1.35,1.0,normal,71.0417
37,871,52260,6,0,8.1,8.1,1.35,1000.0,1.35,1.0,normal,79.1417
37,871,52275,4,0,5.4,5.4,1.35,1000.0,1.35,1.0,normal,84.5417
37,871,52290,5,0,6.75,6.75,1.35,1000.0,1.35,1.0,normal,91.2917
37,871,52305,3,0,1.321,1.321,0.4403,1000.0,1.35,1.0,normal,92.6127
37,872,52320,6,0,1.3479,1.3479,0.2246,1000.0,1.35,1.0,normal,93.9606
37,872,52335,5,0,6.75,6.75,1.35,1000.0,1.35,1.0,normal,100.7106
37,872,52350,3,0,4.05,4.05,1.35,1000.0,1.35,1.0,normal,104.7606
37,872,52365,1,0,1.0108,1.0108,1.0108,1000.0,1.35,1.0,normal,105.7714
37,873,52380,7,1,8.82,8.82,1.26,1000.0,1.26,1.0,normal,114.5914
37,873,52395,2,0,2.52,2.52,1.26,1000.0,1.26,1.0,normal,117.1114
37,873,52410,2,0,2.52,2.52,1.26,1000.0,1.26,1.0,normal,119.6314
37,873,52425,4,0,5.0378,5.0378,1.2595,1000.0,1.26,1.0,normal,124.6692
37,874,52440,4,0,4.68,4.68,1.17,1000.0,1.17,1.0,normal,129.3492
37,874,52455,1,1,1.17,1.17,1.17,1000.0,1.17,1.0,normal,130.5192
37,874,52470,6,0,7.02,7.02,1.17,1000.0,1.17,1.0,normal,137.5392
37,874,52485,2,0,0.0655,0.0655,0.0328,1000.0,1.17,1.0,normal,137.6047
37,875,52500,1,0,1.08,1.08,1.08,1000.0,1.08,1.0,normal,138.6847
37,875,52515,5,0,4.0482,4.0482,0.8096,1000.0,1.08,1.0,normal,142.7329
37,875,52530,5,0,5.4,5.4,1.08,1000.0,1.08,1.0,normal,148.1329
37,875,52545,5,0,1.1837,1.1837,0.2367,1000.0,1.08,1.0,normal,149.3166
37,876,52560,2,0,2.16,2.16,1.08,1000.0,1.08,1.0,normal,151.4766
37,876,52575,6,0,6.48,6.48,1.08,1000.0,1.08,1.0,normal,157.9566
37,876,52590,3,0,1.7244,1.7244,0.5748,1000.0,1.08,1.0,normal,159.681
37,876,52605,5,0,5.4,5.4,1.08,1000.0,1.08,1.0,normal,165.081
37,877,52620,5,1,5.6,5.6,1.12,1000.0,1.12,1.0,normal,170.681
37,877,52635,5,0,0.1794,0.1794,0.0359,1000.0,1.12,1.0,normal,170.8604
37,877,52650,3,0,1.7863,1.7863,0.5954,1000.0,1.12,1.0,normal,172.6467
37,877,52665,4,0,3.2781,3.2781,0.8195,1000.0,1.12,1.0,normal,175.9248
37,878,52680,1,0,1.17,1.17,1.17,1000.0,1.17,1.0,normal,177.0948
37,878,52695,3,1,3.3962,3.3962,1.1321,1000.0,1.17,1.0,normal,180.491
37,878,52710,3,0,3.51,3.51,1.17,1000.0,1.17,1.0,normal,184.001
37,878,52725,3,0,3.51,3.51,1.17,1000.0,1.17,1.0,normal,187.511
37,879,52740,7,0,8.47,8.47,1.21,1000.0,1.21,1.0,normal,195.981
37,879,52755,3,0,3.4176,3.4176,1.1392,1000.0,1.21,1.0,normal,199.3986
37,879,52770,3,0,3.63,3.63,1.21,1000.0,1.21,1.0,normal,203.0286
37,879,52785,2,0,2.42,2.42,1.21,1000.0,1.21,1.0,normal,205.4486
37,880,52800,4,0,1.9475,1.9475,0.4869,1000.0,1.21,1.0,normal,207.3961
37,880,52815,3,0,2.8042,2.8042,0.9347,1000.0,1.21,1.0,normal,210.2003
37,880,52830,6,0,7.26,7.26,1.21,1000.0,1.21,1.0,normal,217.4603
37,880,52845,3,0,3.63,3.63,1.21,1000.0,1.21,1.0,normal,221.0903
37,881,52860,5,0,6.3,6.3,1.26,1000.0,1.26,1.0,normal,227.3903
37,881,52875,3,0,3.78,3.78,1.26,1000.0,1.26,1.0,normal,231.1703
37,881,52890,2,0,2.4546,2.4546,1.2273,1000.0,1.26,1.0,normal,233.6249
37,881,52905,5,0,3.2986,3.2986,0.6597,1000.0,1.26,1.0,normal,236.9235
37,882,52920,2,0,2.62,2.62,1.31,1000.0,1.31,1.0,normal,239.5435
37,882,52935,2,0,2.62,2.62,1.31,1000.0,1.31,1.0,normal,242.1635
37,882,52950,2,0,0.6458,0.6458,0.3229,1000.0,1.31,1.0,normal,242.8093
37,882,52965,0,0,0.0,0.0,1.128,1000.0,1.31,1.0,normal,242.8093
37,883,52980,3,0,4.08,4.08,1.36,1000.0,1.36,1.0,normal,246.8893
37,883,52995,6,0,1.4529,1.4529,0.2422,1000.0,1.36,1.0,normal,248.3422
37,883,53010,1,0,1.36,1.36,1.36,1000.0,1.36,1.0,normal,249.7022
37,883,53025,3,0,2.6672,2.6672,0.8891,1000.0,1.36,1.0,normal,252.3694
37,884,53040,2,0,2.3108,2.3108,1.1554,1000.0,1.36,1.0,normal,254.6802
37,884,53055,3,0,2.4231,2.4231,0.8077,1000.0,1.36,1.0,normal,257.1033
37,884,53070,4,0,5.44,5.44,1.36,1000.0,1.36,1.0,normal,262.5433
37,884,53085,0,0,0.0,0.0,0.6647,1000.0,1.36,1.0,normal,262.5433
37,885,53100,4,0,3.7662,3.7662,0.9416,1000.0,1.31,1.0,normal,266.3095
37,885,53115,2,0,0.5292,0.5292,0.2646,1000.0,1.31,1.0,normal,266.8387
37,885,53130,2,0,0.7703,0.7703,0.3852,1000.0,1.31,1.0,normal,267.609
37,885,53145,2,0,2.62,2.62,1.31,1000.0,1.31,1.0,normal,270.229
37,886,53160,1,0,1.25,1.25,1.25,1000.0,1.25,1.0,normal,271.479
37,886,53175,3,0,0.457,0.457,0.1523,1000.0,1.25,1.0,normal,271.936
37,886,53190,1,0,0.869,0.869,0.869,1000.0,1.25,1.0,normal,272.805
37,886,53205,2,0,0.4172,0.4172,0.2086,1000.0,1.25,1.0,normal,273.2222
37,887,53220,4,0,4.8,4.8,1.2,1000.0,1.2,1.0,normal,278.0222
37,887,53235,6,0,4.923,4.923,0.8205,1000.0,1.2,1.0,normal,282.9452
37,887,53250,5,0,6.0,6.0,1.2,1000.0,1.2,1.0,normal,288.9452
37,887,53265,1,0,1.0384,1.0384,1.0384,1000.0,1.2,1.0,normal,289.9836
