hour,day,opti_function,volatility,event,source,cumulative_f
168.0,8.0,203.5898444444443,1.0,NORMAL,IB,203.5898444444443
169.0,8.0,858.8026598955935,1.0,NORMAL,IB,1062.3925043400377
170.0,8.0,345.05174797911934,1.0,NORMAL,IB,1407.444252319157
171.0,8.0,283.9468651999957,1.0,NORMAL,IB,1691.3911175191527
172.0,8.0,287.35168109274855,1.0,NORMAL,IB,1978.7427986119012
173.0,8.0,980.0405535768522,1.0,NORMAL,IB,2958.7833521887533
174.0,8.0,-163.2754520888792,1.0,NORMAL,IB,2795.507900099874
175.0,8.0,302.0418855075045,1.0,NORMAL,IB,3097.5497856073785
176.0,8.0,-130.06261467389209,1.0,NORMAL,IB,2967.4871709334866
177.0,8.0,0.0,1.0,NORMAL,IB,2967.4871709334866
178.0,8.0,0.0,1.0,NORMAL,IB,2967.4871709334866
179.0,8.0,0.0,1.0,NORMAL,IB,2967.4871709334866
180.0,8.0,0.0,1.0,NORMAL,IB,2967.4871709334866
181.0,8.0,0.0,1.0,NORMAL,IB,2967.4871709334866
182.0,8.0,0.0,1.0,NORMAL,IB,2967.4871709334866
183.0,8.0,0.0,1.0,NORMAL,IB,2967.4871709334866
184.0,8.0,0.0,1.0,NORMAL,IB,2967.4871709334866
185.0,8.0,0.0,1.0,NORMAL,IB,2967.4871709334866
186.0,8.0,0.0,1.0,NORMAL,IB,2967.4871709334866
187.0,8.0,0.0,1.0,NORMAL,IB,2967.4871709334866
188.0,8.0,0.0,1.0,NORMAL,IB,2967.4871709334866
189.0,8.0,0.0,1.0,NORMAL,IB,2967.4871709334866
190.0,8.0,0.0,1.0,NORMAL,IB,2967.4871709334866
191.0,8.0,0.0,1.0,NORMAL,IB,2967.4871709334866
192.0,9.0,1.6,1.0,NORMAL,IB,2969.0871709334865
193.0,9.0,2.4769193918775363,1.0,NORMAL,IB,2971.564090325364
194.0,9.0,1.141534202138774,1.0,NORMAL,IB,2972.7056245275026
195.0,9.0,1.8662969061336527,1.0,NORMAL,IB,2974.5719214336364
196.0,9.0,3.852428436745379,1.0,NORMAL,IB,2978.424349870382
197.0,9.0,3.121383654649468,1.0,NORMAL,IB,2981.545733525031
198.0,9.0,2.0240922580393508,1.0,NORMAL,IB,2983.5698257830704
199.0,9.0,2.846641810882735,1.0,NORMAL,IB,2986.4164675939533
200.0,9.0,2.391224850172179,1.0,NORMAL,IB,2988.807692444125
201.0,9.0,2.760981112160043,1.0,NORMAL,IB,2991.5686735562854
202.0,9.0,6.918317319825479,1.0,NORMAL,IB,2998.4869908761107
203.0,9.0,3.6773827932297376,1.0,NORMAL,IB,3002.1643736693404
204.0,9.0,-5.905002705579477,1.0,NORMAL,IB,2996.259370963761
205.0,9.0,782.0618165506828,1.0,NORMAL,IB,3778.3211875144434
206.0,9.0,542.0711852612853,1.0,NORMAL,IB,4320.392372775728
207.0,9.0,406.51577503844067,1.0,NORMAL,IB,4726.908147814169
208.0,9.0,39.2716311195607,1.0,NORMAL,IB,4766.17977893373
209.0,9.0,537.4195661719658,1.0,NORMAL,IB,5303.599345105696
210.0,9.0,11.228994577808797,1.0,NORMAL,IB,5314.828339683504
211.0,9.0,580.3751550161309,1.0,NORMAL,IB,5895.203494699635
212.0,9.0,83.36504256991459,1.0,NORMAL,IB,5978.568537269549
213.0,9.0,52.4361393601746,1.0,NORMAL,IB,6031.004676629724
214.0,9.0,554.2623952884245,1.0,NORMAL,IB,6585.267071918148
215.0,9.0,552.1998745757929,1.0,NORMAL,IB,7137.466946493941
216.0,10.0,29.00208,1.0,NORMAL,IB,7166.469026493941
217.0,10.0,32.34377485112391,1.0,NORMAL,IB,7198.812801345065
218.0,10.0,524.6340281399689,1.0,NORMAL,IB,7723.446829485034
219.0,10.0,22.319511274678884,1.0,NORMAL,IB,7745.766340759713
220.0,10.0,24.461291515047805,1.0,NORMAL,IB,7770.22763227476
221.0,10.0,538.193141798639,1.0,NORMAL,IB,8308.4207740734
222.0,10.0,19.088603562454438,1.0,NORMAL,IB,8327.509377635855
223.0,10.0,17.194969060128507,1.0,NORMAL,IB,8344.704346695984
224.0,10.0,20.100994774274866,1.0,NORMAL,IB,8364.805341470259
225.0,10.0,515.9248810329962,1.0,NORMAL,IB,8880.730222503254
226.0,10.0,8.158834102023176,1.0,NORMAL,IB,8888.889056605278
227.0,10.0,521.5473826124395,1.0,NORMAL,IB,9410.436439217718
228.0,10.0,523.2891771814018,1.0,NORMAL,IB,9933.725616399119
229.0,10.0,526.7079624222254,1.0,NORMAL,IB,10460.433578821345
230.0,10.0,27.450250679051933,1.0,NORMAL,IB,10487.883829500397
231.0,10.0,1032.1837126348976,1.0,NORMAL,IB,11520.067542135295
232.0,10.0,63.034765572383805,1.0,NORMAL,IB,11583.102307707679
233.0,10.0,545.0629630521087,1.0,NORMAL,IB,12128.165270759788
234.0,10.0,-65.20075079490329,1.0,NORMAL,IB,12062.964519964884
235.0,10.0,158.32213466496955,1.0,NORMAL,IB,12221.286654629854
236.0,10.0,-390.5259708982245,1.0,NORMAL,IB,11830.760683731629
237.0,10.0,993.283149176892,1.0,NORMAL,IB,12824.043832908521
238.0,10.0,838.2822160845685,1.0,NORMAL,IB,13662.326048993089
239.0,10.0,-309.17977750133775,1.0,NORMAL,IB,13353.14627149175
240.0,11.0,304.13588478260874,1.0,NORMAL,IB,13657.28215627436
241.0,11.0,531.3427131388698,1.0,NORMAL,IB,14188.62486941323
242.0,11.0,400.8019515828625,1.0,NORMAL,IB,14589.426820996092
243.0,11.0,2711.2388731862184,1.0,NORMAL,IB,17300.66569418231
244.0,11.0,-121.66545668926753,1.0,NORMAL,IB,17179.00023749304
245.0,11.0,-7.035055891753984,1.0,NORMAL,IB,17171.96518160129
246.0,11.0,33.7585027214063,1.0,NORMAL,IB,17205.723684322693
247.0,11.0,0.0,1.0,NORMAL,IB,17205.723684322693
248.0,11.0,0.0,1.0,NORMAL,IB,17205.723684322693
249.0,11.0,0.0,1.0,NORMAL,IB,17205.723684322693
250.0,11.0,0.0,1.0,NORMAL,IB,17205.723684322693
251.0,11.0,0.0,1.0,NORMAL,IB,17205.723684322693
252.0,11.0,0.0,1.0,NORMAL,IB,17205.723684322693
253.0,11.0,0.0,1.0,NORMAL,IB,17205.723684322693
254.0,11.0,0.0,1.0,NORMAL,IB,17205.723684322693
255.0,11.0,0.0,1.0,NORMAL,IB,17205.723684322693
256.0,11.0,0.0,1.0,NORMAL,IB,17205.723684322693
257.0,11.0,0.0,1.0,NORMAL,IB,17205.723684322693
258.0,11.0,0.0,1.0,NORMAL,IB,17205.723684322693
259.0,11.0,0.0,1.0,NORMAL,IB,17205.723684322693
260.0,11.0,0.0,1.0,NORMAL,IB,17205.723684322693
261.0,11.0,0.0,1.0,NORMAL,IB,17205.723684322693
262.0,11.0,0.0,1.0,NORMAL,IB,17205.723684322693
263.0,11.0,0.0,1.0,NORMAL,IB,17205.723684322693
264.0,12.0,0.4,1.0,NORMAL,IB,17206.123684322694
265.0,12.0,1.6850938103799828,1.0,NORMAL,IB,17207.808778133076
266.0,12.0,3.7202964165266987,1.0,NORMAL,IB,17211.529074549602
267.0,12.0,2.681588709578139,1.0,NORMAL,IB,17214.210663259182
268.0,12.0,2.5095348477800297,1.0,NORMAL,IB,17216.720198106963
269.0,12.0,1.5474354635205745,1.0,NORMAL,IB,17218.267633570482
270.0,12.0,3.322537902147928,1.0,NORMAL,IB,17221.59017147263
271.0,12.0,3.66727171212401,1.0,NORMAL,IB,17225.257443184757
272.0,12.0,3.5618489755739695,1.0,NORMAL,IB,17228.81929216033
273.0,12.0,508.5211572197115,1.0,NORMAL,IB,17737.34044938004
274.0,12.0,10.962244002174405,1.0,NORMAL,IB,17748.302693382215
275.0,12.0,11.844985357726921,1.0,NORMAL,IB,17760.14767873994
276.0,12.0,1370.7672914059494,1.0,NORMAL,IB,19130.91497014589
277.0,12.0,-12.020800037332947,1.0,NORMAL,IB,19118.894170108557
278.0,12.0,257.57759353284786,1.0,NORMAL,IB,19376.471763641406
279.0,12.0,-974.230913970392,1.0,NORMAL,IB,18402.240849671016
280.0,12.0,-459.39788666658075,1.0,NORMAL,IB,17942.842963004434
281.0,12.0,0.0,1.0,NORMAL,IB,17942.842963004434
282.0,12.0,0.0,1.0,NORMAL,IB,17942.842963004434
283.0,12.0,0.0,1.0,NORMAL,IB,17942.842963004434
284.0,12.0,0.0,1.0,NORMAL,IB,17942.842963004434
285.0,12.0,0.0,1.0,NORMAL,IB,17942.842963004434
286.0,12.0,0.0,1.0,NORMAL,IB,17942.842963004434
287.0,12.0,0.0,1.0,NORMAL,IB,17942.842963004434
288.0,13.0,-10.55252,0.0,CRASH,IB,17932.290443004433
289.0,13.0,-7.010667810245788,0.0,CRASH,IB,17925.279775194187
290.0,13.0,-7.859915996739481,0.0,CRASH,IB,17917.41985919745
291.0,13.0,-7.037824851342991,0.0,CRASH,IB,17910.382034346105
292.0,13.0,-12.357183549593717,0.0,CRASH,IB,17898.02485079651
293.0,13.0,-10.328605619500657,0.0,CRASH,IB,17887.696245177012
294.0,13.0,-7.075137930107734,0.0,CRASH,IB,17880.621107246905
295.0,13.0,-8.50936679320368,0.0,CRASH,IB,17872.1117404537
296.0,13.0,-7.478062125430448,0.0,CRASH,IB,17864.633678328268
297.0,13.0,-8.226526579896131,0.0,CRASH,IB,17856.40715174837
298.0,13.0,-7.1744944649337805,0.0,CRASH,IB,17849.23265728344
299.0,13.0,-5.044308181701433,0.0,CRASH,IB,17844.188349101736
300.0,13.0,0.0,0.0,CRASH,IB,17844.188349101736
301.0,13.0,-6.391506573628701,0.0,CRASH,IB,17837.796842528107
302.0,13.0,-5.6760054769672665,0.0,CRASH,IB,17832.12083705114
303.0,13.0,-8.163496933045886,0.0,CRASH,IB,17823.957340118097
304.0,13.0,0.0,0.0,CRASH,IB,17823.957340118097
305.0,13.0,-10.121221700653708,0.0,CRASH,IB,17813.836118417443
306.0,13.0,-10.730280080405345,0.0,CRASH,IB,17803.105838337036
307.0,13.0,-14.29784687004099,0.0,CRASH,IB,17788.807991466994
308.0,13.0,-18.531692316267183,0.0,CRASH,IB,17770.276299150726
309.0,13.0,-28.17182028912627,0.0,CRASH,IB,17742.1044788616
310.0,13.0,-41.46938757782898,0.0,CRASH,IB,17700.63509128377
311.0,13.0,-48.76798786754809,0.0,CRASH,IB,17651.86710341622
312.0,14.0,0.0,0.0,CRASH,IB,17651.86710341622
313.0,14.0,-5.712734525949957,0.0,CRASH,IB,17646.15436889027
314.0,14.0,-1.9567300160406982,0.0,CRASH,IB,17644.19763887423
315.0,14.0,-3.5120067943343214,0.0,CRASH,IB,17640.685632079894
316.0,14.0,-9.497187108077593,0.0,CRASH,IB,17631.188444971816
317.0,14.0,-11.698047373290363,0.0,CRASH,IB,17619.490397598525
318.0,14.0,-8.91589173430243,0.0,CRASH,IB,17610.574505864224
319.0,14.0,-10.658719939387206,0.0,CRASH,IB,17599.915785924837
320.0,14.0,-23.316298584607118,0.0,CRASH,IB,17576.59948734023
321.0,14.0,-39.99935515650691,0.0,CRASH,IB,17536.600132183725
322.0,14.0,-25.8532096361697,0.0,CRASH,IB,17510.746922547554
323.0,14.0,-29.60033669743612,0.0,CRASH,IB,17481.146585850118
324.0,14.0,0.0,0.0,CRASH,IB,17481.146585850118
325.0,14.0,-6.605405598403526,0.0,CRASH,IB,17474.541180251716
326.0,14.0,-2.972334868105192,0.0,CRASH,IB,17471.568845383612
327.0,14.0,-4.54704181085992,0.0,CRASH,IB,17467.021803572752
328.0,14.0,-9.181220346472744,0.0,CRASH,IB,17457.84058322628
329.0,14.0,-27.721716022134036,0.0,CRASH,IB,17430.118867204146
330.0,14.0,-16.629717124611673,0.0,CRASH,IB,17413.489150079535
331.0,14.0,-24.93298652562477,0.0,CRASH,IB,17388.55616355391
332.0,14.0,-51.4673191971786,0.0,CRASH,IB,17337.08884435673
333.0,14.0,-48.961962959873745,0.0,CRASH,IB,17288.126881396856
334.0,14.0,-55.85258585338056,0.0,CRASH,IB,17232.274295543477
335.0,14.0,-82.94553982055629,0.0,CRASH,IB,17149.32875572292
336.0,15.0,0.0,0.0,CRASH,IB,17149.32875572292
337.0,15.0,-7.99782833632994,0.0,CRASH,IB,17141.33092738659
338.0,15.0,-3.5607121485636872,0.0,CRASH,IB,17137.770215238026
339.0,15.0,-7.398890718400958,0.0,CRASH,IB,17130.371324519627
340.0,15.0,-2.562720825731292,0.0,CRASH,IB,17127.808603693895
341.0,15.0,-5.326494569388199,0.0,CRASH,IB,17122.482109124507
342.0,15.0,-2.768050833375483,0.0,CRASH,IB,17119.71405829113
343.0,15.0,-5.754626897412376,0.0,CRASH,IB,17113.95943139372
344.0,15.0,-13.58943361681723,0.0,CRASH,IB,17100.369997776903
345.0,15.0,-15.052316893504187,0.0,CRASH,IB,17085.3176808834
346.0,15.0,-8.608358543970848,0.0,CRASH,IB,17076.70932233943
347.0,15.0,-9.771497522379901,0.0,CRASH,IB,17066.93782481705
348.0,15.0,0.0,0.0,CRASH,IB,17066.93782481705
349.0,15.0,-7.275477033157315,0.0,CRASH,IB,17059.662347783895
350.0,15.0,-17.642538623874792,0.0,CRASH,IB,17042.01980916002
351.0,15.0,-15.616457075458737,0.0,CRASH,IB,17026.403352084562
352.0,15.0,-24.52980607779396,0.0,CRASH,IB,17001.87354600677
353.0,15.0,-16.92424058120846,0.0,CRASH,IB,16984.94930542556
354.0,15.0,-35.70522866755045,0.0,CRASH,IB,16949.244076758012
355.0,15.0,-34.022849479115195,0.0,CRASH,IB,16915.221227278897
356.0,15.0,-65.50342425533806,0.0,CRASH,IB,16849.71780302356
357.0,15.0,-23.495924839055036,0.0,CRASH,IB,16826.221878184504
358.0,15.0,-36.7965387492836,0.0,CRASH,IB,16789.42533943522
359.0,15.0,-63.12180163057556,0.0,CRASH,IB,16726.303537804644
360.0,16.0,0.0,0.0,CRASH,IB,16726.303537804644
361.0,16.0,-13.710562862279897,0.0,CRASH,IB,16712.592974942363
362.0,16.0,-5.078287666281531,0.0,CRASH,IB,16707.51468727608
363.0,16.0,-9.267850513869039,0.0,CRASH,IB,16698.246836762213
364.0,16.0,-5.116472128572524,0.0,CRASH,IB,16693.130364633642
365.0,16.0,-9.748284036165813,0.0,CRASH,IB,16683.382080597476
366.0,16.0,-18.71147002345159,0.0,CRASH,IB,16664.670610574023
367.0,16.0,-25.486379334604806,0.0,CRASH,IB,16639.18423123942
368.0,16.0,-8.161257881209774,0.0,CRASH,IB,16631.02297335821
369.0,16.0,-25.666066293122178,0.0,CRASH,IB,16605.35690706509
370.0,16.0,-1.4765501544617166,0.0,CRASH,IB,16603.880356910628
371.0,16.0,-3.3628721211342887,0.0,CRASH,IB,16600.517484789492
372.0,16.0,0.0,0.0,CRASH,IB,16600.517484789492
373.0,16.0,-4.071720721606491,0.0,CRASH,IB,16596.445764067885
374.0,16.0,-2.0812020082213314,0.0,CRASH,IB,16594.36456205966
375.0,16.0,-11.907888042464945,0.0,CRASH,IB,16582.456674017198
376.0,16.0,-20.874191267703154,0.0,CRASH,IB,16561.582482749494
377.0,16.0,-17.349935279716078,0.0,CRASH,IB,16544.23254746978
378.0,16.0,-29.91442462415814,0.0,CRASH,IB,16514.31812284562
379.0,16.0,-15.890649251535859,0.0,CRASH,IB,16498.427473594085
380.0,16.0,-19.958352190635697,0.0,CRASH,IB,16478.46912140345
381.0,16.0,-53.565890801478716,0.0,CRASH,IB,16424.903230601973
382.0,16.0,-52.99363259036314,0.0,CRASH,IB,16371.909598011609
383.0,16.0,-81.24532573417406,0.0,CRASH,IB,16290.664272277434
384.0,17.0,0.0,0.0,CRASH,IB,16290.664272277434
385.0,17.0,-3.427640715569974,0.0,CRASH,IB,16287.236631561864
386.0,17.0,-5.222377817893408,0.0,CRASH,IB,16282.01425374397
387.0,17.0,-2.579499934125187,0.0,CRASH,IB,16279.434753809845
388.0,17.0,-10.79084858090675,0.0,CRASH,IB,16268.643905228937
389.0,17.0,-8.800966977000122,0.0,CRASH,IB,16259.842938251937
390.0,17.0,-10.508628183826684,0.0,CRASH,IB,16249.33431006811
391.0,17.0,-19.972871304194005,0.0,CRASH,IB,16229.361438763917
392.0,17.0,-32.34860114218703,0.0,CRASH,IB,16197.01283762173
393.0,17.0,-44.59373279013786,0.0,CRASH,IB,16152.419104831593
394.0,17.0,-25.590302217076975,0.0,CRASH,IB,16126.828802614516
395.0,17.0,-18.31689186939424,0.0,CRASH,IB,16108.511910745123
396.0,17.0,0.0,0.0,CRASH,IB,16108.511910745123
397.0,17.0,-5.456607774867986,0.0,CRASH,IB,16103.055302970255
398.0,17.0,-9.061175143430544,0.0,CRASH,IB,16093.994127826825
399.0,17.0,-5.41503827808753,0.0,CRASH,IB,16088.579089548737
400.0,17.0,-14.334138287382729,0.0,CRASH,IB,16074.244951261355
401.0,17.0,-6.4535998087066515,0.0,CRASH,IB,16067.791351452648
402.0,17.0,-11.085000083063374,0.0,CRASH,IB,16056.706351369585
403.0,17.0,-7.613336991502124,0.0,CRASH,IB,16049.093014378082
404.0,17.0,-11.608718432466809,0.0,CRASH,IB,16037.484295945616
405.0,17.0,-13.777798820816994,0.0,CRASH,IB,16023.7064971248
406.0,17.0,-38.080882928029965,0.0,CRASH,IB,15985.62561419677
407.0,17.0,-21.801184636945006,0.0,CRASH,IB,15963.824429559825
408.0,18.0,0.0,0.0,CRASH,IB,15963.824429559825
409.0,18.0,-3.427640715569974,0.0,CRASH,IB,15960.396788844255
410.0,18.0,-3.9167833634200555,0.0,CRASH,IB,15956.480005480835
411.0,18.0,-7.822107267493492,0.0,CRASH,IB,15948.657898213341
412.0,18.0,-8.527453547620873,0.0,CRASH,IB,15940.130444665721
413.0,18.0,-4.269185397364641,0.0,CRASH,IB,15935.861259268357
414.0,18.0,-17.832060273688196,0.0,CRASH,IB,15918.029198994669
415.0,18.0,-14.97094960496317,0.0,CRASH,IB,15903.058249389705
416.0,18.0,-17.223771809776427,0.0,CRASH,IB,15885.834477579929
417.0,18.0,-17.409372879782456,0.0,CRASH,IB,15868.425104700147
418.0,18.0,-25.68990305973449,0.0,CRASH,IB,15842.735201640413
419.0,18.0,-48.63923721123789,0.0,CRASH,IB,15794.095964429174
420.0,18.0,0.0,0.0,CRASH,IB,15794.095964429174
421.0,18.0,-5.9582519163041825,0.0,CRASH,IB,15788.13771251287
422.0,18.0,-8.324808032885326,0.0,CRASH,IB,15779.812904479984
423.0,18.0,-14.289465650957933,0.0,CRASH,IB,15765.523438829026
424.0,18.0,-8.17660202593132,0.0,CRASH,IB,15757.346836803095
425.0,18.0,-18.01297927458881,0.0,CRASH,IB,15739.333857528507
426.0,18.0,-24.99357138728465,0.0,CRASH,IB,15714.340286141221
427.0,18.0,-20.436042142644187,0.0,CRASH,IB,15693.904243998577
428.0,18.0,-34.18941649113565,0.0,CRASH,IB,15659.714827507441
429.0,18.0,-43.613370280666565,0.0,CRASH,IB,15616.101457226774
430.0,18.0,-66.99865418792825,0.0,CRASH,IB,15549.102803038846
431.0,18.0,-53.05426006748493,0.0,CRASH,IB,15496.04854297136
432.0,19.0,0.0,0.0,CRASH,IB,15496.04854297136
433.0,19.0,0.8425469051899914,1.0,NORMAL,IB,15496.891089876552
434.0,19.0,2.8678042441268943,1.0,NORMAL,IB,15499.758894120678
435.0,19.0,3.266019585733892,1.0,NORMAL,IB,15503.024913706411
436.0,19.0,0.6246359027889836,1.0,NORMAL,IB,15503.6495496092
437.0,19.0,3.5785992529376807,1.0,NORMAL,IB,15507.228148862137
438.0,19.0,3.8635749876167793,1.0,NORMAL,IB,15511.091723849755
439.0,19.0,503.8067381270429,1.0,NORMAL,IB,16014.898461976798
440.0,19.0,4.595097233333368,1.0,NORMAL,IB,16019.493559210132
441.0,19.0,2.5099828292364026,1.0,NORMAL,IB,16022.003542039369
442.0,19.0,2.214230273447142,1.0,NORMAL,IB,16024.217772312815
443.0,19.0,4.835026211985005,1.0,NORMAL,IB,16029.0527985248
444.0,19.0,482.69139435593587,1.0,NORMAL,IB,16511.74419288074
445.0,19.0,-355.17424071400626,1.0,NORMAL,IB,16156.569952166732
446.0,19.0,1213.4915225108716,1.0,NORMAL,IB,17370.061474677605
447.0,19.0,-260.24548055714274,1.0,NORMAL,IB,17109.81599412046
448.0,19.0,904.9840798220379,1.0,NORMAL,IB,18014.8000739425
449.0,19.0,38.12017049030628,1.0,NORMAL,IB,18052.920244432808
450.0,19.0,452.13886362442065,1.0,NORMAL,IB,18505.059108057227
451.0,19.0,903.0711442452741,1.0,NORMAL,IB,19408.1302523025
452.0,19.0,332.6547992545171,1.0,NORMAL,IB,19740.785051557017
453.0,19.0,69.36703934866246,1.0,NORMAL,IB,19810.152090905678
454.0,19.0,71.90115411092239,1.0,NORMAL,IB,19882.0532450166
455.0,19.0,64.23741385288936,1.0,NORMAL,IB,19946.29065886949
456.0,20.0,514.4029,1.0,NORMAL,IB,20460.69355886949
457.0,20.0,20.0792408257258,1.0,NORMAL,IB,20480.772799695216
458.0,20.0,14.266117707763826,1.0,NORMAL,IB,20495.03891740298
459.0,20.0,12.252612448148657,1.0,NORMAL,IB,20507.29152985113
460.0,20.0,512.2064064659343,1.0,NORMAL,IB,21019.497936317064
461.0,20.0,516.586398753852,1.0,NORMAL,IB,21536.084335070915
462.0,20.0,15.075866677501425,1.0,NORMAL,IB,21551.160201748415
463.0,20.0,517.6592917763212,1.0,NORMAL,IB,22068.819493524737
464.0,20.0,8.587725365665856,1.0,NORMAL,IB,22077.407218890403
465.0,20.0,11.225521706335423,1.0,NORMAL,IB,22088.63274059674
466.0,20.0,8.46777809045585,1.0,NORMAL,IB,22097.100518687195
467.0,20.0,4.448362258632261,1.0,NORMAL,IB,22101.54888094583
468.0,20.0,3.449839961918215,1.3,HOLIDAY,IB,22104.998720907748
469.0,20.0,8.536652779289343,1.3,HOLIDAY,IB,22113.53537368704
470.0,20.0,7.670423996191996,1.3,HOLIDAY,IB,22121.20579768323
471.0,20.0,3.789087043115807,1.3,HOLIDAY,IB,22124.994884726344
472.0,20.0,9.606769703465236,1.3,HOLIDAY,IB,22134.60165442981
473.0,20.0,21.578794970311087,1.3,HOLIDAY,IB,22156.180449400123
474.0,20.0,31.874917776227253,1.3,HOLIDAY,IB,22188.05536717635
475.0,20.0,18.802449475785167,1.3,HOLIDAY,IB,22206.857816652133
476.0,20.0,605.4489410072233,1.3,HOLIDAY,IB,22812.306757659357
477.0,20.0,38.413251947958216,1.3,HOLIDAY,IB,22850.720009607314
478.0,20.0,662.4239629290095,1.3,HOLIDAY,IB,23513.143972536323
479.0,20.0,96.9539854741637,1.3,HOLIDAY,IB,23610.097958010487
480.0,21.0,-224.87578000000005,1.3,HOLIDAY,IB,23385.22217801049
481.0,21.0,1156.447811545069,1.3,HOLIDAY,IB,24541.669989555558
482.0,21.0,2774.0250397761897,1.3,HOLIDAY,IB,27315.695029331746
483.0,21.0,1834.6657307356015,1.3,HOLIDAY,IB,29150.360760067346
484.0,21.0,944.324597750375,1.3,HOLIDAY,IB,30094.68535781772
485.0,21.0,404.95599612422745,1.3,HOLIDAY,IB,30499.64135394195
486.0,21.0,0.0,1.3,HOLIDAY,IB,30499.64135394195
487.0,21.0,0.0,1.3,HOLIDAY,IB,30499.64135394195
488.0,21.0,0.0,1.3,HOLIDAY,IB,30499.64135394195
489.0,21.0,0.0,1.3,HOLIDAY,IB,30499.64135394195
490.0,21.0,0.0,1.3,HOLIDAY,IB,30499.64135394195
491.0,21.0,0.0,1.3,HOLIDAY,IB,30499.64135394195
492.0,21.0,0.0,1.3,HOLIDAY,IB,30499.64135394195
493.0,21.0,0.0,1.3,HOLIDAY,IB,30499.64135394195
494.0,21.0,0.0,1.3,HOLIDAY,IB,30499.64135394195
495.0,21.0,0.0,1.3,HOLIDAY,IB,30499.64135394195
496.0,21.0,0.0,1.3,HOLIDAY,IB,30499.64135394195
497.0,21.0,0.0,1.3,HOLIDAY,IB,30499.64135394195
498.0,21.0,0.0,1.3,HOLIDAY,IB,30499.64135394195
499.0,21.0,0.0,1.3,HOLIDAY,IB,30499.64135394195
500.0,21.0,0.0,1.3,HOLIDAY,IB,30499.64135394195
501.0,21.0,0.0,1.3,HOLIDAY,IB,30499.64135394195
502.0,21.0,0.0,1.3,HOLIDAY,IB,30499.64135394195
503.0,21.0,0.0,1.3,HOLIDAY,IB,30499.64135394195
504.0,22.0,14.05496,1.3,HOLIDAY,IB,30513.69631394195
505.0,22.0,31.18740495658325,1.3,HOLIDAY,IB,30544.883718898534
506.0,22.0,1227.8790888702194,1.3,HOLIDAY,IB,31772.762807768755
507.0,22.0,35.37220520648704,1.3,HOLIDAY,IB,31808.135012975243
508.0,22.0,29.0581353826815,1.3,HOLIDAY,IB,31837.193148357925
509.0,22.0,40.77182959284009,1.3,HOLIDAY,IB,31877.964977950764
510.0,22.0,642.3700138947787,1.3,HOLIDAY,IB,32520.334991845542
511.0,22.0,615.4653672707789,1.3,HOLIDAY,IB,33135.80035911632
512.0,22.0,14.619350927740161,1.3,HOLIDAY,IB,33150.419710044065
513.0,22.0,19.10021633564025,1.3,HOLIDAY,IB,33169.519926379704
514.0,22.0,7.530410950786719,1.3,HOLIDAY,IB,33177.05033733049
515.0,22.0,1229.629786030786,1.3,HOLIDAY,IB,34406.68012336128
516.0,22.0,972.5780258736575,1.3,HOLIDAY,IB,35379.258149234935
517.0,22.0,977.2720154755337,1.3,HOLIDAY,IB,36356.53016471047
518.0,22.0,993.3983175183223,1.3,HOLIDAY,IB,37349.928482228795
519.0,22.0,-9.603117234132583,1.3,HOLIDAY,IB,37340.325364994664
520.0,22.0,0.0,1.3,HOLIDAY,IB,37340.325364994664
521.0,22.0,0.0,1.3,HOLIDAY,IB,37340.325364994664
522.0,22.0,0.0,1.3,HOLIDAY,IB,37340.325364994664
523.0,22.0,0.0,1.3,HOLIDAY,IB,37340.325364994664
524.0,22.0,0.0,1.3,HOLIDAY,IB,37340.325364994664
525.0,22.0,0.0,1.3,HOLIDAY,IB,37340.325364994664
526.0,22.0,0.0,1.3,HOLIDAY,IB,37340.325364994664
527.0,22.0,0.0,1.3,HOLIDAY,IB,37340.325364994664
528.0,23.0,168.70172647058828,1.3,HOLIDAY,IB,37509.02709146525
529.0,23.0,848.6170044752982,1.3,HOLIDAY,IB,38357.64409594055
530.0,23.0,271.9920205815672,1.3,HOLIDAY,IB,38629.63611652212
531.0,23.0,1162.7849118746888,1.3,HOLIDAY,IB,39792.421028396806
532.0,23.0,1156.4808088387726,1.3,HOLIDAY,IB,40948.90183723558
533.0,23.0,633.8085616318834,1.3,HOLIDAY,IB,41582.710398867464
534.0,23.0,-15.98066865391257,1.3,HOLIDAY,IB,41566.72973021355
535.0,23.0,47.24218429937527,1.3,HOLIDAY,IB,41613.97191451292
536.0,23.0,639.3871134220221,1.3,HOLIDAY,IB,42253.359027934945
537.0,23.0,31.78767754086442,1.3,HOLIDAY,IB,42285.14670547581
538.0,23.0,623.9788011779456,1.3,HOLIDAY,IB,42909.125506653756
539.0,23.0,23.51397576133759,1.3,HOLIDAY,IB,42932.63948241509
540.0,23.0,13.36184602392142,1.3,HOLIDAY,IB,42946.001328439015
541.0,23.0,11.321803338214483,1.3,HOLIDAY,IB,42957.32313177723
542.0,23.0,3.7308562784242634,1.3,HOLIDAY,IB,42961.05398805565
543.0,23.0,602.8023689361484,1.3,HOLIDAY,IB,43563.856356991804
544.0,23.0,2.115981603504896,1.3,HOLIDAY,IB,43565.97233859531
545.0,23.0,3.661208193269496,1.3,HOLIDAY,IB,43569.63354678858
546.0,23.0,2.8755000249190124,1.3,HOLIDAY,IB,43572.5090468135
547.0,23.0,3.3249151697340666,1.3,HOLIDAY,IB,43575.83396198323
548.0,23.0,5.252439727232063,1.3,HOLIDAY,IB,43581.08640171047
549.0,23.0,1208.3905461157087,1.3,HOLIDAY,IB,44789.47694782618
550.0,23.0,607.6756349959304,1.3,HOLIDAY,IB,45397.15258282211
551.0,23.0,607.8220418139279,1.3,HOLIDAY,IB,46004.97462463604
552.0,24.0,3.96,1.3,HOLIDAY,IB,46008.93462463604
553.0,24.0,3.673335997247324,1.3,HOLIDAY,IB,46012.607960633286
554.0,24.0,2.7244805497242637,1.3,HOLIDAY,IB,46015.33244118301
555.0,24.0,1206.8744717202205,1.3,HOLIDAY,IB,47222.20691290323
556.0,24.0,12.487811253715345,1.3,HOLIDAY,IB,47234.69472415695
557.0,24.0,1222.3081527091038,1.3,HOLIDAY,IB,48457.002876866056
558.0,24.0,642.4552731824468,1.3,HOLIDAY,IB,49099.4581500485
559.0,24.0,630.4545743447053,1.3,HOLIDAY,IB,49729.91272439321
560.0,24.0,633.7265094258729,1.3,HOLIDAY,IB,50363.639233819085
561.0,24.0,-81.1848864830415,1.3,HOLIDAY,IB,50282.454347336046
562.0,24.0,1598.6289164858717,1.3,HOLIDAY,IB,51881.083263821914
563.0,24.0,1678.0475581893647,1.3,HOLIDAY,IB,53559.13082201128
564.0,24.0,1181.4353984919164,1.3,HOLIDAY,IB,54740.56622050319
565.0,24.0,1138.3389321182694,1.3,HOLIDAY,IB,55878.90515262146
566.0,24.0,197.0001813180798,1.3,HOLIDAY,IB,56075.90533393954
567.0,24.0,0.0,1.3,HOLIDAY,IB,56075.90533393954
568.0,24.0,0.0,1.3,HOLIDAY,IB,56075.90533393954
569.0,24.0,0.0,1.3,HOLIDAY,IB,56075.90533393954
570.0,24.0,0.0,1.3,HOLIDAY,IB,56075.90533393954
571.0,24.0,0.0,1.3,HOLIDAY,IB,56075.90533393954
572.0,24.0,0.0,1.3,HOLIDAY,IB,56075.90533393954
573.0,24.0,0.0,1.3,HOLIDAY,IB,56075.90533393954
574.0,24.0,0.0,1.3,HOLIDAY,IB,56075.90533393954
575.0,24.0,0.0,1.3,HOLIDAY,IB,56075.90533393954
576.0,25.0,2877.0353999999998,1.3,HOLIDAY,IB,58952.94073393954
577.0,25.0,2747.394896984689,1.3,HOLIDAY,IB,61700.33563092423
578.0,25.0,0.0,1.3,HOLIDAY,IB,61700.33563092423
579.0,25.0,0.0,1.3,HOLIDAY,IB,61700.33563092423
580.0,25.0,0.0,1.3,HOLIDAY,IB,61700.33563092423
581.0,25.0,0.0,1.3,HOLIDAY,IB,61700.33563092423
582.0,25.0,0.0,1.3,HOLIDAY,IB,61700.33563092423
583.0,25.0,0.0,1.3,HOLIDAY,IB,61700.33563092423
584.0,25.0,0.0,1.3,HOLIDAY,IB,61700.33563092423
585.0,25.0,0.0,1.3,HOLIDAY,IB,61700.33563092423
586.0,25.0,0.0,1.3,HOLIDAY,IB,61700.33563092423
587.0,25.0,0.0,1.3,HOLIDAY,IB,61700.33563092423
588.0,25.0,0.0,1.3,HOLIDAY,IB,61700.33563092423
589.0,25.0,0.0,1.3,HOLIDAY,IB,61700.33563092423
590.0,25.0,0.0,1.3,HOLIDAY,IB,61700.33563092423
591.0,25.0,0.0,1.3,HOLIDAY,IB,61700.33563092423
592.0,25.0,0.0,1.3,HOLIDAY,IB,61700.33563092423
593.0,25.0,0.0,1.3,HOLIDAY,IB,61700.33563092423
594.0,25.0,0.0,1.3,HOLIDAY,IB,61700.33563092423
595.0,25.0,0.0,1.3,HOLIDAY,IB,61700.33563092423
596.0,25.0,0.0,1.3,HOLIDAY,IB,61700.33563092423
597.0,25.0,0.0,1.3,HOLIDAY,IB,61700.33563092423
598.0,25.0,0.0,1.3,HOLIDAY,IB,61700.33563092423
599.0,25.0,0.0,1.3,HOLIDAY,IB,61700.33563092423
600.0,26.0,636.3752,1.3,HOLIDAY,IB,62336.71083092423
601.0,26.0,1747.5834522290006,1.3,HOLIDAY,IB,64084.294283153235
602.0,26.0,489.88244402102674,1.3,HOLIDAY,IB,64574.176727174265
603.0,26.0,1470.796804896263,1.3,HOLIDAY,IB,66044.97353207052
604.0,26.0,662.4605482740229,1.3,HOLIDAY,IB,66707.43408034455
605.0,26.0,1286.0251493193828,1.3,HOLIDAY,IB,67993.45922966393
606.0,26.0,0.0,1.3,HOLIDAY,IB,67993.45922966393
607.0,26.0,0.0,1.3,HOLIDAY,IB,67993.45922966393
608.0,26.0,0.0,1.3,HOLIDAY,IB,67993.45922966393
609.0,26.0,0.0,1.3,HOLIDAY,IB,67993.45922966393
610.0,26.0,0.0,1.3,HOLIDAY,IB,67993.45922966393
611.0,26.0,0.0,1.3,HOLIDAY,IB,67993.45922966393
612.0,26.0,0.0,1.3,HOLIDAY,IB,67993.45922966393
613.0,26.0,0.0,1.3,HOLIDAY,IB,67993.45922966393
614.0,26.0,0.0,1.3,HOLIDAY,IB,67993.45922966393
615.0,26.0,0.0,1.3,HOLIDAY,IB,67993.45922966393
616.0,26.0,0.0,1.3,HOLIDAY,IB,67993.45922966393
617.0,26.0,0.0,1.3,HOLIDAY,IB,67993.45922966393
618.0,26.0,0.0,1.3,HOLIDAY,IB,67993.45922966393
619.0,26.0,0.0,1.3,HOLIDAY,IB,67993.45922966393
620.0,26.0,0.0,1.3,HOLIDAY,IB,67993.45922966393
621.0,26.0,0.0,1.3,HOLIDAY,IB,67993.45922966393
622.0,26.0,0.0,1.3,HOLIDAY,IB,67993.45922966393
623.0,26.0,0.0,1.3,HOLIDAY,IB,67993.45922966393
624.0,27.0,1981.4416,1.3,HOLIDAY,IB,69974.90082966394
625.0,27.0,106.45175841981597,1.0,NORMAL,IB,70081.35258808376
626.0,27.0,-324.8269165880242,1.0,NORMAL,IB,69756.52567149574
627.0,27.0,2020.0424499487742,1.0,NORMAL,IB,71776.5681214445
628.0,27.0,-8.559047914190417,1.0,NORMAL,IB,71768.00907353031
629.0,27.0,28.30806223309575,1.0,NORMAL,IB,71796.3171357634
630.0,27.0,22.14241156380547,1.0,NORMAL,IB,71818.4595473272
631.0,27.0,30.166091001269212,1.0,NORMAL,IB,71848.62563832848
632.0,27.0,514.1972860779158,1.0,NORMAL,IB,72362.8229244064
633.0,27.0,1.582293175550628,1.0,NORMAL,IB,72364.40521758195
634.0,27.0,0.0,1.0,NORMAL,IB,72364.40521758195
635.0,27.0,0.0,1.0,NORMAL,IB,72364.40521758195
636.0,27.0,0.0,1.0,NORMAL,IB,72364.40521758195
637.0,27.0,0.0,1.0,NORMAL,IB,72364.40521758195
638.0,27.0,0.0,1.0,NORMAL,IB,72364.40521758195
639.0,27.0,0.0,1.0,NORMAL,IB,72364.40521758195
640.0,27.0,0.0,1.0,NORMAL,IB,72364.40521758195
641.0,27.0,0.0,1.0,NORMAL,IB,72364.40521758195
642.0,27.0,0.0,1.0,NORMAL,IB,72364.40521758195
643.0,27.0,0.0,1.0,NORMAL,IB,72364.40521758195
644.0,27.0,0.0,1.0,NORMAL,IB,72364.40521758195
645.0,27.0,0.0,1.0,NORMAL,IB,72364.40521758195
646.0,27.0,0.0,1.0,NORMAL,IB,72364.40521758195
647.0,27.0,0.0,1.0,NORMAL,IB,72364.40521758195
648.0,28.0,0.8717600000000001,1.0,NORMAL,IB,72365.27697758195
649.0,28.0,1.3875062434668777,1.0,NORMAL,IB,72366.66448382541
650.0,28.0,1.6120368004097858,1.0,NORMAL,IB,72368.27652062582
651.0,28.0,3.561267756284236,1.0,NORMAL,IB,72371.83778838211
652.0,28.0,2.694030605398771,1.0,NORMAL,IB,72374.53181898751
653.0,28.0,4.236775136755098,1.0,NORMAL,IB,72378.76859412427
654.0,28.0,4.6948056771329405,1.0,NORMAL,IB,72383.4633998014
655.0,28.0,1008.2319356607369,1.0,NORMAL,IB,73391.69533546214
656.0,28.0,2.4472990729087165,1.0,NORMAL,IB,73394.14263453505
657.0,28.0,510.9127266079194,1.0,NORMAL,IB,73905.05536114296
658.0,28.0,15.099275288027979,1.0,NORMAL,IB,73920.15463643099
659.0,28.0,11.53844469588707,1.0,NORMAL,IB,73931.69308112688
660.0,28.0,860.308463153136,1.0,NORMAL,IB,74792.00154428002
661.0,28.0,37.81613285516033,1.0,NORMAL,IB,74829.81767713519
662.0,28.0,-419.8834411183848,1.0,NORMAL,IB,74409.93423601681
663.0,28.0,1411.4715105259565,1.0,NORMAL,IB,75821.40574654276
664.0,28.0,7.485894444645387,1.0,NORMAL,IB,75828.89164098741
665.0,28.0,0.0,1.0,NORMAL,IB,75828.89164098741
666.0,28.0,0.0,1.0,NORMAL,IB,75828.89164098741
667.0,28.0,0.0,1.0,NORMAL,IB,75828.89164098741
668.0,28.0,0.0,1.0,NORMAL,IB,75828.89164098741
669.0,28.0,0.0,1.0,NORMAL,IB,75828.89164098741
670.0,28.0,0.0,1.0,NORMAL,IB,75828.89164098741
671.0,28.0,0.0,1.0,NORMAL,IB,75828.89164098741
672.0,29.0,1361.3256,1.0,NORMAL,IB,77190.2172409874
673.0,29.0,603.6798113818302,1.0,NORMAL,IB,77793.89705236924
674.0,29.0,-176.26356099431146,1.0,NORMAL,IB,77617.63349137493
675.0,29.0,-193.6808297262247,1.0,NORMAL,IB,77423.95266164871
676.0,29.0,166.17372676174898,1.0,NORMAL,IB,77590.12638841046
677.0,29.0,541.0776043690157,1.0,NORMAL,IB,78131.20399277947
678.0,29.0,539.1481373192258,1.0,NORMAL,IB,78670.35213009869
679.0,29.0,531.5952437395266,1.0,NORMAL,IB,79201.94737383822
680.0,29.0,21.110211222290033,1.0,NORMAL,IB,79223.05758506051
681.0,29.0,9.126548565386482,1.0,NORMAL,IB,79232.1841336259
682.0,29.0,12.557269401959807,1.0,NORMAL,IB,79244.74140302786
683.0,29.0,2.160842285939127,1.0,NORMAL,IB,79246.9022453138
684.0,29.0,5.815167180590313,1.0,NORMAL,IB,79252.7174124944
685.0,29.0,3.7971731457233213,1.0,NORMAL,IB,79256.51458564012
686.0,29.0,4.776005476967267,1.0,NORMAL,IB,79261.29059111708
687.0,29.0,1007.3218427317727,1.0,NORMAL,IB,80268.61243384886
688.0,29.0,4.024157629528392,1.0,NORMAL,IB,80272.63659147838
689.0,29.0,7.322416386538992,1.0,NORMAL,IB,80279.95900786492
690.0,29.0,6.4739007561026645,1.0,NORMAL,IB,80286.43290862102
691.0,29.0,505.51767953901674,1.0,NORMAL,IB,80791.95058816003
692.0,29.0,3.8720985669154766,1.0,NORMAL,IB,80795.82268672695
693.0,29.0,7.696063528884843,1.0,NORMAL,IB,80803.51875025584
694.0,29.0,5.752350034155322,1.0,NORMAL,IB,80809.27110028999
695.0,29.0,3.611020906963901,1.0,NORMAL,IB,80812.88212119695
696.0,30.0,2.4,1.0,NORMAL,IB,80815.28212119694
697.0,30.0,1.2638203577849871,1.0,NORMAL,IB,80816.54594155472
698.0,30.0,1.773808099042458,1.0,NORMAL,IB,80818.31974965376
699.0,30.0,1.5396949475602635,1.0,NORMAL,IB,80819.85944460132
700.0,30.0,506.2895628380967,1.0,NORMAL,IB,81326.14900743941
701.0,30.0,4.98428962799977,1.0,NORMAL,IB,81331.13329706741
702.0,30.0,4.22520586662381,1.0,NORMAL,IB,81335.35850293403
703.0,30.0,510.6617314811102,1.0,NORMAL,IB,81846.02023441515
704.0,30.0,16.360282179908015,1.0,NORMAL,IB,81862.38051659506
705.0,30.0,30.313690124395343,1.0,NORMAL,IB,81892.69420671946
706.0,30.0,544.8737511688339,1.0,NORMAL,IB,82437.5679578883
707.0,30.0,534.2769940383687,1.0,NORMAL,IB,82971.84495192667
708.0,30.0,1185.118968115336,1.0,NORMAL,IB,84156.963920042
709.0,30.0,511.7938323954311,1.0,NORMAL,IB,84668.75775243744
710.0,30.0,-613.662389681669,1.0,NORMAL,IB,84055.09536275576
711.0,30.0,-71.30420234351789,1.0,NORMAL,IB,83983.79116041225
712.0,30.0,0.0,1.0,NORMAL,IB,83983.79116041225
713.0,30.0,0.0,1.0,NORMAL,IB,83983.79116041225
714.0,30.0,0.0,1.0,NORMAL,IB,83983.79116041225
715.0,30.0,0.0,1.0,NORMAL,IB,83983.79116041225
716.0,30.0,0.0,1.0,NORMAL,IB,83983.79116041225
717.0,30.0,0.0,1.0,NORMAL,IB,83983.79116041225
718.0,30.0,0.0,1.0,NORMAL,IB,83983.79116041225
719.0,30.0,0.0,1.0,NORMAL,IB,83983.79116041225
720.0,31.0,29.05866,1.0,NORMAL,IB,84012.84982041224
721.0,31.0,529.2440662187223,1.0,NORMAL,IB,84542.09388663097
722.0,31.0,1036.4418276627528,1.0,NORMAL,IB,85578.53571429373
723.0,31.0,528.4236691670377,1.0,NORMAL,IB,86106.95938346077
724.0,31.0,539.0981860881601,1.0,NORMAL,IB,86646.05756954892
725.0,31.0,23.503790930685536,1.0,NORMAL,IB,86669.56136047961
726.0,31.0,22.162899644180875,1.0,NORMAL,IB,86691.7242601238
727.0,31.0,13.412693018844836,1.0,NORMAL,IB,86705.13695314265
728.0,31.0,511.84623738661577,1.0,NORMAL,IB,87216.98319052927
729.0,31.0,6.918642169648683,1.0,NORMAL,IB,87223.90183269892
730.0,31.0,6.354158732252769,1.0,NORMAL,IB,87230.25599143117
731.0,31.0,2.4423789550827113,1.0,NORMAL,IB,87232.69837038625
732.0,31.0,502.85360677532776,1.0,NORMAL,IB,87735.55197716158
733.0,31.0,3.8267910962599636,1.0,NORMAL,IB,87739.37876825784
734.0,31.0,3.2768173577472415,1.0,NORMAL,IB,87742.65558561559
735.0,31.0,7.076532526831745,1.0,NORMAL,IB,87749.73211814242
736.0,31.0,7.549686737143882,1.0,NORMAL,IB,87757.28180487956
737.0,31.0,8.754497971336356,1.0,NORMAL,IB,87766.0363028509
738.0,31.0,527.4399191153285,1.0,NORMAL,IB,88293.47622196624
739.0,31.0,37.985239060627805,1.0,NORMAL,IB,88331.46146102686
740.0,31.0,15.93001939992758,1.0,NORMAL,IB,88347.39148042678
741.0,31.0,1022.9438028616189,1.0,NORMAL,IB,89370.3352832884
742.0,31.0,-69.42989520703945,1.0,NORMAL,IB,89300.90538808136
743.0,31.0,869.3520858681437,1.0,NORMAL,IB,90170.2574739495
744.0,32.0,534.2683999999999,1.0,NORMAL,IB,90704.5258739495
745.0,32.0,954.0462004942735,1.0,NORMAL,IB,91658.57207444377
746.0,32.0,709.1311729985665,1.0,NORMAL,IB,92367.70324744233
747.0,32.0,-384.05330766325477,1.0,NORMAL,IB,91983.64993977908
748.0,32.0,1220.5581726757691,1.0,NORMAL,IB,93204.20811245484
749.0,32.0,625.89580197594,1.0,NORMAL,IB,93830.10391443079
750.0,32.0,470.2113807480944,1.0,NORMAL,IB,94300.31529517888
751.0,32.0,0.0,1.0,NORMAL,IB,94300.31529517888
752.0,32.0,0.0,1.0,NORMAL,IB,94300.31529517888
753.0,32.0,0.0,1.0,NORMAL,IB,94300.31529517888
754.0,32.0,0.0,1.0,NORMAL,IB,94300.31529517888
755.0,32.0,0.0,1.0,NORMAL,IB,94300.31529517888
756.0,32.0,0.0,1.0,NORMAL,IB,94300.31529517888
757.0,32.0,0.0,1.0,NORMAL,IB,94300.31529517888
758.0,32.0,0.0,1.0,NORMAL,IB,94300.31529517888
759.0,32.0,0.0,1.0,NORMAL,IB,94300.31529517888
760.0,32.0,0.0,1.0,NORMAL,IB,94300.31529517888
761.0,32.0,0.0,1.0,NORMAL,IB,94300.31529517888
762.0,32.0,0.0,1.0,NORMAL,IB,94300.31529517888
763.0,32.0,0.0,1.0,NORMAL,IB,94300.31529517888
764.0,32.0,0.0,1.0,NORMAL,IB,94300.31529517888
765.0,32.0,0.0,1.0,NORMAL,IB,94300.31529517888
766.0,32.0,0.0,1.0,NORMAL,IB,94300.31529517888
767.0,32.0,0.0,1.0,NORMAL,IB,94300.31529517888
768.0,33.0,0.30856,1.0,NORMAL,IB,94300.62385517888
769.0,33.0,9.550100660947512,1.0,NORMAL,IB,94310.17395583983
770.0,33.0,2.136285784081784,1.0,NORMAL,IB,94312.31024162391
771.0,33.0,3.7110380830014615,1.0,NORMAL,IB,94316.02127970691
772.0,33.0,4.08923070436986,1.0,NORMAL,IB,94320.11051041128
773.0,33.0,5.600994241394836,1.0,NORMAL,IB,94325.71150465267
774.0,33.0,508.03389022713185,1.0,NORMAL,IB,94833.7453948798
775.0,33.0,8.95154983850185,1.0,NORMAL,IB,94842.69694471831
776.0,33.0,20.219121281873363,1.0,NORMAL,IB,94862.91606600018
777.0,33.0,516.0260029363121,1.0,NORMAL,IB,95378.94206893649
778.0,33.0,26.054671426861162,1.0,NORMAL,IB,95404.99674036335
779.0,33.0,523.3598664814555,1.0,NORMAL,IB,95928.3566068448
780.0,33.0,850.356451818936,1.0,NORMAL,IB,96778.71305866374
781.0,33.0,-262.5304844832325,1.0,NORMAL,IB,96516.18257418051
782.0,33.0,60.81419855605853,1.0,NORMAL,IB,96576.99677273657
783.0,33.0,-439.7494654869778,1.0,NORMAL,IB,96137.24730724959
784.0,33.0,-726.5319174209412,1.0,NORMAL,IB,95410.71538982865
785.0,33.0,0.0,1.0,NORMAL,IB,95410.71538982865
786.0,33.0,0.0,1.0,NORMAL,IB,95410.71538982865
787.0,33.0,0.0,1.0,NORMAL,IB,95410.71538982865
788.0,33.0,0.0,1.0,NORMAL,IB,95410.71538982865
789.0,33.0,0.0,1.0,NORMAL,IB,95410.71538982865
790.0,33.0,0.0,1.0,NORMAL,IB,95410.71538982865
791.0,33.0,0.0,1.0,NORMAL,IB,95410.71538982865
792.0,34.0,3.6394399999999996,1.0,NORMAL,IB,95414.35482982865
793.0,34.0,1.2989545637314097,1.0,NORMAL,IB,95415.65378439237
794.0,34.0,3.1041641733243015,1.0,NORMAL,IB,95418.75794856569
795.0,34.0,1.8662969061336527,1.0,NORMAL,IB,95420.62424547183
796.0,34.0,2.4534010321641144,1.0,NORMAL,IB,95423.077646504
797.0,34.0,2.579059105867624,1.0,NORMAL,IB,95425.65670560986
798.0,34.0,2.4511982722143206,1.0,NORMAL,IB,95428.10790388208
799.0,34.0,503.66055681274355,1.0,NORMAL,IB,95931.76846069482
800.0,34.0,2.391224850172179,1.0,NORMAL,IB,95934.15968554499
801.0,34.0,1.6409012746132983,1.0,NORMAL,IB,95935.8005868196
802.0,34.0,0.6584483981941067,1.0,NORMAL,IB,95936.4590352178
803.0,34.0,3.4535901514178606,1.0,NORMAL,IB,95939.91262536922
804.0,34.0,1.6480653175484659,1.0,NORMAL,IB,95941.56069068678
805.0,34.0,1.5188692582893286,1.0,NORMAL,IB,95943.07955994506
806.0,34.0,0.7960009128278778,1.0,NORMAL,IB,95943.8755608579
807.0,34.0,4.170614893580556,1.0,NORMAL,IB,95948.04617575147
808.0,34.0,4.36933510263669,1.0,NORMAL,IB,95952.4155108541
809.0,34.0,9.967639306176203,1.0,NORMAL,IB,95962.38315016028
810.0,34.0,11.258541097566239,1.0,NORMAL,IB,95973.64169125786
811.0,34.0,514.8522690759438,1.0,NORMAL,IB,96488.4939603338
812.0,34.0,524.6618595985893,1.0,NORMAL,IB,97013.15581993239
813.0,34.0,34.985205364663514,1.0,NORMAL,IB,97048.14102529705
814.0,34.0,67.9090231872186,1.0,NORMAL,IB,97116.05004848428
815.0,34.0,594.765340249371,1.0,NORMAL,IB,97710.81538873365
816.0,35.0,-241.48883181818178,1.0,NORMAL,IB,97469.32655691548
817.0,35.0,-211.97626615959976,1.0,NORMAL,IB,97257.35029075587
818.0,35.0,-156.6499715759731,1.0,NORMAL,IB,97100.7003191799
819.0,35.0,1023.2959457872197,1.0,NORMAL,IB,98123.99626496712
820.0,35.0,536.2528795337732,1.0,NORMAL,IB,98660.2491445009
821.0,35.0,2039.5351189193402,1.0,NORMAL,IB,100699.78426342024
822.0,35.0,1636.813154084789,1.0,NORMAL,IB,102336.59741750502
823.0,35.0,-97.61438458886748,1.0,NORMAL,IB,102238.98303291615
824.0,35.0,0.0,1.0,NORMAL,IB,102238.98303291615
825.0,35.0,0.0,1.0,NORMAL,IB,102238.98303291615
826.0,35.0,0.0,1.0,NORMAL,IB,102238.98303291615
827.0,35.0,0.0,1.0,NORMAL,IB,102238.98303291615
828.0,35.0,0.0,1.0,NORMAL,IB,102238.98303291615
829.0,35.0,0.0,1.0,NORMAL,IB,102238.98303291615
830.0,35.0,0.0,1.0,NORMAL,IB,102238.98303291615
831.0,35.0,0.0,1.0,NORMAL,IB,102238.98303291615
832.0,35.0,0.0,1.0,NORMAL,IB,102238.98303291615
833.0,35.0,0.0,1.0,NORMAL,IB,102238.98303291615
834.0,35.0,0.0,1.0,NORMAL,IB,102238.98303291615
835.0,35.0,0.0,1.0,NORMAL,IB,102238.98303291615
836.0,35.0,0.0,1.0,NORMAL,IB,102238.98303291615
837.0,35.0,0.0,1.0,NORMAL,IB,102238.98303291615
838.0,35.0,0.0,1.0,NORMAL,IB,102238.98303291615
839.0,35.0,0.0,1.0,NORMAL,IB,102238.98303291615
840.0,36.0,1004.3805,1.0,NORMAL,IB,103243.36353291615
841.0,36.0,1528.0427394198719,1.0,NORMAL,IB,104771.40627233603
842.0,36.0,534.8398397841634,1.0,NORMAL,IB,105306.24611212019
843.0,36.0,517.2392673055774,1.0,NORMAL,IB,105823.48537942577
844.0,36.0,519.5241072713479,1.0,NORMAL,IB,106343.00948669712
845.0,36.0,-128.11023300492855,1.0,NORMAL,IB,106214.89925369219
846.0,36.0,-213.03974677638695,1.0,NORMAL,IB,106001.8595069158
847.0,36.0,305.8207300277448,1.0,NORMAL,IB,106307.68023694355
848.0,36.0,-885.9814685746953,1.0,NORMAL,IB,105421.69876836885
849.0,36.0,0.0,1.0,NORMAL,IB,105421.69876836885
850.0,36.0,0.0,1.0,NORMAL,IB,105421.69876836885
851.0,36.0,0.0,1.0,NORMAL,IB,105421.69876836885
852.0,36.0,0.0,1.0,NORMAL,IB,105421.69876836885
853.0,36.0,0.0,1.0,NORMAL,IB,105421.69876836885
854.0,36.0,0.0,1.0,NORMAL,IB,105421.69876836885
855.0,36.0,0.0,1.0,NORMAL,IB,105421.69876836885
856.0,36.0,0.0,1.0,NORMAL,IB,105421.69876836885
857.0,36.0,0.0,1.0,NORMAL,IB,105421.69876836885
858.0,36.0,0.0,1.0,NORMAL,IB,105421.69876836885
859.0,36.0,0.0,1.0,NORMAL,IB,105421.69876836885
860.0,36.0,0.0,1.0,NORMAL,IB,105421.69876836885
861.0,36.0,0.0,1.0,NORMAL,IB,105421.69876836885
862.0,36.0,0.0,1.0,NORMAL,IB,105421.69876836885
863.0,36.0,0.0,1.0,NORMAL,IB,105421.69876836885
864.0,37.0,1.7206400000000002,1.0,NORMAL,IB,105423.41940836885
865.0,37.0,500.66650023648793,1.0,NORMAL,IB,105924.08590860534
866.0,37.0,1.773808099042458,1.0,NORMAL,IB,105925.85971670438
867.0,37.0,0.8475787399205984,1.0,NORMAL,IB,105926.7072954443
868.0,37.0,2.0682170701143487,1.0,NORMAL,IB,105928.77551251442
869.0,37.0,4.126494569388199,1.0,NORMAL,IB,105932.9020070838
870.0,37.0,4.878114375094836,1.0,NORMAL,IB,105937.7801214589
871.0,37.0,1.138656724353094,1.0,NORMAL,IB,105938.91877818324
872.0,37.0,2.391224850172179,1.0,NORMAL,IB,105941.31000303342
873.0,37.0,1.9178778798195353,1.0,NORMAL,IB,105943.22788091324
874.0,37.0,4.9240088113751685,1.0,NORMAL,IB,105948.15188972461
875.0,37.0,8.992181749049713,1.0,NORMAL,IB,105957.14407147367
876.0,37.0,-541.351084639166,1.0,NORMAL,IB,105415.7929868345
877.0,37.0,-272.8318467481384,1.0,NORMAL,IB,105142.96114008635
878.0,37.0,502.6876443381185,1.0,NORMAL,IB,105645.64878442447
879.0,37.0,524.5211018404895,1.0,NORMAL,IB,106170.16988626496
880.0,37.0,573.4850837679313,1.0,NORMAL,IB,106743.65497003289
881.0,37.0,46.8852490625995,1.0,NORMAL,IB,106790.54021909549
882.0,37.0,34.20713999643822,1.0,NORMAL,IB,106824.74735909193
883.0,37.0,527.607378512698,1.0,NORMAL,IB,107352.35473760462
884.0,37.0,11.271735654640006,1.0,NORMAL,IB,107363.62647325925
885.0,37.0,11.369504594986278,1.0,NORMAL,IB,107374.99597785424
886.0,37.0,5.041129475932358,1.0,NORMAL,IB,107380.03710733016
887.0,37.0,10.152987116746836,1.0,NORMAL,IB,107390.19009444691
168.0,8.0,11.347999999999999,1.0,NORMAL,MAS,11.347999999999999
169.0,8.0,1.7761235803489352,1.0,NORMAL,MAS,13.124123580348934
170.0,8.0,31.12705059321191,1.0,NORMAL,MAS,44.25117417356084
171.0,8.0,18.49201626473468,1.0,NORMAL,MAS,62.74319043829552
172.0,8.0,517.9484087526678,1.0,NORMAL,MAS,580.6915991909633
173.0,8.0,536.3794528229187,1.0,NORMAL,MAS,1117.0710520138819
174.0,8.0,28.13637025936877,1.0,NORMAL,MAS,1145.2074222732506
175.0,8.0,16.385061980216534,1.0,NORMAL,MAS,1161.592484253467
176.0,8.0,-190.6385073596989,1.0,NORMAL,MAS,970.9539768937682
177.0,8.0,1448.8145660268633,1.0,NORMAL,MAS,2419.7685429206313
178.0,8.0,-325.68385483833714,1.0,NORMAL,MAS,2094.084688082294
179.0,8.0,413.9583255770903,1.0,NORMAL,MAS,2508.0430136593845
180.0,8.0,-17.696849872266657,1.0,NORMAL,MAS,2490.346163787118
181.0,8.0,263.97278063053824,1.0,NORMAL,MAS,2754.318944417656
182.0,8.0,46.636579081307396,1.0,NORMAL,MAS,2800.9555234989634
183.0,8.0,0.0,1.0,NORMAL,MAS,2800.9555234989634
184.0,8.0,0.0,1.0,NORMAL,MAS,2800.9555234989634
185.0,8.0,0.0,1.0,NORMAL,MAS,2800.9555234989634
186.0,8.0,0.0,1.0,NORMAL,MAS,2800.9555234989634
187.0,8.0,0.0,1.0,NORMAL,MAS,2800.9555234989634
188.0,8.0,0.0,1.0,NORMAL,MAS,2800.9555234989634
189.0,8.0,0.0,1.0,NORMAL,MAS,2800.9555234989634
190.0,8.0,0.0,1.0,NORMAL,MAS,2800.9555234989634
191.0,8.0,0.0,1.0,NORMAL,MAS,2800.9555234989634
192.0,9.0,30.300119999999993,1.0,NORMAL,MAS,2831.2556434989633
193.0,9.0,-99.12950591717241,1.0,NORMAL,MAS,2732.1261375817908
194.0,9.0,-73.41025415576016,1.0,NORMAL,MAS,2658.715883426031
195.0,9.0,-57.42310488584326,1.0,NORMAL,MAS,2601.2927785401876
196.0,9.0,1017.7669517932516,1.0,NORMAL,MAS,3619.059730333439
197.0,9.0,998.3281940678781,1.0,NORMAL,MAS,4617.387924401317
198.0,9.0,-8.066689785265824,1.0,NORMAL,MAS,4609.321234616051
199.0,9.0,1007.8611277480911,1.0,NORMAL,MAS,5617.182362364142
200.0,9.0,2045.0803747489183,1.0,NORMAL,MAS,7662.26273711306
201.0,9.0,42.6648754249953,1.0,NORMAL,MAS,7704.927612538056
202.0,9.0,544.8596440286276,1.0,NORMAL,MAS,8249.787256566684
203.0,9.0,554.2302891017564,1.0,NORMAL,MAS,8804.017545668441
204.0,9.0,50.31655255757565,1.0,NORMAL,MAS,8854.334098226016
205.0,9.0,1569.1143577804073,1.0,NORMAL,MAS,10423.448456006423
206.0,9.0,42.5914616424987,1.0,NORMAL,MAS,10466.03991764892
207.0,9.0,555.7439755794796,1.0,NORMAL,MAS,11021.783893228401
208.0,9.0,40.609620541985834,1.0,NORMAL,MAS,11062.393513770387
209.0,9.0,-12.900979690986668,1.0,NORMAL,MAS,11049.4925340794
210.0,9.0,68.35255259234154,1.0,NORMAL,MAS,11117.845086671741
211.0,9.0,0.0,1.0,NORMAL,MAS,11117.845086671741
212.0,9.0,0.0,1.0,NORMAL,MAS,11117.845086671741
213.0,9.0,0.0,1.0,NORMAL,MAS,11117.845086671741
214.0,9.0,0.0,1.0,NORMAL,MAS,11117.845086671741
215.0,9.0,0.0,1.0,NORMAL,MAS,11117.845086671741
216.0,10.0,22.779680000000003,1.0,NORMAL,MAS,11140.62476667174
217.0,10.0,533.148821397421,1.0,NORMAL,MAS,11673.773588069162
218.0,10.0,1033.5227294569536,1.0,NORMAL,MAS,12707.296317526116
219.0,10.0,-56.194889026588726,1.0,NORMAL,MAS,12651.101428499527
220.0,10.0,31.657803694674158,1.0,NORMAL,MAS,12682.759232194201
221.0,10.0,1528.9483284144535,1.0,NORMAL,MAS,14211.707560608655
222.0,10.0,-6.067603473402066,1.0,NORMAL,MAS,14205.639957135252
223.0,10.0,-113.38839237736458,1.0,NORMAL,MAS,14092.251564757888
224.0,10.0,-22.208917618688872,1.0,NORMAL,MAS,14070.042647139198
225.0,10.0,-61.98791276850719,1.0,NORMAL,MAS,14008.054734370691
226.0,10.0,891.2224205929234,1.0,NORMAL,MAS,14899.277154963615
227.0,10.0,-63.2982011130061,1.0,NORMAL,MAS,14835.978953850608
228.0,10.0,859.4099100606045,1.0,NORMAL,MAS,15695.388863911212
229.0,10.0,-86.29298090420475,1.0,NORMAL,MAS,15609.095883007007
230.0,10.0,1495.8912982141364,1.0,NORMAL,MAS,17104.987181221142
231.0,10.0,0.0,1.0,NORMAL,MAS,17104.987181221142
232.0,10.0,0.0,1.0,NORMAL,MAS,17104.987181221142
233.0,10.0,0.0,1.0,NORMAL,MAS,17104.987181221142
234.0,10.0,0.0,1.0,NORMAL,MAS,17104.987181221142
235.0,10.0,0.0,1.0,NORMAL,MAS,17104.987181221142
236.0,10.0,0.0,1.0,NORMAL,MAS,17104.987181221142
237.0,10.0,0.0,1.0,NORMAL,MAS,17104.987181221142
238.0,10.0,0.0,1.0,NORMAL,MAS,17104.987181221142
239.0,10.0,0.0,1.0,NORMAL,MAS,17104.987181221142
240.0,11.0,5.01176,1.0,NORMAL,MAS,17109.998941221143
241.0,11.0,5.308045502696947,1.0,NORMAL,MAS,17115.30698672384
242.0,11.0,507.99961380447627,1.0,NORMAL,MAS,17623.306600528318
243.0,11.0,504.68058300023785,1.0,NORMAL,MAS,18127.987183528556
244.0,11.0,3.9254416514625836,1.0,NORMAL,MAS,18131.91262518002
245.0,11.0,1.6599856029006377,1.0,NORMAL,MAS,18133.57261078292
246.0,11.0,7.335383189642608,1.0,NORMAL,MAS,18140.907993972563
247.0,11.0,7.58482017226083,1.0,NORMAL,MAS,18148.492814144825
248.0,11.0,507.5363070954649,1.0,NORMAL,MAS,18656.02912124029
249.0,11.0,6.789629052225931,1.0,NORMAL,MAS,18662.818750292518
250.0,11.0,5.640400668610357,1.0,NORMAL,MAS,18668.459150961127
251.0,11.0,1013.7618147426614,1.0,NORMAL,MAS,19682.22096570379
252.0,11.0,12.656463637217529,1.0,NORMAL,MAS,19694.877429341006
253.0,11.0,1017.876240286209,1.0,NORMAL,MAS,20712.753669627215
254.0,11.0,513.6115082671334,1.0,NORMAL,MAS,21226.36517789435
255.0,11.0,15.335017314504215,1.0,NORMAL,MAS,21241.700195208854
256.0,11.0,11.746520489928475,1.0,NORMAL,MAS,21253.44671569878
257.0,11.0,13.789940659949556,1.0,NORMAL,MAS,21267.23665635873
258.0,11.0,536.6708859877664,1.0,NORMAL,MAS,21803.907542346496
259.0,11.0,7.558231043211726,1.0,NORMAL,MAS,21811.465773389707
260.0,11.0,25.55269907780581,1.0,NORMAL,MAS,21837.018472467513
261.0,11.0,23.790951130606413,1.0,NORMAL,MAS,21860.80942359812
262.0,11.0,19.11114756547491,1.0,NORMAL,MAS,21879.920571163595
263.0,11.0,35.104178644958864,1.0,NORMAL,MAS,21915.024749808555
264.0,12.0,513.2863,1.0,NORMAL,MAS,22428.311049808555
265.0,12.0,9.089817286642221,1.0,NORMAL,MAS,22437.4008670952
266.0,12.0,8.218673755698372,1.0,NORMAL,MAS,22445.619540850897
267.0,12.0,8.445553389326617,1.0,NORMAL,MAS,22454.065094240224
268.0,12.0,513.1849272959109,1.0,NORMAL,MAS,22967.250021536136
269.0,12.0,530.104084040432,1.0,NORMAL,MAS,23497.354105576567
270.0,12.0,17.906690650639792,1.0,NORMAL,MAS,23515.26079622721
271.0,12.0,15.271891718368568,1.0,NORMAL,MAS,23530.53268794558
272.0,12.0,13.069358979858553,1.0,NORMAL,MAS,23543.602046925436
273.0,12.0,518.3004455156433,1.0,NORMAL,MAS,24061.90249244108
274.0,12.0,538.7718821156827,1.0,NORMAL,MAS,24600.674374556762
275.0,12.0,48.40551956227273,1.0,NORMAL,MAS,24649.079894119033
276.0,12.0,29.611862773110616,1.0,NORMAL,MAS,24678.691756892145
277.0,12.0,25.331397715897758,1.0,NORMAL,MAS,24704.023154608043
278.0,12.0,521.8860766970989,1.0,NORMAL,MAS,25225.90923130514
279.0,12.0,1038.6420520851452,1.0,NORMAL,MAS,26264.551283390287
280.0,12.0,19.13926071018565,1.0,NORMAL,MAS,26283.69054410047
281.0,12.0,45.98605633033251,1.0,NORMAL,MAS,26329.676600430805
282.0,12.0,77.29344066982304,1.0,NORMAL,MAS,26406.970041100627
283.0,12.0,549.4306839182356,1.0,NORMAL,MAS,26956.400725018862
284.0,12.0,560.8336607986028,1.0,NORMAL,MAS,27517.234385817464
285.0,12.0,71.24980547730728,1.0,NORMAL,MAS,27588.48419129477
286.0,12.0,581.3190649202296,1.0,NORMAL,MAS,28169.803256215
287.0,12.0,64.98104342499678,1.0,NORMAL,MAS,28234.784299639996
288.0,13.0,-78.18712000000002,0.0,CRASH,MAS,28156.597179639997
289.0,13.0,0.0,0.0,CRASH,MAS,28156.597179639997
290.0,13.0,0.0,0.0,CRASH,MAS,28156.597179639997
291.0,13.0,0.0,0.0,CRASH,MAS,28156.597179639997
292.0,13.0,-0.02562720825731292,0.0,CRASH,MAS,28156.57155243174
293.0,13.0,0.0,0.0,CRASH,MAS,28156.57155243174
294.0,13.0,0.0,0.0,CRASH,MAS,28156.57155243174
295.0,13.0,0.0,0.0,CRASH,MAS,28156.57155243174
296.0,13.0,-0.02991224850172179,0.0,CRASH,MAS,28156.541640183237
297.0,13.0,0.0,0.0,CRASH,MAS,28156.541640183237
298.0,13.0,0.0,0.0,CRASH,MAS,28156.541640183237
299.0,13.0,0.0,0.0,CRASH,MAS,28156.541640183237
300.0,13.0,0.0,0.0,CRASH,MAS,28156.541640183237
301.0,13.0,0.0,0.0,CRASH,MAS,28156.541640183237
302.0,13.0,0.0,0.0,CRASH,MAS,28156.541640183237
303.0,13.0,0.0,0.0,CRASH,MAS,28156.541640183237
304.0,13.0,0.0,0.0,CRASH,MAS,28156.541640183237
305.0,13.0,0.0,0.0,CRASH,MAS,28156.541640183237
306.0,13.0,0.0,0.0,CRASH,MAS,28156.541640183237
307.0,13.0,0.0,0.0,CRASH,MAS,28156.541640183237
308.0,13.0,0.0,0.0,CRASH,MAS,28156.541640183237
309.0,13.0,0.0,0.0,CRASH,MAS,28156.541640183237
310.0,13.0,0.0,0.0,CRASH,MAS,28156.541640183237
311.0,13.0,-0.05414694542618535,0.0,CRASH,MAS,28156.48749323781
312.0,14.0,0.0,0.0,CRASH,MAS,28156.48749323781
313.0,14.0,0.0,0.0,CRASH,MAS,28156.48749323781
314.0,14.0,0.0,0.0,CRASH,MAS,28156.48749323781
315.0,14.0,0.0,0.0,CRASH,MAS,28156.48749323781
316.0,14.0,0.0,0.0,CRASH,MAS,28156.48749323781
317.0,14.0,0.0,0.0,CRASH,MAS,28156.48749323781
318.0,14.0,-0.02768050833375483,0.0,CRASH,MAS,28156.459812729478
319.0,14.0,0.0,0.0,CRASH,MAS,28156.459812729478
320.0,14.0,0.0,0.0,CRASH,MAS,28156.459812729478
321.0,14.0,0.0,0.0,CRASH,MAS,28156.459812729478
322.0,14.0,0.0,0.0,CRASH,MAS,28156.459812729478
323.0,14.0,0.0,0.0,CRASH,MAS,28156.459812729478
324.0,14.0,0.0,0.0,CRASH,MAS,28156.459812729478
325.0,14.0,0.0,0.0,CRASH,MAS,28156.459812729478
326.0,14.0,0.0,0.0,CRASH,MAS,28156.459812729478
327.0,14.0,0.0,0.0,CRASH,MAS,28156.459812729478
328.0,14.0,0.0,0.0,CRASH,MAS,28156.459812729478
329.0,14.0,0.0,0.0,CRASH,MAS,28156.459812729478
330.0,14.0,0.0,0.0,CRASH,MAS,28156.459812729478
331.0,14.0,0.0,0.0,CRASH,MAS,28156.459812729478
332.0,14.0,0.0,0.0,CRASH,MAS,28156.459812729478
333.0,14.0,0.0,0.0,CRASH,MAS,28156.459812729478
334.0,14.0,0.0,0.0,CRASH,MAS,28156.459812729478
335.0,14.0,0.0,0.0,CRASH,MAS,28156.459812729478
336.0,15.0,0.0,0.0,CRASH,MAS,28156.459812729478
337.0,15.0,0.0,0.0,CRASH,MAS,28156.459812729478
338.0,15.0,-0.047476161980849155,0.0,CRASH,MAS,28156.412336567497
339.0,15.0,0.0,0.0,CRASH,MAS,28156.412336567497
340.0,15.0,0.0,0.0,CRASH,MAS,28156.412336567497
341.0,15.0,0.0,0.0,CRASH,MAS,28156.412336567497
342.0,15.0,0.0,0.0,CRASH,MAS,28156.412336567497
343.0,15.0,0.0,0.0,CRASH,MAS,28156.412336567497
344.0,15.0,-0.02991224850172179,0.0,CRASH,MAS,28156.382424318996
345.0,15.0,0.0,0.0,CRASH,MAS,28156.382424318996
346.0,15.0,0.0,0.0,CRASH,MAS,28156.382424318996
347.0,15.0,0.0,0.0,CRASH,MAS,28156.382424318996
348.0,15.0,0.0,0.0,CRASH,MAS,28156.382424318996
349.0,15.0,0.0,0.0,CRASH,MAS,28156.382424318996
350.0,15.0,0.0,0.0,CRASH,MAS,28156.382424318996
351.0,15.0,0.0,0.0,CRASH,MAS,28156.382424318996
352.0,15.0,0.0,0.0,CRASH,MAS,28156.382424318996
353.0,15.0,0.0,0.0,CRASH,MAS,28156.382424318996
354.0,15.0,0.0,0.0,CRASH,MAS,28156.382424318996
355.0,15.0,0.0,0.0,CRASH,MAS,28156.382424318996
356.0,15.0,0.0,0.0,CRASH,MAS,28156.382424318996
357.0,15.0,0.0,0.0,CRASH,MAS,28156.382424318996
358.0,15.0,0.0,0.0,CRASH,MAS,28156.382424318996
359.0,15.0,0.0,0.0,CRASH,MAS,28156.382424318996
360.0,16.0,0.0,0.0,CRASH,MAS,28156.382424318996
361.0,16.0,0.0,0.0,CRASH,MAS,28156.382424318996
362.0,16.0,0.0,0.0,CRASH,MAS,28156.382424318996
363.0,16.0,0.0,0.0,CRASH,MAS,28156.382424318996
364.0,16.0,0.0,0.0,CRASH,MAS,28156.382424318996
365.0,16.0,0.0,0.0,CRASH,MAS,28156.382424318996
366.0,16.0,0.0,0.0,CRASH,MAS,28156.382424318996
367.0,16.0,0.0,0.0,CRASH,MAS,28156.382424318996
368.0,16.0,0.0,0.0,CRASH,MAS,28156.382424318996
369.0,16.0,0.0,0.0,CRASH,MAS,28156.382424318996
370.0,16.0,0.0,0.0,CRASH,MAS,28156.382424318996
371.0,16.0,0.0,0.0,CRASH,MAS,28156.382424318996
372.0,16.0,0.0,0.0,CRASH,MAS,28156.382424318996
373.0,16.0,0.0,0.0,CRASH,MAS,28156.382424318996
374.0,16.0,0.0,0.0,CRASH,MAS,28156.382424318996
375.0,16.0,0.0,0.0,CRASH,MAS,28156.382424318996
376.0,16.0,0.0,0.0,CRASH,MAS,28156.382424318996
377.0,16.0,0.0,0.0,CRASH,MAS,28156.382424318996
378.0,16.0,0.0,0.0,CRASH,MAS,28156.382424318996
379.0,16.0,0.0,0.0,CRASH,MAS,28156.382424318996
380.0,16.0,0.0,0.0,CRASH,MAS,28156.382424318996
381.0,16.0,0.0,0.0,CRASH,MAS,28156.382424318996
382.0,16.0,0.0,0.0,CRASH,MAS,28156.382424318996
383.0,16.0,0.0,0.0,CRASH,MAS,28156.382424318996
384.0,17.0,0.0,0.0,CRASH,MAS,28156.382424318996
385.0,17.0,-0.02285093810379983,0.0,CRASH,MAS,28156.35957338089
386.0,17.0,0.0,0.0,CRASH,MAS,28156.35957338089
387.0,17.0,0.0,0.0,CRASH,MAS,28156.35957338089
388.0,17.0,-0.02562720825731292,0.0,CRASH,MAS,28156.333946172632
389.0,17.0,0.0,0.0,CRASH,MAS,28156.333946172632
390.0,17.0,0.0,0.0,CRASH,MAS,28156.333946172632
391.0,17.0,0.0,0.0,CRASH,MAS,28156.333946172632
392.0,17.0,0.0,0.0,CRASH,MAS,28156.333946172632
393.0,17.0,0.0,0.0,CRASH,MAS,28156.333946172632
394.0,17.0,0.0,0.0,CRASH,MAS,28156.333946172632
395.0,17.0,0.0,0.0,CRASH,MAS,28156.333946172632
396.0,17.0,0.0,0.0,CRASH,MAS,28156.333946172632
397.0,17.0,0.0,0.0,CRASH,MAS,28156.333946172632
398.0,17.0,0.0,0.0,CRASH,MAS,28156.333946172632
399.0,17.0,0.0,0.0,CRASH,MAS,28156.333946172632
400.0,17.0,0.0,0.0,CRASH,MAS,28156.333946172632
401.0,17.0,0.0,0.0,CRASH,MAS,28156.333946172632
402.0,17.0,0.0,0.0,CRASH,MAS,28156.333946172632
403.0,17.0,0.0,0.0,CRASH,MAS,28156.333946172632
404.0,17.0,-0.0480195178178565,0.0,CRASH,MAS,28156.285926654815
405.0,17.0,0.0,0.0,CRASH,MAS,28156.285926654815
406.0,17.0,0.0,0.0,CRASH,MAS,28156.285926654815
407.0,17.0,0.0,0.0,CRASH,MAS,28156.285926654815
408.0,18.0,0.0,0.0,CRASH,MAS,28156.285926654815
409.0,18.0,-0.02285093810379983,0.0,CRASH,MAS,28156.26307571671
410.0,18.0,-0.023738080990424577,0.0,CRASH,MAS,28156.239337635718
411.0,18.0,0.0,0.0,CRASH,MAS,28156.239337635718
412.0,18.0,0.0,0.0,CRASH,MAS,28156.239337635718
413.0,18.0,-0.026632472846940994,0.0,CRASH,MAS,28156.21270516287
414.0,18.0,0.0,0.0,CRASH,MAS,28156.21270516287
415.0,18.0,0.0,0.0,CRASH,MAS,28156.21270516287
416.0,18.0,0.0,0.0,CRASH,MAS,28156.21270516287
417.0,18.0,0.0,0.0,CRASH,MAS,28156.21270516287
418.0,18.0,0.0,0.0,CRASH,MAS,28156.21270516287
419.0,18.0,0.0,0.0,CRASH,MAS,28156.21270516287
420.0,18.0,0.0,0.0,CRASH,MAS,28156.21270516287
421.0,18.0,0.0,0.0,CRASH,MAS,28156.21270516287
422.0,18.0,0.0,0.0,CRASH,MAS,28156.21270516287
423.0,18.0,0.0,0.0,CRASH,MAS,28156.21270516287
424.0,18.0,0.0,0.0,CRASH,MAS,28156.21270516287
425.0,18.0,0.0,0.0,CRASH,MAS,28156.21270516287
426.0,18.0,0.0,0.0,CRASH,MAS,28156.21270516287
427.0,18.0,0.0,0.0,CRASH,MAS,28156.21270516287
428.0,18.0,0.0,0.0,CRASH,MAS,28156.21270516287
429.0,18.0,0.0,0.0,CRASH,MAS,28156.21270516287
430.0,18.0,0.0,0.0,CRASH,MAS,28156.21270516287
431.0,18.0,0.0,0.0,CRASH,MAS,28156.21270516287
432.0,19.0,0.0,0.0,CRASH,MAS,28156.21270516287
433.0,19.0,-12.806888098734035,1.0,NORMAL,MAS,28143.405817064136
434.0,19.0,-165.07366699623515,1.0,NORMAL,MAS,27978.3321500679
435.0,19.0,-120.21749041291224,1.0,NORMAL,MAS,27858.114659654988
436.0,19.0,-236.38697949836285,1.0,NORMAL,MAS,27621.727680156626
437.0,19.0,-101.7579337723373,1.0,NORMAL,MAS,27519.96974638429
438.0,19.0,778.3029964106113,1.0,NORMAL,MAS,28298.2727427949
439.0,19.0,112.97456377094994,1.0,NORMAL,MAS,28411.24730656585
440.0,19.0,207.7975382177609,1.0,NORMAL,MAS,28619.04484478361
441.0,19.0,552.3030128787049,1.0,NORMAL,MAS,29171.347857662313
442.0,19.0,0.0,1.0,NORMAL,MAS,29171.347857662313
443.0,19.0,0.0,1.0,NORMAL,MAS,29171.347857662313
444.0,19.0,1947.6662894254366,1.0,NORMAL,MAS,31119.01414708775
445.0,19.0,96.55998667878245,1.0,NORMAL,MAS,31215.57413376653
446.0,19.0,74.65581121284869,1.0,NORMAL,MAS,31290.22994497938
447.0,19.0,88.78304890696842,1.0,NORMAL,MAS,31379.012993886347
448.0,19.0,105.95987170702182,1.0,NORMAL,MAS,31484.97286559337
449.0,19.0,28.448778036968847,1.0,NORMAL,MAS,31513.421643630336
450.0,19.0,98.06777814985294,1.0,NORMAL,MAS,31611.48942178019
451.0,19.0,82.97405987981905,1.0,NORMAL,MAS,31694.46348166001
452.0,19.0,1091.4559683449609,1.0,NORMAL,MAS,32785.91945000497
453.0,19.0,0.0,1.0,NORMAL,MAS,32785.91945000497
454.0,19.0,0.0,1.0,NORMAL,MAS,32785.91945000497
455.0,19.0,0.0,1.0,NORMAL,MAS,32785.91945000497
456.0,20.0,499.97759999999994,1.0,NORMAL,MAS,33285.89705000497
457.0,20.0,56.38888395957899,1.0,NORMAL,MAS,33342.28593396455
458.0,20.0,1541.0551919009456,1.0,NORMAL,MAS,34883.341125865496
459.0,20.0,575.3404344029713,1.0,NORMAL,MAS,35458.681560268466
460.0,20.0,555.2760899900661,1.0,NORMAL,MAS,36013.95765025853
461.0,20.0,564.9831729422435,1.0,NORMAL,MAS,36578.94082320078
462.0,20.0,587.5579499690205,1.0,NORMAL,MAS,37166.4987731698
463.0,20.0,588.2561653142027,1.0,NORMAL,MAS,37754.754938484
464.0,20.0,578.000638876819,1.0,NORMAL,MAS,38332.75557736082
465.0,20.0,27.22051278478586,1.0,NORMAL,MAS,38359.9760901456
466.0,20.0,566.896058858798,1.0,NORMAL,MAS,38926.872149004404
467.0,20.0,1597.0966949594895,1.0,NORMAL,MAS,40523.96884396389
468.0,20.0,704.5574514403712,1.3,HOLIDAY,MAS,41228.52629540426
469.0,20.0,658.6223798278093,1.3,HOLIDAY,MAS,41887.14867523207
470.0,20.0,1956.2675768022937,1.3,HOLIDAY,MAS,43843.41625203437
471.0,20.0,-0.0023280122399569336,1.3,HOLIDAY,MAS,43843.41392402213
472.0,20.0,1356.6593652964932,1.3,HOLIDAY,MAS,45200.07328931862
473.0,20.0,639.4353711315669,1.3,HOLIDAY,MAS,45839.508660450185
474.0,20.0,2195.274243193461,1.3,HOLIDAY,MAS,48034.782903643645
475.0,20.0,13.67438098691004,1.3,HOLIDAY,MAS,48048.45728463055
476.0,20.0,0.0,1.3,HOLIDAY,MAS,48048.45728463055
477.0,20.0,0.0,1.3,HOLIDAY,MAS,48048.45728463055
478.0,20.0,0.0,1.3,HOLIDAY,MAS,48048.45728463055
479.0,20.0,0.0,1.3,HOLIDAY,MAS,48048.45728463055
480.0,21.0,30.699599999999997,1.3,HOLIDAY,MAS,48079.15688463055
481.0,21.0,8.993429920688486,1.3,HOLIDAY,MAS,48088.15031455124
482.0,21.0,14.906462431518152,1.3,HOLIDAY,MAS,48103.05677698276
483.0,21.0,7.1313071080273005,1.3,HOLIDAY,MAS,48110.18808409079
484.0,21.0,0.009813604128656459,1.3,HOLIDAY,MAS,48110.19789769492
485.0,21.0,0.0,1.3,HOLIDAY,MAS,48110.19789769492
486.0,21.0,327.5552170959598,1.3,HOLIDAY,MAS,48437.753114790874
487.0,21.0,28.54467304309344,1.3,HOLIDAY,MAS,48466.297787833966
488.0,21.0,1302.9293471361918,1.3,HOLIDAY,MAS,49769.227134970155
489.0,21.0,1176.3462045725519,1.3,HOLIDAY,MAS,50945.57333954271
490.0,21.0,1786.5147874801087,1.3,HOLIDAY,MAS,52732.08812702282
491.0,21.0,1275.9625415896762,1.3,HOLIDAY,MAS,54008.05066861249
492.0,21.0,1546.1968368211847,1.3,HOLIDAY,MAS,55554.247505433676
493.0,21.0,-298.5254413196275,1.3,HOLIDAY,MAS,55255.722064114045
494.0,21.0,0.0,1.3,HOLIDAY,MAS,55255.722064114045
495.0,21.0,0.0,1.3,HOLIDAY,MAS,55255.722064114045
496.0,21.0,507.1631278305261,1.3,HOLIDAY,MAS,55762.88519194457
497.0,21.0,1276.5192541734873,1.3,HOLIDAY,MAS,57039.40444611806
498.0,21.0,44.67453518714842,1.3,HOLIDAY,MAS,57084.07898130521
499.0,21.0,0.0,1.3,HOLIDAY,MAS,57084.07898130521
500.0,21.0,0.0,1.3,HOLIDAY,MAS,57084.07898130521
501.0,21.0,0.0,1.3,HOLIDAY,MAS,57084.07898130521
502.0,21.0,0.0,1.3,HOLIDAY,MAS,57084.07898130521
503.0,21.0,0.0,1.3,HOLIDAY,MAS,57084.07898130521
504.0,22.0,34.190160000000006,1.3,HOLIDAY,MAS,57118.26914130521
505.0,22.0,8.229576896443241,1.3,HOLIDAY,MAS,57126.498718201656
506.0,22.0,13.658322362626928,1.3,HOLIDAY,MAS,57140.157040564285
507.0,22.0,5.43652288756733,1.3,HOLIDAY,MAS,57145.593563451854
508.0,22.0,0.0,1.3,HOLIDAY,MAS,57145.593563451854
509.0,22.0,0.0,1.3,HOLIDAY,MAS,57145.593563451854
510.0,22.0,1294.5385541468434,1.3,HOLIDAY,MAS,58440.132117598696
511.0,22.0,3054.458965128788,1.3,HOLIDAY,MAS,61494.591082727486
512.0,22.0,619.7570803300093,1.3,HOLIDAY,MAS,62114.3481630575
513.0,22.0,848.9942149195338,1.3,HOLIDAY,MAS,62963.34237797703
514.0,22.0,1857.5407495567533,1.3,HOLIDAY,MAS,64820.88312753379
515.0,22.0,1330.1419084502822,1.3,HOLIDAY,MAS,66151.02503598407
516.0,22.0,2541.0049082111036,1.3,HOLIDAY,MAS,68692.02994419518
517.0,22.0,454.5622475903091,1.3,HOLIDAY,MAS,69146.59219178549
518.0,22.0,0.0,1.3,HOLIDAY,MAS,69146.59219178549
519.0,22.0,0.0,1.3,HOLIDAY,MAS,69146.59219178549
520.0,22.0,1246.1675295219272,1.3,HOLIDAY,MAS,70392.75972130742
521.0,22.0,1114.4969471821814,1.3,HOLIDAY,MAS,71507.2566684896
522.0,22.0,401.6127810143655,1.3,HOLIDAY,MAS,71908.86944950397
523.0,22.0,715.6873459469111,1.3,HOLIDAY,MAS,72624.55679545087
524.0,22.0,1915.35482433813,1.3,HOLIDAY,MAS,74539.911619789
525.0,22.0,30.002993723592866,1.3,HOLIDAY,MAS,74569.91461351259
526.0,22.0,0.0,1.3,HOLIDAY,MAS,74569.91461351259
527.0,22.0,0.0,1.3,HOLIDAY,MAS,74569.91461351259
528.0,23.0,606.1058,1.3,HOLIDAY,MAS,75176.0204135126
529.0,23.0,1241.3065424211516,1.3,HOLIDAY,MAS,76417.32695593375
530.0,23.0,2390.926307613787,1.3,HOLIDAY,MAS,78808.25326354754
531.0,23.0,486.1089571431166,1.3,HOLIDAY,MAS,79294.36222069066
532.0,23.0,-32.469193678636685,1.3,HOLIDAY,MAS,79261.89302701202
533.0,23.0,2987.9177720685752,1.3,HOLIDAY,MAS,82249.81079908059
534.0,23.0,-167.01386922833905,1.3,HOLIDAY,MAS,82082.79692985225
535.0,23.0,2057.618195164486,1.3,HOLIDAY,MAS,84140.41512501673
536.0,23.0,363.34714276041973,1.3,HOLIDAY,MAS,84503.76226777716
537.0,23.0,79.91132732753104,1.3,HOLIDAY,MAS,84583.67359510469
538.0,23.0,0.0,1.3,HOLIDAY,MAS,84583.67359510469
539.0,23.0,0.0,1.3,HOLIDAY,MAS,84583.67359510469
540.0,23.0,0.0,1.3,HOLIDAY,MAS,84583.67359510469
541.0,23.0,0.0,1.3,HOLIDAY,MAS,84583.67359510469
542.0,23.0,0.0,1.3,HOLIDAY,MAS,84583.67359510469
543.0,23.0,0.0,1.3,HOLIDAY,MAS,84583.67359510469
544.0,23.0,0.0,1.3,HOLIDAY,MAS,84583.67359510469
545.0,23.0,0.0,1.3,HOLIDAY,MAS,84583.67359510469
546.0,23.0,0.0,1.3,HOLIDAY,MAS,84583.67359510469
547.0,23.0,0.0,1.3,HOLIDAY,MAS,84583.67359510469
548.0,23.0,0.0,1.3,HOLIDAY,MAS,84583.67359510469
549.0,23.0,0.0,1.3,HOLIDAY,MAS,84583.67359510469
550.0,23.0,0.0,1.3,HOLIDAY,MAS,84583.67359510469
551.0,23.0,0.0,1.3,HOLIDAY,MAS,84583.67359510469
552.0,24.0,0.0,1.3,HOLIDAY,MAS,84583.67359510469
553.0,24.0,0.0,1.3,HOLIDAY,MAS,84583.67359510469
554.0,24.0,61.08853188454302,1.3,HOLIDAY,MAS,84644.76212698923
555.0,24.0,-86.96252198431242,1.3,HOLIDAY,MAS,84557.79960500491
556.0,24.0,689.0851745107105,1.3,HOLIDAY,MAS,85246.88477951562
557.0,24.0,1199.815749103105,1.3,HOLIDAY,MAS,86446.70052861872
558.0,24.0,1207.9912605832978,1.3,HOLIDAY,MAS,87654.69178920201
559.0,24.0,1527.4208436678089,1.3,HOLIDAY,MAS,89182.11263286982
560.0,24.0,86.26364410964939,1.3,HOLIDAY,MAS,89268.37627697947
561.0,24.0,-237.8871020095305,1.3,HOLIDAY,MAS,89030.48917496995
562.0,24.0,0.0,1.3,HOLIDAY,MAS,89030.48917496995
563.0,24.0,0.0,1.3,HOLIDAY,MAS,89030.48917496995
564.0,24.0,678.1464205328988,1.3,HOLIDAY,MAS,89708.63559550284
565.0,24.0,1112.9702117142947,1.3,HOLIDAY,MAS,90821.60580721713
566.0,24.0,1950.1290745485098,1.3,HOLIDAY,MAS,92771.73488176565
567.0,24.0,1353.5459041526735,1.3,HOLIDAY,MAS,94125.28078591832
568.0,24.0,0.0,1.3,HOLIDAY,MAS,94125.28078591832
569.0,24.0,0.0,1.3,HOLIDAY,MAS,94125.28078591832
570.0,24.0,0.0,1.3,HOLIDAY,MAS,94125.28078591832
571.0,24.0,0.0,1.3,HOLIDAY,MAS,94125.28078591832
572.0,24.0,0.0,1.3,HOLIDAY,MAS,94125.28078591832
573.0,24.0,0.0,1.3,HOLIDAY,MAS,94125.28078591832
574.0,24.0,0.0,1.3,HOLIDAY,MAS,94125.28078591832
575.0,24.0,0.0,1.3,HOLIDAY,MAS,94125.28078591832
576.0,25.0,17.424000000000003,1.3,HOLIDAY,MAS,94142.70478591832
577.0,25.0,1733.7705397727575,1.3,HOLIDAY,MAS,95876.47532569108
578.0,25.0,0.0,1.3,HOLIDAY,MAS,95876.47532569108
579.0,25.0,0.0,1.3,HOLIDAY,MAS,95876.47532569108
580.0,25.0,1241.1595418725694,1.3,HOLIDAY,MAS,97117.63486756364
581.0,25.0,1294.575394196916,1.3,HOLIDAY,MAS,98412.21026176056
582.0,25.0,75.77088336801474,1.3,HOLIDAY,MAS,98487.98114512856
583.0,25.0,1315.673059820006,1.3,HOLIDAY,MAS,99803.65420494857
584.0,25.0,91.98575709766591,1.3,HOLIDAY,MAS,99895.63996204623
585.0,25.0,127.41541439520088,1.3,HOLIDAY,MAS,100023.05537644144
586.0,25.0,288.04821834829215,1.3,HOLIDAY,MAS,100311.10359478973
587.0,25.0,266.96198519234946,1.3,HOLIDAY,MAS,100578.06557998208
588.0,25.0,0.0,1.3,HOLIDAY,MAS,100578.06557998208
589.0,25.0,0.0,1.3,HOLIDAY,MAS,100578.06557998208
590.0,25.0,84.40617851861764,1.3,HOLIDAY,MAS,100662.4717585007
591.0,25.0,143.58996836146062,1.3,HOLIDAY,MAS,100806.06172686216
592.0,25.0,0.0,1.3,HOLIDAY,MAS,100806.06172686216
593.0,25.0,0.0,1.3,HOLIDAY,MAS,100806.06172686216
594.0,25.0,2955.8982322539214,1.3,HOLIDAY,MAS,103761.95995911608
595.0,25.0,160.82505892711274,1.3,HOLIDAY,MAS,103922.7850180432
596.0,25.0,0.0,1.3,HOLIDAY,MAS,103922.7850180432
597.0,25.0,0.0,1.3,HOLIDAY,MAS,103922.7850180432
598.0,25.0,0.0,1.3,HOLIDAY,MAS,103922.7850180432
599.0,25.0,0.0,1.3,HOLIDAY,MAS,103922.7850180432
600.0,26.0,21.71112,1.3,HOLIDAY,MAS,103944.4961380432
601.0,26.0,625.05532126305,1.3,HOLIDAY,MAS,104569.55145930625
602.0,26.0,32.701748733136846,1.3,HOLIDAY,MAS,104602.25320803939
603.0,26.0,49.36989857671597,1.3,HOLIDAY,MAS,104651.6231066161
604.0,26.0,644.8874427914083,1.3,HOLIDAY,MAS,105296.51054940751
605.0,26.0,75.22248847956288,1.3,HOLIDAY,MAS,105371.73303788707
606.0,26.0,0.0,1.3,HOLIDAY,MAS,105371.73303788707
607.0,26.0,0.0,1.3,HOLIDAY,MAS,105371.73303788707
608.0,26.0,1841.3553456251211,1.3,HOLIDAY,MAS,107213.0883835122
609.0,26.0,217.55474620161797,1.3,HOLIDAY,MAS,107430.6431297138
610.0,26.0,608.6649697633962,1.3,HOLIDAY,MAS,108039.3080994772
611.0,26.0,1796.6872077403239,1.3,HOLIDAY,MAS,109835.99530721753
612.0,26.0,3947.6130883927162,1.3,HOLIDAY,MAS,113783.60839561024
613.0,26.0,1317.1288637155476,1.3,HOLIDAY,MAS,115100.73725932579
614.0,26.0,412.90080102712335,1.3,HOLIDAY,MAS,115513.63806035291
615.0,26.0,456.0612730230145,1.3,HOLIDAY,MAS,115969.69933337593
616.0,26.0,601.1021057976645,1.3,HOLIDAY,MAS,116570.80143917359
617.0,26.0,0.0,1.3,HOLIDAY,MAS,116570.80143917359
618.0,26.0,0.0,1.3,HOLIDAY,MAS,116570.80143917359
619.0,26.0,0.0,1.3,HOLIDAY,MAS,116570.80143917359
620.0,26.0,0.0,1.3,HOLIDAY,MAS,116570.80143917359
621.0,26.0,0.0,1.3,HOLIDAY,MAS,116570.80143917359
622.0,26.0,0.0,1.3,HOLIDAY,MAS,116570.80143917359
623.0,26.0,0.0,1.3,HOLIDAY,MAS,116570.80143917359
624.0,27.0,632.94,1.3,HOLIDAY,MAS,117203.7414391736
625.0,27.0,513.0514361966925,1.0,NORMAL,MAS,117716.79287537029
626.0,27.0,11.805402422367175,1.0,NORMAL,MAS,117728.59827779265
627.0,27.0,15.193896372215296,1.0,NORMAL,MAS,117743.79217416488
628.0,27.0,1031.8350641338209,1.0,NORMAL,MAS,118775.6272382987
629.0,27.0,556.024835217268,1.0,NORMAL,MAS,119331.65207351596
630.0,27.0,553.9290675008851,1.0,NORMAL,MAS,119885.58114101684
631.0,27.0,547.3640844897163,1.0,NORMAL,MAS,120432.94522550656
632.0,27.0,67.88256929165786,1.0,NORMAL,MAS,120500.82779479821
633.0,27.0,79.46467588306842,1.0,NORMAL,MAS,120580.29247068128
634.0,27.0,548.3791479756075,1.0,NORMAL,MAS,121128.67161865688
635.0,27.0,604.9769908492955,1.0,NORMAL,MAS,121733.64860950617
636.0,27.0,-54.535761905089714,1.0,NORMAL,MAS,121679.11284760108
637.0,27.0,529.8961211225005,1.0,NORMAL,MAS,122209.00896872357
638.0,27.0,956.5170757004631,1.0,NORMAL,MAS,123165.52604442404
639.0,27.0,473.0770811566357,1.0,NORMAL,MAS,123638.60312558067
640.0,27.0,862.9772997586117,1.0,NORMAL,MAS,124501.58042533929
641.0,27.0,561.8542313875911,1.0,NORMAL,MAS,125063.43465672688
642.0,27.0,-173.91622400954225,1.0,NORMAL,MAS,124889.51843271733
643.0,27.0,1462.2400911355112,1.0,NORMAL,MAS,126351.75852385284
644.0,27.0,11.781222308181517,1.0,NORMAL,MAS,126363.53974616103
645.0,27.0,0.0,1.0,NORMAL,MAS,126363.53974616103
646.0,27.0,0.0,1.0,NORMAL,MAS,126363.53974616103
647.0,27.0,0.0,1.0,NORMAL,MAS,126363.53974616103
648.0,28.0,540.4608,1.0,NORMAL,MAS,126904.00054616103
649.0,28.0,8.223257794654316,1.0,NORMAL,MAS,126912.22380395568
650.0,28.0,13.824705562317108,1.0,NORMAL,MAS,126926.048509518
651.0,28.0,5.4991371487681135,1.0,NORMAL,MAS,126931.54764666678
652.0,28.0,516.9690609704021,1.0,NORMAL,MAS,127448.51670763717
653.0,28.0,9.152874441995728,1.0,NORMAL,MAS,127457.66958207916
654.0,28.0,24.325530350472913,1.0,NORMAL,MAS,127481.99511242963
655.0,28.0,12.674274133101854,1.0,NORMAL,MAS,127494.66938656273
656.0,28.0,521.6421805595376,1.0,NORMAL,MAS,128016.31156712226
657.0,28.0,27.121493962172487,1.0,NORMAL,MAS,128043.43306108443
658.0,28.0,19.86683675999223,1.0,NORMAL,MAS,128063.29989784442
659.0,28.0,34.12699644025073,1.0,NORMAL,MAS,128097.42689428467
660.0,28.0,24.381978985883155,1.0,NORMAL,MAS,128121.80887327055
661.0,28.0,536.3843369117652,1.0,NORMAL,MAS,128658.19321018232
662.0,28.0,545.0792395258311,1.0,NORMAL,MAS,129203.27244970815
663.0,28.0,26.888955166488298,1.0,NORMAL,MAS,129230.16140487464
664.0,28.0,533.8410998697086,1.0,NORMAL,MAS,129764.00250474435
665.0,28.0,40.60865679646795,1.0,NORMAL,MAS,129804.61116154082
666.0,28.0,52.06054455115539,1.0,NORMAL,MAS,129856.67170609198
667.0,28.0,25.64656436700403,1.0,NORMAL,MAS,129882.31827045899
668.0,28.0,530.8445818174183,1.0,NORMAL,MAS,130413.16285227641
669.0,28.0,54.75991077083903,1.0,NORMAL,MAS,130467.92276304725
670.0,28.0,65.69551889407563,1.0,NORMAL,MAS,130533.61828194132
671.0,28.0,590.1062714102684,1.0,NORMAL,MAS,131123.72455335158
672.0,29.0,6.749999999999993,1.0,NORMAL,MAS,131130.47455335158
673.0,29.0,29.491753577055793,1.0,NORMAL,MAS,131159.96630692863
674.0,29.0,25.166400011556185,1.0,NORMAL,MAS,131185.1327069402
675.0,29.0,513.5254865654963,1.0,NORMAL,MAS,131698.6581935057
676.0,29.0,27.791353094229944,1.0,NORMAL,MAS,131726.4495465999
677.0,29.0,531.6184884710619,1.0,NORMAL,MAS,132258.06803507096
678.0,29.0,45.1114419950439,1.0,NORMAL,MAS,132303.179477066
679.0,29.0,24.601361723683205,1.0,NORMAL,MAS,132327.78083878968
680.0,29.0,-37.707949179856016,1.0,NORMAL,MAS,132290.07288960982
681.0,29.0,-45.85674283154086,1.0,NORMAL,MAS,132244.2161467783
682.0,29.0,47.501099837810926,1.0,NORMAL,MAS,132291.71724661608
683.0,29.0,529.2458133552803,1.0,NORMAL,MAS,132820.96305997137
684.0,29.0,551.2346729755147,1.0,NORMAL,MAS,133372.1977329469
685.0,29.0,480.71634956510366,1.0,NORMAL,MAS,133852.914082512
686.0,29.0,-65.95132197696591,1.0,NORMAL,MAS,133786.96276053504
687.0,29.0,1296.4052812444831,1.0,NORMAL,MAS,135083.36804177953
688.0,29.0,347.6491961657767,1.0,NORMAL,MAS,135431.0172379453
689.0,29.0,-70.287948792205,1.0,NORMAL,MAS,135360.7292891531
690.0,29.0,0.0,1.0,NORMAL,MAS,135360.7292891531
691.0,29.0,0.0,1.0,NORMAL,MAS,135360.7292891531
692.0,29.0,0.0,1.0,NORMAL,MAS,135360.7292891531
693.0,29.0,0.0,1.0,NORMAL,MAS,135360.7292891531
694.0,29.0,0.0,1.0,NORMAL,MAS,135360.7292891531
695.0,29.0,0.0,1.0,NORMAL,MAS,135360.7292891531
696.0,30.0,2.04664,1.0,NORMAL,MAS,135362.77592915308
697.0,30.0,11.340681343857284,1.0,NORMAL,MAS,135374.11661049695
698.0,30.0,1012.7777526965765,1.0,NORMAL,MAS,136386.8943631935
699.0,30.0,511.0811720373858,1.0,NORMAL,MAS,136897.9755352309
700.0,30.0,6.871289338802678,1.0,NORMAL,MAS,136904.8468245697
701.0,30.0,8.968110647651374,1.0,NORMAL,MAS,136913.81493521735
702.0,30.0,513.2411269019673,1.0,NORMAL,MAS,137427.0560621193
703.0,30.0,13.782300991569848,1.0,NORMAL,MAS,137440.83836311087
704.0,30.0,12.498214924394926,1.0,NORMAL,MAS,137453.33657803526
705.0,30.0,20.908156967539227,1.0,NORMAL,MAS,137474.2447350028
706.0,30.0,20.57466878805089,1.0,NORMAL,MAS,137494.81940379087
707.0,30.0,7.133735816768732,1.0,NORMAL,MAS,137501.95313960765
708.0,30.0,15.648362805467436,1.0,NORMAL,MAS,137517.6015024131
709.0,30.0,21.723020018979803,1.0,NORMAL,MAS,137539.32452243209
710.0,30.0,12.557551200590034,1.0,NORMAL,MAS,137551.88207363267
711.0,30.0,24.83467709450626,1.0,NORMAL,MAS,137576.71675072718
712.0,30.0,17.61715913383113,1.0,NORMAL,MAS,137594.33390986102
713.0,30.0,15.816419394924223,1.0,NORMAL,MAS,137610.15032925594
714.0,30.0,13.619710018028071,1.0,NORMAL,MAS,137623.77003927395
715.0,30.0,6.900714316418972,1.0,NORMAL,MAS,137630.67075359036
716.0,30.0,32.78782975327343,1.0,NORMAL,MAS,137663.45858334363
717.0,30.0,22.648415527861115,1.0,NORMAL,MAS,137686.1069988715
718.0,30.0,18.9804541726989,1.0,NORMAL,MAS,137705.0874530442
719.0,30.0,528.2975399355195,1.0,NORMAL,MAS,138233.3849929797
720.0,31.0,5.37688,1.0,NORMAL,MAS,138238.7618729797
721.0,31.0,6.1881699998584105,1.0,NORMAL,MAS,138244.95004297956
722.0,31.0,13.24573459878965,1.0,NORMAL,MAS,138258.19577757834
723.0,31.0,11.476512879732978,1.0,NORMAL,MAS,138269.67229045808
724.0,31.0,19.470190591254415,1.0,NORMAL,MAS,138289.14248104935
725.0,31.0,13.418947690193484,1.0,NORMAL,MAS,138302.56142873954
726.0,31.0,18.542471557527154,1.0,NORMAL,MAS,138321.10390029708
727.0,31.0,25.745028537623455,1.0,NORMAL,MAS,138346.8489288347
728.0,31.0,512.9931516775515,1.0,NORMAL,MAS,138859.84208051223
729.0,31.0,19.90416383584467,1.0,NORMAL,MAS,138879.74624434806
730.0,31.0,9.742929258398558,1.0,NORMAL,MAS,138889.48917360647
731.0,31.0,14.30808585371814,1.0,NORMAL,MAS,138903.7972594602
732.0,31.0,12.594313494704494,1.0,NORMAL,MAS,138916.39157295492
733.0,31.0,35.268144177478206,1.0,NORMAL,MAS,138951.6597171324
734.0,31.0,1014.682946158693,1.0,NORMAL,MAS,139966.34266329109
735.0,31.0,19.235876836767982,1.0,NORMAL,MAS,139985.57854012784
736.0,31.0,21.929692880133548,1.0,NORMAL,MAS,140007.50823300797
737.0,31.0,18.423748809761094,1.0,NORMAL,MAS,140025.93198181773
738.0,31.0,543.1275243384334,1.0,NORMAL,MAS,140569.05950615616
739.0,31.0,586.4777085862835,1.0,NORMAL,MAS,141155.53721474245
740.0,31.0,1078.2331802903561,1.0,NORMAL,MAS,142233.7703950328
741.0,31.0,69.67883986534699,1.0,NORMAL,MAS,142303.44923489814
742.0,31.0,541.3327855117926,1.0,NORMAL,MAS,142844.78202040994
743.0,31.0,581.456657572427,1.0,NORMAL,MAS,143426.23867798236
744.0,32.0,29.2916,1.0,NORMAL,MAS,143455.53027798235
745.0,32.0,18.5705763372926,1.0,NORMAL,MAS,143474.10085431964
746.0,32.0,20.64171615815213,1.0,NORMAL,MAS,143494.7425704778
747.0,32.0,38.566838935561314,1.0,NORMAL,MAS,143533.30940941337
748.0,32.0,21.489110039591523,1.0,NORMAL,MAS,143554.79851945298
749.0,32.0,23.451441420814103,1.0,NORMAL,MAS,143578.2499608738
750.0,32.0,1012.656638532291,1.0,NORMAL,MAS,144590.9065994061
751.0,32.0,-79.54140335485418,1.0,NORMAL,MAS,144511.36519605125
752.0,32.0,48.52607202575775,1.0,NORMAL,MAS,144559.89126807702
753.0,32.0,35.163907839160004,1.0,NORMAL,MAS,144595.05517591618
754.0,32.0,471.9707809963386,1.0,NORMAL,MAS,145067.02595691252
755.0,32.0,31.937664783092693,1.0,NORMAL,MAS,145098.9636216956
756.0,32.0,-11.270648946697852,1.0,NORMAL,MAS,145087.69297274892
757.0,32.0,-47.9861392292248,1.0,NORMAL,MAS,145039.70683351968
758.0,32.0,233.51244494754442,1.0,NORMAL,MAS,145273.21927846724
759.0,32.0,-347.22817415394496,1.0,NORMAL,MAS,144925.9911043133
760.0,32.0,563.0029634791874,1.0,NORMAL,MAS,145488.9940677925
761.0,32.0,0.0,1.0,NORMAL,MAS,145488.9940677925
762.0,32.0,0.0,1.0,NORMAL,MAS,145488.9940677925
763.0,32.0,0.0,1.0,NORMAL,MAS,145488.9940677925
764.0,32.0,0.0,1.0,NORMAL,MAS,145488.9940677925
765.0,32.0,0.0,1.0,NORMAL,MAS,145488.9940677925
766.0,32.0,0.0,1.0,NORMAL,MAS,145488.9940677925
767.0,32.0,0.0,1.0,NORMAL,MAS,145488.9940677925
768.0,33.0,-45.24986000000002,1.0,NORMAL,MAS,145443.74420779248
769.0,33.0,913.5036364452451,1.0,NORMAL,MAS,146357.24784423772
770.0,33.0,-62.770846255851865,1.0,NORMAL,MAS,146294.47699798187
771.0,33.0,502.33428581331765,1.0,NORMAL,MAS,146796.8112837952
772.0,33.0,1047.6113054953526,1.0,NORMAL,MAS,147844.42258929054
773.0,33.0,969.8028052122065,1.0,NORMAL,MAS,148814.22539450275
774.0,33.0,-190.67417284779646,1.0,NORMAL,MAS,148623.55122165495
775.0,33.0,275.09291720767396,1.0,NORMAL,MAS,148898.64413886264
776.0,33.0,1258.2411299496719,1.0,NORMAL,MAS,150156.8852688123
777.0,33.0,974.6202937565319,1.0,NORMAL,MAS,151131.50556256884
778.0,33.0,-111.61836065347174,1.0,NORMAL,MAS,151019.88720191538
779.0,33.0,0.0,1.0,NORMAL,MAS,151019.88720191538
780.0,33.0,0.0,1.0,NORMAL,MAS,151019.88720191538
781.0,33.0,0.0,1.0,NORMAL,MAS,151019.88720191538
782.0,33.0,0.0,1.0,NORMAL,MAS,151019.88720191538
783.0,33.0,0.0,1.0,NORMAL,MAS,151019.88720191538
784.0,33.0,0.0,1.0,NORMAL,MAS,151019.88720191538
785.0,33.0,0.0,1.0,NORMAL,MAS,151019.88720191538
786.0,33.0,0.0,1.0,NORMAL,MAS,151019.88720191538
787.0,33.0,0.0,1.0,NORMAL,MAS,151019.88720191538
788.0,33.0,0.0,1.0,NORMAL,MAS,151019.88720191538
789.0,33.0,0.0,1.0,NORMAL,MAS,151019.88720191538
790.0,33.0,0.0,1.0,NORMAL,MAS,151019.88720191538
791.0,33.0,0.0,1.0,NORMAL,MAS,151019.88720191538
792.0,34.0,5.422880000000001,1.0,NORMAL,MAS,151025.31008191538
793.0,34.0,0.6631686690750422,1.0,NORMAL,MAS,151025.97325058444
794.0,34.0,6.594486369810146,1.0,NORMAL,MAS,151032.56773695425
795.0,34.0,8.211706386988073,1.0,NORMAL,MAS,151040.77944334125
796.0,34.0,3.5554687758122347,1.0,NORMAL,MAS,151044.33491211708
797.0,34.0,5.747691123336587,1.0,NORMAL,MAS,151050.08260324041
798.0,34.0,9.013346132133563,1.0,NORMAL,MAS,151059.09594937254
799.0,34.0,5.123955259588922,1.0,NORMAL,MAS,151064.21990463213
800.0,34.0,10.788608717764328,1.0,NORMAL,MAS,151075.0085133499
801.0,34.0,508.1403859665059,1.0,NORMAL,MAS,151583.1488993164
802.0,34.0,507.17340495011985,1.0,NORMAL,MAS,152090.32230426653
803.0,34.0,509.9151296689378,1.0,NORMAL,MAS,152600.23743393546
804.0,34.0,19.02171028429268,1.0,NORMAL,MAS,152619.25914421974
805.0,34.0,10.318893966966039,1.0,NORMAL,MAS,152629.5780381867
806.0,34.0,11.945744898990526,1.0,NORMAL,MAS,152641.5237830857
807.0,34.0,525.1650862220163,1.0,NORMAL,MAS,153166.68886930772
808.0,34.0,523.5292115361528,1.0,NORMAL,MAS,153690.2180808439
809.0,34.0,23.629254618951666,1.0,NORMAL,MAS,153713.84733546284
810.0,34.0,524.991608596116,1.0,NORMAL,MAS,154238.83894405895
811.0,34.0,34.84276671893239,1.0,NORMAL,MAS,154273.6817107779
812.0,34.0,15.044668159505342,1.0,NORMAL,MAS,154288.7263789374
813.0,34.0,28.887064511904562,1.0,NORMAL,MAS,154317.6134434493
814.0,34.0,25.79169680114153,1.0,NORMAL,MAS,154343.40514025046
815.0,34.0,38.62444255979441,1.0,NORMAL,MAS,154382.02958281024
816.0,35.0,19.6708,1.0,NORMAL,MAS,154401.70038281023
817.0,35.0,11.841154205540139,1.0,NORMAL,MAS,154413.5415370158
818.0,35.0,10.40604521303258,1.0,NORMAL,MAS,154423.9475822288
819.0,35.0,13.606237594167396,1.0,NORMAL,MAS,154437.55381982296
820.0,35.0,16.261534585348898,1.0,NORMAL,MAS,154453.81535440832
821.0,35.0,10.014177020991282,1.0,NORMAL,MAS,154463.8295314293
822.0,35.0,16.389922287610304,1.0,NORMAL,MAS,154480.2194537169
823.0,35.0,11.194703585477443,1.0,NORMAL,MAS,154491.41415730238
824.0,35.0,18.71073664638476,1.0,NORMAL,MAS,154510.12489394876
825.0,35.0,13.380592963517799,1.0,NORMAL,MAS,154523.50548691227
826.0,35.0,20.13535201677578,1.0,NORMAL,MAS,154543.64083892904
827.0,35.0,22.368074549097145,1.0,NORMAL,MAS,154566.00891347814
828.0,35.0,545.8344513254635,1.0,NORMAL,MAS,155111.84336480362
829.0,35.0,27.26066544777687,1.0,NORMAL,MAS,155139.1040302514
830.0,35.0,534.0568154964051,1.0,NORMAL,MAS,155673.1608457478
831.0,35.0,17.761647884185123,1.0,NORMAL,MAS,155690.92249363198
832.0,35.0,5.954529877873281,1.0,NORMAL,MAS,155696.87702350985
833.0,35.0,24.41641438050461,1.0,NORMAL,MAS,155721.29343789036
834.0,35.0,14.560765326183233,1.0,NORMAL,MAS,155735.85420321656
835.0,35.0,22.3260647552643,1.0,NORMAL,MAS,155758.18026797182
836.0,35.0,547.623988306576,1.0,NORMAL,MAS,156305.8042562784
837.0,35.0,35.08349509030384,1.0,NORMAL,MAS,156340.88775136872
838.0,35.0,21.294049356436172,1.0,NORMAL,MAS,156362.18180072514
839.0,35.0,22.04865292319445,1.0,NORMAL,MAS,156384.23045364834
840.0,36.0,17.272,1.0,NORMAL,MAS,156401.50245364834
841.0,36.0,5.170036319626826,1.0,NORMAL,MAS,156406.67248996795
842.0,36.0,11.970366575578124,1.0,NORMAL,MAS,156418.64285654353
843.0,36.0,7.316350446270451,1.0,NORMAL,MAS,156425.9592069898
844.0,36.0,509.84073223917085,1.0,NORMAL,MAS,156935.79993922895
845.0,36.0,10.258568661863295,1.0,NORMAL,MAS,156946.05850789082
846.0,36.0,12.99746474608602,1.0,NORMAL,MAS,156959.0559726369
847.0,36.0,8.446783312596121,1.0,NORMAL,MAS,156967.5027559495
848.0,36.0,10.604843088028595,1.0,NORMAL,MAS,156978.10759903752
849.0,36.0,24.329012565505526,1.0,NORMAL,MAS,157002.43661160304
850.0,36.0,16.513885826708197,1.0,NORMAL,MAS,157018.95049742976
851.0,36.0,22.39515069588426,1.0,NORMAL,MAS,157041.34564812566
852.0,36.0,18.762389176837363,1.0,NORMAL,MAS,157060.1080373025
853.0,36.0,22.494149941413294,1.0,NORMAL,MAS,157082.60218724393
854.0,36.0,26.076989904241273,1.0,NORMAL,MAS,157108.67917714818
855.0,36.0,23.507587435368933,1.0,NORMAL,MAS,157132.18676458354
856.0,36.0,13.217238685475987,1.0,NORMAL,MAS,157145.404003269
857.0,36.0,526.357241174319,1.0,NORMAL,MAS,157671.76124444333
858.0,36.0,34.35685769773568,1.0,NORMAL,MAS,157706.11810214107
859.0,36.0,16.626382213304375,1.0,NORMAL,MAS,157722.7444843544
860.0,36.0,30.77005250765996,1.0,NORMAL,MAS,157753.51453686206
861.0,36.0,523.0227258587904,1.0,NORMAL,MAS,158276.53726272084
862.0,36.0,48.59424243053459,1.0,NORMAL,MAS,158325.13150515137
863.0,36.0,23.883292278659237,1.0,NORMAL,MAS,158349.01479743002
864.0,37.0,10.0392,1.0,NORMAL,MAS,158359.05399743002
865.0,37.0,10.715090266753714,1.0,NORMAL,MAS,158369.76908769677
866.0,37.0,12.509249476067222,1.0,NORMAL,MAS,158382.27833717284
867.0,37.0,12.869983464697667,1.0,NORMAL,MAS,158395.14832063753
868.0,37.0,9.47621241871325,1.0,NORMAL,MAS,158404.62453305625
869.0,37.0,14.100541430692179,1.0,NORMAL,MAS,158418.72507448695
870.0,37.0,9.751025428189573,1.0,NORMAL,MAS,158428.47609991513
871.0,37.0,9.806339441473716,1.0,NORMAL,MAS,158438.2824393566
872.0,37.0,20.021008303036602,1.0,NORMAL,MAS,158458.30344765965
873.0,37.0,13.252709338368206,1.0,NORMAL,MAS,158471.556156998
874.0,37.0,5.72494544293848,1.0,NORMAL,MAS,158477.28110244093
875.0,37.0,4.798280012773919,1.0,NORMAL,MAS,158482.0793824537
876.0,37.0,6.155326934950705,1.0,NORMAL,MAS,158488.23470938863
877.0,37.0,9.036208878340704,1.0,NORMAL,MAS,158497.27091826696
878.0,37.0,7.912249073509104,1.0,NORMAL,MAS,158505.18316734047
879.0,37.0,4.404169327621068,1.0,NORMAL,MAS,158509.58733666808
880.0,37.0,7.248726935274267,1.0,NORMAL,MAS,158516.83606360335
881.0,37.0,3.4049236197406314,1.0,NORMAL,MAS,158520.24098722308
882.0,37.0,3.1622832274042683,1.0,NORMAL,MAS,158523.40327045048
883.0,37.0,4.2549922490862135,1.0,NORMAL,MAS,158527.65826269955
884.0,37.0,6.681103333039185,1.0,NORMAL,MAS,158534.3393660326
885.0,37.0,4.763863324379718,1.0,NORMAL,MAS,158539.103229357
886.0,37.0,8.214355848773799,1.0,NORMAL,MAS,158547.31758520578
887.0,37.0,502.90562779914706,1.0,NORMAL,MAS,159050.2232130049
168.0,8.0,292.13374999999996,1.0,NORMAL,CENTAUR,292.13374999999996
169.0,8.0,399.6772745362705,1.0,NORMAL,CENTAUR,691.8110245362705
170.0,8.0,-98.82391093735612,1.0,NORMAL,CENTAUR,592.9871135989143
171.0,8.0,867.6178923032526,1.0,NORMAL,CENTAUR,1460.6050059021668
172.0,8.0,-152.6672761314179,1.0,NORMAL,CENTAUR,1307.9377297707488
173.0,8.0,24.286781595846264,1.0,NORMAL,CENTAUR,1332.224511366595
174.0,8.0,457.5562830463034,1.0,NORMAL,CENTAUR,1789.7807944128983
175.0,8.0,0.0,1.0,NORMAL,CENTAUR,1789.7807944128983
176.0,8.0,0.0,1.0,NORMAL,CENTAUR,1789.7807944128983
177.0,8.0,0.0,1.0,NORMAL,CENTAUR,1789.7807944128983
178.0,8.0,0.0,1.0,NORMAL,CENTAUR,1789.7807944128983
179.0,8.0,0.0,1.0,NORMAL,CENTAUR,1789.7807944128983
180.0,8.0,0.0,1.0,NORMAL,CENTAUR,1789.7807944128983
181.0,8.0,0.0,1.0,NORMAL,CENTAUR,1789.7807944128983
182.0,8.0,0.0,1.0,NORMAL,CENTAUR,1789.7807944128983
183.0,8.0,0.0,1.0,NORMAL,CENTAUR,1789.7807944128983
184.0,8.0,0.0,1.0,NORMAL,CENTAUR,1789.7807944128983
185.0,8.0,0.0,1.0,NORMAL,CENTAUR,1789.7807944128983
186.0,8.0,0.0,1.0,NORMAL,CENTAUR,1789.7807944128983
187.0,8.0,0.0,1.0,NORMAL,CENTAUR,1789.7807944128983
188.0,8.0,0.0,1.0,NORMAL,CENTAUR,1789.7807944128983
189.0,8.0,0.0,1.0,NORMAL,CENTAUR,1789.7807944128983
190.0,8.0,0.0,1.0,NORMAL,CENTAUR,1789.7807944128983
191.0,8.0,0.0,1.0,NORMAL,CENTAUR,1789.7807944128983
192.0,9.0,1009.5601,1.0,NORMAL,CENTAUR,2799.3408944128983
193.0,9.0,19.68602418507363,1.0,NORMAL,CENTAUR,2819.026918597972
194.0,9.0,6.9145700412823565,1.0,NORMAL,CENTAUR,2825.941488639254
195.0,9.0,15.425503818266478,1.0,NORMAL,CENTAUR,2841.3669924575206
196.0,9.0,517.307048184523,1.0,NORMAL,CENTAUR,3358.6740406420436
197.0,9.0,7.254171128255984,1.0,NORMAL,CENTAUR,3365.9282117702996
198.0,9.0,530.9997120249254,1.0,NORMAL,CENTAUR,3896.927923795225
199.0,9.0,522.6144635071865,1.0,NORMAL,CENTAUR,4419.542387302412
200.0,9.0,19.82947119253781,1.0,NORMAL,CENTAUR,4439.37185849495
201.0,9.0,538.3954774420768,1.0,NORMAL,CENTAUR,4977.767335937027
202.0,9.0,542.5316625152105,1.0,NORMAL,CENTAUR,5520.298998452238
203.0,9.0,21.88677388516972,1.0,NORMAL,CENTAUR,5542.185772337408
204.0,9.0,34.86310849126121,1.0,NORMAL,CENTAUR,5577.048880828669
205.0,9.0,40.56246675109732,1.0,NORMAL,CENTAUR,5617.6113475797665
206.0,9.0,19.972458903764277,1.0,NORMAL,CENTAUR,5637.583806483531
207.0,9.0,507.65980842547214,1.0,NORMAL,CENTAUR,6145.243614909003
208.0,9.0,42.590705619865496,1.0,NORMAL,CENTAUR,6187.834320528868
209.0,9.0,507.1477264201543,1.0,NORMAL,CENTAUR,6694.982046949022
210.0,9.0,-37.2548560135958,1.0,NORMAL,CENTAUR,6657.727190935427
211.0,9.0,996.8015115248228,1.0,NORMAL,CENTAUR,7654.528702460249
212.0,9.0,559.2784311939482,1.0,NORMAL,CENTAUR,8213.807133654198
213.0,9.0,27.437712457113932,1.0,NORMAL,CENTAUR,8241.244846111313
214.0,9.0,460.1665280263978,1.0,NORMAL,CENTAUR,8701.411374137711
215.0,9.0,391.41754435577985,1.0,NORMAL,CENTAUR,9092.828918493491
216.0,10.0,0.0,1.0,NORMAL,CENTAUR,9092.828918493491
217.0,10.0,0.0,1.0,NORMAL,CENTAUR,9092.828918493491
218.0,10.0,0.0,1.0,NORMAL,CENTAUR,9092.828918493491
219.0,10.0,0.0,1.0,NORMAL,CENTAUR,9092.828918493491
220.0,10.0,259.21962764123487,1.0,NORMAL,CENTAUR,9352.048546134725
221.0,10.0,422.3074563676488,1.0,NORMAL,CENTAUR,9774.356002502374
222.0,10.0,-61.83983095872508,1.0,NORMAL,CENTAUR,9712.51617154365
223.0,10.0,-91.68913562164562,1.0,NORMAL,CENTAUR,9620.827035922004
224.0,10.0,108.45725626417737,1.0,NORMAL,CENTAUR,9729.284292186181
225.0,10.0,-178.7149155937303,1.0,NORMAL,CENTAUR,9550.569376592452
226.0,10.0,167.00492886417442,1.0,NORMAL,CENTAUR,9717.574305456626
227.0,10.0,538.5114472341432,1.0,NORMAL,CENTAUR,10256.08575269077
228.0,10.0,0.0,1.0,NORMAL,CENTAUR,10256.08575269077
229.0,10.0,0.0,1.0,NORMAL,CENTAUR,10256.08575269077
230.0,10.0,0.0,1.0,NORMAL,CENTAUR,10256.08575269077
231.0,10.0,0.0,1.0,NORMAL,CENTAUR,10256.08575269077
232.0,10.0,0.0,1.0,NORMAL,CENTAUR,10256.08575269077
233.0,10.0,0.0,1.0,NORMAL,CENTAUR,10256.08575269077
234.0,10.0,0.0,1.0,NORMAL,CENTAUR,10256.08575269077
235.0,10.0,0.0,1.0,NORMAL,CENTAUR,10256.08575269077
236.0,10.0,0.0,1.0,NORMAL,CENTAUR,10256.08575269077
237.0,10.0,0.0,1.0,NORMAL,CENTAUR,10256.08575269077
238.0,10.0,0.0,1.0,NORMAL,CENTAUR,10256.08575269077
239.0,10.0,0.0,1.0,NORMAL,CENTAUR,10256.08575269077
240.0,11.0,0.0,1.0,NORMAL,CENTAUR,10256.08575269077
241.0,11.0,0.0,1.0,NORMAL,CENTAUR,10256.08575269077
242.0,11.0,0.0,1.0,NORMAL,CENTAUR,10256.08575269077
243.0,11.0,0.0,1.0,NORMAL,CENTAUR,10256.08575269077
244.0,11.0,1319.3943288973478,1.0,NORMAL,CENTAUR,11575.480081588117
245.0,11.0,-379.5070462957489,1.0,NORMAL,CENTAUR,11195.973035292369
246.0,11.0,697.0627736421428,1.0,NORMAL,CENTAUR,11893.035808934512
247.0,11.0,459.8172733737483,1.0,NORMAL,CENTAUR,12352.85308230826
248.0,11.0,890.7121030938736,1.0,NORMAL,CENTAUR,13243.565185402134
249.0,11.0,853.1282196376291,1.0,NORMAL,CENTAUR,14096.693405039763
250.0,11.0,0.0,1.0,NORMAL,CENTAUR,14096.693405039763
251.0,11.0,0.0,1.0,NORMAL,CENTAUR,14096.693405039763
252.0,11.0,0.0,1.0,NORMAL,CENTAUR,14096.693405039763
253.0,11.0,0.0,1.0,NORMAL,CENTAUR,14096.693405039763
254.0,11.0,0.0,1.0,NORMAL,CENTAUR,14096.693405039763
255.0,11.0,0.0,1.0,NORMAL,CENTAUR,14096.693405039763
256.0,11.0,0.0,1.0,NORMAL,CENTAUR,14096.693405039763
257.0,11.0,0.0,1.0,NORMAL,CENTAUR,14096.693405039763
258.0,11.0,0.0,1.0,NORMAL,CENTAUR,14096.693405039763
259.0,11.0,0.0,1.0,NORMAL,CENTAUR,14096.693405039763
260.0,11.0,0.0,1.0,NORMAL,CENTAUR,14096.693405039763
261.0,11.0,0.0,1.0,NORMAL,CENTAUR,14096.693405039763
262.0,11.0,0.0,1.0,NORMAL,CENTAUR,14096.693405039763
263.0,11.0,0.0,1.0,NORMAL,CENTAUR,14096.693405039763
264.0,12.0,4.2604,1.0,NORMAL,CENTAUR,14100.953805039762
265.0,12.0,5.009025606045018,1.0,NORMAL,CENTAUR,14105.962830645807
266.0,12.0,505.60842489552954,1.0,NORMAL,CENTAUR,14611.571255541337
267.0,12.0,6.818049172332766,1.0,NORMAL,CENTAUR,14618.38930471367
268.0,12.0,8.283368836875056,1.0,NORMAL,CENTAUR,14626.672673550545
269.0,12.0,3.796375003837143,1.0,NORMAL,CENTAUR,14630.469048554383
270.0,12.0,8.488894635540035,1.0,NORMAL,CENTAUR,14638.957943189924
271.0,12.0,5.5794179493301606,1.0,NORMAL,CENTAUR,14644.537361139253
272.0,12.0,6.665778392339966,1.0,NORMAL,CENTAUR,14651.203139531593
273.0,12.0,14.262977427135855,1.0,NORMAL,CENTAUR,14665.466116958729
274.0,12.0,11.638733886479029,1.0,NORMAL,CENTAUR,14677.104850845208
275.0,12.0,9.207547630892131,1.0,NORMAL,CENTAUR,14686.3123984761
276.0,12.0,12.597645553627105,1.0,NORMAL,CENTAUR,14698.910044029728
277.0,12.0,6.051782672728,1.0,NORMAL,CENTAUR,14704.961826702456
278.0,12.0,11.27137292564275,1.0,NORMAL,CENTAUR,14716.2331996281
279.0,12.0,15.617618179693233,1.0,NORMAL,CENTAUR,14731.850817807792
280.0,12.0,38.38023954156067,1.0,NORMAL,CENTAUR,14770.231057349352
281.0,12.0,24.630778120220537,1.0,NORMAL,CENTAUR,14794.861835469574
282.0,12.0,14.144584622576621,1.0,NORMAL,CENTAUR,14809.00642009215
283.0,12.0,517.3034430343565,1.0,NORMAL,CENTAUR,15326.309863126506
284.0,12.0,25.825195650854603,1.0,NORMAL,CENTAUR,15352.13505877736
285.0,12.0,32.58733185659239,1.0,NORMAL,CENTAUR,15384.722390633951
286.0,12.0,530.9063665948353,1.0,NORMAL,CENTAUR,15915.628757228787
287.0,12.0,33.2806130869421,1.0,NORMAL,CENTAUR,15948.909370315729
288.0,13.0,-22.352,0.0,CRASH,CENTAUR,15926.557370315728
289.0,13.0,0.0,0.0,CRASH,CENTAUR,15926.557370315728
290.0,13.0,0.0,0.0,CRASH,CENTAUR,15926.557370315728
291.0,13.0,0.0,0.0,CRASH,CENTAUR,15926.557370315728
292.0,13.0,0.0,0.0,CRASH,CENTAUR,15926.557370315728
293.0,13.0,0.0,0.0,CRASH,CENTAUR,15926.557370315728
294.0,13.0,0.0,0.0,CRASH,CENTAUR,15926.557370315728
295.0,13.0,0.0,0.0,CRASH,CENTAUR,15926.557370315728
296.0,13.0,0.0,0.0,CRASH,CENTAUR,15926.557370315728
297.0,13.0,0.0,0.0,CRASH,CENTAUR,15926.557370315728
298.0,13.0,0.0,0.0,CRASH,CENTAUR,15926.557370315728
299.0,13.0,0.0,0.0,CRASH,CENTAUR,15926.557370315728
300.0,13.0,0.0,0.0,CRASH,CENTAUR,15926.557370315728
301.0,13.0,0.0,0.0,CRASH,CENTAUR,15926.557370315728
302.0,13.0,-0.03784003651311511,0.0,CRASH,CENTAUR,15926.519530279214
303.0,13.0,0.0,0.0,CRASH,CENTAUR,15926.519530279214
304.0,13.0,0.0,0.0,CRASH,CENTAUR,15926.519530279214
305.0,13.0,0.0,0.0,CRASH,CENTAUR,15926.519530279214
306.0,13.0,0.0,0.0,CRASH,CENTAUR,15926.519530279214
307.0,13.0,0.0,0.0,CRASH,CENTAUR,15926.519530279214
308.0,13.0,0.0,0.0,CRASH,CENTAUR,15926.519530279214
309.0,13.0,0.0,0.0,CRASH,CENTAUR,15926.519530279214
310.0,13.0,0.0,0.0,CRASH,CENTAUR,15926.519530279214
311.0,13.0,0.0,0.0,CRASH,CENTAUR,15926.519530279214
312.0,14.0,0.0,0.0,CRASH,CENTAUR,15926.519530279214
313.0,14.0,0.0,0.0,CRASH,CENTAUR,15926.519530279214
314.0,14.0,0.0,0.0,CRASH,CENTAUR,15926.519530279214
315.0,14.0,0.0,0.0,CRASH,CENTAUR,15926.519530279214
316.0,14.0,0.0,0.0,CRASH,CENTAUR,15926.519530279214
317.0,14.0,0.0,0.0,CRASH,CENTAUR,15926.519530279214
318.0,14.0,0.0,0.0,CRASH,CENTAUR,15926.519530279214
319.0,14.0,0.0,0.0,CRASH,CENTAUR,15926.519530279214
320.0,14.0,0.0,0.0,CRASH,CENTAUR,15926.519530279214
321.0,14.0,0.0,0.0,CRASH,CENTAUR,15926.519530279214
322.0,14.0,0.0,0.0,CRASH,CENTAUR,15926.519530279214
323.0,14.0,0.0,0.0,CRASH,CENTAUR,15926.519530279214
324.0,14.0,-0.034974425414002565,0.0,CRASH,CENTAUR,15926.4845558538
325.0,14.0,0.0,0.0,CRASH,CENTAUR,15926.4845558538
326.0,14.0,0.0,0.0,CRASH,CENTAUR,15926.4845558538
327.0,14.0,0.0,0.0,CRASH,CENTAUR,15926.4845558538
328.0,14.0,0.0,0.0,CRASH,CENTAUR,15926.4845558538
329.0,14.0,-0.042612081932694966,0.0,CRASH,CENTAUR,15926.441943771868
330.0,14.0,0.0,0.0,CRASH,CENTAUR,15926.441943771868
331.0,14.0,0.0,0.0,CRASH,CENTAUR,15926.441943771868
332.0,14.0,-0.0480195178178565,0.0,CRASH,CENTAUR,15926.393924254051
333.0,14.0,0.0,0.0,CRASH,CENTAUR,15926.393924254051
334.0,14.0,0.0,0.0,CRASH,CENTAUR,15926.393924254051
335.0,14.0,0.0,0.0,CRASH,CENTAUR,15926.393924254051
336.0,15.0,0.0,0.0,CRASH,CENTAUR,15926.393924254051
337.0,15.0,0.0,0.0,CRASH,CENTAUR,15926.393924254051
338.0,15.0,0.0,0.0,CRASH,CENTAUR,15926.393924254051
339.0,15.0,0.0,0.0,CRASH,CENTAUR,15926.393924254051
340.0,15.0,-0.02562720825731292,0.0,CRASH,CENTAUR,15926.368297045794
341.0,15.0,0.0,0.0,CRASH,CENTAUR,15926.368297045794
342.0,15.0,0.0,0.0,CRASH,CENTAUR,15926.368297045794
343.0,15.0,0.0,0.0,CRASH,CENTAUR,15926.368297045794
344.0,15.0,0.0,0.0,CRASH,CENTAUR,15926.368297045794
345.0,15.0,0.0,0.0,CRASH,CENTAUR,15926.368297045794
346.0,15.0,0.0,0.0,CRASH,CENTAUR,15926.368297045794
347.0,15.0,0.0,0.0,CRASH,CENTAUR,15926.368297045794
348.0,15.0,0.0,0.0,CRASH,CENTAUR,15926.368297045794
349.0,15.0,0.0,0.0,CRASH,CENTAUR,15926.368297045794
350.0,15.0,-0.03784003651311511,0.0,CRASH,CENTAUR,15926.33045700928
351.0,15.0,0.0,0.0,CRASH,CENTAUR,15926.33045700928
352.0,15.0,0.0,0.0,CRASH,CENTAUR,15926.33045700928
353.0,15.0,0.0,0.0,CRASH,CENTAUR,15926.33045700928
354.0,15.0,0.0,0.0,CRASH,CENTAUR,15926.33045700928
355.0,15.0,-0.04614143631213409,0.0,CRASH,CENTAUR,15926.284315572968
356.0,15.0,0.0,0.0,CRASH,CENTAUR,15926.284315572968
357.0,15.0,0.0,0.0,CRASH,CENTAUR,15926.284315572968
358.0,15.0,0.0,0.0,CRASH,CENTAUR,15926.284315572968
359.0,15.0,0.0,0.0,CRASH,CENTAUR,15926.284315572968
360.0,16.0,0.0,0.0,CRASH,CENTAUR,15926.284315572968
361.0,16.0,0.0,0.0,CRASH,CENTAUR,15926.284315572968
362.0,16.0,-0.023738080990424577,0.0,CRASH,CENTAUR,15926.260577491978
363.0,16.0,-0.024662969061336526,0.0,CRASH,CENTAUR,15926.235914522917
364.0,16.0,0.0,0.0,CRASH,CENTAUR,15926.235914522917
365.0,16.0,-0.026632472846940994,0.0,CRASH,CENTAUR,15926.20928205007
366.0,16.0,0.0,0.0,CRASH,CENTAUR,15926.20928205007
367.0,16.0,0.0,0.0,CRASH,CENTAUR,15926.20928205007
368.0,16.0,0.0,0.0,CRASH,CENTAUR,15926.20928205007
369.0,16.0,0.0,0.0,CRASH,CENTAUR,15926.20928205007
370.0,16.0,0.0,0.0,CRASH,CENTAUR,15926.20928205007
371.0,16.0,0.0,0.0,CRASH,CENTAUR,15926.20928205007
372.0,16.0,0.0,0.0,CRASH,CENTAUR,15926.20928205007
373.0,16.0,0.0,0.0,CRASH,CENTAUR,15926.20928205007
374.0,16.0,0.0,0.0,CRASH,CENTAUR,15926.20928205007
375.0,16.0,0.0,0.0,CRASH,CENTAUR,15926.20928205007
376.0,16.0,0.0,0.0,CRASH,CENTAUR,15926.20928205007
377.0,16.0,0.0,0.0,CRASH,CENTAUR,15926.20928205007
378.0,16.0,0.0,0.0,CRASH,CENTAUR,15926.20928205007
379.0,16.0,0.0,0.0,CRASH,CENTAUR,15926.20928205007
380.0,16.0,0.0,0.0,CRASH,CENTAUR,15926.20928205007
381.0,16.0,0.0,0.0,CRASH,CENTAUR,15926.20928205007
382.0,16.0,0.0,0.0,CRASH,CENTAUR,15926.20928205007
383.0,16.0,0.0,0.0,CRASH,CENTAUR,15926.20928205007
384.0,17.0,-0.022,0.0,CRASH,CENTAUR,15926.187282050068
385.0,17.0,0.0,0.0,CRASH,CENTAUR,15926.187282050068
386.0,17.0,0.0,0.0,CRASH,CENTAUR,15926.187282050068
387.0,17.0,0.0,0.0,CRASH,CENTAUR,15926.187282050068
388.0,17.0,0.0,0.0,CRASH,CENTAUR,15926.187282050068
389.0,17.0,0.0,0.0,CRASH,CENTAUR,15926.187282050068
390.0,17.0,-0.02768050833375483,0.0,CRASH,CENTAUR,15926.159601541734
391.0,17.0,0.0,0.0,CRASH,CENTAUR,15926.159601541734
392.0,17.0,0.0,0.0,CRASH,CENTAUR,15926.159601541734
393.0,17.0,0.0,0.0,CRASH,CENTAUR,15926.159601541734
394.0,17.0,0.0,0.0,CRASH,CENTAUR,15926.159601541734
395.0,17.0,0.0,0.0,CRASH,CENTAUR,15926.159601541734
396.0,17.0,0.0,0.0,CRASH,CENTAUR,15926.159601541734
397.0,17.0,-0.03637738516578658,0.0,CRASH,CENTAUR,15926.123224156569
398.0,17.0,0.0,0.0,CRASH,CENTAUR,15926.123224156569
399.0,17.0,-0.03936491914864445,0.0,CRASH,CENTAUR,15926.08385923742
400.0,17.0,0.0,0.0,CRASH,CENTAUR,15926.08385923742
401.0,17.0,0.0,0.0,CRASH,CENTAUR,15926.08385923742
402.0,17.0,0.0,0.0,CRASH,CENTAUR,15926.08385923742
403.0,17.0,0.0,0.0,CRASH,CENTAUR,15926.08385923742
404.0,17.0,-0.0480195178178565,0.0,CRASH,CENTAUR,15926.035839719603
405.0,17.0,0.0,0.0,CRASH,CENTAUR,15926.035839719603
406.0,17.0,0.0,0.0,CRASH,CENTAUR,15926.035839719603
407.0,17.0,0.0,0.0,CRASH,CENTAUR,15926.035839719603
408.0,18.0,0.0,0.0,CRASH,CENTAUR,15926.035839719603
409.0,18.0,0.0,0.0,CRASH,CENTAUR,15926.035839719603
410.0,18.0,0.0,0.0,CRASH,CENTAUR,15926.035839719603
411.0,18.0,0.0,0.0,CRASH,CENTAUR,15926.035839719603
412.0,18.0,0.0,0.0,CRASH,CENTAUR,15926.035839719603
413.0,18.0,0.0,0.0,CRASH,CENTAUR,15926.035839719603
414.0,18.0,0.0,0.0,CRASH,CENTAUR,15926.035839719603
415.0,18.0,0.0,0.0,CRASH,CENTAUR,15926.035839719603
416.0,18.0,0.0,0.0,CRASH,CENTAUR,15926.035839719603
417.0,18.0,0.0,0.0,CRASH,CENTAUR,15926.035839719603
418.0,18.0,0.0,0.0,CRASH,CENTAUR,15926.035839719603
419.0,18.0,0.0,0.0,CRASH,CENTAUR,15926.035839719603
420.0,18.0,-0.034974425414002565,0.0,CRASH,CENTAUR,15926.000865294189
421.0,18.0,0.0,0.0,CRASH,CENTAUR,15926.000865294189
422.0,18.0,0.0,0.0,CRASH,CENTAUR,15926.000865294189
423.0,18.0,0.0,0.0,CRASH,CENTAUR,15926.000865294189
424.0,18.0,0.0,0.0,CRASH,CENTAUR,15926.000865294189
425.0,18.0,0.0,0.0,CRASH,CENTAUR,15926.000865294189
426.0,18.0,0.0,0.0,CRASH,CENTAUR,15926.000865294189
427.0,18.0,0.0,0.0,CRASH,CENTAUR,15926.000865294189
428.0,18.0,0.0,0.0,CRASH,CENTAUR,15926.000865294189
429.0,18.0,0.0,0.0,CRASH,CENTAUR,15926.000865294189
430.0,18.0,0.0,0.0,CRASH,CENTAUR,15926.000865294189
431.0,18.0,0.0,0.0,CRASH,CENTAUR,15926.000865294189
432.0,19.0,0.0,0.0,CRASH,CENTAUR,15926.000865294189
433.0,19.0,21.10462040934202,1.0,NORMAL,CENTAUR,15947.10548570353
434.0,19.0,335.60431901451244,1.0,NORMAL,CENTAUR,16282.709804718043
435.0,19.0,-98.03093452080068,1.0,NORMAL,CENTAUR,16184.678870197242
436.0,19.0,327.103933905936,1.0,NORMAL,CENTAUR,16511.78280410318
437.0,19.0,451.7390738993593,1.0,NORMAL,CENTAUR,16963.52187800254
438.0,19.0,387.43455658745916,1.0,NORMAL,CENTAUR,17350.95643459
439.0,19.0,-139.19760889861294,1.0,NORMAL,CENTAUR,17211.758825691388
440.0,19.0,-147.88802039569896,1.0,NORMAL,CENTAUR,17063.87080529569
441.0,19.0,-84.41557123703873,1.0,NORMAL,CENTAUR,16979.455234058652
442.0,19.0,11.100649855474806,1.0,NORMAL,CENTAUR,16990.555883914127
443.0,19.0,0.0,1.0,NORMAL,CENTAUR,16990.555883914127
444.0,19.0,575.1015620901699,1.0,NORMAL,CENTAUR,17565.657446004298
445.0,19.0,53.40754406845018,1.0,NORMAL,CENTAUR,17619.064990072748
446.0,19.0,539.6883604337108,1.0,NORMAL,CENTAUR,18158.753350506457
447.0,19.0,5.093321732636318,1.0,NORMAL,CENTAUR,18163.84667223909
448.0,19.0,1017.7302229757207,1.0,NORMAL,CENTAUR,19181.576895214814
449.0,19.0,8.126600766190636,1.0,NORMAL,CENTAUR,19189.703495981004
450.0,19.0,16.04529013904809,1.0,NORMAL,CENTAUR,19205.748786120053
451.0,19.0,7.165647796079056,1.0,NORMAL,CENTAUR,19212.914433916132
452.0,19.0,23.48891046018178,1.0,NORMAL,CENTAUR,19236.403344376315
453.0,19.0,14.7764419754589,1.0,NORMAL,CENTAUR,19251.179786351775
454.0,19.0,13.02746216935224,1.0,NORMAL,CENTAUR,19264.20724852113
455.0,19.0,11.183813218321463,1.0,NORMAL,CENTAUR,19275.39106173945
456.0,20.0,2.34072,1.0,NORMAL,CENTAUR,19277.73178173945
457.0,20.0,4.954175802517149,1.0,NORMAL,CENTAUR,19282.68595754197
458.0,20.0,507.39094753674436,1.0,NORMAL,CENTAUR,19790.076905078713
459.0,20.0,509.3990131588081,1.0,NORMAL,CENTAUR,20299.47591823752
460.0,20.0,507.3520783934281,1.0,NORMAL,CENTAUR,20806.82799663095
461.0,20.0,5.310798510802612,1.0,NORMAL,CENTAUR,20812.138795141753
462.0,20.0,10.189838916864769,1.0,NORMAL,CENTAUR,20822.328634058616
463.0,20.0,8.83597618098001,1.0,NORMAL,CENTAUR,20831.164610239597
464.0,20.0,6.39724384166563,1.0,NORMAL,CENTAUR,20837.56185408126
465.0,20.0,511.1421787540047,1.0,NORMAL,CENTAUR,21348.704032835267
466.0,20.0,5.880734333951207,1.0,NORMAL,CENTAUR,21354.584767169217
467.0,20.0,9.526244930064971,1.0,NORMAL,CENTAUR,21364.11101209928
468.0,20.0,620.393363141544,1.3,HOLIDAY,CENTAUR,21984.504375240827
469.0,20.0,21.299255495917084,1.3,HOLIDAY,CENTAUR,22005.803630736744
470.0,20.0,649.9289340666032,1.3,HOLIDAY,CENTAUR,22655.732564803347
471.0,20.0,20.906958812327836,1.3,HOLIDAY,CENTAUR,22676.639523615675
472.0,20.0,617.4059252578851,1.3,HOLIDAY,CENTAUR,23294.04544887356
473.0,20.0,21.232627735637454,1.3,HOLIDAY,CENTAUR,23315.278076609196
474.0,20.0,623.2482590824354,1.3,HOLIDAY,CENTAUR,23938.526335691633
475.0,20.0,659.0261493437672,1.3,HOLIDAY,CENTAUR,24597.5524850354
476.0,20.0,0.0,1.3,HOLIDAY,CENTAUR,24597.5524850354
477.0,20.0,0.0,1.3,HOLIDAY,CENTAUR,24597.5524850354
478.0,20.0,1335.3721315295106,1.3,HOLIDAY,CENTAUR,25932.924616564913
479.0,20.0,1859.9283126226808,1.3,HOLIDAY,CENTAUR,27792.852929187593
480.0,21.0,1227.9416,1.3,HOLIDAY,CENTAUR,29020.794529187595
481.0,21.0,54.13694823271088,1.3,HOLIDAY,CENTAUR,29074.931477420305
482.0,21.0,578.7720150988245,1.3,HOLIDAY,CENTAUR,29653.70349251913
483.0,21.0,498.6119094444757,1.3,HOLIDAY,CENTAUR,30152.315401963606
484.0,21.0,0.0,1.3,HOLIDAY,CENTAUR,30152.315401963606
485.0,21.0,0.0,1.3,HOLIDAY,CENTAUR,30152.315401963606
486.0,21.0,676.0858248836238,1.3,HOLIDAY,CENTAUR,30828.40122684723
487.0,21.0,679.1668200215177,1.3,HOLIDAY,CENTAUR,31507.568046868746
488.0,21.0,710.6090847454903,1.3,HOLIDAY,CENTAUR,32218.177131614237
489.0,21.0,1323.7636067154046,1.3,HOLIDAY,CENTAUR,33541.94073832964
490.0,21.0,701.1198773183237,1.3,HOLIDAY,CENTAUR,34243.06061564796
491.0,21.0,2023.5780491090813,1.3,HOLIDAY,CENTAUR,36266.63866475705
492.0,21.0,1338.3191412611332,1.3,HOLIDAY,CENTAUR,37604.95780601818
493.0,21.0,1685.428769588725,1.3,HOLIDAY,CENTAUR,39290.386575606906
494.0,21.0,111.27365208402844,1.3,HOLIDAY,CENTAUR,39401.66022769093
495.0,21.0,712.0855836049399,1.3,HOLIDAY,CENTAUR,40113.74581129587
496.0,21.0,0.0,1.3,HOLIDAY,CENTAUR,40113.74581129587
497.0,21.0,0.0,1.3,HOLIDAY,CENTAUR,40113.74581129587
498.0,21.0,46.470380802711176,1.3,HOLIDAY,CENTAUR,40160.21619209858
499.0,21.0,0.0,1.3,HOLIDAY,CENTAUR,40160.21619209858
500.0,21.0,0.0,1.3,HOLIDAY,CENTAUR,40160.21619209858
501.0,21.0,0.0,1.3,HOLIDAY,CENTAUR,40160.21619209858
502.0,21.0,0.0,1.3,HOLIDAY,CENTAUR,40160.21619209858
503.0,21.0,0.0,1.3,HOLIDAY,CENTAUR,40160.21619209858
504.0,22.0,621.6237,1.3,HOLIDAY,CENTAUR,40781.83989209858
505.0,22.0,1258.8136155812451,1.3,HOLIDAY,CENTAUR,42040.653507679825
506.0,22.0,1260.9396667253166,1.3,HOLIDAY,CENTAUR,43301.59317440514
507.0,22.0,51.716613158510995,1.3,HOLIDAY,CENTAUR,43353.30978756365
508.0,22.0,441.8308426696776,1.3,HOLIDAY,CENTAUR,43795.14063023333
509.0,22.0,2462.8504934431553,1.3,HOLIDAY,CENTAUR,46257.99112367648
510.0,22.0,1304.5497151131326,1.3,HOLIDAY,CENTAUR,47562.54083878962
511.0,22.0,1317.5675268163104,1.3,HOLIDAY,CENTAUR,48880.10836560593
512.0,22.0,60.93008303978225,1.3,HOLIDAY,CENTAUR,48941.03844864571
513.0,22.0,-3.271795972377973,1.3,HOLIDAY,CENTAUR,48937.76665267333
514.0,22.0,65.35449794643948,1.3,HOLIDAY,CENTAUR,49003.12115061977
515.0,22.0,1046.7639000843649,1.3,HOLIDAY,CENTAUR,50049.885050704135
516.0,22.0,653.7309404329268,1.3,HOLIDAY,CENTAUR,50703.61599113706
517.0,22.0,716.9052829771063,1.3,HOLIDAY,CENTAUR,51420.52127411417
518.0,22.0,124.56618284843461,1.3,HOLIDAY,CENTAUR,51545.08745696261
519.0,22.0,-355.5119367863302,1.3,HOLIDAY,CENTAUR,51189.57552017628
520.0,22.0,8.491191065060036,1.3,HOLIDAY,CENTAUR,51198.06671124134
521.0,22.0,0.0,1.3,HOLIDAY,CENTAUR,51198.06671124134
522.0,22.0,0.0,1.3,HOLIDAY,CENTAUR,51198.06671124134
523.0,22.0,0.0,1.3,HOLIDAY,CENTAUR,51198.06671124134
524.0,22.0,0.0,1.3,HOLIDAY,CENTAUR,51198.06671124134
525.0,22.0,0.0,1.3,HOLIDAY,CENTAUR,51198.06671124134
526.0,22.0,0.0,1.3,HOLIDAY,CENTAUR,51198.06671124134
527.0,22.0,0.0,1.3,HOLIDAY,CENTAUR,51198.06671124134
528.0,23.0,0.0,1.3,HOLIDAY,CENTAUR,51198.06671124134
529.0,23.0,676.9870932644017,1.3,HOLIDAY,CENTAUR,51875.05380450575
530.0,23.0,1870.2460652685322,1.3,HOLIDAY,CENTAUR,53745.29986977428
531.0,23.0,637.9278349142701,1.3,HOLIDAY,CENTAUR,54383.22770468855
532.0,23.0,1296.3271829767345,1.3,HOLIDAY,CENTAUR,55679.55488766528
533.0,23.0,478.7098877960818,1.3,HOLIDAY,CENTAUR,56158.264775461364
534.0,23.0,1877.453825562563,1.3,HOLIDAY,CENTAUR,58035.718601023924
535.0,23.0,1858.8253956322826,1.3,HOLIDAY,CENTAUR,59894.543996656204
536.0,23.0,-50.31933960756308,1.3,HOLIDAY,CENTAUR,59844.22465704864
537.0,23.0,1325.168255427077,1.3,HOLIDAY,CENTAUR,61169.39291247571
538.0,23.0,93.48518667880289,1.3,HOLIDAY,CENTAUR,61262.87809915451
539.0,23.0,94.2871554418893,1.3,HOLIDAY,CENTAUR,61357.1652545964
540.0,23.0,2401.7740240872736,1.3,HOLIDAY,CENTAUR,63758.939278683676
541.0,23.0,1803.5315887780812,1.3,HOLIDAY,CENTAUR,65562.47086746176
542.0,23.0,1765.29660777683,1.3,HOLIDAY,CENTAUR,67327.7674752386
543.0,23.0,1304.7282636357781,1.3,HOLIDAY,CENTAUR,68632.49573887438
544.0,23.0,0.0,1.3,HOLIDAY,CENTAUR,68632.49573887438
545.0,23.0,0.0,1.3,HOLIDAY,CENTAUR,68632.49573887438
546.0,23.0,0.0,1.3,HOLIDAY,CENTAUR,68632.49573887438
547.0,23.0,0.0,1.3,HOLIDAY,CENTAUR,68632.49573887438
548.0,23.0,0.0,1.3,HOLIDAY,CENTAUR,68632.49573887438
549.0,23.0,0.0,1.3,HOLIDAY,CENTAUR,68632.49573887438
550.0,23.0,0.0,1.3,HOLIDAY,CENTAUR,68632.49573887438
551.0,23.0,0.0,1.3,HOLIDAY,CENTAUR,68632.49573887438
552.0,24.0,1274.3826,1.3,HOLIDAY,CENTAUR,69906.87833887438
553.0,24.0,1851.6317184607722,1.3,HOLIDAY,CENTAUR,71758.51005733515
554.0,24.0,534.7046579161082,1.3,HOLIDAY,CENTAUR,72293.21471525126
555.0,24.0,1058.8852197838287,1.3,HOLIDAY,CENTAUR,73352.09993503509
556.0,24.0,60.32736493217243,1.3,HOLIDAY,CENTAUR,73412.42729996727
557.0,24.0,582.6713596156773,1.3,HOLIDAY,CENTAUR,73995.09865958295
558.0,24.0,0.0,1.3,HOLIDAY,CENTAUR,73995.09865958295
559.0,24.0,0.0,1.3,HOLIDAY,CENTAUR,73995.09865958295
560.0,24.0,693.5672397456592,1.3,HOLIDAY,CENTAUR,74688.66589932861
561.0,24.0,1903.4890288484073,1.3,HOLIDAY,CENTAUR,76592.15492817701
562.0,24.0,1295.6473207375402,1.3,HOLIDAY,CENTAUR,77887.80224891455
563.0,24.0,69.95564581990807,1.3,HOLIDAY,CENTAUR,77957.75789473446
564.0,24.0,-12.3851997724698,1.3,HOLIDAY,CENTAUR,77945.37269496199
565.0,24.0,1617.8748013209924,1.3,HOLIDAY,CENTAUR,79563.24749628299
566.0,24.0,3523.7965559654494,1.3,HOLIDAY,CENTAUR,83087.04405224844
567.0,24.0,934.1060459204243,1.3,HOLIDAY,CENTAUR,84021.15009816887
568.0,24.0,1276.5251070592094,1.3,HOLIDAY,CENTAUR,85297.67520522808
569.0,24.0,0.0,1.3,HOLIDAY,CENTAUR,85297.67520522808
570.0,24.0,0.0,1.3,HOLIDAY,CENTAUR,85297.67520522808
571.0,24.0,0.0,1.3,HOLIDAY,CENTAUR,85297.67520522808
572.0,24.0,0.0,1.3,HOLIDAY,CENTAUR,85297.67520522808
573.0,24.0,0.0,1.3,HOLIDAY,CENTAUR,85297.67520522808
574.0,24.0,0.0,1.3,HOLIDAY,CENTAUR,85297.67520522808
575.0,24.0,0.0,1.3,HOLIDAY,CENTAUR,85297.67520522808
576.0,25.0,546.617,1.3,HOLIDAY,CENTAUR,85844.29220522808
577.0,25.0,2259.9707294481686,1.3,HOLIDAY,CENTAUR,88104.26293467624
578.0,25.0,-115.06024036676283,1.3,HOLIDAY,CENTAUR,87989.20269430948
579.0,25.0,49.41823566658483,1.3,HOLIDAY,CENTAUR,88038.62092997607
580.0,25.0,1303.66343114063,1.3,HOLIDAY,CENTAUR,89342.28436111669
581.0,25.0,691.0988901416631,1.3,HOLIDAY,CENTAUR,90033.38325125835
582.0,25.0,1870.778305823745,1.3,HOLIDAY,CENTAUR,91904.16155708209
583.0,25.0,1273.57498315255,1.3,HOLIDAY,CENTAUR,93177.73654023463
584.0,25.0,501.4451145372987,1.3,HOLIDAY,CENTAUR,93679.18165477194
585.0,25.0,47.05590309110945,1.3,HOLIDAY,CENTAUR,93726.23755786305
586.0,25.0,73.59240705192181,1.3,HOLIDAY,CENTAUR,93799.82996491497
587.0,25.0,102.40060571281225,1.3,HOLIDAY,CENTAUR,93902.23057062778
588.0,25.0,0.0,1.3,HOLIDAY,CENTAUR,93902.23057062778
589.0,25.0,0.0,1.3,HOLIDAY,CENTAUR,93902.23057062778
590.0,25.0,-31.556505377649177,1.3,HOLIDAY,CENTAUR,93870.67406525013
591.0,25.0,25.379859873395112,1.3,HOLIDAY,CENTAUR,93896.05392512353
592.0,25.0,-48.26415226728068,1.3,HOLIDAY,CENTAUR,93847.78977285625
593.0,25.0,-3.166629614728194,1.3,HOLIDAY,CENTAUR,93844.62314324152
594.0,25.0,0.0,1.3,HOLIDAY,CENTAUR,93844.62314324152
595.0,25.0,0.0,1.3,HOLIDAY,CENTAUR,93844.62314324152
596.0,25.0,2565.700406928454,1.3,HOLIDAY,CENTAUR,96410.32355016998
597.0,25.0,0.0,1.3,HOLIDAY,CENTAUR,96410.32355016998
598.0,25.0,0.0,1.3,HOLIDAY,CENTAUR,96410.32355016998
599.0,25.0,0.0,1.3,HOLIDAY,CENTAUR,96410.32355016998
600.0,26.0,0.0,1.3,HOLIDAY,CENTAUR,96410.32355016998
601.0,26.0,670.2023979735405,1.3,HOLIDAY,CENTAUR,97080.52594814352
602.0,26.0,1256.9218172158564,1.3,HOLIDAY,CENTAUR,98337.44776535938
603.0,26.0,686.6697336090446,1.3,HOLIDAY,CENTAUR,99024.11749896842
604.0,26.0,650.2936368915969,1.3,HOLIDAY,CENTAUR,99674.41113586002
605.0,26.0,1813.4495764991582,1.3,HOLIDAY,CENTAUR,101487.86071235918
606.0,26.0,470.67330566705436,1.3,HOLIDAY,CENTAUR,101958.53401802623
607.0,26.0,78.60090435373189,1.3,HOLIDAY,CENTAUR,102037.13492237996
608.0,26.0,1196.6388070354228,1.3,HOLIDAY,CENTAUR,103233.77372941539
609.0,26.0,595.6008447427492,1.3,HOLIDAY,CENTAUR,103829.37457415814
610.0,26.0,1292.57317768998,1.3,HOLIDAY,CENTAUR,105121.94775184811
611.0,26.0,1666.8269530524287,1.3,HOLIDAY,CENTAUR,106788.77470490054
612.0,26.0,1299.8904161394005,1.3,HOLIDAY,CENTAUR,108088.66512103994
613.0,26.0,645.2090116838226,1.3,HOLIDAY,CENTAUR,108733.87413272377
614.0,26.0,1933.3457230499657,1.3,HOLIDAY,CENTAUR,110667.21985577373
615.0,26.0,1349.3957825828336,1.3,HOLIDAY,CENTAUR,112016.61563835657
616.0,26.0,149.8535130544936,1.3,HOLIDAY,CENTAUR,112166.46915141106
617.0,26.0,45.04494276425259,1.3,HOLIDAY,CENTAUR,112211.51409417532
618.0,26.0,0.0,1.3,HOLIDAY,CENTAUR,112211.51409417532
619.0,26.0,0.0,1.3,HOLIDAY,CENTAUR,112211.51409417532
620.0,26.0,0.0,1.3,HOLIDAY,CENTAUR,112211.51409417532
621.0,26.0,0.0,1.3,HOLIDAY,CENTAUR,112211.51409417532
622.0,26.0,0.0,1.3,HOLIDAY,CENTAUR,112211.51409417532
623.0,26.0,0.0,1.3,HOLIDAY,CENTAUR,112211.51409417532
624.0,27.0,60.46458000000001,1.3,HOLIDAY,CENTAUR,112271.97867417532
625.0,27.0,-83.35151062307364,1.0,NORMAL,CENTAUR,112188.62716355224
626.0,27.0,0.0,1.0,NORMAL,CENTAUR,112188.62716355224
627.0,27.0,0.0,1.0,NORMAL,CENTAUR,112188.62716355224
628.0,27.0,0.0,1.0,NORMAL,CENTAUR,112188.62716355224
629.0,27.0,0.0,1.0,NORMAL,CENTAUR,112188.62716355224
630.0,27.0,962.5675774425523,1.0,NORMAL,CENTAUR,113151.19474099479
631.0,27.0,-157.87716747345826,1.0,NORMAL,CENTAUR,112993.31757352133
632.0,27.0,984.6303994850119,1.0,NORMAL,CENTAUR,113977.94797300635
633.0,27.0,-128.2416018297648,1.0,NORMAL,CENTAUR,113849.70637117658
634.0,27.0,1027.7316038522101,1.0,NORMAL,CENTAUR,114877.43797502879
635.0,27.0,-4.339955466195079,1.0,NORMAL,CENTAUR,114873.0980195626
636.0,27.0,56.27475936685706,1.0,NORMAL,CENTAUR,114929.37277892946
637.0,27.0,38.038106043820456,1.0,NORMAL,CENTAUR,114967.41088497329
638.0,27.0,0.0,1.0,NORMAL,CENTAUR,114967.41088497329
639.0,27.0,0.0,1.0,NORMAL,CENTAUR,114967.41088497329
640.0,27.0,0.0,1.0,NORMAL,CENTAUR,114967.41088497329
641.0,27.0,0.0,1.0,NORMAL,CENTAUR,114967.41088497329
642.0,27.0,0.0,1.0,NORMAL,CENTAUR,114967.41088497329
643.0,27.0,0.0,1.0,NORMAL,CENTAUR,114967.41088497329
644.0,27.0,0.0,1.0,NORMAL,CENTAUR,114967.41088497329
645.0,27.0,0.0,1.0,NORMAL,CENTAUR,114967.41088497329
646.0,27.0,0.0,1.0,NORMAL,CENTAUR,114967.41088497329
647.0,27.0,0.0,1.0,NORMAL,CENTAUR,114967.41088497329
648.0,28.0,0.0,1.0,NORMAL,CENTAUR,114967.41088497329
649.0,28.0,0.008425469051899915,1.0,NORMAL,CENTAUR,114967.41931044235
650.0,28.0,0.0,1.0,NORMAL,CENTAUR,114967.41931044235
651.0,28.0,0.0,1.0,NORMAL,CENTAUR,114967.41931044235
652.0,28.0,939.5554582036466,1.0,NORMAL,CENTAUR,115906.97476864599
653.0,28.0,-328.04952803241105,1.0,NORMAL,CENTAUR,115578.92524061358
654.0,28.0,1049.3173618143094,1.0,NORMAL,CENTAUR,116628.24260242788
655.0,28.0,317.1980928729272,1.0,NORMAL,CENTAUR,116945.44069530081
656.0,28.0,-49.75839761125966,1.0,NORMAL,CENTAUR,116895.68229768955
657.0,28.0,362.13105712938477,1.0,NORMAL,CENTAUR,117257.81335481894
658.0,28.0,300.85914699842454,1.0,NORMAL,CENTAUR,117558.67250181736
659.0,28.0,-311.14893847205764,1.0,NORMAL,CENTAUR,117247.5235633453
660.0,28.0,-187.0465151694085,1.0,NORMAL,CENTAUR,117060.47704817589
661.0,28.0,60.21730162485234,1.0,NORMAL,CENTAUR,117120.69434980075
662.0,28.0,0.0,1.0,NORMAL,CENTAUR,117120.69434980075
663.0,28.0,0.0,1.0,NORMAL,CENTAUR,117120.69434980075
664.0,28.0,0.0,1.0,NORMAL,CENTAUR,117120.69434980075
665.0,28.0,0.0,1.0,NORMAL,CENTAUR,117120.69434980075
666.0,28.0,0.0,1.0,NORMAL,CENTAUR,117120.69434980075
667.0,28.0,0.0,1.0,NORMAL,CENTAUR,117120.69434980075
668.0,28.0,0.0,1.0,NORMAL,CENTAUR,117120.69434980075
669.0,28.0,0.0,1.0,NORMAL,CENTAUR,117120.69434980075
670.0,28.0,0.0,1.0,NORMAL,CENTAUR,117120.69434980075
671.0,28.0,0.0,1.0,NORMAL,CENTAUR,117120.69434980075
672.0,29.0,5.3884,1.0,NORMAL,CENTAUR,117126.08274980074
673.0,29.0,1017.6607445739185,1.0,NORMAL,CENTAUR,118143.74349437466
674.0,29.0,6.438923399524122,1.0,NORMAL,CENTAUR,118150.18241777418
675.0,29.0,9.672083716037653,1.0,NORMAL,CENTAUR,118159.85450149022
676.0,29.0,10.687014896106882,1.0,NORMAL,CENTAUR,118170.54151638632
677.0,29.0,512.9627156733385,1.0,NORMAL,CENTAUR,118683.50423205965
678.0,29.0,513.9830367877295,1.0,NORMAL,CENTAUR,119197.48726884738
679.0,29.0,11.549053558096126,1.0,NORMAL,CENTAUR,119209.03632240547
680.0,29.0,514.0746117457508,1.0,NORMAL,CENTAUR,119723.11093415122
681.0,29.0,10.604426455240876,1.0,NORMAL,CENTAUR,119733.71536060647
682.0,29.0,14.799944646208937,1.0,NORMAL,CENTAUR,119748.51530525267
683.0,29.0,29.64409828010429,1.0,NORMAL,CENTAUR,119778.15940353277
684.0,29.0,52.157297804127225,1.0,NORMAL,CENTAUR,119830.3167013369
685.0,29.0,33.39234064349089,1.0,NORMAL,CENTAUR,119863.70904198039
686.0,29.0,32.191550516219905,1.0,NORMAL,CENTAUR,119895.9005924966
687.0,29.0,27.380086776356347,1.0,NORMAL,CENTAUR,119923.28067927295
688.0,29.0,551.7388279729599,1.0,NORMAL,CENTAUR,120475.01950724592
689.0,29.0,30.772271804020452,1.0,NORMAL,CENTAUR,120505.79177904993
690.0,29.0,1066.6408318229487,1.0,NORMAL,CENTAUR,121572.43261087289
691.0,29.0,526.1021555344543,1.0,NORMAL,CENTAUR,122098.53476640733
692.0,29.0,23.807838600419316,1.0,NORMAL,CENTAUR,122122.34260500775
693.0,29.0,48.26333371481323,1.0,NORMAL,CENTAUR,122170.60593872257
694.0,29.0,2069.691944702713,1.0,NORMAL,CENTAUR,124240.29788342529
695.0,29.0,92.03338549252211,1.0,NORMAL,CENTAUR,124332.33126891781
696.0,30.0,2038.0193,1.0,NORMAL,CENTAUR,126370.35056891781
697.0,30.0,21.744871802595892,1.0,NORMAL,CENTAUR,126392.09544072041
698.0,30.0,541.8577618511121,1.0,NORMAL,CENTAUR,126933.95320257153
699.0,30.0,22.52141606709787,1.0,NORMAL,CENTAUR,126956.47461863863
700.0,30.0,23.876400708979876,1.0,NORMAL,CENTAUR,126980.35101934761
701.0,30.0,31.886455161304955,1.0,NORMAL,CENTAUR,127012.23747450892
702.0,30.0,39.97733973186054,1.0,NORMAL,CENTAUR,127052.21481424078
703.0,30.0,34.66253254006715,1.0,NORMAL,CENTAUR,127086.87734678085
704.0,30.0,1034.2568421474057,1.0,NORMAL,CENTAUR,128121.13418892825
705.0,30.0,34.75309675446577,1.0,NORMAL,CENTAUR,128155.88728568271
706.0,30.0,546.2768807054931,1.0,NORMAL,CENTAUR,128702.1641663882
707.0,30.0,1029.4599397978811,1.0,NORMAL,CENTAUR,129731.62410618608
708.0,30.0,1562.5785348064398,1.0,NORMAL,CENTAUR,131294.20264099253
709.0,30.0,27.69119022656762,1.0,NORMAL,CENTAUR,131321.8938312191
710.0,30.0,14.943486481136732,1.0,NORMAL,CENTAUR,131336.83731770024
711.0,30.0,565.5053738824673,1.0,NORMAL,CENTAUR,131902.34269158271
712.0,30.0,-104.1586234116484,1.0,NORMAL,CENTAUR,131798.18406817107
713.0,30.0,-3.373344291655398,1.0,NORMAL,CENTAUR,131794.81072387943
714.0,30.0,495.54075116500707,1.0,NORMAL,CENTAUR,132290.35147504444
715.0,30.0,1022.0323151064755,1.0,NORMAL,CENTAUR,133312.38379015093
716.0,30.0,918.3507909020244,1.0,NORMAL,CENTAUR,134230.73458105294
717.0,30.0,1012.5844997921514,1.0,NORMAL,CENTAUR,135243.31908084507
718.0,30.0,0.0,1.0,NORMAL,CENTAUR,135243.31908084507
719.0,30.0,0.0,1.0,NORMAL,CENTAUR,135243.31908084507
720.0,31.0,24.71576,1.0,NORMAL,CENTAUR,135268.03484084507
721.0,31.0,402.03542365814536,1.0,NORMAL,CENTAUR,135670.0702645032
722.0,31.0,25.98251523600699,1.0,NORMAL,CENTAUR,135696.05277973923
723.0,31.0,9.24555704916341,1.0,NORMAL,CENTAUR,135705.2983367884
724.0,31.0,1728.6972733762484,1.0,NORMAL,CENTAUR,137433.99561016465
725.0,31.0,-200.39182961044028,1.0,NORMAL,CENTAUR,137233.6037805542
726.0,31.0,1044.6894774074835,1.0,NORMAL,CENTAUR,138278.2932579617
727.0,31.0,-204.92580377777892,1.0,NORMAL,CENTAUR,138073.3674541839
728.0,31.0,1320.364304950014,1.0,NORMAL,CENTAUR,139393.73175913392
729.0,31.0,537.3816394243709,1.0,NORMAL,CENTAUR,139931.1133985583
730.0,31.0,0.0,1.0,NORMAL,CENTAUR,139931.1133985583
731.0,31.0,0.0,1.0,NORMAL,CENTAUR,139931.1133985583
732.0,31.0,0.0,1.0,NORMAL,CENTAUR,139931.1133985583
733.0,31.0,0.0,1.0,NORMAL,CENTAUR,139931.1133985583
734.0,31.0,0.0,1.0,NORMAL,CENTAUR,139931.1133985583
735.0,31.0,0.0,1.0,NORMAL,CENTAUR,139931.1133985583
736.0,31.0,0.0,1.0,NORMAL,CENTAUR,139931.1133985583
737.0,31.0,0.0,1.0,NORMAL,CENTAUR,139931.1133985583
738.0,31.0,0.0,1.0,NORMAL,CENTAUR,139931.1133985583
739.0,31.0,0.0,1.0,NORMAL,CENTAUR,139931.1133985583
740.0,31.0,0.0,1.0,NORMAL,CENTAUR,139931.1133985583
741.0,31.0,0.0,1.0,NORMAL,CENTAUR,139931.1133985583
742.0,31.0,0.0,1.0,NORMAL,CENTAUR,139931.1133985583
743.0,31.0,0.0,1.0,NORMAL,CENTAUR,139931.1133985583
744.0,32.0,534.5078,1.0,NORMAL,CENTAUR,140465.62119855828
745.0,32.0,25.60626426908162,1.0,NORMAL,CENTAUR,140491.22746282737
746.0,32.0,-5.348428340014813,1.0,NORMAL,CENTAUR,140485.87903448736
747.0,32.0,492.3691516873574,1.0,NORMAL,CENTAUR,140978.24818617472
748.0,32.0,544.0886068802284,1.0,NORMAL,CENTAUR,141522.33679305494
749.0,32.0,431.45667991765305,1.0,NORMAL,CENTAUR,141953.79347297258
750.0,32.0,507.36054729862076,1.0,NORMAL,CENTAUR,142461.1540202712
751.0,32.0,0.19844744317498808,1.0,NORMAL,CENTAUR,142461.35246771437
752.0,32.0,460.7336070527478,1.0,NORMAL,CENTAUR,142922.0860747671
753.0,32.0,427.26024677806566,1.0,NORMAL,CENTAUR,143349.34632154516
754.0,32.0,-10.872108305396358,1.0,NORMAL,CENTAUR,143338.47421323977
755.0,32.0,-94.4178834347707,1.0,NORMAL,CENTAUR,143244.056329805
756.0,32.0,446.12770273561915,1.0,NORMAL,CENTAUR,143690.18403254062
757.0,32.0,-44.653243200335424,1.0,NORMAL,CENTAUR,143645.5307893403
758.0,32.0,553.722781131699,1.0,NORMAL,CENTAUR,144199.253570472
759.0,32.0,-8.377705666753954,1.0,NORMAL,CENTAUR,144190.87586480525
760.0,32.0,0.0,1.0,NORMAL,CENTAUR,144190.87586480525
761.0,32.0,0.0,1.0,NORMAL,CENTAUR,144190.87586480525
762.0,32.0,0.0,1.0,NORMAL,CENTAUR,144190.87586480525
763.0,32.0,0.0,1.0,NORMAL,CENTAUR,144190.87586480525
764.0,32.0,0.0,1.0,NORMAL,CENTAUR,144190.87586480525
765.0,32.0,0.0,1.0,NORMAL,CENTAUR,144190.87586480525
766.0,32.0,0.0,1.0,NORMAL,CENTAUR,144190.87586480525
767.0,32.0,0.0,1.0,NORMAL,CENTAUR,144190.87586480525
768.0,33.0,3.0824,1.0,NORMAL,CENTAUR,144193.95826480526
769.0,33.0,1.3211978020284256,1.0,NORMAL,CENTAUR,144195.2794626073
770.0,33.0,504.4827183714404,1.0,NORMAL,CENTAUR,144699.76218097872
771.0,33.0,3.6494502850990513,1.0,NORMAL,CENTAUR,144703.41163126382
772.0,33.0,4.416121857895406,1.0,NORMAL,CENTAUR,144707.8277531217
773.0,33.0,2.6485905393618157,1.0,NORMAL,CENTAUR,144710.47634366105
774.0,33.0,6.4202489328748165,1.0,NORMAL,CENTAUR,144716.89659259393
775.0,33.0,5.499711978625444,1.0,NORMAL,CENTAUR,144722.39630457255
776.0,33.0,2.474917719928205,1.0,NORMAL,CENTAUR,144724.87122229248
777.0,33.0,8.835139558912138,1.0,NORMAL,CENTAUR,144733.7063618514
778.0,33.0,4.645090069900146,1.0,NORMAL,CENTAUR,144738.3514519213
779.0,33.0,505.84830869558334,1.0,NORMAL,CENTAUR,145244.1997606169
780.0,33.0,3.220942001147595,1.0,NORMAL,CENTAUR,145247.42070261805
781.0,33.0,4.838358022280656,1.0,NORMAL,CENTAUR,145252.25906064032
782.0,33.0,510.12839431860635,1.0,NORMAL,CENTAUR,145762.38745495892
783.0,33.0,11.00074749249956,1.0,NORMAL,CENTAUR,145773.38820245143
784.0,33.0,10.486404246328053,1.0,NORMAL,CENTAUR,145783.87460669776
785.0,33.0,8.56722717225062,1.0,NORMAL,CENTAUR,145792.44183387002
786.0,33.0,6.4207998556424934,1.0,NORMAL,CENTAUR,145798.86263372566
787.0,33.0,19.42885658943602,1.0,NORMAL,CENTAUR,145818.29149031508
788.0,33.0,14.118557986799786,1.0,NORMAL,CENTAUR,145832.41004830188
789.0,33.0,28.695322586270628,1.0,NORMAL,CENTAUR,145861.10537088817
790.0,33.0,16.701603183167926,1.0,NORMAL,CENTAUR,145877.80697407134
791.0,33.0,20.66418750746449,1.0,NORMAL,CENTAUR,145898.4711615788
792.0,34.0,7.804480000000001,1.0,NORMAL,CENTAUR,145906.2756415788
793.0,34.0,6.07880741156475,1.0,NORMAL,CENTAUR,145912.35444899037
794.0,34.0,6.146245063182118,1.0,NORMAL,CENTAUR,145918.50069405357
795.0,34.0,11.636454524588629,1.0,NORMAL,CENTAUR,145930.13714857816
796.0,34.0,1009.3347555743404,1.0,NORMAL,CENTAUR,146939.4719041525
797.0,34.0,7.148223380186943,1.0,NORMAL,CENTAUR,146946.6201275327
798.0,34.0,5.7480447719867485,1.0,NORMAL,CENTAUR,146952.36817230468
799.0,34.0,9.086480660337688,1.0,NORMAL,CENTAUR,146961.454652965
800.0,34.0,7.624779118501517,1.0,NORMAL,CENTAUR,146969.07943208353
801.0,34.0,533.1393209567685,1.0,NORMAL,CENTAUR,147502.2187530403
802.0,34.0,1017.4691902659252,1.0,NORMAL,CENTAUR,148519.68794330623
803.0,34.0,23.8155432533594,1.0,NORMAL,CENTAUR,148543.50348655958
804.0,34.0,533.2588298331983,1.0,NORMAL,CENTAUR,149076.7623163928
805.0,34.0,539.2380036543772,1.0,NORMAL,CENTAUR,149616.00032004717
806.0,34.0,14.684624839848691,1.0,NORMAL,CENTAUR,149630.684944887
807.0,34.0,28.61225324051579,1.0,NORMAL,CENTAUR,149659.29719812752
808.0,34.0,1040.2425225690388,1.0,NORMAL,CENTAUR,150699.53972069657
809.0,34.0,527.5660597930457,1.0,NORMAL,CENTAUR,151227.10578048963
810.0,34.0,31.50129447298944,1.0,NORMAL,CENTAUR,151258.6070749626
811.0,34.0,32.574374152933686,1.0,NORMAL,CENTAUR,151291.18144911554
812.0,34.0,521.5507100965131,1.0,NORMAL,CENTAUR,151812.73215921206
813.0,34.0,1055.7342691423846,1.0,NORMAL,CENTAUR,152868.46642835444
814.0,34.0,61.11296676286615,1.0,NORMAL,CENTAUR,152929.5793951173
815.0,34.0,28.4623075234166,1.0,NORMAL,CENTAUR,152958.0417026407
816.0,35.0,27.52,1.0,NORMAL,CENTAUR,152985.5617026407
817.0,35.0,532.3749388296984,1.0,NORMAL,CENTAUR,153517.93664147038
818.0,35.0,533.3143699506603,1.0,NORMAL,CENTAUR,154051.25101142103
819.0,35.0,540.4453544204689,1.0,NORMAL,CENTAUR,154591.6963658415
820.0,35.0,33.56252612000509,1.0,NORMAL,CENTAUR,154625.2588919615
821.0,35.0,39.822323192423866,1.0,NORMAL,CENTAUR,154665.08121515394
822.0,35.0,24.97940828390402,1.0,NORMAL,CENTAUR,154690.06062343784
823.0,35.0,45.306809464992305,1.0,NORMAL,CENTAUR,154735.36743290283
824.0,35.0,-56.77461461982353,1.0,NORMAL,CENTAUR,154678.592818283
825.0,35.0,516.6203669291837,1.0,NORMAL,CENTAUR,155195.2131852122
826.0,35.0,998.2012637788429,1.0,NORMAL,CENTAUR,156193.41444899104
827.0,35.0,-109.68027855653868,1.0,NORMAL,CENTAUR,156083.7341704345
828.0,35.0,-72.0117827959585,1.0,NORMAL,CENTAUR,156011.72238763855
829.0,35.0,53.06503905070593,1.0,NORMAL,CENTAUR,156064.78742668926
830.0,35.0,31.39330715411811,1.0,NORMAL,CENTAUR,156096.1807338434
831.0,35.0,-238.4499121229213,1.0,NORMAL,CENTAUR,155857.73082172047
832.0,35.0,558.1624548403582,1.0,NORMAL,CENTAUR,156415.89327656082
833.0,35.0,11.61716001144736,1.0,NORMAL,CENTAUR,156427.51043657228
834.0,35.0,54.459861771947814,1.0,NORMAL,CENTAUR,156481.97029834424
835.0,35.0,0.0,1.0,NORMAL,CENTAUR,156481.97029834424
836.0,35.0,0.0,1.0,NORMAL,CENTAUR,156481.97029834424
837.0,35.0,0.0,1.0,NORMAL,CENTAUR,156481.97029834424
838.0,35.0,0.0,1.0,NORMAL,CENTAUR,156481.97029834424
839.0,35.0,0.0,1.0,NORMAL,CENTAUR,156481.97029834424
840.0,36.0,32.6216,1.0,NORMAL,CENTAUR,156514.59189834425
841.0,36.0,15.784555304058085,1.0,NORMAL,CENTAUR,156530.37645364832
842.0,36.0,30.637923009900952,1.0,NORMAL,CENTAUR,156561.01437665822
843.0,36.0,512.6222539335566,1.0,NORMAL,CENTAUR,157073.63663059176
844.0,36.0,3.935058983508667,1.0,NORMAL,CENTAUR,157077.57168957527
845.0,36.0,13.431739823358589,1.0,NORMAL,CENTAUR,157091.00342939864
846.0,36.0,5.65861267511001,1.0,NORMAL,CENTAUR,157096.66204207376
847.0,36.0,4.554626897412376,1.0,NORMAL,CENTAUR,157101.21666897117
848.0,36.0,5.621530500269775,1.0,NORMAL,CENTAUR,157106.83819947144
849.0,36.0,4.842384373304329,1.0,NORMAL,CENTAUR,157111.68058384475
850.0,36.0,507.3266115265551,1.0,NORMAL,CENTAUR,157619.0071953713
851.0,36.0,1.9657835141870466,1.0,NORMAL,CENTAUR,157620.9729788855
852.0,36.0,507.61626790999924,1.0,NORMAL,CENTAUR,158128.58924679548
853.0,36.0,504.19163457326437,1.0,NORMAL,CENTAUR,158632.78088136876
854.0,36.0,6.712994098242623,1.0,NORMAL,CENTAUR,158639.49387546701
855.0,36.0,5.56093107450457,1.0,NORMAL,CENTAUR,158645.0548065415
856.0,36.0,513.1466204569067,1.0,NORMAL,CENTAUR,159158.20142699842
857.0,36.0,12.097730233020396,1.0,NORMAL,CENTAUR,159170.29915723143
858.0,36.0,12.939750112135554,1.0,NORMAL,CENTAUR,159183.23890734356
859.0,36.0,513.5558350914564,1.0,NORMAL,CENTAUR,159696.794742435
860.0,36.0,523.0939746265349,1.0,NORMAL,CENTAUR,160219.88871706155
861.0,36.0,10.96579109101392,1.0,NORMAL,CENTAUR,160230.85450815255
862.0,36.0,5.359809667824563,1.0,NORMAL,CENTAUR,160236.21431782038
863.0,36.0,14.660744882273438,1.0,NORMAL,CENTAUR,160250.87506270266
864.0,37.0,6.1228,1.0,NORMAL,CENTAUR,160256.99786270267
865.0,37.0,2.4666403196342186,1.0,NORMAL,CENTAUR,160259.46450302232
866.0,37.0,13.197132256875886,1.0,NORMAL,CENTAUR,160272.6616352792
867.0,37.0,7.007571623150639,1.0,NORMAL,CENTAUR,160279.66920690233
868.0,37.0,5.259306724629568,1.0,NORMAL,CENTAUR,160284.92851362695
869.0,37.0,513.4123814651593,1.0,NORMAL,CENTAUR,160798.34089509211
870.0,37.0,8.84564740017197,1.0,NORMAL,CENTAUR,160807.18654249227
871.0,37.0,16.582030145409238,1.0,NORMAL,CENTAUR,160823.7685726377
872.0,37.0,7.720786796235931,1.0,NORMAL,CENTAUR,160831.48935943394
873.0,37.0,20.70735834120032,1.0,NORMAL,CENTAUR,160852.19671777514
874.0,37.0,16.513885826708197,1.0,NORMAL,CENTAUR,160868.71060360185
875.0,37.0,17.13491846445669,1.0,NORMAL,CENTAUR,160885.84552206632
876.0,37.0,11.594985562175546,1.0,NORMAL,CENTAUR,160897.4405076285
877.0,37.0,12.134398391399275,1.0,NORMAL,CENTAUR,160909.5749060199
878.0,37.0,22.45693695288265,1.0,NORMAL,CENTAUR,160932.0318429728
879.0,37.0,1023.74073550407,1.0,NORMAL,CENTAUR,161955.77257847687
880.0,37.0,22.940057929267255,1.0,NORMAL,CENTAUR,161978.71263640613
881.0,37.0,11.238078549240718,1.0,NORMAL,CENTAUR,161989.95071495537
882.0,37.0,15.02928013024337,1.0,NORMAL,CENTAUR,162004.97999508562
883.0,37.0,522.3830188179754,1.0,NORMAL,CENTAUR,162527.3630139036
884.0,37.0,8.106195279831786,1.0,NORMAL,CENTAUR,162535.46920918344
885.0,37.0,26.62002408382448,1.0,NORMAL,CENTAUR,162562.08923326727
886.0,37.0,28.556046133555213,1.0,NORMAL,CENTAUR,162590.6452794008
887.0,37.0,22.50412302692616,1.0,NORMAL,CENTAUR,162613.14940242772
