hour,day,opti_function,volatility,event,source,cumulative_f
168.0,8.0,0.0,1.0,NORMAL,IB,0.0
169.0,8.0,0.8425469051899914,1.0,NORMAL,IB,0.8425469051899914
170.0,8.0,0.4434520247606145,1.0,NORMAL,IB,1.285998929950606
171.0,8.0,2.799445359200479,1.0,NORMAL,IB,4.085444289151085
172.0,8.0,3.238489362456631,1.0,NORMAL,IB,7.323933651607716
173.0,8.0,3.7447938217197905,1.0,NORMAL,IB,11.068727473327506
174.0,8.0,3.6070945740284595,1.0,NORMAL,IB,14.675822047355965
175.0,8.0,7.5021536940727955,1.0,NORMAL,IB,22.17797574142876
176.0,8.0,5.77672099304595,1.0,NORMAL,IB,27.95469673447471
177.0,8.0,13.339680243401247,1.0,NORMAL,IB,41.294376977875956
178.0,8.0,10.265078838166485,1.0,NORMAL,IB,51.559455816042444
179.0,8.0,20.728724376022114,1.0,NORMAL,IB,72.28818019206456
180.0,8.0,-409.92869338662024,1.0,NORMAL,IB,-337.6405131945557
181.0,8.0,-185.62484970079078,1.0,NORMAL,IB,-523.2653628953465
182.0,8.0,-11.233063195990598,1.0,NORMAL,IB,-534.498426091337
183.0,8.0,-49.66432236633505,1.0,NORMAL,IB,-584.162748457672
184.0,8.0,44.84534305652404,1.0,NORMAL,IB,-539.317405401148
185.0,8.0,32.20783153660142,1.0,NORMAL,IB,-507.1095738645466
186.0,8.0,25.97036602505855,1.0,NORMAL,IB,-481.13920783948805
187.0,8.0,14.494871945130058,1.0,NORMAL,IB,-466.644335894358
188.0,8.0,6.490754917324294,1.0,NORMAL,IB,-460.1535809770337
189.0,8.0,4.397750587934196,1.0,NORMAL,IB,-455.7558303890995
190.0,8.0,5.752350034155322,1.0,NORMAL,IB,-450.0034803549442
191.0,8.0,2.407347271309267,1.0,NORMAL,IB,-447.5961330836349
192.0,9.0,1.2,1.0,NORMAL,IB,-446.39613308363494
193.0,9.0,1.2638203577849871,1.0,NORMAL,IB,-445.13231272584994
194.0,9.0,3.547616198084916,1.0,NORMAL,IB,-441.584696527765
195.0,9.0,1.8662969061336527,1.0,NORMAL,IB,-439.71839962163136
196.0,9.0,4.416121857895406,1.0,NORMAL,IB,-435.30227776373596
197.0,9.0,2.579059105867624,1.0,NORMAL,IB,-432.72321865786836
198.0,9.0,2.168050833375483,1.0,NORMAL,IB,-430.55516782449286
199.0,9.0,4.554626897412376,1.0,NORMAL,IB,-426.00054092708046
200.0,9.0,1.7934186376291341,1.0,NORMAL,IB,-424.2071222894513
201.0,9.0,2.5099828292364026,1.0,NORMAL,IB,-421.69713946021494
202.0,9.0,1.9753451945823202,1.0,NORMAL,IB,-419.72179426563264
203.0,9.0,4.835026211985005,1.0,NORMAL,IB,-414.88676805364764
204.0,9.0,506.5948850828005,1.0,NORMAL,IB,91.70811702915285
205.0,9.0,2.278303887433993,1.0,NORMAL,IB,93.98642091658684
206.0,9.0,3.9800045641393886,1.0,NORMAL,IB,97.96642548072623
207.0,9.0,3.3364919148644447,1.0,NORMAL,IB,101.30291739559067
208.0,9.0,5.243202123164027,1.0,NORMAL,IB,106.5461195187547
209.0,9.0,4.57651024158687,1.0,NORMAL,IB,111.12262976034157
210.0,9.0,9.48915008223274,1.0,NORMAL,IB,120.61177984257431
211.0,9.0,9.714227587536449,1.0,NORMAL,IB,130.32600743011076
212.0,9.0,9.787396187724225,1.0,NORMAL,IB,140.113403617835
213.0,9.0,514.0490131591183,1.0,NORMAL,IB,654.1624167769533
214.0,9.0,517.7221611248126,1.0,NORMAL,IB,1171.8845779017659
215.0,9.0,527.3309963020452,1.0,NORMAL,IB,1699.215574203811
216.0,10.0,-341.37086000000005,1.0,NORMAL,IB,1357.844714203811
217.0,10.0,-384.4779208280148,1.0,NORMAL,IB,973.3667933757962
218.0,10.0,-243.08924958694269,1.0,NORMAL,IB,730.2775437888536
219.0,10.0,471.53032500576785,1.0,NORMAL,IB,1201.8078687946213
220.0,10.0,-29.022146819864794,1.0,NORMAL,IB,1172.7857219747566
221.0,10.0,-15.918929040939593,1.0,NORMAL,IB,1156.866792933817
222.0,10.0,0.0,1.0,NORMAL,IB,1156.866792933817
223.0,10.0,0.0,1.0,NORMAL,IB,1156.866792933817
224.0,10.0,0.0,1.0,NORMAL,IB,1156.866792933817
225.0,10.0,0.0,1.0,NORMAL,IB,1156.866792933817
226.0,10.0,0.0,1.0,NORMAL,IB,1156.866792933817
227.0,10.0,0.0,1.0,NORMAL,IB,1156.866792933817
228.0,10.0,0.0,1.0,NORMAL,IB,1156.866792933817
229.0,10.0,0.0,1.0,NORMAL,IB,1156.866792933817
230.0,10.0,0.0,1.0,NORMAL,IB,1156.866792933817
231.0,10.0,0.0,1.0,NORMAL,IB,1156.866792933817
232.0,10.0,0.0,1.0,NORMAL,IB,1156.866792933817
233.0,10.0,0.0,1.0,NORMAL,IB,1156.866792933817
234.0,10.0,0.0,1.0,NORMAL,IB,1156.866792933817
235.0,10.0,0.0,1.0,NORMAL,IB,1156.866792933817
236.0,10.0,0.0,1.0,NORMAL,IB,1156.866792933817
237.0,10.0,0.0,1.0,NORMAL,IB,1156.866792933817
238.0,10.0,0.0,1.0,NORMAL,IB,1156.866792933817
239.0,10.0,0.0,1.0,NORMAL,IB,1156.866792933817
240.0,11.0,1.2,1.0,NORMAL,IB,1158.066792933817
241.0,11.0,2.5276407155699743,1.0,NORMAL,IB,1160.594433649387
242.0,11.0,3.1041641733243015,1.0,NORMAL,IB,1163.6985978227112
243.0,11.0,4.199168038800718,1.0,NORMAL,IB,1167.897765861512
244.0,11.0,1.6192446812283157,1.0,NORMAL,IB,1169.5170105427403
245.0,11.0,4.993058428959721,1.0,NORMAL,IB,1174.5100689717
246.0,11.0,5.771351318445535,1.0,NORMAL,IB,1180.2814202901457
247.0,11.0,504.8998852081496,1.0,NORMAL,IB,1685.1813054982954
248.0,11.0,14.826789683492596,1.0,NORMAL,IB,1700.008095181788
249.0,11.0,16.141197578253458,1.0,NORMAL,IB,1716.1492927600414
250.0,11.0,525.5739698490274,1.0,NORMAL,IB,2241.723262609069
251.0,11.0,26.01313173850961,1.0,NORMAL,IB,2267.7363943475784
252.0,11.0,-326.4706209982025,1.0,NORMAL,IB,1941.2657733493759
253.0,11.0,29.480947687922423,1.0,NORMAL,IB,1970.7467210372984
254.0,11.0,323.1317985411911,1.0,NORMAL,IB,2293.8785195784894
255.0,11.0,819.1104480143484,1.0,NORMAL,IB,3112.988967592838
256.0,11.0,-38.73496956316362,1.0,NORMAL,IB,3074.253998029674
257.0,11.0,509.94386826122036,1.0,NORMAL,IB,3584.1978662908946
258.0,11.0,502.41380341894177,1.0,NORMAL,IB,4086.6116697098364
259.0,11.0,44.98550413910087,1.0,NORMAL,IB,4131.597173848937
260.0,11.0,0.0,1.0,NORMAL,IB,4131.597173848937
261.0,11.0,0.0,1.0,NORMAL,IB,4131.597173848937
262.0,11.0,0.0,1.0,NORMAL,IB,4131.597173848937
263.0,11.0,0.0,1.0,NORMAL,IB,4131.597173848937
264.0,12.0,13.49576,1.0,NORMAL,IB,4145.092933848937
265.0,12.0,21.96646163866086,1.0,NORMAL,IB,4167.059395487598
266.0,12.0,11.79263100405407,1.0,NORMAL,IB,4178.8520264916515
267.0,12.0,509.60513286242093,1.0,NORMAL,IB,4688.457159354072
268.0,12.0,5.268335240427933,1.0,NORMAL,IB,4693.725494594501
269.0,12.0,512.5625611519399,1.0,NORMAL,IB,5206.2880557464405
270.0,12.0,6.4499512292920596,1.0,NORMAL,IB,5212.738006975733
271.0,12.0,8.710723941301168,1.0,NORMAL,IB,5221.448730917034
272.0,12.0,3.8618281330280695,1.0,NORMAL,IB,5225.310559050062
273.0,12.0,10.590119553114228,1.0,NORMAL,IB,5235.900678603176
274.0,12.0,6.717885627415193,1.0,NORMAL,IB,5242.618564230591
275.0,12.0,5.990183045831251,1.0,NORMAL,IB,5248.608747276422
276.0,12.0,503.47237186822156,1.0,NORMAL,IB,5752.081119144644
277.0,12.0,7.037832595209433,1.0,NORMAL,IB,5759.118951739853
278.0,12.0,2.231349758839107,1.0,NORMAL,IB,5761.350301498693
279.0,12.0,18.390576610137078,1.0,NORMAL,IB,5779.74087810883
280.0,12.0,12.553099749875207,1.0,NORMAL,IB,5792.293977858705
281.0,12.0,1022.184146695325,1.0,NORMAL,IB,6814.47812455403
282.0,12.0,38.18088933087464,1.0,NORMAL,IB,6852.659013884904
283.0,12.0,562.6102132651309,1.0,NORMAL,IB,7415.2692271500355
284.0,12.0,40.09523399938776,1.0,NORMAL,IB,7455.364461149423
285.0,12.0,357.06253583391174,1.0,NORMAL,IB,7812.426996983335
286.0,12.0,-34.216844049771396,1.0,NORMAL,IB,7778.210152933563
287.0,12.0,148.1836128038846,1.0,NORMAL,IB,7926.393765737448
288.0,13.0,-320.80092,0.0,CRASH,IB,7605.592845737448
289.0,13.0,-278.65782129121635,0.0,CRASH,IB,7326.935024446232
290.0,13.0,-505.35312216166176,0.0,CRASH,IB,6821.58190228457
291.0,13.0,-236.5827369068486,0.0,CRASH,IB,6584.9991653777215
292.0,13.0,-99.88383808745512,0.0,CRASH,IB,6485.115327290267
293.0,13.0,-40.35538713078428,0.0,CRASH,IB,6444.7599401594825
294.0,13.0,-22.649299139011546,0.0,CRASH,IB,6422.110641020471
295.0,13.0,-11.918983229920515,0.0,CRASH,IB,6410.19165779055
296.0,13.0,-2.991224850172179,0.0,CRASH,IB,6407.200432940378
297.0,13.0,-9.329948487709208,0.0,CRASH,IB,6397.870484452669
298.0,13.0,-9.70138077832928,0.0,CRASH,IB,6388.16910367434
299.0,13.0,-8.407180302835721,0.0,CRASH,IB,6379.761923371504
300.0,13.0,-0.034974425414002565,0.0,CRASH,IB,6379.7269489460905
301.0,13.0,-7.275477033157315,0.0,CRASH,IB,6372.451471912933
302.0,13.0,-9.460009128278777,0.0,CRASH,IB,6362.991462784654
303.0,13.0,-15.74596765945778,0.0,CRASH,IB,6347.245495125196
304.0,13.0,-6.143202123164027,0.0,CRASH,IB,6341.102293002032
305.0,13.0,-6.3918122899042435,0.0,CRASH,IB,6334.710480712128
306.0,13.0,-6.651000049838024,0.0,CRASH,IB,6328.059480662289
307.0,13.0,-9.228287262426818,0.0,CRASH,IB,6318.831193399863
308.0,13.0,-9.6039035635713,0.0,CRASH,IB,6309.227289836292
309.0,13.0,-9.995501175868393,0.0,CRASH,IB,6299.231788660423
310.0,13.0,-18.2065800956349,0.0,CRASH,IB,6281.025208564788
311.0,13.0,-8.122041813927803,0.0,CRASH,IB,6272.903166750861
312.0,14.0,0.0,0.0,CRASH,IB,6272.903166750861
313.0,14.0,-6.855281431139948,0.0,CRASH,IB,6266.047885319721
314.0,14.0,-7.1214242971273745,0.0,CRASH,IB,6258.926461022594
315.0,14.0,-8.632039171467785,0.0,CRASH,IB,6250.294421851126
316.0,14.0,-5.637985816608842,0.0,CRASH,IB,6244.656436034516
317.0,14.0,-8.05632303619965,0.0,CRASH,IB,6236.600112998317
318.0,14.0,-16.57924046650245,0.0,CRASH,IB,6220.020872531814
319.0,14.0,-18.95717965680072,0.0,CRASH,IB,6201.063692875014
320.0,14.0,-16.861235357935556,0.0,CRASH,IB,6184.202457517078
321.0,14.0,-24.7927831146726,0.0,CRASH,IB,6159.4096744024055
322.0,14.0,-25.207421055692247,0.0,CRASH,IB,6134.202253346713
323.0,14.0,-46.85624241261249,0.0,CRASH,IB,6087.346010934101
324.0,14.0,0.0,0.0,CRASH,IB,6087.346010934101
325.0,14.0,-3.6377385165786573,0.0,CRASH,IB,6083.7082724175225
326.0,14.0,-16.64961606577065,0.0,CRASH,IB,6067.058656351752
327.0,14.0,-21.434198476436897,0.0,CRASH,IB,6045.624457875315
328.0,14.0,-24.52980607779396,0.0,CRASH,IB,6021.094651797521
329.0,14.0,-12.478095952351067,0.0,CRASH,IB,6008.616555845169
330.0,14.0,-28.564271614041022,0.0,CRASH,IB,5980.052284231128
331.0,14.0,-57.21907234195124,0.0,CRASH,IB,5922.833211889177
332.0,14.0,-46.788297381006664,0.0,CRASH,IB,5876.04491450817
333.0,14.0,-69.63565804192233,0.0,CRASH,IB,5806.409256466248
334.0,14.0,-47.22318707605235,0.0,CRASH,IB,5759.186069390195
335.0,14.0,-13.763612057882055,0.0,CRASH,IB,5745.422457332314
336.0,15.0,0.0,0.0,CRASH,IB,5745.422457332314
337.0,15.0,-7.99782833632994,0.0,CRASH,IB,5737.424628995984
338.0,15.0,-5.9345202476061445,0.0,CRASH,IB,5731.490108748378
339.0,15.0,-2.466296906133653,0.0,CRASH,IB,5729.023811842244
340.0,15.0,-10.250883302925168,0.0,CRASH,IB,5718.772928539319
341.0,15.0,-5.326494569388199,0.0,CRASH,IB,5713.446433969931
342.0,15.0,-12.456228750189673,0.0,CRASH,IB,5700.990205219741
343.0,15.0,-5.754626897412376,0.0,CRASH,IB,5695.235578322329
344.0,15.0,-4.486837275258268,0.0,CRASH,IB,5690.748741047071
345.0,15.0,-10.884939902327408,0.0,CRASH,IB,5679.863801144744
346.0,15.0,-12.935174371105708,0.0,CRASH,IB,5666.928626773638
347.0,15.0,-14.796637332990871,0.0,CRASH,IB,5652.131989440647
348.0,15.0,-0.034974425414002565,0.0,CRASH,IB,5652.097015015233
349.0,15.0,-14.55095406631463,0.0,CRASH,IB,5637.546060948919
350.0,15.0,-12.487212049327987,0.0,CRASH,IB,5625.058848899591
351.0,15.0,-16.671043259450922,0.0,CRASH,IB,5608.38780564014
352.0,15.0,-21.804272069150187,0.0,CRASH,IB,5586.58353357099
353.0,15.0,-28.075396302175402,0.0,CRASH,IB,5558.508137268815
354.0,15.0,-24.99357138728465,0.0,CRASH,IB,5533.51456588153
355.0,15.0,-40.87070004219902,0.0,CRASH,IB,5492.643865839331
356.0,15.0,-46.788297381006664,0.0,CRASH,IB,5445.855568458324
357.0,15.0,-37.496123561035105,0.0,CRASH,IB,5408.359444897289
358.0,15.0,-36.79705893728634,0.0,CRASH,IB,5371.562385960003
359.0,15.0,-84.26564235004668,0.0,CRASH,IB,5287.296743609956
360.0,16.0,0.0,0.0,CRASH,IB,5287.296743609956
361.0,16.0,-4.570187620759966,0.0,CRASH,IB,5282.726555989196
362.0,16.0,-6.5279722723667595,0.0,CRASH,IB,5276.198583716829
363.0,16.0,-4.476328884632579,0.0,CRASH,IB,5271.722254832196
364.0,16.0,-13.643925676193398,0.0,CRASH,IB,5258.078329156003
365.0,16.0,-11.698047373290363,0.0,CRASH,IB,5246.380281782713
366.0,16.0,-20.06089480472214,0.0,CRASH,IB,5226.319386977991
367.0,16.0,-25.486667065949675,0.0,CRASH,IB,5200.832719912041
368.0,16.0,-18.361932865266937,0.0,CRASH,IB,5182.470787046775
369.0,16.0,-1.6333629819149587,0.0,CRASH,IB,5180.83742406486
370.0,16.0,-3.233793592776427,0.0,CRASH,IB,5177.603630472084
371.0,16.0,-8.407180302835721,0.0,CRASH,IB,5169.196450169248
372.0,16.0,0.0,0.0,CRASH,IB,5169.196450169248
373.0,16.0,-16.369823324603956,0.0,CRASH,IB,5152.826626844644
374.0,16.0,-13.244012779590287,0.0,CRASH,IB,5139.582614065054
375.0,16.0,-11.809475744593334,0.0,CRASH,IB,5127.773138320461
376.0,16.0,-9.010029780640574,0.0,CRASH,IB,5118.763108539821
377.0,16.0,-20.624247655424362,0.0,CRASH,IB,5098.138860884396
378.0,16.0,-20.65578915478029,0.0,CRASH,IB,5077.483071729616
379.0,16.0,-13.511596795282227,0.0,CRASH,IB,5063.971474934334
380.0,16.0,-42.534728492700935,0.0,CRASH,IB,5021.436746441633
381.0,16.0,-57.54959779512106,0.0,CRASH,IB,4963.887148646511
382.0,16.0,-65.89065374210817,0.0,CRASH,IB,4897.996494904403
383.0,16.0,-69.64163532934256,0.0,CRASH,IB,4828.354859575061
384.0,17.0,0.0,0.0,CRASH,IB,4828.354859575061
385.0,17.0,-5.712734525949957,0.0,CRASH,IB,4822.642125049111
386.0,17.0,-10.444755635786816,0.0,CRASH,IB,4812.197369413324
387.0,17.0,-14.921096282108596,0.0,CRASH,IB,4797.276273131215
388.0,17.0,-5.125441651462584,0.0,CRASH,IB,4792.150831479752
389.0,17.0,-10.253502046072283,0.0,CRASH,IB,4781.89732943368
390.0,17.0,-13.397366033537336,0.0,CRASH,IB,4768.499963400142
391.0,17.0,-9.57426050056984,0.0,CRASH,IB,4758.925702899573
392.0,17.0,-17.518108335033368,0.0,CRASH,IB,4741.407594564539
393.0,17.0,-10.017565691253376,0.0,CRASH,IB,4731.390028873286
394.0,17.0,-20.051137172010236,0.0,CRASH,IB,4711.338891701275
395.0,17.0,-19.66002299457528,0.0,CRASH,IB,4691.6788687067
396.0,17.0,0.0,0.0,CRASH,IB,4691.6788687067
397.0,17.0,-3.6377385165786573,0.0,CRASH,IB,4688.041130190121
398.0,17.0,-4.162404016442663,0.0,CRASH,IB,4683.878726173679
399.0,17.0,-14.289465650957933,0.0,CRASH,IB,4669.589260522721
400.0,17.0,-21.804272069150187,0.0,CRASH,IB,4647.784988453571
401.0,17.0,-18.716930868116936,0.0,CRASH,IB,4629.068057585454
402.0,17.0,-7.141400453512748,0.0,CRASH,IB,4621.926657131941
403.0,17.0,-32.69674459950446,0.0,CRASH,IB,4589.229912532437
404.0,17.0,-37.43073394384096,0.0,CRASH,IB,4551.799178588596
405.0,17.0,-64.27906896177446,0.0,CRASH,IB,4487.520109626822
406.0,17.0,-73.5946380625754,0.0,CRASH,IB,4413.925471564246
407.0,17.0,-105.3325944070126,0.0,CRASH,IB,4308.5928771572335
408.0,18.0,0.0,0.0,CRASH,IB,4308.5928771572335
409.0,18.0,-3.427640715569974,0.0,CRASH,IB,4305.165236441663
410.0,18.0,-3.5607121485636872,0.0,CRASH,IB,4301.6045242930995
411.0,18.0,-7.398890718400958,0.0,CRASH,IB,4294.205633574698
412.0,18.0,-9.866475179065473,0.0,CRASH,IB,4284.339158395633
413.0,18.0,0.0,0.0,CRASH,IB,4284.339158395633
414.0,18.0,-7.612139791782577,0.0,CRASH,IB,4276.72701860385
415.0,18.0,-10.444647818803464,0.0,CRASH,IB,4266.282370785047
416.0,18.0,-15.925281102316681,0.0,CRASH,IB,4250.35708968273
417.0,18.0,-18.21361443942299,0.0,CRASH,IB,4232.143475243307
418.0,18.0,-20.832745083384296,0.0,CRASH,IB,4211.310730159923
419.0,18.0,-23.83032071199391,0.0,CRASH,IB,4187.480409447929
420.0,18.0,0.0,0.0,CRASH,IB,4187.480409447929
421.0,18.0,-7.275477033157315,0.0,CRASH,IB,4180.204932414771
422.0,18.0,-13.244012779590287,0.0,CRASH,IB,4166.960919635181
423.0,18.0,-13.777721702025556,0.0,CRASH,IB,4153.1831979331555
424.0,18.0,-10.23867020527338,0.0,CRASH,IB,4142.944527727882
425.0,18.0,-9.374658025192891,0.0,CRASH,IB,4133.569869702689
426.0,18.0,-24.143130180912028,0.0,CRASH,IB,4109.426739521778
427.0,18.0,-2.3070718156067045,0.0,CRASH,IB,4107.119667706171
428.0,18.0,-15.846440879892645,0.0,CRASH,IB,4091.273226826278
429.0,18.0,-15.118195528500943,0.0,CRASH,IB,4076.155031297777
430.0,18.0,-27.694809265474348,0.0,CRASH,IB,4048.4602220323027
431.0,18.0,-23.783504308997653,0.0,CRASH,IB,4024.676717723305
432.0,19.0,-0.022,0.0,CRASH,IB,4024.654717723305
433.0,19.0,2.5276407155699743,1.0,NORMAL,IB,4027.182358438875
434.0,19.0,1.4633916817100279,1.0,NORMAL,IB,4028.645750120585
435.0,19.0,3.951883698738009,1.0,NORMAL,IB,4032.597633819323
436.0,19.0,505.5033674833346,1.0,NORMAL,IB,4538.101001302658
437.0,19.0,4.3045528100573,1.0,NORMAL,IB,4542.405554112715
438.0,19.0,6.302306967539191,1.0,NORMAL,IB,4548.707861080255
439.0,19.0,5.188289364514873,1.0,NORMAL,IB,4553.89615044477
440.0,19.0,3.396017532214528,1.0,NORMAL,IB,4557.292167976984
441.0,19.0,507.5576619049513,1.0,NORMAL,IB,5064.849829881936
442.0,19.0,513.6196095760512,1.0,NORMAL,IB,5578.469439457987
443.0,19.0,14.775011242189834,1.0,NORMAL,IB,5593.244450700177
444.0,19.0,931.1803956954518,1.0,NORMAL,IB,6524.424846395629
445.0,19.0,78.88514383527524,1.0,NORMAL,IB,6603.309990230904
446.0,19.0,-227.8080391567289,1.0,NORMAL,IB,6375.501951074175
447.0,19.0,1281.0072513438151,1.0,NORMAL,IB,7656.50920241799
448.0,19.0,28.064588911043668,1.0,NORMAL,IB,7684.573791329034
449.0,19.0,0.0,1.0,NORMAL,IB,7684.573791329034
450.0,19.0,0.0,1.0,NORMAL,IB,7684.573791329034
451.0,19.0,0.0,1.0,NORMAL,IB,7684.573791329034
452.0,19.0,0.0,1.0,NORMAL,IB,7684.573791329034
453.0,19.0,0.0,1.0,NORMAL,IB,7684.573791329034
454.0,19.0,0.0,1.0,NORMAL,IB,7684.573791329034
455.0,19.0,0.0,1.0,NORMAL,IB,7684.573791329034
456.0,20.0,14.94340454545457,1.0,NORMAL,IB,7699.517195874489
457.0,20.0,-395.9855858048739,1.0,NORMAL,IB,7303.5316100696145
458.0,20.0,556.5830781674736,1.0,NORMAL,IB,7860.114688237089
459.0,20.0,-121.20203613784074,1.0,NORMAL,IB,7738.912652099248
460.0,20.0,5.131006736866119,1.0,NORMAL,IB,7744.0436588361135
461.0,20.0,37.01486261214061,1.0,NORMAL,IB,7781.058521448254
462.0,20.0,18.806323343948954,1.0,NORMAL,IB,7799.864844792203
463.0,20.0,8.571807820930093,1.0,NORMAL,IB,7808.436652613133
464.0,20.0,0.6750427752036061,1.0,NORMAL,IB,7809.1116953883375
465.0,20.0,1.882487121927302,1.0,NORMAL,IB,7810.994182510265
466.0,20.0,1.9753451945823202,1.0,NORMAL,IB,7812.969527704848
467.0,20.0,4.144308181701433,1.0,NORMAL,IB,7817.113835886549
468.0,20.0,3.621803176750321,1.3,HOLIDAY,IB,7820.7356390632995
469.0,20.0,3.7971731457233213,1.3,HOLIDAY,IB,7824.532812209023
470.0,20.0,3.9800045641393886,1.3,HOLIDAY,IB,7828.512816773163
471.0,20.0,4.170614893580556,1.3,HOLIDAY,IB,7832.683431666744
472.0,20.0,8.73867020527338,1.3,HOLIDAY,IB,7841.422101872017
473.0,20.0,4.57651024158687,1.3,HOLIDAY,IB,7845.998612113604
474.0,20.0,4.792500041531687,1.3,HOLIDAY,IB,7850.791112155136
475.0,20.0,4.0141436312134084,1.3,HOLIDAY,IB,7854.805255786349
476.0,20.0,5.252439727232063,1.3,HOLIDAY,IB,7860.057695513581
477.0,20.0,6.596625881901295,1.3,HOLIDAY,IB,7866.654321395483
478.0,20.0,9.203760054648514,1.3,HOLIDAY,IB,7875.858081450131
479.0,20.0,4.814694542618534,1.3,HOLIDAY,IB,7880.67277599275
480.0,21.0,1.2,1.3,HOLIDAY,IB,7881.87277599275
481.0,21.0,0.8425469051899914,1.3,HOLIDAY,IB,7882.71532289794
482.0,21.0,0.886904049521229,1.3,HOLIDAY,IB,7883.602226947461
483.0,21.0,2.799445359200479,1.3,HOLIDAY,IB,7886.401672306661
484.0,21.0,1.9627208257312918,1.3,HOLIDAY,IB,7888.364393132392
485.0,21.0,3.4043580197452634,1.3,HOLIDAY,IB,7891.768751152137
486.0,21.0,5.246683016768668,1.3,HOLIDAY,IB,7897.015434168906
487.0,21.0,9.09331260068381,1.3,HOLIDAY,IB,7906.10874676959
488.0,21.0,2.62580400797407,1.3,HOLIDAY,IB,7908.7345507775635
489.0,21.0,6.063491019727839,1.3,HOLIDAY,IB,7914.798041797291
490.0,21.0,610.7491857682458,1.3,HOLIDAY,IB,8525.547227565537
491.0,21.0,10.768155948514833,1.3,HOLIDAY,IB,8536.315383514053
492.0,21.0,-74.74717471469835,1.3,HOLIDAY,IB,8461.568208799354
493.0,21.0,700.2133568085549,1.3,HOLIDAY,IB,9161.78156560791
494.0,21.0,1749.1376121824126,1.3,HOLIDAY,IB,10910.919177790322
495.0,21.0,-100.10593806882538,1.3,HOLIDAY,IB,10810.813239721496
496.0,21.0,1226.597087424218,1.3,HOLIDAY,IB,12037.410327145713
497.0,21.0,310.9131365493275,1.3,HOLIDAY,IB,12348.32346369504
498.0,21.0,393.551571913016,1.3,HOLIDAY,IB,12741.875035608056
499.0,21.0,1096.9456371282392,1.3,HOLIDAY,IB,13838.820672736296
500.0,21.0,75.71055710662476,1.3,HOLIDAY,IB,13914.53122984292
501.0,21.0,0.0,1.3,HOLIDAY,IB,13914.53122984292
502.0,21.0,0.0,1.3,HOLIDAY,IB,13914.53122984292
503.0,21.0,0.0,1.3,HOLIDAY,IB,13914.53122984292
504.0,22.0,5.515500000000003,1.3,HOLIDAY,IB,13920.04672984292
505.0,22.0,1219.8949225917406,1.3,HOLIDAY,IB,15139.94165243466
506.0,22.0,11.90873412026787,1.3,HOLIDAY,IB,15151.850386554928
507.0,22.0,641.2970287977939,1.3,HOLIDAY,IB,15793.147415352722
508.0,22.0,24.320368159760296,1.3,HOLIDAY,IB,15817.467783512482
509.0,22.0,17.768376128692882,1.3,HOLIDAY,IB,15835.236159641176
510.0,22.0,627.6856424244544,1.3,HOLIDAY,IB,16462.92180206563
511.0,22.0,621.1064667072028,1.3,HOLIDAY,IB,17084.028268772832
512.0,22.0,11.745816025288251,1.3,HOLIDAY,IB,17095.774084798122
513.0,22.0,18.493553485813813,1.3,HOLIDAY,IB,17114.267638283935
514.0,22.0,16.300811925052585,1.3,HOLIDAY,IB,17130.568450208986
515.0,22.0,607.5505664711778,1.3,HOLIDAY,IB,17738.119016680164
516.0,22.0,5.187725998250089,1.3,HOLIDAY,IB,17743.306742678415
517.0,22.0,4.894859958689018,1.3,HOLIDAY,IB,17748.201602637102
518.0,22.0,8.311682331566132,1.3,HOLIDAY,IB,17756.513284968667
519.0,22.0,4.354956071876816,1.3,HOLIDAY,IB,17760.868241040545
520.0,22.0,1.7477340410546758,1.3,HOLIDAY,IB,17762.6159750816
521.0,22.0,1.830604096634748,1.3,HOLIDAY,IB,17764.446579178235
522.0,22.0,4.639140040202673,1.3,HOLIDAY,IB,17769.085719218438
523.0,22.0,10.285239519076557,1.3,HOLIDAY,IB,17779.370958737512
524.0,22.0,13.027101011480962,1.3,HOLIDAY,IB,17792.398059748994
525.0,22.0,21.210790860665423,1.3,HOLIDAY,IB,17813.60885060966
526.0,22.0,23.872252641744588,1.3,HOLIDAY,IB,17837.481103251404
527.0,22.0,658.2981991086582,1.3,HOLIDAY,IB,18495.779302360064
528.0,23.0,634.0028,1.3,HOLIDAY,IB,19129.782102360063
529.0,23.0,634.9862060631278,1.3,HOLIDAY,IB,19764.76830842319
530.0,23.0,-18.725259397875057,1.3,HOLIDAY,IB,19746.043049025317
531.0,23.0,557.9828553602821,1.3,HOLIDAY,IB,20304.0259043856
532.0,23.0,152.04987908666922,1.3,HOLIDAY,IB,20456.075783472268
533.0,23.0,1588.4602643861263,1.3,HOLIDAY,IB,22044.536047858393
534.0,23.0,1491.1364173885972,1.3,HOLIDAY,IB,23535.67246524699
535.0,23.0,6.306905730519352,1.3,HOLIDAY,IB,23541.979370977508
536.0,23.0,0.0,1.3,HOLIDAY,IB,23541.979370977508
537.0,23.0,0.0,1.3,HOLIDAY,IB,23541.979370977508
538.0,23.0,0.0,1.3,HOLIDAY,IB,23541.979370977508
539.0,23.0,0.0,1.3,HOLIDAY,IB,23541.979370977508
540.0,23.0,0.0,1.3,HOLIDAY,IB,23541.979370977508
541.0,23.0,0.0,1.3,HOLIDAY,IB,23541.979370977508
542.0,23.0,0.0,1.3,HOLIDAY,IB,23541.979370977508
543.0,23.0,0.0,1.3,HOLIDAY,IB,23541.979370977508
544.0,23.0,0.0,1.3,HOLIDAY,IB,23541.979370977508
545.0,23.0,0.0,1.3,HOLIDAY,IB,23541.979370977508
546.0,23.0,0.0,1.3,HOLIDAY,IB,23541.979370977508
547.0,23.0,0.0,1.3,HOLIDAY,IB,23541.979370977508
548.0,23.0,0.0,1.3,HOLIDAY,IB,23541.979370977508
549.0,23.0,0.0,1.3,HOLIDAY,IB,23541.979370977508
550.0,23.0,0.0,1.3,HOLIDAY,IB,23541.979370977508
551.0,23.0,0.0,1.3,HOLIDAY,IB,23541.979370977508
552.0,24.0,-7.1655199999999954,1.3,HOLIDAY,IB,23534.81385097751
553.0,24.0,573.2353188312005,1.3,HOLIDAY,IB,24108.04916980871
554.0,24.0,1189.527679482863,1.3,HOLIDAY,IB,25297.576849291574
555.0,24.0,599.0320645913903,1.3,HOLIDAY,IB,25896.608913882963
556.0,24.0,573.729379682859,1.3,HOLIDAY,IB,26470.338293565823
557.0,24.0,570.5432573459856,1.3,HOLIDAY,IB,27040.881550911807
558.0,24.0,-161.3781659063674,1.3,HOLIDAY,IB,26879.50338500544
559.0,24.0,-195.7935281813744,1.3,HOLIDAY,IB,26683.709856824065
560.0,24.0,1174.5554733883155,1.3,HOLIDAY,IB,27858.26533021238
561.0,24.0,631.2524880902916,1.3,HOLIDAY,IB,28489.517818302673
562.0,24.0,0.0,1.3,HOLIDAY,IB,28489.517818302673
563.0,24.0,0.0,1.3,HOLIDAY,IB,28489.517818302673
564.0,24.0,0.0,1.3,HOLIDAY,IB,28489.517818302673
565.0,24.0,0.0,1.3,HOLIDAY,IB,28489.517818302673
566.0,24.0,0.0,1.3,HOLIDAY,IB,28489.517818302673
567.0,24.0,0.0,1.3,HOLIDAY,IB,28489.517818302673
568.0,24.0,0.0,1.3,HOLIDAY,IB,28489.517818302673
569.0,24.0,0.0,1.3,HOLIDAY,IB,28489.517818302673
570.0,24.0,0.0,1.3,HOLIDAY,IB,28489.517818302673
571.0,24.0,0.0,1.3,HOLIDAY,IB,28489.517818302673
572.0,24.0,0.0,1.3,HOLIDAY,IB,28489.517818302673
573.0,24.0,0.0,1.3,HOLIDAY,IB,28489.517818302673
574.0,24.0,0.0,1.3,HOLIDAY,IB,28489.517818302673
575.0,24.0,0.0,1.3,HOLIDAY,IB,28489.517818302673
576.0,25.0,5.916780000000005,1.3,HOLIDAY,IB,28495.434598302672
577.0,25.0,599.741865386275,1.3,HOLIDAY,IB,29095.176463688946
578.0,25.0,-87.65162612329165,1.3,HOLIDAY,IB,29007.524837565656
579.0,25.0,1838.476735612956,1.3,HOLIDAY,IB,30846.00157317861
580.0,25.0,-42.404423757954476,1.3,HOLIDAY,IB,30803.597149420657
581.0,25.0,604.2821090797122,1.3,HOLIDAY,IB,31407.87925850037
582.0,25.0,1812.4157553641205,1.3,HOLIDAY,IB,33220.29501386449
583.0,25.0,6.575407681098438,1.3,HOLIDAY,IB,33226.87042154559
584.0,25.0,592.7964069066757,1.3,HOLIDAY,IB,33819.66682845226
585.0,25.0,1030.015099019853,1.3,HOLIDAY,IB,34849.68192747211
586.0,25.0,579.7803724628637,1.3,HOLIDAY,IB,35429.462299934974
587.0,25.0,0.0,1.3,HOLIDAY,IB,35429.462299934974
588.0,25.0,0.0,1.3,HOLIDAY,IB,35429.462299934974
589.0,25.0,0.0,1.3,HOLIDAY,IB,35429.462299934974
590.0,25.0,0.0,1.3,HOLIDAY,IB,35429.462299934974
591.0,25.0,0.0,1.3,HOLIDAY,IB,35429.462299934974
592.0,25.0,0.0,1.3,HOLIDAY,IB,35429.462299934974
593.0,25.0,0.0,1.3,HOLIDAY,IB,35429.462299934974
594.0,25.0,0.0,1.3,HOLIDAY,IB,35429.462299934974
595.0,25.0,0.0,1.3,HOLIDAY,IB,35429.462299934974
596.0,25.0,0.0,1.3,HOLIDAY,IB,35429.462299934974
597.0,25.0,0.0,1.3,HOLIDAY,IB,35429.462299934974
598.0,25.0,0.0,1.3,HOLIDAY,IB,35429.462299934974
599.0,25.0,0.0,1.3,HOLIDAY,IB,35429.462299934974
600.0,26.0,3409.7586,1.3,HOLIDAY,IB,38839.220899934975
601.0,26.0,-448.1233804122588,1.3,HOLIDAY,IB,38391.097519522715
602.0,26.0,0.0,1.3,HOLIDAY,IB,38391.097519522715
603.0,26.0,0.0,1.3,HOLIDAY,IB,38391.097519522715
604.0,26.0,0.0,1.3,HOLIDAY,IB,38391.097519522715
605.0,26.0,0.0,1.3,HOLIDAY,IB,38391.097519522715
606.0,26.0,0.0,1.3,HOLIDAY,IB,38391.097519522715
607.0,26.0,0.0,1.3,HOLIDAY,IB,38391.097519522715
608.0,26.0,0.0,1.3,HOLIDAY,IB,38391.097519522715
609.0,26.0,0.0,1.3,HOLIDAY,IB,38391.097519522715
610.0,26.0,0.0,1.3,HOLIDAY,IB,38391.097519522715
611.0,26.0,0.0,1.3,HOLIDAY,IB,38391.097519522715
612.0,26.0,0.0,1.3,HOLIDAY,IB,38391.097519522715
613.0,26.0,0.0,1.3,HOLIDAY,IB,38391.097519522715
614.0,26.0,0.0,1.3,HOLIDAY,IB,38391.097519522715
615.0,26.0,0.0,1.3,HOLIDAY,IB,38391.097519522715
616.0,26.0,0.0,1.3,HOLIDAY,IB,38391.097519522715
617.0,26.0,0.0,1.3,HOLIDAY,IB,38391.097519522715
618.0,26.0,0.0,1.3,HOLIDAY,IB,38391.097519522715
619.0,26.0,0.0,1.3,HOLIDAY,IB,38391.097519522715
620.0,26.0,0.0,1.3,HOLIDAY,IB,38391.097519522715
621.0,26.0,0.0,1.3,HOLIDAY,IB,38391.097519522715
622.0,26.0,0.0,1.3,HOLIDAY,IB,38391.097519522715
623.0,26.0,0.0,1.3,HOLIDAY,IB,38391.097519522715
624.0,27.0,2.0,1.3,HOLIDAY,IB,38393.097519522715
625.0,27.0,0.8425469051899914,1.0,NORMAL,IB,38393.9400664279
626.0,27.0,4.87797227236676,1.0,NORMAL,IB,38398.81803870027
627.0,27.0,505.6090848426808,1.0,NORMAL,IB,38904.427123542955
628.0,27.0,3.2654767738104367,1.0,NORMAL,IB,38907.69260031677
629.0,27.0,7.4764860231817725,1.0,NORMAL,IB,38915.16908633995
630.0,27.0,9.50603568401814,1.0,NORMAL,IB,38924.67512202397
631.0,27.0,520.5170561514701,1.0,NORMAL,IB,39445.192178175435
632.0,27.0,521.3587316760025,1.0,NORMAL,IB,39966.55090985144
633.0,27.0,33.61507053968998,1.0,NORMAL,IB,40000.165980391124
634.0,27.0,980.653801638224,1.0,NORMAL,IB,40980.81978202935
635.0,27.0,435.6342871860688,1.0,NORMAL,IB,41416.45406921542
636.0,27.0,1233.9537624092195,1.0,NORMAL,IB,42650.40783162464
637.0,27.0,33.4206895394492,1.0,NORMAL,IB,42683.82852116409
638.0,27.0,-388.0632887454599,1.0,NORMAL,IB,42295.76523241863
639.0,27.0,-951.1214623213845,1.0,NORMAL,IB,41344.643770097246
640.0,27.0,0.0,1.0,NORMAL,IB,41344.643770097246
641.0,27.0,0.0,1.0,NORMAL,IB,41344.643770097246
642.0,27.0,0.0,1.0,NORMAL,IB,41344.643770097246
643.0,27.0,0.0,1.0,NORMAL,IB,41344.643770097246
644.0,27.0,0.0,1.0,NORMAL,IB,41344.643770097246
645.0,27.0,0.0,1.0,NORMAL,IB,41344.643770097246
646.0,27.0,0.0,1.0,NORMAL,IB,41344.643770097246
647.0,27.0,0.0,1.0,NORMAL,IB,41344.643770097246
648.0,28.0,522.6015,1.0,NORMAL,IB,41867.24527009724
649.0,28.0,518.2853344248177,1.0,NORMAL,IB,42385.53060452206
650.0,28.0,26.297591972353956,1.0,NORMAL,IB,42411.82819649441
651.0,28.0,1029.3737008300889,1.0,NORMAL,IB,43441.2018973245
652.0,28.0,19.5279927195722,1.0,NORMAL,IB,43460.72989004407
653.0,28.0,23.299013637679643,1.0,NORMAL,IB,43484.028903681756
654.0,28.0,21.377414827248938,1.0,NORMAL,IB,43505.406318509005
655.0,28.0,524.8852269087067,1.0,NORMAL,IB,44030.29154541771
656.0,28.0,525.3252017493397,1.0,NORMAL,IB,44555.616747167056
657.0,28.0,6.53586978819013,1.0,NORMAL,IB,44562.152616955245
658.0,28.0,18.516885854014667,1.0,NORMAL,IB,44580.66950280926
659.0,28.0,7.705097771419304,1.0,NORMAL,IB,44588.374600580675
660.0,28.0,8.830680505552632,1.0,NORMAL,IB,44597.20528108623
661.0,28.0,3.086190445918087,1.0,NORMAL,IB,44600.291471532146
662.0,28.0,6.368007302623022,1.0,NORMAL,IB,44606.65947883477
663.0,28.0,4.170614893580556,1.0,NORMAL,IB,44610.83009372835
664.0,28.0,10.573790948380786,1.0,NORMAL,IB,44621.40388467673
665.0,28.0,8.040745434058469,1.0,NORMAL,IB,44629.44463011079
666.0,28.0,20.376751676584426,1.0,NORMAL,IB,44649.82138178738
667.0,28.0,49.47713015524712,1.0,NORMAL,IB,44699.29851194262
668.0,28.0,547.7878177900077,1.0,NORMAL,IB,45247.08632973263
669.0,28.0,60.72414011819538,1.0,NORMAL,IB,45307.810469850825
670.0,28.0,582.2779253214676,1.0,NORMAL,IB,45890.08839517229
671.0,28.0,95.11164260743071,1.0,NORMAL,IB,45985.20003777972
672.0,29.0,385.4076,1.0,NORMAL,IB,46370.60763777972
673.0,29.0,-189.2959407177647,1.0,NORMAL,IB,46181.31169706196
674.0,29.0,-125.81691335034992,1.0,NORMAL,IB,46055.49478371161
675.0,29.0,1107.2498396482756,1.0,NORMAL,IB,47162.74462335989
676.0,29.0,123.54117881906498,1.0,NORMAL,IB,47286.28580217896
677.0,29.0,509.74805480444843,1.0,NORMAL,IB,47796.033856983406
678.0,29.0,552.1780420401481,1.0,NORMAL,IB,48348.211899023554
679.0,29.0,0.0,1.0,NORMAL,IB,48348.211899023554
680.0,29.0,0.0,1.0,NORMAL,IB,48348.211899023554
681.0,29.0,0.0,1.0,NORMAL,IB,48348.211899023554
682.0,29.0,0.0,1.0,NORMAL,IB,48348.211899023554
683.0,29.0,0.0,1.0,NORMAL,IB,48348.211899023554
684.0,29.0,0.0,1.0,NORMAL,IB,48348.211899023554
685.0,29.0,0.0,1.0,NORMAL,IB,48348.211899023554
686.0,29.0,0.0,1.0,NORMAL,IB,48348.211899023554
687.0,29.0,0.0,1.0,NORMAL,IB,48348.211899023554
688.0,29.0,0.0,1.0,NORMAL,IB,48348.211899023554
689.0,29.0,0.0,1.0,NORMAL,IB,48348.211899023554
690.0,29.0,0.0,1.0,NORMAL,IB,48348.211899023554
691.0,29.0,0.0,1.0,NORMAL,IB,48348.211899023554
692.0,29.0,0.0,1.0,NORMAL,IB,48348.211899023554
693.0,29.0,0.0,1.0,NORMAL,IB,48348.211899023554
694.0,29.0,0.0,1.0,NORMAL,IB,48348.211899023554
695.0,29.0,0.0,1.0,NORMAL,IB,48348.211899023554
696.0,30.0,1.2,1.0,NORMAL,IB,48349.41189902355
697.0,30.0,2.1063672629749783,1.0,NORMAL,IB,48351.518266286526
698.0,30.0,1.773808099042458,1.0,NORMAL,IB,48353.29207438557
699.0,30.0,0.9751401334548334,1.0,NORMAL,IB,48354.26721451903
700.0,30.0,1.607468356273928,1.0,NORMAL,IB,48355.87468287531
701.0,30.0,5.452543599261096,1.0,NORMAL,IB,48361.32722647457
702.0,30.0,3.4663880749423903,1.0,NORMAL,IB,48364.79361454951
703.0,30.0,510.5945309135477,1.0,NORMAL,IB,48875.38814546306
704.0,30.0,8.905040903283703,1.0,NORMAL,IB,48884.29318636635
705.0,30.0,511.97705282771267,1.0,NORMAL,IB,49396.27023919406
706.0,30.0,30.772717579281217,1.0,NORMAL,IB,49427.042956773344
707.0,30.0,25.84045223093872,1.0,NORMAL,IB,49452.88340900428
708.0,30.0,523.2768693308894,1.0,NORMAL,IB,49976.16027833517
709.0,30.0,362.9445155969347,1.0,NORMAL,IB,50339.10479393211
710.0,30.0,421.73443357112865,1.0,NORMAL,IB,50760.83922750324
711.0,30.0,1161.4917676744726,1.0,NORMAL,IB,51922.33099517771
712.0,30.0,-349.67943397218596,1.0,NORMAL,IB,51572.65156120552
713.0,30.0,-112.79307439924885,1.0,NORMAL,IB,51459.858486806275
714.0,30.0,0.0,1.0,NORMAL,IB,51459.858486806275
715.0,30.0,0.0,1.0,NORMAL,IB,51459.858486806275
716.0,30.0,0.0,1.0,NORMAL,IB,51459.858486806275
717.0,30.0,0.0,1.0,NORMAL,IB,51459.858486806275
718.0,30.0,0.0,1.0,NORMAL,IB,51459.858486806275
719.0,30.0,0.0,1.0,NORMAL,IB,51459.858486806275
720.0,31.0,22.02688,1.0,NORMAL,IB,51481.88536680627
721.0,31.0,30.33640684950876,1.0,NORMAL,IB,51512.22177365578
722.0,31.0,521.6217822571258,1.0,NORMAL,IB,52033.84355591291
723.0,31.0,11.345312207231782,1.0,NORMAL,IB,52045.18886812014
724.0,31.0,15.189889014499615,1.0,NORMAL,IB,52060.37875713464
725.0,31.0,6.980275051212843,1.0,NORMAL,IB,52067.35903218585
726.0,31.0,4.208186667581813,1.0,NORMAL,IB,52071.56721885343
727.0,31.0,2.277313448706188,1.0,NORMAL,IB,52073.84453230214
728.0,31.0,2.989031062715224,1.0,NORMAL,IB,52076.83356336485
729.0,31.0,1.882487121927302,1.0,NORMAL,IB,52078.71605048678
730.0,31.0,1.9753451945823202,1.0,NORMAL,IB,52080.69139568136
731.0,31.0,3.4535901514178606,1.0,NORMAL,IB,52084.144985832776
732.0,31.0,2.8974425414002565,1.0,NORMAL,IB,52087.042428374174
733.0,31.0,5.3160424040126495,1.0,NORMAL,IB,52092.358470778185
734.0,31.0,7.960009128278777,1.0,NORMAL,IB,52100.31847990646
735.0,31.0,5.838860851012778,1.0,NORMAL,IB,52106.157340757476
736.0,31.0,8.73867020527338,1.0,NORMAL,IB,52114.89601096275
737.0,31.0,3.661208193269496,1.0,NORMAL,IB,52118.55721915602
738.0,31.0,2.8755000249190124,1.0,NORMAL,IB,52121.43271918094
739.0,31.0,8.028287262426817,1.0,NORMAL,IB,52129.46100644337
740.0,31.0,7.353415618124887,1.0,NORMAL,IB,52136.8144220615
741.0,31.0,505.99718823491776,1.0,NORMAL,IB,52642.81161029642
742.0,31.0,513.0674115713846,1.0,NORMAL,IB,53155.879021867804
743.0,31.0,7.610106194062856,1.0,NORMAL,IB,53163.48912806187
744.0,32.0,1332.6798,1.0,NORMAL,IB,54496.16892806187
745.0,32.0,-372.06179615710073,1.0,NORMAL,IB,54124.10713190476
746.0,32.0,136.10242324418738,1.0,NORMAL,IB,54260.20955514895
747.0,32.0,-399.65423073204977,1.0,NORMAL,IB,53860.5553244169
748.0,32.0,549.1646225628681,1.0,NORMAL,IB,54409.71994697976
749.0,32.0,41.0898791617757,1.0,NORMAL,IB,54450.809826141536
750.0,32.0,0.0,1.0,NORMAL,IB,54450.809826141536
751.0,32.0,0.0,1.0,NORMAL,IB,54450.809826141536
752.0,32.0,0.0,1.0,NORMAL,IB,54450.809826141536
753.0,32.0,0.0,1.0,NORMAL,IB,54450.809826141536
754.0,32.0,0.0,1.0,NORMAL,IB,54450.809826141536
755.0,32.0,0.0,1.0,NORMAL,IB,54450.809826141536
756.0,32.0,0.0,1.0,NORMAL,IB,54450.809826141536
757.0,32.0,0.0,1.0,NORMAL,IB,54450.809826141536
758.0,32.0,0.0,1.0,NORMAL,IB,54450.809826141536
759.0,32.0,0.0,1.0,NORMAL,IB,54450.809826141536
760.0,32.0,0.0,1.0,NORMAL,IB,54450.809826141536
761.0,32.0,0.0,1.0,NORMAL,IB,54450.809826141536
762.0,32.0,0.0,1.0,NORMAL,IB,54450.809826141536
763.0,32.0,0.0,1.0,NORMAL,IB,54450.809826141536
764.0,32.0,0.0,1.0,NORMAL,IB,54450.809826141536
765.0,32.0,0.0,1.0,NORMAL,IB,54450.809826141536
766.0,32.0,0.0,1.0,NORMAL,IB,54450.809826141536
767.0,32.0,0.0,1.0,NORMAL,IB,54450.809826141536
768.0,33.0,1.2,1.0,NORMAL,IB,54452.00982614153
769.0,33.0,3.7914610733549616,1.0,NORMAL,IB,54455.80128721489
770.0,33.0,1.773808099042458,1.0,NORMAL,IB,54457.575095313936
771.0,33.0,1.3997226796002395,1.0,NORMAL,IB,54458.974817993534
772.0,33.0,2.4534010321641144,1.0,NORMAL,IB,54461.4282190257
773.0,33.0,2.2695720131635095,1.0,NORMAL,IB,54463.69779103887
774.0,33.0,1.311670754192167,1.0,NORMAL,IB,54465.00946179306
775.0,33.0,1.515552100113968,1.0,NORMAL,IB,54466.52501389317
776.0,33.0,9.627788614248246,1.0,NORMAL,IB,54476.15280250742
777.0,33.0,12.126982039455678,1.0,NORMAL,IB,54488.27978454688
778.0,33.0,9.331925768245796,1.0,NORMAL,IB,54497.61171031513
779.0,33.0,12.114227245931458,1.0,NORMAL,IB,54509.72593756106
780.0,33.0,258.98057426512696,1.0,NORMAL,IB,54768.70651182619
781.0,33.0,190.45500501233747,1.0,NORMAL,IB,54959.161516838525
782.0,33.0,-104.0172635080643,1.0,NORMAL,IB,54855.14425333046
783.0,33.0,1544.9107645707131,1.0,NORMAL,IB,56400.05501790117
784.0,33.0,-11.874622023861905,1.0,NORMAL,IB,56388.18039587731
785.0,33.0,-38.84108456751475,1.0,NORMAL,IB,56349.33931130979
786.0,33.0,47.64933581292796,1.0,NORMAL,IB,56396.98864712272
787.0,33.0,51.1698945245298,1.0,NORMAL,IB,56448.15854164725
788.0,33.0,576.1098397382402,1.0,NORMAL,IB,57024.26838138549
789.0,33.0,535.2466746942586,1.0,NORMAL,IB,57559.51505607975
790.0,33.0,521.2699946281937,1.0,NORMAL,IB,58080.78505070794
791.0,33.0,546.3466406864308,1.0,NORMAL,IB,58627.131691394374
792.0,34.0,9.993120000000001,1.0,NORMAL,IB,58637.12481139437
793.0,34.0,518.7741846686614,1.0,NORMAL,IB,59155.898996063035
794.0,34.0,18.937441336592137,1.0,NORMAL,IB,59174.83643739963
795.0,34.0,1030.467415716989,1.0,NORMAL,IB,60205.30385311662
796.0,34.0,19.51886606773255,1.0,NORMAL,IB,60224.82271918435
797.0,34.0,29.492572499238626,1.0,NORMAL,IB,60254.31529168358
798.0,34.0,526.7828441539813,1.0,NORMAL,IB,60781.098135837565
799.0,34.0,536.2190979311147,1.0,NORMAL,IB,61317.31723376868
800.0,34.0,1034.8280663129933,1.0,NORMAL,IB,62352.14530008167
801.0,34.0,13.998801734358727,1.0,NORMAL,IB,62366.144101816026
802.0,34.0,39.76527904309777,1.0,NORMAL,IB,62405.90938085912
803.0,34.0,53.49804681332095,1.0,NORMAL,IB,62459.40742767244
804.0,34.0,564.3815763880776,1.0,NORMAL,IB,63023.78900406052
805.0,34.0,50.361907431728405,1.0,NORMAL,IB,63074.150911492245
806.0,34.0,-129.3261935294962,1.0,NORMAL,IB,62944.82471796275
807.0,34.0,-55.2231404012153,1.0,NORMAL,IB,62889.60157756154
808.0,34.0,754.4511171782781,1.0,NORMAL,IB,63644.05269473982
809.0,34.0,-205.39409376779625,1.0,NORMAL,IB,63438.65860097202
810.0,34.0,-224.7421983323577,1.0,NORMAL,IB,63213.91640263966
811.0,34.0,0.0,1.0,NORMAL,IB,63213.91640263966
812.0,34.0,0.0,1.0,NORMAL,IB,63213.91640263966
813.0,34.0,0.0,1.0,NORMAL,IB,63213.91640263966
814.0,34.0,0.0,1.0,NORMAL,IB,63213.91640263966
815.0,34.0,0.0,1.0,NORMAL,IB,63213.91640263966
816.0,35.0,-137.86854,1.0,NORMAL,IB,63076.04786263966
817.0,35.0,441.39293490080996,1.0,NORMAL,IB,63517.44079754047
818.0,35.0,-84.84963538504579,1.0,NORMAL,IB,63432.591162155426
819.0,35.0,35.4554420485006,1.0,NORMAL,IB,63468.046604203926
820.0,35.0,543.4846954371716,1.0,NORMAL,IB,64011.5312996411
821.0,35.0,509.04405873048285,1.0,NORMAL,IB,64520.575358371585
822.0,35.0,5.533190934399237,1.0,NORMAL,IB,64526.10854930599
823.0,35.0,1003.3466418108827,1.0,NORMAL,IB,65529.45519111687
824.0,35.0,2.391224850172179,1.0,NORMAL,IB,65531.84641596704
825.0,35.0,6.274957073091006,1.0,NORMAL,IB,65538.12137304014
826.0,35.0,1.3168967963882134,1.0,NORMAL,IB,65539.43826983652
827.0,35.0,4.835026211985005,1.0,NORMAL,IB,65544.2732960485
828.0,35.0,3.621803176750321,1.0,NORMAL,IB,65547.89509922525
829.0,35.0,3.7971731457233213,1.0,NORMAL,IB,65551.69227237097
830.0,35.0,5.572006389795144,1.0,NORMAL,IB,65557.26427876076
831.0,35.0,2.5023689361483337,1.0,NORMAL,IB,65559.76664769692
832.0,35.0,1.7477340410546758,1.0,NORMAL,IB,65561.51438173797
833.0,35.0,505.07651024158685,1.0,NORMAL,IB,66066.59089197956
834.0,35.0,6.009795052080735,1.0,NORMAL,IB,66072.60068703165
835.0,35.0,506.3422415693274,1.0,NORMAL,IB,66578.94292860097
836.0,35.0,512.8014793689822,1.0,NORMAL,IB,67091.74440796995
837.0,35.0,14.802828478986505,1.0,NORMAL,IB,67106.54723644894
838.0,35.0,25.770988341018576,1.0,NORMAL,IB,67132.31822478995
839.0,35.0,38.55703683619775,1.0,NORMAL,IB,67170.87526162615
840.0,36.0,643.1288,1.0,NORMAL,IB,67814.00406162615
841.0,36.0,532.3205756833506,1.0,NORMAL,IB,68346.3246373095
842.0,36.0,1083.1200373565775,1.0,NORMAL,IB,69429.44467466608
843.0,36.0,79.57237864054196,1.0,NORMAL,IB,69509.01705330663
844.0,36.0,0.0,1.0,NORMAL,IB,69509.01705330663
845.0,36.0,0.0,1.0,NORMAL,IB,69509.01705330663
846.0,36.0,0.0,1.0,NORMAL,IB,69509.01705330663
847.0,36.0,0.0,1.0,NORMAL,IB,69509.01705330663
848.0,36.0,0.0,1.0,NORMAL,IB,69509.01705330663
849.0,36.0,0.0,1.0,NORMAL,IB,69509.01705330663
850.0,36.0,0.0,1.0,NORMAL,IB,69509.01705330663
851.0,36.0,0.0,1.0,NORMAL,IB,69509.01705330663
852.0,36.0,0.0,1.0,NORMAL,IB,69509.01705330663
853.0,36.0,0.0,1.0,NORMAL,IB,69509.01705330663
854.0,36.0,0.0,1.0,NORMAL,IB,69509.01705330663
855.0,36.0,0.0,1.0,NORMAL,IB,69509.01705330663
856.0,36.0,0.0,1.0,NORMAL,IB,69509.01705330663
857.0,36.0,0.0,1.0,NORMAL,IB,69509.01705330663
858.0,36.0,0.0,1.0,NORMAL,IB,69509.01705330663
859.0,36.0,0.0,1.0,NORMAL,IB,69509.01705330663
860.0,36.0,0.0,1.0,NORMAL,IB,69509.01705330663
861.0,36.0,0.0,1.0,NORMAL,IB,69509.01705330663
862.0,36.0,0.0,1.0,NORMAL,IB,69509.01705330663
863.0,36.0,0.0,1.0,NORMAL,IB,69509.01705330663
864.0,37.0,1.6,1.0,NORMAL,IB,69510.61705330663
865.0,37.0,4.634007978544952,1.0,NORMAL,IB,69515.25106128518
866.0,37.0,0.886904049521229,1.0,NORMAL,IB,69516.1379653347
867.0,37.0,2.3328711326670657,1.0,NORMAL,IB,69518.47083646736
868.0,37.0,2.6987411353805264,1.0,NORMAL,IB,69521.16957760273
869.0,37.0,507.45132303619965,1.0,NORMAL,IB,70028.62090063894
870.0,37.0,5.554979845274662,1.0,NORMAL,IB,70034.17588048421
871.0,37.0,5.043110632159854,1.0,NORMAL,IB,70039.21899111637
872.0,37.0,514.8102390550135,1.0,NORMAL,IB,70554.02923017139
873.0,37.0,21.158276756472638,1.0,NORMAL,IB,70575.18750692786
874.0,37.0,526.1836106714959,1.0,NORMAL,IB,71101.37111759935
875.0,37.0,50.101508613831015,1.0,NORMAL,IB,71151.47262621319
876.0,37.0,975.602436733051,1.0,NORMAL,IB,72127.07506294624
877.0,37.0,-50.273115406056945,1.0,NORMAL,IB,72076.80194754018
878.0,37.0,155.89900534460196,1.0,NORMAL,IB,72232.70095288478
879.0,37.0,-270.43351528200344,1.0,NORMAL,IB,71962.26743760279
880.0,37.0,0.0,1.0,NORMAL,IB,71962.26743760279
881.0,37.0,0.0,1.0,NORMAL,IB,71962.26743760279
882.0,37.0,0.0,1.0,NORMAL,IB,71962.26743760279
883.0,37.0,0.0,1.0,NORMAL,IB,71962.26743760279
884.0,37.0,0.0,1.0,NORMAL,IB,71962.26743760279
885.0,37.0,0.0,1.0,NORMAL,IB,71962.26743760279
886.0,37.0,0.0,1.0,NORMAL,IB,71962.26743760279
887.0,37.0,0.0,1.0,NORMAL,IB,71962.26743760279
168.0,8.0,-199.64949999999996,1.0,NORMAL,MAS,-199.64949999999996
169.0,8.0,205.7860307547614,1.0,NORMAL,MAS,6.136530754761452
170.0,8.0,249.34499483568726,1.0,NORMAL,MAS,255.4815255904487
171.0,8.0,31.37088999610421,1.0,NORMAL,MAS,286.8524155865529
172.0,8.0,73.86091091167822,1.0,NORMAL,MAS,360.71332649823114
173.0,8.0,0.0,1.0,NORMAL,MAS,360.71332649823114
174.0,8.0,0.0,1.0,NORMAL,MAS,360.71332649823114
175.0,8.0,0.0,1.0,NORMAL,MAS,360.71332649823114
176.0,8.0,0.0,1.0,NORMAL,MAS,360.71332649823114
177.0,8.0,0.0,1.0,NORMAL,MAS,360.71332649823114
178.0,8.0,0.0,1.0,NORMAL,MAS,360.71332649823114
179.0,8.0,0.0,1.0,NORMAL,MAS,360.71332649823114
180.0,8.0,0.0,1.0,NORMAL,MAS,360.71332649823114
181.0,8.0,0.0,1.0,NORMAL,MAS,360.71332649823114
182.0,8.0,0.0,1.0,NORMAL,MAS,360.71332649823114
183.0,8.0,0.0,1.0,NORMAL,MAS,360.71332649823114
184.0,8.0,0.0,1.0,NORMAL,MAS,360.71332649823114
185.0,8.0,0.0,1.0,NORMAL,MAS,360.71332649823114
186.0,8.0,0.0,1.0,NORMAL,MAS,360.71332649823114
187.0,8.0,0.0,1.0,NORMAL,MAS,360.71332649823114
188.0,8.0,0.0,1.0,NORMAL,MAS,360.71332649823114
189.0,8.0,0.0,1.0,NORMAL,MAS,360.71332649823114
190.0,8.0,0.0,1.0,NORMAL,MAS,360.71332649823114
191.0,8.0,0.0,1.0,NORMAL,MAS,360.71332649823114
192.0,9.0,517.8941,1.0,NORMAL,MAS,878.6074264982311
193.0,9.0,22.748766440129764,1.0,NORMAL,MAS,901.3561929383609
194.0,9.0,15.586451766286077,1.0,NORMAL,MAS,916.942644704647
195.0,9.0,10.255394814049728,1.0,NORMAL,MAS,927.1980395186968
196.0,9.0,25.072276913836447,1.0,NORMAL,MAS,952.2703164325333
197.0,9.0,29.231102176479492,1.0,NORMAL,MAS,981.5014186090127
198.0,9.0,26.8296290630216,1.0,NORMAL,MAS,1008.3310476720343
199.0,9.0,23.482631492006288,1.0,NORMAL,MAS,1031.8136791640406
200.0,9.0,32.1385480894286,1.0,NORMAL,MAS,1063.9522272534693
201.0,9.0,17.428280465097437,1.0,NORMAL,MAS,1081.3805077185668
202.0,9.0,470.2133043680432,1.0,NORMAL,MAS,1551.5938120866101
203.0,9.0,-2.8057872386830436,1.0,NORMAL,MAS,1548.788024847927
204.0,9.0,-53.09757142495522,1.0,NORMAL,MAS,1495.6904534229718
205.0,9.0,16.880050492406596,1.0,NORMAL,MAS,1512.5705039153784
206.0,9.0,998.6585074333141,1.0,NORMAL,MAS,2511.2290113486924
207.0,9.0,1007.2861592339857,1.0,NORMAL,MAS,3518.5151705826784
208.0,9.0,14.483590429806362,1.0,NORMAL,MAS,3532.998761012485
209.0,9.0,944.6871566493081,1.0,NORMAL,MAS,4477.685917661793
210.0,9.0,-104.01670771386324,1.0,NORMAL,MAS,4373.66920994793
211.0,9.0,40.990427690135725,1.0,NORMAL,MAS,4414.659637638066
212.0,9.0,0.0,1.0,NORMAL,MAS,4414.659637638066
213.0,9.0,0.0,1.0,NORMAL,MAS,4414.659637638066
214.0,9.0,0.0,1.0,NORMAL,MAS,4414.659637638066
215.0,9.0,0.0,1.0,NORMAL,MAS,4414.659637638066
216.0,10.0,14.952000000000002,1.0,NORMAL,MAS,4429.611637638066
217.0,10.0,22.748766440129764,1.0,NORMAL,MAS,4452.360404078196
218.0,10.0,16.49606055947505,1.0,NORMAL,MAS,4468.856464637671
219.0,10.0,523.7700550999829,1.0,NORMAL,MAS,4992.626519737653
220.0,10.0,529.3142772848481,1.0,NORMAL,MAS,5521.940797022501
221.0,10.0,17.021790098726314,1.0,NORMAL,MAS,5538.962587121227
222.0,10.0,1036.0098507982993,1.0,NORMAL,MAS,6574.972437919527
223.0,10.0,26.30297033255647,1.0,NORMAL,MAS,6601.275408252083
224.0,10.0,-30.08909895864332,1.0,NORMAL,MAS,6571.18630929344
225.0,10.0,521.2792494387912,1.0,NORMAL,MAS,7092.465558732231
226.0,10.0,525.6058246817516,1.0,NORMAL,MAS,7618.071383413983
227.0,10.0,495.18705749326995,1.0,NORMAL,MAS,8113.258440907253
228.0,10.0,-147.22564151867692,1.0,NORMAL,MAS,7966.032799388577
229.0,10.0,457.04580100920134,1.0,NORMAL,MAS,8423.078600397777
230.0,10.0,391.35523011487317,1.0,NORMAL,MAS,8814.433830512651
231.0,10.0,-115.13920508789239,1.0,NORMAL,MAS,8699.294625424758
232.0,10.0,-116.02464320873128,1.0,NORMAL,MAS,8583.269982216027
233.0,10.0,0.0,1.0,NORMAL,MAS,8583.269982216027
234.0,10.0,0.0,1.0,NORMAL,MAS,8583.269982216027
235.0,10.0,0.0,1.0,NORMAL,MAS,8583.269982216027
236.0,10.0,0.0,1.0,NORMAL,MAS,8583.269982216027
237.0,10.0,0.0,1.0,NORMAL,MAS,8583.269982216027
238.0,10.0,0.0,1.0,NORMAL,MAS,8583.269982216027
239.0,10.0,0.0,1.0,NORMAL,MAS,8583.269982216027
240.0,11.0,8.053360000000001,1.0,NORMAL,MAS,8591.323342216027
241.0,11.0,515.3247097234593,1.0,NORMAL,MAS,9106.648051939486
242.0,11.0,20.43285025448988,1.0,NORMAL,MAS,9127.080902193977
243.0,11.0,19.20232886720915,1.0,NORMAL,MAS,9146.283231061187
244.0,11.0,1529.2893505801367,1.0,NORMAL,MAS,10675.572581641323
245.0,11.0,3.3661771969873584,1.0,NORMAL,MAS,10678.93875883831
246.0,11.0,25.512656410438392,1.0,NORMAL,MAS,10704.451415248748
247.0,11.0,12.130375965915945,1.0,NORMAL,MAS,10716.581791214665
248.0,11.0,-41.416568343760325,1.0,NORMAL,MAS,10675.165222870904
249.0,11.0,-85.97087364993985,1.0,NORMAL,MAS,10589.194349220965
250.0,11.0,503.6869693533012,1.0,NORMAL,MAS,11092.881318574266
251.0,11.0,-6.657957253442371,1.0,NORMAL,MAS,11086.223361320823
252.0,11.0,1384.292741222265,1.0,NORMAL,MAS,12470.516102543088
253.0,11.0,-108.57718414580314,1.0,NORMAL,MAS,12361.938918397285
254.0,11.0,1452.9803808973488,1.0,NORMAL,MAS,13814.919299294634
255.0,11.0,-166.97374967525298,1.0,NORMAL,MAS,13647.94554961938
256.0,11.0,0.0,1.0,NORMAL,MAS,13647.94554961938
257.0,11.0,0.0,1.0,NORMAL,MAS,13647.94554961938
258.0,11.0,0.0,1.0,NORMAL,MAS,13647.94554961938
259.0,11.0,0.0,1.0,NORMAL,MAS,13647.94554961938
260.0,11.0,0.0,1.0,NORMAL,MAS,13647.94554961938
261.0,11.0,0.0,1.0,NORMAL,MAS,13647.94554961938
262.0,11.0,0.0,1.0,NORMAL,MAS,13647.94554961938
263.0,11.0,0.0,1.0,NORMAL,MAS,13647.94554961938
264.0,12.0,8.23216,1.0,NORMAL,MAS,13656.17770961938
265.0,12.0,21.67990874468712,1.0,NORMAL,MAS,13677.857618364067
266.0,12.0,1029.8898613618337,1.0,NORMAL,MAS,14707.7474797259
267.0,12.0,15.844394158848178,1.0,NORMAL,MAS,14723.591873884749
268.0,12.0,28.086927560379927,1.0,NORMAL,MAS,14751.678801445129
269.0,12.0,15.040866380691513,1.0,NORMAL,MAS,14766.71966782582
270.0,12.0,30.141114208925526,1.0,NORMAL,MAS,14796.860782034746
271.0,12.0,28.181753927739077,1.0,NORMAL,MAS,14825.042535962486
272.0,12.0,8.419630639988316,1.0,NORMAL,MAS,14833.462166602474
273.0,12.0,33.76353602403932,1.0,NORMAL,MAS,14867.225702626514
274.0,12.0,28.444575732946493,1.0,NORMAL,MAS,14895.670278359461
275.0,12.0,1031.623502472343,1.0,NORMAL,MAS,15927.293780831804
276.0,12.0,29.201874653502482,1.0,NORMAL,MAS,15956.495655485307
277.0,12.0,38.61299171200247,1.0,NORMAL,MAS,15995.10864719731
278.0,12.0,7.603328579872966,1.0,NORMAL,MAS,16002.711975777183
279.0,12.0,22.46638088487505,1.0,NORMAL,MAS,16025.178356662058
280.0,12.0,1502.5020591491389,1.0,NORMAL,MAS,17527.680415811195
281.0,12.0,0.14186313689546282,1.0,NORMAL,MAS,17527.82227894809
282.0,12.0,53.529733363887345,1.0,NORMAL,MAS,17581.352012311978
283.0,12.0,-90.4429515762703,1.0,NORMAL,MAS,17490.909060735707
284.0,12.0,483.9088153998083,1.0,NORMAL,MAS,17974.817876135516
285.0,12.0,506.17758365702406,1.0,NORMAL,MAS,18480.99545979254
286.0,12.0,41.745954667872006,1.0,NORMAL,MAS,18522.74141446041
287.0,12.0,0.0,1.0,NORMAL,MAS,18522.74141446041
288.0,13.0,-35.80126,0.0,CRASH,MAS,18486.94015446041
289.0,13.0,0.0,0.0,CRASH,MAS,18486.94015446041
290.0,13.0,0.0,0.0,CRASH,MAS,18486.94015446041
291.0,13.0,0.0,0.0,CRASH,MAS,18486.94015446041
292.0,13.0,0.0,0.0,CRASH,MAS,18486.94015446041
293.0,13.0,0.0,0.0,CRASH,MAS,18486.94015446041
294.0,13.0,0.0,0.0,CRASH,MAS,18486.94015446041
295.0,13.0,0.0,0.0,CRASH,MAS,18486.94015446041
296.0,13.0,0.0,0.0,CRASH,MAS,18486.94015446041
297.0,13.0,0.0,0.0,CRASH,MAS,18486.94015446041
298.0,13.0,0.0,0.0,CRASH,MAS,18486.94015446041
299.0,13.0,0.0,0.0,CRASH,MAS,18486.94015446041
300.0,13.0,0.0,0.0,CRASH,MAS,18486.94015446041
301.0,13.0,-0.03637738516578658,0.0,CRASH,MAS,18486.903777075247
302.0,13.0,0.0,0.0,CRASH,MAS,18486.903777075247
303.0,13.0,0.0,0.0,CRASH,MAS,18486.903777075247
304.0,13.0,0.0,0.0,CRASH,MAS,18486.903777075247
305.0,13.0,0.0,0.0,CRASH,MAS,18486.903777075247
306.0,13.0,0.0,0.0,CRASH,MAS,18486.903777075247
307.0,13.0,0.0,0.0,CRASH,MAS,18486.903777075247
308.0,13.0,-0.0480195178178565,0.0,CRASH,MAS,18486.85575755743
309.0,13.0,0.0,0.0,CRASH,MAS,18486.85575755743
310.0,13.0,0.0,0.0,CRASH,MAS,18486.85575755743
311.0,13.0,0.0,0.0,CRASH,MAS,18486.85575755743
312.0,14.0,0.0,0.0,CRASH,MAS,18486.85575755743
313.0,14.0,0.0,0.0,CRASH,MAS,18486.85575755743
314.0,14.0,0.0,0.0,CRASH,MAS,18486.85575755743
315.0,14.0,0.0,0.0,CRASH,MAS,18486.85575755743
316.0,14.0,-0.02562720825731292,0.0,CRASH,MAS,18486.83013034917
317.0,14.0,0.0,0.0,CRASH,MAS,18486.83013034917
318.0,14.0,-0.02768050833375483,0.0,CRASH,MAS,18486.802449840838
319.0,14.0,0.0,0.0,CRASH,MAS,18486.802449840838
320.0,14.0,0.0,0.0,CRASH,MAS,18486.802449840838
321.0,14.0,0.0,0.0,CRASH,MAS,18486.802449840838
322.0,14.0,0.0,0.0,CRASH,MAS,18486.802449840838
323.0,14.0,0.0,0.0,CRASH,MAS,18486.802449840838
324.0,14.0,0.0,0.0,CRASH,MAS,18486.802449840838
325.0,14.0,0.0,0.0,CRASH,MAS,18486.802449840838
326.0,14.0,0.0,0.0,CRASH,MAS,18486.802449840838
327.0,14.0,0.0,0.0,CRASH,MAS,18486.802449840838
328.0,14.0,0.0,0.0,CRASH,MAS,18486.802449840838
329.0,14.0,-0.042612081932694966,0.0,CRASH,MAS,18486.759837758906
330.0,14.0,0.0,0.0,CRASH,MAS,18486.759837758906
331.0,14.0,0.0,0.0,CRASH,MAS,18486.759837758906
332.0,14.0,0.0,0.0,CRASH,MAS,18486.759837758906
333.0,14.0,0.0,0.0,CRASH,MAS,18486.759837758906
334.0,14.0,0.0,0.0,CRASH,MAS,18486.759837758906
335.0,14.0,0.0,0.0,CRASH,MAS,18486.759837758906
336.0,15.0,0.0,0.0,CRASH,MAS,18486.759837758906
337.0,15.0,0.0,0.0,CRASH,MAS,18486.759837758906
338.0,15.0,0.0,0.0,CRASH,MAS,18486.759837758906
339.0,15.0,0.0,0.0,CRASH,MAS,18486.759837758906
340.0,15.0,0.0,0.0,CRASH,MAS,18486.759837758906
341.0,15.0,0.0,0.0,CRASH,MAS,18486.759837758906
342.0,15.0,0.0,0.0,CRASH,MAS,18486.759837758906
343.0,15.0,0.0,0.0,CRASH,MAS,18486.759837758906
344.0,15.0,0.0,0.0,CRASH,MAS,18486.759837758906
345.0,15.0,0.0,0.0,CRASH,MAS,18486.759837758906
346.0,15.0,0.0,0.0,CRASH,MAS,18486.759837758906
347.0,15.0,0.0,0.0,CRASH,MAS,18486.759837758906
348.0,15.0,0.0,0.0,CRASH,MAS,18486.759837758906
349.0,15.0,0.0,0.0,CRASH,MAS,18486.759837758906
350.0,15.0,-0.03784003651311511,0.0,CRASH,MAS,18486.721997722394
351.0,15.0,0.0,0.0,CRASH,MAS,18486.721997722394
352.0,15.0,0.0,0.0,CRASH,MAS,18486.721997722394
353.0,15.0,-0.042612081932694966,0.0,CRASH,MAS,18486.679385640462
354.0,15.0,0.0,0.0,CRASH,MAS,18486.679385640462
355.0,15.0,0.0,0.0,CRASH,MAS,18486.679385640462
356.0,15.0,0.0,0.0,CRASH,MAS,18486.679385640462
357.0,15.0,0.0,0.0,CRASH,MAS,18486.679385640462
358.0,15.0,0.0,0.0,CRASH,MAS,18486.679385640462
359.0,15.0,0.0,0.0,CRASH,MAS,18486.679385640462
360.0,16.0,0.0,0.0,CRASH,MAS,18486.679385640462
361.0,16.0,0.0,0.0,CRASH,MAS,18486.679385640462
362.0,16.0,0.0,0.0,CRASH,MAS,18486.679385640462
363.0,16.0,0.0,0.0,CRASH,MAS,18486.679385640462
364.0,16.0,0.0,0.0,CRASH,MAS,18486.679385640462
365.0,16.0,0.0,0.0,CRASH,MAS,18486.679385640462
366.0,16.0,0.0,0.0,CRASH,MAS,18486.679385640462
367.0,16.0,0.0,0.0,CRASH,MAS,18486.679385640462
368.0,16.0,0.0,0.0,CRASH,MAS,18486.679385640462
369.0,16.0,0.0,0.0,CRASH,MAS,18486.679385640462
370.0,16.0,0.0,0.0,CRASH,MAS,18486.679385640462
371.0,16.0,0.0,0.0,CRASH,MAS,18486.679385640462
372.0,16.0,0.0,0.0,CRASH,MAS,18486.679385640462
373.0,16.0,0.0,0.0,CRASH,MAS,18486.679385640462
374.0,16.0,0.0,0.0,CRASH,MAS,18486.679385640462
375.0,16.0,0.0,0.0,CRASH,MAS,18486.679385640462
376.0,16.0,0.0,0.0,CRASH,MAS,18486.679385640462
377.0,16.0,0.0,0.0,CRASH,MAS,18486.679385640462
378.0,16.0,0.0,0.0,CRASH,MAS,18486.679385640462
379.0,16.0,0.0,0.0,CRASH,MAS,18486.679385640462
380.0,16.0,0.0,0.0,CRASH,MAS,18486.679385640462
381.0,16.0,0.0,0.0,CRASH,MAS,18486.679385640462
382.0,16.0,0.0,0.0,CRASH,MAS,18486.679385640462
383.0,16.0,0.0,0.0,CRASH,MAS,18486.679385640462
384.0,17.0,0.0,0.0,CRASH,MAS,18486.679385640462
385.0,17.0,0.0,0.0,CRASH,MAS,18486.679385640462
386.0,17.0,0.0,0.0,CRASH,MAS,18486.679385640462
387.0,17.0,0.0,0.0,CRASH,MAS,18486.679385640462
388.0,17.0,0.0,0.0,CRASH,MAS,18486.679385640462
389.0,17.0,0.0,0.0,CRASH,MAS,18486.679385640462
390.0,17.0,-0.02768050833375483,0.0,CRASH,MAS,18486.651705132128
391.0,17.0,0.0,0.0,CRASH,MAS,18486.651705132128
392.0,17.0,0.0,0.0,CRASH,MAS,18486.651705132128
393.0,17.0,-0.031099828292364025,0.0,CRASH,MAS,18486.620605303837
394.0,17.0,0.0,0.0,CRASH,MAS,18486.620605303837
395.0,17.0,0.0,0.0,CRASH,MAS,18486.620605303837
396.0,17.0,0.0,0.0,CRASH,MAS,18486.620605303837
397.0,17.0,0.0,0.0,CRASH,MAS,18486.620605303837
398.0,17.0,0.0,0.0,CRASH,MAS,18486.620605303837
399.0,17.0,0.0,0.0,CRASH,MAS,18486.620605303837
400.0,17.0,0.0,0.0,CRASH,MAS,18486.620605303837
401.0,17.0,0.0,0.0,CRASH,MAS,18486.620605303837
402.0,17.0,0.0,0.0,CRASH,MAS,18486.620605303837
403.0,17.0,0.0,0.0,CRASH,MAS,18486.620605303837
404.0,17.0,0.0,0.0,CRASH,MAS,18486.620605303837
405.0,17.0,0.0,0.0,CRASH,MAS,18486.620605303837
406.0,17.0,0.0,0.0,CRASH,MAS,18486.620605303837
407.0,17.0,0.0,0.0,CRASH,MAS,18486.620605303837
408.0,18.0,-0.022,0.0,CRASH,MAS,18486.598605303836
409.0,18.0,0.0,0.0,CRASH,MAS,18486.598605303836
410.0,18.0,0.0,0.0,CRASH,MAS,18486.598605303836
411.0,18.0,0.0,0.0,CRASH,MAS,18486.598605303836
412.0,18.0,0.0,0.0,CRASH,MAS,18486.598605303836
413.0,18.0,0.0,0.0,CRASH,MAS,18486.598605303836
414.0,18.0,-0.02768050833375483,0.0,CRASH,MAS,18486.570924795502
415.0,18.0,0.0,0.0,CRASH,MAS,18486.570924795502
416.0,18.0,0.0,0.0,CRASH,MAS,18486.570924795502
417.0,18.0,0.0,0.0,CRASH,MAS,18486.570924795502
418.0,18.0,0.0,0.0,CRASH,MAS,18486.570924795502
419.0,18.0,0.0,0.0,CRASH,MAS,18486.570924795502
420.0,18.0,0.0,0.0,CRASH,MAS,18486.570924795502
421.0,18.0,0.0,0.0,CRASH,MAS,18486.570924795502
422.0,18.0,-0.03784003651311511,0.0,CRASH,MAS,18486.53308475899
423.0,18.0,0.0,0.0,CRASH,MAS,18486.53308475899
424.0,18.0,0.0,0.0,CRASH,MAS,18486.53308475899
425.0,18.0,0.0,0.0,CRASH,MAS,18486.53308475899
426.0,18.0,-0.0443400003322535,0.0,CRASH,MAS,18486.48874475866
427.0,18.0,0.0,0.0,CRASH,MAS,18486.48874475866
428.0,18.0,0.0,0.0,CRASH,MAS,18486.48874475866
429.0,18.0,0.0,0.0,CRASH,MAS,18486.48874475866
430.0,18.0,0.0,0.0,CRASH,MAS,18486.48874475866
431.0,18.0,0.0,0.0,CRASH,MAS,18486.48874475866
432.0,19.0,0.0,0.0,CRASH,MAS,18486.48874475866
433.0,19.0,203.35090633439387,1.0,NORMAL,MAS,18689.839651093054
434.0,19.0,-452.60535050138856,1.0,NORMAL,MAS,18237.234300591666
435.0,19.0,-354.64542815864814,1.0,NORMAL,MAS,17882.588872433018
436.0,19.0,237.15291964892566,1.0,NORMAL,MAS,18119.741792081943
437.0,19.0,26.433094579179873,1.0,NORMAL,MAS,18146.174886661123
438.0,19.0,0.0,1.0,NORMAL,MAS,18146.174886661123
439.0,19.0,0.0,1.0,NORMAL,MAS,18146.174886661123
440.0,19.0,0.0,1.0,NORMAL,MAS,18146.174886661123
441.0,19.0,0.0,1.0,NORMAL,MAS,18146.174886661123
442.0,19.0,0.0,1.0,NORMAL,MAS,18146.174886661123
443.0,19.0,0.0,1.0,NORMAL,MAS,18146.174886661123
444.0,19.0,-63.14260358256081,1.0,NORMAL,MAS,18083.032283078563
445.0,19.0,0.0,1.0,NORMAL,MAS,18083.032283078563
446.0,19.0,0.0,1.0,NORMAL,MAS,18083.032283078563
447.0,19.0,0.0,1.0,NORMAL,MAS,18083.032283078563
448.0,19.0,0.0,1.0,NORMAL,MAS,18083.032283078563
449.0,19.0,0.0,1.0,NORMAL,MAS,18083.032283078563
450.0,19.0,0.0,1.0,NORMAL,MAS,18083.032283078563
451.0,19.0,0.0,1.0,NORMAL,MAS,18083.032283078563
452.0,19.0,0.0,1.0,NORMAL,MAS,18083.032283078563
453.0,19.0,0.0,1.0,NORMAL,MAS,18083.032283078563
454.0,19.0,0.0,1.0,NORMAL,MAS,18083.032283078563
455.0,19.0,0.0,1.0,NORMAL,MAS,18083.032283078563
456.0,20.0,-2469.009463106797,1.0,NORMAL,MAS,15614.022819971766
457.0,20.0,393.638596766849,1.0,NORMAL,MAS,16007.661416738614
458.0,20.0,0.0,1.0,NORMAL,MAS,16007.661416738614
459.0,20.0,0.0,1.0,NORMAL,MAS,16007.661416738614
460.0,20.0,0.0,1.0,NORMAL,MAS,16007.661416738614
461.0,20.0,0.0,1.0,NORMAL,MAS,16007.661416738614
462.0,20.0,0.0,1.0,NORMAL,MAS,16007.661416738614
463.0,20.0,0.0,1.0,NORMAL,MAS,16007.661416738614
464.0,20.0,0.0,1.0,NORMAL,MAS,16007.661416738614
465.0,20.0,0.0,1.0,NORMAL,MAS,16007.661416738614
466.0,20.0,0.0,1.0,NORMAL,MAS,16007.661416738614
467.0,20.0,0.0,1.0,NORMAL,MAS,16007.661416738614
468.0,20.0,0.0,1.3,HOLIDAY,MAS,16007.661416738614
469.0,20.0,0.0,1.3,HOLIDAY,MAS,16007.661416738614
470.0,20.0,0.0,1.3,HOLIDAY,MAS,16007.661416738614
471.0,20.0,0.0,1.3,HOLIDAY,MAS,16007.661416738614
472.0,20.0,0.0,1.3,HOLIDAY,MAS,16007.661416738614
473.0,20.0,0.0,1.3,HOLIDAY,MAS,16007.661416738614
474.0,20.0,0.0,1.3,HOLIDAY,MAS,16007.661416738614
475.0,20.0,0.0,1.3,HOLIDAY,MAS,16007.661416738614
476.0,20.0,0.0,1.3,HOLIDAY,MAS,16007.661416738614
477.0,20.0,0.0,1.3,HOLIDAY,MAS,16007.661416738614
478.0,20.0,0.0,1.3,HOLIDAY,MAS,16007.661416738614
479.0,20.0,0.0,1.3,HOLIDAY,MAS,16007.661416738614
480.0,21.0,624.0,1.3,HOLIDAY,MAS,16631.661416738614
481.0,21.0,619.8859566883559,1.3,HOLIDAY,MAS,17251.54737342697
482.0,21.0,1241.1284492338832,1.3,HOLIDAY,MAS,18492.67582266085
483.0,21.0,21.207944837385682,1.3,HOLIDAY,MAS,18513.883767498235
484.0,21.0,41.24019931005947,1.3,HOLIDAY,MAS,18555.123966808296
485.0,21.0,653.6760057689479,1.3,HOLIDAY,MAS,19208.799972577242
486.0,21.0,-22.108579588839223,1.3,HOLIDAY,MAS,19186.691392988403
487.0,21.0,1195.5918034067054,1.3,HOLIDAY,MAS,20382.28319639511
488.0,21.0,1719.2093923241914,1.3,HOLIDAY,MAS,22101.492588719302
489.0,21.0,350.2786902262869,1.3,HOLIDAY,MAS,22451.77127894559
490.0,21.0,-99.65180041321898,1.3,HOLIDAY,MAS,22352.11947853237
491.0,21.0,408.0361204406903,1.3,HOLIDAY,MAS,22760.155598973062
492.0,21.0,0.0,1.3,HOLIDAY,MAS,22760.155598973062
493.0,21.0,0.0,1.3,HOLIDAY,MAS,22760.155598973062
494.0,21.0,397.8428326466266,1.3,HOLIDAY,MAS,23157.99843161969
495.0,21.0,36.11951383859063,1.3,HOLIDAY,MAS,23194.11794545828
496.0,21.0,0.0,1.3,HOLIDAY,MAS,23194.11794545828
497.0,21.0,0.0,1.3,HOLIDAY,MAS,23194.11794545828
498.0,21.0,0.0,1.3,HOLIDAY,MAS,23194.11794545828
499.0,21.0,0.0,1.3,HOLIDAY,MAS,23194.11794545828
500.0,21.0,0.0,1.3,HOLIDAY,MAS,23194.11794545828
501.0,21.0,0.0,1.3,HOLIDAY,MAS,23194.11794545828
502.0,21.0,0.0,1.3,HOLIDAY,MAS,23194.11794545828
503.0,21.0,0.0,1.3,HOLIDAY,MAS,23194.11794545828
504.0,22.0,15.6,1.3,HOLIDAY,MAS,23209.71794545828
505.0,22.0,626.0784767958035,1.3,HOLIDAY,MAS,23835.796422254083
506.0,22.0,26.427893977251173,1.3,HOLIDAY,MAS,23862.224316231335
507.0,22.0,639.0785507563797,1.3,HOLIDAY,MAS,24501.302866987717
508.0,22.0,592.1824656039029,1.3,HOLIDAY,MAS,25093.48533259162
509.0,22.0,29.013145072386052,1.3,HOLIDAY,MAS,25122.498477664005
510.0,22.0,559.3500665534161,1.3,HOLIDAY,MAS,25681.84854421742
511.0,22.0,611.5767033522055,1.3,HOLIDAY,MAS,26293.425247569627
512.0,22.0,797.8593102801667,1.3,HOLIDAY,MAS,27091.284557849795
513.0,22.0,165.78510323992055,1.3,HOLIDAY,MAS,27257.069661089714
514.0,22.0,18.85190439901583,1.3,HOLIDAY,MAS,27275.92156548873
515.0,22.0,0.0,1.3,HOLIDAY,MAS,27275.92156548873
516.0,22.0,0.0,1.3,HOLIDAY,MAS,27275.92156548873
517.0,22.0,0.0,1.3,HOLIDAY,MAS,27275.92156548873
518.0,22.0,0.0,1.3,HOLIDAY,MAS,27275.92156548873
519.0,22.0,0.0,1.3,HOLIDAY,MAS,27275.92156548873
520.0,22.0,0.0,1.3,HOLIDAY,MAS,27275.92156548873
521.0,22.0,0.0,1.3,HOLIDAY,MAS,27275.92156548873
522.0,22.0,0.0,1.3,HOLIDAY,MAS,27275.92156548873
523.0,22.0,0.0,1.3,HOLIDAY,MAS,27275.92156548873
524.0,22.0,0.0,1.3,HOLIDAY,MAS,27275.92156548873
525.0,22.0,0.0,1.3,HOLIDAY,MAS,27275.92156548873
526.0,22.0,0.0,1.3,HOLIDAY,MAS,27275.92156548873
527.0,22.0,0.0,1.3,HOLIDAY,MAS,27275.92156548873
528.0,23.0,13.80728,1.3,HOLIDAY,MAS,27289.72884548873
529.0,23.0,15.874341985994105,1.3,HOLIDAY,MAS,27305.603187474724
530.0,23.0,14.633916817100278,1.3,HOLIDAY,MAS,27320.237104291824
531.0,23.0,12.782267510109389,1.3,HOLIDAY,MAS,27333.019371801933
532.0,23.0,632.7827514570217,1.3,HOLIDAY,MAS,27965.802123258953
533.0,23.0,34.37751677048038,1.3,HOLIDAY,MAS,28000.179640029433
534.0,23.0,607.0839682238662,1.3,HOLIDAY,MAS,28607.2636082533
535.0,23.0,-32.547998743649316,1.3,HOLIDAY,MAS,28574.71560950965
536.0,23.0,-156.8391618313281,1.3,HOLIDAY,MAS,28417.87644767832
537.0,23.0,1169.3634097755162,1.3,HOLIDAY,MAS,29587.23985745384
538.0,23.0,-278.9798276655905,1.3,HOLIDAY,MAS,29308.26002978825
539.0,23.0,286.8252989685701,1.3,HOLIDAY,MAS,29595.08532875682
540.0,23.0,0.0,1.3,HOLIDAY,MAS,29595.08532875682
541.0,23.0,0.0,1.3,HOLIDAY,MAS,29595.08532875682
542.0,23.0,0.0,1.3,HOLIDAY,MAS,29595.08532875682
543.0,23.0,0.0,1.3,HOLIDAY,MAS,29595.08532875682
544.0,23.0,0.0,1.3,HOLIDAY,MAS,29595.08532875682
545.0,23.0,0.0,1.3,HOLIDAY,MAS,29595.08532875682
546.0,23.0,0.0,1.3,HOLIDAY,MAS,29595.08532875682
547.0,23.0,0.0,1.3,HOLIDAY,MAS,29595.08532875682
548.0,23.0,0.0,1.3,HOLIDAY,MAS,29595.08532875682
549.0,23.0,0.0,1.3,HOLIDAY,MAS,29595.08532875682
550.0,23.0,0.0,1.3,HOLIDAY,MAS,29595.08532875682
551.0,23.0,0.0,1.3,HOLIDAY,MAS,29595.08532875682
552.0,24.0,4113.75,1.3,HOLIDAY,MAS,33708.83532875682
553.0,24.0,0.0,1.3,HOLIDAY,MAS,33708.83532875682
554.0,24.0,0.0,1.3,HOLIDAY,MAS,33708.83532875682
555.0,24.0,0.0,1.3,HOLIDAY,MAS,33708.83532875682
556.0,24.0,0.0,1.3,HOLIDAY,MAS,33708.83532875682
557.0,24.0,0.0,1.3,HOLIDAY,MAS,33708.83532875682
558.0,24.0,0.0,1.3,HOLIDAY,MAS,33708.83532875682
559.0,24.0,0.0,1.3,HOLIDAY,MAS,33708.83532875682
560.0,24.0,0.0,1.3,HOLIDAY,MAS,33708.83532875682
561.0,24.0,0.0,1.3,HOLIDAY,MAS,33708.83532875682
562.0,24.0,0.0,1.3,HOLIDAY,MAS,33708.83532875682
563.0,24.0,0.0,1.3,HOLIDAY,MAS,33708.83532875682
564.0,24.0,0.0,1.3,HOLIDAY,MAS,33708.83532875682
565.0,24.0,0.0,1.3,HOLIDAY,MAS,33708.83532875682
566.0,24.0,0.0,1.3,HOLIDAY,MAS,33708.83532875682
567.0,24.0,0.0,1.3,HOLIDAY,MAS,33708.83532875682
568.0,24.0,0.0,1.3,HOLIDAY,MAS,33708.83532875682
569.0,24.0,0.0,1.3,HOLIDAY,MAS,33708.83532875682
570.0,24.0,0.0,1.3,HOLIDAY,MAS,33708.83532875682
571.0,24.0,0.0,1.3,HOLIDAY,MAS,33708.83532875682
572.0,24.0,0.0,1.3,HOLIDAY,MAS,33708.83532875682
573.0,24.0,0.0,1.3,HOLIDAY,MAS,33708.83532875682
574.0,24.0,0.0,1.3,HOLIDAY,MAS,33708.83532875682
575.0,24.0,0.0,1.3,HOLIDAY,MAS,33708.83532875682
576.0,25.0,12.728240000000001,1.3,HOLIDAY,MAS,33721.563568756814
577.0,25.0,18.957305366774808,1.3,HOLIDAY,MAS,33740.52087412359
578.0,25.0,24.108801468540516,1.3,HOLIDAY,MAS,33764.62967559213
579.0,25.0,629.7075263643624,1.3,HOLIDAY,MAS,34394.33720195649
580.0,25.0,1199.4544477613385,1.3,HOLIDAY,MAS,35593.79164971783
581.0,25.0,26.74618898365442,1.3,HOLIDAY,MAS,35620.537838701486
582.0,25.0,582.9180962716363,1.3,HOLIDAY,MAS,36203.45593497312
583.0,25.0,2260.1374131709335,1.3,HOLIDAY,MAS,38463.59334814405
584.0,25.0,-39.677670409844126,1.3,HOLIDAY,MAS,38423.91567773421
585.0,25.0,-251.21998577354054,1.3,HOLIDAY,MAS,38172.69569196067
586.0,25.0,250.2253499167816,1.3,HOLIDAY,MAS,38422.921041877446
587.0,25.0,0.0,1.3,HOLIDAY,MAS,38422.921041877446
588.0,25.0,0.0,1.3,HOLIDAY,MAS,38422.921041877446
589.0,25.0,0.0,1.3,HOLIDAY,MAS,38422.921041877446
590.0,25.0,0.0,1.3,HOLIDAY,MAS,38422.921041877446
591.0,25.0,0.0,1.3,HOLIDAY,MAS,38422.921041877446
592.0,25.0,0.0,1.3,HOLIDAY,MAS,38422.921041877446
593.0,25.0,0.0,1.3,HOLIDAY,MAS,38422.921041877446
594.0,25.0,0.0,1.3,HOLIDAY,MAS,38422.921041877446
595.0,25.0,0.0,1.3,HOLIDAY,MAS,38422.921041877446
596.0,25.0,0.0,1.3,HOLIDAY,MAS,38422.921041877446
597.0,25.0,0.0,1.3,HOLIDAY,MAS,38422.921041877446
598.0,25.0,0.0,1.3,HOLIDAY,MAS,38422.921041877446
599.0,25.0,0.0,1.3,HOLIDAY,MAS,38422.921041877446
600.0,26.0,8.4,1.3,HOLIDAY,MAS,38431.32104187745
601.0,26.0,629.7125867979148,1.3,HOLIDAY,MAS,39061.03362867536
602.0,26.0,2427.3843301468773,1.3,HOLIDAY,MAS,41488.41795882224
603.0,26.0,28.073024691753012,1.3,HOLIDAY,MAS,41516.49098351399
604.0,26.0,3.492368598397533,1.3,HOLIDAY,MAS,41519.98335211239
605.0,26.0,550.2291033138418,1.3,HOLIDAY,MAS,42070.21245542623
606.0,26.0,1655.9665033237193,1.3,HOLIDAY,MAS,43726.178958749944
607.0,26.0,468.43725193398564,1.3,HOLIDAY,MAS,44194.61621068393
608.0,26.0,1191.9671340036896,1.3,HOLIDAY,MAS,45386.58334468762
609.0,26.0,542.7705316905394,1.3,HOLIDAY,MAS,45929.35387637816
610.0,26.0,1025.672152571881,1.3,HOLIDAY,MAS,46955.026028950044
611.0,26.0,0.0,1.3,HOLIDAY,MAS,46955.026028950044
612.0,26.0,0.0,1.3,HOLIDAY,MAS,46955.026028950044
613.0,26.0,0.0,1.3,HOLIDAY,MAS,46955.026028950044
614.0,26.0,0.0,1.3,HOLIDAY,MAS,46955.026028950044
615.0,26.0,0.0,1.3,HOLIDAY,MAS,46955.026028950044
616.0,26.0,0.0,1.3,HOLIDAY,MAS,46955.026028950044
617.0,26.0,0.0,1.3,HOLIDAY,MAS,46955.026028950044
618.0,26.0,0.0,1.3,HOLIDAY,MAS,46955.026028950044
619.0,26.0,0.0,1.3,HOLIDAY,MAS,46955.026028950044
620.0,26.0,0.0,1.3,HOLIDAY,MAS,46955.026028950044
621.0,26.0,0.0,1.3,HOLIDAY,MAS,46955.026028950044
622.0,26.0,0.0,1.3,HOLIDAY,MAS,46955.026028950044
623.0,26.0,0.0,1.3,HOLIDAY,MAS,46955.026028950044
624.0,27.0,7.2,1.3,HOLIDAY,MAS,46962.22602895004
625.0,27.0,24.012586797914754,1.0,NORMAL,MAS,46986.238615747956
626.0,27.0,21.789515955801036,1.0,NORMAL,MAS,47008.02813170376
627.0,27.0,9.236210077051503,1.0,NORMAL,MAS,47017.26434178081
628.0,27.0,523.8398531316287,1.0,NORMAL,MAS,47541.104194912434
629.0,27.0,-36.01898894798289,1.0,NORMAL,MAS,47505.08520596445
630.0,27.0,502.556237799542,1.0,NORMAL,MAS,48007.641443764
631.0,27.0,-11.857786255947552,1.0,NORMAL,MAS,47995.78365750805
632.0,27.0,1510.6306589643657,1.0,NORMAL,MAS,49506.414316472416
633.0,27.0,-25.839666644936955,1.0,NORMAL,MAS,49480.57464982748
634.0,27.0,1792.3025467068553,1.0,NORMAL,MAS,51272.87719653434
635.0,27.0,914.7922250566423,1.0,NORMAL,MAS,52187.66942159098
636.0,27.0,225.28908405294243,1.0,NORMAL,MAS,52412.958505643925
637.0,27.0,-149.32407618096312,1.0,NORMAL,MAS,52263.63442946296
638.0,27.0,-204.96956172030875,1.0,NORMAL,MAS,52058.66486774265
639.0,27.0,255.71831747563297,1.0,NORMAL,MAS,52314.383185218285
640.0,27.0,6.676518810232967,1.0,NORMAL,MAS,52321.05970402852
641.0,27.0,0.0,1.0,NORMAL,MAS,52321.05970402852
642.0,27.0,0.0,1.0,NORMAL,MAS,52321.05970402852
643.0,27.0,0.0,1.0,NORMAL,MAS,52321.05970402852
644.0,27.0,0.0,1.0,NORMAL,MAS,52321.05970402852
645.0,27.0,0.0,1.0,NORMAL,MAS,52321.05970402852
646.0,27.0,0.0,1.0,NORMAL,MAS,52321.05970402852
647.0,27.0,0.0,1.0,NORMAL,MAS,52321.05970402852
648.0,28.0,-92.06233999999999,1.0,NORMAL,MAS,52228.997364028524
649.0,28.0,-192.17258463193838,1.0,NORMAL,MAS,52036.824779396586
650.0,28.0,-390.89534649124585,1.0,NORMAL,MAS,51645.92943290534
651.0,28.0,221.82272103019227,1.0,NORMAL,MAS,51867.75215393553
652.0,28.0,0.0,1.0,NORMAL,MAS,51867.75215393553
653.0,28.0,0.0,1.0,NORMAL,MAS,51867.75215393553
654.0,28.0,0.0,1.0,NORMAL,MAS,51867.75215393553
655.0,28.0,0.0,1.0,NORMAL,MAS,51867.75215393553
656.0,28.0,1499.3809063282317,1.0,NORMAL,MAS,53367.13306026376
657.0,28.0,0.0,1.0,NORMAL,MAS,53367.13306026376
658.0,28.0,0.0,1.0,NORMAL,MAS,53367.13306026376
659.0,28.0,0.0,1.0,NORMAL,MAS,53367.13306026376
660.0,28.0,0.0,1.0,NORMAL,MAS,53367.13306026376
661.0,28.0,0.0,1.0,NORMAL,MAS,53367.13306026376
662.0,28.0,0.0,1.0,NORMAL,MAS,53367.13306026376
663.0,28.0,0.0,1.0,NORMAL,MAS,53367.13306026376
664.0,28.0,0.0,1.0,NORMAL,MAS,53367.13306026376
665.0,28.0,0.0,1.0,NORMAL,MAS,53367.13306026376
666.0,28.0,0.0,1.0,NORMAL,MAS,53367.13306026376
667.0,28.0,0.0,1.0,NORMAL,MAS,53367.13306026376
668.0,28.0,0.0,1.0,NORMAL,MAS,53367.13306026376
669.0,28.0,0.0,1.0,NORMAL,MAS,53367.13306026376
670.0,28.0,0.0,1.0,NORMAL,MAS,53367.13306026376
671.0,28.0,0.0,1.0,NORMAL,MAS,53367.13306026376
672.0,29.0,16.439439999999998,1.0,NORMAL,MAS,53383.57250026376
673.0,29.0,22.69888766334252,1.0,NORMAL,MAS,53406.2713879271
674.0,29.0,21.489507739089472,1.0,NORMAL,MAS,53427.76089566619
675.0,29.0,525.6547076071236,1.0,NORMAL,MAS,53953.415603273315
676.0,29.0,536.236694896117,1.0,NORMAL,MAS,54489.65229816943
677.0,29.0,534.9888265683446,1.0,NORMAL,MAS,55024.64112473778
678.0,29.0,30.832067706516078,1.0,NORMAL,MAS,55055.47319244429
679.0,29.0,33.81810471328689,1.0,NORMAL,MAS,55089.29129715758
680.0,29.0,0.0,1.0,NORMAL,MAS,55089.29129715758
681.0,29.0,0.0,1.0,NORMAL,MAS,55089.29129715758
682.0,29.0,0.0,1.0,NORMAL,MAS,55089.29129715758
683.0,29.0,0.0,1.0,NORMAL,MAS,55089.29129715758
684.0,29.0,127.2181038668802,1.0,NORMAL,MAS,55216.50940102446
685.0,29.0,760.488632263745,1.0,NORMAL,MAS,55976.998033288204
686.0,29.0,120.3632558956401,1.0,NORMAL,MAS,56097.36128918384
687.0,29.0,-214.76758311390537,1.0,NORMAL,MAS,55882.593706069936
688.0,29.0,-591.4165289338002,1.0,NORMAL,MAS,55291.17717713614
689.0,29.0,-70.41067158817111,1.0,NORMAL,MAS,55220.76650554797
690.0,29.0,0.0,1.0,NORMAL,MAS,55220.76650554797
691.0,29.0,0.0,1.0,NORMAL,MAS,55220.76650554797
692.0,29.0,0.0,1.0,NORMAL,MAS,55220.76650554797
693.0,29.0,0.0,1.0,NORMAL,MAS,55220.76650554797
694.0,29.0,0.0,1.0,NORMAL,MAS,55220.76650554797
695.0,29.0,0.0,1.0,NORMAL,MAS,55220.76650554797
696.0,30.0,434.4008,1.0,NORMAL,MAS,55655.16730554797
697.0,30.0,-280.08198774535794,1.0,NORMAL,MAS,55375.08531780261
698.0,30.0,567.8607076510864,1.0,NORMAL,MAS,55942.9460254537
699.0,30.0,24.980381056704744,1.0,NORMAL,MAS,55967.9264065104
700.0,30.0,-229.04582459404583,1.0,NORMAL,MAS,55738.88058191635
701.0,30.0,466.4646124919891,1.0,NORMAL,MAS,56205.34519440834
702.0,30.0,0.0,1.0,NORMAL,MAS,56205.34519440834
703.0,30.0,0.0,1.0,NORMAL,MAS,56205.34519440834
704.0,30.0,0.0,1.0,NORMAL,MAS,56205.34519440834
705.0,30.0,0.0,1.0,NORMAL,MAS,56205.34519440834
706.0,30.0,0.0,1.0,NORMAL,MAS,56205.34519440834
707.0,30.0,0.0,1.0,NORMAL,MAS,56205.34519440834
708.0,30.0,0.0,1.0,NORMAL,MAS,56205.34519440834
709.0,30.0,0.0,1.0,NORMAL,MAS,56205.34519440834
710.0,30.0,0.0,1.0,NORMAL,MAS,56205.34519440834
711.0,30.0,0.0,1.0,NORMAL,MAS,56205.34519440834
712.0,30.0,0.0,1.0,NORMAL,MAS,56205.34519440834
713.0,30.0,0.0,1.0,NORMAL,MAS,56205.34519440834
714.0,30.0,0.0,1.0,NORMAL,MAS,56205.34519440834
715.0,30.0,0.0,1.0,NORMAL,MAS,56205.34519440834
716.0,30.0,0.0,1.0,NORMAL,MAS,56205.34519440834
717.0,30.0,0.0,1.0,NORMAL,MAS,56205.34519440834
718.0,30.0,0.0,1.0,NORMAL,MAS,56205.34519440834
719.0,30.0,0.0,1.0,NORMAL,MAS,56205.34519440834
720.0,31.0,745.0,1.0,NORMAL,MAS,56950.34519440834
721.0,31.0,0.0,1.0,NORMAL,MAS,56950.34519440834
722.0,31.0,0.0,1.0,NORMAL,MAS,56950.34519440834
723.0,31.0,0.0,1.0,NORMAL,MAS,56950.34519440834
724.0,31.0,0.0,1.0,NORMAL,MAS,56950.34519440834
725.0,31.0,0.0,1.0,NORMAL,MAS,56950.34519440834
726.0,31.0,0.0,1.0,NORMAL,MAS,56950.34519440834
727.0,31.0,0.0,1.0,NORMAL,MAS,56950.34519440834
728.0,31.0,0.0,1.0,NORMAL,MAS,56950.34519440834
729.0,31.0,0.0,1.0,NORMAL,MAS,56950.34519440834
730.0,31.0,0.0,1.0,NORMAL,MAS,56950.34519440834
731.0,31.0,0.0,1.0,NORMAL,MAS,56950.34519440834
732.0,31.0,0.0,1.0,NORMAL,MAS,56950.34519440834
733.0,31.0,0.0,1.0,NORMAL,MAS,56950.34519440834
734.0,31.0,0.0,1.0,NORMAL,MAS,56950.34519440834
735.0,31.0,0.0,1.0,NORMAL,MAS,56950.34519440834
736.0,31.0,0.0,1.0,NORMAL,MAS,56950.34519440834
737.0,31.0,0.0,1.0,NORMAL,MAS,56950.34519440834
738.0,31.0,0.0,1.0,NORMAL,MAS,56950.34519440834
739.0,31.0,0.0,1.0,NORMAL,MAS,56950.34519440834
740.0,31.0,0.0,1.0,NORMAL,MAS,56950.34519440834
741.0,31.0,0.0,1.0,NORMAL,MAS,56950.34519440834
742.0,31.0,0.0,1.0,NORMAL,MAS,56950.34519440834
743.0,31.0,0.0,1.0,NORMAL,MAS,56950.34519440834
744.0,32.0,7.42016,1.0,NORMAL,MAS,56957.765354408344
745.0,32.0,12.274897352331948,1.0,NORMAL,MAS,56970.04025176068
746.0,32.0,18.62329992225172,1.0,NORMAL,MAS,56988.66355168293
747.0,32.0,22.15677018446403,1.0,NORMAL,MAS,57010.82032186739
748.0,32.0,29.146404262109687,1.0,NORMAL,MAS,57039.966726129496
749.0,32.0,31.440381098354095,1.0,NORMAL,MAS,57071.40710722785
750.0,32.0,534.279498146771,1.0,NORMAL,MAS,57605.68660537463
751.0,32.0,27.22198017478185,1.0,NORMAL,MAS,57632.90858554941
752.0,32.0,47.609286766928086,1.0,NORMAL,MAS,57680.51787231634
753.0,32.0,553.6111956595881,1.0,NORMAL,MAS,58234.129067975926
754.0,32.0,533.1449534494807,1.0,NORMAL,MAS,58767.27402142541
755.0,32.0,24.070970780958262,1.0,NORMAL,MAS,58791.34499220637
756.0,32.0,40.46408893979821,1.0,NORMAL,MAS,58831.809081146166
757.0,32.0,46.652676816060044,1.0,NORMAL,MAS,58878.46175796223
758.0,32.0,60.193589028044116,1.0,NORMAL,MAS,58938.65534699027
759.0,32.0,556.0040354167543,1.0,NORMAL,MAS,59494.65938240703
760.0,32.0,62.82439738655958,1.0,NORMAL,MAS,59557.48377979359
761.0,32.0,35.116870955689976,1.0,NORMAL,MAS,59592.60065074928
762.0,32.0,73.45694853657609,1.0,NORMAL,MAS,59666.05759928586
763.0,32.0,554.1045999021459,1.0,NORMAL,MAS,60220.162199188
764.0,32.0,568.1052048090022,1.0,NORMAL,MAS,60788.267403997
765.0,32.0,74.48484943287704,1.0,NORMAL,MAS,60862.75225342988
766.0,32.0,525.3495279784793,1.0,NORMAL,MAS,61388.10178140835
767.0,32.0,74.64509831094071,1.0,NORMAL,MAS,61462.74687971929
768.0,33.0,-92.86709999999998,1.0,NORMAL,MAS,61369.87977971929
769.0,33.0,483.00502587973585,1.0,NORMAL,MAS,61852.884805599024
770.0,33.0,-28.37863975530491,1.0,NORMAL,MAS,61824.50616584372
771.0,33.0,22.273306598340803,1.0,NORMAL,MAS,61846.77947244206
772.0,33.0,471.18449308146376,1.0,NORMAL,MAS,62317.96396552352
773.0,33.0,-58.944103073051956,1.0,NORMAL,MAS,62259.01986245047
774.0,33.0,14.575135616495604,1.0,NORMAL,MAS,62273.59499806697
775.0,33.0,-49.06259745539928,1.0,NORMAL,MAS,62224.53240061157
776.0,33.0,0.0,1.0,NORMAL,MAS,62224.53240061157
777.0,33.0,0.0,1.0,NORMAL,MAS,62224.53240061157
778.0,33.0,0.0,1.0,NORMAL,MAS,62224.53240061157
779.0,33.0,0.0,1.0,NORMAL,MAS,62224.53240061157
780.0,33.0,-5.477137418514644,1.0,NORMAL,MAS,62219.055263193055
781.0,33.0,7.328680029334464,1.0,NORMAL,MAS,62226.38394322239
782.0,33.0,241.96879879049092,1.0,NORMAL,MAS,62468.35274201288
783.0,33.0,0.0,1.0,NORMAL,MAS,62468.35274201288
784.0,33.0,0.0,1.0,NORMAL,MAS,62468.35274201288
785.0,33.0,0.0,1.0,NORMAL,MAS,62468.35274201288
786.0,33.0,0.0,1.0,NORMAL,MAS,62468.35274201288
787.0,33.0,0.0,1.0,NORMAL,MAS,62468.35274201288
788.0,33.0,0.0,1.0,NORMAL,MAS,62468.35274201288
789.0,33.0,0.0,1.0,NORMAL,MAS,62468.35274201288
790.0,33.0,0.0,1.0,NORMAL,MAS,62468.35274201288
791.0,33.0,0.0,1.0,NORMAL,MAS,62468.35274201288
792.0,34.0,-599.7812,1.0,NORMAL,MAS,61868.57154201288
793.0,34.0,1640.4018023305337,1.0,NORMAL,MAS,63508.973344343416
794.0,34.0,-1018.834594901822,1.0,NORMAL,MAS,62490.1387494416
795.0,34.0,24.930988144390437,1.0,NORMAL,MAS,62515.06973758599
796.0,34.0,0.0,1.0,NORMAL,MAS,62515.06973758599
797.0,34.0,0.0,1.0,NORMAL,MAS,62515.06973758599
798.0,34.0,0.0,1.0,NORMAL,MAS,62515.06973758599
799.0,34.0,0.0,1.0,NORMAL,MAS,62515.06973758599
800.0,34.0,0.0,1.0,NORMAL,MAS,62515.06973758599
801.0,34.0,0.0,1.0,NORMAL,MAS,62515.06973758599
802.0,34.0,0.0,1.0,NORMAL,MAS,62515.06973758599
803.0,34.0,0.0,1.0,NORMAL,MAS,62515.06973758599
804.0,34.0,0.0,1.0,NORMAL,MAS,62515.06973758599
805.0,34.0,0.0,1.0,NORMAL,MAS,62515.06973758599
806.0,34.0,0.0,1.0,NORMAL,MAS,62515.06973758599
807.0,34.0,0.0,1.0,NORMAL,MAS,62515.06973758599
808.0,34.0,0.0,1.0,NORMAL,MAS,62515.06973758599
809.0,34.0,0.0,1.0,NORMAL,MAS,62515.06973758599
810.0,34.0,0.0,1.0,NORMAL,MAS,62515.06973758599
811.0,34.0,0.0,1.0,NORMAL,MAS,62515.06973758599
812.0,34.0,0.0,1.0,NORMAL,MAS,62515.06973758599
813.0,34.0,0.0,1.0,NORMAL,MAS,62515.06973758599
814.0,34.0,0.0,1.0,NORMAL,MAS,62515.06973758599
815.0,34.0,0.0,1.0,NORMAL,MAS,62515.06973758599
816.0,35.0,1023.7388,1.0,NORMAL,MAS,63538.80853758599
817.0,35.0,520.3296646512048,1.0,NORMAL,MAS,64059.13820223719
818.0,35.0,14.633916817100278,1.0,NORMAL,MAS,64073.772119054294
819.0,35.0,527.1955628736039,1.0,NORMAL,MAS,64600.9676819279
820.0,35.0,24.35923003210977,1.0,NORMAL,MAS,64625.32691196001
821.0,35.0,17.743926648369253,1.0,NORMAL,MAS,64643.07083860838
822.0,35.0,31.138088081647027,1.0,NORMAL,MAS,64674.20892669003
823.0,35.0,43.60761224977066,1.0,NORMAL,MAS,64717.8165389398
824.0,35.0,24.111395676167376,1.0,NORMAL,MAS,64741.92793461597
825.0,35.0,33.16377562699328,1.0,NORMAL,MAS,64775.09171024296
826.0,35.0,999.3325654095892,1.0,NORMAL,MAS,65774.42427565255
827.0,35.0,40.52274102113642,1.0,NORMAL,MAS,65814.94701667369
828.0,35.0,51.61966334425329,1.0,NORMAL,MAS,65866.56668001795
829.0,35.0,-9.732772310438637,1.0,NORMAL,MAS,65856.8339077075
830.0,35.0,63.96886215740417,1.0,NORMAL,MAS,65920.80276986491
831.0,35.0,531.3118022465641,1.0,NORMAL,MAS,66452.11457211147
832.0,35.0,-79.44247353611843,1.0,NORMAL,MAS,66372.67209857535
833.0,35.0,-107.97322181184177,1.0,NORMAL,MAS,66264.6988767635
834.0,35.0,79.47019418868675,1.0,NORMAL,MAS,66344.1690709522
835.0,35.0,1485.8990181700888,1.0,NORMAL,MAS,67830.06808912229
836.0,35.0,229.15666136664177,1.0,NORMAL,MAS,68059.22475048892
837.0,35.0,80.13075380016079,1.0,NORMAL,MAS,68139.35550428908
838.0,35.0,0.0,1.0,NORMAL,MAS,68139.35550428908
839.0,35.0,0.0,1.0,NORMAL,MAS,68139.35550428908
840.0,36.0,310.3538302325581,1.0,NORMAL,MAS,68449.70933452164
841.0,36.0,116.96596963099901,1.0,NORMAL,MAS,68566.67530415264
842.0,36.0,-324.4382288562683,1.0,NORMAL,MAS,68242.23707529638
843.0,36.0,50.68589525826647,1.0,NORMAL,MAS,68292.92297055465
844.0,36.0,239.7090377807217,1.0,NORMAL,MAS,68532.63200833536
845.0,36.0,0.0,1.0,NORMAL,MAS,68532.63200833536
846.0,36.0,0.0,1.0,NORMAL,MAS,68532.63200833536
847.0,36.0,0.0,1.0,NORMAL,MAS,68532.63200833536
848.0,36.0,0.0,1.0,NORMAL,MAS,68532.63200833536
849.0,36.0,0.0,1.0,NORMAL,MAS,68532.63200833536
850.0,36.0,0.0,1.0,NORMAL,MAS,68532.63200833536
851.0,36.0,0.0,1.0,NORMAL,MAS,68532.63200833536
852.0,36.0,0.0,1.0,NORMAL,MAS,68532.63200833536
853.0,36.0,0.0,1.0,NORMAL,MAS,68532.63200833536
854.0,36.0,0.0,1.0,NORMAL,MAS,68532.63200833536
855.0,36.0,0.0,1.0,NORMAL,MAS,68532.63200833536
856.0,36.0,0.0,1.0,NORMAL,MAS,68532.63200833536
857.0,36.0,0.0,1.0,NORMAL,MAS,68532.63200833536
858.0,36.0,0.0,1.0,NORMAL,MAS,68532.63200833536
859.0,36.0,0.0,1.0,NORMAL,MAS,68532.63200833536
860.0,36.0,0.0,1.0,NORMAL,MAS,68532.63200833536
861.0,36.0,0.0,1.0,NORMAL,MAS,68532.63200833536
862.0,36.0,0.0,1.0,NORMAL,MAS,68532.63200833536
863.0,36.0,0.0,1.0,NORMAL,MAS,68532.63200833536
864.0,37.0,-1123.426810843374,1.0,NORMAL,MAS,67409.20519749199
865.0,37.0,-613.3990757706435,1.0,NORMAL,MAS,66795.80612172134
866.0,37.0,0.0,1.0,NORMAL,MAS,66795.80612172134
867.0,37.0,0.0,1.0,NORMAL,MAS,66795.80612172134
868.0,37.0,0.0,1.0,NORMAL,MAS,66795.80612172134
869.0,37.0,0.0,1.0,NORMAL,MAS,66795.80612172134
870.0,37.0,0.0,1.0,NORMAL,MAS,66795.80612172134
871.0,37.0,0.0,1.0,NORMAL,MAS,66795.80612172134
872.0,37.0,0.0,1.0,NORMAL,MAS,66795.80612172134
873.0,37.0,0.0,1.0,NORMAL,MAS,66795.80612172134
874.0,37.0,0.0,1.0,NORMAL,MAS,66795.80612172134
875.0,37.0,0.0,1.0,NORMAL,MAS,66795.80612172134
876.0,37.0,0.0,1.0,NORMAL,MAS,66795.80612172134
877.0,37.0,0.0,1.0,NORMAL,MAS,66795.80612172134
878.0,37.0,0.0,1.0,NORMAL,MAS,66795.80612172134
879.0,37.0,0.0,1.0,NORMAL,MAS,66795.80612172134
880.0,37.0,0.0,1.0,NORMAL,MAS,66795.80612172134
881.0,37.0,0.0,1.0,NORMAL,MAS,66795.80612172134
882.0,37.0,0.0,1.0,NORMAL,MAS,66795.80612172134
883.0,37.0,0.0,1.0,NORMAL,MAS,66795.80612172134
884.0,37.0,0.0,1.0,NORMAL,MAS,66795.80612172134
885.0,37.0,0.0,1.0,NORMAL,MAS,66795.80612172134
886.0,37.0,0.0,1.0,NORMAL,MAS,66795.80612172134
887.0,37.0,0.0,1.0,NORMAL,MAS,66795.80612172134
168.0,8.0,2.08,1.0,NORMAL,CENTAUR,2.08
169.0,8.0,1.8074316210135692,1.0,NORMAL,CENTAUR,3.8874316210135693
170.0,8.0,504.3476161980849,1.0,NORMAL,CENTAUR,508.23504781909844
171.0,8.0,3.3873288846325798,1.0,NORMAL,CENTAUR,511.622376703731
172.0,8.0,7.902600996683187,1.0,NORMAL,CENTAUR,519.5249777004142
173.0,8.0,7.310394616763897,1.0,NORMAL,CENTAUR,526.8353723171781
174.0,8.0,22.0753103905125,1.0,NORMAL,CENTAUR,548.9106827076906
175.0,8.0,518.399435079216,1.0,NORMAL,CENTAUR,1067.3101177869066
176.0,8.0,35.33608610093435,1.0,NORMAL,CENTAUR,1102.646203887841
177.0,8.0,38.75764885937098,1.0,NORMAL,CENTAUR,1141.4038527472119
178.0,8.0,522.9251646631743,1.0,NORMAL,CENTAUR,1664.3290174103863
179.0,8.0,-76.02667209149938,1.0,NORMAL,CENTAUR,1588.3023453188869
180.0,8.0,445.6825479925301,1.0,NORMAL,CENTAUR,2033.984893311417
181.0,8.0,470.49939069383186,1.0,NORMAL,CENTAUR,2504.484284005249
182.0,8.0,-104.40171827903757,1.0,NORMAL,CENTAUR,2400.082565726211
183.0,8.0,393.0820582722111,1.0,NORMAL,CENTAUR,2793.1646239984225
184.0,8.0,-117.19367922338601,1.0,NORMAL,CENTAUR,2675.9709447750365
185.0,8.0,68.57886053497732,1.0,NORMAL,CENTAUR,2744.5498053100137
186.0,8.0,1062.6547324916687,1.0,NORMAL,CENTAUR,3807.2045378016824
187.0,8.0,566.0196978058802,1.0,NORMAL,CENTAUR,4373.224235607562
188.0,8.0,1055.4256771622372,1.0,NORMAL,CENTAUR,5428.649912769799
189.0,8.0,1076.036430530287,1.0,NORMAL,CENTAUR,6504.686343300085
190.0,8.0,1102.7516206493112,1.0,NORMAL,CENTAUR,7607.437963949396
191.0,8.0,67.77122218595697,1.0,NORMAL,CENTAUR,7675.209186135354
192.0,9.0,-35.73794000000002,1.0,NORMAL,CENTAUR,7639.471246135354
193.0,9.0,987.0845119197443,1.0,NORMAL,CENTAUR,8626.555758055098
194.0,9.0,11.475461800328816,1.0,NORMAL,CENTAUR,8638.031219855426
195.0,9.0,34.426272619613194,1.0,NORMAL,CENTAUR,8672.45749247504
196.0,9.0,35.69060617530424,1.0,NORMAL,CENTAUR,8708.148098650343
197.0,9.0,549.6561093626914,1.0,NORMAL,CENTAUR,9257.804208013034
198.0,9.0,545.3217315226606,1.0,NORMAL,CENTAUR,9803.125939535696
199.0,9.0,527.2828949676955,1.0,NORMAL,CENTAUR,10330.40883450339
200.0,9.0,33.07876984237182,1.0,NORMAL,CENTAUR,10363.487604345763
201.0,9.0,528.7421914026509,1.0,NORMAL,CENTAUR,10892.229795748413
202.0,9.0,517.4561449534763,1.0,NORMAL,CENTAUR,11409.68594070189
203.0,9.0,533.1165362571245,1.0,NORMAL,CENTAUR,11942.802476959014
204.0,9.0,30.864137439503814,1.0,NORMAL,CENTAUR,11973.666614398519
205.0,9.0,528.4338790444738,1.0,NORMAL,CENTAUR,12502.100493442993
206.0,9.0,557.0639685356342,1.0,NORMAL,CENTAUR,13059.164461978628
207.0,9.0,1571.486189665995,1.0,NORMAL,CENTAUR,14630.650651644622
208.0,9.0,38.48090902232543,1.0,NORMAL,CENTAUR,14669.131560666949
209.0,9.0,579.3539774923893,1.0,NORMAL,CENTAUR,15248.485538159337
210.0,9.0,53.343570293386456,1.0,NORMAL,CENTAUR,15301.829108452723
211.0,9.0,1401.9371507464155,1.0,NORMAL,CENTAUR,16703.76625919914
212.0,9.0,-28.23119403712979,1.0,NORMAL,CENTAUR,16675.53506516201
213.0,9.0,654.2122016508774,1.0,NORMAL,CENTAUR,17329.747266812887
214.0,9.0,73.50736418377655,1.0,NORMAL,CENTAUR,17403.254630996664
215.0,9.0,0.0,1.0,NORMAL,CENTAUR,17403.254630996664
216.0,10.0,264.41530232558137,1.0,NORMAL,CENTAUR,17667.669933322246
217.0,10.0,-163.3477358585451,1.0,NORMAL,CENTAUR,17504.3221974637
218.0,10.0,686.877262976092,1.0,NORMAL,CENTAUR,18191.199460439795
219.0,10.0,340.39673524783734,1.0,NORMAL,CENTAUR,18531.59619568763
220.0,10.0,600.0173690517572,1.0,NORMAL,CENTAUR,19131.61356473939
221.0,10.0,14.524435585332581,1.0,NORMAL,CENTAUR,19146.13800032472
222.0,10.0,0.0,1.0,NORMAL,CENTAUR,19146.13800032472
223.0,10.0,0.0,1.0,NORMAL,CENTAUR,19146.13800032472
224.0,10.0,0.0,1.0,NORMAL,CENTAUR,19146.13800032472
225.0,10.0,0.0,1.0,NORMAL,CENTAUR,19146.13800032472
226.0,10.0,0.0,1.0,NORMAL,CENTAUR,19146.13800032472
227.0,10.0,0.0,1.0,NORMAL,CENTAUR,19146.13800032472
228.0,10.0,0.0,1.0,NORMAL,CENTAUR,19146.13800032472
229.0,10.0,0.0,1.0,NORMAL,CENTAUR,19146.13800032472
230.0,10.0,0.0,1.0,NORMAL,CENTAUR,19146.13800032472
231.0,10.0,0.0,1.0,NORMAL,CENTAUR,19146.13800032472
232.0,10.0,0.0,1.0,NORMAL,CENTAUR,19146.13800032472
233.0,10.0,0.0,1.0,NORMAL,CENTAUR,19146.13800032472
234.0,10.0,0.0,1.0,NORMAL,CENTAUR,19146.13800032472
235.0,10.0,0.0,1.0,NORMAL,CENTAUR,19146.13800032472
236.0,10.0,0.0,1.0,NORMAL,CENTAUR,19146.13800032472
237.0,10.0,0.0,1.0,NORMAL,CENTAUR,19146.13800032472
238.0,10.0,0.0,1.0,NORMAL,CENTAUR,19146.13800032472
239.0,10.0,0.0,1.0,NORMAL,CENTAUR,19146.13800032472
240.0,11.0,3.12,1.0,NORMAL,CENTAUR,19149.25800032472
241.0,11.0,2.1063672629749783,1.0,NORMAL,CENTAUR,19151.364367587696
242.0,11.0,3.9910682228455303,1.0,NORMAL,CENTAUR,19155.35543581054
243.0,11.0,0.9331484530668264,1.0,NORMAL,CENTAUR,19156.288584263606
244.0,11.0,507.6788426836267,1.0,NORMAL,CENTAUR,19663.967426947234
245.0,11.0,512.5927359311775,1.0,NORMAL,CENTAUR,20176.560162878413
246.0,11.0,7.221452118348726,1.0,NORMAL,CENTAUR,20183.781614996762
247.0,11.0,10.360979131906108,1.0,NORMAL,CENTAUR,20194.14259412867
248.0,11.0,536.9466059742741,1.0,NORMAL,CENTAUR,20731.089200102942
249.0,11.0,31.257820165612614,1.0,NORMAL,CENTAUR,20762.347020268557
250.0,11.0,528.1778748897075,1.0,NORMAL,CENTAUR,21290.524895158265
251.0,11.0,1042.3578160206546,1.0,NORMAL,CENTAUR,22332.88271117892
252.0,11.0,59.752616230025446,1.0,NORMAL,CENTAUR,22392.635327408945
253.0,11.0,-108.85678160098715,1.0,NORMAL,CENTAUR,22283.77854580796
254.0,11.0,-215.65218242832634,1.0,NORMAL,CENTAUR,22068.126363379633
255.0,11.0,-266.62417205598916,1.0,NORMAL,CENTAUR,21801.502191323645
256.0,11.0,938.0464756221329,1.0,NORMAL,CENTAUR,22739.54866694578
257.0,11.0,54.382975228148666,1.0,NORMAL,CENTAUR,22793.931642173928
258.0,11.0,248.79054621346967,1.0,NORMAL,CENTAUR,23042.722188387397
259.0,11.0,-236.62418284201829,1.0,NORMAL,CENTAUR,22806.09800554538
260.0,11.0,0.0,1.0,NORMAL,CENTAUR,22806.09800554538
261.0,11.0,0.0,1.0,NORMAL,CENTAUR,22806.09800554538
262.0,11.0,0.0,1.0,NORMAL,CENTAUR,22806.09800554538
263.0,11.0,0.0,1.0,NORMAL,CENTAUR,22806.09800554538
264.0,12.0,26.673519999999996,1.0,NORMAL,CENTAUR,22832.77152554538
265.0,12.0,23.221266744560317,1.0,NORMAL,CENTAUR,22855.99279228994
266.0,12.0,6.283892571667812,1.0,NORMAL,CENTAUR,22862.27668486161
267.0,12.0,4.132167979870521,1.0,NORMAL,CENTAUR,22866.40885284148
268.0,12.0,504.70819378943474,1.0,NORMAL,CENTAUR,23371.117046630916
269.0,12.0,3.094870927041149,1.0,NORMAL,CENTAUR,23374.211917557957
270.0,12.0,2.7100635417193537,1.0,NORMAL,CENTAUR,23376.921981099676
271.0,12.0,2.277313448706188,1.0,NORMAL,CENTAUR,23379.199294548383
272.0,12.0,253.65496469552446,1.0,NORMAL,CENTAUR,23632.854259243908
273.0,12.0,-89.57999142777547,1.0,NORMAL,CENTAUR,23543.274267816134
274.0,12.0,1057.3418843867469,1.0,NORMAL,CENTAUR,24600.61615220288
275.0,12.0,17.048026136247014,1.0,NORMAL,CENTAUR,24617.664178339128
276.0,12.0,12.180268955538399,1.0,NORMAL,CENTAUR,24629.844447294665
277.0,12.0,5.746489951811845,1.0,NORMAL,CENTAUR,24635.590937246478
278.0,12.0,3.184003651311511,1.0,NORMAL,CENTAUR,24638.77494089779
279.0,12.0,3.3364919148644447,1.0,NORMAL,CENTAUR,24642.111432812657
280.0,12.0,1008.8621898867988,1.0,NORMAL,CENTAUR,25650.973622699457
281.0,12.0,507.40480089878827,1.0,NORMAL,CENTAUR,26158.378423598246
282.0,12.0,12.815720211060714,1.0,NORMAL,CENTAUR,26171.194143809305
283.0,12.0,4.42780113240995,1.0,NORMAL,CENTAUR,26175.621944941715
284.0,12.0,16.825035129447922,1.0,NORMAL,CENTAUR,26192.446980071163
285.0,12.0,21.140206963729078,1.0,NORMAL,CENTAUR,26213.587187034893
286.0,12.0,59.951682337970865,1.0,NORMAL,CENTAUR,26273.538869372864
287.0,12.0,51.24062740454488,1.0,NORMAL,CENTAUR,26324.77949677741
288.0,13.0,-60.04746,0.0,CRASH,CENTAUR,26264.73203677741
289.0,13.0,-68.84233569717463,0.0,CRASH,CENTAUR,26195.889701080232
290.0,13.0,-108.1233981992354,0.0,CRASH,CENTAUR,26087.766302881
291.0,13.0,-181.8265062562505,0.0,CRASH,CENTAUR,25905.93979662475
292.0,13.0,-130.91864355914362,0.0,CRASH,CENTAUR,25775.021153065605
293.0,13.0,-154.1303764318301,0.0,CRASH,CENTAUR,25620.890776633776
294.0,13.0,-221.10442683278342,0.0,CRASH,CENTAUR,25399.786349800994
295.0,13.0,-169.6610752343053,0.0,CRASH,CENTAUR,25230.12527456669
296.0,13.0,-68.98572135206591,0.0,CRASH,CENTAUR,25161.139553214623
297.0,13.0,-54.62125042644479,0.0,CRASH,CENTAUR,25106.51830278818
298.0,13.0,-35.142605110779265,0.0,CRASH,CENTAUR,25071.3756976774
299.0,13.0,-36.849343841753196,0.0,CRASH,CENTAUR,25034.526353835645
300.0,13.0,0.0,0.0,CRASH,CENTAUR,25034.526353835645
301.0,13.0,-9.094346291446643,0.0,CRASH,CENTAUR,25025.432007544197
302.0,13.0,-13.244012779590287,0.0,CRASH,CENTAUR,25012.18799476461
303.0,13.0,-7.87298382972889,0.0,CRASH,CENTAUR,25004.31501093488
304.0,13.0,-14.334138287382729,0.0,CRASH,CENTAUR,24989.980872647495
305.0,13.0,-14.914228676443235,0.0,CRASH,CENTAUR,24975.06664397105
306.0,13.0,-6.651000049838024,0.0,CRASH,CENTAUR,24968.415643921213
307.0,13.0,-6.921215446820113,0.0,CRASH,CENTAUR,24961.494428474394
308.0,13.0,-12.004879454464126,0.0,CRASH,CENTAUR,24949.48954901993
309.0,13.0,-9.995501175868393,0.0,CRASH,CENTAUR,24939.494047844062
310.0,13.0,-10.403760054648515,0.0,CRASH,CENTAUR,24929.090287789415
311.0,13.0,-21.65877817047414,0.0,CRASH,CENTAUR,24907.431509618942
312.0,14.0,-0.022,0.0,CRASH,CENTAUR,24907.40950961894
313.0,14.0,-10.282922146709923,0.0,CRASH,CENTAUR,24897.12658747223
314.0,14.0,-9.495232396169833,0.0,CRASH,CENTAUR,24887.63135507606
315.0,14.0,-3.699445359200479,0.0,CRASH,CENTAUR,24883.93190971686
316.0,14.0,-3.844081238596938,0.0,CRASH,CENTAUR,24880.087828478263
317.0,14.0,-6.658118211735248,0.0,CRASH,CENTAUR,24873.429710266526
318.0,14.0,-5.536101666750966,0.0,CRASH,CENTAUR,24867.893608599774
319.0,14.0,-2.877313448706188,0.0,CRASH,CENTAUR,24865.01629515107
320.0,14.0,-8.225868337973493,0.0,CRASH,CENTAUR,24856.790426813095
321.0,14.0,-7.526158446752094,0.0,CRASH,CENTAUR,24849.264268366343
322.0,14.0,-15.064627451948985,0.0,CRASH,CENTAUR,24834.199640914394
323.0,14.0,-19.694660577422958,0.0,CRASH,CENTAUR,24814.50498033697
324.0,14.0,0.0,0.0,CRASH,CENTAUR,24814.50498033697
325.0,14.0,-18.188692582893285,0.0,CRASH,CENTAUR,24796.316287754074
326.0,14.0,-10.406010041106656,0.0,CRASH,CENTAUR,24785.910277712966
327.0,14.0,-21.434198476436897,0.0,CRASH,CENTAUR,24764.47607923653
328.0,14.0,-19.078738060506414,0.0,CRASH,CENTAUR,24745.397341176023
329.0,14.0,-18.716930868116936,0.0,CRASH,CENTAUR,24726.680410307905
330.0,14.0,-21.423757960534918,0.0,CRASH,CENTAUR,24705.25665234737
331.0,14.0,-65.39348919900891,0.0,CRASH,CENTAUR,24639.86316314836
332.0,14.0,-51.46683900200042,0.0,CRASH,CENTAUR,24588.396324146357
333.0,14.0,-69.63565804192233,0.0,CRASH,CENTAUR,24518.760666104434
334.0,14.0,-55.195588405929506,0.0,CRASH,CENTAUR,24463.565077698506
335.0,14.0,-102.99723665078125,0.0,CRASH,CENTAUR,24360.567841047723
336.0,15.0,0.0,0.0,CRASH,CENTAUR,24360.567841047723
337.0,15.0,-5.712734525949957,0.0,CRASH,CENTAUR,24354.855106521773
338.0,15.0,-4.747616198084916,0.0,CRASH,CENTAUR,24350.107490323688
339.0,15.0,-4.932593812267306,0.0,CRASH,CENTAUR,24345.17489651142
340.0,15.0,-6.406802064328229,0.0,CRASH,CENTAUR,24338.768094447092
341.0,15.0,-2.6632472846940995,0.0,CRASH,CENTAUR,24336.104847162398
342.0,15.0,-9.688177916814189,0.0,CRASH,CENTAUR,24326.416669245584
343.0,15.0,-1.438656724353094,0.0,CRASH,CENTAUR,24324.97801252123
344.0,15.0,-8.973674550516536,0.0,CRASH,CENTAUR,24316.004337970713
345.0,15.0,-9.329948487709208,0.0,CRASH,CENTAUR,24306.674389483003
346.0,15.0,-6.467587185552854,0.0,CRASH,CENTAUR,24300.20680229745
347.0,15.0,-11.770052423970009,0.0,CRASH,CENTAUR,24288.43674987348
348.0,15.0,0.0,0.0,CRASH,CENTAUR,24288.43674987348
349.0,15.0,-7.275477033157315,0.0,CRASH,CENTAUR,24281.161272840323
350.0,15.0,-12.487212049327987,0.0,CRASH,CENTAUR,24268.674060790996
351.0,15.0,-9.526310433971956,0.0,CRASH,CENTAUR,24259.147750357024
352.0,15.0,-24.52980607779396,0.0,CRASH,CENTAUR,24234.61794427923
353.0,15.0,-31.194600699648674,0.0,CRASH,CENTAUR,24203.423343579583
354.0,15.0,-39.27548549430351,0.0,CRASH,CENTAUR,24164.147858085278
355.0,15.0,-14.30430667112469,0.0,CRASH,CENTAUR,24149.843551414153
356.0,15.0,-36.02712343802502,0.0,CRASH,CENTAUR,24113.81642797613
357.0,15.0,-18.74806178051755,0.0,CRASH,CENTAUR,24095.068366195614
358.0,15.0,-34.34437250440295,0.0,CRASH,CENTAUR,24060.723993691212
359.0,15.0,-68.81643588104747,0.0,CRASH,CENTAUR,23991.907557810166
360.0,16.0,0.0,0.0,CRASH,CENTAUR,23991.907557810166
361.0,16.0,-5.712734525949957,0.0,CRASH,CENTAUR,23986.194823284215
362.0,16.0,-6.5279722723667595,0.0,CRASH,CENTAUR,23979.666851011847
363.0,16.0,-13.42898665389774,0.0,CRASH,CENTAUR,23966.23786435795
364.0,16.0,-15.349416385717571,0.0,CRASH,CENTAUR,23950.888447972233
365.0,16.0,-13.647544385686441,0.0,CRASH,CENTAUR,23937.240903586546
366.0,16.0,-15.602948937570922,0.0,CRASH,CENTAUR,23921.637954648973
367.0,16.0,-28.035103587468743,0.0,CRASH,CENTAUR,23893.602851061503
368.0,16.0,-23.316298584607118,0.0,CRASH,CENTAUR,23870.286552476897
369.0,16.0,-33.332795963755764,0.0,CRASH,CENTAUR,23836.95375651314
370.0,16.0,-29.3563782352244,0.0,CRASH,CENTAUR,23807.597378277915
371.0,16.0,-10.684853590479975,0.0,CRASH,CENTAUR,23796.912524687436
372.0,16.0,0.0,0.0,CRASH,CENTAUR,23796.912524687436
373.0,16.0,-12.732084808025299,0.0,CRASH,CENTAUR,23784.180439879412
374.0,16.0,-5.6760054769672665,0.0,CRASH,CENTAUR,23778.504434402446
375.0,16.0,-13.777721702025556,0.0,CRASH,CENTAUR,23764.72671270042
376.0,16.0,-6.143202123164027,0.0,CRASH,CENTAUR,23758.583510577257
377.0,16.0,-10.65302048317374,0.0,CRASH,CENTAUR,23747.930490094084
378.0,16.0,-19.95300014951407,0.0,CRASH,CENTAUR,23727.97748994457
379.0,16.0,-15.226673983004249,0.0,CRASH,CENTAUR,23712.750815961565
380.0,16.0,-14.525904139901591,0.0,CRASH,CENTAUR,23698.224911821664
381.0,16.0,-26.60802413016166,0.0,CRASH,CENTAUR,23671.616887691504
382.0,16.0,-34.2731067480286,0.0,CRASH,CENTAUR,23637.343780943476
383.0,16.0,-34.88200371300287,0.0,CRASH,CENTAUR,23602.461777230474
384.0,17.0,0.0,0.0,CRASH,CENTAUR,23602.461777230474
385.0,17.0,-1.1425469051899915,0.0,CRASH,CENTAUR,23601.319230325284
386.0,17.0,-13.055944544733519,0.0,CRASH,CENTAUR,23588.26328578055
387.0,17.0,-13.42898665389774,0.0,CRASH,CENTAUR,23574.834299126655
388.0,17.0,-8.527453547620873,0.0,CRASH,CENTAUR,23566.306845579034
389.0,17.0,-15.597307722810994,0.0,CRASH,CENTAUR,23550.709537856223
390.0,17.0,-28.9770633441079,0.0,CRASH,CENTAUR,23521.732474512115
391.0,17.0,-15.292345517183648,0.0,CRASH,CENTAUR,23506.44012899493
392.0,17.0,-37.88894780967595,0.0,CRASH,CENTAUR,23468.551181185256
393.0,17.0,-53.332473542009225,0.0,CRASH,CENTAUR,23415.218707643246
394.0,17.0,-16.01309911271031,0.0,CRASH,CENTAUR,23399.205608530534
395.0,17.0,-27.47533780409136,0.0,CRASH,CENTAUR,23371.730270726443
396.0,17.0,0.0,0.0,CRASH,CENTAUR,23371.730270726443
397.0,17.0,-12.732084808025299,0.0,CRASH,CENTAUR,23358.99818591842
398.0,17.0,-15.136014605246045,0.0,CRASH,CENTAUR,23343.862171313172
399.0,17.0,-5.904737872296667,0.0,CRASH,CENTAUR,23337.957433440875
400.0,17.0,-10.23867020527338,0.0,CRASH,CENTAUR,23327.718763235604
401.0,17.0,-6.3918122899042435,0.0,CRASH,CENTAUR,23321.3269509457
402.0,17.0,-8.8680000664507,0.0,CRASH,CENTAUR,23312.45895087925
403.0,17.0,-20.302231977338998,0.0,CRASH,CENTAUR,23292.15671890191
404.0,17.0,-9.6039035635713,0.0,CRASH,CENTAUR,23282.55281533834
405.0,17.0,-8.246288470091425,0.0,CRASH,CENTAUR,23274.306526868248
406.0,17.0,-22.02996191571823,0.0,CRASH,CENTAUR,23252.276564952528
407.0,17.0,-32.43131296301371,0.0,CRASH,CENTAUR,23219.845251989515
408.0,18.0,0.0,0.0,CRASH,CENTAUR,23219.845251989515
409.0,18.0,-9.140375241519932,0.0,CRASH,CENTAUR,23210.704876747994
410.0,18.0,-7.833566726840112,0.0,CRASH,CENTAUR,23202.871310021153
411.0,18.0,-11.93687702568688,0.0,CRASH,CENTAUR,23190.934432995466
412.0,18.0,-13.643925676193398,0.0,CRASH,CENTAUR,23177.29050731927
413.0,18.0,-17.546804735207072,0.0,CRASH,CENTAUR,23159.743702584063
414.0,18.0,-11.145279875503043,0.0,CRASH,CENTAUR,23148.59842270856
415.0,18.0,-22.93794281308573,0.0,CRASH,CENTAUR,23125.660479895476
416.0,18.0,-29.14529845013765,0.0,CRASH,CENTAUR,23096.51518144534
417.0,18.0,-26.666236771004613,0.0,CRASH,CENTAUR,23069.848944674333
418.0,18.0,-38.125456320756236,0.0,CRASH,CENTAUR,23031.72348835358
419.0,18.0,-41.95788288096829,0.0,CRASH,CENTAUR,22989.76560547261
420.0,18.0,0.0,0.0,CRASH,CENTAUR,22989.76560547261
421.0,18.0,-9.094346291446643,0.0,CRASH,CENTAUR,22980.671259181163
422.0,18.0,-4.162404016442663,0.0,CRASH,CENTAUR,22976.50885516472
423.0,18.0,-14.289465650957933,0.0,CRASH,CENTAUR,22962.219389513764
424.0,18.0,-32.70640810372528,0.0,CRASH,CENTAUR,22929.51298141004
425.0,18.0,-9.358891554877793,0.0,CRASH,CENTAUR,22920.15408985516
426.0,18.0,-46.41644254781292,0.0,CRASH,CENTAUR,22873.73764730735
427.0,18.0,-17.165537136840122,0.0,CRASH,CENTAUR,22856.57211017051
428.0,18.0,-12.004879454464126,0.0,CRASH,CENTAUR,22844.567230716046
429.0,18.0,-4.997750587934196,0.0,CRASH,CENTAUR,22839.569480128113
430.0,18.0,-23.408460122959156,0.0,CRASH,CENTAUR,22816.161020005155
431.0,18.0,-21.65877817047414,0.0,CRASH,CENTAUR,22794.50224183468
432.0,19.0,0.0,0.0,CRASH,CENTAUR,22794.50224183468
433.0,19.0,-17.111090799965773,1.0,NORMAL,CENTAUR,22777.391151034717
434.0,19.0,-24.52120159436091,1.0,NORMAL,CENTAUR,22752.869949440355
435.0,19.0,512.6685997052871,1.0,NORMAL,CENTAUR,23265.538549145644
436.0,19.0,538.7391706586902,1.0,NORMAL,CENTAUR,23804.277719804333
437.0,19.0,31.270472684459538,1.0,NORMAL,CENTAUR,23835.548192488794
438.0,19.0,12.992369826627588,1.0,NORMAL,CENTAUR,23848.540562315422
439.0,19.0,18.29559464988821,1.0,NORMAL,CENTAUR,23866.83615696531
440.0,19.0,519.923204735559,1.0,NORMAL,CENTAUR,24386.759361700868
441.0,19.0,13.72471160940611,1.0,NORMAL,CENTAUR,24400.484073310276
442.0,19.0,3.6558371964533194,1.0,NORMAL,CENTAUR,24404.13991050673
443.0,19.0,0.7910102882807468,1.0,NORMAL,CENTAUR,24404.93092079501
444.0,19.0,1.4487212707001282,1.0,NORMAL,CENTAUR,24406.37964206571
445.0,19.0,4.556607774867986,1.0,NORMAL,CENTAUR,24410.936249840575
446.0,19.0,1.5920018256557555,1.0,NORMAL,CENTAUR,24412.52825166623
447.0,19.0,4.170614893580556,1.0,NORMAL,CENTAUR,24416.69886655981
448.0,19.0,5.680135633427696,1.0,NORMAL,CENTAUR,24422.37900219324
449.0,19.0,506.53367174133194,1.0,NORMAL,CENTAUR,24928.91267393457
450.0,19.0,7.51981596516654,1.0,NORMAL,CENTAUR,24936.432489899737
451.0,19.0,502.58492251043856,1.0,NORMAL,CENTAUR,25439.017412410176
452.0,19.0,5.413584578063543,1.0,NORMAL,CENTAUR,25444.430996988238
453.0,19.0,14.02244763715758,1.0,NORMAL,CENTAUR,25458.453444625397
454.0,19.0,527.2905075230825,1.0,NORMAL,CENTAUR,25985.743952148478
455.0,19.0,524.5898921157177,1.0,NORMAL,CENTAUR,26510.333844264194
456.0,20.0,510.2706,1.0,NORMAL,CENTAUR,27020.604444264194
457.0,20.0,13.9607494549266,1.0,NORMAL,CENTAUR,27034.56519371912
458.0,20.0,32.60002083865676,1.0,NORMAL,CENTAUR,27067.16521455778
459.0,20.0,-6.186773179679097,1.0,NORMAL,CENTAUR,27060.9784413781
460.0,20.0,-31.912610254914547,1.0,NORMAL,CENTAUR,27029.065831123185
461.0,20.0,524.234165761006,1.0,NORMAL,CENTAUR,27553.29999688419
462.0,20.0,311.23225530570426,1.0,NORMAL,CENTAUR,27864.532252189896
463.0,20.0,89.17103950877885,1.0,NORMAL,CENTAUR,27953.703291698675
464.0,20.0,-430.1381039283749,1.0,NORMAL,CENTAUR,27523.565187770302
465.0,20.0,-223.53192785551414,1.0,NORMAL,CENTAUR,27300.033259914788
466.0,20.0,-57.8436069991925,1.0,NORMAL,CENTAUR,27242.189652915597
467.0,20.0,46.82577223777844,1.0,NORMAL,CENTAUR,27289.015425153375
468.0,20.0,53.43028918469142,1.3,HOLIDAY,CENTAUR,27342.445714338068
469.0,20.0,0.0,1.3,HOLIDAY,CENTAUR,27342.445714338068
470.0,20.0,0.0,1.3,HOLIDAY,CENTAUR,27342.445714338068
471.0,20.0,0.0,1.3,HOLIDAY,CENTAUR,27342.445714338068
472.0,20.0,0.0,1.3,HOLIDAY,CENTAUR,27342.445714338068
473.0,20.0,0.0,1.3,HOLIDAY,CENTAUR,27342.445714338068
474.0,20.0,0.0,1.3,HOLIDAY,CENTAUR,27342.445714338068
475.0,20.0,0.0,1.3,HOLIDAY,CENTAUR,27342.445714338068
476.0,20.0,0.0,1.3,HOLIDAY,CENTAUR,27342.445714338068
477.0,20.0,0.0,1.3,HOLIDAY,CENTAUR,27342.445714338068
478.0,20.0,0.0,1.3,HOLIDAY,CENTAUR,27342.445714338068
479.0,20.0,0.0,1.3,HOLIDAY,CENTAUR,27342.445714338068
480.0,21.0,2.08,1.3,HOLIDAY,CENTAUR,27344.52571433807
481.0,21.0,0.4212734525949957,1.3,HOLIDAY,CENTAUR,27344.946987790663
482.0,21.0,9.22380211502078,1.3,HOLIDAY,CENTAUR,27354.170789905686
483.0,21.0,0.9331484530668264,1.3,HOLIDAY,CENTAUR,27355.103938358752
484.0,21.0,2.5515370734506795,1.3,HOLIDAY,CENTAUR,27357.655475432202
485.0,21.0,2.2129358751986565,1.3,HOLIDAY,CENTAUR,27359.8684113074
486.0,21.0,4.336101666750966,1.3,HOLIDAY,CENTAUR,27364.204512974153
487.0,21.0,1.7079850865296409,1.3,HOLIDAY,CENTAUR,27365.912498060683
488.0,21.0,0.6575868337973493,1.3,HOLIDAY,CENTAUR,27366.57008489448
489.0,21.0,3.137478536545503,1.3,HOLIDAY,CENTAUR,27369.707563431024
490.0,21.0,5.991880423566372,1.3,HOLIDAY,CENTAUR,27375.69944385459
491.0,21.0,6.914087483138556,1.3,HOLIDAY,CENTAUR,27382.61353133773
492.0,21.0,7.975934955839556,1.3,HOLIDAY,CENTAUR,27390.58946629357
493.0,21.0,9.198424115126002,1.3,HOLIDAY,CENTAUR,27399.787890408697
494.0,21.0,7.575222287017782,1.3,HOLIDAY,CENTAUR,27407.363112695715
495.0,21.0,623.4689057172636,1.3,HOLIDAY,CENTAUR,28030.832018412977
496.0,21.0,39.47536969168554,1.3,HOLIDAY,CENTAUR,28070.307388104662
497.0,21.0,17.73873675680037,1.3,HOLIDAY,CENTAUR,28088.046124861463
498.0,21.0,21.22789968396045,1.3,HOLIDAY,CENTAUR,28109.274024545422
499.0,21.0,26.670371700145008,1.3,HOLIDAY,CENTAUR,28135.944396245566
500.0,21.0,12.955667831190604,1.3,HOLIDAY,CENTAUR,28148.900064076755
501.0,21.0,9.943533966848614,1.3,HOLIDAY,CENTAUR,28158.843598043604
502.0,21.0,3.451410020493193,1.3,HOLIDAY,CENTAUR,28162.2950080641
503.0,21.0,603.9110209069639,1.3,HOLIDAY,CENTAUR,28766.20602897106
504.0,22.0,2.6399999999999997,1.3,HOLIDAY,CENTAUR,28768.84602897106
505.0,22.0,2.548704388199724,1.3,HOLIDAY,CENTAUR,28771.39473335926
506.0,22.0,4.131642514694645,1.3,HOLIDAY,CENTAUR,28775.526375873953
507.0,22.0,4.781825932895645,1.3,HOLIDAY,CENTAUR,28780.30820180685
508.0,22.0,604.7566295663622,1.3,HOLIDAY,CENTAUR,29385.064831373213
509.0,22.0,1209.600383129731,1.3,HOLIDAY,CENTAUR,30594.665214502944
510.0,22.0,621.1937383202229,1.3,HOLIDAY,CENTAUR,31215.858952823168
511.0,22.0,619.0967413669315,1.3,HOLIDAY,CENTAUR,31834.9556941901
512.0,22.0,640.0342589035346,1.3,HOLIDAY,CENTAUR,32474.989953093635
513.0,22.0,40.207486203997924,1.3,HOLIDAY,CENTAUR,32515.197439297634
514.0,22.0,538.6315130672407,1.3,HOLIDAY,CENTAUR,33053.82895236487
515.0,22.0,536.708398558406,1.3,HOLIDAY,CENTAUR,33590.537350923274
516.0,22.0,-211.0940081168826,1.3,HOLIDAY,CENTAUR,33379.44334280639
517.0,22.0,-437.6492008850553,1.3,HOLIDAY,CENTAUR,32941.79414192134
518.0,22.0,236.24285670135703,1.3,HOLIDAY,CENTAUR,33178.036998622694
519.0,22.0,0.0,1.3,HOLIDAY,CENTAUR,33178.036998622694
520.0,22.0,0.0,1.3,HOLIDAY,CENTAUR,33178.036998622694
521.0,22.0,0.0,1.3,HOLIDAY,CENTAUR,33178.036998622694
522.0,22.0,0.0,1.3,HOLIDAY,CENTAUR,33178.036998622694
523.0,22.0,0.0,1.3,HOLIDAY,CENTAUR,33178.036998622694
524.0,22.0,0.0,1.3,HOLIDAY,CENTAUR,33178.036998622694
525.0,22.0,0.0,1.3,HOLIDAY,CENTAUR,33178.036998622694
526.0,22.0,0.0,1.3,HOLIDAY,CENTAUR,33178.036998622694
527.0,22.0,0.0,1.3,HOLIDAY,CENTAUR,33178.036998622694
528.0,23.0,10.8,1.3,HOLIDAY,CENTAUR,33188.8369986227
529.0,23.0,20.51626990544785,1.3,HOLIDAY,CENTAUR,33209.353268528146
530.0,23.0,635.6232802230583,1.3,HOLIDAY,CENTAUR,33844.976548751205
531.0,23.0,18.56536173314574,1.3,HOLIDAY,CENTAUR,33863.54191048435
532.0,23.0,11.921664431533152,1.3,HOLIDAY,CENTAUR,33875.463574915884
533.0,23.0,613.2829378203487,1.3,HOLIDAY,CENTAUR,34488.74651273623
534.0,23.0,9.093455610426787,1.3,HOLIDAY,CENTAUR,34497.839968346656
535.0,23.0,2.5788297493148873,1.3,HOLIDAY,CENTAUR,34500.41879809597
536.0,23.0,2.391224850172179,1.3,HOLIDAY,CENTAUR,34502.81002294614
537.0,23.0,2.5099828292364026,1.3,HOLIDAY,CENTAUR,34505.32000577538
538.0,23.0,9.415812094175726,1.3,HOLIDAY,CENTAUR,34514.73581786956
539.0,23.0,5.525744242268577,1.3,HOLIDAY,CENTAUR,34520.261562111824
540.0,23.0,4.780780193310424,1.3,HOLIDAY,CENTAUR,34525.04234230513
541.0,23.0,6.0754770331573145,1.3,HOLIDAY,CENTAUR,34531.11781933829
542.0,23.0,8.278409493409928,1.3,HOLIDAY,CENTAUR,34539.3962288317
543.0,23.0,7.156775157384233,1.3,HOLIDAY,CENTAUR,34546.55300398908
544.0,23.0,5.4983712931580095,1.3,HOLIDAY,CENTAUR,34552.05137528224
545.0,23.0,26.92379281166522,1.3,HOLIDAY,CENTAUR,34578.9751680939
546.0,23.0,626.7952926102699,1.3,HOLIDAY,CENTAUR,35205.770460704174
547.0,23.0,15.369353135189897,1.3,HOLIDAY,CENTAUR,35221.13981383936
548.0,23.0,624.9195688983693,1.3,HOLIDAY,CENTAUR,35846.05938273773
549.0,23.0,34.74728705785627,1.3,HOLIDAY,CENTAUR,35880.80666979559
550.0,23.0,1285.0619717446764,1.3,HOLIDAY,CENTAUR,37165.86864154026
551.0,23.0,1185.3998982195767,1.3,HOLIDAY,CENTAUR,38351.26853975984
552.0,24.0,-2.3635799999999865,1.3,HOLIDAY,CENTAUR,38348.90495975984
553.0,24.0,565.4347743771879,1.3,HOLIDAY,CENTAUR,38914.33973413703
554.0,24.0,2304.7985090640555,1.3,HOLIDAY,CENTAUR,41219.13824320109
555.0,24.0,937.1424976110244,1.3,HOLIDAY,CENTAUR,42156.28074081211
556.0,24.0,-238.01925060456404,1.3,HOLIDAY,CENTAUR,41918.261490207544
557.0,24.0,557.382619753322,1.3,HOLIDAY,CENTAUR,42475.644109960864
558.0,24.0,0.0,1.3,HOLIDAY,CENTAUR,42475.644109960864
559.0,24.0,0.0,1.3,HOLIDAY,CENTAUR,42475.644109960864
560.0,24.0,0.0,1.3,HOLIDAY,CENTAUR,42475.644109960864
561.0,24.0,0.0,1.3,HOLIDAY,CENTAUR,42475.644109960864
562.0,24.0,0.0,1.3,HOLIDAY,CENTAUR,42475.644109960864
563.0,24.0,0.0,1.3,HOLIDAY,CENTAUR,42475.644109960864
564.0,24.0,0.0,1.3,HOLIDAY,CENTAUR,42475.644109960864
565.0,24.0,0.0,1.3,HOLIDAY,CENTAUR,42475.644109960864
566.0,24.0,0.0,1.3,HOLIDAY,CENTAUR,42475.644109960864
567.0,24.0,0.0,1.3,HOLIDAY,CENTAUR,42475.644109960864
568.0,24.0,0.0,1.3,HOLIDAY,CENTAUR,42475.644109960864
569.0,24.0,0.0,1.3,HOLIDAY,CENTAUR,42475.644109960864
570.0,24.0,0.0,1.3,HOLIDAY,CENTAUR,42475.644109960864
571.0,24.0,0.0,1.3,HOLIDAY,CENTAUR,42475.644109960864
572.0,24.0,0.0,1.3,HOLIDAY,CENTAUR,42475.644109960864
573.0,24.0,0.0,1.3,HOLIDAY,CENTAUR,42475.644109960864
574.0,24.0,0.0,1.3,HOLIDAY,CENTAUR,42475.644109960864
575.0,24.0,0.0,1.3,HOLIDAY,CENTAUR,42475.644109960864
576.0,25.0,19.2,1.3,HOLIDAY,CENTAUR,42494.84410996086
577.0,25.0,13.93100754917339,1.3,HOLIDAY,CENTAUR,42508.775117510035
578.0,25.0,18.711546875179078,1.3,HOLIDAY,CENTAUR,42527.486664385215
579.0,25.0,34.72280210223472,1.3,HOLIDAY,CENTAUR,42562.20946648745
580.0,25.0,20.833103932642217,1.3,HOLIDAY,CENTAUR,42583.0425704201
581.0,25.0,5.648036279485861,1.3,HOLIDAY,CENTAUR,42588.69060669958
582.0,25.0,7.311534630475478,1.3,HOLIDAY,CENTAUR,42596.00214133006
583.0,25.0,6.652943509050258,1.3,HOLIDAY,CENTAUR,42602.655084839105
584.0,25.0,0.5978062125430448,1.3,HOLIDAY,CENTAUR,42603.25289105165
585.0,25.0,4.392469951163704,1.3,HOLIDAY,CENTAUR,42607.64536100281
586.0,25.0,7.703846258871048,1.3,HOLIDAY,CENTAUR,42615.34920726168
587.0,25.0,1.3828174966277114,1.3,HOLIDAY,CENTAUR,42616.732024758305
588.0,25.0,1211.7883570855058,1.3,HOLIDAY,CENTAUR,43828.52038184381
589.0,25.0,1213.5189067164456,1.3,HOLIDAY,CENTAUR,45042.039288560256
590.0,25.0,5.509440718046873,1.3,HOLIDAY,CENTAUR,45047.5487292783
591.0,25.0,12.22457272687184,1.3,HOLIDAY,CENTAUR,45059.773302005175
592.0,25.0,643.395319661294,1.3,HOLIDAY,CENTAUR,45703.16862166647
593.0,25.0,60.81779378167691,1.3,HOLIDAY,CENTAUR,45763.98641544815
594.0,25.0,26.210757827141776,1.3,HOLIDAY,CENTAUR,45790.197173275286
595.0,25.0,668.9403159394726,1.3,HOLIDAY,CENTAUR,46459.13748921476
596.0,25.0,1189.5687558962265,1.3,HOLIDAY,CENTAUR,47648.70624511098
597.0,25.0,1019.5143801826212,1.3,HOLIDAY,CENTAUR,48668.2206252936
598.0,25.0,-118.1337039887785,1.3,HOLIDAY,CENTAUR,48550.08692130482
599.0,25.0,-366.48975764641375,1.3,HOLIDAY,CENTAUR,48183.59716365841
600.0,26.0,453.91560697674413,1.3,HOLIDAY,CENTAUR,48637.51277063515
601.0,26.0,-186.93235918882502,1.3,HOLIDAY,CENTAUR,48450.580411446324
602.0,26.0,1020.4851881345946,1.3,HOLIDAY,CENTAUR,49471.06559958092
603.0,26.0,-52.98463499245268,1.3,HOLIDAY,CENTAUR,49418.080964588466
604.0,26.0,-223.0249875554959,1.3,HOLIDAY,CENTAUR,49195.05597703297
605.0,26.0,1171.936716334937,1.3,HOLIDAY,CENTAUR,50366.99269336791
606.0,26.0,26.80389472949805,1.3,HOLIDAY,CENTAUR,50393.79658809741
607.0,26.0,0.0,1.3,HOLIDAY,CENTAUR,50393.79658809741
608.0,26.0,0.0,1.3,HOLIDAY,CENTAUR,50393.79658809741
609.0,26.0,0.0,1.3,HOLIDAY,CENTAUR,50393.79658809741
610.0,26.0,0.0,1.3,HOLIDAY,CENTAUR,50393.79658809741
611.0,26.0,0.0,1.3,HOLIDAY,CENTAUR,50393.79658809741
612.0,26.0,0.0,1.3,HOLIDAY,CENTAUR,50393.79658809741
613.0,26.0,0.0,1.3,HOLIDAY,CENTAUR,50393.79658809741
614.0,26.0,0.0,1.3,HOLIDAY,CENTAUR,50393.79658809741
615.0,26.0,0.0,1.3,HOLIDAY,CENTAUR,50393.79658809741
616.0,26.0,0.0,1.3,HOLIDAY,CENTAUR,50393.79658809741
617.0,26.0,0.0,1.3,HOLIDAY,CENTAUR,50393.79658809741
618.0,26.0,0.0,1.3,HOLIDAY,CENTAUR,50393.79658809741
619.0,26.0,0.0,1.3,HOLIDAY,CENTAUR,50393.79658809741
620.0,26.0,0.0,1.3,HOLIDAY,CENTAUR,50393.79658809741
621.0,26.0,0.0,1.3,HOLIDAY,CENTAUR,50393.79658809741
622.0,26.0,0.0,1.3,HOLIDAY,CENTAUR,50393.79658809741
623.0,26.0,0.0,1.3,HOLIDAY,CENTAUR,50393.79658809741
624.0,27.0,8.713200000000015,1.3,HOLIDAY,CENTAUR,50402.509788097406
625.0,27.0,16.991811946347593,1.0,NORMAL,CENTAUR,50419.50160004375
626.0,27.0,17.50251927487174,1.0,NORMAL,CENTAUR,50437.004119318626
627.0,27.0,14.107244998618972,1.0,NORMAL,CENTAUR,50451.11136431724
628.0,27.0,8.473654620929707,1.0,NORMAL,CENTAUR,50459.585018938174
629.0,27.0,508.77347101625924,1.0,NORMAL,CENTAUR,50968.35848995444
630.0,27.0,1.4157371941941903,1.0,NORMAL,CENTAUR,50969.77422714863
631.0,27.0,2.4535775096360464,1.0,NORMAL,CENTAUR,50972.227804658265
632.0,27.0,4.1846434878013135,1.0,NORMAL,CENTAUR,50976.41244814607
633.0,27.0,4.392469951163704,1.0,NORMAL,CENTAUR,50980.80491809723
634.0,27.0,7.703846258871048,1.0,NORMAL,CENTAUR,50988.5087643561
635.0,27.0,2.2225924778464785,1.0,NORMAL,CENTAUR,50990.731356833945
636.0,27.0,6.519245718150577,1.0,NORMAL,CENTAUR,50997.25060255209
637.0,27.0,4.556607774867986,1.0,NORMAL,CENTAUR,51001.80721032696
638.0,27.0,504.659204746705,1.0,NORMAL,CENTAUR,51506.466415073664
639.0,27.0,9.542366876512311,1.0,NORMAL,CENTAUR,51516.00878195018
640.0,27.0,15.12052105618453,1.0,NORMAL,CENTAUR,51531.12930300636
641.0,27.0,12.036588056192794,1.0,NORMAL,CENTAUR,51543.165891062556
642.0,27.0,6.586045257074505,1.0,NORMAL,CENTAUR,51549.75193631963
643.0,27.0,14.411377757600818,1.0,NORMAL,CENTAUR,51564.16331407723
644.0,27.0,15.86825070873533,1.0,NORMAL,CENTAUR,51580.03156478597
645.0,27.0,513.1758225521143,1.0,NORMAL,CENTAUR,52093.20738733808
646.0,27.0,21.845354583709614,1.0,NORMAL,CENTAUR,52115.05274192179
647.0,27.0,32.6835909636574,1.0,NORMAL,CENTAUR,52147.73633288545
648.0,28.0,6.433280000000001,1.0,NORMAL,CENTAUR,52154.169612885446
649.0,28.0,18.145679933005287,1.0,NORMAL,CENTAUR,52172.31529281845
650.0,28.0,24.301082266476723,1.0,NORMAL,CENTAUR,52196.61637508493
651.0,28.0,536.5050573046196,1.0,NORMAL,CENTAUR,52733.12143238955
652.0,28.0,8.831575609222131,1.0,NORMAL,CENTAUR,52741.95300799877
653.0,28.0,-50.57884335182777,1.0,NORMAL,CENTAUR,52691.37416464694
654.0,28.0,510.3299844772529,1.0,NORMAL,CENTAUR,53201.7041491242
655.0,28.0,550.0108765651072,1.0,NORMAL,CENTAUR,53751.71502568931
656.0,28.0,-20.190439089792683,1.0,NORMAL,CENTAUR,53731.52458659952
657.0,28.0,50.95453465632495,1.0,NORMAL,CENTAUR,53782.47912125584
658.0,28.0,28.368036666789912,1.0,NORMAL,CENTAUR,53810.84715792263
659.0,28.0,565.5233240102664,1.0,NORMAL,CENTAUR,54376.3704819329
660.0,28.0,537.3862386622691,1.0,NORMAL,CENTAUR,54913.75672059517
661.0,28.0,20.70188421663189,1.0,NORMAL,CENTAUR,54934.4586048118
662.0,28.0,39.745121578408764,1.0,NORMAL,CENTAUR,54974.20372639021
663.0,28.0,21.437294202195545,1.0,NORMAL,CENTAUR,54995.641020592404
664.0,28.0,8.421980797034271,1.0,NORMAL,CENTAUR,55004.06300138944
665.0,28.0,10.188593220640017,1.0,NORMAL,CENTAUR,55014.25159461008
666.0,28.0,6.287568354487911,1.0,NORMAL,CENTAUR,55020.53916296457
667.0,28.0,6.516962185274969,1.0,NORMAL,CENTAUR,55027.056125149844
668.0,28.0,7.353415618124887,1.0,NORMAL,CENTAUR,55034.40954076797
669.0,28.0,4.397750587934196,1.0,NORMAL,CENTAUR,55038.80729135591
670.0,28.0,1.1504700068310643,1.0,NORMAL,CENTAUR,55039.95776136274
671.0,28.0,4.814694542618534,1.0,NORMAL,CENTAUR,55044.77245590536
672.0,29.0,2.08,1.0,NORMAL,CENTAUR,55046.85245590536
673.0,29.0,2.7109789221393163,1.0,NORMAL,CENTAUR,55049.5634348275
674.0,29.0,503.2607121485637,1.0,NORMAL,CENTAUR,55552.82414697606
675.0,29.0,1.3997226796002395,1.0,NORMAL,CENTAUR,55554.22386965566
676.0,29.0,4.4651898785386885,1.0,NORMAL,CENTAUR,55558.6890595342
677.0,29.0,3.1350010867284492,1.0,NORMAL,CENTAUR,55561.82406062093
678.0,29.0,6.884645421383847,1.0,NORMAL,CENTAUR,55568.708706042315
679.0,29.0,1.3522687258417345,1.0,NORMAL,CENTAUR,55570.06097476816
680.0,29.0,1.7934186376291341,1.0,NORMAL,CENTAUR,55571.85439340579
681.0,29.0,2.6229320565520404,1.0,NORMAL,CENTAUR,55574.47732546234
682.0,29.0,1007.846603748357,1.0,NORMAL,CENTAUR,56582.3239292107
683.0,29.0,506.5988582499285,1.0,NORMAL,CENTAUR,57088.92278746063
684.0,29.0,512.4865905436474,1.0,NORMAL,CENTAUR,57601.409378004275
685.0,29.0,13.916943352927632,1.0,NORMAL,CENTAUR,57615.3263213572
686.0,29.0,11.768395895612477,1.0,NORMAL,CENTAUR,57627.09471725281
687.0,29.0,543.4072002241718,1.0,NORMAL,CENTAUR,58170.501917476984
688.0,29.0,549.4566679970562,1.0,NORMAL,CENTAUR,58719.95858547404
689.0,29.0,562.0483571392293,1.0,NORMAL,CENTAUR,59282.006942613276
690.0,29.0,909.0748492864857,1.0,NORMAL,CENTAUR,60191.08179189976
691.0,29.0,35.16041239552949,1.0,NORMAL,CENTAUR,60226.2422042953
692.0,29.0,-289.5073112647999,1.0,NORMAL,CENTAUR,59936.734893030494
693.0,29.0,427.78233905017925,1.0,NORMAL,CENTAUR,60364.517232080674
694.0,29.0,-703.0339679872131,1.0,NORMAL,CENTAUR,59661.48326409346
695.0,29.0,-55.728159155824414,1.0,NORMAL,CENTAUR,59605.755104937634
696.0,30.0,0.0,1.0,NORMAL,CENTAUR,59605.755104937634
697.0,30.0,2.1063672629749783,1.0,NORMAL,CENTAUR,59607.86147220061
698.0,30.0,2.2172601238030722,1.0,NORMAL,CENTAUR,59610.078732324415
699.0,30.0,2.3328711326670657,1.0,NORMAL,CENTAUR,59612.41160345708
700.0,30.0,298.549692959098,1.0,NORMAL,CENTAUR,59910.96129641618
701.0,30.0,-236.11023689384368,1.0,NORMAL,CENTAUR,59674.851059522334
702.0,30.0,1496.3251192574396,1.0,NORMAL,CENTAUR,61171.17617877977
703.0,30.0,1028.639489692155,1.0,NORMAL,CENTAUR,62199.81566847193
704.0,30.0,41.668049504190286,1.0,NORMAL,CENTAUR,62241.483717976116
705.0,30.0,32.158109434703015,1.0,NORMAL,CENTAUR,62273.64182741082
706.0,30.0,43.997917036369124,1.0,NORMAL,CENTAUR,62317.63974444719
707.0,30.0,53.80348096893884,1.0,NORMAL,CENTAUR,62371.44322541613
708.0,30.0,27.99146803183253,1.0,NORMAL,CENTAUR,62399.43469344796
709.0,30.0,13.90403296423217,1.0,NORMAL,CENTAUR,62413.33872641219
710.0,30.0,11.148629584884691,1.0,NORMAL,CENTAUR,62424.48735599708
711.0,30.0,5.957973612373438,1.0,NORMAL,CENTAUR,62430.44532960945
712.0,30.0,3.4954680821093516,1.0,NORMAL,CENTAUR,62433.94079769156
713.0,30.0,4.57651024158687,1.0,NORMAL,CENTAUR,62438.51730793315
714.0,30.0,6.709500058144362,1.0,NORMAL,CENTAUR,62445.2268079913
715.0,30.0,6.021215446820113,1.0,NORMAL,CENTAUR,62451.248023438115
716.0,30.0,8.19380597448202,1.0,NORMAL,CENTAUR,62459.44182941259
717.0,30.0,4.397750587934196,1.0,NORMAL,CENTAUR,62463.83958000053
718.0,30.0,4.601880027324257,1.0,NORMAL,CENTAUR,62468.441460027854
719.0,30.0,1.2036736356546336,1.0,NORMAL,CENTAUR,62469.64513366351
720.0,31.0,1.56,1.0,NORMAL,CENTAUR,62471.205133663505
721.0,31.0,2.560331535491346,1.0,NORMAL,CENTAUR,62473.765465198994
722.0,31.0,3.5278382377805935,1.0,NORMAL,CENTAUR,62477.293303436774
723.0,31.0,0.49578177311440474,1.0,NORMAL,CENTAUR,62477.789085209886
724.0,31.0,0.9813604128656459,1.0,NORMAL,CENTAUR,62478.77044562275
725.0,31.0,506.15811821173526,1.0,NORMAL,CENTAUR,62984.92856383449
726.0,31.0,3.2791768854804175,1.0,NORMAL,CENTAUR,62988.20774071997
727.0,31.0,506.8153691150265,1.0,NORMAL,CENTAUR,63495.023109835
728.0,31.0,3.5868372752582682,1.0,NORMAL,CENTAUR,63498.60994711026
729.0,31.0,2.5099828292364026,1.0,NORMAL,CENTAUR,63501.119929939494
730.0,31.0,5.070052666094622,1.0,NORMAL,CENTAUR,63506.18998260559
731.0,31.0,3.343075266572489,1.0,NORMAL,CENTAUR,63509.53305787216
732.0,31.0,4.242290496991186,1.0,NORMAL,CENTAUR,63513.775348369156
733.0,31.0,8.072334447030295,1.0,NORMAL,CENTAUR,63521.84768281619
734.0,31.0,15.35676801064055,1.0,NORMAL,CENTAUR,63537.20445082683
735.0,31.0,25.961910887943215,1.0,NORMAL,CENTAUR,63563.16636171477
736.0,31.0,38.395969147930174,1.0,NORMAL,CENTAUR,63601.562330862704
737.0,31.0,28.07863338286676,1.0,NORMAL,CENTAUR,63629.64096424557
738.0,31.0,565.3454395127834,1.0,NORMAL,CENTAUR,64194.986403758354
739.0,31.0,578.2237014102775,1.0,NORMAL,CENTAUR,64773.21010516863
740.0,31.0,22.910072634065543,1.0,NORMAL,CENTAUR,64796.120177802695
741.0,31.0,-87.89956379498683,1.0,NORMAL,CENTAUR,64708.22061400771
742.0,31.0,432.1575004373901,1.0,NORMAL,CENTAUR,65140.3781144451
743.0,31.0,476.6804074748641,1.0,NORMAL,CENTAUR,65617.05852191996
744.0,32.0,5.098460000000003,1.0,NORMAL,CENTAUR,65622.15698191995
745.0,32.0,466.75151111844286,1.0,NORMAL,CENTAUR,66088.9084930384
746.0,32.0,-59.05322539194145,1.0,NORMAL,CENTAUR,66029.85526764646
747.0,32.0,35.428287428516356,1.0,NORMAL,CENTAUR,66065.28355507497
748.0,32.0,1044.3201535211501,1.0,NORMAL,CENTAUR,67109.60370859613
749.0,32.0,547.2596160794125,1.0,NORMAL,CENTAUR,67656.86332467553
750.0,32.0,40.76889509112592,1.0,NORMAL,CENTAUR,67697.63221976666
751.0,32.0,42.54590850545336,1.0,NORMAL,CENTAUR,67740.1781282721
752.0,32.0,22.154339553117715,1.0,NORMAL,CENTAUR,67762.33246782522
753.0,32.0,10.86320568493515,1.0,NORMAL,CENTAUR,67773.19567351016
754.0,32.0,10.686617502690353,1.0,NORMAL,CENTAUR,67783.88229101285
755.0,32.0,9.248438138284916,1.0,NORMAL,CENTAUR,67793.13072915113
756.0,32.0,5.794885082800513,1.0,NORMAL,CENTAUR,67798.92561423393
757.0,32.0,6.0754770331573145,1.0,NORMAL,CENTAUR,67805.00109126708
758.0,32.0,5.572006389795144,1.0,NORMAL,CENTAUR,67810.57309765687
759.0,32.0,5.838860851012778,1.0,NORMAL,CENTAUR,67816.41195850789
760.0,32.0,6.816162760113236,1.0,NORMAL,CENTAUR,67823.228121268
761.0,32.0,4.57651024158687,1.0,NORMAL,CENTAUR,67827.80463150959
762.0,32.0,1.9170000166126748,1.0,NORMAL,CENTAUR,67829.7216315262
763.0,32.0,4.0141436312134084,1.0,NORMAL,CENTAUR,67833.73577515742
764.0,32.0,6.828171645401681,1.0,NORMAL,CENTAUR,67840.56394680282
765.0,32.0,5.8958443257139805,1.0,NORMAL,CENTAUR,67846.45979112854
766.0,32.0,3.461073968550574,1.0,NORMAL,CENTAUR,67849.92086509708
767.0,32.0,9.656351374675733,1.0,NORMAL,CENTAUR,67859.57721647176
768.0,33.0,1.04,1.0,NORMAL,CENTAUR,67860.61721647176
769.0,33.0,4.518242033771848,1.0,NORMAL,CENTAUR,67865.13545850552
770.0,33.0,1.3303560742818434,1.0,NORMAL,CENTAUR,67866.4658145798
771.0,33.0,1.3997226796002395,1.0,NORMAL,CENTAUR,67867.86553725941
772.0,33.0,511.0457198602938,1.0,NORMAL,CENTAUR,68378.9112571197
773.0,33.0,1.0316236423470497,1.0,NORMAL,CENTAUR,68379.94288076206
774.0,33.0,504.4940889584071,1.0,NORMAL,CENTAUR,68884.43696972047
775.0,33.0,1.8787835951826048,1.0,NORMAL,CENTAUR,68886.31575331565
776.0,33.0,8.752480757842719,1.0,NORMAL,CENTAUR,68895.0682340735
777.0,33.0,7.074261105061337,1.0,NORMAL,CENTAUR,68902.14249517856
778.0,33.0,513.3021230765671,1.0,NORMAL,CENTAUR,69415.44461825513
779.0,33.0,17.91529169507107,1.0,NORMAL,CENTAUR,69433.3599099502
780.0,33.0,37.20040966116496,1.0,NORMAL,CENTAUR,69470.56031961137
781.0,33.0,552.5350043495775,1.0,NORMAL,CENTAUR,70023.09532396094
782.0,33.0,59.13800032589923,1.0,NORMAL,CENTAUR,70082.23332428683
783.0,33.0,26.22327096652154,1.0,NORMAL,CENTAUR,70108.45659525336
784.0,33.0,-34.737982139045606,1.0,NORMAL,CENTAUR,70073.71861311431
785.0,33.0,1004.3771701907059,1.0,NORMAL,CENTAUR,71078.09578330502
786.0,33.0,152.84894056324953,1.0,NORMAL,CENTAUR,71230.94472386826
787.0,33.0,-604.6215168345386,1.0,NORMAL,CENTAUR,70626.32320703373
788.0,33.0,739.6565430201093,1.0,NORMAL,CENTAUR,71365.97975005384
789.0,33.0,252.41886760969308,1.0,NORMAL,CENTAUR,71618.39861766354
790.0,33.0,893.4139381217419,1.0,NORMAL,CENTAUR,72511.81255578528
791.0,33.0,1095.7861167060885,1.0,NORMAL,CENTAUR,73607.59867249137
792.0,34.0,20.4,1.0,NORMAL,CENTAUR,73627.99867249136
793.0,34.0,13.902023935634858,1.0,NORMAL,CENTAUR,73641.900696427
794.0,34.0,14.633916817100278,1.0,NORMAL,CENTAUR,73656.53461324409
795.0,34.0,17.98662306255369,1.0,NORMAL,CENTAUR,73674.52123630664
796.0,34.0,1270.951463807379,1.0,NORMAL,CENTAUR,74945.47270011401
797.0,34.0,402.8658480916764,1.0,NORMAL,CENTAUR,75348.33854820569
798.0,34.0,270.3086442958197,1.0,NORMAL,CENTAUR,75618.6471925015
799.0,34.0,490.02513328415534,1.0,NORMAL,CENTAUR,76108.67232578566
800.0,34.0,465.1819820964672,1.0,NORMAL,CENTAUR,76573.85430788214
801.0,34.0,49.754081284239646,1.0,NORMAL,CENTAUR,76623.60838916637
802.0,34.0,559.9755206046361,1.0,NORMAL,CENTAUR,77183.58390977101
803.0,34.0,551.3770621612812,1.0,NORMAL,CENTAUR,77734.96097193229
804.0,34.0,525.8244158793573,1.0,NORMAL,CENTAUR,78260.78538781164
805.0,34.0,34.56019921618955,1.0,NORMAL,CENTAUR,78295.34558702783
806.0,34.0,31.39921120759103,1.0,NORMAL,CENTAUR,78326.74479823542
807.0,34.0,16.451574333813607,1.0,NORMAL,CENTAUR,78343.19637256923
808.0,34.0,13.960724746540643,1.0,NORMAL,CENTAUR,78357.15709731578
809.0,34.0,13.16057897152653,1.0,NORMAL,CENTAUR,78370.3176762873
810.0,34.0,13.092151613456261,1.0,NORMAL,CENTAUR,78383.40982790076
811.0,34.0,6.168333810904085,1.0,NORMAL,CENTAUR,78389.57816171166
812.0,34.0,2.3245197256838215,1.0,NORMAL,CENTAUR,78391.90268143735
813.0,34.0,7.298506875735592,1.0,NORMAL,CENTAUR,78399.20118831309
814.0,34.0,10.183040124463117,1.0,NORMAL,CENTAUR,78409.38422843756
815.0,34.0,7.324354072958447,1.0,NORMAL,CENTAUR,78416.70858251052
816.0,35.0,3.0523200000000004,1.0,NORMAL,CENTAUR,78419.76090251052
817.0,35.0,3.536169361082394,1.0,NORMAL,CENTAUR,78423.2970718716
818.0,35.0,5.459426567232877,1.0,NORMAL,CENTAUR,78428.75649843883
819.0,35.0,6.318534805406095,1.0,NORMAL,CENTAUR,78435.07503324424
820.0,35.0,508.7990086271059,1.0,NORMAL,CENTAUR,78943.87404187134
821.0,35.0,8.451989339385143,1.0,NORMAL,CENTAUR,78952.32603121073
822.0,35.0,518.8045522273919,1.0,NORMAL,CENTAUR,79471.13058343812
823.0,35.0,18.625349637260868,1.0,NORMAL,CENTAUR,79489.75593307539
824.0,35.0,548.3394088839793,1.0,NORMAL,CENTAUR,80038.09534195937
825.0,35.0,26.782646280225567,1.0,NORMAL,CENTAUR,80064.87798823959
826.0,35.0,477.1546241083156,1.0,NORMAL,CENTAUR,80542.0326123479
827.0,35.0,41.679905318018726,1.0,NORMAL,CENTAUR,80583.71251766592
828.0,35.0,-163.89274605683053,1.0,NORMAL,CENTAUR,80419.81977160908
829.0,35.0,450.4525623082551,1.0,NORMAL,CENTAUR,80870.27233391734
830.0,35.0,-25.701631938695613,1.0,NORMAL,CENTAUR,80844.57070197865
831.0,35.0,563.1993978972087,1.0,NORMAL,CENTAUR,81407.77009987585
832.0,35.0,519.9662216548514,1.0,NORMAL,CENTAUR,81927.7363215307
833.0,35.0,68.59804425278425,1.0,NORMAL,CENTAUR,81996.33436578348
834.0,35.0,1055.8583156383354,1.0,NORMAL,CENTAUR,83052.19268142182
835.0,35.0,559.8310684349191,1.0,NORMAL,CENTAUR,83612.02374985673
836.0,35.0,86.05958012597225,1.0,NORMAL,CENTAUR,83698.0833299827
837.0,35.0,63.37235100060542,1.0,NORMAL,CENTAUR,83761.45568098332
838.0,35.0,2.3716548101173007,1.0,NORMAL,CENTAUR,83763.82733579344
839.0,35.0,1034.68710515859,1.0,NORMAL,CENTAUR,84798.51444095203
840.0,36.0,509.9062,1.0,NORMAL,CENTAUR,85308.42064095203
841.0,36.0,1348.1138434954426,1.0,NORMAL,CENTAUR,86656.53448444747
842.0,36.0,402.71866515542763,1.0,NORMAL,CENTAUR,87059.2531496029
843.0,36.0,35.6818238632146,1.0,NORMAL,CENTAUR,87094.93497346611
844.0,36.0,482.6436890862605,1.0,NORMAL,CENTAUR,87577.57866255236
845.0,36.0,24.69517790276624,1.0,NORMAL,CENTAUR,87602.27384045513
846.0,36.0,545.7939960709183,1.0,NORMAL,CENTAUR,88148.06783652605
847.0,36.0,19.8279988695226,1.0,NORMAL,CENTAUR,88167.89583539558
848.0,36.0,539.0423971530258,1.0,NORMAL,CENTAUR,88706.93823254861
849.0,36.0,50.857397585129455,1.0,NORMAL,CENTAUR,88757.79563013374
850.0,36.0,29.898693175518357,1.0,NORMAL,CENTAUR,88787.69432330926
851.0,36.0,26.362635061833096,1.0,NORMAL,CENTAUR,88814.05695837109
852.0,36.0,18.28112397071078,1.0,NORMAL,CENTAUR,88832.3380823418
853.0,36.0,18.817575014798148,1.0,NORMAL,CENTAUR,88851.15565735659
854.0,36.0,29.585602727803995,1.0,NORMAL,CENTAUR,88880.7412600844
855.0,36.0,13.778877485411442,1.0,NORMAL,CENTAUR,88894.52013756981
856.0,36.0,29.892369171178647,1.0,NORMAL,CENTAUR,88924.41250674099
857.0,36.0,31.193676867065776,1.0,NORMAL,CENTAUR,88955.60618360806
858.0,36.0,560.8963522778703,1.0,NORMAL,CENTAUR,89516.50253588593
859.0,36.0,547.7632411615447,1.0,NORMAL,CENTAUR,90064.26577704748
860.0,36.0,48.043225794635326,1.0,NORMAL,CENTAUR,90112.30900284211
861.0,36.0,68.01934868099002,1.0,NORMAL,CENTAUR,90180.3283515231
862.0,36.0,61.68981242429123,1.0,NORMAL,CENTAUR,90242.01816394739
863.0,36.0,41.785530261750615,1.0,NORMAL,CENTAUR,90283.80369420914
864.0,37.0,25.08,1.0,NORMAL,CENTAUR,90308.88369420914
865.0,37.0,20.99239316157071,1.0,NORMAL,CENTAUR,90329.87608737072
866.0,37.0,13.48848023714361,1.0,NORMAL,CENTAUR,90343.36456760786
867.0,37.0,12.101069139370603,1.0,NORMAL,CENTAUR,90355.46563674723
868.0,37.0,1008.749982169972,1.0,NORMAL,CENTAUR,91364.21561891721
869.0,37.0,3.9690688015660385,1.0,NORMAL,CENTAUR,91368.18468771878
870.0,37.0,6.10165386291029,1.0,NORMAL,CENTAUR,91374.28634158168
871.0,37.0,4.280324492515716,1.0,NORMAL,CENTAUR,91378.5666660742
872.0,37.0,2.5215466045065624,1.0,NORMAL,CENTAUR,91381.0882126787
873.0,37.0,2.9110780853483798,1.0,NORMAL,CENTAUR,91383.99929076406
874.0,37.0,2.856217461686396,1.0,NORMAL,CENTAUR,91386.85550822574
875.0,37.0,3.5019404135377106,1.0,NORMAL,CENTAUR,91390.35744863928
876.0,37.0,3.0701301168677118,1.0,NORMAL,CENTAUR,91393.42757875615
877.0,37.0,5.045531789111321,1.0,NORMAL,CENTAUR,91398.47311054527
878.0,37.0,6.447448193723244,1.0,NORMAL,CENTAUR,91404.92055873899
879.0,37.0,9.555546019576026,1.0,NORMAL,CENTAUR,91414.47610475856
880.0,37.0,12.235361701211469,1.0,NORMAL,CENTAUR,91426.71146645978
881.0,37.0,5.638992859273678,1.0,NORMAL,CENTAUR,91432.35045931904
882.0,37.0,521.5197285688712,1.0,NORMAL,CENTAUR,91953.87018788792
883.0,37.0,18.701895177823268,1.0,NORMAL,CENTAUR,91972.57208306575
884.0,37.0,1026.8864430899046,1.0,NORMAL,CENTAUR,92999.45852615565
885.0,37.0,38.86072307028052,1.0,NORMAL,CENTAUR,93038.31924922593
886.0,37.0,39.36333128372486,1.0,NORMAL,CENTAUR,93077.68258050965
887.0,37.0,603.4478066628309,1.0,NORMAL,CENTAUR,93681.13038717248
