hour,day,opti_function,volatility,event,source,cumulative_f
168.0,8.0,181.08999999999995,1.0,NORMAL,IB,181.08999999999995
169.0,8.0,722.8754955998594,1.0,NORMAL,IB,903.9654955998593
170.0,8.0,253.2322619790288,1.0,NORMAL,IB,1157.197757578888
171.0,8.0,1342.360086194126,1.0,NORMAL,IB,2499.557843773014
172.0,8.0,1780.1811964410158,1.0,NORMAL,IB,4279.73904021403
173.0,8.0,-39.153512500490066,1.0,NORMAL,IB,4240.58552771354
174.0,8.0,0.0,1.0,NORMAL,IB,4240.58552771354
175.0,8.0,0.0,1.0,NORMAL,IB,4240.58552771354
176.0,8.0,0.0,1.0,NORMAL,IB,4240.58552771354
177.0,8.0,0.0,1.0,NORMAL,IB,4240.58552771354
178.0,8.0,0.0,1.0,NORMAL,IB,4240.58552771354
179.0,8.0,0.0,1.0,NORMAL,IB,4240.58552771354
180.0,8.0,0.0,1.0,NORMAL,IB,4240.58552771354
181.0,8.0,0.0,1.0,NORMAL,IB,4240.58552771354
182.0,8.0,0.0,1.0,NORMAL,IB,4240.58552771354
183.0,8.0,0.0,1.0,NORMAL,IB,4240.58552771354
184.0,8.0,0.0,1.0,NORMAL,IB,4240.58552771354
185.0,8.0,0.0,1.0,NORMAL,IB,4240.58552771354
186.0,8.0,0.0,1.0,NORMAL,IB,4240.58552771354
187.0,8.0,0.0,1.0,NORMAL,IB,4240.58552771354
188.0,8.0,0.0,1.0,NORMAL,IB,4240.58552771354
189.0,8.0,0.0,1.0,NORMAL,IB,4240.58552771354
190.0,8.0,0.0,1.0,NORMAL,IB,4240.58552771354
191.0,8.0,0.0,1.0,NORMAL,IB,4240.58552771354
192.0,9.0,3.50608,1.0,NORMAL,IB,4244.09160771354
193.0,9.0,2.317846536177666,1.0,NORMAL,IB,4246.409454249718
194.0,9.0,7.994020959954646,1.0,NORMAL,IB,4254.403475209672
195.0,9.0,5.385013092958042,1.0,NORMAL,IB,4259.78848830263
196.0,9.0,5.251259569244072,1.0,NORMAL,IB,4265.039747871874
197.0,9.0,1006.7436320913071,1.0,NORMAL,IB,5271.783379963181
198.0,9.0,26.250434282885337,1.0,NORMAL,IB,5298.033814246066
199.0,9.0,42.27843804090281,1.0,NORMAL,IB,5340.312252286969
200.0,9.0,47.9594816462358,1.0,NORMAL,IB,5388.271733933205
201.0,9.0,47.46482292363878,1.0,NORMAL,IB,5435.736556856844
202.0,9.0,41.08059556333032,1.0,NORMAL,IB,5476.817152420174
203.0,9.0,20.795171450535392,1.0,NORMAL,IB,5497.61232387071
204.0,9.0,-588.1206350240408,1.0,NORMAL,IB,4909.491688846669
205.0,9.0,-237.10852696763254,1.0,NORMAL,IB,4672.383161879036
206.0,9.0,306.19880078970164,1.0,NORMAL,IB,4978.581962668738
207.0,9.0,-6.59762402285223,1.0,NORMAL,IB,4971.984338645886
208.0,9.0,548.2617331628692,1.0,NORMAL,IB,5520.246071808755
209.0,9.0,562.6695189323899,1.0,NORMAL,IB,6082.915590741145
210.0,9.0,39.71065534413156,1.0,NORMAL,IB,6122.626246085277
211.0,9.0,20.917100340708394,1.0,NORMAL,IB,6143.543346425985
212.0,9.0,5.4927913691502015,1.0,NORMAL,IB,6149.036137795135
213.0,9.0,10.818246558788726,1.0,NORMAL,IB,6159.854384353924
214.0,9.0,6.6520175794972145,1.0,NORMAL,IB,6166.506401933421
215.0,9.0,4.814694542618534,1.0,NORMAL,IB,6171.32109647604
216.0,10.0,3.2,1.0,NORMAL,IB,6174.52109647604
217.0,10.0,1.1488969599170722,1.0,NORMAL,IB,6175.669993435957
218.0,10.0,1.7598837054649745,1.0,NORMAL,IB,6177.4298771414215
219.0,10.0,1.8926116925101373,1.0,NORMAL,IB,6179.322488833932
220.0,10.0,3.9254416514625836,1.0,NORMAL,IB,6183.247930485394
221.0,10.0,1.6331633881996144,1.0,NORMAL,IB,6184.881093873594
222.0,10.0,505.13610166675096,1.0,NORMAL,IB,6690.017195540345
223.0,10.0,2.846641810882735,1.0,NORMAL,IB,6692.863837351228
224.0,10.0,2.0448559306247387,1.0,NORMAL,IB,6694.908693281853
225.0,10.0,3.137478536545503,1.0,NORMAL,IB,6698.046171818398
226.0,10.0,3.8814216176746204,1.0,NORMAL,IB,6701.927593436072
227.0,10.0,2.7005693548027105,1.0,NORMAL,IB,6704.628162790875
228.0,10.0,3.805066417493887,1.0,NORMAL,IB,6708.433229208368
229.0,10.0,3.0377385165786572,1.0,NORMAL,IB,6711.470967724947
230.0,10.0,1.6636419078102642,1.0,NORMAL,IB,6713.134609632757
231.0,10.0,1006.712607725054,1.0,NORMAL,IB,7719.847217357811
232.0,10.0,8.623844078776086,1.0,NORMAL,IB,7728.471061436588
233.0,10.0,10.783173431226983,1.0,NORMAL,IB,7739.254234867814
234.0,10.0,23.422673002980304,1.0,NORMAL,IB,7762.676907870795
235.0,10.0,518.727445769786,1.0,NORMAL,IB,8281.40435364058
236.0,10.0,9.39619447683998,1.0,NORMAL,IB,8290.80054811742
237.0,10.0,39.19473222743413,1.0,NORMAL,IB,8329.995280344854
238.0,10.0,602.5495446962074,1.0,NORMAL,IB,8932.54482504106
239.0,10.0,73.9982440991399,1.0,NORMAL,IB,9006.543069140202
240.0,11.0,137.4844499999999,1.0,NORMAL,IB,9144.027519140202
241.0,11.0,-339.1676422472998,1.0,NORMAL,IB,8804.859876892902
242.0,11.0,201.08027689726117,1.0,NORMAL,IB,9005.940153790163
243.0,11.0,638.1706071458667,1.0,NORMAL,IB,9644.11076093603
244.0,11.0,-454.45624635040906,1.0,NORMAL,IB,9189.65451458562
245.0,11.0,-14.179443737728093,1.0,NORMAL,IB,9175.475070847891
246.0,11.0,0.0,1.0,NORMAL,IB,9175.475070847891
247.0,11.0,0.0,1.0,NORMAL,IB,9175.475070847891
248.0,11.0,0.0,1.0,NORMAL,IB,9175.475070847891
249.0,11.0,0.0,1.0,NORMAL,IB,9175.475070847891
250.0,11.0,0.0,1.0,NORMAL,IB,9175.475070847891
251.0,11.0,0.0,1.0,NORMAL,IB,9175.475070847891
252.0,11.0,0.0,1.0,NORMAL,IB,9175.475070847891
253.0,11.0,0.0,1.0,NORMAL,IB,9175.475070847891
254.0,11.0,0.0,1.0,NORMAL,IB,9175.475070847891
255.0,11.0,0.0,1.0,NORMAL,IB,9175.475070847891
256.0,11.0,0.0,1.0,NORMAL,IB,9175.475070847891
257.0,11.0,0.0,1.0,NORMAL,IB,9175.475070847891
258.0,11.0,0.0,1.0,NORMAL,IB,9175.475070847891
259.0,11.0,0.0,1.0,NORMAL,IB,9175.475070847891
260.0,11.0,0.0,1.0,NORMAL,IB,9175.475070847891
261.0,11.0,0.0,1.0,NORMAL,IB,9175.475070847891
262.0,11.0,0.0,1.0,NORMAL,IB,9175.475070847891
263.0,11.0,0.0,1.0,NORMAL,IB,9175.475070847891
264.0,12.0,1.33392,1.0,NORMAL,IB,9176.80899084789
265.0,12.0,502.85324237012395,1.0,NORMAL,IB,9679.662233218014
266.0,12.0,0.6877940904037132,1.0,NORMAL,IB,9680.350027308417
267.0,12.0,4.446359064018121,1.0,NORMAL,IB,9684.796386372436
268.0,12.0,2.4534010321641144,1.0,NORMAL,IB,9687.2497874046
269.0,12.0,3.9717510230361417,1.0,NORMAL,IB,9691.221538427637
270.0,12.0,5.561917607941464,1.0,NORMAL,IB,9696.783456035579
271.0,12.0,510.7796671385257,1.0,NORMAL,IB,10207.563123174104
272.0,12.0,511.9298345708784,1.0,NORMAL,IB,10719.492957744982
273.0,12.0,516.6414643046957,1.0,NORMAL,IB,11236.134422049678
274.0,12.0,24.11461906642205,1.0,NORMAL,IB,11260.2490411161
275.0,12.0,13.735342463007004,1.0,NORMAL,IB,11273.984383579107
276.0,12.0,389.0100096535754,1.0,NORMAL,IB,11662.994393232682
277.0,12.0,-731.0537586073424,1.0,NORMAL,IB,10931.94063462534
278.0,12.0,-384.32722204791673,1.0,NORMAL,IB,10547.613412577422
279.0,12.0,-218.30452109941098,1.0,NORMAL,IB,10329.308891478011
280.0,12.0,1078.9410763637336,1.0,NORMAL,IB,11408.249967841744
281.0,12.0,54.53204849506218,1.0,NORMAL,IB,11462.782016336807
282.0,12.0,560.5948914755046,1.0,NORMAL,IB,12023.376907812311
283.0,12.0,530.4604602487328,1.0,NORMAL,IB,12553.837368061044
284.0,12.0,23.176705442795114,1.0,NORMAL,IB,12577.014073503839
285.0,12.0,0.0,1.0,NORMAL,IB,12577.014073503839
286.0,12.0,0.0,1.0,NORMAL,IB,12577.014073503839
287.0,12.0,0.0,1.0,NORMAL,IB,12577.014073503839
288.0,13.0,-6.77226,0.0,CRASH,IB,12570.241813503839
289.0,13.0,-8.17263801282401,0.0,CRASH,IB,12562.069175491015
290.0,13.0,-13.421985753605867,0.0,CRASH,IB,12548.647189737409
291.0,13.0,-7.198134150241678,0.0,CRASH,IB,12541.449055587167
292.0,13.0,-7.688162477193876,0.0,CRASH,IB,12533.760893109973
293.0,13.0,-7.420073259886231,0.0,CRASH,IB,12526.340819850087
294.0,13.0,-8.304152500126449,0.0,CRASH,IB,12518.036667349961
295.0,13.0,-7.9951908799198845,0.0,CRASH,IB,12510.041476470042
296.0,13.0,-1.4956124250860896,0.0,CRASH,IB,12508.545864044956
297.0,13.0,-6.219965658472805,0.0,CRASH,IB,12502.325898386483
298.0,13.0,-9.70138077832928,0.0,CRASH,IB,12492.624517608154
299.0,13.0,-10.842572292961174,0.0,CRASH,IB,12481.781945315193
300.0,13.0,0.0,0.0,CRASH,IB,12481.781945315193
301.0,13.0,-8.69601392388128,0.0,CRASH,IB,12473.085931391312
302.0,13.0,-9.460009128278777,0.0,CRASH,IB,12463.625922263032
303.0,13.0,-30.310987744456224,0.0,CRASH,IB,12433.314934518576
304.0,13.0,-8.17660202593132,0.0,CRASH,IB,12425.138332492645
305.0,13.0,-19.025868462128976,0.0,CRASH,IB,12406.112464030515
306.0,13.0,-27.00128660232909,0.0,CRASH,IB,12379.111177428185
307.0,13.0,-36.015698113436265,0.0,CRASH,IB,12343.095479314748
308.0,13.0,-44.65238922846841,0.0,CRASH,IB,12298.44309008628
309.0,13.0,-45.857860069707804,0.0,CRASH,IB,12252.585230016573
310.0,13.0,-40.79834505430415,0.0,CRASH,IB,12211.78688496227
311.0,13.0,-79.50071115254238,0.0,CRASH,IB,12132.286173809727
312.0,14.0,0.0,0.0,CRASH,IB,12132.286173809727
313.0,14.0,-1.1425469051899915,0.0,CRASH,IB,12131.143626904537
314.0,14.0,-7.833566726840111,0.0,CRASH,IB,12123.310060177697
315.0,14.0,-8.952657769265159,0.0,CRASH,IB,12114.357402408432
316.0,14.0,-11.352084441741901,0.0,CRASH,IB,12103.00531796669
317.0,14.0,-8.419323641103455,0.0,CRASH,IB,12094.585994325587
318.0,14.0,-17.832060273688196,0.0,CRASH,IB,12076.7539340519
319.0,14.0,-22.792350752581196,0.0,CRASH,IB,12053.961583299319
320.0,14.0,-11.893110004284583,0.0,CRASH,IB,12042.068473295034
321.0,14.0,-26.29988079372057,0.0,CRASH,IB,12015.768592501314
322.0,14.0,-15.641859608259578,0.0,CRASH,IB,12000.126732893053
323.0,14.0,-14.959064056441655,0.0,CRASH,IB,11985.167668836611
324.0,14.0,0.0,0.0,CRASH,IB,11985.167668836611
325.0,14.0,-9.875004977104423,0.0,CRASH,IB,11975.292663859507
326.0,14.0,-5.6760054769672665,0.0,CRASH,IB,11969.61665838254
327.0,14.0,-5.904737872296667,0.0,CRASH,IB,11963.711920510243
328.0,14.0,-11.262537225800717,0.0,CRASH,IB,11952.449383284442
329.0,14.0,-20.624247655424362,0.0,CRASH,IB,11931.825135629018
330.0,14.0,-13.971534104693076,0.0,CRASH,IB,11917.853601524326
331.0,14.0,-17.582655721101816,0.0,CRASH,IB,11900.270945803224
332.0,14.0,-43.20075920483461,0.0,CRASH,IB,11857.07018659839
333.0,14.0,-35.4150602162193,0.0,CRASH,IB,11821.655126382171
334.0,14.0,-60.821941843483415,0.0,CRASH,IB,11760.833184538687
335.0,14.0,-57.17375967550912,0.0,CRASH,IB,11703.659424863179
336.0,15.0,0.0,0.0,CRASH,IB,11703.659424863179
337.0,15.0,-2.4637881463516975,0.0,CRASH,IB,11701.195636716828
338.0,15.0,-1.305594454473352,0.0,CRASH,IB,11699.890042262354
339.0,15.0,-7.523192082470095,0.0,CRASH,IB,11692.366850179884
340.0,15.0,-9.252959813385402,0.0,CRASH,IB,11683.113890366498
341.0,15.0,-14.204962042372918,0.0,CRASH,IB,11668.908928324125
342.0,15.0,-15.602948937570922,0.0,CRASH,IB,11653.305979386554
343.0,15.0,-5.826847464974902,0.0,CRASH,IB,11647.479131921578
344.0,15.0,-14.758404288264515,0.0,CRASH,IB,11632.720727633314
345.0,15.0,-27.602652600887694,0.0,CRASH,IB,11605.118075032426
346.0,15.0,-41.82717984640742,0.0,CRASH,IB,11563.290895186019
347.0,15.0,-54.12206391753524,0.0,CRASH,IB,11509.168831268484
348.0,15.0,0.0,0.0,CRASH,IB,11509.168831268484
349.0,15.0,-5.456607774867986,0.0,CRASH,IB,11503.712223493616
350.0,15.0,-7.568007302623022,0.0,CRASH,IB,11496.144216190993
351.0,15.0,-19.682459574322223,0.0,CRASH,IB,11476.46175661667
352.0,15.0,-18.42960636949208,0.0,CRASH,IB,11458.032150247178
353.0,15.0,-14.914228676443235,0.0,CRASH,IB,11443.117921570734
354.0,15.0,-15.477320515976405,0.0,CRASH,IB,11427.640601054758
355.0,15.0,-5.640329174795271,0.0,CRASH,IB,11422.000271879962
356.0,15.0,-12.004879454464126,0.0,CRASH,IB,11409.995392425499
357.0,15.0,-10.995051293455232,0.0,CRASH,IB,11399.000341132043
358.0,15.0,-18.882824499187052,0.0,CRASH,IB,11380.117516632856
359.0,15.0,-21.62087530867581,0.0,CRASH,IB,11358.49664132418
360.0,16.0,-0.022,0.0,CRASH,IB,11358.47464132418
361.0,16.0,-4.570187620759966,0.0,CRASH,IB,11353.904453703419
362.0,16.0,-9.139161181313462,0.0,CRASH,IB,11344.765292522105
363.0,16.0,-8.577040750461004,0.0,CRASH,IB,11336.188251771644
364.0,16.0,-8.527453547620873,0.0,CRASH,IB,11327.660798224024
365.0,16.0,-15.557092688812112,0.0,CRASH,IB,11312.103705535212
366.0,16.0,-13.899767259794986,0.0,CRASH,IB,11298.203938275417
367.0,16.0,-6.248086153865487,0.0,CRASH,IB,11291.955852121551
368.0,16.0,-5.38869156758518,0.0,CRASH,IB,11286.567160553966
369.0,16.0,-25.024476835450713,0.0,CRASH,IB,11261.542683718515
370.0,16.0,-44.804533607276674,0.0,CRASH,IB,11216.738150111238
371.0,16.0,-44.69257048987469,0.0,CRASH,IB,11172.045579621363
372.0,16.0,0.0,0.0,CRASH,IB,11172.045579621363
373.0,16.0,-10.018331874657623,0.0,CRASH,IB,11162.027247746706
374.0,16.0,-8.097767813806634,0.0,CRASH,IB,11153.9294799329
375.0,16.0,-16.671043259450922,0.0,CRASH,IB,11137.25843667345
376.0,16.0,-35.43194211236906,0.0,CRASH,IB,11101.82649456108
377.0,16.0,-14.942778771338144,0.0,CRASH,IB,11086.883715789743
378.0,16.0,-18.052144335270366,0.0,CRASH,IB,11068.831571454473
379.0,16.0,-6.287232111891391,0.0,CRASH,IB,11062.544339342581
380.0,16.0,-37.43073394384096,0.0,CRASH,IB,11025.113605398741
381.0,16.0,-54.900789983515935,0.0,CRASH,IB,10970.212815415225
382.0,16.0,-56.27237757158562,0.0,CRASH,IB,10913.94043784364
383.0,16.0,-54.070056763680164,0.0,CRASH,IB,10859.87038107996
384.0,17.0,0.0,0.0,CRASH,IB,10859.87038107996
385.0,17.0,-7.99782833632994,0.0,CRASH,IB,10851.872552743629
386.0,17.0,-6.429459236256497,0.0,CRASH,IB,10845.443093507372
387.0,17.0,-5.502555027274793,0.0,CRASH,IB,10839.940538480098
388.0,17.0,-3.642395109611885,0.0,CRASH,IB,10836.298143370486
389.0,17.0,-7.989741854082299,0.0,CRASH,IB,10828.308401516404
390.0,17.0,-6.97853295602293,0.0,CRASH,IB,10821.32986856038
391.0,17.0,-8.33183655341851,0.0,CRASH,IB,10812.998032006963
392.0,17.0,-10.469286975602627,0.0,CRASH,IB,10802.52874503136
393.0,17.0,-10.367127761259548,0.0,CRASH,IB,10792.161617270101
394.0,17.0,-7.11434590410814,0.0,CRASH,IB,10785.047271365993
395.0,17.0,-18.310838699576202,0.0,CRASH,IB,10766.736432666417
396.0,17.0,-0.034974425414002565,0.0,CRASH,IB,10766.701458241003
397.0,17.0,-12.732084808025299,0.0,CRASH,IB,10753.969373432978
398.0,17.0,-3.5327458088644264,0.0,CRASH,IB,10750.436627624113
399.0,17.0,-18.940824497561763,0.0,CRASH,IB,10731.49580312655
400.0,17.0,-9.825437475788544,0.0,CRASH,IB,10721.670365650762
401.0,17.0,-21.38316883464566,0.0,CRASH,IB,10700.287196816116
402.0,17.0,-12.876779496489737,0.0,CRASH,IB,10687.410417319627
403.0,17.0,-34.740348813768875,0.0,CRASH,IB,10652.670068505857
404.0,17.0,-42.1097557600129,0.0,CRASH,IB,10610.560312745843
405.0,17.0,-36.38212495498457,0.0,CRASH,IB,10574.17818779086
406.0,17.0,-82.03260765489807,0.0,CRASH,IB,10492.145580135963
407.0,17.0,-91.28850117182293,0.0,CRASH,IB,10400.85707896414
408.0,18.0,0.0,0.0,CRASH,IB,10400.85707896414
409.0,18.0,-2.684071189672328,0.0,CRASH,IB,10398.173007774467
410.0,18.0,-3.916783363420056,0.0,CRASH,IB,10394.256224411047
411.0,18.0,-5.96843851284344,0.0,CRASH,IB,10388.287785898203
412.0,18.0,-8.926212908104661,0.0,CRASH,IB,10379.361572990098
413.0,18.0,-17.547071059935547,0.0,CRASH,IB,10361.814501930163
414.0,18.0,-8.441171016378535,0.0,CRASH,IB,10353.373330913784
415.0,18.0,-13.364545506550503,0.0,CRASH,IB,10340.008785407234
416.0,18.0,-17.909659667920902,0.0,CRASH,IB,10322.099125739313
417.0,18.0,-27.10909832588787,0.0,CRASH,IB,10294.990027413425
418.0,18.0,-17.887082499724247,0.0,CRASH,IB,10277.1029449137
419.0,18.0,-8.548084644711249,0.0,CRASH,IB,10268.554860268989
420.0,18.0,0.0,0.0,CRASH,IB,10268.554860268989
421.0,18.0,-14.681912652911459,0.0,CRASH,IB,10253.872947616077
422.0,18.0,-7.792020318780664,0.0,CRASH,IB,10246.080927297297
423.0,18.0,-5.904737872296667,0.0,CRASH,IB,10240.176189425
424.0,18.0,-11.935422631691283,0.0,CRASH,IB,10228.240766793308
425.0,18.0,-14.437825600435707,0.0,CRASH,IB,10213.802941192871
426.0,18.0,-7.748858458064621,0.0,CRASH,IB,10206.054082734807
427.0,18.0,-6.186643780730939,0.0,CRASH,IB,10199.867438954076
428.0,18.0,-19.1741934646701,0.0,CRASH,IB,10180.693245489405
429.0,18.0,-29.870555713965103,0.0,CRASH,IB,10150.82268977544
430.0,18.0,-33.5110313240256,0.0,CRASH,IB,10117.311658451414
431.0,18.0,-35.40343879745703,0.0,CRASH,IB,10081.908219653957
432.0,19.0,0.0,0.0,CRASH,IB,10081.908219653957
433.0,19.0,2.668851576879817,1.0,NORMAL,IB,10084.577071230837
434.0,19.0,0.9453510263846779,1.0,NORMAL,IB,10085.522422257221
435.0,19.0,2.8227740705271493,1.0,NORMAL,IB,10088.34519632775
436.0,19.0,1.2571226888808922,1.0,NORMAL,IB,10089.60231901663
437.0,19.0,2.771766402258053,1.0,NORMAL,IB,10092.374085418889
438.0,19.0,7.53777073493821,1.0,NORMAL,IB,10099.911856153827
439.0,19.0,6.286637640825868,1.0,NORMAL,IB,10106.198493794653
440.0,19.0,6.477828119116433,1.0,NORMAL,IB,10112.676321913768
441.0,19.0,20.17649697281682,1.0,NORMAL,IB,10132.852818886586
442.0,19.0,17.601379201165585,1.0,NORMAL,IB,10150.454198087751
443.0,19.0,6.950557395137529,1.0,NORMAL,IB,10157.404755482889
444.0,19.0,1097.667824219114,1.0,NORMAL,IB,11255.072579702002
445.0,19.0,524.0564765241675,1.0,NORMAL,IB,11779.12905622617
446.0,19.0,1051.567898936348,1.0,NORMAL,IB,12830.696955162517
447.0,19.0,-167.09223625968872,1.0,NORMAL,IB,12663.604718902829
448.0,19.0,2268.729565886442,1.0,NORMAL,IB,14932.33428478927
449.0,19.0,-486.2146457403994,1.0,NORMAL,IB,14446.119639048871
450.0,19.0,55.785658983437145,1.0,NORMAL,IB,14501.905298032309
451.0,19.0,0.0,1.0,NORMAL,IB,14501.905298032309
452.0,19.0,0.0,1.0,NORMAL,IB,14501.905298032309
453.0,19.0,0.0,1.0,NORMAL,IB,14501.905298032309
454.0,19.0,0.0,1.0,NORMAL,IB,14501.905298032309
455.0,19.0,0.0,1.0,NORMAL,IB,14501.905298032309
456.0,20.0,552.7460000000001,1.0,NORMAL,IB,15054.65129803231
457.0,20.0,669.5539916211126,1.0,NORMAL,IB,15724.205289653422
458.0,20.0,28.722831095769763,1.0,NORMAL,IB,15752.928120749191
459.0,20.0,1686.0004843207514,1.0,NORMAL,IB,17438.92860506994
460.0,20.0,947.9409906862496,1.0,NORMAL,IB,18386.86959575619
461.0,20.0,393.39425853013086,1.0,NORMAL,IB,18780.26385428632
462.0,20.0,399.85558650983637,1.0,NORMAL,IB,19180.119440796156
463.0,20.0,-34.90103612355715,1.0,NORMAL,IB,19145.2184046726
464.0,20.0,17.498146524862445,1.0,NORMAL,IB,19162.716551197464
465.0,20.0,0.0,1.0,NORMAL,IB,19162.716551197464
466.0,20.0,0.0,1.0,NORMAL,IB,19162.716551197464
467.0,20.0,0.0,1.0,NORMAL,IB,19162.716551197464
468.0,20.0,0.0,1.3,HOLIDAY,IB,19162.716551197464
469.0,20.0,0.0,1.3,HOLIDAY,IB,19162.716551197464
470.0,20.0,0.0,1.3,HOLIDAY,IB,19162.716551197464
471.0,20.0,0.0,1.3,HOLIDAY,IB,19162.716551197464
472.0,20.0,0.0,1.3,HOLIDAY,IB,19162.716551197464
473.0,20.0,0.0,1.3,HOLIDAY,IB,19162.716551197464
474.0,20.0,0.0,1.3,HOLIDAY,IB,19162.716551197464
475.0,20.0,0.0,1.3,HOLIDAY,IB,19162.716551197464
476.0,20.0,0.0,1.3,HOLIDAY,IB,19162.716551197464
477.0,20.0,0.0,1.3,HOLIDAY,IB,19162.716551197464
478.0,20.0,0.0,1.3,HOLIDAY,IB,19162.716551197464
479.0,20.0,0.0,1.3,HOLIDAY,IB,19162.716551197464
480.0,21.0,2.5012,1.3,HOLIDAY,IB,19165.217751197462
481.0,21.0,2.0136871034040795,1.3,HOLIDAY,IB,19167.231438300867
482.0,21.0,2.558363421248937,1.3,HOLIDAY,IB,19169.789801722116
483.0,21.0,2.698572011423955,1.3,HOLIDAY,IB,19172.48837373354
484.0,21.0,4.093254282062608,1.3,HOLIDAY,IB,19176.581628015603
485.0,21.0,605.4948888803314,1.3,HOLIDAY,IB,19782.076516895933
486.0,21.0,2.826271066388279,1.3,HOLIDAY,IB,19784.90278796232
487.0,21.0,1.138656724353094,1.3,HOLIDAY,IB,19786.041444686674
488.0,21.0,602.4504162959662,1.3,HOLIDAY,IB,20388.49186098264
489.0,21.0,4.04671981643639,1.3,HOLIDAY,IB,20392.53858079908
490.0,21.0,611.8641049135912,1.3,HOLIDAY,IB,21004.40268571267
491.0,21.0,16.111688774394608,1.3,HOLIDAY,IB,21020.514374487066
492.0,21.0,2709.687223258547,1.3,HOLIDAY,IB,23730.201597745614
493.0,21.0,217.58361212650595,1.3,HOLIDAY,IB,23947.78520987212
494.0,21.0,513.6998840947717,1.3,HOLIDAY,IB,24461.48509396689
495.0,21.0,1042.6301700216543,1.3,HOLIDAY,IB,25504.115263988544
496.0,21.0,0.0,1.3,HOLIDAY,IB,25504.115263988544
497.0,21.0,0.0,1.3,HOLIDAY,IB,25504.115263988544
498.0,21.0,0.0,1.3,HOLIDAY,IB,25504.115263988544
499.0,21.0,0.0,1.3,HOLIDAY,IB,25504.115263988544
500.0,21.0,0.0,1.3,HOLIDAY,IB,25504.115263988544
501.0,21.0,0.0,1.3,HOLIDAY,IB,25504.115263988544
502.0,21.0,0.0,1.3,HOLIDAY,IB,25504.115263988544
503.0,21.0,0.0,1.3,HOLIDAY,IB,25504.115263988544
504.0,22.0,1046.1219999999998,1.3,HOLIDAY,IB,26550.237263988543
505.0,22.0,1536.4349679552045,1.3,HOLIDAY,IB,28086.672231943747
506.0,22.0,1180.8461247352543,1.3,HOLIDAY,IB,29267.518356679
507.0,22.0,-46.1770331777882,1.3,HOLIDAY,IB,29221.341323501212
508.0,22.0,652.2213282344782,1.3,HOLIDAY,IB,29873.56265173569
509.0,22.0,0.0,1.3,HOLIDAY,IB,29873.56265173569
510.0,22.0,0.0,1.3,HOLIDAY,IB,29873.56265173569
511.0,22.0,0.0,1.3,HOLIDAY,IB,29873.56265173569
512.0,22.0,0.0,1.3,HOLIDAY,IB,29873.56265173569
513.0,22.0,0.0,1.3,HOLIDAY,IB,29873.56265173569
514.0,22.0,0.0,1.3,HOLIDAY,IB,29873.56265173569
515.0,22.0,0.0,1.3,HOLIDAY,IB,29873.56265173569
516.0,22.0,0.0,1.3,HOLIDAY,IB,29873.56265173569
517.0,22.0,0.0,1.3,HOLIDAY,IB,29873.56265173569
518.0,22.0,0.0,1.3,HOLIDAY,IB,29873.56265173569
519.0,22.0,0.0,1.3,HOLIDAY,IB,29873.56265173569
520.0,22.0,0.0,1.3,HOLIDAY,IB,29873.56265173569
521.0,22.0,0.0,1.3,HOLIDAY,IB,29873.56265173569
522.0,22.0,0.0,1.3,HOLIDAY,IB,29873.56265173569
523.0,22.0,0.0,1.3,HOLIDAY,IB,29873.56265173569
524.0,22.0,0.0,1.3,HOLIDAY,IB,29873.56265173569
525.0,22.0,0.0,1.3,HOLIDAY,IB,29873.56265173569
526.0,22.0,0.0,1.3,HOLIDAY,IB,29873.56265173569
527.0,22.0,0.0,1.3,HOLIDAY,IB,29873.56265173569
528.0,23.0,1.16496,1.3,HOLIDAY,IB,29874.72761173569
529.0,23.0,601.04254690519,1.3,HOLIDAY,IB,30475.77015864088
530.0,23.0,2.0357995552710286,1.3,HOLIDAY,IB,30477.80595819615
531.0,23.0,603.167603185703,1.3,HOLIDAY,IB,31080.973561381852
532.0,23.0,1.8255266400126744,1.3,HOLIDAY,IB,31082.799088021864
533.0,23.0,5.89376903109293,1.3,HOLIDAY,IB,31088.692857052956
534.0,23.0,8.118049540491157,1.3,HOLIDAY,IB,31096.810906593448
535.0,23.0,9.131002138259895,1.3,HOLIDAY,IB,31105.941908731707
536.0,23.0,25.226704801861437,1.3,HOLIDAY,IB,31131.16861353357
537.0,23.0,34.75999920724617,1.3,HOLIDAY,IB,31165.928612740816
538.0,23.0,655.1928966953037,1.3,HOLIDAY,IB,31821.121509436118
539.0,23.0,1261.0250872795891,1.3,HOLIDAY,IB,33082.146596715706
540.0,23.0,1071.3301648477664,1.3,HOLIDAY,IB,34153.47676156347
541.0,23.0,351.2502939240809,1.3,HOLIDAY,IB,34504.72705548755
542.0,23.0,651.2960838219192,1.3,HOLIDAY,IB,35156.02313930947
543.0,23.0,-593.7109259066992,1.3,HOLIDAY,IB,34562.31221340277
544.0,23.0,0.0,1.3,HOLIDAY,IB,34562.31221340277
545.0,23.0,0.0,1.3,HOLIDAY,IB,34562.31221340277
546.0,23.0,0.0,1.3,HOLIDAY,IB,34562.31221340277
547.0,23.0,0.0,1.3,HOLIDAY,IB,34562.31221340277
548.0,23.0,0.0,1.3,HOLIDAY,IB,34562.31221340277
549.0,23.0,0.0,1.3,HOLIDAY,IB,34562.31221340277
550.0,23.0,0.0,1.3,HOLIDAY,IB,34562.31221340277
551.0,23.0,0.0,1.3,HOLIDAY,IB,34562.31221340277
552.0,24.0,5.436400000000001,1.3,HOLIDAY,IB,34567.74861340277
553.0,24.0,622.1595429791943,1.3,HOLIDAY,IB,35189.90815638196
554.0,24.0,618.1720574943504,1.3,HOLIDAY,IB,35808.08021387632
555.0,24.0,617.1647061373657,1.3,HOLIDAY,IB,36425.24492001368
556.0,24.0,8.86286216067222,1.3,HOLIDAY,IB,36434.10778217435
557.0,24.0,1212.0442939232403,1.3,HOLIDAY,IB,37646.15207609759
558.0,24.0,6.723559244464046,1.3,HOLIDAY,IB,37652.875635342054
559.0,24.0,15.301838390219054,1.3,HOLIDAY,IB,37668.17747373227
560.0,24.0,614.4270038830849,1.3,HOLIDAY,IB,38282.60447761536
561.0,24.0,1219.1260076442977,1.3,HOLIDAY,IB,39501.73048525966
562.0,24.0,17.7937778231179,1.3,HOLIDAY,IB,39519.52426308278
563.0,24.0,14.779155550371536,1.3,HOLIDAY,IB,39534.30341863315
564.0,24.0,610.8149520472846,1.3,HOLIDAY,IB,40145.11837068044
565.0,24.0,17.8492958626387,1.3,HOLIDAY,IB,40162.967666543074
566.0,24.0,1234.1901404322339,1.3,HOLIDAY,IB,41397.15780697531
567.0,24.0,45.89478088572638,1.3,HOLIDAY,IB,41443.052587861035
568.0,24.0,664.6793781683232,1.3,HOLIDAY,IB,42107.73196602936
569.0,24.0,673.3823769650058,1.3,HOLIDAY,IB,42781.11434299436
570.0,24.0,498.0496208699593,1.3,HOLIDAY,IB,43279.163963864325
571.0,24.0,716.4446675770465,1.3,HOLIDAY,IB,43995.60863144137
572.0,24.0,-194.91179416660503,1.3,HOLIDAY,IB,43800.696837274765
573.0,24.0,1137.16724729901,1.3,HOLIDAY,IB,44937.864084573775
574.0,24.0,91.44262196515297,1.3,HOLIDAY,IB,45029.306706538926
575.0,24.0,0.0,1.3,HOLIDAY,IB,45029.306706538926
576.0,25.0,2248.5128,1.3,HOLIDAY,IB,47277.81950653892
577.0,25.0,1546.3162161024807,1.3,HOLIDAY,IB,48824.135722641404
578.0,25.0,787.6533192842126,1.3,HOLIDAY,IB,49611.789041925615
579.0,25.0,773.5996733873769,1.3,HOLIDAY,IB,50385.38871531299
580.0,25.0,0.0,1.3,HOLIDAY,IB,50385.38871531299
581.0,25.0,0.0,1.3,HOLIDAY,IB,50385.38871531299
582.0,25.0,0.0,1.3,HOLIDAY,IB,50385.38871531299
583.0,25.0,0.0,1.3,HOLIDAY,IB,50385.38871531299
584.0,25.0,0.0,1.3,HOLIDAY,IB,50385.38871531299
585.0,25.0,0.0,1.3,HOLIDAY,IB,50385.38871531299
586.0,25.0,0.0,1.3,HOLIDAY,IB,50385.38871531299
587.0,25.0,0.0,1.3,HOLIDAY,IB,50385.38871531299
588.0,25.0,0.0,1.3,HOLIDAY,IB,50385.38871531299
589.0,25.0,0.0,1.3,HOLIDAY,IB,50385.38871531299
590.0,25.0,0.0,1.3,HOLIDAY,IB,50385.38871531299
591.0,25.0,0.0,1.3,HOLIDAY,IB,50385.38871531299
592.0,25.0,0.0,1.3,HOLIDAY,IB,50385.38871531299
593.0,25.0,0.0,1.3,HOLIDAY,IB,50385.38871531299
594.0,25.0,0.0,1.3,HOLIDAY,IB,50385.38871531299
595.0,25.0,0.0,1.3,HOLIDAY,IB,50385.38871531299
596.0,25.0,0.0,1.3,HOLIDAY,IB,50385.38871531299
597.0,25.0,0.0,1.3,HOLIDAY,IB,50385.38871531299
598.0,25.0,0.0,1.3,HOLIDAY,IB,50385.38871531299
599.0,25.0,0.0,1.3,HOLIDAY,IB,50385.38871531299
600.0,26.0,0.8,1.3,HOLIDAY,IB,50386.188715312994
601.0,26.0,1.6133930687483145,1.3,HOLIDAY,IB,50387.802108381744
602.0,26.0,3.239594421686193,1.3,HOLIDAY,IB,50391.04170280343
603.0,26.0,2.799445359200479,1.3,HOLIDAY,IB,50393.84114816263
604.0,26.0,3.77499910017028,1.3,HOLIDAY,IB,50397.6161472628
605.0,26.0,2.4965292144798603,1.3,HOLIDAY,IB,50400.11267647728
606.0,26.0,4.328513488834151,1.3,HOLIDAY,IB,50404.44118996611
607.0,26.0,6.668543106173894,1.3,HOLIDAY,IB,50411.109733072284
608.0,26.0,9.420230297253301,1.3,HOLIDAY,IB,50420.52996336954
609.0,26.0,13.339680243401247,1.3,HOLIDAY,IB,50433.86964361294
610.0,26.0,12.831315625288198,1.3,HOLIDAY,IB,50446.70095923823
611.0,26.0,17.79151502404425,1.3,HOLIDAY,IB,50464.492474262275
612.0,26.0,2573.7910427768347,1.3,HOLIDAY,IB,53038.28351703911
613.0,26.0,3049.576810633558,1.3,HOLIDAY,IB,56087.86032767267
614.0,26.0,135.62598247688334,1.3,HOLIDAY,IB,56223.48631014956
615.0,26.0,684.3494367321074,1.3,HOLIDAY,IB,56907.83574688167
616.0,26.0,0.0,1.3,HOLIDAY,IB,56907.83574688167
617.0,26.0,0.0,1.3,HOLIDAY,IB,56907.83574688167
618.0,26.0,0.0,1.3,HOLIDAY,IB,56907.83574688167
619.0,26.0,0.0,1.3,HOLIDAY,IB,56907.83574688167
620.0,26.0,0.0,1.3,HOLIDAY,IB,56907.83574688167
621.0,26.0,0.0,1.3,HOLIDAY,IB,56907.83574688167
622.0,26.0,0.0,1.3,HOLIDAY,IB,56907.83574688167
623.0,26.0,0.0,1.3,HOLIDAY,IB,56907.83574688167
624.0,27.0,577.0516,1.3,HOLIDAY,IB,57484.88734688167
625.0,27.0,-273.21907433889214,1.0,NORMAL,IB,57211.668272542775
626.0,27.0,464.4116217738893,1.0,NORMAL,IB,57676.07989431667
627.0,27.0,1322.6194340835157,1.0,NORMAL,IB,58998.69932840018
628.0,27.0,-160.83284411415292,1.0,NORMAL,IB,58837.86648428603
629.0,27.0,0.0,1.0,NORMAL,IB,58837.86648428603
630.0,27.0,0.0,1.0,NORMAL,IB,58837.86648428603
631.0,27.0,0.0,1.0,NORMAL,IB,58837.86648428603
632.0,27.0,0.0,1.0,NORMAL,IB,58837.86648428603
633.0,27.0,0.0,1.0,NORMAL,IB,58837.86648428603
634.0,27.0,0.0,1.0,NORMAL,IB,58837.86648428603
635.0,27.0,0.0,1.0,NORMAL,IB,58837.86648428603
636.0,27.0,0.0,1.0,NORMAL,IB,58837.86648428603
637.0,27.0,0.0,1.0,NORMAL,IB,58837.86648428603
638.0,27.0,0.0,1.0,NORMAL,IB,58837.86648428603
639.0,27.0,0.0,1.0,NORMAL,IB,58837.86648428603
640.0,27.0,0.0,1.0,NORMAL,IB,58837.86648428603
641.0,27.0,0.0,1.0,NORMAL,IB,58837.86648428603
642.0,27.0,0.0,1.0,NORMAL,IB,58837.86648428603
643.0,27.0,0.0,1.0,NORMAL,IB,58837.86648428603
644.0,27.0,0.0,1.0,NORMAL,IB,58837.86648428603
645.0,27.0,0.0,1.0,NORMAL,IB,58837.86648428603
646.0,27.0,0.0,1.0,NORMAL,IB,58837.86648428603
647.0,27.0,0.0,1.0,NORMAL,IB,58837.86648428603
648.0,28.0,0.0,1.0,NORMAL,IB,58837.86648428603
649.0,28.0,1.0224306694480547,1.0,NORMAL,IB,58838.88891495548
650.0,28.0,2.2172601238030722,1.0,NORMAL,IB,58841.10617507929
651.0,28.0,0.639766579422616,1.0,NORMAL,IB,58841.74594165871
652.0,28.0,1.4720406192984687,1.0,NORMAL,IB,58843.21798227801
653.0,28.0,1.2827208368943217,1.0,NORMAL,IB,58844.5007031149
654.0,28.0,7.214189148056919,1.0,NORMAL,IB,58851.71489226296
655.0,28.0,1.515552100113968,1.0,NORMAL,IB,58853.23044436307
656.0,28.0,4.677235806936783,1.0,NORMAL,IB,58857.90768017001
657.0,28.0,7.074135605919877,1.0,NORMAL,IB,58864.98181577593
658.0,28.0,6.301746239756518,1.0,NORMAL,IB,58871.283562015684
659.0,28.0,1012.3271359485149,1.0,NORMAL,IB,59883.6106979642
660.0,28.0,-449.3693950331016,1.0,NORMAL,IB,59434.2413029311
661.0,28.0,170.03521086879434,1.0,NORMAL,IB,59604.276513799894
662.0,28.0,1287.0062470062082,1.0,NORMAL,IB,60891.282760806105
663.0,28.0,379.6714949019614,1.0,NORMAL,IB,61270.954255708064
664.0,28.0,-70.09047217062178,1.0,NORMAL,IB,61200.86378353744
665.0,28.0,-68.19186048193572,1.0,NORMAL,IB,61132.6719230555
666.0,28.0,244.32541025079166,1.0,NORMAL,IB,61376.997333306295
667.0,28.0,1060.4945142226904,1.0,NORMAL,IB,62437.49184752899
668.0,28.0,-80.73381403846138,1.0,NORMAL,IB,62356.75803349053
669.0,28.0,40.90046525701807,1.0,NORMAL,IB,62397.65849874754
670.0,28.0,50.55510351017746,1.0,NORMAL,IB,62448.21360225772
671.0,28.0,0.0,1.0,NORMAL,IB,62448.21360225772
672.0,29.0,519.4143,1.0,NORMAL,IB,62967.627902257715
673.0,29.0,523.3858909037693,1.0,NORMAL,IB,63491.01379316148
674.0,29.0,21.03621107937918,1.0,NORMAL,IB,63512.05000424086
675.0,29.0,17.420295266387434,1.0,NORMAL,IB,63529.47029950725
676.0,29.0,9.986617969444673,1.0,NORMAL,IB,63539.456917476695
677.0,29.0,5.354126703781187,1.0,NORMAL,IB,63544.811044180475
678.0,29.0,6.5859964190863725,1.0,NORMAL,IB,63551.397040599564
679.0,29.0,2.134867492489616,1.0,NORMAL,IB,63553.53190809205
680.0,29.0,503.03615483077476,1.0,NORMAL,IB,64056.56806292283
681.0,29.0,3.1667198365061076,1.0,NORMAL,IB,64059.73478275933
682.0,29.0,1.993913439411394,1.0,NORMAL,IB,64061.72869619874
683.0,29.0,2.788704975466895,1.0,NORMAL,IB,64064.517401174206
684.0,29.0,3.655703254484704,1.0,NORMAL,IB,64068.17310442869
685.0,29.0,7.665125598882926,1.0,NORMAL,IB,64075.83823002758
686.0,29.0,504.56709585286626,1.0,NORMAL,IB,64580.40532588044
687.0,29.0,504.33507791962575,1.0,NORMAL,IB,65084.74040380007
688.0,29.0,7.863579770917301,1.0,NORMAL,IB,65092.60398357098
689.0,29.0,3.219483424751531,1.0,NORMAL,IB,65095.82346699573
690.0,29.0,517.4461971369051,1.0,NORMAL,IB,65613.26966413263
691.0,29.0,27.22673200743119,1.0,NORMAL,IB,65640.49639614006
692.0,29.0,29.635525526577837,1.0,NORMAL,IB,65670.13192166665
693.0,29.0,29.995737435122773,1.0,NORMAL,IB,65700.12765910177
694.0,29.0,90.9504063900298,1.0,NORMAL,IB,65791.07806549179
695.0,29.0,74.65304255693603,1.0,NORMAL,IB,65865.73110804873
696.0,30.0,-263.43508,1.0,NORMAL,IB,65602.29602804873
697.0,30.0,-185.06614931688028,1.0,NORMAL,IB,65417.22987873185
698.0,30.0,380.9832064925356,1.0,NORMAL,IB,65798.21308522439
699.0,30.0,-123.47226243993677,1.0,NORMAL,IB,65674.74082278444
700.0,30.0,35.432115842555426,1.0,NORMAL,IB,65710.172938627
701.0,30.0,544.9631306358922,1.0,NORMAL,IB,66255.1360692629
702.0,30.0,15.299067510797432,1.0,NORMAL,IB,66270.4351367737
703.0,30.0,524.1381225908452,1.0,NORMAL,IB,66794.57325936454
704.0,30.0,14.259232465304228,1.0,NORMAL,IB,66808.83249182985
705.0,30.0,7.540364916450537,1.0,NORMAL,IB,66816.3728567463
706.0,30.0,5.94170665562398,1.0,NORMAL,IB,66822.31456340192
707.0,30.0,507.41899099093865,1.0,NORMAL,IB,67329.73355439285
708.0,30.0,2.8974425414002565,1.0,NORMAL,IB,67332.63099693425
709.0,30.0,2.9409865448256274,1.0,NORMAL,IB,67335.57198347908
710.0,30.0,0.0,1.0,NORMAL,IB,67335.57198347908
711.0,30.0,4.205314409495146,1.0,NORMAL,IB,67339.77729788858
712.0,30.0,504.8693351026367,1.0,NORMAL,IB,67844.64663299121
713.0,30.0,5.030866178371614,1.0,NORMAL,IB,67849.67749916959
714.0,30.0,0.500912104340892,1.0,NORMAL,IB,67850.17841127393
715.0,30.0,508.5753568323583,1.0,NORMAL,IB,68358.75376810628
716.0,30.0,4.20195178178565,1.0,NORMAL,IB,68362.95571988806
717.0,30.0,10.99437646983549,1.0,NORMAL,IB,68373.9500963579
718.0,30.0,3.451410020493193,1.0,NORMAL,IB,68377.4015063784
719.0,30.0,3.611020906963901,1.0,NORMAL,IB,68381.01252728536
720.0,31.0,2.4,1.0,NORMAL,IB,68383.41252728536
721.0,31.0,2.641384547770623,1.0,NORMAL,IB,68386.05391183312
722.0,31.0,504.1230618214538,1.0,NORMAL,IB,68890.17697365457
723.0,31.0,504.76409604122887,1.0,NORMAL,IB,69394.9410696958
724.0,31.0,7.26717012935268,1.0,NORMAL,IB,69402.20823982515
725.0,31.0,8.426198748326467,1.0,NORMAL,IB,69410.63443857348
726.0,31.0,15.136030088127596,1.0,NORMAL,IB,69425.7704686616
727.0,31.0,520.6451655999907,1.0,NORMAL,IB,69946.41563426159
728.0,31.0,40.723396127129774,1.0,NORMAL,IB,69987.13903038872
729.0,31.0,48.54055793460279,1.0,NORMAL,IB,70035.67958832331
730.0,31.0,35.498551538861946,1.0,NORMAL,IB,70071.17813986218
731.0,31.0,1447.086730849484,1.0,NORMAL,IB,71518.26487071166
732.0,31.0,-197.6388696502933,1.0,NORMAL,IB,71320.62600106136
733.0,31.0,1721.3596049203434,1.0,NORMAL,IB,73041.98560598171
734.0,31.0,501.22775115083425,1.0,NORMAL,IB,73543.21335713254
735.0,31.0,-929.9073137429887,1.0,NORMAL,IB,72613.30604338954
736.0,31.0,0.0,1.0,NORMAL,IB,72613.30604338954
737.0,31.0,0.0,1.0,NORMAL,IB,72613.30604338954
738.0,31.0,0.0,1.0,NORMAL,IB,72613.30604338954
739.0,31.0,0.0,1.0,NORMAL,IB,72613.30604338954
740.0,31.0,0.0,1.0,NORMAL,IB,72613.30604338954
741.0,31.0,0.0,1.0,NORMAL,IB,72613.30604338954
742.0,31.0,0.0,1.0,NORMAL,IB,72613.30604338954
743.0,31.0,0.0,1.0,NORMAL,IB,72613.30604338954
744.0,32.0,-285.1089285714287,1.0,NORMAL,IB,72328.19711481812
745.0,32.0,-95.75396534047908,1.0,NORMAL,IB,72232.44314947764
746.0,32.0,271.9252928981638,1.0,NORMAL,IB,72504.3684423758
747.0,32.0,8.093579166215994,1.0,NORMAL,IB,72512.46202154201
748.0,32.0,14.26387732891959,1.0,NORMAL,IB,72526.72589887094
749.0,32.0,14.395998441860373,1.0,NORMAL,IB,72541.1218973128
750.0,32.0,4.615238211548059,1.0,NORMAL,IB,72545.73713552435
751.0,32.0,3.1999669924495002,1.0,NORMAL,IB,72548.93710251681
752.0,32.0,1.1956124250860896,1.0,NORMAL,IB,72550.1327149419
753.0,32.0,0.6731773948012031,1.0,NORMAL,IB,72550.80589233669
754.0,32.0,2.8786047072249956,1.0,NORMAL,IB,72553.68449704391
755.0,32.0,2.7628721211342886,1.0,NORMAL,IB,72556.44736916505
756.0,32.0,503.61515113026417,1.0,NORMAL,IB,73060.06252029531
757.0,32.0,1.5188692582893286,1.0,NORMAL,IB,73061.5813895536
758.0,32.0,5.754449799015294,1.0,NORMAL,IB,73067.33583935261
759.0,32.0,4.004624420816049,1.0,NORMAL,IB,73071.34046377343
760.0,32.0,1.1155786384051996,1.0,NORMAL,IB,73072.45604241184
761.0,32.0,3.9418398012836025,1.0,NORMAL,IB,73076.39788221312
762.0,32.0,6.709500058144362,1.0,NORMAL,IB,73083.10738227126
763.0,32.0,5.464855139533935,1.0,NORMAL,IB,73088.5722374108
764.0,32.0,5.252439727232063,1.0,NORMAL,IB,73093.82467713804
765.0,32.0,3.2983129409506473,1.0,NORMAL,IB,73097.12299007899
766.0,32.0,3.363974299974032,1.0,NORMAL,IB,73100.48696437897
767.0,32.0,8.34362490763079,1.0,NORMAL,IB,73108.8305892866
768.0,33.0,2.4,1.0,NORMAL,IB,73111.2305892866
769.0,33.0,1.6850938103799828,1.0,NORMAL,IB,73112.91568309697
770.0,33.0,3.4097913087893166,1.0,NORMAL,IB,73116.32547440576
771.0,33.0,3.266019585733892,1.0,NORMAL,IB,73119.5914939915
772.0,33.0,3.324554670664948,1.0,NORMAL,IB,73122.91604866215
773.0,33.0,2.9645768610127163,1.0,NORMAL,IB,73125.88062552316
774.0,33.0,4.523204453671269,1.0,NORMAL,IB,73130.40382997683
775.0,33.0,514.4283099064226,1.0,NORMAL,IB,73644.83213988325
776.0,33.0,508.5260754273359,1.0,NORMAL,IB,74153.35821531058
777.0,33.0,12.79112349607163,1.0,NORMAL,IB,74166.14933880666
778.0,33.0,14.821278374310424,1.0,NORMAL,IB,74180.97061718097
779.0,33.0,15.49570643498771,1.0,NORMAL,IB,74196.46632361595
780.0,33.0,-421.65402792180595,1.0,NORMAL,IB,73774.81229569415
781.0,33.0,112.72624419464867,1.0,NORMAL,IB,73887.5385398888
782.0,33.0,572.0248541774864,1.0,NORMAL,IB,74459.5633940663
783.0,33.0,451.45699163884706,1.0,NORMAL,IB,74911.02038570514
784.0,33.0,27.269861904939237,1.0,NORMAL,IB,74938.29024761007
785.0,33.0,-43.6566759467286,1.0,NORMAL,IB,74894.63357166335
786.0,33.0,548.4744312803921,1.0,NORMAL,IB,75443.10800294374
787.0,33.0,575.5551308780274,1.0,NORMAL,IB,76018.66313382177
788.0,33.0,539.1582378088032,1.0,NORMAL,IB,76557.82137163058
789.0,33.0,67.43180920244201,1.0,NORMAL,IB,76625.25318083302
790.0,33.0,27.252246980809232,1.0,NORMAL,IB,76652.50542781383
791.0,33.0,49.81523708520267,1.0,NORMAL,IB,76702.32066489903
792.0,34.0,13.231200000000001,1.0,NORMAL,IB,76715.55186489903
793.0,34.0,516.917200121137,1.0,NORMAL,IB,77232.46906502017
794.0,34.0,22.18555003715373,1.0,NORMAL,IB,77254.65461505733
795.0,34.0,519.5652811351878,1.0,NORMAL,IB,77774.21989619252
796.0,34.0,11.276910640280423,1.0,NORMAL,IB,77785.4968068328
797.0,34.0,14.216805415184691,1.0,NORMAL,IB,77799.71361224799
798.0,34.0,9.241641884888002,1.0,NORMAL,IB,77808.95525413287
799.0,34.0,3.318615023127093,1.0,NORMAL,IB,77812.27386915601
800.0,34.0,5.980214227795603,1.0,NORMAL,IB,77818.2540833838
801.0,34.0,5.5298686702321795,1.0,NORMAL,IB,77823.78395205403
802.0,34.0,509.06816073848836,1.0,NORMAL,IB,78332.85211279252
803.0,34.0,3.5098145990829437,1.0,NORMAL,IB,78336.3619273916
804.0,34.0,4.346163812100384,1.0,NORMAL,IB,78340.70809120369
805.0,34.0,2.5061342761773924,1.0,NORMAL,IB,78343.21422547987
806.0,34.0,6.8554782616388135,1.0,NORMAL,IB,78350.06970374151
807.0,34.0,3.2552483367374956,1.0,NORMAL,IB,78353.32495207824
808.0,34.0,505.2914090693332,1.0,NORMAL,IB,78858.61636114758
809.0,34.0,5.150038505062536,1.0,NORMAL,IB,78863.76639965264
810.0,34.0,533.2258918607326,1.0,NORMAL,IB,79396.99229151336
811.0,34.0,33.83782586085812,1.0,NORMAL,IB,79430.83011737422
812.0,34.0,46.15633934702448,1.0,NORMAL,IB,79476.98645672125
813.0,34.0,62.11998615480569,1.0,NORMAL,IB,79539.10644287606
814.0,34.0,523.3112618673447,1.0,NORMAL,IB,80062.4177047434
815.0,34.0,1596.1245503819046,1.0,NORMAL,IB,81658.54225512531
816.0,35.0,-93.06927999999999,1.0,NORMAL,IB,81565.47297512532
817.0,35.0,659.5720648954491,1.0,NORMAL,IB,82225.04504002076
818.0,35.0,902.0949855208225,1.0,NORMAL,IB,83127.14002554158
819.0,35.0,-571.7500875441488,1.0,NORMAL,IB,82555.38993799743
820.0,35.0,-178.42592258279825,1.0,NORMAL,IB,82376.96401541463
821.0,35.0,0.0,1.0,NORMAL,IB,82376.96401541463
822.0,35.0,0.0,1.0,NORMAL,IB,82376.96401541463
823.0,35.0,0.0,1.0,NORMAL,IB,82376.96401541463
824.0,35.0,0.0,1.0,NORMAL,IB,82376.96401541463
825.0,35.0,0.0,1.0,NORMAL,IB,82376.96401541463
826.0,35.0,0.0,1.0,NORMAL,IB,82376.96401541463
827.0,35.0,0.0,1.0,NORMAL,IB,82376.96401541463
828.0,35.0,0.0,1.0,NORMAL,IB,82376.96401541463
829.0,35.0,0.0,1.0,NORMAL,IB,82376.96401541463
830.0,35.0,0.0,1.0,NORMAL,IB,82376.96401541463
831.0,35.0,0.0,1.0,NORMAL,IB,82376.96401541463
832.0,35.0,0.0,1.0,NORMAL,IB,82376.96401541463
833.0,35.0,0.0,1.0,NORMAL,IB,82376.96401541463
834.0,35.0,0.0,1.0,NORMAL,IB,82376.96401541463
835.0,35.0,0.0,1.0,NORMAL,IB,82376.96401541463
836.0,35.0,0.0,1.0,NORMAL,IB,82376.96401541463
837.0,35.0,0.0,1.0,NORMAL,IB,82376.96401541463
838.0,35.0,0.0,1.0,NORMAL,IB,82376.96401541463
839.0,35.0,0.0,1.0,NORMAL,IB,82376.96401541463
840.0,36.0,0.8,1.0,NORMAL,IB,82377.76401541464
841.0,36.0,3.049261504573098,1.0,NORMAL,IB,82380.8132769192
842.0,36.0,0.05392376621089072,1.0,NORMAL,IB,82380.86720068542
843.0,36.0,502.8888486662486,1.0,NORMAL,IB,82883.75604935166
844.0,36.0,2.145646406689448,1.0,NORMAL,IB,82885.90169575835
845.0,36.0,3.017705478593589,1.0,NORMAL,IB,82888.91940123694
846.0,36.0,7.935716465404281,1.0,NORMAL,IB,82896.85511770235
847.0,36.0,9.969508950073514,1.0,NORMAL,IB,82906.82462665242
848.0,36.0,12.250484029917091,1.0,NORMAL,IB,82919.07511068234
849.0,36.0,13.109012821394419,1.0,NORMAL,IB,82932.18412350374
850.0,36.0,14.110549173299706,1.0,NORMAL,IB,82946.29467267705
851.0,36.0,15.346511340446462,1.0,NORMAL,IB,82961.6411840175
852.0,36.0,-376.5843509709596,1.0,NORMAL,IB,82585.05683304653
853.0,36.0,906.4508843914549,1.0,NORMAL,IB,83491.50771743798
854.0,36.0,501.6547344858105,1.0,NORMAL,IB,83993.1624519238
855.0,36.0,-243.466971068416,1.0,NORMAL,IB,83749.69548085539
856.0,36.0,502.4856981831939,1.0,NORMAL,IB,84252.18117903858
857.0,36.0,-79.9988161438468,1.0,NORMAL,IB,84172.18236289473
858.0,36.0,78.37060297915772,1.0,NORMAL,IB,84250.5529658739
859.0,36.0,565.4745510674254,1.0,NORMAL,IB,84816.02751694132
860.0,36.0,36.8364102950239,1.0,NORMAL,IB,84852.86392723635
861.0,36.0,26.64311227441114,1.0,NORMAL,IB,84879.50703951076
862.0,36.0,37.74554036011902,1.0,NORMAL,IB,84917.25257987088
863.0,36.0,532.6205217113502,1.0,NORMAL,IB,85449.87310158223
864.0,37.0,506.4697,1.0,NORMAL,IB,85956.34280158223
865.0,37.0,3.9192754388722824,1.0,NORMAL,IB,85960.2620770211
866.0,37.0,3.6275262529467787,1.0,NORMAL,IB,85963.88960327406
867.0,37.0,3.7325938122673055,1.0,NORMAL,IB,85967.62219708633
868.0,37.0,0.49068020643282295,1.0,NORMAL,IB,85968.11287729276
869.0,37.0,502.1414240269488,1.0,NORMAL,IB,86470.25430131971
870.0,37.0,504.4940889584071,1.0,NORMAL,IB,86974.74839027812
871.0,37.0,2.6414558691543073,1.0,NORMAL,IB,86977.38984614729
872.0,37.0,3.7482449526448907,1.0,NORMAL,IB,86981.13809109993
873.0,37.0,503.17770124952614,1.0,NORMAL,IB,87484.31579234946
874.0,37.0,3.88247513511173,1.0,NORMAL,IB,87488.19826748456
875.0,37.0,3.6508592208668484,1.0,NORMAL,IB,87491.84912670543
876.0,37.0,5.450668908882163,1.0,NORMAL,IB,87497.29979561432
877.0,37.0,10.81693119675911,1.0,NORMAL,IB,87508.11672681109
878.0,37.0,10.779603561697686,1.0,NORMAL,IB,87518.89633037278
879.0,37.0,531.7127278290291,1.0,NORMAL,IB,88050.60905820181
880.0,37.0,14.443623662084049,1.0,NORMAL,IB,88065.05268186389
881.0,37.0,21.198944620259375,1.0,NORMAL,IB,88086.25162648415
882.0,37.0,75.95652485823737,1.0,NORMAL,IB,88162.20815134239
883.0,37.0,73.7847769140599,1.0,NORMAL,IB,88235.99292825646
884.0,37.0,81.32730605333762,1.0,NORMAL,IB,88317.3202343098
885.0,37.0,-20.711304215975908,1.0,NORMAL,IB,88296.60893009382
886.0,37.0,-98.58851351220287,1.0,NORMAL,IB,88198.02041658161
887.0,37.0,1096.6016595721153,1.0,NORMAL,IB,89294.62207615373
168.0,8.0,536.8922,1.0,NORMAL,MAS,536.8922
169.0,8.0,-172.8804516284243,1.0,NORMAL,MAS,364.01174837157566
170.0,8.0,352.89015944070076,1.0,NORMAL,MAS,716.9019078122765
171.0,8.0,-52.581270799721665,1.0,NORMAL,MAS,664.3206370125548
172.0,8.0,1992.297530108116,1.0,NORMAL,MAS,2656.618167120671
173.0,8.0,1003.8796144733932,1.0,NORMAL,MAS,3660.4977815940642
174.0,8.0,29.11594706935771,1.0,NORMAL,MAS,3689.613728663422
175.0,8.0,1049.605799040318,1.0,NORMAL,MAS,4739.21952770374
176.0,8.0,-23.62735644264051,1.0,NORMAL,MAS,4715.5921712611
177.0,8.0,934.1863733425748,1.0,NORMAL,MAS,5649.778544603674
178.0,8.0,-43.798271287686646,1.0,NORMAL,MAS,5605.980273315988
179.0,8.0,38.52654013003111,1.0,NORMAL,MAS,5644.506813446019
180.0,8.0,-21.382804566648392,1.0,NORMAL,MAS,5623.12400887937
181.0,8.0,464.98525811323975,1.0,NORMAL,MAS,6088.10926699261
182.0,8.0,38.70551580991248,1.0,NORMAL,MAS,6126.814782802523
183.0,8.0,0.0,1.0,NORMAL,MAS,6126.814782802523
184.0,8.0,0.0,1.0,NORMAL,MAS,6126.814782802523
185.0,8.0,0.0,1.0,NORMAL,MAS,6126.814782802523
186.0,8.0,0.0,1.0,NORMAL,MAS,6126.814782802523
187.0,8.0,0.0,1.0,NORMAL,MAS,6126.814782802523
188.0,8.0,0.0,1.0,NORMAL,MAS,6126.814782802523
189.0,8.0,0.0,1.0,NORMAL,MAS,6126.814782802523
190.0,8.0,0.0,1.0,NORMAL,MAS,6126.814782802523
191.0,8.0,0.0,1.0,NORMAL,MAS,6126.814782802523
192.0,9.0,5.76,1.0,NORMAL,MAS,6132.574782802523
193.0,9.0,509.3413245251928,1.0,NORMAL,MAS,6641.916107327716
194.0,9.0,6.44885672487876,1.0,NORMAL,MAS,6648.3649640525955
195.0,9.0,506.11934159109677,1.0,NORMAL,MAS,7154.484305643692
196.0,9.0,507.40677538054376,1.0,NORMAL,MAS,7661.891081024236
197.0,9.0,1.9031392954018371,1.0,NORMAL,MAS,7663.794220319638
198.0,9.0,7.712190424483267,1.0,NORMAL,MAS,7671.506410744121
199.0,9.0,6.001404131375417,1.0,NORMAL,MAS,7677.5078148754965
200.0,9.0,14.960220030132206,1.0,NORMAL,MAS,7692.468034905629
201.0,9.0,10.6115799063042,1.0,NORMAL,MAS,7703.079614811933
202.0,9.0,6.154648867599954,1.0,NORMAL,MAS,7709.234263679534
203.0,9.0,514.0905952996533,1.0,NORMAL,MAS,8223.324858979187
204.0,9.0,15.628949940440053,1.0,NORMAL,MAS,8238.953808919627
205.0,9.0,21.994897616213596,1.0,NORMAL,MAS,8260.94870653584
206.0,9.0,517.902098238301,1.0,NORMAL,MAS,8778.850804774142
207.0,9.0,15.857178299180504,1.0,NORMAL,MAS,8794.707983073322
208.0,9.0,34.67504337452476,1.0,NORMAL,MAS,8829.383026447847
209.0,9.0,30.10812863776136,1.0,NORMAL,MAS,8859.491155085609
210.0,9.0,35.65620030899576,1.0,NORMAL,MAS,8895.147355394605
211.0,9.0,30.847288855604123,1.0,NORMAL,MAS,8925.99464425021
212.0,9.0,0.0,1.0,NORMAL,MAS,8925.99464425021
213.0,9.0,0.0,1.0,NORMAL,MAS,8925.99464425021
214.0,9.0,0.0,1.0,NORMAL,MAS,8925.99464425021
215.0,9.0,0.0,1.0,NORMAL,MAS,8925.99464425021
216.0,10.0,428.846,1.0,NORMAL,MAS,9354.84064425021
217.0,10.0,119.95369668516065,1.0,NORMAL,MAS,9474.79434093537
218.0,10.0,323.6471228614979,1.0,NORMAL,MAS,9798.441463796868
219.0,10.0,432.320045952247,1.0,NORMAL,MAS,10230.761509749114
220.0,10.0,167.58872179431603,1.0,NORMAL,MAS,10398.35023154343
221.0,10.0,37.450178387313,1.0,NORMAL,MAS,10435.800409930744
222.0,10.0,-317.7811294808152,1.0,NORMAL,MAS,10118.01928044993
223.0,10.0,-77.45477564185245,1.0,NORMAL,MAS,10040.564504808077
224.0,10.0,0.0,1.0,NORMAL,MAS,10040.564504808077
225.0,10.0,0.0,1.0,NORMAL,MAS,10040.564504808077
226.0,10.0,0.0,1.0,NORMAL,MAS,10040.564504808077
227.0,10.0,0.0,1.0,NORMAL,MAS,10040.564504808077
228.0,10.0,0.0,1.0,NORMAL,MAS,10040.564504808077
229.0,10.0,0.0,1.0,NORMAL,MAS,10040.564504808077
230.0,10.0,0.0,1.0,NORMAL,MAS,10040.564504808077
231.0,10.0,0.0,1.0,NORMAL,MAS,10040.564504808077
232.0,10.0,0.0,1.0,NORMAL,MAS,10040.564504808077
233.0,10.0,0.0,1.0,NORMAL,MAS,10040.564504808077
234.0,10.0,0.0,1.0,NORMAL,MAS,10040.564504808077
235.0,10.0,0.0,1.0,NORMAL,MAS,10040.564504808077
236.0,10.0,0.0,1.0,NORMAL,MAS,10040.564504808077
237.0,10.0,0.0,1.0,NORMAL,MAS,10040.564504808077
238.0,10.0,0.0,1.0,NORMAL,MAS,10040.564504808077
239.0,10.0,0.0,1.0,NORMAL,MAS,10040.564504808077
240.0,11.0,13.46144,1.0,NORMAL,MAS,10054.025944808076
241.0,11.0,13.234389767962309,1.0,NORMAL,MAS,10067.260334576038
242.0,11.0,526.6388226593108,1.0,NORMAL,MAS,10593.899157235348
243.0,11.0,24.644450645494878,1.0,NORMAL,MAS,10618.543607880843
244.0,11.0,11.541877951754147,1.0,NORMAL,MAS,10630.085485832598
245.0,11.0,13.85584030272746,1.0,NORMAL,MAS,10643.941326135326
246.0,11.0,508.4782914238475,1.0,NORMAL,MAS,11152.419617559173
247.0,11.0,12.3658120264746,1.0,NORMAL,MAS,11164.785429585649
248.0,11.0,0.0,1.0,NORMAL,MAS,11164.785429585649
249.0,11.0,0.0,1.0,NORMAL,MAS,11164.785429585649
250.0,11.0,0.0,1.0,NORMAL,MAS,11164.785429585649
251.0,11.0,0.0,1.0,NORMAL,MAS,11164.785429585649
252.0,11.0,39.3610177385346,1.0,NORMAL,MAS,11204.146447324183
253.0,11.0,330.6356484268309,1.0,NORMAL,MAS,11534.782095751014
254.0,11.0,-114.60755452698986,1.0,NORMAL,MAS,11420.174541224023
255.0,11.0,-1.0329990519998944,1.0,NORMAL,MAS,11419.141542172023
256.0,11.0,0.0,1.0,NORMAL,MAS,11419.141542172023
257.0,11.0,0.0,1.0,NORMAL,MAS,11419.141542172023
258.0,11.0,0.0,1.0,NORMAL,MAS,11419.141542172023
259.0,11.0,0.0,1.0,NORMAL,MAS,11419.141542172023
260.0,11.0,6.302927672678475,1.0,NORMAL,MAS,11425.444469844702
261.0,11.0,2.198875293967098,1.0,NORMAL,MAS,11427.64334513867
262.0,11.0,503.7076435702541,1.0,NORMAL,MAS,11931.350988708924
263.0,11.0,6.45265362601736,1.0,NORMAL,MAS,11937.803642334942
264.0,12.0,0.8,1.0,NORMAL,MAS,11938.603642334941
265.0,12.0,1.2638203577849871,1.0,NORMAL,MAS,11939.867462692726
266.0,12.0,3.547616198084916,1.0,NORMAL,MAS,11943.41507889081
267.0,12.0,502.2662969061337,1.0,NORMAL,MAS,12445.681375796943
268.0,12.0,1005.7196745749303,1.0,NORMAL,MAS,13451.401050371873
269.0,12.0,3.4662554382860873,1.0,NORMAL,MAS,13454.86730581016
270.0,12.0,4.8564338667610825,1.0,NORMAL,MAS,13459.72373967692
271.0,12.0,3.42621808357846,1.0,NORMAL,MAS,13463.149957760497
272.0,12.0,7.532358278042365,1.0,NORMAL,MAS,13470.68231603854
273.0,12.0,4.743867547256801,1.0,NORMAL,MAS,13475.426183585796
274.0,12.0,5.590753659386522,1.0,NORMAL,MAS,13481.016937245182
275.0,12.0,4.7636059676536835,1.0,NORMAL,MAS,13485.780543212835
276.0,12.0,7.200144715379636,1.0,NORMAL,MAS,13492.980687928215
277.0,12.0,4.804031577043317,1.0,NORMAL,MAS,13497.784719505258
278.0,12.0,8.730697212078729,1.0,NORMAL,MAS,13506.515416717337
279.0,12.0,6.6049193946656555,1.0,NORMAL,MAS,13513.120336112002
280.0,12.0,6.961224685520774,1.0,NORMAL,MAS,13520.081560797524
281.0,12.0,9.199334766818598,1.0,NORMAL,MAS,13529.280895564343
282.0,12.0,7.5571974654904865,1.0,NORMAL,MAS,13536.838093029834
283.0,12.0,7.318787375609846,1.0,NORMAL,MAS,13544.156880405444
284.0,12.0,518.377894440561,1.0,NORMAL,MAS,14062.534774846004
285.0,12.0,516.5332884135506,1.0,NORMAL,MAS,14579.068063259556
286.0,12.0,8.099308848090692,1.0,NORMAL,MAS,14587.167372107646
287.0,12.0,3.2487151426318563,1.0,NORMAL,MAS,14590.416087250278
288.0,13.0,-20.5579,0.0,CRASH,MAS,14569.858187250278
289.0,13.0,0.0,0.0,CRASH,MAS,14569.858187250278
290.0,13.0,0.0,0.0,CRASH,MAS,14569.858187250278
291.0,13.0,-0.024662969061336526,0.0,CRASH,MAS,14569.833524281217
292.0,13.0,0.0,0.0,CRASH,MAS,14569.833524281217
293.0,13.0,-0.026632472846940994,0.0,CRASH,MAS,14569.80689180837
294.0,13.0,0.0,0.0,CRASH,MAS,14569.80689180837
295.0,13.0,0.0,0.0,CRASH,MAS,14569.80689180837
296.0,13.0,0.0,0.0,CRASH,MAS,14569.80689180837
297.0,13.0,0.0,0.0,CRASH,MAS,14569.80689180837
298.0,13.0,0.0,0.0,CRASH,MAS,14569.80689180837
299.0,13.0,0.0,0.0,CRASH,MAS,14569.80689180837
300.0,13.0,0.0,0.0,CRASH,MAS,14569.80689180837
301.0,13.0,0.0,0.0,CRASH,MAS,14569.80689180837
302.0,13.0,0.0,0.0,CRASH,MAS,14569.80689180837
303.0,13.0,0.0,0.0,CRASH,MAS,14569.80689180837
304.0,13.0,0.0,0.0,CRASH,MAS,14569.80689180837
305.0,13.0,0.0,0.0,CRASH,MAS,14569.80689180837
306.0,13.0,0.0,0.0,CRASH,MAS,14569.80689180837
307.0,13.0,0.0,0.0,CRASH,MAS,14569.80689180837
308.0,13.0,0.0,0.0,CRASH,MAS,14569.80689180837
309.0,13.0,0.0,0.0,CRASH,MAS,14569.80689180837
310.0,13.0,0.0,0.0,CRASH,MAS,14569.80689180837
311.0,13.0,0.0,0.0,CRASH,MAS,14569.80689180837
312.0,14.0,0.0,0.0,CRASH,MAS,14569.80689180837
313.0,14.0,0.0,0.0,CRASH,MAS,14569.80689180837
314.0,14.0,0.0,0.0,CRASH,MAS,14569.80689180837
315.0,14.0,0.0,0.0,CRASH,MAS,14569.80689180837
316.0,14.0,-0.02562720825731292,0.0,CRASH,MAS,14569.781264600113
317.0,14.0,-0.026632472846940994,0.0,CRASH,MAS,14569.754632127266
318.0,14.0,-0.02768050833375483,0.0,CRASH,MAS,14569.726951618932
319.0,14.0,0.0,0.0,CRASH,MAS,14569.726951618932
320.0,14.0,0.0,0.0,CRASH,MAS,14569.726951618932
321.0,14.0,0.0,0.0,CRASH,MAS,14569.726951618932
322.0,14.0,0.0,0.0,CRASH,MAS,14569.726951618932
323.0,14.0,0.0,0.0,CRASH,MAS,14569.726951618932
324.0,14.0,0.0,0.0,CRASH,MAS,14569.726951618932
325.0,14.0,0.0,0.0,CRASH,MAS,14569.726951618932
326.0,14.0,0.0,0.0,CRASH,MAS,14569.726951618932
327.0,14.0,0.0,0.0,CRASH,MAS,14569.726951618932
328.0,14.0,0.0,0.0,CRASH,MAS,14569.726951618932
329.0,14.0,0.0,0.0,CRASH,MAS,14569.726951618932
330.0,14.0,0.0,0.0,CRASH,MAS,14569.726951618932
331.0,14.0,0.0,0.0,CRASH,MAS,14569.726951618932
332.0,14.0,0.0,0.0,CRASH,MAS,14569.726951618932
333.0,14.0,0.0,0.0,CRASH,MAS,14569.726951618932
334.0,14.0,0.0,0.0,CRASH,MAS,14569.726951618932
335.0,14.0,0.0,0.0,CRASH,MAS,14569.726951618932
336.0,15.0,0.0,0.0,CRASH,MAS,14569.726951618932
337.0,15.0,0.0,0.0,CRASH,MAS,14569.726951618932
338.0,15.0,-0.023738080990424577,0.0,CRASH,MAS,14569.703213537941
339.0,15.0,0.0,0.0,CRASH,MAS,14569.703213537941
340.0,15.0,0.0,0.0,CRASH,MAS,14569.703213537941
341.0,15.0,0.0,0.0,CRASH,MAS,14569.703213537941
342.0,15.0,0.0,0.0,CRASH,MAS,14569.703213537941
343.0,15.0,0.0,0.0,CRASH,MAS,14569.703213537941
344.0,15.0,0.0,0.0,CRASH,MAS,14569.703213537941
345.0,15.0,-0.031099828292364025,0.0,CRASH,MAS,14569.672113709648
346.0,15.0,0.0,0.0,CRASH,MAS,14569.672113709648
347.0,15.0,0.0,0.0,CRASH,MAS,14569.672113709648
348.0,15.0,-0.034974425414002565,0.0,CRASH,MAS,14569.637139284234
349.0,15.0,0.0,0.0,CRASH,MAS,14569.637139284234
350.0,15.0,0.0,0.0,CRASH,MAS,14569.637139284234
351.0,15.0,0.0,0.0,CRASH,MAS,14569.637139284234
352.0,15.0,0.0,0.0,CRASH,MAS,14569.637139284234
353.0,15.0,0.0,0.0,CRASH,MAS,14569.637139284234
354.0,15.0,-0.0443400003322535,0.0,CRASH,MAS,14569.592799283902
355.0,15.0,0.0,0.0,CRASH,MAS,14569.592799283902
356.0,15.0,0.0,0.0,CRASH,MAS,14569.592799283902
357.0,15.0,0.0,0.0,CRASH,MAS,14569.592799283902
358.0,15.0,0.0,0.0,CRASH,MAS,14569.592799283902
359.0,15.0,0.0,0.0,CRASH,MAS,14569.592799283902
360.0,16.0,0.0,0.0,CRASH,MAS,14569.592799283902
361.0,16.0,0.0,0.0,CRASH,MAS,14569.592799283902
362.0,16.0,0.0,0.0,CRASH,MAS,14569.592799283902
363.0,16.0,0.0,0.0,CRASH,MAS,14569.592799283902
364.0,16.0,0.0,0.0,CRASH,MAS,14569.592799283902
365.0,16.0,0.0,0.0,CRASH,MAS,14569.592799283902
366.0,16.0,0.0,0.0,CRASH,MAS,14569.592799283902
367.0,16.0,0.0,0.0,CRASH,MAS,14569.592799283902
368.0,16.0,-0.02991224850172179,0.0,CRASH,MAS,14569.562887035401
369.0,16.0,0.0,0.0,CRASH,MAS,14569.562887035401
370.0,16.0,0.0,0.0,CRASH,MAS,14569.562887035401
371.0,16.0,0.0,0.0,CRASH,MAS,14569.562887035401
372.0,16.0,-0.034974425414002565,0.0,CRASH,MAS,14569.527912609987
373.0,16.0,0.0,0.0,CRASH,MAS,14569.527912609987
374.0,16.0,0.0,0.0,CRASH,MAS,14569.527912609987
375.0,16.0,0.0,0.0,CRASH,MAS,14569.527912609987
376.0,16.0,0.0,0.0,CRASH,MAS,14569.527912609987
377.0,16.0,0.0,0.0,CRASH,MAS,14569.527912609987
378.0,16.0,0.0,0.0,CRASH,MAS,14569.527912609987
379.0,16.0,0.0,0.0,CRASH,MAS,14569.527912609987
380.0,16.0,0.0,0.0,CRASH,MAS,14569.527912609987
381.0,16.0,0.0,0.0,CRASH,MAS,14569.527912609987
382.0,16.0,0.0,0.0,CRASH,MAS,14569.527912609987
383.0,16.0,0.0,0.0,CRASH,MAS,14569.527912609987
384.0,17.0,0.0,0.0,CRASH,MAS,14569.527912609987
385.0,17.0,0.0,0.0,CRASH,MAS,14569.527912609987
386.0,17.0,0.0,0.0,CRASH,MAS,14569.527912609987
387.0,17.0,-0.04932593812267305,0.0,CRASH,MAS,14569.478586671865
388.0,17.0,0.0,0.0,CRASH,MAS,14569.478586671865
389.0,17.0,0.0,0.0,CRASH,MAS,14569.478586671865
390.0,17.0,-0.02768050833375483,0.0,CRASH,MAS,14569.45090616353
391.0,17.0,0.0,0.0,CRASH,MAS,14569.45090616353
392.0,17.0,0.0,0.0,CRASH,MAS,14569.45090616353
393.0,17.0,0.0,0.0,CRASH,MAS,14569.45090616353
394.0,17.0,0.0,0.0,CRASH,MAS,14569.45090616353
395.0,17.0,0.0,0.0,CRASH,MAS,14569.45090616353
396.0,17.0,0.0,0.0,CRASH,MAS,14569.45090616353
397.0,17.0,0.0,0.0,CRASH,MAS,14569.45090616353
398.0,17.0,-0.03784003651311511,0.0,CRASH,MAS,14569.413066127017
399.0,17.0,0.0,0.0,CRASH,MAS,14569.413066127017
400.0,17.0,0.0,0.0,CRASH,MAS,14569.413066127017
401.0,17.0,-0.042612081932694966,0.0,CRASH,MAS,14569.370454045085
402.0,17.0,0.0,0.0,CRASH,MAS,14569.370454045085
403.0,17.0,0.0,0.0,CRASH,MAS,14569.370454045085
404.0,17.0,0.0,0.0,CRASH,MAS,14569.370454045085
405.0,17.0,0.0,0.0,CRASH,MAS,14569.370454045085
406.0,17.0,0.0,0.0,CRASH,MAS,14569.370454045085
407.0,17.0,0.0,0.0,CRASH,MAS,14569.370454045085
408.0,18.0,0.0,0.0,CRASH,MAS,14569.370454045085
409.0,18.0,0.0,0.0,CRASH,MAS,14569.370454045085
410.0,18.0,0.0,0.0,CRASH,MAS,14569.370454045085
411.0,18.0,0.0,0.0,CRASH,MAS,14569.370454045085
412.0,18.0,0.0,0.0,CRASH,MAS,14569.370454045085
413.0,18.0,0.0,0.0,CRASH,MAS,14569.370454045085
414.0,18.0,0.0,0.0,CRASH,MAS,14569.370454045085
415.0,18.0,0.0,0.0,CRASH,MAS,14569.370454045085
416.0,18.0,0.0,0.0,CRASH,MAS,14569.370454045085
417.0,18.0,0.0,0.0,CRASH,MAS,14569.370454045085
418.0,18.0,0.0,0.0,CRASH,MAS,14569.370454045085
419.0,18.0,0.0,0.0,CRASH,MAS,14569.370454045085
420.0,18.0,0.0,0.0,CRASH,MAS,14569.370454045085
421.0,18.0,0.0,0.0,CRASH,MAS,14569.370454045085
422.0,18.0,0.0,0.0,CRASH,MAS,14569.370454045085
423.0,18.0,-0.03936491914864445,0.0,CRASH,MAS,14569.331089125937
424.0,18.0,0.0,0.0,CRASH,MAS,14569.331089125937
425.0,18.0,0.0,0.0,CRASH,MAS,14569.331089125937
426.0,18.0,0.0,0.0,CRASH,MAS,14569.331089125937
427.0,18.0,0.0,0.0,CRASH,MAS,14569.331089125937
428.0,18.0,0.0,0.0,CRASH,MAS,14569.331089125937
429.0,18.0,0.0,0.0,CRASH,MAS,14569.331089125937
430.0,18.0,0.0,0.0,CRASH,MAS,14569.331089125937
431.0,18.0,-0.05414694542618535,0.0,CRASH,MAS,14569.276942180511
432.0,19.0,0.0,0.0,CRASH,MAS,14569.276942180511
433.0,19.0,11.711939977262146,1.0,NORMAL,MAS,14580.988882157773
434.0,19.0,-123.90400099211209,1.0,NORMAL,MAS,14457.084881165661
435.0,19.0,310.9089153381143,1.0,NORMAL,MAS,14767.993796503775
436.0,19.0,29.172915891381678,1.0,NORMAL,MAS,14797.166712395157
437.0,19.0,399.1378600044547,1.0,NORMAL,MAS,15196.304572399613
438.0,19.0,-69.6746435735373,1.0,NORMAL,MAS,15126.629928826076
439.0,19.0,-115.33230534331047,1.0,NORMAL,MAS,15011.297623482766
440.0,19.0,0.0,1.0,NORMAL,MAS,15011.297623482766
441.0,19.0,0.0,1.0,NORMAL,MAS,15011.297623482766
442.0,19.0,0.013168967963882134,1.0,NORMAL,MAS,15011.31079245073
443.0,19.0,0.0,1.0,NORMAL,MAS,15011.31079245073
444.0,19.0,3.3750859443500882,1.0,NORMAL,MAS,15014.68587839508
445.0,19.0,4.7803372166140035,1.0,NORMAL,MAS,15019.466215611694
446.0,19.0,505.3760054769673,1.0,NORMAL,MAS,15524.84222108866
447.0,19.0,2.909921423549025,1.0,NORMAL,MAS,15527.752142512209
448.0,19.0,1.7477340410546758,1.0,NORMAL,MAS,15529.499876553264
449.0,19.0,3.0311142632078156,1.0,NORMAL,MAS,15532.53099081647
450.0,19.0,0.0,1.0,NORMAL,MAS,15532.53099081647
451.0,19.0,2.3366330077293256,1.0,NORMAL,MAS,15534.8676238242
452.0,19.0,8.425333517658407,1.0,NORMAL,MAS,15543.292957341859
453.0,19.0,5.053894975653979,1.0,NORMAL,MAS,15548.346852317512
454.0,19.0,503.73315315839346,1.0,NORMAL,MAS,16052.080005475906
455.0,19.0,1.50146249311559,1.0,NORMAL,MAS,16053.581467969021
456.0,20.0,504.0,1.0,NORMAL,MAS,16557.581467969023
457.0,20.0,0.23827226478772956,1.0,NORMAL,MAS,16557.819740233812
458.0,20.0,3.1041641733243015,1.0,NORMAL,MAS,16560.923904407136
459.0,20.0,503.34154147324875,1.0,NORMAL,MAS,17064.265445880385
460.0,20.0,4.221910632189294,1.0,NORMAL,MAS,17068.487356512574
461.0,20.0,2.344983701419079,1.0,NORMAL,MAS,17070.832340213994
462.0,20.0,3.1496358481862323,1.0,NORMAL,MAS,17073.98197606218
463.0,20.0,1.2250807697314938,1.0,NORMAL,MAS,17075.20705683191
464.0,20.0,1510.550829933651,1.0,NORMAL,MAS,18585.75788676556
465.0,20.0,4.5243695488400775,1.0,NORMAL,MAS,18590.2822563144
466.0,20.0,4.9778698903474465,1.0,NORMAL,MAS,18595.260126204746
467.0,20.0,2.6109141544719026,1.0,NORMAL,MAS,18597.87104035922
468.0,20.0,2.057184204394182,1.3,HOLIDAY,MAS,18599.928224563613
469.0,20.0,7.500480171284363,1.3,HOLIDAY,MAS,18607.4287047349
470.0,20.0,19.362722204538123,1.3,HOLIDAY,MAS,18626.79142693944
471.0,20.0,11.710419322791228,1.3,HOLIDAY,MAS,18638.50184626223
472.0,20.0,624.4127036971752,1.3,HOLIDAY,MAS,19262.914549959405
473.0,20.0,11.858470277590236,1.3,HOLIDAY,MAS,19274.773020236997
474.0,20.0,614.6373615148633,1.3,HOLIDAY,MAS,19889.41038175186
475.0,20.0,15.649540360648595,1.3,HOLIDAY,MAS,19905.05992211251
476.0,20.0,628.0624718677398,1.3,HOLIDAY,MAS,20533.122393980248
477.0,20.0,645.2634183717475,1.3,HOLIDAY,MAS,21178.385812351997
478.0,20.0,1238.572748112715,1.3,HOLIDAY,MAS,22416.95856046471
479.0,20.0,637.6161990831788,1.3,HOLIDAY,MAS,23054.57475954789
480.0,21.0,27.244080000000004,1.3,HOLIDAY,MAS,23081.81883954789
481.0,21.0,621.8887935479165,1.3,HOLIDAY,MAS,23703.707633095808
482.0,21.0,619.9743617892665,1.3,HOLIDAY,MAS,24323.681994885075
483.0,21.0,34.79430636950275,1.3,HOLIDAY,MAS,24358.476301254577
484.0,21.0,1283.8052351445237,1.3,HOLIDAY,MAS,25642.2815363991
485.0,21.0,678.4825070365525,1.3,HOLIDAY,MAS,26320.76404343565
486.0,21.0,0.0,1.3,HOLIDAY,MAS,26320.76404343565
487.0,21.0,0.0,1.3,HOLIDAY,MAS,26320.76404343565
488.0,21.0,-21.12588243733763,1.3,HOLIDAY,MAS,26299.638160998315
489.0,21.0,1794.6601815083511,1.3,HOLIDAY,MAS,28094.298342506667
490.0,21.0,1731.030949979258,1.3,HOLIDAY,MAS,29825.329292485923
491.0,21.0,606.0522568488329,1.3,HOLIDAY,MAS,30431.381549334757
492.0,21.0,-368.3197571874712,1.3,HOLIDAY,MAS,30063.061792147288
493.0,21.0,1921.5866234020573,1.3,HOLIDAY,MAS,31984.648415549345
494.0,21.0,0.0,1.3,HOLIDAY,MAS,31984.648415549345
495.0,21.0,0.0,1.3,HOLIDAY,MAS,31984.648415549345
496.0,21.0,-46.1783303730623,1.3,HOLIDAY,MAS,31938.470085176283
497.0,21.0,2566.363738549911,1.3,HOLIDAY,MAS,34504.83382372619
498.0,21.0,2323.9565126032658,1.3,HOLIDAY,MAS,36828.79033632946
499.0,21.0,353.422502648443,1.3,HOLIDAY,MAS,37182.2128389779
500.0,21.0,0.0,1.3,HOLIDAY,MAS,37182.2128389779
501.0,21.0,0.0,1.3,HOLIDAY,MAS,37182.2128389779
502.0,21.0,0.0,1.3,HOLIDAY,MAS,37182.2128389779
503.0,21.0,0.0,1.3,HOLIDAY,MAS,37182.2128389779
504.0,22.0,10.08,1.3,HOLIDAY,MAS,37192.292838977904
505.0,22.0,617.5107220742616,1.3,HOLIDAY,MAS,37809.80356105217
506.0,22.0,35.51163814283,1.3,HOLIDAY,MAS,37845.315199195
507.0,22.0,12.150899266764373,1.3,HOLIDAY,MAS,37857.466098461766
508.0,22.0,13.195666519515331,1.3,HOLIDAY,MAS,37870.66176498128
509.0,22.0,642.0629032828933,1.3,HOLIDAY,MAS,38512.72466826418
510.0,22.0,647.4580930109456,1.3,HOLIDAY,MAS,39160.18276127512
511.0,22.0,644.6964093694255,1.3,HOLIDAY,MAS,39804.87917064455
512.0,22.0,60.99643952937452,1.3,HOLIDAY,MAS,39865.87561017392
513.0,22.0,38.94188159903694,1.3,HOLIDAY,MAS,39904.817491772956
514.0,22.0,56.92497105875475,1.3,HOLIDAY,MAS,39961.74246283171
515.0,22.0,53.182111028895754,1.3,HOLIDAY,MAS,40014.924573860604
516.0,22.0,655.448309927043,1.3,HOLIDAY,MAS,40670.37288378765
517.0,22.0,661.1470549943846,1.3,HOLIDAY,MAS,41331.51993878203
518.0,22.0,692.050653779372,1.3,HOLIDAY,MAS,42023.5705925614
519.0,22.0,138.84811103708387,1.3,HOLIDAY,MAS,42162.41870359849
520.0,22.0,0.0,1.3,HOLIDAY,MAS,42162.41870359849
521.0,22.0,0.0,1.3,HOLIDAY,MAS,42162.41870359849
522.0,22.0,1350.433809480495,1.3,HOLIDAY,MAS,43512.85251307898
523.0,22.0,182.18288643219202,1.3,HOLIDAY,MAS,43695.03539951117
524.0,22.0,449.70760370468867,1.3,HOLIDAY,MAS,44144.74300321586
525.0,22.0,1288.216719835405,1.3,HOLIDAY,MAS,45432.959723051266
526.0,22.0,-136.3441822122423,1.3,HOLIDAY,MAS,45296.615540839026
527.0,22.0,1040.0483424778236,1.3,HOLIDAY,MAS,46336.66388331685
528.0,23.0,3072.3065,1.3,HOLIDAY,MAS,49408.970383316846
529.0,23.0,-119.61427546844862,1.3,HOLIDAY,MAS,49289.3561078484
530.0,23.0,1150.8134670543195,1.3,HOLIDAY,MAS,50440.16957490272
531.0,23.0,2555.4416124849886,1.3,HOLIDAY,MAS,52995.61118738771
532.0,23.0,1544.7356857931818,1.3,HOLIDAY,MAS,54540.34687318089
533.0,23.0,1279.8596216123772,1.3,HOLIDAY,MAS,55820.20649479327
534.0,23.0,281.33014499221883,1.3,HOLIDAY,MAS,56101.53663978549
535.0,23.0,0.0,1.3,HOLIDAY,MAS,56101.53663978549
536.0,23.0,0.0,1.3,HOLIDAY,MAS,56101.53663978549
537.0,23.0,0.0,1.3,HOLIDAY,MAS,56101.53663978549
538.0,23.0,0.0,1.3,HOLIDAY,MAS,56101.53663978549
539.0,23.0,0.0,1.3,HOLIDAY,MAS,56101.53663978549
540.0,23.0,0.0,1.3,HOLIDAY,MAS,56101.53663978549
541.0,23.0,0.0,1.3,HOLIDAY,MAS,56101.53663978549
542.0,23.0,0.0,1.3,HOLIDAY,MAS,56101.53663978549
543.0,23.0,0.0,1.3,HOLIDAY,MAS,56101.53663978549
544.0,23.0,0.0,1.3,HOLIDAY,MAS,56101.53663978549
545.0,23.0,0.0,1.3,HOLIDAY,MAS,56101.53663978549
546.0,23.0,0.0,1.3,HOLIDAY,MAS,56101.53663978549
547.0,23.0,0.0,1.3,HOLIDAY,MAS,56101.53663978549
548.0,23.0,0.0,1.3,HOLIDAY,MAS,56101.53663978549
549.0,23.0,0.0,1.3,HOLIDAY,MAS,56101.53663978549
550.0,23.0,0.0,1.3,HOLIDAY,MAS,56101.53663978549
551.0,23.0,0.0,1.3,HOLIDAY,MAS,56101.53663978549
552.0,24.0,-2830.72805,1.3,HOLIDAY,MAS,53270.80858978549
553.0,24.0,-771.6279159937094,1.3,HOLIDAY,MAS,52499.18067379178
554.0,24.0,0.0,1.3,HOLIDAY,MAS,52499.18067379178
555.0,24.0,0.0,1.3,HOLIDAY,MAS,52499.18067379178
556.0,24.0,0.0,1.3,HOLIDAY,MAS,52499.18067379178
557.0,24.0,0.0,1.3,HOLIDAY,MAS,52499.18067379178
558.0,24.0,0.0,1.3,HOLIDAY,MAS,52499.18067379178
559.0,24.0,0.0,1.3,HOLIDAY,MAS,52499.18067379178
560.0,24.0,0.0,1.3,HOLIDAY,MAS,52499.18067379178
561.0,24.0,0.0,1.3,HOLIDAY,MAS,52499.18067379178
562.0,24.0,0.0,1.3,HOLIDAY,MAS,52499.18067379178
563.0,24.0,0.0,1.3,HOLIDAY,MAS,52499.18067379178
564.0,24.0,0.0,1.3,HOLIDAY,MAS,52499.18067379178
565.0,24.0,0.0,1.3,HOLIDAY,MAS,52499.18067379178
566.0,24.0,0.0,1.3,HOLIDAY,MAS,52499.18067379178
567.0,24.0,0.0,1.3,HOLIDAY,MAS,52499.18067379178
568.0,24.0,0.0,1.3,HOLIDAY,MAS,52499.18067379178
569.0,24.0,0.0,1.3,HOLIDAY,MAS,52499.18067379178
570.0,24.0,0.0,1.3,HOLIDAY,MAS,52499.18067379178
571.0,24.0,0.0,1.3,HOLIDAY,MAS,52499.18067379178
572.0,24.0,0.0,1.3,HOLIDAY,MAS,52499.18067379178
573.0,24.0,0.0,1.3,HOLIDAY,MAS,52499.18067379178
574.0,24.0,0.0,1.3,HOLIDAY,MAS,52499.18067379178
575.0,24.0,0.0,1.3,HOLIDAY,MAS,52499.18067379178
576.0,25.0,1.6204,1.3,HOLIDAY,MAS,52500.80107379178
577.0,25.0,0.9541843701276652,1.3,HOLIDAY,MAS,52501.75525816191
578.0,25.0,0.6933815859156969,1.3,HOLIDAY,MAS,52502.448639747825
579.0,25.0,1.1197781436801915,1.3,HOLIDAY,MAS,52503.5684178915
580.0,25.0,2.8823536686276885,1.3,HOLIDAY,MAS,52506.45077156013
581.0,25.0,1.4855380449797515,1.3,HOLIDAY,MAS,52507.93630960511
582.0,25.0,609.9383567251631,1.3,HOLIDAY,MAS,53117.87466633027
583.0,25.0,1209.6407379974462,1.3,HOLIDAY,MAS,54327.51540432772
584.0,25.0,7.388884787032032,1.3,HOLIDAY,MAS,54334.904289114755
585.0,25.0,16.340113717470437,1.3,HOLIDAY,MAS,54351.24440283223
586.0,25.0,1219.8094586433929,1.3,HOLIDAY,MAS,55571.05386147562
587.0,25.0,15.41682643592933,1.3,HOLIDAY,MAS,55586.470687911555
588.0,25.0,20.068411402373528,1.3,HOLIDAY,MAS,55606.53909931393
589.0,25.0,628.3223244296107,1.3,HOLIDAY,MAS,56234.86142374354
590.0,25.0,650.6796036313705,1.3,HOLIDAY,MAS,56885.54102737491
591.0,25.0,650.2358260231822,1.3,HOLIDAY,MAS,57535.77685339809
592.0,25.0,43.13599864067456,1.3,HOLIDAY,MAS,57578.91285203877
593.0,25.0,1252.8318512654237,1.3,HOLIDAY,MAS,58831.74470330419
594.0,25.0,651.1465087013605,1.3,HOLIDAY,MAS,59482.891212005554
595.0,25.0,1288.174505398122,1.3,HOLIDAY,MAS,60771.065717403675
596.0,25.0,112.10807353804115,1.3,HOLIDAY,MAS,60883.17379094171
597.0,25.0,714.947867011139,1.3,HOLIDAY,MAS,61598.121657952855
598.0,25.0,802.3263253263652,1.3,HOLIDAY,MAS,62400.44798327922
599.0,25.0,1328.9262827286107,1.3,HOLIDAY,MAS,63729.37426600783
600.0,26.0,35.99792,1.3,HOLIDAY,MAS,63765.37218600783
601.0,26.0,670.3930798024998,1.3,HOLIDAY,MAS,64435.76526581033
602.0,26.0,1119.1354674826505,1.3,HOLIDAY,MAS,65554.90073329298
603.0,26.0,469.7553310501208,1.3,HOLIDAY,MAS,66024.6560643431
604.0,26.0,1319.8849272417708,1.3,HOLIDAY,MAS,67344.54099158487
605.0,26.0,1315.1314391124167,1.3,HOLIDAY,MAS,68659.67243069729
606.0,26.0,1336.9600574608312,1.3,HOLIDAY,MAS,69996.63248815812
607.0,26.0,1340.5561448779538,1.3,HOLIDAY,MAS,71337.18863303607
608.0,26.0,708.3519992138638,1.3,HOLIDAY,MAS,72045.54063224993
609.0,26.0,1801.1476972278508,1.3,HOLIDAY,MAS,73846.68832947778
610.0,26.0,1055.3083836220835,1.3,HOLIDAY,MAS,74901.99671309987
611.0,26.0,919.4048255991733,1.3,HOLIDAY,MAS,75821.40153869905
612.0,26.0,1240.1631798985093,1.3,HOLIDAY,MAS,77061.56471859755
613.0,26.0,-532.9735003953585,1.3,HOLIDAY,MAS,76528.5912182022
614.0,26.0,658.5977428982129,1.3,HOLIDAY,MAS,77187.18896110042
615.0,26.0,0.0,1.3,HOLIDAY,MAS,77187.18896110042
616.0,26.0,0.0,1.3,HOLIDAY,MAS,77187.18896110042
617.0,26.0,0.0,1.3,HOLIDAY,MAS,77187.18896110042
618.0,26.0,0.0,1.3,HOLIDAY,MAS,77187.18896110042
619.0,26.0,0.0,1.3,HOLIDAY,MAS,77187.18896110042
620.0,26.0,0.0,1.3,HOLIDAY,MAS,77187.18896110042
621.0,26.0,0.0,1.3,HOLIDAY,MAS,77187.18896110042
622.0,26.0,0.0,1.3,HOLIDAY,MAS,77187.18896110042
623.0,26.0,0.0,1.3,HOLIDAY,MAS,77187.18896110042
624.0,27.0,2870.1736,1.3,HOLIDAY,MAS,80057.36256110041
625.0,27.0,-3503.4787203689298,1.0,NORMAL,MAS,76553.88384073148
626.0,27.0,0.0,1.0,NORMAL,MAS,76553.88384073148
627.0,27.0,0.0,1.0,NORMAL,MAS,76553.88384073148
628.0,27.0,0.0,1.0,NORMAL,MAS,76553.88384073148
629.0,27.0,0.0,1.0,NORMAL,MAS,76553.88384073148
630.0,27.0,0.010840254166877413,1.0,NORMAL,MAS,76553.89468098564
631.0,27.0,0.0,1.0,NORMAL,MAS,76553.89468098564
632.0,27.0,0.0,1.0,NORMAL,MAS,76553.89468098564
633.0,27.0,0.0,1.0,NORMAL,MAS,76553.89468098564
634.0,27.0,0.0,1.0,NORMAL,MAS,76553.89468098564
635.0,27.0,0.0,1.0,NORMAL,MAS,76553.89468098564
636.0,27.0,0.0,1.0,NORMAL,MAS,76553.89468098564
637.0,27.0,0.0,1.0,NORMAL,MAS,76553.89468098564
638.0,27.0,0.0,1.0,NORMAL,MAS,76553.89468098564
639.0,27.0,0.0,1.0,NORMAL,MAS,76553.89468098564
640.0,27.0,0.0,1.0,NORMAL,MAS,76553.89468098564
641.0,27.0,0.0,1.0,NORMAL,MAS,76553.89468098564
642.0,27.0,0.0,1.0,NORMAL,MAS,76553.89468098564
643.0,27.0,0.0,1.0,NORMAL,MAS,76553.89468098564
644.0,27.0,0.0,1.0,NORMAL,MAS,76553.89468098564
645.0,27.0,0.0,1.0,NORMAL,MAS,76553.89468098564
646.0,27.0,0.0,1.0,NORMAL,MAS,76553.89468098564
647.0,27.0,0.0,1.0,NORMAL,MAS,76553.89468098564
648.0,28.0,0.0,1.0,NORMAL,MAS,76553.89468098564
649.0,28.0,0.0,1.0,NORMAL,MAS,76553.89468098564
650.0,28.0,0.00886904049521229,1.0,NORMAL,MAS,76553.90355002614
651.0,28.0,0.0,1.0,NORMAL,MAS,76553.90355002614
652.0,28.0,1.0548643077892828,1.0,NORMAL,MAS,76554.95841433393
653.0,28.0,3.094870927041149,1.0,NORMAL,MAS,76558.05328526098
654.0,28.0,504.0535398379415,1.0,NORMAL,MAS,77062.10682509892
655.0,28.0,3.985298535235829,1.0,NORMAL,MAS,77066.09212363415
656.0,28.0,2.152102365154961,1.0,NORMAL,MAS,77068.24422599931
657.0,28.0,2.6010952059376837,1.0,NORMAL,MAS,77070.84532120526
658.0,28.0,2.370414233498784,1.0,NORMAL,MAS,77073.21573543876
659.0,28.0,2.48658490902086,1.0,NORMAL,MAS,77075.70232034779
660.0,28.0,7.0859854792484676,1.0,NORMAL,MAS,77082.78830582704
661.0,28.0,10.084380553486167,1.0,NORMAL,MAS,77092.87268638052
662.0,28.0,7.922915485740997,1.0,NORMAL,MAS,77100.79560186627
663.0,28.0,5.668866587950434,1.0,NORMAL,MAS,77106.46446845421
664.0,28.0,17.540783156237044,1.0,NORMAL,MAS,77124.00525161045
665.0,28.0,9.526646779296893,1.0,NORMAL,MAS,77133.53189838975
666.0,28.0,7.092900061466897,1.0,NORMAL,MAS,77140.62479845122
667.0,28.0,11.881865148391691,1.0,NORMAL,MAS,77152.5066635996
668.0,28.0,24.413339852174627,1.0,NORMAL,MAS,77176.92000345179
669.0,28.0,520.5123028636539,1.0,NORMAL,MAS,77697.43230631544
670.0,28.0,11.526789092441797,1.0,NORMAL,MAS,77708.95909540789
671.0,28.0,513.2648792427859,1.0,NORMAL,MAS,78222.22397465067
672.0,29.0,505.7241,1.0,NORMAL,MAS,78727.94807465067
673.0,29.0,3.0009835669057114,1.0,NORMAL,MAS,78730.94905821758
674.0,29.0,11.547490724766401,1.0,NORMAL,MAS,78742.49654894235
675.0,29.0,2.08605336683089,1.0,NORMAL,MAS,78744.58260230918
676.0,29.0,7.314569837294091,1.0,NORMAL,MAS,78751.89717214648
677.0,29.0,511.8580724285174,1.0,NORMAL,MAS,79263.75524457499
678.0,29.0,13.268471100257955,1.0,NORMAL,MAS,79277.02371567524
679.0,29.0,511.4847376352425,1.0,NORMAL,MAS,79788.50845331048
680.0,29.0,9.525444190660874,1.0,NORMAL,MAS,79798.03389750114
681.0,29.0,11.445521701317995,1.0,NORMAL,MAS,79809.47941920246
682.0,29.0,519.8285715430275,1.0,NORMAL,MAS,80329.30799074548
683.0,29.0,12.46649344137608,1.0,NORMAL,MAS,80341.77448418686
684.0,29.0,518.9240227450961,1.0,NORMAL,MAS,80860.69850693195
685.0,29.0,10.658665020045362,1.0,NORMAL,MAS,80871.357171952
686.0,29.0,19.141433950771976,1.0,NORMAL,MAS,80890.49860590277
687.0,29.0,13.740174179199013,1.0,NORMAL,MAS,80904.23878008197
688.0,29.0,29.991116144498235,1.0,NORMAL,MAS,80934.22989622648
689.0,29.0,532.5607366895382,1.0,NORMAL,MAS,81466.79063291602
690.0,29.0,27.797075340888767,1.0,NORMAL,MAS,81494.5877082569
691.0,29.0,17.18113686313807,1.0,NORMAL,MAS,81511.76884512004
692.0,29.0,58.14450778045894,1.0,NORMAL,MAS,81569.91335290049
693.0,29.0,69.71072355710952,1.0,NORMAL,MAS,81639.6240764576
694.0,29.0,48.086194875518,1.0,NORMAL,MAS,81687.71027133313
695.0,29.0,33.6270303592835,1.0,NORMAL,MAS,81721.33730169242
696.0,30.0,25.344,1.0,NORMAL,MAS,81746.68130169241
697.0,30.0,528.3102569557437,1.0,NORMAL,MAS,82274.99155864815
698.0,30.0,21.021665852967026,1.0,NORMAL,MAS,82296.01322450112
699.0,30.0,13.375376666878662,1.0,NORMAL,MAS,82309.388601168
700.0,30.0,0.0,1.0,NORMAL,MAS,82309.388601168
701.0,30.0,0.0,1.0,NORMAL,MAS,82309.388601168
702.0,30.0,0.0,1.0,NORMAL,MAS,82309.388601168
703.0,30.0,0.0,1.0,NORMAL,MAS,82309.388601168
704.0,30.0,86.04295499438686,1.0,NORMAL,MAS,82395.43155616238
705.0,30.0,976.1765525736074,1.0,NORMAL,MAS,83371.60810873599
706.0,30.0,-120.37709059950663,1.0,NORMAL,MAS,83251.23101813649
707.0,30.0,901.8345705507793,1.0,NORMAL,MAS,84153.06558868727
708.0,30.0,0.0,1.0,NORMAL,MAS,84153.06558868727
709.0,30.0,0.0,1.0,NORMAL,MAS,84153.06558868727
710.0,30.0,0.0,1.0,NORMAL,MAS,84153.06558868727
711.0,30.0,0.0,1.0,NORMAL,MAS,84153.06558868727
712.0,30.0,369.51774821603976,1.0,NORMAL,MAS,84522.5833369033
713.0,30.0,-267.0258004713609,1.0,NORMAL,MAS,84255.55753643195
714.0,30.0,20.73194344901733,1.0,NORMAL,MAS,84276.28947988097
715.0,30.0,1080.2080796796895,1.0,NORMAL,MAS,85356.49755956067
716.0,30.0,0.0,1.0,NORMAL,MAS,85356.49755956067
717.0,30.0,0.0,1.0,NORMAL,MAS,85356.49755956067
718.0,30.0,0.0,1.0,NORMAL,MAS,85356.49755956067
719.0,30.0,0.0,1.0,NORMAL,MAS,85356.49755956067
720.0,31.0,525.6992,1.0,NORMAL,MAS,85882.19675956067
721.0,31.0,-166.28292877909527,1.0,NORMAL,MAS,85715.91383078157
722.0,31.0,964.4301954561781,1.0,NORMAL,MAS,86680.34402623776
723.0,31.0,424.3395191440359,1.0,NORMAL,MAS,87104.68354538179
724.0,31.0,879.5997633461371,1.0,NORMAL,MAS,87984.28330872793
725.0,31.0,223.36491646444628,1.0,NORMAL,MAS,88207.64822519237
726.0,31.0,792.9562944658517,1.0,NORMAL,MAS,89000.60451965823
727.0,31.0,-62.88406033760434,1.0,NORMAL,MAS,88937.72045932063
728.0,31.0,441.34496960871434,1.0,NORMAL,MAS,89379.06542892935
729.0,31.0,332.4892312029934,1.0,NORMAL,MAS,89711.55466013234
730.0,31.0,0.0,1.0,NORMAL,MAS,89711.55466013234
731.0,31.0,0.0,1.0,NORMAL,MAS,89711.55466013234
732.0,31.0,0.0,1.0,NORMAL,MAS,89711.55466013234
733.0,31.0,0.0,1.0,NORMAL,MAS,89711.55466013234
734.0,31.0,0.0,1.0,NORMAL,MAS,89711.55466013234
735.0,31.0,0.0,1.0,NORMAL,MAS,89711.55466013234
736.0,31.0,0.0,1.0,NORMAL,MAS,89711.55466013234
737.0,31.0,0.0,1.0,NORMAL,MAS,89711.55466013234
738.0,31.0,0.0,1.0,NORMAL,MAS,89711.55466013234
739.0,31.0,0.0,1.0,NORMAL,MAS,89711.55466013234
740.0,31.0,0.0,1.0,NORMAL,MAS,89711.55466013234
741.0,31.0,0.0,1.0,NORMAL,MAS,89711.55466013234
742.0,31.0,0.0,1.0,NORMAL,MAS,89711.55466013234
743.0,31.0,0.0,1.0,NORMAL,MAS,89711.55466013234
744.0,32.0,4.01792,1.0,NORMAL,MAS,89715.57258013234
745.0,32.0,4.8825593155760005,1.0,NORMAL,MAS,89720.45513944792
746.0,32.0,4.937128772469825,1.0,NORMAL,MAS,89725.39226822038
747.0,32.0,505.758433808795,1.0,NORMAL,MAS,90231.15070202918
748.0,32.0,5.935562185135286,1.0,NORMAL,MAS,90237.0862642143
749.0,32.0,4.642306390561723,1.0,NORMAL,MAS,90241.72857060487
750.0,32.0,4.641254821548565,1.0,NORMAL,MAS,90246.36982542642
751.0,32.0,2.998766349256309,1.0,NORMAL,MAS,90249.36859177567
752.0,32.0,5.320594852875607,1.0,NORMAL,MAS,90254.68918662854
753.0,32.0,16.246491357939924,1.0,NORMAL,MAS,90270.93567798649
754.0,32.0,10.640526114816765,1.0,NORMAL,MAS,90281.57620410131
755.0,32.0,508.365322329582,1.0,NORMAL,MAS,90789.94152643089
756.0,32.0,14.697856779761082,1.0,NORMAL,MAS,90804.63938321066
757.0,32.0,14.294838024390014,1.0,NORMAL,MAS,90818.93422123505
758.0,32.0,25.4849244252799,1.0,NORMAL,MAS,90844.41914566033
759.0,32.0,21.08229146245397,1.0,NORMAL,MAS,90865.50143712279
760.0,32.0,16.771780178172982,1.0,NORMAL,MAS,90882.27321730096
761.0,32.0,26.242441966897765,1.0,NORMAL,MAS,90908.51565926785
762.0,32.0,13.645781218254003,1.0,NORMAL,MAS,90922.1614404861
763.0,32.0,19.7586184887402,1.0,NORMAL,MAS,90941.92005897484
764.0,32.0,38.07619616823976,1.0,NORMAL,MAS,90979.99625514308
765.0,32.0,554.6463791965705,1.0,NORMAL,MAS,91534.64263433965
766.0,32.0,31.807274372859798,1.0,NORMAL,MAS,91566.4499087125
767.0,32.0,576.8192297156764,1.0,NORMAL,MAS,92143.26913842818
768.0,33.0,11.97672,1.0,NORMAL,MAS,92155.24585842818
769.0,33.0,10.877701819455382,1.0,NORMAL,MAS,92166.12356024764
770.0,33.0,6.518744763981033,1.0,NORMAL,MAS,92172.64230501161
771.0,33.0,8.981553860768203,1.0,NORMAL,MAS,92181.62385887238
772.0,33.0,15.04916193129468,1.0,NORMAL,MAS,92196.67302080368
773.0,33.0,17.76321801048114,1.0,NORMAL,MAS,92214.43623881416
774.0,33.0,13.746959919183924,1.0,NORMAL,MAS,92228.18319873334
775.0,33.0,1025.8240268694956,1.0,NORMAL,MAS,93254.00722560284
776.0,33.0,13.929362997222979,1.0,NORMAL,MAS,93267.93658860006
777.0,33.0,49.973758130096776,1.0,NORMAL,MAS,93317.91034673016
778.0,33.0,1537.1289311955147,1.0,NORMAL,MAS,94855.03927792568
779.0,33.0,550.6921422034495,1.0,NORMAL,MAS,95405.73142012913
780.0,33.0,1049.0694073307043,1.0,NORMAL,MAS,96454.80082745984
781.0,33.0,33.320194353722144,1.0,NORMAL,MAS,96488.12102181357
782.0,33.0,29.250425886380405,1.0,NORMAL,MAS,96517.37144769994
783.0,33.0,63.70261048794592,1.0,NORMAL,MAS,96581.07405818789
784.0,33.0,34.43263266303048,1.0,NORMAL,MAS,96615.50669085092
785.0,33.0,1571.204554071365,1.0,NORMAL,MAS,98186.71124492228
786.0,33.0,7.791314352049167,1.0,NORMAL,MAS,98194.50255927433
787.0,33.0,82.96191208374002,1.0,NORMAL,MAS,98277.46447135808
788.0,33.0,566.6525987290815,1.0,NORMAL,MAS,98844.11707008716
789.0,33.0,20.365207866255254,1.0,NORMAL,MAS,98864.48227795342
790.0,33.0,65.61659665160701,1.0,NORMAL,MAS,98930.09887460503
791.0,33.0,447.85305457381463,1.0,NORMAL,MAS,99377.95192917885
792.0,34.0,416.13599999999997,1.0,NORMAL,MAS,99794.08792917884
793.0,34.0,-19.891135929674057,1.0,NORMAL,MAS,99774.19679324917
794.0,34.0,509.83865545626617,1.0,NORMAL,MAS,100284.03544870543
795.0,34.0,522.2423443555581,1.0,NORMAL,MAS,100806.27779306099
796.0,34.0,498.99891518613765,1.0,NORMAL,MAS,101305.27670824713
797.0,34.0,541.8330823112315,1.0,NORMAL,MAS,101847.10979055836
798.0,34.0,903.4880271902492,1.0,NORMAL,MAS,102750.59781774861
799.0,34.0,968.9825205027041,1.0,NORMAL,MAS,103719.58033825131
800.0,34.0,43.22605205531997,1.0,NORMAL,MAS,103762.80639030664
801.0,34.0,1.9925199842416141,1.0,NORMAL,MAS,103764.79891029088
802.0,34.0,508.27679567981266,1.0,NORMAL,MAS,104273.0757059707
803.0,34.0,1021.9095314703093,1.0,NORMAL,MAS,105294.98523744101
804.0,34.0,566.8406441633268,1.0,NORMAL,MAS,105861.82588160434
805.0,34.0,34.04922960584379,1.0,NORMAL,MAS,105895.87511121019
806.0,34.0,55.93484123506401,1.0,NORMAL,MAS,105951.80995244526
807.0,34.0,547.8485813387754,1.0,NORMAL,MAS,106499.65853378404
808.0,34.0,22.12299226507419,1.0,NORMAL,MAS,106521.7815260491
809.0,34.0,47.92118792088511,1.0,NORMAL,MAS,106569.70271397
810.0,34.0,28.108204443585006,1.0,NORMAL,MAS,106597.81091841358
811.0,34.0,51.52956179388653,1.0,NORMAL,MAS,106649.34048020747
812.0,34.0,0.0,1.0,NORMAL,MAS,106649.34048020747
813.0,34.0,0.0,1.0,NORMAL,MAS,106649.34048020747
814.0,34.0,0.0,1.0,NORMAL,MAS,106649.34048020747
815.0,34.0,0.0,1.0,NORMAL,MAS,106649.34048020747
816.0,35.0,1.28,1.0,NORMAL,MAS,106650.62048020746
817.0,35.0,10.110562862279897,1.0,NORMAL,MAS,106660.73104306974
818.0,35.0,3.9781194237225206,1.0,NORMAL,MAS,106664.70916249347
819.0,35.0,504.5325938122673,1.0,NORMAL,MAS,107169.24175630574
820.0,35.0,502.9062647516908,1.0,NORMAL,MAS,107672.14802105742
821.0,35.0,4.642306390561723,1.0,NORMAL,MAS,107676.79032744799
822.0,35.0,504.62249150007585,1.0,NORMAL,MAS,108181.41281894807
823.0,35.0,7.173537363424492,1.0,NORMAL,MAS,108188.5863563115
824.0,35.0,515.5052540427065,1.0,NORMAL,MAS,108704.09161035421
825.0,35.0,11.407871958879449,1.0,NORMAL,MAS,108715.49948231308
826.0,35.0,6.193233943734128,1.0,NORMAL,MAS,108721.69271625682
827.0,35.0,10.033093820687055,1.0,NORMAL,MAS,108731.7258100775
828.0,35.0,13.096440287129157,1.0,NORMAL,MAS,108744.82225036464
829.0,35.0,21.783926676237208,1.0,NORMAL,MAS,108766.60617704087
830.0,35.0,1025.8829575690415,1.0,NORMAL,MAS,109792.48913460992
831.0,35.0,16.331293800282744,1.0,NORMAL,MAS,109808.8204284102
832.0,35.0,17.756977857115505,1.0,NORMAL,MAS,109826.57740626732
833.0,35.0,32.65614647986727,1.0,NORMAL,MAS,109859.23355274719
834.0,35.0,22.221480792570805,1.0,NORMAL,MAS,109881.45503353977
835.0,35.0,535.7989255563223,1.0,NORMAL,MAS,110417.25395909608
836.0,35.0,44.79259589624594,1.0,NORMAL,MAS,110462.04655499232
837.0,35.0,1024.448377445995,1.0,NORMAL,MAS,111486.49493243832
838.0,35.0,40.92635983500555,1.0,NORMAL,MAS,111527.42129227333
839.0,35.0,23.59200325883082,1.0,NORMAL,MAS,111551.01329553216
840.0,36.0,17.98256,1.0,NORMAL,MAS,111568.99585553216
841.0,36.0,538.3289242052384,1.0,NORMAL,MAS,112107.3247797374
842.0,36.0,521.8489452034758,1.0,NORMAL,MAS,112629.17372494088
843.0,36.0,14.73012159104108,1.0,NORMAL,MAS,112643.90384653192
844.0,36.0,21.549077706913643,1.0,NORMAL,MAS,112665.45292423884
845.0,36.0,536.5352532136756,1.0,NORMAL,MAS,113201.98817745251
846.0,36.0,1016.1495728733067,1.0,NORMAL,MAS,114218.13775032583
847.0,36.0,13.72980891657717,1.0,NORMAL,MAS,114231.8675592424
848.0,36.0,24.118252522564124,1.0,NORMAL,MAS,114255.98581176496
849.0,36.0,547.1209154564007,1.0,NORMAL,MAS,114803.10672722135
850.0,36.0,1536.5896743843987,1.0,NORMAL,MAS,116339.69640160576
851.0,36.0,37.518007538124905,1.0,NORMAL,MAS,116377.21440914388
852.0,36.0,1043.0743270461844,1.0,NORMAL,MAS,117420.28873619006
853.0,36.0,1052.3498821304597,1.0,NORMAL,MAS,118472.63861832052
854.0,36.0,60.554018241372574,1.0,NORMAL,MAS,118533.19263656189
855.0,36.0,47.09341560614144,1.0,NORMAL,MAS,118580.28605216803
856.0,36.0,540.634406658099,1.0,NORMAL,MAS,119120.92045882612
857.0,36.0,55.50446539119455,1.0,NORMAL,MAS,119176.42492421731
858.0,36.0,-6.695893956508009,1.0,NORMAL,MAS,119169.7290302608
859.0,36.0,468.74433177610405,1.0,NORMAL,MAS,119638.47336203691
860.0,36.0,456.1364965919101,1.0,NORMAL,MAS,120094.60985862881
861.0,36.0,429.22790130232386,1.0,NORMAL,MAS,120523.83775993114
862.0,36.0,72.76952887207848,1.0,NORMAL,MAS,120596.6072888032
863.0,36.0,80.30136682703055,1.0,NORMAL,MAS,120676.90865563024
864.0,37.0,-19.36598000000002,1.0,NORMAL,MAS,120657.54267563023
865.0,37.0,-21.152964731765884,1.0,NORMAL,MAS,120636.38971089847
866.0,37.0,518.9080002262812,1.0,NORMAL,MAS,121155.29771112475
867.0,37.0,1471.3161599481382,1.0,NORMAL,MAS,122626.61387107288
868.0,37.0,-17.27306753792454,1.0,NORMAL,MAS,122609.34080353496
869.0,37.0,17.48630015255627,1.0,NORMAL,MAS,122626.82710368751
870.0,37.0,533.4614455537992,1.0,NORMAL,MAS,123160.2885492413
871.0,37.0,525.069827670995,1.0,NORMAL,MAS,123685.35837691229
872.0,37.0,27.10142508439642,1.0,NORMAL,MAS,123712.4598019967
873.0,37.0,517.2445582460549,1.0,NORMAL,MAS,124229.70436024274
874.0,37.0,42.311184500764035,1.0,NORMAL,MAS,124272.01554474351
875.0,37.0,552.5090540934351,1.0,NORMAL,MAS,124824.52459883694
876.0,37.0,0.0,1.0,NORMAL,MAS,124824.52459883694
877.0,37.0,0.0,1.0,NORMAL,MAS,124824.52459883694
878.0,37.0,0.0,1.0,NORMAL,MAS,124824.52459883694
879.0,37.0,0.0,1.0,NORMAL,MAS,124824.52459883694
880.0,37.0,-89.22859451831872,1.0,NORMAL,MAS,124735.29600431862
881.0,37.0,886.7905726460582,1.0,NORMAL,MAS,125622.08657696468
882.0,37.0,-100.09101025634686,1.0,NORMAL,MAS,125521.99556670833
883.0,37.0,907.6437556328481,1.0,NORMAL,MAS,126429.63932234117
884.0,37.0,53.87112281838292,1.0,NORMAL,MAS,126483.51044515955
885.0,37.0,0.0,1.0,NORMAL,MAS,126483.51044515955
886.0,37.0,0.0,1.0,NORMAL,MAS,126483.51044515955
887.0,37.0,0.0,1.0,NORMAL,MAS,126483.51044515955
168.0,8.0,0.72528,1.0,NORMAL,CENTAUR,0.72528
169.0,8.0,1.786199439002782,1.0,NORMAL,CENTAUR,2.511479439002782
170.0,8.0,1.8802365849850058,1.0,NORMAL,CENTAUR,4.391716023987788
171.0,8.0,2.060951673443393,1.0,NORMAL,CENTAUR,6.452667697431181
172.0,8.0,503.06031414952844,1.0,NORMAL,CENTAUR,509.51298184695963
173.0,8.0,5.7564599242965375,1.0,NORMAL,CENTAUR,515.2694417712562
174.0,8.0,2.818466083388128,1.0,NORMAL,CENTAUR,518.0879078546443
175.0,8.0,4.989593766115258,1.0,NORMAL,CENTAUR,523.0775016207596
176.0,8.0,9.863802506960239,1.0,NORMAL,CENTAUR,532.9413041277198
177.0,8.0,8.335903974177016,1.0,NORMAL,CENTAUR,541.2772081018968
178.0,8.0,6.87815196753564,1.0,NORMAL,CENTAUR,548.1553600694324
179.0,8.0,509.4095445603745,1.0,NORMAL,CENTAUR,1057.564904629807
180.0,8.0,5.542517837444551,1.0,NORMAL,CENTAUR,1063.1074224672516
181.0,8.0,18.904606223298128,1.0,NORMAL,CENTAUR,1082.0120286905496
182.0,8.0,525.1597056322069,1.0,NORMAL,CENTAUR,1607.1717343227565
183.0,8.0,11.479867731474096,1.0,NORMAL,CENTAUR,1618.6516020542306
184.0,8.0,522.789072600552,1.0,NORMAL,CENTAUR,2141.4406746547825
185.0,8.0,22.08276027811463,1.0,NORMAL,CENTAUR,2163.523434932897
186.0,8.0,28.389620046023744,1.0,NORMAL,CENTAUR,2191.9130549789206
187.0,8.0,23.941155445283012,1.0,NORMAL,CENTAUR,2215.8542104242038
188.0,8.0,24.635413003841997,1.0,NORMAL,CENTAUR,2240.489623428046
189.0,8.0,52.65008992627759,1.0,NORMAL,CENTAUR,2293.1397133543232
190.0,8.0,69.10137030229832,1.0,NORMAL,CENTAUR,2362.2410836566214
191.0,8.0,576.9847962674046,1.0,NORMAL,CENTAUR,2939.2258799240262
192.0,9.0,27.924079999999996,1.0,NORMAL,CENTAUR,2967.149959924026
193.0,9.0,30.840003245190896,1.0,NORMAL,CENTAUR,2997.989963169217
194.0,9.0,14.73218578578723,1.0,NORMAL,CENTAUR,3012.7221489550043
195.0,9.0,538.92716212305,1.0,NORMAL,CENTAUR,3551.6493110780543
196.0,9.0,37.94253391470704,1.0,NORMAL,CENTAUR,3589.5918449927613
197.0,9.0,453.0186275500103,1.0,NORMAL,CENTAUR,4042.6104725427717
198.0,9.0,518.2732225099666,1.0,NORMAL,CENTAUR,4560.883695052738
199.0,9.0,46.711570265826715,1.0,NORMAL,CENTAUR,4607.595265318565
200.0,9.0,338.2449976702843,1.0,NORMAL,CENTAUR,4945.84026298885
201.0,9.0,419.6198224974909,1.0,NORMAL,CENTAUR,5365.46008548634
202.0,9.0,520.8542971567451,1.0,NORMAL,CENTAUR,5886.314382643085
203.0,9.0,378.8349929415664,1.0,NORMAL,CENTAUR,6265.149375584651
204.0,9.0,-89.14750252754907,1.0,NORMAL,CENTAUR,6176.001873057102
205.0,9.0,-187.8972003153565,1.0,NORMAL,CENTAUR,5988.104672741745
206.0,9.0,1490.9532579833594,1.0,NORMAL,CENTAUR,7479.057930725105
207.0,9.0,546.5970433718915,1.0,NORMAL,CENTAUR,8025.654974096996
208.0,9.0,11.421616731696412,1.0,NORMAL,CENTAUR,8037.076590828692
209.0,9.0,0.0,1.0,NORMAL,CENTAUR,8037.076590828692
210.0,9.0,0.0,1.0,NORMAL,CENTAUR,8037.076590828692
211.0,9.0,0.0,1.0,NORMAL,CENTAUR,8037.076590828692
212.0,9.0,0.0,1.0,NORMAL,CENTAUR,8037.076590828692
213.0,9.0,0.0,1.0,NORMAL,CENTAUR,8037.076590828692
214.0,9.0,0.0,1.0,NORMAL,CENTAUR,8037.076590828692
215.0,9.0,0.0,1.0,NORMAL,CENTAUR,8037.076590828692
216.0,10.0,5.05504,1.0,NORMAL,CENTAUR,8042.131630828692
217.0,10.0,4.044225144911959,1.0,NORMAL,CENTAUR,8046.1758559736045
218.0,10.0,508.91261320607407,1.0,NORMAL,CENTAUR,8555.088469179678
219.0,10.0,3.714210787741889,1.0,NORMAL,CENTAUR,8558.80267996742
220.0,10.0,5.65263597810612,1.0,NORMAL,CENTAUR,8564.455315945526
221.0,10.0,511.19545890893465,1.0,NORMAL,CENTAUR,9075.65077485446
222.0,10.0,4.654805139257162,1.0,NORMAL,CENTAUR,9080.305579993717
223.0,10.0,14.893629954538468,1.0,NORMAL,CENTAUR,9095.199209948256
224.0,10.0,521.9631714173073,1.0,NORMAL,CENTAUR,9617.162381365562
225.0,10.0,4.819167032133893,1.0,NORMAL,CENTAUR,9621.981548397696
226.0,10.0,19.411058778762264,1.0,NORMAL,CENTAUR,9641.392607176458
227.0,10.0,509.6276245931267,1.0,NORMAL,CENTAUR,10151.020231769584
228.0,10.0,30.413005635807792,1.0,NORMAL,CENTAUR,10181.433237405392
229.0,10.0,519.959166053404,1.0,NORMAL,CENTAUR,10701.392403458796
230.0,10.0,34.471297130558945,1.0,NORMAL,CENTAUR,10735.863700589356
231.0,10.0,535.6668703979343,1.0,NORMAL,CENTAUR,11271.53057098729
232.0,10.0,562.7688458474527,1.0,NORMAL,CENTAUR,11834.299416834743
233.0,10.0,576.0055113370386,1.0,NORMAL,CENTAUR,12410.304928171781
234.0,10.0,63.157290847319516,1.0,NORMAL,CENTAUR,12473.4622190191
235.0,10.0,-4.2923613087975845,1.0,NORMAL,CENTAUR,12469.169857710303
236.0,10.0,49.729469044665905,1.0,NORMAL,CENTAUR,12518.899326754969
237.0,10.0,80.51313619204332,1.0,NORMAL,CENTAUR,12599.412462947012
238.0,10.0,1095.8925425678415,1.0,NORMAL,CENTAUR,13695.305005514852
239.0,10.0,512.2847774035007,1.0,NORMAL,CENTAUR,14207.589782918352
240.0,11.0,532.9298,1.0,NORMAL,CENTAUR,14740.519582918352
241.0,11.0,10.23919701647223,1.0,NORMAL,CENTAUR,14750.758779934824
242.0,11.0,0.06527841066143836,1.0,NORMAL,CENTAUR,14750.824058345484
243.0,11.0,15.467560285865,1.0,NORMAL,CENTAUR,14766.291618631349
244.0,11.0,505.5573556542025,1.0,NORMAL,CENTAUR,15271.84897428555
245.0,11.0,1.6836560640953522,1.0,NORMAL,CENTAUR,15273.532630349646
246.0,11.0,-50.43752069682769,1.0,NORMAL,CENTAUR,15223.095109652819
247.0,11.0,477.15930350639775,1.0,NORMAL,CENTAUR,15700.254413159217
248.0,11.0,-292.0939744603839,1.0,NORMAL,CENTAUR,15408.160438698833
249.0,11.0,-211.90805603296013,1.0,NORMAL,CENTAUR,15196.252382665873
250.0,11.0,234.02444729430465,1.0,NORMAL,CENTAUR,15430.276829960178
251.0,11.0,2429.0286287610797,1.0,NORMAL,CENTAUR,17859.305458721257
252.0,11.0,56.022486154355164,1.0,NORMAL,CENTAUR,17915.32794487561
253.0,11.0,0.0,1.0,NORMAL,CENTAUR,17915.32794487561
254.0,11.0,0.0,1.0,NORMAL,CENTAUR,17915.32794487561
255.0,11.0,0.0,1.0,NORMAL,CENTAUR,17915.32794487561
256.0,11.0,0.0,1.0,NORMAL,CENTAUR,17915.32794487561
257.0,11.0,0.0,1.0,NORMAL,CENTAUR,17915.32794487561
258.0,11.0,0.0,1.0,NORMAL,CENTAUR,17915.32794487561
259.0,11.0,0.0,1.0,NORMAL,CENTAUR,17915.32794487561
260.0,11.0,0.0,1.0,NORMAL,CENTAUR,17915.32794487561
261.0,11.0,0.0,1.0,NORMAL,CENTAUR,17915.32794487561
262.0,11.0,0.0,1.0,NORMAL,CENTAUR,17915.32794487561
263.0,11.0,0.0,1.0,NORMAL,CENTAUR,17915.32794487561
264.0,12.0,533.3745,1.0,NORMAL,CENTAUR,18448.702444875613
265.0,12.0,19.893374978440885,1.0,NORMAL,CENTAUR,18468.595819854054
266.0,12.0,525.9091839708673,1.0,NORMAL,CENTAUR,18994.50500382492
267.0,12.0,31.80085817642571,1.0,NORMAL,CENTAUR,19026.305862001347
268.0,12.0,29.024021811406676,1.0,NORMAL,CENTAUR,19055.329883812752
269.0,12.0,1473.9400753515788,1.0,NORMAL,CENTAUR,20529.269959164332
270.0,12.0,936.6446451101268,1.0,NORMAL,CENTAUR,21465.914604274458
271.0,12.0,-144.46251442935682,1.0,NORMAL,CENTAUR,21321.4520898451
272.0,12.0,425.34084124168425,1.0,NORMAL,CENTAUR,21746.792931086784
273.0,12.0,1542.1154539918311,1.0,NORMAL,CENTAUR,23288.908385078616
274.0,12.0,241.91699634553754,1.0,NORMAL,CENTAUR,23530.825381424154
275.0,12.0,733.7519551406124,1.0,NORMAL,CENTAUR,24264.577336564766
276.0,12.0,307.43447979081225,1.0,NORMAL,CENTAUR,24572.011816355578
277.0,12.0,31.57083835449875,1.0,NORMAL,CENTAUR,24603.582654710077
278.0,12.0,0.0,1.0,NORMAL,CENTAUR,24603.582654710077
279.0,12.0,0.0,1.0,NORMAL,CENTAUR,24603.582654710077
280.0,12.0,0.0,1.0,NORMAL,CENTAUR,24603.582654710077
281.0,12.0,0.0,1.0,NORMAL,CENTAUR,24603.582654710077
282.0,12.0,0.0,1.0,NORMAL,CENTAUR,24603.582654710077
283.0,12.0,0.0,1.0,NORMAL,CENTAUR,24603.582654710077
284.0,12.0,0.0,1.0,NORMAL,CENTAUR,24603.582654710077
285.0,12.0,0.0,1.0,NORMAL,CENTAUR,24603.582654710077
286.0,12.0,0.0,1.0,NORMAL,CENTAUR,24603.582654710077
287.0,12.0,0.0,1.0,NORMAL,CENTAUR,24603.582654710077
288.0,13.0,-282.84432,0.0,CRASH,CENTAUR,24320.738334710077
289.0,13.0,0.0,0.0,CRASH,CENTAUR,24320.738334710077
290.0,13.0,0.0,0.0,CRASH,CENTAUR,24320.738334710077
291.0,13.0,0.0,0.0,CRASH,CENTAUR,24320.738334710077
292.0,13.0,0.0,0.0,CRASH,CENTAUR,24320.738334710077
293.0,13.0,0.0,0.0,CRASH,CENTAUR,24320.738334710077
294.0,13.0,0.0,0.0,CRASH,CENTAUR,24320.738334710077
295.0,13.0,0.0,0.0,CRASH,CENTAUR,24320.738334710077
296.0,13.0,0.0,0.0,CRASH,CENTAUR,24320.738334710077
297.0,13.0,0.0,0.0,CRASH,CENTAUR,24320.738334710077
298.0,13.0,0.0,0.0,CRASH,CENTAUR,24320.738334710077
299.0,13.0,0.0,0.0,CRASH,CENTAUR,24320.738334710077
300.0,13.0,0.0,0.0,CRASH,CENTAUR,24320.738334710077
301.0,13.0,0.0,0.0,CRASH,CENTAUR,24320.738334710077
302.0,13.0,0.0,0.0,CRASH,CENTAUR,24320.738334710077
303.0,13.0,0.0,0.0,CRASH,CENTAUR,24320.738334710077
304.0,13.0,0.0,0.0,CRASH,CENTAUR,24320.738334710077
305.0,13.0,0.0,0.0,CRASH,CENTAUR,24320.738334710077
306.0,13.0,0.0,0.0,CRASH,CENTAUR,24320.738334710077
307.0,13.0,0.0,0.0,CRASH,CENTAUR,24320.738334710077
308.0,13.0,0.0,0.0,CRASH,CENTAUR,24320.738334710077
309.0,13.0,0.0,0.0,CRASH,CENTAUR,24320.738334710077
310.0,13.0,0.0,0.0,CRASH,CENTAUR,24320.738334710077
311.0,13.0,0.0,0.0,CRASH,CENTAUR,24320.738334710077
312.0,14.0,0.0,0.0,CRASH,CENTAUR,24320.738334710077
313.0,14.0,0.0,0.0,CRASH,CENTAUR,24320.738334710077
314.0,14.0,0.0,0.0,CRASH,CENTAUR,24320.738334710077
315.0,14.0,0.0,0.0,CRASH,CENTAUR,24320.738334710077
316.0,14.0,0.0,0.0,CRASH,CENTAUR,24320.738334710077
317.0,14.0,0.0,0.0,CRASH,CENTAUR,24320.738334710077
318.0,14.0,-0.05536101666750966,0.0,CRASH,CENTAUR,24320.68297369341
319.0,14.0,0.0,0.0,CRASH,CENTAUR,24320.68297369341
320.0,14.0,0.0,0.0,CRASH,CENTAUR,24320.68297369341
321.0,14.0,-0.031099828292364025,0.0,CRASH,CENTAUR,24320.651873865118
322.0,14.0,0.0,0.0,CRASH,CENTAUR,24320.651873865118
323.0,14.0,0.0,0.0,CRASH,CENTAUR,24320.651873865118
324.0,14.0,0.0,0.0,CRASH,CENTAUR,24320.651873865118
325.0,14.0,0.0,0.0,CRASH,CENTAUR,24320.651873865118
326.0,14.0,0.0,0.0,CRASH,CENTAUR,24320.651873865118
327.0,14.0,0.0,0.0,CRASH,CENTAUR,24320.651873865118
328.0,14.0,0.0,0.0,CRASH,CENTAUR,24320.651873865118
329.0,14.0,-0.042612081932694966,0.0,CRASH,CENTAUR,24320.609261783186
330.0,14.0,0.0,0.0,CRASH,CENTAUR,24320.609261783186
331.0,14.0,0.0,0.0,CRASH,CENTAUR,24320.609261783186
332.0,14.0,-0.0480195178178565,0.0,CRASH,CENTAUR,24320.56124226537
333.0,14.0,0.0,0.0,CRASH,CENTAUR,24320.56124226537
334.0,14.0,0.0,0.0,CRASH,CENTAUR,24320.56124226537
335.0,14.0,0.0,0.0,CRASH,CENTAUR,24320.56124226537
336.0,15.0,0.0,0.0,CRASH,CENTAUR,24320.56124226537
337.0,15.0,0.0,0.0,CRASH,CENTAUR,24320.56124226537
338.0,15.0,0.0,0.0,CRASH,CENTAUR,24320.56124226537
339.0,15.0,0.0,0.0,CRASH,CENTAUR,24320.56124226537
340.0,15.0,0.0,0.0,CRASH,CENTAUR,24320.56124226537
341.0,15.0,0.0,0.0,CRASH,CENTAUR,24320.56124226537
342.0,15.0,0.0,0.0,CRASH,CENTAUR,24320.56124226537
343.0,15.0,0.0,0.0,CRASH,CENTAUR,24320.56124226537
344.0,15.0,0.0,0.0,CRASH,CENTAUR,24320.56124226537
345.0,15.0,0.0,0.0,CRASH,CENTAUR,24320.56124226537
346.0,15.0,0.0,0.0,CRASH,CENTAUR,24320.56124226537
347.0,15.0,0.0,0.0,CRASH,CENTAUR,24320.56124226537
348.0,15.0,0.0,0.0,CRASH,CENTAUR,24320.56124226537
349.0,15.0,0.0,0.0,CRASH,CENTAUR,24320.56124226537
350.0,15.0,0.0,0.0,CRASH,CENTAUR,24320.56124226537
351.0,15.0,0.0,0.0,CRASH,CENTAUR,24320.56124226537
352.0,15.0,0.0,0.0,CRASH,CENTAUR,24320.56124226537
353.0,15.0,-0.042612081932694966,0.0,CRASH,CENTAUR,24320.518630183436
354.0,15.0,0.0,0.0,CRASH,CENTAUR,24320.518630183436
355.0,15.0,0.0,0.0,CRASH,CENTAUR,24320.518630183436
356.0,15.0,0.0,0.0,CRASH,CENTAUR,24320.518630183436
357.0,15.0,0.0,0.0,CRASH,CENTAUR,24320.518630183436
358.0,15.0,0.0,0.0,CRASH,CENTAUR,24320.518630183436
359.0,15.0,0.0,0.0,CRASH,CENTAUR,24320.518630183436
360.0,16.0,0.0,0.0,CRASH,CENTAUR,24320.518630183436
361.0,16.0,0.0,0.0,CRASH,CENTAUR,24320.518630183436
362.0,16.0,-0.023738080990424577,0.0,CRASH,CENTAUR,24320.494892102444
363.0,16.0,0.0,0.0,CRASH,CENTAUR,24320.494892102444
364.0,16.0,0.0,0.0,CRASH,CENTAUR,24320.494892102444
365.0,16.0,0.0,0.0,CRASH,CENTAUR,24320.494892102444
366.0,16.0,0.0,0.0,CRASH,CENTAUR,24320.494892102444
367.0,16.0,0.0,0.0,CRASH,CENTAUR,24320.494892102444
368.0,16.0,0.0,0.0,CRASH,CENTAUR,24320.494892102444
369.0,16.0,0.0,0.0,CRASH,CENTAUR,24320.494892102444
370.0,16.0,0.0,0.0,CRASH,CENTAUR,24320.494892102444
371.0,16.0,0.0,0.0,CRASH,CENTAUR,24320.494892102444
372.0,16.0,0.0,0.0,CRASH,CENTAUR,24320.494892102444
373.0,16.0,0.0,0.0,CRASH,CENTAUR,24320.494892102444
374.0,16.0,0.0,0.0,CRASH,CENTAUR,24320.494892102444
375.0,16.0,0.0,0.0,CRASH,CENTAUR,24320.494892102444
376.0,16.0,0.0,0.0,CRASH,CENTAUR,24320.494892102444
377.0,16.0,0.0,0.0,CRASH,CENTAUR,24320.494892102444
378.0,16.0,0.0,0.0,CRASH,CENTAUR,24320.494892102444
379.0,16.0,0.0,0.0,CRASH,CENTAUR,24320.494892102444
380.0,16.0,0.0,0.0,CRASH,CENTAUR,24320.494892102444
381.0,16.0,0.0,0.0,CRASH,CENTAUR,24320.494892102444
382.0,16.0,0.0,0.0,CRASH,CENTAUR,24320.494892102444
383.0,16.0,0.0,0.0,CRASH,CENTAUR,24320.494892102444
384.0,17.0,0.0,0.0,CRASH,CENTAUR,24320.494892102444
385.0,17.0,0.0,0.0,CRASH,CENTAUR,24320.494892102444
386.0,17.0,0.0,0.0,CRASH,CENTAUR,24320.494892102444
387.0,17.0,0.0,0.0,CRASH,CENTAUR,24320.494892102444
388.0,17.0,0.0,0.0,CRASH,CENTAUR,24320.494892102444
389.0,17.0,0.0,0.0,CRASH,CENTAUR,24320.494892102444
390.0,17.0,0.0,0.0,CRASH,CENTAUR,24320.494892102444
391.0,17.0,0.0,0.0,CRASH,CENTAUR,24320.494892102444
392.0,17.0,-0.05982449700344358,0.0,CRASH,CENTAUR,24320.435067605442
393.0,17.0,0.0,0.0,CRASH,CENTAUR,24320.435067605442
394.0,17.0,0.0,0.0,CRASH,CENTAUR,24320.435067605442
395.0,17.0,0.0,0.0,CRASH,CENTAUR,24320.435067605442
396.0,17.0,0.0,0.0,CRASH,CENTAUR,24320.435067605442
397.0,17.0,0.0,0.0,CRASH,CENTAUR,24320.435067605442
398.0,17.0,0.0,0.0,CRASH,CENTAUR,24320.435067605442
399.0,17.0,0.0,0.0,CRASH,CENTAUR,24320.435067605442
400.0,17.0,0.0,0.0,CRASH,CENTAUR,24320.435067605442
401.0,17.0,-0.08522416386538993,0.0,CRASH,CENTAUR,24320.349843441578
402.0,17.0,0.0,0.0,CRASH,CENTAUR,24320.349843441578
403.0,17.0,0.0,0.0,CRASH,CENTAUR,24320.349843441578
404.0,17.0,0.0,0.0,CRASH,CENTAUR,24320.349843441578
405.0,17.0,0.0,0.0,CRASH,CENTAUR,24320.349843441578
406.0,17.0,0.0,0.0,CRASH,CENTAUR,24320.349843441578
407.0,17.0,-0.05414694542618535,0.0,CRASH,CENTAUR,24320.295696496152
408.0,18.0,0.0,0.0,CRASH,CENTAUR,24320.295696496152
409.0,18.0,0.0,0.0,CRASH,CENTAUR,24320.295696496152
410.0,18.0,0.0,0.0,CRASH,CENTAUR,24320.295696496152
411.0,18.0,0.0,0.0,CRASH,CENTAUR,24320.295696496152
412.0,18.0,0.0,0.0,CRASH,CENTAUR,24320.295696496152
413.0,18.0,0.0,0.0,CRASH,CENTAUR,24320.295696496152
414.0,18.0,0.0,0.0,CRASH,CENTAUR,24320.295696496152
415.0,18.0,0.0,0.0,CRASH,CENTAUR,24320.295696496152
416.0,18.0,0.0,0.0,CRASH,CENTAUR,24320.295696496152
417.0,18.0,-0.031099828292364025,0.0,CRASH,CENTAUR,24320.26459666786
418.0,18.0,0.0,0.0,CRASH,CENTAUR,24320.26459666786
419.0,18.0,0.0,0.0,CRASH,CENTAUR,24320.26459666786
420.0,18.0,-0.034974425414002565,0.0,CRASH,CENTAUR,24320.22962224245
421.0,18.0,0.0,0.0,CRASH,CENTAUR,24320.22962224245
422.0,18.0,0.0,0.0,CRASH,CENTAUR,24320.22962224245
423.0,18.0,0.0,0.0,CRASH,CENTAUR,24320.22962224245
424.0,18.0,0.0,0.0,CRASH,CENTAUR,24320.22962224245
425.0,18.0,-0.042612081932694966,0.0,CRASH,CENTAUR,24320.187010160516
426.0,18.0,0.0,0.0,CRASH,CENTAUR,24320.187010160516
427.0,18.0,0.0,0.0,CRASH,CENTAUR,24320.187010160516
428.0,18.0,0.0,0.0,CRASH,CENTAUR,24320.187010160516
429.0,18.0,0.0,0.0,CRASH,CENTAUR,24320.187010160516
430.0,18.0,0.0,0.0,CRASH,CENTAUR,24320.187010160516
431.0,18.0,0.0,0.0,CRASH,CENTAUR,24320.187010160516
432.0,19.0,0.0,0.0,CRASH,CENTAUR,24320.187010160516
433.0,19.0,2.807614926354459,1.0,NORMAL,CENTAUR,24322.99462508687
434.0,19.0,-112.31934270716509,1.0,NORMAL,CENTAUR,24210.675282379707
435.0,19.0,-203.45427110585115,1.0,NORMAL,CENTAUR,24007.221011273854
436.0,19.0,-44.36563956339063,1.0,NORMAL,CENTAUR,23962.855371710462
437.0,19.0,-59.15583123218511,1.0,NORMAL,CENTAUR,23903.699540478276
438.0,19.0,175.96505421557902,1.0,NORMAL,CENTAUR,24079.664594693855
439.0,19.0,-110.7559383031433,1.0,NORMAL,CENTAUR,23968.90865639071
440.0,19.0,495.6995598733397,1.0,NORMAL,CENTAUR,24464.608216264052
441.0,19.0,41.77402072440583,1.0,NORMAL,CENTAUR,24506.38223698846
442.0,19.0,545.2393232967635,1.0,NORMAL,CENTAUR,25051.62156028522
443.0,19.0,48.03722870852553,1.0,NORMAL,CENTAUR,25099.658788993747
444.0,19.0,71.32054815656731,1.0,NORMAL,CENTAUR,25170.979337150315
445.0,19.0,51.488756534453266,1.0,NORMAL,CENTAUR,25222.46809368477
446.0,19.0,561.1260782740306,1.0,NORMAL,CENTAUR,25783.5941719588
447.0,19.0,42.861409261327374,1.0,NORMAL,CENTAUR,25826.45558122013
448.0,19.0,55.66917422248174,1.0,NORMAL,CENTAUR,25882.12475544261
449.0,19.0,50.378224739388266,1.0,NORMAL,CENTAUR,25932.502980182
450.0,19.0,44.2489611834604,1.0,NORMAL,CENTAUR,25976.75194136546
451.0,19.0,52.4779032267607,1.0,NORMAL,CENTAUR,26029.22984459222
452.0,19.0,32.77963594729894,1.0,NORMAL,CENTAUR,26062.00948053952
453.0,19.0,530.0797371985828,1.0,NORMAL,CENTAUR,26592.089217738103
454.0,19.0,29.426721834724958,1.0,NORMAL,CENTAUR,26621.515939572826
455.0,19.0,46.50994928169504,1.0,NORMAL,CENTAUR,26668.02588885452
456.0,20.0,517.6,1.0,NORMAL,CENTAUR,27185.62588885452
457.0,20.0,16.682428722761827,1.0,NORMAL,CENTAUR,27202.30831757728
458.0,20.0,3.1625224597827986,1.0,NORMAL,CENTAUR,27205.470840037062
459.0,20.0,6.158779790241053,1.0,NORMAL,CENTAUR,27211.6296198273
460.0,20.0,6.567558291020761,1.0,NORMAL,CENTAUR,27218.197178118324
461.0,20.0,6.045830355974885,1.0,NORMAL,CENTAUR,27224.2430084743
462.0,20.0,5.223268067768212,1.0,NORMAL,CENTAUR,27229.46627654207
463.0,20.0,12.791328044365352,1.0,NORMAL,CENTAUR,27242.257604586433
464.0,20.0,7.090938170700581,1.0,NORMAL,CENTAUR,27249.348542757132
465.0,20.0,6.940102522838654,1.0,NORMAL,CENTAUR,27256.288645279972
466.0,20.0,11.443833160613575,1.0,NORMAL,CENTAUR,27267.732478440586
467.0,20.0,4.743022570351233,1.0,NORMAL,CENTAUR,27272.475501010937
468.0,20.0,8.214249604869726,1.3,HOLIDAY,CENTAUR,27280.689750615806
469.0,20.0,3.5977456121099323,1.3,HOLIDAY,CENTAUR,27284.287496227917
470.0,20.0,605.7150522223814,1.3,HOLIDAY,CENTAUR,27890.0025484503
471.0,20.0,2.148200319385473,1.3,HOLIDAY,CENTAUR,27892.150748769684
472.0,20.0,611.141428261641,1.3,HOLIDAY,CENTAUR,28503.292177031326
473.0,20.0,6.663398911750483,1.3,HOLIDAY,CENTAUR,28509.955575943077
474.0,20.0,23.107709900250843,1.3,HOLIDAY,CENTAUR,28533.063285843327
475.0,20.0,19.428455175072898,1.3,HOLIDAY,CENTAUR,28552.4917410184
476.0,20.0,32.12455166451856,1.3,HOLIDAY,CENTAUR,28584.616292682917
477.0,20.0,47.43633671675221,1.3,HOLIDAY,CENTAUR,28632.05262939967
478.0,20.0,72.40390950390757,1.3,HOLIDAY,CENTAUR,28704.456538903578
479.0,20.0,702.3709722397801,1.3,HOLIDAY,CENTAUR,29406.827511143358
480.0,21.0,676.0242000000001,1.3,HOLIDAY,CENTAUR,30082.851711143358
481.0,21.0,621.678038806062,1.3,HOLIDAY,CENTAUR,30704.52974994942
482.0,21.0,1289.1852596410347,1.3,HOLIDAY,CENTAUR,31993.715009590454
483.0,21.0,689.7044075045483,1.3,HOLIDAY,CENTAUR,32683.419417095003
484.0,21.0,678.0064094219315,1.3,HOLIDAY,CENTAUR,33361.425826516934
485.0,21.0,2444.934064317933,1.3,HOLIDAY,CENTAUR,35806.359890834865
486.0,21.0,1717.53963093523,1.3,HOLIDAY,CENTAUR,37523.899521770094
487.0,21.0,2220.530041204809,1.3,HOLIDAY,CENTAUR,39744.4295629749
488.0,21.0,-227.33882975081266,1.3,HOLIDAY,CENTAUR,39517.09073322409
489.0,21.0,768.5903001010903,1.3,HOLIDAY,CENTAUR,40285.68103332518
490.0,21.0,1002.6332541853459,1.3,HOLIDAY,CENTAUR,41288.314287510526
491.0,21.0,700.5867447444263,1.3,HOLIDAY,CENTAUR,41988.90103225495
492.0,21.0,62.66835011156493,1.3,HOLIDAY,CENTAUR,42051.56938236651
493.0,21.0,0.0,1.3,HOLIDAY,CENTAUR,42051.56938236651
494.0,21.0,0.0,1.3,HOLIDAY,CENTAUR,42051.56938236651
495.0,21.0,0.0,1.3,HOLIDAY,CENTAUR,42051.56938236651
496.0,21.0,0.0,1.3,HOLIDAY,CENTAUR,42051.56938236651
497.0,21.0,0.0,1.3,HOLIDAY,CENTAUR,42051.56938236651
498.0,21.0,0.0,1.3,HOLIDAY,CENTAUR,42051.56938236651
499.0,21.0,0.0,1.3,HOLIDAY,CENTAUR,42051.56938236651
500.0,21.0,0.0,1.3,HOLIDAY,CENTAUR,42051.56938236651
501.0,21.0,0.0,1.3,HOLIDAY,CENTAUR,42051.56938236651
502.0,21.0,0.0,1.3,HOLIDAY,CENTAUR,42051.56938236651
503.0,21.0,0.0,1.3,HOLIDAY,CENTAUR,42051.56938236651
504.0,22.0,508.5586000000002,1.3,HOLIDAY,CENTAUR,42560.12798236651
505.0,22.0,676.7262377251964,1.3,HOLIDAY,CENTAUR,43236.85422009171
506.0,22.0,1564.5663165023802,1.3,HOLIDAY,CENTAUR,44801.42053659409
507.0,22.0,1207.2587223606554,1.3,HOLIDAY,CENTAUR,46008.67925895474
508.0,22.0,86.06648584081259,1.3,HOLIDAY,CENTAUR,46094.74574479555
509.0,22.0,3073.968360062622,1.3,HOLIDAY,CENTAUR,49168.714104858176
510.0,22.0,629.0831756879774,1.3,HOLIDAY,CENTAUR,49797.797280546154
511.0,22.0,15.96988829039701,1.3,HOLIDAY,CENTAUR,49813.76716883655
512.0,22.0,9.20621567316289,1.3,HOLIDAY,CENTAUR,49822.973384509714
513.0,22.0,5.270963941396445,1.3,HOLIDAY,CENTAUR,49828.24434845111
514.0,22.0,2.633793592776427,1.3,HOLIDAY,CENTAUR,49830.87814204388
515.0,22.0,608.1127669907095,1.3,HOLIDAY,CENTAUR,50438.99090903459
516.0,22.0,2.8655706734448536,1.3,HOLIDAY,CENTAUR,50441.85647970803
517.0,22.0,5.547973739753431,1.3,HOLIDAY,CENTAUR,50447.40445344779
518.0,22.0,6.240647156570563,1.3,HOLIDAY,CENTAUR,50453.64510060436
519.0,22.0,3.8643249357959997,1.3,HOLIDAY,CENTAUR,50457.50942554016
520.0,22.0,4.4042897834577825,1.3,HOLIDAY,CENTAUR,50461.913715323615
521.0,22.0,6.919683485279347,1.3,HOLIDAY,CENTAUR,50468.83339880889
522.0,22.0,609.01842007077,1.3,HOLIDAY,CENTAUR,51077.851818879666
523.0,22.0,607.4034016982712,1.3,HOLIDAY,CENTAUR,51685.255220577936
524.0,22.0,17.4194012089815,1.3,HOLIDAY,CENTAUR,51702.674621786915
525.0,22.0,622.2442908258981,1.3,HOLIDAY,CENTAUR,52324.91891261281
526.0,22.0,27.336778020315656,1.3,HOLIDAY,CENTAUR,52352.25569063313
527.0,22.0,26.342156781574527,1.3,HOLIDAY,CENTAUR,52378.597847414705
528.0,23.0,604.8629,1.3,HOLIDAY,CENTAUR,52983.460747414705
529.0,23.0,2461.815525140049,1.3,HOLIDAY,CENTAUR,55445.27627255475
530.0,23.0,656.977323832246,1.3,HOLIDAY,CENTAUR,56102.253596386996
531.0,23.0,45.214495200364084,1.3,HOLIDAY,CENTAUR,56147.46809158736
532.0,23.0,1745.877862861221,1.3,HOLIDAY,CENTAUR,57893.34595444858
533.0,23.0,1155.3647275777007,1.3,HOLIDAY,CENTAUR,59048.710682026285
534.0,23.0,2893.8732448700916,1.3,HOLIDAY,CENTAUR,61942.583926896375
535.0,23.0,2943.1499262301727,1.3,HOLIDAY,CENTAUR,64885.73385312655
536.0,23.0,2805.203208931334,1.3,HOLIDAY,CENTAUR,67690.93706205788
537.0,23.0,63.61897588507699,1.3,HOLIDAY,CENTAUR,67754.55603794297
538.0,23.0,1870.0050905326752,1.3,HOLIDAY,CENTAUR,69624.56112847565
539.0,23.0,576.921959877021,1.3,HOLIDAY,CENTAUR,70201.48308835266
540.0,23.0,10.007176098845306,1.3,HOLIDAY,CENTAUR,70211.49026445151
541.0,23.0,8.394182842861802,1.3,HOLIDAY,CENTAUR,70219.88444729437
542.0,23.0,0.0,1.3,HOLIDAY,CENTAUR,70219.88444729437
543.0,23.0,0.0,1.3,HOLIDAY,CENTAUR,70219.88444729437
544.0,23.0,0.0,1.3,HOLIDAY,CENTAUR,70219.88444729437
545.0,23.0,0.0,1.3,HOLIDAY,CENTAUR,70219.88444729437
546.0,23.0,0.0,1.3,HOLIDAY,CENTAUR,70219.88444729437
547.0,23.0,0.0,1.3,HOLIDAY,CENTAUR,70219.88444729437
548.0,23.0,0.0,1.3,HOLIDAY,CENTAUR,70219.88444729437
549.0,23.0,0.0,1.3,HOLIDAY,CENTAUR,70219.88444729437
550.0,23.0,0.0,1.3,HOLIDAY,CENTAUR,70219.88444729437
551.0,23.0,0.0,1.3,HOLIDAY,CENTAUR,70219.88444729437
552.0,24.0,-184.0297999999998,1.3,HOLIDAY,CENTAUR,70035.85464729437
553.0,24.0,351.9364245100413,1.3,HOLIDAY,CENTAUR,70387.79107180441
554.0,24.0,1413.0842122597828,1.3,HOLIDAY,CENTAUR,71800.8752840642
555.0,24.0,526.6362086048489,1.3,HOLIDAY,CENTAUR,72327.51149266904
556.0,24.0,44.14590935651336,1.3,HOLIDAY,CENTAUR,72371.65740202555
557.0,24.0,613.0666647087526,1.3,HOLIDAY,CENTAUR,72984.7240667343
558.0,24.0,3.219555487562592,1.3,HOLIDAY,CENTAUR,72987.94362222186
559.0,24.0,4.85067764574418,1.3,HOLIDAY,CENTAUR,72992.79429986762
560.0,24.0,2.5825228381859535,1.3,HOLIDAY,CENTAUR,72995.3768227058
561.0,24.0,2.5099828292364026,1.3,HOLIDAY,CENTAUR,72997.88680553503
562.0,24.0,2.599422586390695,1.3,HOLIDAY,CENTAUR,73000.48622812143
563.0,24.0,3.205346091333945,1.3,HOLIDAY,CENTAUR,73003.69157421276
564.0,24.0,4.5085654665458685,1.3,HOLIDAY,CENTAUR,73008.2001396793
565.0,24.0,5.810586234511655,1.3,HOLIDAY,CENTAUR,73014.01072591382
566.0,24.0,4.289012118499171,1.3,HOLIDAY,CENTAUR,73018.29973803232
567.0,24.0,1.6682459574322224,1.3,HOLIDAY,CENTAUR,73019.96798398976
568.0,24.0,607.128317043452,1.3,HOLIDAY,CENTAUR,73627.0963010332
569.0,24.0,605.3951120243489,1.3,HOLIDAY,CENTAUR,74232.49141305755
570.0,24.0,10.16546768809369,1.3,HOLIDAY,CENTAUR,74242.65688074565
571.0,24.0,3.9109801398912247,1.3,HOLIDAY,CENTAUR,74246.56786088554
572.0,24.0,3.9708444337874393,1.3,HOLIDAY,CENTAUR,74250.53870531933
573.0,24.0,8.123085110973255,1.3,HOLIDAY,CENTAUR,74258.6617904303
574.0,24.0,610.8615824793346,1.3,HOLIDAY,CENTAUR,74869.52337290964
575.0,24.0,12.505928339724514,1.3,HOLIDAY,CENTAUR,74882.02930124936
576.0,25.0,2.57288,1.3,HOLIDAY,CENTAUR,74884.60218124937
577.0,25.0,1285.2332137244266,1.3,HOLIDAY,CENTAUR,76169.8353949738
578.0,25.0,1889.8989208399503,1.3,HOLIDAY,CENTAUR,78059.73431581374
579.0,25.0,1283.0099230778635,1.3,HOLIDAY,CENTAUR,79342.7442388916
580.0,25.0,1251.1928358590374,1.3,HOLIDAY,CENTAUR,80593.93707475063
581.0,25.0,1079.7163941111369,1.3,HOLIDAY,CENTAUR,81673.65346886177
582.0,25.0,949.9725204222143,1.3,HOLIDAY,CENTAUR,82623.62598928399
583.0,25.0,1317.318268934236,1.3,HOLIDAY,CENTAUR,83940.94425821822
584.0,25.0,1978.217733767997,1.3,HOLIDAY,CENTAUR,85919.16199198623
585.0,25.0,60.80359480407307,1.3,HOLIDAY,CENTAUR,85979.9655867903
586.0,25.0,1245.278155854751,1.3,HOLIDAY,CENTAUR,87225.24374264506
587.0,25.0,557.6776793702255,1.3,HOLIDAY,CENTAUR,87782.9214220153
588.0,25.0,2525.7637990404974,1.3,HOLIDAY,CENTAUR,90308.68522105578
589.0,25.0,0.0,1.3,HOLIDAY,CENTAUR,90308.68522105578
590.0,25.0,0.0,1.3,HOLIDAY,CENTAUR,90308.68522105578
591.0,25.0,0.0,1.3,HOLIDAY,CENTAUR,90308.68522105578
592.0,25.0,0.0,1.3,HOLIDAY,CENTAUR,90308.68522105578
593.0,25.0,0.0,1.3,HOLIDAY,CENTAUR,90308.68522105578
594.0,25.0,0.0,1.3,HOLIDAY,CENTAUR,90308.68522105578
595.0,25.0,0.0,1.3,HOLIDAY,CENTAUR,90308.68522105578
596.0,25.0,0.0,1.3,HOLIDAY,CENTAUR,90308.68522105578
597.0,25.0,0.0,1.3,HOLIDAY,CENTAUR,90308.68522105578
598.0,25.0,0.0,1.3,HOLIDAY,CENTAUR,90308.68522105578
599.0,25.0,0.0,1.3,HOLIDAY,CENTAUR,90308.68522105578
600.0,26.0,12.32,1.3,HOLIDAY,CENTAUR,90321.00522105579
601.0,26.0,683.0795203276853,1.3,HOLIDAY,CENTAUR,91004.08474138347
602.0,26.0,539.3750230711527,1.3,HOLIDAY,CENTAUR,91543.45976445463
603.0,26.0,685.1787692170333,1.3,HOLIDAY,CENTAUR,92228.63853367166
604.0,26.0,1302.9820224544892,1.3,HOLIDAY,CENTAUR,93531.62055612614
605.0,26.0,57.86917596304748,1.3,HOLIDAY,CENTAUR,93589.48973208919
606.0,26.0,1135.6233312936934,1.3,HOLIDAY,CENTAUR,94725.11306338289
607.0,26.0,551.4761309723933,1.3,HOLIDAY,CENTAUR,95276.58919435529
608.0,26.0,979.1043406873927,1.3,HOLIDAY,CENTAUR,96255.69353504268
609.0,26.0,6.798328428689487,1.3,HOLIDAY,CENTAUR,96262.49186347137
610.0,26.0,1159.9190359490342,1.3,HOLIDAY,CENTAUR,97422.4108994204
611.0,26.0,241.18303718142587,1.3,HOLIDAY,CENTAUR,97663.59393660183
612.0,26.0,-74.65821345486384,1.3,HOLIDAY,CENTAUR,97588.93572314696
613.0,26.0,595.1186223450206,1.3,HOLIDAY,CENTAUR,98184.05434549198
614.0,26.0,0.0,1.3,HOLIDAY,CENTAUR,98184.05434549198
615.0,26.0,0.0,1.3,HOLIDAY,CENTAUR,98184.05434549198
616.0,26.0,0.0,1.3,HOLIDAY,CENTAUR,98184.05434549198
617.0,26.0,0.0,1.3,HOLIDAY,CENTAUR,98184.05434549198
618.0,26.0,0.0,1.3,HOLIDAY,CENTAUR,98184.05434549198
619.0,26.0,0.0,1.3,HOLIDAY,CENTAUR,98184.05434549198
620.0,26.0,0.0,1.3,HOLIDAY,CENTAUR,98184.05434549198
621.0,26.0,0.0,1.3,HOLIDAY,CENTAUR,98184.05434549198
622.0,26.0,0.0,1.3,HOLIDAY,CENTAUR,98184.05434549198
623.0,26.0,0.0,1.3,HOLIDAY,CENTAUR,98184.05434549198
624.0,27.0,14.0836,1.3,HOLIDAY,CENTAUR,98198.13794549198
625.0,27.0,516.8873832796485,1.0,NORMAL,CENTAUR,98715.02532877163
626.0,27.0,7.487864818892881,1.0,NORMAL,CENTAUR,98722.51319359052
627.0,27.0,9.3543466677684,1.0,NORMAL,CENTAUR,98731.86754025829
628.0,27.0,11.341582291488269,1.0,NORMAL,CENTAUR,98743.20912254977
629.0,27.0,12.287153392174535,1.0,NORMAL,CENTAUR,98755.49627594194
630.0,27.0,10.236668814865677,1.0,NORMAL,CENTAUR,98765.7329447568
631.0,27.0,7.964903786849892,1.0,NORMAL,CENTAUR,98773.69784854366
632.0,27.0,9.469250406681828,1.0,NORMAL,CENTAUR,98783.16709895033
633.0,27.0,3.465156794902315,1.0,NORMAL,CENTAUR,98786.63225574524
634.0,27.0,503.51920056762066,1.0,NORMAL,CENTAUR,99290.15145631286
635.0,27.0,509.48861636340285,1.0,NORMAL,CENTAUR,99799.64007267627
636.0,27.0,508.4383203355703,1.0,NORMAL,CENTAUR,100308.07839301183
637.0,27.0,506.6609621497228,1.0,NORMAL,CENTAUR,100814.73935516155
638.0,27.0,9.806731246039455,1.0,NORMAL,CENTAUR,100824.54608640759
639.0,27.0,3.904863312561603,1.0,NORMAL,CENTAUR,100828.45094972015
640.0,27.0,15.262786607126374,1.0,NORMAL,CENTAUR,100843.71373632728
641.0,27.0,505.44445570389706,1.0,NORMAL,CENTAUR,101349.15819203117
642.0,27.0,14.205353523103243,1.0,NORMAL,CENTAUR,101363.36354555428
643.0,27.0,21.074254063870395,1.0,NORMAL,CENTAUR,101384.43779961816
644.0,27.0,29.24558440122813,1.0,NORMAL,CENTAUR,101413.68338401939
645.0,27.0,18.34807511544966,1.0,NORMAL,CENTAUR,101432.03145913484
646.0,27.0,532.9661407900874,1.0,NORMAL,CENTAUR,101964.99759992493
647.0,27.0,25.02317121162418,1.0,NORMAL,CENTAUR,101990.02077113655
648.0,28.0,12.4984,1.0,NORMAL,CENTAUR,102002.51917113655
649.0,28.0,1012.8009121753753,1.0,NORMAL,CENTAUR,103015.32008331192
650.0,28.0,16.001966313486776,1.0,NORMAL,CENTAUR,103031.3220496254
651.0,28.0,13.966712841587109,1.0,NORMAL,CENTAUR,103045.288762467
652.0,28.0,521.9664517889064,1.0,NORMAL,CENTAUR,103567.2552142559
653.0,28.0,32.59383949286233,1.0,NORMAL,CENTAUR,103599.84905374877
654.0,28.0,537.1071789194007,1.0,NORMAL,CENTAUR,104136.95623266816
655.0,28.0,19.49015941940704,1.0,NORMAL,CENTAUR,104156.44639208757
656.0,28.0,552.1083997991668,1.0,NORMAL,CENTAUR,104708.55479188674
657.0,28.0,49.37932835331669,1.0,NORMAL,CENTAUR,104757.93412024005
658.0,28.0,37.60148751224445,1.0,NORMAL,CENTAUR,104795.5356077523
659.0,28.0,51.7709740930264,1.0,NORMAL,CENTAUR,104847.30658184533
660.0,28.0,487.30253800583006,1.0,NORMAL,CENTAUR,105334.60911985116
661.0,28.0,487.74480596224873,1.0,NORMAL,CENTAUR,105822.35392581341
662.0,28.0,-12.397453501049455,1.0,NORMAL,CENTAUR,105809.95647231236
663.0,28.0,-128.35804273990735,1.0,NORMAL,CENTAUR,105681.59842957245
664.0,28.0,-104.2237413541539,1.0,NORMAL,CENTAUR,105577.37468821829
665.0,28.0,442.8811373657611,1.0,NORMAL,CENTAUR,106020.25582558406
666.0,28.0,1252.346140256593,1.0,NORMAL,CENTAUR,107272.60196584064
667.0,28.0,59.387896359941784,1.0,NORMAL,CENTAUR,107331.98986220059
668.0,28.0,-11.383546210734844,1.0,NORMAL,CENTAUR,107320.60631598985
669.0,28.0,0.0,1.0,NORMAL,CENTAUR,107320.60631598985
670.0,28.0,0.0,1.0,NORMAL,CENTAUR,107320.60631598985
671.0,28.0,0.0,1.0,NORMAL,CENTAUR,107320.60631598985
672.0,29.0,5.091760000000001,1.0,NORMAL,CENTAUR,107325.69807598984
673.0,29.0,2.6459343010586487,1.0,NORMAL,CENTAUR,107328.34401029091
674.0,29.0,8.510465187990857,1.0,NORMAL,CENTAUR,107336.8544754789
675.0,29.0,20.90252534869691,1.0,NORMAL,CENTAUR,107357.7570008276
676.0,29.0,7.886212277788331,1.0,NORMAL,CENTAUR,107365.64321310539
677.0,29.0,15.629098181557803,1.0,NORMAL,CENTAUR,107381.27231128694
678.0,29.0,515.4496506186703,1.0,NORMAL,CENTAUR,107896.72196190561
679.0,29.0,3.4501298747898757,1.0,NORMAL,CENTAUR,107900.1720917804
680.0,29.0,516.5082806926158,1.0,NORMAL,CENTAUR,108416.68037247303
681.0,29.0,4.568168749210253,1.0,NORMAL,CENTAUR,108421.24854122223
682.0,29.0,1.408816192776111,1.0,NORMAL,CENTAUR,108422.65735741501
683.0,29.0,8.986932292019556,1.0,NORMAL,CENTAUR,108431.64428970702
684.0,29.0,515.9782524507361,1.0,NORMAL,CENTAUR,108947.62254215775
685.0,29.0,11.550393161587028,1.0,NORMAL,CENTAUR,108959.17293531934
686.0,29.0,14.521444652718973,1.0,NORMAL,CENTAUR,108973.69437997206
687.0,29.0,521.810463780851,1.0,NORMAL,CENTAUR,109495.50484375292
688.0,29.0,10.128293541315951,1.0,NORMAL,CENTAUR,109505.63313729424
689.0,29.0,32.264763324006765,1.0,NORMAL,CENTAUR,109537.89790061825
690.0,29.0,34.904928002485235,1.0,NORMAL,CENTAUR,109572.80282862074
691.0,29.0,23.529304308720516,1.0,NORMAL,CENTAUR,109596.33213292946
692.0,29.0,50.33244912535214,1.0,NORMAL,CENTAUR,109646.66458205481
693.0,29.0,47.40115471204873,1.0,NORMAL,CENTAUR,109694.06573676686
694.0,29.0,69.58364732916189,1.0,NORMAL,CENTAUR,109763.64938409602
695.0,29.0,48.594952753376006,1.0,NORMAL,CENTAUR,109812.2443368494
696.0,30.0,24.65624,1.0,NORMAL,CENTAUR,109836.9005768494
697.0,30.0,14.896566302521121,1.0,NORMAL,CENTAUR,109851.79714315191
698.0,30.0,1034.093680154167,1.0,NORMAL,CENTAUR,110885.89082330608
699.0,30.0,1018.5524730478367,1.0,NORMAL,CENTAUR,111904.44329635391
700.0,30.0,520.311129578399,1.0,NORMAL,CENTAUR,112424.75442593232
701.0,30.0,5.7166114273076225,1.0,NORMAL,CENTAUR,112430.47103735963
702.0,30.0,44.68543897178741,1.0,NORMAL,CENTAUR,112475.15647633142
703.0,30.0,45.220385419613905,1.0,NORMAL,CENTAUR,112520.37686175104
704.0,30.0,1448.77320856976,1.0,NORMAL,CENTAUR,113969.1500703208
705.0,30.0,420.9781446574686,1.0,NORMAL,CENTAUR,114390.12821497826
706.0,30.0,1047.116028013255,1.0,NORMAL,CENTAUR,115437.24424299152
707.0,30.0,46.82059796998406,1.0,NORMAL,CENTAUR,115484.06484096151
708.0,30.0,813.8059499687848,1.0,NORMAL,CENTAUR,116297.87079093029
709.0,30.0,-177.42014961375833,1.0,NORMAL,CENTAUR,116120.45064131654
710.0,30.0,317.45615215074565,1.0,NORMAL,CENTAUR,116437.90679346728
711.0,30.0,1474.4834967133907,1.0,NORMAL,CENTAUR,117912.39029018067
712.0,30.0,1055.897434924016,1.0,NORMAL,CENTAUR,118968.28772510469
713.0,30.0,59.920431653506554,1.0,NORMAL,CENTAUR,119028.20815675819
714.0,30.0,15.281365632427935,1.0,NORMAL,CENTAUR,119043.48952239062
715.0,30.0,0.0,1.0,NORMAL,CENTAUR,119043.48952239062
716.0,30.0,0.0,1.0,NORMAL,CENTAUR,119043.48952239062
717.0,30.0,0.0,1.0,NORMAL,CENTAUR,119043.48952239062
718.0,30.0,0.0,1.0,NORMAL,CENTAUR,119043.48952239062
719.0,30.0,0.0,1.0,NORMAL,CENTAUR,119043.48952239062
720.0,31.0,3.09984,1.0,NORMAL,CENTAUR,119046.58936239062
721.0,31.0,6.003315208859726,1.0,NORMAL,CENTAUR,119052.59267759947
722.0,31.0,6.101899860706055,1.0,NORMAL,CENTAUR,119058.69457746018
723.0,31.0,502.60896099834105,1.0,NORMAL,CENTAUR,119561.30353845852
724.0,31.0,5.804648706059008,1.0,NORMAL,CENTAUR,119567.10818716459
725.0,31.0,6.375434109704767,1.0,NORMAL,CENTAUR,119573.4836212743
726.0,31.0,10.361114932701431,1.0,NORMAL,CENTAUR,119583.844736207
727.0,31.0,14.136195501498792,1.0,NORMAL,CENTAUR,119597.9809317085
728.0,31.0,18.877405018441763,1.0,NORMAL,CENTAUR,119616.85833672695
729.0,31.0,9.671842335038093,1.0,NORMAL,CENTAUR,119626.53017906199
730.0,31.0,16.5939531519286,1.0,NORMAL,CENTAUR,119643.12413221391
731.0,31.0,17.630301435776065,1.0,NORMAL,CENTAUR,119660.75443364968
732.0,31.0,24.361262271712143,1.0,NORMAL,CENTAUR,119685.1156959214
733.0,31.0,42.00372179028807,1.0,NORMAL,CENTAUR,119727.11941771168
734.0,31.0,535.4536809195038,1.0,NORMAL,CENTAUR,120262.57309863118
735.0,31.0,42.82387372728515,1.0,NORMAL,CENTAUR,120305.39697235847
736.0,31.0,23.162894019501724,1.0,NORMAL,CENTAUR,120328.55986637798
737.0,31.0,40.587970970175974,1.0,NORMAL,CENTAUR,120369.14783734815
738.0,31.0,553.7032096214236,1.0,NORMAL,CENTAUR,120922.85104696958
739.0,31.0,32.67713622989275,1.0,NORMAL,CENTAUR,120955.52818319947
740.0,31.0,544.5791069101576,1.0,NORMAL,CENTAUR,121500.10729010962
741.0,31.0,31.723173866063323,1.0,NORMAL,CENTAUR,121531.83046397568
742.0,31.0,80.11597014769893,1.0,NORMAL,CENTAUR,121611.94643412338
743.0,31.0,86.0104255135189,1.0,NORMAL,CENTAUR,121697.9568596369
744.0,32.0,24.79296,1.0,NORMAL,CENTAUR,121722.74981963691
745.0,32.0,29.61839209416175,1.0,NORMAL,CENTAUR,121752.36821173107
746.0,32.0,528.3314583356303,1.0,NORMAL,CENTAUR,122280.6996700667
747.0,32.0,37.447527366107664,1.0,NORMAL,CENTAUR,122318.1471974328
748.0,32.0,0.0,1.0,NORMAL,CENTAUR,122318.1471974328
749.0,32.0,0.010316236423470498,1.0,NORMAL,CENTAUR,122318.15751366923
750.0,32.0,0.0,1.0,NORMAL,CENTAUR,122318.15751366923
751.0,32.0,0.0,1.0,NORMAL,CENTAUR,122318.15751366923
752.0,32.0,2.989031062715224,1.0,NORMAL,CENTAUR,122321.14654473194
753.0,32.0,503.5506155490928,1.0,NORMAL,CENTAUR,122824.69716028102
754.0,32.0,4.609138787358747,1.0,NORMAL,CENTAUR,122829.30629906838
755.0,32.0,4.144308181701433,1.0,NORMAL,CENTAUR,122833.45060725008
756.0,32.0,-12.64460553828178,1.0,NORMAL,CENTAUR,122820.8060017118
757.0,32.0,-7.797859193470449,1.0,NORMAL,CENTAUR,122813.00814251833
758.0,32.0,38.73433036003945,1.0,NORMAL,CENTAUR,122851.74247287837
759.0,32.0,-101.32221626861842,1.0,NORMAL,CENTAUR,122750.42025660975
760.0,32.0,47.099299264896295,1.0,NORMAL,CENTAUR,122797.51955587465
761.0,32.0,53.300051938026996,1.0,NORMAL,CENTAUR,122850.81960781268
762.0,32.0,545.1666187544347,1.0,NORMAL,CENTAUR,123395.98622656711
763.0,32.0,365.13937319504066,1.0,NORMAL,CENTAUR,123761.12559976215
764.0,32.0,590.3648455774994,1.0,NORMAL,CENTAUR,124351.49044533964
765.0,32.0,1019.8051144269923,1.0,NORMAL,CENTAUR,125371.29555976664
766.0,32.0,80.13161653979184,1.0,NORMAL,CENTAUR,125451.42717630643
767.0,32.0,53.76376807960413,1.0,NORMAL,CENTAUR,125505.19094438603
768.0,33.0,0.0,1.0,NORMAL,CENTAUR,125505.19094438603
769.0,33.0,0.0,1.0,NORMAL,CENTAUR,125505.19094438603
770.0,33.0,0.0,1.0,NORMAL,CENTAUR,125505.19094438603
771.0,33.0,0.0,1.0,NORMAL,CENTAUR,125505.19094438603
772.0,33.0,1.6799908907846994,1.0,NORMAL,CENTAUR,125506.87093527682
773.0,33.0,2.889784146942555,1.0,NORMAL,CENTAUR,125509.76071942376
774.0,33.0,4.336101666750966,1.0,NORMAL,CENTAUR,125514.09682109051
775.0,33.0,1.7079850865296409,1.0,NORMAL,CENTAUR,125515.80480617704
776.0,33.0,2.3810621445589475,1.0,NORMAL,CENTAUR,125518.1858683216
777.0,33.0,6.274957073091006,1.0,NORMAL,CENTAUR,125524.4608253947
778.0,33.0,2.2322717595576607,1.0,NORMAL,CENTAUR,125526.69309715425
779.0,33.0,3.7298773635312896,1.0,NORMAL,CENTAUR,125530.42297451777
780.0,33.0,508.24360635350064,1.0,NORMAL,CENTAUR,126038.66658087127
781.0,33.0,1.5796240286209018,1.0,NORMAL,CENTAUR,126040.24620489989
782.0,33.0,1005.0136627078197,1.0,NORMAL,CENTAUR,127045.2598676077
783.0,33.0,3.721523081839802,1.0,NORMAL,CENTAUR,127048.98139068954
784.0,33.0,5.425665557050136,1.0,NORMAL,CENTAUR,127054.4070562466
785.0,33.0,4.509327071240375,1.0,NORMAL,CENTAUR,127058.91638331783
786.0,33.0,7.706340066782952,1.0,NORMAL,CENTAUR,127066.62272338461
787.0,33.0,15.233675080454887,1.0,NORMAL,CENTAUR,127081.85639846507
788.0,33.0,1007.5711310713938,1.0,NORMAL,CENTAUR,128089.42752953646
789.0,33.0,4.602245990273136,1.0,NORMAL,CENTAUR,128094.02977552674
790.0,33.0,13.993626881088966,1.0,NORMAL,CENTAUR,128108.02340240782
791.0,33.0,516.63878661186,1.0,NORMAL,CENTAUR,128624.66218901968
792.0,34.0,5.199199999999999,1.0,NORMAL,CENTAUR,128629.86138901969
793.0,34.0,509.7341561990684,1.0,NORMAL,CENTAUR,129139.59554521875
794.0,34.0,509.24781441494645,1.0,NORMAL,CENTAUR,129648.8433596337
795.0,34.0,6.993014507282797,1.0,NORMAL,CENTAUR,129655.83637414098
796.0,34.0,0.0,1.0,NORMAL,CENTAUR,129655.83637414098
797.0,34.0,0.0,1.0,NORMAL,CENTAUR,129655.83637414098
798.0,34.0,0.010840254166877413,1.0,NORMAL,CENTAUR,129655.84721439515
799.0,34.0,0.0,1.0,NORMAL,CENTAUR,129655.84721439515
800.0,34.0,251.68864601701375,1.0,NORMAL,CENTAUR,129907.53586041217
801.0,34.0,-125.11154525180135,1.0,NORMAL,CENTAUR,129782.42431516037
802.0,34.0,144.83434793476158,1.0,NORMAL,CENTAUR,129927.25866309514
803.0,34.0,734.0856381493921,1.0,NORMAL,CENTAUR,130661.34430124454
804.0,34.0,-89.31922695633182,1.0,NORMAL,CENTAUR,130572.0250742882
805.0,34.0,1227.5289704621955,1.0,NORMAL,CENTAUR,131799.5540447504
806.0,34.0,-406.21420788479116,1.0,NORMAL,CENTAUR,131393.3398368656
807.0,34.0,45.11437542683959,1.0,NORMAL,CENTAUR,131438.45421229245
808.0,34.0,0.0,1.0,NORMAL,CENTAUR,131438.45421229245
809.0,34.0,0.0,1.0,NORMAL,CENTAUR,131438.45421229245
810.0,34.0,0.0,1.0,NORMAL,CENTAUR,131438.45421229245
811.0,34.0,0.0,1.0,NORMAL,CENTAUR,131438.45421229245
812.0,34.0,0.0,1.0,NORMAL,CENTAUR,131438.45421229245
813.0,34.0,0.0,1.0,NORMAL,CENTAUR,131438.45421229245
814.0,34.0,0.0,1.0,NORMAL,CENTAUR,131438.45421229245
815.0,34.0,0.0,1.0,NORMAL,CENTAUR,131438.45421229245
816.0,35.0,30.658279999999998,1.0,NORMAL,CENTAUR,131469.11249229245
817.0,35.0,805.6878142074979,1.0,NORMAL,CENTAUR,132274.80030649994
818.0,35.0,-162.96430111942604,1.0,NORMAL,CENTAUR,132111.83600538052
819.0,35.0,-171.02296004957483,1.0,NORMAL,CENTAUR,131940.81304533096
820.0,35.0,411.21128674653517,1.0,NORMAL,CENTAUR,132352.0243320775
821.0,35.0,-152.35670260951207,1.0,NORMAL,CENTAUR,132199.667629468
822.0,35.0,1379.5545638384397,1.0,NORMAL,CENTAUR,133579.22219330643
823.0,35.0,1387.6545730653909,1.0,NORMAL,CENTAUR,134966.87676637183
824.0,35.0,-55.334938099435654,1.0,NORMAL,CENTAUR,134911.5418282724
825.0,35.0,19.55179403639328,1.0,NORMAL,CENTAUR,134931.09362230878
826.0,35.0,0.0,1.0,NORMAL,CENTAUR,134931.09362230878
827.0,35.0,0.0,1.0,NORMAL,CENTAUR,134931.09362230878
828.0,35.0,0.0,1.0,NORMAL,CENTAUR,134931.09362230878
829.0,35.0,0.0,1.0,NORMAL,CENTAUR,134931.09362230878
830.0,35.0,0.0,1.0,NORMAL,CENTAUR,134931.09362230878
831.0,35.0,0.0,1.0,NORMAL,CENTAUR,134931.09362230878
832.0,35.0,0.0,1.0,NORMAL,CENTAUR,134931.09362230878
833.0,35.0,0.0,1.0,NORMAL,CENTAUR,134931.09362230878
834.0,35.0,0.0,1.0,NORMAL,CENTAUR,134931.09362230878
835.0,35.0,0.0,1.0,NORMAL,CENTAUR,134931.09362230878
836.0,35.0,0.0,1.0,NORMAL,CENTAUR,134931.09362230878
837.0,35.0,0.0,1.0,NORMAL,CENTAUR,134931.09362230878
838.0,35.0,0.0,1.0,NORMAL,CENTAUR,134931.09362230878
839.0,35.0,0.0,1.0,NORMAL,CENTAUR,134931.09362230878
840.0,36.0,1.40744,1.0,NORMAL,CENTAUR,134932.5010623088
841.0,36.0,2.738277441867472,1.0,NORMAL,CENTAUR,134935.23933975067
842.0,36.0,3.458925793132793,1.0,NORMAL,CENTAUR,134938.6982655438
843.0,36.0,2.9194482502648724,1.0,NORMAL,CENTAUR,134941.61771379405
844.0,36.0,5.233202537647343,1.0,NORMAL,CENTAUR,134946.8509163317
845.0,36.0,2.5760673973048176,1.0,NORMAL,CENTAUR,134949.426983729
846.0,36.0,506.64174987035904,1.0,NORMAL,CENTAUR,135456.06873359936
847.0,36.0,3.4615164420334055,1.0,NORMAL,CENTAUR,135459.5302500414
848.0,36.0,2.1714712864413555,1.0,NORMAL,CENTAUR,135461.70172132785
849.0,36.0,3.764974243854604,1.0,NORMAL,CENTAUR,135465.4666955717
850.0,36.0,5.715332096324846,1.0,NORMAL,CENTAUR,135471.18202766802
851.0,36.0,3.5364763150518894,1.0,NORMAL,CENTAUR,135474.71850398308
852.0,36.0,5.42270858835765,1.0,NORMAL,CENTAUR,135480.14121257144
853.0,36.0,517.371924045827,1.0,NORMAL,CENTAUR,135997.51313661726
854.0,36.0,8.009042784508976,1.0,NORMAL,CENTAUR,136005.52217940177
855.0,36.0,8.107675353120602,1.0,NORMAL,CENTAUR,136013.6298547549
856.0,36.0,12.840427226224598,1.0,NORMAL,CENTAUR,136026.4702819811
857.0,36.0,5.288066053948796,1.0,NORMAL,CENTAUR,136031.75834803504
858.0,36.0,16.735410145028652,1.0,NORMAL,CENTAUR,136048.49375818006
859.0,36.0,1019.8636463404604,1.0,NORMAL,CENTAUR,137068.35740452053
860.0,36.0,25.485888044475416,1.0,NORMAL,CENTAUR,137093.843292565
861.0,36.0,535.9368311163329,1.0,NORMAL,CENTAUR,137629.78012368132
862.0,36.0,9.399800143812529,1.0,NORMAL,CENTAUR,137639.17992382514
863.0,36.0,32.836216780658404,1.0,NORMAL,CENTAUR,137672.0161406058
864.0,37.0,11.42624,1.0,NORMAL,CENTAUR,137683.4423806058
865.0,37.0,9.7061403477887,1.0,NORMAL,CENTAUR,137693.14852095357
866.0,37.0,14.536357371652942,1.0,NORMAL,CENTAUR,137707.68487832524
867.0,37.0,18.358949295327353,1.0,NORMAL,CENTAUR,137726.04382762057
868.0,37.0,0.0,1.0,NORMAL,CENTAUR,137726.04382762057
869.0,37.0,0.0,1.0,NORMAL,CENTAUR,137726.04382762057
870.0,37.0,0.0,1.0,NORMAL,CENTAUR,137726.04382762057
871.0,37.0,0.0,1.0,NORMAL,CENTAUR,137726.04382762057
872.0,37.0,502.97460832282843,1.0,NORMAL,CENTAUR,138229.0184359434
873.0,37.0,1280.443832522094,1.0,NORMAL,CENTAUR,139509.4622684655
874.0,37.0,730.2648049075293,1.0,NORMAL,CENTAUR,140239.727073373
875.0,37.0,262.0950718968377,1.0,NORMAL,CENTAUR,140501.82214526983
876.0,37.0,-355.63268875976263,1.0,NORMAL,CENTAUR,140146.18945651007
877.0,37.0,-36.31944565538873,1.0,NORMAL,CENTAUR,140109.87001085468
878.0,37.0,1144.510562634444,1.0,NORMAL,CENTAUR,141254.38057348912
879.0,37.0,0.0,1.0,NORMAL,CENTAUR,141254.38057348912
880.0,37.0,0.0,1.0,NORMAL,CENTAUR,141254.38057348912
881.0,37.0,0.0,1.0,NORMAL,CENTAUR,141254.38057348912
882.0,37.0,0.0,1.0,NORMAL,CENTAUR,141254.38057348912
883.0,37.0,0.0,1.0,NORMAL,CENTAUR,141254.38057348912
884.0,37.0,0.0,1.0,NORMAL,CENTAUR,141254.38057348912
885.0,37.0,0.0,1.0,NORMAL,CENTAUR,141254.38057348912
886.0,37.0,0.0,1.0,NORMAL,CENTAUR,141254.38057348912
887.0,37.0,0.0,1.0,NORMAL,CENTAUR,141254.38057348912
