hour,day,opti_function,volatility,event,source,cumulative_f
168.0,8.0,1386.599,1.0,NORMAL,IB,1386.599
169.0,8.0,-165.8557060168439,1.0,NORMAL,IB,1220.743293983156
170.0,8.0,191.88896468619183,1.0,NORMAL,IB,1412.632258669348
171.0,8.0,-533.3996639131516,1.0,NORMAL,IB,879.2325947561964
172.0,8.0,-560.3500011461107,1.0,NORMAL,IB,318.8825936100857
173.0,8.0,0.0,1.0,NORMAL,IB,318.8825936100857
174.0,8.0,0.0,1.0,NORMAL,IB,318.8825936100857
175.0,8.0,0.0,1.0,NORMAL,IB,318.8825936100857
176.0,8.0,0.0,1.0,NORMAL,IB,318.8825936100857
177.0,8.0,0.0,1.0,NORMAL,IB,318.8825936100857
178.0,8.0,0.0,1.0,NORMAL,IB,318.8825936100857
179.0,8.0,0.0,1.0,NORMAL,IB,318.8825936100857
180.0,8.0,0.0,1.0,NORMAL,IB,318.8825936100857
181.0,8.0,0.0,1.0,NORMAL,IB,318.8825936100857
182.0,8.0,0.0,1.0,NORMAL,IB,318.8825936100857
183.0,8.0,0.0,1.0,NORMAL,IB,318.8825936100857
184.0,8.0,0.0,1.0,NORMAL,IB,318.8825936100857
185.0,8.0,0.0,1.0,NORMAL,IB,318.8825936100857
186.0,8.0,0.0,1.0,NORMAL,IB,318.8825936100857
187.0,8.0,0.0,1.0,NORMAL,IB,318.8825936100857
188.0,8.0,0.0,1.0,NORMAL,IB,318.8825936100857
189.0,8.0,0.0,1.0,NORMAL,IB,318.8825936100857
190.0,8.0,0.0,1.0,NORMAL,IB,318.8825936100857
191.0,8.0,0.0,1.0,NORMAL,IB,318.8825936100857
192.0,9.0,1.2,1.0,NORMAL,IB,320.08259361008567
193.0,9.0,1.2638203577849871,1.0,NORMAL,IB,321.34641396787066
194.0,9.0,2.4561920747440915,1.0,NORMAL,IB,323.80260604261474
195.0,9.0,506.2165657283699,1.0,NORMAL,IB,830.0191717709847
196.0,9.0,3.9254416514625836,1.0,NORMAL,IB,833.9446134224473
197.0,9.0,3.530112941747369,1.0,NORMAL,IB,837.4747263641947
198.0,9.0,4.432471526294506,1.0,NORMAL,IB,841.9071978904892
199.0,9.0,510.6719052722153,1.0,NORMAL,IB,1352.5791031627045
200.0,9.0,12.210191891191688,1.0,NORMAL,IB,1364.7892950538962
201.0,9.0,7.584038617679251,1.0,NORMAL,IB,1372.3733336715754
202.0,9.0,22.731350671495868,1.0,NORMAL,IB,1395.1046843430713
203.0,9.0,551.0739008684704,1.0,NORMAL,IB,1946.1785852115418
204.0,9.0,296.90326651124053,1.0,NORMAL,IB,2243.081851722782
205.0,9.0,-637.2201124414543,1.0,NORMAL,IB,1605.861739281328
206.0,9.0,58.44965458316801,1.0,NORMAL,IB,1664.311393864496
207.0,9.0,292.40118712830406,1.0,NORMAL,IB,1956.7125809928002
208.0,9.0,182.4622100792169,1.0,NORMAL,IB,2139.174791072017
209.0,9.0,521.841989905042,1.0,NORMAL,IB,2661.016780977059
210.0,9.0,582.5541092478245,1.0,NORMAL,IB,3243.5708902248834
211.0,9.0,544.4548405099503,1.0,NORMAL,IB,3788.025730734834
212.0,9.0,547.5045676578387,1.0,NORMAL,IB,4335.530298392672
213.0,9.0,47.88270840142752,1.0,NORMAL,IB,4383.4130067941
214.0,9.0,542.501474780177,1.0,NORMAL,IB,4925.914481574277
215.0,9.0,20.916477501497702,1.0,NORMAL,IB,4946.830959075774
216.0,10.0,7.5976799999999995,1.0,NORMAL,IB,4954.428639075774
217.0,10.0,509.03179234904195,1.0,NORMAL,IB,5463.460431424816
218.0,10.0,10.074875240941353,1.0,NORMAL,IB,5473.535306665758
219.0,10.0,11.1095989079871,1.0,NORMAL,IB,5484.644905573745
220.0,10.0,6.69562582489973,1.0,NORMAL,IB,5491.340531398645
221.0,10.0,9.291834146619877,1.0,NORMAL,IB,5500.632365545265
222.0,10.0,507.77682833871097,1.0,NORMAL,IB,6008.4091938839765
223.0,10.0,515.7970864070736,1.0,NORMAL,IB,6524.2062802910505
224.0,10.0,5.704266880085733,1.0,NORMAL,IB,6529.910547171136
225.0,10.0,15.173348199299902,1.0,NORMAL,IB,6545.083895370436
226.0,10.0,10.983182661236977,1.0,NORMAL,IB,6556.067078031673
227.0,10.0,12.109668506931587,1.0,NORMAL,IB,6568.176746538605
228.0,10.0,506.3122942570025,1.0,NORMAL,IB,7074.489040795607
229.0,10.0,13.084147338607591,1.0,NORMAL,IB,7087.573188134214
230.0,10.0,4.850829562773087,1.0,NORMAL,IB,7092.424017696988
231.0,10.0,30.701564477603903,1.0,NORMAL,IB,7123.125582174592
232.0,10.0,43.65647383810064,1.0,NORMAL,IB,7166.782056012692
233.0,10.0,72.34272799286029,1.0,NORMAL,IB,7239.124784005552
234.0,10.0,38.48875953354264,1.0,NORMAL,IB,7277.613543539095
235.0,10.0,1037.6508795167979,1.0,NORMAL,IB,8315.264423055893
236.0,10.0,267.29745720037363,1.0,NORMAL,IB,8582.561880256266
237.0,10.0,-408.88481659808883,1.0,NORMAL,IB,8173.677063658177
238.0,10.0,545.6497260259765,1.0,NORMAL,IB,8719.326789684153
239.0,10.0,1333.8676539139874,1.0,NORMAL,IB,10053.19444359814
240.0,11.0,313.53639999999996,1.0,NORMAL,IB,10366.73084359814
241.0,11.0,345.65384805556147,1.0,NORMAL,IB,10712.3846916537
242.0,11.0,1214.3272696178562,1.0,NORMAL,IB,11926.711961271556
243.0,11.0,227.0671385578177,1.0,NORMAL,IB,12153.779099829373
244.0,11.0,464.450502456047,1.0,NORMAL,IB,12618.22960228542
245.0,11.0,40.95741868609833,1.0,NORMAL,IB,12659.18702097152
246.0,11.0,3.3567931053152598,1.0,NORMAL,IB,12662.543814076835
247.0,11.0,0.0,1.0,NORMAL,IB,12662.543814076835
248.0,11.0,0.0,1.0,NORMAL,IB,12662.543814076835
249.0,11.0,0.0,1.0,NORMAL,IB,12662.543814076835
250.0,11.0,0.0,1.0,NORMAL,IB,12662.543814076835
251.0,11.0,0.0,1.0,NORMAL,IB,12662.543814076835
252.0,11.0,0.0,1.0,NORMAL,IB,12662.543814076835
253.0,11.0,0.0,1.0,NORMAL,IB,12662.543814076835
254.0,11.0,0.0,1.0,NORMAL,IB,12662.543814076835
255.0,11.0,0.0,1.0,NORMAL,IB,12662.543814076835
256.0,11.0,0.0,1.0,NORMAL,IB,12662.543814076835
257.0,11.0,0.0,1.0,NORMAL,IB,12662.543814076835
258.0,11.0,0.0,1.0,NORMAL,IB,12662.543814076835
259.0,11.0,0.0,1.0,NORMAL,IB,12662.543814076835
260.0,11.0,0.0,1.0,NORMAL,IB,12662.543814076835
261.0,11.0,0.0,1.0,NORMAL,IB,12662.543814076835
262.0,11.0,0.0,1.0,NORMAL,IB,12662.543814076835
263.0,11.0,0.0,1.0,NORMAL,IB,12662.543814076835
264.0,12.0,1.6,1.0,NORMAL,IB,12664.143814076835
265.0,12.0,504.17018762076,1.0,NORMAL,IB,13168.314001697596
266.0,12.0,2.43898613618338,1.0,NORMAL,IB,13170.75298783378
267.0,12.0,3.793155146871342,1.0,NORMAL,IB,13174.546142980651
268.0,12.0,4.343010507136916,1.0,NORMAL,IB,13178.889153487788
269.0,12.0,1.8803404129059673,1.0,NORMAL,IB,13180.769493900694
270.0,12.0,5.016978030972536,1.0,NORMAL,IB,13185.786471931668
271.0,12.0,17.854592900546255,1.0,NORMAL,IB,13203.641064832214
272.0,12.0,9.602919875806453,1.0,NORMAL,IB,13213.24398470802
273.0,12.0,1040.560941164453,1.0,NORMAL,IB,14253.804925872473
274.0,12.0,46.56426983398359,1.0,NORMAL,IB,14300.369195706457
275.0,12.0,1002.8570223870206,1.0,NORMAL,IB,15303.226218093478
276.0,12.0,-209.9089473182879,1.0,NORMAL,IB,15093.31727077519
277.0,12.0,-444.8816000805393,1.0,NORMAL,IB,14648.43567069465
278.0,12.0,1721.1372775002146,1.0,NORMAL,IB,16369.572948194864
279.0,12.0,154.05044063678292,1.0,NORMAL,IB,16523.623388831646
280.0,12.0,55.57244607967442,1.0,NORMAL,IB,16579.19583491132
281.0,12.0,3.8016155274813817,1.0,NORMAL,IB,16582.9974504388
282.0,12.0,0.0,1.0,NORMAL,IB,16582.9974504388
283.0,12.0,0.0,1.0,NORMAL,IB,16582.9974504388
284.0,12.0,0.0,1.0,NORMAL,IB,16582.9974504388
285.0,12.0,0.0,1.0,NORMAL,IB,16582.9974504388
286.0,12.0,0.0,1.0,NORMAL,IB,16582.9974504388
287.0,12.0,0.0,1.0,NORMAL,IB,16582.9974504388
288.0,13.0,-88.73634,0.0,CRASH,IB,16494.2611104388
289.0,13.0,-125.04444647285136,0.0,CRASH,IB,16369.21666396595
290.0,13.0,-332.34262909834024,0.0,CRASH,IB,16036.87403486761
291.0,13.0,-85.05740106904679,0.0,CRASH,IB,15951.816633798562
292.0,13.0,-60.534541168763994,0.0,CRASH,IB,15891.282092629799
293.0,13.0,-18.295976196391525,0.0,CRASH,IB,15872.986116433407
294.0,13.0,-11.492947060175002,0.0,CRASH,IB,15861.493169373232
295.0,13.0,-4.550758950473707,0.0,CRASH,IB,15856.942410422758
296.0,13.0,-5.800882351938907,0.0,CRASH,IB,15851.141528070819
297.0,13.0,-4.664974243854604,0.0,CRASH,IB,15846.476553826964
298.0,13.0,-4.5538281373477645,0.0,CRASH,IB,15841.922725689616
299.0,13.0,-2.089688736072847,0.0,CRASH,IB,15839.833036953543
300.0,13.0,0.0,0.0,CRASH,IB,15839.833036953543
301.0,13.0,-7.275477033157315,0.0,CRASH,IB,15832.557559920386
302.0,13.0,-15.136014605246045,0.0,CRASH,IB,15817.42154531514
303.0,13.0,-7.87298382972889,0.0,CRASH,IB,15809.54856148541
304.0,13.0,-10.802206613371624,0.0,CRASH,IB,15798.746354872039
305.0,13.0,-14.090111011864916,0.0,CRASH,IB,15784.656243860174
306.0,13.0,-6.651000049838024,0.0,CRASH,IB,15778.005243810336
307.0,13.0,-5.545277815992274,0.0,CRASH,IB,15772.459965994343
308.0,13.0,-12.004879454464126,0.0,CRASH,IB,15760.45508653988
309.0,13.0,-7.496625881901294,0.0,CRASH,IB,15752.95846065798
310.0,13.0,-13.004700068310644,0.0,CRASH,IB,15739.95376058967
311.0,13.0,-11.086045606557189,0.0,CRASH,IB,15728.867714983113
312.0,14.0,0.0,0.0,CRASH,IB,15728.867714983113
313.0,14.0,-7.99782833632994,0.0,CRASH,IB,15720.869886646782
314.0,14.0,-5.9345202476061445,0.0,CRASH,IB,15714.935366399175
315.0,14.0,-4.069389895120527,0.0,CRASH,IB,15710.865976504054
316.0,14.0,-12.262875423206804,0.0,CRASH,IB,15698.603101080847
317.0,14.0,-10.634346407783537,0.0,CRASH,IB,15687.968754673064
318.0,14.0,-3.273496915549846,0.0,CRASH,IB,15684.695257757514
319.0,14.0,-14.395486915221928,0.0,CRASH,IB,15670.299770842292
320.0,14.0,-24.580689328774895,0.0,CRASH,IB,15645.719081513516
321.0,14.0,-18.97245024975667,0.0,CRASH,IB,15626.746631263759
322.0,14.0,-28.745838004908215,0.0,CRASH,IB,15598.00079325885
323.0,14.0,-33.57592411904108,0.0,CRASH,IB,15564.42486913981
324.0,14.0,0.0,0.0,CRASH,IB,15564.42486913981
325.0,14.0,-7.275477033157315,0.0,CRASH,IB,15557.149392106652
326.0,14.0,-13.326882459554012,0.0,CRASH,IB,15543.822509647098
327.0,14.0,-11.764993385955364,0.0,CRASH,IB,15532.057516261142
328.0,14.0,-19.078738060506414,0.0,CRASH,IB,15512.978778200635
329.0,14.0,-31.195026820467998,0.0,CRASH,IB,15481.783751380168
330.0,14.0,-29.717555022682937,0.0,CRASH,IB,15452.066196357486
331.0,14.0,-24.276855301266227,0.0,CRASH,IB,15427.78934105622
332.0,14.0,-11.052172220957852,0.0,CRASH,IB,15416.737168835261
333.0,14.0,-49.58868088360068,0.0,CRASH,IB,15367.148487951661
334.0,14.0,-57.69197063104241,0.0,CRASH,IB,15309.45651732062
335.0,14.0,-39.665886341406335,0.0,CRASH,IB,15269.790630979212
336.0,15.0,0.0,0.0,CRASH,IB,15269.790630979212
337.0,15.0,-6.855281431139948,0.0,CRASH,IB,15262.935349548072
338.0,15.0,-9.139161181313463,0.0,CRASH,IB,15253.796188366758
339.0,15.0,-7.460548141054298,0.0,CRASH,IB,15246.335640225703
340.0,15.0,-7.0169858929348505,0.0,CRASH,IB,15239.318654332768
341.0,15.0,-10.060150293203492,0.0,CRASH,IB,15229.258504039564
342.0,15.0,-6.4221547385144575,0.0,CRASH,IB,15222.83634930105
343.0,15.0,-9.57426050056984,0.0,CRASH,IB,15213.262088800479
344.0,15.0,-8.957821058810625,0.0,CRASH,IB,15204.304267741667
345.0,15.0,-27.476698296303617,0.0,CRASH,IB,15176.827569445364
346.0,15.0,-20.051137172010236,0.0,CRASH,IB,15156.776432273355
347.0,15.0,-29.489698204650804,0.0,CRASH,IB,15127.286734068704
348.0,15.0,0.0,0.0,CRASH,IB,15127.286734068704
349.0,15.0,-4.459503647473777,0.0,CRASH,IB,15122.827230421231
350.0,15.0,-20.23079712137186,0.0,CRASH,IB,15102.59643329986
351.0,15.0,-11.907888042464945,0.0,CRASH,IB,15090.688545257395
352.0,15.0,-16.42323655606671,0.0,CRASH,IB,15074.265308701328
353.0,15.0,-31.194600699648678,0.0,CRASH,IB,15043.070708001678
354.0,15.0,-28.564271614041022,0.0,CRASH,IB,15014.506436387637
355.0,15.0,-6.15296053222308,0.0,CRASH,IB,15008.353475855414
356.0,15.0,-28.914952654022294,0.0,CRASH,IB,14979.438523201392
357.0,15.0,-69.77209663297293,0.0,CRASH,IB,14909.66642656842
358.0,15.0,-34.45673311299314,0.0,CRASH,IB,14875.209693455427
359.0,15.0,-84.26564235004669,0.0,CRASH,IB,14790.94405110538
360.0,16.0,0.0,0.0,CRASH,IB,14790.94405110538
361.0,16.0,-6.855281431139948,0.0,CRASH,IB,14784.08876967424
362.0,16.0,-6.506370618665474,0.0,CRASH,IB,14777.582399055575
363.0,16.0,-7.6931199393027025,0.0,CRASH,IB,14769.889279116273
364.0,16.0,-6.821962838096699,0.0,CRASH,IB,14763.067316278175
365.0,16.0,-13.647544385686441,0.0,CRASH,IB,14749.419771892488
366.0,16.0,-1.7876072281938868,0.0,CRASH,IB,14747.632164664294
367.0,16.0,-17.84078203870272,0.0,CRASH,IB,14729.791382625592
368.0,16.0,-4.1144297814118325,0.0,CRASH,IB,14725.67695284418
369.0,16.0,-14.215420514156673,0.0,CRASH,IB,14711.461532330024
370.0,16.0,-21.350475437587804,0.0,CRASH,IB,14690.111056892436
371.0,16.0,-21.369707180959953,0.0,CRASH,IB,14668.741349711476
372.0,16.0,0.0,0.0,CRASH,IB,14668.741349711476
373.0,16.0,-1.8188692582893287,0.0,CRASH,IB,14666.922480453186
374.0,16.0,-14.568414057549319,0.0,CRASH,IB,14652.354066395637
375.0,16.0,-12.275556387313284,0.0,CRASH,IB,14640.078510008325
376.0,16.0,-7.382081218002106,0.0,CRASH,IB,14632.696428790323
377.0,16.0,-36.323817001887164,0.0,CRASH,IB,14596.372611788436
378.0,16.0,-33.21110364886119,0.0,CRASH,IB,14563.161508139576
379.0,16.0,-53.13232532778552,0.0,CRASH,IB,14510.02918281179
380.0,16.0,-22.67097475216641,0.0,CRASH,IB,14487.358208059622
381.0,16.0,-15.748411877639443,0.0,CRASH,IB,14471.609796181983
382.0,16.0,-20.917279777873574,0.0,CRASH,IB,14450.69251640411
383.0,16.0,-34.408759409978,0.0,CRASH,IB,14416.283756994131
384.0,17.0,0.0,0.0,CRASH,IB,14416.283756994131
385.0,17.0,-0.8148644527815019,0.0,CRASH,IB,14415.46889254135
386.0,17.0,-6.980894857664062,0.0,CRASH,IB,14408.487997683686
387.0,17.0,-7.460548141054298,0.0,CRASH,IB,14401.027449542631
388.0,17.0,-10.032283216490287,0.0,CRASH,IB,14390.99516632614
389.0,17.0,-15.92302286572908,0.0,CRASH,IB,14375.072143460411
390.0,17.0,-11.145279875503045,0.0,CRASH,IB,14363.926863584908
391.0,17.0,-21.040354593664,0.0,CRASH,IB,14342.886508991243
392.0,17.0,-9.663151878481225,0.0,CRASH,IB,14333.223357112762
393.0,17.0,-38.622565758003965,0.0,CRASH,IB,14294.600791354758
394.0,17.0,-37.009474151889094,0.0,CRASH,IB,14257.591317202869
395.0,17.0,-60.943650015256146,0.0,CRASH,IB,14196.647667187612
396.0,17.0,0.0,0.0,CRASH,IB,14196.647667187612
397.0,17.0,-14.55095406631463,0.0,CRASH,IB,14182.096713121296
398.0,17.0,-5.6760054769672665,0.0,CRASH,IB,14176.420707644329
399.0,17.0,-1.9682459574322224,0.0,CRASH,IB,14174.452461686897
400.0,17.0,-8.200355740807554,0.0,CRASH,IB,14166.252105946089
401.0,17.0,-10.65302048317374,0.0,CRASH,IB,14155.599085462914
402.0,17.0,-13.959118904600047,0.0,CRASH,IB,14141.639966558314
403.0,17.0,-7.613336991502125,0.0,CRASH,IB,14134.026629566812
404.0,17.0,-26.926464421184853,0.0,CRASH,IB,14107.100165145626
405.0,17.0,-23.125591520489117,0.0,CRASH,IB,14083.974573625137
406.0,17.0,-24.396817328150767,0.0,CRASH,IB,14059.577756296987
407.0,17.0,-20.821124924731052,0.0,CRASH,IB,14038.756631372256
408.0,18.0,0.0,0.0,CRASH,IB,14038.756631372256
409.0,18.0,-2.285093810379983,0.0,CRASH,IB,14036.471537561876
410.0,18.0,-5.238994474586705,0.0,CRASH,IB,14031.23254308729
411.0,18.0,-10.762426438986031,0.0,CRASH,IB,14020.470116648305
412.0,18.0,-8.527453547620873,0.0,CRASH,IB,14011.942663100685
413.0,18.0,-3.8992603495206306,0.0,CRASH,IB,14008.043402751164
414.0,18.0,-17.946103968023266,0.0,CRASH,IB,13990.097298783141
415.0,18.0,-25.73325282850379,0.0,CRASH,IB,13964.364045954637
416.0,18.0,-16.91597477269371,0.0,CRASH,IB,13947.448071181943
417.0,18.0,-22.97810813381316,0.0,CRASH,IB,13924.46996304813
418.0,18.0,-68.37242131143128,0.0,CRASH,IB,13856.097541736699
419.0,18.0,-24.52105464567489,0.0,CRASH,IB,13831.576487091024
420.0,18.0,0.0,0.0,CRASH,IB,13831.576487091024
421.0,18.0,-5.668687930384522,0.0,CRASH,IB,13825.90779916064
422.0,18.0,-4.162404016442663,0.0,CRASH,IB,13821.745395144197
423.0,18.0,-19.05262086794391,0.0,CRASH,IB,13802.692774276253
424.0,18.0,-3.2816985741942233,0.0,CRASH,IB,13799.411075702059
425.0,18.0,-21.57747992825875,0.0,CRASH,IB,13777.8335957738
426.0,18.0,-39.27548549430351,0.0,CRASH,IB,13738.558110279497
427.0,18.0,-36.783953028033295,0.0,CRASH,IB,13701.774157251464
428.0,18.0,-21.819588701255817,0.0,CRASH,IB,13679.954568550209
429.0,18.0,-16.755458621108186,0.0,CRASH,IB,13663.1991099291
430.0,18.0,-69.07836582285248,0.0,CRASH,IB,13594.120744106249
431.0,18.0,-17.345973967278475,0.0,CRASH,IB,13576.77477013897
432.0,19.0,0.0,0.0,CRASH,IB,13576.77477013897
433.0,19.0,0.4212734525949957,1.0,NORMAL,IB,13577.196043591566
434.0,19.0,2.2172601238030722,1.0,NORMAL,IB,13579.41330371537
435.0,19.0,2.799445359200479,1.0,NORMAL,IB,13582.21274907457
436.0,19.0,1.4720406192984687,1.0,NORMAL,IB,13583.684789693869
437.0,19.0,2.1917875905305415,1.0,NORMAL,IB,13585.8765772844
438.0,19.0,1.626038125031612,1.0,NORMAL,IB,13587.502615409432
439.0,19.0,505.1538283887594,1.0,NORMAL,IB,14092.65644379819
440.0,19.0,1.7934186376291341,1.0,NORMAL,IB,14094.44986243582
441.0,19.0,3.764974243854604,1.0,NORMAL,IB,14098.214836679675
442.0,19.0,5.92603558374696,1.0,NORMAL,IB,14104.140872263422
443.0,19.0,2.386568938235798,1.0,NORMAL,IB,14106.527441201659
444.0,19.0,-61.59744303296242,1.0,NORMAL,IB,14044.929998168696
445.0,19.0,-385.4034840129233,1.0,NORMAL,IB,13659.526514155774
446.0,19.0,-284.2675206375578,1.0,NORMAL,IB,13375.258993518217
447.0,19.0,921.8105438387381,1.0,NORMAL,IB,14297.069537356954
448.0,19.0,572.3565666645443,1.0,NORMAL,IB,14869.426104021499
449.0,19.0,534.5954019943662,1.0,NORMAL,IB,15404.021506015864
450.0,19.0,60.482309024138196,1.0,NORMAL,IB,15464.503815040003
451.0,19.0,534.4464319477186,1.0,NORMAL,IB,15998.950246987722
452.0,19.0,45.98889156852032,1.0,NORMAL,IB,16044.939138556243
453.0,19.0,31.585524272660983,1.0,NORMAL,IB,16076.524662828904
454.0,19.0,23.290114818288068,1.0,NORMAL,IB,16099.814777647192
455.0,19.0,5.873927341994612,1.0,NORMAL,IB,16105.688704989187
456.0,20.0,504.647,1.0,NORMAL,IB,16610.335704989186
457.0,20.0,5.008688587282942,1.0,NORMAL,IB,16615.34439357647
458.0,20.0,6.485485862123987,1.0,NORMAL,IB,16621.829879438596
459.0,20.0,4.962390158564076,1.0,NORMAL,IB,16626.79226959716
460.0,20.0,2.7227844654957347,1.0,NORMAL,IB,16629.515054062656
461.0,20.0,5.488856751471713,1.0,NORMAL,IB,16635.003910814128
462.0,20.0,2.6927191350523496,1.0,NORMAL,IB,16637.69662994918
463.0,20.0,2.3537173149102806,1.0,NORMAL,IB,16640.05034726409
464.0,20.0,0.0,1.0,NORMAL,IB,16640.05034726409
465.0,20.0,3.764974243854604,1.0,NORMAL,IB,16643.815321507944
466.0,20.0,1.9404474294780327,1.0,NORMAL,IB,16645.755768937423
467.0,20.0,2.0721540908507166,1.0,NORMAL,IB,16647.82792302827
468.0,20.0,1.0349664757881718,1.3,HOLIDAY,IB,16648.86288950406
469.0,20.0,3.207699986581233,1.3,HOLIDAY,IB,16652.070589490642
470.0,20.0,2.842360059525786,1.3,HOLIDAY,IB,16654.91294955017
471.0,20.0,5.6408400558655725,1.3,HOLIDAY,IB,16660.553789606034
472.0,20.0,6.390239974308211,1.3,HOLIDAY,IB,16666.944029580343
473.0,20.0,30.322309317067628,1.3,HOLIDAY,IB,16697.26633889741
474.0,20.0,10.959105694971342,1.3,HOLIDAY,IB,16708.225444592383
475.0,20.0,621.1287399051661,1.3,HOLIDAY,IB,17329.354184497548
476.0,20.0,21.054719792993357,1.3,HOLIDAY,IB,17350.40890429054
477.0,20.0,29.97198958194793,1.3,HOLIDAY,IB,17380.380893872487
478.0,20.0,653.7174404594475,1.3,HOLIDAY,IB,18034.098334331935
479.0,20.0,88.60289778999184,1.3,HOLIDAY,IB,18122.701232121926
480.0,21.0,-167.33302000000006,1.3,HOLIDAY,IB,17955.368212121924
481.0,21.0,3446.4272111122264,1.3,HOLIDAY,IB,21401.79542323415
482.0,21.0,432.2505285262013,1.3,HOLIDAY,IB,21834.045951760352
483.0,21.0,2075.939939095043,1.3,HOLIDAY,IB,23909.985890855394
484.0,21.0,1698.5183240543756,1.3,HOLIDAY,IB,25608.50421490977
485.0,21.0,10.624382405439562,1.3,HOLIDAY,IB,25619.12859731521
486.0,21.0,0.0,1.3,HOLIDAY,IB,25619.12859731521
487.0,21.0,0.0,1.3,HOLIDAY,IB,25619.12859731521
488.0,21.0,0.0,1.3,HOLIDAY,IB,25619.12859731521
489.0,21.0,0.0,1.3,HOLIDAY,IB,25619.12859731521
490.0,21.0,0.0,1.3,HOLIDAY,IB,25619.12859731521
491.0,21.0,0.0,1.3,HOLIDAY,IB,25619.12859731521
492.0,21.0,0.0,1.3,HOLIDAY,IB,25619.12859731521
493.0,21.0,0.0,1.3,HOLIDAY,IB,25619.12859731521
494.0,21.0,0.0,1.3,HOLIDAY,IB,25619.12859731521
495.0,21.0,0.0,1.3,HOLIDAY,IB,25619.12859731521
496.0,21.0,0.0,1.3,HOLIDAY,IB,25619.12859731521
497.0,21.0,0.0,1.3,HOLIDAY,IB,25619.12859731521
498.0,21.0,0.0,1.3,HOLIDAY,IB,25619.12859731521
499.0,21.0,0.0,1.3,HOLIDAY,IB,25619.12859731521
500.0,21.0,0.0,1.3,HOLIDAY,IB,25619.12859731521
501.0,21.0,0.0,1.3,HOLIDAY,IB,25619.12859731521
502.0,21.0,0.0,1.3,HOLIDAY,IB,25619.12859731521
503.0,21.0,0.0,1.3,HOLIDAY,IB,25619.12859731521
504.0,22.0,1226.8107,1.3,HOLIDAY,IB,26845.939297315213
505.0,22.0,626.5655547099083,1.3,HOLIDAY,IB,27472.504852025122
506.0,22.0,641.8015689117518,1.3,HOLIDAY,IB,28114.306420936875
507.0,22.0,32.64852886884009,1.3,HOLIDAY,IB,28146.954949805717
508.0,22.0,1254.0618877577228,1.3,HOLIDAY,IB,29401.01683756344
509.0,22.0,665.5309991383594,1.3,HOLIDAY,IB,30066.547836701797
510.0,22.0,-90.18519136962583,1.3,HOLIDAY,IB,29976.36264533217
511.0,22.0,743.9459246644478,1.3,HOLIDAY,IB,30720.308569996618
512.0,22.0,407.5687633255827,1.3,HOLIDAY,IB,31127.8773333222
513.0,22.0,2207.1705698172154,1.3,HOLIDAY,IB,33335.04790313942
514.0,22.0,0.0,1.3,HOLIDAY,IB,33335.04790313942
515.0,22.0,0.0,1.3,HOLIDAY,IB,33335.04790313942
516.0,22.0,0.0,1.3,HOLIDAY,IB,33335.04790313942
517.0,22.0,0.0,1.3,HOLIDAY,IB,33335.04790313942
518.0,22.0,0.0,1.3,HOLIDAY,IB,33335.04790313942
519.0,22.0,0.0,1.3,HOLIDAY,IB,33335.04790313942
520.0,22.0,0.0,1.3,HOLIDAY,IB,33335.04790313942
521.0,22.0,0.0,1.3,HOLIDAY,IB,33335.04790313942
522.0,22.0,0.0,1.3,HOLIDAY,IB,33335.04790313942
523.0,22.0,0.0,1.3,HOLIDAY,IB,33335.04790313942
524.0,22.0,0.0,1.3,HOLIDAY,IB,33335.04790313942
525.0,22.0,0.0,1.3,HOLIDAY,IB,33335.04790313942
526.0,22.0,0.0,1.3,HOLIDAY,IB,33335.04790313942
527.0,22.0,0.0,1.3,HOLIDAY,IB,33335.04790313942
528.0,23.0,494.5577695121951,1.3,HOLIDAY,IB,33829.60567265162
529.0,23.0,-252.76542102687938,1.3,HOLIDAY,IB,33576.84025162474
530.0,23.0,215.05603553451692,1.3,HOLIDAY,IB,33791.89628715925
531.0,23.0,389.7334738197442,1.3,HOLIDAY,IB,34181.629760979
532.0,23.0,661.4360575908714,1.3,HOLIDAY,IB,34843.06581856987
533.0,23.0,47.80626488527616,1.3,HOLIDAY,IB,34890.87208345515
534.0,23.0,618.4755849156365,1.3,HOLIDAY,IB,35509.347668370785
535.0,23.0,625.0496139544573,1.3,HOLIDAY,IB,36134.39728232524
536.0,23.0,15.212494251825367,1.3,HOLIDAY,IB,36149.60977657707
537.0,23.0,606.9838132910259,1.3,HOLIDAY,IB,36756.59358986809
538.0,23.0,6.895008246529408,1.3,HOLIDAY,IB,36763.48859811462
539.0,23.0,607.7416039472944,1.3,HOLIDAY,IB,37371.23020206192
540.0,23.0,5.520642146256979,1.3,HOLIDAY,IB,37376.750844208174
541.0,23.0,4.6431833225904775,1.3,HOLIDAY,IB,37381.39402753076
542.0,23.0,2.7301239308170553,1.3,HOLIDAY,IB,37384.124151461576
543.0,23.0,4.458387321237614,1.3,HOLIDAY,IB,37388.582538782815
544.0,23.0,602.8672592818366,1.3,HOLIDAY,IB,37991.449798064656
545.0,23.0,6.546972491204512,1.3,HOLIDAY,IB,37997.99677055586
546.0,23.0,2.664054923086634,1.3,HOLIDAY,IB,38000.660825478946
547.0,23.0,9.390286196497525,1.3,HOLIDAY,IB,38010.05111167544
548.0,23.0,4.423604738274843,1.3,HOLIDAY,IB,38014.474716413715
549.0,23.0,8.943045708093583,1.3,HOLIDAY,IB,38023.41776212181
550.0,23.0,10.487454488270616,1.3,HOLIDAY,IB,38033.90521661008
551.0,23.0,5.970943437028376,1.3,HOLIDAY,IB,38039.87616004711
552.0,24.0,3.7608800000000002,1.3,HOLIDAY,IB,38043.63704004711
553.0,24.0,3.621856381340216,1.3,HOLIDAY,IB,38047.25889642845
554.0,24.0,604.463262788954,1.3,HOLIDAY,IB,38651.7221592174
555.0,24.0,4.394662639718218,1.3,HOLIDAY,IB,38656.11682185712
556.0,24.0,4.270487972626144,1.3,HOLIDAY,IB,38660.38730982975
557.0,24.0,14.729109715974237,1.3,HOLIDAY,IB,38675.116419545724
558.0,24.0,21.45232098354206,1.3,HOLIDAY,IB,38696.56874052926
559.0,24.0,31.286756949377523,1.3,HOLIDAY,IB,38727.85549747864
560.0,24.0,45.776532480513616,1.3,HOLIDAY,IB,38773.63202995915
561.0,24.0,1235.8242166141636,1.3,HOLIDAY,IB,40009.45624657332
562.0,24.0,673.633507669636,1.3,HOLIDAY,IB,40683.08975424295
563.0,24.0,610.2173421001122,1.3,HOLIDAY,IB,41293.307096343065
564.0,24.0,911.9342268198409,1.3,HOLIDAY,IB,42205.2413231629
565.0,24.0,1083.841221941769,1.3,HOLIDAY,IB,43289.08254510467
566.0,24.0,2623.6394757713965,1.3,HOLIDAY,IB,45912.72202087606
567.0,24.0,2131.348099567204,1.3,HOLIDAY,IB,48044.07012044327
568.0,24.0,94.31002770419941,1.3,HOLIDAY,IB,48138.380148147466
569.0,24.0,0.0,1.3,HOLIDAY,IB,48138.380148147466
570.0,24.0,0.0,1.3,HOLIDAY,IB,48138.380148147466
571.0,24.0,0.0,1.3,HOLIDAY,IB,48138.380148147466
572.0,24.0,0.0,1.3,HOLIDAY,IB,48138.380148147466
573.0,24.0,0.0,1.3,HOLIDAY,IB,48138.380148147466
574.0,24.0,0.0,1.3,HOLIDAY,IB,48138.380148147466
575.0,24.0,0.0,1.3,HOLIDAY,IB,48138.380148147466
576.0,25.0,-2617.6307105839414,1.3,HOLIDAY,IB,45520.74943756352
577.0,25.0,-517.603923675608,1.3,HOLIDAY,IB,45003.14551388791
578.0,25.0,0.0,1.3,HOLIDAY,IB,45003.14551388791
579.0,25.0,0.0,1.3,HOLIDAY,IB,45003.14551388791
580.0,25.0,0.0,1.3,HOLIDAY,IB,45003.14551388791
581.0,25.0,0.0,1.3,HOLIDAY,IB,45003.14551388791
582.0,25.0,0.0,1.3,HOLIDAY,IB,45003.14551388791
583.0,25.0,0.0,1.3,HOLIDAY,IB,45003.14551388791
584.0,25.0,0.0,1.3,HOLIDAY,IB,45003.14551388791
585.0,25.0,0.0,1.3,HOLIDAY,IB,45003.14551388791
586.0,25.0,0.0,1.3,HOLIDAY,IB,45003.14551388791
587.0,25.0,0.0,1.3,HOLIDAY,IB,45003.14551388791
588.0,25.0,0.0,1.3,HOLIDAY,IB,45003.14551388791
589.0,25.0,0.0,1.3,HOLIDAY,IB,45003.14551388791
590.0,25.0,0.0,1.3,HOLIDAY,IB,45003.14551388791
591.0,25.0,0.0,1.3,HOLIDAY,IB,45003.14551388791
592.0,25.0,0.0,1.3,HOLIDAY,IB,45003.14551388791
593.0,25.0,0.0,1.3,HOLIDAY,IB,45003.14551388791
594.0,25.0,0.0,1.3,HOLIDAY,IB,45003.14551388791
595.0,25.0,0.0,1.3,HOLIDAY,IB,45003.14551388791
596.0,25.0,0.0,1.3,HOLIDAY,IB,45003.14551388791
597.0,25.0,0.0,1.3,HOLIDAY,IB,45003.14551388791
598.0,25.0,0.0,1.3,HOLIDAY,IB,45003.14551388791
599.0,25.0,0.0,1.3,HOLIDAY,IB,45003.14551388791
600.0,26.0,1.6,1.3,HOLIDAY,IB,45004.74551388791
601.0,26.0,1.0453479452692223,1.3,HOLIDAY,IB,45005.79086183318
602.0,26.0,2.411492110648221,1.3,HOLIDAY,IB,45008.20235394382
603.0,26.0,3.0564344431750827,1.3,HOLIDAY,IB,45011.258788387
604.0,26.0,1.7811691493511472,1.3,HOLIDAY,IB,45013.03995753635
605.0,26.0,8.238546407783538,1.3,HOLIDAY,IB,45021.27850394413
606.0,26.0,4.761473240259235,1.3,HOLIDAY,IB,45026.03997718439
607.0,26.0,2.7363059742929203,1.3,HOLIDAY,IB,45028.77628315868
608.0,26.0,610.6294029131832,1.3,HOLIDAY,IB,45639.40568607186
609.0,26.0,6.1576153758242045,1.3,HOLIDAY,IB,45645.563301447684
610.0,26.0,627.4094149726571,1.3,HOLIDAY,IB,46272.97271642034
611.0,26.0,23.136981860408817,1.3,HOLIDAY,IB,46296.10969828075
612.0,26.0,377.25670736426775,1.3,HOLIDAY,IB,46673.36640564502
613.0,26.0,934.2982213751905,1.3,HOLIDAY,IB,47607.66462702021
614.0,26.0,41.57371364645422,1.3,HOLIDAY,IB,47649.23834066666
615.0,26.0,-434.7522331909412,1.3,HOLIDAY,IB,47214.48610747572
616.0,26.0,-573.2672420051451,1.3,HOLIDAY,IB,46641.218865470575
617.0,26.0,615.2506490073656,1.3,HOLIDAY,IB,47256.46951447794
618.0,26.0,0.0,1.3,HOLIDAY,IB,47256.46951447794
619.0,26.0,0.0,1.3,HOLIDAY,IB,47256.46951447794
620.0,26.0,0.0,1.3,HOLIDAY,IB,47256.46951447794
621.0,26.0,0.0,1.3,HOLIDAY,IB,47256.46951447794
622.0,26.0,0.0,1.3,HOLIDAY,IB,47256.46951447794
623.0,26.0,0.0,1.3,HOLIDAY,IB,47256.46951447794
624.0,27.0,2.0886400000000003,1.3,HOLIDAY,IB,47258.55815447794
625.0,27.0,2.9489141681649698,1.0,NORMAL,IB,47261.507068646104
626.0,27.0,1.773808099042458,1.0,NORMAL,IB,47263.28087674515
627.0,27.0,3.0153759112401426,1.0,NORMAL,IB,47266.29625265639
628.0,27.0,1.9842126187730493,1.0,NORMAL,IB,47268.280465275166
629.0,27.0,2.0632472846940995,1.0,NORMAL,IB,47270.34371255986
630.0,27.0,1.626038125031612,1.0,NORMAL,IB,47271.96975068489
631.0,27.0,3.985298535235829,1.0,NORMAL,IB,47275.95504922012
632.0,27.0,7.243617877384073,1.0,NORMAL,IB,47283.19866709751
633.0,27.0,4.392469951163704,1.0,NORMAL,IB,47287.59113704867
634.0,27.0,1.3168967963882134,1.0,NORMAL,IB,47288.90803384506
635.0,27.0,0.7108869967678524,1.0,NORMAL,IB,47289.61892084183
636.0,27.0,4.346163812100384,1.0,NORMAL,IB,47293.96508465393
637.0,27.0,2.278303887433993,1.0,NORMAL,IB,47296.24338854136
638.0,27.0,4.577801249673125,1.0,NORMAL,IB,47300.82118979104
639.0,27.0,4.581170223704626,1.0,NORMAL,IB,47305.40236001474
640.0,27.0,10.486404246328053,1.0,NORMAL,IB,47315.88876426107
641.0,27.0,4.159681688783138,1.0,NORMAL,IB,47320.048445949855
642.0,27.0,6.3261000548218265,1.0,NORMAL,IB,47326.37454600468
643.0,27.0,6.592227378360222,1.0,NORMAL,IB,47332.966773383036
644.0,27.0,11.1855956431134,1.0,NORMAL,IB,47344.152369026146
645.0,27.0,12.628140813253045,1.0,NORMAL,IB,47356.7805098394
646.0,27.0,16.675602561013548,1.0,NORMAL,IB,47373.45611240042
647.0,27.0,16.345647237462792,1.0,NORMAL,IB,47389.80175963788
648.0,28.0,-84.83416886792455,1.0,NORMAL,IB,47304.96759076996
649.0,28.0,351.5323093351194,1.0,NORMAL,IB,47656.499900105075
650.0,28.0,-29.03523507550006,1.0,NORMAL,IB,47627.464665029576
651.0,28.0,-58.92606622044113,1.0,NORMAL,IB,47568.53859880914
652.0,28.0,23.33439535295418,1.0,NORMAL,IB,47591.87299416209
653.0,28.0,532.4929412571283,1.0,NORMAL,IB,48124.36593541922
654.0,28.0,31.72075174311669,1.0,NORMAL,IB,48156.08668716234
655.0,28.0,11.815726962939621,1.0,NORMAL,IB,48167.902414125274
656.0,28.0,11.546029189056366,1.0,NORMAL,IB,48179.44844331433
657.0,28.0,4.918813350454578,1.0,NORMAL,IB,48184.36725666479
658.0,28.0,6.732239802495824,1.0,NORMAL,IB,48191.09949646729
659.0,28.0,2.6114667288961293,1.0,NORMAL,IB,48193.71096319618
660.0,28.0,4.602297732760167,1.0,NORMAL,IB,48198.31326092894
661.0,28.0,3.377357682732151,1.0,NORMAL,IB,48201.69061861167
662.0,28.0,0.36504601862286473,1.0,NORMAL,IB,48202.055664630294
663.0,28.0,1.6682459574322224,1.0,NORMAL,IB,48203.72391058772
664.0,28.0,3.0398338176063975,1.0,NORMAL,IB,48206.76374440533
665.0,28.0,504.2991949933951,1.0,NORMAL,IB,48711.062939398726
666.0,28.0,4.7303892409934365,1.0,NORMAL,IB,48715.79332863972
667.0,28.0,3.0106077234100566,1.0,NORMAL,IB,48718.803936363125
668.0,28.0,4.20195178178565,1.0,NORMAL,IB,48723.00588814491
669.0,28.0,4.397750587934196,1.0,NORMAL,IB,48727.403638732845
670.0,28.0,6.740833864024572,1.0,NORMAL,IB,48734.14447259687
671.0,28.0,11.117370433633328,1.0,NORMAL,IB,48745.2618430305
672.0,29.0,1.6,1.0,NORMAL,IB,48746.8618430305
673.0,29.0,1.2638203577849871,1.0,NORMAL,IB,48748.12566338829
674.0,29.0,2.318721947068301,1.0,NORMAL,IB,48750.44438533536
675.0,29.0,503.80409267179067,1.0,NORMAL,IB,49254.248478007146
676.0,29.0,2.7702823094784317,1.0,NORMAL,IB,49257.01876031663
677.0,29.0,510.8194442109261,1.0,NORMAL,IB,49767.83820452755
678.0,29.0,8.710469430711008,1.0,NORMAL,IB,49776.54867395826
679.0,29.0,510.672440734905,1.0,NORMAL,IB,50287.221114693166
680.0,29.0,16.908709599295005,1.0,NORMAL,IB,50304.12982429246
681.0,29.0,13.80867053504407,1.0,NORMAL,IB,50317.938494827504
682.0,29.0,539.2230072229286,1.0,NORMAL,IB,50857.16150205043
683.0,29.0,533.6879091058074,1.0,NORMAL,IB,51390.84941115624
684.0,29.0,-142.8184542442615,1.0,NORMAL,IB,51248.03095691198
685.0,29.0,-879.5409328830491,1.0,NORMAL,IB,50368.49002402893
686.0,29.0,665.3701806858073,1.0,NORMAL,IB,51033.860204714736
687.0,29.0,0.0,1.0,NORMAL,IB,51033.860204714736
688.0,29.0,0.0,1.0,NORMAL,IB,51033.860204714736
689.0,29.0,0.0,1.0,NORMAL,IB,51033.860204714736
690.0,29.0,0.0,1.0,NORMAL,IB,51033.860204714736
691.0,29.0,0.0,1.0,NORMAL,IB,51033.860204714736
692.0,29.0,0.0,1.0,NORMAL,IB,51033.860204714736
693.0,29.0,0.0,1.0,NORMAL,IB,51033.860204714736
694.0,29.0,0.0,1.0,NORMAL,IB,51033.860204714736
695.0,29.0,0.0,1.0,NORMAL,IB,51033.860204714736
696.0,30.0,12.64256,1.0,NORMAL,IB,51046.502764714736
697.0,30.0,24.34592769325745,1.0,NORMAL,IB,51070.84869240799
698.0,30.0,13.43757194470109,1.0,NORMAL,IB,51084.28626435269
699.0,30.0,12.467423222044637,1.0,NORMAL,IB,51096.75368757473
700.0,30.0,503.66068151134675,1.0,NORMAL,IB,51600.41436908608
701.0,30.0,9.459369826137037,1.0,NORMAL,IB,51609.87373891222
702.0,30.0,4.312795120292179,1.0,NORMAL,IB,51614.18653403251
703.0,30.0,2.815101019618154,1.0,NORMAL,IB,51617.001635052125
704.0,30.0,3.5868372752582682,1.0,NORMAL,IB,51620.588472327385
705.0,30.0,3.137478536545503,1.0,NORMAL,IB,51623.72595086393
706.0,30.0,2.633793592776427,1.0,NORMAL,IB,51626.359744456706
707.0,30.0,2.7628721211342886,1.0,NORMAL,IB,51629.12261657784
708.0,30.0,4.346163812100384,1.0,NORMAL,IB,51633.46878038994
709.0,30.0,3.571621060867357,1.0,NORMAL,IB,51637.04040145081
710.0,30.0,1.6636419078102642,1.0,NORMAL,IB,51638.70404335862
711.0,30.0,0.8341229787161112,1.0,NORMAL,IB,51639.53816633734
712.0,30.0,505.843202123164,1.0,NORMAL,IB,52145.381368460505
713.0,30.0,7.752608349248158,1.0,NORMAL,IB,52153.13397680975
714.0,30.0,5.268107745653292,1.0,NORMAL,IB,52158.402084555404
715.0,30.0,9.430026218446542,1.0,NORMAL,IB,52167.83211077385
716.0,30.0,35.81848747588633,1.0,NORMAL,IB,52203.65059824974
717.0,30.0,515.8604038935929,1.0,NORMAL,IB,52719.511002143336
718.0,30.0,39.389331905879246,1.0,NORMAL,IB,52758.90033404921
719.0,30.0,1563.5066360178255,1.0,NORMAL,IB,54322.40697006704
720.0,31.0,1770.0086,1.0,NORMAL,IB,56092.41557006704
721.0,31.0,653.627092222058,1.0,NORMAL,IB,56746.042662289095
722.0,31.0,89.70675129326605,1.0,NORMAL,IB,56835.74941358236
723.0,31.0,512.4657661321882,1.0,NORMAL,IB,57348.21517971455
724.0,31.0,0.0,1.0,NORMAL,IB,57348.21517971455
725.0,31.0,0.0,1.0,NORMAL,IB,57348.21517971455
726.0,31.0,0.0,1.0,NORMAL,IB,57348.21517971455
727.0,31.0,0.0,1.0,NORMAL,IB,57348.21517971455
728.0,31.0,0.0,1.0,NORMAL,IB,57348.21517971455
729.0,31.0,0.0,1.0,NORMAL,IB,57348.21517971455
730.0,31.0,0.0,1.0,NORMAL,IB,57348.21517971455
731.0,31.0,0.0,1.0,NORMAL,IB,57348.21517971455
732.0,31.0,0.0,1.0,NORMAL,IB,57348.21517971455
733.0,31.0,0.0,1.0,NORMAL,IB,57348.21517971455
734.0,31.0,0.0,1.0,NORMAL,IB,57348.21517971455
735.0,31.0,0.0,1.0,NORMAL,IB,57348.21517971455
736.0,31.0,0.0,1.0,NORMAL,IB,57348.21517971455
737.0,31.0,0.0,1.0,NORMAL,IB,57348.21517971455
738.0,31.0,0.0,1.0,NORMAL,IB,57348.21517971455
739.0,31.0,0.0,1.0,NORMAL,IB,57348.21517971455
740.0,31.0,0.0,1.0,NORMAL,IB,57348.21517971455
741.0,31.0,0.0,1.0,NORMAL,IB,57348.21517971455
742.0,31.0,0.0,1.0,NORMAL,IB,57348.21517971455
743.0,31.0,0.0,1.0,NORMAL,IB,57348.21517971455
744.0,32.0,-34.061616129032245,1.0,NORMAL,IB,57314.15356358552
745.0,32.0,315.03286622057004,1.0,NORMAL,IB,57629.18642980609
746.0,32.0,517.9373949100587,1.0,NORMAL,IB,58147.123824716145
747.0,32.0,-309.0214016920816,1.0,NORMAL,IB,57838.102423024066
748.0,32.0,-45.828726267093195,1.0,NORMAL,IB,57792.27369675697
749.0,32.0,0.0,1.0,NORMAL,IB,57792.27369675697
750.0,32.0,0.0,1.0,NORMAL,IB,57792.27369675697
751.0,32.0,0.0,1.0,NORMAL,IB,57792.27369675697
752.0,32.0,0.0,1.0,NORMAL,IB,57792.27369675697
753.0,32.0,0.0,1.0,NORMAL,IB,57792.27369675697
754.0,32.0,0.0,1.0,NORMAL,IB,57792.27369675697
755.0,32.0,0.0,1.0,NORMAL,IB,57792.27369675697
756.0,32.0,0.0,1.0,NORMAL,IB,57792.27369675697
757.0,32.0,0.0,1.0,NORMAL,IB,57792.27369675697
758.0,32.0,0.0,1.0,NORMAL,IB,57792.27369675697
759.0,32.0,0.0,1.0,NORMAL,IB,57792.27369675697
760.0,32.0,0.0,1.0,NORMAL,IB,57792.27369675697
761.0,32.0,0.0,1.0,NORMAL,IB,57792.27369675697
762.0,32.0,0.0,1.0,NORMAL,IB,57792.27369675697
763.0,32.0,0.0,1.0,NORMAL,IB,57792.27369675697
764.0,32.0,0.0,1.0,NORMAL,IB,57792.27369675697
765.0,32.0,0.0,1.0,NORMAL,IB,57792.27369675697
766.0,32.0,0.0,1.0,NORMAL,IB,57792.27369675697
767.0,32.0,0.0,1.0,NORMAL,IB,57792.27369675697
768.0,33.0,0.77904,1.0,NORMAL,IB,57793.052736756974
769.0,33.0,1.2638203577849871,1.0,NORMAL,IB,57794.31655711476
770.0,33.0,1.9604127110617247,1.0,NORMAL,IB,57796.27696982583
771.0,33.0,2.3328711326670657,1.0,NORMAL,IB,57798.609840958496
772.0,33.0,1.5674288514290096,1.0,NORMAL,IB,57800.17726980992
773.0,33.0,3.7688306525864763,1.0,NORMAL,IB,57803.94610046251
774.0,33.0,507.66871339862587,1.0,NORMAL,IB,58311.61481386114
775.0,33.0,506.4678538293844,1.0,NORMAL,IB,58818.08266769052
776.0,33.0,509.51877454529966,1.0,NORMAL,IB,59327.60144223582
777.0,33.0,14.795846781782746,1.0,NORMAL,IB,59342.3972890176
778.0,33.0,524.6843098779458,1.0,NORMAL,IB,59867.081598895544
779.0,33.0,545.7792529376916,1.0,NORMAL,IB,60412.86085183323
780.0,33.0,-243.55675066922657,1.0,NORMAL,IB,60169.30410116401
781.0,33.0,150.3182570524284,1.0,NORMAL,IB,60319.62235821644
782.0,33.0,-737.0923944235411,1.0,NORMAL,IB,59582.5299637929
783.0,33.0,0.0,1.0,NORMAL,IB,59582.5299637929
784.0,33.0,0.0,1.0,NORMAL,IB,59582.5299637929
785.0,33.0,0.0,1.0,NORMAL,IB,59582.5299637929
786.0,33.0,0.0,1.0,NORMAL,IB,59582.5299637929
787.0,33.0,0.0,1.0,NORMAL,IB,59582.5299637929
788.0,33.0,0.0,1.0,NORMAL,IB,59582.5299637929
789.0,33.0,0.0,1.0,NORMAL,IB,59582.5299637929
790.0,33.0,0.0,1.0,NORMAL,IB,59582.5299637929
791.0,33.0,0.0,1.0,NORMAL,IB,59582.5299637929
792.0,34.0,-81.7801,1.0,NORMAL,IB,59500.749863792895
793.0,34.0,488.12518224050496,1.0,NORMAL,IB,59988.8750460334
794.0,34.0,427.67653502161784,1.0,NORMAL,IB,60416.55158105501
795.0,34.0,20.340676665105374,1.0,NORMAL,IB,60436.892257720116
796.0,34.0,16.264674938670066,1.0,NORMAL,IB,60453.156932658785
797.0,34.0,508.44746023812996,1.0,NORMAL,IB,60961.604392896916
798.0,34.0,511.82844213852746,1.0,NORMAL,IB,61473.43283503544
799.0,34.0,0.9559023200944224,1.0,NORMAL,IB,61474.38873735553
800.0,34.0,7.686831403363486,1.0,NORMAL,IB,61482.0755687589
801.0,34.0,2.98211059941577,1.0,NORMAL,IB,61485.05767935831
802.0,34.0,5.267587185552854,1.0,NORMAL,IB,61490.32526654386
803.0,34.0,1.7530423608597063,1.0,NORMAL,IB,61492.078308904725
804.0,34.0,3.766385559566193,1.0,NORMAL,IB,61495.84469446429
805.0,34.0,3.0377385165786572,1.0,NORMAL,IB,61498.88243298087
806.0,34.0,4.1455727540075875,1.0,NORMAL,IB,61503.02800573488
807.0,34.0,3.6701411063508895,1.0,NORMAL,IB,61506.69814684123
808.0,34.0,13.735441828648696,1.0,NORMAL,IB,61520.433588669875
809.0,34.0,6.1050646622768845,1.0,NORMAL,IB,61526.53865333215
810.0,34.0,5.837073350583934,1.0,NORMAL,IB,61532.37572668274
811.0,34.0,12.973110094537056,1.0,NORMAL,IB,61545.34883677727
812.0,34.0,12.53925440961565,1.0,NORMAL,IB,61557.88809118689
813.0,34.0,525.4609427075786,1.0,NORMAL,IB,62083.34903389447
814.0,34.0,520.981386150617,1.0,NORMAL,IB,62604.33042004509
815.0,34.0,31.690078744788064,1.0,NORMAL,IB,62636.020498789876
816.0,35.0,887.623,1.0,NORMAL,IB,63523.643498789876
817.0,35.0,1612.1633768565575,1.0,NORMAL,IB,65135.806875646434
818.0,35.0,311.74523449629083,1.0,NORMAL,IB,65447.55211014272
819.0,35.0,-167.8288633722173,1.0,NORMAL,IB,65279.7232467705
820.0,35.0,0.0,1.0,NORMAL,IB,65279.7232467705
821.0,35.0,0.0,1.0,NORMAL,IB,65279.7232467705
822.0,35.0,0.0,1.0,NORMAL,IB,65279.7232467705
823.0,35.0,0.0,1.0,NORMAL,IB,65279.7232467705
824.0,35.0,0.0,1.0,NORMAL,IB,65279.7232467705
825.0,35.0,0.0,1.0,NORMAL,IB,65279.7232467705
826.0,35.0,0.0,1.0,NORMAL,IB,65279.7232467705
827.0,35.0,0.0,1.0,NORMAL,IB,65279.7232467705
828.0,35.0,0.0,1.0,NORMAL,IB,65279.7232467705
829.0,35.0,0.0,1.0,NORMAL,IB,65279.7232467705
830.0,35.0,0.0,1.0,NORMAL,IB,65279.7232467705
831.0,35.0,0.0,1.0,NORMAL,IB,65279.7232467705
832.0,35.0,0.0,1.0,NORMAL,IB,65279.7232467705
833.0,35.0,0.0,1.0,NORMAL,IB,65279.7232467705
834.0,35.0,0.0,1.0,NORMAL,IB,65279.7232467705
835.0,35.0,0.0,1.0,NORMAL,IB,65279.7232467705
836.0,35.0,0.0,1.0,NORMAL,IB,65279.7232467705
837.0,35.0,0.0,1.0,NORMAL,IB,65279.7232467705
838.0,35.0,0.0,1.0,NORMAL,IB,65279.7232467705
839.0,35.0,0.0,1.0,NORMAL,IB,65279.7232467705
840.0,36.0,-9.411760000000003,1.0,NORMAL,IB,65270.3114867705
841.0,36.0,526.0795193427086,1.0,NORMAL,IB,65796.3910061132
842.0,36.0,12.654258288163943,1.0,NORMAL,IB,65809.04526440137
843.0,36.0,11.945233347708445,1.0,NORMAL,IB,65820.99049774908
844.0,36.0,14.965844432242385,1.0,NORMAL,IB,65835.95634218132
845.0,36.0,8.429190456889273,1.0,NORMAL,IB,65844.38553263822
846.0,36.0,9.573678870019457,1.0,NORMAL,IB,65853.95921150823
847.0,36.0,5.409871963073985,1.0,NORMAL,IB,65859.3690834713
848.0,36.0,8.591670886668638,1.0,NORMAL,IB,65867.96075435798
849.0,36.0,2.028944620013246,1.0,NORMAL,IB,65869.989698978
850.0,36.0,1.0994771353045194,1.0,NORMAL,IB,65871.0891761133
851.0,36.0,3.6989331957745852,1.0,NORMAL,IB,65874.78810930907
852.0,36.0,95.46053144861975,1.0,NORMAL,IB,65970.2486407577
853.0,36.0,65.91321073546072,1.0,NORMAL,IB,66036.16185149316
854.0,36.0,-174.80040502758197,1.0,NORMAL,IB,65861.36144646558
855.0,36.0,-112.828484333867,1.0,NORMAL,IB,65748.53296213172
856.0,36.0,527.8249389636989,1.0,NORMAL,IB,66276.35790109543
857.0,36.0,529.5859016879683,1.0,NORMAL,IB,66805.9438027834
858.0,36.0,45.06943719057062,1.0,NORMAL,IB,66851.01323997397
859.0,36.0,20.29149605578378,1.0,NORMAL,IB,66871.30473602975
860.0,36.0,15.066308211181536,1.0,NORMAL,IB,66886.37104424094
861.0,36.0,10.635520021860062,1.0,NORMAL,IB,66897.00656426279
862.0,36.0,506.2523500341553,1.0,NORMAL,IB,67403.25891429694
863.0,36.0,0.5394865235004068,1.0,NORMAL,IB,67403.79840082044
864.0,37.0,2.0,1.0,NORMAL,IB,67405.79840082044
865.0,37.0,1.2638203577849871,1.0,NORMAL,IB,67407.06222117822
866.0,37.0,1.3303560742818434,1.0,NORMAL,IB,67408.3925772525
867.0,37.0,2.3328711326670657,1.0,NORMAL,IB,67410.72544838516
868.0,37.0,501.7720406192985,1.0,NORMAL,IB,67912.49748900445
869.0,37.0,503.0790591058676,1.0,NORMAL,IB,68415.57654811032
870.0,37.0,1.7436548827422318,1.0,NORMAL,IB,68417.32020299305
871.0,37.0,4.822211227635352,1.0,NORMAL,IB,68422.1424142207
872.0,37.0,4.0313659749052775,1.0,NORMAL,IB,68426.1737801956
873.0,37.0,6.640536072169288,1.0,NORMAL,IB,68432.81431626777
874.0,37.0,5.174745961407485,1.0,NORMAL,IB,68437.98906222919
875.0,37.0,20.80207863083823,1.0,NORMAL,IB,68458.79114086002
876.0,37.0,9.983283148521652,1.0,NORMAL,IB,68468.77442400854
877.0,37.0,14.465255155170077,1.0,NORMAL,IB,68483.23967916371
878.0,37.0,26.418792696209564,1.0,NORMAL,IB,68509.65847185992
879.0,37.0,16.046190566157577,1.0,NORMAL,IB,68525.70466242607
880.0,37.0,1045.4260271724977,1.0,NORMAL,IB,69571.13068959856
881.0,37.0,918.0318227936032,1.0,NORMAL,IB,70489.16251239217
882.0,37.0,436.34265630046355,1.0,NORMAL,IB,70925.50516869263
883.0,37.0,-244.19267716938475,1.0,NORMAL,IB,70681.31249152325
884.0,37.0,-275.13107216688627,1.0,NORMAL,IB,70406.18141935636
885.0,37.0,-320.64861914167966,1.0,NORMAL,IB,70085.53280021469
886.0,37.0,-643.0121106036305,1.0,NORMAL,IB,69442.52068961106
887.0,37.0,0.0,1.0,NORMAL,IB,69442.52068961106
168.0,8.0,3.1120799999999997,1.0,NORMAL,MAS,3.1120799999999997
169.0,8.0,2.4116220067253127,1.0,NORMAL,MAS,5.523702006725312
170.0,8.0,0.5148478007470735,1.0,NORMAL,MAS,6.038549807472386
171.0,8.0,1.940948782378999,1.0,NORMAL,MAS,7.979498589851385
172.0,8.0,2.3663543635429316,1.0,NORMAL,MAS,10.345852953394317
173.0,8.0,3.8555902009078635,1.0,NORMAL,MAS,14.201443154302181
174.0,8.0,3.0352711667256758,1.0,NORMAL,MAS,17.236714321027858
175.0,8.0,5.192388528722544,1.0,NORMAL,MAS,22.4291028497504
176.0,8.0,4.160731239299592,1.0,NORMAL,MAS,26.589834089049994
177.0,8.0,4.517969092625525,1.0,NORMAL,MAS,31.107803181675518
178.0,8.0,4.9778698903474465,1.0,NORMAL,MAS,36.08567307202296
179.0,8.0,508.22346751494916,1.0,NORMAL,MAS,544.3091405869721
180.0,8.0,6.403348016494566,1.0,NORMAL,MAS,550.7124886034667
181.0,8.0,5.110387506440275,1.0,NORMAL,MAS,555.8228761099069
182.0,8.0,7.879453835900596,1.0,NORMAL,MAS,563.7023299458075
183.0,8.0,5.319869533655614,1.0,NORMAL,MAS,569.0221994794631
184.0,8.0,8.389123397062445,1.0,NORMAL,MAS,577.4113228765256
185.0,8.0,510.11240840124105,1.0,NORMAL,MAS,1087.5237312777667
186.0,8.0,8.147250070603869,1.0,NORMAL,MAS,1095.6709813483706
187.0,8.0,10.5973391864034,1.0,NORMAL,MAS,1106.268320534774
188.0,8.0,12.50353781947047,1.0,NORMAL,MAS,1118.7718583542444
189.0,8.0,522.4381199496506,1.0,NORMAL,MAS,1641.209978303895
190.0,8.0,21.10261114729948,1.0,NORMAL,MAS,1662.3125894511945
191.0,8.0,15.613091462803386,1.0,NORMAL,MAS,1677.925680913998
192.0,9.0,7.76784,1.0,NORMAL,MAS,1685.6935209139979
193.0,9.0,510.78514773419045,1.0,NORMAL,MAS,2196.4786686481884
194.0,9.0,8.88323096000463,1.0,NORMAL,MAS,2205.361899608193
195.0,9.0,516.677452302547,1.0,NORMAL,MAS,2722.03935191074
196.0,9.0,516.6752566357225,1.0,NORMAL,MAS,3238.714608546463
197.0,9.0,12.069996615460482,1.0,NORMAL,MAS,3250.7846051619235
198.0,9.0,27.805251938040566,1.0,NORMAL,MAS,3278.5898570999643
199.0,9.0,15.209037867184277,1.0,NORMAL,MAS,3293.7988949671485
200.0,9.0,0.0,1.0,NORMAL,MAS,3293.7988949671485
201.0,9.0,0.012549914146182013,1.0,NORMAL,MAS,3293.811444881295
202.0,9.0,0.0,1.0,NORMAL,MAS,3293.811444881295
203.0,9.0,0.0,1.0,NORMAL,MAS,3293.811444881295
204.0,9.0,-18.378151679331438,1.0,NORMAL,MAS,3275.4332932019634
205.0,9.0,-155.85127040126022,1.0,NORMAL,MAS,3119.5820228007033
206.0,9.0,-125.32915047261585,1.0,NORMAL,MAS,2994.2528723280875
207.0,9.0,-62.24348008218456,1.0,NORMAL,MAS,2932.0093922459027
208.0,9.0,-436.2920748409361,1.0,NORMAL,MAS,2495.7173174049667
209.0,9.0,-53.95914985721737,1.0,NORMAL,MAS,2441.7581675477495
210.0,9.0,-334.48865781276174,1.0,NORMAL,MAS,2107.269509734988
211.0,9.0,-64.9646587443489,1.0,NORMAL,MAS,2042.304850990639
212.0,9.0,555.3663119842522,1.0,NORMAL,MAS,2597.671162974891
213.0,9.0,0.0,1.0,NORMAL,MAS,2597.671162974891
214.0,9.0,0.0,1.0,NORMAL,MAS,2597.671162974891
215.0,9.0,0.0,1.0,NORMAL,MAS,2597.671162974891
216.0,10.0,-49.570220000000006,1.0,NORMAL,MAS,2548.100942974891
217.0,10.0,-61.73554527597128,1.0,NORMAL,MAS,2486.36539769892
218.0,10.0,533.3676282490869,1.0,NORMAL,MAS,3019.733025948007
219.0,10.0,18.15906889668044,1.0,NORMAL,MAS,3037.892094844687
220.0,10.0,531.9854513143787,1.0,NORMAL,MAS,3569.877546159066
221.0,10.0,15.639723905073978,1.0,NORMAL,MAS,3585.5172700641397
222.0,10.0,41.82549466477147,1.0,NORMAL,MAS,3627.3427647289113
223.0,10.0,41.32891219846477,1.0,NORMAL,MAS,3668.671676927376
224.0,10.0,35.014227236101185,1.0,NORMAL,MAS,3703.6859041634775
225.0,10.0,18.76563562450304,1.0,NORMAL,MAS,3722.4515397879804
226.0,10.0,23.00803068841703,1.0,NORMAL,MAS,3745.4595704763974
227.0,10.0,15.63246860498386,1.0,NORMAL,MAS,3761.0920390813812
228.0,10.0,29.4090417952126,1.0,NORMAL,MAS,3790.5010808765937
229.0,10.0,41.73184419305428,1.0,NORMAL,MAS,3832.232925069648
230.0,10.0,570.0653001811318,1.0,NORMAL,MAS,4402.29822525078
231.0,10.0,37.66632452528769,1.0,NORMAL,MAS,4439.9645497760675
232.0,10.0,54.401892269312995,1.0,NORMAL,MAS,4494.366442045381
233.0,10.0,499.3485822057996,1.0,NORMAL,MAS,4993.71502425118
234.0,10.0,1222.9380462258196,1.0,NORMAL,MAS,6216.653070476999
235.0,10.0,1049.050184737225,1.0,NORMAL,MAS,7265.703255214225
236.0,10.0,-56.00424255744344,1.0,NORMAL,MAS,7209.699012656781
237.0,10.0,71.21881942366208,1.0,NORMAL,MAS,7280.917832080443
238.0,10.0,442.97756731249797,1.0,NORMAL,MAS,7723.895399392941
239.0,10.0,556.3588542082583,1.0,NORMAL,MAS,8280.254253601199
240.0,11.0,349.61839999999995,1.0,NORMAL,MAS,8629.872653601198
241.0,11.0,-333.3993799417576,1.0,NORMAL,MAS,8296.473273659441
242.0,11.0,1269.1394060735918,1.0,NORMAL,MAS,9565.612679733033
243.0,11.0,148.55330901034426,1.0,NORMAL,MAS,9714.165988743376
244.0,11.0,15.458002848315536,1.0,NORMAL,MAS,9729.623991591692
245.0,11.0,82.40721645760411,1.0,NORMAL,MAS,9812.031208049297
246.0,11.0,0.0,1.0,NORMAL,MAS,9812.031208049297
247.0,11.0,0.0,1.0,NORMAL,MAS,9812.031208049297
248.0,11.0,0.0,1.0,NORMAL,MAS,9812.031208049297
249.0,11.0,0.0,1.0,NORMAL,MAS,9812.031208049297
250.0,11.0,0.0,1.0,NORMAL,MAS,9812.031208049297
251.0,11.0,0.0,1.0,NORMAL,MAS,9812.031208049297
252.0,11.0,0.0,1.0,NORMAL,MAS,9812.031208049297
253.0,11.0,0.0,1.0,NORMAL,MAS,9812.031208049297
254.0,11.0,0.0,1.0,NORMAL,MAS,9812.031208049297
255.0,11.0,0.0,1.0,NORMAL,MAS,9812.031208049297
256.0,11.0,0.0,1.0,NORMAL,MAS,9812.031208049297
257.0,11.0,0.0,1.0,NORMAL,MAS,9812.031208049297
258.0,11.0,0.0,1.0,NORMAL,MAS,9812.031208049297
259.0,11.0,0.0,1.0,NORMAL,MAS,9812.031208049297
260.0,11.0,0.0,1.0,NORMAL,MAS,9812.031208049297
261.0,11.0,0.0,1.0,NORMAL,MAS,9812.031208049297
262.0,11.0,0.0,1.0,NORMAL,MAS,9812.031208049297
263.0,11.0,0.0,1.0,NORMAL,MAS,9812.031208049297
264.0,12.0,284.7591666666667,1.0,NORMAL,MAS,10096.790374715963
265.0,12.0,-5.944294367400886,1.0,NORMAL,MAS,10090.846080348563
266.0,12.0,-43.425971914325174,1.0,NORMAL,MAS,10047.420108434239
267.0,12.0,523.6941341536274,1.0,NORMAL,MAS,10571.114242587866
268.0,12.0,19.31317292519591,1.0,NORMAL,MAS,10590.427415513062
269.0,12.0,519.9289021568176,1.0,NORMAL,MAS,11110.35631766988
270.0,12.0,20.35463684660405,1.0,NORMAL,MAS,11130.710954516484
271.0,12.0,13.89741918640195,1.0,NORMAL,MAS,11144.608373702886
272.0,12.0,516.7410688451201,1.0,NORMAL,MAS,11661.349442548006
273.0,12.0,19.017135903992525,1.0,NORMAL,MAS,11680.366578451998
274.0,12.0,10.137734917955743,1.0,NORMAL,MAS,11690.504313369955
275.0,12.0,10.648799872881831,1.0,NORMAL,MAS,11701.153113242837
276.0,12.0,14.648020768048996,1.0,NORMAL,MAS,11715.801134010886
277.0,12.0,13.396426858111877,1.0,NORMAL,MAS,11729.197560868997
278.0,12.0,18.76970152448136,1.0,NORMAL,MAS,11747.967262393478
279.0,12.0,522.3528155822936,1.0,NORMAL,MAS,12270.320077975772
280.0,12.0,32.74746750064557,1.0,NORMAL,MAS,12303.067545476417
281.0,12.0,33.554973091314935,1.0,NORMAL,MAS,12336.622518567732
282.0,12.0,35.640864308862845,1.0,NORMAL,MAS,12372.263382876596
283.0,12.0,48.457136258555785,1.0,NORMAL,MAS,12420.720519135151
284.0,12.0,26.22837292431694,1.0,NORMAL,MAS,12446.948892059469
285.0,12.0,13.406542667317396,1.0,NORMAL,MAS,12460.355434726785
286.0,12.0,14.406645613541322,1.0,NORMAL,MAS,12474.762080340326
287.0,12.0,17.251291280929344,1.0,NORMAL,MAS,12492.013371621255
288.0,13.0,-38.02611999999999,0.0,CRASH,MAS,12453.987251621254
289.0,13.0,-0.02285093810379983,0.0,CRASH,MAS,12453.964400683151
290.0,13.0,0.0,0.0,CRASH,MAS,12453.964400683151
291.0,13.0,0.0,0.0,CRASH,MAS,12453.964400683151
292.0,13.0,0.0,0.0,CRASH,MAS,12453.964400683151
293.0,13.0,0.0,0.0,CRASH,MAS,12453.964400683151
294.0,13.0,0.0,0.0,CRASH,MAS,12453.964400683151
295.0,13.0,0.0,0.0,CRASH,MAS,12453.964400683151
296.0,13.0,0.0,0.0,CRASH,MAS,12453.964400683151
297.0,13.0,0.0,0.0,CRASH,MAS,12453.964400683151
298.0,13.0,0.0,0.0,CRASH,MAS,12453.964400683151
299.0,13.0,0.0,0.0,CRASH,MAS,12453.964400683151
300.0,13.0,0.0,0.0,CRASH,MAS,12453.964400683151
301.0,13.0,0.0,0.0,CRASH,MAS,12453.964400683151
302.0,13.0,0.0,0.0,CRASH,MAS,12453.964400683151
303.0,13.0,0.0,0.0,CRASH,MAS,12453.964400683151
304.0,13.0,0.0,0.0,CRASH,MAS,12453.964400683151
305.0,13.0,0.0,0.0,CRASH,MAS,12453.964400683151
306.0,13.0,0.0,0.0,CRASH,MAS,12453.964400683151
307.0,13.0,0.0,0.0,CRASH,MAS,12453.964400683151
308.0,13.0,0.0,0.0,CRASH,MAS,12453.964400683151
309.0,13.0,-0.049977505879341966,0.0,CRASH,MAS,12453.914423177272
310.0,13.0,0.0,0.0,CRASH,MAS,12453.914423177272
311.0,13.0,0.0,0.0,CRASH,MAS,12453.914423177272
312.0,14.0,0.0,0.0,CRASH,MAS,12453.914423177272
313.0,14.0,0.0,0.0,CRASH,MAS,12453.914423177272
314.0,14.0,0.0,0.0,CRASH,MAS,12453.914423177272
315.0,14.0,0.0,0.0,CRASH,MAS,12453.914423177272
316.0,14.0,-0.02562720825731292,0.0,CRASH,MAS,12453.888795969015
317.0,14.0,0.0,0.0,CRASH,MAS,12453.888795969015
318.0,14.0,0.0,0.0,CRASH,MAS,12453.888795969015
319.0,14.0,0.0,0.0,CRASH,MAS,12453.888795969015
320.0,14.0,0.0,0.0,CRASH,MAS,12453.888795969015
321.0,14.0,0.0,0.0,CRASH,MAS,12453.888795969015
322.0,14.0,0.0,0.0,CRASH,MAS,12453.888795969015
323.0,14.0,0.0,0.0,CRASH,MAS,12453.888795969015
324.0,14.0,0.0,0.0,CRASH,MAS,12453.888795969015
325.0,14.0,0.0,0.0,CRASH,MAS,12453.888795969015
326.0,14.0,0.0,0.0,CRASH,MAS,12453.888795969015
327.0,14.0,0.0,0.0,CRASH,MAS,12453.888795969015
328.0,14.0,0.0,0.0,CRASH,MAS,12453.888795969015
329.0,14.0,0.0,0.0,CRASH,MAS,12453.888795969015
330.0,14.0,0.0,0.0,CRASH,MAS,12453.888795969015
331.0,14.0,0.0,0.0,CRASH,MAS,12453.888795969015
332.0,14.0,0.0,0.0,CRASH,MAS,12453.888795969015
333.0,14.0,0.0,0.0,CRASH,MAS,12453.888795969015
334.0,14.0,0.0,0.0,CRASH,MAS,12453.888795969015
335.0,14.0,0.0,0.0,CRASH,MAS,12453.888795969015
336.0,15.0,0.0,0.0,CRASH,MAS,12453.888795969015
337.0,15.0,-0.02285093810379983,0.0,CRASH,MAS,12453.865945030911
338.0,15.0,0.0,0.0,CRASH,MAS,12453.865945030911
339.0,15.0,0.0,0.0,CRASH,MAS,12453.865945030911
340.0,15.0,0.0,0.0,CRASH,MAS,12453.865945030911
341.0,15.0,0.0,0.0,CRASH,MAS,12453.865945030911
342.0,15.0,0.0,0.0,CRASH,MAS,12453.865945030911
343.0,15.0,0.0,0.0,CRASH,MAS,12453.865945030911
344.0,15.0,0.0,0.0,CRASH,MAS,12453.865945030911
345.0,15.0,0.0,0.0,CRASH,MAS,12453.865945030911
346.0,15.0,0.0,0.0,CRASH,MAS,12453.865945030911
347.0,15.0,0.0,0.0,CRASH,MAS,12453.865945030911
348.0,15.0,0.0,0.0,CRASH,MAS,12453.865945030911
349.0,15.0,0.0,0.0,CRASH,MAS,12453.865945030911
350.0,15.0,0.0,0.0,CRASH,MAS,12453.865945030911
351.0,15.0,0.0,0.0,CRASH,MAS,12453.865945030911
352.0,15.0,-0.04095468082109352,0.0,CRASH,MAS,12453.824990350091
353.0,15.0,0.0,0.0,CRASH,MAS,12453.824990350091
354.0,15.0,-0.0443400003322535,0.0,CRASH,MAS,12453.78065034976
355.0,15.0,0.0,0.0,CRASH,MAS,12453.78065034976
356.0,15.0,0.0,0.0,CRASH,MAS,12453.78065034976
357.0,15.0,0.0,0.0,CRASH,MAS,12453.78065034976
358.0,15.0,0.0,0.0,CRASH,MAS,12453.78065034976
359.0,15.0,0.0,0.0,CRASH,MAS,12453.78065034976
360.0,16.0,0.0,0.0,CRASH,MAS,12453.78065034976
361.0,16.0,0.0,0.0,CRASH,MAS,12453.78065034976
362.0,16.0,0.0,0.0,CRASH,MAS,12453.78065034976
363.0,16.0,0.0,0.0,CRASH,MAS,12453.78065034976
364.0,16.0,0.0,0.0,CRASH,MAS,12453.78065034976
365.0,16.0,0.0,0.0,CRASH,MAS,12453.78065034976
366.0,16.0,0.0,0.0,CRASH,MAS,12453.78065034976
367.0,16.0,0.0,0.0,CRASH,MAS,12453.78065034976
368.0,16.0,0.0,0.0,CRASH,MAS,12453.78065034976
369.0,16.0,0.0,0.0,CRASH,MAS,12453.78065034976
370.0,16.0,0.0,0.0,CRASH,MAS,12453.78065034976
371.0,16.0,-0.03362872121134289,0.0,CRASH,MAS,12453.747021628547
372.0,16.0,0.0,0.0,CRASH,MAS,12453.747021628547
373.0,16.0,0.0,0.0,CRASH,MAS,12453.747021628547
374.0,16.0,0.0,0.0,CRASH,MAS,12453.747021628547
375.0,16.0,0.0,0.0,CRASH,MAS,12453.747021628547
376.0,16.0,0.0,0.0,CRASH,MAS,12453.747021628547
377.0,16.0,0.0,0.0,CRASH,MAS,12453.747021628547
378.0,16.0,0.0,0.0,CRASH,MAS,12453.747021628547
379.0,16.0,0.0,0.0,CRASH,MAS,12453.747021628547
380.0,16.0,0.0,0.0,CRASH,MAS,12453.747021628547
381.0,16.0,0.0,0.0,CRASH,MAS,12453.747021628547
382.0,16.0,0.0,0.0,CRASH,MAS,12453.747021628547
383.0,16.0,0.0,0.0,CRASH,MAS,12453.747021628547
384.0,17.0,0.0,0.0,CRASH,MAS,12453.747021628547
385.0,17.0,0.0,0.0,CRASH,MAS,12453.747021628547
386.0,17.0,0.0,0.0,CRASH,MAS,12453.747021628547
387.0,17.0,0.0,0.0,CRASH,MAS,12453.747021628547
388.0,17.0,0.0,0.0,CRASH,MAS,12453.747021628547
389.0,17.0,-0.026632472846940994,0.0,CRASH,MAS,12453.7203891557
390.0,17.0,0.0,0.0,CRASH,MAS,12453.7203891557
391.0,17.0,0.0,0.0,CRASH,MAS,12453.7203891557
392.0,17.0,0.0,0.0,CRASH,MAS,12453.7203891557
393.0,17.0,0.0,0.0,CRASH,MAS,12453.7203891557
394.0,17.0,0.0,0.0,CRASH,MAS,12453.7203891557
395.0,17.0,0.0,0.0,CRASH,MAS,12453.7203891557
396.0,17.0,0.0,0.0,CRASH,MAS,12453.7203891557
397.0,17.0,0.0,0.0,CRASH,MAS,12453.7203891557
398.0,17.0,0.0,0.0,CRASH,MAS,12453.7203891557
399.0,17.0,-0.0787298382972889,0.0,CRASH,MAS,12453.641659317404
400.0,17.0,0.0,0.0,CRASH,MAS,12453.641659317404
401.0,17.0,0.0,0.0,CRASH,MAS,12453.641659317404
402.0,17.0,0.0,0.0,CRASH,MAS,12453.641659317404
403.0,17.0,0.0,0.0,CRASH,MAS,12453.641659317404
404.0,17.0,0.0,0.0,CRASH,MAS,12453.641659317404
405.0,17.0,-0.049977505879341966,0.0,CRASH,MAS,12453.591681811524
406.0,17.0,0.0,0.0,CRASH,MAS,12453.591681811524
407.0,17.0,0.0,0.0,CRASH,MAS,12453.591681811524
408.0,18.0,0.0,0.0,CRASH,MAS,12453.591681811524
409.0,18.0,0.0,0.0,CRASH,MAS,12453.591681811524
410.0,18.0,0.0,0.0,CRASH,MAS,12453.591681811524
411.0,18.0,0.0,0.0,CRASH,MAS,12453.591681811524
412.0,18.0,0.0,0.0,CRASH,MAS,12453.591681811524
413.0,18.0,0.0,0.0,CRASH,MAS,12453.591681811524
414.0,18.0,0.0,0.0,CRASH,MAS,12453.591681811524
415.0,18.0,0.0,0.0,CRASH,MAS,12453.591681811524
416.0,18.0,0.0,0.0,CRASH,MAS,12453.591681811524
417.0,18.0,0.0,0.0,CRASH,MAS,12453.591681811524
418.0,18.0,0.0,0.0,CRASH,MAS,12453.591681811524
419.0,18.0,0.0,0.0,CRASH,MAS,12453.591681811524
420.0,18.0,0.0,0.0,CRASH,MAS,12453.591681811524
421.0,18.0,0.0,0.0,CRASH,MAS,12453.591681811524
422.0,18.0,0.0,0.0,CRASH,MAS,12453.591681811524
423.0,18.0,0.0,0.0,CRASH,MAS,12453.591681811524
424.0,18.0,0.0,0.0,CRASH,MAS,12453.591681811524
425.0,18.0,0.0,0.0,CRASH,MAS,12453.591681811524
426.0,18.0,0.0,0.0,CRASH,MAS,12453.591681811524
427.0,18.0,0.0,0.0,CRASH,MAS,12453.591681811524
428.0,18.0,0.0,0.0,CRASH,MAS,12453.591681811524
429.0,18.0,0.0,0.0,CRASH,MAS,12453.591681811524
430.0,18.0,0.0,0.0,CRASH,MAS,12453.591681811524
431.0,18.0,-0.05414694542618535,0.0,CRASH,MAS,12453.537534866098
432.0,19.0,0.0,0.0,CRASH,MAS,12453.537534866098
433.0,19.0,25.93253577801883,1.0,NORMAL,MAS,12479.470070644116
434.0,19.0,1002.5359645283429,1.0,NORMAL,MAS,13482.006035172459
435.0,19.0,11.447496328867157,1.0,NORMAL,MAS,13493.453531501325
436.0,19.0,898.8070297547545,1.0,NORMAL,MAS,14392.26056125608
437.0,19.0,1858.1026695673686,1.0,NORMAL,MAS,16250.363230823448
438.0,19.0,-75.28299136703936,1.0,NORMAL,MAS,16175.080239456409
439.0,19.0,1342.4312684092602,1.0,NORMAL,MAS,17517.511507865667
440.0,19.0,1373.080773082791,1.0,NORMAL,MAS,18890.59228094846
441.0,19.0,1299.9235485792854,1.0,NORMAL,MAS,20190.515829527743
442.0,19.0,1242.8765882520602,1.0,NORMAL,MAS,21433.392417779804
443.0,19.0,30.04181372194157,1.0,NORMAL,MAS,21463.434231501746
444.0,19.0,-107.06953857451941,1.0,NORMAL,MAS,21356.364692927225
445.0,19.0,2114.532212079112,1.0,NORMAL,MAS,23470.89690500634
446.0,19.0,151.83687073174627,1.0,NORMAL,MAS,23622.733775738085
447.0,19.0,-612.3859457797249,1.0,NORMAL,MAS,23010.34782995836
448.0,19.0,0.0,1.0,NORMAL,MAS,23010.34782995836
449.0,19.0,0.0,1.0,NORMAL,MAS,23010.34782995836
450.0,19.0,0.0,1.0,NORMAL,MAS,23010.34782995836
451.0,19.0,0.0,1.0,NORMAL,MAS,23010.34782995836
452.0,19.0,1628.2425903030207,1.0,NORMAL,MAS,24638.59042026138
453.0,19.0,0.0,1.0,NORMAL,MAS,24638.59042026138
454.0,19.0,0.0,1.0,NORMAL,MAS,24638.59042026138
455.0,19.0,0.0,1.0,NORMAL,MAS,24638.59042026138
456.0,20.0,-35.27127999999999,1.0,NORMAL,MAS,24603.319140261377
457.0,20.0,-103.03210957435232,1.0,NORMAL,MAS,24500.287030687025
458.0,20.0,225.81625280724182,1.0,NORMAL,MAS,24726.103283494267
459.0,20.0,-48.29942555266143,1.0,NORMAL,MAS,24677.803857941606
460.0,20.0,0.0,1.0,NORMAL,MAS,24677.803857941606
461.0,20.0,0.0,1.0,NORMAL,MAS,24677.803857941606
462.0,20.0,0.0,1.0,NORMAL,MAS,24677.803857941606
463.0,20.0,0.0,1.0,NORMAL,MAS,24677.803857941606
464.0,20.0,-101.53643570721736,1.0,NORMAL,MAS,24576.26742223439
465.0,20.0,-35.3818685247267,1.0,NORMAL,MAS,24540.88555370966
466.0,20.0,1041.5353646993428,1.0,NORMAL,MAS,25582.420918409003
467.0,20.0,33.070651732575385,1.0,NORMAL,MAS,25615.491570141578
468.0,20.0,475.2579822361357,1.3,HOLIDAY,MAS,26090.749552377714
469.0,20.0,465.3195527641725,1.3,HOLIDAY,MAS,26556.069105141887
470.0,20.0,0.0,1.3,HOLIDAY,MAS,26556.069105141887
471.0,20.0,0.0,1.3,HOLIDAY,MAS,26556.069105141887
472.0,20.0,71.64378133433344,1.3,HOLIDAY,MAS,26627.71288647622
473.0,20.0,1270.1098554028692,1.3,HOLIDAY,MAS,27897.82274187909
474.0,20.0,1231.034373443535,1.3,HOLIDAY,MAS,29128.857115322622
475.0,20.0,0.0,1.3,HOLIDAY,MAS,29128.857115322622
476.0,20.0,0.0,1.3,HOLIDAY,MAS,29128.857115322622
477.0,20.0,0.0,1.3,HOLIDAY,MAS,29128.857115322622
478.0,20.0,0.0,1.3,HOLIDAY,MAS,29128.857115322622
479.0,20.0,0.0,1.3,HOLIDAY,MAS,29128.857115322622
480.0,21.0,659.7222,1.3,HOLIDAY,MAS,29788.579315322622
481.0,21.0,-39.78977625852898,1.3,HOLIDAY,MAS,29748.78953906409
482.0,21.0,632.3344944338362,1.3,HOLIDAY,MAS,30381.124033497927
483.0,21.0,5.126538193812021,1.3,HOLIDAY,MAS,30386.25057169174
484.0,21.0,1278.2871006560283,1.3,HOLIDAY,MAS,31664.537672347768
485.0,21.0,2413.6678202085823,1.3,HOLIDAY,MAS,34078.20549255635
486.0,21.0,374.25375494424645,1.3,HOLIDAY,MAS,34452.4592475006
487.0,21.0,1892.0480443516053,1.3,HOLIDAY,MAS,36344.507291852206
488.0,21.0,1187.6655773870891,1.3,HOLIDAY,MAS,37532.17286923929
489.0,21.0,81.52292902812835,1.3,HOLIDAY,MAS,37613.69579826742
490.0,21.0,-258.3427432413731,1.3,HOLIDAY,MAS,37355.35305502605
491.0,21.0,1660.4107506674957,1.3,HOLIDAY,MAS,39015.76380569355
492.0,21.0,0.0,1.3,HOLIDAY,MAS,39015.76380569355
493.0,21.0,0.0,1.3,HOLIDAY,MAS,39015.76380569355
494.0,21.0,738.1343103284831,1.3,HOLIDAY,MAS,39753.89811602203
495.0,21.0,9.332001061280108,1.3,HOLIDAY,MAS,39763.23011708331
496.0,21.0,0.0,1.3,HOLIDAY,MAS,39763.23011708331
497.0,21.0,0.0,1.3,HOLIDAY,MAS,39763.23011708331
498.0,21.0,0.0,1.3,HOLIDAY,MAS,39763.23011708331
499.0,21.0,0.0,1.3,HOLIDAY,MAS,39763.23011708331
500.0,21.0,0.0,1.3,HOLIDAY,MAS,39763.23011708331
501.0,21.0,0.0,1.3,HOLIDAY,MAS,39763.23011708331
502.0,21.0,0.0,1.3,HOLIDAY,MAS,39763.23011708331
503.0,21.0,0.0,1.3,HOLIDAY,MAS,39763.23011708331
504.0,22.0,9.105920000000001,1.3,HOLIDAY,MAS,39772.33603708331
505.0,22.0,58.19951725883229,1.3,HOLIDAY,MAS,39830.53555434215
506.0,22.0,35.15714259423637,1.3,HOLIDAY,MAS,39865.692696936385
507.0,22.0,623.4101671512888,1.3,HOLIDAY,MAS,40489.102864087676
508.0,22.0,0.009813604128656459,1.3,HOLIDAY,MAS,40489.1126776918
509.0,22.0,0.0,1.3,HOLIDAY,MAS,40489.1126776918
510.0,22.0,1209.2105711189845,1.3,HOLIDAY,MAS,41698.32324881079
511.0,22.0,1236.3442623348417,1.3,HOLIDAY,MAS,42934.66751114563
512.0,22.0,105.83549230737815,1.3,HOLIDAY,MAS,43040.50300345301
513.0,22.0,2476.2659939817595,1.3,HOLIDAY,MAS,45516.76899743477
514.0,22.0,300.751893182266,1.3,HOLIDAY,MAS,45817.52089061703
515.0,22.0,-424.5292971501889,1.3,HOLIDAY,MAS,45392.99159346684
516.0,22.0,0.0,1.3,HOLIDAY,MAS,45392.99159346684
517.0,22.0,0.0,1.3,HOLIDAY,MAS,45392.99159346684
518.0,22.0,1203.0231070798814,1.3,HOLIDAY,MAS,46596.01470054672
519.0,22.0,79.9038275660177,1.3,HOLIDAY,MAS,46675.91852811274
520.0,22.0,1187.848476864668,1.3,HOLIDAY,MAS,47863.76700497741
521.0,22.0,-182.5596594640001,1.3,HOLIDAY,MAS,47681.20734551341
522.0,22.0,748.2251855662696,1.3,HOLIDAY,MAS,48429.43253107968
523.0,22.0,17.99199387664318,1.3,HOLIDAY,MAS,48447.42452495632
524.0,22.0,0.0,1.3,HOLIDAY,MAS,48447.42452495632
525.0,22.0,0.0,1.3,HOLIDAY,MAS,48447.42452495632
526.0,22.0,0.0,1.3,HOLIDAY,MAS,48447.42452495632
527.0,22.0,0.0,1.3,HOLIDAY,MAS,48447.42452495632
528.0,23.0,58.074239999999996,1.3,HOLIDAY,MAS,48505.49876495632
529.0,23.0,-120.97253256927962,1.3,HOLIDAY,MAS,48384.52623238704
530.0,23.0,2456.7473691159084,1.3,HOLIDAY,MAS,50841.27360150295
531.0,23.0,2464.8692361778712,1.3,HOLIDAY,MAS,53306.142837680825
532.0,23.0,479.62695249525035,1.3,HOLIDAY,MAS,53785.76979017608
533.0,23.0,1117.4580594752385,1.3,HOLIDAY,MAS,54903.22784965132
534.0,23.0,0.0,1.3,HOLIDAY,MAS,54903.22784965132
535.0,23.0,0.01138656724353094,1.3,HOLIDAY,MAS,54903.239236218564
536.0,23.0,93.14514246627188,1.3,HOLIDAY,MAS,54996.38437868484
537.0,23.0,1881.1460351863889,1.3,HOLIDAY,MAS,56877.53041387122
538.0,23.0,1276.4716215756782,1.3,HOLIDAY,MAS,58154.0020354469
539.0,23.0,2518.4729661901756,1.3,HOLIDAY,MAS,60672.475001637074
540.0,23.0,1302.2606178381589,1.3,HOLIDAY,MAS,61974.735619475236
541.0,23.0,2327.9711275052373,1.3,HOLIDAY,MAS,64302.706746980475
542.0,23.0,1226.63007053797,1.3,HOLIDAY,MAS,65529.336817518444
543.0,23.0,1738.214490643376,1.3,HOLIDAY,MAS,67267.55130816183
544.0,23.0,0.0,1.3,HOLIDAY,MAS,67267.55130816183
545.0,23.0,0.0,1.3,HOLIDAY,MAS,67267.55130816183
546.0,23.0,0.0,1.3,HOLIDAY,MAS,67267.55130816183
547.0,23.0,0.0,1.3,HOLIDAY,MAS,67267.55130816183
548.0,23.0,0.0,1.3,HOLIDAY,MAS,67267.55130816183
549.0,23.0,0.0,1.3,HOLIDAY,MAS,67267.55130816183
550.0,23.0,0.0,1.3,HOLIDAY,MAS,67267.55130816183
551.0,23.0,0.0,1.3,HOLIDAY,MAS,67267.55130816183
552.0,24.0,477.4878,1.3,HOLIDAY,MAS,67745.03910816183
553.0,24.0,1190.6032467580171,1.3,HOLIDAY,MAS,68935.64235491985
554.0,24.0,421.59774405379846,1.3,HOLIDAY,MAS,69357.24009897365
555.0,24.0,-740.5950676549377,1.3,HOLIDAY,MAS,68616.64503131871
556.0,24.0,1567.631604775144,1.3,HOLIDAY,MAS,70184.27663609385
557.0,24.0,1381.4194887864662,1.3,HOLIDAY,MAS,71565.69612488033
558.0,24.0,0.0,1.3,HOLIDAY,MAS,71565.69612488033
559.0,24.0,0.0,1.3,HOLIDAY,MAS,71565.69612488033
560.0,24.0,0.0,1.3,HOLIDAY,MAS,71565.69612488033
561.0,24.0,0.0,1.3,HOLIDAY,MAS,71565.69612488033
562.0,24.0,0.0,1.3,HOLIDAY,MAS,71565.69612488033
563.0,24.0,0.0,1.3,HOLIDAY,MAS,71565.69612488033
564.0,24.0,0.0,1.3,HOLIDAY,MAS,71565.69612488033
565.0,24.0,0.0,1.3,HOLIDAY,MAS,71565.69612488033
566.0,24.0,0.0,1.3,HOLIDAY,MAS,71565.69612488033
567.0,24.0,0.0,1.3,HOLIDAY,MAS,71565.69612488033
568.0,24.0,0.0,1.3,HOLIDAY,MAS,71565.69612488033
569.0,24.0,0.0,1.3,HOLIDAY,MAS,71565.69612488033
570.0,24.0,0.0,1.3,HOLIDAY,MAS,71565.69612488033
571.0,24.0,0.0,1.3,HOLIDAY,MAS,71565.69612488033
572.0,24.0,0.0,1.3,HOLIDAY,MAS,71565.69612488033
573.0,24.0,0.0,1.3,HOLIDAY,MAS,71565.69612488033
574.0,24.0,0.0,1.3,HOLIDAY,MAS,71565.69612488033
575.0,24.0,0.0,1.3,HOLIDAY,MAS,71565.69612488033
576.0,25.0,-29.177499999999977,1.3,HOLIDAY,MAS,71536.51862488032
577.0,25.0,1738.178845106663,1.3,HOLIDAY,MAS,73274.69746998699
578.0,25.0,0.0,1.3,HOLIDAY,MAS,73274.69746998699
579.0,25.0,0.0,1.3,HOLIDAY,MAS,73274.69746998699
580.0,25.0,1253.090336954182,1.3,HOLIDAY,MAS,74527.78780694117
581.0,25.0,666.586007950394,1.3,HOLIDAY,MAS,75194.37381489156
582.0,25.0,540.6041559116252,1.3,HOLIDAY,MAS,75734.97797080319
583.0,25.0,1129.3775639724195,1.3,HOLIDAY,MAS,76864.3555347756
584.0,25.0,0.0,1.3,HOLIDAY,MAS,76864.3555347756
585.0,25.0,0.0,1.3,HOLIDAY,MAS,76864.3555347756
586.0,25.0,554.0380623239214,1.3,HOLIDAY,MAS,77418.39359709952
587.0,25.0,83.64899262667383,1.3,HOLIDAY,MAS,77502.0425897262
588.0,25.0,1191.6805524680472,1.3,HOLIDAY,MAS,78693.72314219426
589.0,25.0,441.0881535767104,1.3,HOLIDAY,MAS,79134.81129577097
590.0,25.0,1319.69353634139,1.3,HOLIDAY,MAS,80454.50483211236
591.0,25.0,1302.4818846965616,1.3,HOLIDAY,MAS,81756.98671680893
592.0,25.0,-123.89966635448425,1.3,HOLIDAY,MAS,81633.08705045444
593.0,25.0,67.81146301892312,1.3,HOLIDAY,MAS,81700.89851347337
594.0,25.0,0.0,1.3,HOLIDAY,MAS,81700.89851347337
595.0,25.0,0.0,1.3,HOLIDAY,MAS,81700.89851347337
596.0,25.0,0.0,1.3,HOLIDAY,MAS,81700.89851347337
597.0,25.0,0.0,1.3,HOLIDAY,MAS,81700.89851347337
598.0,25.0,0.0,1.3,HOLIDAY,MAS,81700.89851347337
599.0,25.0,0.0,1.3,HOLIDAY,MAS,81700.89851347337
600.0,26.0,1254.2551,1.3,HOLIDAY,MAS,82955.15361347336
601.0,26.0,-12.71986945262455,1.3,HOLIDAY,MAS,82942.43374402073
602.0,26.0,74.51421085005703,1.3,HOLIDAY,MAS,83016.94795487079
603.0,26.0,496.8230511517339,1.3,HOLIDAY,MAS,83513.77100602252
604.0,26.0,808.4144623223133,1.3,HOLIDAY,MAS,84322.18546834483
605.0,26.0,412.46583462138227,1.3,HOLIDAY,MAS,84734.65130296622
606.0,26.0,0.0,1.3,HOLIDAY,MAS,84734.65130296622
607.0,26.0,0.0,1.3,HOLIDAY,MAS,84734.65130296622
608.0,26.0,-24.287008858999624,1.3,HOLIDAY,MAS,84710.36429410722
609.0,26.0,1218.6250541002446,1.3,HOLIDAY,MAS,85928.98934820745
610.0,26.0,1116.289769578567,1.3,HOLIDAY,MAS,87045.27911778602
611.0,26.0,1323.6953424929864,1.3,HOLIDAY,MAS,88368.974460279
612.0,26.0,715.2426809092644,1.3,HOLIDAY,MAS,89084.21714118826
613.0,26.0,99.94449861018336,1.3,HOLIDAY,MAS,89184.16163979845
614.0,26.0,0.0,1.3,HOLIDAY,MAS,89184.16163979845
615.0,26.0,0.0,1.3,HOLIDAY,MAS,89184.16163979845
616.0,26.0,0.0,1.3,HOLIDAY,MAS,89184.16163979845
617.0,26.0,0.0,1.3,HOLIDAY,MAS,89184.16163979845
618.0,26.0,0.0,1.3,HOLIDAY,MAS,89184.16163979845
619.0,26.0,0.0,1.3,HOLIDAY,MAS,89184.16163979845
620.0,26.0,0.0,1.3,HOLIDAY,MAS,89184.16163979845
621.0,26.0,0.0,1.3,HOLIDAY,MAS,89184.16163979845
622.0,26.0,0.0,1.3,HOLIDAY,MAS,89184.16163979845
623.0,26.0,0.0,1.3,HOLIDAY,MAS,89184.16163979845
624.0,27.0,41.19832,1.3,HOLIDAY,MAS,89225.35995979844
625.0,27.0,204.76775764257692,1.0,NORMAL,MAS,89430.12771744102
626.0,27.0,-74.121075306889,1.0,NORMAL,MAS,89356.00664213413
627.0,27.0,33.647343197614674,1.0,NORMAL,MAS,89389.65398533175
628.0,27.0,59.454444844928425,1.0,NORMAL,MAS,89449.10843017668
629.0,27.0,568.4905907509194,1.0,NORMAL,MAS,90017.5990209276
630.0,27.0,39.66167153052107,1.0,NORMAL,MAS,90057.26069245813
631.0,27.0,1067.2081979058541,1.0,NORMAL,MAS,91124.46889036399
632.0,27.0,59.77858871318183,1.0,NORMAL,MAS,91184.24747907717
633.0,27.0,63.99690669789909,1.0,NORMAL,MAS,91248.24438577506
634.0,27.0,418.81623940693794,1.0,NORMAL,MAS,91667.060625182
635.0,27.0,533.6553315229597,1.0,NORMAL,MAS,92200.71595670495
636.0,27.0,1035.1236984624873,1.0,NORMAL,MAS,93235.83965516744
637.0,27.0,24.8008566839773,1.0,NORMAL,MAS,93260.64051185141
638.0,27.0,522.4349668562973,1.0,NORMAL,MAS,93783.0754787077
639.0,27.0,0.0,1.0,NORMAL,MAS,93783.0754787077
640.0,27.0,0.0,1.0,NORMAL,MAS,93783.0754787077
641.0,27.0,0.0,1.0,NORMAL,MAS,93783.0754787077
642.0,27.0,0.0,1.0,NORMAL,MAS,93783.0754787077
643.0,27.0,0.0,1.0,NORMAL,MAS,93783.0754787077
644.0,27.0,0.0,1.0,NORMAL,MAS,93783.0754787077
645.0,27.0,0.0,1.0,NORMAL,MAS,93783.0754787077
646.0,27.0,0.0,1.0,NORMAL,MAS,93783.0754787077
647.0,27.0,0.0,1.0,NORMAL,MAS,93783.0754787077
648.0,28.0,1.512,1.0,NORMAL,MAS,93784.5874787077
649.0,28.0,503.6280632300612,1.0,NORMAL,MAS,94288.21554193777
650.0,28.0,2.729979354831295,1.0,NORMAL,MAS,94290.9455212926
651.0,28.0,5.953487130566352,1.0,NORMAL,MAS,94296.89900842316
652.0,28.0,4.049289335566228,1.0,NORMAL,MAS,94300.94829775873
653.0,28.0,3.094870927041149,1.0,NORMAL,MAS,94304.04316868578
654.0,28.0,2.356996463504156,1.0,NORMAL,MAS,94306.40016514929
655.0,28.0,3.4012815013151267,1.0,NORMAL,MAS,94309.8014466506
656.0,28.0,4.530773284863736,1.0,NORMAL,MAS,94314.33221993546
657.0,28.0,4.266970809701885,1.0,NORMAL,MAS,94318.59919074515
658.0,28.0,6.703136383295645,1.0,NORMAL,MAS,94325.30232712845
659.0,28.0,6.050689945284091,1.0,NORMAL,MAS,94331.35301707374
660.0,28.0,2.8300770023127004,1.0,NORMAL,MAS,94334.18309407606
661.0,28.0,505.156607774868,1.0,NORMAL,MAS,94839.33970185093
662.0,28.0,4.9670456960459575,1.0,NORMAL,MAS,94844.30674754697
663.0,28.0,13.32227856686224,1.0,NORMAL,MAS,94857.62902611383
664.0,28.0,10.08250290944032,1.0,NORMAL,MAS,94867.71152902328
665.0,28.0,7.4060749937552,1.0,NORMAL,MAS,94875.11760401702
666.0,28.0,8.529499873916436,1.0,NORMAL,MAS,94883.64710389094
667.0,28.0,10.55820128599907,1.0,NORMAL,MAS,94894.20530517693
668.0,28.0,28.45099531929246,1.0,NORMAL,MAS,94922.65630049622
669.0,28.0,18.490782122028122,1.0,NORMAL,MAS,94941.14708261825
670.0,28.0,16.298938680777056,1.0,NORMAL,MAS,94957.44602129902
671.0,28.0,1039.3187968513437,1.0,NORMAL,MAS,95996.76481815036
672.0,29.0,3.10176,1.0,NORMAL,MAS,95999.86657815037
673.0,29.0,9.367520746592843,1.0,NORMAL,MAS,96009.23409889695
674.0,29.0,9.586634561679917,1.0,NORMAL,MAS,96018.82073345863
675.0,29.0,518.5716232566934,1.0,NORMAL,MAS,96537.39235671533
676.0,29.0,9.939316397544548,1.0,NORMAL,MAS,96547.33167311287
677.0,29.0,11.37973723636607,1.0,NORMAL,MAS,96558.71141034923
678.0,29.0,515.616830727923,1.0,NORMAL,MAS,97074.32824107716
679.0,29.0,510.36722700175255,1.0,NORMAL,MAS,97584.69546807892
680.0,29.0,516.3101037282536,1.0,NORMAL,MAS,98101.00557180717
681.0,29.0,14.511340228088798,1.0,NORMAL,MAS,98115.51691203525
682.0,29.0,35.70067708104554,1.0,NORMAL,MAS,98151.21758911629
683.0,29.0,25.51857762882657,1.0,NORMAL,MAS,98176.73616674512
684.0,29.0,550.5300095044175,1.0,NORMAL,MAS,98727.26617624954
685.0,29.0,34.78483997949055,1.0,NORMAL,MAS,98762.05101622903
686.0,29.0,39.03906876873044,1.0,NORMAL,MAS,98801.09008499776
687.0,29.0,542.2158197771172,1.0,NORMAL,MAS,99343.30590477488
688.0,29.0,51.16805997314953,1.0,NORMAL,MAS,99394.47396474803
689.0,29.0,-89.16595333002749,1.0,NORMAL,MAS,99305.308011418
690.0,29.0,560.3131187732935,1.0,NORMAL,MAS,99865.6211301913
691.0,29.0,65.24729553201368,1.0,NORMAL,MAS,99930.86842572331
692.0,29.0,63.38875370171652,1.0,NORMAL,MAS,99994.25717942503
693.0,29.0,57.864330077643125,1.0,NORMAL,MAS,100052.12150950267
694.0,29.0,79.82075954394607,1.0,NORMAL,MAS,100131.94226904662
695.0,29.0,568.7839068949555,1.0,NORMAL,MAS,100700.72617594157
696.0,30.0,1002.264,1.0,NORMAL,MAS,101702.99017594157
697.0,30.0,502.8995314527144,1.0,NORMAL,MAS,102205.88970739428
698.0,30.0,1389.132743617496,1.0,NORMAL,MAS,103595.02245101177
699.0,30.0,-155.94919998897652,1.0,NORMAL,MAS,103439.0732510228
700.0,30.0,951.2825867500814,1.0,NORMAL,MAS,104390.35583777288
701.0,30.0,235.93743774070097,1.0,NORMAL,MAS,104626.29327551358
702.0,30.0,1527.9891860329594,1.0,NORMAL,MAS,106154.28246154655
703.0,30.0,877.7252206781743,1.0,NORMAL,MAS,107032.00768222472
704.0,30.0,338.5942779618619,1.0,NORMAL,MAS,107370.60196018658
705.0,30.0,783.6776964402243,1.0,NORMAL,MAS,108154.27965662681
706.0,30.0,40.33668056305061,1.0,NORMAL,MAS,108194.61633718986
707.0,30.0,0.0,1.0,NORMAL,MAS,108194.61633718986
708.0,30.0,0.0,1.0,NORMAL,MAS,108194.61633718986
709.0,30.0,0.0,1.0,NORMAL,MAS,108194.61633718986
710.0,30.0,0.0,1.0,NORMAL,MAS,108194.61633718986
711.0,30.0,0.0,1.0,NORMAL,MAS,108194.61633718986
712.0,30.0,0.0,1.0,NORMAL,MAS,108194.61633718986
713.0,30.0,0.0,1.0,NORMAL,MAS,108194.61633718986
714.0,30.0,0.0,1.0,NORMAL,MAS,108194.61633718986
715.0,30.0,0.0,1.0,NORMAL,MAS,108194.61633718986
716.0,30.0,0.0,1.0,NORMAL,MAS,108194.61633718986
717.0,30.0,0.0,1.0,NORMAL,MAS,108194.61633718986
718.0,30.0,0.0,1.0,NORMAL,MAS,108194.61633718986
719.0,30.0,0.0,1.0,NORMAL,MAS,108194.61633718986
720.0,31.0,2.3730400000000005,1.0,NORMAL,MAS,108196.98937718986
721.0,31.0,1.278059400482698,1.0,NORMAL,MAS,108198.26743659035
722.0,31.0,6.385709156552847,1.0,NORMAL,MAS,108204.65314574691
723.0,31.0,4.368254538496428,1.0,NORMAL,MAS,108209.0214002854
724.0,31.0,506.1566597916493,1.0,NORMAL,MAS,108715.17806007706
725.0,31.0,3.2406393477047875,1.0,NORMAL,MAS,108718.41869942476
726.0,31.0,507.83640711804526,1.0,NORMAL,MAS,109226.2551065428
727.0,31.0,9.223119467260062,1.0,NORMAL,MAS,109235.47822601006
728.0,31.0,5.889586805974077,1.0,NORMAL,MAS,109241.36781281604
729.0,31.0,15.2768849910059,1.0,NORMAL,MAS,109256.64469780705
730.0,31.0,508.8283393549794,1.0,NORMAL,MAS,109765.47303716202
731.0,31.0,509.4036932469504,1.0,NORMAL,MAS,110274.87673040897
732.0,31.0,14.23672879929723,1.0,NORMAL,MAS,110289.11345920827
733.0,31.0,11.416428893005907,1.0,NORMAL,MAS,110300.52988810127
734.0,31.0,18.45591796464461,1.0,NORMAL,MAS,110318.98580606592
735.0,31.0,521.8110242546383,1.0,NORMAL,MAS,110840.79683032056
736.0,31.0,10.028148380763518,1.0,NORMAL,MAS,110850.82497870132
737.0,31.0,22.30883988404902,1.0,NORMAL,MAS,110873.13381858537
738.0,31.0,12.997260112633933,1.0,NORMAL,MAS,110886.131078698
739.0,31.0,17.61787569021409,1.0,NORMAL,MAS,110903.74895438821
740.0,31.0,15.889050370055168,1.0,NORMAL,MAS,110919.63800475826
741.0,31.0,1017.0526449146945,1.0,NORMAL,MAS,111936.69064967296
742.0,31.0,42.98409048922359,1.0,NORMAL,MAS,111979.67474016218
743.0,31.0,531.2167259404773,1.0,NORMAL,MAS,112510.89146610266
744.0,32.0,506.2251,1.0,NORMAL,MAS,113017.11656610266
745.0,32.0,509.473936491533,1.0,NORMAL,MAS,113526.59050259419
746.0,32.0,519.0175601544729,1.0,NORMAL,MAS,114045.60806274867
747.0,32.0,513.3220864181708,1.0,NORMAL,MAS,114558.93014916683
748.0,32.0,14.396949800904173,1.0,NORMAL,MAS,114573.32709896774
749.0,32.0,525.4730559828429,1.0,NORMAL,MAS,115098.80015495059
750.0,32.0,17.051719804498173,1.0,NORMAL,MAS,115115.85187475508
751.0,32.0,17.268981747211463,1.0,NORMAL,MAS,115133.1208565023
752.0,32.0,20.68768179126461,1.0,NORMAL,MAS,115153.80853829357
753.0,32.0,34.190107605868036,1.0,NORMAL,MAS,115187.99864589944
754.0,32.0,26.52203809989934,1.0,NORMAL,MAS,115214.52068399933
755.0,32.0,21.92601500971566,1.0,NORMAL,MAS,115236.44669900904
756.0,32.0,32.97173714411836,1.0,NORMAL,MAS,115269.41843615317
757.0,32.0,540.6765253366394,1.0,NORMAL,MAS,115810.09496148981
758.0,32.0,25.567867720396563,1.0,NORMAL,MAS,115835.66282921021
759.0,32.0,527.2274429344258,1.0,NORMAL,MAS,116362.89027214464
760.0,32.0,25.361892989956715,1.0,NORMAL,MAS,116388.25216513459
761.0,32.0,27.419703461443575,1.0,NORMAL,MAS,116415.67186859604
762.0,32.0,44.857800388736585,1.0,NORMAL,MAS,116460.52966898477
763.0,32.0,564.6387329708551,1.0,NORMAL,MAS,117025.16840195563
764.0,32.0,23.916248956389385,1.0,NORMAL,MAS,117049.08465091202
765.0,32.0,554.230654108126,1.0,NORMAL,MAS,117603.31530502014
766.0,32.0,48.93777277457435,1.0,NORMAL,MAS,117652.25307779471
767.0,32.0,561.0606835426104,1.0,NORMAL,MAS,118213.31376133733
768.0,33.0,0.0,1.0,NORMAL,MAS,118213.31376133733
769.0,33.0,0.0,1.0,NORMAL,MAS,118213.31376133733
770.0,33.0,0.0,1.0,NORMAL,MAS,118213.31376133733
771.0,33.0,0.0,1.0,NORMAL,MAS,118213.31376133733
772.0,33.0,-125.72228744122135,1.0,NORMAL,MAS,118087.5914738961
773.0,33.0,318.13004630106184,1.0,NORMAL,MAS,118405.72152019716
774.0,33.0,223.65194206266722,1.0,NORMAL,MAS,118629.37346225983
775.0,33.0,223.5564067044498,1.0,NORMAL,MAS,118852.92986896427
776.0,33.0,718.0766871890111,1.0,NORMAL,MAS,119571.00655615328
777.0,33.0,204.58415131651915,1.0,NORMAL,MAS,119775.5907074698
778.0,33.0,-173.4371758697822,1.0,NORMAL,MAS,119602.15353160002
779.0,33.0,869.9588290267758,1.0,NORMAL,MAS,120472.1123606268
780.0,33.0,36.31639994178374,1.0,NORMAL,MAS,120508.42876056858
781.0,33.0,0.0,1.0,NORMAL,MAS,120508.42876056858
782.0,33.0,0.0,1.0,NORMAL,MAS,120508.42876056858
783.0,33.0,0.0,1.0,NORMAL,MAS,120508.42876056858
784.0,33.0,0.0,1.0,NORMAL,MAS,120508.42876056858
785.0,33.0,0.0,1.0,NORMAL,MAS,120508.42876056858
786.0,33.0,0.0,1.0,NORMAL,MAS,120508.42876056858
787.0,33.0,0.0,1.0,NORMAL,MAS,120508.42876056858
788.0,33.0,0.0,1.0,NORMAL,MAS,120508.42876056858
789.0,33.0,0.0,1.0,NORMAL,MAS,120508.42876056858
790.0,33.0,0.0,1.0,NORMAL,MAS,120508.42876056858
791.0,33.0,0.0,1.0,NORMAL,MAS,120508.42876056858
792.0,34.0,24.023739999999997,1.0,NORMAL,MAS,120532.45250056859
793.0,34.0,-209.39602220891535,1.0,NORMAL,MAS,120323.05647835968
794.0,34.0,974.3679765617607,1.0,NORMAL,MAS,121297.42445492143
795.0,34.0,241.45571279122143,1.0,NORMAL,MAS,121538.88016771266
796.0,34.0,405.4055508545904,1.0,NORMAL,MAS,121944.28571856725
797.0,34.0,393.1479471079184,1.0,NORMAL,MAS,122337.43366567517
798.0,34.0,27.45647319943032,1.0,NORMAL,MAS,122364.8901388746
799.0,34.0,-281.0025468242603,1.0,NORMAL,MAS,122083.88759205033
800.0,34.0,1471.484846930641,1.0,NORMAL,MAS,123555.37243898098
801.0,34.0,51.549148852867006,1.0,NORMAL,MAS,123606.92158783384
802.0,34.0,0.0,1.0,NORMAL,MAS,123606.92158783384
803.0,34.0,0.0,1.0,NORMAL,MAS,123606.92158783384
804.0,34.0,0.0,1.0,NORMAL,MAS,123606.92158783384
805.0,34.0,0.0,1.0,NORMAL,MAS,123606.92158783384
806.0,34.0,0.0,1.0,NORMAL,MAS,123606.92158783384
807.0,34.0,0.0,1.0,NORMAL,MAS,123606.92158783384
808.0,34.0,0.0,1.0,NORMAL,MAS,123606.92158783384
809.0,34.0,0.0,1.0,NORMAL,MAS,123606.92158783384
810.0,34.0,0.0,1.0,NORMAL,MAS,123606.92158783384
811.0,34.0,0.0,1.0,NORMAL,MAS,123606.92158783384
812.0,34.0,0.0,1.0,NORMAL,MAS,123606.92158783384
813.0,34.0,0.0,1.0,NORMAL,MAS,123606.92158783384
814.0,34.0,0.0,1.0,NORMAL,MAS,123606.92158783384
815.0,34.0,0.0,1.0,NORMAL,MAS,123606.92158783384
816.0,35.0,3.5279200000000004,1.0,NORMAL,MAS,123610.44950783384
817.0,35.0,2.6129064623752014,1.0,NORMAL,MAS,123613.06241429622
818.0,35.0,5.340581424597032,1.0,NORMAL,MAS,123618.40299572081
819.0,35.0,11.048477684311225,1.0,NORMAL,MAS,123629.45147340512
820.0,35.0,11.815383098819801,1.0,NORMAL,MAS,123641.26685650393
821.0,35.0,5.045052260534011,1.0,NORMAL,MAS,123646.31190876447
822.0,35.0,10.170543264447728,1.0,NORMAL,MAS,123656.48245202893
823.0,35.0,514.4261680556635,1.0,NORMAL,MAS,124170.90862008459
824.0,35.0,6.351930130754868,1.0,NORMAL,MAS,124177.26055021535
825.0,35.0,7.326514379399597,1.0,NORMAL,MAS,124184.58706459474
826.0,35.0,13.75933279770297,1.0,NORMAL,MAS,124198.34639739245
827.0,35.0,514.8082509839386,1.0,NORMAL,MAS,124713.1546483764
828.0,35.0,25.20123086446408,1.0,NORMAL,MAS,124738.35587924086
829.0,35.0,18.07910078141788,1.0,NORMAL,MAS,124756.43498002227
830.0,35.0,20.2225623905748,1.0,NORMAL,MAS,124776.65754241284
831.0,35.0,521.1986132297919,1.0,NORMAL,MAS,125297.85615564263
832.0,35.0,525.0673371083736,1.0,NORMAL,MAS,125822.923492751
833.0,35.0,14.861576298119537,1.0,NORMAL,MAS,125837.78506904912
834.0,35.0,24.01617620812359,1.0,NORMAL,MAS,125861.80124525724
835.0,35.0,531.9762771716914,1.0,NORMAL,MAS,126393.77752242894
836.0,35.0,532.0440805493407,1.0,NORMAL,MAS,126925.82160297828
837.0,35.0,26.73722413699293,1.0,NORMAL,MAS,126952.55882711527
838.0,35.0,46.06320841550625,1.0,NORMAL,MAS,126998.62203553077
839.0,35.0,565.1709057811023,1.0,NORMAL,MAS,127563.79294131188
840.0,36.0,14.872,1.0,NORMAL,MAS,127578.66494131189
841.0,36.0,8.648154198941626,1.0,NORMAL,MAS,127587.31309551084
842.0,36.0,20.60402273604748,1.0,NORMAL,MAS,127607.91711824689
843.0,36.0,28.226340982591893,1.0,NORMAL,MAS,127636.14345922948
844.0,36.0,12.16052755602465,1.0,NORMAL,MAS,127648.30398678551
845.0,36.0,524.8012052859425,1.0,NORMAL,MAS,128173.10519207145
846.0,36.0,15.432944649758369,1.0,NORMAL,MAS,128188.53813672121
847.0,36.0,516.9741672647972,1.0,NORMAL,MAS,128705.512303986
848.0,36.0,537.1465972347889,1.0,NORMAL,MAS,129242.6589012208
849.0,36.0,536.4345855125958,1.0,NORMAL,MAS,129779.0934867334
850.0,36.0,553.6618927587091,1.0,NORMAL,MAS,130332.75537949211
851.0,36.0,31.771233526165577,1.0,NORMAL,MAS,130364.52661301827
852.0,36.0,37.80476530572231,1.0,NORMAL,MAS,130402.331378324
853.0,36.0,568.7772875188567,1.0,NORMAL,MAS,130971.10866584285
854.0,36.0,57.553637997095095,1.0,NORMAL,MAS,131028.66230383996
855.0,36.0,570.026715924049,1.0,NORMAL,MAS,131598.68901976402
856.0,36.0,552.4626059426159,1.0,NORMAL,MAS,132151.15162570664
857.0,36.0,529.5712813384725,1.0,NORMAL,MAS,132680.7229070451
858.0,36.0,48.5900077210798,1.0,NORMAL,MAS,132729.31291476617
859.0,36.0,435.4307897913365,1.0,NORMAL,MAS,133164.7437045575
860.0,36.0,83.18267786258508,1.0,NORMAL,MAS,133247.9263824201
861.0,36.0,536.2964225228985,1.0,NORMAL,MAS,133784.22280494298
862.0,36.0,37.53740417083476,1.0,NORMAL,MAS,133821.76020911383
863.0,36.0,1249.1731925000486,1.0,NORMAL,MAS,135070.93340161387
864.0,37.0,498.467,1.0,NORMAL,MAS,135569.40040161388
865.0,37.0,498.2531084056636,1.0,NORMAL,MAS,136067.65351001953
866.0,37.0,503.42179132870274,1.0,NORMAL,MAS,136571.07530134823
867.0,37.0,873.8477158685233,1.0,NORMAL,MAS,137444.92301721676
868.0,37.0,29.49479362709353,1.0,NORMAL,MAS,137474.41781084385
869.0,37.0,-178.47064121012312,1.0,NORMAL,MAS,137295.94716963373
870.0,37.0,-59.763360759553045,1.0,NORMAL,MAS,137236.18380887416
871.0,37.0,42.78239875268173,1.0,NORMAL,MAS,137278.96620762686
872.0,37.0,528.4746803090314,1.0,NORMAL,MAS,137807.4408879359
873.0,37.0,13.260298772848026,1.0,NORMAL,MAS,137820.70118670876
874.0,37.0,538.7011947249711,1.0,NORMAL,MAS,138359.40238143373
875.0,37.0,536.6153053975232,1.0,NORMAL,MAS,138896.01768683124
876.0,37.0,45.491586365508866,1.0,NORMAL,MAS,138941.50927319675
877.0,37.0,-25.8253999600793,1.0,NORMAL,MAS,138915.68387323667
878.0,37.0,55.274303386767826,1.0,NORMAL,MAS,138970.95817662345
879.0,37.0,65.15301221832395,1.0,NORMAL,MAS,139036.11118884178
880.0,37.0,38.43372020321696,1.0,NORMAL,MAS,139074.54490904498
881.0,37.0,0.0,1.0,NORMAL,MAS,139074.54490904498
882.0,37.0,0.0,1.0,NORMAL,MAS,139074.54490904498
883.0,37.0,0.0,1.0,NORMAL,MAS,139074.54490904498
884.0,37.0,0.0,1.0,NORMAL,MAS,139074.54490904498
885.0,37.0,0.0,1.0,NORMAL,MAS,139074.54490904498
886.0,37.0,0.0,1.0,NORMAL,MAS,139074.54490904498
887.0,37.0,0.0,1.0,NORMAL,MAS,139074.54490904498
168.0,8.0,11.08421999999998,1.0,NORMAL,CENTAUR,11.08421999999998
169.0,8.0,1438.026216239743,1.0,NORMAL,CENTAUR,1449.110436239743
170.0,8.0,513.128496633357,1.0,NORMAL,CENTAUR,1962.2389328731
171.0,8.0,502.1081093820855,1.0,NORMAL,CENTAUR,2464.3470422551854
172.0,8.0,-162.38610920662865,1.0,NORMAL,CENTAUR,2301.960933048557
173.0,8.0,1011.6331779514248,1.0,NORMAL,CENTAUR,3313.5941109999817
174.0,8.0,-86.02358221070287,1.0,NORMAL,CENTAUR,3227.570528789279
175.0,8.0,2375.890457771776,1.0,NORMAL,CENTAUR,5603.460986561055
176.0,8.0,471.5554649193504,1.0,NORMAL,CENTAUR,6075.016451480405
177.0,8.0,193.4812567848097,1.0,NORMAL,CENTAUR,6268.497708265214
178.0,8.0,36.17104071394016,1.0,NORMAL,CENTAUR,6304.668748979154
179.0,8.0,14.36776389153464,1.0,NORMAL,CENTAUR,6319.036512870688
180.0,8.0,0.0,1.0,NORMAL,CENTAUR,6319.036512870688
181.0,8.0,0.0,1.0,NORMAL,CENTAUR,6319.036512870688
182.0,8.0,0.0,1.0,NORMAL,CENTAUR,6319.036512870688
183.0,8.0,0.0,1.0,NORMAL,CENTAUR,6319.036512870688
184.0,8.0,0.0,1.0,NORMAL,CENTAUR,6319.036512870688
185.0,8.0,0.0,1.0,NORMAL,CENTAUR,6319.036512870688
186.0,8.0,0.0,1.0,NORMAL,CENTAUR,6319.036512870688
187.0,8.0,0.0,1.0,NORMAL,CENTAUR,6319.036512870688
188.0,8.0,0.0,1.0,NORMAL,CENTAUR,6319.036512870688
189.0,8.0,0.0,1.0,NORMAL,CENTAUR,6319.036512870688
190.0,8.0,0.0,1.0,NORMAL,CENTAUR,6319.036512870688
191.0,8.0,0.0,1.0,NORMAL,CENTAUR,6319.036512870688
192.0,9.0,-109.26920000000001,1.0,NORMAL,CENTAUR,6209.767312870688
193.0,9.0,-81.49612251061322,1.0,NORMAL,CENTAUR,6128.271190360075
194.0,9.0,-116.59528323597027,1.0,NORMAL,CENTAUR,6011.675907124105
195.0,9.0,423.86424548429017,1.0,NORMAL,CENTAUR,6435.540152608395
196.0,9.0,868.6442994213862,1.0,NORMAL,CENTAUR,7304.184452029782
197.0,9.0,261.3168007756571,1.0,NORMAL,CENTAUR,7565.5012528054385
198.0,9.0,-44.785437700158305,1.0,NORMAL,CENTAUR,7520.71581510528
199.0,9.0,516.0582583339949,1.0,NORMAL,CENTAUR,8036.774073439275
200.0,9.0,1382.534093405354,1.0,NORMAL,CENTAUR,9419.308166844628
201.0,9.0,-88.12327547056114,1.0,NORMAL,CENTAUR,9331.184891374067
202.0,9.0,53.99229371659105,1.0,NORMAL,CENTAUR,9385.177185090657
203.0,9.0,0.0,1.0,NORMAL,CENTAUR,9385.177185090657
204.0,9.0,0.0,1.0,NORMAL,CENTAUR,9385.177185090657
205.0,9.0,0.0,1.0,NORMAL,CENTAUR,9385.177185090657
206.0,9.0,0.0,1.0,NORMAL,CENTAUR,9385.177185090657
207.0,9.0,0.0,1.0,NORMAL,CENTAUR,9385.177185090657
208.0,9.0,0.0,1.0,NORMAL,CENTAUR,9385.177185090657
209.0,9.0,0.0,1.0,NORMAL,CENTAUR,9385.177185090657
210.0,9.0,0.0,1.0,NORMAL,CENTAUR,9385.177185090657
211.0,9.0,0.0,1.0,NORMAL,CENTAUR,9385.177185090657
212.0,9.0,0.0,1.0,NORMAL,CENTAUR,9385.177185090657
213.0,9.0,0.0,1.0,NORMAL,CENTAUR,9385.177185090657
214.0,9.0,0.0,1.0,NORMAL,CENTAUR,9385.177185090657
215.0,9.0,0.0,1.0,NORMAL,CENTAUR,9385.177185090657
216.0,10.0,531.697,1.0,NORMAL,CENTAUR,9916.874185090657
217.0,10.0,518.206830642857,1.0,NORMAL,CENTAUR,10435.081015733515
218.0,10.0,946.3015054334037,1.0,NORMAL,CENTAUR,11381.382521166917
219.0,10.0,384.7542484863817,1.0,NORMAL,CENTAUR,11766.1367696533
220.0,10.0,-65.46708284246208,1.0,NORMAL,CENTAUR,11700.669686810837
221.0,10.0,880.0962655982169,1.0,NORMAL,CENTAUR,12580.765952409054
222.0,10.0,-62.31079794150848,1.0,NORMAL,CENTAUR,12518.455154467545
223.0,10.0,71.69358925955692,1.0,NORMAL,CENTAUR,12590.148743727103
224.0,10.0,683.7509149949224,1.0,NORMAL,CENTAUR,13273.899658722024
225.0,10.0,-229.30561097799148,1.0,NORMAL,CENTAUR,13044.594047744033
226.0,10.0,0.0,1.0,NORMAL,CENTAUR,13044.594047744033
227.0,10.0,0.0,1.0,NORMAL,CENTAUR,13044.594047744033
228.0,10.0,0.0,1.0,NORMAL,CENTAUR,13044.594047744033
229.0,10.0,0.0,1.0,NORMAL,CENTAUR,13044.594047744033
230.0,10.0,0.0,1.0,NORMAL,CENTAUR,13044.594047744033
231.0,10.0,0.0,1.0,NORMAL,CENTAUR,13044.594047744033
232.0,10.0,0.0,1.0,NORMAL,CENTAUR,13044.594047744033
233.0,10.0,0.0,1.0,NORMAL,CENTAUR,13044.594047744033
234.0,10.0,0.0,1.0,NORMAL,CENTAUR,13044.594047744033
235.0,10.0,0.0,1.0,NORMAL,CENTAUR,13044.594047744033
236.0,10.0,0.0,1.0,NORMAL,CENTAUR,13044.594047744033
237.0,10.0,0.0,1.0,NORMAL,CENTAUR,13044.594047744033
238.0,10.0,0.0,1.0,NORMAL,CENTAUR,13044.594047744033
239.0,10.0,0.0,1.0,NORMAL,CENTAUR,13044.594047744033
240.0,11.0,503.9262,1.0,NORMAL,CENTAUR,13548.520247744033
241.0,11.0,-339.1818098289241,1.0,NORMAL,CENTAUR,13209.338437915108
242.0,11.0,-134.73687425209238,1.0,NORMAL,CENTAUR,13074.601563663016
243.0,11.0,-673.649152955799,1.0,NORMAL,CENTAUR,12400.952410707217
244.0,11.0,134.33307545963086,1.0,NORMAL,CENTAUR,12535.285486166847
245.0,11.0,-322.08012556849764,1.0,NORMAL,CENTAUR,12213.20536059835
246.0,11.0,0.0,1.0,NORMAL,CENTAUR,12213.20536059835
247.0,11.0,0.0,1.0,NORMAL,CENTAUR,12213.20536059835
248.0,11.0,0.0,1.0,NORMAL,CENTAUR,12213.20536059835
249.0,11.0,0.0,1.0,NORMAL,CENTAUR,12213.20536059835
250.0,11.0,0.0,1.0,NORMAL,CENTAUR,12213.20536059835
251.0,11.0,0.0,1.0,NORMAL,CENTAUR,12213.20536059835
252.0,11.0,0.0,1.0,NORMAL,CENTAUR,12213.20536059835
253.0,11.0,0.0,1.0,NORMAL,CENTAUR,12213.20536059835
254.0,11.0,0.0,1.0,NORMAL,CENTAUR,12213.20536059835
255.0,11.0,0.0,1.0,NORMAL,CENTAUR,12213.20536059835
256.0,11.0,0.0,1.0,NORMAL,CENTAUR,12213.20536059835
257.0,11.0,0.0,1.0,NORMAL,CENTAUR,12213.20536059835
258.0,11.0,0.0,1.0,NORMAL,CENTAUR,12213.20536059835
259.0,11.0,0.0,1.0,NORMAL,CENTAUR,12213.20536059835
260.0,11.0,0.0,1.0,NORMAL,CENTAUR,12213.20536059835
261.0,11.0,0.0,1.0,NORMAL,CENTAUR,12213.20536059835
262.0,11.0,0.0,1.0,NORMAL,CENTAUR,12213.20536059835
263.0,11.0,0.0,1.0,NORMAL,CENTAUR,12213.20536059835
264.0,12.0,13.645600000000002,1.0,NORMAL,CENTAUR,12226.850960598349
265.0,12.0,540.7218821167211,1.0,NORMAL,CENTAUR,12767.57284271507
266.0,12.0,19.100809062513946,1.0,NORMAL,CENTAUR,12786.673651777584
267.0,12.0,523.4072209653108,1.0,NORMAL,CENTAUR,13310.080872742896
268.0,12.0,31.634921788661718,1.0,NORMAL,CENTAUR,13341.715794531558
269.0,12.0,36.667927581219296,1.0,NORMAL,CENTAUR,13378.383722112776
270.0,12.0,538.6395348516759,1.0,NORMAL,CENTAUR,13917.023256964452
271.0,12.0,538.796547588184,1.0,NORMAL,CENTAUR,14455.819804552637
272.0,12.0,39.914564321559034,1.0,NORMAL,CENTAUR,14495.734368874197
273.0,12.0,27.158892706328103,1.0,NORMAL,CENTAUR,14522.893261580524
274.0,12.0,47.973496774985506,1.0,NORMAL,CENTAUR,14570.86675835551
275.0,12.0,480.7064800610808,1.0,NORMAL,CENTAUR,15051.573238416591
276.0,12.0,-10.975814540457788,1.0,NORMAL,CENTAUR,15040.597423876134
277.0,12.0,56.305277624123676,1.0,NORMAL,CENTAUR,15096.902701500258
278.0,12.0,534.2906717346532,1.0,NORMAL,CENTAUR,15631.19337323491
279.0,12.0,58.55826912399864,1.0,NORMAL,CENTAUR,15689.751642358908
280.0,12.0,53.866241176965595,1.0,NORMAL,CENTAUR,15743.617883535873
281.0,12.0,74.70136446706695,1.0,NORMAL,CENTAUR,15818.319248002941
282.0,12.0,79.83212379182321,1.0,NORMAL,CENTAUR,15898.151371794764
283.0,12.0,78.74425137042408,1.0,NORMAL,CENTAUR,15976.895623165188
284.0,12.0,346.68592737634606,1.0,NORMAL,CENTAUR,16323.581550541534
285.0,12.0,-12.031710769910598,1.0,NORMAL,CENTAUR,16311.549839771624
286.0,12.0,88.11996536853312,1.0,NORMAL,CENTAUR,16399.669805140158
287.0,12.0,25.865742756582424,1.0,NORMAL,CENTAUR,16425.53554789674
288.0,13.0,-82.28594000000001,0.0,CRASH,CENTAUR,16343.24960789674
289.0,13.0,0.0,0.0,CRASH,CENTAUR,16343.24960789674
290.0,13.0,0.0,0.0,CRASH,CENTAUR,16343.24960789674
291.0,13.0,0.0,0.0,CRASH,CENTAUR,16343.24960789674
292.0,13.0,0.0,0.0,CRASH,CENTAUR,16343.24960789674
293.0,13.0,0.0,0.0,CRASH,CENTAUR,16343.24960789674
294.0,13.0,0.0,0.0,CRASH,CENTAUR,16343.24960789674
295.0,13.0,0.0,0.0,CRASH,CENTAUR,16343.24960789674
296.0,13.0,-0.02991224850172179,0.0,CRASH,CENTAUR,16343.219695648238
297.0,13.0,-0.031099828292364025,0.0,CRASH,CENTAUR,16343.188595819945
298.0,13.0,0.0,0.0,CRASH,CENTAUR,16343.188595819945
299.0,13.0,0.0,0.0,CRASH,CENTAUR,16343.188595819945
300.0,13.0,0.0,0.0,CRASH,CENTAUR,16343.188595819945
301.0,13.0,0.0,0.0,CRASH,CENTAUR,16343.188595819945
302.0,13.0,0.0,0.0,CRASH,CENTAUR,16343.188595819945
303.0,13.0,-0.03936491914864445,0.0,CRASH,CENTAUR,16343.149230900797
304.0,13.0,0.0,0.0,CRASH,CENTAUR,16343.149230900797
305.0,13.0,0.0,0.0,CRASH,CENTAUR,16343.149230900797
306.0,13.0,0.0,0.0,CRASH,CENTAUR,16343.149230900797
307.0,13.0,0.0,0.0,CRASH,CENTAUR,16343.149230900797
308.0,13.0,0.0,0.0,CRASH,CENTAUR,16343.149230900797
309.0,13.0,0.0,0.0,CRASH,CENTAUR,16343.149230900797
310.0,13.0,0.0,0.0,CRASH,CENTAUR,16343.149230900797
311.0,13.0,0.0,0.0,CRASH,CENTAUR,16343.149230900797
312.0,14.0,0.0,0.0,CRASH,CENTAUR,16343.149230900797
313.0,14.0,0.0,0.0,CRASH,CENTAUR,16343.149230900797
314.0,14.0,0.0,0.0,CRASH,CENTAUR,16343.149230900797
315.0,14.0,0.0,0.0,CRASH,CENTAUR,16343.149230900797
316.0,14.0,0.0,0.0,CRASH,CENTAUR,16343.149230900797
317.0,14.0,0.0,0.0,CRASH,CENTAUR,16343.149230900797
318.0,14.0,0.0,0.0,CRASH,CENTAUR,16343.149230900797
319.0,14.0,0.0,0.0,CRASH,CENTAUR,16343.149230900797
320.0,14.0,0.0,0.0,CRASH,CENTAUR,16343.149230900797
321.0,14.0,0.0,0.0,CRASH,CENTAUR,16343.149230900797
322.0,14.0,0.0,0.0,CRASH,CENTAUR,16343.149230900797
323.0,14.0,0.0,0.0,CRASH,CENTAUR,16343.149230900797
324.0,14.0,0.0,0.0,CRASH,CENTAUR,16343.149230900797
325.0,14.0,0.0,0.0,CRASH,CENTAUR,16343.149230900797
326.0,14.0,0.0,0.0,CRASH,CENTAUR,16343.149230900797
327.0,14.0,0.0,0.0,CRASH,CENTAUR,16343.149230900797
328.0,14.0,0.0,0.0,CRASH,CENTAUR,16343.149230900797
329.0,14.0,-0.042612081932694966,0.0,CRASH,CENTAUR,16343.106618818865
330.0,14.0,0.0,0.0,CRASH,CENTAUR,16343.106618818865
331.0,14.0,0.0,0.0,CRASH,CENTAUR,16343.106618818865
332.0,14.0,0.0,0.0,CRASH,CENTAUR,16343.106618818865
333.0,14.0,0.0,0.0,CRASH,CENTAUR,16343.106618818865
334.0,14.0,0.0,0.0,CRASH,CENTAUR,16343.106618818865
335.0,14.0,0.0,0.0,CRASH,CENTAUR,16343.106618818865
336.0,15.0,0.0,0.0,CRASH,CENTAUR,16343.106618818865
337.0,15.0,0.0,0.0,CRASH,CENTAUR,16343.106618818865
338.0,15.0,0.0,0.0,CRASH,CENTAUR,16343.106618818865
339.0,15.0,0.0,0.0,CRASH,CENTAUR,16343.106618818865
340.0,15.0,0.0,0.0,CRASH,CENTAUR,16343.106618818865
341.0,15.0,0.0,0.0,CRASH,CENTAUR,16343.106618818865
342.0,15.0,-0.02768050833375483,0.0,CRASH,CENTAUR,16343.078938310531
343.0,15.0,0.0,0.0,CRASH,CENTAUR,16343.078938310531
344.0,15.0,0.0,0.0,CRASH,CENTAUR,16343.078938310531
345.0,15.0,-0.031099828292364025,0.0,CRASH,CENTAUR,16343.047838482238
346.0,15.0,0.0,0.0,CRASH,CENTAUR,16343.047838482238
347.0,15.0,0.0,0.0,CRASH,CENTAUR,16343.047838482238
348.0,15.0,-0.034974425414002565,0.0,CRASH,CENTAUR,16343.012864056824
349.0,15.0,0.0,0.0,CRASH,CENTAUR,16343.012864056824
350.0,15.0,0.0,0.0,CRASH,CENTAUR,16343.012864056824
351.0,15.0,0.0,0.0,CRASH,CENTAUR,16343.012864056824
352.0,15.0,0.0,0.0,CRASH,CENTAUR,16343.012864056824
353.0,15.0,-0.042612081932694966,0.0,CRASH,CENTAUR,16342.970251974892
354.0,15.0,0.0,0.0,CRASH,CENTAUR,16342.970251974892
355.0,15.0,0.0,0.0,CRASH,CENTAUR,16342.970251974892
356.0,15.0,-0.0480195178178565,0.0,CRASH,CENTAUR,16342.922232457075
357.0,15.0,0.0,0.0,CRASH,CENTAUR,16342.922232457075
358.0,15.0,0.0,0.0,CRASH,CENTAUR,16342.922232457075
359.0,15.0,-0.05414694542618535,0.0,CRASH,CENTAUR,16342.868085511649
360.0,16.0,0.0,0.0,CRASH,CENTAUR,16342.868085511649
361.0,16.0,0.0,0.0,CRASH,CENTAUR,16342.868085511649
362.0,16.0,0.0,0.0,CRASH,CENTAUR,16342.868085511649
363.0,16.0,0.0,0.0,CRASH,CENTAUR,16342.868085511649
364.0,16.0,0.0,0.0,CRASH,CENTAUR,16342.868085511649
365.0,16.0,0.0,0.0,CRASH,CENTAUR,16342.868085511649
366.0,16.0,0.0,0.0,CRASH,CENTAUR,16342.868085511649
367.0,16.0,0.0,0.0,CRASH,CENTAUR,16342.868085511649
368.0,16.0,0.0,0.0,CRASH,CENTAUR,16342.868085511649
369.0,16.0,0.0,0.0,CRASH,CENTAUR,16342.868085511649
370.0,16.0,0.0,0.0,CRASH,CENTAUR,16342.868085511649
371.0,16.0,0.0,0.0,CRASH,CENTAUR,16342.868085511649
372.0,16.0,0.0,0.0,CRASH,CENTAUR,16342.868085511649
373.0,16.0,0.0,0.0,CRASH,CENTAUR,16342.868085511649
374.0,16.0,0.0,0.0,CRASH,CENTAUR,16342.868085511649
375.0,16.0,0.0,0.0,CRASH,CENTAUR,16342.868085511649
376.0,16.0,0.0,0.0,CRASH,CENTAUR,16342.868085511649
377.0,16.0,0.0,0.0,CRASH,CENTAUR,16342.868085511649
378.0,16.0,0.0,0.0,CRASH,CENTAUR,16342.868085511649
379.0,16.0,0.0,0.0,CRASH,CENTAUR,16342.868085511649
380.0,16.0,0.0,0.0,CRASH,CENTAUR,16342.868085511649
381.0,16.0,0.0,0.0,CRASH,CENTAUR,16342.868085511649
382.0,16.0,0.0,0.0,CRASH,CENTAUR,16342.868085511649
383.0,16.0,0.0,0.0,CRASH,CENTAUR,16342.868085511649
384.0,17.0,0.0,0.0,CRASH,CENTAUR,16342.868085511649
385.0,17.0,0.0,0.0,CRASH,CENTAUR,16342.868085511649
386.0,17.0,0.0,0.0,CRASH,CENTAUR,16342.868085511649
387.0,17.0,0.0,0.0,CRASH,CENTAUR,16342.868085511649
388.0,17.0,0.0,0.0,CRASH,CENTAUR,16342.868085511649
389.0,17.0,0.0,0.0,CRASH,CENTAUR,16342.868085511649
390.0,17.0,0.0,0.0,CRASH,CENTAUR,16342.868085511649
391.0,17.0,0.0,0.0,CRASH,CENTAUR,16342.868085511649
392.0,17.0,0.0,0.0,CRASH,CENTAUR,16342.868085511649
393.0,17.0,0.0,0.0,CRASH,CENTAUR,16342.868085511649
394.0,17.0,0.0,0.0,CRASH,CENTAUR,16342.868085511649
395.0,17.0,0.0,0.0,CRASH,CENTAUR,16342.868085511649
396.0,17.0,0.0,0.0,CRASH,CENTAUR,16342.868085511649
397.0,17.0,0.0,0.0,CRASH,CENTAUR,16342.868085511649
398.0,17.0,0.0,0.0,CRASH,CENTAUR,16342.868085511649
399.0,17.0,0.0,0.0,CRASH,CENTAUR,16342.868085511649
400.0,17.0,0.0,0.0,CRASH,CENTAUR,16342.868085511649
401.0,17.0,0.0,0.0,CRASH,CENTAUR,16342.868085511649
402.0,17.0,0.0,0.0,CRASH,CENTAUR,16342.868085511649
403.0,17.0,0.0,0.0,CRASH,CENTAUR,16342.868085511649
404.0,17.0,0.0,0.0,CRASH,CENTAUR,16342.868085511649
405.0,17.0,0.0,0.0,CRASH,CENTAUR,16342.868085511649
406.0,17.0,-0.05201880027324258,0.0,CRASH,CENTAUR,16342.816066711375
407.0,17.0,0.0,0.0,CRASH,CENTAUR,16342.816066711375
408.0,18.0,0.0,0.0,CRASH,CENTAUR,16342.816066711375
409.0,18.0,0.0,0.0,CRASH,CENTAUR,16342.816066711375
410.0,18.0,0.0,0.0,CRASH,CENTAUR,16342.816066711375
411.0,18.0,0.0,0.0,CRASH,CENTAUR,16342.816066711375
412.0,18.0,0.0,0.0,CRASH,CENTAUR,16342.816066711375
413.0,18.0,0.0,0.0,CRASH,CENTAUR,16342.816066711375
414.0,18.0,-0.02768050833375483,0.0,CRASH,CENTAUR,16342.788386203041
415.0,18.0,-0.028773134487061883,0.0,CRASH,CENTAUR,16342.759613068554
416.0,18.0,0.0,0.0,CRASH,CENTAUR,16342.759613068554
417.0,18.0,0.0,0.0,CRASH,CENTAUR,16342.759613068554
418.0,18.0,0.0,0.0,CRASH,CENTAUR,16342.759613068554
419.0,18.0,0.0,0.0,CRASH,CENTAUR,16342.759613068554
420.0,18.0,0.0,0.0,CRASH,CENTAUR,16342.759613068554
421.0,18.0,0.0,0.0,CRASH,CENTAUR,16342.759613068554
422.0,18.0,0.0,0.0,CRASH,CENTAUR,16342.759613068554
423.0,18.0,0.0,0.0,CRASH,CENTAUR,16342.759613068554
424.0,18.0,0.0,0.0,CRASH,CENTAUR,16342.759613068554
425.0,18.0,0.0,0.0,CRASH,CENTAUR,16342.759613068554
426.0,18.0,0.0,0.0,CRASH,CENTAUR,16342.759613068554
427.0,18.0,0.0,0.0,CRASH,CENTAUR,16342.759613068554
428.0,18.0,0.0,0.0,CRASH,CENTAUR,16342.759613068554
429.0,18.0,-0.049977505879341966,0.0,CRASH,CENTAUR,16342.709635562675
430.0,18.0,0.0,0.0,CRASH,CENTAUR,16342.709635562675
431.0,18.0,0.0,0.0,CRASH,CENTAUR,16342.709635562675
432.0,19.0,0.0,0.0,CRASH,CENTAUR,16342.709635562675
433.0,19.0,535.2769723949853,1.0,NORMAL,CENTAUR,16877.98660795766
434.0,19.0,-149.81957615178834,1.0,NORMAL,CENTAUR,16728.16703180587
435.0,19.0,-271.49052407721655,1.0,NORMAL,CENTAUR,16456.676507728655
436.0,19.0,112.5241308147126,1.0,NORMAL,CENTAUR,16569.200638543367
437.0,19.0,452.51695855521064,1.0,NORMAL,CENTAUR,17021.717597098577
438.0,19.0,236.91849214996518,1.0,NORMAL,CENTAUR,17258.636089248543
439.0,19.0,474.41666360954315,1.0,NORMAL,CENTAUR,17733.052752858086
440.0,19.0,332.99285698952565,1.0,NORMAL,CENTAUR,18066.045609847613
441.0,19.0,521.6025485311193,1.0,NORMAL,CENTAUR,18587.64815837873
442.0,19.0,-115.24344327097407,1.0,NORMAL,CENTAUR,18472.404715107758
443.0,19.0,0.0,1.0,NORMAL,CENTAUR,18472.404715107758
444.0,19.0,577.2043411988208,1.0,NORMAL,CENTAUR,19049.609056306577
445.0,19.0,59.70432035254024,1.0,NORMAL,CENTAUR,19109.313376659116
446.0,19.0,1087.0197878540262,1.0,NORMAL,CENTAUR,20196.333164513144
447.0,19.0,506.36025653748226,1.0,NORMAL,CENTAUR,20702.693421050626
448.0,19.0,36.725310178086005,1.0,NORMAL,CENTAUR,20739.41873122871
449.0,19.0,1050.6469212574445,1.0,NORMAL,CENTAUR,21790.065652486155
450.0,19.0,45.83259489718414,1.0,NORMAL,CENTAUR,21835.89824738334
451.0,19.0,19.421831838081395,1.0,NORMAL,CENTAUR,21855.32007922142
452.0,19.0,35.148696361869696,1.0,NORMAL,CENTAUR,21890.46877558329
453.0,19.0,45.164898538084195,1.0,NORMAL,CENTAUR,21935.633674121374
454.0,19.0,23.921032570034225,1.0,NORMAL,CENTAUR,21959.554706691408
455.0,19.0,587.3784646950247,1.0,NORMAL,CENTAUR,22546.933171386434
456.0,20.0,17.071839999999998,1.0,NORMAL,CENTAUR,22564.005011386434
457.0,20.0,13.707901128679083,1.0,NORMAL,CENTAUR,22577.712912515115
458.0,20.0,527.2046649074916,1.0,NORMAL,CENTAUR,23104.917577422606
459.0,20.0,23.04876679075061,1.0,NORMAL,CENTAUR,23127.966344213357
460.0,20.0,18.46763279347087,1.0,NORMAL,CENTAUR,23146.43397700683
461.0,20.0,27.827222453397788,1.0,NORMAL,CENTAUR,23174.261199460227
462.0,20.0,552.1899834765233,1.0,NORMAL,CENTAUR,23726.45118293675
463.0,20.0,37.848152457789794,1.0,NORMAL,CENTAUR,23764.299335394542
464.0,20.0,42.794555531106404,1.0,NORMAL,CENTAUR,23807.093890925647
465.0,20.0,47.45248037812881,1.0,NORMAL,CENTAUR,23854.546371303775
466.0,20.0,63.75452953450366,1.0,NORMAL,CENTAUR,23918.30090083828
467.0,20.0,534.8754094436872,1.0,NORMAL,CENTAUR,24453.176310281968
468.0,20.0,682.7071133119096,1.3,HOLIDAY,CENTAUR,25135.883423593878
469.0,20.0,55.170039955769106,1.3,HOLIDAY,CENTAUR,25191.053463549648
470.0,20.0,57.18247677499881,1.3,HOLIDAY,CENTAUR,25248.23594032465
471.0,20.0,650.88504149339,1.3,HOLIDAY,CENTAUR,25899.12098181804
472.0,20.0,0.0,1.3,HOLIDAY,CENTAUR,25899.12098181804
473.0,20.0,0.0,1.3,HOLIDAY,CENTAUR,25899.12098181804
474.0,20.0,-148.46727211159728,1.3,HOLIDAY,CENTAUR,25750.653709706443
475.0,20.0,1311.717119748017,1.3,HOLIDAY,CENTAUR,27062.37082945446
476.0,20.0,239.87847333264696,1.3,HOLIDAY,CENTAUR,27302.249302787106
477.0,20.0,1364.2567486786327,1.3,HOLIDAY,CENTAUR,28666.506051465738
478.0,20.0,1824.077049699528,1.3,HOLIDAY,CENTAUR,30490.583101165266
479.0,20.0,519.7068752008975,1.3,HOLIDAY,CENTAUR,31010.289976366163
480.0,21.0,645.3962,1.3,HOLIDAY,CENTAUR,31655.68617636616
481.0,21.0,668.7080898074424,1.3,HOLIDAY,CENTAUR,32324.394266173604
482.0,21.0,357.2441988751226,1.3,HOLIDAY,CENTAUR,32681.638465048727
483.0,21.0,1895.8569936645085,1.3,HOLIDAY,CENTAUR,34577.49545871324
484.0,21.0,2160.1944684319897,1.3,HOLIDAY,CENTAUR,36737.68992714523
485.0,21.0,-42.16665324571841,1.3,HOLIDAY,CENTAUR,36695.52327389951
486.0,21.0,678.1470708850326,1.3,HOLIDAY,CENTAUR,37373.67034478454
487.0,21.0,658.0275562245682,1.3,HOLIDAY,CENTAUR,38031.69790100911
488.0,21.0,1274.5926928960014,1.3,HOLIDAY,CENTAUR,39306.29059390511
489.0,21.0,1094.2267443137264,1.3,HOLIDAY,CENTAUR,40400.51733821884
490.0,21.0,714.083077642124,1.3,HOLIDAY,CENTAUR,41114.60041586096
491.0,21.0,1267.9108180309045,1.3,HOLIDAY,CENTAUR,42382.51123389186
492.0,21.0,91.54513171192231,1.3,HOLIDAY,CENTAUR,42474.056365603785
493.0,21.0,116.75897328399478,1.3,HOLIDAY,CENTAUR,42590.815338887776
494.0,21.0,0.0,1.3,HOLIDAY,CENTAUR,42590.815338887776
495.0,21.0,0.016682459574322225,1.3,HOLIDAY,CENTAUR,42590.83202134735
496.0,21.0,738.6499845690095,1.3,HOLIDAY,CENTAUR,43329.48200591636
497.0,21.0,735.2522633363085,1.3,HOLIDAY,CENTAUR,44064.73426925267
498.0,21.0,733.3360705463244,1.3,HOLIDAY,CENTAUR,44798.070339799
499.0,21.0,149.91562007338248,1.3,HOLIDAY,CENTAUR,44947.985959872385
500.0,21.0,0.0,1.3,HOLIDAY,CENTAUR,44947.985959872385
501.0,21.0,0.0,1.3,HOLIDAY,CENTAUR,44947.985959872385
502.0,21.0,0.0,1.3,HOLIDAY,CENTAUR,44947.985959872385
503.0,21.0,0.0,1.3,HOLIDAY,CENTAUR,44947.985959872385
504.0,22.0,0.0,1.3,HOLIDAY,CENTAUR,44947.985959872385
505.0,22.0,49.11062677378578,1.3,HOLIDAY,CENTAUR,44997.09658664617
506.0,22.0,0.0,1.3,HOLIDAY,CENTAUR,44997.09658664617
507.0,22.0,667.9017680679688,1.3,HOLIDAY,CENTAUR,45664.99835471414
508.0,22.0,1125.9502986302573,1.3,HOLIDAY,CENTAUR,46790.94865334439
509.0,22.0,1270.8718119010332,1.3,HOLIDAY,CENTAUR,48061.82046524542
510.0,22.0,1903.9955297432903,1.3,HOLIDAY,CENTAUR,49965.81599498871
511.0,22.0,78.62242496582218,1.3,HOLIDAY,CENTAUR,50044.43841995453
512.0,22.0,0.0,1.3,HOLIDAY,CENTAUR,50044.43841995453
513.0,22.0,0.0,1.3,HOLIDAY,CENTAUR,50044.43841995453
514.0,22.0,699.8341011809354,1.3,HOLIDAY,CENTAUR,50744.27252113547
515.0,22.0,1275.6166815232302,1.3,HOLIDAY,CENTAUR,52019.8892026587
516.0,22.0,1914.3635509421144,1.3,HOLIDAY,CENTAUR,53934.25275360081
517.0,22.0,421.44367693199786,1.3,HOLIDAY,CENTAUR,54355.69643053281
518.0,22.0,-31.25240796640321,1.3,HOLIDAY,CENTAUR,54324.44402256641
519.0,22.0,1164.0960491900676,1.3,HOLIDAY,CENTAUR,55488.54007175648
520.0,22.0,1596.520224731018,1.3,HOLIDAY,CENTAUR,57085.06029648749
521.0,22.0,931.4486227419889,1.3,HOLIDAY,CENTAUR,58016.50891922948
522.0,22.0,0.0,1.3,HOLIDAY,CENTAUR,58016.50891922948
523.0,22.0,0.0,1.3,HOLIDAY,CENTAUR,58016.50891922948
524.0,22.0,0.0,1.3,HOLIDAY,CENTAUR,58016.50891922948
525.0,22.0,0.0,1.3,HOLIDAY,CENTAUR,58016.50891922948
526.0,22.0,0.0,1.3,HOLIDAY,CENTAUR,58016.50891922948
527.0,22.0,0.0,1.3,HOLIDAY,CENTAUR,58016.50891922948
528.0,23.0,0.0,1.3,HOLIDAY,CENTAUR,58016.50891922948
529.0,23.0,1256.4191981040951,1.3,HOLIDAY,CENTAUR,59272.92811733358
530.0,23.0,380.20051782004714,1.3,HOLIDAY,CENTAUR,59653.128635153626
531.0,23.0,1787.667265496202,1.3,HOLIDAY,CENTAUR,61440.79590064983
532.0,23.0,886.1769071363956,1.3,HOLIDAY,CENTAUR,62326.972807786224
533.0,23.0,1299.878026626677,1.3,HOLIDAY,CENTAUR,63626.8508344129
534.0,23.0,1147.7499241339758,1.3,HOLIDAY,CENTAUR,64774.600758546876
535.0,23.0,97.15041945315085,1.3,HOLIDAY,CENTAUR,64871.75117800003
536.0,23.0,640.9807920722683,1.3,HOLIDAY,CENTAUR,65512.731970072295
537.0,23.0,706.7893858741858,1.3,HOLIDAY,CENTAUR,66219.52135594648
538.0,23.0,77.97727831485565,1.3,HOLIDAY,CENTAUR,66297.49863426133
539.0,23.0,697.5923170208712,1.3,HOLIDAY,CENTAUR,66995.0909512822
540.0,23.0,674.9444389530721,1.3,HOLIDAY,CENTAUR,67670.03539023527
541.0,23.0,93.94813910222811,1.3,HOLIDAY,CENTAUR,67763.98352933749
542.0,23.0,1280.4985140102822,1.3,HOLIDAY,CENTAUR,69044.48204334777
543.0,23.0,535.0451616489502,1.3,HOLIDAY,CENTAUR,69579.52720499672
544.0,23.0,1353.9625327432489,1.3,HOLIDAY,CENTAUR,70933.48973773996
545.0,23.0,65.38295427786464,1.3,HOLIDAY,CENTAUR,70998.87269201783
546.0,23.0,0.0,1.3,HOLIDAY,CENTAUR,70998.87269201783
547.0,23.0,0.0,1.3,HOLIDAY,CENTAUR,70998.87269201783
548.0,23.0,0.0,1.3,HOLIDAY,CENTAUR,70998.87269201783
549.0,23.0,0.0,1.3,HOLIDAY,CENTAUR,70998.87269201783
550.0,23.0,0.0,1.3,HOLIDAY,CENTAUR,70998.87269201783
551.0,23.0,0.0,1.3,HOLIDAY,CENTAUR,70998.87269201783
552.0,24.0,1783.348,1.3,HOLIDAY,CENTAUR,72782.22069201783
553.0,24.0,1853.1081733879023,1.3,HOLIDAY,CENTAUR,74635.32886540573
554.0,24.0,2.3803546212142663,1.3,HOLIDAY,CENTAUR,74637.70922002694
555.0,24.0,-150.58730967967662,1.3,HOLIDAY,CENTAUR,74487.12191034727
556.0,24.0,1115.1085011062323,1.3,HOLIDAY,CENTAUR,75602.2304114535
557.0,24.0,534.4884613536354,1.3,HOLIDAY,CENTAUR,76136.71887280715
558.0,24.0,573.1228089274998,1.3,HOLIDAY,CENTAUR,76709.84168173464
559.0,24.0,1286.6038613193336,1.3,HOLIDAY,CENTAUR,77996.44554305398
560.0,24.0,62.8239331211186,1.3,HOLIDAY,CENTAUR,78059.2694761751
561.0,24.0,675.3871791673299,1.3,HOLIDAY,CENTAUR,78734.65665534243
562.0,24.0,74.75838747544393,1.3,HOLIDAY,CENTAUR,78809.41504281788
563.0,24.0,1292.140474345672,1.3,HOLIDAY,CENTAUR,80101.55551716355
564.0,24.0,649.8555176325741,1.3,HOLIDAY,CENTAUR,80751.41103479613
565.0,24.0,29.574966536632317,1.3,HOLIDAY,CENTAUR,80780.98600133276
566.0,24.0,87.86258075794116,1.3,HOLIDAY,CENTAUR,80868.8485820907
567.0,24.0,706.123096067597,1.3,HOLIDAY,CENTAUR,81574.9716781583
568.0,24.0,67.19093611473059,1.3,HOLIDAY,CENTAUR,81642.16261427302
569.0,24.0,48.23623488591595,1.3,HOLIDAY,CENTAUR,81690.39884915894
570.0,24.0,83.53020852387073,1.3,HOLIDAY,CENTAUR,81773.9290576828
571.0,24.0,769.1298995945758,1.3,HOLIDAY,CENTAUR,82543.05895727738
572.0,24.0,132.89554919771294,1.3,HOLIDAY,CENTAUR,82675.95450647509
573.0,24.0,0.0,1.3,HOLIDAY,CENTAUR,82675.95450647509
574.0,24.0,0.0,1.3,HOLIDAY,CENTAUR,82675.95450647509
575.0,24.0,0.0,1.3,HOLIDAY,CENTAUR,82675.95450647509
576.0,25.0,663.2295,1.3,HOLIDAY,CENTAUR,83339.18400647509
577.0,25.0,18.975752753632023,1.3,HOLIDAY,CENTAUR,83358.15975922871
578.0,25.0,1197.3627360142416,1.3,HOLIDAY,CENTAUR,84555.52249524296
579.0,25.0,641.8992095015428,1.3,HOLIDAY,CENTAUR,85197.4217047445
580.0,25.0,586.4278121839918,1.3,HOLIDAY,CENTAUR,85783.84951692849
581.0,25.0,629.9100803009516,1.3,HOLIDAY,CENTAUR,86413.75959722944
582.0,25.0,0.0,1.3,HOLIDAY,CENTAUR,86413.75959722944
583.0,25.0,0.0,1.3,HOLIDAY,CENTAUR,86413.75959722944
584.0,25.0,84.47790887433779,1.3,HOLIDAY,CENTAUR,86498.23750610377
585.0,25.0,1922.1471112537638,1.3,HOLIDAY,CENTAUR,88420.38461735754
586.0,25.0,0.0,1.3,HOLIDAY,CENTAUR,88420.38461735754
587.0,25.0,0.0,1.3,HOLIDAY,CENTAUR,88420.38461735754
588.0,25.0,669.6353915892906,1.3,HOLIDAY,CENTAUR,89090.02000894684
589.0,25.0,1162.8328900280098,1.3,HOLIDAY,CENTAUR,90252.85289897484
590.0,25.0,1879.7322540296318,1.3,HOLIDAY,CENTAUR,92132.58515300447
591.0,25.0,1225.0415951642299,1.3,HOLIDAY,CENTAUR,93357.62674816871
592.0,25.0,1740.9875540241255,1.3,HOLIDAY,CENTAUR,95098.61430219283
593.0,25.0,205.22749743847493,1.3,HOLIDAY,CENTAUR,95303.84179963131
594.0,25.0,1314.4441740980744,1.3,HOLIDAY,CENTAUR,96618.28597372938
595.0,25.0,640.7189300476728,1.3,HOLIDAY,CENTAUR,97259.00490377705
596.0,25.0,0.0,1.3,HOLIDAY,CENTAUR,97259.00490377705
597.0,25.0,0.0,1.3,HOLIDAY,CENTAUR,97259.00490377705
598.0,25.0,0.0,1.3,HOLIDAY,CENTAUR,97259.00490377705
599.0,25.0,0.0,1.3,HOLIDAY,CENTAUR,97259.00490377705
600.0,26.0,554.8694,1.3,HOLIDAY,CENTAUR,97813.87430377705
601.0,26.0,427.45940960419443,1.3,HOLIDAY,CENTAUR,98241.33371338125
602.0,26.0,1852.2816064476406,1.3,HOLIDAY,CENTAUR,100093.61531982888
603.0,26.0,661.7470722451362,1.3,HOLIDAY,CENTAUR,100755.36239207402
604.0,26.0,1140.9759259640764,1.3,HOLIDAY,CENTAUR,101896.33831803809
605.0,26.0,1863.0793291159034,1.3,HOLIDAY,CENTAUR,103759.417647154
606.0,26.0,0.0,1.3,HOLIDAY,CENTAUR,103759.417647154
607.0,26.0,0.0,1.3,HOLIDAY,CENTAUR,103759.417647154
608.0,26.0,71.84796660068403,1.3,HOLIDAY,CENTAUR,103831.26561375469
609.0,26.0,1036.7917291704507,1.3,HOLIDAY,CENTAUR,104868.05734292514
610.0,26.0,46.11924689788674,1.3,HOLIDAY,CENTAUR,104914.17658982302
611.0,26.0,1902.8866486644379,1.3,HOLIDAY,CENTAUR,106817.06323848746
612.0,26.0,603.7500997990696,1.3,HOLIDAY,CENTAUR,107420.81333828653
613.0,26.0,625.3176469706918,1.3,HOLIDAY,CENTAUR,108046.13098525723
614.0,26.0,676.4922119189309,1.3,HOLIDAY,CENTAUR,108722.62319717616
615.0,26.0,1909.707139112335,1.3,HOLIDAY,CENTAUR,110632.33033628849
616.0,26.0,134.58443460481942,1.3,HOLIDAY,CENTAUR,110766.91477089332
617.0,26.0,0.0,1.3,HOLIDAY,CENTAUR,110766.91477089332
618.0,26.0,0.0,1.3,HOLIDAY,CENTAUR,110766.91477089332
619.0,26.0,0.0,1.3,HOLIDAY,CENTAUR,110766.91477089332
620.0,26.0,0.0,1.3,HOLIDAY,CENTAUR,110766.91477089332
621.0,26.0,0.0,1.3,HOLIDAY,CENTAUR,110766.91477089332
622.0,26.0,0.0,1.3,HOLIDAY,CENTAUR,110766.91477089332
623.0,26.0,0.0,1.3,HOLIDAY,CENTAUR,110766.91477089332
624.0,27.0,0.0,1.3,HOLIDAY,CENTAUR,110766.91477089332
625.0,27.0,0.008425469051899915,1.0,NORMAL,CENTAUR,110766.92319636238
626.0,27.0,550.8949342612613,1.0,NORMAL,CENTAUR,111317.81813062364
627.0,27.0,418.9937879487094,1.0,NORMAL,CENTAUR,111736.81191857235
628.0,27.0,1833.6991858646552,1.0,NORMAL,CENTAUR,113570.511104437
629.0,27.0,-22.97966780822034,1.0,NORMAL,CENTAUR,113547.53143662878
630.0,27.0,187.19337718045574,1.0,NORMAL,CENTAUR,113734.72481380924
631.0,27.0,187.87616808310116,1.0,NORMAL,CENTAUR,113922.60098189233
632.0,27.0,-281.9069950501147,1.0,NORMAL,CENTAUR,113640.69398684222
633.0,27.0,921.6842141133266,1.0,NORMAL,CENTAUR,114562.37820095554
634.0,27.0,301.8566917055546,1.0,NORMAL,CENTAUR,114864.2348926611
635.0,27.0,195.0752710397419,1.0,NORMAL,CENTAUR,115059.31016370084
636.0,27.0,0.0,1.0,NORMAL,CENTAUR,115059.31016370084
637.0,27.0,0.0,1.0,NORMAL,CENTAUR,115059.31016370084
638.0,27.0,0.0,1.0,NORMAL,CENTAUR,115059.31016370084
639.0,27.0,0.0,1.0,NORMAL,CENTAUR,115059.31016370084
640.0,27.0,0.0,1.0,NORMAL,CENTAUR,115059.31016370084
641.0,27.0,0.0,1.0,NORMAL,CENTAUR,115059.31016370084
642.0,27.0,0.0,1.0,NORMAL,CENTAUR,115059.31016370084
643.0,27.0,0.0,1.0,NORMAL,CENTAUR,115059.31016370084
644.0,27.0,0.0,1.0,NORMAL,CENTAUR,115059.31016370084
645.0,27.0,0.0,1.0,NORMAL,CENTAUR,115059.31016370084
646.0,27.0,0.0,1.0,NORMAL,CENTAUR,115059.31016370084
647.0,27.0,0.0,1.0,NORMAL,CENTAUR,115059.31016370084
648.0,28.0,502.2451,1.0,NORMAL,CENTAUR,115561.55526370084
649.0,28.0,2.1906219534939777,1.0,NORMAL,CENTAUR,115563.74588565434
650.0,28.0,2.763326947093293,1.0,NORMAL,CENTAUR,115566.50921260144
651.0,28.0,3.0327324724671856,1.0,NORMAL,CENTAUR,115569.5419450739
652.0,28.0,503.8674195835983,1.0,NORMAL,CENTAUR,116073.40936465749
653.0,28.0,5.331224658921084,1.0,NORMAL,CENTAUR,116078.74058931641
654.0,28.0,0.7133971267222026,1.0,NORMAL,CENTAUR,116079.45398644313
655.0,28.0,2.0171303871915063,1.0,NORMAL,CENTAUR,116081.47111683032
656.0,28.0,4.937879315605549,1.0,NORMAL,CENTAUR,116086.40899614592
657.0,28.0,2.6174100943277203,1.0,NORMAL,CENTAUR,116089.02640624026
658.0,28.0,3.5292834143204117,1.0,NORMAL,CENTAUR,116092.55568965457
659.0,28.0,4.779906913168376,1.0,NORMAL,CENTAUR,116097.33559656775
660.0,28.0,1.5646189723561386,1.0,NORMAL,CENTAUR,116098.90021554011
661.0,28.0,3.584531449562815,1.0,NORMAL,CENTAUR,116102.48474698968
662.0,28.0,5.916993185414747,1.0,NORMAL,CENTAUR,116108.40174017509
663.0,28.0,5.004737872296667,1.0,NORMAL,CENTAUR,116113.40647804739
664.0,28.0,7.340482972429639,1.0,NORMAL,CENTAUR,116120.74696101982
665.0,28.0,4.260547974507712,1.0,NORMAL,CENTAUR,116125.00750899433
666.0,28.0,508.65154396789103,1.0,NORMAL,CENTAUR,116633.65905296222
667.0,28.0,10.757904931651936,1.0,NORMAL,CENTAUR,116644.41695789387
668.0,28.0,12.668884622083734,1.0,NORMAL,CENTAUR,116657.08584251595
669.0,28.0,16.628774523096784,1.0,NORMAL,CENTAUR,116673.71461703905
670.0,28.0,11.093522087869221,1.0,NORMAL,CENTAUR,116684.80813912692
671.0,28.0,10.665511350808577,1.0,NORMAL,CENTAUR,116695.47365047772
672.0,29.0,4.27552,1.0,NORMAL,CENTAUR,116699.74917047772
673.0,29.0,9.672438471581103,1.0,NORMAL,CENTAUR,116709.4216089493
674.0,29.0,501.0248418282936,1.0,NORMAL,CENTAUR,117210.44645077758
675.0,29.0,4.755604461364467,1.0,NORMAL,CENTAUR,117215.20205523894
676.0,29.0,9.084551477938568,1.0,NORMAL,CENTAUR,117224.28660671688
677.0,29.0,5.0362834595740615,1.0,NORMAL,CENTAUR,117229.32289017645
678.0,29.0,8.25669639128552,1.0,NORMAL,CENTAUR,117237.57958656774
679.0,29.0,7.49236124624336,1.0,NORMAL,CENTAUR,117245.07194781398
680.0,29.0,11.083805425518083,1.0,NORMAL,CENTAUR,117256.1557532395
681.0,29.0,15.218276891943232,1.0,NORMAL,CENTAUR,117271.37403013144
682.0,29.0,19.18047014971469,1.0,NORMAL,CENTAUR,117290.55450028116
683.0,29.0,10.514938718612875,1.0,NORMAL,CENTAUR,117301.06943899977
684.0,29.0,26.71123304491482,1.0,NORMAL,CENTAUR,117327.78067204468
685.0,29.0,515.735044851158,1.0,NORMAL,CENTAUR,117843.51571689584
686.0,29.0,1015.3389980270656,1.0,NORMAL,CENTAUR,118858.8547149229
687.0,29.0,24.709558647698845,1.0,NORMAL,CENTAUR,118883.56427357059
688.0,29.0,23.76376498281632,1.0,NORMAL,CENTAUR,118907.3280385534
689.0,29.0,27.283872637473273,1.0,NORMAL,CENTAUR,118934.61191119088
690.0,29.0,38.11743663032477,1.0,NORMAL,CENTAUR,118972.72934782121
691.0,29.0,565.3187317972436,1.0,NORMAL,CENTAUR,119538.04807961846
692.0,29.0,549.4031028654144,1.0,NORMAL,CENTAUR,120087.45118248387
693.0,29.0,32.28146830320157,1.0,NORMAL,CENTAUR,120119.73265078707
694.0,29.0,36.04583597202681,1.0,NORMAL,CENTAUR,120155.7784867591
695.0,29.0,42.93552005325505,1.0,NORMAL,CENTAUR,120198.71400681236
696.0,30.0,524.6764000000001,1.0,NORMAL,CENTAUR,120723.39040681235
697.0,30.0,22.597107997195568,1.0,NORMAL,CENTAUR,120745.98751480955
698.0,30.0,543.1304178026965,1.0,NORMAL,CENTAUR,121289.11793261224
699.0,30.0,12.102748806586124,1.0,NORMAL,CENTAUR,121301.22068141882
700.0,30.0,525.2524057772922,1.0,NORMAL,CENTAUR,121826.47308719612
701.0,30.0,547.1559133687269,1.0,NORMAL,CENTAUR,122373.62900056485
702.0,30.0,31.31825310590053,1.0,NORMAL,CENTAUR,122404.94725367075
703.0,30.0,1032.415840311555,1.0,NORMAL,CENTAUR,123437.3630939823
704.0,30.0,1027.5158945729972,1.0,NORMAL,CENTAUR,124464.8789885553
705.0,30.0,549.4426452567069,1.0,NORMAL,CENTAUR,125014.32163381201
706.0,30.0,543.9184095664687,1.0,NORMAL,CENTAUR,125558.24004337848
707.0,30.0,-30.648748263337545,1.0,NORMAL,CENTAUR,125527.59129511514
708.0,30.0,497.4411845878734,1.0,NORMAL,CENTAUR,126025.03247970302
709.0,30.0,547.2314332531258,1.0,NORMAL,CENTAUR,126572.26391295614
710.0,30.0,392.7765438018261,1.0,NORMAL,CENTAUR,126965.04045675797
711.0,30.0,996.2265168151783,1.0,NORMAL,CENTAUR,127961.26697357315
712.0,30.0,-88.70191732295949,1.0,NORMAL,CENTAUR,127872.56505625018
713.0,30.0,799.4693169201126,1.0,NORMAL,CENTAUR,128672.03437317029
714.0,30.0,397.84681157183934,1.0,NORMAL,CENTAUR,129069.88118474213
715.0,30.0,548.606563302288,1.0,NORMAL,CENTAUR,129618.48774804441
716.0,30.0,3.050406895987293,1.0,NORMAL,CENTAUR,129621.5381549404
717.0,30.0,0.0,1.0,NORMAL,CENTAUR,129621.5381549404
718.0,30.0,0.0,1.0,NORMAL,CENTAUR,129621.5381549404
719.0,30.0,0.0,1.0,NORMAL,CENTAUR,129621.5381549404
720.0,31.0,-5.136600000000021,1.0,NORMAL,CENTAUR,129616.4015549404
721.0,31.0,482.2183199850795,1.0,NORMAL,CENTAUR,130098.61987492548
722.0,31.0,995.6341238138831,1.0,NORMAL,CENTAUR,131094.25399873935
723.0,31.0,512.5274094080349,1.0,NORMAL,CENTAUR,131606.7814081474
724.0,31.0,17.841230441938727,1.0,NORMAL,CENTAUR,131624.62263858932
725.0,31.0,13.615162506967895,1.0,NORMAL,CENTAUR,131638.2378010963
726.0,31.0,13.540453077304909,1.0,NORMAL,CENTAUR,131651.77825417358
727.0,31.0,12.98068665762527,1.0,NORMAL,CENTAUR,131664.7589408312
728.0,31.0,518.6866921269327,1.0,NORMAL,CENTAUR,132183.44563295814
729.0,31.0,512.629325478886,1.0,NORMAL,CENTAUR,132696.07495843704
730.0,31.0,13.058875391704078,1.0,NORMAL,CENTAUR,132709.13383382873
731.0,31.0,11.051488484537154,1.0,NORMAL,CENTAUR,132720.18532231328
732.0,31.0,513.0382526808237,1.0,NORMAL,CENTAUR,133233.2235749941
733.0,31.0,512.7186011897861,1.0,NORMAL,CENTAUR,133745.9421761839
734.0,31.0,18.282230565465568,1.0,NORMAL,CENTAUR,133764.22440674936
735.0,31.0,22.63259243069573,1.0,NORMAL,CENTAUR,133786.85699918005
736.0,31.0,559.7175256987364,1.0,NORMAL,CENTAUR,134346.5745248788
737.0,31.0,40.74924719108949,1.0,NORMAL,CENTAUR,134387.32377206988
738.0,31.0,21.577177086987287,1.0,NORMAL,CENTAUR,134408.90094915687
739.0,31.0,52.93591701508214,1.0,NORMAL,CENTAUR,134461.83686617194
740.0,31.0,61.494723936076625,1.0,NORMAL,CENTAUR,134523.33159010802
741.0,31.0,33.260847359134516,1.0,NORMAL,CENTAUR,134556.59243746716
742.0,31.0,60.75724143675397,1.0,NORMAL,CENTAUR,134617.3496789039
743.0,31.0,571.8185983840324,1.0,NORMAL,CENTAUR,135189.16827728794
744.0,32.0,0.0,1.0,NORMAL,CENTAUR,135189.16827728794
745.0,32.0,0.0,1.0,NORMAL,CENTAUR,135189.16827728794
746.0,32.0,0.00886904049521229,1.0,NORMAL,CENTAUR,135189.17714632844
747.0,32.0,0.0,1.0,NORMAL,CENTAUR,135189.17714632844
748.0,32.0,282.35919970272664,1.0,NORMAL,CENTAUR,135471.53634603118
749.0,32.0,865.9929432697007,1.0,NORMAL,CENTAUR,136337.52928930087
750.0,32.0,676.6861121910508,1.0,NORMAL,CENTAUR,137014.21540149194
751.0,32.0,42.60256666213759,1.0,NORMAL,CENTAUR,137056.81796815406
752.0,32.0,869.1496120038083,1.0,NORMAL,CENTAUR,137925.96758015789
753.0,32.0,530.1296712156308,1.0,NORMAL,CENTAUR,138456.09725137352
754.0,32.0,280.9219448138473,1.0,NORMAL,CENTAUR,138737.01919618738
755.0,32.0,220.6926058607383,1.0,NORMAL,CENTAUR,138957.7118020481
756.0,32.0,555.3919236595851,1.0,NORMAL,CENTAUR,139513.1037257077
757.0,32.0,-181.5784485120595,1.0,NORMAL,CENTAUR,139331.52527719564
758.0,32.0,5.93052520093282,1.0,NORMAL,CENTAUR,139337.45580239658
759.0,32.0,0.0,1.0,NORMAL,CENTAUR,139337.45580239658
760.0,32.0,0.0,1.0,NORMAL,CENTAUR,139337.45580239658
761.0,32.0,0.0,1.0,NORMAL,CENTAUR,139337.45580239658
762.0,32.0,0.0,1.0,NORMAL,CENTAUR,139337.45580239658
763.0,32.0,0.0,1.0,NORMAL,CENTAUR,139337.45580239658
764.0,32.0,0.0,1.0,NORMAL,CENTAUR,139337.45580239658
765.0,32.0,0.0,1.0,NORMAL,CENTAUR,139337.45580239658
766.0,32.0,0.0,1.0,NORMAL,CENTAUR,139337.45580239658
767.0,32.0,0.0,1.0,NORMAL,CENTAUR,139337.45580239658
768.0,33.0,4.84376,1.0,NORMAL,CENTAUR,139342.29956239657
769.0,33.0,8.396990966504491,1.0,NORMAL,CENTAUR,139350.6965533631
770.0,33.0,7.574958796555865,1.0,NORMAL,CENTAUR,139358.27151215964
771.0,33.0,9.569997275272144,1.0,NORMAL,CENTAUR,139367.84150943492
772.0,33.0,518.857111182244,1.0,NORMAL,CENTAUR,139886.69862061716
773.0,33.0,7.184330207669088,1.0,NORMAL,CENTAUR,139893.88295082483
774.0,33.0,6.626755774753831,1.0,NORMAL,CENTAUR,139900.50970659958
775.0,33.0,4.526957539010596,1.0,NORMAL,CENTAUR,139905.03666413858
776.0,33.0,21.70849567980311,1.0,NORMAL,CENTAUR,139926.74515981838
777.0,33.0,527.3075698678373,1.0,NORMAL,CENTAUR,140454.05272968623
778.0,33.0,27.90069735603816,1.0,NORMAL,CENTAUR,140481.95342704226
779.0,33.0,563.3308210558961,1.0,NORMAL,CENTAUR,141045.28424809815
780.0,33.0,525.5226998868192,1.0,NORMAL,CENTAUR,141570.80694798497
781.0,33.0,557.0054395165364,1.0,NORMAL,CENTAUR,142127.8123875015
782.0,33.0,38.94354865919108,1.0,NORMAL,CENTAUR,142166.75593616068
783.0,33.0,55.465841592706525,1.0,NORMAL,CENTAUR,142222.22177775338
784.0,33.0,29.019550791075947,1.0,NORMAL,CENTAUR,142251.24132854445
785.0,33.0,4.307960620610553,1.0,NORMAL,CENTAUR,142255.54928916506
786.0,33.0,572.5720307694925,1.0,NORMAL,CENTAUR,142828.12131993455
787.0,33.0,1047.2414893843352,1.0,NORMAL,CENTAUR,143875.36280931887
788.0,33.0,59.46413073752871,1.0,NORMAL,CENTAUR,143934.8269400564
789.0,33.0,578.9390696359872,1.0,NORMAL,CENTAUR,144513.7660096924
790.0,33.0,55.50649632557699,1.0,NORMAL,CENTAUR,144569.27250601797
791.0,33.0,583.1715098727672,1.0,NORMAL,CENTAUR,145152.44401589074
792.0,34.0,541.4093,1.0,NORMAL,CENTAUR,145693.85331589074
793.0,34.0,540.3706480643625,1.0,NORMAL,CENTAUR,146234.2239639551
794.0,34.0,544.1949316287976,1.0,NORMAL,CENTAUR,146778.4188955839
795.0,34.0,34.49737853173689,1.0,NORMAL,CENTAUR,146812.91627411562
796.0,34.0,-13.929741948675488,1.0,NORMAL,CENTAUR,146798.98653216695
797.0,34.0,35.96910572589341,1.0,NORMAL,CENTAUR,146834.95563789285
798.0,34.0,21.677400444770406,1.0,NORMAL,CENTAUR,146856.63303833763
799.0,34.0,-8.013692870777309,1.0,NORMAL,CENTAUR,146848.61934546687
800.0,34.0,517.4515751307315,1.0,NORMAL,CENTAUR,147366.0709205976
801.0,34.0,-23.584289801681464,1.0,NORMAL,CENTAUR,147342.4866307959
802.0,34.0,-35.94144637467702,1.0,NORMAL,CENTAUR,147306.54518442124
803.0,34.0,31.11297924330534,1.0,NORMAL,CENTAUR,147337.65816366454
804.0,34.0,50.489989403381024,1.0,NORMAL,CENTAUR,147388.14815306792
805.0,34.0,18.85003053587483,1.0,NORMAL,CENTAUR,147406.99818360378
806.0,34.0,51.70853769766408,1.0,NORMAL,CENTAUR,147458.70672130145
807.0,34.0,574.5990610802686,1.0,NORMAL,CENTAUR,148033.3057823817
808.0,34.0,569.0105543554164,1.0,NORMAL,CENTAUR,148602.31633673713
809.0,34.0,36.612981152346876,1.0,NORMAL,CENTAUR,148638.92931788947
810.0,34.0,-43.53977383259074,1.0,NORMAL,CENTAUR,148595.38954405687
811.0,34.0,509.0644439466967,1.0,NORMAL,CENTAUR,149104.45398800357
812.0,34.0,60.71211041671906,1.0,NORMAL,CENTAUR,149165.1660984203
813.0,34.0,0.0,1.0,NORMAL,CENTAUR,149165.1660984203
814.0,34.0,0.0,1.0,NORMAL,CENTAUR,149165.1660984203
815.0,34.0,0.0,1.0,NORMAL,CENTAUR,149165.1660984203
816.0,35.0,526.5322,1.0,NORMAL,CENTAUR,149691.6982984203
817.0,35.0,18.95410368853508,1.0,NORMAL,CENTAUR,149710.65240210883
818.0,35.0,1038.8483419187976,1.0,NORMAL,CENTAUR,150749.5007440276
819.0,35.0,2.429918571786016,1.0,NORMAL,CENTAUR,150751.9306625994
820.0,35.0,4.217788918455259,1.0,NORMAL,CENTAUR,150756.14845151786
821.0,35.0,509.42192086395494,1.0,NORMAL,CENTAUR,151265.5703723818
822.0,35.0,3.93869794899324,1.0,NORMAL,CENTAUR,151269.5090703308
823.0,35.0,512.1817761916132,1.0,NORMAL,CENTAUR,151781.6908465224
824.0,35.0,11.968080375111755,1.0,NORMAL,CENTAUR,151793.6589268975
825.0,35.0,11.360809780831266,1.0,NORMAL,CENTAUR,151805.01973667834
826.0,35.0,510.29972924747597,1.0,NORMAL,CENTAUR,152315.31946592583
827.0,35.0,11.198611424987556,1.0,NORMAL,CENTAUR,152326.5180773508
828.0,35.0,509.0020181380227,1.0,NORMAL,CENTAUR,152835.5200954888
829.0,35.0,8.665301005466448,1.0,NORMAL,CENTAUR,152844.1853964943
830.0,35.0,8.627853894141367,1.0,NORMAL,CENTAUR,152852.81325038843
831.0,35.0,16.036347915008722,1.0,NORMAL,CENTAUR,152868.84959830344
832.0,35.0,20.634621955712028,1.0,NORMAL,CENTAUR,152889.48422025915
833.0,35.0,11.972150791991254,1.0,NORMAL,CENTAUR,152901.45637105114
834.0,35.0,15.210244931811605,1.0,NORMAL,CENTAUR,152916.66661598295
835.0,35.0,25.629102842208255,1.0,NORMAL,CENTAUR,152942.29571882516
836.0,35.0,540.6695187739416,1.0,NORMAL,CENTAUR,153482.9652375991
837.0,35.0,526.7661707550261,1.0,NORMAL,CENTAUR,154009.73140835413
838.0,35.0,39.34239272960054,1.0,NORMAL,CENTAUR,154049.07380108372
839.0,35.0,538.1061196354578,1.0,NORMAL,CENTAUR,154587.17992071918
840.0,36.0,0.0,1.0,NORMAL,CENTAUR,154587.17992071918
841.0,36.0,0.0,1.0,NORMAL,CENTAUR,154587.17992071918
842.0,36.0,0.0,1.0,NORMAL,CENTAUR,154587.17992071918
843.0,36.0,0.009331484530668264,1.0,NORMAL,CENTAUR,154587.1892522037
844.0,36.0,929.8543627652765,1.0,NORMAL,CENTAUR,155517.04361496898
845.0,36.0,424.55926774006275,1.0,NORMAL,CENTAUR,155941.60288270903
846.0,36.0,-66.1643747990291,1.0,NORMAL,CENTAUR,155875.43850791
847.0,36.0,-60.88395514048253,1.0,NORMAL,CENTAUR,155814.55455276952
848.0,36.0,573.4810072139232,1.0,NORMAL,CENTAUR,156388.03555998346
849.0,36.0,377.8277649315024,1.0,NORMAL,CENTAUR,156765.86332491497
850.0,36.0,-436.6536998033998,1.0,NORMAL,CENTAUR,156329.20962511157
851.0,36.0,-221.36970974486002,1.0,NORMAL,CENTAUR,156107.83991536673
852.0,36.0,-39.6978899946062,1.0,NORMAL,CENTAUR,156068.14202537213
853.0,36.0,0.0,1.0,NORMAL,CENTAUR,156068.14202537213
854.0,36.0,0.0,1.0,NORMAL,CENTAUR,156068.14202537213
855.0,36.0,0.0,1.0,NORMAL,CENTAUR,156068.14202537213
856.0,36.0,0.0,1.0,NORMAL,CENTAUR,156068.14202537213
857.0,36.0,0.0,1.0,NORMAL,CENTAUR,156068.14202537213
858.0,36.0,0.0,1.0,NORMAL,CENTAUR,156068.14202537213
859.0,36.0,0.0,1.0,NORMAL,CENTAUR,156068.14202537213
860.0,36.0,0.0,1.0,NORMAL,CENTAUR,156068.14202537213
861.0,36.0,0.0,1.0,NORMAL,CENTAUR,156068.14202537213
862.0,36.0,0.0,1.0,NORMAL,CENTAUR,156068.14202537213
863.0,36.0,0.0,1.0,NORMAL,CENTAUR,156068.14202537213
864.0,37.0,30.65016,1.0,NORMAL,CENTAUR,156098.79218537212
865.0,37.0,543.9487732976652,1.0,NORMAL,CENTAUR,156642.74095866978
866.0,37.0,40.79084580720017,1.0,NORMAL,CENTAUR,156683.53180447698
867.0,37.0,31.54051102850404,1.0,NORMAL,CENTAUR,156715.07231550547
868.0,37.0,36.69267329288135,1.0,NORMAL,CENTAUR,156751.76498879836
869.0,37.0,532.0340382879898,1.0,NORMAL,CENTAUR,157283.79902708635
870.0,37.0,33.3554620714818,1.0,NORMAL,CENTAUR,157317.15448915784
871.0,37.0,12.408397787965406,1.0,NORMAL,CENTAUR,157329.56288694582
872.0,37.0,24.05213515545686,1.0,NORMAL,CENTAUR,157353.61502210126
873.0,37.0,33.28237231567469,1.0,NORMAL,CENTAUR,157386.89739441694
874.0,37.0,24.894353659563507,1.0,NORMAL,CENTAUR,157411.7917480765
875.0,37.0,23.845382272267646,1.0,NORMAL,CENTAUR,157435.63713034877
876.0,37.0,13.257682964558084,1.0,NORMAL,CENTAUR,157448.89481331332
877.0,37.0,8.62231700545686,1.0,NORMAL,CENTAUR,157457.51713031877
878.0,37.0,14.77377694208541,1.0,NORMAL,CENTAUR,157472.29090726085
879.0,37.0,19.231706221874404,1.0,NORMAL,CENTAUR,157491.52261348272
880.0,37.0,12.632097328530882,1.0,NORMAL,CENTAUR,157504.15471081124
881.0,37.0,18.572943043636826,1.0,NORMAL,CENTAUR,157522.72765385488
882.0,37.0,14.2624801235983,1.0,NORMAL,CENTAUR,157536.99013397848
883.0,37.0,1018.869581194711,1.0,NORMAL,CENTAUR,158555.8597151732
884.0,37.0,1028.1901760296844,1.0,NORMAL,CENTAUR,159584.04989120289
885.0,37.0,23.154156845473544,1.0,NORMAL,CENTAUR,159607.20404804836
886.0,37.0,34.54999486914505,1.0,NORMAL,CENTAUR,159641.7540429175
887.0,37.0,39.0953196860625,1.0,NORMAL,CENTAUR,159680.84936260356
